ply
format ascii 1.0
element vertex 7520
property float x
property float y
property float z
property uchar red
property uchar green
property uchar blue
element face 1707
property list uchar int vertex_indices
end_header
-0.052444 -0.493799 0.404784 0 255 0
0.038979 -0.521657 0.536199 0 255 0
0.034765 -0.507914 0.547237 0 255 0
-0.018795 -0.557921 0.548161 0 255 0
0.016710 -0.480062 0.556076 0 255 0
-0.025586 -0.586052 0.590716 0 255 0
-0.122713 -0.464913 0.494471 0 255 0
-0.054708 -0.508651 0.472902 0 255 0
-0.066498 -0.428807 0.517475 0 255 0
-0.126336 -0.475907 0.527191 0 255 0
-0.084269 -0.515465 0.587728 0 255 0
-0.094408 -0.502382 0.578108 0 255 0
0.008913 -0.560785 0.483286 0 255 0
-0.061568 -0.519421 0.445932 0 255 0
0.015342 -0.450259 0.432602 0 255 0
-0.194458 -0.474836 0.524254 0 255 0
0.009801 -0.449462 0.475000 0 255 0
0.001162 -0.500061 0.584178 0 255 0
0.010044 -0.362615 0.485817 0 255 0
0.020948 -0.472350 0.474368 0 255 0
0.032155 -0.456992 0.502716 0 255 0
0.003796 -0.505835 0.507908 0 255 0
0.112957 -0.484290 0.470907 0 255 0
0.001567 -0.473209 0.494172 0 255 0
-0.025156 -0.369563 0.466586 0 255 0
0.021330 -0.397096 0.505031 0 255 0
-0.068846 -0.364727 0.499731 0 255 0
0.024402 -0.476238 0.464604 0 255 0
0.027104 -0.472879 0.533384 0 255 0
0.054121 -0.469476 0.511301 0 255 0
0.068597 -0.388516 0.579190 0 255 0
0.100840 -0.474218 0.515049 0 255 0
-0.004972 -0.471670 0.598249 0 255 0
0.061927 -0.443272 0.553173 0 255 0
-0.077262 -0.498628 0.508978 0 255 0
0.005175 -0.451391 0.465001 0 255 0
-0.095836 -0.340571 0.528224 0 255 0
0.064680 -0.429046 0.646839 0 255 0
0.104323 -0.377548 0.588854 0 255 0
-0.029165 -0.406159 0.502843 0 255 0
0.034471 -0.396908 0.524921 0 255 0
-0.014880 -0.409589 0.573376 0 255 0
0.004346 -0.499424 0.546429 0 255 0
-0.018971 -0.422821 0.487175 0 255 0
-0.020799 -0.521341 0.512541 0 255 0
-0.038702 -0.388512 0.508071 0 255 0
-0.006510 -0.376778 0.534335 0 255 0
0.004421 -0.393837 0.569606 0 255 0
-0.013619 -0.406626 0.456997 0 255 0
-0.038067 -0.430299 0.609438 0 255 0
-0.045265 -0.437779 0.545434 0 255 0
-0.044544 -0.467207 0.574601 0 255 0
-0.063060 -0.519993 0.597793 0 255 0
0.122330 -0.404693 0.476971 0 255 0
0.005682 -0.345533 0.470091 0 255 0
-0.072551 -0.352146 0.464031 0 255 0
-0.035072 -0.456769 0.596144 0 255 0
0.020555 -0.402927 0.565564 0 255 0
-0.003589 -0.326873 0.545438 0 255 0
-0.006708 -0.468183 0.452976 0 255 0
-0.026283 -0.349438 0.453282 0 255 0
-0.061835 -0.496312 0.501287 0 255 0
0.024359 -0.453514 0.563705 0 255 0
-0.006597 -0.402649 0.563552 0 255 0
-0.018809 -0.448902 0.509355 0 255 0
0.031516 -0.443783 0.564442 0 255 0
0.014695 -0.471342 0.571193 0 255 0
0.073439 -0.340092 0.559648 0 255 0
0.003064 -0.426727 0.598559 0 255 0
-0.032802 -0.353446 0.456093 0 255 0
-0.034297 -0.390838 0.554693 0 255 0
-0.086843 -0.481279 0.493725 0 255 0
-0.011646 -0.379565 0.488307 0 255 0
0.081964 -0.351114 0.528297 0 255 0
0.045924 -0.351752 0.558354 0 255 0
-0.023243 -0.406262 0.498459 0 255 0
0.015468 -0.385533 0.480226 0 255 0
0.014083 -0.462174 0.441255 0 255 0
-0.004632 -0.382122 0.500323 0 255 0
-0.023725 -0.366179 0.468121 0 255 0
-0.012047 -0.435716 0.636751 0 255 0
0.039689 -0.434460 0.453954 0 255 0
0.000976 -0.360481 0.519924 0 255 0
-0.012082 -0.459247 0.487420 0 255 0
-0.027745 -0.378870 0.531172 0 255 0
0.041546 -0.411558 0.413715 0 255 0
-0.013380 -0.404345 0.613983 0 255 0
-0.006282 -0.428881 0.578403 0 255 0
-0.012458 -0.343119 0.596035 0 255 0
-0.050604 -0.365123 0.519065 0 255 0
0.079657 -0.413180 0.577509 0 255 0
0.057571 -0.427366 0.596163 0 255 0
0.023281 -0.446471 0.433441 0 255 0
0.096468 -0.403371 0.565589 0 255 0
-0.035587 -0.336179 0.554543 0 255 0
0.073690 -0.464432 0.451246 0 255 0
-0.048748 -0.387815 0.530399 0 255 0
-0.062078 -0.346517 0.553222 0 255 0
-0.110110 -0.309497 0.530063 0 255 0
-0.032249 -0.341726 0.471975 0 255 0
-0.012717 -0.474998 0.632176 0 255 0
-0.023188 -0.436205 0.590823 0 255 0
0.005899 -0.380183 0.541001 0 255 0
0.078025 -0.412952 0.535045 0 255 0
-0.046067 -0.319353 0.554942 0 255 0
0.055343 -0.492157 0.554779 0 255 0
-0.140500 -0.377937 0.502427 0 255 0
0.013773 -0.527449 0.589148 0 255 0
-0.095225 -0.461767 0.504243 0 255 0
-0.012840 -0.495509 0.489917 0 255 0
-0.035901 -0.459020 0.476243 0 255 0
-0.018690 -0.536566 0.541614 0 255 0
-0.041079 -0.416316 0.470311 0 255 0
-0.037446 -0.476170 0.679597 0 255 0
-0.048894 -0.496779 0.465919 0 255 0
0.109158 -0.464362 0.446178 0 255 0
0.077938 -0.419893 0.519689 0 255 0
-0.112849 -0.553238 0.429411 0 255 0
-0.014543 -0.532938 0.556138 0 255 0
-0.044564 -0.519578 0.591081 0 255 0
-0.009608 -0.557525 0.531182 0 255 0
-0.006158 -0.374516 0.570982 0 255 0
0.105466 -0.519705 0.558761 0 255 0
-0.011150 -0.472096 0.488155 0 255 0
-0.138121 -0.450518 0.509287 0 255 0
0.013260 -0.500853 0.447429 0 255 0
-0.037538 -0.444259 0.462614 0 255 0
-0.027061 -0.468117 0.530079 0 255 0
-0.093563 -0.527094 0.427983 0 255 0
0.053982 -0.495947 0.559653 0 255 0
0.002904 -0.397926 0.526080 0 255 0
-0.126157 -0.560902 0.395604 0 255 0
-0.013655 -0.509545 0.445475 0 255 0
-0.060084 -0.499228 0.433999 0 255 0
-0.072077 -0.515517 0.614557 0 255 0
-0.028678 -0.459243 0.585575 0 255 0
0.052632 -0.446641 0.528677 0 255 0
-0.094062 -0.437072 0.504138 0 255 0
0.044944 -0.434488 0.591142 0 255 0
-0.072494 -0.370100 0.523943 0 255 0
-0.005719 -0.404283 0.519552 0 255 0
-0.033969 -0.334019 0.556710 0 255 0
-0.006723 -0.447316 0.429225 0 255 0
-0.060524 -0.362236 0.592072 0 255 0
-0.032740 -0.404742 0.553720 0 255 0
-0.029479 -0.364312 0.468732 0 255 0
-0.050157 -0.389344 0.558149 0 255 0
-0.147147 -0.479519 0.575478 0 255 0
-0.149859 -0.487004 0.499824 0 255 0
-0.007980 -0.498790 0.428059 0 255 0
-0.093162 -0.436300 0.532459 0 255 0
-0.049130 -0.329110 0.409731 0 255 0
-0.038033 -0.313711 0.495494 0 255 0
-0.071420 -0.407530 0.479727 0 255 0
-0.073567 -0.374398 0.464544 0 255 0
0.007152 -0.558463 0.489137 0 255 0
-0.059776 -0.511788 0.561224 0 255 0
0.027320 -0.489738 0.467872 0 255 0
-0.122824 -0.574497 0.490458 0 255 0
-0.068760 -0.545740 0.559163 0 255 0
-0.119185 -0.547624 0.579810 0 255 0
-0.180909 -0.593996 0.532632 0 255 0
-0.082546 -0.575855 0.451060 0 255 0
-0.027470 -0.488129 0.487849 0 255 0
-0.101707 -0.583299 0.544133 0 255 0
0.035023 -0.566562 0.436658 0 255 0
-0.074373 -0.562232 0.528087 0 255 0
-0.118505 -0.529810 0.491567 0 255 0
-0.100277 -0.517190 0.493378 0 255 0
-0.077485 -0.545401 0.494344 0 255 0
-0.127815 -0.566719 0.432326 0 255 0
-0.127465 -0.582643 0.438367 0 255 0
-0.143500 -0.396013 0.570177 0 255 0
-0.057412 -0.428820 0.466560 0 255 0
-0.034489 -0.409456 0.452253 0 255 0
-0.176186 -0.462987 0.402789 0 255 0
-0.187735 -0.561368 0.416033 0 255 0
-0.096842 -0.494904 0.409126 0 255 0
-0.104165 -0.535098 0.391247 0 255 0
-0.007579 -0.504853 0.399131 0 255 0
-0.153915 -0.512071 0.437701 0 255 0
-0.091991 -0.507119 0.477275 0 255 0
-0.177502 -0.552299 0.396695 0 255 0
-0.237866 -0.566598 0.442660 0 255 0
-0.115245 -0.376309 0.508228 0 255 0
-0.200444 -0.377177 0.447565 0 255 0
-0.123361 -0.317986 0.423315 0 255 0
-0.055548 -0.358794 0.450193 0 255 0
-0.077715 -0.621166 0.560261 0 255 0
-0.028376 -0.561665 0.624772 0 255 0
-0.083748 -0.491627 0.461656 0 255 0
-0.050990 -0.514725 0.504420 0 255 0
-0.053049 -0.566856 0.451516 0 255 0
-0.076614 -0.606321 0.476198 0 255 0
-0.039902 -0.522923 0.462372 0 255 0
-0.091908 -0.563839 0.509738 0 255 0
-0.107142 -0.553160 0.387532 0 255 0
-0.122366 -0.491323 0.470486 0 255 0
-0.103555 -0.491420 0.454401 0 255 0
-0.148247 -0.558449 0.345208 0 255 0
-0.136961 -0.418755 0.485890 0 255 0
-0.113098 -0.387617 0.471830 0 255 0
-0.109400 -0.457786 0.411008 0 255 0
-0.116719 -0.477773 0.444387 0 255 0
-0.138081 -0.335975 0.449115 0 255 0
-0.113467 -0.416782 0.458783 0 255 0
-0.125785 -0.395600 0.531031 0 255 0
-0.181567 -0.340288 0.468331 0 255 0
-0.087003 -0.385349 0.495162 0 255 0
-0.068016 -0.400208 0.402965 0 255 0
-0.136980 -0.390572 0.496911 0 255 0
-0.126645 -0.346646 0.373148 0 255 0
-0.153386 -0.402298 0.431010 0 255 0
-0.066724 -0.373496 0.411954 0 255 0
0.004312 -0.411100 0.534905 0 255 0
-0.055599 -0.291721 0.505256 0 255 0
-0.133184 -0.283866 0.564369 0 255 0
-0.098630 -0.340829 0.495048 0 255 0
-0.098318 -0.253750 0.411981 0 255 0
-0.136271 -0.284512 0.436361 0 255 0
-0.017319 -0.459505 0.497468 0 255 0
-0.091767 -0.365946 0.541156 0 255 0
-0.143871 -0.354941 0.380404 0 255 0
-0.127080 -0.427322 0.359925 0 255 0
-0.132321 -0.431911 0.593981 0 255 0
-0.150500 -0.414673 0.411232 0 255 0
-0.134739 -0.319982 0.455113 0 255 0
0.086353 -0.406245 0.653821 0 255 0
0.034739 -0.497282 0.485263 0 255 0
-0.002929 -0.468518 0.556012 0 255 0
-0.049467 -0.512654 0.464168 0 255 0
0.045338 -0.471296 0.579742 0 255 0
0.057066 -0.415161 0.493075 0 255 0
0.112900 -0.490451 0.467175 0 255 0
0.058108 -0.566839 0.441803 0 255 0
-0.005401 -0.435710 0.457670 0 255 0
-0.057834 -0.383955 0.601165 0 255 0
-0.082735 -0.462596 0.506073 0 255 0
0.062867 -0.519473 0.580198 0 255 0
0.052250 -0.476516 0.570329 0 255 0
-0.001553 -0.585116 0.549289 0 255 0
-0.021895 -0.456572 0.483258 0 255 0
-0.051201 -0.399919 0.540949 0 255 0
-0.003302 -0.354125 0.603686 0 255 0
-0.003251 -0.478813 0.604702 0 255 0
-0.162592 -0.510417 0.537334 0 255 0
-0.060638 -0.546293 0.600089 0 255 0
-0.075822 -0.581669 0.444629 0 255 0
-0.027547 -0.540226 0.450072 0 255 0
-0.098321 -0.517865 0.473433 0 255 0
-0.025765 -0.522860 0.416935 0 255 0
-0.181232 -0.583561 0.406019 0 255 0
-0.133984 -0.580693 0.366335 0 255 0
-0.119026 -0.558208 0.322826 0 255 0
-0.102146 -0.552143 0.306511 0 255 0
-0.097905 -0.421226 0.420974 0 255 0
-0.143032 -0.364240 0.433054 0 255 0
-0.147359 -0.358378 0.483160 0 255 0
-0.024676 -0.543306 0.478525 0 255 0
-0.019402 -0.542670 0.534839 0 255 0
-0.116318 -0.440727 0.541092 0 255 0
-0.077506 -0.419491 0.540801 0 255 0
-0.042815 -0.454754 0.527131 0 255 0
-0.001912 -0.473495 0.487634 0 255 0
0.000973 -0.445999 0.615738 0 255 0
-0.088650 -0.478989 0.493804 0 255 0
-0.011179 -0.418906 0.518803 0 255 0
-0.040656 -0.464725 0.516737 0 255 0
-0.102942 -0.391695 0.522147 0 255 0
-0.094811 -0.541278 0.517361 0 255 0
-0.076805 -0.556749 0.522558 0 255 0
-0.182625 -0.499129 0.483746 0 255 0
-0.161493 -0.437593 0.374118 0 255 0
-0.074820 -0.545781 0.468905 0 255 0
-0.090672 -0.624134 0.445438 0 255 0
-0.082518 -0.393110 0.570270 0 255 0
-0.003664 -0.428410 0.512935 0 255 0
-0.015724 -0.441886 0.437782 0 255 0
-0.006076 -0.466801 0.492809 0 255 0
-0.090347 -0.337910 0.548300 0 255 0
0.027796 -0.380577 0.498408 0 255 0
0.074007 -0.446432 0.535013 0 255 0
-0.043367 -0.343570 0.514681 0 255 0
-0.035529 -0.400909 0.553052 0 255 0
0.023924 -0.360852 0.557210 0 255 0
-0.125737 -0.443624 0.373084 0 255 0
-0.027680 -0.305785 0.530782 0 255 0
0.007385 -0.383002 0.458394 0 255 0
0.009518 -0.429580 0.578767 0 255 0
0.034193 -0.470919 0.520461 0 255 0
-0.033965 -0.428288 0.500719 0 255 0
0.076945 -0.408163 0.569373 0 255 0
0.051098 -0.378046 0.540322 0 255 0
-0.006328 -0.402384 0.495923 0 255 0
0.141987 -0.383010 0.474447 0 255 0
-0.007089 -0.407921 0.453415 0 255 0
-0.042673 -0.390645 0.528444 0 255 0
-0.015606 -0.366255 0.464056 0 255 0
-0.058583 -0.410390 0.508189 0 255 0
-0.055570 -0.364579 0.457410 0 255 0
-0.101390 -0.419991 0.264391 0 255 0
-0.089753 -0.349887 0.389892 0 255 0
-0.088098 -0.346668 0.410864 0 255 0
-0.087984 -0.366088 0.292557 0 255 0
-0.172565 -0.353059 0.314084 0 255 0
-0.161880 -0.394847 0.397164 0 255 0
-0.070297 -0.379785 0.522691 0 255 0
-0.075348 -0.368464 0.527882 0 255 0
0.014830 -0.340823 0.521655 0 255 0
0.014389 -0.307086 0.547254 0 255 0
-0.053484 -0.385242 0.543410 0 255 0
-0.039480 -0.422883 0.540303 0 255 0
-0.028471 -0.465005 0.481041 0 255 0
0.014489 -0.452500 0.583192 0 255 0
0.074751 -0.429649 0.526056 0 255 0
0.102025 -0.399862 0.538310 0 255 0
0.119237 -0.432784 0.497892 0 255 0
-0.011527 -0.412807 0.541932 0 255 0
0.054095 -0.428776 0.504922 0 255 0
0.081776 -0.424311 0.560339 0 255 0
0.027181 -0.417786 0.509197 0 255 0
0.041496 -0.455402 0.485632 0 255 0
0.036733 -0.474195 0.543082 0 255 0
0.084520 -0.537309 0.579254 0 255 0
0.013389 -0.410668 0.477601 0 255 0
-0.022654 -0.383395 0.606671 0 255 0
0.085299 -0.449743 0.541080 0 255 0
-0.011318 -0.447435 0.519176 0 255 0
0.047733 -0.427886 0.552014 0 255 0
-0.024688 -0.458627 0.443896 0 255 0
0.110746 -0.503381 0.403898 0 255 0
0.068171 -0.400658 0.519998 0 255 0
0.060421 -0.493914 0.508731 0 255 0
-0.007002 -0.466847 0.552917 0 255 0
-0.067917 -0.361618 0.467644 0 255 0
0.000795 -0.568341 0.527824 0 255 0
0.051218 -0.484560 0.434118 0 255 0
0.057257 -0.372415 0.486410 0 255 0
0.051698 -0.466301 0.476939 0 255 0
-0.006858 -0.488458 0.535627 0 255 0
0.018784 -0.573140 0.584493 0 255 0
0.028572 -0.480279 0.593161 0 255 0
-0.059331 -0.406094 0.504519 0 255 0
0.049840 -0.536653 0.493854 0 255 0
-0.036874 -0.522311 0.501672 0 255 0
0.037208 -0.420811 0.477762 0 255 0
-0.001069 -0.488293 0.503653 0 255 0
-0.009830 -0.460854 0.475048 0 255 0
0.032918 -0.455009 0.426062 0 255 0
0.036486 -0.500791 0.513461 0 255 0
0.001521 -0.502599 0.536704 0 255 0
0.036933 -0.483292 0.566872 0 255 0
-0.098312 -0.504774 0.548354 0 255 0
0.001358 -0.403410 0.551561 0 255 0
-0.001151 -0.469636 0.572314 0 255 0
-0.045003 -0.449980 0.477180 0 255 0
-0.015160 -0.416283 0.522437 0 255 0
-0.045036 -0.421221 0.497620 0 255 0
-0.089560 -0.510606 0.548940 0 255 0
0.075647 -0.441305 0.416134 0 255 0
-0.094449 -0.446679 0.470499 0 255 0
-0.023891 -0.425481 0.464654 0 255 0
-0.100495 -0.398608 0.453419 0 255 0
-0.028162 -0.435320 0.519649 0 255 0
-0.111836 -0.523739 0.562496 0 255 0
-0.125677 -0.385554 0.490315 0 255 0
-0.152912 -0.501743 0.573102 0 255 0
-0.047663 -0.436849 0.482561 0 255 0
-0.096821 -0.559862 0.531971 0 255 0
-0.115604 -0.491767 0.486407 0 255 0
-0.121028 -0.562888 0.576410 0 255 0
-0.015375 -0.558941 0.513742 0 255 0
-0.080209 -0.490488 0.535564 0 255 0
-0.136511 -0.530193 0.519121 0 255 0
-0.186803 -0.581946 0.369537 0 255 0
-0.114969 -0.551600 0.515375 0 255 0
-0.114780 -0.469234 0.543033 0 255 0
0.012496 -0.488616 0.466213 0 255 0
-0.049586 -0.435419 0.437691 0 255 0
-0.048288 -0.499060 0.569544 0 255 0
-0.076573 -0.528616 0.514706 0 255 0
-0.162103 -0.338771 0.521085 0 255 0
-0.108990 -0.435315 0.540508 0 255 0
-0.138557 -0.472231 0.465902 0 255 0
-0.096228 -0.467834 0.401498 0 255 0
0.003002 -0.447683 0.380860 0 255 0
-0.058355 -0.486920 0.391591 0 255 0
-0.152678 -0.472963 0.492852 0 255 0
-0.133715 -0.445318 0.496198 0 255 0
-0.103550 -0.477674 0.493425 0 255 0
-0.208735 -0.447068 0.450571 0 255 0
-0.095655 -0.428644 0.436981 0 255 0
-0.088118 -0.524690 0.602735 0 255 0
-0.067817 -0.477458 0.511934 0 255 0
-0.182680 -0.405773 0.326186 0 255 0
-0.085947 -0.465770 0.453222 0 255 0
-0.130157 -0.438601 0.473272 0 255 0
-0.167542 -0.431209 0.419777 0 255 0
-0.156947 -0.507943 0.528635 0 255 0
-0.102025 -0.422511 0.408172 0 255 0
-0.163161 -0.401213 0.398109 0 255 0
-0.061651 -0.376267 0.480542 0 255 0
-0.131020 -0.510172 0.427006 0 255 0
-0.117981 -0.432602 0.451860 0 255 0
-0.081275 -0.489713 0.518198 0 255 0
0.012560 -0.509415 0.509719 0 255 0
-0.041345 -0.505183 0.441268 0 255 0
-0.001668 -0.517531 0.479780 0 255 0
-0.008966 -0.407197 0.552862 0 255 0
0.035477 -0.494989 0.612196 0 255 0
0.043668 -0.440376 0.500579 0 255 0
-0.061177 -0.496698 0.461380 0 255 0
-0.000689 -0.642280 0.466899 0 255 0
-0.072056 -0.581589 0.401935 0 255 0
-0.106657 -0.738268 0.391210 0 255 0
0.034697 -0.376384 0.463225 0 255 0
0.000642 -0.342576 0.561070 0 255 0
-0.032842 -0.438589 0.590506 0 255 0
0.056902 -0.455276 0.529231 0 255 0
-0.049555 -0.501454 0.597859 0 255 0
0.074255 -0.449598 0.505751 0 255 0
-0.013396 -0.333194 0.494822 0 255 0
-0.122671 -0.465611 0.506346 0 255 0
-0.145360 -0.346214 0.410581 0 255 0
-0.179460 -0.338547 0.468593 0 255 0
-0.090657 -0.397544 0.463146 0 255 0
-0.154621 -0.348801 0.394700 0 255 0
0.026612 -0.433787 0.506283 0 255 0
-0.015889 -0.363296 0.453426 0 255 0
-0.045445 -0.441833 0.526647 0 255 0
-0.101494 -0.477077 0.472988 0 255 0
0.003054 -0.417496 0.478038 0 255 0
0.111825 -0.537092 0.466775 0 255 0
0.028534 -0.498708 0.516017 0 255 0
0.056416 -0.380107 0.516605 0 255 0
0.100848 -0.488415 0.504142 0 255 0
-0.123992 -0.570607 0.567111 0 255 0
0.013608 -0.525865 0.478588 0 255 0
-0.014009 -0.425735 0.590941 0 255 0
0.011063 -0.352169 0.553880 0 255 0
-0.041058 -0.378943 0.416677 0 255 0
-0.082647 -0.398783 0.474394 0 255 0
-0.064190 -0.352920 0.533778 0 255 0
0.007379 -0.398345 0.557889 0 255 0
0.060561 -0.564399 0.420665 0 255 0
-0.062998 -0.383678 0.395340 0 255 0
-0.109407 -0.480650 0.465765 0 255 0
-0.100028 -0.428612 0.449863 0 255 0
-0.116744 -0.475721 0.515028 0 255 0
-0.141323 -0.442508 0.505739 0 255 0
-0.078307 -0.508538 0.534761 0 255 0
-0.087918 -0.325184 0.502143 0 255 0
-0.098330 -0.281324 0.566181 0 255 0
-0.077644 -0.384480 0.382447 0 255 0
-0.066025 -0.455879 0.542032 0 255 0
0.015926 -0.392119 0.649968 0 255 0
-0.063490 -0.447594 0.442596 0 255 0
-0.075309 -0.522992 0.318798 0 255 0
-0.007163 -0.395853 0.400313 0 255 0
-0.004084 -0.432901 0.522211 0 255 0
-0.074747 -0.425338 0.402524 0 255 0
0.037402 -0.319872 0.496592 0 255 0
-0.038872 -0.438854 0.482198 0 255 0
-0.116971 -0.317338 0.338537 0 255 0
-0.125161 -0.329400 0.433277 0 255 0
-0.131627 -0.374897 0.518481 0 255 0
-0.093190 -0.479730 0.427528 0 255 0
-0.091615 -0.448989 0.454931 0 255 0
-0.084497 -0.458838 0.533576 0 255 0
-0.041914 -0.504841 0.464794 0 255 0
-0.174819 -0.401863 0.537142 0 255 0
-0.101681 -0.529834 0.539245 0 255 0
-0.092418 -0.444710 0.439807 0 255 0
-0.080650 -0.508524 0.470545 0 255 0
-0.111775 -0.487875 0.426598 0 255 0
-0.073943 -0.487653 0.428739 0 255 0
-0.143164 -0.497348 0.450456 0 255 0
-0.104455 -0.460505 0.502664 0 255 0
-0.089474 -0.537081 0.507212 0 255 0
-0.109610 -0.500594 0.421918 0 255 0
-0.032956 -0.444034 0.472027 0 255 0
0.021311 -0.414606 0.452233 0 255 0
-0.099282 -0.384451 0.515261 0 255 0
-0.075927 -0.432924 0.526091 0 255 0
-0.081679 -0.369615 0.581219 0 255 0
-0.081081 -0.472846 0.478377 0 255 0
-0.137867 -0.471131 0.465969 0 255 0
-0.095997 -0.527529 0.534836 0 255 0
-0.043502 -0.469394 0.431444 0 255 0
-0.078954 -0.411436 0.427469 0 255 0
-0.107132 -0.522342 0.488787 0 255 0
-0.028721 -0.525624 0.494358 0 255 0
-0.209447 -0.460614 0.427079 0 255 0
-0.165527 -0.443289 0.565285 0 255 0
-0.087563 -0.528900 0.455696 0 255 0
-0.084327 -0.486214 0.468600 0 255 0
-0.147296 -0.397688 0.526224 0 255 0
-0.102257 -0.398737 0.498910 0 255 0
-0.108767 -0.517172 0.463220 0 255 0
-0.142723 -0.443457 0.476523 0 255 0
-0.089420 -0.577162 0.447631 0 255 0
-0.124300 -0.420271 0.447703 0 255 0
-0.129651 -0.433100 0.409171 0 255 0
-0.113689 -0.462951 0.495740 0 255 0
-0.105811 -0.440519 0.564365 0 255 0
-0.140327 -0.362286 0.476804 0 255 0
-0.147713 -0.406848 0.566375 0 255 0
-0.099285 -0.393380 0.549933 0 255 0
-0.048712 -0.430887 0.452432 0 255 0
-0.173596 -0.441543 0.473208 0 255 0
-0.129272 -0.507330 0.493689 0 255 0
-0.098843 -0.428866 0.471979 0 255 0
-0.124495 -0.436606 0.518128 0 255 0
-0.071319 -0.472523 0.438777 0 255 0
-0.111592 -0.410004 0.482555 0 255 0
-0.090762 -0.326511 0.462375 0 255 0
-0.167744 -0.482692 0.431949 0 255 0
-0.121299 -0.540645 0.560858 0 255 0
-0.091140 -0.462897 0.357161 0 255 0
-0.070648 -0.446464 0.445052 0 255 0
-0.072304 -0.454840 0.519550 0 255 0
0.020037 -0.536692 0.481209 0 255 0
-0.065258 -0.527416 0.578660 0 255 0
-0.096631 -0.293849 0.454379 0 255 0
-0.193818 -0.472097 0.427157 0 255 0
-0.052111 -0.486817 0.554223 0 255 0
-0.030967 -0.381431 0.540623 0 255 0
-0.116665 -0.581712 0.372131 0 255 0
-0.153355 -0.356414 0.548888 0 255 0
-0.079277 -0.383031 0.512059 0 255 0
-0.077445 -0.535458 0.469309 0 255 0
-0.078796 -0.428324 0.474636 0 255 0
-0.153712 -0.463546 0.442401 0 255 0
-0.150981 -0.414405 0.474582 0 255 0
-0.091873 -0.455772 0.488704 0 255 0
-0.168289 -0.495319 0.512540 0 255 0
-0.068236 -0.443287 0.480082 0 255 0
-0.105547 -0.488711 0.544737 0 255 0
-0.085363 -0.466591 0.526663 0 255 0
-0.107412 -0.385881 0.420033 0 255 0
-0.136541 -0.470635 0.607896 0 255 0
-0.137945 -0.406085 0.428041 0 255 0
-0.176431 -0.440007 0.490548 0 255 0
-0.155138 -0.332057 0.437236 0 255 0
-0.184761 -0.532918 0.492075 0 255 0
-0.142815 -0.399668 0.527381 0 255 0
-0.050398 -0.561994 0.470604 0 255 0
-0.135643 -0.549485 0.446264 0 255 0
-0.148069 -0.430078 0.555505 0 255 0
-0.110752 -0.413186 0.514728 0 255 0
-0.144261 -0.418898 0.523442 0 255 0
-0.015362 -0.419024 0.413233 0 255 0
-0.097647 -0.489327 0.406597 0 255 0
-0.122753 -0.462093 0.511807 0 255 0
-0.132868 -0.392269 0.427651 0 255 0
-0.137134 -0.405153 0.508298 0 255 0
-0.141138 -0.400132 0.469527 0 255 0
-0.183717 -0.525809 0.441902 0 255 0
-0.004610 -0.479018 0.474335 0 255 0
-0.177597 -0.470452 0.478727 0 255 0
-0.010873 -0.481261 0.503621 0 255 0
-0.087839 -0.489611 0.491827 0 255 0
-0.104406 -0.501567 0.458594 0 255 0
-0.136056 -0.581764 0.494310 0 255 0
0.008572 -0.531637 0.489193 0 255 0
-0.175206 -0.439993 0.426356 0 255 0
-0.173826 -0.457135 0.484206 0 255 0
-0.117425 -0.438538 0.481581 0 255 0
0.005182 -0.477980 0.447313 0 255 0
-0.207931 -0.515570 0.423598 0 255 0
0.002935 -0.247016 0.530311 0 255 0
-0.095591 -0.312850 0.478106 0 255 0
-0.083096 -0.336436 0.541967 0 255 0
-0.096819 -0.275544 0.559672 0 255 0
-0.081071 -0.447768 0.560699 0 255 0
-0.137437 -0.500375 0.578574 0 255 0
-0.119536 -0.482723 0.502958 0 255 0
-0.172301 -0.514468 0.523121 0 255 0
-0.176824 -0.453520 0.398538 0 255 0
-0.121091 -0.473042 0.474415 0 255 0
-0.188940 -0.491188 0.530927 0 255 0
-0.094795 -0.506981 0.436265 0 255 0
-0.152604 -0.444436 0.491058 0 255 0
-0.048507 -0.548049 0.518237 0 255 0
-0.078858 -0.324425 0.489410 0 255 0
-0.122412 -0.301813 0.437845 0 255 0
-0.063447 -0.283665 0.527879 0 255 0
0.013324 -0.393588 0.494469 0 255 0
-0.188005 -0.301226 0.568334 0 255 0
-0.141179 -0.347366 0.491975 0 255 0
-0.137988 -0.312894 0.462616 0 255 0
-0.125038 -0.282190 0.571177 0 255 0
-0.159960 -0.271379 0.506313 0 255 0
-0.106817 -0.350376 0.616672 0 255 0
-0.210382 -0.186035 0.645415 0 255 0
-0.109806 -0.206779 0.586463 0 255 0
-0.091953 -0.147400 0.554593 0 255 0
-0.072124 -0.273859 0.558872 0 255 0
-0.126940 -0.160118 0.634316 0 255 0
-0.215188 -0.203051 0.590781 0 255 0
-0.137880 -0.102611 0.696157 0 255 0
-0.161107 -0.076021 0.655130 0 255 0
-0.146765 -0.327062 0.662468 0 255 0
-0.230165 -0.265883 0.485855 0 255 0
-0.213299 -0.303444 0.546793 0 255 0
-0.075278 -0.275506 0.518775 0 255 0
-0.174294 -0.384555 0.432809 0 255 0
-0.196637 -0.267571 0.438191 0 255 0
-0.149607 -0.331330 0.512513 0 255 0
-0.089124 -0.349046 0.453870 0 255 0
-0.174867 -0.122791 0.523319 0 255 0
-0.211536 -0.214164 0.500352 0 255 0
-0.117436 -0.091573 0.655567 0 255 0
-0.230320 -0.225248 0.575985 0 255 0
-0.097977 -0.039349 0.620459 0 255 0
-0.130191 -0.024506 0.604486 0 255 0
-0.217025 -0.106452 0.600721 0 255 0
-0.267189 0.031274 0.621968 0 255 0
-0.170712 -0.008567 0.559607 0 255 0
-0.300647 -0.065461 0.463567 0 255 0
-0.211643 0.042732 0.452623 0 255 0
-0.284798 -0.065542 0.572718 0 255 0
-0.156695 -0.361831 0.576410 0 255 0
-0.133884 -0.264340 0.521953 0 255 0
-0.174936 -0.183767 0.683422 0 255 0
-0.157302 -0.239197 0.578193 0 255 0
-0.149810 -0.481893 0.474786 0 255 0
-0.189006 -0.375349 0.542966 0 255 0
-0.207427 -0.457688 0.526091 0 255 0
-0.184882 -0.484626 0.513180 0 255 0
-0.321600 0.057069 0.613379 0 255 0
-0.199766 -0.022336 0.638226 0 255 0
-0.238147 0.165010 0.546062 0 255 0
-0.233905 0.070007 0.546118 0 255 0
-0.173322 -0.340803 0.578595 0 255 0
-0.253310 -0.352479 0.524711 0 255 0
-0.178048 -0.328040 0.462736 0 255 0
-0.154828 -0.413659 0.460284 0 255 0
-0.220294 -0.273074 0.525046 0 255 0
-0.194489 -0.270868 0.485813 0 255 0
-0.052835 -0.244418 0.572308 0 255 0
-0.188434 -0.185463 0.593071 0 255 0
-0.250839 -0.095473 0.498845 0 255 0
-0.143533 -0.171498 0.554102 0 255 0
-0.251924 -0.171322 0.482862 0 255 0
-0.134245 -0.030186 0.537584 0 255 0
-0.233938 -0.064232 0.599632 0 255 0
-0.190823 -0.081269 0.558224 0 255 0
-0.162882 -0.289278 0.570868 0 255 0
-0.142442 -0.326007 0.592615 0 255 0
-0.228704 -0.218645 0.631604 0 255 0
-0.160042 -0.303037 0.514380 0 255 0
-0.227694 -0.130615 0.568447 0 255 0
-0.167357 -0.077480 0.727804 0 255 0
-0.155909 -0.025105 0.673440 0 255 0
-0.234763 -0.037950 0.545876 0 255 0
-0.167539 0.032965 0.602407 0 255 0
-0.222181 -0.004853 0.562183 0 255 0
-0.161364 -0.128141 0.638783 0 255 0
-0.206041 -0.050918 0.688359 0 255 0
-0.132472 -0.117355 0.621544 0 255 0
-0.070372 -0.166546 0.635948 0 255 0
-0.152501 0.079396 0.539334 0 255 0
-0.198510 0.193095 0.615618 0 255 0
-0.266979 0.039312 0.564516 0 255 0
-0.137210 0.179697 0.643871 0 255 0
-0.100975 -0.327265 0.637147 0 255 0
-0.149973 -0.239731 0.615328 0 255 0
-0.224949 -0.138708 0.550925 0 255 0
-0.208891 -0.205806 0.681686 0 255 0
-0.191763 -0.057441 0.540180 0 255 0
-0.174774 -0.159913 0.685582 0 255 0
-0.130320 -0.158042 0.493610 0 255 0
-0.093312 -0.236605 0.629572 0 255 0
-0.205017 -0.289126 0.557842 0 255 0
-0.157802 -0.206208 0.556508 0 255 0
-0.268595 0.023979 0.600677 0 255 0
-0.212378 0.038734 0.585184 0 255 0
-0.207046 0.150928 0.564789 0 255 0
-0.139590 0.047883 0.579328 0 255 0
-0.225021 -0.298459 0.579749 0 255 0
-0.258633 -0.312219 0.513065 0 255 0
-0.304761 -0.351344 0.530836 0 255 0
-0.203020 -0.307566 0.480394 0 255 0
-0.108980 -0.088047 0.696049 0 255 0
-0.118353 -0.104943 0.630674 0 255 0
-0.175487 -0.202703 0.615354 0 255 0
-0.071258 -0.159819 0.652023 0 255 0
-0.215761 -0.112625 0.605383 0 255 0
-0.225972 -0.127794 0.514230 0 255 0
-0.168234 -0.093708 0.540948 0 255 0
0.003663 -0.106691 0.572775 0 255 0
-0.235906 -0.083183 0.628252 0 255 0
-0.076223 -0.257905 0.595302 0 255 0
-0.092862 -0.224157 0.557176 0 255 0
-0.184099 -0.256915 0.446879 0 255 0
-0.147442 -0.244994 0.541239 0 255 0
-0.103458 -0.335486 0.535194 0 255 0
-0.113074 -0.208533 0.536983 0 255 0
-0.029542 -0.279947 0.417786 0 255 0
-0.094131 -0.277240 0.520583 0 255 0
-0.171224 -0.286747 0.579449 0 255 0
-0.068809 -0.353804 0.383196 0 255 0
-0.131774 -0.240870 0.558079 0 255 0
-0.179977 -0.195869 0.473316 0 255 0
-0.204360 0.052485 0.673407 0 255 0
-0.150577 -0.308780 0.389523 0 255 0
-0.269984 -0.284904 0.467238 0 255 0
-0.233671 -0.176431 0.503181 0 255 0
-0.086355 -0.244551 0.464067 0 255 0
-0.207404 -0.377823 0.420128 0 255 0
-0.237969 -0.350263 0.412234 0 255 0
-0.140275 -0.334695 0.532556 0 255 0
-0.257026 -0.229334 0.413084 0 255 0
-0.248915 -0.202489 0.390240 0 255 0
-0.333401 -0.276483 0.476748 0 255 0
-0.252790 -0.314139 0.498920 0 255 0
-0.281419 -0.352317 0.531026 0 255 0
-0.261135 -0.206072 0.463883 0 255 0
-0.275400 -0.327105 0.531414 0 255 0
-0.259852 0.164284 0.494910 0 255 0
-0.183421 0.023063 0.541561 0 255 0
-0.177543 -0.105840 0.433868 0 255 0
-0.196645 -0.058165 0.439466 0 255 0
-0.237370 -0.115991 0.538959 0 255 0
-0.294486 -0.062748 0.431642 0 255 0
-0.111651 -0.242826 0.361091 0 255 0
0.037197 -0.194542 0.381612 0 255 0
-0.126454 -0.163960 0.434115 0 255 0
-0.106453 -0.203088 0.410082 0 255 0
-0.199981 -0.264138 0.416871 0 255 0
-0.193793 -0.185964 0.409198 0 255 0
-0.212721 -0.208326 0.402730 0 255 0
-0.109809 -0.262169 0.449538 0 255 0
-0.149558 -0.130914 0.382873 0 255 0
-0.153334 -0.155019 0.316789 0 255 0
-0.250495 -0.089841 0.514991 0 255 0
-0.226738 -0.202239 0.456515 0 255 0
-0.289139 -0.162640 0.517502 0 255 0
-0.177094 -0.167528 0.499048 0 255 0
-0.219768 -0.274499 0.512175 0 255 0
-0.284000 -0.129940 0.666734 0 255 0
-0.138209 -0.345107 0.546831 0 255 0
-0.149369 -0.210262 0.437875 0 255 0
-0.107362 -0.366656 0.402418 0 255 0
-0.185095 -0.239792 0.402686 0 255 0
-0.121539 -0.323193 0.401158 0 255 0
-0.062298 -0.272823 0.412747 0 255 0
-0.134213 -0.343962 0.378583 0 255 0
-0.175027 -0.204692 0.381550 0 255 0
-0.097155 -0.063658 0.465696 0 255 0
-0.103326 -0.151401 0.377208 0 255 0
-0.127210 -0.138826 0.344892 0 255 0
-0.300394 -0.253004 0.501756 0 255 0
-0.299153 -0.213825 0.478106 0 255 0
-0.208171 -0.300512 0.551051 0 255 0
-0.189080 -0.220498 0.465204 0 255 0
-0.231272 -0.197742 0.498703 0 255 0
-0.277595 -0.177165 0.554018 0 255 0
-0.252549 -0.251841 0.523856 0 255 0
-0.189311 -0.159848 0.591708 0 255 0
-0.171758 -0.206238 0.498613 0 255 0
-0.188351 -0.169693 0.456546 0 255 0
-0.231674 -0.088484 0.554083 0 255 0
-0.274883 -0.031193 0.547444 0 255 0
-0.170600 -0.070128 0.438418 0 255 0
-0.183276 -0.077733 0.488767 0 255 0
-0.141759 -0.008632 0.397654 0 255 0
-0.177761 -0.043859 0.369707 0 255 0
-0.207584 -0.303099 0.501446 0 255 0
-0.194119 -0.376688 0.535945 0 255 0
-0.186092 -0.367444 0.420166 0 255 0
-0.259452 -0.375124 0.571209 0 255 0
-0.173576 -0.303120 0.540584 0 255 0
-0.200656 -0.377324 0.581511 0 255 0
-0.218965 -0.356955 0.505781 0 255 0
-0.252397 -0.338376 0.469460 0 255 0
-0.298049 -0.425794 0.502138 0 255 0
0.001883 -0.406705 0.562110 0 255 0
-0.097246 -0.413089 0.546427 0 255 0
-0.202367 -0.362290 0.559678 0 255 0
-0.181521 -0.303116 0.336446 0 255 0
-0.054329 -0.316668 0.490141 0 255 0
-0.169055 -0.318977 0.481251 0 255 0
-0.194238 -0.389030 0.469741 0 255 0
-0.257533 -0.333033 0.624040 0 255 0
-0.229718 -0.392097 0.596592 0 255 0
-0.197970 -0.440422 0.527711 0 255 0
-0.116100 -0.486125 0.543888 0 255 0
-0.230406 -0.479187 0.534268 0 255 0
-0.242929 -0.417565 0.538475 0 255 0
-0.223626 -0.386087 0.567855 0 255 0
-0.099995 -0.480634 0.509388 0 255 0
-0.223469 -0.516272 0.510735 0 255 0
-0.315178 -0.139507 0.522459 0 255 0
-0.202945 -0.031987 0.411562 0 255 0
-0.181240 -0.020086 0.421079 0 255 0
-0.148848 0.068624 0.457032 0 255 0
-0.159746 -0.035650 0.409183 0 255 0
-0.259265 0.130283 0.526009 0 255 0
-0.130555 0.136727 0.540457 0 255 0
-0.207624 -0.005197 0.460352 0 255 0
-0.197089 -0.034324 0.518851 0 255 0
-0.179381 -0.308381 0.509357 0 255 0
-0.124382 -0.283038 0.493984 0 255 0
-0.152721 -0.193556 0.336622 0 255 0
-0.153610 -0.392189 0.430897 0 255 0
-0.242091 0.217125 0.516282 0 255 0
-0.275678 0.096464 0.544185 0 255 0
-0.222798 0.234912 0.487142 0 255 0
-0.260269 0.231425 0.531610 0 255 0
-0.188890 -0.304183 0.432001 0 255 0
-0.147490 -0.304335 0.353026 0 255 0
-0.156082 -0.382542 0.420299 0 255 0
-0.160595 -0.250156 0.400921 0 255 0
-0.327329 0.146664 0.495104 0 255 0
-0.179121 0.087820 0.571657 0 255 0
-0.164898 -0.273810 0.480469 0 255 0
-0.150060 -0.265144 0.520940 0 255 0
-0.159472 -0.285658 0.547040 0 255 0
-0.087026 -0.314820 0.494427 0 255 0
-0.098364 -0.298914 0.499300 0 255 0
-0.221987 0.180303 0.482674 0 255 0
-0.254313 0.180675 0.478440 0 255 0
-0.092345 -0.278311 0.426663 0 255 0
0.018709 -0.343809 0.430646 0 255 0
-0.168563 -0.221042 0.451455 0 255 0
-0.200275 -0.261362 0.394368 0 255 0
-0.077277 -0.356797 0.391514 0 255 0
-0.096078 -0.367971 0.348797 0 255 0
-0.228866 0.108259 0.547345 0 255 0
-0.256509 0.061218 0.545271 0 255 0
-0.142458 0.283250 0.447340 0 255 0
-0.195400 0.362173 0.500848 0 255 0
-0.164709 0.357604 0.519820 0 255 0
-0.142026 0.311141 0.337195 0 255 0
-0.114659 0.223833 0.355616 0 255 0
-0.110355 0.369157 0.435043 0 255 0
-0.109407 0.480046 0.473849 0 255 0
-0.105564 0.323463 0.458884 0 255 0
-0.145775 0.191864 0.416622 0 255 0
-0.152077 0.128796 0.346825 0 255 0
-0.087669 0.115505 0.389929 0 255 0
-0.224373 0.195895 0.400745 0 255 0
-0.151025 0.036130 0.449665 0 255 0
-0.207088 0.126275 0.480092 0 255 0
-0.206187 0.148726 0.538267 0 255 0
-0.303735 0.372436 0.528985 0 255 0
-0.235627 0.420620 0.515200 0 255 0
-0.204041 0.356710 0.467058 0 255 0
-0.304207 0.347430 0.478159 0 255 0
-0.072406 0.371782 0.522167 0 255 0
-0.133715 0.423629 0.436926 0 255 0
-0.219175 0.395237 0.520840 0 255 0
-0.370511 0.301035 0.472305 0 255 0
-0.230547 0.160559 0.626492 0 255 0
-0.147252 0.058472 0.718803 0 255 0
-0.101261 0.104427 0.644814 0 255 0
-0.036351 0.076706 0.620369 0 255 0
-0.091709 0.165640 0.695109 0 255 0
-0.088804 0.079853 0.722510 0 255 0
-0.070766 0.088063 0.549378 0 255 0
-0.076233 0.202233 0.638070 0 255 0
-0.129462 0.300672 0.634366 0 255 0
-0.149975 0.129722 0.673805 0 255 0
-0.052998 0.233751 0.552549 0 255 0
-0.361866 0.297307 0.566994 0 255 0
-0.295202 0.208389 0.526398 0 255 0
-0.151526 0.133278 0.559203 0 255 0
-0.160188 0.148372 0.450153 0 255 0
-0.092411 0.297970 0.529976 0 255 0
-0.068172 0.192470 0.416215 0 255 0
-0.183855 0.391407 0.586196 0 255 0
-0.174969 0.390410 0.631335 0 255 0
-0.163360 0.325659 0.609959 0 255 0
-0.119373 0.297659 0.681658 0 255 0
-0.108286 0.372966 0.645706 0 255 0
-0.184287 0.409951 0.677123 0 255 0
-0.057668 0.273609 0.570239 0 255 0
-0.060306 0.199410 0.586208 0 255 0
-0.074712 0.326199 0.623797 0 255 0
-0.203847 0.306814 0.614008 0 255 0
-0.103247 0.404493 0.364409 0 255 0
-0.134917 0.307521 0.451204 0 255 0
-0.125767 0.264648 0.300164 0 255 0
-0.139144 0.230115 0.350610 0 255 0
-0.129679 0.059868 0.427785 0 255 0
-0.282316 0.098120 0.433065 0 255 0
-0.178900 0.069219 0.443104 0 255 0
-0.126880 0.019904 0.506512 0 255 0
-0.164587 -0.037639 0.501323 0 255 0
-0.212758 -0.043881 0.443205 0 255 0
-0.231065 -0.155845 0.437401 0 255 0
-0.092263 -0.155550 0.461358 0 255 0
-0.238337 -0.057282 0.440147 0 255 0
-0.165426 -0.185280 0.489202 0 255 0
-0.208100 -0.143799 0.373857 0 255 0
-0.214103 0.329168 0.444417 0 255 0
-0.086706 0.380781 0.452949 0 255 0
-0.118304 0.356575 0.537134 0 255 0
-0.127678 0.371198 0.384981 0 255 0
-0.217476 0.436897 0.486544 0 255 0
-0.181795 0.485200 0.444373 0 255 0
-0.288272 0.521522 0.476202 0 255 0
-0.182135 0.401166 0.616183 0 255 0
-0.258384 0.463268 0.532426 0 255 0
-0.136198 0.379209 0.597016 0 255 0
-0.190411 0.377692 0.626278 0 255 0
-0.097231 0.377616 0.615014 0 255 0
-0.043054 0.349146 0.565300 0 255 0
-0.048972 0.338061 0.573423 0 255 0
-0.232693 0.360259 0.682332 0 255 0
-0.149898 0.238983 0.657912 0 255 0
-0.114146 0.269696 0.615945 0 255 0
-0.118756 0.228340 0.537770 0 255 0
-0.158240 0.291293 0.518602 0 255 0
0.051687 0.012153 0.616639 0 255 0
-0.150174 0.118934 0.692058 0 255 0
-0.123665 0.099465 0.598721 0 255 0
-0.097149 0.112622 0.616436 0 255 0
-0.102315 0.084874 0.621351 0 255 0
-0.135963 0.009760 0.633598 0 255 0
-0.110649 -0.068704 0.655108 0 255 0
-0.130579 -0.007606 0.551699 0 255 0
-0.099686 -0.055812 0.697131 0 255 0
-0.110373 -0.110309 0.532312 0 255 0
-0.062304 -0.102100 0.701808 0 255 0
-0.074984 -0.033780 0.780612 0 255 0
-0.124148 -0.075797 0.709281 0 255 0
-0.095356 -0.117781 0.594350 0 255 0
-0.130032 -0.136797 0.489478 0 255 0
-0.128287 -0.194921 0.501420 0 255 0
-0.211918 0.180166 0.424568 0 255 0
-0.073972 0.385570 0.439703 0 255 0
-0.087474 0.456218 0.512297 0 255 0
-0.004746 0.425948 0.456344 0 255 0
-0.084114 0.361697 0.526414 0 255 0
-0.214076 0.097159 0.556692 0 255 0
-0.199201 0.078919 0.624300 0 255 0
-0.250320 0.046305 0.543551 0 255 0
-0.185447 -0.167482 0.538690 0 255 0
-0.256778 -0.021002 0.528912 0 255 0
-0.183655 -0.229672 0.640161 0 255 0
-0.148341 -0.038122 0.654481 0 255 0
-0.312248 0.348121 0.559718 0 255 0
-0.173225 0.426868 0.606154 0 255 0
-0.138132 0.388003 0.648067 0 255 0
-0.240858 0.478598 0.642321 0 255 0
-0.220424 0.476346 0.647019 0 255 0
-0.096739 0.409797 0.629523 0 255 0
-0.065733 0.429534 0.445908 0 255 0
-0.106498 0.398106 0.474281 0 255 0
-0.118653 0.389222 0.632936 0 255 0
-0.044230 0.526086 0.470037 0 255 0
-0.092771 0.534885 0.547505 0 255 0
-0.068218 0.457593 0.597593 0 255 0
-0.086230 0.445380 0.537984 0 255 0
-0.181331 0.455207 0.694889 0 255 0
-0.189634 0.388202 0.617159 0 255 0
-0.214912 0.477670 0.697402 0 255 0
-0.202669 0.440274 0.601651 0 255 0
-0.161699 0.494143 0.662539 0 255 0
-0.241841 0.336614 0.482016 0 255 0
-0.076674 0.312842 0.636400 0 255 0
-0.063138 0.410540 0.558245 0 255 0
-0.104767 0.478066 0.496447 0 255 0
-0.079349 0.376914 0.528339 0 255 0
-0.097001 0.449027 0.509029 0 255 0
-0.082577 0.499565 0.525971 0 255 0
-0.201688 0.450546 0.454163 0 255 0
-0.142732 0.360073 0.441457 0 255 0
-0.169650 0.465963 0.411428 0 255 0
-0.165244 0.389548 0.507213 0 255 0
-0.119159 0.457150 0.484837 0 255 0
-0.185413 0.406477 0.518274 0 255 0
-0.179951 0.518383 0.592302 0 255 0
-0.207889 0.415534 0.654911 0 255 0
-0.215513 0.531555 0.658561 0 255 0
-0.162056 0.488204 0.631919 0 255 0
-0.149710 0.510453 0.540893 0 255 0
-0.213311 0.491699 0.628336 0 255 0
-0.182496 0.523612 0.556612 0 255 0
-0.155466 0.402422 0.540276 0 255 0
-0.102470 0.554956 0.493375 0 255 0
-0.219442 0.417588 0.492049 0 255 0
-0.233279 0.432476 0.544093 0 255 0
-0.127392 0.438767 0.467163 0 255 0
-0.124422 0.541131 0.477451 0 255 0
-0.185820 0.454432 0.387943 0 255 0
-0.119362 0.506040 0.490887 0 255 0
-0.180972 0.478701 0.529743 0 255 0
-0.096490 0.511536 0.462081 0 255 0
-0.158538 0.489653 0.602193 0 255 0
-0.011129 0.513463 0.545483 0 255 0
-0.106117 0.477196 0.483308 0 255 0
-0.066790 0.606829 0.508051 0 255 0
-0.057300 0.648425 0.529850 0 255 0
-0.067649 0.523147 0.577073 0 255 0
-0.117972 0.682885 0.545630 0 255 0
-0.084697 0.590189 0.565315 0 255 0
-0.097124 0.564392 0.514462 0 255 0
-0.096056 0.578257 0.445614 0 255 0
-0.074033 0.609819 0.545507 0 255 0
-0.148781 0.642409 0.644745 0 255 0
-0.150926 0.635564 0.531917 0 255 0
-0.127231 0.580926 0.503682 0 255 0
-0.270866 0.627436 0.629874 0 255 0
-0.187686 0.532593 0.492387 0 255 0
-0.196673 0.692721 0.586634 0 255 0
-0.151576 0.635560 0.616237 0 255 0
-0.162608 0.705659 0.587010 0 255 0
-0.152904 0.628128 0.674696 0 255 0
-0.041880 0.688623 0.583761 0 255 0
-0.116330 0.542544 0.496497 0 255 0
-0.071241 0.581202 0.572387 0 255 0
-0.071401 0.542412 0.511154 0 255 0
-0.014579 0.608775 0.596740 0 255 0
-0.149567 0.638602 0.593688 0 255 0
-0.141672 0.622215 0.598031 0 255 0
-0.128876 0.611065 0.564246 0 255 0
-0.105130 0.600721 0.619208 0 255 0
-0.216152 0.511402 0.593311 0 255 0
-0.210458 0.532182 0.583776 0 255 0
-0.187092 0.510780 0.583702 0 255 0
-0.240163 0.448789 0.480409 0 255 0
-0.117676 0.523643 0.495449 0 255 0
-0.125748 0.506474 0.483722 0 255 0
-0.015260 0.497222 0.623804 0 255 0
-0.076453 0.521471 0.533136 0 255 0
-0.114605 0.523703 0.609955 0 255 0
-0.112833 0.612470 0.636786 0 255 0
-0.163587 0.551246 0.630907 0 255 0
-0.058719 0.565105 0.692507 0 255 0
-0.172749 0.536813 0.588499 0 255 0
-0.266555 0.638597 0.509024 0 255 0
-0.217934 0.488153 0.622197 0 255 0
-0.108152 0.498952 0.565366 0 255 0
-0.155517 0.526273 0.507573 0 255 0
-0.006930 0.511516 0.453825 0 255 0
-0.110530 0.556005 0.488384 0 255 0
-0.092634 0.487215 0.534365 0 255 0
-0.114626 0.602928 0.546508 0 255 0
-0.102250 0.521910 0.634840 0 255 0
-0.089586 0.587200 0.554506 0 255 0
-0.148960 0.603172 0.643138 0 255 0
-0.129411 0.664194 0.609445 0 255 0
-0.160050 0.617011 0.649720 0 255 0
-0.189525 0.674192 0.635500 0 255 0
-0.152509 0.581007 0.599585 0 255 0
-0.052447 0.612661 0.562577 0 255 0
-0.065154 0.608752 0.503716 0 255 0
-0.131663 0.610348 0.480824 0 255 0
-0.178795 0.678249 0.558551 0 255 0
-0.235041 0.619539 0.426483 0 255 0
-0.154581 0.587321 0.571056 0 255 0
-0.039914 0.659795 0.644649 0 255 0
-0.178861 0.690483 0.518375 0 255 0
-0.049288 0.597593 0.509644 0 255 0
-0.041306 0.500592 0.592737 0 255 0
-0.050752 0.647390 0.495998 0 255 0
0.020999 0.720479 0.604942 0 255 0
-0.067291 0.607878 0.451303 0 255 0
-0.017932 0.578365 0.508618 0 255 0
-0.111217 0.749869 0.556604 0 255 0
-0.125628 0.610809 0.461519 0 255 0
-0.167639 0.628993 0.568672 0 255 0
-0.177882 0.660651 0.525319 0 255 0
-0.177216 0.677219 0.379555 0 255 0
-0.117445 0.746010 0.525509 0 255 0
-0.110583 0.510262 0.590454 0 255 0
-0.153893 0.600305 0.513067 0 255 0
-0.165428 0.646285 0.586672 0 255 0
-0.080985 0.708237 0.524422 0 255 0
-0.164962 0.742224 0.575217 0 255 0
-0.130152 0.744964 0.508475 0 255 0
-0.090062 0.736810 0.507158 0 255 0
-0.082746 0.738520 0.567397 0 255 0
-0.248967 0.710008 0.501740 0 255 0
-0.059678 0.571977 0.493149 0 255 0
-0.018334 0.738075 0.469744 0 255 0
-0.069034 0.648085 0.426289 0 255 0
0.021456 0.626075 0.533877 0 255 0
-0.164576 0.736412 0.591612 0 255 0
-0.105268 0.706781 0.459858 0 255 0
-0.155113 0.729370 0.505716 0 255 0
-0.204196 0.702081 0.567280 0 255 0
0.033643 0.692253 0.479116 0 255 0
-0.063229 0.766081 0.472401 0 255 0
0.002107 0.726939 0.410451 0 255 0
-0.129852 0.752432 0.450510 0 255 0
-0.037094 0.700854 0.422345 0 255 0
-0.132362 0.686879 0.424946 0 255 0
-0.151273 0.604489 0.431934 0 255 0
-0.160790 0.691032 0.460986 0 255 0
-0.149118 0.750603 0.392029 0 255 0
-0.231745 0.711579 0.448757 0 255 0
-0.149933 0.676499 0.463787 0 255 0
-0.169310 0.706667 0.483998 0 255 0
-0.097009 0.700995 0.503776 0 255 0
-0.101975 0.801674 0.519613 0 255 0
-0.160650 0.705738 0.483208 0 255 0
-0.160437 0.702195 0.556980 0 255 0
-0.085748 0.801632 0.544442 0 255 0
-0.096063 0.838292 0.583580 0 255 0
-0.010711 0.867004 0.455060 0 255 0
-0.109562 0.717185 0.452101 0 255 0
-0.058385 0.700936 0.415664 0 255 0
-0.015177 0.817382 0.492049 0 255 0
-0.089757 0.765756 0.395914 0 255 0
-0.046377 0.752061 0.479885 0 255 0
-0.085127 0.690413 0.434580 0 255 0
0.025732 0.746351 0.453913 0 255 0
-0.191373 0.800708 0.412437 0 255 0
-0.111779 0.746889 0.396526 0 255 0
-0.218026 0.666014 0.413941 0 255 0
-0.157097 0.735035 0.426378 0 255 0
-0.083609 0.787417 0.490607 0 255 0
-0.165200 0.827644 0.362829 0 255 0
-0.170567 0.789749 0.333420 0 255 0
-0.097627 0.839707 0.523190 0 255 0
-0.042835 0.852166 0.424972 0 255 0
-0.104634 0.811019 0.356620 0 255 0
-0.009455 0.861980 0.434521 0 255 0
-0.133192 0.873312 0.435444 0 255 0
-0.098434 0.790478 0.322169 0 255 0
-0.072969 0.707041 0.354828 0 255 0
-0.026120 0.764454 0.342837 0 255 0
0.014861 0.824902 0.361926 0 255 0
-0.069188 0.770158 0.427065 0 255 0
-0.127676 0.873137 0.385771 0 255 0
-0.127936 0.849776 0.290596 0 255 0
-0.132475 0.752668 0.413568 0 255 0
-0.135754 0.841073 0.402015 0 255 0
-0.070161 0.864595 0.398859 0 255 0
-0.086051 0.817113 0.418342 0 255 0
-0.120695 0.726974 0.403437 0 255 0
-0.127663 0.771779 0.498888 0 255 0
-0.104210 0.345164 0.514683 0 255 0
-0.066624 0.368136 0.475129 0 255 0
-0.023673 0.316944 0.587388 0 255 0
-0.037914 0.301149 0.558623 0 255 0
-0.181056 0.387021 0.512780 0 255 0
-0.116794 0.424561 0.547011 0 255 0
-0.008452 0.566100 0.645104 0 255 0
-0.096058 0.471533 0.625216 0 255 0
-0.124864 0.582593 0.465705 0 255 0
-0.185486 0.648273 0.625322 0 255 0
-0.096248 0.573966 0.580441 0 255 0
0.008057 0.596963 0.534016 0 255 0
-0.152140 0.725135 0.580558 0 255 0
-0.119114 0.661143 0.582345 0 255 0
-0.024447 0.744657 0.471658 0 255 0
-0.154743 0.603418 0.614595 0 255 0
0.021935 0.742778 0.411273 0 255 0
0.037648 0.766907 0.492033 0 255 0
-0.012822 0.681750 0.447672 0 255 0
-0.031498 0.872565 0.380824 0 255 0
-0.096514 0.817390 0.441474 0 255 0
-0.062047 0.815490 0.414965 0 255 0
-0.011977 0.276390 0.597438 0 255 0
-0.169230 0.295363 0.574208 0 255 0
-0.089921 0.307888 0.712819 0 255 0
-0.176102 0.320655 0.642012 0 255 0
-0.039562 0.363441 0.481775 0 255 0
-0.031992 0.293103 0.612337 0 255 0
-0.036386 0.254089 0.550399 0 255 0
-0.099642 0.316354 0.551639 0 255 0
-0.138857 0.582050 0.620404 0 255 0
-0.169848 0.398959 0.554388 0 255 0
-0.115601 0.552102 0.476634 0 255 0
-0.144417 0.550671 0.445125 0 255 0
-0.113615 0.589409 0.604238 0 255 0
-0.109843 0.548114 0.680870 0 255 0
-0.114676 0.523679 0.577987 0 255 0
-0.119804 0.549903 0.752003 0 255 0
-0.128237 0.734919 0.541899 0 255 0
-0.075776 0.811214 0.525505 0 255 0
-0.119087 0.711218 0.451809 0 255 0
-0.129309 0.595872 0.486201 0 255 0
-0.190499 0.676335 0.487768 0 255 0
-0.160024 0.719727 0.433598 0 255 0
-0.063393 0.661805 0.425243 0 255 0
-0.096741 0.744270 0.443873 0 255 0
-0.130736 0.662202 0.373151 0 255 0
-0.091544 0.511310 0.606675 0 255 0
-0.061887 0.460054 0.694478 0 255 0
-0.174948 0.519488 0.627867 0 255 0
-0.164034 0.560579 0.571099 0 255 0
-0.190047 0.029367 0.396211 0 255 0
-0.203826 -0.043428 0.472134 0 255 0
-0.289974 -0.091598 0.577470 0 255 0
-0.201367 -0.062120 0.641934 0 255 0
-0.136508 -0.083894 0.609047 0 255 0
-0.229746 -0.156696 0.632425 0 255 0
-0.155907 -0.126040 0.658242 0 255 0
-0.228913 -0.225215 0.548432 0 255 0
-0.204523 -0.166624 0.607844 0 255 0
-0.159491 -0.220010 0.560071 0 255 0
-0.282103 -0.174475 0.462562 0 255 0
-0.265856 -0.225317 0.550615 0 255 0
-0.134847 -0.065253 0.637628 0 255 0
-0.091752 -0.113218 0.689623 0 255 0
-0.129584 -0.063656 0.567061 0 255 0
-0.125346 0.103420 0.578730 0 255 0
-0.041092 0.179288 0.599629 0 255 0
-0.079429 0.168703 0.631324 0 255 0
-0.076830 0.230878 0.614949 0 255 0
-0.088316 0.319847 0.545713 0 255 0
-0.157246 0.228264 0.643499 0 255 0
-0.115140 0.157772 0.690710 0 255 0
-0.109574 0.298369 0.543162 0 255 0
-0.165079 -0.109941 0.368571 0 255 0
-0.133210 -0.048667 0.348914 0 255 0
-0.113594 -0.244012 0.396191 0 255 0
-0.094992 -0.240127 0.397022 0 255 0
-0.145613 -0.289524 0.337246 0 255 0
-0.141053 -0.228555 0.487720 0 255 0
-0.048942 -0.285150 0.342857 0 255 0
-0.125532 -0.280914 0.335858 0 255 0
-0.130781 -0.361974 0.348962 0 255 0
-0.089502 -0.318433 0.469556 0 255 0
-0.097586 0.346404 0.585747 0 255 0
-0.113062 0.343295 0.584856 0 255 0
-0.136315 0.288500 0.560137 0 255 0
-0.032799 0.404417 0.507428 0 255 0
-0.041017 0.348261 0.736385 0 255 0
-0.086158 0.305133 0.565710 0 255 0
-0.047792 0.308885 0.625202 0 255 0
-0.224017 0.266634 0.492256 0 255 0
-0.316603 0.303201 0.518950 0 255 0
-0.172934 0.347595 0.426613 0 255 0
-0.187619 -0.432686 0.472675 0 255 0
-0.226855 -0.410108 0.646297 0 255 0
-0.295449 -0.377246 0.590633 0 255 0
-0.160989 -0.509188 0.465129 0 255 0
-0.172992 -0.037705 0.410215 0 255 0
-0.235127 -0.063575 0.433048 0 255 0
-0.156760 -0.327936 0.486956 0 255 0
-0.152420 -0.326132 0.481879 0 255 0
-0.183490 -0.377661 0.397102 0 255 0
-0.164088 -0.311035 0.415171 0 255 0
-0.217148 -0.311983 0.454775 0 255 0
-0.231443 -0.330155 0.395810 0 255 0
-0.322422 -0.244891 0.466048 0 255 0
-0.228562 -0.241326 0.422940 0 255 0
-0.160211 -0.251745 0.510417 0 255 0
-0.097827 0.201543 0.468811 0 255 0
-0.177084 0.193879 0.399651 0 255 0
-0.118194 0.026097 0.404199 0 255 0
-0.141580 0.015248 0.411118 0 255 0
-0.168576 0.105496 0.401310 0 255 0
-0.092572 0.045905 0.452575 0 255 0
-0.157287 -0.083038 0.382589 0 255 0
-0.221508 -0.209395 0.393297 0 255 0
-0.149629 -0.256852 0.632590 0 255 0
-0.089657 -0.174723 0.715011 0 255 0
-0.193921 -0.087980 0.573118 0 255 0
-0.052844 -0.211707 0.554598 0 255 0
-0.259157 -0.425542 0.475704 0 255 0
-0.181821 -0.504502 0.567988 0 255 0
-0.225391 -0.442371 0.546885 0 255 0
-0.219992 -0.340001 0.599449 0 255 0
-0.184971 0.367141 0.514053 0 255 0
-0.225924 0.325361 0.534604 0 255 0
-0.144936 -0.013981 0.401631 0 255 0
-0.226467 0.014654 0.460428 0 255 0
-0.219228 0.060907 0.487612 0 255 0
-0.145632 -0.018828 0.504911 0 255 0
-0.295931 -0.101601 0.562085 0 255 0
-0.251973 -0.023006 0.520079 0 255 0
-0.227036 -0.180463 0.511070 0 255 0
-0.219784 -0.318069 0.556232 0 255 0
-0.265338 -0.246161 0.521304 0 255 0
-0.170324 -0.200592 0.573113 0 255 0
-0.098773 0.376314 0.614088 0 255 0
-0.125160 0.244330 0.641474 0 255 0
-0.026438 0.223697 0.655195 0 255 0
-0.165521 0.198308 0.555167 0 255 0
0.014253 0.263443 0.657176 0 255 0
-0.129852 -0.380748 0.566395 0 255 0
-0.031918 -0.379378 0.512647 0 255 0
-0.296391 -0.468509 0.501633 0 255 0
-0.254817 -0.281556 0.578018 0 255 0
-0.250953 -0.133595 0.585766 0 255 0
-0.283964 -0.255430 0.515291 0 255 0
-0.194193 -0.289119 0.551629 0 255 0
-0.171294 -0.272151 0.526446 0 255 0
-0.205995 -0.189235 0.516354 0 255 0
-0.167599 -0.262350 0.590749 0 255 0
-0.082902 -0.268173 0.522684 0 255 0
-0.133568 -0.283804 0.536041 0 255 0
-0.089608 -0.283669 0.631089 0 255 0
-0.125504 -0.286300 0.470738 0 255 0
-0.157218 -0.161161 0.552607 0 255 0
-0.175164 -0.305986 0.543512 0 255 0
-0.138882 -0.272754 0.537582 0 255 0
-0.147232 -0.253825 0.479827 0 255 0
-0.062042 -0.262621 0.554794 0 255 0
-0.089171 -0.310460 0.464627 0 255 0
-0.042872 -0.378217 0.562744 0 255 0
-0.059595 -0.348826 0.506855 0 255 0
-0.084279 -0.293436 0.383625 0 255 0
-0.110863 -0.190599 0.397991 0 255 0
-0.066549 -0.227847 0.476218 0 255 0
-0.116335 -0.192337 0.387845 0 255 0
-0.132690 -0.233045 0.388951 0 255 0
-0.102012 -0.239598 0.356640 0 255 0
-0.104119 -0.429519 0.496016 0 255 0
-0.068858 -0.235085 0.507491 0 255 0
-0.125416 -0.335683 0.431934 0 255 0
-0.256425 -0.558613 0.477591 0 255 0
-0.203392 -0.517446 0.446113 0 255 0
-0.151646 -0.384988 0.552494 0 255 0
-0.141207 -0.355598 0.503003 0 255 0
-0.149548 -0.396916 0.446891 0 255 0
-0.141403 -0.501585 0.485770 0 255 0
-0.188481 -0.220856 0.467801 0 255 0
-0.137197 -0.309260 0.433064 0 255 0
-0.113858 -0.350559 0.537302 0 255 0
-0.021723 -0.404611 0.511093 0 255 0
0.007994 -0.357336 0.572522 0 255 0
-0.180589 0.290399 0.508454 0 255 0
-0.203547 0.387294 0.694100 0 255 0
-0.203464 -0.070880 0.492505 0 255 0
-0.204909 -0.036726 0.582561 0 255 0
-0.121458 0.023011 0.635433 0 255 0
0.010197 -0.000118 0.550062 0 255 0
-0.031606 -0.038313 0.598986 0 255 0
-0.113703 0.047983 0.552916 0 255 0
0.019815 -0.161532 0.670846 0 255 0
-0.059652 -0.066564 0.671584 0 255 0
-0.033510 -0.321414 0.518380 0 255 0
-0.164951 0.107337 0.647130 0 255 0
-0.150386 -0.035349 0.701830 0 255 0
-0.041231 0.079358 0.597737 0 255 0
-0.206198 -0.001292 0.674254 0 255 0
-0.022284 0.091230 0.601428 0 255 0
-0.097886 0.105321 0.730339 0 255 0
-0.063593 0.304725 0.623434 0 255 0
-0.089656 0.178621 0.658551 0 255 0
-0.107810 -0.362799 0.534348 0 255 0
-0.185266 -0.354811 0.505168 0 255 0
-0.117648 -0.384427 0.488197 0 255 0
-0.201854 -0.379756 0.507879 0 255 0
-0.110134 0.066145 0.562428 0 255 0
-0.125248 0.004259 0.613542 0 255 0
-0.177747 -0.205551 0.502647 0 255 0
-0.208017 -0.202850 0.694844 0 255 0
-0.136465 -0.135956 0.673788 0 255 0
-0.054343 -0.194674 0.651418 0 255 0
-0.102441 -0.164101 0.768996 0 255 0
-0.064057 -0.139927 0.755571 0 255 0
-0.189903 -0.164049 0.618275 0 255 0
-0.052876 0.269620 0.552379 0 255 0
-0.086405 0.254407 0.535127 0 255 0
-0.224635 -0.307777 0.480055 0 255 0
-0.175068 -0.335585 0.587641 0 255 0
-0.279005 -0.338307 0.456359 0 255 0
-0.232865 -0.320254 0.559158 0 255 0
-0.091520 0.373561 0.528392 0 255 0
-0.015770 0.385690 0.554249 0 255 0
-0.014616 0.267570 0.469443 0 255 0
-0.110559 0.382548 0.624994 0 255 0
-0.172160 0.314629 0.415781 0 255 0
-0.047000 0.287011 0.545816 0 255 0
-0.090146 0.278625 0.640137 0 255 0
-0.248903 0.334831 0.573098 0 255 0
-0.128803 0.430550 0.664952 0 255 0
-0.092317 0.531263 0.655306 0 255 0
-0.093790 0.702960 0.588133 0 255 0
-0.028751 0.619698 0.652713 0 255 0
-0.151909 0.775067 0.548843 0 255 0
-0.141460 0.703759 0.550860 0 255 0
-0.023423 0.820436 0.553233 0 255 0
-0.083452 0.830330 0.456583 0 255 0
-0.162777 0.848296 0.433971 0 255 0
-0.248161 -0.522337 0.422432 0 255 0
-0.254292 -0.398990 0.473910 0 255 0
-0.301477 -0.366117 0.466655 0 255 0
-0.278108 -0.498563 0.453982 0 255 0
-0.160794 -0.396065 0.555719 0 255 0
-0.185208 -0.390986 0.514888 0 255 0
-0.277636 -0.459842 0.506602 0 255 0
-0.128692 -0.376862 0.554260 0 255 0
-0.144058 -0.465689 0.642302 0 255 0
-0.222448 -0.439347 0.657894 0 255 0
-0.183587 -0.416824 0.635265 0 255 0
-0.204863 -0.540516 0.558562 0 255 0
-0.195020 -0.463381 0.453442 0 255 0
-0.223481 -0.455091 0.505702 0 255 0
-0.240769 -0.484783 0.493858 0 255 0
-0.220265 -0.430002 0.421751 0 255 0
-0.255037 -0.447112 0.538243 0 255 0
-0.245308 -0.482143 0.433781 0 255 0
-0.221926 -0.520231 0.527060 0 255 0
-0.131620 -0.474390 0.502780 0 255 0
-0.128864 -0.539727 0.460336 0 255 0
-0.224929 -0.421580 0.412938 0 255 0
-0.108055 -0.493914 0.540776 0 255 0
-0.141686 -0.480485 0.355690 0 255 0
-0.126824 -0.346416 0.536563 0 255 0
-0.255499 -0.319672 0.463855 0 255 0
-0.183254 -0.332559 0.616086 0 255 0
-0.173637 -0.410030 0.515311 0 255 0
-0.108568 -0.357657 0.480758 0 255 0
-0.181122 -0.420930 0.329075 0 255 0
-0.145679 -0.334404 0.478542 0 255 0
-0.103980 -0.432409 0.389317 0 255 0
-0.060923 -0.510018 0.514762 0 255 0
-0.164593 -0.419839 0.556028 0 255 0
-0.182664 -0.443272 0.592643 0 255 0
-0.211207 -0.342692 0.481078 0 255 0
-0.194866 -0.381048 0.591967 0 255 0
-0.282904 -0.343752 0.508382 0 255 0
-0.265778 -0.533450 0.479403 0 255 0
-0.179792 -0.370369 0.584312 0 255 0
-0.142290 -0.287547 0.479403 0 255 0
-0.149048 -0.163361 0.555013 0 255 0
-0.143725 -0.083203 0.615654 0 255 0
-0.195663 -0.237944 0.529979 0 255 0
-0.191427 -0.141737 0.630450 0 255 0
-0.171999 -0.253302 0.684602 0 255 0
-0.247916 -0.142649 0.550294 0 255 0
-0.224793 -0.129674 0.499812 0 255 0
-0.160075 -0.174827 0.585061 0 255 0
-0.199770 -0.146948 0.655015 0 255 0
-0.126524 -0.090007 0.625202 0 255 0
-0.041274 -0.289032 0.500009 0 255 0
-0.142956 -0.463099 0.509694 0 255 0
-0.195212 -0.444979 0.510502 0 255 0
-0.237619 -0.398878 0.519866 0 255 0
-0.318832 -0.388279 0.503317 0 255 0
-0.309164 -0.330607 0.534387 0 255 0
-0.316446 -0.262541 0.591118 0 255 0
-0.200084 -0.145633 0.390731 0 255 0
-0.243532 -0.134280 0.381659 0 255 0
-0.210419 -0.126387 0.382431 0 255 0
-0.168284 -0.258115 0.440613 0 255 0
-0.222102 -0.385010 0.413758 0 255 0
-0.174438 -0.388575 0.478446 0 255 0
-0.271210 -0.289579 0.456850 0 255 0
-0.198300 -0.332013 0.507661 0 255 0
-0.344319 -0.471544 0.512425 0 255 0
-0.203054 -0.416236 0.434915 0 255 0
-0.202447 -0.411699 0.485473 0 255 0
-0.231182 -0.391935 0.402180 0 255 0
-0.225515 0.302073 0.519814 0 255 0
-0.201211 0.283828 0.475294 0 255 0
-0.209086 0.123491 0.545166 0 255 0
-0.106309 0.189144 0.602399 0 255 0
-0.165639 0.090049 0.613575 0 255 0
-0.183238 0.313231 0.643362 0 255 0
-0.135876 0.289589 0.592756 0 255 0
-0.126921 0.367118 0.562333 0 255 0
-0.222515 0.161523 0.544486 0 255 0
-0.114600 0.515931 0.523557 0 255 0
-0.008171 0.397914 0.596708 0 255 0
-0.168205 0.470081 0.460390 0 255 0
-0.059688 0.415888 0.393490 0 255 0
-0.189828 0.411758 0.472772 0 255 0
-0.202576 0.360749 0.416376 0 255 0
-0.189973 0.374717 0.551568 0 255 0
-0.096826 0.400942 0.434868 0 255 0
-0.182491 0.574333 0.621462 0 255 0
-0.080723 0.655147 0.426130 0 255 0
-0.222624 0.725905 0.419234 0 255 0
-0.149165 0.667759 0.398166 0 255 0
-0.113001 0.772782 0.476409 0 255 0
-0.103554 0.728914 0.423008 0 255 0
-0.097136 0.668709 0.493594 0 255 0
-0.179566 0.774420 0.422078 0 255 0
-0.083491 0.787154 0.337894 0 255 0
-0.091706 0.798976 0.408737 0 255 0
-0.138149 0.794601 0.326043 0 255 0
-0.150224 0.739244 0.390039 0 255 0
-0.037035 0.271753 0.436574 0 255 0
-0.070161 0.328594 0.487572 0 255 0
-0.162010 0.292635 0.646613 0 255 0
-0.268628 0.250301 0.529272 0 255 0
-0.167811 0.271445 0.589202 0 255 0
-0.227186 0.229825 0.663483 0 255 0
-0.226244 0.084247 0.576314 0 255 0
-0.076360 -0.009459 0.593880 0 255 0
-0.235282 0.005066 0.626486 0 255 0
-0.296528 0.022439 0.563967 0 255 0
-0.173654 -0.051093 0.564940 0 255 0
-0.142460 -0.097602 0.642403 0 255 0
-0.209628 -0.019573 0.572803 0 255 0
-0.285262 -0.005530 0.513664 0 255 0
-0.157230 -0.005000 0.596336 0 255 0
-0.130690 -0.053529 0.444310 0 255 0
-0.186040 -0.060350 0.484157 0 255 0
-0.174131 0.115188 0.407521 0 255 0
-0.203470 -0.047211 0.342560 0 255 0
-0.199265 -0.064339 0.480388 0 255 0
-0.162311 -0.014227 0.471574 0 255 0
-0.064968 -0.061914 0.407896 0 255 0
-0.062226 0.217037 0.515215 0 255 0
-0.112707 0.285511 0.510099 0 255 0
-0.218181 0.349624 0.671199 0 255 0
-0.097415 0.340690 0.626035 0 255 0
-0.246786 0.306418 0.657505 0 255 0
-0.159376 -0.356720 0.500647 0 255 0
-0.220591 -0.214624 0.487659 0 255 0
-0.223928 -0.246101 0.461820 0 255 0
-0.208153 -0.408678 0.487843 0 255 0
-0.146636 -0.479950 0.491342 0 255 0
-0.229556 -0.287275 0.468367 0 255 0
-0.177875 -0.397715 0.403965 0 255 0
-0.202924 -0.325600 0.438259 0 255 0
-0.264589 -0.357136 0.552262 0 255 0
-0.199648 0.142585 0.666655 0 255 0
-0.171761 0.264391 0.580326 0 255 0
-0.110514 0.259700 0.666655 0 255 0
-0.031384 0.273734 0.500012 0 255 0
-0.051081 0.311379 0.580847 0 255 0
-0.187504 0.286282 0.648170 0 255 0
-0.003003 0.498927 0.560609 0 255 0
-0.103646 0.458753 0.510824 0 255 0
-0.041158 0.566660 0.514838 0 255 0
-0.057590 0.588925 0.589135 0 255 0
0.008483 0.511443 0.561293 0 255 0
-0.043296 0.570355 0.633430 0 255 0
-0.046081 0.544051 0.508461 0 255 0
-0.090822 0.621739 0.497977 0 255 0
-0.098565 0.646081 0.495475 0 255 0
-0.002659 0.601371 0.445758 0 255 0
-0.102646 0.743656 0.521430 0 255 0
-0.006142 0.706625 0.480092 0 255 0
-0.061199 0.717939 0.446183 0 255 0
0.015848 0.741757 0.459124 0 255 0
-0.137094 0.846809 0.424396 0 255 0
-0.003253 0.768664 0.419067 0 255 0
-0.045854 0.244592 0.482462 0 255 0
-0.078472 0.319263 0.544981 0 255 0
-0.119451 -0.283648 0.559090 0 255 0
-0.273325 -0.245248 0.567663 0 255 0
-0.186835 -0.302168 0.560079 0 255 0
-0.114236 -0.377853 0.508195 0 255 0
-0.104233 0.168858 0.483353 0 255 0
-0.024877 0.379120 0.443835 0 255 0
-0.217635 -0.459151 0.563300 0 255 0
-0.226972 -0.439980 0.430578 0 255 0
-0.185180 -0.364142 0.556984 0 255 0
-0.162115 -0.296434 0.528547 0 255 0
-0.257722 -0.217284 0.432743 0 255 0
-0.038236 -0.650887 0.467649 0 255 0
-0.044308 -0.652180 0.456058 0 255 0
0.013916 -0.720168 0.448520 0 255 0
-0.082023 -0.672480 0.439300 0 255 0
-0.085270 -0.534967 0.377862 0 255 0
-0.012286 -0.615406 0.510557 0 255 0
-0.059478 -0.650482 0.494967 0 255 0
-0.035343 -0.626934 0.388495 0 255 0
-0.055094 -0.573873 0.484823 0 255 0
-0.135932 -0.520431 0.535083 0 255 0
-0.007480 -0.584452 0.415110 0 255 0
-0.066621 -0.604503 0.499063 0 255 0
0.022620 -0.542881 0.501433 0 255 0
-0.038425 -0.712101 0.470098 0 255 0
-0.023248 -0.703165 0.501111 0 255 0
-0.063806 -0.601621 0.472723 0 255 0
-0.076254 -0.648808 0.559411 0 255 0
-0.078846 -0.606196 0.485318 0 255 0
-0.158058 -0.601199 0.531180 0 255 0
-0.105305 -0.533201 0.574689 0 255 0
-0.152621 -0.595965 0.585580 0 255 0
-0.171551 -0.564464 0.552112 0 255 0
-0.108608 -0.579510 0.491713 0 255 0
-0.192138 -0.662949 0.482398 0 255 0
-0.052712 -0.630223 0.444810 0 255 0
-0.067660 -0.570146 0.446185 0 255 0
-0.075694 -0.599193 0.468564 0 255 0
-0.161619 -0.628987 0.483717 0 255 0
-0.167721 -0.505283 0.448673 0 255 0
-0.112410 -0.481557 0.553697 0 255 0
-0.154699 -0.628017 0.457310 0 255 0
-0.133846 -0.566808 0.517204 0 255 0
-0.016359 -0.634560 0.452931 0 255 0
0.080723 -0.580958 0.461623 0 255 0
-0.133855 -0.483373 0.549859 0 255 0
-0.124860 -0.673985 0.412579 0 255 0
-0.062798 -0.706203 0.530586 0 255 0
-0.111270 -0.562998 0.662702 0 255 0
-0.001586 -0.622558 0.492970 0 255 0
-0.014499 -0.651817 0.453677 0 255 0
-0.019279 -0.630298 0.462988 0 255 0
-0.092671 -0.641381 0.438327 0 255 0
-0.097933 -0.590334 0.470963 0 255 0
-0.040305 -0.545117 0.443279 0 255 0
-0.080562 -0.606366 0.488140 0 255 0
-0.091087 -0.567785 0.545057 0 255 0
-0.142687 -0.640708 0.480436 0 255 0
-0.074629 -0.573858 0.468724 0 255 0
-0.012694 -0.510454 0.580229 0 255 0
-0.077547 -0.619962 0.500986 0 255 0
-0.131716 -0.508895 0.505130 0 255 0
-0.116369 -0.590805 0.477994 0 255 0
-0.195938 -0.702950 0.455142 0 255 0
-0.028260 -0.594898 0.451316 0 255 0
-0.093280 -0.579789 0.492641 0 255 0
-0.062137 -0.645220 0.399163 0 255 0
-0.095515 -0.607557 0.457768 0 255 0
-0.185034 -0.599292 0.431429 0 255 0
-0.059671 -0.709536 0.463696 0 255 0
-0.111813 -0.648140 0.597824 0 255 0
-0.132182 -0.666545 0.525420 0 255 0
-0.065418 -0.649373 0.527858 0 255 0
-0.078013 -0.569406 0.559352 0 255 0
-0.166646 -0.644956 0.507103 0 255 0
-0.145075 -0.546656 0.545835 0 255 0
-0.131996 -0.617483 0.680146 0 255 0
-0.111558 -0.637917 0.541876 0 255 0
-0.137132 -0.529540 0.471209 0 255 0
-0.109762 -0.597967 0.519275 0 255 0
-0.073505 -0.689031 0.510080 0 255 0
-0.123466 -0.509855 0.485276 0 255 0
-0.068484 -0.570192 0.387125 0 255 0
-0.243516 -0.509828 0.536905 0 255 0
-0.113185 -0.587579 0.502124 0 255 0
-0.171110 -0.588254 0.461887 0 255 0
-0.227359 -0.542133 0.564492 0 255 0
-0.307832 -0.555152 0.531066 0 255 0
-0.153936 -0.606585 0.475279 0 255 0
-0.209350 -0.611713 0.618645 0 255 0
-0.140748 -0.583528 0.607819 0 255 0
-0.234315 -0.600516 0.530819 0 255 0
-0.137233 -0.600923 0.547186 0 255 0
-0.096075 -0.601491 0.566084 0 255 0
-0.021687 -0.598336 0.579624 0 255 0
-0.243529 -0.534163 0.510535 0 255 0
-0.146957 -0.447726 0.486124 0 255 0
-0.197495 -0.547310 0.504022 0 255 0
-0.163377 -0.488866 0.547351 0 255 0
-0.147429 -0.491573 0.573784 0 255 0
-0.146539 -0.444217 0.439782 0 255 0
-0.203780 -0.549748 0.599577 0 255 0
-0.156422 -0.486657 0.648434 0 255 0
-0.161841 -0.491218 0.501797 0 255 0
-0.045344 -0.600768 0.496215 0 255 0
-0.118720 -0.599583 0.504700 0 255 0
-0.184039 -0.570753 0.536258 0 255 0
-0.217538 -0.562286 0.471013 0 255 0
-0.066488 -0.583463 0.578910 0 255 0
-0.226603 -0.585907 0.483391 0 255 0
-0.132556 -0.645013 0.622596 0 255 0
-0.218109 -0.486332 0.479426 0 255 0
-0.183098 -0.631770 0.543322 0 255 0
-0.193791 -0.560685 0.535568 0 255 0
-0.240833 -0.498709 0.500166 0 255 0
-0.156049 -0.533934 0.513883 0 255 0
-0.216445 -0.506497 0.541265 0 255 0
-0.010969 -0.582046 0.483096 0 255 0
-0.133790 -0.525768 0.519234 0 255 0
-0.153642 -0.561084 0.482208 0 255 0
-0.206805 -0.546167 0.401056 0 255 0
-0.155622 -0.559784 0.476796 0 255 0
-0.125750 -0.481414 0.594598 0 255 0
-0.220585 -0.626786 0.586939 0 255 0
-0.151642 -0.519415 0.498816 0 255 0
-0.102202 -0.616822 0.509915 0 255 0
-0.122016 -0.524636 0.495197 0 255 0
-0.094875 -0.580649 0.625500 0 255 0
-0.161580 -0.562987 0.535579 0 255 0
-0.148859 -0.505180 0.475078 0 255 0
-0.163440 -0.599819 0.523977 0 255 0
-0.231545 -0.605978 0.454317 0 255 0
-0.294960 -0.573355 0.496066 0 255 0
-0.178368 -0.618044 0.466353 0 255 0
-0.244533 -0.590242 0.473971 0 255 0
-0.220096 -0.636618 0.515106 0 255 0
-0.200151 -0.583464 0.621137 0 255 0
-0.155421 -0.485103 0.525534 0 255 0
-0.125406 -0.409009 0.502742 0 255 0
-0.091084 -0.502566 0.569083 0 255 0
-0.077105 -0.499076 0.506623 0 255 0
-0.098893 -0.679807 0.546216 0 255 0
-0.088673 -0.450363 0.579741 0 255 0
-0.155623 -0.502064 0.439449 0 255 0
-0.163531 -0.530963 0.344800 0 255 0
-0.226762 -0.567227 0.493963 0 255 0
-0.159102 -0.612040 0.480588 0 255 0
-0.165718 -0.617973 0.467392 0 255 0
-0.196796 -0.489999 0.524212 0 255 0
-0.168498 -0.602314 0.570707 0 255 0
-0.124750 -0.645322 0.490435 0 255 0
-0.106621 -0.740171 0.453117 0 255 0
-0.078513 -0.643529 0.494323 0 255 0
-0.164772 -0.739372 0.500118 0 255 0
-0.032943 -0.682212 0.594772 0 255 0
-0.110523 -0.640586 0.507548 0 255 0
-0.107951 -0.590854 0.443733 0 255 0
0.017285 -0.600517 0.489947 0 255 0
0.003990 -0.612582 0.389195 0 255 0
-0.191582 -0.517880 0.498919 0 255 0
-0.134487 -0.464739 0.516263 0 255 0
-0.149330 -0.610809 0.552061 0 255 0
-0.171347 -0.520387 0.571216 0 255 0
-0.185784 -0.511554 0.492482 0 255 0
-0.144258 -0.579111 0.507246 0 255 0
-0.211712 -0.548438 0.565754 0 255 0
-0.181049 -0.627902 0.445512 0 255 0
-0.335271 -0.665675 0.453763 0 255 0
-0.243334 -0.516534 0.513257 0 255 0
-0.239926 -0.461439 0.483210 0 255 0
-0.227647 -0.602087 0.568466 0 255 0
-0.269351 -0.549357 0.549260 0 255 0
-0.174846 -0.562371 0.546634 0 255 0
-0.157048 -0.446102 0.509427 0 255 0
-0.306727 -0.491852 0.436979 0 255 0
-0.164009 -0.435378 0.491388 0 255 0
-0.242462 -0.484535 0.603861 0 255 0
-0.132959 -0.523610 0.488256 0 255 0
-0.138444 -0.653696 0.549249 0 255 0
-0.178061 -0.503188 0.526529 0 255 0
-0.247223 -0.576737 0.501879 0 255 0
-0.144761 -0.564768 0.506902 0 255 0
-0.232108 -0.524830 0.517158 0 255 0
-0.213415 -0.601042 0.561857 0 255 0
-0.207066 -0.545579 0.576578 0 255 0
-0.252671 -0.535585 0.482074 0 255 0
-0.033591 -0.560460 0.511310 0 255 0
-0.140590 -0.641403 0.425438 0 255 0
-0.093359 -0.619120 0.575055 0 255 0
-0.189919 -0.551769 0.468032 0 255 0
-0.230519 -0.582558 0.578688 0 255 0
-0.064289 -0.593323 0.553829 0 255 0
0.003682 -0.542601 0.515534 0 255 0
-0.120806 -0.623082 0.490023 0 255 0
-0.098880 -0.587023 0.515710 0 255 0
-0.227380 -0.525673 0.528083 0 255 0
-0.219270 -0.566512 0.558032 0 255 0
-0.185050 -0.536937 0.519786 0 255 0
-0.150248 -0.577262 0.573942 0 255 0
-0.099846 -0.557077 0.633734 0 255 0
-0.249645 -0.519550 0.547016 0 255 0
-0.183267 -0.692612 0.587815 0 255 0
-0.158019 -0.468622 0.545164 0 255 0
-0.144299 -0.592714 0.551903 0 255 0
-0.220491 -0.517456 0.493361 0 255 0
-0.240328 -0.534392 0.538131 0 255 0
-0.027210 -0.588586 0.504727 0 255 0
-0.063739 -0.567860 0.537125 0 255 0
-0.171712 -0.538667 0.510704 0 255 0
-0.157601 -0.561414 0.523770 0 255 0
-0.162812 -0.646107 0.541831 0 255 0
-0.179082 -0.546868 0.517206 0 255 0
-0.166257 -0.630877 0.563732 0 255 0
-0.175771 -0.497439 0.530505 0 255 0
-0.168649 -0.580868 0.405078 0 255 0
-0.159150 -0.675633 0.485528 0 255 0
-0.051680 -0.570307 0.554542 0 255 0
-0.113772 -0.552023 0.588673 0 255 0
-0.159227 -0.214073 0.424144 0 255 0
-0.079273 -0.146583 0.327318 0 255 0
-0.047917 -0.286391 0.389437 0 255 0
-0.264370 -0.119266 0.542484 0 255 0
-0.159561 -0.130127 0.605018 0 255 0
-0.194752 -0.111331 0.608139 0 255 0
-0.263516 -0.293595 0.569302 0 255 0
-0.305496 -0.191951 0.529576 0 255 0
-0.252138 -0.295161 0.504354 0 255 0
-0.216431 -0.191074 0.539207 0 255 0
-0.208269 -0.130230 0.617354 0 255 0
-0.179991 -0.518720 0.449376 0 255 0
-0.108681 -0.500637 0.573422 0 255 0
-0.145972 -0.510249 0.515536 0 255 0
0.069904 0.027059 0.649801 0 255 0
-0.067739 0.108354 0.638235 0 255 0
-0.006886 0.088390 0.657685 0 255 0
-0.031544 -0.403041 0.515699 0 255 0
-0.108086 -0.543277 0.386606 0 255 0
-0.093312 -0.393847 0.553005 0 255 0
-0.093863 -0.517199 0.464460 0 255 0
-0.084921 -0.424550 0.478242 0 255 0
-0.168407 -0.584537 0.492652 0 255 0
-0.114276 -0.432990 0.467204 0 255 0
-0.116509 -0.524664 0.526714 0 255 0
-0.131279 -0.366846 0.520863 0 255 0
-0.225181 0.094024 0.333733 0 255 0
-0.129120 0.086631 0.461561 0 255 0
-0.089288 0.086757 0.288220 0 255 0
-0.045571 0.107968 0.403589 0 255 0
-0.133156 0.114746 0.325880 0 255 0
-0.067242 0.010989 0.334951 0 255 0
-0.088766 0.101475 0.414971 0 255 0
-0.208330 0.271426 0.497754 0 255 0
-0.278679 0.094832 0.476041 0 255 0
-0.194692 0.095655 0.470025 0 255 0
-0.260164 0.132611 0.457845 0 255 0
-0.205393 0.155209 0.427298 0 255 0
-0.208722 0.167909 0.394618 0 255 0
-0.211833 0.124550 0.507350 0 255 0
-0.277001 0.091744 0.534097 0 255 0
-0.225685 0.156888 0.600887 0 255 0
-0.267641 0.151225 0.515774 0 255 0
-0.251758 0.170583 0.552608 0 255 0
-0.270993 0.104320 0.571668 0 255 0
-0.186548 0.190161 0.548536 0 255 0
-0.269720 0.247467 0.562252 0 255 0
-0.206959 0.184910 0.656602 0 255 0
-0.289283 0.139107 0.613155 0 255 0
-0.103595 0.155112 0.706076 0 255 0
-0.061213 0.160206 0.688700 0 255 0
-0.111592 0.241671 0.565202 0 255 0
-0.052104 0.196952 0.734113 0 255 0
-0.106965 0.165626 0.570603 0 255 0
0.033254 0.256346 0.630353 0 255 0
-0.253714 -0.369555 0.559900 0 255 0
-0.301254 -0.289153 0.392878 0 255 0
-0.120798 -0.291992 0.403509 0 255 0
-0.078343 -0.332727 0.397351 0 255 0
-0.232452 -0.163302 0.414161 0 255 0
-0.076963 -0.207254 0.401216 0 255 0
-0.183983 -0.226558 0.374001 0 255 0
-0.224007 -0.200766 0.369673 0 255 0
-0.164109 -0.327297 0.351526 0 255 0
-0.209634 -0.260646 0.380516 0 255 0
-0.145998 -0.250825 0.315427 0 255 0
-0.202178 -0.271154 0.375071 0 255 0
-0.122048 -0.207419 0.423239 0 255 0
-0.186413 -0.340346 0.351399 0 255 0
-0.203924 -0.338760 0.432499 0 255 0
-0.180553 -0.384268 0.435936 0 255 0
-0.204796 -0.332235 0.353061 0 255 0
-0.307743 -0.223892 0.442593 0 255 0
-0.209245 -0.156251 0.315245 0 255 0
-0.192273 -0.305372 0.408132 0 255 0
-0.157654 -0.269799 0.415752 0 255 0
-0.177203 -0.331985 0.475930 0 255 0
-0.214799 -0.355931 0.487303 0 255 0
-0.292960 -0.357289 0.469429 0 255 0
-0.276436 -0.365005 0.483270 0 255 0
-0.232629 -0.223353 0.429154 0 255 0
-0.180649 -0.150481 0.359407 0 255 0
-0.113886 -0.107812 0.420196 0 255 0
-0.192937 -0.051885 0.476765 0 255 0
-0.260704 -0.183798 0.494131 0 255 0
-0.218807 -0.196176 0.464521 0 255 0
-0.231904 -0.290584 0.431198 0 255 0
-0.234106 -0.253460 0.467977 0 255 0
-0.237007 -0.253837 0.491553 0 255 0
-0.186875 -0.350199 0.495919 0 255 0
-0.157831 -0.316854 0.537232 0 255 0
-0.181444 -0.309770 0.457109 0 255 0
-0.193483 -0.241663 0.539476 0 255 0
-0.244416 -0.292421 0.544121 0 255 0
-0.292177 -0.307352 0.466173 0 255 0
-0.269566 -0.240767 0.459290 0 255 0
-0.092832 -0.343330 0.450879 0 255 0
-0.284866 -0.266210 0.398350 0 255 0
-0.250508 -0.377834 0.483146 0 255 0
-0.236658 -0.266423 0.481394 0 255 0
-0.216794 -0.361669 0.428787 0 255 0
-0.342838 -0.252900 0.504908 0 255 0
-0.255854 -0.344881 0.504566 0 255 0
-0.281494 -0.356518 0.476829 0 255 0
-0.268418 -0.279593 0.542236 0 255 0
-0.310666 -0.230000 0.417176 0 255 0
-0.172812 -0.238754 0.491112 0 255 0
-0.149822 -0.420350 0.524909 0 255 0
-0.232726 -0.337932 0.465252 0 255 0
-0.213754 -0.301506 0.400896 0 255 0
-0.187873 -0.369942 0.452687 0 255 0
-0.257822 -0.379119 0.473364 0 255 0
-0.216799 -0.252204 0.570133 0 255 0
-0.160831 -0.332751 0.559532 0 255 0
-0.175286 -0.365060 0.538953 0 255 0
-0.226396 -0.308950 0.486061 0 255 0
-0.173115 -0.340683 0.503580 0 255 0
-0.202507 -0.303118 0.478686 0 255 0
-0.195210 -0.384456 0.536969 0 255 0
-0.200831 -0.264368 0.455675 0 255 0
-0.227283 -0.370400 0.472298 0 255 0
-0.188277 -0.378988 0.421016 0 255 0
-0.258453 -0.346729 0.395708 0 255 0
-0.268214 -0.367440 0.520175 0 255 0
-0.225473 -0.258270 0.443356 0 255 0
-0.244715 -0.339150 0.428690 0 255 0
-0.274593 -0.247723 0.518920 0 255 0
-0.259444 -0.220644 0.479323 0 255 0
-0.264690 -0.368314 0.517077 0 255 0
-0.315849 -0.387507 0.398550 0 255 0
-0.229805 -0.357435 0.544603 0 255 0
-0.211646 -0.343888 0.378514 0 255 0
-0.257512 -0.280289 0.449463 0 255 0
-0.188525 -0.247087 0.454100 0 255 0
-0.214547 -0.390249 0.555864 0 255 0
-0.261348 -0.369597 0.454859 0 255 0
-0.262181 -0.234425 0.384633 0 255 0
-0.220472 -0.245984 0.366303 0 255 0
-0.246412 -0.265835 0.523869 0 255 0
-0.158266 -0.341600 0.484453 0 255 0
-0.149797 -0.284539 0.501015 0 255 0
-0.141658 -0.371040 0.501995 0 255 0
-0.068338 -0.336806 0.548782 0 255 0
-0.099832 -0.334186 0.543462 0 255 0
-0.273779 -0.394636 0.540006 0 255 0
-0.176240 -0.304749 0.570381 0 255 0
-0.012477 -0.301113 0.512676 0 255 0
-0.174698 -0.514236 0.527351 0 255 0
-0.366633 -0.303544 0.519405 0 255 0
-0.215042 -0.331463 0.524059 0 255 0
-0.270501 -0.293702 0.598241 0 255 0
-0.242166 -0.480105 0.520447 0 255 0
0.060535 -0.385192 0.513202 0 255 0
0.069470 -0.400549 0.522085 0 255 0
0.036115 -0.455858 0.606726 0 255 0
-0.012392 -0.434129 0.484440 0 255 0
-0.256622 -0.682144 0.616445 0 255 0
-0.200558 -0.587389 0.554265 0 255 0
-0.138329 -0.618116 0.597254 0 255 0
-0.140973 -0.558289 0.452745 0 255 0
-0.186601 -0.718724 0.477470 0 255 0
-0.122781 -0.554522 0.387240 0 255 0
-0.112281 -0.507993 0.347655 0 255 0
-0.160199 -0.526117 0.609328 0 255 0
-0.207515 -0.670689 0.563471 0 255 0
-0.082134 -0.517593 0.518565 0 255 0
0.011567 -0.664555 0.394969 0 255 0
-0.001677 -0.579444 0.406676 0 255 0
0.000591 -0.635924 0.499430 0 255 0
0.006510 -0.670379 0.449472 0 255 0
-0.057385 -0.660552 0.422380 0 255 0
0.025682 -0.621377 0.438698 0 255 0
0.028320 -0.718112 0.518314 0 255 0
0.067178 -0.519040 0.513954 0 255 0
0.075523 -0.677220 0.449424 0 255 0
0.074927 -0.720322 0.462299 0 255 0
0.164879 -0.661871 0.522634 0 255 0
-0.029160 -0.554215 0.466377 0 255 0
0.086817 -0.657024 0.437220 0 255 0
-0.077274 -0.636729 0.447793 0 255 0
-0.075256 -0.696240 0.503029 0 255 0
0.082593 -0.579693 0.531077 0 255 0
0.071420 -0.714324 0.478224 0 255 0
0.012539 -0.659300 0.484508 0 255 0
0.071957 -0.747893 0.540740 0 255 0
0.069507 -0.686215 0.536112 0 255 0
0.011413 -0.678757 0.483829 0 255 0
0.039809 -0.671938 0.475457 0 255 0
-0.003346 -0.688039 0.505231 0 255 0
-0.077147 -0.697704 0.577333 0 255 0
0.016682 -0.695165 0.486177 0 255 0
-0.002795 -0.611765 0.436954 0 255 0
-0.009810 -0.636210 0.353526 0 255 0
0.010303 -0.580447 0.478465 0 255 0
-0.066816 -0.588764 0.502133 0 255 0
-0.000316 -0.589668 0.444578 0 255 0
-0.077495 -0.649751 0.533618 0 255 0
-0.016099 -0.611042 0.481942 0 255 0
-0.063503 -0.531101 0.407290 0 255 0
-0.043844 -0.561002 0.500045 0 255 0
-0.090427 -0.731022 0.576005 0 255 0
-0.059892 -0.669002 0.574068 0 255 0
0.025218 -0.651455 0.486979 0 255 0
0.088040 -0.588502 0.552111 0 255 0
0.039332 -0.604591 0.451705 0 255 0
0.013742 -0.620527 0.534169 0 255 0
0.064950 -0.567886 0.456776 0 255 0
0.083920 -0.548518 0.519585 0 255 0
0.069307 -0.674180 0.460838 0 255 0
0.046790 -0.710855 0.424125 0 255 0
-0.046802 -0.677767 0.470265 0 255 0
-0.013085 -0.714792 0.483210 0 255 0
0.025826 -0.615092 0.396228 0 255 0
0.060348 -0.666086 0.518931 0 255 0
-0.019234 -0.663045 0.511588 0 255 0
-0.028621 -0.659170 0.503771 0 255 0
0.040958 -0.636630 0.462423 0 255 0
-0.016583 -0.680418 0.471721 0 255 0
-0.034245 -0.683143 0.441594 0 255 0
0.064327 -0.748205 0.532071 0 255 0
-0.029186 -0.749480 0.455692 0 255 0
-0.096298 -0.633173 0.508575 0 255 0
-0.033706 -0.681334 0.494444 0 255 0
-0.105349 -0.673046 0.496245 0 255 0
-0.034997 -0.636329 0.555325 0 255 0
-0.037167 -0.620867 0.558752 0 255 0
0.067498 -0.710563 0.539967 0 255 0
0.002308 -0.702186 0.468969 0 255 0
-0.009229 -0.628712 0.540175 0 255 0
0.140376 -0.608812 0.402302 0 255 0
0.070165 -0.639230 0.462251 0 255 0
0.129752 -0.735619 0.465384 0 255 0
0.043502 -0.603438 0.437051 0 255 0
0.136318 -0.616015 0.497038 0 255 0
0.102209 -0.639956 0.427242 0 255 0
0.130908 -0.587155 0.457363 0 255 0
0.109635 -0.669681 0.469435 0 255 0
0.184647 -0.631892 0.514051 0 255 0
0.121577 -0.688108 0.473796 0 255 0
0.110530 -0.661180 0.513885 0 255 0
0.179494 -0.687709 0.453433 0 255 0
0.069939 -0.671504 0.422573 0 255 0
0.098781 -0.662367 0.407925 0 255 0
0.067299 -0.774355 0.388893 0 255 0
0.205307 -0.600759 0.436024 0 255 0
0.138244 -0.599860 0.401616 0 255 0
0.094905 -0.753787 0.496756 0 255 0
0.114942 -0.659475 0.497438 0 255 0
0.110501 -0.683100 0.434127 0 255 0
0.128721 -0.700794 0.420161 0 255 0
0.198256 -0.655624 0.419440 0 255 0
0.095820 -0.606278 0.465068 0 255 0
0.074656 -0.652914 0.430738 0 255 0
0.044624 -0.710678 0.366919 0 255 0
0.077389 -0.636283 0.455632 0 255 0
0.099297 -0.642623 0.427334 0 255 0
0.198055 -0.639022 0.416690 0 255 0
0.042021 -0.593604 0.437810 0 255 0
0.187330 -0.611541 0.461246 0 255 0
0.086320 -0.605097 0.408537 0 255 0
0.085312 -0.703672 0.550553 0 255 0
0.140023 -0.637096 0.453933 0 255 0
0.106349 -0.607719 0.470365 0 255 0
0.063971 -0.629770 0.603238 0 255 0
0.133470 -0.646107 0.493535 0 255 0
0.087497 -0.635306 0.471461 0 255 0
0.120511 -0.678218 0.431607 0 255 0
0.109814 -0.603160 0.522872 0 255 0
-0.044209 -0.613273 0.440377 0 255 0
0.036718 -0.561389 0.460443 0 255 0
0.062822 -0.648833 0.496079 0 255 0
0.137552 -0.588530 0.438245 0 255 0
0.009349 -0.673119 0.498841 0 255 0
0.089773 -0.720908 0.530221 0 255 0
0.094066 -0.604501 0.370836 0 255 0
0.266207 -0.674657 0.394061 0 255 0
0.087294 -0.624431 0.422620 0 255 0
0.181295 -0.728697 0.462508 0 255 0
0.020259 -0.746506 0.504524 0 255 0
0.102070 -0.735568 0.484945 0 255 0
0.037107 -0.663103 0.409743 0 255 0
0.032130 -0.696829 0.474310 0 255 0
0.047714 -0.682313 0.446165 0 255 0
0.074996 -0.690116 0.449174 0 255 0
0.160236 -0.672135 0.421625 0 255 0
0.093688 -0.652292 0.384765 0 255 0
0.187204 -0.708898 0.488867 0 255 0
0.129110 -0.728709 0.437699 0 255 0
0.177349 -0.679613 0.463187 0 255 0
0.183601 -0.617105 0.453809 0 255 0
0.181359 -0.642051 0.512353 0 255 0
0.090220 -0.706416 0.520926 0 255 0
0.120956 -0.663739 0.456595 0 255 0
0.120425 -0.822689 0.463901 0 255 0
0.201510 -0.615292 0.427090 0 255 0
0.092597 -0.673160 0.462892 0 255 0
0.033881 -0.619262 0.442930 0 255 0
0.185753 -0.567972 0.401442 0 255 0
-0.010791 -0.768909 0.482714 0 255 0
0.125469 -0.774474 0.438532 0 255 0
0.079864 -0.726868 0.523627 0 255 0
0.087659 -0.743666 0.490020 0 255 0
0.125022 -0.676131 0.479878 0 255 0
0.154434 -0.777238 0.514110 0 255 0
0.133115 -0.725324 0.446729 0 255 0
0.133611 -0.660077 0.466844 0 255 0
-0.001080 -0.675488 0.487121 0 255 0
-0.018585 -0.630378 0.428137 0 255 0
0.086494 -0.703046 0.456145 0 255 0
0.089759 -0.739426 0.485667 0 255 0
0.164821 -0.816914 0.446304 0 255 0
0.078771 -0.766757 0.366226 0 255 0
0.028205 -0.621812 0.462501 0 255 0
0.144932 -0.627138 0.487856 0 255 0
0.173110 -0.629077 0.444900 0 255 0
0.185435 -0.724286 0.451576 0 255 0
0.116556 -0.604067 0.558428 0 255 0
0.009381 -0.651940 0.461115 0 255 0
0.071093 -0.646732 0.384751 0 255 0
0.031214 -0.636199 0.433434 0 255 0
0.174730 -0.605582 0.497301 0 255 0
0.112093 -0.642596 0.498644 0 255 0
0.204896 -0.677308 0.567397 0 255 0
0.105916 -0.745113 0.485496 0 255 0
0.110111 -0.749932 0.595140 0 255 0
0.110107 -0.688065 0.525605 0 255 0
0.046134 -0.710479 0.520685 0 255 0
0.113332 -0.707609 0.485700 0 255 0
0.165324 -0.762622 0.523768 0 255 0
0.139829 -0.680301 0.448499 0 255 0
0.151592 -0.696124 0.522604 0 255 0
0.192962 -0.659313 0.489280 0 255 0
0.097852 -0.646120 0.436286 0 255 0
0.134261 -0.750327 0.381677 0 255 0
0.047031 -0.636345 0.438881 0 255 0
0.030629 -0.671892 0.546126 0 255 0
-0.027734 -0.681000 0.514812 0 255 0
0.038152 -0.691974 0.519345 0 255 0
0.060465 -0.674620 0.432342 0 255 0
-0.039882 -0.728732 0.533187 0 255 0
-0.034060 -0.718236 0.474644 0 255 0
0.138898 -0.701333 0.452386 0 255 0
0.001028 -0.664386 0.432055 0 255 0
0.005521 -0.621694 0.390415 0 255 0
0.079362 -0.631751 0.560649 0 255 0
0.034317 -0.716473 0.532768 0 255 0
0.082420 -0.693952 0.465785 0 255 0
0.076986 -0.736767 0.457175 0 255 0
0.074483 -0.735297 0.399535 0 255 0
0.014332 -0.628568 0.457763 0 255 0
0.070279 -0.627249 0.470234 0 255 0
0.041381 -0.718554 0.624076 0 255 0
0.150233 -0.694080 0.491239 0 255 0
0.013976 -0.684905 0.513203 0 255 0
0.002502 -0.706478 0.438277 0 255 0
0.084300 -0.649962 0.518038 0 255 0
0.042030 -0.753897 0.434826 0 255 0
-0.030635 -0.562530 0.545042 0 255 0
0.003299 -0.590595 0.556122 0 255 0
0.004124 -0.591543 0.396326 0 255 0
0.136825 -0.584533 0.503185 0 255 0
0.049283 -0.558010 0.517129 0 255 0
0.070748 -0.566082 0.457279 0 255 0
0.058960 -0.629516 0.377527 0 255 0
0.115885 -0.617133 0.409887 0 255 0
0.125500 -0.677577 0.455948 0 255 0
0.132631 -0.545491 0.443749 0 255 0
0.063721 -0.665609 0.432270 0 255 0
0.048202 -0.669811 0.556550 0 255 0
0.153576 -0.684873 0.437667 0 255 0
0.174688 -0.722774 0.319199 0 255 0
0.198371 -0.713156 0.375576 0 255 0
0.181651 -0.676705 0.471416 0 255 0
0.206266 -0.606359 0.399528 0 255 0
0.090008 -0.733982 0.323823 0 255 0
0.184044 -0.735442 0.403583 0 255 0
0.107267 -0.750106 0.396539 0 255 0
0.048110 -0.589431 0.517377 0 255 0
0.092968 -0.706446 0.480867 0 255 0
0.192988 -0.650232 0.563240 0 255 0
0.155578 -0.702448 0.483419 0 255 0
0.065585 -0.657286 0.401467 0 255 0
0.203274 -0.636978 0.295740 0 255 0
0.070419 -0.688882 0.450906 0 255 0
0.171855 -0.712629 0.486523 0 255 0
0.131311 -0.806194 0.397241 0 255 0
0.079041 -0.616591 0.478164 0 255 0
0.075991 -0.674515 0.502572 0 255 0
-0.013904 -0.632960 0.529876 0 255 0
0.129115 -0.708434 0.427713 0 255 0
0.100126 -0.626882 0.513346 0 255 0
0.085814 -0.704083 0.490241 0 255 0
0.121891 -0.662956 0.435554 0 255 0
0.148397 -0.678276 0.488968 0 255 0
0.024295 -0.723862 0.485606 0 255 0
0.123839 -0.721878 0.473950 0 255 0
0.087711 -0.666738 0.470557 0 255 0
0.068614 -0.613604 0.435665 0 255 0
0.050031 -0.693329 0.570803 0 255 0
0.270059 -0.715971 0.427933 0 255 0
0.106401 -0.704063 0.435071 0 255 0
0.201848 -0.681568 0.477238 0 255 0
0.156758 -0.772327 0.447801 0 255 0
0.144888 -0.697659 0.342625 0 255 0
0.050788 -0.778716 0.420353 0 255 0
0.200613 -0.728245 0.385751 0 255 0
0.105646 -0.706491 0.445806 0 255 0
0.166509 -0.705708 0.546552 0 255 0
0.226797 -0.684690 0.486446 0 255 0
0.046624 -0.578511 0.471805 0 255 0
0.102695 -0.631604 0.393296 0 255 0
0.171123 -0.736353 0.489206 0 255 0
0.111615 -0.642737 0.448552 0 255 0
0.077554 -0.710217 0.461903 0 255 0
0.057648 -0.685218 0.493262 0 255 0
0.165320 -0.699173 0.338316 0 255 0
0.177006 -0.684544 0.434859 0 255 0
0.042751 -0.695529 0.438725 0 255 0
0.088528 -0.645833 0.453937 0 255 0
0.087932 -0.694787 0.451947 0 255 0
0.108192 -0.595997 0.503194 0 255 0
0.100682 -0.669260 0.440651 0 255 0
0.166585 -0.669596 0.410228 0 255 0
0.130466 -0.705239 0.479290 0 255 0
0.151726 -0.714251 0.440634 0 255 0
0.139550 -0.697429 0.446540 0 255 0
0.197193 -0.588997 0.508242 0 255 0
0.139114 -0.674024 0.460472 0 255 0
0.192397 -0.659185 0.429979 0 255 0
0.094417 -0.693902 0.384836 0 255 0
0.087446 -0.648845 0.492568 0 255 0
-0.002920 -0.628224 0.411973 0 255 0
0.101552 -0.537007 0.442571 0 255 0
0.204877 -0.702394 0.453634 0 255 0
0.218337 -0.681448 0.457227 0 255 0
0.147513 -0.640591 0.421614 0 255 0
0.089597 -0.813398 0.472962 0 255 0
0.222024 -0.681300 0.455287 0 255 0
0.159774 -0.741316 0.467704 0 255 0
-0.007835 -0.689254 0.466785 0 255 0
0.120730 -0.731831 0.457322 0 255 0
0.011038 -0.747596 0.441285 0 255 0
0.088793 -0.788344 0.411930 0 255 0
0.029493 -0.684157 0.485575 0 255 0
0.064744 -0.683975 0.507119 0 255 0
0.045621 -0.702549 0.570908 0 255 0
0.123726 -0.761369 0.535239 0 255 0
0.091562 -0.680343 0.488513 0 255 0
0.090766 -0.677122 0.449484 0 255 0
0.056849 -0.637619 0.462837 0 255 0
0.048924 -0.663759 0.467923 0 255 0
0.153076 -0.726638 0.333024 0 255 0
0.003791 -0.778758 0.422485 0 255 0
0.031182 -0.639179 0.504234 0 255 0
0.048719 -0.701244 0.373350 0 255 0
0.027785 -0.621733 0.457512 0 255 0
0.035315 -0.644240 0.430437 0 255 0
0.056973 -0.724678 0.481082 0 255 0
0.051014 -0.647233 0.442748 0 255 0
0.139061 -0.736634 0.420163 0 255 0
0.058510 -0.768257 0.417769 0 255 0
0.153725 -0.765965 0.353404 0 255 0
0.187320 -0.715031 0.426885 0 255 0
0.204974 -0.682396 0.467809 0 255 0
0.128679 -0.686532 0.461322 0 255 0
0.108098 -0.660390 0.466875 0 255 0
0.172546 -0.691200 0.446072 0 255 0
0.199055 -0.703468 0.366346 0 255 0
0.074104 -0.664371 0.411776 0 255 0
0.082437 -0.705062 0.382636 0 255 0
0.036803 -0.649621 0.451784 0 255 0
0.096706 -0.623512 0.299309 0 255 0
0.052862 -0.582251 0.450479 0 255 0
0.058671 -0.710369 0.527880 0 255 0
0.032758 -0.608527 0.416209 0 255 0
0.045893 -0.765954 0.407107 0 255 0
0.112814 -0.608153 0.424252 0 255 0
0.011862 -0.640221 0.468266 0 255 0
0.139766 -0.660094 0.431276 0 255 0
0.212450 -0.691370 0.414408 0 255 0
0.202721 -0.620573 0.429148 0 255 0
0.037267 -0.671971 0.432957 0 255 0
0.004151 -0.642995 0.517093 0 255 0
0.052734 -0.647529 0.543704 0 255 0
0.113032 -0.581639 0.545020 0 255 0
0.189175 -0.666877 0.490193 0 255 0
0.103274 -0.658417 0.484512 0 255 0
0.024929 -0.733429 0.450887 0 255 0
-0.010671 -0.605563 0.485463 0 255 0
0.020785 -0.632436 0.519575 0 255 0
0.020679 -0.671154 0.500932 0 255 0
-0.043965 -0.647370 0.465551 0 255 0
0.224284 -0.668103 0.439296 0 255 0
0.133474 -0.700499 0.445926 0 255 0
0.107869 -0.711410 0.490947 0 255 0
0.124763 -0.659670 0.406602 0 255 0
0.078131 -0.564801 0.445756 0 255 0
0.084172 -0.561546 0.470357 0 255 0
0.119660 -0.542918 0.449819 0 255 0
0.115260 -0.642290 0.380030 0 255 0
0.097705 -0.554429 0.435445 0 255 0
0.064474 -0.548100 0.524721 0 255 0
0.107432 -0.744470 0.478683 0 255 0
0.144254 -0.764368 0.521246 0 255 0
0.086984 -0.744667 0.469960 0 255 0
0.148616 -0.745818 0.455140 0 255 0
0.072062 -0.715423 0.458846 0 255 0
0.092694 -0.746769 0.430750 0 255 0
0.196071 -0.619795 0.396097 0 255 0
0.208485 -0.670330 0.482033 0 255 0
0.117071 -0.649412 0.441476 0 255 0
0.066116 -0.703694 0.469276 0 255 0
0.093770 -0.648910 0.498930 0 255 0
0.132819 -0.501827 0.430338 0 255 0
0.139149 -0.602818 0.430406 0 255 0
0.135829 -0.711651 0.525930 0 255 0
0.157302 -0.691883 0.458641 0 255 0
0.116344 -0.669948 0.407270 0 255 0
0.086756 -0.783169 0.442832 0 255 0
0.227456 -0.639024 0.410990 0 255 0
0.245924 -0.670750 0.434242 0 255 0
0.103736 -0.738069 0.525708 0 255 0
0.119909 -0.724469 0.453511 0 255 0
0.137065 -0.612310 0.511864 0 255 0
0.170242 -0.762459 0.523733 0 255 0
0.079271 -0.698514 0.542082 0 255 0
0.089088 -0.658334 0.384180 0 255 0
0.202676 -0.578489 0.492224 0 255 0
0.148282 -0.708025 0.430013 0 255 0
0.157005 -0.620766 0.484603 0 255 0
0.266554 -0.658253 0.440482 0 255 0
0.100880 -0.709617 0.463845 0 255 0
0.198071 -0.708713 0.438307 0 255 0
0.093012 -0.596583 0.614873 0 255 0
0.070214 -0.731936 0.398875 0 255 0
0.221755 -0.577830 0.411358 0 255 0
0.182356 -0.704886 0.562183 0 255 0
0.087409 -0.731070 0.525553 0 255 0
0.204011 -0.729248 0.563236 0 255 0
0.184778 -0.772447 0.469652 0 255 0
0.120048 -0.819168 0.419743 0 255 0
0.161137 -0.707972 0.437748 0 255 0
0.165946 -0.576010 0.518695 0 255 0
0.079010 -0.656024 0.371197 0 255 0
0.239570 -0.758939 0.504393 0 255 0
0.153191 -0.618611 0.466915 0 255 0
0.150516 -0.650960 0.534624 0 255 0
0.128415 -0.622541 0.421058 0 255 0
0.161826 -0.698557 0.412679 0 255 0
0.216140 -0.653587 0.436232 0 255 0
0.210510 -0.721295 0.437356 0 255 0
0.242077 -0.670884 0.397074 0 255 0
0.140089 -0.693580 0.440203 0 255 0
0.314626 -0.707152 0.417361 0 255 0
0.140799 -0.634436 0.328705 0 255 0
0.099160 -0.622300 0.367666 0 255 0
0.177458 -0.728389 0.479789 0 255 0
0.121793 -0.715154 0.413033 0 255 0
0.122742 -0.664890 0.488592 0 255 0
0.267145 -0.702819 0.442277 0 255 0
0.192976 -0.647796 0.509176 0 255 0
0.176143 -0.699523 0.481753 0 255 0
0.209535 -0.809794 0.450844 0 255 0
0.274649 -0.644800 0.475678 0 255 0
0.238435 -0.671768 0.497820 0 255 0
0.279137 -0.599022 0.488615 0 255 0
0.175668 -0.653204 0.446959 0 255 0
0.050503 -0.604375 0.385288 0 255 0
0.142359 -0.705943 0.383076 0 255 0
0.165747 -0.692736 0.425491 0 255 0
0.224737 -0.750837 0.457263 0 255 0
0.151939 -0.736237 0.400221 0 255 0
0.184340 -0.613616 0.493431 0 255 0
0.216888 -0.650014 0.385724 0 255 0
0.172482 -0.711466 0.494688 0 255 0
0.196190 -0.679673 0.423693 0 255 0
0.233217 -0.610411 0.463228 0 255 0
0.275547 -0.629141 0.440705 0 255 0
0.238911 -0.726079 0.500058 0 255 0
0.192702 -0.681297 0.352907 0 255 0
0.181941 -0.637651 0.424347 0 255 0
0.269779 -0.584199 0.339720 0 255 0
0.171551 -0.692113 0.462432 0 255 0
0.229104 -0.623155 0.388327 0 255 0
0.218309 -0.640601 0.413113 0 255 0
0.246041 -0.708080 0.361142 0 255 0
0.199116 -0.676412 0.428756 0 255 0
0.293244 -0.775626 0.439765 0 255 0
0.102511 -0.681866 0.458790 0 255 0
0.213565 -0.687313 0.429969 0 255 0
0.140966 -0.678136 0.437041 0 255 0
0.158275 -0.637454 0.414567 0 255 0
0.204263 -0.723959 0.463808 0 255 0
0.175354 -0.730551 0.483194 0 255 0
0.286789 -0.654107 0.449373 0 255 0
0.188115 -0.691504 0.548278 0 255 0
0.058779 -0.720402 0.373573 0 255 0
0.329926 -0.662420 0.429624 0 255 0
0.151183 -0.657122 0.478739 0 255 0
0.135338 -0.773952 0.408551 0 255 0
0.175265 -0.674248 0.404566 0 255 0
0.137007 -0.742070 0.434366 0 255 0
0.248885 -0.650993 0.356008 0 255 0
0.155661 -0.722380 0.445806 0 255 0
0.194277 -0.678081 0.474672 0 255 0
0.187216 -0.641871 0.436762 0 255 0
0.151922 -0.685071 0.418445 0 255 0
0.163428 -0.687372 0.425503 0 255 0
0.241641 -0.672932 0.404807 0 255 0
0.245692 -0.713695 0.355738 0 255 0
0.213445 -0.728571 0.426052 0 255 0
0.100735 -0.766266 0.399798 0 255 0
0.030136 -0.649200 0.519340 0 255 0
0.145385 -0.716993 0.481077 0 255 0
0.141792 -0.732229 0.476828 0 255 0
0.116873 -0.696480 0.522504 0 255 0
0.187257 -0.689809 0.479697 0 255 0
0.126784 -0.741439 0.447460 0 255 0
0.151621 -0.735523 0.461326 0 255 0
0.185888 -0.686463 0.437123 0 255 0
0.190196 -0.725702 0.375492 0 255 0
0.207931 -0.635334 0.458091 0 255 0
0.170069 -0.666683 0.476175 0 255 0
0.181429 -0.762875 0.484652 0 255 0
0.177526 -0.672431 0.458758 0 255 0
0.092290 -0.750230 0.358135 0 255 0
0.140977 -0.711532 0.357621 0 255 0
0.188895 -0.669864 0.397741 0 255 0
0.215790 -0.802091 0.415285 0 255 0
0.150818 -0.764869 0.427022 0 255 0
0.165682 -0.657779 0.438755 0 255 0
0.026310 -0.672491 0.471149 0 255 0
0.148975 -0.717668 0.444134 0 255 0
0.164742 -0.736247 0.420684 0 255 0
0.152285 -0.692891 0.482029 0 255 0
0.092260 -0.655815 0.410909 0 255 0
0.184739 -0.656341 0.446615 0 255 0
0.130490 -0.784026 0.444401 0 255 0
0.167698 -0.675839 0.408798 0 255 0
0.186222 -0.671192 0.401845 0 255 0
0.159429 -0.679472 0.401771 0 255 0
0.089986 -0.743890 0.365293 0 255 0
0.201207 -0.682056 0.512234 0 255 0
0.177098 -0.742933 0.380635 0 255 0
0.144792 -0.776249 0.520547 0 255 0
0.149055 -0.776921 0.374738 0 255 0
0.150568 -0.758753 0.401453 0 255 0
0.171443 -0.748043 0.467576 0 255 0
0.175718 -0.714688 0.493508 0 255 0
0.252091 -0.717992 0.481725 0 255 0
0.123135 -0.698389 0.466952 0 255 0
0.158195 -0.696141 0.523269 0 255 0
0.136932 -0.595718 0.420185 0 255 0
0.260840 -0.712138 0.459195 0 255 0
0.274681 -0.662129 0.560409 0 255 0
0.166282 -0.708541 0.411546 0 255 0
0.147097 -0.658970 0.383264 0 255 0
0.161319 -0.730589 0.474944 0 255 0
0.137627 -0.676822 0.365445 0 255 0
0.250554 -0.778645 0.433836 0 255 0
0.212387 -0.774200 0.553171 0 255 0
0.198473 -0.720913 0.548874 0 255 0
0.202328 -0.642577 0.368365 0 255 0
0.212184 -0.646350 0.374832 0 255 0
0.117814 -0.765673 0.384419 0 255 0
0.130973 -0.693950 0.384312 0 255 0
0.207490 -0.688312 0.379103 0 255 0
0.268417 -0.736898 0.474605 0 255 0
0.212744 -0.679036 0.340690 0 255 0
0.231069 -0.626309 0.403929 0 255 0
0.172595 -0.657267 0.407041 0 255 0
0.166600 -0.631495 0.364547 0 255 0
0.298700 -0.673916 0.426989 0 255 0
0.243020 -0.674515 0.516952 0 255 0
0.241793 -0.653169 0.472745 0 255 0
0.189271 -0.781194 0.410742 0 255 0
0.238572 -0.726673 0.361212 0 255 0
0.217787 -0.763211 0.431053 0 255 0
0.257145 -0.725501 0.470343 0 255 0
0.207401 -0.671807 0.460493 0 255 0
0.160949 -0.705779 0.527248 0 255 0
0.197606 -0.703373 0.504277 0 255 0
0.105901 -0.765308 0.423870 0 255 0
0.308805 -0.802133 0.457899 0 255 0
0.135220 -0.670003 0.477973 0 255 0
0.228106 -0.695748 0.421441 0 255 0
0.266932 -0.703990 0.295640 0 255 0
0.202298 -0.643749 0.395297 0 255 0
0.223168 -0.609792 0.527967 0 255 0
0.228626 -0.768091 0.462852 0 255 0
0.112967 -0.678522 0.466700 0 255 0
0.157430 -0.704724 0.404741 0 255 0
0.216730 -0.646339 0.362503 0 255 0
0.100839 -0.741601 0.526847 0 255 0
0.250975 -0.630900 0.367136 0 255 0
0.333013 -0.675471 0.329586 0 255 0
0.240069 -0.736083 0.446378 0 255 0
0.152171 -0.768492 0.363825 0 255 0
0.307899 -0.690838 0.440772 0 255 0
0.208679 -0.746723 0.374625 0 255 0
0.245797 -0.685146 0.523516 0 255 0
0.206512 -0.769944 0.490604 0 255 0
0.173655 -0.728545 0.421104 0 255 0
0.265513 -0.708131 0.383157 0 255 0
0.151997 -0.713609 0.516037 0 255 0
0.294624 -0.782519 0.474469 0 255 0
0.185480 -0.727448 0.482199 0 255 0
0.225522 -0.696566 0.458972 0 255 0
0.212756 -0.662947 0.406901 0 255 0
0.140915 -0.757204 0.463297 0 255 0
0.267419 -0.733442 0.365130 0 255 0
0.167942 -0.761603 0.358418 0 255 0
0.275976 -0.780328 0.502664 0 255 0
0.187530 -0.708686 0.440595 0 255 0
0.133731 -0.722858 0.441560 0 255 0
0.170202 -0.686378 0.482757 0 255 0
0.077178 -0.747111 0.401351 0 255 0
0.119110 -0.711538 0.462752 0 255 0
0.078342 -0.687693 0.480265 0 255 0
0.118706 -0.697732 0.383374 0 255 0
0.143747 -0.615108 0.476673 0 255 0
0.079989 -0.753366 0.459634 0 255 0
0.175674 -0.693453 0.481080 0 255 0
0.138361 -0.761181 0.459314 0 255 0
0.183427 -0.737823 0.387892 0 255 0
0.120229 -0.664316 0.416156 0 255 0
0.185531 -0.782405 0.441903 0 255 0
0.098925 -0.723263 0.427119 0 255 0
0.086170 -0.740612 0.476663 0 255 0
0.106243 -0.680972 0.497430 0 255 0
0.244334 -0.769842 0.455871 0 255 0
0.142591 -0.564955 0.429242 0 255 0
0.165976 -0.680760 0.476939 0 255 0
0.150917 -0.651346 0.496406 0 255 0
0.162778 -0.678948 0.379894 0 255 0
0.116535 -0.598759 0.456227 0 255 0
0.111265 -0.710998 0.441730 0 255 0
0.117177 -0.614079 0.333667 0 255 0
0.057857 -0.745068 0.421594 0 255 0
0.070386 -0.710986 0.454158 0 255 0
0.120847 -0.706086 0.392249 0 255 0
0.139106 -0.680292 0.477113 0 255 0
0.182668 -0.685638 0.480814 0 255 0
0.085373 -0.710391 0.429154 0 255 0
0.140803 -0.765635 0.527318 0 255 0
0.189223 -0.698741 0.447498 0 255 0
0.124853 -0.708447 0.402748 0 255 0
0.102763 -0.699881 0.390738 0 255 0
0.134122 -0.764163 0.415896 0 255 0
0.146280 -0.748734 0.423262 0 255 0
0.155061 -0.689528 0.490102 0 255 0
0.159879 -0.773147 0.430958 0 255 0
0.070851 -0.755333 0.378070 0 255 0
0.225698 -0.657855 0.441186 0 255 0
0.176825 -0.718229 0.441922 0 255 0
0.137236 -0.665630 0.429573 0 255 0
0.152468 -0.705396 0.466298 0 255 0
0.141719 -0.722350 0.455689 0 255 0
0.143849 -0.745349 0.460997 0 255 0
0.165385 -0.764029 0.522887 0 255 0
0.161778 -0.764106 0.555959 0 255 0
0.254013 -0.744678 0.456812 0 255 0
0.183428 -0.718511 0.445496 0 255 0
0.196220 -0.645187 0.408274 0 255 0
0.174924 -0.733023 0.423966 0 255 0
0.210564 -0.750993 0.465188 0 255 0
0.157562 -0.653317 0.511385 0 255 0
0.108239 -0.674131 0.428252 0 255 0
0.203081 -0.756378 0.459593 0 255 0
0.149480 -0.738420 0.439167 0 255 0
0.158878 -0.808101 0.460868 0 255 0
0.141214 -0.700806 0.357219 0 255 0
0.152709 -0.824249 0.428407 0 255 0
0.181598 -0.764431 0.519688 0 255 0
0.144518 -0.835276 0.405854 0 255 0
0.138220 -0.693144 0.285635 0 255 0
0.217859 -0.715181 0.393223 0 255 0
0.175991 -0.703750 0.414974 0 255 0
0.175519 -0.750459 0.440269 0 255 0
0.239079 -0.769360 0.500242 0 255 0
0.201212 -0.688516 0.486796 0 255 0
0.170569 -0.766694 0.342510 0 255 0
0.110871 -0.687249 0.474073 0 255 0
0.195636 -0.731292 0.429690 0 255 0
0.120270 -0.771713 0.411357 0 255 0
0.243089 -0.774406 0.388714 0 255 0
0.139890 -0.717021 0.532974 0 255 0
0.133451 -0.765194 0.384136 0 255 0
0.249400 -0.665836 0.503685 0 255 0
0.165507 -0.777824 0.428704 0 255 0
0.233574 -0.711248 0.433405 0 255 0
0.231227 -0.747160 0.467448 0 255 0
0.167230 -0.779590 0.529360 0 255 0
0.119380 -0.812262 0.514827 0 255 0
0.214049 -0.748707 0.515799 0 255 0
0.160627 -0.806721 0.392235 0 255 0
0.126413 -0.554125 0.457048 0 255 0
0.232565 -0.791689 0.396046 0 255 0
0.150957 -0.774584 0.376619 0 255 0
0.167387 -0.671579 0.426562 0 255 0
0.237203 -0.697684 0.490627 0 255 0
0.236540 -0.686660 0.551975 0 255 0
0.157503 -0.798587 0.468877 0 255 0
0.218928 -0.751965 0.456325 0 255 0
0.069159 -0.789356 0.406794 0 255 0
0.164542 -0.763497 0.514194 0 255 0
0.214609 -0.753538 0.439937 0 255 0
0.161045 -0.727156 0.413407 0 255 0
0.190293 -0.779678 0.344427 0 255 0
0.285552 -0.752912 0.376943 0 255 0
0.177426 -0.712521 0.500618 0 255 0
0.141310 -0.720878 0.401326 0 255 0
0.129530 -0.710497 0.405640 0 255 0
0.085554 -0.639004 0.541200 0 255 0
0.226361 -0.742571 0.440898 0 255 0
0.181619 -0.754079 0.438583 0 255 0
0.285245 -0.848701 0.391162 0 255 0
0.118676 -0.757204 0.429193 0 255 0
0.167489 -0.682311 0.423532 0 255 0
0.250584 -0.722918 0.433151 0 255 0
0.137975 -0.711699 0.448458 0 255 0
0.160298 -0.764968 0.581075 0 255 0
0.200004 -0.783104 0.454008 0 255 0
0.262444 -0.703671 0.485984 0 255 0
0.177179 -0.724055 0.435973 0 255 0
0.148602 -0.678759 0.403878 0 255 0
0.103252 -0.793389 0.367538 0 255 0
0.099871 -0.689167 0.461894 0 255 0
0.114096 -0.751750 0.428189 0 255 0
0.053476 -0.706179 0.397268 0 255 0
0.051924 -0.833838 0.497805 0 255 0
0.155658 -0.718525 0.459936 0 255 0
0.062294 -0.750912 0.465099 0 255 0
0.036401 -0.592136 0.450284 0 255 0
0.175317 -0.689397 0.470385 0 255 0
0.168900 -0.714499 0.485062 0 255 0
0.051620 -0.732573 0.532896 0 255 0
0.063461 -0.678447 0.457052 0 255 0
0.200623 -0.826448 0.559249 0 255 0
0.089163 -0.705413 0.476221 0 255 0
0.064655 -0.760743 0.449042 0 255 0
0.125193 -0.688510 0.473885 0 255 0
0.076828 -0.687578 0.436113 0 255 0
0.117591 -0.747109 0.446136 0 255 0
0.127728 -0.662002 0.513173 0 255 0
0.185102 -0.699604 0.462524 0 255 0
0.052490 -0.648455 0.408414 0 255 0
0.085716 -0.665636 0.463827 0 255 0
0.093427 -0.788207 0.512595 0 255 0
0.173764 -0.654348 0.490714 0 255 0
0.162122 -0.823930 0.531960 0 255 0
0.072588 -0.661399 0.524145 0 255 0
0.112416 -0.704444 0.447675 0 255 0
0.142413 -0.665002 0.417107 0 255 0
0.127864 -0.677016 0.493365 0 255 0
0.052617 -0.738051 0.525349 0 255 0
0.128506 -0.684868 0.493790 0 255 0
0.091082 -0.794757 0.447771 0 255 0
0.027826 -0.653136 0.514977 0 255 0
0.057801 -0.827160 0.406336 0 255 0
0.083487 -0.649211 0.441858 0 255 0
0.089304 -0.823409 0.466500 0 255 0
0.087559 -0.678953 0.603939 0 255 0
0.273798 -0.695957 0.614324 0 255 0
0.091105 -0.642159 0.409974 0 255 0
0.062263 -0.719368 0.429893 0 255 0
0.102499 -0.708858 0.540073 0 255 0
0.150557 -0.753915 0.425520 0 255 0
0.115898 -0.725761 0.473229 0 255 0
0.158105 -0.724327 0.511095 0 255 0
0.168204 -0.617755 0.519506 0 255 0
0.113031 -0.767456 0.427140 0 255 0
0.190922 -0.740475 0.511880 0 255 0
0.042908 -0.733029 0.468765 0 255 0
0.128815 -0.751428 0.411707 0 255 0
0.081685 -0.738827 0.501345 0 255 0
0.235384 -0.700944 0.450304 0 255 0
0.164727 -0.745327 0.521832 0 255 0
0.097416 -0.758310 0.422748 0 255 0
0.114182 -0.898966 0.587724 0 255 0
0.193973 -0.763253 0.586763 0 255 0
0.169421 -0.744714 0.464709 0 255 0
0.223232 -0.743293 0.490023 0 255 0
0.097194 -0.697467 0.503456 0 255 0
0.230845 -0.727050 0.533856 0 255 0
0.204502 -0.823338 0.442761 0 255 0
0.099410 -0.807167 0.471616 0 255 0
0.130968 -0.727674 0.541047 0 255 0
0.137375 -0.676880 0.504006 0 255 0
0.163277 -0.753225 0.459575 0 255 0
0.130973 -0.707280 0.375675 0 255 0
0.114731 -0.724900 0.534736 0 255 0
0.117677 -0.769847 0.441809 0 255 0
0.225703 -0.794801 0.474607 0 255 0
0.081913 -0.734946 0.520998 0 255 0
0.116316 -0.662933 0.509730 0 255 0
0.168313 -0.773123 0.569375 0 255 0
0.140698 -0.772813 0.444054 0 255 0
0.114856 -0.770875 0.525937 0 255 0
0.182320 -0.732783 0.532390 0 255 0
0.109057 -0.770774 0.414382 0 255 0
0.200280 -0.793988 0.381629 0 255 0
0.154559 -0.854920 0.476452 0 255 0
0.082841 -0.745024 0.437681 0 255 0
0.145580 -0.768089 0.506120 0 255 0
0.063622 -0.774264 0.490818 0 255 0
0.205685 -0.760570 0.453187 0 255 0
0.173049 -0.828326 0.425209 0 255 0
0.152789 -0.802814 0.513582 0 255 0
0.224808 -0.734935 0.453658 0 255 0
0.153246 -0.812095 0.514649 0 255 0
0.147732 -0.744841 0.518924 0 255 0
0.075559 -0.651004 0.505331 0 255 0
0.286373 -0.728747 0.406185 0 255 0
0.125422 -0.671972 0.468505 0 255 0
0.153110 -0.731768 0.477099 0 255 0
0.207709 -0.694591 0.503366 0 255 0
0.081913 -0.757531 0.520832 0 255 0
0.157548 -0.719154 0.442765 0 255 0
0.165182 -0.678349 0.452594 0 255 0
0.184417 -0.728694 0.447140 0 255 0
0.206977 -0.775145 0.404748 0 255 0
0.145665 -0.723482 0.505782 0 255 0
0.196445 -0.736919 0.431327 0 255 0
0.125377 -0.704757 0.491061 0 255 0
0.182215 -0.733357 0.389867 0 255 0
0.129848 -0.720716 0.374295 0 255 0
0.174250 -0.841637 0.435832 0 255 0
0.113446 -0.700916 0.516551 0 255 0
0.118850 -0.660254 0.467889 0 255 0
0.169750 -0.727528 0.541656 0 255 0
0.137844 -0.781535 0.517543 0 255 0
0.135492 -0.762158 0.458605 0 255 0
0.136339 -0.761550 0.471973 0 255 0
0.098094 -0.753624 0.466907 0 255 0
0.162875 -0.718255 0.485015 0 255 0
0.149315 -0.774197 0.448133 0 255 0
0.099728 -0.772070 0.357900 0 255 0
0.117270 -0.807412 0.549602 0 255 0
0.069782 -0.694163 0.464765 0 255 0
0.028399 -0.754663 0.449901 0 255 0
0.152212 -0.709524 0.487046 0 255 0
0.146874 -0.774872 0.487401 0 255 0
0.139997 -0.761522 0.390449 0 255 0
0.138004 -0.687149 0.526083 0 255 0
0.077359 -0.629327 0.417308 0 255 0
0.204586 -0.613547 0.511069 0 255 0
0.073832 -0.601412 0.590132 0 255 0
0.142564 -0.664272 0.483847 0 255 0
0.162955 -0.601814 0.420184 0 255 0
0.083814 -0.703188 0.456276 0 255 0
0.130399 -0.644800 0.443194 0 255 0
0.293375 -0.557034 0.400923 0 255 0
0.078652 -0.621579 0.445621 0 255 0
0.171233 -0.663641 0.439977 0 255 0
0.095450 -0.589004 0.417629 0 255 0
0.149027 -0.586569 0.455585 0 255 0
0.155943 -0.588000 0.372168 0 255 0
0.181656 -0.668984 0.398347 0 255 0
0.059999 -0.592223 0.445693 0 255 0
0.084681 -0.614403 0.502210 0 255 0
0.088673 -0.552614 0.448307 0 255 0
0.081915 -0.607799 0.425049 0 255 0
0.175997 -0.610680 0.496123 0 255 0
0.099856 -0.608746 0.477075 0 255 0
0.293646 -0.574863 0.521448 0 255 0
0.150447 -0.642246 0.427880 0 255 0
0.112676 -0.611293 0.448034 0 255 0
0.125814 -0.640979 0.482076 0 255 0
0.130280 -0.666096 0.505367 0 255 0
0.164587 -0.607559 0.413027 0 255 0
0.089424 -0.478556 0.514920 0 255 0
0.107474 -0.564221 0.478246 0 255 0
0.231384 -0.569164 0.530741 0 255 0
0.134191 -0.673891 0.480525 0 255 0
0.117049 -0.606778 0.437850 0 255 0
0.174008 -0.616444 0.467709 0 255 0
0.075202 -0.657159 0.430690 0 255 0
0.234659 -0.603340 0.485642 0 255 0
0.180540 -0.672447 0.495144 0 255 0
0.105172 -0.613601 0.440691 0 255 0
0.118501 -0.614723 0.434117 0 255 0
0.113484 -0.656261 0.453324 0 255 0
0.142242 -0.594642 0.442033 0 255 0
0.206052 -0.695653 0.472607 0 255 0
0.116552 -0.619188 0.398655 0 255 0
0.229716 -0.544432 0.422152 0 255 0
0.133292 -0.606677 0.428381 0 255 0
0.213980 -0.663543 0.459239 0 255 0
0.147937 -0.578872 0.469767 0 255 0
0.094352 -0.681163 0.498646 0 255 0
0.149930 -0.655130 0.470931 0 255 0
0.170539 -0.634333 0.494899 0 255 0
0.218533 -0.554501 0.466832 0 255 0
0.063867 -0.668085 0.396144 0 255 0
0.130296 -0.574213 0.428654 0 255 0
0.135655 -0.643274 0.440074 0 255 0
0.153147 -0.577368 0.430798 0 255 0
0.029488 -0.596277 0.508295 0 255 0
0.091748 -0.581369 0.410565 0 255 0
0.091061 -0.540826 0.440014 0 255 0
0.184494 -0.640249 0.474581 0 255 0
0.091186 -0.640837 0.398805 0 255 0
0.093859 -0.573934 0.471474 0 255 0
0.194805 -0.629084 0.379352 0 255 0
0.149204 -0.669340 0.407974 0 255 0
0.097212 -0.648920 0.437741 0 255 0
0.145363 -0.662215 0.487668 0 255 0
0.187260 -0.560512 0.505285 0 255 0
0.203121 -0.627899 0.458865 0 255 0
0.146854 -0.603579 0.395696 0 255 0
0.103347 -0.676223 0.442804 0 255 0
0.171964 -0.575309 0.393310 0 255 0
0.070768 -0.668372 0.413145 0 255 0
0.113400 -0.611364 0.426502 0 255 0
0.139827 -0.500371 0.430336 0 255 0
0.128700 -0.573698 0.500504 0 255 0
0.097195 -0.728122 0.547938 0 255 0
0.080373 -0.680688 0.529664 0 255 0
0.128757 -0.718914 0.501869 0 255 0
0.207675 -0.640259 0.628479 0 255 0
0.129331 -0.671108 0.567428 0 255 0
0.142564 -0.631321 0.487830 0 255 0
0.117490 -0.734779 0.467252 0 255 0
0.134204 -0.703624 0.420842 0 255 0
0.070068 -0.649553 0.512016 0 255 0
-0.028236 -0.475555 0.456209 0 255 0
-0.036857 -0.492288 0.523055 0 255 0
-0.091588 -0.535750 0.572263 0 255 0
-0.017039 -0.542078 0.635836 0 255 0
0.020084 -0.358176 0.519305 0 255 0
-0.126237 -0.416867 0.569472 0 255 0
-0.041476 -0.451510 0.535736 0 255 0
-0.011599 -0.466531 0.538812 0 255 0
-0.118097 -0.515411 0.423891 0 255 0
-0.043365 -0.386881 0.528016 0 255 0
-0.023419 -0.444876 0.487911 0 255 0
0.017894 -0.521462 0.486091 0 255 0
-0.008634 -0.462370 0.508695 0 255 0
0.020853 -0.532279 0.590712 0 255 0
-0.007122 -0.550523 0.545816 0 255 0
-0.041216 -0.431528 0.476398 0 255 0
-0.046818 -0.422546 0.619207 0 255 0
0.014997 -0.383850 0.555797 0 255 0
-0.084898 -0.474904 0.566969 0 255 0
0.061323 -0.468300 0.505373 0 255 0
0.029677 -0.442420 0.503950 0 255 0
0.022019 -0.485236 0.510086 0 255 0
0.077587 -0.476316 0.524200 0 255 0
-0.057137 -0.474648 0.546006 0 255 0
0.063929 -0.487184 0.441186 0 255 0
-0.048366 -0.514503 0.480759 0 255 0
0.042975 -0.523649 0.544750 0 255 0
0.116643 -0.456584 0.529959 0 255 0
-0.037166 -0.494257 0.486876 0 255 0
0.099101 -0.522404 0.439027 0 255 0
-0.112413 -0.511116 0.561118 0 255 0
0.019947 -0.434812 0.599949 0 255 0
0.012582 -0.470468 0.387793 0 255 0
-0.102837 -0.144915 0.451783 0 255 0
-0.080500 -0.210324 0.557856 0 255 0
0.003225 -0.510245 0.519590 0 255 0
-0.024440 -0.443428 0.568832 0 255 0
0.042640 -0.490793 0.539731 0 255 0
-0.179637 -0.437109 0.491999 0 255 0
-0.119911 -0.463372 0.478947 0 255 0
-0.135467 -0.491424 0.559345 0 255 0
-0.152703 -0.325822 0.467564 0 255 0
-0.097275 -0.399780 0.469944 0 255 0
-0.154590 -0.368915 0.480364 0 255 0
-0.167987 0.009867 0.600548 0 255 0
-0.135307 -0.011982 0.500575 0 255 0
-0.233223 -0.133470 0.515574 0 255 0
-0.070064 -0.086900 0.415653 0 255 0
-0.232163 -0.025951 0.485099 0 255 0
-0.170986 -0.008400 0.490603 0 255 0
-0.170475 -0.093904 0.615595 0 255 0
-0.103325 -0.087465 0.654346 0 255 0
-0.191498 -0.044651 0.629040 0 255 0
-0.162807 -0.037712 0.582455 0 255 0
-0.134910 0.054547 0.407266 0 255 0
-0.167661 0.056049 0.409115 0 255 0
-0.096290 0.047875 0.502359 0 255 0
-0.126972 0.025766 0.352413 0 255 0
-0.199065 -0.009736 0.334923 0 255 0
-0.130995 -0.135200 0.396321 0 255 0
-0.180558 -0.086321 0.481728 0 255 0
-0.218377 -0.040304 0.533507 0 255 0
-0.192951 -0.049690 0.536556 0 255 0
-0.242133 -0.190727 0.460017 0 255 0
-0.141288 -0.045927 0.446854 0 255 0
-0.144108 -0.050986 0.392016 0 255 0
-0.170326 -0.020789 0.675054 0 255 0
-0.162859 -0.103837 0.615667 0 255 0
-0.264397 0.004430 0.600650 0 255 0
-0.021643 0.059201 0.612543 0 255 0
-0.083565 -0.073040 0.428366 0 255 0
-0.105506 -0.125655 0.424515 0 255 0
-0.183420 -0.047633 0.532684 0 255 0
-0.107306 -0.153203 0.626070 0 255 0
-0.147949 -0.210787 0.538409 0 255 0
-0.061516 -0.295994 0.646220 0 255 0
-0.138303 -0.156927 0.550277 0 255 0
-0.147998 -0.263928 0.633710 0 255 0
-0.152152 -0.256892 0.635990 0 255 0
-0.216593 -0.194309 0.632254 0 255 0
-0.175543 -0.203818 0.641227 0 255 0
-0.115954 -0.284276 0.561632 0 255 0
-0.128429 -0.261254 0.565964 0 255 0
-0.171739 -0.214021 0.590662 0 255 0
-0.191997 -0.266430 0.535034 0 255 0
-0.300126 -0.250916 0.548438 0 255 0
-0.155492 -0.079338 0.530545 0 255 0
-0.191316 -0.227470 0.624132 0 255 0
-0.192083 -0.199087 0.572286 0 255 0
-0.165237 -0.226254 0.603352 0 255 0
-0.174324 -0.226205 0.561498 0 255 0
-0.081204 -0.052226 0.718561 0 255 0
-0.108407 -0.207350 0.630001 0 255 0
-0.087032 -0.282630 0.563147 0 255 0
-0.101463 -0.533603 0.446039 0 255 0
-0.012948 -0.511741 0.418705 0 255 0
-0.113207 -0.217719 0.369432 0 255 0
-0.036250 -0.183720 0.357683 0 255 0
0.018568 -0.246660 0.333556 0 255 0
-0.089531 -0.248949 0.364215 0 255 0
-0.077830 -0.390727 0.511747 0 255 0
-0.179213 -0.268889 0.361378 0 255 0
-0.155301 -0.182615 0.351267 0 255 0
-0.106357 -0.304080 0.443248 0 255 0
-0.211472 -0.054830 0.571743 0 255 0
-0.116935 -0.325197 0.337207 0 255 0
-0.217692 -0.265529 0.473559 0 255 0
-0.162619 -0.230530 0.283649 0 255 0
-0.221391 -0.338756 0.367132 0 255 0
-0.178484 -0.296670 0.554968 0 255 0
-0.188847 -0.233285 0.429989 0 255 0
-0.216764 -0.332653 0.436884 0 255 0
-0.076431 -0.283449 0.418226 0 255 0
-0.278897 -0.417727 0.439579 0 255 0
-0.236710 -0.207778 0.385800 0 255 0
-0.330792 -0.294843 0.400695 0 255 0
-0.219896 -0.396244 0.453097 0 255 0
-0.179392 -0.487519 0.510371 0 255 0
-0.237223 -0.395303 0.505598 0 255 0
-0.198251 -0.344731 0.440251 0 255 0
-0.295727 -0.370986 0.418979 0 255 0
-0.144075 -0.433653 0.480599 0 255 0
-0.258188 -0.365837 0.513590 0 255 0
-0.228777 -0.382734 0.546062 0 255 0
-0.199747 -0.365626 0.543287 0 255 0
-0.172976 -0.209069 0.422699 0 255 0
-0.149582 -0.136230 0.510576 0 255 0
-0.191029 -0.053662 0.505412 0 255 0
-0.215812 -0.168118 0.398996 0 255 0
-0.227272 -0.067754 0.522451 0 255 0
-0.246377 0.175257 0.425738 0 255 0
-0.252026 0.146887 0.402462 0 255 0
-0.148692 0.067225 0.498571 0 255 0
-0.161836 0.171117 0.368188 0 255 0
-0.126893 0.121864 0.390058 0 255 0
-0.133933 0.122651 0.414229 0 255 0
-0.234750 0.034534 0.512189 0 255 0
-0.210504 0.150730 0.425739 0 255 0
-0.190493 0.143769 0.456678 0 255 0
-0.169601 0.191572 0.446650 0 255 0
-0.305384 0.048048 0.550670 0 255 0
-0.104911 0.115855 0.601076 0 255 0
-0.216870 0.101395 0.580600 0 255 0
-0.096373 0.162611 0.687782 0 255 0
-0.134368 0.162009 0.646377 0 255 0
-0.141486 0.082605 0.623016 0 255 0
-0.058969 0.155848 0.675001 0 255 0
-0.150112 0.165893 0.595434 0 255 0
-0.151172 0.095760 0.551790 0 255 0
-0.174952 0.037508 0.497843 0 255 0
-0.144672 0.070478 0.502347 0 255 0
-0.086608 0.064910 0.422818 0 255 0
-0.148734 -0.203343 0.428480 0 255 0
-0.176326 -0.104080 0.442680 0 255 0
-0.259333 -0.186872 0.380263 0 255 0
-0.113435 -0.199732 0.424260 0 255 0
-0.151888 -0.238404 0.497755 0 255 0
-0.142357 -0.205226 0.350815 0 255 0
-0.166871 -0.137828 0.383463 0 255 0
-0.097427 -0.279576 0.496130 0 255 0
-0.206193 -0.266536 0.478339 0 255 0
-0.097142 -0.192212 0.499416 0 255 0
-0.219261 -0.189314 0.542963 0 255 0
-0.211648 -0.223915 0.484961 0 255 0
-0.232756 -0.215173 0.509293 0 255 0
-0.266851 -0.198099 0.504269 0 255 0
-0.234280 -0.365217 0.415413 0 255 0
-0.248422 -0.290135 0.490890 0 255 0
-0.244320 -0.346436 0.524480 0 255 0
-0.232440 -0.225475 0.492616 0 255 0
-0.099670 -0.231911 0.247526 0 255 0
-0.161009 -0.146657 0.401491 0 255 0
-0.090134 -0.048817 0.532938 0 255 0
-0.172914 -0.283750 0.531859 0 255 0
-0.296665 -0.153424 0.449305 0 255 0
-0.275276 -0.193414 0.521483 0 255 0
-0.189978 -0.124081 0.472640 0 255 0
-0.293836 -0.189655 0.546641 0 255 0
-0.181653 -0.157084 0.475156 0 255 0
-0.267319 -0.199855 0.493507 0 255 0
-0.260398 -0.192093 0.541796 0 255 0
-0.312433 -0.199836 0.493415 0 255 0
-0.237687 -0.176481 0.499076 0 255 0
-0.217811 -0.238495 0.436305 0 255 0
-0.175740 -0.119984 0.484722 0 255 0
-0.205787 -0.296993 0.413940 0 255 0
-0.214019 -0.318148 0.488832 0 255 0
-0.179105 -0.213094 0.369056 0 255 0
-0.213215 -0.202515 0.432881 0 255 0
-0.167678 -0.145005 0.465186 0 255 0
-0.159055 -0.156291 0.380856 0 255 0
-0.229889 -0.207226 0.374426 0 255 0
-0.087187 -0.135414 0.427963 0 255 0
-0.139941 -0.302877 0.409970 0 255 0
-0.122179 -0.252238 0.384877 0 255 0
-0.195327 -0.402499 0.546208 0 255 0
-0.245699 -0.295222 0.492052 0 255 0
-0.192859 -0.370742 0.499279 0 255 0
-0.258603 -0.338733 0.584512 0 255 0
-0.294450 -0.441240 0.402561 0 255 0
-0.216411 -0.268725 0.454469 0 255 0
-0.177768 -0.379917 0.451768 0 255 0
-0.324691 -0.320578 0.577236 0 255 0
-0.204263 -0.325755 0.493275 0 255 0
-0.248559 -0.414121 0.521777 0 255 0
-0.123442 -0.420177 0.502624 0 255 0
-0.299378 -0.309202 0.444809 0 255 0
-0.266129 -0.350554 0.524260 0 255 0
-0.199804 -0.447238 0.494494 0 255 0
-0.257924 -0.324286 0.407216 0 255 0
-0.289635 -0.356424 0.548386 0 255 0
-0.275756 -0.444106 0.424240 0 255 0
-0.246668 -0.312660 0.568650 0 255 0
-0.231295 -0.354191 0.487776 0 255 0
-0.258093 -0.390419 0.424885 0 255 0
-0.340857 -0.393680 0.529464 0 255 0
-0.254826 -0.350835 0.542332 0 255 0
-0.356386 -0.242042 0.556157 0 255 0
-0.105414 -0.120661 0.509631 0 255 0
-0.162278 -0.193834 0.423599 0 255 0
-0.187866 -0.205239 0.450763 0 255 0
-0.235868 -0.328383 0.444334 0 255 0
-0.173413 -0.291726 0.551262 0 255 0
-0.229353 -0.301522 0.439846 0 255 0
-0.290128 -0.207524 0.503550 0 255 0
-0.186787 -0.325269 0.407134 0 255 0
-0.251269 -0.306676 0.442759 0 255 0
-0.163823 -0.120469 0.464695 0 255 0
-0.166222 -0.220526 0.436245 0 255 0
-0.156560 -0.390793 0.577517 0 255 0
-0.197080 -0.378813 0.460021 0 255 0
-0.202365 -0.341550 0.449108 0 255 0
-0.184215 -0.371165 0.384684 0 255 0
-0.111419 -0.315253 0.431649 0 255 0
-0.195040 -0.603027 0.476185 0 255 0
-0.214688 -0.032556 0.347103 0 255 0
-0.087769 -0.119571 0.328973 0 255 0
-0.077668 -0.037817 0.398298 0 255 0
-0.170004 -0.004542 0.465038 0 255 0
-0.061789 -0.027626 0.479083 0 255 0
-0.121640 0.047735 0.532182 0 255 0
-0.088846 0.096646 0.506351 0 255 0
-0.002112 0.085057 0.534375 0 255 0
-0.089089 -0.000872 0.460825 0 255 0
-0.094628 -0.004823 0.479581 0 255 0
-0.142197 0.021192 0.420137 0 255 0
-0.086880 -0.146373 0.422321 0 255 0
-0.094987 -0.088083 0.456041 0 255 0
-0.092333 -0.173238 0.450932 0 255 0
-0.116068 -0.176742 0.380258 0 255 0
-0.008510 -0.172730 0.468735 0 255 0
-0.200117 -0.173139 0.606503 0 255 0
-0.164040 -0.167829 0.650633 0 255 0
-0.206865 -0.137867 0.637620 0 255 0
-0.109639 -0.223066 0.649325 0 255 0
-0.170622 -0.301447 0.595877 0 255 0
-0.159348 -0.198253 0.532243 0 255 0
-0.136307 -0.232341 0.619031 0 255 0
-0.222293 -0.186037 0.653703 0 255 0
-0.198135 -0.229678 0.623171 0 255 0
-0.119030 -0.212470 0.652826 0 255 0
-0.136833 -0.195976 0.635963 0 255 0
-0.154681 -0.083687 0.613338 0 255 0
-0.092054 -0.162951 0.712256 0 255 0
-0.238299 -0.173964 0.567588 0 255 0
-0.194833 -0.140421 0.629925 0 255 0
-0.038447 -0.421639 0.534427 0 255 0
-0.009313 -0.332260 0.489819 0 255 0
-0.014901 -0.293147 0.617121 0 255 0
-0.086543 -0.431865 0.528096 0 255 0
-0.031563 -0.347166 0.509682 0 255 0
0.006106 -0.352583 0.403142 0 255 0
0.043188 -0.407839 0.445707 0 255 0
0.043451 -0.361574 0.489139 0 255 0
-0.075934 -0.505732 0.554513 0 255 0
-0.009834 -0.435889 0.546398 0 255 0
0.045308 -0.363459 0.518777 0 255 0
-0.017379 -0.397848 0.526126 0 255 0
-0.059189 -0.379280 0.485903 0 255 0
-0.117704 -0.312294 0.442497 0 255 0
-0.071462 -0.378183 0.376562 0 255 0
-0.026732 -0.297161 0.453588 0 255 0
-0.020525 -0.334141 0.455104 0 255 0
-0.107535 -0.379104 0.582601 0 255 0
-0.125191 -0.243846 0.629568 0 255 0
-0.040771 -0.230299 0.548905 0 255 0
0.001395 -0.206584 0.639981 0 255 0
-0.125588 -0.311898 0.622744 0 255 0
-0.167740 -0.351089 0.574910 0 255 0
-0.017409 -0.275482 0.456169 0 255 0
0.056458 -0.406919 0.521390 0 255 0
0.018108 -0.431285 0.577135 0 255 0
-0.055996 -0.445913 0.512416 0 255 0
-0.054209 -0.518808 0.478628 0 255 0
-0.065171 -0.239766 0.512056 0 255 0
-0.163426 -0.285911 0.571084 0 255 0
-0.132769 -0.189939 0.494597 0 255 0
-0.023436 -0.181826 0.714972 0 255 0
-0.007318 -0.125729 0.544401 0 255 0
0.058736 -0.244379 0.565038 0 255 0
0.000668 -0.121856 0.535258 0 255 0
-0.249855 0.223044 0.456538 0 255 0
-0.262326 0.303543 0.447627 0 255 0
-0.105052 0.168336 0.473720 0 255 0
-0.252630 0.299606 0.387461 0 255 0
-0.193447 0.255203 0.498673 0 255 0
-0.261760 0.169676 0.469562 0 255 0
-0.159327 0.173943 0.496057 0 255 0
-0.079481 0.306053 0.501258 0 255 0
-0.144622 0.285826 0.374529 0 255 0
-0.099689 0.262062 0.390616 0 255 0
-0.231944 0.194611 0.438248 0 255 0
-0.261368 0.086845 0.448014 0 255 0
-0.172309 0.301179 0.387308 0 255 0
-0.219617 0.259819 0.404087 0 255 0
-0.257478 0.255844 0.533107 0 255 0
-0.149618 0.286818 0.330961 0 255 0
-0.139819 0.319872 0.392124 0 255 0
-0.165507 0.091141 0.401719 0 255 0
-0.056768 0.164545 0.375102 0 255 0
-0.141309 0.141772 0.475604 0 255 0
-0.292112 0.118652 0.464584 0 255 0
-0.246778 0.073189 0.453938 0 255 0
-0.040673 0.280174 0.551740 0 255 0
-0.212555 0.277653 0.417817 0 255 0
-0.207005 0.274175 0.393810 0 255 0
-0.215088 0.309622 0.394398 0 255 0
-0.176378 0.303737 0.367701 0 255 0
-0.328121 0.155527 0.375782 0 255 0
-0.274733 0.241579 0.444214 0 255 0
-0.185627 0.239283 0.312611 0 255 0
-0.231148 0.186838 0.416784 0 255 0
-0.091130 -0.000461 0.426078 0 255 0
-0.135352 0.105199 0.306606 0 255 0
-0.196340 0.235959 0.395551 0 255 0
-0.229343 0.140945 0.324401 0 255 0
-0.296536 0.237075 0.465261 0 255 0
-0.210730 0.310746 0.384982 0 255 0
-0.094180 0.255367 0.391690 0 255 0
-0.079655 0.225469 0.324387 0 255 0
-0.084726 0.243181 0.356918 0 255 0
0.033161 0.305875 0.409032 0 255 0
-0.215063 0.084959 0.286094 0 255 0
-0.227178 0.087398 0.448218 0 255 0
-0.270553 0.108143 0.455848 0 255 0
-0.189911 0.094366 0.419900 0 255 0
-0.131096 0.505375 0.560254 0 255 0
-0.082863 0.309255 0.548647 0 255 0
-0.047167 0.349118 0.518192 0 255 0
-0.249089 0.246483 0.657869 0 255 0
-0.258303 0.226315 0.576574 0 255 0
-0.178801 0.287235 0.492624 0 255 0
0.029845 0.327255 0.622536 0 255 0
-0.065524 0.266606 0.619289 0 255 0
-0.245103 0.232690 0.591935 0 255 0
-0.268503 0.294571 0.636063 0 255 0
-0.004491 0.311744 0.589620 0 255 0
-0.268477 0.286534 0.389263 0 255 0
-0.248939 0.223006 0.399232 0 255 0
-0.226857 0.240672 0.481102 0 255 0
-0.122510 0.187967 0.380136 0 255 0
-0.141379 0.186869 0.483496 0 255 0
-0.080847 0.225152 0.344713 0 255 0
-0.095511 0.230575 0.704728 0 255 0
-0.071625 0.174219 0.611089 0 255 0
-0.052744 0.257265 0.617357 0 255 0
-0.126190 0.231814 0.634619 0 255 0
-0.058936 0.200658 0.672736 0 255 0
-0.000339 0.205230 0.551350 0 255 0
-0.081547 0.213516 0.664405 0 255 0
-0.136420 0.250250 0.600917 0 255 0
-0.125649 0.157578 0.690445 0 255 0
-0.184129 0.270745 0.668506 0 255 0
-0.061718 0.181341 0.674292 0 255 0
-0.115926 0.061462 0.758047 0 255 0
-0.316455 0.142896 0.644778 0 255 0
-0.134394 0.226948 0.665314 0 255 0
-0.131285 0.052169 0.582699 0 255 0
-0.244776 0.108519 0.512739 0 255 0
-0.074440 0.140813 0.388103 0 255 0
-0.139791 0.148288 0.425618 0 255 0
-0.069910 0.134034 0.709758 0 255 0
0.026638 -0.397076 0.544415 0 255 0
-0.054421 -0.395834 0.509000 0 255 0
-0.027218 -0.531597 0.518840 0 255 0
-0.090544 -0.377513 0.336867 0 255 0
-0.042741 -0.530927 0.474613 0 255 0
0.057937 -0.410296 0.441840 0 255 0
0.035314 -0.437812 0.466069 0 255 0
-0.142763 -0.356231 0.572983 0 255 0
0.009607 -0.327782 0.536200 0 255 0
-0.003736 0.161200 0.502732 0 255 0
-0.082284 -0.299441 0.486408 0 255 0
-0.147665 0.261306 0.533657 0 255 0
-0.072422 -0.049410 0.443392 0 255 0
-0.039036 0.810362 0.418517 0 255 0
-0.072121 0.870315 0.419205 0 255 0
-0.052579 1.037062 0.421707 0 255 0
-0.042921 0.897107 0.421846 0 255 0
-0.028015 0.795723 0.257460 0 255 0
-0.057121 0.859797 0.433098 0 255 0
-0.147583 0.931858 0.334944 0 255 0
-0.118793 0.788807 0.389599 0 255 0
-0.071320 0.893420 0.346307 0 255 0
-0.037018 0.867359 0.342980 0 255 0
-0.201678 0.886021 0.447832 0 255 0
-0.109485 0.869239 0.444650 0 255 0
-0.121447 0.833025 0.366640 0 255 0
-0.128271 0.869188 0.353100 0 255 0
-0.151706 0.888056 0.336737 0 255 0
-0.217799 0.803231 0.386009 0 255 0
-0.000624 0.953927 0.385857 0 255 0
-0.071406 0.937473 0.411229 0 255 0
-0.028358 0.761814 0.418486 0 255 0
-0.109036 0.909723 0.421771 0 255 0
-0.047361 0.833573 0.384890 0 255 0
0.003524 0.862323 0.350929 0 255 0
-0.091681 0.977143 0.356669 0 255 0
0.016339 0.779236 0.377899 0 255 0
-0.053000 0.838623 0.414109 0 255 0
-0.073068 0.948930 0.398492 0 255 0
-0.079485 0.973936 0.292649 0 255 0
-0.031801 1.022917 0.344341 0 255 0
-0.141902 0.873545 0.301562 0 255 0
-0.049450 0.877364 0.359773 0 255 0
-0.111048 0.934581 0.335644 0 255 0
-0.056055 0.952575 0.283844 0 255 0
-0.077492 0.951651 0.298210 0 255 0
0.000440 0.826209 0.394574 0 255 0
-0.082630 0.915235 0.396853 0 255 0
-0.018245 0.930467 0.375913 0 255 0
-0.037338 0.934776 0.260956 0 255 0
-0.234054 1.051244 0.475604 0 255 0
-0.047950 1.002716 0.474995 0 255 0
-0.055402 0.988245 0.421486 0 255 0
-0.173505 1.070725 0.490087 0 255 0
-0.010764 1.004640 0.459470 0 255 0
-0.005751 1.067128 0.553841 0 255 0
-0.115122 0.985619 0.571704 0 255 0
-0.054210 1.054695 0.570404 0 255 0
-0.189468 1.082728 0.513281 0 255 0
-0.072477 1.046329 0.428946 0 255 0
-0.020106 1.105148 0.459789 0 255 0
-0.123981 1.147379 0.464229 0 255 0
-0.162341 1.127028 0.463158 0 255 0
-0.042696 1.027640 0.396110 0 255 0
-0.126310 1.035631 0.511831 0 255 0
-0.151957 1.133394 0.441070 0 255 0
-0.048043 1.066453 0.514577 0 255 0
-0.095694 0.971232 0.447986 0 255 0
-0.096835 1.091106 0.452905 0 255 0
-0.090225 1.012979 0.506806 0 255 0
-0.112270 1.011571 0.464024 0 255 0
0.054705 1.021770 0.496354 0 255 0
-0.013951 1.051611 0.443899 0 255 0
-0.027210 1.130430 0.454061 0 255 0
-0.117288 0.947377 0.526328 0 255 0
0.008548 0.987641 0.380135 0 255 0
-0.018961 1.163315 0.492350 0 255 0
-0.123527 1.007809 0.502048 0 255 0
-0.068978 1.020325 0.487431 0 255 0
-0.134990 1.028588 0.544736 0 255 0
-0.050356 1.037193 0.454190 0 255 0
-0.050542 1.082129 0.552280 0 255 0
-0.045239 1.128121 0.505654 0 255 0
-0.112966 1.006345 0.574642 0 255 0
-0.143336 1.111202 0.511760 0 255 0
-0.101515 0.991892 0.564545 0 255 0
-0.107350 0.959328 0.456735 0 255 0
-0.033165 1.107695 0.454431 0 255 0
0.016376 1.048686 0.535502 0 255 0
-0.019299 0.963688 0.460676 0 255 0
-0.036321 1.076256 0.457498 0 255 0
-0.059112 1.078352 0.565925 0 255 0
-0.087249 1.064232 0.452471 0 255 0
-0.166732 1.086689 0.502088 0 255 0
-0.136672 1.013489 0.469028 0 255 0
-0.107169 1.149632 0.524486 0 255 0
-0.102572 1.078336 0.532032 0 255 0
-0.089762 1.153089 0.485214 0 255 0
-0.048188 0.961101 0.478379 0 255 0
-0.053619 1.040166 0.511480 0 255 0
-0.147104 0.952386 0.496776 0 255 0
-0.161685 1.092685 0.495444 0 255 0
-0.042250 1.051013 0.560196 0 255 0
-0.074144 1.057530 0.503056 0 255 0
-0.096166 1.067270 0.460792 0 255 0
-0.110921 0.980995 0.442307 0 255 0
-0.132757 1.054300 0.427296 0 255 0
-0.207440 1.095597 0.445864 0 255 0
-0.108489 0.990776 0.615373 0 255 0
-0.018821 1.095036 0.473108 0 255 0
-0.069268 0.972176 0.402405 0 255 0
-0.158256 1.054604 0.463562 0 255 0
-0.091845 0.967276 0.457698 0 255 0
-0.071552 1.057622 0.532708 0 255 0
-0.092882 1.089688 0.582782 0 255 0
-0.145042 1.014855 0.557950 0 255 0
-0.118177 1.031484 0.423849 0 255 0
-0.151913 1.064765 0.426321 0 255 0
-0.085025 1.047232 0.445360 0 255 0
-0.165295 0.996735 0.450928 0 255 0
-0.045823 1.064448 0.487679 0 255 0
-0.171641 1.031398 0.538790 0 255 0
-0.165870 0.978452 0.486284 0 255 0
-0.152089 0.969556 0.403465 0 255 0
-0.074245 0.987844 0.429480 0 255 0
-0.174874 1.010142 0.353935 0 255 0
-0.074717 1.062059 0.357643 0 255 0
-0.108759 1.007116 0.511800 0 255 0
-0.061727 0.977648 0.556006 0 255 0
-0.174219 1.101050 0.531192 0 255 0
-0.039194 1.010139 0.488147 0 255 0
-0.073921 1.094762 0.444319 0 255 0
-0.049514 1.068526 0.537506 0 255 0
-0.027158 1.109046 0.487037 0 255 0
-0.134546 1.039832 0.488455 0 255 0
-0.038776 1.006029 0.451315 0 255 0
0.019625 1.018056 0.603069 0 255 0
-0.080078 1.144054 0.520524 0 255 0
-0.129678 1.009936 0.586295 0 255 0
-0.149133 0.991096 0.424762 0 255 0
-0.156847 1.023756 0.452755 0 255 0
-0.118907 0.989888 0.529172 0 255 0
-0.125152 1.072636 0.500228 0 255 0
-0.084040 1.092485 0.478883 0 255 0
-0.011059 1.089321 0.456524 0 255 0
-0.114158 0.977202 0.538269 0 255 0
-0.078723 1.025942 0.495891 0 255 0
-0.147068 1.038797 0.472097 0 255 0
-0.104304 1.007766 0.397642 0 255 0
0.009066 0.937236 0.543794 0 255 0
-0.157955 1.014620 0.410743 0 255 0
-0.129799 1.040812 0.505192 0 255 0
-0.063674 1.063995 0.437835 0 255 0
-0.154250 1.059231 0.525836 0 255 0
-0.133575 0.992269 0.497369 0 255 0
-0.077399 1.034317 0.453804 0 255 0
-0.093858 1.106417 0.470253 0 255 0
-0.080251 1.069707 0.394232 0 255 0
-0.092905 0.820398 0.425681 0 255 0
-0.095479 0.956014 0.446440 0 255 0
-0.043578 0.864551 0.398725 0 255 0
-0.073872 0.874054 0.459431 0 255 0
-0.067829 0.880548 0.479836 0 255 0
-0.054958 0.933040 0.426313 0 255 0
-0.072074 0.983061 0.443259 0 255 0
-0.040310 0.951190 0.390827 0 255 0
-0.136727 0.909694 0.389198 0 255 0
-0.095550 0.895066 0.320657 0 255 0
-0.054017 0.900826 0.284891 0 255 0
-0.017950 0.931794 0.426936 0 255 0
-0.143072 0.996822 0.220823 0 255 0
-0.070313 0.895871 0.329534 0 255 0
-0.047174 0.756963 0.464816 0 255 0
-0.099337 0.910408 0.382958 0 255 0
-0.140249 0.899200 0.436968 0 255 0
0.010462 0.995157 0.427588 0 255 0
-0.013812 1.009862 0.448343 0 255 0
-0.068021 1.055760 0.401310 0 255 0
-0.091596 1.012240 0.402871 0 255 0
-0.106805 1.058689 0.451447 0 255 0
-0.156112 1.089364 0.489125 0 255 0
-0.081454 1.104645 0.537160 0 255 0
-0.070678 1.082929 0.413271 0 255 0
-0.177236 1.036430 0.412275 0 255 0
-0.073222 0.976166 0.423611 0 255 0
-0.160929 0.965539 0.353639 0 255 0
-0.163665 0.999529 0.370476 0 255 0
-0.121148 0.992802 0.394668 0 255 0
-0.050247 1.074055 0.420895 0 255 0
-0.113438 0.980902 0.555617 0 255 0
-0.092871 1.104692 0.411098 0 255 0
-0.059419 0.984991 0.584342 0 255 0
-0.067747 1.064164 0.456792 0 255 0
-0.131581 0.942909 0.512680 0 255 0
-0.008205 0.992905 0.394226 0 255 0
-0.069513 1.117750 0.336653 0 255 0
-0.164525 1.016116 0.372091 0 255 0
-0.058475 0.998880 0.385554 0 255 0
-0.048800 1.008456 0.496865 0 255 0
-0.070120 1.041735 0.533123 0 255 0
-0.055349 1.005336 0.484511 0 255 0
-0.149741 1.130914 0.537731 0 255 0
-0.140441 1.001112 0.382311 0 255 0
-0.013402 1.040906 0.380704 0 255 0
-0.185359 1.057571 0.422547 0 255 0
-0.045607 0.963329 0.324219 0 255 0
-0.076560 0.997665 0.425476 0 255 0
-0.219822 0.973568 0.386889 0 255 0
-0.176322 0.940813 0.365801 0 255 0
-0.090646 0.937087 0.351307 0 255 0
-0.048852 0.982357 0.367926 0 255 0
-0.165806 1.086182 0.321060 0 255 0
-0.071234 0.905054 0.375864 0 255 0
-0.080307 0.894571 0.359584 0 255 0
-0.120589 0.950891 0.232947 0 255 0
-0.153441 0.992227 0.293215 0 255 0
-0.101482 0.978812 0.392523 0 255 0
-0.150589 0.932040 0.324812 0 255 0
-0.060790 0.990505 0.365940 0 255 0
-0.164711 0.894136 0.391460 0 255 0
-0.120692 0.836767 0.390631 0 255 0
-0.020570 1.000430 0.310750 0 255 0
-0.111609 0.951128 0.223611 0 255 0
-0.049111 1.004695 0.313155 0 255 0
-0.077316 0.922260 0.196509 0 255 0
-0.152945 0.955821 0.286490 0 255 0
-0.105897 0.984362 0.271547 0 255 0
-0.072429 0.848247 0.174427 0 255 0
0.012403 0.885817 0.421127 0 255 0
-0.103438 0.923114 0.370660 0 255 0
-0.204733 0.906052 0.411472 0 255 0
-0.043855 0.893367 0.359237 0 255 0
-0.096093 0.921968 0.330417 0 255 0
0.042256 0.950253 0.314869 0 255 0
-0.048153 0.878430 0.296501 0 255 0
0.012387 0.967800 0.346109 0 255 0
-0.025760 0.980218 0.432002 0 255 0
0.015786 1.024582 0.439044 0 255 0
-0.108285 1.008704 0.417214 0 255 0
-0.068247 1.091119 0.447878 0 255 0
-0.011931 1.017045 0.448118 0 255 0
-0.093745 0.924942 0.417556 0 255 0
0.008515 1.017257 0.379948 0 255 0
-0.066295 0.952723 0.393116 0 255 0
-0.051778 1.006411 0.367817 0 255 0
-0.057550 0.980698 0.396381 0 255 0
-0.081016 0.986692 0.374286 0 255 0
-0.002738 0.943671 0.338675 0 255 0
-0.004640 0.960848 0.380662 0 255 0
-0.059167 1.003007 0.291829 0 255 0
-0.093482 0.942606 0.403044 0 255 0
-0.060693 0.916974 0.367699 0 255 0
-0.077387 1.041641 0.360726 0 255 0
-0.004288 0.963329 0.420825 0 255 0
-0.089016 1.007163 0.310487 0 255 0
-0.122716 0.936586 0.365781 0 255 0
-0.074234 0.984118 0.417010 0 255 0
-0.168230 0.986226 0.505075 0 255 0
-0.107981 1.012341 0.435867 0 255 0
-0.143312 0.985105 0.362095 0 255 0
-0.138345 0.950042 0.378667 0 255 0
-0.102362 0.979797 0.315508 0 255 0
-0.128087 0.982203 0.322056 0 255 0
-0.092373 0.915502 0.291918 0 255 0
-0.009162 0.948609 0.307927 0 255 0
-0.140763 0.930821 0.367965 0 255 0
-0.051049 0.966756 0.335663 0 255 0
-0.072206 0.996763 0.300978 0 255 0
-0.052364 0.920725 0.376702 0 255 0
-0.024323 1.068365 0.321358 0 255 0
-0.058359 1.021038 0.327058 0 255 0
-0.025154 0.965041 0.385618 0 255 0
0.015538 0.915354 0.309704 0 255 0
-0.038146 0.943079 0.366222 0 255 0
-0.041731 0.958842 0.415189 0 255 0
0.002305 0.913126 0.308628 0 255 0
0.022030 1.082575 0.373898 0 255 0
-0.067396 0.992132 0.375315 0 255 0
-0.136471 0.985520 0.478648 0 255 0
-0.108139 1.019773 0.323221 0 255 0
-0.024227 1.068930 0.388312 0 255 0
0.035396 0.968241 0.487471 0 255 0
-0.126426 1.009324 0.356051 0 255 0
-0.096822 1.022116 0.327068 0 255 0
-0.125958 1.047799 0.438216 0 255 0
0.069370 0.994540 0.401951 0 255 0
0.006561 0.920778 0.405785 0 255 0
-0.016511 0.904477 0.311690 0 255 0
-0.062226 1.012969 0.278418 0 255 0
0.057951 1.041072 0.375905 0 255 0
-0.048612 1.016825 0.338336 0 255 0
-0.052962 1.035405 0.469960 0 255 0
-0.095647 0.987392 0.338436 0 255 0
-0.091366 1.030523 0.294306 0 255 0
0.004264 0.934686 0.324623 0 255 0
-0.087148 1.012402 0.406587 0 255 0
-0.121572 0.953086 0.302320 0 255 0
-0.086078 1.074192 0.297255 0 255 0
-0.083319 0.973001 0.439814 0 255 0
-0.032595 1.049774 0.288441 0 255 0
-0.034808 0.897249 0.371324 0 255 0
-0.041698 0.975517 0.274103 0 255 0
-0.006813 1.002716 0.372124 0 255 0
-0.001124 0.981465 0.331072 0 255 0
0.031567 1.078298 0.348202 0 255 0
-0.049858 0.957959 0.327644 0 255 0
-0.192346 0.984620 0.303699 0 255 0
0.010196 1.054503 0.301924 0 255 0
-0.059341 0.986238 0.483333 0 255 0
-0.087482 -0.296132 0.399564 0 255 0
-0.204101 -0.251647 0.323547 0 255 0
-0.125225 0.655901 0.522796 0 255 0
-0.084785 0.597367 0.545001 0 255 0
-0.168578 0.647405 0.557758 0 255 0
-0.193618 0.261650 0.610763 0 255 0
-0.133081 0.049633 0.553340 0 255 0
-0.073140 -0.036051 0.646938 0 255 0
-0.198429 0.040846 0.720253 0 255 0
-0.233826 0.312641 0.579206 0 255 0
-0.241844 0.014188 0.579424 0 255 0
-0.094902 0.266329 0.332985 0 255 0
-0.070893 -0.299059 0.425444 0 255 0
-0.130264 -0.268018 0.658773 0 255 0
-0.159476 0.174588 0.388944 0 255 0
-0.144457 -0.421931 0.469381 0 255 0
-0.097910 -0.466409 0.418944 0 255 0
-0.017354 -0.510869 0.503545 0 255 0
-0.081328 -0.484438 0.485391 0 255 0
-0.076922 -0.472615 0.537518 0 255 0
-0.101822 -0.398906 0.504426 0 255 0
-0.044190 -0.444933 0.424777 0 255 0
-0.159010 -0.406935 0.429388 0 255 0
-0.050704 -0.393453 0.456616 0 255 0
-0.025832 -0.557513 0.402269 0 255 0
-0.012313 -0.253533 0.595680 0 255 0
-0.100153 -0.169896 0.504491 0 255 0
-0.019695 -0.143162 0.652123 0 255 0
-0.040019 -0.136621 0.555908 0 255 0
-0.075598 -0.350922 0.554443 0 255 0
-0.094381 0.112228 0.707156 0 255 0
0.043964 0.047727 0.617398 0 255 0
-0.059365 0.013883 0.406533 0 255 0
-0.097500 0.177500 0.681226 0 255 0
-0.107757 0.017937 0.651580 0 255 0
-0.121009 -0.015746 0.401534 0 255 0
0.105309 -0.149339 0.564316 0 255 0
-0.061580 0.186240 0.639402 0 255 0
-0.190861 -0.091471 0.328432 0 255 0
-0.025792 0.049858 0.603747 0 255 0
-0.072496 0.293886 0.670973 0 255 0
-0.052769 -0.098948 0.675539 0 255 0
0.067712 -0.389496 0.440991 0 255 0
-0.027846 -0.502344 0.465501 0 255 0
0.130762 -0.433522 0.431135 0 255 0
0.019640 -0.550380 0.494930 0 255 0
0.026068 -0.484551 0.477800 0 255 0
0.048094 -0.473908 0.592942 0 255 0
0.163976 -0.405761 0.512961 0 255 0
0.016702 -0.506988 0.383111 0 255 0
-0.031714 -0.423935 0.487824 0 255 0
0.055563 -0.433638 0.507164 0 255 0
-0.000899 -0.506712 0.358000 0 255 0
0.109932 -0.478001 0.356942 0 255 0
0.045432 -0.494709 0.460235 0 255 0
-0.044378 -0.401975 0.407876 0 255 0
-0.004535 -0.435456 0.332026 0 255 0
0.031973 -0.509320 0.478073 0 255 0
-0.017434 -0.517654 0.461775 0 255 0
0.000081 -0.414856 0.530139 0 255 0
0.066533 -0.455379 0.489224 0 255 0
0.065574 -0.440077 0.542772 0 255 0
-0.003611 -0.444323 0.521478 0 255 0
0.106620 -0.528566 0.584303 0 255 0
0.060273 -0.518256 0.524485 0 255 0
0.059140 -0.428742 0.421358 0 255 0
0.066330 -0.460247 0.488853 0 255 0
0.047470 -0.355464 0.463363 0 255 0
0.103493 -0.442773 0.445317 0 255 0
0.041617 -0.383392 0.557073 0 255 0
0.106598 -0.503899 0.493394 0 255 0
0.071204 -0.474842 0.573969 0 255 0
0.045580 -0.418856 0.562184 0 255 0
-0.015519 -0.441206 0.482156 0 255 0
0.018660 -0.440230 0.576966 0 255 0
0.028823 -0.410721 0.532959 0 255 0
0.002760 -0.426908 0.479854 0 255 0
0.074786 -0.396683 0.463760 0 255 0
0.059754 -0.461280 0.465231 0 255 0
0.158182 -0.386123 0.434463 0 255 0
0.000314 -0.412076 0.454567 0 255 0
0.034704 -0.473879 0.513281 0 255 0
0.058442 -0.413743 0.467462 0 255 0
-0.008888 -0.445476 0.433822 0 255 0
-0.000825 -0.418901 0.593553 0 255 0
0.022173 -0.364004 0.533702 0 255 0
0.035676 -0.442207 0.470650 0 255 0
0.005497 -0.543935 0.482012 0 255 0
0.011868 -0.428389 0.404681 0 255 0
0.039814 -0.372161 0.515523 0 255 0
0.001926 -0.453725 0.509491 0 255 0
0.003174 -0.399017 0.563034 0 255 0
0.052057 -0.339601 0.454547 0 255 0
0.094058 -0.452713 0.455956 0 255 0
-0.089497 -0.349291 0.542066 0 255 0
0.015656 -0.335274 0.442993 0 255 0
-0.002723 -0.454764 0.433974 0 255 0
-0.016040 -0.359935 0.564763 0 255 0
0.138488 -0.292639 0.616315 0 255 0
-0.009997 -0.352349 0.584065 0 255 0
-0.064752 -0.370770 0.521642 0 255 0
0.029146 -0.324874 0.585549 0 255 0
0.010534 -0.352825 0.497482 0 255 0
0.048810 -0.416039 0.494054 0 255 0
-0.035013 -0.449209 0.492961 0 255 0
0.025102 -0.316208 0.487384 0 255 0
-0.014789 -0.356043 0.564881 0 255 0
-0.022425 -0.446022 0.503076 0 255 0
0.046990 -0.339633 0.453789 0 255 0
0.023299 -0.366078 0.517289 0 255 0
0.097295 -0.409822 0.525190 0 255 0
-0.041932 -0.461508 0.449141 0 255 0
0.022007 -0.331261 0.515303 0 255 0
0.146965 -0.400163 0.495272 0 255 0
0.021066 -0.329881 0.405809 0 255 0
0.018359 -0.453262 0.469249 0 255 0
-0.020986 -0.395109 0.457286 0 255 0
-0.074379 -0.395274 0.392885 0 255 0
0.079766 -0.365249 0.461104 0 255 0
0.053153 -0.313478 0.527991 0 255 0
0.011996 -0.439566 0.490953 0 255 0
0.051860 -0.397683 0.580706 0 255 0
0.026964 -0.461466 0.597383 0 255 0
-0.012172 -0.396221 0.516356 0 255 0
-0.018430 -0.323607 0.509957 0 255 0
0.098836 -0.457080 0.450266 0 255 0
0.101080 -0.398900 0.535966 0 255 0
0.086038 -0.362331 0.453689 0 255 0
-0.034428 -0.551810 0.472516 0 255 0
-0.015414 -0.439345 0.490487 0 255 0
0.096989 -0.499734 0.489748 0 255 0
-0.022347 -0.394206 0.450018 0 255 0
-0.032319 -0.501696 0.531289 0 255 0
0.021259 -0.405258 0.562532 0 255 0
-0.032563 -0.402749 0.398378 0 255 0
-0.067574 -0.411151 0.568535 0 255 0
0.082136 -0.464323 0.513345 0 255 0
0.033836 -0.492561 0.571689 0 255 0
-0.005819 -0.359661 0.455328 0 255 0
-0.057721 -0.389178 0.553070 0 255 0
0.031700 -0.358650 0.511200 0 255 0
0.029525 -0.373441 0.482157 0 255 0
-0.031438 -0.370743 0.463620 0 255 0
0.134758 -0.340921 0.449705 0 255 0
0.008089 -0.429778 0.540946 0 255 0
0.044661 -0.439868 0.472073 0 255 0
0.011055 -0.431028 0.420076 0 255 0
0.013493 -0.457254 0.540994 0 255 0
0.052051 -0.539724 0.439697 0 255 0
-0.028821 -0.423203 0.382515 0 255 0
0.106954 -0.445621 0.493118 0 255 0
0.077561 -0.466754 0.491616 0 255 0
-0.006966 -0.411334 0.552821 0 255 0
0.126354 -0.449818 0.425253 0 255 0
0.114478 -0.449006 0.434749 0 255 0
0.023062 -0.448802 0.487184 0 255 0
0.049010 -0.432523 0.437389 0 255 0
-0.011875 -0.480040 0.358265 0 255 0
0.046393 -0.450415 0.476052 0 255 0
0.010802 -0.437186 0.410202 0 255 0
0.004770 -0.409872 0.472439 0 255 0
0.097691 -0.371139 0.524717 0 255 0
0.045951 -0.368754 0.430400 0 255 0
0.022056 -0.438230 0.500557 0 255 0
0.042413 -0.457733 0.483225 0 255 0
-0.039059 -0.506321 0.472968 0 255 0
0.093857 -0.484129 0.524401 0 255 0
0.071561 -0.479810 0.453354 0 255 0
-0.074055 -0.506175 0.403773 0 255 0
-0.062088 -0.481346 0.402346 0 255 0
0.064955 -0.421207 0.468940 0 255 0
0.064334 -0.535164 0.465761 0 255 0
0.039314 -0.476370 0.441809 0 255 0
0.032033 -0.477669 0.478206 0 255 0
0.071679 -0.560854 0.391504 0 255 0
0.018561 -0.535635 0.346577 0 255 0
0.013664 -0.521711 0.476808 0 255 0
0.015270 -0.487745 0.415779 0 255 0
0.154373 -0.432944 0.400614 0 255 0
0.025012 -0.359966 0.475929 0 255 0
0.113655 -0.381564 0.462496 0 255 0
0.099917 -0.479316 0.477108 0 255 0
-0.021759 -0.399439 0.501046 0 255 0
0.052443 -0.353745 0.601304 0 255 0
-0.037159 -0.370966 0.468276 0 255 0
-0.053100 -0.283123 0.450712 0 255 0
0.020136 -0.400593 0.448812 0 255 0
-0.092883 -0.414754 0.428884 0 255 0
-0.050102 -0.392322 0.460744 0 255 0
0.093799 -0.438024 0.337260 0 255 0
0.011166 -0.407993 0.353092 0 255 0
-0.033487 -0.439062 0.435714 0 255 0
-0.037907 -0.338953 0.446347 0 255 0
0.037440 -0.349711 0.369434 0 255 0
0.021501 -0.397033 0.522493 0 255 0
-0.001737 -0.336758 0.423859 0 255 0
0.034306 -0.404254 0.444090 0 255 0
0.023514 -0.533056 0.475716 0 255 0
0.017452 -0.438234 0.455879 0 255 0
0.058843 -0.416372 0.401902 0 255 0
0.036919 -0.496723 0.327143 0 255 0
-0.027991 -0.518772 0.341494 0 255 0
0.007304 -0.523640 0.394708 0 255 0
-0.023042 -0.439986 0.457159 0 255 0
-0.076962 -0.529890 0.386233 0 255 0
-0.026788 -0.502538 0.402915 0 255 0
0.021202 -0.470031 0.471614 0 255 0
0.003053 -0.533715 0.446483 0 255 0
-0.053524 -0.488024 0.431682 0 255 0
-0.006382 -0.521209 0.323412 0 255 0
-0.067461 -0.480864 0.400052 0 255 0
0.134706 -0.579745 0.412022 0 255 0
0.055353 -0.617782 0.311458 0 255 0
-0.048187 -0.575057 0.289943 0 255 0
-0.047686 -0.318914 0.448944 0 255 0
-0.038995 -0.436999 0.305374 0 255 0
-0.051300 -0.367603 0.415131 0 255 0
0.026434 -0.392299 0.427843 0 255 0
0.004777 -0.538051 0.272156 0 255 0
-0.027051 -0.497682 0.378907 0 255 0
-0.093094 -0.523259 0.387179 0 255 0
-0.115341 -0.449597 0.301915 0 255 0
-0.074537 -0.462572 0.410299 0 255 0
0.063303 -0.507316 0.328756 0 255 0
-0.026282 -0.465613 0.404470 0 255 0
-0.033240 -0.536858 0.415082 0 255 0
-0.102612 -0.423303 0.339831 0 255 0
0.038172 -0.448330 0.382812 0 255 0
-0.036309 -0.382737 0.354128 0 255 0
-0.104458 -0.358995 0.393037 0 255 0
0.027633 -0.476607 0.359828 0 255 0
0.059294 -0.411771 0.436468 0 255 0
0.049311 -0.426707 0.398256 0 255 0
0.043009 -0.421707 0.440632 0 255 0
0.000673 -0.486015 0.421906 0 255 0
0.075346 -0.347175 0.471263 0 255 0
-0.010351 -0.413212 0.393236 0 255 0
0.073470 -0.390577 0.429815 0 255 0
-0.082803 -0.501317 0.312030 0 255 0
0.047440 -0.519428 0.486628 0 255 0
-0.040662 -0.398404 0.330857 0 255 0
0.055494 -0.498275 0.330871 0 255 0
-0.135874 -0.373629 0.400828 0 255 0
-0.166106 -0.399260 0.307320 0 255 0
-0.063111 -0.407671 0.387117 0 255 0
-0.010013 -0.397454 0.433304 0 255 0
-0.098388 -0.322853 0.388307 0 255 0
0.025541 -0.422986 0.437831 0 255 0
0.009862 -0.360241 0.430755 0 255 0
-0.101480 -0.315571 0.514586 0 255 0
-0.060939 -0.324761 0.475012 0 255 0
-0.161930 -0.332791 0.406693 0 255 0
-0.077724 -0.304131 0.468569 0 255 0
-0.064862 -0.260733 0.398820 0 255 0
-0.043457 -0.304216 0.295309 0 255 0
0.064464 -0.390863 0.425157 0 255 0
-0.041835 -0.305079 0.491537 0 255 0
-0.024540 -0.342373 0.555290 0 255 0
-0.099393 -0.294497 0.511687 0 255 0
-0.020180 -0.340455 0.487813 0 255 0
-0.023934 -0.349689 0.339576 0 255 0
-0.076493 -0.351000 0.392671 0 255 0
-0.034056 -0.334013 0.452982 0 255 0
-0.016644 -0.427230 0.417288 0 255 0
-0.056915 -0.242568 0.411389 0 255 0
-0.022270 -0.361080 0.427911 0 255 0
-0.029527 -0.400650 0.399695 0 255 0
-0.081627 -0.446435 0.370926 0 255 0
-0.016759 -0.418988 0.435783 0 255 0
-0.071283 -0.476795 0.421277 0 255 0
0.051833 -0.427119 0.389018 0 255 0
0.024321 -0.482784 0.506682 0 255 0
0.015368 -0.434176 0.525060 0 255 0
-0.044768 -0.499567 0.448918 0 255 0
0.054370 -0.463949 0.376177 0 255 0
0.116221 -0.460890 0.430140 0 255 0
0.048880 -0.527239 0.410271 0 255 0
-0.099290 -0.543942 0.393161 0 255 0
0.021477 -0.493883 0.539191 0 255 0
-0.030355 -0.350628 0.485339 0 255 0
0.065289 -0.388360 0.572502 0 255 0
0.141377 -0.412093 0.413688 0 255 0
0.049424 -0.492932 0.447718 0 255 0
0.006931 -0.430578 0.419865 0 255 0
-0.012251 -0.309631 0.462605 0 255 0
0.062164 -0.400010 0.425820 0 255 0
0.023271 -0.477009 0.458669 0 255 0
0.058834 -0.386594 0.422044 0 255 0
-0.032662 -0.474747 0.452745 0 255 0
0.106525 -0.539325 0.406654 0 255 0
0.056821 -0.530885 0.302204 0 255 0
-0.106408 -0.604630 0.406683 0 255 0
-0.019036 -0.590419 0.336743 0 255 0
-0.176775 -0.517421 0.382865 0 255 0
-0.076399 -0.512914 0.391319 0 255 0
-0.148949 -0.471432 0.370686 0 255 0
-0.099431 -0.341969 0.400974 0 255 0
-0.089689 -0.476782 0.474025 0 255 0
-0.145932 -0.352627 0.385695 0 255 0
-0.069034 -0.227513 0.366874 0 255 0
0.036366 -0.495010 0.525886 0 255 0
-0.023880 -0.553074 0.462647 0 255 0
-0.062651 -0.423501 0.324238 0 255 0
0.045211 -0.405659 0.503715 0 255 0
0.090235 -0.423662 0.450969 0 255 0
0.154030 -0.415333 0.416615 0 255 0
0.007821 -0.497915 0.473488 0 255 0
0.055545 -0.379004 0.469179 0 255 0
0.054885 -0.416402 0.322271 0 255 0
-0.022848 -0.440824 0.422804 0 255 0
0.023009 -0.447341 0.409451 0 255 0
-0.092993 -0.485650 0.365387 0 255 0
0.047910 -0.514289 0.349424 0 255 0
-0.056460 -0.526838 0.356385 0 255 0
-0.037792 -0.487746 0.392677 0 255 0
0.003012 -0.420848 0.330085 0 255 0
-0.035830 -0.566558 0.309929 0 255 0
0.090981 -0.314866 0.499671 0 255 0
0.009217 -0.525538 0.481571 0 255 0
0.060859 -0.487035 0.477139 0 255 0
-0.012228 -0.429157 0.523196 0 255 0
-0.014710 -0.369735 0.527819 0 255 0
-0.005676 -0.467194 0.508132 0 255 0
-0.040830 -0.313636 0.444859 0 255 0
-0.044217 -0.340341 0.484463 0 255 0
0.061739 -0.317902 0.426301 0 255 0
-0.010775 -0.342249 0.465401 0 255 0
-0.052522 -0.348527 0.483952 0 255 0
-0.057874 -0.393585 0.488950 0 255 0
-0.002870 -0.507878 0.566107 0 255 0
0.052429 -0.452949 0.548915 0 255 0
0.055077 -0.443391 0.480380 0 255 0
0.037907 -0.391880 0.464034 0 255 0
0.005579 -0.433715 0.508410 0 255 0
-0.018052 -0.456309 0.538772 0 255 0
0.041089 -0.442403 0.521609 0 255 0
-0.030215 -0.400106 0.468127 0 255 0
-0.002097 -0.426301 0.480290 0 255 0
0.096785 -0.391536 0.462489 0 255 0
-0.093478 -0.383870 0.423064 0 255 0
0.025511 -0.353926 0.296582 0 255 0
0.024176 -0.400482 0.417379 0 255 0
-0.021375 -0.269453 0.382344 0 255 0
-0.106555 -0.304435 0.326534 0 255 0
-0.176888 -0.440338 0.455172 0 255 0
-0.078500 -0.435491 0.396696 0 255 0
0.043605 -0.288459 0.444481 0 255 0
-0.107318 -0.462990 0.460151 0 255 0
-0.007296 -0.433996 0.413658 0 255 0
-0.009464 -0.364679 0.438295 0 255 0
-0.015494 -0.416821 0.440576 0 255 0
0.066126 -0.427424 0.534716 0 255 0
-0.042596 -0.441426 0.545385 0 255 0
0.078543 -0.427249 0.527209 0 255 0
0.033003 -0.418713 0.593898 0 255 0
0.020454 -0.406520 0.483751 0 255 0
0.046294 -0.401014 0.551822 0 255 0
-0.112180 -0.444356 0.451688 0 255 0
0.099609 -0.447973 0.614140 0 255 0
0.050319 -0.373038 0.531382 0 255 0
0.097319 -0.380870 0.499732 0 255 0
0.007487 -0.440945 0.530150 0 255 0
0.113365 -0.438353 0.492287 0 255 0
0.041803 -0.421957 0.566928 0 255 0
-0.054766 -0.426714 0.461864 0 255 0
0.023129 -0.415689 0.441129 0 255 0
0.023998 -0.496863 0.528059 0 255 0
0.074289 -0.488873 0.430670 0 255 0
0.075948 -0.536379 0.505290 0 255 0
-0.034308 -0.327575 0.661571 0 255 0
-0.032856 -0.335351 0.426696 0 255 0
0.075688 -0.443183 0.399853 0 255 0
0.139845 -0.516949 0.443385 0 255 0
0.042560 -0.416141 0.413714 0 255 0
0.022688 -0.439879 0.464923 0 255 0
-0.005215 -0.509971 0.449841 0 255 0
0.063356 -0.484641 0.465207 0 255 0
0.012199 -0.447300 0.514192 0 255 0
-0.017838 -0.418913 0.399054 0 255 0
-0.061140 -0.543767 0.513338 0 255 0
0.086510 -0.423810 0.469704 0 255 0
-0.007306 -0.517000 0.436960 0 255 0
-0.029663 -0.404401 0.392542 0 255 0
-0.059064 -0.421156 0.411781 0 255 0
0.064823 -0.429209 0.537417 0 255 0
0.086919 -0.434248 0.506153 0 255 0
0.034109 -0.499885 0.484841 0 255 0
0.035826 -0.447658 0.509452 0 255 0
-0.019314 -0.522720 0.427432 0 255 0
0.074499 -0.521405 0.371919 0 255 0
0.059177 -0.320278 0.370804 0 255 0
0.048070 -0.467285 0.378180 0 255 0
-0.007144 -0.502814 0.504787 0 255 0
0.008487 -0.462826 0.437227 0 255 0
0.051174 -0.467542 0.361118 0 255 0
-0.043951 -0.351037 0.323918 0 255 0
0.035169 -0.380400 0.352835 0 255 0
0.027037 -0.365273 0.366547 0 255 0
0.036339 -0.387948 0.368425 0 255 0
-0.005873 -0.315140 0.427267 0 255 0
-0.010313 -0.452591 0.392691 0 255 0
-0.056868 -0.431606 0.435874 0 255 0
-0.022122 -0.461077 0.442636 0 255 0
0.073104 -0.429292 0.416400 0 255 0
0.003255 -0.456064 0.445893 0 255 0
-0.064925 -0.423701 0.470014 0 255 0
-0.055181 -0.444471 0.398640 0 255 0
0.013350 -0.436454 0.380186 0 255 0
-0.008344 -0.476806 0.379696 0 255 0
0.023999 -0.504438 0.441770 0 255 0
0.061614 -0.497764 0.284288 0 255 0
0.046460 -0.365568 0.297510 0 255 0
0.039486 -0.461209 0.447539 0 255 0
-0.021148 -0.452503 0.378460 0 255 0
0.015043 -0.437559 0.422402 0 255 0
0.000035 -0.397900 0.299533 0 255 0
0.025553 -0.454171 0.378853 0 255 0
-0.075541 -0.304740 0.363490 0 255 0
0.038424 -0.404146 0.268104 0 255 0
-0.026082 -0.439575 0.286908 0 255 0
-0.084024 -0.444906 0.419821 0 255 0
0.003778 -0.397665 0.347085 0 255 0
-0.062522 -0.405903 0.294343 0 255 0
-0.094574 -0.412791 0.418418 0 255 0
0.039015 -0.433750 0.259284 0 255 0
0.057953 -0.382748 0.346548 0 255 0
-0.070874 -0.410675 0.460801 0 255 0
-0.031745 -0.528455 0.384663 0 255 0
-0.045747 -0.395120 0.378087 0 255 0
-0.058512 -0.476437 0.410489 0 255 0
-0.099769 -0.509572 0.293724 0 255 0
-0.160652 -0.445838 0.338108 0 255 0
-0.056011 -0.409639 0.364919 0 255 0
-0.000912 -0.396186 0.362287 0 255 0
0.014835 -0.412765 0.402075 0 255 0
-0.050240 -0.342470 0.504986 0 255 0
0.062551 -0.394550 0.295711 0 255 0
0.032749 -0.422834 0.504989 0 255 0
-0.023609 -0.372367 0.393532 0 255 0
0.087476 -0.468929 0.393542 0 255 0
0.036805 -0.279514 0.549921 0 255 0
0.062303 -0.371270 0.540267 0 255 0
-0.087556 -0.406832 0.449230 0 255 0
-0.022173 -0.463825 0.587245 0 255 0
-0.013068 -0.437899 0.577177 0 255 0
0.012774 -0.407096 0.541388 0 255 0
0.086457 -0.444682 0.448551 0 255 0
0.019246 -0.411644 0.407577 0 255 0
-0.111910 -0.387575 0.373472 0 255 0
-0.105307 -0.256495 0.388253 0 255 0
-0.048587 -0.260294 0.409530 0 255 0
-0.117827 -0.367551 0.473982 0 255 0
0.058165 -0.408581 0.573366 0 255 0
0.174785 -0.438489 0.480905 0 255 0
0.067154 -0.443675 0.545619 0 255 0
-0.019453 -0.417144 0.475699 0 255 0
-0.040957 -0.479267 0.518905 0 255 0
-0.008810 -0.403004 0.513273 0 255 0
0.034993 -0.487182 0.428585 0 255 0
-0.007787 -0.360236 0.559117 0 255 0
0.080936 -0.415269 0.452831 0 255 0
0.079720 -0.421285 0.505385 0 255 0
0.052552 -0.408052 0.509399 0 255 0
0.000009 -0.328148 0.509347 0 255 0
-0.108138 -0.298948 0.465544 0 255 0
-0.000712 -0.328959 0.346011 0 255 0
0.101889 -0.378449 0.441487 0 255 0
-0.012373 -0.474011 0.443838 0 255 0
-0.005638 -0.454680 0.445622 0 255 0
-0.095531 -0.452841 0.310063 0 255 0
0.045625 -0.353012 0.480196 0 255 0
-0.027564 -0.445491 0.324693 0 255 0
0.094781 -0.311943 0.562311 0 255 0
-0.060434 -0.346168 0.378437 0 255 0
-0.123942 -0.396282 0.448881 0 255 0
0.035255 -0.523929 0.431228 0 255 0
-0.000045 -0.508614 0.408387 0 255 0
0.076931 -0.475774 0.510376 0 255 0
-0.016540 -0.499811 0.528528 0 255 0
0.017241 -0.522149 0.642167 0 255 0
-0.022952 -0.315471 0.417690 0 255 0
-0.073593 -0.435928 0.518344 0 255 0
0.004996 -0.425911 0.432685 0 255 0
0.054773 -0.460757 0.363687 0 255 0
0.029650 -0.499675 0.375609 0 255 0
-0.045423 -0.456549 0.409007 0 255 0
-0.049720 -0.471305 0.424794 0 255 0
0.018706 -0.375926 0.361295 0 255 0
0.036412 -0.535723 0.417249 0 255 0
0.006257 -0.553105 0.357646 0 255 0
-0.047188 -0.394343 0.354707 0 255 0
-0.060536 -0.367989 0.396064 0 255 0
0.002470 -0.408490 0.475608 0 255 0
0.041440 -0.404951 0.337962 0 255 0
-0.006806 -0.470837 0.355318 0 255 0
0.057837 -0.523818 0.307072 0 255 0
-0.003019 -0.446026 0.434317 0 255 0
-0.004799 -0.384084 0.347431 0 255 0
-0.005223 -0.434933 0.314267 0 255 0
0.043972 -0.454142 0.388767 0 255 0
0.015936 -0.400455 0.445677 0 255 0
-0.079182 -0.497414 0.278857 0 255 0
0.052632 -0.373621 0.411171 0 255 0
-0.033729 -0.369700 0.406385 0 255 0
0.048197 -0.386632 0.329794 0 255 0
-0.072577 -0.427857 0.468798 0 255 0
-0.021639 -0.525774 0.391577 0 255 0
-0.059805 -0.395297 0.342763 0 255 0
0.001511 -0.506536 0.306632 0 255 0
0.005440 -0.379870 0.373610 0 255 0
-0.030987 -0.416850 0.295577 0 255 0
0.014648 -0.502272 0.367036 0 255 0
0.024549 -0.454366 0.448564 0 255 0
-0.027117 -0.471685 0.367907 0 255 0
0.070696 -0.428219 0.242814 0 255 0
-0.069456 -0.426466 0.373175 0 255 0
0.035116 -0.431922 0.414286 0 255 0
-0.097239 -0.465887 0.388608 0 255 0
-0.006347 -0.526514 0.397808 0 255 0
0.070802 -0.359011 0.426892 0 255 0
-0.080637 -0.447871 0.390325 0 255 0
-0.046568 -0.508339 0.430714 0 255 0
0.013169 -0.457100 0.386352 0 255 0
0.044827 -0.445366 0.407820 0 255 0
-0.010820 -0.392423 0.461557 0 255 0
-0.027538 -0.352362 0.346538 0 255 0
0.005737 -0.442373 0.361812 0 255 0
0.054013 -0.505799 0.291062 0 255 0
0.040626 -0.433571 0.351902 0 255 0
-0.032001 -0.435367 0.344325 0 255 0
-0.019476 -0.414883 0.378357 0 255 0
0.026402 -0.454201 0.355502 0 255 0
0.026663 -0.317553 0.325771 0 255 0
0.011288 -0.427837 0.325422 0 255 0
0.063873 -0.439653 0.449209 0 255 0
0.020810 -0.407710 0.420794 0 255 0
0.022090 -0.356697 0.335596 0 255 0
-0.085229 -0.407581 0.465247 0 255 0
0.027350 -0.405128 0.347403 0 255 0
-0.002585 -0.318709 0.346981 0 255 0
-0.001010 -0.454592 0.411379 0 255 0
-0.077510 -0.507218 0.385071 0 255 0
0.005876 -0.431597 0.421137 0 255 0
-0.047668 -0.441964 0.410001 0 255 0
0.068495 -0.375088 0.434872 0 255 0
0.030306 -0.420302 0.432178 0 255 0
0.028889 -0.452524 0.390988 0 255 0
-0.020544 -0.448068 0.347619 0 255 0
-0.103642 -0.417553 0.373086 0 255 0
-0.055573 -0.389671 0.468054 0 255 0
-0.000874 -0.401904 0.370901 0 255 0
0.020568 -0.389017 0.431976 0 255 0
-0.025036 -0.295024 0.305058 0 255 0
0.089179 -0.388658 0.456499 0 255 0
0.026443 -0.521689 0.423596 0 255 0
-0.074481 -0.409412 0.447321 0 255 0
-0.078461 -0.546776 0.334166 0 255 0
0.012551 -0.443727 0.368784 0 255 0
-0.098464 -0.406830 0.419022 0 255 0
-0.024085 -0.407633 0.376392 0 255 0
-0.046896 -0.391040 0.377077 0 255 0
-0.055314 -0.432532 0.380132 0 255 0
0.022371 -0.397926 0.304659 0 255 0
0.022391 -0.446746 0.283019 0 255 0
0.065816 -0.504701 0.345330 0 255 0
-0.025666 -0.403639 0.418418 0 255 0
-0.001099 -0.443380 0.306023 0 255 0
0.028212 -0.384105 0.357226 0 255 0
0.003050 -0.417594 0.423992 0 255 0
0.007238 -0.388745 0.362223 0 255 0
0.032904 -0.405827 0.363652 0 255 0
0.034367 -0.431780 0.346102 0 255 0
-0.002041 -0.465618 0.409934 0 255 0
-0.050760 -0.493143 0.351545 0 255 0
-0.081854 -0.521658 0.370450 0 255 0
-0.038856 -0.444679 0.298572 0 255 0
-0.031034 -0.387107 0.322213 0 255 0
0.013085 -0.440820 0.421467 0 255 0
-0.001798 -0.347005 0.357346 0 255 0
-0.096472 -0.469586 0.359182 0 255 0
-0.012435 -0.449865 0.338938 0 255 0
-0.008603 -0.424851 0.360429 0 255 0
0.061688 -0.423392 0.432372 0 255 0
0.037798 -0.540005 0.305440 0 255 0
-0.049730 -0.472877 0.347787 0 255 0
0.011766 -0.368887 0.425245 0 255 0
-0.127944 -0.413880 0.306942 0 255 0
-0.048229 -0.445857 0.439177 0 255 0
-0.132288 -0.322461 0.547050 0 255 0
-0.037210 -0.259788 0.529144 0 255 0
0.031656 -0.248629 0.461717 0 255 0
-0.056363 -0.302949 0.422963 0 255 0
-0.002342 -0.384485 0.414475 0 255 0
0.008768 -0.428082 0.331846 0 255 0
-0.008024 -0.404055 0.348187 0 255 0
0.083703 -0.458687 0.332781 0 255 0
-0.062453 -0.498502 0.457237 0 255 0
-0.048196 -0.412155 0.388085 0 255 0
0.043856 -0.378514 0.320049 0 255 0
0.020721 -0.522670 0.450650 0 255 0
-0.040992 -0.437359 0.394752 0 255 0
-0.000396 -0.451467 0.453708 0 255 0
-0.037912 -0.267010 0.525787 0 255 0
0.007748 -0.315194 0.433131 0 255 0
-0.034126 -0.368084 0.431588 0 255 0
0.010750 -0.285935 0.406720 0 255 0
-0.125320 -0.309357 0.509776 0 255 0
0.050990 -0.222680 0.412242 0 255 0
-0.037424 -0.284136 0.476883 0 255 0
0.023067 -0.316920 0.491367 0 255 0
0.024297 -0.290829 0.492905 0 255 0
0.035436 -0.317201 0.506313 0 255 0
0.018195 -0.154889 0.638868 0 255 0
-0.023144 -0.211189 0.639498 0 255 0
0.005989 -0.247241 0.634027 0 255 0
-0.006964 -0.243368 0.604447 0 255 0
0.157557 -0.153563 0.713632 0 255 0
0.020808 -0.154730 0.523939 0 255 0
0.049985 -0.127688 0.725865 0 255 0
0.114254 -0.159603 0.611089 0 255 0
0.092696 -0.226755 0.531710 0 255 0
0.077243 -0.236901 0.501373 0 255 0
0.050746 -0.275602 0.507365 0 255 0
-0.022793 -0.257850 0.516445 0 255 0
0.047771 -0.383496 0.451527 0 255 0
-0.089686 -0.258683 0.518023 0 255 0
0.060976 -0.292280 0.481456 0 255 0
0.042284 -0.365200 0.452560 0 255 0
0.086224 -0.129700 0.465306 0 255 0
0.059345 -0.165557 0.653640 0 255 0
0.029517 -0.149704 0.634567 0 255 0
0.027417 -0.127674 0.571636 0 255 0
0.084320 -0.031916 0.569526 0 255 0
0.059606 -0.106057 0.651409 0 255 0
0.077208 -0.025144 0.619724 0 255 0
0.025974 -0.021152 0.558724 0 255 0
0.061453 -0.097310 0.584981 0 255 0
0.056980 0.032300 0.520956 0 255 0
-0.044235 -0.097049 0.472183 0 255 0
0.024325 0.000110 0.440071 0 255 0
0.010229 -0.159757 0.547200 0 255 0
0.075944 -0.240401 0.532503 0 255 0
-0.113204 -0.283771 0.479689 0 255 0
0.011715 -0.178061 0.490298 0 255 0
0.172266 -0.439362 0.492186 0 255 0
0.197150 -0.417950 0.497526 0 255 0
0.184107 -0.409885 0.510276 0 255 0
0.077393 -0.375467 0.445800 0 255 0
0.074664 0.034624 0.560630 0 255 0
0.035750 -0.020073 0.486362 0 255 0
0.131753 0.067658 0.457577 0 255 0
0.023159 0.007199 0.472380 0 255 0
0.097186 -0.303378 0.473076 0 255 0
0.089519 -0.205153 0.473985 0 255 0
0.065607 -0.261034 0.444549 0 255 0
0.121989 -0.358179 0.336129 0 255 0
0.048468 -0.246015 0.533290 0 255 0
0.028768 -0.270224 0.583089 0 255 0
0.079227 -0.203824 0.475646 0 255 0
0.092401 -0.261710 0.573608 0 255 0
0.019368 -0.063970 0.500702 0 255 0
0.062717 -0.109598 0.521571 0 255 0
0.118896 -0.146173 0.457497 0 255 0
0.143235 -0.149515 0.517355 0 255 0
0.048072 -0.111652 0.607047 0 255 0
0.052213 -0.071613 0.493612 0 255 0
0.010970 -0.243863 0.541902 0 255 0
0.024001 -0.185809 0.538016 0 255 0
0.106561 -0.286168 0.400435 0 255 0
0.082054 -0.263452 0.536812 0 255 0
0.076840 -0.157626 0.641586 0 255 0
-0.023515 -0.059101 0.635375 0 255 0
0.066766 -0.010392 0.588641 0 255 0
0.016759 0.176911 0.574396 0 255 0
0.121603 -0.031556 0.530997 0 255 0
0.096909 -0.031446 0.577713 0 255 0
0.075438 -0.025225 0.623702 0 255 0
-0.023120 -0.117801 0.586799 0 255 0
0.078958 -0.137441 0.585876 0 255 0
0.047062 -0.087827 0.543165 0 255 0
0.024421 -0.052465 0.599599 0 255 0
0.079957 0.095759 0.558495 0 255 0
0.009986 0.141457 0.600011 0 255 0
0.085910 0.004689 0.519827 0 255 0
-0.028594 -0.202272 0.714438 0 255 0
-0.032454 -0.259025 0.621920 0 255 0
-0.010446 -0.168485 0.566457 0 255 0
0.075642 -0.187446 0.525873 0 255 0
0.058257 -0.150008 0.627804 0 255 0
0.156931 -0.127938 0.493725 0 255 0
0.091711 -0.129093 0.482273 0 255 0
0.002536 -0.254676 0.491620 0 255 0
0.064577 -0.134699 0.511749 0 255 0
-0.028337 -0.264485 0.565804 0 255 0
0.173525 0.048164 0.486161 0 255 0
0.151282 0.120904 0.504650 0 255 0
0.067415 0.079418 0.525195 0 255 0
0.118676 -0.010082 0.608450 0 255 0
0.135987 -0.233928 0.457656 0 255 0
0.027427 -0.170640 0.484611 0 255 0
0.126009 -0.234031 0.387354 0 255 0
0.096940 -0.297035 0.497263 0 255 0
-0.004472 -0.125400 0.615006 0 255 0
-0.005147 -0.095585 0.678672 0 255 0
0.004157 -0.084875 0.688378 0 255 0
0.001124 -0.141970 0.631534 0 255 0
0.100855 -0.043276 0.594749 0 255 0
0.010390 -0.188202 0.495675 0 255 0
-0.032690 -0.151283 0.538418 0 255 0
-0.141951 -0.174195 0.591696 0 255 0
0.036063 -0.095950 0.568722 0 255 0
-0.032850 -0.288127 0.577505 0 255 0
0.058584 -0.246733 0.591647 0 255 0
0.037390 -0.207441 0.514183 0 255 0
0.019684 -0.178348 0.579906 0 255 0
-0.050750 -0.243010 0.530107 0 255 0
-0.034900 -0.153720 0.549243 0 255 0
-0.006017 -0.252029 0.515723 0 255 0
-0.048714 -0.291940 0.601224 0 255 0
-0.079502 -0.358665 0.522324 0 255 0
-0.018985 -0.264957 0.541637 0 255 0
0.002656 -0.211217 0.588284 0 255 0
0.032246 -0.217890 0.499016 0 255 0
0.102997 0.106339 0.607470 0 255 0
0.023599 -0.202709 0.299711 0 255 0
-0.013670 -0.146764 0.439538 0 255 0
0.021032 -0.208440 0.424839 0 255 0
0.033519 -0.214829 0.416633 0 255 0
-0.013691 -0.346415 0.339831 0 255 0
0.099123 -0.282948 0.492705 0 255 0
0.050060 -0.174489 0.386935 0 255 0
0.076757 -0.250903 0.396710 0 255 0
0.056787 -0.191292 0.326212 0 255 0
0.042095 -0.139732 0.410206 0 255 0
0.100928 -0.232931 0.499031 0 255 0
0.152296 -0.210034 0.506784 0 255 0
0.115671 -0.271853 0.445863 0 255 0
0.103746 -0.272358 0.489487 0 255 0
0.010998 0.130515 0.437799 0 255 0
0.017943 -0.003616 0.382256 0 255 0
-0.036444 -0.024831 0.502546 0 255 0
0.041009 -0.079086 0.536181 0 255 0
0.040180 0.002015 0.374430 0 255 0
0.086435 -0.030372 0.450627 0 255 0
-0.029225 -0.183850 0.397319 0 255 0
-0.019946 -0.171979 0.324949 0 255 0
-0.086572 -0.090457 0.446080 0 255 0
0.022557 -0.265153 0.492689 0 255 0
0.034926 -0.185516 0.323293 0 255 0
-0.083473 -0.212209 0.411194 0 255 0
-0.074697 -0.218655 0.426372 0 255 0
-0.085956 -0.232167 0.403336 0 255 0
-0.052700 -0.164005 0.433988 0 255 0
-0.070782 -0.267909 0.369817 0 255 0
0.154154 -0.098432 0.522062 0 255 0
0.065722 -0.039765 0.516397 0 255 0
0.052384 -0.069810 0.398872 0 255 0
0.057901 -0.246198 0.584216 0 255 0
0.070232 -0.258092 0.494124 0 255 0
0.162249 -0.092146 0.455331 0 255 0
-0.064880 -0.285541 0.452296 0 255 0
0.050675 -0.256364 0.356131 0 255 0
-0.037357 -0.261033 0.369225 0 255 0
0.017866 -0.242264 0.374743 0 255 0
-0.018882 -0.308809 0.316780 0 255 0
-0.072024 -0.239813 0.365159 0 255 0
-0.013168 -0.217139 0.415379 0 255 0
-0.022628 -0.036077 0.352917 0 255 0
0.023919 -0.125621 0.382878 0 255 0
-0.087881 -0.094055 0.471622 0 255 0
-0.044293 -0.059634 0.349409 0 255 0
0.148977 -0.214477 0.432807 0 255 0
0.112961 -0.276286 0.455017 0 255 0
0.127164 -0.217965 0.439056 0 255 0
0.018841 -0.204262 0.499714 0 255 0
0.088156 -0.110577 0.449717 0 255 0
0.104688 -0.116935 0.472237 0 255 0
0.081301 -0.079729 0.500306 0 255 0
0.014654 -0.188222 0.369626 0 255 0
0.034515 -0.156256 0.515648 0 255 0
0.092496 -0.079863 0.438653 0 255 0
0.110291 -0.079685 0.453493 0 255 0
0.065816 -0.138208 0.483795 0 255 0
-0.097754 -0.056075 0.431567 0 255 0
-0.091069 -0.024373 0.410872 0 255 0
-0.070290 -0.073861 0.339311 0 255 0
-0.150957 -0.141577 0.456000 0 255 0
0.111819 -0.223078 0.508622 0 255 0
0.092298 -0.318657 0.481051 0 255 0
0.050186 -0.351259 0.365676 0 255 0
0.173196 -0.264848 0.377518 0 255 0
0.124383 -0.278586 0.486392 0 255 0
0.156642 -0.352541 0.417536 0 255 0
0.120871 -0.249129 0.398800 0 255 0
0.092881 -0.301714 0.439257 0 255 0
0.201856 -0.289988 0.392199 0 255 0
0.076621 -0.296271 0.424985 0 255 0
0.139886 -0.385966 0.419146 0 255 0
0.063540 -0.463963 0.435487 0 255 0
0.048734 -0.317041 0.373106 0 255 0
0.039651 -0.337600 0.406556 0 255 0
-0.002675 -0.285330 0.364289 0 255 0
0.060112 -0.293306 0.472350 0 255 0
0.154102 -0.257832 0.553903 0 255 0
0.146390 -0.311858 0.446687 0 255 0
0.126121 -0.302013 0.463843 0 255 0
0.113940 -0.370246 0.339547 0 255 0
0.050216 -0.404586 0.496140 0 255 0
0.189589 -0.427279 0.465354 0 255 0
0.242012 -0.339138 0.485640 0 255 0
0.220723 -0.336649 0.501140 0 255 0
-0.016742 -0.384245 0.435051 0 255 0
-0.019879 -0.032038 0.364605 0 255 0
0.046671 -0.045273 0.362331 0 255 0
0.048090 0.054277 0.423219 0 255 0
0.008903 0.105107 0.363678 0 255 0
0.110189 -0.002879 0.500000 0 255 0
0.086971 0.017404 0.498979 0 255 0
-0.032142 0.061606 0.524958 0 255 0
0.105097 0.051929 0.482602 0 255 0
0.018623 0.062318 0.493038 0 255 0
-0.061533 -0.272596 0.387063 0 255 0
-0.073632 -0.291966 0.458731 0 255 0
-0.096172 -0.348503 0.339549 0 255 0
0.018156 -0.293388 0.501772 0 255 0
0.072937 0.150074 0.524953 0 255 0
0.075262 0.220817 0.468497 0 255 0
0.145071 0.221007 0.537513 0 255 0
0.047971 0.273772 0.516125 0 255 0
-0.019861 -0.287323 0.440155 0 255 0
0.028609 -0.283290 0.368593 0 255 0
-0.010962 -0.283228 0.328664 0 255 0
0.015596 -0.279876 0.315835 0 255 0
-0.017307 0.199006 0.389041 0 255 0
0.164092 0.154103 0.480782 0 255 0
-0.100050 -0.418497 0.432644 0 255 0
-0.054392 -0.253105 0.466829 0 255 0
-0.035204 -0.326256 0.514791 0 255 0
0.094216 -0.217386 0.423269 0 255 0
0.020016 -0.328336 0.443041 0 255 0
0.091510 0.134929 0.505720 0 255 0
0.109029 0.154768 0.483422 0 255 0
-0.054472 -0.349118 0.372069 0 255 0
-0.064294 -0.375180 0.340067 0 255 0
-0.122833 -0.236034 0.372087 0 255 0
-0.061177 -0.265783 0.406884 0 255 0
-0.024336 0.065783 0.447685 0 255 0
0.090813 0.094287 0.518731 0 255 0
0.027930 0.396261 0.518907 0 255 0
0.025605 0.401922 0.400723 0 255 0
-0.012413 0.356928 0.383140 0 255 0
-0.022477 0.262910 0.360569 0 255 0
-0.004221 0.288624 0.352132 0 255 0
-0.013670 0.330188 0.400819 0 255 0
-0.062729 0.270097 0.433171 0 255 0
0.051691 0.386837 0.511656 0 255 0
-0.020197 0.223003 0.414961 0 255 0
0.095931 0.117013 0.329393 0 255 0
-0.069971 0.145953 0.377937 0 255 0
0.004495 0.223783 0.353718 0 255 0
0.079511 0.082739 0.424431 0 255 0
0.131916 0.068610 0.367734 0 255 0
0.105730 0.122339 0.468771 0 255 0
0.021315 0.367099 0.438047 0 255 0
0.134338 0.336013 0.511018 0 255 0
0.086502 0.270738 0.588366 0 255 0
-0.050165 0.399326 0.545592 0 255 0
-0.002507 0.279271 0.558062 0 255 0
-0.024013 0.367072 0.463935 0 255 0
0.009425 0.252513 0.459950 0 255 0
0.023144 0.338322 0.501709 0 255 0
-0.042063 0.127587 0.565477 0 255 0
0.019440 0.137554 0.554952 0 255 0
0.096064 0.112228 0.600137 0 255 0
-0.005179 0.107096 0.674857 0 255 0
-0.076373 0.107290 0.617544 0 255 0
-0.009227 0.070000 0.757185 0 255 0
-0.009963 0.014221 0.623714 0 255 0
0.030816 0.237470 0.617436 0 255 0
-0.122625 0.186432 0.621137 0 255 0
0.000830 0.170302 0.754728 0 255 0
0.052370 0.073968 0.638690 0 255 0
0.107523 0.237032 0.534833 0 255 0
0.004829 0.202523 0.569942 0 255 0
0.132816 0.192150 0.524932 0 255 0
0.109742 0.156378 0.539317 0 255 0
-0.110216 0.311668 0.495010 0 255 0
-0.100771 0.404713 0.484102 0 255 0
0.109382 0.312989 0.641399 0 255 0
0.091733 0.345189 0.566256 0 255 0
-0.023128 0.307330 0.774554 0 255 0
-0.017362 0.214115 0.760584 0 255 0
0.071507 0.346189 0.676273 0 255 0
0.027040 0.278735 0.656145 0 255 0
-0.058195 0.311642 0.684353 0 255 0
-0.227352 0.190577 0.652523 0 255 0
-0.133370 0.233979 0.676591 0 255 0
-0.029508 0.308004 0.579215 0 255 0
-0.113516 0.279051 0.395365 0 255 0
-0.085281 0.218682 0.394089 0 255 0
0.012782 0.294035 0.245407 0 255 0
0.059280 0.269226 0.302487 0 255 0
-0.010735 0.056472 0.452341 0 255 0
0.042135 0.126351 0.388415 0 255 0
-0.015008 0.108968 0.439644 0 255 0
-0.004731 0.036480 0.444547 0 255 0
0.068638 0.040906 0.444514 0 255 0
0.059563 -0.078309 0.374015 0 255 0
0.003061 -0.088980 0.476337 0 255 0
0.017768 -0.150360 0.408918 0 255 0
-0.045878 -0.059831 0.393317 0 255 0
-0.132064 -0.239445 0.416947 0 255 0
-0.043337 -0.167395 0.390445 0 255 0
-0.051699 0.405018 0.548008 0 255 0
-0.052123 0.268644 0.420600 0 255 0
-0.117754 0.518963 0.485529 0 255 0
-0.073724 0.396302 0.532259 0 255 0
0.001500 0.441056 0.516407 0 255 0
0.058779 0.511026 0.584704 0 255 0
-0.000716 0.383689 0.509913 0 255 0
0.023585 0.355084 0.580929 0 255 0
0.029410 0.378261 0.624474 0 255 0
-0.022646 0.463299 0.588049 0 255 0
-0.001032 0.374398 0.634432 0 255 0
-0.180918 0.280807 0.648609 0 255 0
0.077601 0.295383 0.629761 0 255 0
-0.104352 0.310344 0.652354 0 255 0
-0.083357 0.310304 0.676984 0 255 0
0.048572 0.266308 0.639935 0 255 0
-0.027959 0.250866 0.496679 0 255 0
0.046471 0.127858 0.571800 0 255 0
-0.009922 0.274477 0.620969 0 255 0
-0.003293 0.034645 0.651608 0 255 0
-0.103300 0.094489 0.613907 0 255 0
0.087697 0.016146 0.626978 0 255 0
-0.082213 -0.030846 0.633515 0 255 0
0.077826 0.057029 0.598839 0 255 0
-0.017922 -0.058154 0.695674 0 255 0
0.008109 -0.029800 0.678720 0 255 0
-0.131762 -0.078538 0.594865 0 255 0
-0.068947 0.052374 0.654353 0 255 0
0.032637 0.064827 0.730054 0 255 0
-0.099533 -0.046968 0.634037 0 255 0
-0.000080 -0.083865 0.566956 0 255 0
0.051880 -0.152884 0.597375 0 255 0
0.023252 -0.123255 0.570042 0 255 0
-0.066460 -0.085594 0.552678 0 255 0
-0.027293 -0.196321 0.518106 0 255 0
0.129410 0.195682 0.553116 0 255 0
-0.154224 0.282297 0.633841 0 255 0
-0.159270 0.330255 0.551711 0 255 0
-0.126224 0.356039 0.573163 0 255 0
-0.067663 0.285405 0.553970 0 255 0
0.008036 0.144323 0.572749 0 255 0
0.099823 0.111056 0.512616 0 255 0
0.070414 0.088342 0.572629 0 255 0
0.047440 -0.071745 0.574335 0 255 0
0.061161 -0.154333 0.569179 0 255 0
-0.027942 -0.191831 0.546813 0 255 0
-0.075430 -0.140068 0.631271 0 255 0
0.053585 0.333087 0.486682 0 255 0
0.027095 0.445396 0.663892 0 255 0
0.010085 0.355187 0.745616 0 255 0
-0.015670 0.346796 0.720284 0 255 0
0.009819 0.484205 0.744925 0 255 0
-0.054252 0.397786 0.675730 0 255 0
-0.082203 0.323215 0.643439 0 255 0
0.008580 0.414586 0.623633 0 255 0
-0.092097 0.358965 0.663660 0 255 0
-0.093283 0.424113 0.655539 0 255 0
0.007614 0.374360 0.652721 0 255 0
-0.053035 0.345521 0.611648 0 255 0
-0.060145 0.399960 0.656667 0 255 0
0.064773 0.386535 0.667256 0 255 0
-0.010161 0.473697 0.607218 0 255 0
0.025922 0.511159 0.697822 0 255 0
0.171785 0.438609 0.645111 0 255 0
0.015436 0.504069 0.590820 0 255 0
-0.021268 0.361959 0.569874 0 255 0
-0.112549 0.323344 0.597942 0 255 0
0.030154 0.338671 0.639484 0 255 0
-0.078970 0.468882 0.683583 0 255 0
-0.163494 0.434481 0.574728 0 255 0
-0.091488 0.356728 0.621339 0 255 0
-0.063042 0.268617 0.552701 0 255 0
-0.024676 0.381165 0.583568 0 255 0
-0.041306 0.471384 0.658119 0 255 0
0.000642 0.512192 0.563965 0 255 0
0.011256 0.381935 0.580401 0 255 0
0.041258 0.395458 0.609429 0 255 0
-0.007380 0.455675 0.563522 0 255 0
-0.047571 0.513104 0.619891 0 255 0
-0.045696 0.460348 0.667504 0 255 0
-0.030469 0.414640 0.699868 0 255 0
0.086869 0.413515 0.681005 0 255 0
0.020576 0.473081 0.729922 0 255 0
0.040502 0.510018 0.598510 0 255 0
-0.005840 0.554762 0.587968 0 255 0
0.052080 0.514313 0.660436 0 255 0
-0.048755 0.602756 0.506698 0 255 0
-0.055665 0.453633 0.664745 0 255 0
-0.002973 0.460127 0.539957 0 255 0
-0.002895 0.523778 0.568066 0 255 0
-0.063290 0.438573 0.573204 0 255 0
-0.188707 0.540666 0.630619 0 255 0
-0.096451 0.465916 0.610164 0 255 0
-0.107888 0.446959 0.615133 0 255 0
-0.152581 0.440856 0.643495 0 255 0
-0.104186 0.437555 0.681867 0 255 0
-0.109960 0.435724 0.550478 0 255 0
-0.079192 0.444195 0.594672 0 255 0
-0.105078 0.580977 0.657290 0 255 0
-0.141845 0.540624 0.670376 0 255 0
-0.103006 0.470922 0.633164 0 255 0
-0.122721 0.552477 0.595016 0 255 0
-0.108642 0.656962 0.609926 0 255 0
0.007336 0.584534 0.636436 0 255 0
-0.084334 0.603137 0.628246 0 255 0
-0.069055 0.624013 0.651323 0 255 0
0.009065 0.568766 0.575787 0 255 0
-0.060726 0.635760 0.634305 0 255 0
-0.051658 0.563098 0.674563 0 255 0
-0.015372 0.681733 0.631605 0 255 0
-0.054501 0.618262 0.651955 0 255 0
0.011314 0.661246 0.627470 0 255 0
0.008831 0.584976 0.688538 0 255 0
-0.006067 0.559487 0.726111 0 255 0
0.001274 0.600476 0.716389 0 255 0
0.006624 0.610502 0.728028 0 255 0
-0.069474 0.526676 0.827334 0 255 0
-0.117827 0.658059 0.757172 0 255 0
-0.229077 0.604563 0.654762 0 255 0
-0.107934 0.507995 0.636148 0 255 0
-0.075528 0.542360 0.786301 0 255 0
-0.077678 0.527000 0.773081 0 255 0
-0.084982 0.551663 0.704888 0 255 0
-0.077981 0.565513 0.696123 0 255 0
0.004364 0.558339 0.677103 0 255 0
0.018603 0.549696 0.568546 0 255 0
-0.011476 0.539724 0.621092 0 255 0
0.067557 0.533100 0.621407 0 255 0
-0.085257 0.451319 0.681135 0 255 0
-0.084073 0.531637 0.672311 0 255 0
-0.084914 0.461885 0.651776 0 255 0
-0.184157 0.491582 0.649536 0 255 0
-0.000052 0.547749 0.748569 0 255 0
-0.027850 0.543173 0.827613 0 255 0
-0.067699 0.523731 0.667726 0 255 0
-0.059703 0.532501 0.778523 0 255 0
-0.012249 0.519831 0.663731 0 255 0
-0.043534 0.612584 0.615631 0 255 0
-0.112919 0.547452 0.739388 0 255 0
-0.073700 0.557496 0.592884 0 255 0
-0.092110 0.523013 0.631051 0 255 0
-0.130963 0.544155 0.668271 0 255 0
-0.092082 0.502968 0.682711 0 255 0
-0.125050 0.469124 0.683096 0 255 0
-0.045289 0.449506 0.614088 0 255 0
-0.190630 0.486707 0.717829 0 255 0
-0.120004 0.507007 0.752007 0 255 0
-0.076238 0.436017 0.763627 0 255 0
0.059939 0.512504 0.654693 0 255 0
0.019663 0.598225 0.775514 0 255 0
0.016686 0.552354 0.713013 0 255 0
-0.090251 0.588740 0.753527 0 255 0
-0.170920 0.646980 0.629028 0 255 0
-0.115114 0.532329 0.701906 0 255 0
-0.080632 0.623125 0.669365 0 255 0
0.008924 0.514473 0.605479 0 255 0
0.008421 0.605346 0.647304 0 255 0
-0.058515 0.634840 0.769266 0 255 0
-0.082254 0.642668 0.781693 0 255 0
-0.162165 0.596199 0.685478 0 255 0
-0.111175 0.596251 0.699971 0 255 0
-0.010595 0.581096 0.649558 0 255 0
-0.197086 0.694183 0.647949 0 255 0
-0.094831 0.629679 0.751313 0 255 0
-0.144376 0.628446 0.682634 0 255 0
-0.050486 0.569467 0.550398 0 255 0
-0.180563 0.582262 0.698528 0 255 0
-0.207104 0.626487 0.701839 0 255 0
-0.105422 0.654393 0.604432 0 255 0
-0.017714 0.562675 0.713586 0 255 0
-0.076363 0.655539 0.758061 0 255 0
-0.011336 0.692949 0.599676 0 255 0
-0.064933 0.619795 0.630901 0 255 0
-0.021196 0.668122 0.730347 0 255 0
0.061580 0.614332 0.767644 0 255 0
-0.016592 0.573524 0.783300 0 255 0
0.008965 0.686512 0.646060 0 255 0
-0.050379 0.772807 0.867204 0 255 0
-0.031075 0.673797 0.805272 0 255 0
-0.155421 0.643675 0.848065 0 255 0
-0.117005 0.824971 0.786999 0 255 0
-0.156305 0.631801 0.843244 0 255 0
-0.186521 0.617306 0.724811 0 255 0
-0.141992 0.633295 0.704520 0 255 0
-0.157127 0.669247 0.753116 0 255 0
-0.043625 0.662732 0.768479 0 255 0
-0.065138 0.751261 0.681901 0 255 0
0.018564 0.668885 0.675289 0 255 0
-0.082288 0.691420 0.693333 0 255 0
-0.210858 0.687410 0.707256 0 255 0
-0.207803 0.787742 0.811611 0 255 0
-0.253884 0.704615 0.764879 0 255 0
-0.196261 0.720708 0.689252 0 255 0
-0.120172 0.546546 0.724733 0 255 0
-0.167515 0.577291 0.663184 0 255 0
-0.155469 0.682054 0.715011 0 255 0
-0.193775 0.733708 0.610166 0 255 0
-0.169443 0.619357 0.781381 0 255 0
-0.016540 0.702657 0.768985 0 255 0
-0.131948 0.792833 0.726593 0 255 0
-0.046984 0.792144 0.751435 0 255 0
-0.102637 0.756122 0.715209 0 255 0
-0.122806 0.553747 0.784274 0 255 0
-0.035195 0.676556 0.720925 0 255 0
-0.045977 0.728185 0.844754 0 255 0
0.023107 0.732609 0.783372 0 255 0
-0.107379 0.754598 0.734862 0 255 0
-0.117601 0.703195 0.780274 0 255 0
-0.159824 0.765186 0.827493 0 255 0
-0.148868 0.711370 0.798290 0 255 0
-0.103118 0.791392 0.734523 0 255 0
-0.102323 0.749672 0.668967 0 255 0
-0.093246 0.669526 0.733581 0 255 0
-0.120385 0.746349 0.857597 0 255 0
-0.160000 0.717422 0.767872 0 255 0
-0.077981 0.859207 0.758386 0 255 0
-0.049186 0.779649 0.704472 0 255 0
-0.093679 0.877786 0.719692 0 255 0
-0.090820 0.919082 0.787305 0 255 0
-0.099305 0.811613 0.855104 0 255 0
-0.091927 0.828644 0.724495 0 255 0
-0.086519 0.823478 0.832398 0 255 0
-0.038011 0.823042 0.771475 0 255 0
-0.218311 0.837128 0.914372 0 255 0
-0.165187 0.825593 0.811275 0 255 0
-0.150854 0.808720 0.856064 0 255 0
-0.115531 0.780787 0.783864 0 255 0
-0.167965 0.781355 0.844642 0 255 0
-0.170115 0.859600 0.697459 0 255 0
-0.134889 0.750150 0.669987 0 255 0
-0.208256 0.806581 0.753815 0 255 0
-0.188407 0.838539 0.767318 0 255 0
-0.196086 0.734996 0.823956 0 255 0
-0.244068 0.775717 0.740438 0 255 0
-0.137338 0.855130 0.858050 0 255 0
-0.156662 0.878047 0.823455 0 255 0
-0.145972 0.760330 0.721110 0 255 0
-0.113015 0.738580 0.679601 0 255 0
-0.123567 0.865918 0.727411 0 255 0
-0.113401 0.857231 0.808463 0 255 0
-0.070389 0.269428 0.575863 0 255 0
-0.082078 0.357496 0.620800 0 255 0
-0.028663 0.270324 0.574894 0 255 0
-0.085210 0.251888 0.450306 0 255 0
-0.037919 0.390304 0.731967 0 255 0
-0.029103 0.427408 0.693509 0 255 0
-0.131450 0.427707 0.670083 0 255 0
-0.014831 0.374480 0.641783 0 255 0
-0.125287 0.442135 0.738357 0 255 0
-0.144298 0.497971 0.733287 0 255 0
-0.085681 0.471928 0.814445 0 255 0
-0.224663 0.511480 0.742144 0 255 0
-0.134853 0.598464 0.728736 0 255 0
-0.114565 0.633359 0.801266 0 255 0
-0.169252 0.612382 0.799068 0 255 0
-0.163777 0.694556 0.745413 0 255 0
-0.131914 0.595408 0.687182 0 255 0
-0.009712 0.778399 0.785538 0 255 0
-0.069986 0.673005 0.777616 0 255 0
-0.133301 0.723294 0.787157 0 255 0
-0.107868 0.738153 0.847090 0 255 0
-0.188122 0.719732 0.823709 0 255 0
0.072003 0.321129 0.727852 0 255 0
0.004278 0.351197 0.610453 0 255 0
-0.060292 0.207295 0.692471 0 255 0
-0.051442 0.310882 0.638553 0 255 0
-0.049344 0.192888 0.613450 0 255 0
-0.075355 0.293148 0.631329 0 255 0
-0.061636 0.185489 0.572074 0 255 0
-0.094536 0.242707 0.579813 0 255 0
-0.042519 0.571468 0.785053 0 255 0
-0.067968 0.553306 0.745057 0 255 0
-0.078779 0.515895 0.549425 0 255 0
-0.176349 0.493906 0.575442 0 255 0
-0.060544 0.483671 0.818592 0 255 0
-0.057124 0.405262 0.830420 0 255 0
-0.046280 0.517355 0.753052 0 255 0
-0.002379 0.475029 0.694378 0 255 0
-0.073355 0.556175 0.756072 0 255 0
-0.192654 0.676451 0.829584 0 255 0
-0.130795 0.622169 0.836774 0 255 0
-0.046734 0.546037 0.748575 0 255 0
-0.215601 0.661311 0.705417 0 255 0
-0.043639 0.618291 0.648776 0 255 0
-0.181242 0.644167 0.660209 0 255 0
-0.094920 0.690645 0.666175 0 255 0
-0.188028 0.687757 0.747877 0 255 0
-0.037285 0.470805 0.696568 0 255 0
-0.020538 0.443655 0.737503 0 255 0
0.023752 0.483308 0.659056 0 255 0
-0.081123 0.422016 0.753825 0 255 0
0.028618 0.005069 0.385108 0 255 0
-0.030377 -0.003582 0.413907 0 255 0
0.065140 -0.095657 0.617799 0 255 0
0.045412 -0.091777 0.559968 0 255 0
0.178227 -0.009226 0.515816 0 255 0
-0.029699 -0.096921 0.478233 0 255 0
0.002572 0.009396 0.589647 0 255 0
0.112273 -0.153410 0.525182 0 255 0
0.072142 -0.233996 0.519183 0 255 0
0.080581 -0.111030 0.556556 0 255 0
-0.046761 -0.132709 0.430538 0 255 0
0.098256 -0.199120 0.467715 0 255 0
-0.067350 -0.073445 0.622809 0 255 0
-0.043859 -0.006515 0.583334 0 255 0
-0.007013 -0.116830 0.630738 0 255 0
0.048647 0.162010 0.656174 0 255 0
0.037134 0.303163 0.642180 0 255 0
0.030025 0.138833 0.685064 0 255 0
-0.091961 0.171176 0.630324 0 255 0
-0.043936 0.318698 0.550497 0 255 0
-0.052434 -0.009184 0.399712 0 255 0
-0.068934 -0.070082 0.341094 0 255 0
-0.078851 -0.169225 0.340438 0 255 0
-0.125294 -0.267616 0.386297 0 255 0
-0.000464 -0.230247 0.355942 0 255 0
0.046093 -0.330546 0.325943 0 255 0
-0.034860 -0.382813 0.402543 0 255 0
-0.041121 -0.231508 0.453693 0 255 0
0.015390 -0.207546 0.415704 0 255 0
0.000624 -0.265430 0.365416 0 255 0
-0.129885 0.297956 0.628502 0 255 0
-0.044027 0.211330 0.543604 0 255 0
-0.148407 0.327354 0.625702 0 255 0
-0.099358 0.322890 0.737503 0 255 0
-0.100047 0.336405 0.687431 0 255 0
-0.120451 0.334025 0.705516 0 255 0
-0.010013 0.230431 0.606727 0 255 0
0.052470 0.306375 0.610687 0 255 0
0.097873 0.334299 0.582824 0 255 0
0.050247 0.410644 0.604140 0 255 0
0.206398 -0.384621 0.390223 0 255 0
0.239273 -0.380654 0.441796 0 255 0
0.168240 -0.348704 0.499130 0 255 0
0.217865 -0.330626 0.497433 0 255 0
0.005352 -0.140842 0.428186 0 255 0
-0.008447 -0.102738 0.406305 0 255 0
0.008612 -0.415690 0.366854 0 255 0
-0.006368 -0.436217 0.443134 0 255 0
0.029587 -0.323660 0.470132 0 255 0
0.072775 -0.331696 0.370993 0 255 0
-0.061371 -0.306370 0.377192 0 255 0
0.037773 -0.226405 0.409623 0 255 0
-0.034791 -0.204174 0.378977 0 255 0
-0.048183 -0.295284 0.413449 0 255 0
0.006901 -0.232412 0.355235 0 255 0
-0.090918 0.275879 0.355798 0 255 0
-0.035519 0.137493 0.359473 0 255 0
0.002244 -0.013064 0.372837 0 255 0
-0.037531 0.051236 0.388525 0 255 0
-0.044253 -0.044477 0.454760 0 255 0
-0.050113 0.041550 0.509399 0 255 0
-0.062083 -0.056980 0.330858 0 255 0
0.059987 -0.127963 0.380268 0 255 0
-0.078603 -0.215973 0.606653 0 255 0
-0.005129 -0.095317 0.629131 0 255 0
-0.034993 -0.048689 0.619653 0 255 0
-0.012036 -0.131987 0.556043 0 255 0
0.144958 -0.291294 0.441301 0 255 0
0.217448 -0.327996 0.534903 0 255 0
0.160476 -0.237221 0.484541 0 255 0
0.268603 -0.326457 0.438078 0 255 0
0.192114 0.330453 0.503507 0 255 0
0.024579 0.293369 0.461161 0 255 0
0.007816 0.036555 0.487072 0 255 0
0.087049 0.054263 0.347665 0 255 0
-0.019007 0.030564 0.266359 0 255 0
0.112755 -0.010114 0.474865 0 255 0
0.048329 -0.017856 0.532382 0 255 0
0.013435 0.019922 0.458774 0 255 0
0.092468 -0.051770 0.449723 0 255 0
0.051917 -0.123698 0.378068 0 255 0
0.038658 -0.296336 0.505749 0 255 0
0.089970 -0.177812 0.362769 0 255 0
-0.018542 0.325326 0.589423 0 255 0
0.033409 0.188559 0.506390 0 255 0
-0.048043 0.291422 0.618155 0 255 0
-0.087272 0.145264 0.573338 0 255 0
0.029625 -0.254622 0.373583 0 255 0
-0.061512 -0.313040 0.488054 0 255 0
0.130265 -0.286218 0.430398 0 255 0
0.177115 -0.364454 0.492562 0 255 0
0.080071 -0.199204 0.448076 0 255 0
0.026881 -0.190838 0.423425 0 255 0
-0.013085 -0.235897 0.616392 0 255 0
0.166277 -0.150115 0.514045 0 255 0
0.101847 -0.075919 0.460368 0 255 0
0.013643 -0.181234 0.443407 0 255 0
0.041035 -0.254303 0.428896 0 255 0
0.047632 -0.259678 0.536048 0 255 0
0.140896 -0.260457 0.557404 0 255 0
-0.014312 -0.279453 0.494432 0 255 0
0.022476 -0.317594 0.555877 0 255 0
0.017527 -0.140787 0.538040 0 255 0
-0.005998 -0.252564 0.532628 0 255 0
0.153074 -0.250655 0.505400 0 255 0
-0.015971 -0.293318 0.447387 0 255 0
0.078930 -0.243391 0.389389 0 255 0
-0.021260 -0.274152 0.532364 0 255 0
-0.017146 -0.350332 0.461181 0 255 0
0.023184 -0.278123 0.430830 0 255 0
-0.104865 -0.288360 0.443349 0 255 0
-0.139562 -0.271481 0.280553 0 255 0
-0.075190 -0.262832 0.411602 0 255 0
-0.082778 -0.182207 0.367611 0 255 0
-0.033432 -0.253367 0.535295 0 255 0
0.019692 -0.309969 0.455644 0 255 0
0.093852 -0.467054 0.435638 0 255 0
0.130212 -0.405833 0.434192 0 255 0
-0.015722 -0.238509 0.422334 0 255 0
-0.058823 -0.310461 0.434731 0 255 0
0.199951 -0.455826 0.315127 0 255 0
0.193006 -0.384799 0.367376 0 255 0
0.029436 -0.385128 0.495523 0 255 0
0.036988 -0.268754 0.512446 0 255 0
0.070112 -0.332143 0.559566 0 255 0
-0.120218 -0.234053 0.457813 0 255 0
0.010540 -0.203599 0.505165 0 255 0
0.116742 0.286223 0.520371 0 255 0
0.112873 0.325305 0.580613 0 255 0
0.105275 -0.034047 0.501851 0 255 0
0.067404 0.052204 0.492782 0 255 0
-0.086107 -0.005262 0.567951 0 255 0
-0.042305 0.032291 0.642996 0 255 0
-0.093134 -0.343471 0.503076 0 255 0
-0.043677 0.234948 0.740817 0 255 0
-0.076512 0.109044 0.656993 0 255 0
0.017790 0.027224 0.583428 0 255 0
0.002130 0.002379 0.639057 0 255 0
-0.057486 0.106731 0.601185 0 255 0
-0.063098 0.101308 0.670712 0 255 0
-0.166593 0.213684 0.640076 0 255 0
-0.094776 0.400353 0.664914 0 255 0
0.086396 -0.413670 0.449432 0 255 0
0.126363 -0.293703 0.513664 0 255 0
0.074899 -0.452759 0.430038 0 255 0
0.136789 -0.310201 0.498328 0 255 0
0.065262 0.105834 0.594477 0 255 0
0.020361 0.056251 0.595744 0 255 0
0.047969 -0.208192 0.579015 0 255 0
0.104099 -0.213577 0.578624 0 255 0
-0.103912 -0.122039 0.656656 0 255 0
-0.028221 -0.205010 0.640024 0 255 0
0.001664 -0.220229 0.554623 0 255 0
-0.045219 -0.265862 0.596421 0 255 0
-0.029541 -0.167754 0.535648 0 255 0
-0.106386 0.231501 0.555163 0 255 0
0.051145 -0.311679 0.480554 0 255 0
0.112194 -0.277568 0.388841 0 255 0
0.101233 -0.226476 0.436778 0 255 0
0.074362 -0.228802 0.361044 0 255 0
-0.016540 0.313641 0.618309 0 255 0
-0.040423 0.309039 0.573121 0 255 0
-0.131424 0.259030 0.443690 0 255 0
-0.044774 0.281006 0.462680 0 255 0
-0.003244 0.388390 0.513723 0 255 0
0.051594 0.284794 0.605491 0 255 0
-0.037960 0.275332 0.687549 0 255 0
0.015471 0.367801 0.627661 0 255 0
-0.131727 0.507283 0.762107 0 255 0
-0.059600 0.506358 0.757141 0 255 0
-0.061718 0.646321 0.843815 0 255 0
-0.055954 0.860293 0.763685 0 255 0
-0.117080 0.725590 0.846545 0 255 0
-0.151503 0.829908 0.773650 0 255 0
-0.170332 0.850345 0.788389 0 255 0
0.161587 -0.419023 0.374912 0 255 0
0.118142 -0.387571 0.311098 0 255 0
0.090260 -0.344544 0.451248 0 255 0
0.280451 -0.357776 0.300647 0 255 0
0.196710 -0.415198 0.397739 0 255 0
0.086993 -0.357856 0.348050 0 255 0
0.152383 -0.461430 0.475258 0 255 0
0.198723 -0.296134 0.441531 0 255 0
0.142291 -0.349783 0.388154 0 255 0
0.140915 -0.355213 0.519106 0 255 0
0.170153 -0.354736 0.474852 0 255 0
0.261588 -0.425058 0.440327 0 255 0
0.254698 -0.367374 0.400741 0 255 0
0.129714 -0.417718 0.418448 0 255 0
0.242998 -0.316651 0.356008 0 255 0
0.174467 -0.503232 0.476560 0 255 0
0.251309 -0.375416 0.409265 0 255 0
0.185637 -0.412746 0.548220 0 255 0
0.311084 -0.433633 0.455110 0 255 0
0.090684 -0.382024 0.545938 0 255 0
0.109363 -0.374609 0.426832 0 255 0
0.134621 -0.415852 0.457509 0 255 0
0.106391 -0.426669 0.498608 0 255 0
0.104489 -0.296644 0.450864 0 255 0
0.218119 -0.421362 0.347890 0 255 0
0.099829 -0.229581 0.584357 0 255 0
0.153968 -0.388252 0.487896 0 255 0
0.078839 -0.351205 0.409184 0 255 0
0.070626 -0.285466 0.407946 0 255 0
0.110263 -0.368775 0.377423 0 255 0
0.044162 -0.351225 0.511169 0 255 0
0.136628 -0.405189 0.412923 0 255 0
0.101482 -0.388260 0.422082 0 255 0
0.133516 -0.435861 0.556966 0 255 0
0.122590 -0.328977 0.493590 0 255 0
0.161088 -0.310843 0.446896 0 255 0
0.123586 -0.441165 0.431645 0 255 0
0.186898 -0.253697 0.458709 0 255 0
0.164830 -0.288349 0.465522 0 255 0
0.073406 -0.292394 0.397334 0 255 0
0.124967 -0.364412 0.400239 0 255 0
0.053892 -0.216398 0.584592 0 255 0
0.048793 -0.091295 0.473679 0 255 0
0.077983 -0.094376 0.473118 0 255 0
-0.062328 -0.126015 0.641848 0 255 0
0.069342 -0.142765 0.618010 0 255 0
0.140215 -0.040163 0.530891 0 255 0
0.038385 -0.218195 0.409595 0 255 0
0.068230 -0.089681 0.535560 0 255 0
0.097796 -0.097282 0.529032 0 255 0
-0.037239 -0.133013 0.586355 0 255 0
-0.161951 -0.290432 0.514761 0 255 0
-0.010572 -0.425103 0.390969 0 255 0
0.142876 -0.324775 0.452024 0 255 0
0.147811 -0.206939 0.550300 0 255 0
0.112286 -0.274940 0.523215 0 255 0
0.165674 -0.334626 0.476402 0 255 0
0.148062 -0.304569 0.416316 0 255 0
0.038911 -0.289967 0.372043 0 255 0
0.048935 -0.144990 0.367652 0 255 0
0.067443 -0.141099 0.441780 0 255 0
-0.156899 -0.002165 0.438131 0 255 0
0.123485 -0.290080 0.359298 0 255 0
0.118455 -0.321386 0.339946 0 255 0
0.129444 -0.334028 0.306673 0 255 0
0.110757 -0.259402 0.300084 0 255 0
0.056287 -0.290347 0.330677 0 255 0
0.105986 -0.286785 0.461292 0 255 0
0.057514 -0.283335 0.498825 0 255 0
0.074442 -0.360773 0.441948 0 255 0
0.051453 0.297016 0.364913 0 255 0
0.133393 0.320202 0.475133 0 255 0
0.168365 0.121701 0.580559 0 255 0
0.114193 0.083722 0.642313 0 255 0
0.148124 0.200878 0.621583 0 255 0
-0.123613 0.216960 0.646776 0 255 0
-0.027171 0.284406 0.551735 0 255 0
-0.071220 0.395064 0.648205 0 255 0
0.103709 0.350640 0.458920 0 255 0
-0.074860 0.337691 0.675318 0 255 0
-0.125239 0.437600 0.506621 0 255 0
-0.060849 0.375364 0.662145 0 255 0
-0.020633 0.496482 0.494585 0 255 0
-0.003012 0.478083 0.549822 0 255 0
-0.136401 0.408944 0.592573 0 255 0
0.059028 0.388619 0.540478 0 255 0
-0.076786 0.410611 0.564031 0 255 0
-0.075864 0.413165 0.716611 0 255 0
-0.146548 0.680102 0.740328 0 255 0
-0.088366 0.666269 0.725362 0 255 0
-0.139126 0.652656 0.762570 0 255 0
-0.129751 0.770677 0.702150 0 255 0
-0.064266 0.761945 0.750448 0 255 0
-0.081493 0.650343 0.722058 0 255 0
-0.157623 0.751236 0.781101 0 255 0
-0.154747 0.717195 0.676845 0 255 0
-0.114561 0.726357 0.784408 0 255 0
-0.120779 0.758330 0.779943 0 255 0
-0.055347 0.765233 0.724939 0 255 0
-0.085440 0.262472 0.569054 0 255 0
0.128584 0.373016 0.662445 0 255 0
0.116554 0.208427 0.508733 0 255 0
-0.021631 0.220422 0.694320 0 255 0
-0.001574 0.265879 0.602310 0 255 0
0.102135 -0.048874 0.519279 0 255 0
0.084253 -0.027828 0.688038 0 255 0
0.058970 -0.015883 0.567221 0 255 0
0.016218 -0.025555 0.608700 0 255 0
0.089781 0.013524 0.574389 0 255 0
-0.027725 -0.011788 0.608983 0 255 0
0.134043 0.007354 0.510181 0 255 0
0.075186 -0.043035 0.374141 0 255 0
0.094513 -0.024010 0.474901 0 255 0
0.029765 -0.026986 0.559854 0 255 0
-0.019522 -0.006479 0.483879 0 255 0
0.040437 -0.015894 0.511973 0 255 0
0.038955 0.006851 0.376549 0 255 0
0.045455 0.008803 0.416821 0 255 0
-0.044051 0.059586 0.415772 0 255 0
-0.018248 -0.008593 0.366837 0 255 0
-0.079563 0.167523 0.551709 0 255 0
-0.011984 0.283512 0.604302 0 255 0
0.068067 0.278295 0.680048 0 255 0
0.005676 0.232595 0.708032 0 255 0
0.102770 0.349804 0.569957 0 255 0
0.127428 -0.319871 0.523924 0 255 0
0.146178 -0.249430 0.459920 0 255 0
0.044229 -0.135654 0.450511 0 255 0
0.073798 -0.317385 0.346360 0 255 0
0.132992 -0.374884 0.394228 0 255 0
0.138382 -0.323702 0.410548 0 255 0
0.058861 -0.400984 0.411306 0 255 0
0.058901 -0.409170 0.490261 0 255 0
0.019926 -0.297987 0.500679 0 255 0
0.115660 0.279785 0.688143 0 255 0
0.055486 0.294251 0.481578 0 255 0
0.068819 0.304707 0.594454 0 255 0
-0.004372 0.286369 0.556399 0 255 0
-0.029071 0.145583 0.684787 0 255 0
-0.044138 0.518573 0.577940 0 255 0
-0.214154 0.426315 0.668680 0 255 0
0.081453 0.410139 0.550826 0 255 0
-0.146637 0.510836 0.692677 0 255 0
-0.139901 0.569853 0.562482 0 255 0
-0.086860 0.563617 0.663183 0 255 0
-0.154084 0.607079 0.697853 0 255 0
-0.192736 0.618328 0.705606 0 255 0
-0.245410 0.571527 0.750329 0 255 0
-0.103411 0.612305 0.704402 0 255 0
-0.207220 0.640452 0.724109 0 255 0
-0.136914 0.619570 0.822225 0 255 0
-0.119949 0.663130 0.797713 0 255 0
-0.196663 0.720616 0.768423 0 255 0
-0.202860 0.806943 0.851419 0 255 0
-0.178279 0.768168 0.812743 0 255 0
-0.070274 0.289849 0.582991 0 255 0
-0.066427 0.296279 0.536142 0 255 0
0.034427 -0.262894 0.428148 0 255 0
0.094339 -0.193771 0.522949 0 255 0
0.107638 -0.235326 0.369900 0 255 0
0.209104 -0.253450 0.453391 0 255 0
0.195065 -0.321491 0.426984 0 255 0
0.112341 -0.379920 0.373031 0 255 0
0.053696 -0.275683 0.384292 0 255 0
0.166257 -0.288498 0.445353 0 255 0
0.096706 -0.214829 0.427872 0 255 0
0.344823 -0.597882 0.342486 0 255 0
0.300940 -0.494378 0.332081 0 255 0
0.286494 -0.645189 0.362414 0 255 0
0.198264 -0.628760 0.415065 0 255 0
0.274517 -0.603815 0.470132 0 255 0
0.307170 -0.593887 0.378327 0 255 0
0.264963 -0.508525 0.337526 0 255 0
0.227454 -0.732114 0.472948 0 255 0
0.324836 -0.505237 0.371636 0 255 0
0.294126 -0.639464 0.317285 0 255 0
0.315187 -0.640762 0.399400 0 255 0
0.213571 -0.550565 0.451388 0 255 0
0.218769 -0.667188 0.390761 0 255 0
0.277896 -0.599553 0.347850 0 255 0
0.334951 -0.594569 0.433350 0 255 0
0.291420 -0.569239 0.328403 0 255 0
0.309809 -0.604644 0.381667 0 255 0
0.381113 -0.478966 0.454559 0 255 0
0.200045 -0.424485 0.468494 0 255 0
0.251758 -0.546242 0.434854 0 255 0
0.288175 -0.442914 0.392873 0 255 0
0.228206 -0.609681 0.480911 0 255 0
0.314916 -0.571053 0.411194 0 255 0
0.208934 -0.414415 0.309326 0 255 0
0.327221 -0.529456 0.366727 0 255 0
0.228427 -0.524559 0.500602 0 255 0
0.258300 -0.582227 0.413786 0 255 0
0.188682 -0.628153 0.465015 0 255 0
0.213271 -0.496176 0.511829 0 255 0
0.274335 -0.552403 0.397511 0 255 0
0.244120 -0.508405 0.435079 0 255 0
0.326853 -0.482798 0.378162 0 255 0
0.312179 -0.518989 0.463256 0 255 0
0.330226 -0.653036 0.474910 0 255 0
0.275198 -0.470440 0.418873 0 255 0
0.182738 -0.571396 0.401223 0 255 0
0.225491 -0.594772 0.356823 0 255 0
0.481436 -0.608678 0.380196 0 255 0
0.364556 -0.602348 0.382285 0 255 0
0.325000 -0.615834 0.350604 0 255 0
0.331298 -0.682109 0.458075 0 255 0
0.170571 -0.631763 0.305078 0 255 0
0.312765 -0.571496 0.342971 0 255 0
0.325418 -0.463714 0.310835 0 255 0
0.304335 -0.633951 0.363254 0 255 0
0.226961 -0.594151 0.412175 0 255 0
0.341382 -0.612460 0.366686 0 255 0
0.243710 -0.507096 0.329844 0 255 0
0.283969 -0.550127 0.495294 0 255 0
0.250098 -0.573050 0.380632 0 255 0
0.298846 -0.573205 0.420828 0 255 0
0.219311 -0.492790 0.463989 0 255 0
0.263544 -0.552904 0.360991 0 255 0
0.269778 -0.529666 0.376924 0 255 0
0.291806 -0.662064 0.443633 0 255 0
0.265871 -0.403846 0.365505 0 255 0
0.252150 -0.561246 0.402292 0 255 0
0.242074 -0.508298 0.317836 0 255 0
0.269466 -0.548489 0.429135 0 255 0
0.355362 -0.524414 0.411691 0 255 0
0.293083 -0.484691 0.391595 0 255 0
0.306116 -0.573046 0.443873 0 255 0
0.298453 -0.520942 0.451540 0 255 0
0.303128 -0.522790 0.464509 0 255 0
0.284602 -0.477108 0.453657 0 255 0
0.327168 -0.551672 0.418432 0 255 0
0.223438 -0.518000 0.460440 0 255 0
0.271973 -0.505675 0.369643 0 255 0
0.162851 -0.524368 0.387863 0 255 0
0.338423 -0.580058 0.361354 0 255 0
0.212102 -0.541654 0.358970 0 255 0
0.210885 -0.495178 0.370026 0 255 0
0.128054 -0.491403 0.363363 0 255 0
0.220879 -0.495898 0.419167 0 255 0
0.230202 -0.399135 0.296778 0 255 0
0.319699 -0.541385 0.391197 0 255 0
0.200248 -0.478876 0.422411 0 255 0
0.129920 -0.339096 0.403612 0 255 0
0.234891 -0.373039 0.364588 0 255 0
0.291896 -0.541737 0.344786 0 255 0
0.301719 -0.476026 0.363769 0 255 0
0.232379 -0.512432 0.411936 0 255 0
0.299692 -0.502687 0.457756 0 255 0
0.191110 -0.425740 0.355609 0 255 0
0.293334 -0.439701 0.395111 0 255 0
0.276340 -0.362499 0.428800 0 255 0
0.215332 -0.432837 0.533196 0 255 0
0.214800 -0.469230 0.506904 0 255 0
0.190001 -0.338016 0.391705 0 255 0
0.243513 -0.467202 0.506779 0 255 0
0.276783 -0.484030 0.462789 0 255 0
0.230112 -0.411069 0.364092 0 255 0
0.235934 -0.503778 0.443817 0 255 0
0.198696 -0.373596 0.447573 0 255 0
0.222576 -0.530783 0.352509 0 255 0
0.219208 -0.496129 0.422278 0 255 0
0.259821 -0.459461 0.443929 0 255 0
0.293341 -0.431021 0.336014 0 255 0
0.357746 -0.477345 0.475074 0 255 0
0.140580 -0.441025 0.493831 0 255 0
0.175114 -0.568446 0.412042 0 255 0
0.141969 -0.460355 0.433805 0 255 0
0.286793 -0.513196 0.445214 0 255 0
0.178797 -0.469170 0.432433 0 255 0
0.139694 -0.544288 0.455562 0 255 0
0.189795 -0.500816 0.363810 0 255 0
0.144067 -0.491259 0.433076 0 255 0
0.152826 -0.451136 0.356724 0 255 0
0.105911 -0.528126 0.310872 0 255 0
0.270254 -0.536507 0.358076 0 255 0
0.092027 -0.454315 0.417482 0 255 0
0.221523 -0.526188 0.415707 0 255 0
0.289423 -0.369956 0.389673 0 255 0
0.231748 -0.539701 0.480179 0 255 0
0.222251 -0.436684 0.398264 0 255 0
0.272919 -0.467662 0.574878 0 255 0
0.321729 -0.545020 0.488183 0 255 0
0.209349 -0.513487 0.386986 0 255 0
0.280836 -0.490315 0.360194 0 255 0
0.231961 -0.535456 0.381396 0 255 0
0.286599 -0.559605 0.336191 0 255 0
0.287396 -0.369608 0.522802 0 255 0
0.296550 -0.355190 0.436802 0 255 0
0.214708 -0.419605 0.464625 0 255 0
0.251375 -0.395366 0.461919 0 255 0
0.218453 -0.422720 0.438571 0 255 0
0.172440 -0.467321 0.457581 0 255 0
0.243353 -0.367129 0.513059 0 255 0
0.186380 -0.469317 0.347943 0 255 0
0.167460 -0.471861 0.502819 0 255 0
0.111775 -0.421016 0.430395 0 255 0
0.316642 -0.516374 0.495843 0 255 0
0.165889 -0.480680 0.436537 0 255 0
0.121640 -0.422234 0.338644 0 255 0
0.196878 -0.472865 0.401668 0 255 0
0.150132 -0.441667 0.407380 0 255 0
0.234004 -0.467889 0.374328 0 255 0
0.176496 -0.458591 0.480421 0 255 0
0.189368 -0.364638 0.455726 0 255 0
0.312746 -0.527120 0.339259 0 255 0
0.342417 -0.522205 0.360060 0 255 0
0.345948 -0.622908 0.411299 0 255 0
0.344561 -0.607215 0.376453 0 255 0
0.371295 -0.558261 0.377389 0 255 0
0.370417 -0.444440 0.456486 0 255 0
0.243332 -0.608979 0.328608 0 255 0
0.245854 -0.631427 0.451533 0 255 0
0.233341 -0.635920 0.352696 0 255 0
0.241235 -0.521169 0.420848 0 255 0
0.139600 -0.426651 0.464474 0 255 0
0.315252 -0.460149 0.409179 0 255 0
0.207838 -0.410971 0.380137 0 255 0
0.213901 -0.433547 0.327338 0 255 0
0.293283 -0.460560 0.388822 0 255 0
0.307136 -0.490434 0.334287 0 255 0
0.243925 -0.443839 0.243331 0 255 0
0.308507 -0.503967 0.431006 0 255 0
0.278854 -0.459847 0.390429 0 255 0
0.264689 -0.565286 0.358624 0 255 0
0.224002 -0.463337 0.412802 0 255 0
0.288279 -0.476991 0.420688 0 255 0
0.132042 -0.450746 0.419481 0 255 0
0.207839 -0.421471 0.409264 0 255 0
0.233135 -0.412969 0.369044 0 255 0
0.256151 -0.401548 0.343206 0 255 0
0.252254 -0.441353 0.404408 0 255 0
0.259612 -0.385678 0.424455 0 255 0
0.266362 -0.461222 0.326743 0 255 0
0.186904 -0.416653 0.314993 0 255 0
0.338893 -0.449521 0.295486 0 255 0
0.129412 -0.606068 0.420376 0 255 0
0.152694 -0.423228 0.408133 0 255 0
0.267310 -0.467261 0.415179 0 255 0
0.228315 -0.388087 0.416542 0 255 0
0.257170 -0.412528 0.330071 0 255 0
0.295573 -0.533685 0.428210 0 255 0
0.339015 -0.494735 0.416546 0 255 0
0.230554 -0.502110 0.424376 0 255 0
0.223099 -0.556610 0.459160 0 255 0
0.299233 -0.426266 0.442684 0 255 0
0.384530 -0.555828 0.436964 0 255 0
0.371277 -0.605008 0.333342 0 255 0
0.260204 -0.544597 0.397094 0 255 0
0.262038 -0.514445 0.418777 0 255 0
0.300441 -0.532696 0.370592 0 255 0
0.303390 -0.427073 0.481162 0 255 0
0.356349 -0.492876 0.505135 0 255 0
0.288905 -0.393504 0.440313 0 255 0
0.204686 -0.577692 0.433872 0 255 0
0.276543 -0.391253 0.448107 0 255 0
0.312853 -0.462628 0.433748 0 255 0
0.196829 -0.451403 0.486073 0 255 0
0.282954 -0.441537 0.390337 0 255 0
0.174858 -0.427884 0.391016 0 255 0
0.308805 -0.424343 0.335641 0 255 0
0.239837 -0.685689 0.376276 0 255 0
0.241234 -0.512763 0.483083 0 255 0
0.248746 -0.512271 0.397701 0 255 0
0.202687 -0.577000 0.457025 0 255 0
0.289258 -0.455908 0.414719 0 255 0
0.305241 -0.477638 0.421368 0 255 0
0.277715 -0.451929 0.413008 0 255 0
0.202318 -0.431093 0.408181 0 255 0
0.146638 -0.499826 0.434489 0 255 0
0.242274 -0.577070 0.398877 0 255 0
0.224064 -0.470519 0.503343 0 255 0
0.367381 -0.489814 0.352163 0 255 0
-0.102425 -0.178222 0.310785 0 255 0
0.146945 -0.085503 0.574049 0 255 0
-0.040477 -0.052841 0.607954 0 255 0
0.075047 -0.114239 0.639321 0 255 0
0.067070 -0.168664 0.555998 0 255 0
0.070351 -0.232921 0.528634 0 255 0
0.092608 -0.236326 0.534238 0 255 0
0.130256 -0.177279 0.482824 0 255 0
0.086187 -0.038525 0.464096 0 255 0
0.077170 -0.394013 0.369545 0 255 0
-0.080280 -0.420882 0.334630 0 255 0
0.068482 -0.416472 0.374228 0 255 0
-0.132586 0.110531 0.572203 0 255 0
-0.009929 -0.398649 0.296447 0 255 0
-0.007923 -0.428468 0.368614 0 255 0
-0.012475 -0.421729 0.357296 0 255 0
0.034200 -0.396730 0.383944 0 255 0
-0.002597 -0.366642 0.419238 0 255 0
-0.070745 -0.489699 0.370623 0 255 0
-0.049101 -0.454208 0.360412 0 255 0
-0.004118 -0.437707 0.381156 0 255 0
-0.037518 -0.442443 0.462729 0 255 0
-0.081380 0.114913 0.309231 0 255 0
-0.044203 0.075666 0.382090 0 255 0
-0.085958 0.164998 0.417819 0 255 0
-0.034270 0.118803 0.424875 0 255 0
-0.037292 0.069336 0.339931 0 255 0
0.039635 0.139737 0.405183 0 255 0
0.080486 0.053081 0.392982 0 255 0
0.122216 0.167813 0.479994 0 255 0
0.090686 0.134285 0.410664 0 255 0
-0.018343 0.120538 0.525316 0 255 0
0.050260 0.160452 0.463744 0 255 0
0.139049 0.176594 0.482107 0 255 0
0.102024 0.159102 0.589834 0 255 0
0.067591 0.180762 0.468427 0 255 0
0.068850 0.223708 0.538968 0 255 0
0.068292 0.104023 0.453452 0 255 0
0.112767 0.163677 0.589138 0 255 0
0.131201 0.190391 0.520822 0 255 0
0.025454 0.063054 0.573603 0 255 0
0.063823 0.126078 0.581385 0 255 0
0.042764 0.172402 0.543968 0 255 0
-0.051895 0.162499 0.663636 0 255 0
0.105096 0.261253 0.582558 0 255 0
-0.109584 0.101798 0.668743 0 255 0
0.029635 0.138864 0.697443 0 255 0
-0.044811 -0.297418 0.416955 0 255 0
0.003334 -0.320607 0.387401 0 255 0
0.011580 -0.282091 0.390286 0 255 0
0.038312 -0.266266 0.314793 0 255 0
0.022154 -0.306713 0.383053 0 255 0
0.012161 -0.255076 0.411034 0 255 0
0.048370 -0.221681 0.337907 0 255 0
-0.035992 -0.168233 0.359335 0 255 0
-0.083464 -0.338104 0.367594 0 255 0
-0.065924 -0.352416 0.445971 0 255 0
0.060039 -0.337589 0.432839 0 255 0
-0.042305 -0.183742 0.381999 0 255 0
-0.075344 -0.274890 0.368527 0 255 0
0.007987 -0.328556 0.422493 0 255 0
0.064557 -0.367983 0.470556 0 255 0
-0.025142 -0.298573 0.404730 0 255 0
0.010949 -0.296794 0.311737 0 255 0
-0.005680 -0.237964 0.330926 0 255 0
-0.016512 -0.211966 0.378357 0 255 0
0.013033 -0.172167 0.328362 0 255 0
0.122004 -0.188415 0.384254 0 255 0
0.114963 -0.352918 0.343079 0 255 0
-0.040477 -0.360857 0.382027 0 255 0
0.137708 -0.306438 0.376112 0 255 0
0.007919 -0.252135 0.493150 0 255 0
0.032388 -0.317047 0.402092 0 255 0
-0.031336 -0.213319 0.384362 0 255 0
0.072987 -0.207819 0.383617 0 255 0
0.112864 -0.220324 0.421326 0 255 0
0.125641 -0.189396 0.372998 0 255 0
0.121821 -0.155269 0.369108 0 255 0
0.026650 -0.250226 0.398349 0 255 0
0.071875 -0.152099 0.346507 0 255 0
0.166275 -0.192087 0.438066 0 255 0
0.010212 -0.286071 0.418262 0 255 0
0.054808 -0.248185 0.446073 0 255 0
-0.021964 -0.308914 0.405473 0 255 0
0.120528 -0.172142 0.446711 0 255 0
0.100543 -0.260683 0.484418 0 255 0
0.068091 -0.214584 0.414011 0 255 0
0.179673 -0.287746 0.363989 0 255 0
0.088998 -0.207319 0.396618 0 255 0
0.123202 -0.347790 0.408414 0 255 0
0.031359 -0.390562 0.359103 0 255 0
0.021821 -0.279107 0.366968 0 255 0
-0.016547 -0.247001 0.415630 0 255 0
0.112419 -0.282990 0.367487 0 255 0
0.112902 -0.352554 0.405383 0 255 0
0.120439 -0.249268 0.332547 0 255 0
0.052467 -0.356873 0.329737 0 255 0
0.064058 -0.148937 0.407279 0 255 0
0.030027 -0.247819 0.428113 0 255 0
0.081092 -0.366887 0.415326 0 255 0
0.038444 -0.355111 0.366300 0 255 0
0.068573 -0.339488 0.439659 0 255 0
0.079574 -0.357356 0.506503 0 255 0
-0.015817 -0.353229 0.398855 0 255 0
-0.035334 -0.242491 0.516621 0 255 0
0.141509 -0.243861 0.462845 0 255 0
0.130465 -0.251873 0.524335 0 255 0
0.161725 -0.134644 0.512521 0 255 0
0.201696 -0.329355 0.462654 0 255 0
0.105995 -0.252750 0.443557 0 255 0
0.009164 -0.276455 0.436424 0 255 0
0.074318 -0.235863 0.477172 0 255 0
0.051711 -0.377904 0.434497 0 255 0
0.142134 -0.282206 0.388572 0 255 0
0.062355 -0.280757 0.310367 0 255 0
0.142200 -0.280690 0.435337 0 255 0
0.181902 -0.241065 0.373980 0 255 0
0.146048 -0.179046 0.448321 0 255 0
0.056490 -0.172441 0.499031 0 255 0
0.134142 -0.215391 0.495218 0 255 0
-0.003555 -0.213816 0.464499 0 255 0
0.055116 -0.241252 0.362109 0 255 0
0.082037 -0.267429 0.352790 0 255 0
0.062700 -0.232735 0.388160 0 255 0
0.154822 -0.241252 0.327456 0 255 0
-0.027071 -0.304778 0.397252 0 255 0
0.031439 -0.241359 0.380933 0 255 0
0.042144 -0.283042 0.423536 0 255 0
0.082091 -0.283601 0.414923 0 255 0
0.024884 -0.263086 0.434654 0 255 0
0.046957 -0.291092 0.337849 0 255 0
0.147811 -0.307843 0.377294 0 255 0
0.027947 -0.266175 0.452815 0 255 0
0.019120 -0.216322 0.579307 0 255 0
0.013158 -0.301247 0.466547 0 255 0
0.036675 -0.294644 0.432259 0 255 0
0.088599 -0.311080 0.452361 0 255 0
0.052958 -0.290059 0.461736 0 255 0
0.050052 -0.291252 0.525156 0 255 0
0.212867 -0.464018 0.521309 0 255 0
0.219690 -0.314204 0.470579 0 255 0
0.111120 -0.234411 0.442465 0 255 0
0.178499 -0.226564 0.380252 0 255 0
0.210602 -0.277709 0.442996 0 255 0
0.121565 -0.320634 0.500386 0 255 0
0.054297 -0.451243 0.541664 0 255 0
-0.032622 -0.389573 0.574379 0 255 0
0.071256 -0.298884 0.558679 0 255 0
0.317160 -0.478289 0.441244 0 255 0
0.313277 -0.518054 0.370330 0 255 0
0.291677 -0.490083 0.227137 0 255 0
0.318785 -0.524023 0.410386 0 255 0
0.233000 -0.553793 0.318687 0 255 0
0.187957 -0.524850 0.478400 0 255 0
0.234922 -0.526206 0.416150 0 255 0
0.280059 -0.538147 0.529001 0 255 0
0.267183 -0.503667 0.450522 0 255 0
0.258847 -0.690723 0.445581 0 255 0
0.381320 -0.609054 0.395384 0 255 0
0.337232 -0.653534 0.310392 0 255 0
0.311446 -0.672153 0.434672 0 255 0
0.357746 -0.731873 0.348687 0 255 0
0.355702 -0.612121 0.330876 0 255 0
0.319902 -0.628767 0.386409 0 255 0
0.351479 -0.717113 0.344390 0 255 0
0.290975 -0.733582 0.353671 0 255 0
0.329202 -0.739598 0.408359 0 255 0
0.336172 -0.638899 0.394119 0 255 0
0.329641 -0.672625 0.444489 0 255 0
0.376584 -0.725100 0.335220 0 255 0
0.333521 -0.658423 0.358298 0 255 0
0.318585 -0.682239 0.389758 0 255 0
0.172083 -0.638804 0.313770 0 255 0
0.369068 -0.553995 0.401614 0 255 0
0.303806 -0.681913 0.456705 0 255 0
0.277993 -0.685283 0.414380 0 255 0
0.459361 -0.658353 0.402371 0 255 0
0.300711 -0.620142 0.289015 0 255 0
0.358868 -0.708751 0.363428 0 255 0
0.400751 -0.628559 0.400980 0 255 0
0.383177 -0.597340 0.378408 0 255 0
0.358225 -0.625386 0.453948 0 255 0
0.389899 -0.677427 0.327128 0 255 0
0.375129 -0.711040 0.349063 0 255 0
0.370341 -0.691946 0.373767 0 255 0
0.314280 -0.699197 0.340422 0 255 0
0.291771 -0.627626 0.351764 0 255 0
0.336854 -0.709193 0.360455 0 255 0
0.252304 -0.656415 0.341886 0 255 0
0.297976 -0.584531 0.398054 0 255 0
0.349055 -0.575159 0.349133 0 255 0
0.227150 -0.559576 0.317955 0 255 0
0.328681 -0.668729 0.398614 0 255 0
0.275128 -0.565883 0.380230 0 255 0
0.255169 -0.643817 0.287030 0 255 0
0.287559 -0.658532 0.401879 0 255 0
0.327532 -0.626568 0.453435 0 255 0
0.297616 -0.627713 0.514870 0 255 0
0.372323 -0.625272 0.292379 0 255 0
0.321494 -0.639430 0.324773 0 255 0
0.318072 -0.608600 0.249681 0 255 0
0.272701 -0.680332 0.304031 0 255 0
0.223007 -0.659292 0.348100 0 255 0
0.441419 -0.660783 0.385112 0 255 0
0.340253 -0.532092 0.413306 0 255 0
0.334599 -0.706833 0.366162 0 255 0
0.426856 -0.541947 0.304077 0 255 0
0.349179 -0.632386 0.320127 0 255 0
0.403221 -0.645922 0.397457 0 255 0
0.265923 -0.579016 0.446522 0 255 0
0.251743 -0.592348 0.397438 0 255 0
0.345053 -0.615917 0.355761 0 255 0
0.309212 -0.632842 0.322435 0 255 0
0.287291 -0.597482 0.402259 0 255 0
0.341544 -0.607261 0.366977 0 255 0
0.409770 -0.494260 0.399400 0 255 0
0.414747 -0.675558 0.404758 0 255 0
0.433564 -0.611891 0.322124 0 255 0
0.362334 -0.651167 0.373954 0 255 0
0.389251 -0.574426 0.325496 0 255 0
0.350359 -0.674001 0.356119 0 255 0
0.366351 -0.754240 0.369229 0 255 0
0.411105 -0.727068 0.350893 0 255 0
0.407719 -0.746637 0.408867 0 255 0
0.402441 -0.753690 0.454093 0 255 0
0.383641 -0.793643 0.389645 0 255 0
0.285980 -0.710853 0.292686 0 255 0
0.349546 -0.764913 0.487530 0 255 0
0.347272 -0.743450 0.431557 0 255 0
0.366409 -0.747007 0.408132 0 255 0
0.329388 -0.745689 0.454808 0 255 0
0.401632 -0.694037 0.486224 0 255 0
0.314367 -0.797571 0.402171 0 255 0
0.345300 -0.803602 0.431085 0 255 0
0.355389 -0.695310 0.375222 0 255 0
0.380125 -0.733804 0.408362 0 255 0
0.414701 -0.698808 0.373984 0 255 0
0.382481 -0.713343 0.393902 0 255 0
0.448294 -0.813966 0.430077 0 255 0
0.319228 -0.715864 0.354830 0 255 0
0.409655 -0.727929 0.363176 0 255 0
0.383805 -0.752625 0.353369 0 255 0
0.360293 -0.701720 0.358874 0 255 0
0.439969 -0.758927 0.373601 0 255 0
0.395324 -0.671384 0.356150 0 255 0
0.380719 -0.698808 0.376978 0 255 0
0.457209 -0.727889 0.469853 0 255 0
0.375823 -0.806833 0.435014 0 255 0
0.355784 -0.774961 0.371676 0 255 0
0.342778 -0.721692 0.407123 0 255 0
0.278715 -0.759233 0.403172 0 255 0
0.372779 -0.793504 0.483357 0 255 0
0.376898 -0.763780 0.389080 0 255 0
0.483327 -0.752436 0.429095 0 255 0
0.389547 -0.738549 0.351363 0 255 0
0.374971 -0.659809 0.435510 0 255 0
0.355000 -0.714932 0.413188 0 255 0
0.342653 -0.765788 0.319646 0 255 0
0.151174 -0.683188 0.446600 0 255 0
0.406164 -0.671040 0.421512 0 255 0
0.424396 -0.752666 0.302116 0 255 0
0.427231 -0.705248 0.405635 0 255 0
0.316787 -0.601864 0.352011 0 255 0
0.339354 -0.670029 0.342663 0 255 0
0.358679 -0.704190 0.394805 0 255 0
0.397316 -0.702905 0.405367 0 255 0
0.374217 -0.816688 0.458977 0 255 0
0.473714 -0.801426 0.431343 0 255 0
0.433072 -0.774405 0.307291 0 255 0
0.483524 -0.872134 0.417050 0 255 0
0.392368 -0.723542 0.459548 0 255 0
0.454813 -0.585177 0.410415 0 255 0
0.380787 -0.761687 0.334744 0 255 0
0.432240 -0.756191 0.384410 0 255 0
0.408353 -0.753876 0.396349 0 255 0
0.418757 -0.666975 0.342950 0 255 0
0.386940 -0.810324 0.226712 0 255 0
0.353109 -0.847993 0.363350 0 255 0
0.462620 -0.886513 0.316978 0 255 0
0.442056 -0.827148 0.368547 0 255 0
0.383620 -0.670972 0.446212 0 255 0
0.404003 -0.789290 0.400608 0 255 0
0.304666 -0.764354 0.457765 0 255 0
0.354939 -0.783104 0.441730 0 255 0
0.401276 -0.730302 0.286448 0 255 0
0.387199 -0.796872 0.403026 0 255 0
0.394099 -0.767980 0.412430 0 255 0
0.423133 -0.733147 0.433110 0 255 0
0.421974 -0.682946 0.353897 0 255 0
0.333577 -0.769404 0.436626 0 255 0
0.337545 -0.691352 0.350076 0 255 0
0.382938 -0.675129 0.322682 0 255 0
0.340932 -0.666094 0.501017 0 255 0
0.463940 -0.619076 0.430706 0 255 0
0.329749 -0.709185 0.269514 0 255 0
0.434816 -0.770504 0.338551 0 255 0
0.435275 -0.759627 0.393601 0 255 0
0.460144 -0.649866 0.364342 0 255 0
0.395440 -0.675635 0.433035 0 255 0
0.312562 -0.653284 0.431923 0 255 0
0.409296 -0.670587 0.425939 0 255 0
0.421109 -0.840483 0.383633 0 255 0
0.503695 -0.749371 0.339448 0 255 0
0.387521 -0.735110 0.363064 0 255 0
0.378193 -0.737464 0.277943 0 255 0
0.354679 -0.720582 0.366643 0 255 0
0.369707 -0.885248 0.322084 0 255 0
0.352318 -0.862244 0.360994 0 255 0
0.292255 -0.724296 0.372287 0 255 0
0.297218 -0.771553 0.386394 0 255 0
0.336722 -0.691381 0.424933 0 255 0
0.321102 -0.720961 0.420475 0 255 0
0.337899 -0.615941 0.358412 0 255 0
0.377271 -0.829405 0.375926 0 255 0
0.405297 -0.669871 0.388402 0 255 0
0.366035 -0.661312 0.335318 0 255 0
0.510048 -0.665801 0.445364 0 255 0
0.398184 -0.794931 0.418108 0 255 0
0.367934 -0.698469 0.422092 0 255 0
0.391127 -0.713087 0.440765 0 255 0
0.382537 -0.758929 0.429526 0 255 0
0.271325 -0.700714 0.318032 0 255 0
0.343341 -0.727348 0.420431 0 255 0
0.443311 -0.690711 0.337247 0 255 0
0.402552 -0.778148 0.457914 0 255 0
0.414228 -0.858195 0.335986 0 255 0
0.352535 -0.703683 0.449493 0 255 0
0.363006 -0.735572 0.445432 0 255 0
0.381978 -0.701993 0.327117 0 255 0
0.428969 -0.777626 0.397666 0 255 0
0.251643 -0.731883 0.427332 0 255 0
0.334141 -0.647421 0.380338 0 255 0
0.331555 -0.637913 0.305169 0 255 0
0.409810 -0.725118 0.369274 0 255 0
0.391879 -0.688226 0.399422 0 255 0
0.360231 -0.800876 0.451301 0 255 0
0.372924 -0.737846 0.415880 0 255 0
0.235488 -0.671600 0.416851 0 255 0
0.414514 -0.699398 0.442128 0 255 0
0.325335 -0.664395 0.463801 0 255 0
0.419021 -0.652042 0.448719 0 255 0
0.396428 -0.630596 0.370416 0 255 0
0.292271 -0.682488 0.351548 0 255 0
0.363821 -0.628104 0.475167 0 255 0
0.375794 -0.714580 0.357037 0 255 0
0.450620 -0.686978 0.307279 0 255 0
0.327031 -0.683161 0.361115 0 255 0
0.369006 -0.671415 0.360503 0 255 0
0.277225 -0.678530 0.443551 0 255 0
0.219816 -0.625160 0.364114 0 255 0
0.359954 -0.691337 0.372567 0 255 0
0.384836 -0.706401 0.294912 0 255 0
0.331880 -0.777195 0.363890 0 255 0
0.265457 -0.797296 0.386400 0 255 0
0.357108 -0.695243 0.365556 0 255 0
0.310448 -0.759526 0.422810 0 255 0
0.330342 -0.830095 0.488168 0 255 0
0.330102 -0.790725 0.458333 0 255 0
0.348743 -0.819684 0.450899 0 255 0
0.397304 -0.758102 0.423102 0 255 0
0.469455 -0.704399 0.417066 0 255 0
0.335603 -0.720349 0.392805 0 255 0
0.438378 -0.812931 0.445865 0 255 0
0.409547 -0.732406 0.450645 0 255 0
0.386446 -0.856305 0.332749 0 255 0
0.371738 -0.818493 0.389548 0 255 0
0.398615 -0.758469 0.381609 0 255 0
0.375665 -0.760532 0.395703 0 255 0
0.258321 -0.787805 0.439559 0 255 0
0.446184 -0.774234 0.452408 0 255 0
0.419153 -0.733159 0.345811 0 255 0
0.420399 -0.706814 0.412600 0 255 0
0.312418 -0.839531 0.408834 0 255 0
0.381806 -0.661244 0.361445 0 255 0
0.447248 -0.692121 0.416959 0 255 0
0.397574 -0.789516 0.366477 0 255 0
0.399110 -0.743173 0.417688 0 255 0
0.450196 -0.793966 0.493751 0 255 0
0.505949 -0.823147 0.407055 0 255 0
0.332595 -0.802922 0.394049 0 255 0
0.424617 -0.714064 0.432858 0 255 0
0.408770 -0.686858 0.382469 0 255 0
0.458961 -0.732007 0.445658 0 255 0
0.478306 -0.779689 0.421004 0 255 0
0.331579 -0.836808 0.351732 0 255 0
0.279333 -0.833406 0.404868 0 255 0
0.377606 -0.577714 0.446370 0 255 0
0.395468 -0.663851 0.511081 0 255 0
0.352727 -0.638255 0.403655 0 255 0
0.300702 -0.740687 0.398567 0 255 0
0.394661 -0.797024 0.433528 0 255 0
0.360654 -0.618981 0.301423 0 255 0
0.344604 -0.782972 0.383299 0 255 0
0.405804 -0.813191 0.438992 0 255 0
0.428643 -0.683128 0.385921 0 255 0
0.377799 -0.788618 0.337662 0 255 0
0.384595 -0.763676 0.416793 0 255 0
0.425660 -0.767163 0.348480 0 255 0
0.355761 -0.835975 0.372212 0 255 0
0.384623 -0.815865 0.298291 0 255 0
0.489840 -0.751166 0.486614 0 255 0
0.424171 -0.843001 0.455274 0 255 0
0.423941 -0.874493 0.332108 0 255 0
0.467181 -0.708289 0.418126 0 255 0
0.431944 -0.813639 0.422702 0 255 0
0.397866 -0.860101 0.399834 0 255 0
0.401726 -0.674683 0.392631 0 255 0
0.319504 -0.716455 0.366699 0 255 0
0.418008 -0.786420 0.366806 0 255 0
0.400210 -0.735819 0.374100 0 255 0
0.358471 -0.599647 0.328140 0 255 0
0.420296 -0.589091 0.356620 0 255 0
0.449494 -0.819686 0.429845 0 255 0
0.348265 -0.751477 0.450961 0 255 0
0.313263 -0.703501 0.415754 0 255 0
0.377883 -0.708472 0.342205 0 255 0
0.362666 -0.756579 0.370162 0 255 0
0.392228 -0.852337 0.457488 0 255 0
0.446503 -0.823668 0.446353 0 255 0
0.431450 -0.749261 0.458702 0 255 0
0.309486 -0.760420 0.464850 0 255 0
0.385351 -0.687387 0.365577 0 255 0
0.336022 -0.810282 0.326214 0 255 0
0.267991 -0.808521 0.407937 0 255 0
0.320842 -0.761721 0.353429 0 255 0
0.368590 -0.841449 0.381955 0 255 0
0.318431 -0.814812 0.377721 0 255 0
0.397429 -0.829391 0.418430 0 255 0
0.331772 -0.828536 0.314388 0 255 0
0.421592 -0.793194 0.412665 0 255 0
0.459841 -0.784465 0.398525 0 255 0
0.424591 -0.702112 0.462702 0 255 0
0.461412 -0.791631 0.375083 0 255 0
0.382752 -0.762628 0.336603 0 255 0
0.355665 -0.697656 0.366390 0 255 0
0.404620 -0.765552 0.341956 0 255 0
0.364058 -0.733587 0.277260 0 255 0
0.423237 -0.729594 0.341210 0 255 0
0.355558 -0.686272 0.301987 0 255 0
0.431561 -0.735483 0.390290 0 255 0
0.326144 -0.718939 0.357954 0 255 0
0.406950 -0.651657 0.313662 0 255 0
0.399420 -0.596620 0.303438 0 255 0
0.377474 -0.765990 0.360923 0 255 0
0.468320 -0.795164 0.330424 0 255 0
0.354754 -0.758874 0.427652 0 255 0
0.307082 -0.681588 0.461769 0 255 0
0.278645 -0.727571 0.313835 0 255 0
0.328901 -0.695059 0.410052 0 255 0
0.294432 -0.731629 0.394475 0 255 0
0.424945 -0.802494 0.314208 0 255 0
0.336323 -0.817503 0.323708 0 255 0
0.456892 -0.670261 0.355524 0 255 0
0.412582 -0.768741 0.413607 0 255 0
0.481868 -0.851140 0.385077 0 255 0
0.385140 -0.830117 0.373242 0 255 0
0.399224 -0.822326 0.352745 0 255 0
0.448854 -0.807088 0.340594 0 255 0
0.375279 -0.832296 0.457963 0 255 0
0.309822 -0.820058 0.369283 0 255 0
0.373512 -0.702912 0.330516 0 255 0
0.394489 -0.724274 0.435405 0 255 0
0.302983 -0.746841 0.424696 0 255 0
0.348938 -0.659547 0.391536 0 255 0
0.378234 -0.821429 0.439340 0 255 0
0.323864 -0.721216 0.343461 0 255 0
0.324226 -0.758553 0.287037 0 255 0
0.294529 -0.707107 0.426166 0 255 0
0.346313 -0.680272 0.354169 0 255 0
0.280518 -0.680673 0.395329 0 255 0
0.289124 -0.730316 0.358735 0 255 0
0.341874 -0.829921 0.259649 0 255 0
0.433365 -0.789918 0.361838 0 255 0
0.364253 -0.692780 0.293899 0 255 0
0.297206 -0.804462 0.371732 0 255 0
0.388528 -0.675369 0.396243 0 255 0
0.367790 -0.804897 0.401468 0 255 0
0.361659 -0.722695 0.434121 0 255 0
0.440147 -0.671059 0.373029 0 255 0
0.508430 -0.709821 0.399272 0 255 0
0.291066 -0.679710 0.367022 0 255 0
0.321543 -0.657936 0.434833 0 255 0
0.305681 -0.627253 0.545044 0 255 0
0.373104 -0.673839 0.415833 0 255 0
0.433404 -0.765005 0.317561 0 255 0
0.384901 -0.812656 0.337415 0 255 0
0.479686 -0.757640 0.412236 0 255 0
0.295704 -0.716844 0.394126 0 255 0
0.336873 -0.796656 0.356004 0 255 0
0.276576 -0.813749 0.412495 0 255 0
0.361298 -0.797464 0.445761 0 255 0
0.319187 -0.661865 0.361596 0 255 0
0.398595 -0.802330 0.461816 0 255 0
0.234731 -0.818730 0.443009 0 255 0
0.443204 -0.637242 0.395269 0 255 0
0.410034 -0.690402 0.289965 0 255 0
0.496747 -0.726415 0.474776 0 255 0
0.338334 -0.735907 0.348909 0 255 0
0.345582 -0.781606 0.410286 0 255 0
0.376555 -0.692849 0.427435 0 255 0
0.404891 -0.793101 0.399833 0 255 0
0.301968 -0.839499 0.411345 0 255 0
0.425980 -0.791143 0.298829 0 255 0
0.330107 -0.621152 0.475284 0 255 0
0.340461 -0.691251 0.428827 0 255 0
0.426133 -0.752334 0.437586 0 255 0
0.367446 -0.778094 0.460597 0 255 0
0.424149 -0.765825 0.357131 0 255 0
0.427476 -0.732440 0.406245 0 255 0
0.451279 -0.765805 0.326754 0 255 0
0.490560 -0.865985 0.419490 0 255 0
0.435568 -0.875790 0.376101 0 255 0
0.354979 -0.865570 0.418704 0 255 0
0.349280 -0.809429 0.461121 0 255 0
0.376738 -0.676515 0.392975 0 255 0
0.381661 -0.768862 0.386430 0 255 0
0.428168 -0.698593 0.386151 0 255 0
0.464375 -0.646998 0.464153 0 255 0
0.295302 -0.746972 0.428123 0 255 0
0.403436 -0.796284 0.432574 0 255 0
0.393462 -0.842454 0.302216 0 255 0
0.410644 -0.910835 0.348514 0 255 0
0.377103 -0.772299 0.379117 0 255 0
0.409199 -0.638831 0.431907 0 255 0
0.531272 -0.796559 0.458957 0 255 0
0.399282 -0.706717 0.309892 0 255 0
0.372090 -0.667492 0.327045 0 255 0
0.366900 -0.790477 0.372654 0 255 0
0.373656 -0.875209 0.443991 0 255 0
0.462737 -0.742308 0.374306 0 255 0
0.365923 -0.755741 0.354706 0 255 0
0.482878 -0.740334 0.334501 0 255 0
0.463819 -0.763419 0.344461 0 255 0
0.334909 -0.807498 0.263597 0 255 0
0.288017 -0.907873 0.433430 0 255 0
0.410286 -0.752434 0.390618 0 255 0
0.395878 -0.974758 0.355930 0 255 0
0.345312 -0.857542 0.331324 0 255 0
0.430473 -0.789538 0.323134 0 255 0
0.414869 -0.774097 0.406704 0 255 0
0.460020 -0.809132 0.362331 0 255 0
0.405211 -0.874288 0.359051 0 255 0
0.399123 -0.827411 0.296439 0 255 0
0.426513 -0.908400 0.269876 0 255 0
0.431527 -0.842263 0.435621 0 255 0
0.434688 -0.773938 0.413504 0 255 0
0.364717 -0.919676 0.424996 0 255 0
0.426051 -0.818472 0.403459 0 255 0
0.439745 -0.889905 0.318353 0 255 0
0.320716 -0.860676 0.316613 0 255 0
0.443534 -0.772415 0.394499 0 255 0
0.478150 -0.851925 0.321374 0 255 0
0.343147 -0.790626 0.400536 0 255 0
0.471800 -0.805600 0.328903 0 255 0
0.328093 -0.899800 0.348989 0 255 0
0.394924 -0.824611 0.287440 0 255 0
0.377314 -0.803501 0.357242 0 255 0
0.473930 -0.874889 0.350386 0 255 0
0.370825 -0.866368 0.395370 0 255 0
0.400983 -0.873706 0.294566 0 255 0
0.403015 -0.775682 0.361319 0 255 0
0.423781 -0.846382 0.326846 0 255 0
0.522162 -0.790202 0.399473 0 255 0
0.422468 -0.831284 0.308448 0 255 0
0.497818 -0.793724 0.431229 0 255 0
0.408777 -0.868872 0.356593 0 255 0
0.428918 -0.787899 0.373844 0 255 0
0.325008 -0.859851 0.368648 0 255 0
0.361086 -0.774351 0.424947 0 255 0
0.422029 -0.841921 0.393228 0 255 0
0.416631 -0.876559 0.379097 0 255 0
0.421885 -0.811706 0.455018 0 255 0
0.375286 -0.891657 0.334339 0 255 0
0.335967 -0.826292 0.356665 0 255 0
0.368694 -0.823453 0.415578 0 255 0
0.390996 -0.800439 0.389331 0 255 0
0.458646 -0.884249 0.333631 0 255 0
0.328063 -0.759899 0.304911 0 255 0
0.362518 -0.928629 0.315463 0 255 0
0.436188 -0.802204 0.411837 0 255 0
0.379771 -0.846632 0.400659 0 255 0
0.442727 -0.801938 0.361488 0 255 0
0.393512 -0.798634 0.425645 0 255 0
0.397456 -0.809477 0.456684 0 255 0
0.440224 -0.841834 0.392221 0 255 0
0.395416 -0.923120 0.371335 0 255 0
0.337310 -0.792944 0.312209 0 255 0
0.409151 -0.816509 0.348680 0 255 0
0.505361 -0.885802 0.378323 0 255 0
0.412441 -0.876302 0.339350 0 255 0
0.414927 -0.816910 0.357135 0 255 0
0.410299 -0.834761 0.434345 0 255 0
0.423978 -0.762231 0.361621 0 255 0
0.384611 -0.848020 0.466441 0 255 0
0.412832 -0.798866 0.409837 0 255 0
0.322904 -0.893606 0.315864 0 255 0
0.369751 -0.836699 0.358752 0 255 0
0.424914 -0.834976 0.371629 0 255 0
0.338155 -0.792348 0.393844 0 255 0
0.455581 -0.815882 0.301378 0 255 0
0.467969 -0.815374 0.334830 0 255 0
0.488847 -0.822224 0.372961 0 255 0
0.377567 -0.772947 0.374451 0 255 0
0.403205 -0.837145 0.421205 0 255 0
0.347349 -0.789477 0.361012 0 255 0
0.415961 -0.798087 0.450502 0 255 0
0.363792 -0.869607 0.391600 0 255 0
0.386742 -0.802465 0.381838 0 255 0
0.429599 -0.755946 0.342791 0 255 0
0.432944 -0.759116 0.327255 0 255 0
0.417848 -0.733588 0.424310 0 255 0
0.439701 -0.746112 0.354461 0 255 0
0.462132 -0.762471 0.346174 0 255 0
0.418946 -0.840458 0.429174 0 255 0
0.476181 -0.759362 0.364039 0 255 0
0.377120 -0.874273 0.417791 0 255 0
0.477391 -0.737399 0.400151 0 255 0
0.204638 -0.777016 0.358759 0 255 0
0.374883 -0.803398 0.415724 0 255 0
0.413271 -0.704218 0.437988 0 255 0
0.378594 -0.914484 0.420250 0 255 0
0.437327 -0.858198 0.406783 0 255 0
0.461633 -0.764899 0.379847 0 255 0
0.313081 -0.759148 0.344236 0 255 0
0.399303 -0.743737 0.414340 0 255 0
0.345458 -0.796725 0.387735 0 255 0
0.417381 -0.770045 0.369159 0 255 0
0.527945 -0.760813 0.303868 0 255 0
0.389923 -0.841498 0.353374 0 255 0
0.359269 -0.773309 0.363798 0 255 0
0.407083 -0.763675 0.429665 0 255 0
0.473062 -0.776851 0.445173 0 255 0
0.368767 -0.779135 0.390618 0 255 0
0.442865 -0.848605 0.368896 0 255 0
0.434623 -0.819368 0.373225 0 255 0
0.442441 -0.722683 0.403784 0 255 0
0.389653 -0.762107 0.361663 0 255 0
0.394883 -0.902934 0.385077 0 255 0
0.354903 -0.829802 0.306670 0 255 0
0.432132 -0.829123 0.395793 0 255 0
0.430119 -0.797853 0.374323 0 255 0
0.319074 -0.824982 0.421999 0 255 0
0.448153 -0.776473 0.294872 0 255 0
0.328932 -0.775814 0.381293 0 255 0
0.487819 -0.753565 0.295734 0 255 0
0.523952 -0.844570 0.320097 0 255 0
0.430316 -0.810067 0.423287 0 255 0
0.365130 -0.842355 0.417990 0 255 0
0.398436 -0.825588 0.371670 0 255 0
0.403743 -0.809879 0.359680 0 255 0
0.342317 -0.904284 0.330896 0 255 0
0.433589 -0.796148 0.325616 0 255 0
0.399897 -0.853351 0.466902 0 255 0
0.404166 -0.755326 0.325776 0 255 0
0.391543 -0.774140 0.398281 0 255 0
0.413283 -0.816481 0.369568 0 255 0
0.457827 -0.817322 0.324182 0 255 0
0.453155 -0.928135 0.336467 0 255 0
0.449664 -0.872464 0.336429 0 255 0
0.501299 -0.837714 0.395754 0 255 0
0.302808 -0.836325 0.424836 0 255 0
0.502673 -0.791737 0.431629 0 255 0
0.399834 -0.832713 0.358236 0 255 0
0.412089 -0.846527 0.364648 0 255 0
0.443800 -0.711986 0.261130 0 255 0
0.420842 -0.953748 0.402744 0 255 0
0.452150 -0.844390 0.281700 0 255 0
0.307029 -0.837056 0.517721 0 255 0
0.477662 -0.835681 0.291041 0 255 0
0.426469 -0.779864 0.348308 0 255 0
0.373084 -0.881885 0.375948 0 255 0
0.393987 -0.801696 0.261364 0 255 0
0.338633 -0.772221 0.404210 0 255 0
0.453173 -0.786294 0.341577 0 255 0
0.438248 -0.879219 0.408335 0 255 0
0.402793 -0.794344 0.397108 0 255 0
0.421199 -0.820687 0.359197 0 255 0
0.387297 -0.767959 0.414008 0 255 0
0.419430 -0.836468 0.479206 0 255 0
0.438983 -0.863040 0.451534 0 255 0
0.461073 -0.808649 0.438481 0 255 0
0.348297 -0.827395 0.432624 0 255 0
0.349599 -0.864247 0.338960 0 255 0
0.475415 -0.801043 0.250849 0 255 0
0.446515 -0.848984 0.360163 0 255 0
0.410115 -0.928062 0.292651 0 255 0
0.436670 -0.894334 0.247712 0 255 0
0.402296 -0.807782 0.368207 0 255 0
0.509048 -0.856503 0.371327 0 255 0
0.495042 -0.857581 0.425830 0 255 0
0.430482 -0.814735 0.319297 0 255 0
0.419832 -0.872092 0.397719 0 255 0
0.469083 -0.839920 0.354802 0 255 0
0.455690 -0.868480 0.327841 0 255 0
0.436963 -0.808965 0.370362 0 255 0
0.432182 -0.923210 0.316580 0 255 0
0.466134 -0.816235 0.420534 0 255 0
0.446694 -0.718288 0.353121 0 255 0
0.473514 -0.775795 0.337991 0 255 0
0.410928 -0.743431 0.353029 0 255 0
0.477369 -0.823506 0.386704 0 255 0
0.367446 -0.910748 0.322147 0 255 0
0.428871 -0.858484 0.250344 0 255 0
0.452051 -0.891342 0.351081 0 255 0
0.468660 -0.833298 0.367801 0 255 0
0.462571 -0.842847 0.316932 0 255 0
0.448601 -0.819938 0.284305 0 255 0
0.470045 -0.874226 0.442314 0 255 0
0.450199 -0.670535 0.406687 0 255 0
0.403166 -0.773453 0.384084 0 255 0
0.487232 -0.809464 0.270786 0 255 0
0.483589 -0.799531 0.370947 0 255 0
0.419129 -0.803044 0.393740 0 255 0
0.401415 -0.786368 0.426936 0 255 0
0.398647 -0.781940 0.371532 0 255 0
0.456318 -0.908653 0.431303 0 255 0
0.391212 -0.868396 0.458204 0 255 0
0.360373 -0.841900 0.368705 0 255 0
0.389361 -0.768607 0.378318 0 255 0
0.261555 -0.763227 0.361711 0 255 0
0.449880 -0.846661 0.337943 0 255 0
0.408514 -0.772868 0.373069 0 255 0
0.436917 -0.873857 0.399166 0 255 0
0.440361 -0.783000 0.351928 0 255 0
0.380816 -0.831158 0.457305 0 255 0
0.508989 -0.786410 0.410485 0 255 0
0.465460 -0.683197 0.319924 0 255 0
0.417717 -0.831778 0.429260 0 255 0
0.480948 -0.719549 0.378511 0 255 0
0.456487 -0.861865 0.372837 0 255 0
0.491820 -0.726792 0.380252 0 255 0
0.508991 -0.780781 0.439876 0 255 0
0.419864 -0.753126 0.334830 0 255 0
0.312226 -0.761195 0.352432 0 255 0
0.441895 -0.756243 0.455553 0 255 0
0.398351 -0.827911 0.333997 0 255 0
0.513077 -0.734733 0.392630 0 255 0
0.458154 -0.770195 0.342741 0 255 0
0.411650 -0.798760 0.318602 0 255 0
0.522405 -0.740424 0.378010 0 255 0
0.439444 -0.707899 0.368332 0 255 0
0.503154 -0.819072 0.262986 0 255 0
0.443193 -0.814230 0.410602 0 255 0
0.463531 -0.753612 0.404090 0 255 0
0.411626 -0.758891 0.373133 0 255 0
0.552827 -0.802771 0.266330 0 255 0
0.385107 -0.805658 0.310514 0 255 0
0.453751 -0.888786 0.402921 0 255 0
0.456765 -0.732139 0.419160 0 255 0
0.386128 -0.803408 0.436831 0 255 0
0.392808 -0.735171 0.316353 0 255 0
0.450529 -0.813777 0.402690 0 255 0
0.370182 -0.716514 0.446002 0 255 0
0.439586 -0.754844 0.363058 0 255 0
0.436652 -0.807069 0.384820 0 255 0
0.463447 -0.805370 0.381790 0 255 0
0.426952 -0.756442 0.343809 0 255 0
0.322506 -0.773051 0.307526 0 255 0
0.463256 -0.823307 0.345330 0 255 0
0.430312 -0.834862 0.392525 0 255 0
0.384874 -0.712770 0.382880 0 255 0
0.323037 -0.801987 0.376691 0 255 0
0.477724 -0.742852 0.387517 0 255 0
0.477722 -0.851968 0.401757 0 255 0
0.462275 -0.786306 0.358488 0 255 0
0.503158 -0.760183 0.362197 0 255 0
0.482865 -0.780966 0.368523 0 255 0
0.513467 -0.833715 0.401240 0 255 0
0.458369 -0.765621 0.426866 0 255 0
0.515570 -0.708559 0.368243 0 255 0
0.441862 -0.909329 0.247446 0 255 0
0.427862 -0.821776 0.194065 0 255 0
0.490107 -0.757224 0.335486 0 255 0
0.496297 -0.826707 0.396796 0 255 0
0.349698 -0.767290 0.381511 0 255 0
0.476492 -0.823748 0.459652 0 255 0
0.470562 -0.789235 0.436709 0 255 0
0.467202 -0.783052 0.344968 0 255 0
0.461987 -0.769425 0.328695 0 255 0
0.445481 -0.770988 0.426633 0 255 0
0.462071 -0.837860 0.377414 0 255 0
0.455061 -0.752050 0.282591 0 255 0
0.427322 -0.781832 0.344356 0 255 0
0.440699 -0.762926 0.361479 0 255 0
0.497768 -0.780788 0.341437 0 255 0
0.510854 -0.826315 0.346878 0 255 0
0.495104 -0.857950 0.437652 0 255 0
0.507991 -0.907178 0.408854 0 255 0
0.453366 -0.818906 0.294133 0 255 0
0.339268 -0.922858 0.371845 0 255 0
0.435878 -0.772062 0.326129 0 255 0
0.432410 -0.911010 0.407200 0 255 0
0.464359 -0.775091 0.345732 0 255 0
0.446160 -0.795802 0.339117 0 255 0
0.485102 -0.848715 0.382495 0 255 0
0.404673 -0.806850 0.427705 0 255 0
0.382485 -0.879252 0.241724 0 255 0
0.492284 -0.702732 0.282382 0 255 0
0.447778 -0.777797 0.390470 0 255 0
0.524157 -0.759821 0.347848 0 255 0
0.410302 -0.773539 0.383658 0 255 0
0.457571 -0.819439 0.346801 0 255 0
0.431731 -0.909140 0.404770 0 255 0
0.468995 -0.868143 0.403571 0 255 0
0.431143 -0.862547 0.304849 0 255 0
0.398151 -0.794288 0.347257 0 255 0
0.466245 -0.724416 0.383189 0 255 0
0.344369 -0.783029 0.390055 0 255 0
0.505758 -0.811806 0.347077 0 255 0
0.475413 -0.878636 0.386600 0 255 0
0.510794 -0.849651 0.336793 0 255 0
0.376347 -0.748819 0.375112 0 255 0
0.445916 -0.798762 0.378737 0 255 0
0.499976 -0.778519 0.433999 0 255 0
0.508370 -0.779772 0.322260 0 255 0
0.504061 -0.806028 0.456808 0 255 0
0.488806 -0.840673 0.455565 0 255 0
0.411098 -0.806446 0.381039 0 255 0
0.455319 -0.774315 0.477451 0 255 0
0.456229 -0.780167 0.369860 0 255 0
0.466136 -0.754091 0.458023 0 255 0
0.444094 -0.874017 0.371298 0 255 0
0.468924 -0.776428 0.408807 0 255 0
0.392922 -0.810968 0.368019 0 255 0
0.447056 -0.765214 0.356899 0 255 0
0.434922 -0.700912 0.361899 0 255 0
0.447330 -0.745032 0.449007 0 255 0
0.411725 -0.820584 0.326295 0 255 0
0.348204 -0.796153 0.401136 0 255 0
0.449122 -0.767746 0.336798 0 255 0
0.508797 -0.679036 0.306938 0 255 0
0.400135 -0.776266 0.353603 0 255 0
0.453302 -0.836783 0.443845 0 255 0
0.369621 -0.826286 0.413490 0 255 0
0.444602 -0.735090 0.378965 0 255 0
0.508094 -0.684677 0.340770 0 255 0
0.433683 -0.762009 0.445178 0 255 0
0.484933 -0.679912 0.457951 0 255 0
0.395363 -0.781576 0.392700 0 255 0
0.400449 -0.759701 0.333727 0 255 0
0.490194 -0.829273 0.358983 0 255 0
0.461425 -0.803446 0.385869 0 255 0
0.429742 -0.684147 0.413828 0 255 0
0.397392 -0.840154 0.366723 0 255 0
0.430009 -0.647183 0.400087 0 255 0
0.407601 -0.731878 0.389174 0 255 0
0.446556 -0.676730 0.369142 0 255 0
0.448069 -0.703010 0.400790 0 255 0
0.476742 -0.739939 0.454581 0 255 0
0.487480 -0.776340 0.377113 0 255 0
0.541691 -0.693913 0.450668 0 255 0
0.353482 -0.773035 0.383020 0 255 0
0.425045 -0.682370 0.321156 0 255 0
0.362820 -0.801027 0.320854 0 255 0
0.523066 -0.716295 0.376977 0 255 0
0.436036 -0.745532 0.354320 0 255 0
0.408720 -0.822841 0.362540 0 255 0
0.458022 -0.796969 0.334038 0 255 0
0.505010 -0.744863 0.407155 0 255 0
0.412613 -0.737978 0.456869 0 255 0
0.479672 -0.714203 0.452556 0 255 0
0.456007 -0.791458 0.398619 0 255 0
0.390876 -0.672002 0.387136 0 255 0
0.463629 -0.763914 0.347314 0 255 0
0.436431 -0.676868 0.408772 0 255 0
0.438102 -0.694595 0.379381 0 255 0
0.386245 -0.802455 0.475356 0 255 0
0.428700 -0.668155 0.403994 0 255 0
0.424464 -0.676967 0.323681 0 255 0
0.449538 -0.837372 0.394144 0 255 0
0.413175 -0.664191 0.482584 0 255 0
0.490090 -0.804962 0.360379 0 255 0
0.486631 -0.744262 0.368537 0 255 0
0.480715 -0.815968 0.403190 0 255 0
0.442898 -0.801193 0.393676 0 255 0
0.488435 -0.738683 0.496530 0 255 0
0.456309 -0.789108 0.387121 0 255 0
0.380344 -0.801589 0.365035 0 255 0
0.477875 -0.796843 0.295150 0 255 0
0.441432 -0.709335 0.349326 0 255 0
0.519118 -0.788688 0.473463 0 255 0
0.471896 -0.750634 0.358138 0 255 0
0.451951 -0.757074 0.353396 0 255 0
0.490912 -0.725061 0.303310 0 255 0
0.514316 -0.730452 0.412589 0 255 0
0.448326 -0.730306 0.283491 0 255 0
0.504467 -0.777309 0.384461 0 255 0
0.442409 -0.846257 0.336931 0 255 0
0.477740 -0.756849 0.359788 0 255 0
0.456771 -0.755059 0.388675 0 255 0
0.487727 -0.725475 0.378392 0 255 0
0.392694 -0.752248 0.463733 0 255 0
0.423143 -0.810112 0.398356 0 255 0
0.458192 -0.805721 0.340698 0 255 0
0.446378 -0.776966 0.346026 0 255 0
0.350872 -0.709994 0.331698 0 255 0
0.490285 -0.912326 0.359329 0 255 0
0.333669 -0.691555 0.338761 0 255 0
0.444386 -0.771957 0.299357 0 255 0
0.447065 -0.769635 0.350156 0 255 0
0.450344 -0.793145 0.351386 0 255 0
0.408237 -0.737136 0.332260 0 255 0
0.408889 -0.811007 0.398702 0 255 0
0.477441 -0.774074 0.459106 0 255 0
0.438211 -0.734687 0.331103 0 255 0
0.514242 -0.752181 0.408912 0 255 0
0.398362 -0.741812 0.400281 0 255 0
0.450792 -0.767410 0.285115 0 255 0
0.351667 -0.779720 0.372889 0 255 0
0.454320 -0.744850 0.395308 0 255 0
0.462600 -0.787079 0.392410 0 255 0
0.491334 -0.821298 0.400441 0 255 0
0.467753 -0.733111 0.390254 0 255 0
0.462739 -0.726328 0.293913 0 255 0
0.532272 -0.743887 0.341750 0 255 0
0.476463 -0.687013 0.435771 0 255 0
0.529106 -0.807345 0.241917 0 255 0
0.455686 -0.735155 0.363827 0 255 0
0.426170 -0.753508 0.312017 0 255 0
0.439937 -0.758051 0.356073 0 255 0
0.441980 -0.761660 0.467539 0 255 0
0.498420 -0.724322 0.388219 0 255 0
0.508216 -0.695015 0.430100 0 255 0
0.483219 -0.752684 0.314661 0 255 0
0.545016 -0.817986 0.289065 0 255 0
0.498104 -0.690785 0.458090 0 255 0
0.492522 -0.815899 0.343930 0 255 0
0.468327 -0.686564 0.338504 0 255 0
0.557450 -0.803241 0.298393 0 255 0
0.530791 -0.792370 0.414235 0 255 0
0.426032 -0.865387 0.265014 0 255 0
0.424013 -0.853542 0.433541 0 255 0
0.465309 -0.718817 0.370905 0 255 0
0.480458 -0.723548 0.374377 0 255 0
0.371156 -0.788399 0.386140 0 255 0
0.464016 -0.699147 0.299133 0 255 0
0.401717 -0.750432 0.401745 0 255 0
0.368273 -0.779207 0.452604 0 255 0
0.338256 -0.781020 0.434551 0 255 0
0.363591 -0.749477 0.432285 0 255 0
0.386805 -0.757307 0.393929 0 255 0
0.307047 -0.781092 0.373819 0 255 0
0.363129 -0.868117 0.368169 0 255 0
0.446361 -0.781770 0.386206 0 255 0
0.309202 -0.840392 0.358871 0 255 0
0.281376 -0.826493 0.423265 0 255 0
0.265405 -0.802673 0.382485 0 255 0
0.252911 -0.819734 0.476888 0 255 0
0.328831 -0.849536 0.481508 0 255 0
0.291942 -0.811792 0.421909 0 255 0
0.286506 -0.771422 0.380300 0 255 0
0.444573 -0.679292 0.449301 0 255 0
0.336622 -0.883346 0.396281 0 255 0
0.392414 -0.710440 0.439151 0 255 0
0.316214 -0.773886 0.303710 0 255 0
0.321564 -0.857669 0.359774 0 255 0
0.329196 -0.750209 0.384818 0 255 0
0.413820 -0.864811 0.438106 0 255 0
0.255285 -0.849344 0.365139 0 255 0
0.414208 -0.868704 0.449620 0 255 0
0.281199 -0.828395 0.340505 0 255 0
0.423254 -0.626686 0.499528 0 255 0
0.236249 -0.784932 0.419254 0 255 0
0.436872 -0.839517 0.406309 0 255 0
0.305242 -0.801614 0.540902 0 255 0
0.248009 -0.796277 0.374937 0 255 0
0.287741 -0.754926 0.403537 0 255 0
0.310445 -0.868020 0.441144 0 255 0
0.343035 -0.843373 0.436094 0 255 0
0.349907 -0.798495 0.308815 0 255 0
0.320064 -0.860252 0.397443 0 255 0
0.305676 -0.749204 0.560607 0 255 0
0.265314 -0.856469 0.355137 0 255 0
0.386010 -0.733535 0.454498 0 255 0
0.294155 -0.786370 0.493714 0 255 0
0.379145 -0.818462 0.373585 0 255 0
0.320202 -0.697820 0.477555 0 255 0
0.319210 -0.783755 0.376816 0 255 0
0.351598 -0.773692 0.472692 0 255 0
0.340964 -0.733531 0.450702 0 255 0
0.306365 -0.720058 0.517908 0 255 0
0.349790 -0.789458 0.386035 0 255 0
0.398469 -0.810426 0.439335 0 255 0
0.404974 -0.787575 0.345977 0 255 0
0.258462 -0.780967 0.505205 0 255 0
0.334683 -0.847483 0.438410 0 255 0
0.406643 -0.780473 0.407683 0 255 0
0.277402 -0.783330 0.423028 0 255 0
0.359637 -0.814646 0.451809 0 255 0
0.290827 -0.857836 0.447983 0 255 0
0.320679 -0.778971 0.464714 0 255 0
0.323526 -0.795954 0.362969 0 255 0
0.373771 -0.731097 0.452546 0 255 0
0.384222 -0.840567 0.434328 0 255 0
0.339716 -0.792919 0.452160 0 255 0
0.342380 -0.780045 0.462278 0 255 0
0.312747 -0.685978 0.358249 0 255 0
0.409498 -0.803009 0.460979 0 255 0
0.309382 -0.853623 0.401582 0 255 0
0.410749 -0.842119 0.415666 0 255 0
0.354175 -0.793338 0.395423 0 255 0
0.299218 -0.781394 0.405832 0 255 0
0.258257 -0.748024 0.384565 0 255 0
0.329171 -0.815220 0.417568 0 255 0
0.332105 -0.834985 0.394161 0 255 0
0.253655 -0.845341 0.286405 0 255 0
0.324428 -0.787606 0.430384 0 255 0
0.374216 -0.884218 0.381429 0 255 0
0.349275 -0.825300 0.444608 0 255 0
0.411688 -0.724240 0.405774 0 255 0
0.389534 -0.709685 0.371228 0 255 0
0.343716 -0.758501 0.383475 0 255 0
0.332979 -0.706017 0.554759 0 255 0
0.410225 -0.710844 0.391884 0 255 0
0.511698 -0.671891 0.392203 0 255 0
0.388844 -0.699128 0.350091 0 255 0
0.450220 -0.803135 0.419223 0 255 0
0.463369 -0.764668 0.405206 0 255 0
-0.041849 -0.510521 0.406577 0 255 0
-0.060789 -0.469204 0.431076 0 255 0
0.053658 -0.477033 0.460152 0 255 0
0.046755 -0.495958 0.519546 0 255 0
0.047021 -0.498121 0.476657 0 255 0
-0.009574 -0.418320 0.492778 0 255 0
0.036809 -0.556464 0.408575 0 255 0
0.097854 -0.419397 0.458421 0 255 0
0.000875 -0.537754 0.427920 0 255 0
-0.003038 -0.314091 0.439072 0 255 0
0.025359 -0.539943 0.478532 0 255 0
-0.041374 -0.522798 0.407579 0 255 0
-0.026222 -0.424623 0.479116 0 255 0
-0.013929 -0.432745 0.498223 0 255 0
-0.036254 -0.487168 0.441292 0 255 0
0.021493 -0.485131 0.489146 0 255 0
0.122401 -0.533791 0.517491 0 255 0
0.068502 -0.476028 0.457930 0 255 0
-0.020433 -0.473293 0.475168 0 255 0
0.033355 -0.371096 0.499469 0 255 0
0.024830 -0.460918 0.386500 0 255 0
0.031668 -0.505177 0.400591 0 255 0
0.042648 -0.514152 0.555396 0 255 0
0.030027 -0.390476 0.434539 0 255 0
0.053923 -0.449221 0.456167 0 255 0
0.074010 -0.452050 0.437799 0 255 0
0.104335 -0.468792 0.462435 0 255 0
0.050762 -0.406014 0.386808 0 255 0
0.056324 -0.531406 0.383070 0 255 0
-0.021504 -0.547570 0.496092 0 255 0
-0.014587 -0.457184 0.419359 0 255 0
0.022342 -0.505810 0.436911 0 255 0
-0.026233 -0.379072 0.562104 0 255 0
-0.044701 -0.263684 0.537735 0 255 0
0.045234 -0.147121 0.559931 0 255 0
0.141123 -0.429810 0.465439 0 255 0
0.061617 -0.475933 0.478259 0 255 0
-0.040903 -0.491345 0.480078 0 255 0
0.068522 -0.479702 0.387096 0 255 0
0.050670 -0.559254 0.462854 0 255 0
0.103280 -0.301005 0.393148 0 255 0
0.085881 -0.325024 0.434829 0 255 0
0.121769 -0.409154 0.405606 0 255 0
0.136718 -0.329134 0.367852 0 255 0
-0.016070 0.039610 0.530290 0 255 0
-0.018830 0.049147 0.384395 0 255 0
0.053195 -0.027613 0.412424 0 255 0
-0.020283 -0.023651 0.431750 0 255 0
-0.066595 -0.056760 0.420848 0 255 0
-0.010678 -0.008832 0.493252 0 255 0
-0.020867 0.025689 0.566982 0 255 0
0.130293 0.048149 0.664951 0 255 0
-0.041929 -0.060086 0.539000 0 255 0
0.068439 0.095901 0.593747 0 255 0
-0.026638 -0.001335 0.509848 0 255 0
-0.014862 0.035997 0.404164 0 255 0
-0.013375 -0.063936 0.409316 0 255 0
0.019173 -0.054840 0.452981 0 255 0
-0.162353 -0.108123 0.419827 0 255 0
-0.072153 -0.107307 0.363642 0 255 0
0.070950 -0.093882 0.397076 0 255 0
-0.036304 0.099949 0.507400 0 255 0
-0.042733 -0.058281 0.438326 0 255 0
0.054328 -0.034005 0.405123 0 255 0
-0.078061 -0.027497 0.442101 0 255 0
-0.037781 -0.068618 0.444119 0 255 0
-0.067197 -0.007091 0.564889 0 255 0
-0.035969 -0.060724 0.668055 0 255 0
0.056909 -0.026838 0.597116 0 255 0
-0.180051 0.024312 0.640964 0 255 0
-0.067302 -0.074571 0.475468 0 255 0
-0.165794 -0.055150 0.339538 0 255 0
0.065258 0.010466 0.445493 0 255 0
-0.012593 -0.273015 0.626500 0 255 0
-0.011908 -0.244902 0.671699 0 255 0
-0.044294 -0.246492 0.675182 0 255 0
-0.038227 -0.222194 0.544403 0 255 0
0.031737 -0.166332 0.529831 0 255 0
0.061194 -0.248618 0.667854 0 255 0
0.023416 -0.206083 0.489462 0 255 0
0.003325 -0.156234 0.554207 0 255 0
0.021860 -0.110778 0.516981 0 255 0
0.084404 -0.222187 0.657242 0 255 0
0.099705 -0.193284 0.580860 0 255 0
-0.016104 -0.167618 0.495583 0 255 0
0.060253 -0.146512 0.661624 0 255 0
0.104670 -0.235182 0.506667 0 255 0
0.092245 -0.144346 0.481673 0 255 0
0.022167 -0.108223 0.495408 0 255 0
0.065291 -0.172226 0.581187 0 255 0
0.156974 -0.142381 0.570392 0 255 0
0.020272 -0.171939 0.553719 0 255 0
-0.097791 -0.210013 0.587123 0 255 0
-0.073023 -0.316382 0.530761 0 255 0
0.310513 -0.569181 0.379267 0 255 0
0.339578 -0.654666 0.341207 0 255 0
-0.033609 -0.233899 0.475412 0 255 0
-0.111919 -0.310296 0.381281 0 255 0
-0.003354 -0.253586 0.370417 0 255 0
0.069172 -0.284489 0.415469 0 255 0
-0.058025 -0.260228 0.393808 0 255 0
0.027157 -0.185177 0.462476 0 255 0
0.096104 -0.136756 0.591013 0 255 0
-0.038328 -0.256521 0.354524 0 255 0
-0.046172 -0.143420 0.394820 0 255 0
-0.060082 -0.289555 0.397478 0 255 0
0.044655 -0.286548 0.404518 0 255 0
-0.037866 -0.240554 0.464197 0 255 0
0.075412 -0.268864 0.394354 0 255 0
0.066648 -0.229039 0.411239 0 255 0
0.053095 -0.242212 0.413977 0 255 0
0.091783 -0.378849 0.366108 0 255 0
0.042228 -0.206521 0.445634 0 255 0
-0.011996 -0.278800 0.436466 0 255 0
0.134451 -0.343745 0.418465 0 255 0
0.088425 -0.347419 0.313222 0 255 0
0.117342 -0.227448 0.486807 0 255 0
0.131060 -0.314648 0.362575 0 255 0
0.222104 -0.359599 0.424686 0 255 0
0.144524 -0.282286 0.482934 0 255 0
0.140467 -0.239948 0.410389 0 255 0
0.118838 -0.256538 0.397627 0 255 0
0.091858 -0.185109 0.464839 0 255 0
0.058350 -0.196181 0.471064 0 255 0
0.060195 -0.182684 0.480248 0 255 0
0.050671 -0.153864 0.315171 0 255 0
0.103349 -0.045814 0.434577 0 255 0
-0.067586 -0.090969 0.474878 0 255 0
0.035473 0.125972 0.357141 0 255 0
0.031469 0.073075 0.384890 0 255 0
0.038250 0.113203 0.364270 0 255 0
0.019432 0.071851 0.351546 0 255 0
0.038145 0.027813 0.417327 0 255 0
-0.043632 0.014907 0.405650 0 255 0
0.057060 0.080609 0.461964 0 255 0
-0.002065 0.087590 0.466992 0 255 0
0.001343 0.062354 0.418809 0 255 0
0.083062 0.112478 0.488678 0 255 0
0.115588 0.051812 0.421453 0 255 0
0.083402 0.164781 0.555684 0 255 0
-0.036678 0.164610 0.629071 0 255 0
-0.038102 0.183718 0.698508 0 255 0
0.054062 0.097627 0.583981 0 255 0
0.133763 0.099987 0.496421 0 255 0
-0.017312 0.182647 0.548890 0 255 0
0.058361 0.134433 0.571523 0 255 0
0.113338 0.114591 0.625370 0 255 0
-0.009738 0.072669 0.357713 0 255 0
-0.063220 0.089082 0.499923 0 255 0
0.044897 0.045650 0.523164 0 255 0
0.029356 -0.185477 0.357257 0 255 0
-0.017054 -0.202208 0.311302 0 255 0
0.008479 -0.114164 0.421885 0 255 0
-0.064411 -0.122260 0.371882 0 255 0
-0.003691 -0.207083 0.374704 0 255 0
0.018364 -0.115797 0.466379 0 255 0
0.052687 -0.286229 0.440402 0 255 0
0.006785 -0.114787 0.384257 0 255 0
0.074553 -0.103820 0.475656 0 255 0
0.065301 -0.215969 0.351516 0 255 0
0.088556 -0.200697 0.423238 0 255 0
0.060935 -0.246883 0.251164 0 255 0
0.049832 -0.195876 0.417604 0 255 0
0.110537 -0.232996 0.480986 0 255 0
0.112000 -0.227839 0.438655 0 255 0
0.113692 -0.258606 0.376265 0 255 0
0.074015 -0.218453 0.381609 0 255 0
0.148178 -0.170151 0.399592 0 255 0
0.049702 -0.243009 0.325574 0 255 0
-0.133570 -0.124606 0.370691 0 255 0
-0.100272 -0.153468 0.410771 0 255 0
0.033148 -0.069950 0.437603 0 255 0
0.076643 -0.149101 0.344085 0 255 0
0.036775 -0.104808 0.518579 0 255 0
0.058133 -0.148210 0.430000 0 255 0
0.113885 -0.184806 0.484202 0 255 0
0.135165 -0.080569 0.412785 0 255 0
0.036437 -0.158011 0.414895 0 255 0
0.088019 -0.134566 0.414687 0 255 0
0.051857 -0.104490 0.397295 0 255 0
0.012965 -0.169925 0.376919 0 255 0
0.112291 -0.054983 0.377854 0 255 0
0.055147 -0.150826 0.352053 0 255 0
0.017393 -0.142956 0.373674 0 255 0
-0.024879 -0.137174 0.422256 0 255 0
0.079168 -0.238358 0.324504 0 255 0
-0.052319 -0.194974 0.382287 0 255 0
-0.004308 -0.274702 0.324257 0 255 0
-0.003912 -0.249003 0.315951 0 255 0
0.030374 -0.202718 0.425110 0 255 0
-0.052141 -0.134791 0.366231 0 255 0
-0.028821 -0.278019 0.360838 0 255 0
-0.017607 -0.276480 0.409755 0 255 0
0.184675 -0.278301 0.361402 0 255 0
0.139106 -0.329015 0.431848 0 255 0
0.202502 -0.293553 0.434895 0 255 0
0.114020 -0.344493 0.453527 0 255 0
0.185948 -0.300123 0.498415 0 255 0
0.083534 -0.255480 0.397652 0 255 0
0.209245 -0.295427 0.422153 0 255 0
0.189932 -0.331585 0.351467 0 255 0
0.085711 -0.314448 0.389473 0 255 0
0.106673 -0.258028 0.361080 0 255 0
0.165905 -0.349382 0.315866 0 255 0
0.195289 -0.241603 0.373471 0 255 0
0.043744 -0.220637 0.392110 0 255 0
0.091778 -0.173819 0.435198 0 255 0
0.065166 -0.276899 0.400800 0 255 0
0.076615 -0.284819 0.358641 0 255 0
0.142444 -0.192634 0.296495 0 255 0
0.113743 -0.223191 0.354729 0 255 0
0.071755 -0.223383 0.457146 0 255 0
0.097936 -0.287481 0.392931 0 255 0
0.133198 -0.279152 0.449218 0 255 0
0.147683 -0.305854 0.419787 0 255 0
0.103718 -0.240509 0.291380 0 255 0
-0.146233 -0.227100 0.367121 0 255 0
-0.010812 -0.132915 0.470116 0 255 0
0.087293 -0.182775 0.404215 0 255 0
0.139683 -0.136969 0.417133 0 255 0
0.135011 -0.256571 0.428449 0 255 0
0.070199 -0.322858 0.392489 0 255 0
0.035367 -0.207490 0.387170 0 255 0
0.072835 -0.312100 0.356004 0 255 0
-0.074408 -0.322698 0.373321 0 255 0
-0.049330 -0.207612 0.414609 0 255 0
-0.088378 -0.149971 0.394201 0 255 0
0.044756 -0.367035 0.504838 0 255 0
0.044382 -0.269114 0.409628 0 255 0
0.138002 -0.321240 0.393502 0 255 0
0.051663 -0.261693 0.344902 0 255 0
0.290446 -0.539590 0.389988 0 255 0
-0.069207 0.025343 0.359797 0 255 0
-0.030181 0.014171 0.466643 0 255 0
-0.069977 0.006373 0.348526 0 255 0
-0.078729 -0.211873 0.350139 0 255 0
-0.083031 -0.187509 0.424261 0 255 0
0.025309 -0.204932 0.634477 0 255 0
-0.032662 -0.198502 0.600149 0 255 0
-0.004045 -0.081613 0.583385 0 255 0
0.058369 -0.155272 0.560007 0 255 0
-0.020956 -0.266157 0.587808 0 255 0
0.108823 -0.197729 0.630546 0 255 0
-0.041582 -0.117464 0.619164 0 255 0
0.123949 -0.252020 0.612834 0 255 0
0.033089 -0.176064 0.522174 0 255 0
-0.050565 -0.080291 0.551200 0 255 0
0.063921 -0.168962 0.628999 0 255 0
-0.012206 -0.169302 0.624817 0 255 0
-0.013091 -0.187149 0.603353 0 255 0
0.049059 -0.167348 0.582114 0 255 0
0.059990 -0.107023 0.541047 0 255 0
0.025619 -0.322719 0.420796 0 255 0
-0.082947 -0.377931 0.503544 0 255 0
0.054213 -0.363175 0.543363 0 255 0
-0.060981 -0.459971 0.500880 0 255 0
-0.035741 -0.300056 0.544399 0 255 0
-0.029031 -0.346784 0.554606 0 255 0
-0.063099 -0.149013 0.607626 0 255 0
-0.093808 -0.189252 0.619421 0 255 0
-0.050842 -0.244597 0.595698 0 255 0
-0.045376 -0.206938 0.624738 0 255 0
-0.117406 -0.210766 0.439127 0 255 0
-0.051129 -0.158072 0.568266 0 255 0
0.041193 0.265522 0.438935 0 255 0
0.028638 0.327392 0.480012 0 255 0
0.025606 0.241125 0.441932 0 255 0
0.090599 0.247258 0.432392 0 255 0
0.168618 0.191953 0.404808 0 255 0
0.051052 0.289499 0.319189 0 255 0
0.079301 0.121221 0.427029 0 255 0
0.017027 0.307950 0.332700 0 255 0
-0.059567 0.228541 0.376468 0 255 0
0.018598 0.284618 0.328205 0 255 0
0.156098 0.200762 0.332069 0 255 0
-0.015074 0.269521 0.401369 0 255 0
0.113290 0.248891 0.368940 0 255 0
0.141662 0.277626 0.445566 0 255 0
0.057359 0.250032 0.396391 0 255 0
-0.000329 0.187022 0.479725 0 255 0
0.035943 0.217147 0.458624 0 255 0
-0.007425 0.143915 0.392496 0 255 0
-0.064710 0.184446 0.436444 0 255 0
-0.020224 0.115477 0.453412 0 255 0
0.049371 0.071258 0.445731 0 255 0
-0.024637 0.119174 0.429540 0 255 0
-0.008646 0.246448 0.343452 0 255 0
-0.005286 0.378037 0.354236 0 255 0
-0.125253 0.288570 0.390141 0 255 0
-0.017807 0.202082 0.387347 0 255 0
0.007972 0.210683 0.240361 0 255 0
-0.024736 0.293295 0.500376 0 255 0
-0.014785 0.244151 0.361156 0 255 0
0.061837 0.139419 0.387289 0 255 0
0.039102 0.184158 0.372662 0 255 0
0.015687 0.145054 0.386213 0 255 0
-0.016260 0.122900 0.353754 0 255 0
0.027213 0.158447 0.455916 0 255 0
0.122439 0.156606 0.417600 0 255 0
0.019899 0.310900 0.483740 0 255 0
0.023527 0.177294 0.381427 0 255 0
-0.075494 0.248968 0.399438 0 255 0
-0.024267 0.131040 0.406600 0 255 0
0.072276 0.046566 0.408675 0 255 0
-0.116511 -0.060545 0.417995 0 255 0
-0.026558 0.001075 0.424214 0 255 0
-0.026604 0.426049 0.751796 0 255 0
-0.102496 0.421436 0.553990 0 255 0
-0.127597 0.313192 0.537712 0 255 0
0.118108 0.205700 0.612372 0 255 0
0.122568 0.329005 0.481742 0 255 0
0.151050 0.218053 0.380121 0 255 0
0.003950 0.310979 0.678280 0 255 0
-0.080820 0.274595 0.629343 0 255 0
0.125032 0.229087 0.494895 0 255 0
0.121229 0.282962 0.594056 0 255 0
-0.049719 0.183285 0.646667 0 255 0
0.115695 0.228917 0.415466 0 255 0
0.060888 0.288629 0.444557 0 255 0
0.051459 0.265087 0.369967 0 255 0
-0.097729 0.271846 0.392547 0 255 0
-0.120488 0.178797 0.427149 0 255 0
-0.004257 0.225045 0.610686 0 255 0
-0.009895 0.200986 0.688578 0 255 0
-0.074045 0.217142 0.605784 0 255 0
-0.045451 0.309716 0.675989 0 255 0
0.038438 0.101868 0.597754 0 255 0
0.029062 0.198184 0.635812 0 255 0
0.046831 0.205363 0.687655 0 255 0
-0.063907 0.166097 0.627970 0 255 0
0.057217 0.127497 0.626728 0 255 0
0.046943 0.080081 0.661179 0 255 0
0.155347 0.154972 0.617999 0 255 0
0.061719 0.151114 0.534333 0 255 0
-0.136832 0.779518 0.851083 0 255 0
-0.159322 0.791181 0.938119 0 255 0
-0.162422 0.912253 0.885232 0 255 0
-0.249230 0.887081 0.755215 0 255 0
-0.213917 0.843382 0.802931 0 255 0
-0.155108 0.828073 0.826746 0 255 0
-0.208314 0.814726 0.837817 0 255 0
-0.151911 0.865497 0.793043 0 255 0
-0.280262 0.874605 0.916114 0 255 0
-0.192256 0.854872 0.756941 0 255 0
-0.174200 0.845003 0.769325 0 255 0
-0.156124 0.849377 0.706607 0 255 0
-0.091531 0.845589 0.865536 0 255 0
-0.187050 0.810022 0.851338 0 255 0
-0.137868 0.787434 0.824883 0 255 0
-0.049809 0.861869 0.753443 0 255 0
-0.147895 0.881427 1.003786 0 255 0
-0.178516 0.881571 0.944118 0 255 0
-0.164337 0.825947 0.827951 0 255 0
-0.334388 0.786743 0.920877 0 255 0
-0.178109 0.926615 0.866343 0 255 0
-0.196146 0.845488 0.783015 0 255 0
-0.167901 0.795757 0.967601 0 255 0
-0.142896 0.849028 0.785524 0 255 0
-0.206452 0.893439 0.849301 0 255 0
-0.135603 0.791964 0.904754 0 255 0
-0.190237 0.927857 0.895676 0 255 0
-0.164578 0.852865 0.855390 0 255 0
-0.121185 0.808241 0.737448 0 255 0
-0.182880 0.899750 0.730412 0 255 0
-0.100976 0.828259 0.798768 0 255 0
-0.173527 0.867661 0.762750 0 255 0
-0.239839 0.897332 0.906556 0 255 0
-0.170828 0.927744 0.855138 0 255 0
-0.165571 0.886872 0.945282 0 255 0
-0.222119 0.912876 0.861222 0 255 0
-0.210940 0.882300 0.844367 0 255 0
-0.146341 0.964637 1.033642 0 255 0
-0.095536 0.828802 1.115332 0 255 0
-0.076003 1.047677 1.053927 0 255 0
-0.154459 0.826801 1.052572 0 255 0
-0.125053 0.902562 1.187057 0 255 0
-0.113714 0.820931 1.055669 0 255 0
-0.200065 0.917635 1.003789 0 255 0
-0.017693 0.875599 0.993438 0 255 0
-0.214509 0.979165 1.062641 0 255 0
-0.041113 1.037660 1.067983 0 255 0
-0.104886 1.054715 1.049597 0 255 0
-0.138924 0.879004 0.986738 0 255 0
-0.059602 0.971893 1.054758 0 255 0
-0.072752 0.904676 1.021757 0 255 0
-0.117783 0.829313 0.954615 0 255 0
-0.130928 0.791473 0.974506 0 255 0
-0.174796 0.907469 1.050037 0 255 0
0.003629 1.024883 0.993786 0 255 0
-0.096776 0.935469 1.016612 0 255 0
-0.207909 0.925203 0.983892 0 255 0
-0.098638 0.992451 1.132401 0 255 0
-0.105333 0.918828 1.026863 0 255 0
-0.162340 0.904029 1.025890 0 255 0
-0.079353 0.970480 1.073210 0 255 0
-0.245691 0.852917 1.029100 0 255 0
-0.088502 0.965603 1.074547 0 255 0
-0.175976 0.866675 1.086914 0 255 0
-0.168477 1.023593 1.127458 0 255 0
-0.069585 0.972936 1.074216 0 255 0
-0.101741 0.915350 1.031267 0 255 0
-0.161289 0.935371 0.993626 0 255 0
-0.113820 0.950905 1.087625 0 255 0
-0.144337 0.883905 1.085390 0 255 0
-0.057814 0.936475 1.055480 0 255 0
-0.084837 0.871652 0.960938 0 255 0
0.015201 0.904658 1.092685 0 255 0
-0.187611 0.971887 1.051684 0 255 0
-0.081159 0.853752 1.076793 0 255 0
-0.183428 0.932659 0.998312 0 255 0
-0.113752 1.016485 1.101115 0 255 0
-0.129479 0.880503 1.058777 0 255 0
-0.148741 0.988061 1.052135 0 255 0
-0.137894 0.873500 0.977884 0 255 0
-0.094745 0.884141 1.007471 0 255 0
-0.151836 0.902809 1.129528 0 255 0
-0.065734 0.935064 1.014832 0 255 0
-0.220438 0.964732 1.013914 0 255 0
-0.133316 0.978361 0.970721 0 255 0
-0.045701 0.956507 1.033610 0 255 0
-0.085427 0.859104 0.986579 0 255 0
-0.137113 0.922408 1.024569 0 255 0
-0.101569 0.806528 0.991162 0 255 0
-0.073494 0.905055 1.089398 0 255 0
-0.099526 0.909473 1.031958 0 255 0
-0.088440 0.943691 1.036206 0 255 0
-0.160942 0.963188 1.046047 0 255 0
-0.096540 0.985442 1.016971 0 255 0
-0.097402 0.974271 1.095949 0 255 0
-0.071464 0.998353 0.952931 0 255 0
-0.075181 0.936455 1.033616 0 255 0
-0.077991 0.881092 1.004522 0 255 0
-0.145988 0.916538 0.933562 0 255 0
-0.078413 0.890696 0.928276 0 255 0
-0.062971 0.959188 0.988409 0 255 0
-0.150856 0.999871 0.979518 0 255 0
-0.185620 0.869978 1.042048 0 255 0
-0.168311 0.919603 1.026620 0 255 0
-0.020164 0.946053 1.019633 0 255 0
-0.130343 1.068530 0.969337 0 255 0
-0.115270 0.929547 1.053163 0 255 0
-0.093483 0.914317 0.940709 0 255 0
-0.074790 0.903946 0.902726 0 255 0
-0.080103 0.973916 0.918893 0 255 0
0.000322 0.884342 1.086611 0 255 0
-0.142120 0.918483 1.017727 0 255 0
-0.117380 0.941682 0.993786 0 255 0
-0.117672 0.896153 0.910296 0 255 0
-0.118134 0.953395 0.973099 0 255 0
-0.083935 0.938725 0.963824 0 255 0
-0.075682 0.958610 0.996809 0 255 0
-0.160840 0.991655 1.054339 0 255 0
-0.071413 0.947463 1.079918 0 255 0
-0.145871 0.820168 1.034570 0 255 0
-0.217198 0.922451 1.047865 0 255 0
-0.159884 0.955192 1.110134 0 255 0
-0.099119 0.982960 0.996731 0 255 0
-0.143920 0.899924 1.000090 0 255 0
-0.145616 0.918528 0.998209 0 255 0
-0.102597 0.891790 1.150043 0 255 0
-0.111311 0.926912 1.039291 0 255 0
-0.152275 0.904577 1.059703 0 255 0
-0.049544 0.907933 1.009130 0 255 0
-0.083262 0.929216 0.995834 0 255 0
-0.102610 1.040141 1.024572 0 255 0
-0.116569 0.966613 1.119888 0 255 0
-0.089657 0.971137 1.060071 0 255 0
-0.062835 0.996998 0.972546 0 255 0
-0.129730 0.949179 0.952960 0 255 0
-0.121600 0.964126 0.928649 0 255 0
-0.042088 0.975346 0.845877 0 255 0
-0.106642 0.975632 1.068181 0 255 0
-0.089049 0.965762 1.040041 0 255 0
-0.101596 0.931021 1.092653 0 255 0
-0.088285 0.944733 0.938751 0 255 0
-0.147120 0.880064 0.995115 0 255 0
-0.110390 1.020909 1.006457 0 255 0
-0.030669 0.896615 1.078394 0 255 0
-0.061600 0.995553 0.977769 0 255 0
-0.052523 0.766459 0.872169 0 255 0
-0.193274 0.826030 0.880459 0 255 0
-0.145293 0.867422 0.874684 0 255 0
-0.043061 0.875980 0.826976 0 255 0
-0.149428 0.896517 0.919849 0 255 0
-0.258739 0.871190 0.781641 0 255 0
-0.194032 0.836435 0.880583 0 255 0
-0.166287 0.947088 0.964646 0 255 0
-0.184730 0.964874 0.879556 0 255 0
-0.122890 0.979342 0.827676 0 255 0
-0.160778 0.963243 0.848101 0 255 0
-0.213732 0.920832 0.905913 0 255 0
-0.155599 0.996556 0.909759 0 255 0
-0.120613 0.948051 0.878383 0 255 0
-0.189380 0.828856 0.940608 0 255 0
-0.189680 0.931976 0.802581 0 255 0
-0.115417 0.933445 0.896896 0 255 0
-0.130857 0.890102 1.072435 0 255 0
-0.253388 0.856083 0.998373 0 255 0
-0.136299 0.919042 0.984641 0 255 0
-0.168600 0.820654 1.010705 0 255 0
-0.155075 0.862754 1.051208 0 255 0
-0.178458 1.054715 1.036389 0 255 0
-0.182447 0.944733 0.877927 0 255 0
-0.100238 0.950933 1.053452 0 255 0
-0.168409 0.995128 0.852643 0 255 0
-0.170033 0.921932 1.024778 0 255 0
0.000376 0.961318 0.867477 0 255 0
-0.122473 0.939350 0.999932 0 255 0
-0.078858 1.001091 0.991459 0 255 0
-0.131599 0.922037 0.970417 0 255 0
-0.218227 0.897691 0.972730 0 255 0
-0.175175 0.955924 0.864163 0 255 0
-0.076344 0.897244 1.065456 0 255 0
-0.146832 0.887964 0.953014 0 255 0
-0.172580 0.872706 0.926705 0 255 0
-0.215008 0.916745 1.009325 0 255 0
-0.124693 0.948640 0.877950 0 255 0
-0.114242 0.920397 0.991564 0 255 0
-0.076962 0.954662 1.008712 0 255 0
-0.255509 0.918905 0.992641 0 255 0
-0.171363 0.942332 0.923577 0 255 0
-0.196122 0.979431 0.855934 0 255 0
-0.094748 0.946454 0.900555 0 255 0
-0.097979 0.968757 0.943361 0 255 0
-0.118075 0.902259 0.896946 0 255 0
-0.233671 0.946968 0.992361 0 255 0
-0.164129 0.919994 0.902035 0 255 0
-0.210889 0.910780 0.868849 0 255 0
-0.147623 0.990150 0.836900 0 255 0
-0.103534 0.996632 0.874782 0 255 0
-0.092017 0.884395 0.846848 0 255 0
-0.026475 0.929196 0.965080 0 255 0
-0.030505 0.923422 0.841774 0 255 0
-0.239288 1.010705 0.890117 0 255 0
-0.238349 0.944067 0.917540 0 255 0
-0.189175 0.853169 0.841298 0 255 0
-0.202515 1.059690 0.931947 0 255 0
-0.091821 0.986930 0.870821 0 255 0
-0.162145 0.891755 0.942283 0 255 0
-0.027706 0.907022 0.879417 0 255 0
-0.136578 0.972700 0.864088 0 255 0
-0.118856 0.865127 0.880076 0 255 0
-0.233631 1.036533 0.815125 0 255 0
-0.115718 0.868237 0.829618 0 255 0
-0.234259 1.011536 0.834961 0 255 0
-0.150313 0.897116 0.814720 0 255 0
-0.222515 0.890771 0.882307 0 255 0
-0.186326 0.932680 0.842275 0 255 0
-0.256989 0.981129 0.935018 0 255 0
-0.238212 0.958825 0.836537 0 255 0
-0.155126 0.911749 0.816949 0 255 0
-0.177178 0.927259 0.875647 0 255 0
-0.124582 1.000255 0.862540 0 255 0
-0.269668 0.930193 0.849269 0 255 0
-0.146182 0.895325 0.961843 0 255 0
-0.311096 0.948522 0.944942 0 255 0
-0.138102 0.906651 0.849061 0 255 0
-0.122833 0.959066 0.972938 0 255 0
-0.153200 0.985871 1.004286 0 255 0
-0.236351 0.876189 0.974331 0 255 0
-0.118104 0.879229 0.898625 0 255 0
-0.151493 0.982402 0.858723 0 255 0
-0.184353 0.945667 0.886872 0 255 0
-0.212659 0.981955 0.858431 0 255 0
-0.205935 0.883318 0.904754 0 255 0
-0.212931 0.909921 1.037090 0 255 0
-0.124482 0.979906 0.908754 0 255 0
-0.163389 0.928201 0.945026 0 255 0
-0.142245 0.984343 0.941716 0 255 0
-0.307388 0.928170 0.863517 0 255 0
-0.134802 0.936803 0.947306 0 255 0
-0.223870 0.904955 0.875386 0 255 0
-0.173568 0.883521 0.785056 0 255 0
-0.172951 0.878312 0.872757 0 255 0
-0.229039 0.828184 0.961360 0 255 0
-0.197538 0.912339 0.834856 0 255 0
-0.221886 0.950909 0.887251 0 255 0
-0.153574 0.870785 0.839620 0 255 0
-0.109899 0.794415 0.968131 0 255 0
-0.223063 0.961797 0.900977 0 255 0
-0.074206 0.927501 0.867950 0 255 0
-0.115776 1.057056 0.916695 0 255 0
-0.229259 1.016483 0.869018 0 255 0
-0.265621 0.942244 0.796317 0 255 0
-0.175304 0.992527 0.883289 0 255 0
-0.173616 1.013743 0.922461 0 255 0
-0.265389 0.953248 0.881094 0 255 0
-0.326973 0.999708 0.845730 0 255 0
-0.171392 1.039272 0.967417 0 255 0
-0.200186 0.951226 0.816548 0 255 0
-0.233535 0.908646 1.020603 0 255 0
-0.189840 0.962637 0.915713 0 255 0
-0.309387 0.856020 0.930459 0 255 0
-0.237060 0.866843 0.908824 0 255 0
-0.151299 0.848808 0.929409 0 255 0
-0.200775 0.868532 0.822733 0 255 0
-0.235099 0.922620 0.945482 0 255 0
-0.188158 0.913240 0.883683 0 255 0
-0.213062 0.915164 0.929833 0 255 0
-0.153822 0.963660 0.869539 0 255 0
-0.074498 1.033127 0.868176 0 255 0
-0.145887 1.015489 0.928413 0 255 0
-0.174566 0.930190 0.953971 0 255 0
-0.093878 0.895913 0.922877 0 255 0
-0.130696 0.946607 0.942492 0 255 0
-0.187177 1.000494 0.910357 0 255 0
-0.129826 0.981906 0.956546 0 255 0
-0.178061 0.987782 0.900302 0 255 0
-0.095451 0.990665 0.913646 0 255 0
-0.206029 1.024809 0.951031 0 255 0
-0.090935 1.093901 0.880758 0 255 0
-0.260131 1.066090 0.854720 0 255 0
-0.150392 0.981278 0.987812 0 255 0
-0.227450 0.986526 0.869468 0 255 0
-0.193880 0.926547 0.910690 0 255 0
-0.276805 0.892973 0.929735 0 255 0
-0.222618 0.942075 0.779974 0 255 0
-0.241361 1.033144 0.869124 0 255 0
-0.231983 0.999836 0.853445 0 255 0
-0.261268 0.970559 0.833060 0 255 0
-0.208070 1.000910 0.929074 0 255 0
-0.195859 0.955913 0.799213 0 255 0
-0.204306 0.971421 0.894638 0 255 0
-0.223309 0.894878 0.842499 0 255 0
-0.187547 0.918410 0.900598 0 255 0
-0.185214 0.967503 0.787282 0 255 0
-0.260774 0.988080 0.814939 0 255 0
-0.215169 0.956190 0.849561 0 255 0
-0.225589 1.049413 0.805519 0 255 0
-0.160355 0.881470 0.896639 0 255 0
-0.073990 0.624539 0.801008 0 255 0
-0.153871 0.543395 0.850668 0 255 0
-0.034135 0.620878 0.719959 0 255 0
0.130634 0.253116 0.518473 0 255 0
-0.015628 0.028366 0.574493 0 255 0
-0.034548 0.089369 0.607989 0 255 0
0.051080 -0.060654 0.631946 0 255 0
0.131967 0.214397 0.539719 0 255 0
-0.101980 -0.017999 0.617302 0 255 0
-0.013029 -0.153464 0.571774 0 255 0
-0.007822 -0.504530 0.367262 0 255 0
0.026691 -0.461100 0.417243 0 255 0
-0.032896 -0.476204 0.409016 0 255 0
-0.022362 -0.487306 0.411302 0 255 0
-0.068948 -0.409751 0.328130 0 255 0
-0.013186 -0.429201 0.357253 0 255 0
-0.002802 -0.407832 0.333728 0 255 0
-0.042993 -0.369996 0.392997 0 255 0
0.084223 -0.373775 0.438741 0 255 0
-0.003629 -0.500825 0.463562 0 255 0
-0.163925 -0.060333 0.434991 255 0 0
-0.174305 -0.059299 0.443027 255 0 0
-0.166894 -0.080956 0.433809 255 0 0
-0.177274 -0.079922 0.441846 255 0 0
-0.174832 -0.075773 0.433678 255 0 0
-0.172997 -0.063027 0.434408 255 0 0
-0.168202 -0.077229 0.442428 255 0 0
-0.166367 -0.064483 0.443159 255 0 0
-0.176949 -0.069741 0.447624 255 0 0
-0.181046 -0.068841 0.442216 255 0 0
-0.160153 -0.071414 0.434620 255 0 0
-0.164251 -0.070514 0.429213 255 0 0
-0.162944 -0.064598 0.430993 255 0 0
-0.168277 -0.066181 0.430650 255 0 0
-0.168085 -0.060197 0.434047 255 0 0
-0.174187 -0.059589 0.438771 255 0 0
-0.168854 -0.058006 0.439113 255 0 0
-0.170290 -0.060445 0.443914 255 0 0
-0.164188 -0.061053 0.439190 255 0 0
-0.161972 -0.067566 0.438972 255 0 0
-0.160536 -0.065127 0.434171 255 0 0
-0.160728 -0.071111 0.430775 255 0 0
-0.178149 -0.065198 0.438294 255 0 0
-0.178918 -0.063007 0.443360 255 0 0
-0.169356 -0.073673 0.430221 255 0 0
-0.174496 -0.069272 0.433275 255 0 0
-0.162281 -0.077249 0.433477 255 0 0
-0.164690 -0.076720 0.430298 255 0 0
-0.166703 -0.070984 0.443562 255 0 0
-0.163050 -0.075058 0.438543 255 0 0
-0.176509 -0.063536 0.446539 255 0 0
-0.171844 -0.066582 0.446616 255 0 0
-0.180663 -0.075129 0.442665 255 0 0
-0.179228 -0.072690 0.437864 255 0 0
-0.177011 -0.079203 0.437647 255 0 0
-0.170909 -0.079811 0.432923 255 0 0
-0.172345 -0.082250 0.437724 255 0 0
-0.167013 -0.080667 0.438066 255 0 0
-0.173114 -0.080059 0.442790 255 0 0
-0.172922 -0.074074 0.446186 255 0 0
-0.178255 -0.075658 0.445844 255 0 0
-0.180472 -0.069144 0.446062 255 0 0
-0.126434 0.071708 0.422852 255 0 0
-0.134054 0.072337 0.428443 255 0 0
-0.125304 0.047399 0.427127 255 0 0
-0.132924 0.048028 0.432718 255 0 0
-0.133181 0.051275 0.423980 255 0 0
-0.133879 0.066299 0.421337 255 0 0
-0.125479 0.053437 0.434233 255 0 0
-0.126178 0.068460 0.431591 255 0 0
-0.133464 0.061045 0.435477 255 0 0
-0.138224 0.059709 0.429140 255 0 0
-0.121135 0.060027 0.426430 255 0 0
-0.125895 0.058691 0.420093 255 0 0
-0.125548 0.066136 0.420364 255 0 0
-0.129924 0.062956 0.419474 255 0 0
-0.130241 0.070607 0.421096 255 0 0
-0.134719 0.070977 0.424382 255 0 0
-0.130343 0.074156 0.425272 255 0 0
-0.130192 0.072247 0.430409 255 0 0
-0.125714 0.071878 0.427122 255 0 0
-0.122599 0.065012 0.429225 255 0 0
-0.122750 0.066921 0.424089 255 0 0
-0.122432 0.059270 0.422468 255 0 0
-0.137170 0.063555 0.424792 255 0 0
-0.137273 0.067104 0.428968 255 0 0
-0.129513 0.054126 0.421027 255 0 0
-0.134206 0.058598 0.421758 255 0 0
-0.122085 0.052632 0.426602 255 0 0
-0.124883 0.051847 0.422877 255 0 0
-0.125152 0.061138 0.433812 255 0 0
-0.122188 0.056181 0.430778 255 0 0
-0.134475 0.067889 0.432693 255 0 0
-0.129845 0.065610 0.434543 255 0 0
-0.136609 0.052815 0.431481 255 0 0
-0.136760 0.054724 0.426345 255 0 0
-0.133645 0.047858 0.428448 255 0 0
-0.129166 0.047488 0.425161 255 0 0
-0.129015 0.045579 0.430298 255 0 0
-0.124639 0.048759 0.431188 255 0 0
-0.129118 0.049128 0.434474 255 0 0
-0.129435 0.056779 0.436096 255 0 0
-0.133811 0.053600 0.435206 255 0 0
-0.136926 0.060466 0.433102 255 0 0
-0.174501 0.079434 0.437553 255 0 0
-0.184956 0.079847 0.445312 255 0 0
-0.172844 0.058591 0.440897 255 0 0
-0.183299 0.059005 0.448656 255 0 0
-0.181651 0.061822 0.439793 255 0 0
-0.182675 0.074703 0.437726 255 0 0
-0.175125 0.063735 0.448483 255 0 0
-0.176150 0.076617 0.446416 255 0 0
-0.185342 0.070145 0.452067 255 0 0
-0.189374 0.068963 0.446697 255 0 0
-0.168426 0.069476 0.439512 255 0 0
-0.172458 0.068293 0.434142 255 0 0
-0.172528 0.074679 0.434573 255 0 0
-0.177332 0.071899 0.434675 255 0 0
-0.178533 0.078447 0.436680 255 0 0
-0.184678 0.078690 0.441241 255 0 0
-0.179874 0.081470 0.441139 255 0 0
-0.180843 0.079814 0.446348 255 0 0
-0.174698 0.079571 0.441787 255 0 0
-0.171127 0.073718 0.442939 255 0 0
-0.170158 0.075374 0.437730 255 0 0
-0.168957 0.068826 0.435725 255 0 0
-0.187275 0.072292 0.442055 255 0 0
-0.188616 0.075316 0.446514 255 0 0
-0.176730 0.064327 0.435890 255 0 0
-0.182735 0.068095 0.437997 255 0 0
-0.169184 0.063123 0.439695 255 0 0
-0.171554 0.062428 0.436538 255 0 0
-0.175065 0.070344 0.448212 255 0 0
-0.170525 0.066146 0.444154 255 0 0
-0.186246 0.076011 0.449670 255 0 0
-0.181070 0.074111 0.450319 255 0 0
-0.187642 0.063065 0.448479 255 0 0
-0.186673 0.064720 0.443270 255 0 0
-0.183102 0.058867 0.444421 255 0 0
-0.176957 0.058624 0.439860 255 0 0
-0.177926 0.056968 0.445070 255 0 0
-0.173122 0.059749 0.444968 255 0 0
-0.179267 0.059992 0.449529 255 0 0
-0.180468 0.066540 0.451534 255 0 0
-0.185272 0.063760 0.451636 255 0 0
-0.188843 0.069613 0.450484 255 0 0
-0.060347 -0.049956 0.407054 255 0 0
-0.068861 -0.050852 0.413141 255 0 0
-0.061074 -0.072976 0.402650 255 0 0
-0.069588 -0.073872 0.408738 255 0 0
-0.068806 -0.067976 0.401636 255 0 0
-0.068357 -0.053749 0.404357 255 0 0
-0.061579 -0.070079 0.411434 255 0 0
-0.061129 -0.055852 0.414156 255 0 0
-0.069622 -0.063288 0.415849 255 0 0
-0.074089 -0.061989 0.409793 255 0 0
-0.055846 -0.061839 0.405999 255 0 0
-0.060313 -0.060540 0.399943 255 0 0
-0.059516 -0.054078 0.402726 255 0 0
-0.064224 -0.056307 0.401141 255 0 0
-0.064244 -0.050087 0.405321 255 0 0
-0.069248 -0.050613 0.408899 255 0 0
-0.064541 -0.048384 0.410484 255 0 0
-0.065000 -0.051849 0.414658 255 0 0
-0.059996 -0.051322 0.411080 255 0 0
-0.057350 -0.058307 0.410460 255 0 0
-0.056890 -0.054841 0.406286 255 0 0
-0.056870 -0.061062 0.402106 255 0 0
-0.072321 -0.057159 0.406931 255 0 0
-0.072618 -0.055456 0.412094 255 0 0
-0.064488 -0.064669 0.399542 255 0 0
-0.069216 -0.060678 0.402136 255 0 0
-0.057318 -0.068372 0.403698 255 0 0
-0.059943 -0.067608 0.400138 255 0 0
-0.060720 -0.063150 0.413655 255 0 0
-0.057614 -0.066669 0.408861 255 0 0
-0.069992 -0.056220 0.415654 255 0 0
-0.065448 -0.059159 0.416250 255 0 0
-0.073045 -0.068987 0.409506 255 0 0
-0.072585 -0.065521 0.405331 255 0 0
-0.069939 -0.072506 0.404711 255 0 0
-0.064935 -0.071979 0.401133 255 0 0
-0.065395 -0.075444 0.405308 255 0 0
-0.060687 -0.073215 0.406893 255 0 0
-0.065691 -0.073741 0.410471 255 0 0
-0.065712 -0.067521 0.414650 255 0 0
-0.070419 -0.069750 0.413065 255 0 0
-0.073065 -0.062766 0.413685 255 0 0
-0.082597 0.076105 0.417467 255 0 0
-0.090280 0.077420 0.423046 255 0 0
-0.082935 0.052400 0.422591 255 0 0
-0.090618 0.053716 0.428170 255 0 0
-0.090625 0.056530 0.419262 255 0 0
-0.090416 0.071180 0.416095 255 0 0
-0.082799 0.058640 0.429542 255 0 0
-0.082590 0.073291 0.426375 255 0 0
-0.090405 0.066627 0.430508 255 0 0
-0.095241 0.065322 0.424155 255 0 0
-0.077974 0.064498 0.421482 255 0 0
-0.082810 0.063194 0.415129 255 0 0
-0.082018 0.070481 0.415153 255 0 0
-0.086614 0.067587 0.414347 255 0 0
-0.086489 0.075176 0.415721 255 0 0
-0.091005 0.075949 0.419000 255 0 0
-0.086409 0.078844 0.419807 255 0 0
-0.086405 0.077189 0.425042 255 0 0
-0.081889 0.076416 0.421763 255 0 0
-0.079172 0.069594 0.424123 255 0 0
-0.079176 0.071248 0.418887 255 0 0
-0.079301 0.063659 0.417513 255 0 0
-0.093921 0.068838 0.419652 255 0 0
-0.093841 0.072506 0.423737 255 0 0
-0.086737 0.058976 0.416208 255 0 0
-0.091207 0.063670 0.416776 255 0 0
-0.079374 0.057315 0.421899 255 0 0
-0.082217 0.056548 0.418165 255 0 0
-0.082008 0.066151 0.428861 255 0 0
-0.079294 0.060983 0.425985 255 0 0
-0.090998 0.073272 0.427472 255 0 0
-0.086478 0.070845 0.429429 255 0 0
-0.094040 0.058573 0.426749 255 0 0
-0.094044 0.060227 0.421513 255 0 0
-0.091326 0.053405 0.423873 255 0 0
-0.086810 0.052631 0.420594 255 0 0
-0.086807 0.050977 0.425830 255 0 0
-0.082211 0.053872 0.426637 255 0 0
-0.086727 0.054645 0.429916 255 0 0
-0.086601 0.062234 0.431290 255 0 0
-0.091197 0.059339 0.430484 255 0 0
-0.093915 0.066161 0.428124 255 0 0
-0.087005 0.011426 0.424319 255 0 0
-0.095680 0.010542 0.430511 255 0 0
-0.086581 -0.011464 0.421645 255 0 0
-0.095255 -0.012348 0.427837 255 0 0
-0.094608 -0.007019 0.420270 255 0 0
-0.094870 0.007128 0.421923 255 0 0
-0.087390 -0.008049 0.430234 255 0 0
-0.087653 0.006098 0.431886 255 0 0
-0.095918 -0.001494 0.434167 255 0 0
-0.100378 -0.000858 0.428009 255 0 0
-0.081882 -0.000064 0.424148 255 0 0
-0.086342 0.000573 0.417990 255 0 0
-0.085891 0.007134 0.420290 255 0 0
-0.090514 0.004607 0.418881 255 0 0
-0.090904 0.010987 0.422602 255 0 0
-0.096003 0.010467 0.426241 255 0 0
-0.091380 0.012994 0.427650 255 0 0
-0.091760 0.009862 0.432098 255 0 0
-0.086662 0.010381 0.428458 255 0 0
-0.083650 0.003628 0.428357 255 0 0
-0.083270 0.006760 0.423909 255 0 0
-0.082880 0.000380 0.420189 255 0 0
-0.098764 0.003766 0.424770 255 0 0
-0.099240 0.005773 0.429819 255 0 0
-0.090360 -0.003708 0.417910 255 0 0
-0.095372 0.000145 0.420222 255 0 0
-0.083020 -0.006695 0.422338 255 0 0
-0.085642 -0.006320 0.418718 255 0 0
-0.086888 -0.001066 0.431935 255 0 0
-0.083496 -0.004688 0.427386 255 0 0
-0.096619 0.005399 0.433438 255 0 0
-0.091900 0.002787 0.434246 255 0 0
-0.098991 -0.007681 0.428247 255 0 0
-0.098610 -0.004549 0.423799 255 0 0
-0.095599 -0.011303 0.423698 255 0 0
-0.090500 -0.010783 0.420059 255 0 0
-0.090881 -0.013915 0.424507 255 0 0
-0.086258 -0.011388 0.425915 255 0 0
-0.091357 -0.011908 0.429555 255 0 0
-0.091746 -0.005529 0.433275 255 0 0
-0.096369 -0.008055 0.431866 255 0 0
-0.099380 -0.001302 0.431967 255 0 0
0.025830 0.010545 0.437153 255 0 0
0.020879 0.010332 0.441884 255 0 0
0.027771 -0.010112 0.438257 255 0 0
0.022820 -0.010324 0.442988 255 0 0
0.017604 -0.007373 0.432701 255 0 0
0.016404 0.005393 0.432018 255 0 0
0.032247 -0.005173 0.448123 255 0 0
0.031047 0.007594 0.447441 255 0 0
0.024845 0.000619 0.448664 255 0 0
0.015795 -0.000742 0.439132 255 0 0
0.032856 0.000962 0.441009 255 0 0
0.023806 -0.000398 0.431477 255 0 0
0.024905 0.005945 0.433305 255 0 0
0.019364 0.002917 0.430286 255 0 0
0.020554 0.009349 0.433623 255 0 0
0.017644 0.009224 0.436403 255 0 0
0.023184 0.012252 0.439422 255 0 0
0.026251 0.010517 0.445468 255 0 0
0.029161 0.010642 0.442688 255 0 0
0.033290 0.005010 0.444954 255 0 0
0.030224 0.006744 0.438907 255 0 0
0.029034 0.000312 0.435571 255 0 0
0.014655 0.002715 0.434786 255 0 0
0.017286 0.005618 0.440585 255 0 0
0.020069 -0.004587 0.430688 255 0 0
0.015719 -0.001183 0.431006 255 0 0
0.031365 -0.005397 0.439556 255 0 0
0.026046 -0.006197 0.433954 255 0 0
0.032932 0.001404 0.449136 255 0 0
0.033995 -0.002494 0.445355 255 0 0
0.022605 0.006417 0.446187 255 0 0
0.028581 0.004808 0.449454 255 0 0
0.018427 -0.006524 0.441234 255 0 0
0.015361 -0.004789 0.435187 255 0 0
0.019490 -0.010422 0.437454 255 0 0
0.022400 -0.010297 0.434673 255 0 0
0.025466 -0.012031 0.440720 255 0 0
0.031007 -0.009003 0.443738 255 0 0
0.028097 -0.009128 0.446519 255 0 0
0.029287 -0.002696 0.449855 255 0 0
0.023746 -0.005724 0.446837 255 0 0
0.019617 -0.000092 0.444570 255 0 0
-0.028247 0.008370 0.412190 255 0 0
-0.032651 0.007521 0.418586 255 0 0
-0.028103 -0.014685 0.409229 255 0 0
-0.032507 -0.015534 0.415625 255 0 0
-0.037254 -0.010147 0.408302 255 0 0
-0.037343 0.004101 0.410132 255 0 0
-0.023411 -0.011266 0.417683 255 0 0
-0.023500 0.002983 0.419513 255 0 0
-0.029662 -0.004615 0.421981 255 0 0
-0.038217 -0.003923 0.416183 255 0 0
-0.022537 -0.003241 0.411631 255 0 0
-0.031092 -0.002549 0.405833 255 0 0
-0.029546 0.004050 0.408152 255 0 0
-0.034892 0.001541 0.406942 255 0 0
-0.033220 0.007959 0.410678 255 0 0
-0.035808 0.007460 0.414438 255 0 0
-0.030462 0.009969 0.415648 255 0 0
-0.027671 0.006803 0.419953 255 0 0
-0.025083 0.007302 0.416193 255 0 0
-0.021726 0.000477 0.415865 255 0 0
-0.024517 0.003644 0.411560 255 0 0
-0.026189 -0.002774 0.407824 255 0 0
-0.039080 0.000734 0.413026 255 0 0
-0.036322 0.002743 0.417995 255 0 0
-0.034840 -0.006834 0.405867 255 0 0
-0.038514 -0.002925 0.408393 255 0 0
-0.024432 -0.009907 0.409819 255 0 0
-0.029461 -0.009501 0.406411 255 0 0
-0.022240 -0.004239 0.419422 255 0 0
-0.021674 -0.007898 0.414789 255 0 0
-0.031293 0.002337 0.421403 255 0 0
-0.025915 -0.000330 0.421948 255 0 0
-0.036237 -0.010808 0.416255 255 0 0
-0.039028 -0.007641 0.411950 255 0 0
-0.035671 -0.014466 0.411622 255 0 0
-0.033083 -0.013967 0.407862 255 0 0
-0.030292 -0.017133 0.412167 255 0 0
-0.024946 -0.014624 0.413377 255 0 0
-0.027534 -0.015123 0.417136 255 0 0
-0.025862 -0.008705 0.420872 255 0 0
-0.031209 -0.011214 0.419663 255 0 0
-0.034565 -0.004390 0.419991 255 0 0
-0.149668 0.006877 0.433928 255 0 0
-0.160165 0.009184 0.441628 255 0 0
-0.153633 -0.013514 0.434634 255 0 0
-0.164130 -0.011207 0.442334 255 0 0
-0.161321 -0.008000 0.433852 255 0 0
-0.158871 0.004602 0.433416 255 0 0
-0.154928 -0.008932 0.442846 255 0 0
-0.152477 0.003670 0.442411 255 0 0
-0.163416 -0.000587 0.447140 255 0 0
-0.167367 -0.000011 0.441581 255 0 0
-0.146431 -0.004320 0.434681 255 0 0
-0.150383 -0.003744 0.429122 255 0 0
-0.148819 0.002222 0.430365 255 0 0
-0.154228 0.000885 0.430064 255 0 0
-0.153808 0.007127 0.432889 255 0 0
-0.159978 0.008483 0.437415 255 0 0
-0.154569 0.009820 0.437717 255 0 0
-0.156220 0.007936 0.442702 255 0 0
-0.150050 0.006579 0.438176 255 0 0
-0.148147 -0.000002 0.438619 255 0 0
-0.146496 0.001883 0.433633 255 0 0
-0.146916 -0.004360 0.430808 255 0 0
-0.164211 0.003079 0.437387 255 0 0
-0.164972 0.005772 0.442215 255 0 0
-0.155668 -0.006523 0.430320 255 0 0
-0.160657 -0.001617 0.432844 255 0 0
-0.148827 -0.010103 0.434047 255 0 0
-0.151149 -0.009764 0.430780 255 0 0
-0.153141 -0.002713 0.443418 255 0 0
-0.149588 -0.007409 0.438875 255 0 0
-0.162649 0.005434 0.445482 255 0 0
-0.158131 0.002193 0.445942 255 0 0
-0.167302 -0.006214 0.442629 255 0 0
-0.165651 -0.004329 0.437643 255 0 0
-0.163749 -0.010910 0.438086 255 0 0
-0.157579 -0.012266 0.433560 255 0 0
-0.159230 -0.014151 0.438546 255 0 0
-0.153821 -0.012814 0.438847 255 0 0
-0.159991 -0.011458 0.443373 255 0 0
-0.159571 -0.005215 0.446198 255 0 0
-0.164980 -0.006552 0.445897 255 0 0
-0.166883 0.000029 0.445454 255 0 0
-0.040848 0.071399 0.410278 255 0 0
-0.045822 0.072827 0.417005 255 0 0
-0.042281 0.046345 0.414539 255 0 0
-0.047255 0.047773 0.421265 255 0 0
-0.050188 0.051467 0.412958 255 0 0
-0.049302 0.066951 0.410325 255 0 0
-0.038800 0.052221 0.421219 255 0 0
-0.037915 0.067705 0.418586 255 0 0
-0.044556 0.060974 0.423766 255 0 0
-0.051594 0.060509 0.418661 255 0 0
-0.036508 0.058663 0.412883 255 0 0
-0.043546 0.058198 0.407777 255 0 0
-0.041872 0.065713 0.407844 255 0 0
-0.046841 0.063099 0.407871 255 0 0
-0.045255 0.070858 0.409341 255 0 0
-0.048179 0.071698 0.413295 255 0 0
-0.043209 0.074312 0.413267 255 0 0
-0.041485 0.072141 0.418150 255 0 0
-0.038561 0.071301 0.414197 255 0 0
-0.036011 0.063816 0.415728 255 0 0
-0.037735 0.065987 0.410845 255 0 0
-0.039321 0.058228 0.409375 255 0 0
-0.051572 0.064457 0.414268 255 0 0
-0.049526 0.067911 0.418194 255 0 0
-0.047362 0.053998 0.409419 255 0 0
-0.050745 0.059143 0.410916 255 0 0
-0.038577 0.051261 0.413349 255 0 0
-0.042714 0.050987 0.410348 255 0 0
-0.037358 0.060029 0.420627 255 0 0
-0.036531 0.054714 0.417275 255 0 0
-0.045389 0.068185 0.421195 255 0 0
-0.040741 0.065174 0.422125 255 0 0
-0.050368 0.053185 0.420699 255 0 0
-0.052092 0.055356 0.415816 255 0 0
-0.049541 0.047870 0.417347 255 0 0
-0.046618 0.047031 0.413393 255 0 0
-0.044894 0.044860 0.418276 255 0 0
-0.039924 0.047474 0.418249 255 0 0
-0.042848 0.048313 0.422202 255 0 0
-0.041262 0.056073 0.423672 255 0 0
-0.046231 0.053459 0.423700 255 0 0
-0.048782 0.060944 0.422169 255 0 0
-0.011535 -0.052614 0.408234 255 0 0
-0.015548 -0.053668 0.414068 255 0 0
-0.011201 -0.074204 0.404563 255 0 0
-0.015215 -0.075258 0.410397 255 0 0
-0.021307 -0.069816 0.402797 255 0 0
-0.021513 -0.056473 0.405066 255 0 0
-0.005237 -0.071399 0.413566 255 0 0
-0.005443 -0.058055 0.415835 255 0 0
-0.011656 -0.065278 0.417363 255 0 0
-0.021588 -0.064299 0.410708 255 0 0
-0.005162 -0.063572 0.407924 255 0 0
-0.015094 -0.062594 0.401268 255 0 0
-0.013304 -0.056492 0.403950 255 0 0
-0.019169 -0.058760 0.402088 255 0 0
-0.017077 -0.052894 0.406182 255 0 0
-0.019436 -0.053514 0.409611 255 0 0
-0.013571 -0.051245 0.411474 255 0 0
-0.009990 -0.054444 0.415941 255 0 0
-0.007631 -0.053824 0.412512 255 0 0
-0.003885 -0.060266 0.412329 255 0 0
-0.007466 -0.057067 0.407862 255 0 0
-0.009558 -0.062933 0.403767 255 0 0
-0.022986 -0.059763 0.407636 255 0 0
-0.019480 -0.058114 0.412928 255 0 0
-0.019048 -0.066603 0.400754 255 0 0
-0.022820 -0.063005 0.402986 255 0 0
-0.007270 -0.069757 0.405704 255 0 0
-0.013108 -0.069182 0.401792 255 0 0
-0.003929 -0.064866 0.415645 255 0 0
-0.003764 -0.068109 0.410995 255 0 0
-0.013642 -0.058689 0.416840 255 0 0
-0.007702 -0.061268 0.417878 255 0 0
-0.019284 -0.070804 0.410770 255 0 0
-0.022864 -0.067606 0.406303 255 0 0
-0.019118 -0.074047 0.406120 255 0 0
-0.016760 -0.073427 0.402691 255 0 0
-0.013179 -0.076626 0.407158 255 0 0
-0.007314 -0.074358 0.409020 255 0 0
-0.009673 -0.074977 0.412449 255 0 0
-0.007581 -0.069111 0.416544 255 0 0
-0.013446 -0.071379 0.414682 255 0 0
-0.017192 -0.064938 0.414864 255 0 0
0.004039 0.072985 0.413764 255 0 0
-0.000153 0.074293 0.419786 255 0 0
0.002839 0.050414 0.417832 255 0 0
-0.001353 0.051722 0.423853 255 0 0
-0.006364 0.054869 0.415069 255 0 0
-0.005622 0.068818 0.412556 255 0 0
0.008308 0.055889 0.425062 255 0 0
0.009050 0.069839 0.422548 255 0 0
0.002486 0.063727 0.426768 255 0 0
-0.006582 0.063097 0.420592 255 0 0
0.009268 0.061611 0.417025 255 0 0
0.000201 0.060980 0.410849 255 0 0
0.002256 0.067796 0.411165 255 0 0
-0.003423 0.065346 0.410455 255 0 0
-0.001166 0.072403 0.412168 255 0 0
-0.003630 0.073171 0.415708 255 0 0
0.002048 0.075621 0.416418 255 0 0
0.004994 0.073771 0.421581 255 0 0
0.007458 0.073003 0.418042 255 0 0
0.010531 0.066317 0.419958 255 0 0
0.007586 0.068166 0.414795 255 0 0
0.005330 0.061110 0.413082 255 0 0
-0.007409 0.066590 0.416182 255 0 0
-0.004195 0.069808 0.420432 255 0 0
-0.003858 0.057147 0.411932 255 0 0
-0.007281 0.061754 0.412935 255 0 0
0.006881 0.054900 0.417186 255 0 0
0.001551 0.054529 0.413556 255 0 0
0.009967 0.062954 0.424682 255 0 0
0.010096 0.058118 0.421436 255 0 0
0.001135 0.070179 0.424062 255 0 0
0.006545 0.067561 0.425685 255 0 0
-0.004900 0.056541 0.422822 255 0 0
-0.007845 0.058391 0.417659 255 0 0
-0.004772 0.051705 0.419576 255 0 0
-0.002308 0.050936 0.416036 255 0 0
0.000638 0.049087 0.421199 255 0 0
0.006317 0.051536 0.421910 255 0 0
0.003852 0.052305 0.425449 255 0 0
0.006109 0.059361 0.427163 255 0 0
0.000430 0.056912 0.426452 255 0 0
-0.002644 0.063598 0.424536 255 0 0
0.035351 -0.059171 0.437650 255 0 0
0.030135 -0.060337 0.442024 255 0 0
0.036160 -0.079563 0.433181 255 0 0
0.030945 -0.080728 0.437555 255 0 0
0.026497 -0.074806 0.428378 255 0 0
0.025996 -0.062203 0.431140 255 0 0
0.040299 -0.077696 0.444066 255 0 0
0.039799 -0.065093 0.446828 255 0 0
0.033194 -0.071786 0.445989 255 0 0
0.024663 -0.069999 0.436294 255 0 0
0.041632 -0.069900 0.438912 255 0 0
0.033102 -0.068114 0.429216 255 0 0
0.034416 -0.062535 0.432701 255 0 0
0.028917 -0.064317 0.428875 255 0 0
0.030239 -0.059061 0.433832 255 0 0
0.027174 -0.059746 0.436403 255 0 0
0.032672 -0.057964 0.440229 255 0 0
0.035287 -0.061445 0.445624 255 0 0
0.038352 -0.060760 0.443053 255 0 0
0.042044 -0.067066 0.443794 255 0 0
0.039430 -0.063585 0.438400 255 0 0
0.038108 -0.068841 0.433443 255 0 0
0.023957 -0.065426 0.433035 255 0 0
0.026390 -0.064328 0.439432 255 0 0
0.029211 -0.071725 0.427251 255 0 0
0.025035 -0.068251 0.428382 255 0 0
0.039906 -0.075571 0.435773 255 0 0
0.034891 -0.074521 0.430075 255 0 0
0.041261 -0.071648 0.446824 255 0 0
0.042338 -0.074474 0.442171 255 0 0
0.031404 -0.065378 0.445131 255 0 0
0.037084 -0.068174 0.447954 255 0 0
0.026866 -0.076314 0.436806 255 0 0
0.024251 -0.072833 0.431411 255 0 0
0.027943 -0.079140 0.432153 255 0 0
0.031009 -0.078455 0.429582 255 0 0
0.033623 -0.081936 0.434976 255 0 0
0.039122 -0.080153 0.438803 255 0 0
0.036056 -0.080838 0.441374 255 0 0
0.037378 -0.075582 0.446331 255 0 0
0.031880 -0.077364 0.442504 255 0 0
0.028188 -0.071058 0.441763 255 0 0
0.052773 0.081020 0.441694 255 0 0
0.047680 0.082218 0.446152 255 0 0
0.051062 0.060298 0.445309 255 0 0
0.045969 0.061497 0.449767 255 0 0
0.041848 0.064075 0.439067 255 0 0
0.042906 0.076882 0.436834 255 0 0
0.055836 0.065635 0.454628 255 0 0
0.056894 0.078441 0.452394 255 0 0
0.049573 0.072709 0.454146 255 0 0
0.040929 0.071746 0.444529 255 0 0
0.057813 0.070771 0.446933 255 0 0
0.049169 0.069807 0.437316 255 0 0
0.051252 0.076143 0.438412 255 0 0
0.045452 0.073711 0.435555 255 0 0
0.047571 0.080301 0.438129 255 0 0
0.044577 0.081006 0.440749 255 0 0
0.050377 0.083438 0.443606 255 0 0
0.052799 0.081922 0.449895 255 0 0
0.055792 0.081218 0.447275 255 0 0
0.058755 0.075193 0.450354 255 0 0
0.056333 0.076709 0.444065 255 0 0
0.054214 0.070119 0.441491 255 0 0
0.040609 0.074850 0.439795 255 0 0
0.043415 0.077987 0.445272 255 0 0
0.044830 0.066183 0.436868 255 0 0
0.041149 0.070342 0.436584 255 0 0
0.055327 0.064530 0.446189 255 0 0
0.050246 0.063963 0.440537 255 0 0
0.057593 0.072175 0.454877 255 0 0
0.058133 0.067666 0.451667 255 0 0
0.048496 0.078553 0.450925 255 0 0
0.053912 0.076333 0.454593 255 0 0
0.042409 0.065807 0.447397 255 0 0
0.039987 0.067323 0.441108 255 0 0
0.042950 0.061299 0.444186 255 0 0
0.045943 0.060594 0.441566 255 0 0
0.048365 0.059079 0.447855 255 0 0
0.054165 0.061511 0.450712 255 0 0
0.051171 0.062215 0.453333 255 0 0
0.053290 0.068806 0.455906 255 0 0
0.047490 0.066373 0.453049 255 0 0
0.044528 0.072398 0.449970 255 0 0
-0.113111 -0.047767 0.417935 255 0 0
-0.120814 -0.049268 0.423394 255 0 0
-0.112207 -0.071823 0.412596 255 0 0
-0.119910 -0.073324 0.418055 255 0 0
-0.120047 -0.066988 0.411233 255 0 0
-0.120606 -0.052121 0.414533 255 0 0
-0.112415 -0.068970 0.421457 255 0 0
-0.112974 -0.054103 0.424757 255 0 0
-0.120384 -0.062372 0.425571 255 0 0
-0.125101 -0.061147 0.419252 255 0 0
-0.107921 -0.059944 0.416738 255 0 0
-0.112637 -0.058718 0.410420 255 0 0
-0.112236 -0.051961 0.413507 255 0 0
-0.116641 -0.054520 0.411507 255 0 0
-0.116920 -0.048082 0.415925 255 0 0
-0.121447 -0.048965 0.419134 255 0 0
-0.117042 -0.046406 0.421133 255 0 0
-0.116962 -0.050130 0.425143 255 0 0
-0.112434 -0.049248 0.421935 255 0 0
-0.109383 -0.056405 0.421231 255 0 0
-0.109464 -0.052681 0.417221 255 0 0
-0.109185 -0.059118 0.412804 255 0 0
-0.123967 -0.055947 0.416699 255 0 0
-0.124089 -0.054270 0.421907 255 0 0
-0.116313 -0.063258 0.409568 255 0 0
-0.120997 -0.059380 0.411986 255 0 0
-0.108932 -0.066820 0.414083 255 0 0
-0.111705 -0.066100 0.410369 255 0 0
-0.112025 -0.061711 0.424005 255 0 0
-0.109055 -0.065144 0.419292 255 0 0
-0.121317 -0.054991 0.425621 255 0 0
-0.116709 -0.057832 0.426423 255 0 0
-0.123558 -0.068410 0.418769 255 0 0
-0.123639 -0.064686 0.414759 255 0 0
-0.120587 -0.071843 0.414056 255 0 0
-0.116060 -0.070961 0.410847 255 0 0
-0.115979 -0.074685 0.414857 255 0 0
-0.111574 -0.072126 0.416857 255 0 0
-0.116102 -0.073008 0.420065 255 0 0
-0.116380 -0.066571 0.424483 255 0 0
-0.120785 -0.069130 0.422483 255 0 0
-0.123836 -0.061973 0.423187 255 0 0
3 614 615 617
3 617 615 616
3 618 620 621
3 618 621 646
3 646 621 647
3 600 652 601
3 601 652 653
3 655 656 654
3 654 656 657
3 659 660 658
3 676 631 677
3 688 660 690
3 692 685 691
3 691 685 684
3 662 705 657
3 766 767 765
3 765 767 768
3 797 798 796
3 830 831 676
3 677 830 676
3 858 860 861
3 889 890 888
3 916 917 861
3 861 917 858
3 922 923 921
3 921 923 924
3 925 926 924
3 924 926 921
3 928 929 927
3 927 929 692
3 631 654 677
3 677 654 938
3 1188 1189 797
3 797 1189 798
3 1191 1192 1190
3 927 1200 1202
3 1202 1200 1201
3 860 1203 861
3 861 1203 920
3 1212 768 767
3 1265 1266 1264
3 1264 1266 1267
3 1323 1324 630
3 630 1324 655
3 1326 1327 1325
3 1325 1327 1328
3 1333 1334 1332
3 1332 1334 1335
3 1336 1337 917
3 917 1337 858
3 1344 1345 918
3 918 1345 919
3 692 1348 927
3 927 1348 1200
3 652 929 653
3 1426 615 658
3 658 615 659
3 1420 671 1191
3 1191 671 688
3 1268 647 621
3 620 1269 621
3 621 1269 1268
3 937 808 816
3 630 655 631
3 631 655 654
3 1484 1485 1483
3 1483 1485 1486
3 1487 1489 1490
3 917 916 1335
3 1335 916 1332
3 646 1756 618
3 1758 1192 1757
3 1757 1192 690
3 1336 917 1767
3 1767 917 1335
3 1768 1769 1337
3 1337 1769 858
3 1333 2823 922
3 922 2823 923
3 2824 1267 1266
3 1491 1189 1265
3 1265 1189 1266
3 921 1328 922
3 922 1328 1327
3 1483 2830 1484
3 1484 2830 2831
3 1481 2832 1484
3 1484 2832 1485
3 1264 1490 1265
3 1265 1490 1489
3 2834 2835 2833
3 2833 2835 2836
3 1487 1490 2839
3 2839 1490 2840
3 2843 2844 1494
3 1494 2844 1495
3 1426 2846 2845
3 2845 2846 925
3 2828 1487 2847
3 2847 1487 2839
3 1328 921 2848
3 2848 921 926
3 1264 1267 2851
3 2851 1267 2841
3 1490 1264 2840
3 2840 1264 2851
3 691 1348 692
3 2847 2839 941
3 2848 926 1201
3 1201 926 1202
3 2851 2841 1269
3 2840 2851 620
3 620 2851 1269
3 941 1758 2883
3 658 928 1426
3 1426 928 2846
3 1188 2835 2824
3 2824 2835 1496
3 796 890 797
3 797 890 2836
3 2920 2921 856
3 856 2921 857
3 860 2925 1203
3 2928 2929 888
3 888 2929 2930
3 646 647 645
3 645 647 642
3 736 724 764
3 724 723 764
3 2906 723 2908
3 3017 766 3016
3 3016 766 765
3 3018 3019 1248
3 1248 3019 3020
3 767 766 2849
3 3042 1351 943
3 1348 3077 3079
3 3079 1200 1348
3 1780 3122 3097
3 889 3124 2833
3 2833 3124 1251
3 3124 3018 1251
3 1251 3018 1248
3 2929 2928 3122
3 1780 2929 3122
3 2824 1266 1188
3 1188 1266 1189
3 2826 2827 1249
3 1323 2829 1324
3 922 1327 1333
3 1333 1327 1334
3 1484 2831 1481
3 1481 2831 1482
3 1265 1489 1491
3 1332 1345 1333
3 1333 1345 2823
3 721 798 1491
3 1491 798 1189
3 1481 656 2832
3 630 633 1323
3 1248 3020 1249
3 797 2836 1188
3 1188 2836 2835
3 3154 3157 1797
3 1448 679 857
3 1344 664 3476
3 3476 664 1482
3 1802 1450 1801
3 3478 2831 3477
3 3477 2831 2830
3 3476 1482 3478
3 3478 1482 2831
3 1802 1801 3150
3 654 657 938
3 938 657 705
3 938 705 939
3 2828 1486 2829
3 2829 1486 1485
3 2829 1485 1324
3 1324 1485 2832
3 2924 2927 3154
3 3154 2927 3157
3 1324 2832 655
3 655 2832 656
3 2883 614 3480
3 3480 614 617
3 3477 2830 2845
3 2845 2830 616
3 2830 1483 616
3 616 1483 617
3 1483 1486 617
3 617 1486 3480
3 2847 3480 2828
3 2828 3480 1486
3 3124 889 2930
3 2930 889 888
3 1251 2834 2833
3 1212 891 2843
3 890 889 2836
3 2836 889 2833
3 2835 2834 1496
3 600 685 652
3 861 920 916
3 916 920 919
3 3477 924 3478
3 3478 924 923
3 2845 925 3477
3 3477 925 924
3 856 920 1203
3 916 919 1332
3 1332 919 1345
3 685 692 652
3 652 692 929
3 3478 923 3476
3 3476 923 2823
3 926 925 1202
3 1202 925 2846
3 928 927 2846
3 2846 927 1202
3 856 1203 2920
3 2920 1203 2925
3 2920 2925 3150
3 3476 2823 1344
3 1344 2823 1345
3 1757 690 659
3 659 690 660
3 601 653 670
3 688 690 1191
3 1191 690 1192
3 1757 659 614
3 614 659 615
3 1191 1190 1420
3 1420 1190 1425
3 614 2883 1757
3 1757 2883 1758
3 3480 2847 2883
3 2883 2847 941
3 2845 616 1426
3 1426 616 615
3 1336 1767 3500
3 3500 1767 3501
3 3019 3502 3020
3 3020 3502 3023
3 3019 3022 3502
3 1335 3504 1767
3 1767 3504 3501
3 765 3173 3016
3 1336 3500 1337
3 1337 3500 1768
3 1334 1327 3509
3 3509 1327 1326
3 1335 1334 3504
3 3504 1334 3509
3 2848 3511 1328
3 1328 3511 1325
3 1201 1330 2848
3 2848 1330 3511
3 4102 4103 4105
3 4105 4103 4104
3 4107 4108 4106
3 4106 4108 4109
3 4135 4107 4134
3 4134 4107 4106
3 4167 4151 4166
3 4166 4151 4150
3 4173 4174 4172
3 4172 4174 4175
3 4150 4193 4166
3 4211 4212 4210
3 4210 4212 4213
3 4237 4239 4240
3 4254 4255 4253
3 4210 4282 4211
3 4211 4282 4283
3 4345 4346 4344
3 4344 4346 4347
3 4344 4402 4345
3 4345 4402 4403
3 4404 4405 4341
3 4341 4405 4406
3 4408 4409 4407
3 4407 4409 4410
3 4407 4411 4408
3 4408 4411 4412
3 4173 4429 4174
3 4287 4674 4675
3 4413 4686 4688
3 4688 4686 4687
3 4694 4695 4254
3 4254 4695 4255
3 4732 4733 4731
3 4731 4733 4734
3 4211 4283 4751
3 4751 4283 4752
3 4805 4806 1325
3 1325 4806 1326
3 4812 4402 4813
3 4813 4402 4344
3 4405 4820 4406
3 4406 4820 4821
3 4180 4413 4824
3 4824 4413 4688
3 4149 4105 4146
3 4146 4105 4899
3 4107 4135 4751
3 4751 4752 4107
3 4107 4752 4108
3 4142 4145 4121
3 4121 4145 4118
3 4153 4953 4954
3 4956 4957 4955
3 4955 4957 4958
3 4119 4963 4209
3 4209 4963 4964
3 4966 4967 4965
3 4965 4967 4968
3 4809 4403 4402
3 4680 4426 4677
3 4809 4402 5234
3 5234 4402 4812
3 4344 1769 4813
3 4813 1769 1768
3 4350 5267 4351
3 4351 5267 5268
3 4409 6284 4410
3 4410 6284 4811
3 6288 4694 6287
3 6287 4694 4254
3 6289 6290 4962
3 4806 4805 4410
3 4410 4805 4407
3 6291 6292 4958
3 4958 6292 4955
3 4957 6293 4958
3 4958 6293 4954
3 4961 4963 4962
3 4962 4963 4804
3 6295 6296 6294
3 6294 6296 6297
3 6303 6286 6302
3 4967 6304 4968
3 4968 6304 6305
3 4412 6307 6306
3 6306 6307 4899
3 4411 4407 6309
3 6309 4407 4805
3 4695 6310 4255
3 4255 6310 6311
3 6312 4747 6301
3 5230 4683 6328
3 4108 6301 4109
3 4282 6303 4283
3 4283 6303 6302
3 6304 4378 6305
3 6305 4378 4377
3 6309 4687 4411
3 4411 4687 4686
3 4283 6302 4752
3 4752 6302 6312
3 4752 6312 4108
3 4108 6312 6301
3 4146 4899 4415
3 4415 4899 6307
3 6311 6310 4240
3 4213 6367 4210
3 4210 4378 4282
3 4378 6304 4282
3 4282 6304 6303
3 6304 4967 6303
3 6303 4967 6286
3 4967 4966 6286
3 6286 4966 6285
3 4966 6296 6285
3 6285 6296 4675
3 6295 4375 4287
3 4287 4375 4284
3 4375 4372 4284
3 5245 6372 6373
3 4316 6374 4317
3 4317 6374 6375
3 4316 6377 6374
3 4130 4135 4131
3 4131 4135 4134
3 6472 6473 4731
3 4731 6473 6474
3 6473 6373 6474
3 6474 6373 6372
3 5245 6373 3021
3 3021 6373 3022
3 3077 4824 3079
3 4824 4688 3079
3 6387 6545 6372
3 6372 6545 6474
3 4732 6545 6294
3 6294 6545 4376
3 4731 6474 4732
3 4732 6474 6545
3 6371 6389 6544
3 6544 6389 6388
3 6374 5253 6375
3 6376 6524 6377
3 4674 4749 4675
3 4675 4749 6285
3 4733 6288 4734
3 4734 6288 6287
3 4804 6289 4962
3 4810 4806 4811
3 4811 4806 4410
3 4953 6291 4954
3 4954 6291 4958
3 4963 4961 4964
3 6284 4820 4811
3 4963 4119 4804
3 4804 4119 4118
3 6297 4965 4733
3 4733 4965 6288
3 4734 6472 4731
3 6296 6295 4675
3 4675 6295 4287
3 4821 4151 4406
3 4151 4167 4406
3 4406 4167 4341
3 4922 4167 4166
3 6292 6291 6875
3 6875 6291 6876
3 6291 4953 6876
3 6876 4953 6874
3 4425 4193 4424
3 4957 4956 6289
3 6289 4956 6290
3 4103 4102 6878
3 6878 4102 6342
3 4104 6292 6306
3 6306 6292 6875
3 4103 4955 4104
3 4104 4955 6292
3 4955 4103 4956
3 4956 4103 6878
3 4956 6878 6290
3 6290 6878 6308
3 6387 4376 6545
3 4377 4380 6310
3 4965 4968 6288
3 6288 4968 4694
3 6294 6297 4732
3 4732 6297 4733
3 4968 6305 4694
3 4694 6305 4695
3 6305 4377 4695
3 4695 4377 6310
3 6543 6371 6544
3 6294 4376 6295
3 6295 4376 4375
3 4965 6297 4966
3 4966 6297 6296
3 4174 4088 4175
3 4175 4088 4141
3 4405 4404 4403
3 4403 4404 4345
3 4409 4408 6876
3 6876 4408 6875
3 4408 4412 6875
3 6875 4412 6306
3 4415 4147 4146
3 4343 4404 4341
3 4175 4141 4180
3 6284 4409 6874
3 6874 4409 6876
3 6307 4412 4686
3 4686 4412 4411
3 4415 6307 4413
3 4413 6307 4686
3 4820 6284 4821
3 4821 6284 6874
3 4893 4894 4897
3 4897 4894 4898
3 4105 4149 4102
3 4102 4149 5224
3 4679 4893 4676
3 4676 4893 4897
3 5225 4677 4426
3 5225 6342 5224
3 5224 6342 4102
3 6878 6342 6308
3 4105 4104 4899
3 4899 4104 6306
3 3501 5234 3500
3 3500 5234 4812
3 3023 3502 6472
3 6472 3502 6473
3 3502 3022 6473
3 6473 3022 6373
3 4347 1769 4344
3 3501 3504 5234
3 5234 3504 4809
3 3173 4253 3016
3 1768 3500 4813
3 4813 3500 4812
3 3021 1784 5245
3 1326 4806 3509
3 3509 4806 4810
3 3509 4810 3504
3 3504 4810 4809
3 1325 3511 4805
3 4805 3511 6309
3 3511 1330 6309
3 6309 1330 4687
3 6890 6902 6904
3 6901 6903 6902
3 6895 6904 6903
3 6902 6903 6904
3 6890 6904 6906
3 6895 6905 6904
3 6891 6906 6905
3 6904 6905 6906
3 6890 6906 6908
3 6891 6907 6906
3 6897 6908 6907
3 6906 6907 6908
3 6890 6908 6910
3 6897 6909 6908
3 6900 6910 6909
3 6908 6909 6910
3 6890 6910 6902
3 6900 6911 6910
3 6901 6902 6911
3 6910 6911 6902
3 6891 6905 6913
3 6895 6912 6905
3 6899 6913 6912
3 6905 6912 6913
3 6895 6903 6915
3 6901 6914 6903
3 6894 6915 6914
3 6903 6914 6915
3 6901 6911 6917
3 6900 6916 6911
3 6892 6917 6916
3 6911 6916 6917
3 6900 6909 6919
3 6897 6918 6909
3 6896 6919 6918
3 6909 6918 6919
3 6897 6907 6921
3 6891 6920 6907
3 6898 6921 6920
3 6907 6920 6921
3 6893 6922 6924
3 6899 6923 6922
3 6894 6924 6923
3 6922 6923 6924
3 6893 6924 6926
3 6894 6925 6924
3 6892 6926 6925
3 6924 6925 6926
3 6893 6926 6928
3 6892 6927 6926
3 6896 6928 6927
3 6926 6927 6928
3 6893 6928 6930
3 6896 6929 6928
3 6898 6930 6929
3 6928 6929 6930
3 6893 6930 6922
3 6898 6931 6930
3 6899 6922 6931
3 6930 6931 6922
3 6894 6923 6915
3 6899 6912 6923
3 6895 6915 6912
3 6923 6912 6915
3 6892 6925 6917
3 6894 6914 6925
3 6901 6917 6914
3 6925 6914 6917
3 6896 6927 6919
3 6892 6916 6927
3 6900 6919 6916
3 6927 6916 6919
3 6898 6929 6921
3 6896 6918 6929
3 6897 6921 6918
3 6929 6918 6921
3 6899 6931 6913
3 6898 6920 6931
3 6891 6913 6920
3 6931 6920 6913
3 6932 6944 6946
3 6943 6945 6944
3 6937 6946 6945
3 6944 6945 6946
3 6932 6946 6948
3 6937 6947 6946
3 6933 6948 6947
3 6946 6947 6948
3 6932 6948 6950
3 6933 6949 6948
3 6939 6950 6949
3 6948 6949 6950
3 6932 6950 6952
3 6939 6951 6950
3 6942 6952 6951
3 6950 6951 6952
3 6932 6952 6944
3 6942 6953 6952
3 6943 6944 6953
3 6952 6953 6944
3 6933 6947 6955
3 6937 6954 6947
3 6941 6955 6954
3 6947 6954 6955
3 6937 6945 6957
3 6943 6956 6945
3 6936 6957 6956
3 6945 6956 6957
3 6943 6953 6959
3 6942 6958 6953
3 6934 6959 6958
3 6953 6958 6959
3 6942 6951 6961
3 6939 6960 6951
3 6938 6961 6960
3 6951 6960 6961
3 6939 6949 6963
3 6933 6962 6949
3 6940 6963 6962
3 6949 6962 6963
3 6935 6964 6966
3 6941 6965 6964
3 6936 6966 6965
3 6964 6965 6966
3 6935 6966 6968
3 6936 6967 6966
3 6934 6968 6967
3 6966 6967 6968
3 6935 6968 6970
3 6934 6969 6968
3 6938 6970 6969
3 6968 6969 6970
3 6935 6970 6972
3 6938 6971 6970
3 6940 6972 6971
3 6970 6971 6972
3 6935 6972 6964
3 6940 6973 6972
3 6941 6964 6973
3 6972 6973 6964
3 6936 6965 6957
3 6941 6954 6965
3 6937 6957 6954
3 6965 6954 6957
3 6934 6967 6959
3 6936 6956 6967
3 6943 6959 6956
3 6967 6956 6959
3 6938 6969 6961
3 6934 6958 6969
3 6942 6961 6958
3 6969 6958 6961
3 6940 6971 6963
3 6938 6960 6971
3 6939 6963 6960
3 6971 6960 6963
3 6941 6973 6955
3 6940 6962 6973
3 6933 6955 6962
3 6973 6962 6955
3 6974 6986 6988
3 6985 6987 6986
3 6979 6988 6987
3 6986 6987 6988
3 6974 6988 6990
3 6979 6989 6988
3 6975 6990 6989
3 6988 6989 6990
3 6974 6990 6992
3 6975 6991 6990
3 6981 6992 6991
3 6990 6991 6992
3 6974 6992 6994
3 6981 6993 6992
3 6984 6994 6993
3 6992 6993 6994
3 6974 6994 6986
3 6984 6995 6994
3 6985 6986 6995
3 6994 6995 6986
3 6975 6989 6997
3 6979 6996 6989
3 6983 6997 6996
3 6989 6996 6997
3 6979 6987 6999
3 6985 6998 6987
3 6978 6999 6998
3 6987 6998 6999
3 6985 6995 7001
3 6984 7000 6995
3 6976 7001 7000
3 6995 7000 7001
3 6984 6993 7003
3 6981 7002 6993
3 6980 7003 7002
3 6993 7002 7003
3 6981 6991 7005
3 6975 7004 6991
3 6982 7005 7004
3 6991 7004 7005
3 6977 7006 7008
3 6983 7007 7006
3 6978 7008 7007
3 7006 7007 7008
3 6977 7008 7010
3 6978 7009 7008
3 6976 7010 7009
3 7008 7009 7010
3 6977 7010 7012
3 6976 7011 7010
3 6980 7012 7011
3 7010 7011 7012
3 6977 7012 7014
3 6980 7013 7012
3 6982 7014 7013
3 7012 7013 7014
3 6977 7014 7006
3 6982 7015 7014
3 6983 7006 7015
3 7014 7015 7006
3 6978 7007 6999
3 6983 6996 7007
3 6979 6999 6996
3 7007 6996 6999
3 6976 7009 7001
3 6978 6998 7009
3 6985 7001 6998
3 7009 6998 7001
3 6980 7011 7003
3 6976 7000 7011
3 6984 7003 7000
3 7011 7000 7003
3 6982 7013 7005
3 6980 7002 7013
3 6981 7005 7002
3 7013 7002 7005
3 6983 7015 6997
3 6982 7004 7015
3 6975 6997 7004
3 7015 7004 6997
3 7016 7028 7030
3 7027 7029 7028
3 7021 7030 7029
3 7028 7029 7030
3 7016 7030 7032
3 7021 7031 7030
3 7017 7032 7031
3 7030 7031 7032
3 7016 7032 7034
3 7017 7033 7032
3 7023 7034 7033
3 7032 7033 7034
3 7016 7034 7036
3 7023 7035 7034
3 7026 7036 7035
3 7034 7035 7036
3 7016 7036 7028
3 7026 7037 7036
3 7027 7028 7037
3 7036 7037 7028
3 7017 7031 7039
3 7021 7038 7031
3 7025 7039 7038
3 7031 7038 7039
3 7021 7029 7041
3 7027 7040 7029
3 7020 7041 7040
3 7029 7040 7041
3 7027 7037 7043
3 7026 7042 7037
3 7018 7043 7042
3 7037 7042 7043
3 7026 7035 7045
3 7023 7044 7035
3 7022 7045 7044
3 7035 7044 7045
3 7023 7033 7047
3 7017 7046 7033
3 7024 7047 7046
3 7033 7046 7047
3 7019 7048 7050
3 7025 7049 7048
3 7020 7050 7049
3 7048 7049 7050
3 7019 7050 7052
3 7020 7051 7050
3 7018 7052 7051
3 7050 7051 7052
3 7019 7052 7054
3 7018 7053 7052
3 7022 7054 7053
3 7052 7053 7054
3 7019 7054 7056
3 7022 7055 7054
3 7024 7056 7055
3 7054 7055 7056
3 7019 7056 7048
3 7024 7057 7056
3 7025 7048 7057
3 7056 7057 7048
3 7020 7049 7041
3 7025 7038 7049
3 7021 7041 7038
3 7049 7038 7041
3 7018 7051 7043
3 7020 7040 7051
3 7027 7043 7040
3 7051 7040 7043
3 7022 7053 7045
3 7018 7042 7053
3 7026 7045 7042
3 7053 7042 7045
3 7024 7055 7047
3 7022 7044 7055
3 7023 7047 7044
3 7055 7044 7047
3 7025 7057 7039
3 7024 7046 7057
3 7017 7039 7046
3 7057 7046 7039
3 7058 7070 7072
3 7069 7071 7070
3 7063 7072 7071
3 7070 7071 7072
3 7058 7072 7074
3 7063 7073 7072
3 7059 7074 7073
3 7072 7073 7074
3 7058 7074 7076
3 7059 7075 7074
3 7065 7076 7075
3 7074 7075 7076
3 7058 7076 7078
3 7065 7077 7076
3 7068 7078 7077
3 7076 7077 7078
3 7058 7078 7070
3 7068 7079 7078
3 7069 7070 7079
3 7078 7079 7070
3 7059 7073 7081
3 7063 7080 7073
3 7067 7081 7080
3 7073 7080 7081
3 7063 7071 7083
3 7069 7082 7071
3 7062 7083 7082
3 7071 7082 7083
3 7069 7079 7085
3 7068 7084 7079
3 7060 7085 7084
3 7079 7084 7085
3 7068 7077 7087
3 7065 7086 7077
3 7064 7087 7086
3 7077 7086 7087
3 7065 7075 7089
3 7059 7088 7075
3 7066 7089 7088
3 7075 7088 7089
3 7061 7090 7092
3 7067 7091 7090
3 7062 7092 7091
3 7090 7091 7092
3 7061 7092 7094
3 7062 7093 7092
3 7060 7094 7093
3 7092 7093 7094
3 7061 7094 7096
3 7060 7095 7094
3 7064 7096 7095
3 7094 7095 7096
3 7061 7096 7098
3 7064 7097 7096
3 7066 7098 7097
3 7096 7097 7098
3 7061 7098 7090
3 7066 7099 7098
3 7067 7090 7099
3 7098 7099 7090
3 7062 7091 7083
3 7067 7080 7091
3 7063 7083 7080
3 7091 7080 7083
3 7060 7093 7085
3 7062 7082 7093
3 7069 7085 7082
3 7093 7082 7085
3 7064 7095 7087
3 7060 7084 7095
3 7068 7087 7084
3 7095 7084 7087
3 7066 7097 7089
3 7064 7086 7097
3 7065 7089 7086
3 7097 7086 7089
3 7067 7099 7081
3 7066 7088 7099
3 7059 7081 7088
3 7099 7088 7081
3 7100 7112 7114
3 7111 7113 7112
3 7105 7114 7113
3 7112 7113 7114
3 7100 7114 7116
3 7105 7115 7114
3 7101 7116 7115
3 7114 7115 7116
3 7100 7116 7118
3 7101 7117 7116
3 7107 7118 7117
3 7116 7117 7118
3 7100 7118 7120
3 7107 7119 7118
3 7110 7120 7119
3 7118 7119 7120
3 7100 7120 7112
3 7110 7121 7120
3 7111 7112 7121
3 7120 7121 7112
3 7101 7115 7123
3 7105 7122 7115
3 7109 7123 7122
3 7115 7122 7123
3 7105 7113 7125
3 7111 7124 7113
3 7104 7125 7124
3 7113 7124 7125
3 7111 7121 7127
3 7110 7126 7121
3 7102 7127 7126
3 7121 7126 7127
3 7110 7119 7129
3 7107 7128 7119
3 7106 7129 7128
3 7119 7128 7129
3 7107 7117 7131
3 7101 7130 7117
3 7108 7131 7130
3 7117 7130 7131
3 7103 7132 7134
3 7109 7133 7132
3 7104 7134 7133
3 7132 7133 7134
3 7103 7134 7136
3 7104 7135 7134
3 7102 7136 7135
3 7134 7135 7136
3 7103 7136 7138
3 7102 7137 7136
3 7106 7138 7137
3 7136 7137 7138
3 7103 7138 7140
3 7106 7139 7138
3 7108 7140 7139
3 7138 7139 7140
3 7103 7140 7132
3 7108 7141 7140
3 7109 7132 7141
3 7140 7141 7132
3 7104 7133 7125
3 7109 7122 7133
3 7105 7125 7122
3 7133 7122 7125
3 7102 7135 7127
3 7104 7124 7135
3 7111 7127 7124
3 7135 7124 7127
3 7106 7137 7129
3 7102 7126 7137
3 7110 7129 7126
3 7137 7126 7129
3 7108 7139 7131
3 7106 7128 7139
3 7107 7131 7128
3 7139 7128 7131
3 7109 7141 7123
3 7108 7130 7141
3 7101 7123 7130
3 7141 7130 7123
3 7142 7154 7156
3 7153 7155 7154
3 7147 7156 7155
3 7154 7155 7156
3 7142 7156 7158
3 7147 7157 7156
3 7143 7158 7157
3 7156 7157 7158
3 7142 7158 7160
3 7143 7159 7158
3 7149 7160 7159
3 7158 7159 7160
3 7142 7160 7162
3 7149 7161 7160
3 7152 7162 7161
3 7160 7161 7162
3 7142 7162 7154
3 7152 7163 7162
3 7153 7154 7163
3 7162 7163 7154
3 7143 7157 7165
3 7147 7164 7157
3 7151 7165 7164
3 7157 7164 7165
3 7147 7155 7167
3 7153 7166 7155
3 7146 7167 7166
3 7155 7166 7167
3 7153 7163 7169
3 7152 7168 7163
3 7144 7169 7168
3 7163 7168 7169
3 7152 7161 7171
3 7149 7170 7161
3 7148 7171 7170
3 7161 7170 7171
3 7149 7159 7173
3 7143 7172 7159
3 7150 7173 7172
3 7159 7172 7173
3 7145 7174 7176
3 7151 7175 7174
3 7146 7176 7175
3 7174 7175 7176
3 7145 7176 7178
3 7146 7177 7176
3 7144 7178 7177
3 7176 7177 7178
3 7145 7178 7180
3 7144 7179 7178
3 7148 7180 7179
3 7178 7179 7180
3 7145 7180 7182
3 7148 7181 7180
3 7150 7182 7181
3 7180 7181 7182
3 7145 7182 7174
3 7150 7183 7182
3 7151 7174 7183
3 7182 7183 7174
3 7146 7175 7167
3 7151 7164 7175
3 7147 7167 7164
3 7175 7164 7167
3 7144 7177 7169
3 7146 7166 7177
3 7153 7169 7166
3 7177 7166 7169
3 7148 7179 7171
3 7144 7168 7179
3 7152 7171 7168
3 7179 7168 7171
3 7150 7181 7173
3 7148 7170 7181
3 7149 7173 7170
3 7181 7170 7173
3 7151 7183 7165
3 7150 7172 7183
3 7143 7165 7172
3 7183 7172 7165
3 7184 7196 7198
3 7195 7197 7196
3 7189 7198 7197
3 7196 7197 7198
3 7184 7198 7200
3 7189 7199 7198
3 7185 7200 7199
3 7198 7199 7200
3 7184 7200 7202
3 7185 7201 7200
3 7191 7202 7201
3 7200 7201 7202
3 7184 7202 7204
3 7191 7203 7202
3 7194 7204 7203
3 7202 7203 7204
3 7184 7204 7196
3 7194 7205 7204
3 7195 7196 7205
3 7204 7205 7196
3 7185 7199 7207
3 7189 7206 7199
3 7193 7207 7206
3 7199 7206 7207
3 7189 7197 7209
3 7195 7208 7197
3 7188 7209 7208
3 7197 7208 7209
3 7195 7205 7211
3 7194 7210 7205
3 7186 7211 7210
3 7205 7210 7211
3 7194 7203 7213
3 7191 7212 7203
3 7190 7213 7212
3 7203 7212 7213
3 7191 7201 7215
3 7185 7214 7201
3 7192 7215 7214
3 7201 7214 7215
3 7187 7216 7218
3 7193 7217 7216
3 7188 7218 7217
3 7216 7217 7218
3 7187 7218 7220
3 7188 7219 7218
3 7186 7220 7219
3 7218 7219 7220
3 7187 7220 7222
3 7186 7221 7220
3 7190 7222 7221
3 7220 7221 7222
3 7187 7222 7224
3 7190 7223 7222
3 7192 7224 7223
3 7222 7223 7224
3 7187 7224 7216
3 7192 7225 7224
3 7193 7216 7225
3 7224 7225 7216
3 7188 7217 7209
3 7193 7206 7217
3 7189 7209 7206
3 7217 7206 7209
3 7186 7219 7211
3 7188 7208 7219
3 7195 7211 7208
3 7219 7208 7211
3 7190 7221 7213
3 7186 7210 7221
3 7194 7213 7210
3 7221 7210 7213
3 7192 7223 7215
3 7190 7212 7223
3 7191 7215 7212
3 7223 7212 7215
3 7193 7225 7207
3 7192 7214 7225
3 7185 7207 7214
3 7225 7214 7207
3 7226 7238 7240
3 7237 7239 7238
3 7231 7240 7239
3 7238 7239 7240
3 7226 7240 7242
3 7231 7241 7240
3 7227 7242 7241
3 7240 7241 7242
3 7226 7242 7244
3 7227 7243 7242
3 7233 7244 7243
3 7242 7243 7244
3 7226 7244 7246
3 7233 7245 7244
3 7236 7246 7245
3 7244 7245 7246
3 7226 7246 7238
3 7236 7247 7246
3 7237 7238 7247
3 7246 7247 7238
3 7227 7241 7249
3 7231 7248 7241
3 7235 7249 7248
3 7241 7248 7249
3 7231 7239 7251
3 7237 7250 7239
3 7230 7251 7250
3 7239 7250 7251
3 7237 7247 7253
3 7236 7252 7247
3 7228 7253 7252
3 7247 7252 7253
3 7236 7245 7255
3 7233 7254 7245
3 7232 7255 7254
3 7245 7254 7255
3 7233 7243 7257
3 7227 7256 7243
3 7234 7257 7256
3 7243 7256 7257
3 7229 7258 7260
3 7235 7259 7258
3 7230 7260 7259
3 7258 7259 7260
3 7229 7260 7262
3 7230 7261 7260
3 7228 7262 7261
3 7260 7261 7262
3 7229 7262 7264
3 7228 7263 7262
3 7232 7264 7263
3 7262 7263 7264
3 7229 7264 7266
3 7232 7265 7264
3 7234 7266 7265
3 7264 7265 7266
3 7229 7266 7258
3 7234 7267 7266
3 7235 7258 7267
3 7266 7267 7258
3 7230 7259 7251
3 7235 7248 7259
3 7231 7251 7248
3 7259 7248 7251
3 7228 7261 7253
3 7230 7250 7261
3 7237 7253 7250
3 7261 7250 7253
3 7232 7263 7255
3 7228 7252 7263
3 7236 7255 7252
3 7263 7252 7255
3 7234 7265 7257
3 7232 7254 7265
3 7233 7257 7254
3 7265 7254 7257
3 7235 7267 7249
3 7234 7256 7267
3 7227 7249 7256
3 7267 7256 7249
3 7268 7280 7282
3 7279 7281 7280
3 7273 7282 7281
3 7280 7281 7282
3 7268 7282 7284
3 7273 7283 7282
3 7269 7284 7283
3 7282 7283 7284
3 7268 7284 7286
3 7269 7285 7284
3 7275 7286 7285
3 7284 7285 7286
3 7268 7286 7288
3 7275 7287 7286
3 7278 7288 7287
3 7286 7287 7288
3 7268 7288 7280
3 7278 7289 7288
3 7279 7280 7289
3 7288 7289 7280
3 7269 7283 7291
3 7273 7290 7283
3 7277 7291 7290
3 7283 7290 7291
3 7273 7281 7293
3 7279 7292 7281
3 7272 7293 7292
3 7281 7292 7293
3 7279 7289 7295
3 7278 7294 7289
3 7270 7295 7294
3 7289 7294 7295
3 7278 7287 7297
3 7275 7296 7287
3 7274 7297 7296
3 7287 7296 7297
3 7275 7285 7299
3 7269 7298 7285
3 7276 7299 7298
3 7285 7298 7299
3 7271 7300 7302
3 7277 7301 7300
3 7272 7302 7301
3 7300 7301 7302
3 7271 7302 7304
3 7272 7303 7302
3 7270 7304 7303
3 7302 7303 7304
3 7271 7304 7306
3 7270 7305 7304
3 7274 7306 7305
3 7304 7305 7306
3 7271 7306 7308
3 7274 7307 7306
3 7276 7308 7307
3 7306 7307 7308
3 7271 7308 7300
3 7276 7309 7308
3 7277 7300 7309
3 7308 7309 7300
3 7272 7301 7293
3 7277 7290 7301
3 7273 7293 7290
3 7301 7290 7293
3 7270 7303 7295
3 7272 7292 7303
3 7279 7295 7292
3 7303 7292 7295
3 7274 7305 7297
3 7270 7294 7305
3 7278 7297 7294
3 7305 7294 7297
3 7276 7307 7299
3 7274 7296 7307
3 7275 7299 7296
3 7307 7296 7299
3 7277 7309 7291
3 7276 7298 7309
3 7269 7291 7298
3 7309 7298 7291
3 7310 7322 7324
3 7321 7323 7322
3 7315 7324 7323
3 7322 7323 7324
3 7310 7324 7326
3 7315 7325 7324
3 7311 7326 7325
3 7324 7325 7326
3 7310 7326 7328
3 7311 7327 7326
3 7317 7328 7327
3 7326 7327 7328
3 7310 7328 7330
3 7317 7329 7328
3 7320 7330 7329
3 7328 7329 7330
3 7310 7330 7322
3 7320 7331 7330
3 7321 7322 7331
3 7330 7331 7322
3 7311 7325 7333
3 7315 7332 7325
3 7319 7333 7332
3 7325 7332 7333
3 7315 7323 7335
3 7321 7334 7323
3 7314 7335 7334
3 7323 7334 7335
3 7321 7331 7337
3 7320 7336 7331
3 7312 7337 7336
3 7331 7336 7337
3 7320 7329 7339
3 7317 7338 7329
3 7316 7339 7338
3 7329 7338 7339
3 7317 7327 7341
3 7311 7340 7327
3 7318 7341 7340
3 7327 7340 7341
3 7313 7342 7344
3 7319 7343 7342
3 7314 7344 7343
3 7342 7343 7344
3 7313 7344 7346
3 7314 7345 7344
3 7312 7346 7345
3 7344 7345 7346
3 7313 7346 7348
3 7312 7347 7346
3 7316 7348 7347
3 7346 7347 7348
3 7313 7348 7350
3 7316 7349 7348
3 7318 7350 7349
3 7348 7349 7350
3 7313 7350 7342
3 7318 7351 7350
3 7319 7342 7351
3 7350 7351 7342
3 7314 7343 7335
3 7319 7332 7343
3 7315 7335 7332
3 7343 7332 7335
3 7312 7345 7337
3 7314 7334 7345
3 7321 7337 7334
3 7345 7334 7337
3 7316 7347 7339
3 7312 7336 7347
3 7320 7339 7336
3 7347 7336 7339
3 7318 7349 7341
3 7316 7338 7349
3 7317 7341 7338
3 7349 7338 7341
3 7319 7351 7333
3 7318 7340 7351
3 7311 7333 7340
3 7351 7340 7333
3 7352 7364 7366
3 7363 7365 7364
3 7357 7366 7365
3 7364 7365 7366
3 7352 7366 7368
3 7357 7367 7366
3 7353 7368 7367
3 7366 7367 7368
3 7352 7368 7370
3 7353 7369 7368
3 7359 7370 7369
3 7368 7369 7370
3 7352 7370 7372
3 7359 7371 7370
3 7362 7372 7371
3 7370 7371 7372
3 7352 7372 7364
3 7362 7373 7372
3 7363 7364 7373
3 7372 7373 7364
3 7353 7367 7375
3 7357 7374 7367
3 7361 7375 7374
3 7367 7374 7375
3 7357 7365 7377
3 7363 7376 7365
3 7356 7377 7376
3 7365 7376 7377
3 7363 7373 7379
3 7362 7378 7373
3 7354 7379 7378
3 7373 7378 7379
3 7362 7371 7381
3 7359 7380 7371
3 7358 7381 7380
3 7371 7380 7381
3 7359 7369 7383
3 7353 7382 7369
3 7360 7383 7382
3 7369 7382 7383
3 7355 7384 7386
3 7361 7385 7384
3 7356 7386 7385
3 7384 7385 7386
3 7355 7386 7388
3 7356 7387 7386
3 7354 7388 7387
3 7386 7387 7388
3 7355 7388 7390
3 7354 7389 7388
3 7358 7390 7389
3 7388 7389 7390
3 7355 7390 7392
3 7358 7391 7390
3 7360 7392 7391
3 7390 7391 7392
3 7355 7392 7384
3 7360 7393 7392
3 7361 7384 7393
3 7392 7393 7384
3 7356 7385 7377
3 7361 7374 7385
3 7357 7377 7374
3 7385 7374 7377
3 7354 7387 7379
3 7356 7376 7387
3 7363 7379 7376
3 7387 7376 7379
3 7358 7389 7381
3 7354 7378 7389
3 7362 7381 7378
3 7389 7378 7381
3 7360 7391 7383
3 7358 7380 7391
3 7359 7383 7380
3 7391 7380 7383
3 7361 7393 7375
3 7360 7382 7393
3 7353 7375 7382
3 7393 7382 7375
3 7394 7406 7408
3 7405 7407 7406
3 7399 7408 7407
3 7406 7407 7408
3 7394 7408 7410
3 7399 7409 7408
3 7395 7410 7409
3 7408 7409 7410
3 7394 7410 7412
3 7395 7411 7410
3 7401 7412 7411
3 7410 7411 7412
3 7394 7412 7414
3 7401 7413 7412
3 7404 7414 7413
3 7412 7413 7414
3 7394 7414 7406
3 7404 7415 7414
3 7405 7406 7415
3 7414 7415 7406
3 7395 7409 7417
3 7399 7416 7409
3 7403 7417 7416
3 7409 7416 7417
3 7399 7407 7419
3 7405 7418 7407
3 7398 7419 7418
3 7407 7418 7419
3 7405 7415 7421
3 7404 7420 7415
3 7396 7421 7420
3 7415 7420 7421
3 7404 7413 7423
3 7401 7422 7413
3 7400 7423 7422
3 7413 7422 7423
3 7401 7411 7425
3 7395 7424 7411
3 7402 7425 7424
3 7411 7424 7425
3 7397 7426 7428
3 7403 7427 7426
3 7398 7428 7427
3 7426 7427 7428
3 7397 7428 7430
3 7398 7429 7428
3 7396 7430 7429
3 7428 7429 7430
3 7397 7430 7432
3 7396 7431 7430
3 7400 7432 7431
3 7430 7431 7432
3 7397 7432 7434
3 7400 7433 7432
3 7402 7434 7433
3 7432 7433 7434
3 7397 7434 7426
3 7402 7435 7434
3 7403 7426 7435
3 7434 7435 7426
3 7398 7427 7419
3 7403 7416 7427
3 7399 7419 7416
3 7427 7416 7419
3 7396 7429 7421
3 7398 7418 7429
3 7405 7421 7418
3 7429 7418 7421
3 7400 7431 7423
3 7396 7420 7431
3 7404 7423 7420
3 7431 7420 7423
3 7402 7433 7425
3 7400 7422 7433
3 7401 7425 7422
3 7433 7422 7425
3 7403 7435 7417
3 7402 7424 7435
3 7395 7417 7424
3 7435 7424 7417
3 7436 7448 7450
3 7447 7449 7448
3 7441 7450 7449
3 7448 7449 7450
3 7436 7450 7452
3 7441 7451 7450
3 7437 7452 7451
3 7450 7451 7452
3 7436 7452 7454
3 7437 7453 7452
3 7443 7454 7453
3 7452 7453 7454
3 7436 7454 7456
3 7443 7455 7454
3 7446 7456 7455
3 7454 7455 7456
3 7436 7456 7448
3 7446 7457 7456
3 7447 7448 7457
3 7456 7457 7448
3 7437 7451 7459
3 7441 7458 7451
3 7445 7459 7458
3 7451 7458 7459
3 7441 7449 7461
3 7447 7460 7449
3 7440 7461 7460
3 7449 7460 7461
3 7447 7457 7463
3 7446 7462 7457
3 7438 7463 7462
3 7457 7462 7463
3 7446 7455 7465
3 7443 7464 7455
3 7442 7465 7464
3 7455 7464 7465
3 7443 7453 7467
3 7437 7466 7453
3 7444 7467 7466
3 7453 7466 7467
3 7439 7468 7470
3 7445 7469 7468
3 7440 7470 7469
3 7468 7469 7470
3 7439 7470 7472
3 7440 7471 7470
3 7438 7472 7471
3 7470 7471 7472
3 7439 7472 7474
3 7438 7473 7472
3 7442 7474 7473
3 7472 7473 7474
3 7439 7474 7476
3 7442 7475 7474
3 7444 7476 7475
3 7474 7475 7476
3 7439 7476 7468
3 7444 7477 7476
3 7445 7468 7477
3 7476 7477 7468
3 7440 7469 7461
3 7445 7458 7469
3 7441 7461 7458
3 7469 7458 7461
3 7438 7471 7463
3 7440 7460 7471
3 7447 7463 7460
3 7471 7460 7463
3 7442 7473 7465
3 7438 7462 7473
3 7446 7465 7462
3 7473 7462 7465
3 7444 7475 7467
3 7442 7464 7475
3 7443 7467 7464
3 7475 7464 7467
3 7445 7477 7459
3 7444 7466 7477
3 7437 7459 7466
3 7477 7466 7459
3 7478 7490 7492
3 7489 7491 7490
3 7483 7492 7491
3 7490 7491 7492
3 7478 7492 7494
3 7483 7493 7492
3 7479 7494 7493
3 7492 7493 7494
3 7478 7494 7496
3 7479 7495 7494
3 7485 7496 7495
3 7494 7495 7496
3 7478 7496 7498
3 7485 7497 7496
3 7488 7498 7497
3 7496 7497 7498
3 7478 7498 7490
3 7488 7499 7498
3 7489 7490 7499
3 7498 7499 7490
3 7479 7493 7501
3 7483 7500 7493
3 7487 7501 7500
3 7493 7500 7501
3 7483 7491 7503
3 7489 7502 7491
3 7482 7503 7502
3 7491 7502 7503
3 7489 7499 7505
3 7488 7504 7499
3 7480 7505 7504
3 7499 7504 7505
3 7488 7497 7507
3 7485 7506 7497
3 7484 7507 7506
3 7497 7506 7507
3 7485 7495 7509
3 7479 7508 7495
3 7486 7509 7508
3 7495 7508 7509
3 7481 7510 7512
3 7487 7511 7510
3 7482 7512 7511
3 7510 7511 7512
3 7481 7512 7514
3 7482 7513 7512
3 7480 7514 7513
3 7512 7513 7514
3 7481 7514 7516
3 7480 7515 7514
3 7484 7516 7515
3 7514 7515 7516
3 7481 7516 7518
3 7484 7517 7516
3 7486 7518 7517
3 7516 7517 7518
3 7481 7518 7510
3 7486 7519 7518
3 7487 7510 7519
3 7518 7519 7510
3 7482 7511 7503
3 7487 7500 7511
3 7483 7503 7500
3 7511 7500 7503
3 7480 7513 7505
3 7482 7502 7513
3 7489 7505 7502
3 7513 7502 7505
3 7484 7515 7507
3 7480 7504 7515
3 7488 7507 7504
3 7515 7504 7507
3 7486 7517 7509
3 7484 7506 7517
3 7485 7509 7506
3 7517 7506 7509
3 7487 7519 7501
3 7486 7508 7519
3 7479 7501 7508
3 7519 7508 7501
