ply
format ascii 1.0
element vertex 12476
property float x
property float y
property float z
property uchar red
property uchar green
property uchar blue
element face 11518
property list uchar int vertex_indices
end_header
-0.023277 -0.524985 0.523019 0 255 0
-0.009438 -0.512107 0.509888 0 255 0
-0.039326 -0.502931 0.514733 0 255 0
-0.033417 -0.518082 0.507109 0 255 0
-0.031963 -0.496958 0.516314 0 255 0
-0.004047 -0.501292 0.513735 0 255 0
-0.025531 -0.502055 0.497959 0 255 0
-0.045508 -0.508663 0.505913 0 255 0
-0.063042 -0.459494 0.516298 0 255 0
-0.055731 -0.464048 0.517451 0 255 0
-0.050229 -0.457541 0.494303 0 255 0
-0.045508 -0.476949 0.517902 0 255 0
-0.048596 -0.428757 0.532387 0 255 0
-0.038559 -0.435020 0.528465 0 255 0
-0.053485 -0.407962 0.523781 0 255 0
-0.057288 -0.432509 0.521156 0 255 0
-0.014976 -0.444105 0.490114 0 255 0
-0.004690 -0.439969 0.522605 0 255 0
-0.018725 -0.427046 0.518911 0 255 0
-0.002461 -0.451121 0.517417 0 255 0
0.027903 -0.464958 0.497002 0 255 0
0.007326 -0.457596 0.508914 0 255 0
0.019750 -0.463876 0.498578 0 255 0
0.016932 -0.455443 0.511925 0 255 0
0.003959 -0.414244 0.496474 0 255 0
-0.002034 -0.433499 0.520463 0 255 0
-0.004943 -0.448144 0.501857 0 255 0
0.006395 -0.444793 0.514799 0 255 0
0.008949 -0.430776 0.533438 0 255 0
0.013670 -0.444406 0.519478 0 255 0
0.009050 -0.459784 0.508725 0 255 0
0.020581 -0.440238 0.521411 0 255 0
0.002237 -0.437196 0.514900 0 255 0
0.008692 -0.441757 0.518111 0 255 0
0.014704 -0.432279 0.516072 0 255 0
0.010060 -0.435374 0.516727 0 255 0
0.007276 -0.443679 0.489413 0 255 0
0.019090 -0.450885 0.516026 0 255 0
0.024081 -0.451215 0.508367 0 255 0
0.028185 -0.445752 0.522650 0 255 0
-0.028411 -0.451367 0.541351 0 255 0
-0.010876 -0.434838 0.526783 0 255 0
-0.021121 -0.421323 0.529343 0 255 0
-0.012981 -0.424421 0.527300 0 255 0
0.002809 -0.422635 0.510780 0 255 0
0.003299 -0.419213 0.522908 0 255 0
-0.002887 -0.423867 0.530718 0 255 0
0.010265 -0.422739 0.520552 0 255 0
0.003058 -0.420704 0.517979 0 255 0
-0.027517 -0.414342 0.530041 0 255 0
-0.023309 -0.413621 0.535026 0 255 0
-0.023041 -0.406090 0.529491 0 255 0
-0.030110 -0.404110 0.531043 0 255 0
-0.021993 -0.399554 0.529355 0 255 0
-0.020447 -0.391877 0.530050 0 255 0
-0.024641 -0.381838 0.526883 0 255 0
-0.031609 -0.381494 0.515334 0 255 0
-0.019406 -0.393564 0.529175 0 255 0
-0.009748 -0.371737 0.538231 0 255 0
-0.000466 -0.392924 0.525256 0 255 0
0.006425 -0.377450 0.500868 0 255 0
0.000552 -0.379697 0.528078 0 255 0
-0.007269 -0.390857 0.526958 0 255 0
0.000518 -0.412830 0.521531 0 255 0
0.001870 -0.422084 0.527127 0 255 0
-0.002464 -0.415184 0.523189 0 255 0
0.009169 -0.411368 0.516417 0 255 0
-0.007646 -0.413562 0.522940 0 255 0
-0.003810 -0.397026 0.540866 0 255 0
-0.008115 -0.414865 0.523842 0 255 0
-0.011085 -0.409844 0.526005 0 255 0
-0.005651 -0.413681 0.522341 0 255 0
-0.004674 -0.392196 0.535624 0 255 0
-0.006772 -0.412674 0.522997 0 255 0
-0.012901 -0.402937 0.518297 0 255 0
0.012658 -0.407141 0.520598 0 255 0
0.015464 -0.403427 0.504037 0 255 0
0.010249 -0.411681 0.519115 0 255 0
0.035637 -0.401558 0.506465 0 255 0
-0.006404 -0.416625 0.523440 0 255 0
-0.007431 -0.412251 0.508428 0 255 0
-0.002620 -0.420656 0.523837 0 255 0
0.017082 -0.439109 0.511199 0 255 0
-0.009444 -0.420689 0.526057 0 255 0
-0.012983 -0.405091 0.520168 0 255 0
-0.012825 -0.417509 0.526430 0 255 0
-0.007281 -0.412690 0.521433 0 255 0
-0.011720 -0.410359 0.525016 0 255 0
-0.010557 -0.420077 0.542669 0 255 0
-0.010269 -0.407130 0.525087 0 255 0
-0.011123 -0.407588 0.518891 0 255 0
-0.002689 -0.407937 0.524117 0 255 0
0.001360 -0.393862 0.534732 0 255 0
-0.001267 -0.401645 0.524566 0 255 0
-0.016619 -0.414595 0.517290 0 255 0
-0.004602 -0.424535 0.524028 0 255 0
-0.012625 -0.427612 0.530452 0 255 0
-0.017250 -0.419528 0.528239 0 255 0
-0.009558 -0.429245 0.514011 0 255 0
-0.015105 -0.403506 0.527186 0 255 0
-0.008530 -0.416525 0.500497 0 255 0
-0.006313 -0.395962 0.526151 0 255 0
0.005317 -0.361700 0.546645 0 255 0
-0.015992 -0.375035 0.526213 0 255 0
-0.003485 -0.489002 0.506936 0 255 0
-0.012937 -0.493650 0.516727 0 255 0
-0.018271 -0.463617 0.514706 0 255 0
-0.017781 -0.487889 0.516167 0 255 0
-0.019357 -0.488488 0.529279 0 255 0
-0.012164 -0.486290 0.514119 0 255 0
-0.027741 -0.478377 0.520479 0 255 0
-0.030639 -0.480337 0.516305 0 255 0
-0.042512 -0.478384 0.511761 0 255 0
-0.038562 -0.472909 0.519344 0 255 0
-0.026219 -0.465344 0.507719 0 255 0
-0.026441 -0.471132 0.519135 0 255 0
-0.028706 -0.460929 0.515457 0 255 0
-0.018341 -0.475812 0.515752 0 255 0
-0.023489 -0.475821 0.519083 0 255 0
-0.009986 -0.474158 0.513498 0 255 0
-0.017655 -0.473229 0.497816 0 255 0
-0.015881 -0.469112 0.517057 0 255 0
-0.016036 -0.495054 0.520562 0 255 0
-0.001452 -0.486274 0.506069 0 255 0
-0.013237 -0.486434 0.504536 0 255 0
-0.007278 -0.485870 0.511620 0 255 0
-0.008900 -0.485767 0.504590 0 255 0
0.000414 -0.476971 0.499898 0 255 0
0.011713 -0.485472 0.494824 0 255 0
0.003778 -0.473066 0.497932 0 255 0
-0.015305 -0.486097 0.499790 0 255 0
-0.000098 -0.473030 0.500815 0 255 0
-0.006032 -0.548811 0.474794 0 255 0
-0.001751 -0.528845 0.500525 0 255 0
-0.025265 -0.540445 0.517021 0 255 0
-0.045349 -0.525936 0.497034 0 255 0
-0.047524 -0.525924 0.493879 0 255 0
-0.036633 -0.418462 0.528971 0 255 0
-0.046269 -0.407548 0.529166 0 255 0
-0.055365 -0.415193 0.524149 0 255 0
-0.060151 -0.407252 0.525739 0 255 0
-0.042675 -0.398000 0.527149 0 255 0
-0.032906 -0.393995 0.512817 0 255 0
-0.039951 -0.386991 0.523852 0 255 0
-0.063424 -0.389819 0.519437 0 255 0
-0.071548 -0.403875 0.507051 0 255 0
-0.072575 -0.421495 0.515302 0 255 0
-0.081896 -0.417620 0.497650 0 255 0
-0.064997 -0.412961 0.510819 0 255 0
-0.085204 -0.414695 0.490769 0 255 0
-0.068494 -0.348589 0.498775 0 255 0
-0.075801 -0.348440 0.501962 0 255 0
-0.090576 -0.360169 0.488054 0 255 0
-0.082835 -0.365484 0.497805 0 255 0
-0.067189 -0.414561 0.515590 0 255 0
-0.061048 -0.483586 0.507098 0 255 0
-0.068306 -0.475917 0.512315 0 255 0
-0.065308 -0.471652 0.509552 0 255 0
-0.058129 -0.540210 0.476480 0 255 0
-0.060240 -0.533574 0.487767 0 255 0
-0.064801 -0.512542 0.484549 0 255 0
-0.083513 -0.523360 0.483470 0 255 0
-0.053324 -0.563201 0.468326 0 255 0
-0.031655 -0.558348 0.475277 0 255 0
-0.054756 -0.544307 0.471553 0 255 0
-0.063885 -0.555173 0.468841 0 255 0
-0.087241 -0.525457 0.470494 0 255 0
-0.109676 -0.520564 0.464191 0 255 0
-0.111830 -0.536854 0.438910 0 255 0
-0.094045 -0.539350 0.465149 0 255 0
-0.107135 -0.544565 0.436657 0 255 0
-0.086689 -0.554736 0.450254 0 255 0
-0.097297 -0.397970 0.490785 0 255 0
-0.094860 -0.417139 0.483310 0 255 0
-0.074800 -0.373018 0.513584 0 255 0
-0.091207 -0.383642 0.489809 0 255 0
-0.087889 -0.562465 0.423363 0 255 0
-0.074570 -0.565864 0.434526 0 255 0
-0.132523 -0.489108 0.412168 0 255 0
-0.131254 -0.506777 0.433167 0 255 0
-0.124618 -0.492723 0.441332 0 255 0
-0.128436 -0.484648 0.446382 0 255 0
-0.118767 -0.484423 0.412044 0 255 0
-0.132566 -0.514256 0.411720 0 255 0
-0.114689 -0.443678 0.412543 0 255 0
-0.112412 -0.419498 0.444025 0 255 0
-0.104555 -0.428113 0.442793 0 255 0
-0.131880 -0.431810 0.424090 0 255 0
-0.017574 -0.510871 0.513670 0 255 0
-0.021159 -0.491769 0.518651 0 255 0
-0.014189 -0.493264 0.506084 0 255 0
-0.034788 -0.491931 0.517315 0 255 0
-0.032201 -0.499947 0.522025 0 255 0
-0.053892 -0.496738 0.506288 0 255 0
-0.089172 -0.526739 0.481353 0 255 0
-0.088719 -0.510749 0.486676 0 255 0
-0.117091 -0.496555 0.477450 0 255 0
-0.097894 -0.510137 0.479948 0 255 0
-0.112618 -0.509053 0.448956 0 255 0
-0.122436 -0.479445 0.458257 0 255 0
-0.107558 -0.430296 0.484641 0 255 0
-0.099608 -0.403189 0.473054 0 255 0
-0.085242 -0.413856 0.469341 0 255 0
-0.108826 -0.422277 0.454360 0 255 0
-0.105301 -0.375465 0.419055 0 255 0
-0.105928 -0.402119 0.447661 0 255 0
-0.119218 -0.361750 0.485023 0 255 0
-0.109302 -0.354203 0.476557 0 255 0
-0.122340 -0.347560 0.458367 0 255 0
-0.109231 -0.368370 0.465516 0 255 0
-0.120096 -0.347931 0.461654 0 255 0
-0.118482 -0.349251 0.441846 0 255 0
-0.114696 -0.361735 0.445465 0 255 0
-0.112728 -0.368321 0.453089 0 255 0
-0.050867 -0.337166 0.489978 0 255 0
-0.060814 -0.328683 0.500653 0 255 0
-0.067791 -0.332853 0.498773 0 255 0
-0.062978 -0.342455 0.500908 0 255 0
-0.117255 -0.349616 0.465939 0 255 0
-0.124495 -0.343529 0.459586 0 255 0
-0.111397 -0.433594 0.452104 0 255 0
-0.112366 -0.440654 0.462661 0 255 0
-0.128663 -0.350990 0.457641 0 255 0
-0.106716 -0.384393 0.451713 0 255 0
-0.099732 -0.373036 0.459921 0 255 0
-0.106353 -0.399437 0.425838 0 255 0
-0.104096 -0.389931 0.421584 0 255 0
0.001741 -0.454478 0.512347 0 255 0
0.002930 -0.475477 0.512808 0 255 0
-0.003408 -0.473405 0.507058 0 255 0
-0.005940 -0.482447 0.506947 0 255 0
-0.000294 -0.469827 0.504071 0 255 0
0.002264 -0.508166 0.502755 0 255 0
0.016284 -0.491077 0.501408 0 255 0
0.003026 -0.501380 0.521426 0 255 0
0.004133 -0.511475 0.505103 0 255 0
-0.047117 -0.452232 0.520276 0 255 0
-0.017233 -0.451264 0.526757 0 255 0
-0.008025 -0.440273 0.543569 0 255 0
-0.022792 -0.435663 0.530692 0 255 0
-0.016145 -0.479279 0.503423 0 255 0
-0.027089 -0.483467 0.516164 0 255 0
-0.015992 -0.486424 0.515721 0 255 0
-0.022493 -0.422041 0.529655 0 255 0
-0.027768 -0.437871 0.523508 0 255 0
-0.065946 -0.457953 0.511956 0 255 0
-0.043397 -0.499854 0.508219 0 255 0
-0.032743 -0.572518 0.442472 0 255 0
-0.026640 -0.560843 0.482370 0 255 0
-0.082355 -0.560266 0.398024 0 255 0
-0.051681 -0.577024 0.428777 0 255 0
-0.128660 -0.517953 0.390848 0 255 0
-0.154175 -0.512229 0.392058 0 255 0
-0.129438 -0.495946 0.370755 0 255 0
-0.126028 -0.521107 0.355992 0 255 0
-0.127707 -0.430430 0.407630 0 255 0
-0.133296 -0.350356 0.428306 0 255 0
-0.109377 -0.365064 0.434516 0 255 0
0.002996 -0.519173 0.473793 0 255 0
0.011237 -0.526900 0.491615 0 255 0
-0.069343 -0.507397 0.501758 0 255 0
-0.044218 -0.460415 0.523771 0 255 0
-0.036350 -0.474228 0.520298 0 255 0
-0.032474 -0.463169 0.524638 0 255 0
-0.042471 -0.467552 0.543439 0 255 0
-0.052581 -0.451819 0.521090 0 255 0
-0.057872 -0.436344 0.509571 0 255 0
-0.075238 -0.435003 0.507696 0 255 0
-0.076540 -0.428555 0.498650 0 255 0
-0.119835 -0.513613 0.454631 0 255 0
-0.126149 -0.539064 0.459429 0 255 0
-0.122735 -0.533483 0.418412 0 255 0
-0.128114 -0.534486 0.406550 0 255 0
-0.117206 -0.503738 0.461653 0 255 0
-0.102312 -0.536889 0.363461 0 255 0
0.010803 -0.426647 0.518579 0 255 0
-0.005585 -0.427304 0.536092 0 255 0
0.012376 -0.429963 0.516356 0 255 0
0.015932 -0.407100 0.517826 0 255 0
0.011338 -0.402913 0.521410 0 255 0
0.012232 -0.408932 0.516279 0 255 0
0.003910 -0.399639 0.523176 0 255 0
-0.031057 -0.378755 0.504217 0 255 0
-0.027472 -0.370531 0.515585 0 255 0
-0.039159 -0.334295 0.487570 0 255 0
-0.055222 -0.351495 0.499544 0 255 0
0.001124 -0.444016 0.510465 0 255 0
0.018081 -0.437726 0.516364 0 255 0
0.017021 -0.420370 0.503788 0 255 0
0.014975 -0.437077 0.516038 0 255 0
-0.014727 -0.406748 0.507572 0 255 0
0.014308 -0.418710 0.519865 0 255 0
0.020992 -0.409388 0.523095 0 255 0
0.014883 -0.414519 0.518273 0 255 0
0.019385 -0.420820 0.516597 0 255 0
-0.052736 -0.380388 0.505949 0 255 0
-0.057456 -0.382456 0.487506 0 255 0
-0.099756 -0.354101 0.489171 0 255 0
-0.100706 -0.371637 0.481432 0 255 0
-0.099652 -0.385643 0.476511 0 255 0
-0.108853 -0.380805 0.433413 0 255 0
-0.106866 -0.382506 0.431353 0 255 0
-0.093589 -0.377351 0.418408 0 255 0
-0.097225 -0.394218 0.403110 0 255 0
-0.103971 -0.403199 0.400652 0 255 0
-0.103386 -0.380658 0.420843 0 255 0
-0.034539 -0.358200 0.506538 0 255 0
-0.029778 -0.361602 0.502996 0 255 0
-0.034163 -0.345452 0.494284 0 255 0
-0.046550 -0.361517 0.499387 0 255 0
0.026882 -0.423978 0.514567 0 255 0
0.022535 -0.432855 0.515533 0 255 0
0.008130 -0.421659 0.496543 0 255 0
0.018439 -0.433093 0.514593 0 255 0
-0.007009 -0.440641 0.511425 0 255 0
0.014343 -0.433904 0.514583 0 255 0
0.004294 -0.419541 0.516682 0 255 0
0.016358 -0.438012 0.518712 0 255 0
0.021402 -0.420052 0.521179 0 255 0
0.022792 -0.437981 0.518632 0 255 0
0.023279 -0.458145 0.527865 0 255 0
0.026096 -0.438219 0.521982 0 255 0
0.017262 -0.407098 0.515927 0 255 0
0.016975 -0.434088 0.514427 0 255 0
0.001700 -0.426812 0.498253 0 255 0
0.015176 -0.435240 0.514267 0 255 0
0.018688 -0.448200 0.512740 0 255 0
0.018921 -0.438013 0.517743 0 255 0
0.032211 -0.472115 0.507569 0 255 0
0.029418 -0.457927 0.509819 0 255 0
0.037143 -0.443782 0.510372 0 255 0
0.034710 -0.444372 0.519872 0 255 0
0.063602 -0.434911 0.523803 0 255 0
-0.032665 -0.351300 0.494994 0 255 0
-0.035747 -0.350269 0.497836 0 255 0
0.023374 -0.522921 0.481965 0 255 0
0.017050 -0.505980 0.493147 0 255 0
-0.006814 -0.413847 0.522618 0 255 0
-0.001841 -0.495569 0.502554 0 255 0
-0.024619 -0.460604 0.524755 0 255 0
-0.002693 -0.454423 0.520619 0 255 0
-0.009715 -0.454714 0.520882 0 255 0
-0.014206 -0.453359 0.511782 0 255 0
-0.006232 -0.463569 0.513114 0 255 0
-0.007058 -0.472093 0.491120 0 255 0
0.017348 -0.479589 0.498694 0 255 0
0.009564 -0.475243 0.486783 0 255 0
0.009364 -0.471697 0.497800 0 255 0
0.000014 -0.478426 0.491186 0 255 0
0.010455 -0.464814 0.503262 0 255 0
-0.012897 -0.479905 0.505402 0 255 0
-0.020842 -0.484427 0.516406 0 255 0
-0.024672 -0.502390 0.524876 0 255 0
0.004541 -0.461708 0.506081 0 255 0
-0.013383 -0.462503 0.516265 0 255 0
-0.002084 -0.464486 0.508541 0 255 0
-0.000270 -0.474216 0.504217 0 255 0
-0.016818 -0.460899 0.521887 0 255 0
-0.015115 -0.477321 0.518497 0 255 0
-0.030210 -0.473547 0.518081 0 255 0
-0.113231 -0.437819 0.474203 0 255 0
-0.102861 -0.437233 0.475805 0 255 0
-0.095406 -0.428544 0.496960 0 255 0
-0.090354 -0.426618 0.493669 0 255 0
-0.091485 -0.415215 0.484340 0 255 0
-0.095418 -0.432604 0.488997 0 255 0
-0.106981 -0.490396 0.477308 0 255 0
-0.111264 -0.487184 0.473490 0 255 0
-0.123587 -0.479391 0.462251 0 255 0
-0.107910 -0.481621 0.479570 0 255 0
-0.083178 -0.476388 0.491190 0 255 0
-0.100764 -0.488080 0.484738 0 255 0
-0.105044 -0.491809 0.482948 0 255 0
-0.102867 -0.479961 0.484165 0 255 0
-0.087805 -0.499478 0.480347 0 255 0
-0.091494 -0.496582 0.489831 0 255 0
-0.094597 -0.470701 0.486333 0 255 0
-0.074279 -0.482538 0.500002 0 255 0
-0.091635 -0.467536 0.494346 0 255 0
-0.088932 -0.479728 0.492779 0 255 0
-0.080051 -0.478091 0.491540 0 255 0
-0.088414 -0.431362 0.495130 0 255 0
-0.092049 -0.431575 0.502236 0 255 0
-0.095644 -0.429908 0.481733 0 255 0
-0.115714 -0.507821 0.367144 0 255 0
-0.100572 -0.528520 0.359610 0 255 0
-0.139820 -0.466887 0.426437 0 255 0
-0.140183 -0.471878 0.412561 0 255 0
-0.120079 -0.480713 0.439778 0 255 0
-0.122730 -0.467479 0.458980 0 255 0
-0.139031 -0.449946 0.407267 0 255 0
-0.129613 -0.471787 0.379493 0 255 0
-0.088707 -0.447164 0.499104 0 255 0
-0.084015 -0.460945 0.494410 0 255 0
-0.125755 -0.442823 0.428503 0 255 0
-0.136967 -0.453260 0.417788 0 255 0
-0.113197 -0.462461 0.433012 0 255 0
-0.119391 -0.454839 0.460255 0 255 0
-0.144445 -0.447461 0.394199 0 255 0
-0.119554 -0.428152 0.392853 0 255 0
-0.129443 -0.451902 0.385602 0 255 0
-0.095590 -0.442007 0.490671 0 255 0
-0.104361 -0.448218 0.505477 0 255 0
-0.092298 -0.434293 0.493004 0 255 0
-0.110646 -0.431012 0.506996 0 255 0
-0.075398 -0.452931 0.503098 0 255 0
-0.092810 -0.460725 0.492085 0 255 0
0.020999 -0.463858 0.507078 0 255 0
0.020277 -0.462539 0.502337 0 255 0
0.026930 -0.464132 0.504758 0 255 0
0.021320 -0.478686 0.511034 0 255 0
-0.037346 -0.570399 0.405507 0 255 0
-0.015759 -0.568418 0.442766 0 255 0
-0.081798 -0.548177 0.369717 0 255 0
-0.062197 -0.562246 0.384914 0 255 0
0.008174 -0.389155 0.522159 0 255 0
0.008369 -0.376776 0.504519 0 255 0
0.015702 -0.425478 0.517129 0 255 0
0.019558 -0.410185 0.518575 0 255 0
0.017404 -0.421003 0.517267 0 255 0
0.017686 -0.420353 0.523351 0 255 0
0.002117 -0.482458 0.500978 0 255 0
-0.123112 -0.422660 0.405792 0 255 0
-0.106462 -0.363629 0.426364 0 255 0
-0.122176 -0.334199 0.445794 0 255 0
-0.125608 -0.335830 0.436373 0 255 0
-0.124575 -0.343450 0.439693 0 255 0
0.018756 -0.427545 0.514582 0 255 0
0.023622 -0.416374 0.510566 0 255 0
0.020420 -0.437015 0.516053 0 255 0
0.003686 -0.426214 0.520819 0 255 0
0.016819 -0.431091 0.514603 0 255 0
0.024842 -0.436214 0.515924 0 255 0
0.021399 -0.429798 0.513635 0 255 0
0.041278 -0.404491 0.510370 0 255 0
-0.006433 -0.469253 0.511469 0 255 0
0.015722 -0.472875 0.493926 0 255 0
0.024871 -0.434699 0.518245 0 255 0
0.011331 -0.447516 0.513133 0 255 0
0.027457 -0.432933 0.516779 0 255 0
-0.088184 -0.336495 0.517163 0 255 0
-0.096875 -0.341408 0.495005 0 255 0
0.015814 -0.415848 0.522501 0 255 0
0.016451 -0.413723 0.517133 0 255 0
0.006866 -0.566444 0.455110 0 255 0
-0.110570 -0.420708 0.381668 0 255 0
-0.118346 -0.430132 0.377957 0 255 0
-0.091215 -0.465436 0.490008 0 255 0
-0.082733 -0.461396 0.491741 0 255 0
-0.098420 -0.467996 0.487337 0 255 0
-0.107285 -0.485078 0.473973 0 255 0
-0.046294 -0.333220 0.496121 0 255 0
-0.119740 -0.350956 0.478129 0 255 0
-0.116791 -0.330323 0.424016 0 255 0
-0.029215 -0.480608 0.505614 0 255 0
-0.024965 -0.478209 0.515424 0 255 0
0.004672 -0.465737 0.496068 0 255 0
-0.113935 -0.466323 0.360464 0 255 0
-0.005352 -0.421223 0.538962 0 255 0
0.006089 -0.412630 0.520601 0 255 0
-0.102117 -0.374230 0.401117 0 255 0
-0.023850 -0.357488 0.500922 0 255 0
0.003487 -0.435271 0.511126 0 255 0
-0.101962 -0.407612 0.392548 0 255 0
-0.110736 -0.465633 0.475266 0 255 0
-0.104586 -0.472849 0.486328 0 255 0
-0.094878 -0.474269 0.475774 0 255 0
-0.104532 -0.469856 0.484407 0 255 0
-0.112022 -0.463184 0.473470 0 255 0
-0.104165 -0.473246 0.489024 0 255 0
-0.117953 -0.472680 0.477674 0 255 0
-0.103524 -0.479634 0.489035 0 255 0
-0.107386 -0.487081 0.495988 0 255 0
-0.100049 -0.472264 0.489379 0 255 0
-0.108885 -0.473739 0.483696 0 255 0
-0.106077 -0.481007 0.488935 0 255 0
-0.115478 -0.486340 0.494229 0 255 0
-0.105788 -0.481135 0.482001 0 255 0
-0.115694 -0.485963 0.507407 0 255 0
-0.108863 -0.483632 0.484116 0 255 0
-0.127087 -0.474989 0.478353 0 255 0
-0.113193 -0.483726 0.481762 0 255 0
-0.118017 -0.473749 0.470442 0 255 0
-0.117067 -0.480173 0.479355 0 255 0
-0.080782 -0.443907 0.496565 0 255 0
-0.096825 -0.447927 0.488537 0 255 0
-0.102418 -0.481815 0.477409 0 255 0
-0.118777 -0.473305 0.479072 0 255 0
-0.116772 -0.464741 0.495815 0 255 0
-0.120252 -0.466792 0.479313 0 255 0
-0.109778 -0.461589 0.489931 0 255 0
-0.120618 -0.460021 0.480376 0 255 0
-0.121352 -0.461762 0.488549 0 255 0
-0.118872 -0.452004 0.481914 0 255 0
-0.123121 -0.435903 0.482084 0 255 0
-0.115643 -0.443486 0.483066 0 255 0
-0.128471 -0.475510 0.484580 0 255 0
-0.117245 -0.476754 0.483208 0 255 0
-0.116110 -0.473924 0.468614 0 255 0
-0.109848 -0.479992 0.486328 0 255 0
-0.107377 -0.465549 0.488732 0 255 0
-0.107431 -0.466576 0.479517 0 255 0
-0.097923 -0.464320 0.501402 0 255 0
-0.108559 -0.463748 0.478811 0 255 0
-0.102364 -0.454495 0.488568 0 255 0
-0.099126 -0.454640 0.488022 0 255 0
-0.103221 -0.456517 0.488986 0 255 0
-0.099153 -0.450498 0.487477 0 255 0
-0.087374 -0.444563 0.484374 0 255 0
-0.098221 -0.454926 0.485390 0 255 0
-0.082047 -0.463092 0.485886 0 255 0
-0.100777 -0.450172 0.484865 0 255 0
-0.094161 -0.464610 0.484702 0 255 0
-0.100390 -0.451397 0.483777 0 255 0
-0.070529 -0.473090 0.488947 0 255 0
-0.098900 -0.454161 0.482234 0 255 0
-0.105156 -0.468160 0.493871 0 255 0
-0.090187 -0.456656 0.489868 0 255 0
-0.094037 -0.452838 0.478774 0 255 0
-0.103970 -0.444145 0.479350 0 255 0
-0.095955 -0.438317 0.491112 0 255 0
-0.110154 -0.436922 0.487269 0 255 0
-0.105340 -0.430404 0.479992 0 255 0
-0.105179 -0.432753 0.492145 0 255 0
-0.089664 -0.453956 0.466115 0 255 0
-0.110855 -0.465591 0.474542 0 255 0
-0.118780 -0.432112 0.497700 0 255 0
-0.111400 -0.459510 0.475594 0 255 0
-0.119393 -0.451977 0.479693 0 255 0
-0.110995 -0.447266 0.486245 0 255 0
-0.122714 -0.460740 0.478155 0 255 0
-0.101014 -0.446101 0.488493 0 255 0
-0.090892 -0.443065 0.465588 0 255 0
-0.106426 -0.440991 0.491336 0 255 0
-0.114277 -0.449355 0.487002 0 255 0
-0.112665 -0.453524 0.486145 0 255 0
-0.114790 -0.448002 0.480014 0 255 0
-0.110814 -0.455339 0.483542 0 255 0
-0.097179 -0.474853 0.474009 0 255 0
-0.103852 -0.451232 0.484117 0 255 0
-0.100990 -0.454713 0.486534 0 255 0
-0.104285 -0.454811 0.479601 0 255 0
-0.108021 -0.460268 0.482759 0 255 0
-0.101934 -0.452343 0.482171 0 255 0
-0.107090 -0.458556 0.481368 0 255 0
-0.114199 -0.462442 0.485149 0 255 0
-0.106606 -0.453445 0.489852 0 255 0
-0.110333 -0.461117 0.482120 0 255 0
-0.128984 -0.469330 0.515877 0 255 0
-0.117352 -0.461687 0.485099 0 255 0
-0.118230 -0.455066 0.478826 0 255 0
-0.118572 -0.466841 0.484566 0 255 0
-0.136957 -0.468192 0.486120 0 255 0
-0.115835 -0.466480 0.484953 0 255 0
-0.105372 -0.473699 0.479133 0 255 0
-0.115865 -0.474981 0.484618 0 255 0
-0.104503 -0.469736 0.481035 0 255 0
-0.119275 -0.472760 0.482933 0 255 0
-0.123543 -0.473505 0.485350 0 255 0
-0.114321 -0.472682 0.485223 0 255 0
-0.105634 -0.469219 0.497964 0 255 0
-0.113897 -0.469541 0.484945 0 255 0
-0.101822 -0.475960 0.469567 0 255 0
-0.105270 -0.475451 0.486769 0 255 0
-0.119238 -0.480024 0.461171 0 255 0
-0.107762 -0.477886 0.484189 0 255 0
-0.107719 -0.477436 0.458046 0 255 0
-0.106539 -0.476740 0.483525 0 255 0
-0.096369 -0.475547 0.493885 0 255 0
-0.106617 -0.470470 0.483829 0 255 0
-0.087515 -0.314623 0.499613 0 255 0
-0.069296 -0.319241 0.504357 0 255 0
-0.052465 -0.308338 0.498956 0 255 0
-0.070452 -0.304980 0.504503 0 255 0
-0.102341 -0.472346 0.483638 0 255 0
-0.111950 -0.474331 0.485107 0 255 0
-0.107193 -0.500186 0.473784 0 255 0
-0.108923 -0.467449 0.483470 0 255 0
-0.103968 -0.477043 0.492454 0 255 0
-0.111245 -0.468543 0.485068 0 255 0
-0.091396 -0.468480 0.490817 0 255 0
-0.100008 -0.463485 0.486496 0 255 0
-0.108481 -0.458903 0.500040 0 255 0
-0.104398 -0.459822 0.481250 0 255 0
-0.113478 -0.305601 0.496316 0 255 0
-0.129163 -0.312384 0.489219 0 255 0
-0.119409 -0.324777 0.478782 0 255 0
-0.107930 -0.311549 0.497621 0 255 0
-0.106310 -0.306636 0.526852 0 255 0
-0.122712 -0.280376 0.531756 0 255 0
-0.146058 -0.296718 0.533192 0 255 0
-0.140605 -0.307407 0.502004 0 255 0
-0.144991 -0.287804 0.548768 0 255 0
-0.123059 -0.264701 0.545240 0 255 0
-0.123311 -0.216584 0.586471 0 255 0
-0.135776 -0.244113 0.572416 0 255 0
-0.142172 -0.225609 0.567726 0 255 0
-0.121959 -0.223894 0.590283 0 255 0
-0.179784 -0.162797 0.650614 0 255 0
-0.149291 -0.157239 0.642036 0 255 0
-0.150651 -0.122515 0.639754 0 255 0
-0.157360 -0.135776 0.638255 0 255 0
-0.156795 -0.263425 0.539789 0 255 0
-0.183105 -0.277584 0.548896 0 255 0
-0.171365 -0.297074 0.537920 0 255 0
-0.175792 -0.307697 0.535754 0 255 0
-0.178352 -0.308891 0.465271 0 255 0
-0.154714 -0.317619 0.449978 0 255 0
-0.150761 -0.298145 0.478946 0 255 0
-0.150670 -0.316367 0.472973 0 255 0
-0.211153 -0.163219 0.601100 0 255 0
-0.194705 -0.185452 0.603010 0 255 0
-0.198851 -0.154364 0.618353 0 255 0
-0.199540 -0.160772 0.608016 0 255 0
-0.189723 -0.067699 0.604382 0 255 0
-0.166401 -0.066878 0.609859 0 255 0
-0.178496 -0.041577 0.618369 0 255 0
-0.180546 -0.045438 0.596304 0 255 0
-0.209167 -0.090420 0.533968 0 255 0
-0.213005 -0.070267 0.543587 0 255 0
-0.184577 -0.078773 0.507504 0 255 0
-0.218684 -0.087501 0.525344 0 255 0
-0.169573 -0.219538 0.590261 0 255 0
-0.157129 -0.256220 0.564608 0 255 0
-0.144965 -0.262307 0.588426 0 255 0
-0.147593 -0.233494 0.583767 0 255 0
-0.157933 -0.481687 0.518573 0 255 0
-0.157373 -0.445593 0.501089 0 255 0
-0.161198 -0.441931 0.511691 0 255 0
-0.153988 -0.470596 0.518845 0 255 0
-0.215011 0.037539 0.533230 0 255 0
-0.210025 0.054538 0.548685 0 255 0
-0.202729 0.061822 0.524257 0 255 0
-0.212368 0.032540 0.523346 0 255 0
-0.162793 -0.345828 0.480238 0 255 0
-0.190249 -0.361765 0.460807 0 255 0
-0.199515 -0.373554 0.468719 0 255 0
-0.181802 -0.352093 0.483013 0 255 0
-0.169968 -0.229398 0.568021 0 255 0
-0.186052 -0.257717 0.559515 0 255 0
-0.160520 -0.252651 0.537750 0 255 0
-0.179387 -0.245901 0.569735 0 255 0
-0.225249 -0.116500 0.517163 0 255 0
-0.229251 -0.144434 0.521270 0 255 0
-0.231804 -0.146172 0.525342 0 255 0
-0.225754 -0.126411 0.543014 0 255 0
-0.224472 -0.108359 0.543277 0 255 0
-0.225405 -0.104891 0.525636 0 255 0
-0.178528 -0.247520 0.576059 0 255 0
-0.170932 -0.268233 0.558596 0 255 0
-0.170573 -0.249470 0.549208 0 255 0
-0.166294 -0.240597 0.576038 0 255 0
-0.144318 -0.137365 0.630383 0 255 0
-0.153431 -0.118137 0.631314 0 255 0
-0.192976 0.071657 0.560850 0 255 0
-0.200215 0.038031 0.569151 0 255 0
-0.199416 0.056024 0.609655 0 255 0
-0.187568 0.062120 0.592418 0 255 0
-0.148274 -0.107410 0.618941 0 255 0
-0.165274 -0.086600 0.609938 0 255 0
-0.171697 -0.111233 0.608686 0 255 0
-0.150511 -0.103948 0.621785 0 255 0
-0.169281 0.058655 0.613117 0 255 0
-0.171363 0.044538 0.604447 0 255 0
-0.162237 0.050524 0.605389 0 255 0
-0.153327 0.068465 0.623329 0 255 0
-0.126086 -0.257845 0.560372 0 255 0
-0.122973 -0.250568 0.560179 0 255 0
-0.170110 -0.166971 0.629181 0 255 0
-0.171533 -0.156458 0.635084 0 255 0
-0.147960 -0.141269 0.638483 0 255 0
-0.179300 -0.137363 0.628456 0 255 0
-0.188686 -0.243872 0.559216 0 255 0
-0.200829 -0.270243 0.541920 0 255 0
-0.178987 -0.281332 0.524003 0 255 0
-0.191458 -0.265358 0.550101 0 255 0
-0.215356 0.080145 0.513058 0 255 0
-0.214247 0.072991 0.549991 0 255 0
-0.172623 0.075060 0.593606 0 255 0
-0.155212 0.089690 0.625918 0 255 0
-0.237107 -0.295939 0.520608 0 255 0
-0.222078 -0.291287 0.526147 0 255 0
-0.224391 -0.261173 0.527164 0 255 0
-0.229964 -0.264934 0.520760 0 255 0
-0.106279 -0.132002 0.631143 0 255 0
-0.123289 -0.135779 0.639048 0 255 0
-0.138171 -0.151979 0.641282 0 255 0
-0.125272 -0.167894 0.638859 0 255 0
-0.203744 -0.125337 0.634987 0 255 0
-0.166472 -0.117947 0.626636 0 255 0
-0.185615 -0.108234 0.608249 0 255 0
-0.101753 -0.143352 0.632663 0 255 0
-0.131172 -0.122547 0.628673 0 255 0
-0.109078 -0.243360 0.563933 0 255 0
-0.098946 -0.234805 0.564041 0 255 0
-0.109755 -0.255724 0.550855 0 255 0
-0.106683 -0.264216 0.523621 0 255 0
-0.094879 -0.261503 0.542477 0 255 0
-0.100648 -0.240836 0.582056 0 255 0
-0.106055 -0.283160 0.526730 0 255 0
-0.091800 -0.263289 0.548873 0 255 0
-0.100122 -0.298038 0.507508 0 255 0
-0.090851 -0.292734 0.498602 0 255 0
-0.194142 -0.245066 0.558440 0 255 0
-0.185197 -0.230913 0.561395 0 255 0
-0.189780 0.081761 0.593769 0 255 0
-0.173074 -0.226276 0.415707 0 255 0
-0.200484 -0.253370 0.424231 0 255 0
-0.198572 -0.224063 0.434618 0 255 0
-0.189994 -0.226993 0.416945 0 255 0
-0.156357 -0.330513 0.459446 0 255 0
-0.161448 -0.322219 0.448063 0 255 0
-0.233572 -0.262407 0.508783 0 255 0
-0.235412 -0.250009 0.498291 0 255 0
-0.228766 -0.233169 0.485833 0 255 0
-0.228829 -0.237109 0.483602 0 255 0
-0.255942 -0.294395 0.503849 0 255 0
-0.243836 -0.295712 0.518492 0 255 0
-0.250945 -0.317807 0.529345 0 255 0
-0.242815 -0.319745 0.526110 0 255 0
-0.212821 0.061826 0.504501 0 255 0
-0.210141 0.030340 0.500284 0 255 0
-0.218705 -0.085960 0.480871 0 255 0
-0.216166 -0.111396 0.470066 0 255 0
-0.213581 -0.102130 0.470074 0 255 0
-0.178907 -0.082253 0.440028 0 255 0
-0.106749 -0.185004 0.410860 0 255 0
-0.126669 -0.199096 0.394835 0 255 0
-0.112671 -0.184176 0.397421 0 255 0
-0.109230 -0.179454 0.396457 0 255 0
-0.186503 -0.236821 0.397826 0 255 0
-0.141848 -0.222035 0.394628 0 255 0
-0.127079 -0.244000 0.393908 0 255 0
-0.158805 -0.246198 0.396119 0 255 0
-0.175558 -0.227584 0.412306 0 255 0
-0.177238 -0.215052 0.406328 0 255 0
-0.216035 -0.125981 0.529109 0 255 0
-0.229271 -0.143779 0.505406 0 255 0
-0.241372 -0.184404 0.516217 0 255 0
-0.234606 -0.197483 0.505445 0 255 0
-0.230178 -0.186518 0.511096 0 255 0
-0.230083 -0.181897 0.516563 0 255 0
-0.151367 -0.311343 0.431766 0 255 0
-0.160207 -0.317325 0.427744 0 255 0
-0.162920 -0.313465 0.421207 0 255 0
-0.136428 -0.277640 0.398095 0 255 0
-0.141769 -0.268134 0.397848 0 255 0
-0.146866 -0.278861 0.399914 0 255 0
-0.145059 -0.280363 0.403286 0 255 0
-0.134056 -0.129605 0.403164 0 255 0
-0.158470 -0.094104 0.390836 0 255 0
-0.114355 -0.108983 0.405521 0 255 0
-0.122123 -0.120916 0.402568 0 255 0
-0.236289 -0.217138 0.500262 0 255 0
-0.235830 -0.228235 0.506120 0 255 0
-0.236477 -0.241755 0.503506 0 255 0
-0.248669 -0.250214 0.497276 0 255 0
-0.235650 -0.201779 0.488063 0 255 0
-0.239312 -0.188089 0.501103 0 255 0
-0.235355 -0.180918 0.493893 0 255 0
-0.239603 -0.181746 0.485740 0 255 0
-0.222098 -0.128639 0.472929 0 255 0
-0.236548 -0.156841 0.490900 0 255 0
-0.228530 -0.148013 0.491802 0 255 0
-0.219924 -0.130354 0.498604 0 255 0
-0.106552 -0.042405 0.422365 0 255 0
-0.098743 -0.040359 0.421895 0 255 0
-0.109117 -0.076591 0.413000 0 255 0
-0.160668 0.014362 0.439428 0 255 0
-0.208918 -0.319650 0.525423 0 255 0
-0.214487 -0.334274 0.531744 0 255 0
-0.192879 -0.344916 0.524685 0 255 0
-0.208069 -0.331192 0.528761 0 255 0
-0.252301 -0.344593 0.513084 0 255 0
-0.248117 -0.367575 0.510020 0 255 0
-0.252427 -0.362925 0.507522 0 255 0
-0.267729 -0.362202 0.502551 0 255 0
-0.210713 -0.368994 0.536637 0 255 0
-0.216803 -0.404312 0.527163 0 255 0
-0.193747 -0.392938 0.539346 0 255 0
-0.201460 -0.345512 0.544107 0 255 0
-0.175354 -0.318061 0.425188 0 255 0
-0.174038 -0.307671 0.428350 0 255 0
-0.165384 -0.325218 0.447177 0 255 0
-0.238919 -0.346912 0.530429 0 255 0
-0.237474 -0.344805 0.534563 0 255 0
-0.232647 -0.381747 0.541390 0 255 0
-0.228498 -0.371484 0.541961 0 255 0
-0.168442 -0.477266 0.498208 0 255 0
-0.163332 -0.450696 0.486654 0 255 0
-0.207034 -0.437089 0.559825 0 255 0
-0.215574 -0.399297 0.548704 0 255 0
-0.237140 -0.394959 0.555425 0 255 0
-0.224471 -0.433007 0.553701 0 255 0
-0.208674 -0.074832 0.465963 0 255 0
-0.154241 -0.076815 0.425084 0 255 0
-0.170037 0.050191 0.442041 0 255 0
-0.141505 0.037229 0.432744 0 255 0
-0.122970 -0.014165 0.426038 0 255 0
-0.178613 0.024624 0.450060 0 255 0
-0.203461 0.063572 0.498144 0 255 0
-0.158621 0.079017 0.431597 0 255 0
-0.196974 0.047395 0.472385 0 255 0
-0.141770 -0.327440 0.441476 0 255 0
-0.156091 -0.320983 0.425840 0 255 0
-0.144989 -0.313407 0.418738 0 255 0
-0.144584 -0.330493 0.428200 0 255 0
-0.245194 0.177935 0.490458 0 255 0
-0.252304 0.166516 0.511035 0 255 0
-0.248646 0.207860 0.518263 0 255 0
-0.243235 0.194617 0.486126 0 255 0
-0.126067 -0.294674 0.403965 0 255 0
-0.121513 -0.300763 0.418398 0 255 0
-0.134481 -0.314698 0.418354 0 255 0
-0.122645 -0.293872 0.416446 0 255 0
-0.244044 0.151008 0.493188 0 255 0
-0.237907 0.151101 0.524508 0 255 0
-0.136471 -0.326850 0.461126 0 255 0
-0.154486 -0.331902 0.454890 0 255 0
-0.127868 -0.325288 0.478676 0 255 0
-0.146212 -0.327513 0.474139 0 255 0
-0.115517 -0.323551 0.491000 0 255 0
-0.234979 0.194583 0.558870 0 255 0
-0.246148 0.211341 0.547659 0 255 0
-0.124521 -0.319791 0.413676 0 255 0
-0.131058 -0.325021 0.428606 0 255 0
-0.113158 -0.309001 0.427634 0 255 0
-0.118931 -0.316660 0.416139 0 255 0
-0.117816 -0.318401 0.399213 0 255 0
-0.109817 -0.328680 0.417486 0 255 0
-0.237960 0.091674 0.524158 0 255 0
-0.221225 0.084788 0.499159 0 255 0
-0.184253 0.334705 0.423484 0 255 0
-0.187281 0.332863 0.443444 0 255 0
-0.163959 0.320967 0.430418 0 255 0
-0.162065 0.317103 0.419780 0 255 0
-0.093363 0.295519 0.414986 0 255 0
-0.131816 0.310761 0.415893 0 255 0
-0.127399 0.316887 0.440010 0 255 0
-0.095760 0.307098 0.440574 0 255 0
-0.108005 0.170351 0.387334 0 255 0
-0.116907 0.163651 0.389365 0 255 0
-0.142457 0.166454 0.387868 0 255 0
-0.144266 0.185158 0.385672 0 255 0
-0.213037 0.088343 0.474556 0 255 0
-0.157041 0.080192 0.429653 0 255 0
-0.199157 0.076869 0.555287 0 255 0
-0.242438 0.347647 0.574090 0 255 0
-0.241273 0.393928 0.567352 0 255 0
-0.236111 0.380613 0.533417 0 255 0
-0.247052 0.343834 0.547052 0 255 0
-0.200053 0.379698 0.474975 0 255 0
-0.168726 0.379749 0.464423 0 255 0
-0.179184 0.353388 0.453821 0 255 0
-0.212689 0.359780 0.477949 0 255 0
-0.136747 0.093663 0.638760 0 255 0
-0.138014 0.105103 0.636292 0 255 0
-0.156584 0.109752 0.625364 0 255 0
-0.077606 0.099169 0.648274 0 255 0
-0.077245 0.125146 0.651270 0 255 0
-0.106830 0.127514 0.647472 0 255 0
-0.098445 0.101698 0.652424 0 255 0
-0.088735 0.222329 0.632077 0 255 0
-0.089689 0.198190 0.636115 0 255 0
-0.076255 0.181715 0.614165 0 255 0
-0.070011 0.215430 0.632400 0 255 0
-0.219031 0.182836 0.579248 0 255 0
-0.225623 0.165531 0.571496 0 255 0
-0.221377 0.184653 0.589774 0 255 0
-0.213721 0.191433 0.596517 0 255 0
-0.104421 0.319439 0.460504 0 255 0
-0.091639 0.310388 0.466800 0 255 0
-0.229139 0.334068 0.593691 0 255 0
-0.222727 0.377261 0.607870 0 255 0
-0.205455 0.370802 0.647012 0 255 0
-0.201299 0.339032 0.632044 0 255 0
-0.174440 0.323529 0.627462 0 255 0
-0.164458 0.366560 0.648099 0 255 0
-0.070100 0.287831 0.614042 0 255 0
-0.072429 0.298323 0.600492 0 255 0
-0.078843 0.287227 0.617906 0 255 0
-0.083695 0.271287 0.622201 0 255 0
-0.096710 0.278887 0.391024 0 255 0
-0.136780 0.276879 0.390770 0 255 0
-0.143467 0.298196 0.415852 0 255 0
-0.104310 0.287049 0.400408 0 255 0
-0.181356 0.079984 0.429933 0 255 0
-0.119057 0.048636 0.429537 0 255 0
-0.161713 0.054765 0.463003 0 255 0
-0.111867 0.045932 0.429707 0 255 0
-0.178140 0.041847 0.435902 0 255 0
-0.197927 -0.088608 0.456380 0 255 0
-0.175565 -0.083054 0.449732 0 255 0
-0.132630 -0.077046 0.417018 0 255 0
-0.188486 -0.059277 0.459293 0 255 0
-0.144314 -0.208129 0.395757 0 255 0
-0.145758 -0.190971 0.395115 0 255 0
-0.137699 0.363304 0.459861 0 255 0
-0.147877 0.391619 0.453404 0 255 0
-0.100775 0.380621 0.475128 0 255 0
-0.097141 0.354770 0.485129 0 255 0
-0.190932 0.406980 0.481087 0 255 0
-0.222099 0.393698 0.502690 0 255 0
-0.213699 0.409703 0.502068 0 255 0
-0.207976 0.407759 0.569531 0 255 0
-0.226477 0.411089 0.535705 0 255 0
-0.189953 0.396207 0.628875 0 255 0
-0.157838 0.397392 0.650360 0 255 0
-0.091292 0.359555 0.605718 0 255 0
-0.075883 0.383283 0.606633 0 255 0
-0.085927 0.391247 0.642344 0 255 0
-0.101411 0.360607 0.630615 0 255 0
-0.128774 0.228471 0.628633 0 255 0
-0.140412 0.249589 0.632692 0 255 0
-0.181202 0.250240 0.635812 0 255 0
-0.164018 0.212513 0.624901 0 255 0
-0.105921 0.077007 0.656888 0 255 0
-0.083368 0.081500 0.653097 0 255 0
-0.124919 0.077130 0.650969 0 255 0
-0.116959 0.073228 0.645412 0 255 0
-0.110970 0.107577 0.667290 0 255 0
-0.108657 -0.022031 0.641083 0 255 0
-0.105869 0.014002 0.632110 0 255 0
-0.124900 0.001022 0.636450 0 255 0
-0.128196 -0.023542 0.643022 0 255 0
-0.132717 -0.046318 0.633219 0 255 0
-0.114276 -0.051973 0.649796 0 255 0
-0.114742 -0.090314 0.625354 0 255 0
-0.127832 -0.084291 0.629270 0 255 0
-0.132739 -0.107551 0.626180 0 255 0
-0.104525 -0.243643 0.576830 0 255 0
-0.094552 -0.223401 0.578672 0 255 0
-0.227060 0.208093 0.571405 0 255 0
-0.072471 0.341566 0.504529 0 255 0
-0.076164 0.362830 0.496231 0 255 0
-0.060855 0.374508 0.527065 0 255 0
-0.051619 0.345559 0.541840 0 255 0
-0.236557 0.159974 0.547406 0 255 0
-0.195195 0.089695 0.595743 0 255 0
-0.207018 0.094254 0.572920 0 255 0
-0.200664 -0.104628 0.564532 0 255 0
-0.205813 -0.072279 0.566041 0 255 0
-0.145534 -0.154190 0.646644 0 255 0
-0.137312 -0.174768 0.638197 0 255 0
-0.245170 0.348372 0.484866 0 255 0
-0.182753 0.434315 0.641576 0 255 0
-0.156721 0.425708 0.651592 0 255 0
-0.144390 0.458895 0.651046 0 255 0
-0.175103 0.464046 0.642584 0 255 0
-0.063368 0.408156 0.577404 0 255 0
-0.073306 0.424206 0.571789 0 255 0
-0.072362 0.439814 0.598798 0 255 0
-0.091440 0.413280 0.599616 0 255 0
-0.066147 0.469234 0.572756 0 255 0
-0.058945 0.478372 0.568702 0 255 0
-0.070283 0.501068 0.594489 0 255 0
-0.073783 0.465715 0.590764 0 255 0
-0.214554 0.408987 0.611192 0 255 0
-0.211112 0.483736 0.606613 0 255 0
-0.217784 0.440304 0.579622 0 255 0
-0.198347 0.443594 0.609744 0 255 0
-0.197547 0.468856 0.617694 0 255 0
-0.155513 0.403205 0.461919 0 255 0
-0.064529 0.355849 0.587746 0 255 0
-0.079864 0.378578 0.592776 0 255 0
-0.067332 0.439378 0.524944 0 255 0
-0.067796 0.407947 0.525079 0 255 0
-0.077109 0.409379 0.497987 0 255 0
-0.079508 0.451702 0.489836 0 255 0
-0.182451 0.460675 0.496591 0 255 0
-0.192061 0.420200 0.481316 0 255 0
-0.206669 0.437217 0.511092 0 255 0
-0.193404 0.451724 0.524768 0 255 0
-0.217299 0.439342 0.543329 0 255 0
-0.209946 0.460201 0.569930 0 255 0
-0.193123 0.525129 0.594415 0 255 0
-0.215063 0.499176 0.607269 0 255 0
-0.188867 0.497731 0.620900 0 255 0
-0.191277 0.520126 0.627406 0 255 0
-0.196078 0.521852 0.561810 0 255 0
-0.182887 0.495492 0.538933 0 255 0
-0.189320 0.516706 0.533801 0 255 0
-0.216193 0.485255 0.545766 0 255 0
-0.174003 0.511649 0.513316 0 255 0
-0.166830 0.485506 0.507785 0 255 0
-0.154832 0.507451 0.500334 0 255 0
-0.171294 0.487925 0.480954 0 255 0
-0.131148 0.478851 0.487201 0 255 0
-0.149734 0.503328 0.497273 0 255 0
-0.109255 0.500933 0.498941 0 255 0
-0.097180 0.481704 0.501171 0 255 0
-0.074542 0.497286 0.526581 0 255 0
-0.069877 0.465420 0.522133 0 255 0
-0.085270 0.471707 0.505237 0 255 0
-0.087537 0.505338 0.500854 0 255 0
-0.080410 0.592989 0.517976 0 255 0
-0.079545 0.568112 0.516722 0 255 0
-0.096161 0.568254 0.513312 0 255 0
-0.102233 0.603643 0.507833 0 255 0
-0.116338 0.587849 0.509481 0 255 0
-0.103398 0.569422 0.506067 0 255 0
-0.133248 0.566956 0.512150 0 255 0
-0.131892 0.591246 0.509542 0 255 0
-0.165181 0.576267 0.529852 0 255 0
-0.165116 0.575717 0.529164 0 255 0
-0.150797 0.590488 0.514395 0 255 0
-0.146388 0.561866 0.523211 0 255 0
-0.177855 0.585244 0.545689 0 255 0
-0.150239 0.591235 0.539230 0 255 0
-0.181259 0.593557 0.570723 0 255 0
-0.183207 0.624521 0.557166 0 255 0
-0.171826 0.602661 0.596299 0 255 0
-0.164466 0.626483 0.601981 0 255 0
-0.060628 0.582228 0.574588 0 255 0
-0.068100 0.585090 0.558520 0 255 0
-0.059123 0.600241 0.545286 0 255 0
-0.066575 0.598840 0.571975 0 255 0
-0.088729 0.597255 0.615086 0 255 0
-0.091889 0.624585 0.614866 0 255 0
-0.103132 0.626793 0.619244 0 255 0
-0.113159 0.620220 0.636330 0 255 0
-0.187217 0.552785 0.598737 0 255 0
-0.179773 0.554680 0.582944 0 255 0
-0.184065 0.540579 0.540137 0 255 0
-0.177501 0.515658 0.538302 0 255 0
-0.075546 0.522505 0.525570 0 255 0
-0.098177 0.527475 0.520790 0 255 0
-0.067504 0.529782 0.590192 0 255 0
-0.062218 0.519816 0.563573 0 255 0
-0.143367 0.581563 0.643748 0 255 0
-0.167710 0.572947 0.618791 0 255 0
-0.173790 0.554149 0.627007 0 255 0
-0.169799 0.563587 0.659291 0 255 0
-0.185104 0.570755 0.569894 0 255 0
-0.161379 0.565571 0.528680 0 255 0
-0.166395 0.556046 0.526852 0 255 0
-0.134714 0.544235 0.508834 0 255 0
-0.151354 0.550840 0.513761 0 255 0
-0.119273 0.544912 0.511277 0 255 0
-0.076005 0.546634 0.522449 0 255 0
-0.091227 0.541093 0.486290 0 255 0
-0.064340 0.557203 0.583368 0 255 0
-0.057158 0.541690 0.568263 0 255 0
-0.129014 0.631128 0.625907 0 255 0
-0.146113 0.637764 0.602507 0 255 0
-0.158080 0.607939 0.622295 0 255 0
-0.151233 0.590370 0.641584 0 255 0
-0.123649 0.650243 0.606630 0 255 0
-0.117249 0.665982 0.610882 0 255 0
-0.133550 0.604118 0.503791 0 255 0
-0.122944 0.600397 0.503465 0 255 0
-0.150829 0.609319 0.506897 0 255 0
-0.174791 0.635460 0.582030 0 255 0
-0.173897 0.626126 0.536984 0 255 0
-0.164747 0.651367 0.577862 0 255 0
-0.144084 0.650802 0.600562 0 255 0
-0.066339 0.626340 0.524926 0 255 0
-0.066195 0.649716 0.542646 0 255 0
-0.052561 0.622866 0.554410 0 255 0
-0.064200 0.620925 0.538850 0 255 0
-0.087630 0.615630 0.507161 0 255 0
-0.084131 0.611900 0.515402 0 255 0
-0.113694 0.599563 0.501495 0 255 0
-0.098605 0.623698 0.489572 0 255 0
-0.167403 0.630725 0.489460 0 255 0
-0.117225 0.620947 0.485158 0 255 0
-0.160909 0.623918 0.483145 0 255 0
-0.171337 0.650398 0.525717 0 255 0
-0.174142 0.627994 0.517369 0 255 0
-0.165491 0.614308 0.519545 0 255 0
-0.173141 0.651943 0.551685 0 255 0
-0.141860 0.700300 0.553394 0 255 0
-0.154388 0.677456 0.533253 0 255 0
-0.145684 0.674312 0.570719 0 255 0
-0.097491 0.774987 0.495390 0 255 0
-0.096763 0.804279 0.476729 0 255 0
-0.119497 0.811668 0.466106 0 255 0
-0.126876 0.778192 0.495748 0 255 0
-0.064722 0.686895 0.523371 0 255 0
-0.064116 0.672410 0.526526 0 255 0
-0.081100 0.622170 0.476898 0 255 0
-0.078224 0.646648 0.479428 0 255 0
-0.175091 0.704260 0.494397 0 255 0
-0.165439 0.685235 0.470757 0 255 0
-0.178988 0.657465 0.498040 0 255 0
-0.170687 0.675523 0.511911 0 255 0
-0.046468 0.757925 0.478553 0 255 0
-0.051848 0.721903 0.489062 0 255 0
-0.039600 0.714980 0.469107 0 255 0
-0.046836 0.738679 0.452609 0 255 0
-0.094217 0.663374 0.458848 0 255 0
-0.085167 0.689353 0.430932 0 255 0
-0.067270 0.695631 0.434875 0 255 0
-0.071686 0.668123 0.461181 0 255 0
-0.176956 0.761468 0.451824 0 255 0
-0.152546 0.742612 0.435949 0 255 0
-0.154113 0.708761 0.453551 0 255 0
-0.163413 0.727084 0.474879 0 255 0
-0.137815 0.732744 0.535280 0 255 0
-0.134928 0.751998 0.515634 0 255 0
-0.143816 0.736700 0.501641 0 255 0
-0.161456 0.716448 0.518330 0 255 0
-0.107802 0.723324 0.551636 0 255 0
-0.108425 0.750698 0.518521 0 255 0
-0.044837 0.800220 0.412389 0 255 0
-0.048097 0.809854 0.431567 0 255 0
-0.041017 0.788813 0.456233 0 255 0
-0.046803 0.768271 0.435475 0 255 0
-0.077693 0.719405 0.413281 0 255 0
-0.079085 0.752043 0.402205 0 255 0
-0.064903 0.764765 0.419290 0 255 0
-0.064309 0.723176 0.424756 0 255 0
-0.147602 0.817542 0.426353 0 255 0
-0.128761 0.805556 0.403319 0 255 0
-0.141511 0.790614 0.421004 0 255 0
-0.143587 0.785605 0.438594 0 255 0
-0.113443 0.825587 0.450890 0 255 0
-0.126370 0.827128 0.440004 0 255 0
-0.136555 0.811308 0.459118 0 255 0
-0.089914 0.832858 0.455587 0 255 0
-0.088653 0.862004 0.435801 0 255 0
-0.099477 0.861419 0.434681 0 255 0
-0.039539 0.814923 0.412385 0 255 0
-0.048829 0.838940 0.413310 0 255 0
-0.048819 0.812901 0.392751 0 255 0
-0.061636 0.788378 0.396297 0 255 0
-0.075468 0.771846 0.392526 0 255 0
-0.069860 0.815961 0.374955 0 255 0
-0.107166 0.798685 0.386621 0 255 0
-0.099315 0.822069 0.372349 0 255 0
-0.090611 0.831883 0.374252 0 255 0
-0.091799 0.785775 0.384258 0 255 0
-0.125977 0.834236 0.379200 0 255 0
-0.109109 0.827253 0.378347 0 255 0
-0.105791 0.796976 0.381348 0 255 0
-0.120443 0.844250 0.405179 0 255 0
-0.144506 0.866753 0.411082 0 255 0
-0.065151 0.313280 0.524953 0 255 0
-0.070019 0.323509 0.522691 0 255 0
-0.061234 0.329089 0.540255 0 255 0
-0.044910 0.330562 0.519752 0 255 0
-0.090806 0.445560 0.624748 0 255 0
-0.107469 0.421208 0.633594 0 255 0
-0.083734 0.505998 0.618081 0 255 0
-0.090131 0.465620 0.639941 0 255 0
-0.080627 0.535123 0.612093 0 255 0
-0.073669 0.591258 0.588647 0 255 0
-0.076884 0.563687 0.604368 0 255 0
-0.068389 0.636110 0.581093 0 255 0
-0.072411 0.635621 0.571778 0 255 0
-0.074133 0.665874 0.554302 0 255 0
-0.070077 0.707069 0.525873 0 255 0
-0.076856 0.700996 0.563130 0 255 0
-0.058095 0.696760 0.508304 0 255 0
-0.053883 0.765607 0.476956 0 255 0
-0.064743 0.733395 0.506958 0 255 0
-0.058734 0.826450 0.440153 0 255 0
-0.057747 0.790460 0.465292 0 255 0
-0.056297 0.838470 0.411563 0 255 0
-0.140159 0.310118 0.638722 0 255 0
-0.162174 0.283165 0.650467 0 255 0
-0.113977 0.296809 0.628789 0 255 0
-0.096634 0.317639 0.634962 0 255 0
-0.066127 0.296208 0.581787 0 255 0
-0.075266 0.296409 0.560609 0 255 0
-0.066697 0.302298 0.586615 0 255 0
-0.064128 0.311227 0.588340 0 255 0
-0.180576 0.578877 0.600203 0 255 0
-0.147149 0.534808 0.505250 0 255 0
-0.112100 0.524588 0.504829 0 255 0
-0.141257 0.540291 0.502391 0 255 0
-0.093086 0.570864 0.626804 0 255 0
-0.119271 0.589149 0.636518 0 255 0
-0.122231 0.547660 0.645722 0 255 0
-0.096469 0.543195 0.635286 0 255 0
-0.115449 0.702452 0.555373 0 255 0
-0.103689 0.687390 0.547189 0 255 0
-0.089526 0.717608 0.534562 0 255 0
-0.111058 0.671634 0.572403 0 255 0
-0.156013 0.648313 0.473238 0 255 0
-0.141238 0.648675 0.464553 0 255 0
-0.112273 0.661164 0.444337 0 255 0
-0.122173 0.638631 0.453211 0 255 0
-0.135270 0.664018 0.445188 0 255 0
-0.104976 0.486495 0.636166 0 255 0
-0.104178 0.513226 0.637988 0 255 0
-0.134093 0.543063 0.643014 0 255 0
-0.137308 0.489102 0.650184 0 255 0
-0.175193 0.014859 0.437767 0 255 0
-0.158112 0.040912 0.437710 0 255 0
-0.201296 -0.122808 0.612268 0 255 0
-0.188726 -0.124123 0.614825 0 255 0
-0.197009 -0.091975 0.598216 0 255 0
-0.202314 -0.116950 0.593796 0 255 0
-0.222192 -0.148335 0.585786 0 255 0
-0.205212 -0.144885 0.600267 0 255 0
-0.213923 -0.140977 0.575959 0 255 0
-0.208862 -0.159344 0.590954 0 255 0
-0.203177 -0.232838 0.534133 0 255 0
-0.209392 -0.257376 0.537945 0 255 0
-0.082569 -0.083924 0.624798 0 255 0
-0.092780 -0.067555 0.634577 0 255 0
-0.122660 -0.051080 0.652052 0 255 0
-0.116442 0.119615 0.645582 0 255 0
-0.148409 0.212045 0.627315 0 255 0
-0.109785 0.198364 0.634337 0 255 0
-0.117126 0.236234 0.628244 0 255 0
-0.067438 0.269022 0.617801 0 255 0
-0.049501 0.270025 0.606957 0 255 0
-0.062987 0.287020 0.595634 0 255 0
-0.079472 0.297427 0.583944 0 255 0
-0.144061 -0.046001 0.425499 0 255 0
-0.171399 -0.080740 0.434316 0 255 0
-0.106291 -0.205721 0.394471 0 255 0
-0.116274 -0.215901 0.401246 0 255 0
-0.121024 -0.235440 0.393417 0 255 0
-0.105436 -0.220521 0.421093 0 255 0
-0.104156 -0.239114 0.392265 0 255 0
-0.119711 -0.243827 0.393998 0 255 0
-0.115588 -0.302260 0.407444 0 255 0
-0.114769 -0.296825 0.387684 0 255 0
-0.063273 0.301003 0.561040 0 255 0
-0.074612 0.283798 0.558156 0 255 0
-0.061263 0.307642 0.567679 0 255 0
-0.076421 0.332527 0.620182 0 255 0
-0.085301 0.319195 0.615759 0 255 0
-0.056864 0.315775 0.621724 0 255 0
-0.066377 0.336744 0.592636 0 255 0
-0.258308 0.310842 0.536727 0 255 0
-0.246870 0.312551 0.576723 0 255 0
-0.132065 0.342486 0.438151 0 255 0
-0.215104 -0.493564 0.553873 0 255 0
-0.230473 -0.456691 0.558183 0 255 0
-0.231404 -0.468021 0.547387 0 255 0
-0.212365 -0.495589 0.538716 0 255 0
-0.156990 -0.135757 0.408689 0 255 0
-0.159372 -0.116747 0.435380 0 255 0
-0.142103 -0.315974 0.472388 0 255 0
-0.176286 -0.334991 0.459160 0 255 0
-0.170300 -0.327349 0.449151 0 255 0
-0.164888 -0.311804 0.467175 0 255 0
-0.168602 -0.336485 0.472116 0 255 0
-0.210241 -0.279978 0.412503 0 255 0
-0.200222 -0.267840 0.419627 0 255 0
-0.186094 -0.284317 0.416812 0 255 0
-0.205190 -0.290082 0.423226 0 255 0
-0.126470 0.207112 0.379680 0 255 0
-0.112974 0.208297 0.379175 0 255 0
-0.098475 0.036672 0.430245 0 255 0
-0.103116 0.016547 0.430310 0 255 0
-0.148404 0.003985 0.440895 0 255 0
-0.114679 0.002677 0.428167 0 255 0
-0.170957 -0.129724 0.423359 0 255 0
-0.196744 -0.120201 0.439719 0 255 0
-0.094565 -0.168761 0.635576 0 255 0
-0.109069 -0.176288 0.630339 0 255 0
-0.099156 -0.202212 0.621095 0 255 0
-0.093144 -0.186402 0.617580 0 255 0
-0.245949 -0.428965 0.514648 0 255 0
-0.243539 -0.439364 0.536788 0 255 0
-0.237525 -0.407087 0.533944 0 255 0
-0.249021 -0.400592 0.527648 0 255 0
-0.217547 0.327120 0.458442 0 255 0
-0.244360 0.311001 0.490764 0 255 0
-0.215593 -0.032245 0.505351 0 255 0
-0.189299 -0.005631 0.461885 0 255 0
-0.199525 -0.021724 0.482975 0 255 0
-0.166601 -0.010257 0.440196 0 255 0
-0.212684 -0.082716 0.491250 0 255 0
-0.212254 -0.069217 0.502159 0 255 0
-0.222181 -0.122195 0.505556 0 255 0
-0.236758 -0.288603 0.522150 0 255 0
-0.226875 -0.263172 0.505727 0 255 0
-0.237440 -0.263955 0.514153 0 255 0
-0.098794 0.304514 0.611931 0 255 0
-0.114391 0.267625 0.629586 0 255 0
-0.124882 0.245969 0.640719 0 255 0
-0.065443 0.295902 0.570975 0 255 0
-0.058666 0.298243 0.583018 0 255 0
-0.106968 -0.330803 0.493315 0 255 0
-0.113383 -0.349541 0.484193 0 255 0
-0.219833 -0.369790 0.539622 0 255 0
-0.213033 -0.349296 0.537586 0 255 0
-0.231353 -0.216934 0.516142 0 255 0
-0.240873 -0.241239 0.520797 0 255 0
-0.224967 -0.243523 0.524883 0 255 0
-0.207204 -0.219312 0.521945 0 255 0
-0.234955 -0.215806 0.507844 0 255 0
-0.235295 -0.240714 0.498300 0 255 0
-0.169143 -0.288874 0.546482 0 255 0
-0.165221 -0.302386 0.538957 0 255 0
-0.161257 -0.306229 0.534383 0 255 0
-0.157484 -0.294282 0.534641 0 255 0
-0.155841 -0.275754 0.548938 0 255 0
-0.158246 -0.299070 0.522133 0 255 0
-0.146128 -0.287682 0.536382 0 255 0
-0.160802 -0.271029 0.554059 0 255 0
-0.133454 -0.310016 0.491591 0 255 0
-0.116188 -0.299475 0.494545 0 255 0
-0.103989 -0.293106 0.516100 0 255 0
-0.072089 -0.263842 0.524492 0 255 0
-0.112006 -0.274698 0.395903 0 255 0
-0.128756 -0.265354 0.409947 0 255 0
-0.123890 -0.266803 0.394778 0 255 0
-0.110439 -0.249273 0.402260 0 255 0
-0.092261 -0.256995 0.393540 0 255 0
-0.087552 -0.269758 0.389253 0 255 0
-0.100311 -0.319702 0.498344 0 255 0
-0.092092 -0.306964 0.509119 0 255 0
-0.083748 -0.300724 0.510030 0 255 0
-0.173490 -0.453434 0.488322 0 255 0
-0.175548 -0.457233 0.476217 0 255 0
-0.121347 -0.340478 0.454427 0 255 0
-0.128212 -0.332717 0.468523 0 255 0
-0.170606 -0.486820 0.459326 0 255 0
-0.191448 -0.462550 0.472021 0 255 0
-0.144094 -0.337226 0.489375 0 255 0
-0.162656 -0.329128 0.494381 0 255 0
-0.157866 -0.332062 0.463203 0 255 0
-0.092574 -0.327608 0.499895 0 255 0
-0.066528 -0.335665 0.514306 0 255 0
-0.255576 0.276413 0.544193 0 255 0
-0.260087 0.281543 0.592404 0 255 0
-0.209002 0.015868 0.544166 0 255 0
-0.201946 -0.006770 0.567290 0 255 0
-0.067075 -0.019588 0.639597 0 255 0
-0.075640 -0.001810 0.642264 0 255 0
-0.085066 0.002353 0.643520 0 255 0
-0.087359 -0.034047 0.657309 0 255 0
-0.072266 -0.083384 0.624371 0 255 0
-0.063618 -0.044593 0.623313 0 255 0
-0.054203 -0.324450 0.497805 0 255 0
-0.103449 0.073317 0.667573 0 255 0
-0.102115 0.024433 0.643398 0 255 0
-0.094440 0.025580 0.637071 0 255 0
-0.080962 0.053476 0.647789 0 255 0
-0.053405 0.094916 0.659791 0 255 0
-0.068610 0.096952 0.655294 0 255 0
-0.077018 0.227114 0.636841 0 255 0
-0.069382 0.231935 0.630139 0 255 0
-0.169122 -0.369189 0.483286 0 255 0
-0.166761 -0.388243 0.474657 0 255 0
-0.184108 -0.388688 0.491603 0 255 0
-0.166237 -0.368134 0.493717 0 255 0
-0.125251 0.045280 0.626506 0 255 0
-0.118518 0.046943 0.640585 0 255 0
-0.199471 -0.221207 0.558085 0 255 0
-0.210807 -0.216396 0.545587 0 255 0
-0.097768 -0.122774 0.617771 0 255 0
-0.123230 -0.182211 0.629828 0 255 0
-0.128803 -0.213192 0.603217 0 255 0
-0.136109 -0.188668 0.629064 0 255 0
-0.128470 -0.201471 0.623429 0 255 0
-0.068352 0.291739 0.565928 0 255 0
-0.065176 0.287602 0.572801 0 255 0
-0.244253 -0.368923 0.475299 0 255 0
-0.234182 -0.391452 0.468394 0 255 0
-0.248175 -0.351122 0.482488 0 255 0
-0.245015 -0.361303 0.490581 0 255 0
-0.059257 0.351500 0.561976 0 255 0
-0.056431 0.340675 0.572094 0 255 0
-0.085246 0.310391 0.493173 0 255 0
-0.068150 0.309825 0.510162 0 255 0
-0.077388 0.294876 0.509000 0 255 0
-0.086523 0.303535 0.493960 0 255 0
-0.125182 0.392952 0.645442 0 255 0
-0.126552 0.350306 0.641038 0 255 0
-0.120571 0.423389 0.645438 0 255 0
-0.109755 0.478948 0.653417 0 255 0
-0.087843 0.643145 0.584277 0 255 0
-0.103375 0.671301 0.554768 0 255 0
-0.085380 0.743357 0.514806 0 255 0
-0.083739 0.765170 0.490324 0 255 0
-0.076083 0.799132 0.472450 0 255 0
-0.067940 0.852617 0.428075 0 255 0
-0.071912 0.828370 0.450551 0 255 0
-0.207451 -0.500831 0.469688 0 255 0
-0.214598 -0.500775 0.484309 0 255 0
-0.240965 -0.455646 0.475485 0 255 0
-0.207355 -0.464886 0.474867 0 255 0
-0.189168 -0.420384 0.531611 0 255 0
-0.196829 -0.450720 0.552756 0 255 0
-0.195294 -0.431633 0.532164 0 255 0
-0.189064 -0.419827 0.543200 0 255 0
-0.187838 -0.470977 0.557930 0 255 0
-0.209007 -0.455331 0.555776 0 255 0
-0.208295 -0.483468 0.554866 0 255 0
-0.230245 -0.500836 0.534625 0 255 0
-0.218285 -0.461462 0.530214 0 255 0
-0.239510 -0.470058 0.520916 0 255 0
-0.237642 -0.510551 0.519485 0 255 0
-0.223609 -0.504377 0.495367 0 255 0
-0.216975 -0.511152 0.515985 0 255 0
-0.236355 -0.474367 0.506664 0 255 0
-0.228360 -0.464594 0.486147 0 255 0
-0.160511 -0.470501 0.531528 0 255 0
-0.179131 -0.437495 0.520320 0 255 0
-0.173377 -0.444918 0.538718 0 255 0
-0.176837 -0.467349 0.546458 0 255 0
-0.180539 -0.395273 0.460328 0 255 0
-0.179825 -0.371118 0.478513 0 255 0
-0.200416 -0.286274 0.536510 0 255 0
-0.182998 -0.323796 0.535015 0 255 0
-0.187152 -0.318085 0.529758 0 255 0
-0.175405 -0.302614 0.533082 0 255 0
-0.166144 -0.424463 0.482571 0 255 0
-0.179942 -0.441205 0.479770 0 255 0
-0.178669 -0.411057 0.464302 0 255 0
-0.172985 -0.412049 0.474129 0 255 0
-0.168061 -0.415944 0.526394 0 255 0
-0.166476 -0.399142 0.532902 0 255 0
-0.181148 -0.391304 0.532134 0 255 0
-0.176476 -0.434831 0.557117 0 255 0
-0.236020 -0.403433 0.545648 0 255 0
-0.237142 -0.436012 0.564915 0 255 0
-0.170984 -0.359789 0.510132 0 255 0
-0.159965 -0.371150 0.518958 0 255 0
-0.205363 -0.211194 0.560580 0 255 0
-0.208132 -0.202079 0.529042 0 255 0
-0.224663 -0.184953 0.529270 0 255 0
-0.199484 -0.133732 0.633130 0 255 0
-0.186186 -0.160565 0.623777 0 255 0
-0.203027 -0.155449 0.571658 0 255 0
-0.219659 -0.134162 0.562034 0 255 0
-0.176908 -0.158464 0.603329 0 255 0
-0.193948 -0.149857 0.616151 0 255 0
-0.143094 -0.059070 0.620934 0 255 0
-0.088118 -0.293173 0.514981 0 255 0
-0.151718 -0.405931 0.517002 0 255 0
-0.163497 -0.400509 0.495123 0 255 0
-0.253790 -0.375406 0.545729 0 255 0
-0.244132 -0.375976 0.536827 0 255 0
-0.241158 -0.333105 0.526880 0 255 0
-0.248268 -0.351440 0.529248 0 255 0
-0.210200 -0.174982 0.422144 0 255 0
-0.221190 -0.161258 0.452744 0 255 0
-0.194772 -0.142975 0.440912 0 255 0
-0.202331 -0.147135 0.431522 0 255 0
-0.236188 -0.389414 0.460176 0 255 0
-0.237543 -0.361941 0.457952 0 255 0
-0.214042 -0.351260 0.436395 0 255 0
-0.228582 -0.385008 0.456888 0 255 0
-0.235137 -0.370398 0.470800 0 255 0
-0.200180 -0.381365 0.449210 0 255 0
-0.192138 -0.398544 0.456137 0 255 0
-0.213317 -0.390690 0.452510 0 255 0
-0.255944 0.255372 0.527556 0 255 0
-0.245321 0.236905 0.482594 0 255 0
-0.179126 0.101864 0.622051 0 255 0
-0.192914 0.100028 0.593416 0 255 0
-0.153783 0.189402 0.622782 0 255 0
-0.071297 0.305552 0.598582 0 255 0
-0.091953 0.301959 0.626476 0 255 0
-0.058149 0.377105 0.555994 0 255 0
-0.263598 0.239631 0.556855 0 255 0
-0.062723 0.438364 0.550311 0 255 0
-0.064146 0.405063 0.548335 0 255 0
-0.104584 0.446921 0.485187 0 255 0
-0.114506 0.422408 0.475413 0 255 0
-0.131047 0.423678 0.472291 0 255 0
-0.129556 0.452928 0.465214 0 255 0
-0.160472 0.429307 0.476177 0 255 0
-0.161811 0.465637 0.493435 0 255 0
-0.158091 0.521563 0.644372 0 255 0
-0.102360 0.696684 0.435739 0 255 0
-0.122987 0.723369 0.411572 0 255 0
-0.086203 0.723360 0.418515 0 255 0
-0.130027 0.691604 0.427164 0 255 0
-0.161560 0.666922 0.447746 0 255 0
-0.148868 0.699380 0.436525 0 255 0
-0.168658 0.782077 0.478959 0 255 0
-0.097366 0.752403 0.397461 0 255 0
-0.108729 0.768083 0.392374 0 255 0
-0.141153 0.731189 0.420918 0 255 0
-0.133891 0.767814 0.407108 0 255 0
-0.060398 0.322340 0.573007 0 255 0
-0.071872 0.291657 0.476377 0 255 0
-0.227339 0.278224 0.608751 0 255 0
-0.231119 0.302062 0.628970 0 255 0
-0.143685 0.267346 0.631580 0 255 0
-0.168494 0.259960 0.634031 0 255 0
-0.174211 0.023821 0.601359 0 255 0
-0.167133 0.033203 0.608498 0 255 0
-0.180040 -0.021500 0.597451 0 255 0
-0.176728 0.000776 0.592807 0 255 0
-0.192276 -0.000610 0.583487 0 255 0
-0.194531 -0.026038 0.572021 0 255 0
-0.212844 -0.026510 0.541630 0 255 0
-0.214835 0.007320 0.546031 0 255 0
-0.212993 -0.005722 0.519628 0 255 0
-0.214999 -0.020163 0.501196 0 255 0
-0.207998 0.011867 0.498211 0 255 0
-0.204452 0.018048 0.528214 0 255 0
-0.162995 -0.048537 0.433941 0 255 0
-0.174911 -0.032173 0.435037 0 255 0
-0.147954 -0.013014 0.430651 0 255 0
-0.120226 -0.038101 0.423587 0 255 0
-0.093191 0.242662 0.631707 0 255 0
-0.060827 0.308734 0.570059 0 255 0
-0.136569 0.335096 0.642232 0 255 0
-0.190945 0.314410 0.638513 0 255 0
-0.203378 0.308270 0.627377 0 255 0
-0.211969 -0.356646 0.514009 0 255 0
-0.229025 -0.212478 0.476005 0 255 0
-0.235110 -0.234955 0.455912 0 255 0
-0.195515 -0.413994 0.458562 0 255 0
-0.215898 -0.414189 0.466304 0 255 0
-0.175152 -0.369226 0.521548 0 255 0
-0.165276 -0.377557 0.484646 0 255 0
-0.175463 -0.346868 0.501201 0 255 0
-0.153772 -0.371956 0.496951 0 255 0
-0.191275 0.200475 0.612446 0 255 0
-0.183902 0.224889 0.611504 0 255 0
-0.220491 0.219125 0.600943 0 255 0
-0.069293 0.317810 0.515049 0 255 0
-0.075454 0.294327 0.523852 0 255 0
-0.113861 0.283342 0.638848 0 255 0
-0.066344 0.497056 0.548004 0 255 0
-0.072015 0.464356 0.549183 0 255 0
-0.065311 0.522937 0.545346 0 255 0
-0.065827 0.540907 0.531336 0 255 0
-0.063734 0.571468 0.535068 0 255 0
-0.073563 0.596123 0.521312 0 255 0
-0.071377 0.615163 0.524605 0 255 0
-0.068024 0.637784 0.511307 0 255 0
-0.056332 0.686184 0.489078 0 255 0
-0.084854 0.649153 0.491795 0 255 0
-0.061110 0.675882 0.474575 0 255 0
-0.052787 0.709050 0.457985 0 255 0
-0.052554 0.760920 0.421404 0 255 0
-0.044198 0.730685 0.449604 0 255 0
-0.053265 0.792343 0.406032 0 255 0
-0.038004 0.822668 0.396963 0 255 0
-0.066669 0.297303 0.551695 0 255 0
-0.067433 0.296367 0.522441 0 255 0
-0.152456 -0.316878 0.498883 0 255 0
-0.215913 -0.232779 0.545246 0 255 0
-0.217363 -0.249052 0.531982 0 255 0
-0.172747 -0.346668 0.516389 0 255 0
-0.081869 0.292337 0.454365 0 255 0
-0.084351 0.279936 0.410346 0 255 0
-0.236820 -0.447185 0.493969 0 255 0
-0.209969 -0.422859 0.487652 0 255 0
-0.187720 -0.365789 0.527029 0 255 0
-0.210068 -0.262439 0.530421 0 255 0
-0.208529 -0.297507 0.527959 0 255 0
-0.069509 -0.612229 0.461971 0 255 0
-0.054372 -0.612595 0.463369 0 255 0
-0.059363 -0.624260 0.454890 0 255 0
-0.078245 -0.616170 0.461586 0 255 0
-0.065071 -0.595122 0.473904 0 255 0
-0.050227 -0.604292 0.470290 0 255 0
-0.073929 -0.597382 0.517967 0 255 0
-0.049516 -0.615919 0.521638 0 255 0
-0.065123 -0.605365 0.516023 0 255 0
-0.065219 -0.596397 0.515862 0 255 0
-0.033351 -0.612682 0.483136 0 255 0
-0.047678 -0.599244 0.480059 0 255 0
-0.045087 -0.600126 0.493681 0 255 0
-0.030327 -0.607774 0.490301 0 255 0
-0.073252 -0.636831 0.526043 0 255 0
-0.092747 -0.618117 0.536770 0 255 0
-0.116277 -0.619126 0.517761 0 255 0
-0.081769 -0.638063 0.524185 0 255 0
-0.136319 -0.547175 0.523923 0 255 0
-0.144796 -0.547599 0.530204 0 255 0
-0.125884 -0.567015 0.525886 0 255 0
-0.134511 -0.564812 0.542767 0 255 0
-0.101769 -0.580944 0.468210 0 255 0
-0.091543 -0.598891 0.463691 0 255 0
-0.095200 -0.615253 0.464854 0 255 0
-0.117510 -0.603215 0.465120 0 255 0
-0.103541 -0.578553 0.487582 0 255 0
-0.118669 -0.562400 0.493801 0 255 0
-0.125171 -0.570685 0.508948 0 255 0
-0.100051 -0.571541 0.507510 0 255 0
-0.146296 -0.609709 0.485953 0 255 0
-0.129870 -0.585671 0.463887 0 255 0
-0.053678 -0.588102 0.494549 0 255 0
-0.081655 -0.579869 0.492972 0 255 0
-0.098040 -0.577176 0.515487 0 255 0
-0.064441 -0.591002 0.504514 0 255 0
-0.031328 -0.641131 0.505099 0 255 0
-0.059037 -0.638573 0.524053 0 255 0
-0.057104 -0.647124 0.541192 0 255 0
-0.046419 -0.653785 0.510722 0 255 0
-0.008205 -0.604134 0.508254 0 255 0
-0.047360 -0.601379 0.502344 0 255 0
-0.039551 -0.628113 0.519232 0 255 0
-0.047884 -0.647406 0.468301 0 255 0
-0.080193 -0.631433 0.457202 0 255 0
-0.063948 -0.632385 0.464317 0 255 0
-0.037197 -0.645978 0.474167 0 255 0
-0.101461 -0.581442 0.531416 0 255 0
-0.105905 -0.588157 0.532053 0 255 0
-0.082751 -0.585558 0.518779 0 255 0
-0.095672 -0.560973 0.525599 0 255 0
-0.104877 -0.581820 0.469154 0 255 0
-0.073437 -0.594306 0.459638 0 255 0
-0.088874 -0.637734 0.475035 0 255 0
-0.098055 -0.650237 0.460000 0 255 0
-0.103994 -0.621009 0.468998 0 255 0
-0.081438 -0.611283 0.481948 0 255 0
-0.129908 -0.630257 0.500879 0 255 0
-0.097575 -0.629388 0.478578 0 255 0
-0.108915 -0.638114 0.508245 0 255 0
-0.118276 -0.624478 0.512126 0 255 0
-0.120184 -0.578129 0.542317 0 255 0
-0.146298 -0.557238 0.516667 0 255 0
-0.109239 -0.605660 0.542049 0 255 0
-0.129282 -0.582385 0.542892 0 255 0
-0.132745 -0.605030 0.544338 0 255 0
-0.099475 -0.610502 0.534218 0 255 0
-0.150660 -0.552175 0.479666 0 255 0
-0.145956 -0.544060 0.489787 0 255 0
-0.142146 -0.567435 0.469209 0 255 0
-0.143641 -0.580330 0.464462 0 255 0
-0.149144 -0.579388 0.466787 0 255 0
-0.154110 -0.568085 0.467812 0 255 0
-0.193739 -0.569580 0.485442 0 255 0
-0.182968 -0.570840 0.483349 0 255 0
-0.191479 -0.581809 0.495262 0 255 0
-0.190074 -0.577633 0.507605 0 255 0
-0.167280 -0.613226 0.517724 0 255 0
-0.136874 -0.612820 0.509351 0 255 0
-0.145470 -0.619696 0.524186 0 255 0
-0.168161 -0.605585 0.538855 0 255 0
-0.170033 -0.590404 0.550460 0 255 0
-0.150021 -0.610609 0.541822 0 255 0
-0.148119 -0.592150 0.550130 0 255 0
-0.154455 -0.587845 0.540357 0 255 0
-0.196532 -0.537581 0.555590 0 255 0
-0.196338 -0.547537 0.541970 0 255 0
-0.181916 -0.544870 0.555802 0 255 0
-0.196185 -0.515491 0.549746 0 255 0
-0.166137 -0.529296 0.543759 0 255 0
-0.155209 -0.506518 0.522052 0 255 0
-0.160096 -0.514470 0.534578 0 255 0
-0.183444 -0.516830 0.533836 0 255 0
-0.170515 -0.527918 0.482204 0 255 0
-0.171157 -0.533999 0.482261 0 255 0
-0.181410 -0.545259 0.476692 0 255 0
-0.178329 -0.531799 0.482864 0 255 0
-0.181797 -0.604930 0.525626 0 255 0
-0.184587 -0.613572 0.541742 0 255 0
-0.162530 -0.537773 0.541622 0 255 0
-0.156805 -0.540910 0.544576 0 255 0
-0.152864 -0.539307 0.529735 0 255 0
-0.174920 -0.549300 0.527194 0 255 0
-0.156212 -0.531368 0.505889 0 255 0
-0.143436 -0.527900 0.512036 0 255 0
-0.155397 -0.540349 0.492458 0 255 0
-0.156211 -0.531728 0.500595 0 255 0
-0.167078 -0.541532 0.481623 0 255 0
-0.162939 -0.541438 0.490260 0 255 0
-0.168212 -0.556522 0.473467 0 255 0
-0.187382 -0.548978 0.455568 0 255 0
-0.189876 -0.597664 0.528264 0 255 0
-0.194977 -0.579423 0.526239 0 255 0
-0.197943 -0.588735 0.519093 0 255 0
-0.183815 -0.617454 0.517561 0 255 0
-0.167766 -0.568307 0.554555 0 255 0
-0.158761 -0.585377 0.552959 0 255 0
-0.145511 -0.545186 0.505717 0 255 0
-0.150617 -0.535501 0.545316 0 255 0
-0.144261 -0.544631 0.518085 0 255 0
-0.158948 -0.555063 0.478480 0 255 0
-0.204333 -0.543619 0.551319 0 255 0
-0.206864 -0.529669 0.535428 0 255 0
-0.217232 -0.527706 0.545036 0 255 0
-0.208414 -0.532621 0.543676 0 255 0
-0.200025 -0.516966 0.556574 0 255 0
-0.185725 -0.522595 0.563389 0 255 0
-0.159181 -0.496578 0.534380 0 255 0
-0.169170 -0.503168 0.528820 0 255 0
-0.153476 -0.496466 0.521336 0 255 0
-0.140493 -0.506582 0.506380 0 255 0
-0.152225 -0.516750 0.507232 0 255 0
-0.179000 -0.510912 0.501929 0 255 0
-0.171106 -0.507758 0.481532 0 255 0
-0.182906 -0.508882 0.474995 0 255 0
-0.195560 -0.542588 0.480559 0 255 0
-0.201240 -0.527918 0.475987 0 255 0
-0.173500 -0.535937 0.551374 0 255 0
-0.169140 -0.536862 0.552340 0 255 0
-0.090931 -0.644542 0.488040 0 255 0
-0.074750 -0.642065 0.479871 0 255 0
-0.070549 -0.652402 0.495446 0 255 0
-0.073860 -0.635514 0.500498 0 255 0
-0.068368 -0.650924 0.507330 0 255 0
-0.037546 -0.652912 0.504163 0 255 0
-0.083004 -0.582874 0.480145 0 255 0
-0.060117 -0.584387 0.481234 0 255 0
-0.032886 -0.611181 0.470385 0 255 0
-0.145736 -0.560534 0.487133 0 255 0
-0.135465 -0.554256 0.493384 0 255 0
-0.205433 -0.583639 0.515773 0 255 0
-0.209313 -0.566623 0.509910 0 255 0
-0.228749 -0.548942 0.490922 0 255 0
-0.181709 -0.601530 0.508856 0 255 0
-0.170694 -0.598091 0.487236 0 255 0
-0.162380 -0.599152 0.485186 0 255 0
-0.174649 -0.608247 0.489028 0 255 0
-0.202528 -0.580287 0.533452 0 255 0
-0.213775 -0.557592 0.518603 0 255 0
-0.211155 -0.568035 0.522273 0 255 0
-0.199839 -0.580470 0.520607 0 255 0
-0.158367 -0.521027 0.493273 0 255 0
-0.174412 -0.511654 0.493317 0 255 0
-0.217389 -0.531369 0.497470 0 255 0
-0.196484 -0.529572 0.492682 0 255 0
-0.204785 -0.548336 0.487633 0 255 0
-0.206070 -0.581249 0.491172 0 255 0
-0.199879 -0.560599 0.487046 0 255 0
-0.221157 -0.532074 0.502207 0 255 0
-0.215545 -0.552034 0.509928 0 255 0
-0.159177 -0.500702 0.517000 0 255 0
-0.216072 -0.551263 0.535145 0 255 0
-0.220233 -0.533876 0.538955 0 255 0
-0.223957 -0.531477 0.522242 0 255 0
-0.206226 -0.559257 0.522185 0 255 0
-0.086825 -0.643327 0.513862 0 255 0
-0.103399 -0.621821 0.508301 0 255 0
-0.150816 -0.566326 0.551027 0 255 0
-0.134904 -0.583933 0.557031 0 255 0
-0.160141 -0.555684 0.549776 0 255 0
-0.085321 -0.588436 0.541559 0 255 0
-0.053578 -0.627457 0.525707 0 255 0
-0.081919 -0.587533 0.539544 0 255 0
-0.087515 -0.605013 0.535842 0 255 0
-0.126120 -0.626236 0.498466 0 255 0
-0.190486 -0.573049 0.548816 0 255 0
-0.207073 -0.595183 0.550956 0 255 0
-0.183418 -0.566075 0.553028 0 255 0
-0.186244 -0.522715 0.564069 0 255 0
-0.177035 -0.523772 0.552232 0 255 0
-0.186542 -0.600641 0.530338 0 255 0
-0.181040 -0.476042 0.551128 0 255 0
-0.166431 -0.580974 0.479360 0 255 0
-0.191471 -0.553832 0.479045 0 255 0
-0.183088 -0.565344 0.483935 0 255 0
-0.040043 -0.627317 0.459551 0 255 0
-0.091962 -0.573525 0.491301 0 255 0
-0.134810 -0.553173 0.507463 0 255 0
-0.138587 -0.559962 0.514924 0 255 0
-0.197466 -0.560272 0.550849 0 255 0
-0.187177 -0.550314 0.538377 0 255 0
-0.197260 -0.577885 0.543684 0 255 0
-0.153554 -0.518954 0.523167 0 255 0
-0.154726 -0.526620 0.506778 0 255 0
-0.058457 -0.648970 0.532014 0 255 0
-0.155706 -0.530242 0.518445 0 255 0
-0.162200 -0.595548 0.468966 0 255 0
-0.105586 -0.217807 0.393882 0 255 0
-0.083137 -0.211734 0.388309 0 255 0
-0.091881 -0.214580 0.395146 0 255 0
-0.218308 -0.119606 0.564541 0 255 0
-0.178418 -0.088494 0.600116 0 255 0
-0.192731 -0.082273 0.592963 0 255 0
-0.217772 -0.209668 0.537140 0 255 0
-0.224445 -0.180720 0.538321 0 255 0
-0.215672 -0.292729 0.528120 0 255 0
-0.217772 -0.268528 0.529225 0 255 0
-0.215062 -0.162985 0.569653 0 255 0
-0.105761 -0.493146 0.469484 0 255 0
-0.115137 -0.475564 0.466693 0 255 0
-0.127104 -0.507371 0.471214 0 255 0
-0.069770 0.068086 0.649137 0 255 0
-0.055637 0.105495 0.654942 0 255 0
-0.056559 0.111075 0.650927 0 255 0
-0.111346 -0.465351 0.493503 0 255 0
-0.109339 -0.462062 0.478853 0 255 0
-0.107643 -0.470915 0.473755 0 255 0
-0.105675 -0.469247 0.483908 0 255 0
-0.117959 -0.468121 0.477388 0 255 0
-0.107793 -0.498270 0.476227 0 255 0
-0.121025 -0.471767 0.460724 0 255 0
-0.113366 -0.458704 0.467876 0 255 0
-0.094790 -0.502534 0.481573 0 255 0
-0.133235 0.079776 0.423846 0 255 0
-0.150403 0.116990 0.395006 0 255 0
-0.111055 0.101818 0.411215 0 255 0
-0.097694 0.099719 0.421196 0 255 0
-0.084454 0.116124 0.401354 0 255 0
-0.080979 0.101605 0.413452 0 255 0
-0.113891 0.121738 0.403778 0 255 0
-0.235043 0.161734 0.441531 0 255 0
-0.221290 0.134413 0.444738 0 255 0
-0.230588 0.119067 0.463175 0 255 0
-0.237189 0.153899 0.465426 0 255 0
-0.236757 0.125380 0.506189 0 255 0
-0.240872 0.131423 0.494944 0 255 0
-0.227113 0.093480 0.485890 0 255 0
-0.235093 0.117206 0.523086 0 255 0
-0.223420 0.136150 0.524778 0 255 0
-0.227277 0.121840 0.548212 0 255 0
-0.242709 0.144486 0.524868 0 255 0
-0.220964 0.145894 0.570778 0 255 0
-0.202906 0.154699 0.594754 0 255 0
-0.186334 0.179026 0.609875 0 255 0
-0.172101 0.162723 0.607501 0 255 0
-0.159588 0.167162 0.620610 0 255 0
-0.125638 0.174674 0.621877 0 255 0
-0.113731 0.176605 0.637497 0 255 0
-0.096976 0.171271 0.627048 0 255 0
-0.074670 0.178372 0.640721 0 255 0
-0.058911 0.182472 0.648909 0 255 0
-0.058040 0.196733 0.634749 0 255 0
-0.137655 -0.294347 0.513864 0 255 0
-0.159337 -0.305317 0.412295 0 255 0
-0.175645 -0.322145 0.430484 0 255 0
-0.164932 -0.303869 0.412174 0 255 0
-0.190420 -0.266249 0.405315 0 255 0
-0.175368 -0.245019 0.402946 0 255 0
-0.191938 -0.266843 0.403590 0 255 0
-0.187516 -0.274645 0.410879 0 255 0
-0.166420 -0.286923 0.400681 0 255 0
-0.150821 -0.292995 0.405248 0 255 0
-0.180275 -0.269284 0.415934 0 255 0
-0.149940 -0.273790 0.398766 0 255 0
-0.118331 -0.258131 0.413468 0 255 0
-0.187304 -0.320898 0.435010 0 255 0
-0.213577 -0.317949 0.451503 0 255 0
-0.204703 -0.311514 0.431071 0 255 0
-0.209733 -0.300178 0.413384 0 255 0
-0.211266 -0.263090 0.430472 0 255 0
-0.223799 -0.299020 0.437977 0 255 0
-0.219586 -0.261419 0.443768 0 255 0
-0.213243 -0.236441 0.438127 0 255 0
-0.207731 -0.352786 0.448782 0 255 0
-0.205026 -0.381405 0.457500 0 255 0
-0.219646 -0.351305 0.443692 0 255 0
-0.218443 -0.329741 0.418042 0 255 0
-0.216190 -0.284568 0.431378 0 255 0
-0.161729 -0.142245 0.416689 0 255 0
-0.196490 -0.158471 0.422457 0 255 0
-0.196234 -0.162162 0.425663 0 255 0
-0.222437 -0.227271 0.467838 0 255 0
-0.218791 -0.198230 0.462946 0 255 0
-0.221071 -0.210797 0.456271 0 255 0
-0.223070 -0.253780 0.479641 0 255 0
-0.234058 -0.257978 0.488590 0 255 0
-0.166533 -0.335039 0.515307 0 255 0
-0.184777 -0.325503 0.526324 0 255 0
-0.187169 -0.334992 0.514058 0 255 0
-0.246043 -0.300245 0.507525 0 255 0
-0.237920 -0.297778 0.510846 0 255 0
-0.241614 -0.276502 0.506686 0 255 0
-0.242242 -0.273443 0.503831 0 255 0
-0.180268 -0.318045 0.429823 0 255 0
-0.229599 -0.337389 0.457251 0 255 0
-0.237088 -0.335156 0.450750 0 255 0
-0.247444 -0.307528 0.436453 0 255 0
-0.228202 -0.330067 0.442885 0 255 0
-0.243010 -0.326509 0.454303 0 255 0
-0.243952 -0.319548 0.465057 0 255 0
-0.228733 -0.319641 0.457789 0 255 0
-0.238265 -0.311912 0.452120 0 255 0
-0.246868 -0.288866 0.504759 0 255 0
-0.239935 -0.278313 0.495833 0 255 0
-0.176933 -0.372039 0.471995 0 255 0
-0.189307 -0.346425 0.458706 0 255 0
-0.175112 -0.349981 0.464638 0 255 0
-0.173485 -0.342567 0.476396 0 255 0
-0.163184 -0.354342 0.485755 0 255 0
-0.217828 -0.315814 0.526960 0 255 0
-0.215938 -0.310967 0.504602 0 255 0
-0.232969 -0.315242 0.527427 0 255 0
-0.236445 -0.282011 0.507937 0 255 0
-0.237812 -0.316835 0.527228 0 255 0
-0.177584 -0.339390 0.529325 0 255 0
-0.174338 -0.345302 0.514104 0 255 0
-0.164420 -0.330125 0.502949 0 255 0
-0.173719 -0.337531 0.503127 0 255 0
-0.219736 -0.372149 0.437963 0 255 0
-0.220895 -0.362639 0.446438 0 255 0
-0.255964 -0.345230 0.524973 0 255 0
-0.249538 -0.325213 0.517647 0 255 0
-0.239223 -0.302030 0.504859 0 255 0
-0.235913 -0.245260 0.500404 0 255 0
-0.247902 -0.287921 0.502524 0 255 0
-0.202312 -0.334317 0.444850 0 255 0
-0.243416 -0.358197 0.456791 0 255 0
-0.233907 -0.355658 0.449456 0 255 0
-0.234073 -0.295675 0.439874 0 255 0
-0.227427 -0.283461 0.441534 0 255 0
-0.216544 -0.282007 0.421440 0 255 0
-0.229943 -0.308315 0.441491 0 255 0
-0.254987 -0.318236 0.478037 0 255 0
-0.246586 -0.336039 0.470075 0 255 0
-0.244598 -0.269996 0.457518 0 255 0
-0.233948 -0.287653 0.455738 0 255 0
-0.228520 -0.319926 0.485835 0 255 0
-0.165915 -0.333050 0.495101 0 255 0
-0.156126 -0.329795 0.505644 0 255 0
-0.166983 -0.325840 0.516862 0 255 0
-0.165907 -0.308724 0.517323 0 255 0
-0.175824 -0.324214 0.523919 0 255 0
-0.186354 -0.319737 0.497376 0 255 0
-0.155856 -0.313718 0.517686 0 255 0
-0.176644 -0.586242 0.535929 0 255 0
-0.250898 -0.351392 0.524474 0 255 0
-0.236287 -0.367039 0.499118 0 255 0
-0.251595 -0.371534 0.523497 0 255 0
-0.231187 -0.444284 0.500079 0 255 0
0.013871 -0.401932 0.519760 0 255 0
0.018506 -0.402482 0.540823 0 255 0
0.018884 -0.423497 0.514786 0 255 0
0.010743 -0.426261 0.513689 0 255 0
-0.196260 -0.585013 0.507201 0 255 0
-0.179255 -0.609558 0.517015 0 255 0
-0.148457 -0.617278 0.492086 0 255 0
-0.160185 -0.623435 0.479044 0 255 0
-0.123893 -0.614592 0.473299 0 255 0
-0.117443 -0.574645 0.480573 0 255 0
-0.119952 -0.565726 0.479475 0 255 0
-0.112162 -0.560923 0.515357 0 255 0
-0.139946 -0.614178 0.536210 0 255 0
0.004060 -0.643093 0.457772 0 255 0
0.018813 -0.633172 0.459437 0 255 0
0.016831 -0.643674 0.438479 0 255 0
-0.002777 -0.636816 0.456238 0 255 0
0.052223 -0.633324 0.470510 0 255 0
0.020739 -0.629039 0.467660 0 255 0
0.056356 -0.643883 0.470687 0 255 0
0.021058 -0.628824 0.477112 0 255 0
0.046384 -0.641828 0.483186 0 255 0
0.036461 -0.639495 0.484272 0 255 0
0.018374 -0.633853 0.488316 0 255 0
0.019942 -0.637712 0.492908 0 255 0
0.037726 -0.634925 0.491192 0 255 0
0.001955 -0.636344 0.502175 0 255 0
0.010059 -0.629283 0.493867 0 255 0
0.016530 -0.652767 0.500356 0 255 0
0.018902 -0.667186 0.487364 0 255 0
0.026921 -0.673859 0.491679 0 255 0
0.019860 -0.668046 0.478465 0 255 0
0.007449 -0.672552 0.490816 0 255 0
0.027849 -0.682430 0.479929 0 255 0
-0.012424 -0.667542 0.477752 0 255 0
-0.000141 -0.674626 0.472306 0 255 0
0.006242 -0.673963 0.481993 0 255 0
-0.025446 -0.666826 0.494785 0 255 0
0.022423 -0.678803 0.467410 0 255 0
0.005789 -0.664519 0.464939 0 255 0
0.023802 -0.673459 0.459559 0 255 0
0.004542 -0.606856 0.459072 0 255 0
-0.018052 -0.623353 0.461587 0 255 0
-0.045386 -0.608128 0.448800 0 255 0
0.003751 -0.624044 0.487639 0 255 0
0.007382 -0.611725 0.466118 0 255 0
-0.013706 -0.614440 0.479024 0 255 0
-0.031104 -0.634545 0.489766 0 255 0
-0.033139 -0.626191 0.516979 0 255 0
-0.019219 -0.645639 0.518923 0 255 0
-0.014847 -0.627392 0.505722 0 255 0
0.003147 -0.636857 0.499248 0 255 0
-0.013944 -0.620879 0.497863 0 255 0
-0.016558 -0.671208 0.501759 0 255 0
0.013655 -0.661082 0.501106 0 255 0
0.003104 -0.653314 0.454551 0 255 0
0.013034 -0.651022 0.455001 0 255 0
0.011051 -0.660134 0.458660 0 255 0
-0.008470 -0.655791 0.461690 0 255 0
-0.031496 -0.652464 0.519539 0 255 0
-0.024670 -0.642002 0.459933 0 255 0
-0.037379 -0.643933 0.456016 0 255 0
-0.011181 -0.663624 0.468549 0 255 0
-0.035249 -0.664905 0.480327 0 255 0
0.030289 -0.655179 0.452321 0 255 0
0.045629 -0.655747 0.449529 0 255 0
-0.021558 -0.632282 0.458023 0 255 0
0.010638 -0.654944 0.512678 0 255 0
-0.024372 -0.654388 0.511076 0 255 0
-0.028204 -0.658232 0.525381 0 255 0
-0.010480 -0.666536 0.497480 0 255 0
-0.043665 -0.639105 0.481231 0 255 0
-0.031584 -0.662776 0.483845 0 255 0
-0.040619 -0.651462 0.497646 0 255 0
0.023247 -0.679512 0.477169 0 255 0
-0.059533 -0.634377 0.473270 0 255 0
0.109847 -0.662011 0.469663 0 255 0
0.118741 -0.650277 0.476490 0 255 0
0.108761 -0.649931 0.471851 0 255 0
0.093802 -0.649738 0.449892 0 255 0
0.093139 -0.638516 0.481790 0 255 0
0.102455 -0.663086 0.482884 0 255 0
0.096027 -0.625637 0.472791 0 255 0
0.074940 -0.622243 0.481401 0 255 0
0.119839 -0.647860 0.462485 0 255 0
0.114345 -0.645830 0.472326 0 255 0
0.118790 -0.643250 0.456824 0 255 0
0.122659 -0.643715 0.464153 0 255 0
0.124416 -0.649268 0.450283 0 255 0
0.128789 -0.659938 0.434860 0 255 0
0.125727 -0.658669 0.440660 0 255 0
0.136509 -0.657221 0.448440 0 255 0
0.104022 -0.674190 0.442935 0 255 0
0.097540 -0.664585 0.437127 0 255 0
0.113413 -0.685072 0.445043 0 255 0
0.114653 -0.684979 0.467264 0 255 0
0.104083 -0.697561 0.456555 0 255 0
0.102075 -0.692954 0.449982 0 255 0
0.096310 -0.687830 0.451615 0 255 0
0.113661 -0.686146 0.450905 0 255 0
0.101509 -0.674052 0.472925 0 255 0
0.107255 -0.658141 0.449485 0 255 0
0.096125 -0.666827 0.475168 0 255 0
0.100882 -0.677094 0.486642 0 255 0
0.117150 -0.634324 0.451210 0 255 0
0.129537 -0.628795 0.436503 0 255 0
0.116240 -0.643446 0.450662 0 255 0
0.104444 -0.646011 0.450122 0 255 0
0.070084 -0.674049 0.493165 0 255 0
0.078242 -0.652319 0.492813 0 255 0
0.061141 -0.664078 0.491063 0 255 0
0.047344 -0.672755 0.507982 0 255 0
0.070301 -0.642966 0.484992 0 255 0
0.073449 -0.620622 0.468872 0 255 0
0.059820 -0.641029 0.476385 0 255 0
0.051499 -0.634178 0.485437 0 255 0
0.077153 -0.637322 0.482839 0 255 0
0.075485 -0.616747 0.469051 0 255 0
0.072345 -0.634089 0.472482 0 255 0
0.095473 -0.630654 0.442347 0 255 0
0.055104 -0.679463 0.493747 0 255 0
0.057755 -0.695337 0.489543 0 255 0
0.174880 -0.668493 0.438809 0 255 0
0.177005 -0.659820 0.424551 0 255 0
0.170248 -0.671029 0.442817 0 255 0
0.186204 -0.656870 0.439352 0 255 0
0.055086 -0.693708 0.480915 0 255 0
0.038421 -0.706736 0.496800 0 255 0
0.048995 -0.691091 0.473874 0 255 0
0.056024 -0.680442 0.457103 0 255 0
0.062725 -0.698085 0.479338 0 255 0
0.048117 -0.680876 0.472934 0 255 0
0.172831 -0.670838 0.427245 0 255 0
0.157466 -0.692992 0.429335 0 255 0
0.168311 -0.666836 0.431752 0 255 0
0.182492 -0.660151 0.422068 0 255 0
0.118410 -0.663861 0.466451 0 255 0
0.117045 -0.647206 0.480234 0 255 0
0.139795 -0.663013 0.458474 0 255 0
0.138134 -0.660286 0.442164 0 255 0
0.131555 -0.657125 0.459658 0 255 0
0.125009 -0.681396 0.473061 0 255 0
0.117991 -0.680863 0.469113 0 255 0
0.144269 -0.681564 0.457364 0 255 0
0.113391 -0.673616 0.468528 0 255 0
0.117022 -0.674616 0.473488 0 255 0
0.104537 -0.686862 0.477970 0 255 0
0.120130 -0.694060 0.466636 0 255 0
0.111633 -0.694002 0.479784 0 255 0
0.105885 -0.687423 0.484319 0 255 0
0.132017 -0.690255 0.467677 0 255 0
0.133032 -0.683790 0.459292 0 255 0
0.136627 -0.697999 0.465072 0 255 0
0.136170 -0.702377 0.455413 0 255 0
0.044445 -0.687391 0.483354 0 255 0
0.026063 -0.711017 0.474809 0 255 0
0.095115 -0.708135 0.469464 0 255 0
0.099990 -0.698996 0.460495 0 255 0
0.100404 -0.715288 0.478938 0 255 0
0.098816 -0.701515 0.458564 0 255 0
0.057386 -0.689574 0.463525 0 255 0
0.052107 -0.677490 0.470254 0 255 0
0.172318 -0.675763 0.426452 0 255 0
0.160997 -0.677563 0.440087 0 255 0
0.091931 -0.627842 0.455447 0 255 0
0.065276 -0.633503 0.461341 0 255 0
0.070725 -0.638702 0.462454 0 255 0
0.053625 -0.628184 0.471936 0 255 0
0.058692 -0.640494 0.465476 0 255 0
0.131685 -0.665774 0.468352 0 255 0
0.111539 -0.669456 0.468592 0 255 0
0.104878 -0.694866 0.469049 0 255 0
0.092569 -0.697167 0.491235 0 255 0
0.128925 -0.688176 0.478973 0 255 0
0.089942 -0.688093 0.489149 0 255 0
0.086116 -0.683188 0.492654 0 255 0
0.093255 -0.709453 0.486416 0 255 0
0.082737 -0.700638 0.483889 0 255 0
0.104925 -0.708145 0.488767 0 255 0
0.102551 -0.698995 0.502317 0 255 0
0.115072 -0.631331 0.447769 0 255 0
0.092325 -0.629433 0.450388 0 255 0
0.057749 -0.691165 0.489257 0 255 0
0.075231 -0.689010 0.487593 0 255 0
0.046412 -0.682484 0.489150 0 255 0
0.066552 -0.663675 0.483630 0 255 0
0.083695 -0.667498 0.483385 0 255 0
0.079060 -0.662090 0.490746 0 255 0
0.071450 -0.664226 0.490287 0 255 0
0.087656 -0.673391 0.492142 0 255 0
0.102035 -0.645303 0.478197 0 255 0
0.089861 -0.655623 0.478588 0 255 0
0.062409 -0.657655 0.489443 0 255 0
0.058303 -0.632758 0.483962 0 255 0
0.053743 -0.661472 0.489911 0 255 0
0.028578 -0.668222 0.482640 0 255 0
0.048944 -0.676667 0.491997 0 255 0
0.030340 -0.670858 0.494456 0 255 0
0.045999 -0.658514 0.490848 0 255 0
0.033333 -0.661358 0.491156 0 255 0
0.041510 -0.673473 0.491619 0 255 0
0.016145 -0.693412 0.454374 0 255 0
0.043335 -0.686249 0.465303 0 255 0
0.052699 -0.695141 0.497740 0 255 0
0.050766 -0.639844 0.475559 0 255 0
0.063367 -0.634730 0.475543 0 255 0
0.057616 -0.647563 0.483093 0 255 0
0.056429 -0.644300 0.466970 0 255 0
0.108492 -0.627082 0.470962 0 255 0
0.110440 -0.636837 0.469069 0 255 0
0.117661 -0.629281 0.465764 0 255 0
0.109767 -0.620769 0.467785 0 255 0
0.131758 -0.653412 0.452729 0 255 0
0.127167 -0.654928 0.455618 0 255 0
0.136623 -0.656774 0.442987 0 255 0
0.073354 -0.682217 0.509927 0 255 0
0.076568 -0.680431 0.492643 0 255 0
0.136043 -0.658856 0.462976 0 255 0
0.160796 -0.668683 0.430245 0 255 0
0.152896 -0.671537 0.438796 0 255 0
0.151077 -0.662117 0.438074 0 255 0
0.153189 -0.657481 0.435822 0 255 0
0.146893 -0.674505 0.453302 0 255 0
0.145428 -0.672445 0.453025 0 255 0
0.152990 -0.670656 0.451223 0 255 0
0.148446 -0.664892 0.443845 0 255 0
0.127381 -0.699165 0.473929 0 255 0
0.125752 -0.675164 0.487650 0 255 0
0.130671 -0.679108 0.441255 0 255 0
0.126309 -0.665363 0.444699 0 255 0
0.131144 -0.670202 0.436872 0 255 0
0.143087 -0.691948 0.466417 0 255 0
0.122097 -0.691955 0.473296 0 255 0
0.125950 -0.682279 0.474797 0 255 0
0.135183 -0.673114 0.462780 0 255 0
0.128911 -0.682191 0.477747 0 255 0
0.137658 -0.677592 0.461701 0 255 0
0.130148 -0.665878 0.465110 0 255 0
0.083494 -0.704612 0.488684 0 255 0
0.078050 -0.700893 0.480238 0 255 0
0.169184 -0.665752 0.436065 0 255 0
0.170469 -0.674551 0.425575 0 255 0
0.037022 -0.683229 0.483513 0 255 0
0.034413 -0.680024 0.489438 0 255 0
0.106009 -0.682863 0.474280 0 255 0
0.117188 -0.667847 0.438097 0 255 0
0.097415 -0.680052 0.477592 0 255 0
0.126146 -0.713529 0.451889 0 255 0
0.125026 -0.711191 0.460749 0 255 0
0.141930 -0.718180 0.468675 0 255 0
0.120027 -0.709845 0.469598 0 255 0
0.174418 -0.688324 0.436195 0 255 0
0.168732 -0.680235 0.439677 0 255 0
0.163530 -0.683746 0.451986 0 255 0
0.163601 -0.673909 0.445645 0 255 0
0.142680 -0.659486 0.440053 0 255 0
0.152732 -0.665742 0.450999 0 255 0
0.143197 -0.661059 0.461929 0 255 0
0.144607 -0.659577 0.451549 0 255 0
0.127349 -0.661269 0.444638 0 255 0
0.151669 -0.660828 0.442948 0 255 0
0.161721 -0.690853 0.440736 0 255 0
0.151935 -0.678455 0.442405 0 255 0
0.161286 -0.691644 0.421995 0 255 0
0.159972 -0.678674 0.431777 0 255 0
0.077136 -0.678729 0.449931 0 255 0
0.087948 -0.699807 0.462665 0 255 0
0.070361 -0.686305 0.474928 0 255 0
0.114533 -0.701855 0.455739 0 255 0
0.121406 -0.729762 0.458299 0 255 0
0.099542 -0.703387 0.463197 0 255 0
0.091307 -0.705811 0.468330 0 255 0
0.141210 -0.681386 0.447749 0 255 0
0.132534 -0.678108 0.448350 0 255 0
0.140572 -0.676663 0.441234 0 255 0
0.105423 -0.683121 0.462841 0 255 0
0.162938 -0.663822 0.438442 0 255 0
0.060664 -0.656973 0.459189 0 255 0
0.069684 -0.654549 0.448660 0 255 0
0.068117 -0.657922 0.440977 0 255 0
0.060009 -0.663820 0.448319 0 255 0
0.154255 -0.669915 0.444500 0 255 0
0.163701 -0.664903 0.443087 0 255 0
0.112207 -0.705404 0.480185 0 255 0
0.124962 -0.709445 0.475613 0 255 0
0.117571 -0.696814 0.463001 0 255 0
0.130374 -0.706232 0.471751 0 255 0
0.068748 -0.708886 0.472385 0 255 0
0.107554 -0.716806 0.470524 0 255 0
0.097463 -0.724447 0.485163 0 255 0
0.065594 -0.692299 0.462427 0 255 0
0.068030 -0.674579 0.451370 0 255 0
0.068644 -0.686352 0.456644 0 255 0
0.119599 -0.693115 0.448175 0 255 0
0.083461 -0.684546 0.452326 0 255 0
0.056368 -0.672396 0.440942 0 255 0
0.063094 -0.676270 0.452015 0 255 0
0.064257 -0.684346 0.460054 0 255 0
0.053683 -0.681058 0.457264 0 255 0
0.151210 -0.666584 0.440973 0 255 0
0.166498 -0.679739 0.429745 0 255 0
0.029736 -0.669704 0.438372 0 255 0
0.045979 -0.678903 0.457594 0 255 0
0.037997 -0.683669 0.447773 0 255 0
0.048912 -0.670951 0.452289 0 255 0
0.079508 -0.658202 0.440597 0 255 0
0.075531 -0.674753 0.448226 0 255 0
0.091307 -0.690845 0.440382 0 255 0
0.087118 -0.678934 0.447843 0 255 0
0.117351 -0.696458 0.443434 0 255 0
0.180939 -0.683489 0.430276 0 255 0
0.187952 -0.705606 0.432748 0 255 0
0.174292 -0.681599 0.437384 0 255 0
0.188103 -0.692574 0.427725 0 255 0
0.167569 -0.681810 0.434885 0 255 0
0.180286 -0.673497 0.437861 0 255 0
0.096166 -0.661364 0.443491 0 255 0
0.144066 -0.668362 0.471115 0 255 0
0.082923 -0.654950 0.447067 0 255 0
0.119202 -0.633211 0.449392 0 255 0
0.104012 -0.650452 0.443479 0 255 0
0.098868 -0.650488 0.435430 0 255 0
0.069971 -0.644758 0.453539 0 255 0
0.056454 -0.651232 0.445733 0 255 0
0.063401 -0.645496 0.455819 0 255 0
0.058245 -0.643470 0.453075 0 255 0
0.092140 -0.635524 0.448898 0 255 0
0.183728 -0.671185 0.434296 0 255 0
0.181756 -0.670701 0.437362 0 255 0
0.058574 -0.634125 0.445111 0 255 0
0.047750 -0.648719 0.451333 0 255 0
0.100904 -0.632919 0.475301 0 255 0
0.089310 -0.676745 0.481283 0 255 0
0.072743 -0.677783 0.475632 0 255 0
0.083734 -0.684401 0.490883 0 255 0
0.073171 -0.679114 0.500456 0 255 0
0.043437 -0.658605 0.449783 0 255 0
0.039702 -0.655461 0.501068 0 255 0
0.032062 -0.660707 0.494929 0 255 0
0.040173 -0.662448 0.465278 0 255 0
0.181526 -0.668929 0.433579 0 255 0
0.126338 -0.705607 0.459727 0 255 0
0.139491 -0.697594 0.457393 0 255 0
0.097617 -0.629803 0.479621 0 255 0
0.111429 -0.619395 0.464703 0 255 0
0.109227 -0.628366 0.451912 0 255 0
0.101832 -0.623111 0.453141 0 255 0
0.104434 -0.607593 0.462027 0 255 0
0.110577 -0.618159 0.458627 0 255 0
0.071105 -0.684830 0.488709 0 255 0
0.079665 -0.675695 0.488667 0 255 0
0.071037 -0.694725 0.480450 0 255 0
0.073498 -0.700632 0.488476 0 255 0
0.146374 -0.656570 0.439348 0 255 0
0.141254 -0.663833 0.436739 0 255 0
0.144646 -0.654012 0.445522 0 255 0
0.148432 -0.671644 0.432790 0 255 0
0.147360 -0.661384 0.438180 0 255 0
0.144154 -0.680124 0.450644 0 255 0
0.100205 -0.672816 0.481043 0 255 0
0.078546 -0.654083 0.488529 0 255 0
0.110955 -0.629647 0.466618 0 255 0
0.115681 -0.638191 0.464273 0 255 0
0.131820 -0.673872 0.474165 0 255 0
0.134166 -0.695367 0.446558 0 255 0
0.105008 -0.691584 0.445240 0 255 0
0.133918 -0.683907 0.464894 0 255 0
0.198791 -0.669337 0.426355 0 255 0
0.180535 -0.672544 0.426009 0 255 0
0.135835 -0.660123 0.421377 0 255 0
0.119996 -0.696569 0.477509 0 255 0
0.138301 -0.718129 0.438428 0 255 0
0.129683 -0.699413 0.452874 0 255 0
0.103589 -0.726464 0.465283 0 255 0
0.053163 -0.661566 0.448810 0 255 0
0.179568 -0.687806 0.453900 0 255 0
0.181682 -0.680177 0.438668 0 255 0
0.171736 -0.686901 0.429169 0 255 0
0.179504 -0.677429 0.425227 0 255 0
0.069083 -0.681858 0.497685 0 255 0
0.090727 -0.674508 0.478836 0 255 0
0.031825 -0.650997 0.498923 0 255 0
0.102517 -0.629966 0.447742 0 255 0
0.111857 -0.623193 0.457753 0 255 0
0.140148 -0.686191 0.461060 0 255 0
0.114000 -0.703938 0.484679 0 255 0
0.131700 -0.703527 0.451840 0 255 0
0.130227 -0.706950 0.456394 0 255 0
0.121353 -0.705371 0.454774 0 255 0
0.146385 -0.688804 0.457967 0 255 0
0.185849 -0.678825 0.423729 0 255 0
0.171545 -0.674411 0.426137 0 255 0
0.187063 -0.673955 0.424418 0 255 0
0.189874 -0.662156 0.411669 0 255 0
0.186836 -0.670687 0.432245 0 255 0
0.176609 -0.687650 0.418385 0 255 0
0.187134 -0.684357 0.432513 0 255 0
0.203768 -0.690321 0.433996 0 255 0
0.191947 -0.685937 0.427609 0 255 0
0.205368 -0.689029 0.406139 0 255 0
0.199371 -0.676331 0.422625 0 255 0
0.205328 -0.675225 0.432888 0 255 0
0.196331 -0.678259 0.421704 0 255 0
0.194206 -0.684378 0.421874 0 255 0
0.203951 -0.678014 0.422299 0 255 0
0.204740 -0.684508 0.415272 0 255 0
0.198994 -0.682201 0.420648 0 255 0
0.209087 -0.674047 0.417753 0 255 0
0.203472 -0.684030 0.419559 0 255 0
0.213540 -0.709737 0.423843 0 255 0
0.198551 -0.684988 0.422634 0 255 0
0.198660 -0.678004 0.431548 0 255 0
0.191453 -0.679975 0.422479 0 255 0
0.218513 -0.670905 0.419766 0 255 0
0.208824 -0.685377 0.421862 0 255 0
0.203583 -0.700588 0.427349 0 255 0
0.206916 -0.681827 0.419857 0 255 0
0.199784 -0.697758 0.424888 0 255 0
0.198967 -0.675157 0.425964 0 255 0
0.194179 -0.692847 0.418553 0 255 0
0.207457 -0.680574 0.424994 0 255 0
0.217692 -0.664290 0.435466 0 255 0
0.203921 -0.678102 0.428224 0 255 0
0.198687 -0.674679 0.417788 0 255 0
0.199225 -0.677160 0.432279 0 255 0
0.207697 -0.685097 0.439063 0 255 0
0.192121 -0.672348 0.431018 0 255 0
0.200188 -0.662260 0.435948 0 255 0
0.205619 -0.681655 0.429048 0 255 0
0.221231 -0.676263 0.422707 0 255 0
0.197569 -0.686785 0.424572 0 255 0
0.191880 -0.690624 0.416233 0 255 0
0.197369 -0.687570 0.426958 0 255 0
0.195907 -0.689693 0.434326 0 255 0
0.205826 -0.688087 0.420506 0 255 0
0.192242 -0.695092 0.434709 0 255 0
0.186576 -0.672340 0.435904 0 255 0
0.190118 -0.686687 0.418701 0 255 0
0.191456 -0.678213 0.436245 0 255 0
0.207074 -0.688985 0.414506 0 255 0
0.191497 -0.682634 0.434945 0 255 0
0.189015 -0.694730 0.433642 0 255 0
0.197681 -0.687178 0.429672 0 255 0
0.200168 -0.690101 0.447116 0 255 0
0.202373 -0.687925 0.428556 0 255 0
0.199228 -0.665484 0.425088 0 255 0
0.203415 -0.683178 0.431246 0 255 0
0.215772 -0.696654 0.434561 0 255 0
0.206158 -0.688459 0.425521 0 255 0
0.211005 -0.681407 0.441970 0 255 0
0.205572 -0.684085 0.429313 0 255 0
0.200309 -0.682911 0.412866 0 255 0
0.174444 -0.700130 0.444611 0 255 0
0.189330 -0.696080 0.430555 0 255 0
0.167248 -0.700448 0.448334 0 255 0
0.177619 -0.699154 0.456865 0 255 0
0.171189 -0.699831 0.433433 0 255 0
0.169553 -0.696098 0.439548 0 255 0
0.166957 -0.694962 0.438440 0 255 0
0.187237 -0.692695 0.437774 0 255 0
0.168905 -0.704939 0.433128 0 255 0
0.168385 -0.698098 0.446725 0 255 0
0.158115 -0.694039 0.436139 0 255 0
0.139430 -0.682988 0.448795 0 255 0
0.148653 -0.686244 0.445315 0 255 0
0.161548 -0.703461 0.414710 0 255 0
0.146302 -0.699780 0.454289 0 255 0
0.146904 -0.703741 0.468922 0 255 0
0.167860 -0.695419 0.442645 0 255 0
0.176444 -0.711334 0.436705 0 255 0
0.157735 -0.704953 0.449413 0 255 0
0.169725 -0.693431 0.448835 0 255 0
0.166253 -0.704707 0.448697 0 255 0
0.159459 -0.704199 0.455615 0 255 0
0.147855 -0.690072 0.456315 0 255 0
0.147228 -0.689994 0.451616 0 255 0
0.149605 -0.685184 0.449351 0 255 0
0.149804 -0.721372 0.454726 0 255 0
0.145137 -0.701441 0.448754 0 255 0
0.164532 -0.702230 0.452412 0 255 0
0.155411 -0.704907 0.439370 0 255 0
0.168271 -0.690511 0.444849 0 255 0
0.159955 -0.696256 0.451036 0 255 0
0.162550 -0.699804 0.445275 0 255 0
0.155815 -0.699521 0.435863 0 255 0
0.152825 -0.695381 0.439703 0 255 0
0.178384 -0.714792 0.437963 0 255 0
0.179863 -0.735768 0.446781 0 255 0
0.171359 -0.711293 0.444766 0 255 0
0.181088 -0.683139 0.441545 0 255 0
0.163752 -0.709447 0.442647 0 255 0
0.172544 -0.718792 0.431193 0 255 0
0.182975 -0.708634 0.444531 0 255 0
0.200109 -0.696959 0.437059 0 255 0
0.183330 -0.702437 0.439797 0 255 0
0.131408 -0.702657 0.445222 0 255 0
0.182043 -0.702032 0.436259 0 255 0
0.169217 -0.713922 0.434595 0 255 0
0.172737 -0.708031 0.447066 0 255 0
0.186849 -0.719268 0.460004 0 255 0
0.177087 -0.712899 0.434289 0 255 0
0.180986 -0.705457 0.428172 0 255 0
0.184443 -0.711551 0.430357 0 255 0
0.191108 -0.723542 0.438089 0 255 0
0.186945 -0.706931 0.430720 0 255 0
0.200390 -0.710035 0.432490 0 255 0
0.188834 -0.705176 0.438216 0 255 0
0.185228 -0.729329 0.444916 0 255 0
0.185820 -0.717126 0.439346 0 255 0
0.171990 -0.722352 0.457121 0 255 0
0.191144 -0.719829 0.434269 0 255 0
0.193603 -0.714777 0.438528 0 255 0
0.204785 -0.715397 0.428284 0 255 0
0.187600 -0.721843 0.431947 0 255 0
0.199581 -0.715155 0.427336 0 255 0
0.197458 -0.707233 0.425223 0 255 0
0.196145 -0.714008 0.427814 0 255 0
0.190537 -0.712265 0.425843 0 255 0
0.197865 -0.717309 0.427021 0 255 0
0.206656 -0.703019 0.413403 0 255 0
0.203028 -0.721226 0.425429 0 255 0
0.200656 -0.719754 0.448126 0 255 0
0.197449 -0.720649 0.429095 0 255 0
0.186117 -0.735547 0.428353 0 255 0
0.208528 -0.718900 0.427398 0 255 0
0.213399 -0.718494 0.424223 0 255 0
0.190901 -0.714733 0.429022 0 255 0
0.179588 -0.701733 0.424364 0 255 0
0.200020 -0.711057 0.431934 0 255 0
0.213333 -0.710091 0.420905 0 255 0
0.208880 -0.718557 0.430326 0 255 0
0.193275 -0.709417 0.428889 0 255 0
0.205480 -0.714855 0.433929 0 255 0
0.195991 -0.731552 0.439017 0 255 0
0.200012 -0.713087 0.438660 0 255 0
0.223555 -0.715463 0.433286 0 255 0
0.193505 -0.707626 0.437045 0 255 0
0.189466 -0.693494 0.446470 0 255 0
0.206781 -0.718947 0.434590 0 255 0
0.216419 -0.721104 0.437016 0 255 0
0.209288 -0.723512 0.426802 0 255 0
0.233173 -0.726964 0.421622 0 255 0
0.197075 -0.721701 0.431023 0 255 0
0.198335 -0.718274 0.448009 0 255 0
0.197037 -0.722765 0.432922 0 255 0
0.206133 -0.721977 0.412312 0 255 0
0.205600 -0.725661 0.426350 0 255 0
0.210650 -0.722851 0.448468 0 255 0
0.188693 -0.707244 0.441113 0 255 0
0.194986 -0.725752 0.435624 0 255 0
0.192254 -0.712976 0.441942 0 255 0
0.206745 -0.733764 0.437181 0 255 0
0.191207 -0.716953 0.441217 0 255 0
0.195473 -0.717962 0.437927 0 255 0
0.197054 -0.722263 0.435629 0 255 0
0.209821 -0.709249 0.448755 0 255 0
0.202208 -0.724207 0.433783 0 255 0
0.207865 -0.721803 0.436314 0 255 0
0.203842 -0.719852 0.437419 0 255 0
0.205026 -0.705899 0.436838 0 255 0
0.206611 -0.725604 0.430580 0 255 0
0.192233 -0.729762 0.426795 0 255 0
0.206363 -0.721326 0.434894 0 255 0
0.186648 -0.728730 0.435573 0 255 0
0.159526 -0.717799 0.457290 0 255 0
0.162244 -0.712757 0.459465 0 255 0
0.153362 -0.717202 0.461477 0 255 0
0.143633 -0.719579 0.462092 0 255 0
0.156004 -0.720731 0.447640 0 255 0
0.155732 -0.723861 0.468159 0 255 0
0.153090 -0.714719 0.449922 0 255 0
0.161241 -0.712401 0.444088 0 255 0
0.153773 -0.724664 0.448435 0 255 0
0.138855 -0.726418 0.442401 0 255 0
0.144854 -0.712973 0.448516 0 255 0
0.136331 -0.713914 0.444876 0 255 0
0.140582 -0.705508 0.453705 0 255 0
0.166183 -0.716982 0.447843 0 255 0
0.154552 -0.714053 0.453553 0 255 0
0.158638 -0.707268 0.455395 0 255 0
0.144157 -0.719760 0.464676 0 255 0
0.153452 -0.708423 0.466622 0 255 0
0.151518 -0.720657 0.463140 0 255 0
0.149034 -0.730495 0.471570 0 255 0
0.138639 -0.706418 0.466386 0 255 0
0.147469 -0.700520 0.459979 0 255 0
0.141642 -0.704313 0.458182 0 255 0
0.141596 -0.739025 0.468864 0 255 0
0.133287 -0.715739 0.464158 0 255 0
0.132313 -0.703150 0.448898 0 255 0
0.140502 -0.721546 0.455216 0 255 0
0.148363 -0.727816 0.453945 0 255 0
0.148135 -0.713029 0.463369 0 255 0
0.158367 -0.709950 0.456522 0 255 0
0.141485 -0.717328 0.450067 0 255 0
0.142959 -0.725722 0.479946 0 255 0
0.161704 -0.734146 0.455392 0 255 0
0.166069 -0.742110 0.463419 0 255 0
0.154788 -0.727668 0.461749 0 255 0
0.136214 -0.738888 0.461682 0 255 0
0.147679 -0.725935 0.459557 0 255 0
0.155576 -0.730913 0.458997 0 255 0
0.166026 -0.725773 0.459982 0 255 0
0.164253 -0.715773 0.463966 0 255 0
0.166793 -0.722389 0.452449 0 255 0
0.128781 -0.718574 0.457826 0 255 0
0.135093 -0.713247 0.468154 0 255 0
0.161824 -0.732780 0.457972 0 255 0
0.164388 -0.725432 0.447306 0 255 0
0.166888 -0.727589 0.466152 0 255 0
0.164263 -0.729830 0.461093 0 255 0
0.160284 -0.746411 0.435691 0 255 0
0.161975 -0.729205 0.447443 0 255 0
0.178945 -0.741755 0.436697 0 255 0
0.166790 -0.736146 0.449897 0 255 0
0.178906 -0.730641 0.450486 0 255 0
0.171476 -0.726825 0.449016 0 255 0
0.175054 -0.731966 0.445000 0 255 0
0.167250 -0.737430 0.453986 0 255 0
0.164570 -0.732235 0.449325 0 255 0
0.168867 -0.732948 0.459520 0 255 0
0.174753 -0.756840 0.457933 0 255 0
0.172146 -0.739076 0.449293 0 255 0
0.185964 -0.747517 0.450179 0 255 0
0.184541 -0.738745 0.444374 0 255 0
0.166405 -0.712586 0.433080 0 255 0
0.181384 -0.734221 0.445715 0 255 0
0.174978 -0.734825 0.439799 0 255 0
0.175869 -0.732244 0.445823 0 255 0
0.169678 -0.735205 0.444837 0 255 0
0.175715 -0.737038 0.446037 0 255 0
0.177872 -0.746452 0.460582 0 255 0
0.181207 -0.744420 0.447154 0 255 0
0.168164 -0.758181 0.461888 0 255 0
0.174851 -0.739310 0.447778 0 255 0
0.193306 -0.752862 0.428055 0 255 0
0.186935 -0.741002 0.443641 0 255 0
0.179540 -0.742417 0.445197 0 255 0
0.176041 -0.729537 0.448322 0 255 0
0.196906 -0.711099 0.443128 0 255 0
0.185887 -0.735632 0.447364 0 255 0
0.183309 -0.746542 0.451682 0 255 0
0.181546 -0.731767 0.450945 0 255 0
0.189307 -0.736296 0.460643 0 255 0
0.187691 -0.738423 0.450047 0 255 0
0.187832 -0.748871 0.456781 0 255 0
0.185177 -0.735934 0.452714 0 255 0
0.188384 -0.740711 0.457084 0 255 0
0.175219 -0.728835 0.455006 0 255 0
0.186732 -0.743559 0.444240 0 255 0
0.188059 -0.743484 0.448601 0 255 0
0.191831 -0.746819 0.463667 0 255 0
0.186202 -0.744529 0.443435 0 255 0
0.173085 -0.733980 0.435369 0 255 0
0.180853 -0.745162 0.449444 0 255 0
0.186620 -0.727642 0.446347 0 255 0
0.180939 -0.744933 0.451769 0 255 0
0.199060 -0.761377 0.428938 0 255 0
0.184513 -0.746354 0.447780 0 255 0
0.170104 -0.701276 0.451144 0 255 0
0.170169 -0.728768 0.458633 0 255 0
0.175767 -0.739443 0.450782 0 255 0
0.179737 -0.735116 0.456549 0 255 0
0.168331 -0.752840 0.466824 0 255 0
0.171892 -0.738582 0.456333 0 255 0
0.171678 -0.744776 0.453820 0 255 0
0.177755 -0.738559 0.457077 0 255 0
0.172447 -0.740222 0.468560 0 255 0
0.182312 -0.741278 0.455238 0 255 0
0.170799 -0.737482 0.458331 0 255 0
0.184677 -0.743976 0.452413 0 255 0
0.189048 -0.757298 0.436297 0 255 0
0.187169 -0.741794 0.451082 0 255 0
0.170286 -0.725613 0.458739 0 255 0
0.184584 -0.742214 0.453712 0 255 0
0.141020 -0.715973 0.458394 0 255 0
0.136102 -0.728626 0.477555 0 255 0
0.114639 -0.730869 0.475378 0 255 0
0.131461 -0.726545 0.480469 0 255 0
0.142168 -0.724253 0.496999 0 255 0
0.132431 -0.733489 0.469529 0 255 0
0.138530 -0.734111 0.465943 0 255 0
0.131524 -0.726852 0.470082 0 255 0
0.156090 -0.735384 0.449710 0 255 0
0.129413 -0.736741 0.471640 0 255 0
0.138645 -0.744423 0.471532 0 255 0
0.124545 -0.725059 0.468698 0 255 0
0.116675 -0.715856 0.471720 0 255 0
0.121998 -0.715301 0.471051 0 255 0
0.110094 -0.748233 0.469227 0 255 0
0.112129 -0.716942 0.485062 0 255 0
0.104718 -0.732958 0.476621 0 255 0
0.120025 -0.718111 0.484185 0 255 0
0.114663 -0.716389 0.480003 0 255 0
0.133042 -0.725202 0.473367 0 255 0
0.143625 -0.740319 0.468707 0 255 0
0.123315 -0.727412 0.483223 0 255 0
0.132085 -0.721905 0.489101 0 255 0
0.129355 -0.728912 0.482413 0 255 0
0.115777 -0.715417 0.486618 0 255 0
0.118414 -0.710637 0.484113 0 255 0
0.132734 -0.708111 0.485214 0 255 0
0.124035 -0.714339 0.479062 0 255 0
0.128827 -0.701203 0.483667 0 255 0
0.124220 -0.714415 0.475420 0 255 0
0.103779 -0.738619 0.488298 0 255 0
0.114350 -0.722785 0.482062 0 255 0
0.120830 -0.732795 0.465085 0 255 0
0.119520 -0.730572 0.476250 0 255 0
0.124112 -0.714266 0.495498 0 255 0
0.128280 -0.722442 0.481162 0 255 0
0.135264 -0.700092 0.461383 0 255 0
0.121065 -0.728391 0.470828 0 255 0
0.092947 -0.741332 0.471019 0 255 0
0.132755 -0.742421 0.480890 0 255 0
0.145444 -0.739604 0.468833 0 255 0
0.129970 -0.735441 0.482985 0 255 0
0.131512 -0.735999 0.488785 0 255 0
0.124596 -0.734011 0.480395 0 255 0
0.141718 -0.738467 0.481365 0 255 0
0.138789 -0.734591 0.480984 0 255 0
0.149203 -0.728333 0.494863 0 255 0
0.140735 -0.733684 0.474306 0 255 0
0.112184 -0.716342 0.474325 0 255 0
0.139997 -0.735274 0.471464 0 255 0
0.134981 -0.743323 0.475568 0 255 0
0.132454 -0.732462 0.482815 0 255 0
0.144253 -0.719418 0.476551 0 255 0
0.132670 -0.742907 0.476864 0 255 0
0.128040 -0.755396 0.477665 0 255 0
0.138507 -0.744539 0.472488 0 255 0
0.136649 -0.748007 0.467713 0 255 0
0.141512 -0.741290 0.470767 0 255 0
0.139425 -0.720163 0.444959 0 255 0
0.143759 -0.736976 0.474713 0 255 0
0.151797 -0.733187 0.474377 0 255 0
0.137697 -0.743497 0.482494 0 255 0
0.128089 -0.734945 0.472496 0 255 0
0.140235 -0.748909 0.480619 0 255 0
0.145391 -0.763607 0.478359 0 255 0
0.152777 -0.748660 0.471984 0 255 0
0.164182 -0.755527 0.482424 0 255 0
0.148783 -0.747945 0.471631 0 255 0
0.145933 -0.745225 0.479095 0 255 0
0.146099 -0.746852 0.471679 0 255 0
0.136583 -0.737204 0.489440 0 255 0
0.146652 -0.750597 0.472564 0 255 0
0.133865 -0.758331 0.468811 0 255 0
0.149450 -0.753152 0.472310 0 255 0
0.143114 -0.743296 0.456427 0 255 0
0.145212 -0.752723 0.475841 0 255 0
0.136047 -0.755910 0.467695 0 255 0
0.154684 -0.751700 0.472465 0 255 0
0.146646 -0.762583 0.470089 0 255 0
0.141747 -0.746911 0.472684 0 255 0
0.143535 -0.732827 0.475789 0 255 0
0.150426 -0.744298 0.472549 0 255 0
0.168318 -0.741717 0.469733 0 255 0
0.155535 -0.751050 0.474467 0 255 0
0.169047 -0.757317 0.487096 0 255 0
0.153728 -0.746766 0.475389 0 255 0
0.166653 -0.745893 0.460677 0 255 0
0.149373 -0.742551 0.477435 0 255 0
0.164412 -0.747778 0.460865 0 255 0
0.146303 -0.739690 0.474575 0 255 0
0.140642 -0.747246 0.493258 0 255 0
0.154165 -0.748805 0.477537 0 255 0
0.144081 -0.743858 0.460002 0 255 0
0.153823 -0.754972 0.474312 0 255 0
0.145265 -0.768477 0.479895 0 255 0
0.144474 -0.753003 0.478119 0 255 0
0.147564 -0.767715 0.486029 0 255 0
0.144217 -0.751670 0.480511 0 255 0
0.131506 -0.767169 0.470250 0 255 0
0.150465 -0.756251 0.475092 0 255 0
0.153995 -0.745980 0.478609 0 255 0
0.143203 -0.736596 0.477906 0 255 0
0.153793 -0.738675 0.475995 0 255 0
0.143931 -0.740183 0.480424 0 255 0
0.148706 -0.735665 0.490514 0 255 0
0.142102 -0.743111 0.482122 0 255 0
0.132458 -0.740336 0.478866 0 255 0
0.144963 -0.749458 0.481980 0 255 0
0.157876 -0.755906 0.500068 0 255 0
0.149479 -0.751950 0.480970 0 255 0
0.147001 -0.740353 0.481760 0 255 0
0.151635 -0.747213 0.479617 0 255 0
0.157823 -0.767374 0.482807 0 255 0
0.152230 -0.754766 0.478400 0 255 0
0.164093 -0.757691 0.488249 0 255 0
0.153528 -0.750003 0.478668 0 255 0
0.155432 -0.744820 0.458891 0 255 0
0.110504 -0.719291 0.482901 0 255 0
0.115176 -0.639993 0.455087 0 255 0
0.126628 -0.630213 0.449873 0 255 0
0.135140 -0.615597 0.465034 0 255 0
0.125638 -0.625028 0.463513 0 255 0
0.104338 -0.614025 0.469055 0 255 0
0.121729 -0.616294 0.460450 0 255 0
0.144972 -0.617741 0.459780 0 255 0
0.127315 -0.631275 0.454285 0 255 0
0.125080 -0.614979 0.454983 0 255 0
0.121781 -0.617627 0.449195 0 255 0
0.138101 -0.629979 0.432861 0 255 0
0.131551 -0.619370 0.442446 0 255 0
0.095578 -0.615697 0.441376 0 255 0
0.129647 -0.613041 0.458312 0 255 0
0.134274 -0.597586 0.467959 0 255 0
0.132773 -0.624612 0.443940 0 255 0
0.124648 -0.637802 0.443687 0 255 0
0.133208 -0.629135 0.453307 0 255 0
0.142751 -0.618673 0.425651 0 255 0
0.141662 -0.615877 0.439121 0 255 0
0.145346 -0.603180 0.449153 0 255 0
0.149244 -0.604938 0.445450 0 255 0
0.145978 -0.627257 0.460337 0 255 0
0.145027 -0.606587 0.450917 0 255 0
0.136429 -0.590473 0.453888 0 255 0
0.140027 -0.608561 0.450270 0 255 0
0.149008 -0.597967 0.446425 0 255 0
0.143755 -0.609694 0.442220 0 255 0
0.149816 -0.617949 0.432580 0 255 0
0.144402 -0.612012 0.438901 0 255 0
0.156020 -0.607719 0.427453 0 255 0
0.152428 -0.604122 0.443926 0 255 0
0.137496 -0.597020 0.433346 0 255 0
0.153828 -0.605115 0.446538 0 255 0
0.129551 -0.619787 0.444202 0 255 0
0.137390 -0.610410 0.456554 0 255 0
0.148702 -0.590569 0.457360 0 255 0
0.150609 -0.607252 0.452720 0 255 0
0.155155 -0.603978 0.455206 0 255 0
0.144813 -0.612458 0.457933 0 255 0
0.168471 -0.610520 0.448301 0 255 0
0.154703 -0.611355 0.450340 0 255 0
0.145418 -0.617905 0.450581 0 255 0
0.151468 -0.615124 0.453496 0 255 0
0.144365 -0.616752 0.470401 0 255 0
0.136372 -0.620173 0.460997 0 255 0
0.168159 -0.610021 0.455140 0 255 0
0.156832 -0.610147 0.444295 0 255 0
0.154722 -0.595730 0.461095 0 255 0
0.147399 -0.615727 0.437604 0 255 0
0.137340 -0.617952 0.443118 0 255 0
0.151659 -0.613863 0.437194 0 255 0
0.157235 -0.590702 0.442041 0 255 0
0.152384 -0.617052 0.439427 0 255 0
0.158705 -0.636068 0.436716 0 255 0
0.155004 -0.610896 0.438033 0 255 0
0.137323 -0.623222 0.451870 0 255 0
0.132220 -0.626608 0.458922 0 255 0
0.142872 -0.620405 0.442839 0 255 0
0.145759 -0.621632 0.454021 0 255 0
0.127492 -0.628519 0.456379 0 255 0
0.139493 -0.625939 0.445268 0 255 0
0.171294 -0.619805 0.441254 0 255 0
0.146563 -0.623639 0.448699 0 255 0
0.156629 -0.626510 0.454335 0 255 0
0.151925 -0.619442 0.446667 0 255 0
0.140640 -0.623046 0.440861 0 255 0
0.155098 -0.615683 0.443728 0 255 0
0.158747 -0.594245 0.439677 0 255 0
0.155823 -0.612955 0.446495 0 255 0
0.151298 -0.623094 0.445132 0 255 0
0.154101 -0.616717 0.445983 0 255 0
0.107207 -0.689151 0.483160 0 255 0
0.114709 -0.706342 0.486068 0 255 0
0.122195 -0.721136 0.484612 0 255 0
0.100436 -0.700284 0.489384 0 255 0
0.092829 -0.722103 0.496397 0 255 0
0.102879 -0.695608 0.485821 0 255 0
0.115176 -0.708667 0.473838 0 255 0
0.118935 -0.702861 0.481588 0 255 0
0.115208 -0.694943 0.497349 0 255 0
-0.012804 -0.484136 0.513878 0 255 0
-0.017309 -0.490918 0.522126 0 255 0
-0.020394 -0.478999 0.514751 0 255 0
-0.012940 -0.483215 0.522274 0 255 0
-0.013313 -0.477382 0.513580 0 255 0
0.000401 -0.486546 0.510224 0 255 0
-0.004287 -0.482295 0.507408 0 255 0
0.009001 -0.486860 0.505332 0 255 0
-0.000745 -0.474547 0.500069 0 255 0
-0.002070 -0.472913 0.505447 0 255 0
-0.001035 -0.473945 0.501081 0 255 0
-0.004626 -0.484890 0.511082 0 255 0
-0.002372 -0.474506 0.502866 0 255 0
-0.020120 -0.492756 0.521031 0 255 0
-0.024210 -0.481641 0.515192 0 255 0
-0.025029 -0.493908 0.520003 0 255 0
-0.006494 -0.475904 0.508981 0 255 0
-0.025020 -0.491020 0.510585 0 255 0
-0.022897 -0.479851 0.514781 0 255 0
-0.013396 -0.478610 0.498519 0 255 0
-0.013398 -0.479600 0.513004 0 255 0
-0.013652 -0.467024 0.495858 0 255 0
-0.005304 -0.480385 0.508153 0 255 0
-0.010243 -0.475793 0.507525 0 255 0
-0.004280 -0.477013 0.506158 0 255 0
-0.018372 -0.463453 0.504831 0 255 0
-0.017148 -0.480035 0.514073 0 255 0
-0.027029 -0.479250 0.516140 0 255 0
-0.013698 -0.482244 0.513194 0 255 0
-0.002029 -0.457755 0.499611 0 255 0
-0.003310 -0.478553 0.505395 0 255 0
-0.013455 -0.490064 0.512932 0 255 0
-0.023023 -0.480893 0.514716 0 255 0
-0.078836 -0.243336 0.536545 0 255 0
-0.081122 -0.243044 0.556020 0 255 0
-0.034474 -0.481822 0.518515 0 255 0
-0.021730 -0.480578 0.514552 0 255 0
-0.020653 -0.466329 0.516373 0 255 0
-0.019661 -0.481829 0.514420 0 255 0
-0.039140 -0.474816 0.503837 0 255 0
-0.161061 -0.420517 0.497994 0 255 0
-0.155800 -0.422831 0.529971 0 255 0
-0.194729 -0.436654 0.466497 0 255 0
-0.225925 -0.438469 0.456318 0 255 0
-0.121135 0.023067 0.637724 0 255 0
-0.145787 0.009416 0.432030 0 255 0
-0.143480 -0.028018 0.428037 0 255 0
-0.134511 -0.014021 0.411826 0 255 0
-0.127490 -0.044354 0.422008 0 255 0
-0.208814 -0.038128 0.567157 0 255 0
-0.202989 -0.002641 0.564299 0 255 0
-0.163719 -0.020235 0.608869 0 255 0
-0.161953 0.002487 0.612834 0 255 0
-0.188613 0.033730 0.567444 0 255 0
-0.126652 0.029279 0.431051 0 255 0
-0.164751 -0.005217 0.424948 0 255 0
-0.128504 0.004696 0.428580 0 255 0
-0.162518 0.015998 0.449576 0 255 0
-0.090664 -0.029581 0.423819 0 255 0
-0.089135 -0.004351 0.427280 0 255 0
-0.214215 -0.048274 0.541810 0 255 0
-0.207313 -0.045494 0.520834 0 255 0
-0.170731 -0.035449 0.440567 0 255 0
-0.132535 -0.076736 0.417770 0 255 0
-0.189323 -0.044159 0.456052 0 255 0
-0.195778 -0.078141 0.438256 0 255 0
-0.150891 -0.046308 0.622766 0 255 0
-0.130715 -0.066810 0.622542 0 255 0
-0.206214 -0.048365 0.563776 0 255 0
-0.092422 -0.046812 0.659203 0 255 0
-0.117364 -0.077342 0.413573 0 255 0
-0.150535 -0.079284 0.424513 0 255 0
-0.212635 -0.048674 0.497406 0 255 0
-0.088668 -0.217857 0.589150 0 255 0
-0.093585 -0.199595 0.605477 0 255 0
-0.109748 -0.203645 0.610604 0 255 0
-0.107649 -0.218548 0.591197 0 255 0
-0.131046 -0.229222 0.618699 0 255 0
-0.135134 -0.215505 0.602647 0 255 0
-0.172147 -0.237067 0.592588 0 255 0
-0.176139 -0.223605 0.587295 0 255 0
-0.183081 -0.222502 0.599234 0 255 0
-0.189417 -0.222323 0.578707 0 255 0
-0.202337 -0.234874 0.580913 0 255 0
-0.198697 -0.210642 0.574717 0 255 0
-0.219057 -0.184315 0.555492 0 255 0
-0.213954 -0.178884 0.560854 0 255 0
-0.203413 -0.202939 0.554307 0 255 0
-0.208586 -0.177265 0.580477 0 255 0
-0.207325 -0.184933 0.584933 0 255 0
-0.193501 -0.201997 0.591634 0 255 0
-0.082924 -0.165892 0.612875 0 255 0
-0.087277 -0.135262 0.627191 0 255 0
-0.088791 -0.271840 0.528214 0 255 0
-0.122639 -0.624668 0.527939 0 255 0
0.007572 -0.630208 0.480047 0 255 0
-0.121466 -0.256880 0.393513 0 255 0
-0.100294 -0.233174 0.391756 0 255 0
-0.091308 -0.236804 0.394176 0 255 0
-0.088660 -0.248049 0.397654 0 255 0
-0.172018 -0.301561 0.412487 0 255 0
-0.174042 -0.288867 0.405225 0 255 0
-0.152276 -0.266239 0.397923 0 255 0
-0.149182 -0.251579 0.385599 0 255 0
-0.193982 -0.069398 0.583853 0 255 0
-0.116858 -0.219356 0.398775 0 255 0
-0.138452 -0.245298 0.394771 0 255 0
-0.168702 -0.245518 0.404427 0 255 0
-0.171217 -0.273791 0.404130 0 255 0
-0.173343 -0.297842 0.409648 0 255 0
-0.190458 -0.301821 0.420367 0 255 0
-0.208772 -0.274732 0.426506 0 255 0
-0.218624 -0.306783 0.434264 0 255 0
-0.208508 -0.313755 0.432531 0 255 0
-0.216640 -0.330768 0.440951 0 255 0
-0.218752 -0.311210 0.433336 0 255 0
-0.226422 -0.399144 0.462475 0 255 0
-0.239265 -0.393058 0.471599 0 255 0
-0.235156 -0.420166 0.481453 0 255 0
-0.237755 -0.433443 0.489746 0 255 0
-0.245977 -0.418854 0.504250 0 255 0
-0.247118 -0.398607 0.498783 0 255 0
-0.251079 -0.389524 0.520037 0 255 0
-0.246013 -0.329328 0.513731 0 255 0
-0.246462 -0.302169 0.517489 0 255 0
-0.244424 -0.225956 0.502028 0 255 0
-0.232859 -0.205990 0.481296 0 255 0
-0.226663 -0.123663 0.455891 0 255 0
-0.225328 -0.155144 0.464674 0 255 0
-0.206804 -0.112426 0.453042 0 255 0
-0.181222 0.119786 0.420691 0 255 0
-0.176298 0.112291 0.446611 0 255 0
-0.140728 0.053477 0.431803 0 255 0
-0.206733 0.119705 0.441451 0 255 0
-0.101264 0.078765 0.420141 0 255 0
-0.109318 0.079104 0.420517 0 255 0
-0.228832 0.101550 0.524831 0 255 0
-0.247686 0.111449 0.499720 0 255 0
-0.184798 0.084068 0.442428 0 255 0
-0.209365 0.107785 0.456970 0 255 0
-0.222351 0.104748 0.549587 0 255 0
-0.137750 0.117210 0.619091 0 255 0
-0.157065 0.128876 0.622848 0 255 0
-0.093083 0.154579 0.646233 0 255 0
-0.095506 0.140904 0.647241 0 255 0
-0.195374 0.101701 0.565551 0 255 0
-0.115757 0.138239 0.642868 0 255 0
-0.174991 0.115820 0.605542 0 255 0
-0.195265 0.116790 0.591335 0 255 0
-0.121132 0.076430 0.423109 0 255 0
-0.176040 0.081771 0.437707 0 255 0
-0.138380 0.079584 0.424675 0 255 0
-0.132333 -0.144088 0.397329 0 255 0
-0.152089 -0.157018 0.393351 0 255 0
-0.173568 -0.159759 0.408209 0 255 0
-0.182513 -0.198866 0.406527 0 255 0
-0.198258 -0.198513 0.422216 0 255 0
-0.209223 -0.190051 0.441747 0 255 0
-0.190694 -0.173058 0.417587 0 255 0
-0.226495 -0.234881 0.447894 0 255 0
-0.218680 -0.242081 0.457921 0 255 0
-0.220010 -0.235839 0.474322 0 255 0
-0.215324 -0.218514 0.452446 0 255 0
-0.231634 -0.257145 0.473625 0 255 0
-0.233611 -0.264110 0.480874 0 255 0
-0.223440 -0.291828 0.490420 0 255 0
-0.245570 -0.306633 0.494309 0 255 0
-0.261926 -0.305774 0.471933 0 255 0
-0.240198 -0.295898 0.469419 0 255 0
-0.210836 -0.220239 0.445025 0 255 0
-0.201328 -0.225299 0.431326 0 255 0
-0.115652 -0.163832 0.383808 0 255 0
-0.110528 -0.164675 0.398045 0 255 0
-0.211553 -0.178227 0.548393 0 255 0
-0.224061 -0.165799 0.532030 0 255 0
-0.229792 -0.178485 0.507575 0 255 0
-0.230418 -0.162499 0.505296 0 255 0
-0.226174 -0.166011 0.493661 0 255 0
-0.232705 -0.167356 0.480600 0 255 0
-0.225658 -0.177747 0.484045 0 255 0
-0.232509 -0.189280 0.475416 0 255 0
-0.227220 -0.184301 0.460805 0 255 0
-0.228580 -0.194639 0.467677 0 255 0
-0.213332 -0.188867 0.440411 0 255 0
-0.217270 -0.192712 0.443086 0 255 0
-0.209337 -0.214627 0.436363 0 255 0
-0.205151 -0.213306 0.435453 0 255 0
-0.183914 -0.200949 0.413869 0 255 0
-0.192312 -0.212208 0.420178 0 255 0
-0.157024 -0.210886 0.403785 0 255 0
-0.162192 -0.220267 0.398421 0 255 0
-0.192707 -0.184660 0.406323 0 255 0
-0.168700 -0.190298 0.402437 0 255 0
-0.166971 -0.296484 0.419418 0 255 0
-0.140904 -0.293365 0.405373 0 255 0
-0.276455 -0.358660 0.509839 0 255 0
-0.250726 -0.391433 0.509585 0 255 0
-0.255748 -0.389970 0.525924 0 255 0
-0.252286 -0.373190 0.511962 0 255 0
-0.252176 -0.393106 0.501949 0 255 0
-0.247394 -0.385617 0.492799 0 255 0
-0.251314 -0.403980 0.476219 0 255 0
-0.250192 -0.383154 0.500997 0 255 0
-0.265322 -0.400427 0.477438 0 255 0
-0.244758 -0.385922 0.484072 0 255 0
-0.227649 -0.398745 0.489988 0 255 0
-0.242155 -0.385043 0.475875 0 255 0
-0.240776 -0.384191 0.469645 0 255 0
-0.235818 -0.389858 0.467033 0 255 0
-0.236426 -0.335052 0.468033 0 255 0
-0.242897 -0.356215 0.464682 0 255 0
-0.229026 -0.375941 0.496256 0 255 0
-0.249604 -0.327194 0.499033 0 255 0
-0.256048 -0.356163 0.505038 0 255 0
-0.251576 -0.366389 0.500524 0 255 0
-0.253388 -0.361642 0.482701 0 255 0
-0.250648 -0.349888 0.491371 0 255 0
-0.250873 -0.341093 0.486246 0 255 0
-0.132853 -0.156761 0.396664 0 255 0
-0.146111 -0.166565 0.406346 0 255 0
-0.226625 -0.255799 0.465566 0 255 0
-0.235673 -0.276260 0.454718 0 255 0
-0.239730 -0.285703 0.478549 0 255 0
-0.243775 -0.299419 0.485787 0 255 0
-0.234358 -0.278377 0.463835 0 255 0
-0.229650 -0.262237 0.471544 0 255 0
-0.218835 -0.251210 0.451493 0 255 0
-0.138204 -0.185933 0.401712 0 255 0
-0.111665 -0.150692 0.397224 0 255 0
-0.180180 -0.337845 0.503971 0 255 0
-0.182493 -0.350743 0.482781 0 255 0
-0.208113 -0.360012 0.481886 0 255 0
-0.206534 -0.343742 0.447679 0 255 0
-0.097847 -0.293512 0.385139 0 255 0
-0.175584 -0.556283 0.554558 0 255 0
-0.084581 -0.110488 0.414072 0 255 0
-0.093981 -0.123568 0.396311 0 255 0
-0.081516 -0.050324 0.400726 0 255 0
-0.102817 -0.071294 0.412116 0 255 0
-0.191400 0.050123 0.459162 0 255 0
-0.089645 0.054191 0.427599 0 255 0
-0.084717 0.014609 0.428774 0 255 0
-0.089215 0.078755 0.419728 0 255 0
-0.078090 0.079143 0.417118 0 255 0
-0.067934 -0.007022 0.419157 0 255 0
-0.101792 -0.008061 0.428204 0 255 0
-0.089517 -0.077107 0.410240 0 255 0
-0.103828 -0.147376 0.387563 0 255 0
-0.093325 -0.148120 0.396881 0 255 0
-0.075373 -0.154986 0.402850 0 255 0
-0.092348 -0.176845 0.397398 0 255 0
-0.163201 -0.187788 0.624832 0 255 0
-0.159359 -0.206056 0.611076 0 255 0
-0.146336 -0.196259 0.615653 0 255 0
-0.148634 -0.191151 0.627552 0 255 0
-0.199636 -0.196464 0.619191 0 255 0
-0.178183 -0.206591 0.601373 0 255 0
-0.178038 -0.220812 0.600787 0 255 0
-0.170443 -0.191839 0.619214 0 255 0
-0.169715 -0.213876 0.587870 0 255 0
-0.187231 -0.190309 0.608568 0 255 0
-0.139743 -0.173814 0.642626 0 255 0
-0.170890 -0.176473 0.629433 0 255 0
-0.147617 -0.167211 0.642712 0 255 0
-0.186820 -0.175848 0.618227 0 255 0
-0.195718 -0.189157 0.610718 0 255 0
-0.013529 -0.361676 0.509776 0 255 0
-0.008511 -0.370116 0.522101 0 255 0
0.014768 -0.406400 0.519263 0 255 0
0.042605 -0.416308 0.522627 0 255 0
-0.028713 -0.348504 0.490440 0 255 0
-0.019525 -0.363602 0.473150 0 255 0
0.011840 -0.388625 0.518425 0 255 0
0.019624 -0.370461 0.514077 0 255 0
0.022089 -0.429534 0.513195 0 255 0
0.017167 -0.424647 0.520824 0 255 0
0.019177 -0.416674 0.516026 0 255 0
0.016209 -0.412769 0.494815 0 255 0
-0.041734 -0.330583 0.492597 0 255 0
0.001292 -0.353818 0.500444 0 255 0
-0.058540 -0.311295 0.498713 0 255 0
-0.070695 -0.298947 0.498998 0 255 0
-0.075635 -0.296290 0.508806 0 255 0
-0.083462 -0.298813 0.514978 0 255 0
-0.081433 -0.178844 0.616739 0 255 0
-0.085711 -0.239835 0.576540 0 255 0
-0.080165 -0.206706 0.593749 0 255 0
-0.068865 -0.239505 0.569924 0 255 0
-0.079989 -0.278860 0.524243 0 255 0
-0.055783 -0.333900 0.490983 0 255 0
0.015037 -0.401265 0.518430 0 255 0
0.005196 -0.380190 0.515518 0 255 0
0.019708 -0.422980 0.513649 0 255 0
0.013713 -0.426845 0.496989 0 255 0
-0.069189 -0.253808 0.544178 0 255 0
-0.072798 -0.250289 0.550190 0 255 0
-0.080800 -0.193117 0.605639 0 255 0
-0.060074 -0.160104 0.633260 0 255 0
-0.071164 -0.129794 0.623904 0 255 0
-0.071533 -0.263389 0.531944 0 255 0
-0.072464 -0.106559 0.621648 0 255 0
-0.226897 0.304110 0.456544 0 255 0
-0.213097 0.307905 0.442476 0 255 0
-0.207065 0.284943 0.437411 0 255 0
-0.222635 0.279632 0.439073 0 255 0
-0.237644 0.235076 0.470756 0 255 0
-0.236468 0.208721 0.458419 0 255 0
-0.238501 0.178484 0.476509 0 255 0
-0.188068 0.299189 0.415807 0 255 0
-0.164046 0.280947 0.399204 0 255 0
-0.163789 0.300046 0.407170 0 255 0
-0.214151 0.200320 0.441240 0 255 0
-0.223564 0.210626 0.435054 0 255 0
-0.214206 0.263644 0.419376 0 255 0
-0.219031 0.258062 0.429890 0 255 0
-0.242170 0.256506 0.452026 0 255 0
-0.187176 0.280791 0.407073 0 255 0
-0.191026 0.276572 0.414178 0 255 0
-0.140810 0.122337 0.408432 0 255 0
-0.125780 0.139648 0.407026 0 255 0
-0.117128 0.142247 0.396589 0 255 0
-0.231900 0.104288 0.452725 0 255 0
-0.204851 0.137521 0.427052 0 255 0
-0.095564 0.276764 0.426896 0 255 0
-0.205120 0.259253 0.415418 0 255 0
-0.178887 0.256742 0.390025 0 255 0
-0.188066 0.259551 0.401468 0 255 0
-0.152594 0.196301 0.404554 0 255 0
-0.190692 0.187582 0.404048 0 255 0
-0.206278 0.217321 0.395874 0 255 0
-0.167518 0.210321 0.388432 0 255 0
-0.218067 0.180278 0.418331 0 255 0
-0.208042 0.160405 0.422371 0 255 0
-0.173894 0.172674 0.401997 0 255 0
-0.190123 0.162635 0.409045 0 255 0
-0.184117 0.127061 0.439341 0 255 0
-0.207210 0.213327 0.415992 0 255 0
-0.165725 0.235210 0.377626 0 255 0
-0.138346 0.233868 0.379551 0 255 0
-0.104493 0.230491 0.379738 0 255 0
-0.081248 0.230728 0.380991 0 255 0
-0.084612 0.203947 0.375680 0 255 0
-0.166798 0.141883 0.406246 0 255 0
-0.151358 0.120177 0.418580 0 255 0
-0.162580 0.120902 0.413554 0 255 0
-0.203620 0.088793 0.457988 0 255 0
-0.166734 0.494243 0.643328 0 255 0
-0.062738 0.317404 0.543884 0 255 0
-0.059333 0.312870 0.559387 0 255 0
-0.236714 0.253119 0.592779 0 255 0
-0.252406 0.272707 0.505953 0 255 0
-0.238200 0.267874 0.494824 0 255 0
-0.069981 0.312265 0.597236 0 255 0
-0.094528 0.296499 0.610645 0 255 0
-0.226491 0.248410 0.607611 0 255 0
-0.166517 0.275899 0.638923 0 255 0
-0.061597 0.314517 0.577875 0 255 0
-0.235057 0.236581 0.432448 0 255 0
-0.206228 0.237000 0.414075 0 255 0
-0.177861 0.258231 0.410391 0 255 0
-0.137757 0.256835 0.383009 0 255 0
-0.115778 0.236036 0.372689 0 255 0
-0.080416 0.250306 0.387081 0 255 0
-0.096041 0.249171 0.639226 0 255 0
-0.068299 0.243667 0.628950 0 255 0
-0.076083 0.243487 0.628966 0 255 0
-0.057837 0.229483 0.629095 0 255 0
-0.057680 0.245388 0.636336 0 255 0
-0.068684 0.255750 0.625961 0 255 0
-0.065304 0.250252 0.629827 0 255 0
-0.058816 0.265482 0.618909 0 255 0
-0.130710 0.152893 0.641575 0 255 0
-0.157922 0.147088 0.621210 0 255 0
-0.081777 0.154266 0.639618 0 255 0
-0.094725 0.158394 0.643952 0 255 0
-0.212321 0.121451 0.567115 0 255 0
-0.115009 0.155999 0.640002 0 255 0
-0.183263 0.148623 0.603022 0 255 0
-0.198604 0.133756 0.590945 0 255 0
-0.091797 0.168402 0.383896 0 255 0
-0.083961 0.136775 0.393207 0 255 0
-0.051363 0.155843 0.643080 0 255 0
0.001586 -0.364157 0.515150 0 255 0
-0.016263 -0.360067 0.506025 0 255 0
0.018973 -0.541915 0.467639 0 255 0
-0.123402 -0.331550 0.415317 0 255 0
0.024947 -0.489057 0.493637 0 255 0
0.011549 -0.418042 0.493648 0 255 0
0.024593 -0.431484 0.514745 0 255 0
-0.062958 -0.314093 0.506577 0 255 0
-0.070137 -0.283139 0.513284 0 255 0
-0.049480 0.296366 0.541131 0 255 0
-0.069843 -0.275595 0.523096 0 255 0
-0.070596 0.287705 0.539333 0 255 0
-0.079101 -0.049197 0.415619 0 255 0
-0.047208 0.866255 0.418500 0 255 0
-0.045928 0.858483 0.387686 0 255 0
-0.053918 0.860788 0.381025 0 255 0
-0.045539 0.890224 0.390395 0 255 0
-0.045640 0.840086 0.358784 0 255 0
-0.052647 0.848406 0.369948 0 255 0
-0.078931 0.834452 0.346648 0 255 0
-0.090865 0.848763 0.361643 0 255 0
-0.099118 0.884306 0.349158 0 255 0
-0.071479 0.870059 0.347682 0 255 0
-0.104296 0.841938 0.365205 0 255 0
-0.097444 0.884834 0.366509 0 255 0
-0.104297 0.871164 0.375481 0 255 0
-0.109409 0.869643 0.392862 0 255 0
-0.099889 0.872001 0.390798 0 255 0
-0.103861 0.880134 0.409157 0 255 0
-0.115405 0.892480 0.404508 0 255 0
-0.090555 0.885100 0.420333 0 255 0
-0.073903 0.859485 0.422115 0 255 0
-0.050453 0.897649 0.403792 0 255 0
-0.053064 0.867349 0.347261 0 255 0
-0.050071 0.874985 0.359280 0 255 0
-0.043260 0.865815 0.399430 0 255 0
-0.047741 0.853060 0.378155 0 255 0
-0.035755 0.906989 0.377922 0 255 0
-0.038564 0.913943 0.384012 0 255 0
-0.040306 0.895597 0.340938 0 255 0
-0.048230 0.900249 0.350202 0 255 0
-0.087155 0.897972 0.343395 0 255 0
-0.066561 0.893607 0.334848 0 255 0
-0.102741 0.900842 0.365793 0 255 0
-0.085188 0.902946 0.349042 0 255 0
-0.080385 0.874343 0.365682 0 255 0
-0.095850 0.913751 0.371073 0 255 0
-0.096273 0.915156 0.401810 0 255 0
-0.044398 0.921142 0.399067 0 255 0
-0.052272 0.925887 0.359211 0 255 0
-0.102440 1.054377 0.499011 0 255 0
-0.104926 1.049603 0.513058 0 255 0
-0.097732 1.049631 0.501658 0 255 0
-0.089896 1.053015 0.492765 0 255 0
-0.066580 1.054817 0.514137 0 255 0
-0.052025 1.057271 0.512247 0 255 0
-0.058101 1.046296 0.518683 0 255 0
-0.058265 1.064901 0.526607 0 255 0
-0.082613 1.055818 0.509974 0 255 0
-0.084212 1.055140 0.508640 0 255 0
-0.087238 1.058210 0.504416 0 255 0
-0.096737 1.059296 0.498933 0 255 0
-0.118814 1.042319 0.471376 0 255 0
-0.111576 1.052657 0.471998 0 255 0
-0.121535 1.045146 0.465723 0 255 0
-0.118547 1.054058 0.476659 0 255 0
-0.108090 1.051157 0.487491 0 255 0
-0.108507 1.061229 0.493636 0 255 0
-0.110881 1.053862 0.481719 0 255 0
-0.117233 1.043553 0.461403 0 255 0
-0.066682 1.035707 0.499707 0 255 0
-0.036787 1.062590 0.501970 0 255 0
-0.055312 1.041469 0.510876 0 255 0
-0.053315 1.032380 0.521617 0 255 0
-0.047599 1.047746 0.505820 0 255 0
-0.045183 1.026678 0.504240 0 255 0
-0.050177 1.047307 0.488921 0 255 0
-0.051362 1.053735 0.494481 0 255 0
-0.063059 1.049799 0.489581 0 255 0
-0.042147 1.056022 0.500116 0 255 0
-0.071372 1.045236 0.494276 0 255 0
-0.080757 1.034958 0.490506 0 255 0
-0.089860 1.045867 0.492743 0 255 0
-0.087939 1.019745 0.487783 0 255 0
-0.089076 1.046122 0.505733 0 255 0
-0.106182 1.078121 0.499665 0 255 0
-0.076002 1.038839 0.500345 0 255 0
-0.077012 1.057366 0.504130 0 255 0
-0.070756 1.047813 0.496799 0 255 0
-0.069222 1.033233 0.500994 0 255 0
-0.078842 1.056143 0.500955 0 255 0
-0.076535 1.061035 0.497438 0 255 0
-0.083444 1.051691 0.488895 0 255 0
-0.069997 1.058616 0.490960 0 255 0
-0.101721 1.038384 0.487530 0 255 0
-0.102631 1.039968 0.498168 0 255 0
-0.095167 1.046098 0.497808 0 255 0
-0.097901 1.058355 0.504362 0 255 0
-0.089764 1.052905 0.496159 0 255 0
-0.069493 1.056518 0.498557 0 255 0
-0.091160 1.051728 0.483856 0 255 0
-0.077335 1.059754 0.476555 0 255 0
-0.099894 1.051372 0.481261 0 255 0
-0.106510 1.068166 0.497577 0 255 0
-0.105635 1.044847 0.484428 0 255 0
-0.114875 1.040740 0.496920 0 255 0
-0.117682 1.041632 0.470300 0 255 0
-0.129139 1.046480 0.484841 0 255 0
-0.114912 1.041526 0.481246 0 255 0
-0.110385 1.051391 0.474921 0 255 0
-0.108254 1.036404 0.477930 0 255 0
-0.099080 1.047804 0.498415 0 255 0
-0.104168 1.046290 0.483970 0 255 0
-0.096997 1.042171 0.485179 0 255 0
-0.104578 1.048994 0.472315 0 255 0
-0.104528 1.060866 0.481980 0 255 0
-0.112063 1.047808 0.468024 0 255 0
-0.109530 1.042413 0.481013 0 255 0
-0.125876 1.031278 0.457847 0 255 0
-0.118581 1.040728 0.469991 0 255 0
-0.125805 1.040169 0.461211 0 255 0
-0.125528 1.023222 0.445767 0 255 0
-0.120355 1.031571 0.463356 0 255 0
-0.128933 1.032566 0.465963 0 255 0
-0.115780 1.040465 0.467253 0 255 0
-0.130526 1.025040 0.456891 0 255 0
-0.115053 1.042765 0.457837 0 255 0
-0.090370 1.057732 0.473001 0 255 0
-0.120684 1.041548 0.453071 0 255 0
-0.127511 1.050212 0.455086 0 255 0
-0.068751 1.030612 0.487329 0 255 0
-0.059754 1.026976 0.502375 0 255 0
-0.056559 1.054980 0.508933 0 255 0
-0.040755 1.021295 0.454292 0 255 0
-0.063066 1.055810 0.508459 0 255 0
-0.065747 1.054136 0.487148 0 255 0
-0.049273 1.042075 0.476052 0 255 0
-0.093920 1.047965 0.491440 0 255 0
-0.088949 1.050227 0.510184 0 255 0
-0.095642 1.050921 0.474086 0 255 0
-0.086473 1.044086 0.484823 0 255 0
-0.076889 1.060888 0.539881 0 255 0
-0.086198 1.031785 0.483200 0 255 0
-0.084474 1.015201 0.480524 0 255 0
-0.096623 1.057003 0.497225 0 255 0
-0.098362 1.057458 0.490986 0 255 0
-0.100100 1.046747 0.465770 0 255 0
-0.105428 1.030956 0.483358 0 255 0
-0.113698 1.045636 0.485686 0 255 0
-0.112324 1.041911 0.464011 0 255 0
-0.117531 1.036910 0.462906 0 255 0
-0.094037 1.050952 0.484433 0 255 0
-0.115449 1.027912 0.460992 0 255 0
-0.130081 1.032763 0.478027 0 255 0
-0.119518 1.040107 0.443297 0 255 0
-0.129426 1.023952 0.432743 0 255 0
-0.120977 1.039947 0.470122 0 255 0
-0.141143 1.021342 0.440644 0 255 0
-0.060138 0.903829 0.412326 0 255 0
-0.056069 0.880052 0.440093 0 255 0
-0.075853 0.885173 0.422574 0 255 0
-0.072460 0.903310 0.430727 0 255 0
-0.084011 0.906478 0.410840 0 255 0
-0.044818 0.926145 0.414858 0 255 0
-0.067270 0.928175 0.411515 0 255 0
-0.090852 0.928811 0.410892 0 255 0
-0.096547 0.931400 0.361506 0 255 0
-0.091014 0.939331 0.348437 0 255 0
-0.083043 0.919523 0.338279 0 255 0
-0.059151 0.920682 0.337248 0 255 0
-0.063822 0.911443 0.322627 0 255 0
-0.040554 0.936663 0.385967 0 255 0
-0.051448 0.947419 0.410724 0 255 0
-0.058989 0.943886 0.407805 0 255 0
-0.079427 0.947519 0.407167 0 255 0
-0.040738 1.025977 0.476364 0 255 0
-0.064962 1.013931 0.475932 0 255 0
-0.039371 1.003437 0.458498 0 255 0
-0.043540 1.007194 0.455915 0 255 0
-0.100571 1.002165 0.473306 0 255 0
-0.076545 1.001305 0.455896 0 255 0
-0.099520 1.006692 0.447178 0 255 0
-0.090337 1.003605 0.445445 0 255 0
-0.108466 1.001453 0.457584 0 255 0
-0.102543 1.005306 0.433725 0 255 0
-0.114338 1.008285 0.430346 0 255 0
-0.113520 1.008499 0.421722 0 255 0
-0.122245 1.021090 0.437659 0 255 0
-0.119130 1.016134 0.412806 0 255 0
-0.029777 1.015208 0.463801 0 255 0
-0.037973 1.018942 0.446232 0 255 0
-0.061813 1.026504 0.469778 0 255 0
-0.045521 1.030961 0.438627 0 255 0
-0.043152 1.062439 0.464565 0 255 0
-0.059836 1.032714 0.435449 0 255 0
-0.120521 1.036635 0.420448 0 255 0
-0.117514 1.036372 0.428381 0 255 0
-0.068774 1.045848 0.443224 0 255 0
-0.076030 1.032035 0.430034 0 255 0
-0.091265 1.057074 0.433662 0 255 0
-0.090635 1.032505 0.422280 0 255 0
-0.096675 1.060188 0.454643 0 255 0
-0.103248 1.031748 0.415101 0 255 0
-0.051311 0.994134 0.433369 0 255 0
-0.071570 0.983030 0.441365 0 255 0
-0.081066 0.985350 0.436188 0 255 0
-0.096647 0.988914 0.416674 0 255 0
-0.090219 0.993325 0.399614 0 255 0
-0.113636 1.003801 0.394470 0 255 0
-0.093911 0.968258 0.401653 0 255 0
-0.101764 0.982667 0.381425 0 255 0
-0.103511 0.999391 0.378991 0 255 0
-0.101160 0.983729 0.354285 0 255 0
-0.090964 0.989729 0.354375 0 255 0
-0.090800 0.955344 0.323454 0 255 0
-0.097824 0.969553 0.343976 0 255 0
-0.098011 0.974200 0.333814 0 255 0
-0.094665 0.960836 0.321256 0 255 0
-0.096418 0.956749 0.370807 0 255 0
-0.076954 0.938841 0.331325 0 255 0
-0.088232 0.939529 0.336166 0 255 0
-0.068250 0.951691 0.302620 0 255 0
-0.077677 0.945651 0.302833 0 255 0
-0.083931 0.957011 0.294026 0 255 0
-0.087799 0.964711 0.305238 0 255 0
-0.056632 0.943090 0.301024 0 255 0
-0.061630 0.943292 0.297349 0 255 0
-0.042403 0.938964 0.307966 0 255 0
-0.045396 0.963497 0.302018 0 255 0
-0.071196 0.907412 0.315897 0 255 0
-0.082047 0.934300 0.325850 0 255 0
-0.048991 0.928183 0.301651 0 255 0
-0.049505 0.930893 0.319309 0 255 0
-0.035497 0.951191 0.329162 0 255 0
-0.043135 0.938674 0.334692 0 255 0
-0.040979 0.952395 0.323098 0 255 0
-0.041935 0.998326 0.433072 0 255 0
-0.049824 1.003244 0.422395 0 255 0
-0.082030 0.965475 0.416856 0 255 0
-0.067233 0.970325 0.426360 0 255 0
-0.048107 0.968091 0.418960 0 255 0
-0.033318 0.980156 0.409395 0 255 0
-0.041668 0.998501 0.400311 0 255 0
-0.041152 0.993391 0.382732 0 255 0
-0.040747 0.990132 0.378599 0 255 0
-0.057490 1.010268 0.405561 0 255 0
-0.049049 1.004426 0.394933 0 255 0
-0.052421 0.999772 0.384632 0 255 0
-0.034915 0.972149 0.366305 0 255 0
-0.034122 0.974640 0.355382 0 255 0
-0.037130 0.965270 0.350832 0 255 0
-0.030234 0.974476 0.349670 0 255 0
-0.036754 0.974280 0.332074 0 255 0
-0.037284 0.950624 0.333799 0 255 0
-0.039106 0.947662 0.357046 0 255 0
-0.037613 0.949937 0.336910 0 255 0
-0.037443 0.954380 0.372654 0 255 0
-0.036668 0.970534 0.395035 0 255 0
-0.109240 1.015542 0.391585 0 255 0
-0.128528 1.006856 0.378052 0 255 0
-0.097909 0.993221 0.352335 0 255 0
-0.090971 0.989351 0.340875 0 255 0
-0.088012 0.980735 0.315502 0 255 0
-0.089120 0.977185 0.296560 0 255 0
-0.073686 0.972840 0.299005 0 255 0
-0.055250 0.953237 0.301570 0 255 0
-0.048850 0.973670 0.303079 0 255 0
-0.043084 0.987719 0.325448 0 255 0
-0.042001 0.984483 0.326856 0 255 0
-0.034699 0.995251 0.362014 0 255 0
-0.042851 0.987417 0.339190 0 255 0
-0.057181 0.934602 0.391632 0 255 0
-0.037901 0.929164 0.363150 0 255 0
-0.027055 0.919609 0.359620 0 255 0
-0.051899 0.914249 0.329998 0 255 0
-0.039715 0.919410 0.348291 0 255 0
-0.059211 1.020991 0.412744 0 255 0
-0.078011 1.018594 0.420613 0 255 0
-0.088038 1.021238 0.400042 0 255 0
-0.090373 1.014360 0.388167 0 255 0
-0.095920 1.008708 0.373393 0 255 0
-0.084921 1.010946 0.383114 0 255 0
-0.071595 1.009684 0.383353 0 255 0
-0.056692 1.002432 0.396651 0 255 0
-0.090255 0.998753 0.353747 0 255 0
-0.095306 1.007849 0.347274 0 255 0
-0.067720 1.000598 0.361805 0 255 0
-0.059937 1.008726 0.372343 0 255 0
-0.052789 0.994526 0.348704 0 255 0
-0.057156 0.996603 0.331377 0 255 0
-0.074252 0.993894 0.338811 0 255 0
-0.097143 0.986901 0.336776 0 255 0
-0.078692 0.985655 0.319742 0 255 0
-0.066096 0.985078 0.315729 0 255 0
-0.058901 0.989527 0.328471 0 255 0
-0.037107 0.985505 0.350449 0 255 0
-0.074556 0.981962 0.311219 0 255 0
-0.062031 0.968655 0.294484 0 255 0
-0.069168 0.979057 0.305484 0 255 0
-0.052771 0.968875 0.317711 0 255 0
-0.050266 0.982926 0.314629 0 255 0
-0.060648 0.995661 0.336171 0 255 0
-0.056875 0.982978 0.313791 0 255 0
-0.037380 0.980637 0.326496 0 255 0
-0.066890 0.984509 0.316370 0 255 0
-0.069677 0.996847 0.310056 0 255 0
-0.057077 0.980389 0.309003 0 255 0
-0.055443 0.977420 0.299746 0 255 0
-0.089990 0.943117 0.386151 0 255 0
-0.107686 -0.304770 0.420229 0 255 0
-0.091535 -0.225683 0.394342 0 255 0
-0.124268 0.672842 0.605893 0 255 0
-0.120759 0.664639 0.587638 0 255 0
-0.125027 0.674455 0.589014 0 255 0
-0.201582 0.251383 0.624243 0 255 0
-0.135027 0.013454 0.620223 0 255 0
-0.148221 -0.021897 0.624050 0 255 0
-0.146012 -0.010873 0.624995 0 255 0
-0.203903 0.279156 0.626765 0 255 0
-0.193748 -0.053464 0.564097 0 255 0
-0.080562 0.265812 0.396192 0 255 0
-0.089536 -0.187340 0.387374 0 255 0
-0.158590 -0.220880 0.595433 0 255 0
-0.088801 0.187362 0.381854 0 255 0
-0.102654 -0.469899 0.488477 0 255 0
-0.103705 -0.461930 0.471844 0 255 0
-0.102673 -0.465052 0.485216 0 255 0
-0.118432 -0.446593 0.468034 0 255 0
-0.107127 -0.461592 0.480183 0 255 0
-0.110339 -0.453244 0.475512 0 255 0
-0.105531 -0.465927 0.484214 0 255 0
-0.101188 -0.469005 0.488376 0 255 0
-0.104976 -0.467925 0.484139 0 255 0
-0.112527 -0.456921 0.480938 0 255 0
-0.068633 -0.224233 0.566686 0 255 0
-0.048561 -0.210969 0.576963 0 255 0
-0.068304 -0.204262 0.594243 0 255 0
-0.075591 -0.196014 0.599293 0 255 0
0.016305 -0.405721 0.518020 0 255 0
-0.068390 0.080913 0.648716 0 255 0
-0.059472 0.067128 0.646714 0 255 0
-0.083351 0.043780 0.429309 0 255 0
-0.057231 0.125621 0.648541 0 255 0
-0.062876 0.055575 0.635089 0 255 0
-0.082898 -0.076500 0.407604 0 255 0
-0.075792 -0.174859 0.598952 0 255 0
-0.057957 0.141632 0.646083 0 255 0
-0.094574 -0.135938 0.404789 0 255 0
-0.063502 0.024622 0.643125 0 255 0
-0.065209 0.210478 0.629397 0 255 0
-0.069002 -0.041451 0.635591 0 255 0
0.024555 -0.501536 0.426186 0 255 0
0.039522 -0.493047 0.429530 0 255 0
0.035302 -0.485839 0.451167 0 255 0
0.041091 -0.493656 0.454930 0 255 0
0.039742 -0.478491 0.451357 0 255 0
0.042293 -0.483831 0.463312 0 255 0
0.031501 -0.469868 0.422347 0 255 0
0.039389 -0.476706 0.434253 0 255 0
0.047006 -0.446780 0.446188 0 255 0
0.035145 -0.449345 0.433477 0 255 0
0.041100 -0.431308 0.432885 0 255 0
0.031541 -0.432831 0.427082 0 255 0
0.027307 -0.400123 0.464711 0 255 0
0.023730 -0.405349 0.436672 0 255 0
0.029545 -0.403764 0.453397 0 255 0
0.033486 -0.410146 0.454062 0 255 0
0.048447 -0.431647 0.484350 0 255 0
0.031008 -0.438713 0.480568 0 255 0
0.026201 -0.439776 0.488060 0 255 0
0.031418 -0.426592 0.483086 0 255 0
0.022449 -0.455152 0.480752 0 255 0
0.029621 -0.451247 0.497896 0 255 0
0.012801 -0.446309 0.482951 0 255 0
0.026568 -0.450259 0.487691 0 255 0
0.030480 -0.432803 0.484624 0 255 0
0.027041 -0.422696 0.488029 0 255 0
0.036419 -0.433383 0.483873 0 255 0
0.027869 -0.440410 0.487791 0 255 0
0.038762 -0.444320 0.491676 0 255 0
0.033840 -0.435746 0.507309 0 255 0
0.043379 -0.428110 0.509968 0 255 0
0.032566 -0.438019 0.499477 0 255 0
0.037621 -0.428504 0.500687 0 255 0
0.027076 -0.429083 0.499205 0 255 0
0.029922 -0.427133 0.524122 0 255 0
0.030687 -0.434237 0.495517 0 255 0
0.032161 -0.453559 0.513629 0 255 0
0.032252 -0.446383 0.502222 0 255 0
0.019815 -0.437078 0.514157 0 255 0
0.036825 -0.442660 0.512514 0 255 0
0.030543 -0.391514 0.469729 0 255 0
0.029485 -0.409955 0.482458 0 255 0
0.045256 -0.396727 0.498184 0 255 0
0.032830 -0.419328 0.480071 0 255 0
0.028208 -0.428525 0.494256 0 255 0
0.025829 -0.411266 0.500799 0 255 0
0.024730 -0.416078 0.507984 0 255 0
0.025042 -0.417626 0.505216 0 255 0
0.009356 -0.429343 0.499376 0 255 0
0.028716 -0.395661 0.471389 0 255 0
0.033132 -0.400478 0.463449 0 255 0
0.025363 -0.390374 0.479346 0 255 0
0.022862 -0.396734 0.478421 0 255 0
0.022863 -0.384706 0.481846 0 255 0
0.025535 -0.376907 0.450734 0 255 0
0.015812 -0.367264 0.484480 0 255 0
0.025058 -0.374690 0.486633 0 255 0
0.020316 -0.380627 0.486664 0 255 0
0.003529 -0.374513 0.475532 0 255 0
0.017650 -0.386702 0.504899 0 255 0
-0.004582 -0.384762 0.498249 0 255 0
0.016690 -0.373965 0.509519 0 255 0
-0.000651 -0.387782 0.497316 0 255 0
0.022118 -0.405435 0.500432 0 255 0
0.033827 -0.413626 0.510340 0 255 0
0.024614 -0.405952 0.496463 0 255 0
0.022191 -0.414439 0.497034 0 255 0
0.023318 -0.402680 0.491677 0 255 0
0.013989 -0.400377 0.480586 0 255 0
0.024795 -0.403640 0.490780 0 255 0
0.027378 -0.393307 0.497791 0 255 0
0.023013 -0.403172 0.493741 0 255 0
0.018708 -0.401849 0.494578 0 255 0
0.022465 -0.401906 0.495663 0 255 0
0.037647 -0.381302 0.507904 0 255 0
0.018897 -0.404511 0.514048 0 255 0
0.020877 -0.414212 0.515619 0 255 0
0.018994 -0.407787 0.509811 0 255 0
0.028098 -0.423843 0.498579 0 255 0
0.025655 -0.405565 0.492489 0 255 0
0.035169 -0.433708 0.489881 0 255 0
0.027184 -0.410744 0.493694 0 255 0
0.044683 -0.396247 0.493845 0 255 0
0.028257 -0.408545 0.486817 0 255 0
0.035884 -0.403366 0.478820 0 255 0
0.025897 -0.404004 0.488203 0 255 0
0.033087 -0.391564 0.494127 0 255 0
0.024521 -0.400976 0.487491 0 255 0
0.021472 -0.401606 0.492903 0 255 0
0.022258 -0.396197 0.491275 0 255 0
0.036349 -0.378412 0.501048 0 255 0
0.022313 -0.399291 0.498581 0 255 0
0.005727 -0.394310 0.484068 0 255 0
0.020844 -0.394127 0.501869 0 255 0
0.028723 -0.396230 0.503997 0 255 0
0.027532 -0.413566 0.490345 0 255 0
0.020305 -0.409889 0.491697 0 255 0
0.029070 -0.403836 0.479714 0 255 0
0.035644 -0.391988 0.478667 0 255 0
0.021899 -0.390911 0.487874 0 255 0
0.021166 -0.381580 0.524226 0 255 0
0.020651 -0.388309 0.492683 0 255 0
0.025592 -0.369116 0.478126 0 255 0
0.010065 -0.362008 0.503142 0 255 0
0.038922 -0.469151 0.465319 0 255 0
0.039734 -0.476534 0.465555 0 255 0
0.054123 -0.454116 0.444028 0 255 0
0.039150 -0.467861 0.460491 0 255 0
0.058343 -0.465816 0.463797 0 255 0
0.040335 -0.467431 0.454898 0 255 0
0.038904 -0.463811 0.451267 0 255 0
0.035962 -0.446713 0.440798 0 255 0
0.032636 -0.462875 0.443178 0 255 0
0.036221 -0.457015 0.446110 0 255 0
0.043085 -0.449439 0.463783 0 255 0
0.036070 -0.455414 0.458929 0 255 0
0.047079 -0.447138 0.460288 0 255 0
0.036305 -0.447868 0.452789 0 255 0
0.027224 -0.448176 0.464584 0 255 0
0.034455 -0.449448 0.462983 0 255 0
0.025246 -0.453969 0.468877 0 255 0
0.033220 -0.457338 0.466519 0 255 0
0.025572 -0.485548 0.471636 0 255 0
0.036229 -0.469676 0.465020 0 255 0
0.040028 -0.460983 0.465646 0 255 0
0.031612 -0.473657 0.469569 0 255 0
0.023980 -0.475982 0.477110 0 255 0
0.021454 -0.465506 0.478304 0 255 0
0.027740 -0.462286 0.478668 0 255 0
0.023517 -0.467409 0.474097 0 255 0
0.021753 -0.458490 0.461328 0 255 0
0.022860 -0.462113 0.477430 0 255 0
0.023014 -0.526631 0.430326 0 255 0
0.037058 -0.515125 0.424849 0 255 0
0.032178 -0.511510 0.445922 0 255 0
0.036752 -0.499587 0.414188 0 255 0
0.043806 -0.463485 0.412026 0 255 0
0.021763 -0.389995 0.446141 0 255 0
0.015264 -0.385088 0.458863 0 255 0
0.028826 -0.396780 0.461222 0 255 0
0.027675 -0.385440 0.445246 0 255 0
0.019952 -0.376791 0.460577 0 255 0
0.012601 -0.373486 0.475326 0 255 0
0.014584 -0.366910 0.464030 0 255 0
0.007323 -0.386528 0.432390 0 255 0
0.001882 -0.376384 0.428811 0 255 0
0.010022 -0.382931 0.450065 0 255 0
-0.004536 -0.387299 0.413923 0 255 0
-0.007599 -0.396761 0.416322 0 255 0
-0.010715 -0.368474 0.428731 0 255 0
-0.020630 -0.337622 0.445116 0 255 0
-0.022808 -0.340504 0.435362 0 255 0
-0.024155 -0.322910 0.443004 0 255 0
-0.026972 -0.328279 0.452820 0 255 0
0.009985 -0.407135 0.442321 0 255 0
0.028516 -0.454640 0.415209 0 255 0
0.028312 -0.430479 0.419998 0 255 0
0.032873 -0.456547 0.425977 0 255 0
0.023572 -0.508378 0.385115 0 255 0
0.019283 -0.490354 0.381090 0 255 0
0.037161 -0.497127 0.408971 0 255 0
0.029709 -0.505716 0.398656 0 255 0
0.009812 -0.542129 0.410665 0 255 0
0.014065 -0.530198 0.388175 0 255 0
0.047135 -0.519391 0.406207 0 255 0
0.026030 -0.540671 0.420562 0 255 0
0.003649 -0.483805 0.374121 0 255 0
0.002693 -0.508860 0.366448 0 255 0
-0.002953 -0.504619 0.344513 0 255 0
-0.003171 -0.487659 0.357551 0 255 0
-0.004229 -0.538286 0.370011 0 255 0
-0.023825 -0.520847 0.351539 0 255 0
-0.024063 -0.402378 0.406798 0 255 0
-0.021799 -0.370537 0.412290 0 255 0
0.000110 -0.362538 0.403909 0 255 0
-0.017811 -0.354023 0.433882 0 255 0
-0.023015 -0.537775 0.362684 0 255 0
-0.016522 -0.546655 0.375604 0 255 0
-0.031749 -0.451203 0.355484 0 255 0
-0.031247 -0.452544 0.350528 0 255 0
-0.023685 -0.474727 0.345319 0 255 0
-0.037016 -0.478068 0.343191 0 255 0
-0.053914 -0.484199 0.339150 0 255 0
-0.052757 -0.489731 0.338824 0 255 0
-0.074218 -0.408676 0.371318 0 255 0
-0.070391 -0.416736 0.367797 0 255 0
-0.067975 -0.407581 0.378741 0 255 0
-0.055923 -0.399545 0.382768 0 255 0
0.039834 -0.477461 0.440741 0 255 0
0.039698 -0.465983 0.438448 0 255 0
0.021054 -0.444640 0.432128 0 255 0
0.041657 -0.469661 0.451004 0 255 0
0.024627 -0.464214 0.425072 0 255 0
0.035295 -0.466984 0.428869 0 255 0
0.021508 -0.476281 0.393337 0 255 0
0.014967 -0.475644 0.381689 0 255 0
-0.009517 -0.490581 0.367157 0 255 0
0.007928 -0.476106 0.371370 0 255 0
-0.020539 -0.446197 0.356098 0 255 0
-0.016385 -0.455541 0.358342 0 255 0
-0.021748 -0.388652 0.399193 0 255 0
-0.043732 -0.395804 0.387240 0 255 0
-0.039382 -0.381576 0.386085 0 255 0
-0.034200 -0.375904 0.401902 0 255 0
-0.046460 -0.398362 0.395056 0 255 0
-0.059193 -0.384519 0.395394 0 255 0
-0.031648 -0.346666 0.424058 0 255 0
-0.054395 -0.348472 0.407718 0 255 0
-0.050298 -0.320841 0.410082 0 255 0
-0.044528 -0.331994 0.413809 0 255 0
-0.085256 -0.320298 0.406837 0 255 0
-0.066777 -0.351032 0.405574 0 255 0
-0.076921 -0.361775 0.394404 0 255 0
-0.078745 -0.336191 0.407611 0 255 0
-0.035999 -0.339113 0.482194 0 255 0
-0.030317 -0.328873 0.466958 0 255 0
-0.025333 -0.320841 0.453658 0 255 0
-0.038326 -0.319343 0.480544 0 255 0
-0.051975 -0.320754 0.428328 0 255 0
-0.054864 -0.323589 0.408567 0 255 0
-0.039663 -0.397288 0.363614 0 255 0
-0.031892 -0.411496 0.378675 0 255 0
-0.061054 -0.329492 0.410780 0 255 0
-0.051321 -0.364096 0.404958 0 255 0
-0.056169 -0.378366 0.385964 0 255 0
-0.078869 -0.388077 0.394890 0 255 0
-0.087547 -0.415101 0.401239 0 255 0
0.028062 -0.444531 0.483571 0 255 0
0.044676 -0.441740 0.470169 0 255 0
0.024975 -0.459425 0.475935 0 255 0
0.041203 -0.452993 0.459818 0 255 0
0.028119 -0.460475 0.472110 0 255 0
0.038569 -0.499644 0.481909 0 255 0
0.038882 -0.498666 0.467946 0 255 0
0.053526 -0.476848 0.477308 0 255 0
0.030439 -0.485056 0.484866 0 255 0
0.038547 -0.421053 0.464503 0 255 0
0.036371 -0.415421 0.469218 0 255 0
0.037874 -0.414449 0.485657 0 255 0
0.037367 -0.431835 0.468199 0 255 0
0.025692 -0.441314 0.464867 0 255 0
0.038036 -0.461377 0.451589 0 255 0
0.035997 -0.471622 0.447380 0 255 0
0.031241 -0.403861 0.473528 0 255 0
0.045359 -0.404347 0.478233 0 255 0
0.023712 -0.425533 0.419055 0 255 0
0.025011 -0.451982 0.447205 0 255 0
-0.002822 -0.562073 0.411675 0 255 0
0.020616 -0.561763 0.451075 0 255 0
-0.028148 -0.560108 0.388109 0 255 0
-0.046511 -0.530439 0.373577 0 255 0
-0.070541 -0.500705 0.341847 0 255 0
-0.088812 -0.507406 0.345932 0 255 0
-0.096269 -0.486847 0.349025 0 255 0
-0.070644 -0.480109 0.332779 0 255 0
-0.084859 -0.419695 0.366701 0 255 0
-0.091412 -0.367084 0.392575 0 255 0
-0.088250 -0.338380 0.410871 0 255 0
0.038360 -0.553709 0.467257 0 255 0
0.032634 -0.519449 0.469505 0 255 0
0.016195 -0.484303 0.413522 0 255 0
0.036994 -0.431979 0.438998 0 255 0
0.026272 -0.434851 0.457660 0 255 0
0.038974 -0.437663 0.450149 0 255 0
0.019210 -0.448336 0.446320 0 255 0
0.030822 -0.422212 0.433036 0 255 0
0.019438 -0.403204 0.424882 0 255 0
0.010608 -0.404300 0.417089 0 255 0
0.004611 -0.387144 0.426825 0 255 0
-0.027997 -0.493622 0.343205 0 255 0
-0.022988 -0.473394 0.342777 0 255 0
-0.056546 -0.520759 0.345028 0 255 0
-0.034749 -0.501854 0.337796 0 255 0
-0.010500 -0.470057 0.356053 0 255 0
-0.059561 -0.533316 0.350917 0 255 0
0.024966 -0.421502 0.503820 0 255 0
0.021396 -0.440428 0.499051 0 255 0
0.026044 -0.419536 0.495782 0 255 0
0.023366 -0.376706 0.513968 0 255 0
0.018001 -0.394017 0.508012 0 255 0
0.029587 -0.387652 0.528976 0 255 0
0.018681 -0.400021 0.513762 0 255 0
-0.001995 -0.376607 0.485539 0 255 0
0.002944 -0.356937 0.482381 0 255 0
-0.037961 -0.333023 0.483266 0 255 0
-0.026956 -0.338738 0.465364 0 255 0
0.023435 -0.427894 0.501771 0 255 0
0.027521 -0.432231 0.502934 0 255 0
0.031211 -0.418341 0.501201 0 255 0
0.028159 -0.433722 0.505786 0 255 0
0.038441 -0.411819 0.491288 0 255 0
0.023575 -0.415236 0.510783 0 255 0
0.019998 -0.403190 0.514813 0 255 0
0.019965 -0.412254 0.513159 0 255 0
0.022113 -0.423864 0.525666 0 255 0
-0.004224 -0.358775 0.453934 0 255 0
0.004612 -0.355130 0.451806 0 255 0
-0.034273 -0.329235 0.423215 0 255 0
-0.011783 -0.329849 0.419415 0 255 0
-0.037025 -0.358996 0.408371 0 255 0
-0.071028 -0.385019 0.408773 0 255 0
-0.081875 -0.374262 0.403134 0 255 0
-0.072879 -0.383226 0.395711 0 255 0
-0.087281 -0.393108 0.397779 0 255 0
-0.010567 -0.363656 0.465022 0 255 0
-0.018994 -0.347668 0.467163 0 255 0
-0.025658 -0.345404 0.464484 0 255 0
-0.011743 -0.353044 0.484006 0 255 0
0.013424 -0.440895 0.511178 0 255 0
0.024883 -0.430607 0.508070 0 255 0
0.020820 -0.425945 0.502241 0 255 0
0.025913 -0.431387 0.512122 0 255 0
0.016067 -0.416163 0.493440 0 255 0
0.024822 -0.428134 0.503524 0 255 0
0.033097 -0.430308 0.504711 0 255 0
0.028504 -0.431432 0.502039 0 255 0
0.033597 -0.447043 0.498334 0 255 0
0.030597 -0.434772 0.510138 0 255 0
0.042313 -0.437630 0.512972 0 255 0
0.031252 -0.434059 0.507155 0 255 0
0.021009 -0.436290 0.514645 0 255 0
0.024936 -0.431496 0.506267 0 255 0
0.023859 -0.429053 0.501816 0 255 0
0.026361 -0.431540 0.502452 0 255 0
0.038360 -0.432540 0.499256 0 255 0
0.029475 -0.433939 0.506530 0 255 0
0.022866 -0.448843 0.490730 0 255 0
-0.031128 -0.338468 0.485114 0 255 0
-0.005769 -0.346375 0.477178 0 255 0
0.023351 -0.403042 0.492494 0 255 0
0.053615 -0.486511 0.452081 0 255 0
0.038433 -0.437543 0.458114 0 255 0
0.032959 -0.438220 0.475718 0 255 0
0.030761 -0.449117 0.473173 0 255 0
0.043782 -0.445936 0.450566 0 255 0
0.033740 -0.438191 0.473111 0 255 0
0.036585 -0.495002 0.488442 0 255 0
0.023541 -0.472080 0.482323 0 255 0
0.038301 -0.485338 0.491993 0 255 0
0.021772 -0.466033 0.484054 0 255 0
0.008208 -0.447257 0.482039 0 255 0
0.024381 -0.458897 0.487887 0 255 0
0.009644 -0.475238 0.508805 0 255 0
0.039122 -0.464371 0.451081 0 255 0
0.034677 -0.464931 0.451928 0 255 0
0.025107 -0.453448 0.483489 0 255 0
0.018376 -0.453740 0.487679 0 255 0
0.027069 -0.452860 0.476526 0 255 0
0.006530 -0.448899 0.475065 0 255 0
0.035936 -0.441033 0.464402 0 255 0
0.039708 -0.449429 0.445028 0 255 0
0.035579 -0.449746 0.448555 0 255 0
-0.001223 -0.399979 0.392091 0 255 0
-0.021995 -0.415806 0.380679 0 255 0
-0.013250 -0.386747 0.408497 0 255 0
-0.009971 -0.401749 0.399473 0 255 0
-0.009106 -0.379329 0.417926 0 255 0
-0.008375 -0.396552 0.406460 0 255 0
-0.001057 -0.451015 0.376302 0 255 0
-0.004457 -0.446857 0.373802 0 255 0
0.002591 -0.446113 0.365225 0 255 0
-0.007644 -0.452167 0.367771 0 255 0
0.013168 -0.427672 0.381503 0 255 0
-0.001002 -0.446552 0.379032 0 255 0
0.010212 -0.451505 0.386936 0 255 0
0.001476 -0.452981 0.378482 0 255 0
-0.007400 -0.447859 0.371031 0 255 0
0.010097 -0.462396 0.383491 0 255 0
-0.002339 -0.464180 0.388307 0 255 0
0.021146 -0.451058 0.402879 0 255 0
0.000279 -0.455779 0.382180 0 255 0
0.007704 -0.447355 0.390752 0 255 0
0.007956 -0.440952 0.401262 0 255 0
0.002211 -0.405988 0.406719 0 255 0
-0.009095 -0.411577 0.404776 0 255 0
-0.018541 -0.400702 0.399176 0 255 0
-0.060848 -0.446920 0.345950 0 255 0
-0.048564 -0.444649 0.348495 0 255 0
-0.025972 -0.445817 0.344783 0 255 0
-0.026718 -0.435718 0.363413 0 255 0
-0.080299 -0.467536 0.341258 0 255 0
-0.096596 -0.461957 0.353155 0 255 0
0.008254 -0.427639 0.410013 0 255 0
0.009780 -0.427087 0.400535 0 255 0
-0.045174 -0.428569 0.364467 0 255 0
-0.070020 -0.433653 0.355937 0 255 0
-0.028095 -0.429803 0.365051 0 255 0
-0.029956 -0.423779 0.369713 0 255 0
-0.091456 -0.437968 0.364407 0 255 0
-0.100355 -0.439711 0.360790 0 255 0
-0.106574 -0.412926 0.380016 0 255 0
-0.002090 -0.407001 0.397223 0 255 0
-0.013199 -0.400166 0.393777 0 255 0
-0.003402 -0.400656 0.401610 0 255 0
0.002671 -0.408070 0.388797 0 255 0
0.006895 -0.415717 0.403467 0 255 0
0.015276 -0.410684 0.412073 0 255 0
0.028460 -0.460736 0.498548 0 255 0
0.012836 -0.372801 0.514592 0 255 0
0.013838 -0.387904 0.515299 0 255 0
0.017791 -0.433575 0.505980 0 255 0
0.023394 -0.418829 0.509918 0 255 0
0.008413 -0.420727 0.511196 0 255 0
0.021708 -0.422461 0.511496 0 255 0
0.026482 -0.473652 0.476969 0 255 0
-0.091217 -0.403554 0.383873 0 255 0
-0.095597 -0.357885 0.416308 0 255 0
-0.096838 -0.342401 0.415535 0 255 0
-0.086606 -0.305446 0.381006 0 255 0
-0.087555 -0.322306 0.407065 0 255 0
0.022395 -0.446802 0.510877 0 255 0
0.024082 -0.425626 0.507985 0 255 0
0.043884 -0.440239 0.509542 0 255 0
0.023315 -0.410196 0.506744 0 255 0
0.031428 -0.417763 0.509349 0 255 0
0.024023 -0.428343 0.507416 0 255 0
0.018112 -0.427420 0.515732 0 255 0
0.021368 -0.426115 0.512149 0 255 0
0.048735 -0.447981 0.466004 0 255 0
0.030712 -0.459004 0.469684 0 255 0
0.027632 -0.437409 0.515494 0 255 0
0.029293 -0.433119 0.513595 0 255 0
-0.035436 -0.342591 0.437454 0 255 0
-0.030215 -0.317706 0.438497 0 255 0
0.008022 -0.414396 0.520485 0 255 0
0.020174 -0.416168 0.514895 0 255 0
0.006627 -0.436653 0.397473 0 255 0
0.002626 -0.439963 0.388949 0 255 0
-0.000231 -0.429432 0.384725 0 255 0
-0.000773 -0.428729 0.389139 0 255 0
-0.017235 -0.320296 0.497789 0 255 0
-0.035471 -0.318674 0.425886 0 255 0
-0.087420 -0.335807 0.429320 0 255 0
0.036445 -0.455922 0.451817 0 255 0
0.040873 -0.452235 0.453441 0 255 0
0.026775 -0.469775 0.471529 0 255 0
0.025831 -0.406126 0.509768 0 255 0
0.020593 -0.406901 0.505737 0 255 0
-0.009131 -0.370612 0.504138 0 255 0
0.025291 -0.431174 0.513973 0 255 0
0.011030 -0.432064 0.369938 0 255 0
-0.004954 -0.437988 0.380637 0 255 0
0.009099 -0.417362 0.367969 0 255 0
-0.000997 -0.439713 0.379919 0 255 0
0.006919 -0.435673 0.393321 0 255 0
0.003666 -0.445419 0.378776 0 255 0
-0.014397 -0.435448 0.383542 0 255 0
0.002137 -0.439776 0.379305 0 255 0
0.002165 -0.441032 0.383623 0 255 0
0.001638 -0.439497 0.383066 0 255 0
0.004485 -0.456129 0.365596 0 255 0
0.002928 -0.443485 0.375443 0 255 0
-0.014108 -0.429736 0.398832 0 255 0
0.001833 -0.447530 0.376422 0 255 0
-0.010173 -0.459336 0.346423 0 255 0
0.003980 -0.445961 0.371167 0 255 0
-0.003446 -0.427077 0.359594 0 255 0
0.001704 -0.444116 0.366178 0 255 0
-0.007152 -0.433120 0.369628 0 255 0
-0.001718 -0.440630 0.362942 0 255 0
0.007202 -0.410890 0.396593 0 255 0
-0.005061 -0.415140 0.395240 0 255 0
-0.004068 -0.428811 0.358166 0 255 0
-0.004020 -0.435329 0.361849 0 255 0
-0.023254 -0.430604 0.351652 0 255 0
-0.006733 -0.428723 0.362873 0 255 0
-0.002465 -0.434592 0.373800 0 255 0
-0.008757 -0.421579 0.365034 0 255 0
-0.019101 -0.432726 0.394701 0 255 0
-0.008318 -0.415330 0.369250 0 255 0
-0.012394 -0.417208 0.380361 0 255 0
-0.007618 -0.409326 0.375118 0 255 0
-0.000759 -0.426960 0.368803 0 255 0
-0.001787 -0.443164 0.368775 0 255 0
-0.021282 -0.433086 0.370869 0 255 0
0.001070 -0.444716 0.372718 0 255 0
-0.019207 -0.410238 0.371026 0 255 0
-0.010729 -0.430027 0.378950 0 255 0
-0.011794 -0.421274 0.387930 0 255 0
-0.009249 -0.433033 0.379056 0 255 0
0.008549 -0.436964 0.377298 0 255 0
-0.003386 -0.421128 0.388034 0 255 0
-0.007948 -0.421879 0.390277 0 255 0
-0.005691 -0.417689 0.390433 0 255 0
0.007228 -0.418502 0.393981 0 255 0
-0.006868 -0.419282 0.389380 0 255 0
-0.001551 -0.435912 0.399128 0 255 0
-0.007744 -0.417664 0.388471 0 255 0
-0.021599 -0.420573 0.400121 0 255 0
-0.008750 -0.418886 0.388636 0 255 0
-0.012287 -0.422815 0.399176 0 255 0
-0.009353 -0.421712 0.388896 0 255 0
-0.000732 -0.421450 0.378810 0 255 0
0.002327 -0.422592 0.395685 0 255 0
-0.006166 -0.414896 0.402453 0 255 0
-0.014244 -0.418286 0.380334 0 255 0
-0.009954 -0.399359 0.382495 0 255 0
-0.009370 -0.398734 0.385425 0 255 0
-0.001887 -0.395659 0.397326 0 255 0
-0.005146 -0.396663 0.391810 0 255 0
0.000191 -0.426434 0.392203 0 255 0
-0.012570 -0.431764 0.372685 0 255 0
-0.001297 -0.428246 0.384546 0 255 0
-0.013895 -0.425622 0.375560 0 255 0
-0.000338 -0.413698 0.369764 0 255 0
-0.007202 -0.410821 0.381314 0 255 0
-0.007710 -0.436167 0.377882 0 255 0
-0.004755 -0.411996 0.391383 0 255 0
-0.007449 -0.418280 0.405161 0 255 0
-0.003679 -0.404184 0.388374 0 255 0
-0.005038 -0.395303 0.408797 0 255 0
-0.007977 -0.415593 0.382311 0 255 0
-0.013011 -0.419335 0.376881 0 255 0
-0.010357 -0.418715 0.383403 0 255 0
-0.019405 -0.416671 0.365148 0 255 0
-0.008878 -0.417852 0.386616 0 255 0
-0.023735 -0.408635 0.382766 0 255 0
-0.013073 -0.421269 0.384981 0 255 0
-0.009599 -0.425480 0.368887 0 255 0
-0.010404 -0.419608 0.387571 0 255 0
0.003344 -0.425524 0.378750 0 255 0
-0.009995 -0.426493 0.376990 0 255 0
-0.011558 -0.416845 0.369975 0 255 0
-0.006207 -0.425651 0.373265 0 255 0
-0.017140 -0.414769 0.374435 0 255 0
-0.006481 -0.423669 0.370280 0 255 0
-0.010902 -0.414162 0.369664 0 255 0
-0.005920 -0.428743 0.368214 0 255 0
-0.001817 -0.443072 0.385162 0 255 0
-0.005466 -0.429080 0.370936 0 255 0
0.001119 -0.444079 0.371554 0 255 0
-0.006326 -0.434944 0.364783 0 255 0
-0.009105 -0.442234 0.352922 0 255 0
-0.003975 -0.437841 0.368299 0 255 0
-0.019504 -0.446681 0.363300 0 255 0
-0.003413 -0.436220 0.371046 0 255 0
-0.011997 -0.448676 0.359897 0 255 0
-0.003384 -0.434597 0.373426 0 255 0
-0.006266 -0.435959 0.381438 0 255 0
-0.000155 -0.442061 0.378624 0 255 0
-0.011284 -0.445549 0.357846 0 255 0
-0.002396 -0.441033 0.375291 0 255 0
-0.005420 -0.430314 0.390516 0 255 0
-0.002556 -0.441564 0.378076 0 255 0
0.005771 -0.434445 0.354181 0 255 0
-0.005045 -0.437717 0.377549 0 255 0
-0.059250 -0.316201 0.493552 0 255 0
-0.054945 -0.301777 0.497933 0 255 0
-0.044853 -0.311573 0.476861 0 255 0
-0.041817 -0.309935 0.484513 0 255 0
0.006252 -0.448107 0.386021 0 255 0
-0.002788 -0.436766 0.375165 0 255 0
-0.013984 -0.443438 0.361581 0 255 0
-0.006035 -0.433509 0.375907 0 255 0
-0.014031 -0.423148 0.368771 0 255 0
-0.003946 -0.432806 0.375083 0 255 0
-0.023917 -0.427329 0.381776 0 255 0
-0.003297 -0.430701 0.385437 0 255 0
-0.011650 -0.416339 0.386701 0 255 0
-0.010450 -0.426333 0.383031 0 255 0
-0.024525 -0.294272 0.482498 0 255 0
-0.027546 -0.297686 0.468001 0 255 0
-0.028922 -0.298964 0.446283 0 255 0
-0.012828 -0.297750 0.459408 0 255 0
-0.012370 -0.285806 0.514448 0 255 0
0.003407 -0.292038 0.481918 0 255 0
0.003462 -0.272809 0.508621 0 255 0
-0.012662 -0.268163 0.516391 0 255 0
-0.009656 -0.259599 0.526107 0 255 0
-0.011955 -0.252713 0.531486 0 255 0
0.000395 -0.230580 0.556930 0 255 0
-0.011848 -0.213414 0.577400 0 255 0
-0.014560 -0.224169 0.569462 0 255 0
0.000905 -0.229923 0.555889 0 255 0
0.017714 -0.133271 0.610915 0 255 0
0.016884 -0.119743 0.614270 0 255 0
0.004206 -0.119050 0.636166 0 255 0
0.012886 -0.142388 0.620240 0 255 0
0.055706 -0.264431 0.513847 0 255 0
0.053925 -0.277448 0.500523 0 255 0
0.054643 -0.271355 0.496276 0 255 0
0.056125 -0.247606 0.514367 0 255 0
0.004995 -0.300047 0.435883 0 255 0
0.002522 -0.298499 0.449819 0 255 0
-0.002163 -0.303656 0.442990 0 255 0
-0.003748 -0.301859 0.423900 0 255 0
0.049456 -0.149743 0.572396 0 255 0
0.054437 -0.133915 0.573807 0 255 0
0.033084 -0.137581 0.586980 0 255 0
0.053594 -0.158076 0.570925 0 255 0
0.036942 -0.047474 0.573588 0 255 0
0.026454 -0.035791 0.564751 0 255 0
0.041912 -0.041594 0.582695 0 255 0
0.012175 -0.056444 0.581114 0 255 0
0.056502 -0.087797 0.515569 0 255 0
0.020981 -0.079660 0.421139 0 255 0
0.050417 -0.031808 0.503070 0 255 0
0.051874 -0.053677 0.505912 0 255 0
0.010592 -0.208843 0.566357 0 255 0
0.013653 -0.216574 0.564633 0 255 0
0.017812 -0.229668 0.534872 0 255 0
0.025281 -0.234388 0.542445 0 255 0
0.138571 -0.428203 0.447741 0 255 0
0.150596 -0.417783 0.450959 0 255 0
0.145542 -0.396272 0.437911 0 255 0
0.130126 -0.401506 0.439468 0 255 0
0.070750 0.029119 0.511287 0 255 0
0.038402 0.026506 0.450381 0 255 0
0.077626 0.028868 0.487078 0 255 0
0.066342 0.048805 0.510274 0 255 0
0.060249 -0.335358 0.445825 0 255 0
0.056773 -0.325952 0.437134 0 255 0
0.071789 -0.327352 0.423805 0 255 0
0.061804 -0.326812 0.411350 0 255 0
0.045551 -0.212188 0.531968 0 255 0
0.045171 -0.214634 0.540009 0 255 0
0.034548 -0.219040 0.536626 0 255 0
0.052362 -0.225750 0.525212 0 255 0
0.065778 -0.095079 0.488307 0 255 0
0.063832 -0.101385 0.504447 0 255 0
0.073894 -0.114354 0.488711 0 255 0
0.067127 -0.117482 0.481469 0 255 0
0.062544 -0.078741 0.512105 0 255 0
0.060504 -0.081435 0.487151 0 255 0
0.033449 -0.228949 0.567306 0 255 0
0.033723 -0.216413 0.551099 0 255 0
0.029644 -0.237083 0.545742 0 255 0
0.041683 -0.239460 0.530815 0 255 0
0.012260 -0.100326 0.616225 0 255 0
-0.004209 -0.109493 0.616460 0 255 0
0.069472 0.071270 0.523501 0 255 0
0.055206 0.057420 0.555271 0 255 0
0.055034 0.050380 0.563444 0 255 0
0.059961 0.034373 0.530668 0 255 0
0.003697 -0.073285 0.589810 0 255 0
0.001224 -0.088701 0.597501 0 255 0
0.011926 -0.086999 0.586880 0 255 0
0.010289 -0.072030 0.581367 0 255 0
0.040658 0.063060 0.568567 0 255 0
0.030243 0.064853 0.595291 0 255 0
0.026245 0.033837 0.592899 0 255 0
0.040443 0.040772 0.572894 0 255 0
-0.008738 -0.243506 0.521801 0 255 0
-0.012169 -0.240008 0.547066 0 255 0
0.045906 -0.133919 0.598113 0 255 0
0.036056 -0.116533 0.597653 0 255 0
0.024948 -0.120875 0.606829 0 255 0
0.032393 -0.136626 0.607542 0 255 0
0.066395 -0.225412 0.512646 0 255 0
0.060155 -0.234075 0.512709 0 255 0
0.066914 -0.269170 0.506931 0 255 0
0.069068 -0.238535 0.499555 0 255 0
0.074349 0.076398 0.484586 0 255 0
0.070928 0.066086 0.511515 0 255 0
0.060823 0.075694 0.579067 0 255 0
0.033954 0.085779 0.596556 0 255 0
0.115981 -0.241997 0.467367 0 255 0
0.096793 -0.222398 0.467365 0 255 0
0.098801 -0.245516 0.481711 0 255 0
0.100462 -0.245225 0.471374 0 255 0
-0.007099 -0.163447 0.633969 0 255 0
-0.008588 -0.155838 0.624022 0 255 0
-0.008743 -0.129508 0.643084 0 255 0
-0.015919 -0.124224 0.623896 0 255 0
0.046843 -0.087676 0.571669 0 255 0
0.024491 -0.086035 0.578089 0 255 0
0.022419 -0.094236 0.599342 0 255 0
-0.038615 -0.136321 0.624165 0 255 0
-0.013343 -0.121153 0.599545 0 255 0
-0.026471 -0.234317 0.552803 0 255 0
-0.043289 -0.228330 0.568302 0 255 0
-0.026953 -0.247273 0.539369 0 255 0
-0.048700 -0.234057 0.549453 0 255 0
-0.042547 -0.257114 0.534637 0 255 0
-0.032813 -0.273329 0.522014 0 255 0
-0.043751 -0.271104 0.524669 0 255 0
-0.011142 -0.279214 0.508057 0 255 0
-0.035233 -0.289576 0.493050 0 255 0
-0.039750 -0.302973 0.476420 0 255 0
0.055709 -0.212842 0.521199 0 255 0
0.060381 -0.196116 0.530903 0 255 0
0.059834 0.076216 0.556118 0 255 0
-0.006587 -0.217696 0.377447 0 255 0
-0.001506 -0.206037 0.379280 0 255 0
0.009598 -0.208391 0.389183 0 255 0
0.011641 -0.227550 0.382121 0 255 0
0.006658 -0.304177 0.442854 0 255 0
0.009689 -0.301523 0.449970 0 255 0
0.071982 -0.207179 0.425722 0 255 0
0.067524 -0.194527 0.420352 0 255 0
0.056135 -0.191937 0.416112 0 255 0
0.083636 -0.200340 0.432485 0 255 0
0.084125 -0.240302 0.451577 0 255 0
0.125106 -0.248648 0.453494 0 255 0
0.143162 -0.246803 0.442666 0 255 0
0.112610 -0.230639 0.448613 0 255 0
0.060051 0.035855 0.468545 0 255 0
0.040745 -0.017896 0.455820 0 255 0
-0.010553 -0.075159 0.407891 0 255 0
-0.017746 -0.074251 0.405500 0 255 0
0.047476 -0.062179 0.446554 0 255 0
0.033403 -0.081783 0.431354 0 255 0
-0.065423 -0.195518 0.391613 0 255 0
-0.076368 -0.177624 0.391441 0 255 0
-0.067215 -0.188345 0.400957 0 255 0
-0.060683 -0.194557 0.384690 0 255 0
-0.028445 -0.219610 0.385193 0 255 0
-0.033317 -0.235459 0.379484 0 255 0
-0.040032 -0.228602 0.385124 0 255 0
-0.047839 -0.214757 0.383013 0 255 0
-0.024901 -0.225729 0.378731 0 255 0
-0.013841 -0.198580 0.377889 0 255 0
0.067389 -0.110014 0.462685 0 255 0
0.013631 -0.077603 0.416092 0 255 0
0.092722 -0.149831 0.445732 0 255 0
0.074891 -0.152548 0.472999 0 255 0
0.096698 -0.169559 0.463887 0 255 0
0.078890 -0.168355 0.458754 0 255 0
-0.004229 -0.298506 0.416079 0 255 0
-0.016149 -0.301252 0.402608 0 255 0
-0.010334 -0.298897 0.403195 0 255 0
-0.050532 -0.271110 0.385507 0 255 0
-0.061498 -0.255465 0.404003 0 255 0
-0.037766 -0.270209 0.385030 0 255 0
-0.048979 -0.275979 0.386139 0 255 0
-0.054225 -0.124687 0.388048 0 255 0
-0.065790 -0.124770 0.389467 0 255 0
-0.074920 -0.107201 0.397417 0 255 0
-0.068955 -0.105884 0.405049 0 255 0
0.083291 -0.182397 0.448919 0 255 0
0.100502 -0.192880 0.470380 0 255 0
0.089593 -0.197342 0.444678 0 255 0
0.082833 -0.178810 0.451050 0 255 0
0.075836 -0.169495 0.437581 0 255 0
0.075665 -0.129992 0.443131 0 255 0
0.074742 -0.152431 0.447180 0 255 0
0.068462 -0.175576 0.442329 0 255 0
0.050523 -0.107435 0.433413 0 255 0
0.063078 -0.094968 0.446669 0 255 0
0.064108 -0.118894 0.448874 0 255 0
0.058526 -0.135326 0.427237 0 255 0
-0.067581 -0.035212 0.413719 0 255 0
-0.048484 -0.037030 0.409719 0 255 0
-0.062349 -0.071918 0.404630 0 255 0
-0.075289 -0.062110 0.430721 0 255 0
0.099964 -0.278860 0.471312 0 255 0
0.096498 -0.293171 0.467993 0 255 0
0.099832 -0.307213 0.469941 0 255 0
0.096004 -0.295336 0.467155 0 255 0
0.135283 -0.264113 0.430581 0 255 0
0.142886 -0.273815 0.429552 0 255 0
0.142192 -0.277654 0.422988 0 255 0
0.126231 -0.282359 0.420580 0 255 0
0.132904 -0.305344 0.468760 0 255 0
0.127726 -0.322408 0.462688 0 255 0
0.136314 -0.331755 0.470758 0 255 0
0.153474 -0.324814 0.473383 0 255 0
0.006350 -0.295915 0.400838 0 255 0
0.006814 -0.311592 0.424402 0 255 0
0.002482 -0.297964 0.402816 0 255 0
0.133891 -0.276382 0.459791 0 255 0
0.148753 -0.292405 0.465801 0 255 0
0.159467 -0.293611 0.473883 0 255 0
0.137562 -0.269591 0.459938 0 255 0
0.135111 -0.414794 0.408716 0 255 0
0.129870 -0.401037 0.422633 0 255 0
0.162869 -0.337100 0.472595 0 255 0
0.184011 -0.334224 0.464649 0 255 0
0.133902 -0.339416 0.459752 0 255 0
0.158723 -0.318874 0.471313 0 255 0
0.043078 -0.049936 0.458354 0 255 0
-0.022800 -0.074217 0.404819 0 255 0
-0.000962 0.045544 0.422246 0 255 0
0.030941 0.049521 0.437318 0 255 0
0.019330 0.024748 0.433214 0 255 0
-0.002682 0.015842 0.422418 0 255 0
0.062882 0.045018 0.457343 0 255 0
0.015694 0.048509 0.428582 0 255 0
0.043020 0.078621 0.464469 0 255 0
-0.035220 -0.309261 0.403330 0 255 0
-0.028386 -0.313659 0.388969 0 255 0
-0.038855 -0.298384 0.393133 0 255 0
-0.013744 -0.306357 0.414145 0 255 0
0.100106 0.176192 0.457533 0 255 0
0.105889 0.221148 0.460290 0 255 0
0.107231 0.208671 0.485327 0 255 0
0.101571 0.170831 0.481743 0 255 0
-0.068387 -0.285944 0.391505 0 255 0
-0.041373 -0.301984 0.396383 0 255 0
-0.062346 -0.300976 0.394667 0 255 0
-0.080413 -0.306958 0.388715 0 255 0
0.101763 0.148197 0.485833 0 255 0
0.088355 0.139148 0.448793 0 255 0
-0.028159 -0.307118 0.416541 0 255 0
-0.011965 -0.308015 0.409238 0 255 0
-0.016551 -0.302498 0.435026 0 255 0
-0.024822 -0.296968 0.422754 0 255 0
-0.024162 -0.304401 0.446581 0 255 0
0.103772 0.208788 0.528512 0 255 0
0.106564 0.183232 0.511306 0 255 0
-0.041989 -0.311517 0.400243 0 255 0
-0.070614 -0.310684 0.398544 0 255 0
-0.085193 -0.300620 0.402006 0 255 0
-0.097116 -0.311328 0.405293 0 255 0
0.055050 0.092451 0.474424 0 255 0
0.042260 0.055526 0.444827 0 255 0
0.030994 0.314172 0.424761 0 255 0
-0.005816 0.322987 0.424132 0 255 0
-0.004757 0.344625 0.454613 0 255 0
0.013579 0.343466 0.455534 0 255 0
-0.070882 0.306255 0.429949 0 255 0
-0.069092 0.307929 0.448829 0 255 0
-0.039826 0.336111 0.463439 0 255 0
-0.035397 0.314850 0.420176 0 255 0
-0.046068 0.182723 0.395402 0 255 0
-0.019447 0.183624 0.375103 0 255 0
-0.028251 0.175330 0.378909 0 255 0
-0.048938 0.159647 0.383094 0 255 0
0.044411 0.071998 0.427397 0 255 0
0.028121 0.079771 0.423377 0 255 0
0.087522 0.112193 0.510030 0 255 0
0.087865 0.348871 0.573402 0 255 0
0.060492 0.362878 0.526917 0 255 0
0.065214 0.387623 0.553343 0 255 0
0.090977 0.397292 0.569762 0 255 0
0.017529 0.391254 0.508334 0 255 0
0.037741 0.374546 0.486466 0 255 0
0.001608 0.363437 0.477502 0 255 0
-0.013312 0.373068 0.472648 0 255 0
0.017823 0.090213 0.613893 0 255 0
0.047461 0.101190 0.587698 0 255 0
0.019659 0.110456 0.612836 0 255 0
-0.053114 0.096194 0.649247 0 255 0
-0.015300 0.098982 0.638347 0 255 0
-0.029647 0.103257 0.648468 0 255 0
-0.035841 0.123290 0.645195 0 255 0
-0.012131 0.205449 0.636832 0 255 0
-0.044432 0.213425 0.628700 0 255 0
-0.045987 0.196167 0.623325 0 255 0
-0.022470 0.193706 0.626436 0 255 0
0.110072 0.185700 0.525714 0 255 0
0.090210 0.192169 0.560695 0 255 0
0.096455 0.175941 0.547540 0 255 0
0.097295 0.163618 0.535568 0 255 0
-0.089579 0.299658 0.470319 0 255 0
-0.052545 0.330441 0.476670 0 255 0
0.079710 0.362218 0.615246 0 255 0
0.084467 0.334481 0.608344 0 255 0
0.068530 0.335018 0.659531 0 255 0
0.031708 0.325646 0.675482 0 255 0
0.035762 0.295738 0.654624 0 255 0
0.067743 0.318250 0.640371 0 255 0
-0.063192 0.270398 0.611598 0 255 0
-0.032679 0.255775 0.623268 0 255 0
-0.036945 0.248275 0.623987 0 255 0
-0.051927 0.273370 0.616225 0 255 0
-0.058124 0.266138 0.387120 0 255 0
-0.057785 0.288495 0.399655 0 255 0
-0.027607 0.291672 0.407281 0 255 0
-0.024977 0.279314 0.384902 0 255 0
-0.005076 0.076360 0.414541 0 255 0
0.010260 0.076833 0.417458 0 255 0
-0.013131 0.073469 0.433323 0 255 0
-0.015696 0.045636 0.418436 0 255 0
-0.029588 0.010289 0.415133 0 255 0
-0.035555 -0.073162 0.404218 0 255 0
0.007007 -0.078256 0.427163 0 255 0
0.054305 -0.084167 0.461744 0 255 0
-0.018660 -0.088824 0.386210 0 255 0
-0.041907 -0.187057 0.381076 0 255 0
-0.022663 -0.195576 0.397898 0 255 0
-0.043772 0.367336 0.497294 0 255 0
-0.053803 0.322530 0.504383 0 255 0
-0.076103 0.373877 0.532829 0 255 0
-0.060805 0.381021 0.527253 0 255 0
0.003320 0.414288 0.528783 0 255 0
0.012153 0.420917 0.536084 0 255 0
0.044535 0.392655 0.523849 0 255 0
0.057873 0.418232 0.540805 0 255 0
0.059027 0.404406 0.605264 0 255 0
0.061955 0.372260 0.686610 0 255 0
0.020868 0.350253 0.690082 0 255 0
-0.055005 0.313526 0.661313 0 255 0
-0.031988 0.306397 0.674136 0 255 0
-0.057854 0.324147 0.677682 0 255 0
-0.065667 0.326758 0.663391 0 255 0
-0.011683 0.224338 0.613769 0 255 0
0.050690 0.202493 0.604410 0 255 0
0.055511 0.235455 0.603714 0 255 0
0.024751 0.230205 0.622072 0 255 0
-0.040565 0.080935 0.647174 0 255 0
-0.016031 0.075460 0.637839 0 255 0
-0.011427 0.085989 0.615171 0 255 0
-0.000483 0.071520 0.627525 0 255 0
0.026872 0.087214 0.633800 0 255 0
-0.027107 -0.019790 0.629197 0 255 0
-0.013944 -0.014672 0.608675 0 255 0
-0.008521 0.002393 0.619760 0 255 0
-0.029848 -0.009390 0.618046 0 255 0
-0.028436 -0.042597 0.625752 0 255 0
-0.008907 -0.026578 0.619136 0 255 0
-0.033682 -0.084419 0.612809 0 255 0
0.007667 -0.099338 0.616500 0 255 0
-0.015822 -0.079136 0.603820 0 255 0
-0.035263 -0.223658 0.556949 0 255 0
-0.040038 -0.219476 0.572531 0 255 0
0.105702 0.232560 0.539799 0 255 0
-0.089251 0.326770 0.542269 0 255 0
-0.091004 0.321754 0.585938 0 255 0
-0.100394 0.343750 0.584216 0 255 0
-0.087946 0.359011 0.546467 0 255 0
0.103083 0.155784 0.511447 0 255 0
0.059936 0.065800 0.532834 0 255 0
0.072862 0.088065 0.533516 0 255 0
0.066963 -0.080635 0.530941 0 255 0
0.044855 -0.055482 0.529855 0 255 0
0.027188 -0.175194 0.633444 0 255 0
0.005448 -0.148776 0.623363 0 255 0
0.052686 0.374410 0.494734 0 255 0
0.035156 0.393353 0.687957 0 255 0
0.032285 0.413389 0.693209 0 255 0
-0.001784 0.400694 0.714605 0 255 0
0.003445 0.381801 0.717222 0 255 0
-0.090369 0.356452 0.647729 0 255 0
-0.070353 0.350581 0.662052 0 255 0
-0.080786 0.379400 0.677843 0 255 0
-0.089327 0.385320 0.636754 0 255 0
-0.101116 0.411850 0.665837 0 255 0
-0.094484 0.416551 0.688637 0 255 0
-0.096100 0.433731 0.696549 0 255 0
-0.107800 0.457940 0.677562 0 255 0
0.059924 0.389716 0.642554 0 255 0
0.032937 0.439575 0.643426 0 255 0
0.035881 0.436413 0.674068 0 255 0
0.042300 0.421422 0.657718 0 255 0
0.045105 0.426584 0.624184 0 255 0
-0.028886 0.410949 0.522138 0 255 0
-0.084102 0.329878 0.641490 0 255 0
-0.091927 0.286385 0.627238 0 255 0
-0.106950 0.402766 0.612116 0 255 0
-0.079603 0.417638 0.580388 0 255 0
-0.098416 0.387863 0.573302 0 255 0
-0.113482 0.402052 0.587495 0 255 0
-0.016534 0.458668 0.568252 0 255 0
0.002974 0.457448 0.586730 0 255 0
0.016046 0.439108 0.564480 0 255 0
-0.011726 0.449824 0.552057 0 255 0
0.034231 0.435371 0.590831 0 255 0
0.027124 0.447691 0.596404 0 255 0
0.012822 0.492683 0.674049 0 255 0
0.013342 0.492812 0.710200 0 255 0
0.024002 0.458623 0.689077 0 255 0
0.024328 0.482900 0.664853 0 255 0
0.004788 0.499924 0.643880 0 255 0
0.006869 0.469251 0.618798 0 255 0
-0.001530 0.481557 0.602243 0 255 0
-0.008481 0.517530 0.625996 0 255 0
-0.030131 0.499637 0.603914 0 255 0
-0.025533 0.471371 0.578758 0 255 0
-0.046103 0.474087 0.578902 0 255 0
-0.059658 0.476267 0.613358 0 255 0
-0.069145 0.465271 0.578837 0 255 0
-0.094258 0.467493 0.570137 0 255 0
-0.090127 0.476222 0.603457 0 255 0
-0.079194 0.492515 0.601480 0 255 0
-0.112535 0.454889 0.634486 0 255 0
-0.104067 0.456813 0.611109 0 255 0
-0.103399 0.441567 0.603729 0 255 0
-0.110541 0.431008 0.628159 0 255 0
-0.129785 0.552185 0.672582 0 255 0
-0.114300 0.558667 0.676397 0 255 0
-0.113675 0.534286 0.650492 0 255 0
-0.127554 0.525853 0.652322 0 255 0
-0.103037 0.565357 0.653079 0 255 0
-0.085642 0.568848 0.652870 0 255 0
-0.083875 0.548038 0.637103 0 255 0
-0.098718 0.549502 0.663476 0 255 0
-0.049805 0.558824 0.647312 0 255 0
-0.073453 0.556898 0.634410 0 255 0
-0.070652 0.577301 0.647945 0 255 0
-0.060113 0.577881 0.668334 0 255 0
-0.037141 0.583078 0.673217 0 255 0
-0.008161 0.556876 0.674516 0 255 0
-0.027770 0.579888 0.695901 0 255 0
-0.019770 0.551824 0.686345 0 255 0
-0.018788 0.551130 0.712968 0 255 0
-0.041509 0.552650 0.707611 0 255 0
-0.125912 0.509606 0.715730 0 255 0
-0.127404 0.507216 0.724817 0 255 0
-0.140225 0.538239 0.705187 0 255 0
-0.127097 0.508951 0.696151 0 255 0
-0.087205 0.511694 0.748320 0 255 0
-0.048395 0.520258 0.760068 0 255 0
-0.072905 0.538145 0.764542 0 255 0
-0.073649 0.544631 0.734243 0 255 0
-0.004215 0.520216 0.659089 0 255 0
0.002408 0.493712 0.696505 0 255 0
-0.037751 0.518432 0.620604 0 255 0
-0.008496 0.520317 0.629037 0 255 0
-0.117386 0.478447 0.644167 0 255 0
-0.099419 0.479142 0.627026 0 255 0
-0.105587 0.459538 0.704514 0 255 0
-0.111223 0.463763 0.678619 0 255 0
-0.026190 0.503724 0.750459 0 255 0
-0.015011 0.481928 0.742753 0 255 0
0.000954 0.499862 0.718212 0 255 0
-0.016864 0.511156 0.724814 0 255 0
-0.011736 0.540409 0.672608 0 255 0
-0.022125 0.552704 0.657492 0 255 0
-0.043774 0.538009 0.634542 0 255 0
-0.066075 0.531371 0.650976 0 255 0
-0.078857 0.526831 0.626041 0 255 0
-0.087132 0.518982 0.648554 0 255 0
-0.110585 0.511486 0.639103 0 255 0
-0.114774 0.505404 0.654686 0 255 0
-0.126690 0.487624 0.690766 0 255 0
-0.128925 0.493951 0.710031 0 255 0
-0.047489 0.546631 0.763744 0 255 0
-0.036930 0.517579 0.749118 0 255 0
-0.022114 0.538792 0.740214 0 255 0
-0.017489 0.558230 0.741577 0 255 0
-0.057990 0.569016 0.763568 0 255 0
-0.085129 0.561979 0.762190 0 255 0
-0.107200 0.589149 0.662694 0 255 0
-0.106973 0.592564 0.652829 0 255 0
-0.076010 0.600712 0.659236 0 255 0
-0.044660 0.602236 0.668087 0 255 0
-0.035322 0.600765 0.707339 0 255 0
-0.033435 0.607679 0.723465 0 255 0
-0.041872 0.578850 0.752182 0 255 0
-0.137165 0.588581 0.707052 0 255 0
-0.139535 0.563635 0.714113 0 255 0
-0.129331 0.557095 0.722763 0 255 0
-0.133948 0.587342 0.739318 0 255 0
-0.132159 0.609600 0.693073 0 255 0
-0.129275 0.607770 0.676763 0 255 0
-0.111701 0.578712 0.664901 0 255 0
-0.129037 0.575996 0.685367 0 255 0
-0.135073 0.611348 0.678331 0 255 0
-0.098397 0.622114 0.662361 0 255 0
-0.068316 0.622486 0.660277 0 255 0
-0.048228 0.629321 0.692524 0 255 0
-0.062385 0.590059 0.674976 0 255 0
-0.061538 0.630229 0.672676 0 255 0
-0.051228 0.631632 0.724285 0 255 0
-0.055621 0.638067 0.759575 0 255 0
-0.036568 0.609913 0.749356 0 255 0
-0.046180 0.648959 0.733228 0 255 0
-0.109246 0.709679 0.813409 0 255 0
-0.083074 0.722223 0.792636 0 255 0
-0.078859 0.748467 0.802143 0 255 0
-0.114356 0.743697 0.814597 0 255 0
-0.144900 0.624683 0.749238 0 255 0
-0.151717 0.615873 0.731926 0 255 0
-0.157532 0.629705 0.692836 0 255 0
-0.140606 0.635935 0.682057 0 255 0
-0.046556 0.680568 0.708713 0 255 0
-0.053185 0.655723 0.703538 0 255 0
-0.050961 0.661094 0.659857 0 255 0
-0.073608 0.685910 0.691996 0 255 0
-0.171583 0.694622 0.784035 0 255 0
-0.180023 0.700092 0.767533 0 255 0
-0.190560 0.670518 0.741063 0 255 0
-0.161540 0.667015 0.771283 0 255 0
-0.144744 0.644589 0.693559 0 255 0
-0.162902 0.655810 0.708200 0 255 0
-0.165703 0.661633 0.733664 0 255 0
-0.161562 0.692771 0.704629 0 255 0
-0.092047 0.736208 0.750492 0 255 0
-0.067948 0.712488 0.725819 0 255 0
-0.080700 0.723221 0.695939 0 255 0
-0.092902 0.744852 0.721768 0 255 0
-0.059062 0.652536 0.765998 0 255 0
-0.053134 0.676495 0.742885 0 255 0
-0.067612 0.696560 0.746652 0 255 0
-0.071249 0.693842 0.780782 0 255 0
-0.074255 0.658697 0.795509 0 255 0
-0.093735 0.683493 0.790861 0 255 0
-0.191149 0.754149 0.792310 0 255 0
-0.181782 0.732340 0.781742 0 255 0
-0.191733 0.733808 0.783915 0 255 0
-0.176801 0.764380 0.811388 0 255 0
-0.163550 0.729597 0.744439 0 255 0
-0.178086 0.713980 0.735202 0 255 0
-0.187543 0.724217 0.750771 0 255 0
-0.171589 0.753480 0.740773 0 255 0
-0.114575 0.797809 0.774429 0 255 0
-0.093029 0.770661 0.759580 0 255 0
-0.107770 0.758045 0.737371 0 255 0
-0.120103 0.802856 0.763400 0 255 0
-0.109551 0.795927 0.822311 0 255 0
-0.086646 0.762029 0.784020 0 255 0
-0.098341 0.788453 0.800712 0 255 0
-0.122835 0.812706 0.836085 0 255 0
-0.134990 0.800356 0.821868 0 255 0
-0.126151 0.775144 0.828371 0 255 0
-0.171909 0.801462 0.823890 0 255 0
-0.188582 0.796751 0.814929 0 255 0
-0.198291 0.811923 0.774699 0 255 0
-0.183194 0.810964 0.780484 0 255 0
-0.170354 0.785053 0.762053 0 255 0
-0.184597 0.776221 0.772902 0 255 0
-0.141241 0.803148 0.729844 0 255 0
-0.163714 0.791395 0.753022 0 255 0
-0.162881 0.825655 0.759579 0 255 0
-0.158021 0.824947 0.772055 0 255 0
-0.122061 0.828506 0.776845 0 255 0
-0.134283 0.802413 0.753618 0 255 0
-0.139816 0.818350 0.790023 0 255 0
-0.120637 0.826222 0.798040 0 255 0
-0.114546 0.810285 0.807702 0 255 0
-0.084045 0.294979 0.550087 0 255 0
-0.084993 0.306579 0.597361 0 255 0
-0.087871 0.301214 0.577028 0 255 0
-0.087214 0.306168 0.546603 0 255 0
-0.058335 0.381259 0.699008 0 255 0
-0.059012 0.372263 0.687179 0 255 0
-0.077582 0.434502 0.716273 0 255 0
-0.061850 0.411011 0.710543 0 255 0
-0.087954 0.459830 0.722705 0 255 0
-0.088811 0.482387 0.745879 0 255 0
-0.110136 0.510282 0.733882 0 255 0
-0.140122 0.531597 0.763300 0 255 0
-0.117830 0.563532 0.744894 0 255 0
-0.115768 0.567649 0.749732 0 255 0
-0.132289 0.638309 0.774022 0 255 0
-0.148385 0.648039 0.755915 0 255 0
-0.124028 0.613080 0.763193 0 255 0
-0.153309 0.711835 0.792379 0 255 0
-0.141227 0.666426 0.785679 0 255 0
-0.171953 0.715214 0.818866 0 255 0
-0.162428 0.765662 0.823500 0 255 0
-0.168067 0.782148 0.848966 0 255 0
0.016473 0.271051 0.655856 0 255 0
-0.029954 0.264027 0.670663 0 255 0
-0.008623 0.260100 0.648094 0 255 0
0.031183 0.240874 0.654041 0 255 0
-0.064388 0.285403 0.591076 0 255 0
-0.055252 0.272066 0.584369 0 255 0
-0.062133 0.278800 0.604700 0 255 0
-0.079188 0.291614 0.615596 0 255 0
-0.007165 0.532108 0.702663 0 255 0
-0.057744 0.501772 0.605730 0 255 0
-0.074858 0.506365 0.612150 0 255 0
-0.100557 0.473896 0.605999 0 255 0
-0.077324 0.487048 0.745323 0 255 0
-0.069562 0.462514 0.749899 0 255 0
-0.041216 0.470312 0.744405 0 255 0
-0.055083 0.485104 0.745497 0 255 0
-0.080213 0.630199 0.771834 0 255 0
-0.080189 0.656030 0.766002 0 255 0
-0.103372 0.619604 0.771772 0 255 0
-0.052572 0.609060 0.776231 0 255 0
-0.104286 0.650704 0.666768 0 255 0
-0.074752 0.635207 0.670169 0 255 0
-0.134233 0.672321 0.679829 0 255 0
-0.113126 0.704329 0.686765 0 255 0
-0.123441 0.643788 0.671951 0 255 0
-0.013580 0.412035 0.722957 0 255 0
-0.014606 0.425216 0.725161 0 255 0
-0.024541 0.434192 0.737875 0 255 0
-0.054187 0.439371 0.730369 0 255 0
-0.005021 -0.011227 0.418246 0 255 0
-0.024124 0.036026 0.416995 0 255 0
0.046498 -0.104267 0.553017 0 255 0
0.046158 -0.094409 0.556612 0 255 0
0.033837 -0.075956 0.587425 0 255 0
0.040121 -0.102358 0.581015 0 255 0
0.063488 -0.084458 0.556260 0 255 0
0.054588 -0.118630 0.564153 0 255 0
0.040776 -0.129546 0.567359 0 255 0
0.060169 -0.118395 0.541497 0 255 0
0.063580 -0.209048 0.497633 0 255 0
0.072565 -0.225789 0.492154 0 255 0
-0.039465 -0.060065 0.632298 0 255 0
-0.050524 -0.064761 0.627593 0 255 0
-0.044798 -0.091029 0.623654 0 255 0
0.002287 0.116102 0.626892 0 255 0
0.027920 0.171239 0.607756 0 255 0
-0.008227 0.212362 0.623486 0 255 0
-0.010730 0.195887 0.619721 0 255 0
-0.050123 0.262245 0.620016 0 255 0
-0.027539 -0.022587 0.411215 0 255 0
-0.047029 -0.070255 0.403336 0 255 0
-0.041036 -0.193069 0.381273 0 255 0
-0.077868 -0.204077 0.390770 0 255 0
-0.071386 -0.225070 0.404192 0 255 0
-0.065937 -0.243432 0.386549 0 255 0
-0.096665 -0.241484 0.402228 0 255 0
-0.078553 -0.228099 0.390843 0 255 0
-0.109336 -0.309902 0.405823 0 255 0
-0.086005 -0.284146 0.394664 0 255 0
-0.070362 0.272643 0.551545 0 255 0
-0.072991 0.281773 0.592889 0 255 0
-0.063983 0.280337 0.553997 0 255 0
-0.049908 0.286485 0.653859 0 255 0
-0.094098 0.269227 0.646564 0 255 0
-0.063934 0.278832 0.632788 0 255 0
-0.047605 0.283205 0.655755 0 255 0
0.100546 0.316683 0.562211 0 255 0
0.092566 0.339183 0.533535 0 255 0
-0.027892 0.350637 0.475498 0 255 0
0.229457 -0.350985 0.445855 0 255 0
0.221082 -0.379339 0.444122 0 255 0
0.203944 -0.339202 0.450352 0 255 0
0.200656 -0.357190 0.460673 0 255 0
-0.024333 -0.114320 0.391205 0 255 0
-0.024598 -0.105903 0.394240 0 255 0
-0.007802 -0.292116 0.437470 0 255 0
0.022093 -0.304299 0.421777 0 255 0
0.048150 -0.311134 0.447860 0 255 0
0.021014 -0.306380 0.444246 0 255 0
0.017266 -0.300933 0.429535 0 255 0
0.023104 -0.246579 0.380690 0 255 0
0.004271 -0.279589 0.378012 0 255 0
0.010858 -0.259246 0.382071 0 255 0
0.011155 -0.244387 0.371449 0 255 0
-0.050707 0.207177 0.374687 0 255 0
-0.017499 0.208493 0.374207 0 255 0
-0.067067 0.017855 0.422712 0 255 0
-0.027926 0.007463 0.403913 0 255 0
-0.046856 0.031212 0.418838 0 255 0
-0.066197 -0.013203 0.405502 0 255 0
0.000484 -0.118367 0.392079 0 255 0
0.041178 -0.084752 0.438086 0 255 0
-0.041535 -0.162268 0.621232 0 255 0
-0.033499 -0.176886 0.610646 0 255 0
-0.026167 -0.185443 0.609616 0 255 0
-0.031450 -0.168383 0.619656 0 255 0
0.184084 -0.324263 0.426411 0 255 0
0.176488 -0.315418 0.443092 0 255 0
0.173871 -0.306742 0.447482 0 255 0
0.200478 -0.316421 0.431742 0 255 0
0.082035 0.324543 0.483907 0 255 0
0.044069 0.320858 0.458853 0 255 0
0.029438 0.003581 0.443842 0 255 0
0.033443 -0.012476 0.433333 0 255 0
0.005086 0.034173 0.424814 0 255 0
0.039259 0.000062 0.470938 0 255 0
-0.001863 -0.075314 0.410848 0 255 0
0.059573 -0.062207 0.462151 0 255 0
0.008684 -0.077098 0.414618 0 255 0
0.108803 -0.206294 0.439626 0 255 0
0.098604 -0.215778 0.460104 0 255 0
0.099857 -0.249137 0.449613 0 255 0
-0.022940 0.286622 0.665271 0 255 0
0.005693 0.244307 0.636142 0 255 0
-0.007328 0.236065 0.627667 0 255 0
-0.066572 0.272892 0.584637 0 255 0
-0.031361 -0.309786 0.428164 0 255 0
-0.024396 -0.306215 0.437988 0 255 0
0.126643 -0.280148 0.466517 0 255 0
0.148929 -0.295550 0.443056 0 255 0
0.081632 -0.184708 0.468296 0 255 0
0.074600 -0.185467 0.467106 0 255 0
0.083201 -0.209823 0.476714 0 255 0
0.090323 -0.219566 0.460938 0 255 0
0.090554 -0.200993 0.460784 0 255 0
0.082434 -0.198057 0.454083 0 255 0
0.044988 -0.259773 0.516691 0 255 0
0.022178 -0.252826 0.529158 0 255 0
0.040474 -0.278412 0.507701 0 255 0
0.054634 -0.276834 0.501957 0 255 0
0.027060 -0.253704 0.527839 0 255 0
0.016266 -0.261354 0.540631 0 255 0
0.015887 -0.267189 0.517528 0 255 0
0.025590 -0.277334 0.503764 0 255 0
-0.006776 -0.294812 0.468701 0 255 0
-0.013468 -0.295700 0.491013 0 255 0
-0.031483 -0.285419 0.503996 0 255 0
-0.049472 -0.276985 0.523008 0 255 0
-0.081414 -0.271232 0.391588 0 255 0
-0.079534 -0.245549 0.385720 0 255 0
-0.064320 -0.261999 0.386908 0 255 0
-0.059442 -0.278730 0.392424 0 255 0
-0.030766 -0.302111 0.460436 0 255 0
-0.033343 -0.307016 0.464267 0 255 0
-0.046715 -0.293906 0.496947 0 255 0
0.142152 -0.433777 0.400045 0 255 0
0.136513 -0.397373 0.406712 0 255 0
-0.052319 -0.328451 0.402912 0 255 0
-0.038101 -0.311905 0.416116 0 255 0
0.136685 -0.396952 0.365098 0 255 0
0.164238 -0.410035 0.393303 0 255 0
0.018067 -0.298206 0.460627 0 255 0
0.015037 -0.303864 0.447296 0 255 0
0.024334 -0.287041 0.458066 0 255 0
-0.031432 -0.308281 0.456138 0 255 0
-0.026575 -0.302232 0.466369 0 255 0
0.109129 0.285442 0.518277 0 255 0
0.085105 0.276143 0.563759 0 255 0
0.056017 0.016805 0.527848 0 255 0
0.058323 0.045150 0.501506 0 255 0
-0.046737 -0.019804 0.635981 0 255 0
-0.027414 0.012721 0.636860 0 255 0
-0.043439 -0.319754 0.488996 0 255 0
-0.002834 0.039525 0.615511 0 255 0
-0.039915 0.053905 0.643321 0 255 0
-0.042980 0.031980 0.644153 0 255 0
-0.024578 0.024567 0.632237 0 255 0
-0.040908 0.086366 0.656784 0 255 0
-0.045043 0.095939 0.650097 0 255 0
-0.010908 0.246473 0.617333 0 255 0
-0.045256 0.227711 0.627253 0 255 0
0.075995 -0.343165 0.442859 0 255 0
0.079012 -0.345782 0.447390 0 255 0
0.079224 -0.354152 0.426515 0 255 0
0.085903 -0.358668 0.426585 0 255 0
0.003883 0.060491 0.627967 0 255 0
0.011313 0.044743 0.608588 0 255 0
0.064785 -0.185950 0.516108 0 255 0
0.064385 -0.188405 0.503157 0 255 0
-0.056523 -0.099972 0.615663 0 255 0
-0.010831 -0.172199 0.616477 0 255 0
0.003457 -0.179187 0.621169 0 255 0
0.002430 -0.188032 0.600729 0 255 0
0.009289 -0.175749 0.621290 0 255 0
-0.070568 0.287746 0.570701 0 255 0
0.134653 -0.297553 0.389334 0 255 0
0.111904 -0.275878 0.396064 0 255 0
0.107102 -0.274227 0.405265 0 255 0
0.128454 -0.285701 0.402302 0 255 0
-0.101331 0.283739 0.622310 0 255 0
-0.089277 0.312951 0.610204 0 255 0
-0.065817 0.309353 0.509430 0 255 0
-0.079395 0.297001 0.521435 0 255 0
-0.000915 0.334338 0.688535 0 255 0
-0.000021 0.312816 0.681085 0 255 0
-0.016665 0.356787 0.711219 0 255 0
-0.031842 0.389221 0.713370 0 255 0
-0.103861 0.562336 0.733302 0 255 0
-0.096047 0.592259 0.763903 0 255 0
-0.119438 0.676088 0.798128 0 255 0
-0.126408 0.704780 0.802535 0 255 0
-0.135895 0.746169 0.827724 0 255 0
-0.145045 0.770381 0.829070 0 255 0
-0.150363 0.805500 0.859178 0 255 0
0.178065 -0.402341 0.387883 0 255 0
0.158521 -0.379486 0.379385 0 255 0
0.176223 -0.373069 0.391717 0 255 0
0.181466 -0.403950 0.391098 0 255 0
0.164724 -0.345102 0.473064 0 255 0
0.146368 -0.334577 0.457055 0 255 0
0.167758 -0.373205 0.470551 0 255 0
0.182532 -0.372988 0.477753 0 255 0
0.195697 -0.387990 0.467521 0 255 0
0.187380 -0.378231 0.461314 0 255 0
0.191285 -0.360360 0.467934 0 255 0
0.227765 -0.388975 0.435379 0 255 0
0.218732 -0.380420 0.416508 0 255 0
0.200503 -0.357618 0.430718 0 255 0
0.208674 -0.355149 0.435153 0 255 0
0.221179 -0.371357 0.398543 0 255 0
0.188346 -0.368645 0.397998 0 255 0
0.185999 -0.369978 0.403391 0 255 0
0.212663 -0.385754 0.404986 0 255 0
0.135783 -0.418154 0.439186 0 255 0
0.171029 -0.402052 0.465478 0 255 0
0.135196 -0.387672 0.471025 0 255 0
0.143481 -0.389912 0.462332 0 255 0
0.061420 -0.332052 0.423391 0 255 0
0.089075 -0.353579 0.407021 0 255 0
0.067898 -0.269706 0.479973 0 255 0
0.074844 -0.280177 0.489320 0 255 0
0.082532 -0.295482 0.502622 0 255 0
0.084700 -0.277393 0.480271 0 255 0
0.110991 -0.388169 0.430937 0 255 0
0.099460 -0.369714 0.425956 0 255 0
0.095578 -0.376639 0.407486 0 255 0
0.120097 -0.380437 0.407944 0 255 0
0.126022 -0.381144 0.451751 0 255 0
0.138453 -0.361746 0.468886 0 255 0
0.128442 -0.345247 0.480073 0 255 0
0.113322 -0.351946 0.466564 0 255 0
0.186288 -0.332400 0.459141 0 255 0
0.171765 -0.309721 0.459765 0 255 0
0.090948 -0.329319 0.451778 0 255 0
0.095722 -0.348586 0.459437 0 255 0
0.070570 -0.180753 0.532380 0 255 0
0.070846 -0.156980 0.486792 0 255 0
0.073421 -0.182421 0.497967 0 255 0
0.043426 -0.118842 0.589658 0 255 0
0.050485 -0.135976 0.575555 0 255 0
0.061397 -0.108210 0.523741 0 255 0
0.060031 -0.128727 0.511240 0 255 0
0.049521 -0.124414 0.581818 0 255 0
0.049490 -0.140487 0.582487 0 255 0
0.000331 -0.058208 0.595922 0 255 0
-0.048066 -0.302751 0.500511 0 255 0
0.101620 -0.367685 0.443546 0 255 0
0.115898 -0.373707 0.454127 0 255 0
0.155795 -0.283556 0.443615 0 255 0
0.132432 -0.254408 0.464225 0 255 0
0.140557 -0.267083 0.454330 0 255 0
0.146958 -0.282795 0.449930 0 255 0
0.037644 -0.146576 0.397444 0 255 0
0.042500 -0.136008 0.411980 0 255 0
0.030890 -0.120323 0.403092 0 255 0
0.057345 -0.133937 0.411591 0 255 0
0.113026 -0.299686 0.387924 0 255 0
0.100665 -0.318895 0.400827 0 255 0
0.096511 -0.299844 0.384353 0 255 0
0.092603 -0.290980 0.384087 0 255 0
0.090128 -0.313594 0.384718 0 255 0
0.108258 -0.325685 0.376708 0 255 0
0.096443 -0.341582 0.392151 0 255 0
0.070928 -0.321651 0.395425 0 255 0
0.094940 0.242550 0.456174 0 255 0
0.106658 0.236859 0.500713 0 255 0
0.063877 0.094059 0.555137 0 255 0
0.048818 0.074904 0.578893 0 255 0
0.047599 0.183784 0.595392 0 255 0
-0.030813 0.256753 0.643513 0 255 0
-0.056343 0.272167 0.622966 0 255 0
-0.071775 0.350899 0.609769 0 255 0
0.111309 0.246814 0.514635 0 255 0
-0.112326 0.367684 0.625708 0 255 0
-0.104314 0.391700 0.634726 0 255 0
-0.089963 0.402883 0.559719 0 255 0
-0.064854 0.442880 0.561967 0 255 0
-0.067308 0.414572 0.558364 0 255 0
-0.081900 0.404186 0.553842 0 255 0
-0.041200 0.451114 0.544976 0 255 0
-0.032999 0.429924 0.542773 0 255 0
-0.025568 0.453099 0.713589 0 255 0
-0.144552 0.702173 0.692636 0 255 0
-0.126090 0.737681 0.707935 0 255 0
-0.123796 0.709498 0.687228 0 255 0
-0.157816 0.728709 0.705556 0 255 0
-0.101761 0.714032 0.691958 0 255 0
-0.102464 0.674286 0.688608 0 255 0
-0.073752 0.732392 0.768591 0 255 0
-0.159431 0.786658 0.729419 0 255 0
-0.140239 0.769935 0.727559 0 255 0
-0.111934 0.733404 0.719478 0 255 0
-0.122371 0.773844 0.730672 0 255 0
-0.071110 0.277731 0.600930 0 255 0
0.093201 0.304393 0.596589 0 255 0
0.093533 0.253076 0.574646 0 255 0
0.054945 0.239621 0.618517 0 255 0
0.019342 0.253234 0.645547 0 255 0
0.023368 0.023534 0.588149 0 255 0
0.046510 0.010918 0.593828 0 255 0
0.030264 -0.016523 0.565058 0 255 0
0.032100 -0.010439 0.553203 0 255 0
0.045337 0.001220 0.547530 0 255 0
0.041850 -0.010494 0.578777 0 255 0
0.053982 -0.017972 0.503338 0 255 0
0.057893 -0.034439 0.464202 0 255 0
0.050180 0.013811 0.472722 0 255 0
0.054447 -0.009487 0.493988 0 255 0
0.059118 0.054725 0.468029 0 255 0
0.012139 0.003318 0.429406 0 255 0
0.016926 -0.042890 0.428271 0 255 0
0.004694 -0.021578 0.406041 0 255 0
-0.027995 -0.042056 0.409271 0 255 0
-0.028953 -0.036403 0.427683 0 255 0
-0.018154 0.228122 0.627808 0 255 0
-0.072806 0.280087 0.617456 0 255 0
0.009276 0.290286 0.668624 0 255 0
0.030231 0.273206 0.625005 0 255 0
0.074943 0.291647 0.625761 0 255 0
0.119169 -0.282618 0.463027 0 255 0
0.060234 -0.185245 0.415006 0 255 0
0.078327 -0.177653 0.425275 0 255 0
0.120172 -0.339412 0.388051 0 255 0
0.116696 -0.346036 0.409688 0 255 0
0.101604 -0.336171 0.468484 0 255 0
0.071189 -0.325967 0.422340 0 255 0
0.071437 -0.335498 0.451264 0 255 0
0.079549 -0.336950 0.467750 0 255 0
0.073570 0.198962 0.582157 0 255 0
0.101377 0.210485 0.579433 0 255 0
0.078175 0.219965 0.590669 0 255 0
-0.091399 0.289601 0.540798 0 255 0
-0.004259 0.252968 0.638763 0 255 0
-0.094974 0.420190 0.658931 0 255 0
-0.113811 0.445228 0.655244 0 255 0
-0.122262 0.479147 0.662120 0 255 0
-0.128808 0.493509 0.671324 0 255 0
-0.133352 0.511024 0.673425 0 255 0
-0.139720 0.543892 0.687565 0 255 0
-0.148462 0.578098 0.683559 0 255 0
-0.143995 0.594403 0.707188 0 255 0
-0.165090 0.639363 0.729743 0 255 0
-0.166334 0.648602 0.724780 0 255 0
-0.139377 0.622501 0.687330 0 255 0
-0.175926 0.676858 0.736876 0 255 0
-0.190045 0.714547 0.746597 0 255 0
-0.183870 0.737953 0.767755 0 255 0
-0.185483 0.774884 0.772809 0 255 0
-0.191711 0.799816 0.803143 0 255 0
-0.086049 0.282721 0.558365 0 255 0
-0.075774 0.290712 0.551522 0 255 0
0.026627 -0.283361 0.470798 0 255 0
0.071987 -0.198349 0.488801 0 255 0
0.084522 -0.232658 0.502086 0 255 0
0.092014 -0.322421 0.470353 0 255 0
0.157649 -0.350537 0.418949 0 255 0
0.161216 -0.349695 0.394310 0 255 0
0.088594 -0.340796 0.475463 0 255 0
0.079670 -0.247319 0.485500 0 255 0
0.084906 -0.275234 0.473013 0 255 0
0.268701 -0.577644 0.373929 0 255 0
0.272962 -0.553915 0.372984 0 255 0
0.287318 -0.589411 0.368638 0 255 0
0.288141 -0.602079 0.365535 0 255 0
0.263131 -0.581877 0.385425 0 255 0
0.245560 -0.591367 0.378841 0 255 0
0.292483 -0.569734 0.435057 0 255 0
0.281233 -0.579641 0.411393 0 255 0
0.293235 -0.590198 0.426863 0 255 0
0.319611 -0.575489 0.437823 0 255 0
0.284755 -0.615386 0.400251 0 255 0
0.299135 -0.608327 0.401553 0 255 0
0.276585 -0.597547 0.411035 0 255 0
0.263667 -0.602013 0.380461 0 255 0
0.315717 -0.556194 0.426447 0 255 0
0.333884 -0.560494 0.411435 0 255 0
0.311216 -0.534483 0.421706 0 255 0
0.283436 -0.544931 0.421123 0 255 0
0.234782 -0.505779 0.444881 0 255 0
0.262731 -0.513779 0.453028 0 255 0
0.234318 -0.491036 0.451499 0 255 0
0.225307 -0.492130 0.451208 0 255 0
0.248822 -0.541518 0.370293 0 255 0
0.263411 -0.552166 0.374554 0 255 0
0.269338 -0.551420 0.365961 0 255 0
0.274415 -0.562588 0.366472 0 255 0
0.241055 -0.547756 0.410279 0 255 0
0.240496 -0.530539 0.428313 0 255 0
0.233370 -0.526033 0.422992 0 255 0
0.220196 -0.537715 0.400114 0 255 0
0.240368 -0.522719 0.369248 0 255 0
0.253044 -0.510817 0.353575 0 255 0
0.264517 -0.581636 0.410769 0 255 0
0.262307 -0.568844 0.420277 0 255 0
0.258357 -0.561633 0.423210 0 255 0
0.274049 -0.582236 0.404117 0 255 0
0.334936 -0.590357 0.415664 0 255 0
0.328648 -0.583934 0.399411 0 255 0
0.330522 -0.568630 0.409963 0 255 0
0.320744 -0.579327 0.435740 0 255 0
0.295857 -0.610136 0.418485 0 255 0
0.316928 -0.603652 0.416038 0 255 0
0.283773 -0.593872 0.420124 0 255 0
0.309260 -0.611141 0.361857 0 255 0
0.306445 -0.601220 0.366748 0 255 0
0.286161 -0.582723 0.367617 0 255 0
0.309405 -0.574645 0.367409 0 255 0
0.241688 -0.525345 0.449252 0 255 0
0.253869 -0.541144 0.434442 0 255 0
0.282731 -0.562790 0.421802 0 255 0
0.279065 -0.553685 0.438737 0 255 0
0.240689 -0.550037 0.384035 0 255 0
0.251944 -0.564511 0.383350 0 255 0
0.309238 -0.549921 0.368806 0 255 0
0.289712 -0.562362 0.365318 0 255 0
0.274023 -0.530302 0.389650 0 255 0
0.292810 -0.535458 0.370825 0 255 0
0.270719 -0.521793 0.374331 0 255 0
0.299727 -0.511945 0.399981 0 255 0
0.321564 -0.527613 0.402640 0 255 0
0.303319 -0.530815 0.380212 0 255 0
0.231797 -0.506267 0.444206 0 255 0
0.263256 -0.516356 0.447356 0 255 0
0.290068 -0.516889 0.440735 0 255 0
0.299712 -0.518469 0.427555 0 255 0
0.286449 -0.528236 0.423887 0 255 0
0.277965 -0.510097 0.444391 0 255 0
0.193086 -0.507257 0.401772 0 255 0
0.214468 -0.495697 0.380756 0 255 0
0.216494 -0.516897 0.384066 0 255 0
0.216548 -0.514358 0.393856 0 255 0
0.238372 -0.495941 0.369327 0 255 0
0.225428 -0.486855 0.372889 0 255 0
0.229574 -0.447828 0.366301 0 255 0
0.237737 -0.450137 0.386642 0 255 0
0.238411 -0.465930 0.370096 0 255 0
0.233193 -0.466872 0.376939 0 255 0
0.270706 -0.470585 0.405988 0 255 0
0.280918 -0.478434 0.414944 0 255 0
0.282916 -0.487204 0.405474 0 255 0
0.287304 -0.494812 0.391328 0 255 0
0.276653 -0.477845 0.447747 0 255 0
0.263111 -0.478849 0.446684 0 255 0
0.275002 -0.494793 0.461683 0 255 0
0.280085 -0.482399 0.429146 0 255 0
0.241790 -0.423717 0.446673 0 255 0
0.221162 -0.427905 0.459061 0 255 0
0.216685 -0.443397 0.454401 0 255 0
0.239195 -0.440768 0.449660 0 255 0
0.213882 -0.460452 0.454083 0 255 0
0.196870 -0.438688 0.460342 0 255 0
0.176373 -0.453775 0.476849 0 255 0
0.194427 -0.459843 0.451283 0 255 0
0.172626 -0.439261 0.393918 0 255 0
0.193402 -0.446339 0.386465 0 255 0
0.217041 -0.475144 0.390435 0 255 0
0.188004 -0.464659 0.394829 0 255 0
0.289097 -0.472851 0.416504 0 255 0
0.272315 -0.462646 0.422081 0 255 0
0.218995 -0.463167 0.460719 0 255 0
0.201315 -0.472563 0.448789 0 255 0
0.200847 -0.488313 0.447235 0 255 0
0.222451 -0.479827 0.452321 0 255 0
0.182701 -0.482704 0.430989 0 255 0
0.188390 -0.478480 0.409573 0 255 0
0.172748 -0.458679 0.406292 0 255 0
0.197698 -0.489385 0.423778 0 255 0
0.193543 -0.480772 0.402963 0 255 0
0.202448 -0.468708 0.382136 0 255 0
0.209553 -0.481540 0.385090 0 255 0
0.198797 -0.486582 0.393476 0 255 0
0.267075 -0.442731 0.397367 0 255 0
0.260963 -0.458790 0.398510 0 255 0
0.249072 -0.465427 0.412094 0 255 0
0.263381 -0.449612 0.412881 0 255 0
0.244472 -0.468085 0.448925 0 255 0
0.251190 -0.469337 0.450464 0 255 0
0.201861 -0.497166 0.411104 0 255 0
0.214200 -0.497763 0.436182 0 255 0
0.206260 -0.494799 0.438631 0 255 0
0.219646 -0.473416 0.374977 0 255 0
0.232761 -0.417130 0.445383 0 255 0
0.242793 -0.418827 0.435659 0 255 0
0.220389 -0.405257 0.443332 0 255 0
0.228334 -0.404212 0.449728 0 255 0
0.223510 -0.397932 0.460579 0 255 0
0.210279 -0.411116 0.462631 0 255 0
0.192283 -0.405789 0.449134 0 255 0
0.173807 -0.430544 0.457128 0 255 0
0.171074 -0.438753 0.441433 0 255 0
0.160834 -0.441119 0.434987 0 255 0
0.166083 -0.439134 0.417137 0 255 0
0.178310 -0.452571 0.445261 0 255 0
0.167415 -0.434426 0.397878 0 255 0
0.179879 -0.429748 0.390182 0 255 0
0.206543 -0.432369 0.381256 0 255 0
0.193996 -0.423071 0.385469 0 255 0
0.229606 -0.453258 0.457309 0 255 0
0.218331 -0.448693 0.459121 0 255 0
0.312369 -0.541380 0.378598 0 255 0
0.318210 -0.547987 0.389075 0 255 0
0.324757 -0.571053 0.377474 0 255 0
0.319208 -0.569549 0.373999 0 255 0
0.341790 -0.574275 0.394765 0 255 0
0.330017 -0.566654 0.397771 0 255 0
0.269435 -0.586574 0.391238 0 255 0
0.250304 -0.566710 0.396919 0 255 0
0.278368 -0.624092 0.387123 0 255 0
0.207497 -0.500201 0.409208 0 255 0
0.205408 -0.524726 0.408647 0 255 0
0.246842 -0.445690 0.395616 0 255 0
0.242680 -0.433782 0.394968 0 255 0
0.242075 -0.435098 0.397694 0 255 0
0.268024 -0.468750 0.402464 0 255 0
0.269249 -0.482587 0.385100 0 255 0
0.254406 -0.501681 0.386815 0 255 0
0.250283 -0.472344 0.383946 0 255 0
0.260461 -0.431055 0.422249 0 255 0
0.254757 -0.443116 0.405467 0 255 0
0.255978 -0.441321 0.405619 0 255 0
0.252284 -0.432218 0.420100 0 255 0
0.171562 -0.470320 0.420901 0 255 0
0.182248 -0.468586 0.410545 0 255 0
0.235911 -0.390401 0.379181 0 255 0
0.226307 -0.426606 0.391283 0 255 0
0.218878 -0.432512 0.378228 0 255 0
0.207658 -0.417773 0.387225 0 255 0
0.224174 -0.442251 0.371550 0 255 0
0.225701 -0.406292 0.402009 0 255 0
0.217103 -0.424525 0.399684 0 255 0
0.160621 -0.441011 0.418157 0 255 0
0.242968 -0.403980 0.419761 0 255 0
0.240815 -0.418833 0.410387 0 255 0
0.224533 -0.392502 0.419530 0 255 0
0.234534 -0.400401 0.426326 0 255 0
0.336213 -0.544951 0.391565 0 255 0
0.311875 -0.531030 0.408320 0 255 0
0.256517 -0.480272 0.442469 0 255 0
0.263536 -0.496955 0.449864 0 255 0
0.241656 -0.478004 0.440039 0 255 0
0.305881 -0.563314 0.433708 0 255 0
0.310812 -0.585047 0.411844 0 255 0
0.279022 -0.531700 0.443449 0 255 0
0.298457 -0.541269 0.458688 0 255 0
0.284598 -0.517094 0.374161 0 255 0
0.247537 -0.462157 0.441076 0 255 0
0.248061 -0.453884 0.445544 0 255 0
0.265791 -0.451491 0.420192 0 255 0
0.197722 -0.416130 0.464615 0 255 0
0.214157 -0.435095 0.469813 0 255 0
0.269069 -0.454901 0.418450 0 255 0
0.164736 -0.408363 0.463031 0 255 0
0.238694 -0.478536 0.373757 0 255 0
0.221318 -0.460201 0.379238 0 255 0
0.210975 -0.450553 0.380128 0 255 0
0.291239 -0.612902 0.363716 0 255 0
0.238549 -0.549384 0.395785 0 255 0
0.221408 -0.524971 0.428189 0 255 0
0.226262 -0.507964 0.435480 0 255 0
0.261757 -0.452362 0.445768 0 255 0
0.251184 -0.434035 0.431863 0 255 0
0.249619 -0.430180 0.450369 0 255 0
0.182321 -0.467837 0.427260 0 255 0
0.196398 -0.469558 0.451459 0 255 0
0.327148 -0.595541 0.423525 0 255 0
0.184840 -0.479947 0.432627 0 255 0
0.244810 -0.495176 0.370349 0 255 0
-0.063182 -0.215842 0.407184 0 255 0
0.055098 -0.092178 0.529937 0 255 0
0.008455 -0.057404 0.558617 0 255 0
0.032098 -0.073573 0.554471 0 255 0
0.072944 -0.151686 0.508771 0 255 0
0.068694 -0.181039 0.493451 0 255 0
0.091917 -0.225064 0.482012 0 255 0
0.094373 -0.252939 0.476393 0 255 0
0.054006 -0.145768 0.541054 0 255 0
-0.012150 -0.447766 0.365467 0 255 0
-0.015737 -0.442597 0.361305 0 255 0
-0.008562 -0.460376 0.361448 0 255 0
-0.059756 0.080572 0.657387 0 255 0
-0.008589 -0.436417 0.377408 0 255 0
-0.015550 -0.426171 0.386069 0 255 0
-0.007626 -0.431419 0.375941 0 255 0
-0.013809 -0.429345 0.383495 0 255 0
-0.007102 -0.438822 0.378996 0 255 0
-0.001772 -0.479936 0.386764 0 255 0
-0.018663 -0.433656 0.369234 0 255 0
-0.018005 -0.404701 0.387571 0 255 0
-0.001075 -0.450280 0.376201 0 255 0
-0.048310 0.073143 0.414197 0 255 0
-0.064494 0.076170 0.416826 0 255 0
-0.057824 0.094409 0.397818 0 255 0
-0.031936 0.100104 0.404371 0 255 0
-0.049116 0.115582 0.407184 0 255 0
0.065689 0.153165 0.415214 0 255 0
0.094429 0.146153 0.417167 0 255 0
0.078717 0.124109 0.437383 0 255 0
0.065298 0.127126 0.409083 0 255 0
0.046357 0.083704 0.434408 0 255 0
0.074106 0.110422 0.436793 0 255 0
0.091425 0.122720 0.461245 0 255 0
0.087551 0.122952 0.491893 0 255 0
0.058462 0.086841 0.443973 0 255 0
0.091098 0.145203 0.507204 0 255 0
0.090302 0.113994 0.511984 0 255 0
0.083106 0.139269 0.539278 0 255 0
0.080256 0.148365 0.555763 0 255 0
0.078001 0.178171 0.579852 0 255 0
0.043736 0.162183 0.593388 0 255 0
0.062052 0.154197 0.580969 0 255 0
0.001379 0.171207 0.619228 0 255 0
0.021648 0.176721 0.602207 0 255 0
-0.039620 0.176172 0.634439 0 255 0
-0.021459 0.175914 0.647401 0 255 0
0.017368 -0.285831 0.499533 0 255 0
-0.010565 -0.301854 0.387292 0 255 0
-0.011180 -0.288083 0.392675 0 255 0
-0.003628 -0.291820 0.399500 0 255 0
-0.003034 -0.237682 0.379408 0 255 0
0.005649 -0.248861 0.404554 0 255 0
-0.017350 -0.244525 0.380255 0 255 0
-0.008895 -0.218753 0.387472 0 255 0
-0.026794 -0.279011 0.386958 0 255 0
-0.042122 -0.274540 0.401642 0 255 0
-0.022396 -0.275307 0.386934 0 255 0
-0.052944 -0.257700 0.401020 0 255 0
-0.035432 -0.264866 0.384161 0 255 0
0.018507 -0.300638 0.392505 0 255 0
0.019307 -0.277990 0.389508 0 255 0
0.020356 -0.289275 0.365531 0 255 0
0.029396 -0.295166 0.402757 0 255 0
0.025304 -0.231346 0.385171 0 255 0
0.027737 -0.220381 0.387990 0 255 0
0.028027 -0.236010 0.403482 0 255 0
0.034841 -0.237432 0.382371 0 255 0
0.061932 -0.297146 0.388302 0 255 0
0.058606 -0.292766 0.388991 0 255 0
0.079869 -0.305680 0.377637 0 255 0
0.064331 -0.314400 0.394751 0 255 0
0.020465 -0.258294 0.377230 0 255 0
-0.008702 -0.133585 0.384986 0 255 0
-0.007043 -0.142800 0.391423 0 255 0
0.028153 -0.154302 0.389542 0 255 0
0.055734 -0.194076 0.401405 0 255 0
0.049901 -0.181374 0.404071 0 255 0
0.043174 -0.174670 0.397132 0 255 0
0.061643 -0.199993 0.413206 0 255 0
0.083357 -0.216412 0.417799 0 255 0
0.073342 -0.313940 0.472007 0 255 0
0.063342 -0.316606 0.485673 0 255 0
0.061241 -0.319637 0.459909 0 255 0
0.104342 -0.239294 0.444819 0 255 0
0.092693 -0.216449 0.429004 0 255 0
0.106154 -0.209440 0.440727 0 255 0
0.111327 -0.231213 0.438063 0 255 0
0.013703 -0.297882 0.397174 0 255 0
0.073195 -0.283305 0.384734 0 255 0
0.058291 -0.274330 0.382432 0 255 0
0.066268 -0.265219 0.385339 0 255 0
0.085505 -0.290800 0.400760 0 255 0
0.083224 -0.262035 0.388985 0 255 0
0.074972 -0.262760 0.398698 0 255 0
0.073563 -0.244987 0.390886 0 255 0
0.075267 -0.250479 0.398622 0 255 0
0.105184 -0.234489 0.425721 0 255 0
0.076338 -0.206981 0.425023 0 255 0
0.067741 -0.332885 0.409376 0 255 0
0.031210 -0.315100 0.426578 0 255 0
0.043107 -0.317838 0.442660 0 255 0
0.039409 -0.327551 0.439161 0 255 0
0.030595 -0.307506 0.421365 0 255 0
0.110064 -0.254568 0.462937 0 255 0
0.106428 -0.267695 0.469120 0 255 0
0.109744 -0.265971 0.463511 0 255 0
0.099209 -0.212651 0.447352 0 255 0
0.104533 -0.252779 0.464422 0 255 0
0.084851 -0.308256 0.474223 0 255 0
0.079780 -0.327651 0.452847 0 255 0
0.048954 -0.311642 0.464962 0 255 0
0.034298 -0.302822 0.453262 0 255 0
0.072411 -0.319172 0.392206 0 255 0
0.087097 -0.321026 0.375576 0 255 0
0.122404 -0.248624 0.432523 0 255 0
0.128220 -0.243602 0.427171 0 255 0
0.136911 -0.264485 0.435867 0 255 0
0.085902 -0.193716 0.441997 0 255 0
0.099209 -0.214431 0.441860 0 255 0
0.028069 -0.299676 0.396936 0 255 0
0.085257 -0.289353 0.384436 0 255 0
0.091690 -0.276049 0.403075 0 255 0
0.057436 -0.247580 0.384131 0 255 0
0.060036 -0.262604 0.405571 0 255 0
0.042376 -0.254204 0.381446 0 255 0
0.036162 -0.252015 0.392467 0 255 0
0.099806 -0.263752 0.395218 0 255 0
0.107455 -0.275349 0.404462 0 255 0
0.049037 -0.231163 0.387027 0 255 0
0.056587 -0.234325 0.364011 0 255 0
0.120575 -0.250682 0.426281 0 255 0
0.019023 -0.300367 0.469357 0 255 0
0.043274 -0.297405 0.485930 0 255 0
0.022677 -0.301317 0.497906 0 255 0
0.056613 -0.298396 0.484462 0 255 0
0.045614 -0.290953 0.483937 0 255 0
0.063992 -0.299100 0.483961 0 255 0
0.028255 -0.281564 0.492816 0 255 0
0.265313 -0.451740 0.423442 0 255 0
0.137944 -0.265637 0.448539 0 255 0
0.152100 -0.280271 0.437262 0 255 0
0.160281 -0.284053 0.428531 0 255 0
0.182643 -0.337425 0.411001 0 255 0
0.002051 -0.387596 0.520665 0 255 0
0.016445 -0.400366 0.516643 0 255 0
0.039071 -0.408483 0.497400 0 255 0
0.020606 -0.422515 0.512859 0 255 0
0.250862 -0.442718 0.386899 0 255 0
0.253355 -0.461676 0.392007 0 255 0
0.272150 -0.498524 0.383938 0 255 0
0.271926 -0.523817 0.367924 0 255 0
0.252238 -0.512283 0.374898 0 255 0
0.230503 -0.529187 0.379597 0 255 0
0.222772 -0.541271 0.411465 0 255 0
0.240051 -0.523675 0.435192 0 255 0
0.292154 -0.505578 0.425406 0 255 0
0.305192 -0.648454 0.381284 0 255 0
0.306975 -0.643761 0.385052 0 255 0
0.320061 -0.663814 0.374378 0 255 0
0.319459 -0.667589 0.383771 0 255 0
0.321555 -0.684533 0.383768 0 255 0
0.321150 -0.682475 0.394022 0 255 0
0.312570 -0.667147 0.392610 0 255 0
0.310578 -0.697863 0.405882 0 255 0
0.315953 -0.665126 0.401975 0 255 0
0.322990 -0.679709 0.424066 0 255 0
0.339786 -0.673504 0.409839 0 255 0
0.319135 -0.661108 0.408151 0 255 0
0.322106 -0.661685 0.408675 0 255 0
0.339274 -0.626256 0.407818 0 255 0
0.338003 -0.654847 0.413108 0 255 0
0.328219 -0.650071 0.398312 0 255 0
0.336998 -0.634637 0.416933 0 255 0
0.374178 -0.683178 0.399524 0 255 0
0.367887 -0.659742 0.388628 0 255 0
0.351764 -0.647425 0.397596 0 255 0
0.359819 -0.643539 0.400756 0 255 0
0.349448 -0.624485 0.387268 0 255 0
0.352306 -0.623675 0.386613 0 255 0
0.357167 -0.652156 0.379397 0 255 0
0.354938 -0.645072 0.374259 0 255 0
0.364149 -0.642884 0.357970 0 255 0
0.354959 -0.666516 0.365680 0 255 0
0.366354 -0.649307 0.367155 0 255 0
0.288307 -0.612656 0.378062 0 255 0
0.283456 -0.634106 0.391626 0 255 0
0.293847 -0.632231 0.390497 0 255 0
0.310284 -0.653675 0.412253 0 255 0
0.300167 -0.629132 0.409584 0 255 0
0.301282 -0.628390 0.398559 0 255 0
0.305651 -0.648381 0.401572 0 255 0
0.334709 -0.612169 0.439967 0 255 0
0.316552 -0.622283 0.420219 0 255 0
0.327629 -0.637065 0.417054 0 255 0
0.318486 -0.642412 0.414369 0 255 0
0.306242 -0.625356 0.413792 0 255 0
0.345433 -0.629977 0.413150 0 255 0
0.360714 -0.630000 0.388884 0 255 0
0.321847 -0.640130 0.368433 0 255 0
0.347104 -0.630094 0.370387 0 255 0
0.339106 -0.654439 0.367366 0 255 0
0.342604 -0.675746 0.358582 0 255 0
0.336310 -0.612852 0.418386 0 255 0
0.332630 -0.611832 0.355928 0 255 0
0.314404 -0.620572 0.367805 0 255 0
0.339498 -0.632743 0.372263 0 255 0
0.333916 -0.609922 0.371804 0 255 0
0.320921 -0.681887 0.376073 0 255 0
0.327556 -0.681961 0.375184 0 255 0
0.288855 -0.635250 0.370534 0 255 0
0.351790 -0.625705 0.405825 0 255 0
0.359515 -0.619475 0.393573 0 255 0
0.346455 -0.605123 0.400858 0 255 0
0.335236 -0.593854 0.418481 0 255 0
0.333549 -0.586550 0.382596 0 255 0
0.320139 -0.600030 0.386603 0 255 0
0.340683 -0.606486 0.380164 0 255 0
0.346442 -0.654106 0.389291 0 255 0
0.326770 -0.589693 0.372776 0 255 0
0.372883 -0.744110 0.411580 0 255 0
0.367808 -0.741506 0.405419 0 255 0
0.370258 -0.764660 0.406656 0 255 0
0.366810 -0.756952 0.403854 0 255 0
0.359397 -0.756421 0.413236 0 255 0
0.338397 -0.730735 0.416998 0 255 0
0.334214 -0.761746 0.418041 0 255 0
0.344307 -0.746675 0.418273 0 255 0
0.363365 -0.774876 0.386557 0 255 0
0.356544 -0.756747 0.408687 0 255 0
0.355127 -0.779387 0.391135 0 255 0
0.359502 -0.770338 0.393566 0 255 0
0.371633 -0.764820 0.409051 0 255 0
0.362940 -0.776837 0.389769 0 255 0
0.362342 -0.757905 0.386143 0 255 0
0.364682 -0.773230 0.381262 0 255 0
0.372216 -0.750041 0.354623 0 255 0
0.380788 -0.743622 0.367958 0 255 0
0.390460 -0.753931 0.372500 0 255 0
0.378893 -0.762208 0.371186 0 255 0
0.400489 -0.748463 0.375909 0 255 0
0.393702 -0.749903 0.368699 0 255 0
0.374326 -0.752105 0.372936 0 255 0
0.392375 -0.731026 0.369607 0 255 0
0.393952 -0.733549 0.393684 0 255 0
0.377765 -0.728993 0.399619 0 255 0
0.388833 -0.733529 0.401877 0 255 0
0.377523 -0.741932 0.398709 0 255 0
0.345192 -0.784717 0.406179 0 255 0
0.347610 -0.759593 0.391511 0 255 0
0.337460 -0.757692 0.378784 0 255 0
0.347537 -0.766473 0.402242 0 255 0
0.405608 -0.687236 0.411571 0 255 0
0.372551 -0.692704 0.405827 0 255 0
0.358511 -0.708518 0.419800 0 255 0
0.372279 -0.704971 0.407438 0 255 0
0.348468 -0.714180 0.422213 0 255 0
0.349270 -0.703838 0.411054 0 255 0
0.334793 -0.684182 0.382760 0 255 0
0.335862 -0.711167 0.406118 0 255 0
0.355009 -0.735513 0.418514 0 255 0
0.333587 -0.719035 0.407200 0 255 0
0.342363 -0.747710 0.415272 0 255 0
0.330495 -0.742330 0.409483 0 255 0
0.376800 -0.689171 0.372613 0 255 0
0.387098 -0.693261 0.402525 0 255 0
0.381662 -0.831455 0.374881 0 255 0
0.392608 -0.816514 0.388252 0 255 0
0.401897 -0.822165 0.393792 0 255 0
0.384886 -0.813134 0.388566 0 255 0
0.385796 -0.700124 0.377351 0 255 0
0.386570 -0.692565 0.376551 0 255 0
0.382363 -0.680659 0.371425 0 255 0
0.385648 -0.684443 0.386393 0 255 0
0.375524 -0.711841 0.372545 0 255 0
0.390921 -0.700348 0.375130 0 255 0
0.380654 -0.827047 0.370882 0 255 0
0.383134 -0.819628 0.380835 0 255 0
0.368382 -0.819343 0.365938 0 255 0
0.382737 -0.813787 0.376392 0 255 0
0.374476 -0.767616 0.386059 0 255 0
0.375952 -0.757518 0.399777 0 255 0
0.388167 -0.779641 0.411954 0 255 0
0.379389 -0.767568 0.398587 0 255 0
0.354537 -0.772509 0.395837 0 255 0
0.373219 -0.780945 0.397771 0 255 0
0.397100 -0.762115 0.404830 0 255 0
0.388116 -0.744388 0.395660 0 255 0
0.397093 -0.747032 0.387489 0 255 0
0.388338 -0.759922 0.396054 0 255 0
0.407398 -0.741839 0.379708 0 255 0
0.401911 -0.745837 0.395920 0 255 0
0.408084 -0.739953 0.422729 0 255 0
0.402710 -0.734858 0.398654 0 255 0
0.397930 -0.762862 0.400846 0 255 0
0.409241 -0.772569 0.388309 0 255 0
0.415213 -0.760099 0.385027 0 255 0
0.409879 -0.762123 0.391948 0 255 0
0.371347 -0.664654 0.391954 0 255 0
0.381509 -0.678984 0.386703 0 255 0
0.420283 -0.727613 0.398119 0 255 0
0.416779 -0.721727 0.383185 0 255 0
0.428718 -0.719118 0.385949 0 255 0
0.419087 -0.734577 0.376753 0 255 0
0.382733 -0.697877 0.391603 0 255 0
0.377400 -0.690984 0.370555 0 255 0
0.376057 -0.808982 0.371882 0 255 0
0.386775 -0.812545 0.373010 0 255 0
0.334712 -0.720852 0.394336 0 255 0
0.331254 -0.743466 0.400596 0 255 0
0.321646 -0.700859 0.394199 0 255 0
0.335225 -0.712160 0.395327 0 255 0
0.331641 -0.700985 0.391339 0 255 0
0.385424 -0.770229 0.397120 0 255 0
0.379204 -0.754414 0.399001 0 255 0
0.384306 -0.734983 0.397481 0 255 0
0.413427 -0.715826 0.405253 0 255 0
0.404825 -0.713043 0.401588 0 255 0
0.400857 -0.719580 0.387803 0 255 0
0.402890 -0.725218 0.401335 0 255 0
0.423585 -0.713398 0.405812 0 255 0
0.416801 -0.723427 0.397532 0 255 0
0.421069 -0.739173 0.401830 0 255 0
0.424505 -0.727385 0.391678 0 255 0
0.338541 -0.747502 0.397162 0 255 0
0.341611 -0.755678 0.392225 0 255 0
0.375922 -0.706067 0.400419 0 255 0
0.385049 -0.684376 0.394617 0 255 0
0.372558 -0.661435 0.408157 0 255 0
0.375633 -0.716504 0.403903 0 255 0
0.360592 -0.706460 0.413128 0 255 0
0.364227 -0.710120 0.410741 0 255 0
0.379214 -0.725080 0.422069 0 255 0
0.362720 -0.733107 0.411950 0 255 0
0.356262 -0.734847 0.404334 0 255 0
0.356868 -0.742936 0.414375 0 255 0
0.355577 -0.698279 0.409744 0 255 0
0.360244 -0.689935 0.406194 0 255 0
0.360182 -0.681485 0.410974 0 255 0
0.367903 -0.686100 0.403592 0 255 0
0.359973 -0.690105 0.386133 0 255 0
0.355224 -0.682059 0.406716 0 255 0
0.344282 -0.684297 0.422428 0 255 0
0.362757 -0.678593 0.403051 0 255 0
0.384806 -0.679823 0.368831 0 255 0
0.368170 -0.674713 0.368400 0 255 0
0.379123 -0.678827 0.396405 0 255 0
0.373634 -0.683976 0.369756 0 255 0
0.343864 -0.700086 0.389750 0 255 0
0.345126 -0.697680 0.407758 0 255 0
0.344127 -0.703562 0.409250 0 255 0
0.328495 -0.697137 0.394422 0 255 0
0.341098 -0.757896 0.412633 0 255 0
0.339252 -0.761029 0.417102 0 255 0
0.318739 -0.767768 0.409398 0 255 0
0.347662 -0.757588 0.413760 0 255 0
0.366707 -0.782416 0.387467 0 255 0
0.368313 -0.782979 0.393897 0 255 0
0.357705 -0.787249 0.395746 0 255 0
0.387435 -0.707716 0.405396 0 255 0
0.415108 -0.707814 0.403082 0 255 0
0.385131 -0.779785 0.396678 0 255 0
0.385098 -0.795501 0.394879 0 255 0
0.378304 -0.808182 0.381879 0 255 0
0.364122 -0.795661 0.386902 0 255 0
0.375699 -0.796533 0.378340 0 255 0
0.380840 -0.777930 0.382874 0 255 0
0.385899 -0.786128 0.394388 0 255 0
0.395010 -0.774492 0.395232 0 255 0
0.392013 -0.793226 0.387624 0 255 0
0.414753 -0.767036 0.379451 0 255 0
0.414665 -0.757738 0.392868 0 255 0
0.404764 -0.788049 0.373810 0 255 0
0.375103 -0.777381 0.374310 0 255 0
0.374504 -0.762378 0.361693 0 255 0
0.397291 -0.749233 0.395184 0 255 0
0.386730 -0.759850 0.395228 0 255 0
0.406185 -0.754177 0.394258 0 255 0
0.386876 -0.763827 0.411199 0 255 0
0.389261 -0.778708 0.394967 0 255 0
0.400828 -0.779969 0.405728 0 255 0
0.391368 -0.766800 0.395088 0 255 0
0.415239 -0.719082 0.391848 0 255 0
0.412239 -0.710937 0.393505 0 255 0
0.380580 -0.818789 0.379091 0 255 0
0.381615 -0.814199 0.385407 0 255 0
0.366385 -0.673245 0.379209 0 255 0
0.373425 -0.673196 0.394172 0 255 0
0.401436 -0.743560 0.416181 0 255 0
0.364982 -0.756123 0.374546 0 255 0
0.382515 -0.723658 0.399111 0 255 0
0.415870 -0.752753 0.376400 0 255 0
0.403231 -0.741402 0.386400 0 255 0
0.421587 -0.758067 0.381276 0 255 0
0.410374 -0.768892 0.380704 0 255 0
0.395191 -0.803295 0.383811 0 255 0
0.393307 -0.827145 0.375980 0 255 0
0.394808 -0.810434 0.386536 0 255 0
0.385852 -0.806281 0.372482 0 255 0
0.380773 -0.786283 0.395793 0 255 0
0.383176 -0.776143 0.398395 0 255 0
0.378373 -0.795289 0.393181 0 255 0
0.382616 -0.777265 0.383732 0 255 0
0.371628 -0.788887 0.391442 0 255 0
0.387220 -0.796010 0.383884 0 255 0
0.395005 -0.803283 0.377642 0 255 0
0.396661 -0.809035 0.362268 0 255 0
0.387103 -0.793319 0.375185 0 255 0
0.391774 -0.804352 0.378377 0 255 0
0.385367 -0.720316 0.369203 0 255 0
0.404767 -0.707349 0.357916 0 255 0
0.398999 -0.724936 0.372288 0 255 0
0.378202 -0.744921 0.371998 0 255 0
0.413217 -0.743960 0.375757 0 255 0
0.378960 -0.743073 0.362827 0 255 0
0.404236 -0.719163 0.375509 0 255 0
0.400499 -0.769579 0.377658 0 255 0
0.386083 -0.783936 0.377449 0 255 0
0.403775 -0.774123 0.369505 0 255 0
0.393506 -0.727987 0.399981 0 255 0
0.387536 -0.804905 0.383156 0 255 0
0.343018 -0.711794 0.376423 0 255 0
0.365191 -0.696391 0.357272 0 255 0
0.357188 -0.715805 0.369876 0 255 0
0.316237 -0.739963 0.378956 0 255 0
0.387509 -0.805373 0.390932 0 255 0
0.381121 -0.807108 0.391872 0 255 0
0.419814 -0.754375 0.392025 0 255 0
0.441332 -0.761800 0.383460 0 255 0
0.423742 -0.758386 0.386200 0 255 0
0.396955 -0.751629 0.380951 0 255 0
0.396694 -0.709535 0.374483 0 255 0
0.414843 -0.721874 0.384498 0 255 0
0.423868 -0.738280 0.376593 0 255 0
0.382953 -0.700611 0.361001 0 255 0
0.378700 -0.710733 0.368238 0 255 0
0.362101 -0.708979 0.362456 0 255 0
0.400857 -0.762490 0.370895 0 255 0
0.382187 -0.716597 0.354831 0 255 0
0.373109 -0.715944 0.367767 0 255 0
0.375759 -0.710559 0.373685 0 255 0
0.360867 -0.702101 0.367364 0 255 0
0.367131 -0.700607 0.354231 0 255 0
0.384518 -0.805906 0.373471 0 255 0
0.388043 -0.805476 0.372668 0 255 0
0.364059 -0.689095 0.366172 0 255 0
0.364426 -0.667092 0.349429 0 255 0
0.351165 -0.685174 0.366341 0 255 0
0.364944 -0.700803 0.363647 0 255 0
0.367003 -0.721728 0.368633 0 255 0
0.360134 -0.734816 0.356411 0 255 0
0.374271 -0.731833 0.368451 0 255 0
0.354874 -0.744891 0.379805 0 255 0
0.392370 -0.767302 0.369372 0 255 0
0.399862 -0.817123 0.354104 0 255 0
0.398211 -0.815427 0.375721 0 255 0
0.397074 -0.804968 0.374270 0 255 0
0.402301 -0.822583 0.378475 0 255 0
0.403023 -0.804364 0.378543 0 255 0
0.394235 -0.816461 0.372552 0 255 0
0.359630 -0.732247 0.370119 0 255 0
0.394957 -0.780658 0.390047 0 255 0
0.369504 -0.725174 0.365707 0 255 0
0.351576 -0.752926 0.381984 0 255 0
0.344400 -0.755924 0.356899 0 255 0
0.338233 -0.720057 0.385655 0 255 0
0.339798 -0.735764 0.409598 0 255 0
0.333853 -0.706113 0.384829 0 255 0
0.313552 -0.711728 0.379709 0 255 0
0.328761 -0.697731 0.384420 0 255 0
0.348800 -0.731621 0.388940 0 255 0
0.391466 -0.824576 0.387027 0 255 0
0.393984 -0.817141 0.392335 0 255 0
0.339017 -0.704899 0.376090 0 255 0
0.344659 -0.695548 0.375246 0 255 0
0.351701 -0.751668 0.414370 0 255 0
0.369425 -0.721364 0.407748 0 255 0
0.383340 -0.723593 0.400590 0 255 0
0.413278 -0.715422 0.399893 0 255 0
0.393322 -0.714670 0.404191 0 255 0
0.344062 -0.680219 0.374140 0 255 0
0.347676 -0.670266 0.409641 0 255 0
0.347128 -0.664442 0.405487 0 255 0
0.346034 -0.671948 0.366223 0 255 0
0.384352 -0.810166 0.381736 0 255 0
0.410669 -0.774293 0.382205 0 255 0
0.401324 -0.762395 0.364603 0 255 0
0.333448 -0.751651 0.416468 0 255 0
0.351226 -0.754228 0.406071 0 255 0
0.330576 -0.762803 0.405557 0 255 0
0.319563 -0.751585 0.409490 0 255 0
0.329391 -0.752147 0.410594 0 255 0
0.328476 -0.750618 0.405538 0 255 0
0.378296 -0.714665 0.403952 0 255 0
0.375316 -0.730378 0.399256 0 255 0
0.402242 -0.704388 0.382345 0 255 0
0.402109 -0.698951 0.408275 0 255 0
0.370477 -0.789119 0.385688 0 255 0
0.372054 -0.791798 0.377594 0 255 0
0.372729 -0.787722 0.379662 0 255 0
0.386915 -0.792570 0.382970 0 255 0
0.393597 -0.783591 0.385269 0 255 0
0.371399 -0.779939 0.376948 0 255 0
0.359728 -0.715959 0.414120 0 255 0
0.355402 -0.736576 0.410353 0 255 0
0.351700 -0.760673 0.407928 0 255 0
0.350948 -0.755133 0.415722 0 255 0
0.396205 -0.761243 0.394305 0 255 0
0.412629 -0.778523 0.363678 0 255 0
0.396307 -0.775861 0.369811 0 255 0
0.406514 -0.761233 0.380506 0 255 0
0.388313 -0.826812 0.375960 0 255 0
0.388333 -0.825730 0.376828 0 255 0
0.378017 -0.785534 0.375058 0 255 0
0.409883 -0.753024 0.399537 0 255 0
0.407525 -0.767094 0.374175 0 255 0
0.408575 -0.772918 0.366465 0 255 0
0.427414 -0.732928 0.390689 0 255 0
0.360534 -0.696544 0.377086 0 255 0
0.397593 -0.815236 0.385524 0 255 0
0.382524 -0.806878 0.397002 0 255 0
0.397171 -0.823807 0.372314 0 255 0
0.394092 -0.813781 0.378881 0 255 0
0.398152 -0.695343 0.393184 0 255 0
0.383436 -0.728152 0.384113 0 255 0
0.362029 -0.663285 0.401743 0 255 0
0.338436 -0.752911 0.395868 0 255 0
0.334397 -0.764339 0.400037 0 255 0
0.388010 -0.784155 0.402317 0 255 0
0.420422 -0.744983 0.377779 0 255 0
0.430280 -0.747735 0.361474 0 255 0
0.414407 -0.762906 0.370866 0 255 0
0.408529 -0.760552 0.365687 0 255 0
0.411865 -0.772580 0.376653 0 255 0
0.402942 -0.853521 0.356955 0 255 0
0.394794 -0.831187 0.372045 0 255 0
0.394003 -0.827708 0.379275 0 255 0
0.389844 -0.832741 0.379744 0 255 0
0.406184 -0.822885 0.366124 0 255 0
0.402947 -0.828793 0.373721 0 255 0
0.405740 -0.826179 0.390883 0 255 0
0.403057 -0.827002 0.382628 0 255 0
0.400262 -0.829993 0.367289 0 255 0
0.402419 -0.835371 0.371073 0 255 0
0.394947 -0.846062 0.360419 0 255 0
0.394186 -0.839359 0.374138 0 255 0
0.381741 -0.859823 0.369763 0 255 0
0.398309 -0.844601 0.372772 0 255 0
0.392716 -0.854553 0.393026 0 255 0
0.399006 -0.848323 0.375540 0 255 0
0.390148 -0.845572 0.365908 0 255 0
0.401116 -0.842902 0.370781 0 255 0
0.388907 -0.825689 0.367795 0 255 0
0.406527 -0.844973 0.370233 0 255 0
0.410772 -0.820430 0.352791 0 255 0
0.402008 -0.838398 0.371055 0 255 0
0.399206 -0.831949 0.373523 0 255 0
0.402333 -0.851082 0.374675 0 255 0
0.404777 -0.847477 0.374505 0 255 0
0.405272 -0.850236 0.370433 0 255 0
0.407563 -0.858966 0.362977 0 255 0
0.392497 -0.837584 0.379058 0 255 0
0.394511 -0.855853 0.384365 0 255 0
0.399493 -0.847499 0.378421 0 255 0
0.394729 -0.833773 0.375005 0 255 0
0.397516 -0.842074 0.381506 0 255 0
0.395786 -0.846643 0.388228 0 255 0
0.404543 -0.848418 0.379255 0 255 0
0.395859 -0.848704 0.378555 0 255 0
0.403780 -0.845255 0.381071 0 255 0
0.380322 -0.844466 0.372170 0 255 0
0.393430 -0.835728 0.382587 0 255 0
0.422609 -0.832111 0.382699 0 255 0
0.407389 -0.850175 0.375514 0 255 0
0.420483 -0.818628 0.373476 0 255 0
0.408718 -0.843618 0.371376 0 255 0
0.388465 -0.854380 0.387557 0 255 0
0.410064 -0.842918 0.373336 0 255 0
0.407007 -0.854685 0.357947 0 255 0
0.407751 -0.848094 0.369911 0 255 0
0.386912 -0.814330 0.390215 0 255 0
0.399048 -0.827577 0.385459 0 255 0
0.389454 -0.840462 0.387130 0 255 0
0.405009 -0.839307 0.382799 0 255 0
0.401113 -0.829531 0.384135 0 255 0
0.406489 -0.832502 0.376897 0 255 0
0.412780 -0.838835 0.372719 0 255 0
0.408062 -0.837707 0.379885 0 255 0
0.421151 -0.845832 0.370358 0 255 0
0.409423 -0.842614 0.378639 0 255 0
0.402066 -0.835094 0.379423 0 255 0
0.410152 -0.846084 0.376352 0 255 0
0.423434 -0.857439 0.370414 0 255 0
0.407728 -0.848271 0.377624 0 255 0
0.413654 -0.850727 0.391051 0 255 0
0.407546 -0.846381 0.379069 0 255 0
0.415985 -0.815391 0.388158 0 255 0
0.421662 -0.808234 0.379477 0 255 0
0.422330 -0.790030 0.398086 0 255 0
0.413221 -0.804742 0.380045 0 255 0
0.407246 -0.816429 0.357653 0 255 0
0.411871 -0.812287 0.374001 0 255 0
0.384888 -0.817905 0.366942 0 255 0
0.408433 -0.805614 0.369228 0 255 0
0.430451 -0.801875 0.359470 0 255 0
0.412424 -0.802528 0.366006 0 255 0
0.415106 -0.829150 0.358577 0 255 0
0.403812 -0.800638 0.375481 0 255 0
0.389807 -0.806187 0.380756 0 255 0
0.397292 -0.788192 0.373567 0 255 0
0.398813 -0.773757 0.367723 0 255 0
0.413330 -0.781048 0.380700 0 255 0
0.406590 -0.799940 0.377727 0 255 0
0.410118 -0.806365 0.378004 0 255 0
0.415658 -0.798784 0.372072 0 255 0
0.417155 -0.793818 0.380995 0 255 0
0.409356 -0.792462 0.386937 0 255 0
0.423047 -0.799339 0.375305 0 255 0
0.403481 -0.785493 0.392041 0 255 0
0.406322 -0.783643 0.387126 0 255 0
0.391446 -0.787095 0.367165 0 255 0
0.418510 -0.792160 0.372065 0 255 0
0.412641 -0.793956 0.358370 0 255 0
0.407890 -0.782053 0.369889 0 255 0
0.416940 -0.777996 0.362568 0 255 0
0.405787 -0.799954 0.379567 0 255 0
0.420726 -0.792796 0.378165 0 255 0
0.408812 -0.798286 0.382267 0 255 0
0.430224 -0.787486 0.369141 0 255 0
0.418759 -0.799778 0.367192 0 255 0
0.425462 -0.814307 0.366412 0 255 0
0.425429 -0.804844 0.369861 0 255 0
0.439722 -0.797017 0.365055 0 255 0
0.431361 -0.812974 0.371841 0 255 0
0.412346 -0.790567 0.362781 0 255 0
0.421697 -0.805591 0.366440 0 255 0
0.424213 -0.822268 0.367063 0 255 0
0.427468 -0.816567 0.377790 0 255 0
0.431223 -0.821716 0.388157 0 255 0
0.401360 -0.784820 0.368629 0 255 0
0.419562 -0.825080 0.379871 0 255 0
0.417630 -0.820224 0.373177 0 255 0
0.436760 -0.813655 0.384691 0 255 0
0.430734 -0.814175 0.376082 0 255 0
0.413137 -0.816265 0.348853 0 255 0
0.420436 -0.815838 0.364967 0 255 0
0.421430 -0.823507 0.357321 0 255 0
0.424893 -0.822234 0.364284 0 255 0
0.441891 -0.820947 0.375630 0 255 0
0.421720 -0.825851 0.372069 0 255 0
0.449146 -0.814592 0.369729 0 255 0
0.432916 -0.818786 0.366855 0 255 0
0.411772 -0.817877 0.358220 0 255 0
0.433580 -0.819013 0.374570 0 255 0
0.434287 -0.829483 0.362220 0 255 0
0.434203 -0.826120 0.363070 0 255 0
0.413505 -0.838389 0.386774 0 255 0
0.429492 -0.836229 0.366194 0 255 0
0.422943 -0.834100 0.353926 0 255 0
0.433986 -0.839879 0.362782 0 255 0
0.441176 -0.831581 0.366596 0 255 0
0.429787 -0.832630 0.363798 0 255 0
0.425840 -0.839148 0.364651 0 255 0
0.434189 -0.834089 0.361485 0 255 0
0.413728 -0.813763 0.350006 0 255 0
0.440018 -0.835796 0.360801 0 255 0
0.438529 -0.833605 0.349716 0 255 0
0.434505 -0.829424 0.362472 0 255 0
0.445687 -0.829111 0.340228 0 255 0
0.437264 -0.843060 0.364165 0 255 0
0.429991 -0.837016 0.362820 0 255 0
0.425153 -0.830635 0.370689 0 255 0
0.433586 -0.841763 0.374977 0 255 0
0.433855 -0.839919 0.368572 0 255 0
0.440668 -0.850961 0.360196 0 255 0
0.431060 -0.834954 0.372606 0 255 0
0.434059 -0.846992 0.365967 0 255 0
0.439297 -0.840772 0.368835 0 255 0
0.430950 -0.824819 0.369401 0 255 0
0.437987 -0.837689 0.371961 0 255 0
0.420199 -0.819879 0.365700 0 255 0
0.426434 -0.829185 0.374004 0 255 0
0.438109 -0.837664 0.379945 0 255 0
0.441295 -0.842940 0.361745 0 255 0
0.444381 -0.846317 0.369572 0 255 0
0.439441 -0.842424 0.359104 0 255 0
0.435618 -0.842268 0.359291 0 255 0
0.441645 -0.834828 0.362422 0 255 0
0.457878 -0.831060 0.339890 0 255 0
0.443182 -0.834135 0.363697 0 255 0
0.424967 -0.836418 0.341109 0 255 0
0.441784 -0.839163 0.359671 0 255 0
0.427152 -0.839726 0.371211 0 255 0
0.430423 -0.821012 0.376632 0 255 0
0.433103 -0.830857 0.388332 0 255 0
0.438153 -0.831068 0.374339 0 255 0
0.429196 -0.839886 0.386061 0 255 0
0.437387 -0.823303 0.369189 0 255 0
0.425447 -0.825514 0.362714 0 255 0
0.440656 -0.829118 0.371557 0 255 0
0.446321 -0.834577 0.360551 0 255 0
0.443032 -0.834002 0.369560 0 255 0
0.444273 -0.830212 0.368301 0 255 0
0.444200 -0.837702 0.366094 0 255 0
0.451143 -0.847607 0.372131 0 255 0
0.442291 -0.840272 0.367262 0 255 0
0.447479 -0.831651 0.371767 0 255 0
0.441987 -0.838420 0.369267 0 255 0
0.460033 -0.787785 0.368698 0 255 0
0.437020 -0.788091 0.380170 0 255 0
0.439818 -0.774990 0.376600 0 255 0
0.429631 -0.786761 0.378741 0 255 0
0.429216 -0.798267 0.373760 0 255 0
0.430433 -0.792120 0.370736 0 255 0
0.426212 -0.797224 0.377577 0 255 0
0.426055 -0.785987 0.368576 0 255 0
0.436173 -0.766022 0.356588 0 255 0
0.429252 -0.782282 0.367336 0 255 0
0.422456 -0.788614 0.376003 0 255 0
0.421820 -0.783746 0.373136 0 255 0
0.420013 -0.778034 0.357795 0 255 0
0.415335 -0.773994 0.371359 0 255 0
0.429061 -0.804552 0.365485 0 255 0
0.427354 -0.788194 0.375298 0 255 0
0.419844 -0.771935 0.369228 0 255 0
0.432163 -0.775685 0.382570 0 255 0
0.430016 -0.772707 0.395947 0 255 0
0.437551 -0.779232 0.378359 0 255 0
0.408881 -0.781373 0.386354 0 255 0
0.421838 -0.769611 0.386195 0 255 0
0.421729 -0.767904 0.387984 0 255 0
0.433294 -0.773199 0.375649 0 255 0
0.434132 -0.755406 0.364552 0 255 0
0.423868 -0.765494 0.373302 0 255 0
0.424259 -0.770238 0.389187 0 255 0
0.423397 -0.783973 0.377032 0 255 0
0.444340 -0.783279 0.381786 0 255 0
0.425629 -0.782158 0.380667 0 255 0
0.433253 -0.777828 0.357628 0 255 0
0.434028 -0.779068 0.369549 0 255 0
0.451805 -0.798164 0.362394 0 255 0
0.440902 -0.783255 0.372965 0 255 0
0.440619 -0.789637 0.388402 0 255 0
0.447842 -0.791332 0.374737 0 255 0
0.432631 -0.779859 0.359508 0 255 0
0.438175 -0.784507 0.368422 0 255 0
0.439533 -0.816465 0.365985 0 255 0
0.443242 -0.795035 0.378557 0 255 0
0.437075 -0.797551 0.352411 0 255 0
0.418943 -0.769150 0.369833 0 255 0
0.415356 -0.760994 0.384638 0 255 0
0.437472 -0.798007 0.367248 0 255 0
0.442206 -0.802476 0.364959 0 255 0
0.440312 -0.785160 0.379910 0 255 0
0.450749 -0.789901 0.378791 0 255 0
0.444164 -0.792367 0.366884 0 255 0
0.426905 -0.801762 0.367266 0 255 0
0.448337 -0.797477 0.365815 0 255 0
0.468163 -0.797525 0.354801 0 255 0
0.441882 -0.803303 0.366219 0 255 0
0.438268 -0.807733 0.375806 0 255 0
0.442085 -0.803287 0.372795 0 255 0
0.440831 -0.807936 0.353954 0 255 0
0.451406 -0.796423 0.372980 0 255 0
0.445887 -0.814854 0.389389 0 255 0
0.454137 -0.800128 0.368597 0 255 0
0.453771 -0.790955 0.366913 0 255 0
0.452635 -0.816590 0.365174 0 255 0
0.456267 -0.810777 0.368142 0 255 0
0.450936 -0.812091 0.364639 0 255 0
0.460414 -0.821120 0.375210 0 255 0
0.446161 -0.808158 0.365350 0 255 0
0.455561 -0.800499 0.376291 0 255 0
0.450335 -0.806894 0.363757 0 255 0
0.478110 -0.805046 0.353944 0 255 0
0.455361 -0.807154 0.364256 0 255 0
0.460992 -0.792692 0.359763 0 255 0
0.455764 -0.813346 0.362000 0 255 0
0.444718 -0.791689 0.377759 0 255 0
0.455619 -0.817588 0.362693 0 255 0
0.476772 -0.808769 0.335599 0 255 0
0.447925 -0.804296 0.364134 0 255 0
0.463281 -0.820424 0.350860 0 255 0
0.448661 -0.812943 0.368602 0 255 0
0.456252 -0.810711 0.365167 0 255 0
0.456148 -0.818134 0.367041 0 255 0
0.438649 -0.830091 0.380556 0 255 0
0.453273 -0.815431 0.370715 0 255 0
0.462115 -0.817075 0.352117 0 255 0
0.450973 -0.809791 0.374161 0 255 0
0.444998 -0.816122 0.373508 0 255 0
0.446852 -0.804933 0.374979 0 255 0
0.452631 -0.795006 0.365811 0 255 0
0.456571 -0.815096 0.371221 0 255 0
0.466499 -0.806237 0.335339 0 255 0
0.459813 -0.816524 0.366451 0 255 0
0.455563 -0.805219 0.363794 0 255 0
0.456493 -0.805393 0.365665 0 255 0
0.469156 -0.796825 0.371742 0 255 0
0.457434 -0.804364 0.368133 0 255 0
0.466981 -0.823039 0.340109 0 255 0
0.460691 -0.812913 0.364004 0 255 0
0.466643 -0.804716 0.360514 0 255 0
0.443700 -0.801581 0.375722 0 255 0
0.441703 -0.794188 0.393196 0 255 0
0.449437 -0.802375 0.376214 0 255 0
0.451664 -0.796861 0.374672 0 255 0
0.452497 -0.800180 0.375580 0 255 0
0.465866 -0.811543 0.372969 0 255 0
0.457496 -0.804265 0.371081 0 255 0
0.457719 -0.824751 0.370770 0 255 0
0.460168 -0.808535 0.369791 0 255 0
0.464951 -0.808117 0.366323 0 255 0
0.457010 -0.811543 0.373247 0 255 0
0.450445 -0.818787 0.378882 0 255 0
0.461251 -0.812499 0.366454 0 255 0
0.458189 -0.797126 0.352611 0 255 0
0.460088 -0.811831 0.370888 0 255 0
0.460575 -0.830861 0.359898 0 255 0
0.424822 -0.766425 0.385856 0 255 0
0.445148 -0.752844 0.386746 0 255 0
0.447365 -0.756436 0.383651 0 255 0
0.451025 -0.743628 0.398545 0 255 0
0.441783 -0.756569 0.382503 0 255 0
0.449309 -0.748114 0.360380 0 255 0
0.444181 -0.760683 0.374910 0 255 0
0.425214 -0.753552 0.394857 0 255 0
0.440690 -0.755774 0.372657 0 255 0
0.458921 -0.755459 0.380698 0 255 0
0.443545 -0.751266 0.372688 0 255 0
0.438287 -0.763775 0.374267 0 255 0
0.434759 -0.755755 0.377233 0 255 0
0.442609 -0.763769 0.372682 0 255 0
0.426916 -0.748273 0.376311 0 255 0
0.433909 -0.749651 0.393849 0 255 0
0.428440 -0.739643 0.392508 0 255 0
0.442195 -0.724700 0.389462 0 255 0
0.435571 -0.740415 0.388701 0 255 0
0.444001 -0.764031 0.374909 0 255 0
0.440378 -0.758262 0.379407 0 255 0
0.438227 -0.748666 0.389435 0 255 0
0.441284 -0.748900 0.386823 0 255 0
0.435858 -0.756564 0.384130 0 255 0
0.447086 -0.748572 0.383968 0 255 0
0.432864 -0.756132 0.411669 0 255 0
0.424495 -0.748082 0.391699 0 255 0
0.417193 -0.753498 0.403836 0 255 0
0.431831 -0.747115 0.389660 0 255 0
0.410611 -0.757713 0.380499 0 255 0
0.443280 -0.743904 0.382435 0 255 0
0.457068 -0.735987 0.386222 0 255 0
0.434004 -0.738450 0.380253 0 255 0
0.441452 -0.731985 0.390885 0 255 0
0.435936 -0.755730 0.381119 0 255 0
0.437046 -0.760087 0.407179 0 255 0
0.437296 -0.754459 0.384180 0 255 0
0.447955 -0.751775 0.359524 0 255 0
0.446445 -0.748029 0.376294 0 255 0
0.459083 -0.750862 0.379605 0 255 0
0.451737 -0.749414 0.380079 0 255 0
0.444820 -0.751830 0.373544 0 255 0
0.456846 -0.753904 0.382171 0 255 0
0.452985 -0.738286 0.375989 0 255 0
0.450597 -0.750712 0.375782 0 255 0
0.435693 -0.755685 0.374690 0 255 0
0.452623 -0.759886 0.382771 0 255 0
0.440320 -0.762568 0.367274 0 255 0
0.429786 -0.742699 0.375046 0 255 0
0.445510 -0.756942 0.372339 0 255 0
0.449938 -0.764281 0.374385 0 255 0
0.434591 -0.758100 0.386247 0 255 0
0.454923 -0.756561 0.383251 0 255 0
0.437387 -0.750898 0.385917 0 255 0
0.453348 -0.758200 0.372013 0 255 0
0.473265 -0.753529 0.375700 0 255 0
0.457751 -0.761268 0.371239 0 255 0
0.456591 -0.757259 0.381341 0 255 0
0.453790 -0.767107 0.373781 0 255 0
0.448838 -0.762024 0.380863 0 255 0
0.461666 -0.756442 0.378281 0 255 0
0.442013 -0.749465 0.370834 0 255 0
0.458423 -0.759181 0.381983 0 255 0
0.484301 -0.761186 0.372905 0 255 0
0.464240 -0.761579 0.373310 0 255 0
0.476545 -0.766477 0.374218 0 255 0
0.462198 -0.772300 0.371632 0 255 0
0.475701 -0.787627 0.373016 0 255 0
0.466002 -0.773463 0.370269 0 255 0
0.475092 -0.774632 0.365975 0 255 0
0.461561 -0.768432 0.370766 0 255 0
0.447927 -0.751446 0.379619 0 255 0
0.465192 -0.768256 0.370103 0 255 0
0.438005 -0.764743 0.366055 0 255 0
0.470099 -0.768183 0.371429 0 255 0
0.479839 -0.785646 0.364252 0 255 0
0.464899 -0.764104 0.371649 0 255 0
0.472177 -0.790117 0.363835 0 255 0
0.468459 -0.775912 0.370848 0 255 0
0.454030 -0.754438 0.379369 0 255 0
0.457398 -0.769462 0.373404 0 255 0
0.470816 -0.769614 0.368390 0 255 0
0.465306 -0.775596 0.373055 0 255 0
0.462567 -0.776580 0.372034 0 255 0
0.460967 -0.772060 0.375572 0 255 0
0.465187 -0.772514 0.380199 0 255 0
0.468600 -0.775182 0.375000 0 255 0
0.471491 -0.775538 0.379549 0 255 0
0.465599 -0.773068 0.377036 0 255 0
0.455586 -0.772897 0.362635 0 255 0
0.456897 -0.768678 0.376077 0 255 0
0.470130 -0.754664 0.369289 0 255 0
0.471489 -0.773869 0.371036 0 255 0
0.472044 -0.767586 0.370082 0 255 0
0.470398 -0.772673 0.368988 0 255 0
0.465037 -0.739622 0.374755 0 255 0
0.471306 -0.767429 0.373391 0 255 0
0.462663 -0.772700 0.374947 0 255 0
0.471275 -0.767350 0.375732 0 255 0
0.453518 -0.766841 0.371286 0 255 0
0.471731 -0.770188 0.370636 0 255 0
0.451806 -0.757739 0.376087 0 255 0
0.456080 -0.762072 0.381600 0 255 0
0.446201 -0.758858 0.388795 0 255 0
0.462865 -0.767634 0.379784 0 255 0
0.462691 -0.781307 0.368681 0 255 0
0.463597 -0.759975 0.380000 0 255 0
0.480746 -0.772594 0.369046 0 255 0
0.465317 -0.765319 0.380284 0 255 0
0.473147 -0.771351 0.372873 0 255 0
0.468756 -0.769281 0.378694 0 255 0
0.478090 -0.771750 0.375201 0 255 0
0.471291 -0.771566 0.376216 0 255 0
0.478417 -0.777797 0.382030 0 255 0
0.470520 -0.773887 0.375382 0 255 0
0.451031 -0.759080 0.363563 0 255 0
0.469246 -0.773124 0.376817 0 255 0
0.431459 -0.731707 0.390157 0 255 0
0.339272 -0.775435 0.400568 0 255 0
0.349169 -0.779006 0.397782 0 255 0
0.343810 -0.771712 0.416428 0 255 0
0.345105 -0.773574 0.418230 0 255 0
0.338016 -0.770210 0.418065 0 255 0
0.341082 -0.780982 0.394280 0 255 0
0.333107 -0.770508 0.416414 0 255 0
0.334860 -0.774209 0.422377 0 255 0
0.333751 -0.774580 0.402325 0 255 0
0.338343 -0.760387 0.408215 0 255 0
0.332737 -0.783885 0.403419 0 255 0
0.313757 -0.777769 0.414126 0 255 0
0.329023 -0.780616 0.414881 0 255 0
0.336310 -0.764945 0.397055 0 255 0
0.337489 -0.777232 0.419467 0 255 0
0.320845 -0.787725 0.403378 0 255 0
0.343245 -0.782616 0.402917 0 255 0
0.352344 -0.775546 0.394411 0 255 0
0.337384 -0.791876 0.402617 0 255 0
0.341567 -0.785253 0.410002 0 255 0
0.328106 -0.801183 0.419004 0 255 0
0.326689 -0.819172 0.421591 0 255 0
0.327233 -0.797886 0.415069 0 255 0
0.327503 -0.822261 0.414581 0 255 0
0.328690 -0.791005 0.416057 0 255 0
0.320278 -0.800785 0.406018 0 255 0
0.328107 -0.796939 0.409962 0 255 0
0.316855 -0.794621 0.412580 0 255 0
0.329411 -0.798394 0.406653 0 255 0
0.347562 -0.798516 0.400762 0 255 0
0.324854 -0.803437 0.410827 0 255 0
0.308691 -0.814722 0.409862 0 255 0
0.324931 -0.806998 0.411959 0 255 0
0.342319 -0.809951 0.407603 0 255 0
0.328801 -0.792689 0.409875 0 255 0
0.319877 -0.791691 0.438222 0 255 0
0.331541 -0.794157 0.420734 0 255 0
0.331180 -0.800284 0.407047 0 255 0
0.331494 -0.805931 0.419101 0 255 0
0.358075 -0.795707 0.431464 0 255 0
0.336111 -0.800341 0.420550 0 255 0
0.350058 -0.821725 0.424873 0 255 0
0.341292 -0.792923 0.419220 0 255 0
0.328404 -0.795299 0.412746 0 255 0
0.342244 -0.783318 0.418818 0 255 0
0.332940 -0.793113 0.418492 0 255 0
0.337771 -0.803451 0.417257 0 255 0
0.331718 -0.798138 0.418621 0 255 0
0.332377 -0.808398 0.414597 0 255 0
0.357077 -0.776332 0.383031 0 255 0
0.327987 -0.804677 0.406587 0 255 0
0.321446 -0.801181 0.395487 0 255 0
0.336921 -0.799569 0.403652 0 255 0
0.350482 -0.807362 0.410109 0 255 0
0.330204 -0.808429 0.408332 0 255 0
0.311600 -0.812425 0.412012 0 255 0
0.342559 -0.777319 0.417674 0 255 0
0.339527 -0.776872 0.406133 0 255 0
0.345423 -0.784710 0.413666 0 255 0
0.342967 -0.788181 0.420278 0 255 0
0.345716 -0.786956 0.407824 0 255 0
0.363499 -0.781360 0.383960 0 255 0
0.341472 -0.798087 0.405427 0 255 0
0.341143 -0.801612 0.409924 0 255 0
0.339261 -0.803796 0.408148 0 255 0
0.332005 -0.806316 0.406146 0 255 0
0.340760 -0.800743 0.414712 0 255 0
0.345577 -0.785472 0.409807 0 255 0
0.334091 -0.807927 0.409829 0 255 0
0.330448 -0.818905 0.422170 0 255 0
0.338874 -0.804671 0.412441 0 255 0
0.351887 -0.798924 0.406567 0 255 0
0.425207 -0.735665 0.394922 0 255 0
0.417989 -0.744970 0.399929 0 255 0
0.417791 -0.734678 0.397992 0 255 0
0.411013 -0.734336 0.394118 0 255 0
0.412892 -0.717489 0.398519 0 255 0
0.400317 -0.741320 0.388596 0 255 0
0.413128 -0.738728 0.397781 0 255 0
0.411122 -0.748327 0.401038 0 255 0
0.399604 -0.729375 0.400273 0 255 0
0.038108 -0.466232 0.447217 0 255 0
0.037422 -0.466082 0.460352 0 255 0
0.031079 -0.443254 0.456721 0 255 0
0.036043 -0.458427 0.456006 0 255 0
0.022959 -0.456786 0.463771 0 255 0
0.034906 -0.459119 0.462240 0 255 0
0.046463 -0.476684 0.469569 0 255 0
0.031109 -0.468587 0.467599 0 255 0
0.025869 -0.479202 0.473940 0 255 0
0.022193 -0.464631 0.473658 0 255 0
0.010497 -0.453222 0.477513 0 255 0
0.024356 -0.463254 0.472171 0 255 0
0.035977 -0.465744 0.456831 0 255 0
0.036521 -0.460128 0.451718 0 255 0
0.032649 -0.464903 0.454355 0 255 0
0.037583 -0.463123 0.454741 0 255 0
0.038077 -0.463016 0.458373 0 255 0
0.036014 -0.458561 0.453534 0 255 0
0.039159 -0.451141 0.461184 0 255 0
0.026778 -0.467894 0.470086 0 255 0
0.013280 -0.474367 0.484343 0 255 0
0.035375 -0.461367 0.461621 0 255 0
0.033216 -0.476320 0.468487 0 255 0
0.031043 -0.466079 0.467607 0 255 0
0.019986 -0.480123 0.464473 0 255 0
0.028147 -0.464004 0.470023 0 255 0
0.034690 -0.452937 0.474064 0 255 0
0.030856 -0.463504 0.467774 0 255 0
0.047943 -0.458327 0.479179 0 255 0
0.027833 -0.466035 0.469916 0 255 0
0.050708 -0.465475 0.478932 0 255 0
0.036380 -0.460103 0.452789 0 255 0
0.020920 -0.458290 0.456814 0 255 0
-0.056071 -0.254476 0.540757 0 255 0
-0.051925 -0.250234 0.552524 0 255 0
0.036727 -0.462466 0.458065 0 255 0
0.029054 -0.453566 0.455328 0 255 0
0.036295 -0.460026 0.456099 0 255 0
0.045180 -0.464006 0.463608 0 255 0
0.036615 -0.460740 0.453778 0 255 0
0.123516 -0.377234 0.454027 0 255 0
0.114447 -0.383259 0.441723 0 255 0
0.140426 -0.364285 0.418293 0 255 0
0.142040 -0.353676 0.390955 0 255 0
-0.004995 0.031383 0.634255 0 255 0
-0.015117 -0.009472 0.414880 0 255 0
0.005936 -0.018370 0.423091 0 255 0
-0.059600 0.000996 0.417585 0 255 0
-0.039462 -0.009563 0.411680 0 255 0
0.053332 -0.000823 0.526868 0 255 0
0.034603 0.000167 0.526743 0 255 0
0.021127 0.004080 0.586045 0 255 0
0.010656 -0.011227 0.583937 0 255 0
0.048979 0.019480 0.549812 0 255 0
-0.043974 0.005973 0.413821 0 255 0
-0.016337 0.014060 0.417739 0 255 0
-0.036080 0.040090 0.417193 0 255 0
-0.044179 -0.035331 0.409152 0 255 0
-0.066482 -0.016375 0.428696 0 255 0
-0.065567 -0.031678 0.413831 0 255 0
0.070399 -0.044092 0.502060 0 255 0
0.022927 -0.019718 0.433998 0 255 0
0.027291 -0.048837 0.436238 0 255 0
0.001478 -0.041740 0.418061 0 255 0
-0.004044 -0.041867 0.415009 0 255 0
-0.018264 -0.042796 0.411718 0 255 0
0.002011 -0.053508 0.605038 0 255 0
-0.013215 -0.061327 0.610053 0 255 0
0.049985 -0.042877 0.535179 0 255 0
-0.048203 -0.042396 0.632554 0 255 0
-0.041200 -0.073399 0.404862 0 255 0
-0.059292 -0.071980 0.404379 0 255 0
0.035634 -0.037323 0.470469 0 255 0
-0.040558 -0.209102 0.586525 0 255 0
-0.027360 -0.211693 0.585037 0 255 0
-0.025887 -0.199008 0.596219 0 255 0
-0.043710 -0.177956 0.594044 0 255 0
-0.011657 -0.200777 0.592081 0 255 0
-0.002157 -0.190701 0.574803 0 255 0
0.014010 -0.201654 0.580400 0 255 0
0.045821 -0.208748 0.564232 0 255 0
0.033981 -0.199921 0.566564 0 255 0
0.044982 -0.196815 0.538933 0 255 0
0.046762 -0.196436 0.552836 0 255 0
0.040073 -0.173693 0.542990 0 255 0
0.059052 -0.164921 0.531762 0 255 0
0.048663 -0.182207 0.512819 0 255 0
0.062141 -0.150832 0.520944 0 255 0
0.048302 -0.157248 0.536087 0 255 0
0.057221 -0.163329 0.551884 0 255 0
0.061771 -0.166523 0.566342 0 255 0
-0.054239 -0.131699 0.623770 0 255 0
-0.043097 -0.151438 0.628952 0 255 0
-0.057003 -0.267570 0.530047 0 255 0
0.295723 -0.534440 0.407361 0 255 0
0.303122 -0.649363 0.391847 0 255 0
-0.088138 -0.255804 0.389434 0 255 0
-0.065859 -0.252629 0.386163 0 255 0
-0.022246 -0.272263 0.394856 0 255 0
-0.006530 -0.284122 0.391379 0 255 0
-0.035757 -0.252981 0.395707 0 255 0
-0.050906 -0.250106 0.384084 0 255 0
0.019871 -0.058449 0.558867 0 255 0
-0.063202 -0.221281 0.385549 0 255 0
-0.033118 -0.241175 0.388539 0 255 0
-0.033584 -0.247790 0.382086 0 255 0
-0.029662 -0.266339 0.376301 0 255 0
0.000250 -0.275700 0.387829 0 255 0
0.024035 -0.278651 0.401991 0 255 0
0.029518 -0.264359 0.383375 0 255 0
0.036639 -0.273744 0.387896 0 255 0
0.050396 -0.272007 0.386235 0 255 0
0.056881 -0.290927 0.401601 0 255 0
0.038595 -0.282553 0.391599 0 255 0
0.127892 -0.339155 0.365882 0 255 0
0.137810 -0.330327 0.391930 0 255 0
0.156761 -0.337647 0.416292 0 255 0
0.161860 -0.327059 0.403672 0 255 0
0.165801 -0.323653 0.392500 0 255 0
0.167441 -0.308585 0.423165 0 255 0
0.185450 -0.293953 0.424617 0 255 0
0.127778 -0.250742 0.443548 0 255 0
0.105935 -0.246684 0.439319 0 255 0
0.077767 -0.186433 0.433065 0 255 0
0.075878 -0.181561 0.420805 0 255 0
0.055713 -0.131934 0.419273 0 255 0
0.047823 -0.106062 0.410958 0 255 0
0.028435 -0.097479 0.415953 0 255 0
0.020351 0.117671 0.409376 0 255 0
0.034632 0.112385 0.409772 0 255 0
0.013638 0.077290 0.418674 0 255 0
0.009367 0.096503 0.408531 0 255 0
-0.045687 0.073019 0.414169 0 255 0
-0.067733 0.043233 0.424120 0 255 0
0.079067 0.098859 0.450400 0 255 0
0.072421 0.091028 0.462757 0 255 0
0.044561 0.091422 0.411021 0 255 0
0.032480 0.080814 0.425381 0 255 0
0.086061 0.105402 0.516698 0 255 0
0.038270 0.123526 0.593528 0 255 0
0.034275 0.133548 0.606152 0 255 0
-0.017501 0.138508 0.636178 0 255 0
-0.028102 0.150864 0.639570 0 255 0
0.078408 0.104351 0.533666 0 255 0
0.014267 0.148583 0.632116 0 255 0
0.068480 0.110755 0.554862 0 255 0
0.063951 0.117526 0.566799 0 255 0
-0.028242 0.073955 0.412747 0 255 0
-0.019598 0.074285 0.412309 0 255 0
-0.005654 0.076784 0.414657 0 255 0
-0.067965 -0.141969 0.386399 0 255 0
-0.036597 -0.142452 0.381552 0 255 0
-0.012928 -0.157149 0.397730 0 255 0
-0.002371 -0.168545 0.378062 0 255 0
0.001097 -0.147601 0.380616 0 255 0
0.020283 -0.165117 0.385039 0 255 0
0.021417 -0.158158 0.387012 0 255 0
0.034627 -0.197122 0.395892 0 255 0
0.033829 -0.184506 0.385527 0 255 0
0.047692 -0.197998 0.403707 0 255 0
0.042273 -0.212547 0.396462 0 255 0
0.056466 -0.205669 0.406613 0 255 0
0.057459 -0.207053 0.417665 0 255 0
0.085483 -0.224529 0.415695 0 255 0
0.101209 -0.236291 0.416263 0 255 0
0.091242 -0.246901 0.400465 0 255 0
0.068538 -0.248275 0.413153 0 255 0
0.030029 -0.208435 0.392073 0 255 0
0.005282 -0.200663 0.359042 0 255 0
-0.057846 -0.166184 0.386155 0 255 0
-0.093357 -0.170235 0.369661 0 255 0
0.063489 -0.145051 0.506245 0 255 0
0.064595 -0.150900 0.486324 0 255 0
0.070527 -0.135036 0.477047 0 255 0
0.082483 -0.154392 0.469350 0 255 0
0.071294 -0.136130 0.447683 0 255 0
0.048541 -0.124292 0.431860 0 255 0
0.067064 -0.160245 0.425763 0 255 0
0.068499 -0.157144 0.414531 0 255 0
0.061334 -0.166595 0.416992 0 255 0
0.040743 -0.171025 0.420956 0 255 0
0.049697 -0.161133 0.403683 0 255 0
0.029301 -0.169851 0.371346 0 255 0
0.032323 -0.177025 0.390571 0 255 0
0.013909 -0.177365 0.360733 0 255 0
0.003438 -0.191471 0.380312 0 255 0
-0.007482 -0.180816 0.379434 0 255 0
-0.027234 -0.191890 0.376688 0 255 0
-0.031873 -0.198843 0.378386 0 255 0
-0.022861 -0.176278 0.376847 0 255 0
-0.019884 -0.176526 0.371795 0 255 0
-0.029280 -0.291185 0.390585 0 255 0
-0.029648 -0.287319 0.384915 0 255 0
0.149901 -0.288823 0.421720 0 255 0
0.144086 -0.272737 0.419923 0 255 0
0.155216 -0.288942 0.428143 0 255 0
0.181073 -0.279718 0.425146 0 255 0
0.157144 -0.305693 0.413534 0 255 0
0.138388 -0.290184 0.411297 0 255 0
0.148427 -0.294266 0.414784 0 255 0
0.161576 -0.307987 0.405967 0 255 0
0.143661 -0.313392 0.399156 0 255 0
0.126708 -0.286421 0.391681 0 255 0
0.133718 -0.313187 0.393755 0 255 0
0.125541 -0.318727 0.393529 0 255 0
0.123296 -0.308718 0.390075 0 255 0
0.132338 -0.310438 0.402418 0 255 0
0.095173 -0.270354 0.390271 0 255 0
0.102145 -0.282167 0.379560 0 255 0
0.115734 -0.291598 0.391179 0 255 0
0.117955 -0.246805 0.409740 0 255 0
0.129075 -0.268077 0.418140 0 255 0
0.134252 -0.269009 0.418294 0 255 0
0.133888 -0.283914 0.409172 0 255 0
0.120684 -0.255028 0.411725 0 255 0
0.111933 -0.255720 0.410745 0 255 0
-0.039701 -0.157752 0.377261 0 255 0
-0.038472 -0.156886 0.378620 0 255 0
0.052554 -0.204338 0.411932 0 255 0
0.064843 -0.219381 0.402214 0 255 0
0.075151 -0.215737 0.391767 0 255 0
0.096138 -0.241544 0.408530 0 255 0
0.061689 -0.200975 0.422148 0 255 0
0.051255 -0.221546 0.393382 0 255 0
0.036682 -0.222847 0.400916 0 255 0
-0.039426 -0.171026 0.379638 0 255 0
-0.080778 -0.137180 0.392175 0 255 0
0.055638 -0.314718 0.462906 0 255 0
0.044006 -0.334586 0.421414 0 255 0
0.049802 -0.318133 0.417769 0 255 0
0.054321 -0.310499 0.406378 0 255 0
0.239531 -0.457839 0.453293 0 255 0
-0.076985 0.000263 0.439184 0 255 0
-0.064913 0.075634 0.416513 0 255 0
-0.058109 0.042793 0.420364 0 255 0
-0.074112 -0.074722 0.406188 0 255 0
-0.065163 -0.142963 0.404203 0 255 0
0.026729 -0.172967 0.601500 0 255 0
0.002477 -0.167417 0.604136 0 255 0
0.014980 -0.188206 0.595201 0 255 0
0.039467 -0.192694 0.577283 0 255 0
0.042794 -0.168130 0.586497 0 255 0
0.041239 -0.176981 0.596966 0 255 0
0.034877 -0.184706 0.581594 0 255 0
0.047563 -0.198645 0.578664 0 255 0
0.048780 -0.164512 0.578577 0 255 0
0.055993 -0.178840 0.570915 0 255 0
0.035252 -0.155325 0.603619 0 255 0
0.030881 -0.162691 0.592029 0 255 0
0.015630 -0.159539 0.615991 0 255 0
0.040698 -0.163077 0.595980 0 255 0
0.042223 -0.153307 0.595578 0 255 0
0.002475 -0.354977 0.513841 0 255 0
0.006473 -0.363074 0.509559 0 255 0
0.018173 -0.400166 0.514436 0 255 0
0.016706 -0.409148 0.514232 0 255 0
-0.050178 -0.283635 0.513847 0 255 0
-0.057749 -0.293269 0.503589 0 255 0
-0.055358 -0.173421 0.602506 0 255 0
-0.055638 -0.206736 0.591559 0 255 0
-0.058023 -0.206471 0.580649 0 255 0
-0.054264 -0.226805 0.564170 0 255 0
-0.048020 -0.264285 0.530528 0 255 0
-0.056040 -0.191691 0.603231 0 255 0
0.068931 0.299454 0.454916 0 255 0
0.046925 0.318047 0.440540 0 255 0
0.034336 0.283292 0.430733 0 255 0
0.045285 0.299344 0.421379 0 255 0
0.088047 0.207905 0.444312 0 255 0
0.080770 0.239392 0.432764 0 255 0
0.097071 0.184836 0.420648 0 255 0
0.024658 0.304748 0.411025 0 255 0
0.001279 0.295983 0.406709 0 255 0
0.002886 0.282974 0.388921 0 255 0
0.080784 0.165387 0.416553 0 255 0
0.068979 0.209762 0.413747 0 255 0
0.055076 0.273698 0.421598 0 255 0
0.073364 0.265634 0.432210 0 255 0
0.054802 0.250248 0.418202 0 255 0
0.027593 0.283787 0.396794 0 255 0
0.046033 0.299201 0.411072 0 255 0
-0.027321 0.119676 0.396226 0 255 0
-0.046893 0.144662 0.384586 0 255 0
-0.022184 0.136935 0.390172 0 255 0
0.059957 0.096578 0.416606 0 255 0
0.041434 0.129375 0.407233 0 255 0
0.050016 0.266433 0.406390 0 255 0
0.029565 0.260248 0.389435 0 255 0
-0.005700 0.256296 0.369023 0 255 0
0.007799 0.182105 0.379155 0 255 0
0.001502 0.203782 0.384739 0 255 0
0.030846 0.207347 0.384706 0 255 0
0.039893 0.174112 0.390821 0 255 0
0.047490 0.153478 0.402515 0 255 0
0.058872 0.166772 0.405803 0 255 0
0.005163 0.157419 0.384939 0 255 0
0.028212 0.156096 0.394583 0 255 0
0.021520 0.132615 0.397668 0 255 0
0.065039 0.207139 0.403357 0 255 0
-0.022769 0.230946 0.370854 0 255 0
0.015023 0.225036 0.382149 0 255 0
-0.052482 0.229734 0.374165 0 255 0
-0.003170 0.131402 0.396555 0 255 0
-0.005247 0.116093 0.399215 0 255 0
0.003312 0.097363 0.414215 0 255 0
-0.032710 0.074066 0.413221 0 255 0
0.019303 0.432648 0.721575 0 255 0
-0.078004 0.284446 0.589842 0 255 0
-0.088182 0.294917 0.563851 0 255 0
0.109894 0.247005 0.546748 0 255 0
0.113772 0.294236 0.475281 0 255 0
0.086028 0.273668 0.456514 0 255 0
-0.044512 0.269802 0.637362 0 255 0
-0.059896 0.273212 0.629358 0 255 0
0.106988 0.219970 0.568471 0 255 0
0.053561 0.257210 0.632577 0 255 0
-0.080212 0.280094 0.621841 0 255 0
0.066540 0.236768 0.413388 0 255 0
0.067653 0.245048 0.408306 0 255 0
0.030772 0.234586 0.385869 0 255 0
-0.041887 0.253760 0.382826 0 255 0
-0.053223 0.251959 0.378889 0 255 0
-0.032281 0.238995 0.634072 0 255 0
-0.035444 0.234801 0.627882 0 255 0
-0.053740 0.240394 0.635074 0 255 0
-0.046173 0.248756 0.626381 0 255 0
0.047641 0.148683 0.591626 0 255 0
0.021858 0.148481 0.608326 0 255 0
-0.018790 0.167345 0.637662 0 255 0
-0.038250 0.157624 0.639230 0 255 0
0.098192 0.126518 0.541527 0 255 0
0.002167 0.152411 0.622823 0 255 0
0.077203 0.124953 0.563610 0 255 0
0.058329 0.135684 0.574031 0 255 0
-0.188082 0.818297 0.842742 0 255 0
-0.184474 0.846772 0.856074 0 255 0
-0.172142 0.867553 0.839875 0 255 0
-0.189989 0.824981 0.829085 0 255 0
-0.195396 0.842645 0.787599 0 255 0
-0.196050 0.830213 0.809684 0 255 0
-0.194206 0.860097 0.802605 0 255 0
-0.185704 0.863849 0.805976 0 255 0
-0.192725 0.877325 0.809038 0 255 0
-0.166031 0.846659 0.790274 0 255 0
-0.161821 0.836279 0.794249 0 255 0
-0.152654 0.870650 0.819450 0 255 0
-0.145602 0.876940 0.838879 0 255 0
-0.131789 0.848349 0.816040 0 255 0
-0.142740 0.847414 0.810098 0 255 0
-0.126454 0.844707 0.836000 0 255 0
-0.146901 0.858880 0.843390 0 255 0
-0.134089 0.837272 0.852208 0 255 0
-0.174431 0.829167 0.839849 0 255 0
-0.174153 0.845249 0.869533 0 255 0
-0.182783 0.853799 0.796467 0 255 0
-0.198947 0.853364 0.824321 0 255 0
-0.195284 0.812137 0.829631 0 255 0
-0.195320 0.851040 0.833492 0 255 0
-0.219545 0.859870 0.863435 0 255 0
-0.192459 0.865719 0.873160 0 255 0
-0.188167 0.884529 0.812205 0 255 0
-0.201576 0.876760 0.837585 0 255 0
-0.178043 0.880865 0.822318 0 255 0
-0.193132 0.886596 0.816768 0 255 0
-0.161758 0.912069 0.822992 0 255 0
-0.163060 0.869471 0.812740 0 255 0
-0.159036 0.886816 0.805658 0 255 0
-0.147073 0.890025 0.845459 0 255 0
-0.134168 0.888347 0.878148 0 255 0
-0.180981 0.863255 0.887130 0 255 0
-0.211031 0.865311 0.841616 0 255 0
-0.098682 0.934108 1.032479 0 255 0
-0.101164 0.931823 1.042665 0 255 0
-0.101481 0.928349 1.033960 0 255 0
-0.089373 0.931617 1.033926 0 255 0
-0.123250 0.920500 1.053355 0 255 0
-0.137423 0.907838 1.053033 0 255 0
-0.128366 0.908773 1.055019 0 255 0
-0.115910 0.920124 1.059489 0 255 0
-0.110520 0.927951 1.048211 0 255 0
-0.093457 0.939678 1.059109 0 255 0
-0.108655 0.933541 1.043809 0 255 0
-0.107490 0.946676 1.064796 0 255 0
-0.093385 0.940565 0.999646 0 255 0
-0.075724 0.936436 0.980543 0 255 0
-0.093208 0.945662 0.995482 0 255 0
-0.085547 0.948059 0.994950 0 255 0
-0.096929 0.937836 1.019858 0 255 0
-0.093957 0.946058 1.021317 0 255 0
-0.096714 0.942942 1.015223 0 255 0
-0.095937 0.948103 1.008878 0 255 0
-0.126860 0.908426 1.032537 0 255 0
-0.117391 0.910847 1.062047 0 255 0
-0.133360 0.905780 1.047616 0 255 0
-0.128003 0.921749 1.037772 0 255 0
-0.143091 0.912046 1.048532 0 255 0
-0.147316 0.908210 1.066046 0 255 0
-0.147259 0.920417 1.033938 0 255 0
-0.164332 0.912003 1.033682 0 255 0
-0.128829 0.925585 1.042748 0 255 0
-0.138025 0.922281 1.021422 0 255 0
-0.124452 0.921547 1.030066 0 255 0
-0.128424 0.911590 1.028619 0 255 0
-0.109326 0.927747 1.025799 0 255 0
-0.095533 0.929044 1.029735 0 255 0
-0.105128 0.922992 1.037368 0 255 0
-0.123605 0.921788 1.012868 0 255 0
-0.111446 0.919879 1.041357 0 255 0
-0.105236 0.917465 1.024374 0 255 0
-0.125636 0.922799 1.033848 0 255 0
-0.134086 0.925665 1.050388 0 255 0
-0.117936 0.930026 1.041319 0 255 0
-0.126739 0.955105 1.034093 0 255 0
-0.117865 0.932510 1.027494 0 255 0
-0.121806 0.938151 1.039689 0 255 0
-0.101159 0.925653 1.015294 0 255 0
-0.095237 0.913638 1.015545 0 255 0
-0.104802 0.926692 1.029464 0 255 0
-0.117884 0.929695 1.018114 0 255 0
-0.110731 0.931585 1.032989 0 255 0
-0.115740 0.937137 1.043299 0 255 0
-0.113519 0.935162 1.021290 0 255 0
-0.140600 0.936746 1.012553 0 255 0
-0.106168 0.937790 1.016646 0 255 0
-0.119581 0.931479 1.035635 0 255 0
-0.099139 0.932356 1.015281 0 255 0
-0.099639 0.942292 1.012751 0 255 0
-0.093762 0.938434 0.998793 0 255 0
-0.105432 0.949593 1.003232 0 255 0
-0.093271 0.935554 1.009728 0 255 0
-0.091728 0.931531 0.999226 0 255 0
-0.096953 0.932913 1.013047 0 255 0
-0.088859 0.910776 0.978585 0 255 0
-0.100828 0.934812 1.015548 0 255 0
-0.105710 0.945943 1.029803 0 255 0
-0.104953 0.940557 1.006868 0 255 0
-0.110850 0.925904 1.019964 0 255 0
-0.098380 0.944019 1.010510 0 255 0
-0.101498 0.957759 1.015201 0 255 0
-0.090981 0.937802 0.980643 0 255 0
-0.077674 0.935227 0.988798 0 255 0
-0.090150 0.943500 0.988143 0 255 0
-0.100827 0.940421 0.987752 0 255 0
-0.092430 0.936544 0.993022 0 255 0
-0.085369 0.933923 0.986588 0 255 0
-0.096702 0.938455 0.995442 0 255 0
-0.109339 0.953295 0.987231 0 255 0
-0.100666 0.944996 0.988913 0 255 0
-0.099187 0.938682 0.989461 0 255 0
-0.094864 0.946934 0.990592 0 255 0
-0.113646 0.959269 0.986026 0 255 0
-0.144733 0.898700 1.022169 0 255 0
-0.134743 0.924169 1.026218 0 255 0
-0.133786 0.920872 1.052236 0 255 0
-0.165272 0.918885 1.016369 0 255 0
-0.128013 0.923843 1.050707 0 255 0
-0.141309 0.903059 1.007832 0 255 0
-0.153318 0.920666 1.021631 0 255 0
-0.129622 0.911306 1.018057 0 255 0
-0.103973 0.925630 1.043487 0 255 0
-0.126724 0.933998 1.028561 0 255 0
-0.123047 0.934178 1.013398 0 255 0
-0.113635 0.916109 1.046733 0 255 0
-0.116101 0.916919 1.011961 0 255 0
-0.102022 0.932198 0.994622 0 255 0
-0.104703 0.936317 1.034232 0 255 0
-0.090967 0.925341 1.022648 0 255 0
-0.110890 0.940181 1.001288 0 255 0
-0.119228 0.944529 1.001188 0 255 0
-0.093293 0.937336 1.015056 0 255 0
-0.103077 0.935393 1.013527 0 255 0
-0.103740 0.945755 0.987029 0 255 0
-0.096707 0.947228 1.009985 0 255 0
-0.097599 0.929787 0.983525 0 255 0
-0.095057 0.935597 0.987999 0 255 0
-0.095818 0.945673 0.968353 0 255 0
-0.092922 0.942816 0.962863 0 255 0
-0.091768 0.938939 0.996864 0 255 0
-0.100930 0.942740 0.974900 0 255 0
-0.157661 0.826401 0.860968 0 255 0
-0.167010 0.853870 0.887019 0 255 0
-0.145905 0.831288 0.861538 0 255 0
-0.128219 0.842349 0.884857 0 255 0
-0.151714 0.851541 0.877125 0 255 0
-0.159858 0.863040 0.885507 0 255 0
-0.146720 0.876030 0.884871 0 255 0
-0.152104 0.867113 0.905355 0 255 0
-0.161837 0.912445 0.837906 0 255 0
-0.142849 0.907907 0.852142 0 255 0
-0.174755 0.909545 0.833042 0 255 0
-0.204231 0.905192 0.822266 0 255 0
-0.186470 0.907768 0.826691 0 255 0
-0.173937 0.872023 0.912938 0 255 0
-0.184593 0.879853 0.900965 0 255 0
-0.149902 0.878091 0.903517 0 255 0
-0.144662 0.889638 0.900877 0 255 0
-0.146217 0.882463 1.000806 0 255 0
-0.164766 0.895340 0.989680 0 255 0
-0.142360 0.903104 0.990234 0 255 0
-0.138182 0.899627 1.002625 0 255 0
-0.121374 0.910696 0.988001 0 255 0
-0.125754 0.909095 0.994238 0 255 0
-0.131331 0.904343 0.947091 0 255 0
-0.115005 0.917115 0.982190 0 255 0
-0.128642 0.917181 0.946732 0 255 0
-0.106450 0.925986 0.968727 0 255 0
-0.110431 0.932082 0.930154 0 255 0
-0.099928 0.935900 0.957432 0 255 0
-0.099606 0.969515 0.933399 0 255 0
-0.099046 0.948424 0.954432 0 255 0
-0.164124 0.903740 1.011662 0 255 0
-0.174460 0.909106 0.991947 0 255 0
-0.154738 0.923490 0.999799 0 255 0
-0.170967 0.926239 0.990207 0 255 0
-0.130742 0.919621 1.007791 0 255 0
-0.158745 0.932707 0.983342 0 255 0
-0.103289 0.970809 0.950465 0 255 0
-0.106808 0.955222 0.961955 0 255 0
-0.148966 0.940868 1.002751 0 255 0
-0.145299 0.939081 0.973567 0 255 0
-0.114401 0.918364 0.977948 0 255 0
-0.134132 0.947284 0.963445 0 255 0
-0.109169 0.973780 0.970370 0 255 0
-0.124730 0.954722 0.954278 0 255 0
-0.196158 0.896106 0.951151 0 255 0
-0.141138 0.892413 0.953535 0 255 0
-0.111970 0.896305 0.931197 0 255 0
-0.125807 0.919028 0.930534 0 255 0
-0.127365 0.940998 0.903078 0 255 0
-0.120847 0.949274 0.920141 0 255 0
-0.133499 0.921599 0.886470 0 255 0
-0.137722 0.937547 0.901394 0 255 0
-0.147411 0.967243 0.892334 0 255 0
-0.151087 0.940677 0.879315 0 255 0
-0.156393 0.944252 0.890773 0 255 0
-0.175558 0.946756 0.846104 0 255 0
-0.171718 0.953854 0.855089 0 255 0
-0.164446 0.956761 0.864187 0 255 0
-0.166060 0.947520 0.873523 0 255 0
-0.146453 0.922223 0.876660 0 255 0
-0.148954 0.925632 0.854648 0 255 0
-0.171386 0.927557 0.843432 0 255 0
-0.204696 0.934747 0.826892 0 255 0
-0.185838 0.963479 0.839752 0 255 0
-0.180601 0.942975 0.835643 0 255 0
-0.195935 0.947044 0.829199 0 255 0
-0.216965 0.938927 0.820716 0 255 0
-0.213922 0.957768 0.836021 0 255 0
-0.214804 0.949513 0.850611 0 255 0
-0.225301 0.951249 0.847937 0 255 0
-0.187708 0.904046 0.855935 0 255 0
-0.181506 0.927836 0.835325 0 255 0
-0.214918 0.930658 0.827375 0 255 0
-0.214061 0.917551 0.837003 0 255 0
-0.211684 0.897839 0.855318 0 255 0
-0.218109 0.931632 0.859571 0 255 0
-0.214049 0.953069 0.859008 0 255 0
-0.173478 0.899797 0.967103 0 255 0
-0.169997 0.906834 0.967324 0 255 0
-0.137093 0.897139 0.919512 0 255 0
-0.147667 0.896250 0.935151 0 255 0
-0.169200 0.886835 0.934156 0 255 0
-0.170316 0.888089 0.929927 0 255 0
-0.185508 0.918693 0.942685 0 255 0
-0.189557 0.915248 0.931984 0 255 0
-0.194823 0.910879 0.920499 0 255 0
-0.173705 0.924688 0.962648 0 255 0
-0.181980 0.928793 0.940462 0 255 0
-0.195489 0.939355 0.936601 0 255 0
-0.204545 0.930713 0.903785 0 255 0
-0.201389 0.917630 0.895442 0 255 0
-0.211915 0.935300 0.889688 0 255 0
-0.199177 0.940588 0.888422 0 255 0
-0.212787 0.926175 0.873297 0 255 0
-0.201461 0.926181 0.859730 0 255 0
-0.203485 0.904953 0.878241 0 255 0
-0.203672 0.904527 0.863601 0 255 0
-0.198764 0.900835 0.894482 0 255 0
-0.179939 0.905817 0.915526 0 255 0
-0.127217 0.958351 0.926872 0 255 0
-0.143328 0.952545 0.901630 0 255 0
-0.155139 0.960586 0.888785 0 255 0
-0.171665 0.951903 0.876105 0 255 0
-0.181316 0.968623 0.857462 0 255 0
-0.205474 0.983012 0.848712 0 255 0
-0.213265 0.963774 0.846058 0 255 0
-0.205909 0.968298 0.832647 0 255 0
-0.221290 0.959012 0.854545 0 255 0
-0.214144 0.940503 0.859266 0 255 0
-0.216408 0.951450 0.880253 0 255 0
-0.191238 0.937174 0.905132 0 255 0
-0.210323 0.947121 0.891070 0 255 0
-0.190004 0.882903 0.885774 0 255 0
-0.202148 0.888445 0.869443 0 255 0
-0.201520 0.892268 0.838836 0 255 0
-0.207862 0.899299 0.831236 0 255 0
-0.187622 0.873118 0.852965 0 255 0
-0.167062 0.934824 0.960533 0 255 0
-0.176357 0.933641 0.969339 0 255 0
-0.144168 0.949924 0.942433 0 255 0
-0.144538 0.946222 0.924510 0 255 0
-0.147571 0.958682 0.914143 0 255 0
-0.158700 0.925624 0.926080 0 255 0
-0.166237 0.946407 0.928890 0 255 0
-0.185490 0.934314 0.932615 0 255 0
-0.161704 0.961038 0.895646 0 255 0
-0.176601 0.961083 0.911705 0 255 0
-0.178743 0.951388 0.909008 0 255 0
-0.187037 0.948874 0.896237 0 255 0
-0.197838 0.950013 0.900016 0 255 0
-0.203641 0.961564 0.884939 0 255 0
-0.183212 0.960892 0.886101 0 255 0
-0.178391 0.972186 0.883918 0 255 0
-0.187470 0.966893 0.866086 0 255 0
-0.196550 0.985244 0.874755 0 255 0
-0.201145 0.958910 0.880030 0 255 0
-0.200453 0.954963 0.881074 0 255 0
-0.195160 0.967674 0.859137 0 255 0
-0.212651 0.960666 0.855540 0 255 0
-0.202848 0.966959 0.854295 0 255 0
-0.199744 0.959589 0.863961 0 255 0
-0.215130 0.959550 0.868447 0 255 0
-0.213648 0.956247 0.877646 0 255 0
-0.206045 0.960513 0.872455 0 255 0
-0.218638 0.958801 0.859248 0 255 0
-0.199659 0.964124 0.866287 0 255 0
-0.185536 0.991598 0.849688 0 255 0
-0.211622 0.962722 0.860948 0 255 0
-0.210158 0.992172 0.858695 0 255 0
-0.144283 0.901712 0.880890 0 255 0
-0.058519 0.594215 0.760427 0 255 0
-0.080210 0.580886 0.762103 0 255 0
-0.027261 0.588521 0.741367 0 255 0
0.080940 0.243188 0.600583 0 255 0
-0.004863 0.033396 0.593456 0 255 0
0.006389 -0.017513 0.601950 0 255 0
0.018934 0.009904 0.604035 0 255 0
0.079755 0.266739 0.613077 0 255 0
0.030685 -0.042551 0.537456 0 255 0
0.024556 -0.201141 0.573366 0 255 0
-0.017273 -0.446728 0.382125 0 255 0
-0.001305 -0.434487 0.382564 0 255 0
-0.012106 -0.427247 0.381159 0 255 0
-0.006216 -0.429330 0.381733 0 255 0
-0.020608 -0.416602 0.374120 0 255 0
-0.012507 -0.427643 0.379863 0 255 0
-0.005765 -0.414301 0.388970 0 255 0
-0.007766 -0.435123 0.379270 0 255 0
-0.015393 -0.441652 0.386445 0 255 0
-0.002795 -0.434433 0.380356 0 255 0
-0.172611 -0.072142 0.437088 255 0 0
-0.182680 -0.071863 0.445351 255 0 0
-0.175133 -0.092644 0.434705 255 0 0
-0.185203 -0.092365 0.442968 255 0 0
-0.183185 -0.087659 0.434997 255 0 0
-0.181626 -0.074988 0.436470 255 0 0
-0.176188 -0.089518 0.443586 255 0 0
-0.174628 -0.076847 0.445059 255 0 0
-0.184891 -0.082602 0.449367 255 0 0
-0.189215 -0.081453 0.444059 255 0 0
-0.168598 -0.083053 0.435997 255 0 0
-0.172923 -0.081904 0.430689 255 0 0
-0.171689 -0.076105 0.432810 255 0 0
-0.176988 -0.077778 0.432447 255 0 0
-0.176804 -0.072039 0.436208 255 0 0
-0.182723 -0.071876 0.441065 255 0 0
-0.177424 -0.070202 0.441429 255 0 0
-0.178610 -0.072969 0.446114 255 0 0
-0.172691 -0.073132 0.441257 255 0 0
-0.170333 -0.079546 0.440616 255 0 0
-0.169147 -0.076780 0.435930 255 0 0
-0.169330 -0.082518 0.432169 255 0 0
-0.186564 -0.077513 0.440306 255 0 0
-0.187184 -0.075676 0.445526 255 0 0
-0.177904 -0.085225 0.431581 255 0 0
-0.183020 -0.081160 0.434979 255 0 0
-0.170630 -0.088831 0.434530 255 0 0
-0.173172 -0.088155 0.431410 255 0 0
-0.174794 -0.083346 0.445077 255 0 0
-0.171249 -0.086994 0.439750 255 0 0
-0.184642 -0.076351 0.448646 255 0 0
-0.179909 -0.079281 0.448475 255 0 0
-0.188666 -0.087727 0.444125 255 0 0
-0.187480 -0.084961 0.439440 255 0 0
-0.185122 -0.091374 0.438799 255 0 0
-0.179203 -0.091538 0.433942 255 0 0
-0.180389 -0.094304 0.438627 255 0 0
-0.175091 -0.092631 0.438991 255 0 0
-0.181009 -0.092467 0.443848 255 0 0
-0.180826 -0.086729 0.447609 255 0 0
-0.186125 -0.088402 0.447246 255 0 0
-0.188483 -0.081988 0.447887 255 0 0
-0.102596 -0.030033 0.421953 255 0 0
-0.110372 -0.031089 0.427488 255 0 0
-0.102732 -0.053721 0.417242 255 0 0
-0.110508 -0.054777 0.422777 255 0 0
-0.110443 -0.048667 0.415703 255 0 0
-0.110359 -0.034027 0.418615 255 0 0
-0.102744 -0.050783 0.426115 255 0 0
-0.102660 -0.036142 0.429027 255 0 0
-0.110464 -0.043913 0.430061 255 0 0
-0.115222 -0.042606 0.423625 255 0 0
-0.097882 -0.042204 0.421105 255 0 0
-0.102640 -0.040897 0.414670 255 0 0
-0.101927 -0.034246 0.417600 255 0 0
-0.106491 -0.036594 0.415637 255 0 0
-0.106465 -0.030208 0.419919 255 0 0
-0.111035 -0.030829 0.423172 255 0 0
-0.106472 -0.028481 0.425134 255 0 0
-0.106510 -0.032072 0.429292 255 0 0
-0.101939 -0.031452 0.426039 255 0 0
-0.099168 -0.038606 0.425540 255 0 0
-0.099130 -0.035015 0.421382 255 0 0
-0.099157 -0.041400 0.417101 255 0 0
-0.113886 -0.037599 0.420901 255 0 0
-0.113893 -0.035871 0.426117 255 0 0
-0.106540 -0.045200 0.413926 255 0 0
-0.111077 -0.041162 0.416245 255 0 0
-0.099211 -0.048938 0.418613 255 0 0
-0.102007 -0.048170 0.414830 255 0 0
-0.102026 -0.043648 0.428485 255 0 0
-0.099218 -0.047211 0.423829 255 0 0
-0.111096 -0.036640 0.429900 255 0 0
-0.106564 -0.039610 0.430804 255 0 0
-0.113973 -0.049795 0.423348 255 0 0
-0.113935 -0.046204 0.419190 255 0 0
-0.111165 -0.053358 0.418691 255 0 0
-0.106594 -0.052737 0.415438 255 0 0
-0.106632 -0.056329 0.419596 255 0 0
-0.102069 -0.053981 0.421558 255 0 0
-0.106639 -0.054602 0.424811 255 0 0
-0.106613 -0.048216 0.429093 255 0 0
-0.111176 -0.050564 0.427130 255 0 0
-0.113947 -0.043409 0.427629 255 0 0
-0.094536 -0.028216 0.421304 255 0 0
-0.102692 -0.029286 0.427121 255 0 0
-0.094794 -0.051432 0.416670 255 0 0
-0.102950 -0.052502 0.422486 255 0 0
-0.102567 -0.046482 0.415406 255 0 0
-0.102408 -0.032133 0.418270 255 0 0
-0.095079 -0.048584 0.425520 255 0 0
-0.094919 -0.034236 0.428385 255 0 0
-0.103028 -0.041874 0.429726 255 0 0
-0.107656 -0.040575 0.423475 255 0 0
-0.089831 -0.040143 0.420316 255 0 0
-0.094459 -0.038843 0.414064 255 0 0
-0.093752 -0.032330 0.416945 255 0 0
-0.098379 -0.034633 0.415162 255 0 0
-0.098424 -0.028386 0.419417 255 0 0
-0.103218 -0.029016 0.422836 255 0 0
-0.098592 -0.026713 0.424619 255 0 0
-0.098817 -0.030251 0.428781 255 0 0
-0.094023 -0.029622 0.425362 255 0 0
-0.091257 -0.036633 0.424781 255 0 0
-0.091032 -0.033094 0.420619 255 0 0
-0.090986 -0.039341 0.416364 255 0 0
-0.106136 -0.035651 0.420693 255 0 0
-0.106303 -0.033977 0.425895 255 0 0
-0.098473 -0.043067 0.413478 255 0 0
-0.103145 -0.039123 0.415950 255 0 0
-0.091183 -0.046740 0.417895 255 0 0
-0.093904 -0.045976 0.414221 255 0 0
-0.094342 -0.041595 0.427840 255 0 0
-0.091351 -0.045066 0.423098 255 0 0
-0.103583 -0.034741 0.429569 255 0 0
-0.099014 -0.037651 0.430313 255 0 0
-0.106455 -0.047624 0.423171 255 0 0
-0.106230 -0.044085 0.419009 255 0 0
-0.103464 -0.051095 0.418428 255 0 0
-0.098670 -0.050466 0.415009 255 0 0
-0.098895 -0.054005 0.419171 255 0 0
-0.094268 -0.051702 0.420955 255 0 0
-0.099062 -0.052331 0.424373 255 0 0
-0.099108 -0.046084 0.428629 255 0 0
-0.103734 -0.048387 0.426845 255 0 0
-0.106500 -0.041377 0.427427 255 0 0
-0.103408 -0.065837 0.411304 255 0 0
-0.112770 -0.065968 0.417992 255 0 0
-0.105463 -0.087213 0.408009 255 0 0
-0.114826 -0.087344 0.414697 255 0 0
-0.113243 -0.082110 0.407116 255 0 0
-0.111973 -0.068899 0.409152 255 0 0
-0.106260 -0.084282 0.416849 255 0 0
-0.104990 -0.071071 0.418885 255 0 0
-0.114533 -0.077367 0.421419 255 0 0
-0.118849 -0.076025 0.415403 255 0 0
-0.099385 -0.077156 0.410597 255 0 0
-0.103700 -0.075814 0.404582 255 0 0
-0.102577 -0.069813 0.407055 255 0 0
-0.107612 -0.071613 0.405790 255 0 0
-0.107440 -0.065749 0.409741 255 0 0
-0.112943 -0.065826 0.413672 255 0 0
-0.107908 -0.064026 0.414937 255 0 0
-0.108838 -0.067102 0.419393 255 0 0
-0.103335 -0.067025 0.415462 255 0 0
-0.100971 -0.073679 0.415047 255 0 0
-0.100041 -0.070602 0.410591 255 0 0
-0.100213 -0.076467 0.406640 255 0 0
-0.116516 -0.071737 0.412151 255 0 0
-0.116984 -0.070014 0.417347 255 0 0
-0.108359 -0.079379 0.404593 255 0 0
-0.113221 -0.075314 0.407279 255 0 0
-0.101249 -0.083167 0.408654 255 0 0
-0.103786 -0.082378 0.405118 255 0 0
-0.105012 -0.077867 0.418721 255 0 0
-0.101718 -0.081444 0.413850 255 0 0
-0.114448 -0.070803 0.420882 255 0 0
-0.109875 -0.073803 0.421407 255 0 0
-0.118193 -0.082579 0.415410 255 0 0
-0.117263 -0.079503 0.410954 255 0 0
-0.114898 -0.086156 0.410539 255 0 0
-0.109395 -0.086079 0.406608 255 0 0
-0.110325 -0.089155 0.411064 255 0 0
-0.105291 -0.087355 0.412329 255 0 0
-0.110794 -0.087432 0.416260 255 0 0
-0.110621 -0.081568 0.420211 255 0 0
-0.115656 -0.083368 0.418946 255 0 0
-0.118021 -0.076715 0.419361 255 0 0
-0.155278 0.024797 0.435830 255 0 0
-0.165558 0.024894 0.443433 255 0 0
-0.155778 0.003829 0.435423 255 0 0
-0.166058 0.003927 0.443026 255 0 0
-0.164193 0.008052 0.434742 255 0 0
-0.163884 0.021010 0.434994 255 0 0
-0.157452 0.007714 0.443862 255 0 0
-0.157142 0.020672 0.444113 255 0 0
-0.166901 0.014337 0.448397 255 0 0
-0.171068 0.014545 0.442761 255 0 0
-0.150268 0.014178 0.436095 255 0 0
-0.154434 0.014387 0.430458 255 0 0
-0.153836 0.020510 0.432041 255 0 0
-0.158894 0.018285 0.431549 255 0 0
-0.159390 0.024403 0.434707 255 0 0
-0.165433 0.024461 0.439176 255 0 0
-0.160374 0.026686 0.439667 255 0 0
-0.161470 0.024262 0.444536 255 0 0
-0.155427 0.024204 0.440067 255 0 0
-0.152482 0.017963 0.440223 255 0 0
-0.151386 0.020387 0.435354 255 0 0
-0.150891 0.014269 0.432197 255 0 0
-0.168671 0.018378 0.438781 255 0 0
-0.169655 0.020661 0.443741 255 0 0
-0.159076 0.010668 0.431402 255 0 0
-0.164631 0.014561 0.434067 255 0 0
-0.151681 0.008063 0.435115 255 0 0
-0.154130 0.008186 0.431802 255 0 0
-0.156705 0.014163 0.444788 255 0 0
-0.152664 0.010346 0.440075 255 0 0
-0.167206 0.020538 0.447054 255 0 0
-0.162260 0.018056 0.447454 255 0 0
-0.169949 0.008336 0.443502 255 0 0
-0.168853 0.010761 0.438633 255 0 0
-0.165908 0.004520 0.438789 255 0 0
-0.159866 0.004462 0.434320 255 0 0
-0.160962 0.002038 0.439189 255 0 0
-0.155903 0.004263 0.439680 255 0 0
-0.161946 0.004321 0.444149 255 0 0
-0.162441 0.010439 0.447306 255 0 0
-0.167500 0.008214 0.446815 255 0 0
-0.170445 0.014455 0.446659 255 0 0
-0.146588 -0.067884 0.421462 255 0 0
-0.156782 -0.065439 0.429032 255 0 0
-0.151699 -0.088190 0.421136 255 0 0
-0.161893 -0.085746 0.428706 255 0 0
-0.158993 -0.082218 0.420428 255 0 0
-0.155834 -0.069668 0.420630 255 0 0
-0.152647 -0.083962 0.429538 255 0 0
-0.149488 -0.071412 0.429740 255 0 0
-0.160527 -0.075376 0.434023 255 0 0
-0.164449 -0.074298 0.428393 255 0 0
-0.144032 -0.079331 0.421775 255 0 0
-0.147954 -0.078253 0.416145 255 0 0
-0.146047 -0.072411 0.417701 255 0 0
-0.151482 -0.073460 0.417212 255 0 0
-0.150679 -0.067364 0.420337 255 0 0
-0.156671 -0.065928 0.424787 255 0 0
-0.151236 -0.064879 0.425276 255 0 0
-0.152941 -0.066953 0.430141 255 0 0
-0.146949 -0.068389 0.425692 255 0 0
-0.145447 -0.075118 0.425876 255 0 0
-0.143742 -0.073044 0.421010 255 0 0
-0.144545 -0.079139 0.417885 255 0 0
-0.161178 -0.071135 0.424411 255 0 0
-0.161735 -0.068649 0.429350 255 0 0
-0.153339 -0.080836 0.417093 255 0 0
-0.157971 -0.075790 0.419729 255 0 0
-0.146746 -0.084980 0.420819 255 0 0
-0.149052 -0.084347 0.417509 255 0 0
-0.150510 -0.077840 0.430439 255 0 0
-0.147303 -0.082495 0.425757 255 0 0
-0.159429 -0.069283 0.432659 255 0 0
-0.155142 -0.072793 0.433075 255 0 0
-0.164739 -0.080585 0.429158 255 0 0
-0.163034 -0.078512 0.424293 255 0 0
-0.161532 -0.085240 0.424477 255 0 0
-0.155540 -0.086677 0.420027 255 0 0
-0.157245 -0.088751 0.424893 255 0 0
-0.151810 -0.087702 0.425382 255 0 0
-0.157802 -0.086265 0.429831 255 0 0
-0.156999 -0.080170 0.432957 255 0 0
-0.162434 -0.081219 0.432467 255 0 0
-0.163936 -0.074490 0.432283 255 0 0
-0.165957 0.061047 0.437760 255 0 0
-0.176163 0.060447 0.445224 255 0 0
-0.163912 0.039935 0.438859 255 0 0
-0.174117 0.039334 0.446323 255 0 0
-0.172709 0.043109 0.437820 255 0 0
-0.173973 0.056157 0.437140 255 0 0
-0.166102 0.044224 0.446943 255 0 0
-0.167366 0.057272 0.446263 255 0 0
-0.176252 0.050050 0.450899 255 0 0
-0.180336 0.049360 0.445261 255 0 0
-0.159739 0.051021 0.438822 255 0 0
-0.163823 0.050332 0.433183 255 0 0
-0.163986 0.056655 0.434318 255 0 0
-0.168698 0.053780 0.433954 255 0 0
-0.169953 0.060079 0.436644 255 0 0
-0.175951 0.059726 0.441031 255 0 0
-0.171240 0.062600 0.441395 255 0 0
-0.172068 0.060382 0.446394 255 0 0
-0.166069 0.060734 0.442006 255 0 0
-0.162414 0.054841 0.442631 255 0 0
-0.161586 0.057060 0.437632 255 0 0
-0.160331 0.050761 0.434943 255 0 0
-0.178404 0.053210 0.441053 255 0 0
-0.179691 0.055731 0.445804 255 0 0
-0.167955 0.046111 0.434353 255 0 0
-0.173921 0.049535 0.436679 255 0 0
-0.160384 0.044650 0.438279 255 0 0
-0.162784 0.044245 0.434964 255 0 0
-0.166154 0.050846 0.447404 255 0 0
-0.161671 0.047172 0.443030 255 0 0
-0.177291 0.056136 0.449119 255 0 0
-0.172120 0.054270 0.449730 255 0 0
-0.178489 0.043321 0.446451 255 0 0
-0.177661 0.045540 0.441452 255 0 0
-0.174006 0.039647 0.442077 255 0 0
-0.168007 0.040000 0.437689 255 0 0
-0.168835 0.037781 0.442688 255 0 0
-0.164123 0.040655 0.443052 255 0 0
-0.170122 0.040302 0.447439 255 0 0
-0.171377 0.046601 0.450129 255 0 0
-0.176089 0.043727 0.449765 255 0 0
-0.179744 0.049620 0.449140 255 0 0
-0.137855 0.048890 0.429369 255 0 0
-0.146666 0.048408 0.435757 255 0 0
-0.136344 0.026049 0.429732 255 0 0
-0.145155 0.025568 0.436119 255 0 0
-0.144603 0.029856 0.427914 255 0 0
-0.145537 0.043972 0.427690 255 0 0
-0.137473 0.030485 0.437798 255 0 0
-0.138407 0.044601 0.437574 255 0 0
-0.146430 0.037033 0.440966 255 0 0
-0.150837 0.036645 0.434857 255 0 0
-0.132173 0.037813 0.430631 255 0 0
-0.136580 0.037424 0.424522 255 0 0
-0.136465 0.044198 0.425928 255 0 0
-0.140981 0.041307 0.424941 255 0 0
-0.141730 0.048047 0.427790 255 0 0
-0.146909 0.047764 0.431544 255 0 0
-0.142393 0.050654 0.432531 255 0 0
-0.142718 0.048133 0.437354 255 0 0
-0.137539 0.048416 0.433599 255 0 0
-0.134199 0.041905 0.434341 255 0 0
-0.133875 0.044426 0.429518 255 0 0
-0.133125 0.037687 0.426669 255 0 0
-0.149360 0.040849 0.431016 255 0 0
-0.150024 0.043457 0.435757 255 0 0
-0.140432 0.033010 0.425072 255 0 0
-0.145696 0.036859 0.426935 255 0 0
-0.132986 0.031001 0.429731 255 0 0
-0.135577 0.030773 0.426141 255 0 0
-0.137314 0.037598 0.438554 255 0 0
-0.133650 0.033608 0.434472 255 0 0
-0.147433 0.043685 0.439347 255 0 0
-0.142579 0.041447 0.440416 255 0 0
-0.149135 0.030031 0.435970 255 0 0
-0.148811 0.032552 0.431147 255 0 0
-0.145472 0.026041 0.431889 255 0 0
-0.140293 0.026324 0.428134 255 0 0
-0.140617 0.023804 0.432957 255 0 0
-0.136101 0.026694 0.433944 255 0 0
-0.141280 0.026411 0.437698 255 0 0
-0.142030 0.033150 0.440547 255 0 0
-0.146545 0.030260 0.439560 255 0 0
-0.149885 0.036771 0.438819 255 0 0
-0.119795 -0.001501 0.424897 255 0 0
-0.127203 -0.002532 0.430341 255 0 0
-0.118737 -0.025798 0.421735 255 0 0
-0.126145 -0.026829 0.427179 255 0 0
-0.126649 -0.021151 0.419707 255 0 0
-0.127303 -0.006135 0.421662 255 0 0
-0.118637 -0.022196 0.430414 255 0 0
-0.119290 -0.007179 0.432369 255 0 0
-0.126487 -0.015322 0.433751 255 0 0
-0.131440 -0.014677 0.427134 255 0 0
-0.114500 -0.013654 0.424943 255 0 0
-0.119452 -0.013008 0.418325 255 0 0
-0.119036 -0.006041 0.420834 255 0 0
-0.123449 -0.008765 0.418932 255 0 0
-0.123651 -0.002001 0.422795 255 0 0
-0.128005 -0.002607 0.425995 255 0 0
-0.123592 0.000116 0.427897 255 0 0
-0.123295 -0.003221 0.432288 255 0 0
-0.118941 -0.002615 0.429089 255 0 0
-0.115829 -0.009758 0.429115 255 0 0
-0.116125 -0.006421 0.424724 255 0 0
-0.115924 -0.013184 0.420861 255 0 0
-0.130495 -0.009745 0.424110 255 0 0
-0.130436 -0.007628 0.429211 255 0 0
-0.123065 -0.017591 0.417784 255 0 0
-0.127680 -0.013551 0.419745 255 0 0
-0.115503 -0.020702 0.422865 255 0 0
-0.118414 -0.020323 0.418975 255 0 0
-0.118260 -0.014779 0.432331 255 0 0
-0.115444 -0.018585 0.427966 255 0 0
-0.127526 -0.008008 0.433101 255 0 0
-0.122875 -0.010739 0.434293 255 0 0
-0.129815 -0.021909 0.427352 255 0 0
-0.130111 -0.018572 0.422961 255 0 0
-0.126999 -0.025715 0.422987 255 0 0
-0.122644 -0.025109 0.419788 255 0 0
-0.122348 -0.028447 0.424179 255 0 0
-0.117935 -0.025723 0.426081 255 0 0
-0.122289 -0.026329 0.429281 255 0 0
-0.122490 -0.019565 0.433144 255 0 0
-0.126904 -0.022289 0.431242 255 0 0
-0.130016 -0.015146 0.431215 255 0 0
-0.174222 0.035400 0.445894 255 0 0
-0.184307 0.034966 0.453717 255 0 0
-0.172918 0.014282 0.446403 255 0 0
-0.183003 0.013848 0.454226 255 0 0
-0.181646 0.017779 0.445769 255 0 0
-0.182452 0.030831 0.445455 255 0 0
-0.174773 0.018417 0.454665 255 0 0
-0.175579 0.031469 0.454351 255 0 0
-0.184648 0.024470 0.459137 255 0 0
-0.188896 0.024075 0.453639 255 0 0
-0.168329 0.025173 0.446481 255 0 0
-0.172577 0.024778 0.440983 255 0 0
-0.172484 0.031049 0.442276 255 0 0
-0.177321 0.028363 0.442017 255 0 0
-0.178288 0.034606 0.444905 255 0 0
-0.184216 0.034351 0.449502 255 0 0
-0.179379 0.037037 0.449761 255 0 0
-0.180177 0.034726 0.454731 255 0 0
-0.174249 0.034982 0.450134 255 0 0
-0.170785 0.028970 0.450478 255 0 0
-0.169987 0.031281 0.445508 255 0 0
-0.169020 0.025037 0.442621 255 0 0
-0.186913 0.027950 0.449457 255 0 0
-0.188004 0.030380 0.454313 255 0 0
-0.176847 0.020691 0.442202 255 0 0
-0.182652 0.024249 0.444831 255 0 0
-0.169221 0.018867 0.445807 255 0 0
-0.171717 0.018635 0.442575 255 0 0
-0.174573 0.024999 0.455289 255 0 0
-0.170312 0.021298 0.450663 255 0 0
-0.185508 0.030612 0.457545 255 0 0
-0.180378 0.028557 0.457918 255 0 0
-0.187238 0.017967 0.454612 255 0 0
-0.186440 0.020278 0.449642 255 0 0
-0.182976 0.014266 0.449986 255 0 0
-0.177048 0.014521 0.445389 255 0 0
-0.177846 0.012211 0.450359 255 0 0
-0.173009 0.014897 0.450618 255 0 0
-0.178937 0.014642 0.455215 255 0 0
-0.179904 0.020885 0.458102 255 0 0
-0.184741 0.018199 0.457844 255 0 0
-0.188205 0.024211 0.457499 255 0 0
-0.154905 0.089640 0.426576 255 0 0
-0.165091 0.089247 0.433912 255 0 0
-0.152151 0.068787 0.429282 255 0 0
-0.162336 0.068394 0.436618 255 0 0
-0.161028 0.071548 0.427854 255 0 0
-0.162731 0.084436 0.426181 255 0 0
-0.154511 0.073598 0.437013 255 0 0
-0.156213 0.086486 0.435341 255 0 0
-0.164847 0.079332 0.440362 255 0 0
-0.168875 0.078065 0.434702 255 0 0
-0.148366 0.079969 0.428493 255 0 0
-0.152394 0.078702 0.422832 255 0 0
-0.152777 0.085076 0.423494 255 0 0
-0.157377 0.082017 0.423262 255 0 0
-0.158852 0.088447 0.425463 255 0 0
-0.164840 0.088215 0.429775 255 0 0
-0.160240 0.091274 0.430007 255 0 0
-0.161009 0.089420 0.435158 255 0 0
-0.155022 0.089651 0.430846 255 0 0
-0.151178 0.083966 0.431973 255 0 0
-0.150409 0.085821 0.426821 255 0 0
-0.148934 0.079391 0.424621 255 0 0
-0.167064 0.081643 0.430239 255 0 0
-0.168451 0.084470 0.434783 255 0 0
-0.156376 0.074442 0.424245 255 0 0
-0.162452 0.077812 0.426213 255 0 0
-0.148790 0.073563 0.428412 255 0 0
-0.151158 0.072819 0.425085 255 0 0
-0.154790 0.080222 0.436981 255 0 0
-0.150178 0.076391 0.432956 255 0 0
-0.166084 0.085215 0.438110 255 0 0
-0.160866 0.083592 0.438950 255 0 0
-0.166832 0.072213 0.436373 255 0 0
-0.166063 0.074068 0.431222 255 0 0
-0.162220 0.068383 0.432348 255 0 0
-0.156233 0.068614 0.428036 255 0 0
-0.157002 0.066760 0.433188 255 0 0
-0.152402 0.069819 0.433420 255 0 0
-0.158389 0.069587 0.437732 255 0 0
-0.159865 0.076017 0.439933 255 0 0
-0.164465 0.072958 0.439700 255 0 0
-0.168308 0.078643 0.438574 255 0 0
-0.153033 0.090593 0.424432 255 0 0
-0.163217 0.090639 0.431710 255 0 0
-0.150865 0.069746 0.427597 255 0 0
-0.161049 0.069792 0.434875 255 0 0
-0.159654 0.072713 0.426045 255 0 0
-0.160993 0.085597 0.424088 255 0 0
-0.153089 0.074788 0.435218 255 0 0
-0.154428 0.087672 0.433262 255 0 0
-0.163251 0.080871 0.438376 255 0 0
-0.167309 0.079588 0.432707 255 0 0
-0.146773 0.080797 0.426600 255 0 0
-0.150831 0.079514 0.420931 255 0 0
-0.151035 0.085907 0.421457 255 0 0
-0.155714 0.082970 0.421255 255 0 0
-0.157008 0.089482 0.423313 255 0 0
-0.162994 0.089509 0.427591 255 0 0
-0.158315 0.092446 0.427793 255 0 0
-0.159135 0.090729 0.432983 255 0 0
-0.153149 0.090702 0.428705 255 0 0
-0.149470 0.084944 0.429980 255 0 0
-0.148650 0.086661 0.424789 255 0 0
-0.147355 0.080149 0.422732 255 0 0
-0.165399 0.083014 0.428177 255 0 0
-0.166706 0.085978 0.432657 255 0 0
-0.154926 0.075397 0.422405 255 0 0
-0.160900 0.078972 0.424261 255 0 0
-0.147376 0.074407 0.426650 255 0 0
-0.149760 0.073653 0.423318 255 0 0
-0.153182 0.081413 0.435045 255 0 0
-0.148683 0.077371 0.431130 255 0 0
-0.164321 0.086732 0.435989 255 0 0
-0.159156 0.084988 0.436901 255 0 0
-0.165432 0.073724 0.434517 255 0 0
-0.164612 0.075441 0.429327 255 0 0
-0.160933 0.069683 0.430602 255 0 0
-0.154947 0.069655 0.426324 255 0 0
-0.155767 0.067939 0.431514 255 0 0
-0.151088 0.070875 0.431716 255 0 0
-0.157074 0.070903 0.435994 255 0 0
-0.158368 0.077415 0.438051 255 0 0
-0.163047 0.074478 0.437850 255 0 0
-0.166727 0.080236 0.436575 255 0 0
-0.115560 0.060373 0.425341 255 0 0
-0.123394 0.060742 0.431032 255 0 0
-0.114720 0.036529 0.428042 255 0 0
-0.122554 0.036898 0.433733 255 0 0
-0.122639 0.040538 0.425130 255 0 0
-0.123158 0.055275 0.423460 255 0 0
-0.114956 0.041997 0.435614 255 0 0
-0.115475 0.056733 0.433944 255 0 0
-0.123021 0.049385 0.437381 255 0 0
-0.127770 0.048483 0.430901 255 0 0
-0.110344 0.048788 0.428173 255 0 0
-0.115093 0.047887 0.421693 255 0 0
-0.114671 0.055095 0.422460 255 0 0
-0.119138 0.052098 0.421355 255 0 0
-0.119412 0.059437 0.423499 255 0 0
-0.124017 0.059654 0.426844 255 0 0
-0.119551 0.062651 0.427949 255 0 0
-0.119501 0.060511 0.433006 255 0 0
-0.114896 0.060294 0.429661 255 0 0
-0.111830 0.053485 0.431326 255 0 0
-0.111880 0.055624 0.426269 255 0 0
-0.111606 0.048285 0.424125 255 0 0
-0.126589 0.052448 0.426767 255 0 0
-0.126728 0.055662 0.431218 255 0 0
-0.118832 0.043436 0.422336 255 0 0
-0.123573 0.047778 0.423375 255 0 0
-0.111386 0.041609 0.427857 255 0 0
-0.114177 0.041079 0.424048 255 0 0
-0.114541 0.049493 0.435699 255 0 0
-0.111525 0.044823 0.432307 255 0 0
-0.123937 0.056192 0.435026 255 0 0
-0.119281 0.053835 0.436738 255 0 0
-0.126234 0.041647 0.432805 255 0 0
-0.126284 0.043786 0.427749 255 0 0
-0.123218 0.036977 0.429413 255 0 0
-0.118613 0.036760 0.426068 255 0 0
-0.118563 0.034620 0.431125 255 0 0
-0.114097 0.037617 0.432230 255 0 0
-0.118702 0.037834 0.435575 255 0 0
-0.118976 0.045174 0.437719 255 0 0
-0.123443 0.042177 0.436614 255 0 0
-0.126508 0.048986 0.434949 255 0 0
-0.108285 0.057933 0.426053 255 0 0
-0.115795 0.058232 0.431570 255 0 0
-0.107939 0.033631 0.427843 255 0 0
-0.115449 0.033930 0.433360 255 0 0
-0.115727 0.037969 0.424883 255 0 0
-0.115941 0.052989 0.423777 255 0 0
-0.107793 0.038874 0.435636 255 0 0
-0.108007 0.053894 0.434530 255 0 0
-0.115491 0.046453 0.437493 255 0 0
-0.120395 0.045894 0.430847 255 0 0
-0.103339 0.045969 0.428566 255 0 0
-0.108243 0.045410 0.421921 255 0 0
-0.107631 0.052679 0.422983 255 0 0
-0.112132 0.049773 0.421645 255 0 0
-0.112156 0.057134 0.424074 255 0 0
-0.116571 0.057310 0.427317 255 0 0
-0.112070 0.060216 0.428655 255 0 0
-0.111907 0.057842 0.433637 255 0 0
-0.107492 0.057666 0.430394 255 0 0
-0.104585 0.050634 0.431871 255 0 0
-0.104749 0.053008 0.426889 255 0 0
-0.104724 0.045647 0.424460 255 0 0
-0.119274 0.050058 0.426892 255 0 0
-0.119189 0.053140 0.431472 255 0 0
-0.112006 0.040945 0.422295 255 0 0
-0.116531 0.045400 0.423386 255 0 0
-0.104545 0.038723 0.427941 255 0 0
-0.107428 0.038395 0.424035 255 0 0
-0.107203 0.046464 0.436027 255 0 0
-0.104460 0.041805 0.432522 255 0 0
-0.116306 0.053468 0.435378 255 0 0
-0.111728 0.050918 0.437118 255 0 0
-0.118985 0.038855 0.432524 255 0 0
-0.119149 0.041229 0.427542 255 0 0
-0.116242 0.034197 0.429019 255 0 0
-0.111827 0.034021 0.425776 255 0 0
-0.111664 0.031647 0.430759 255 0 0
-0.107163 0.034553 0.432097 255 0 0
-0.111578 0.034729 0.435339 255 0 0
-0.111602 0.042090 0.437768 255 0 0
-0.116103 0.039184 0.436431 255 0 0
-0.119010 0.046216 0.434954 255 0 0
-0.192871 -0.077918 0.453487 255 0 0
-0.201638 -0.079244 0.463218 255 0 0
-0.194215 -0.097973 0.449542 255 0 0
-0.202983 -0.099299 0.459274 255 0 0
-0.202535 -0.093808 0.451519 255 0 0
-0.201704 -0.081414 0.453957 255 0 0
-0.194149 -0.095803 0.458803 255 0 0
-0.193318 -0.083408 0.461241 255 0 0
-0.202429 -0.090298 0.466504 255 0 0
-0.207611 -0.089065 0.462002 255 0 0
-0.188242 -0.088152 0.450758 255 0 0
-0.193425 -0.086919 0.446257 255 0 0
-0.192309 -0.081332 0.448729 255 0 0
-0.197501 -0.083386 0.449006 255 0 0
-0.197175 -0.078096 0.453255 255 0 0
-0.202329 -0.078875 0.458975 255 0 0
-0.197136 -0.076820 0.458699 255 0 0
-0.197400 -0.080048 0.463257 255 0 0
-0.192246 -0.079268 0.457537 255 0 0
-0.189525 -0.085284 0.455933 255 0 0
-0.189262 -0.082056 0.451375 255 0 0
-0.189588 -0.087347 0.447125 255 0 0
-0.205840 -0.084648 0.458261 255 0 0
-0.205801 -0.083372 0.463704 255 0 0
-0.197989 -0.090672 0.447573 255 0 0
-0.202856 -0.087436 0.452099 255 0 0
-0.190053 -0.093844 0.449056 255 0 0
-0.193099 -0.093120 0.446410 255 0 0
-0.192998 -0.089781 0.460662 255 0 0
-0.190014 -0.092569 0.454500 255 0 0
-0.202754 -0.084097 0.466350 255 0 0
-0.197864 -0.086545 0.465188 255 0 0
-0.206591 -0.095161 0.461385 255 0 0
-0.206328 -0.091933 0.456828 255 0 0
-0.203607 -0.097949 0.455224 255 0 0
-0.198454 -0.097169 0.449504 255 0 0
-0.198717 -0.100397 0.454062 255 0 0
-0.193525 -0.098342 0.453785 255 0 0
-0.198678 -0.099121 0.459505 255 0 0
-0.198352 -0.093830 0.463755 255 0 0
-0.203545 -0.095885 0.464031 255 0 0
-0.206265 -0.089870 0.465635 255 0 0
-0.124975 -0.068118 0.413508 255 0 0
-0.135045 -0.065667 0.420934 255 0 0
-0.130215 -0.088425 0.413103 255 0 0
-0.140285 -0.085975 0.420528 255 0 0
-0.137436 -0.082407 0.412269 255 0 0
-0.134198 -0.069856 0.412520 255 0 0
-0.131063 -0.084236 0.421517 255 0 0
-0.127824 -0.071686 0.421767 255 0 0
-0.138807 -0.075629 0.425883 255 0 0
-0.142747 -0.074499 0.420168 255 0 0
-0.122514 -0.079594 0.413869 255 0 0
-0.126453 -0.078463 0.408153 255 0 0
-0.124499 -0.072631 0.409744 255 0 0
-0.129920 -0.073653 0.409163 255 0 0
-0.129052 -0.067572 0.412311 255 0 0
-0.134971 -0.066131 0.416675 255 0 0
-0.129550 -0.065110 0.417257 255 0 0
-0.131224 -0.067207 0.422111 255 0 0
-0.125305 -0.068647 0.417747 255 0 0
-0.123859 -0.075393 0.417958 255 0 0
-0.122184 -0.073296 0.413104 255 0 0
-0.123053 -0.079377 0.409956 255 0 0
-0.139498 -0.071322 0.416225 255 0 0
-0.139996 -0.068860 0.421171 255 0 0
-0.131824 -0.081030 0.409016 255 0 0
-0.136376 -0.075971 0.411582 255 0 0
-0.125264 -0.085232 0.412865 255 0 0
-0.127580 -0.084568 0.409506 255 0 0
-0.128884 -0.078122 0.422454 255 0 0
-0.125762 -0.082770 0.417811 255 0 0
-0.137680 -0.069525 0.424530 255 0 0
-0.133436 -0.073062 0.425020 255 0 0
-0.143076 -0.080797 0.420933 255 0 0
-0.141401 -0.078700 0.416078 255 0 0
-0.139955 -0.085445 0.416290 255 0 0
-0.134036 -0.086886 0.411925 255 0 0
-0.135710 -0.088983 0.416780 255 0 0
-0.130289 -0.087961 0.417361 255 0 0
-0.136208 -0.086521 0.421725 255 0 0
-0.135340 -0.080440 0.424873 255 0 0
-0.140761 -0.081462 0.424292 255 0 0
-0.142207 -0.074716 0.424080 255 0 0
-0.154149 0.052374 0.434243 255 0 0
-0.163174 0.052044 0.440802 255 0 0
-0.153050 0.029781 0.434619 255 0 0
-0.162075 0.029451 0.441177 255 0 0
-0.161306 0.033678 0.432951 255 0 0
-0.161985 0.047641 0.432719 255 0 0
-0.154239 0.034183 0.442701 255 0 0
-0.154918 0.048147 0.442469 255 0 0
-0.163229 0.040802 0.446029 255 0 0
-0.167597 0.040489 0.440004 255 0 0
-0.148626 0.041335 0.435417 255 0 0
-0.152994 0.041023 0.429391 255 0 0
-0.152774 0.047714 0.430782 255 0 0
-0.157380 0.044933 0.429887 255 0 0
-0.158059 0.051605 0.432739 255 0 0
-0.163364 0.051411 0.436594 255 0 0
-0.158758 0.054192 0.437490 255 0 0
-0.159210 0.051708 0.442325 255 0 0
-0.153905 0.051902 0.438470 255 0 0
-0.150659 0.045413 0.439160 255 0 0
-0.150207 0.047898 0.434324 255 0 0
-0.149528 0.041226 0.431472 255 0 0
-0.165964 0.044619 0.436125 255 0 0
-0.166662 0.047207 0.440876 255 0 0
-0.156981 0.036725 0.430023 255 0 0
-0.162266 0.040615 0.431979 255 0 0
-0.149561 0.034618 0.434545 255 0 0
-0.152128 0.034434 0.431003 255 0 0
-0.153958 0.041210 0.443441 255 0 0
-0.150260 0.037206 0.439296 255 0 0
-0.164095 0.047390 0.444417 255 0 0
-0.159242 0.045100 0.445397 255 0 0
-0.166017 0.033927 0.441096 255 0 0
-0.165565 0.036411 0.436261 255 0 0
-0.162319 0.029923 0.436951 255 0 0
-0.157014 0.030117 0.433096 255 0 0
-0.157466 0.027632 0.437931 255 0 0
-0.152860 0.030414 0.438827 255 0 0
-0.158165 0.030220 0.442682 255 0 0
-0.158843 0.036892 0.445534 255 0 0
-0.163449 0.034110 0.444638 255 0 0
-0.166695 0.040599 0.443948 255 0 0
-0.136805 -0.036711 0.422010 255 0 0
-0.146648 -0.034570 0.429209 255 0 0
-0.141474 -0.057433 0.421789 255 0 0
-0.151317 -0.055291 0.428988 255 0 0
-0.148775 -0.051617 0.420724 255 0 0
-0.145889 -0.038811 0.420861 255 0 0
-0.142233 -0.053192 0.430137 255 0 0
-0.139347 -0.040385 0.430274 255 0 0
-0.150003 -0.044755 0.434232 255 0 0
-0.154046 -0.043782 0.428415 255 0 0
-0.134076 -0.048220 0.422583 255 0 0
-0.138119 -0.047247 0.416766 255 0 0
-0.136303 -0.041273 0.418315 255 0 0
-0.141643 -0.042507 0.417639 255 0 0
-0.140870 -0.036314 0.420722 255 0 0
-0.146656 -0.035055 0.424954 255 0 0
-0.141316 -0.033821 0.425629 255 0 0
-0.142811 -0.035981 0.430486 255 0 0
-0.137025 -0.037239 0.426254 255 0 0
-0.135421 -0.044004 0.426592 255 0 0
-0.133927 -0.041845 0.421734 255 0 0
-0.134699 -0.048038 0.418652 255 0 0
-0.151005 -0.040470 0.424487 255 0 0
-0.151451 -0.037978 0.429394 255 0 0
-0.143339 -0.050034 0.417559 255 0 0
-0.147906 -0.045076 0.419966 255 0 0
-0.136671 -0.054025 0.421604 255 0 0
-0.139048 -0.053453 0.418185 255 0 0
-0.140215 -0.046927 0.431032 255 0 0
-0.137117 -0.051532 0.426511 255 0 0
-0.149074 -0.038550 0.432813 255 0 0
-0.144783 -0.041968 0.433439 255 0 0
-0.154195 -0.050158 0.429264 255 0 0
-0.152701 -0.047998 0.424406 255 0 0
-0.151097 -0.054763 0.424743 255 0 0
-0.145311 -0.056022 0.420511 255 0 0
-0.146805 -0.058181 0.425369 255 0 0
-0.141466 -0.056947 0.426044 255 0 0
-0.147251 -0.055688 0.430276 255 0 0
-0.146479 -0.049496 0.433358 255 0 0
-0.151819 -0.050730 0.432683 255 0 0
-0.153423 -0.043965 0.432346 255 0 0
-0.164408 -0.071148 0.431141 255 0 0
-0.174742 -0.069845 0.438909 255 0 0
-0.168056 -0.091636 0.429723 255 0 0
-0.178391 -0.090333 0.437491 255 0 0
-0.175785 -0.086181 0.429393 255 0 0
-0.173530 -0.073518 0.430270 255 0 0
-0.169268 -0.087962 0.438362 255 0 0
-0.167013 -0.075300 0.439239 255 0 0
-0.177746 -0.080237 0.443372 255 0 0
-0.181774 -0.079136 0.437829 255 0 0
-0.161025 -0.082345 0.430803 255 0 0
-0.165052 -0.081244 0.425260 255 0 0
-0.163559 -0.075398 0.427127 255 0 0
-0.168921 -0.076791 0.426615 255 0 0
-0.168542 -0.070857 0.430071 255 0 0
-0.174617 -0.070091 0.434637 255 0 0
-0.169254 -0.068698 0.435150 255 0 0
-0.170786 -0.071138 0.439909 255 0 0
-0.164712 -0.071904 0.435343 255 0 0
-0.162723 -0.078485 0.435145 255 0 0
-0.161192 -0.076045 0.430385 255 0 0
-0.161570 -0.081979 0.426928 255 0 0
-0.178750 -0.075552 0.434002 255 0 0
-0.179462 -0.073393 0.439080 255 0 0
-0.170247 -0.084234 0.426100 255 0 0
-0.175230 -0.079693 0.429044 255 0 0
-0.163336 -0.088087 0.429552 255 0 0
-0.165704 -0.087440 0.426293 255 0 0
-0.167569 -0.081787 0.439588 255 0 0
-0.164049 -0.085928 0.434630 255 0 0
-0.177095 -0.074040 0.442339 255 0 0
-0.172552 -0.077246 0.442532 255 0 0
-0.181607 -0.085435 0.438247 255 0 0
-0.180075 -0.082995 0.433487 255 0 0
-0.178087 -0.089576 0.433289 255 0 0
-0.172012 -0.090342 0.428723 255 0 0
-0.173544 -0.092783 0.433482 255 0 0
-0.168182 -0.091389 0.433995 255 0 0
-0.174256 -0.090623 0.438560 255 0 0
-0.173877 -0.084689 0.442017 255 0 0
-0.179239 -0.086083 0.441505 255 0 0
-0.181228 -0.079501 0.441704 255 0 0
-0.094853 0.048695 0.426890 255 0 0
-0.102448 0.048852 0.432438 255 0 0
-0.094502 0.024492 0.428051 255 0 0
-0.102097 0.024648 0.433599 255 0 0
-0.102304 0.028877 0.425222 255 0 0
-0.102521 0.043836 0.424505 255 0 0
-0.094429 0.029508 0.435985 255 0 0
-0.094646 0.044466 0.435267 255 0 0
-0.102186 0.036993 0.438059 255 0 0
-0.107053 0.036603 0.431407 255 0 0
-0.089897 0.036740 0.429082 255 0 0
-0.094764 0.036351 0.422431 255 0 0
-0.094165 0.043550 0.423680 255 0 0
-0.098672 0.040694 0.422278 255 0 0
-0.098724 0.047950 0.424899 255 0 0
-0.103188 0.048042 0.428160 255 0 0
-0.098681 0.050898 0.429563 255 0 0
-0.098559 0.048412 0.434486 255 0 0
-0.094095 0.048321 0.431225 255 0 0
-0.091182 0.041293 0.432514 255 0 0
-0.091304 0.043779 0.427590 255 0 0
-0.091252 0.036523 0.424968 255 0 0
-0.105895 0.040843 0.427554 255 0 0
-0.105852 0.043791 0.432218 255 0 0
-0.098544 0.031902 0.422700 255 0 0
-0.103104 0.036301 0.423919 255 0 0
-0.091098 0.029553 0.428272 255 0 0
-0.093959 0.029324 0.424362 255 0 0
-0.093846 0.037042 0.436571 255 0 0
-0.091055 0.032501 0.432935 255 0 0
-0.102991 0.044020 0.436127 255 0 0
-0.098406 0.041442 0.437790 255 0 0
-0.105646 0.029564 0.432900 255 0 0
-0.105768 0.032050 0.427976 255 0 0
-0.102855 0.025023 0.429264 255 0 0
-0.098391 0.024931 0.426003 255 0 0
-0.098269 0.022445 0.430927 255 0 0
-0.093762 0.025302 0.432329 255 0 0
-0.098226 0.025394 0.435590 255 0 0
-0.098278 0.032650 0.438212 255 0 0
-0.102785 0.029793 0.436810 255 0 0
-0.105698 0.036820 0.435521 255 0 0
-0.099730 0.029030 0.427912 255 0 0
-0.106973 0.028749 0.433352 255 0 0
-0.099258 0.004346 0.427268 255 0 0
-0.106501 0.004065 0.432708 255 0 0
-0.107054 0.008983 0.424676 255 0 0
-0.107346 0.024239 0.425074 255 0 0
-0.098885 0.008856 0.435546 255 0 0
-0.099177 0.024112 0.435943 255 0 0
-0.106451 0.016281 0.438070 255 0 0
-0.111500 0.016360 0.431352 255 0 0
-0.094732 0.016735 0.429268 255 0 0
-0.099780 0.016814 0.422550 255 0 0
-0.099165 0.024041 0.424339 255 0 0
-0.103641 0.021225 0.422671 255 0 0
-0.103612 0.028405 0.425823 255 0 0
-0.107870 0.028240 0.429020 255 0 0
-0.103393 0.031056 0.430688 255 0 0
-0.103068 0.028166 0.435409 255 0 0
-0.098811 0.028331 0.432211 255 0 0
-0.095873 0.021104 0.433008 255 0 0
-0.096198 0.023995 0.428288 255 0 0
-0.096227 0.016814 0.425136 255 0 0
-0.110530 0.020958 0.427845 255 0 0
-0.110311 0.023609 0.432710 255 0 0
-0.103470 0.012258 0.422437 255 0 0
-0.107917 0.016622 0.423921 255 0 0
-0.095920 0.009486 0.427909 255 0 0
-0.098888 0.009532 0.423961 255 0 0
-0.098314 0.016473 0.436699 255 0 0
-0.095701 0.012137 0.432775 255 0 0
-0.107344 0.023563 0.436659 255 0 0
-0.102761 0.020837 0.438182 255 0 0
-0.110034 0.009100 0.432332 255 0 0
-0.110358 0.011991 0.427611 255 0 0
-0.107420 0.004764 0.428408 255 0 0
-0.103163 0.004929 0.425211 255 0 0
-0.102838 0.002038 0.429931 255 0 0
-0.098362 0.004854 0.431599 255 0 0
-0.102619 0.004690 0.434797 255 0 0
-0.102590 0.011870 0.437948 255 0 0
-0.107066 0.009054 0.436281 255 0 0
-0.110004 0.016281 0.435484 255 0 0
-0.111253 0.015213 0.426768 255 0 0
-0.118545 0.014494 0.432199 255 0 0
-0.110814 -0.009140 0.424135 255 0 0
-0.118106 -0.009859 0.429566 255 0 0
-0.118633 -0.004336 0.421931 255 0 0
-0.118904 0.010715 0.423558 255 0 0
-0.110455 -0.005361 0.432775 255 0 0
-0.110726 0.009690 0.434402 255 0 0
-0.118051 0.001779 0.435912 255 0 0
-0.123106 0.002412 0.429210 255 0 0
-0.106253 0.002942 0.427124 255 0 0
-0.111308 0.003575 0.420422 255 0 0
-0.110684 0.010573 0.422792 255 0 0
-0.115181 0.007929 0.420906 255 0 0
-0.115149 0.014770 0.424636 255 0 0
-0.119435 0.014347 0.427828 255 0 0
-0.114938 0.016991 0.429714 255 0 0
-0.114628 0.013745 0.434202 255 0 0
-0.110342 0.014167 0.431009 255 0 0
-0.107403 0.006955 0.431219 255 0 0
-0.107713 0.010201 0.426731 255 0 0
-0.107745 0.003360 0.423001 255 0 0
-0.122116 0.007246 0.426071 255 0 0
-0.121904 0.009467 0.431150 255 0 0
-0.115021 -0.000917 0.419949 255 0 0
-0.119487 0.003279 0.421793 255 0 0
-0.107455 -0.004113 0.425184 255 0 0
-0.110426 -0.003741 0.421244 255 0 0
-0.109872 0.002074 0.434541 255 0 0
-0.107243 -0.001892 0.430262 255 0 0
-0.118933 0.009095 0.435089 255 0 0
-0.114338 0.006271 0.436384 255 0 0
-0.121646 -0.004847 0.429602 255 0 0
-0.121956 -0.001601 0.425115 255 0 0
-0.119017 -0.008814 0.425324 255 0 0
-0.114731 -0.008391 0.422132 255 0 0
-0.114421 -0.011637 0.426619 255 0 0
-0.109924 -0.008994 0.428506 255 0 0
-0.114210 -0.009416 0.431698 255 0 0
-0.114178 -0.002576 0.435428 255 0 0
-0.118675 -0.005219 0.433542 255 0 0
-0.121614 0.001993 0.433332 255 0 0
-0.185544 0.005638 0.458630 255 0 0
-0.194114 0.003764 0.468227 255 0 0
-0.184484 -0.015026 0.455543 255 0 0
-0.193054 -0.016899 0.465140 255 0 0
-0.193169 -0.011681 0.457248 255 0 0
-0.193824 0.001089 0.459155 255 0 0
-0.184773 -0.012351 0.464614 255 0 0
-0.185429 0.000420 0.466522 255 0 0
-0.193638 -0.007353 0.471925 255 0 0
-0.198826 -0.006939 0.467373 255 0 0
-0.179771 -0.004322 0.456397 255 0 0
-0.184960 -0.003908 0.451844 255 0 0
-0.184541 0.002005 0.454070 255 0 0
-0.189408 -0.000668 0.454379 255 0 0
-0.189752 0.004943 0.458367 255 0 0
-0.194789 0.003842 0.464008 255 0 0
-0.189922 0.006515 0.463699 255 0 0
-0.189854 0.003448 0.468338 255 0 0
-0.184817 0.004549 0.462697 255 0 0
-0.181424 -0.001305 0.461385 255 0 0
-0.181492 0.001762 0.456746 255 0 0
-0.181148 -0.003849 0.452757 255 0 0
-0.197559 -0.002450 0.463506 255 0 0
-0.197729 -0.000878 0.468838 255 0 0
-0.189023 -0.008175 0.453258 255 0 0
-0.194234 -0.005237 0.457555 255 0 0
-0.180868 -0.010384 0.454931 255 0 0
-0.183918 -0.010140 0.452255 255 0 0
-0.184364 -0.006024 0.466214 255 0 0
-0.181039 -0.008811 0.460263 255 0 0
-0.194679 -0.001121 0.471514 255 0 0
-0.189574 -0.003087 0.470512 255 0 0
-0.197106 -0.013023 0.467024 255 0 0
-0.197174 -0.009956 0.462385 255 0 0
-0.193781 -0.015810 0.461073 255 0 0
-0.188743 -0.014709 0.455432 255 0 0
-0.188676 -0.017776 0.460070 255 0 0
-0.183809 -0.015103 0.459761 255 0 0
-0.188846 -0.016204 0.465402 255 0 0
-0.189189 -0.010593 0.469391 255 0 0
-0.194056 -0.013266 0.469700 255 0 0
-0.197449 -0.007412 0.471012 255 0 0
-0.159843 -0.000722 0.436378 255 0 0
-0.169958 0.000963 0.443939 255 0 0
-0.163245 -0.021476 0.436453 255 0 0
-0.173360 -0.019791 0.444014 255 0 0
-0.170981 -0.016141 0.435648 255 0 0
-0.168878 -0.003314 0.435602 255 0 0
-0.164324 -0.017199 0.444790 255 0 0
-0.162221 -0.004373 0.444743 255 0 0
-0.172727 -0.009220 0.449138 255 0 0
-0.176842 -0.008566 0.443488 255 0 0
-0.156361 -0.011947 0.436903 255 0 0
-0.160475 -0.011293 0.431254 255 0 0
-0.159028 -0.005262 0.432695 255 0 0
-0.164339 -0.006785 0.432240 255 0 0
-0.163967 -0.000572 0.435251 255 0 0
-0.169913 0.000419 0.439696 255 0 0
-0.164601 0.001942 0.440152 255 0 0
-0.166000 -0.000203 0.445069 255 0 0
-0.160054 -0.001194 0.440624 255 0 0
-0.158008 -0.007792 0.440933 255 0 0
-0.156609 -0.005646 0.436016 255 0 0
-0.156981 -0.011860 0.433004 255 0 0
-0.173959 -0.005182 0.439431 255 0 0
-0.174593 -0.002668 0.444331 255 0 0
-0.165575 -0.014325 0.432267 255 0 0
-0.170514 -0.009635 0.434823 255 0 0
-0.158609 -0.017845 0.436060 255 0 0
-0.161028 -0.017461 0.432740 255 0 0
-0.162688 -0.010879 0.445569 255 0 0
-0.159244 -0.015331 0.440961 255 0 0
-0.172175 -0.003053 0.447652 255 0 0
-0.167628 -0.006189 0.448125 255 0 0
-0.176593 -0.014867 0.444375 255 0 0
-0.175195 -0.012722 0.439458 255 0 0
-0.173148 -0.019319 0.439767 255 0 0
-0.167203 -0.020310 0.435323 255 0 0
-0.168601 -0.022456 0.440240 255 0 0
-0.163290 -0.020932 0.440696 255 0 0
-0.169236 -0.019941 0.445140 255 0 0
-0.168864 -0.013728 0.448152 255 0 0
-0.174175 -0.015251 0.447696 255 0 0
-0.176221 -0.008654 0.447387 255 0 0
-0.156394 -0.038841 0.430393 255 0 0
-0.166665 -0.037541 0.437914 255 0 0
-0.159325 -0.059534 0.429969 255 0 0
-0.169596 -0.058233 0.437490 255 0 0
-0.167198 -0.054371 0.429209 255 0 0
-0.165387 -0.041582 0.429471 255 0 0
-0.160603 -0.055493 0.438411 255 0 0
-0.158791 -0.042704 0.438673 255 0 0
-0.169267 -0.047832 0.442869 255 0 0
-0.173343 -0.047138 0.437182 255 0 0
-0.152647 -0.049937 0.430700 255 0 0
-0.156723 -0.049243 0.425013 255 0 0
-0.155428 -0.043253 0.426608 255 0 0
-0.160715 -0.044864 0.426066 255 0 0
-0.160521 -0.038750 0.429228 255 0 0
-0.166558 -0.037985 0.433649 255 0 0
-0.161272 -0.036374 0.434190 255 0 0
-0.162681 -0.038645 0.439058 255 0 0
-0.156644 -0.039410 0.434637 255 0 0
-0.154442 -0.045931 0.434818 255 0 0
-0.153032 -0.043661 0.429951 255 0 0
-0.153226 -0.049775 0.426788 255 0 0
-0.170483 -0.043626 0.433219 255 0 0
-0.171235 -0.041251 0.438181 255 0 0
-0.161779 -0.052381 0.425912 255 0 0
-0.166872 -0.047878 0.428533 255 0 0
-0.154755 -0.055824 0.429701 255 0 0
-0.157151 -0.055416 0.426359 255 0 0
-0.159118 -0.049197 0.439350 255 0 0
-0.155507 -0.053448 0.434664 255 0 0
-0.168839 -0.041659 0.441524 255 0 0
-0.164210 -0.044694 0.441970 255 0 0
-0.172957 -0.053414 0.437932 255 0 0
-0.171548 -0.051144 0.433065 255 0 0
-0.169346 -0.057665 0.433246 255 0 0
-0.163308 -0.058430 0.428825 255 0 0
-0.164718 -0.060700 0.433692 255 0 0
-0.159432 -0.059090 0.434234 255 0 0
-0.165469 -0.058325 0.438654 255 0 0
-0.165275 -0.052211 0.441817 255 0 0
-0.170561 -0.053822 0.441275 255 0 0
-0.172764 -0.047300 0.441094 255 0 0
-0.140978 -0.003706 0.426793 255 0 0
-0.151141 -0.001709 0.434150 255 0 0
-0.144768 -0.024319 0.427153 255 0 0
-0.154931 -0.022322 0.434510 255 0 0
-0.152395 -0.018864 0.426105 255 0 0
-0.150053 -0.006124 0.425883 255 0 0
-0.145856 -0.019903 0.435420 255 0 0
-0.143513 -0.007164 0.435197 255 0 0
-0.154155 -0.011719 0.439482 255 0 0
-0.158197 -0.011077 0.433725 255 0 0
-0.137712 -0.014951 0.427577 255 0 0
-0.141753 -0.014308 0.421821 255 0 0
-0.140209 -0.008303 0.423193 255 0 0
-0.145543 -0.009725 0.422658 255 0 0
-0.145087 -0.003493 0.425580 255 0 0
-0.151061 -0.002319 0.429905 255 0 0
-0.145727 -0.000898 0.430440 255 0 0
-0.147217 -0.002930 0.435380 255 0 0
-0.141243 -0.004104 0.431055 255 0 0
-0.139324 -0.010714 0.431517 255 0 0
-0.137833 -0.008681 0.426576 255 0 0
-0.138289 -0.014913 0.423654 255 0 0
-0.155208 -0.007825 0.429655 255 0 0
-0.155848 -0.005230 0.434515 255 0 0
-0.146919 -0.017213 0.422789 255 0 0
-0.151798 -0.012403 0.425177 255 0 0
-0.140061 -0.020797 0.426788 255 0 0
-0.142436 -0.020419 0.423404 255 0 0
-0.144111 -0.013625 0.436126 255 0 0
-0.140700 -0.018202 0.431647 255 0 0
-0.153472 -0.005608 0.437898 255 0 0
-0.148989 -0.008814 0.438514 255 0 0
-0.158075 -0.017346 0.434726 255 0 0
-0.156585 -0.015314 0.429786 255 0 0
-0.154665 -0.021923 0.430248 255 0 0
-0.148692 -0.023097 0.425923 255 0 0
-0.150182 -0.025130 0.430863 255 0 0
-0.144848 -0.023708 0.431398 255 0 0
-0.150821 -0.022534 0.435722 255 0 0
-0.150366 -0.016302 0.438645 255 0 0
-0.155700 -0.017724 0.438110 255 0 0
-0.157620 -0.011114 0.437649 255 0 0
-0.115975 -0.025929 0.422415 255 0 0
-0.123600 -0.026409 0.428003 255 0 0
-0.116851 -0.049793 0.419171 255 0 0
-0.124476 -0.050273 0.424759 255 0 0
-0.124442 -0.044608 0.417275 255 0 0
-0.123901 -0.029860 0.419281 255 0 0
-0.116551 -0.046342 0.427893 255 0 0
-0.116009 -0.031593 0.429899 255 0 0
-0.123956 -0.039025 0.431389 255 0 0
-0.128833 -0.037953 0.424826 255 0 0
-0.111619 -0.038248 0.422348 255 0 0
-0.116496 -0.037177 0.415785 255 0 0
-0.115535 -0.030404 0.418313 255 0 0
-0.120193 -0.032714 0.416470 255 0 0
-0.119887 -0.026103 0.420367 255 0 0
-0.124369 -0.026385 0.423652 255 0 0
-0.119711 -0.024074 0.425494 255 0 0
-0.119731 -0.027404 0.429893 255 0 0
-0.115249 -0.027122 0.426608 255 0 0
-0.112689 -0.034363 0.426569 255 0 0
-0.112668 -0.031033 0.422170 255 0 0
-0.112974 -0.037645 0.418273 255 0 0
-0.127445 -0.033170 0.421784 255 0 0
-0.127268 -0.031142 0.426911 255 0 0
-0.120512 -0.041383 0.415291 255 0 0
-0.124864 -0.037082 0.417346 255 0 0
-0.113183 -0.045060 0.420263 255 0 0
-0.116050 -0.044430 0.416405 255 0 0
-0.115587 -0.039120 0.429828 255 0 0
-0.113007 -0.043031 0.425390 255 0 0
-0.124401 -0.031772 0.430769 255 0 0
-0.119940 -0.034819 0.431883 255 0 0
-0.127783 -0.045169 0.425004 255 0 0
-0.127763 -0.041839 0.420606 255 0 0
-0.125202 -0.049080 0.420566 255 0 0
-0.120721 -0.048798 0.417281 255 0 0
-0.120741 -0.052127 0.421680 255 0 0
-0.116082 -0.049817 0.423522 255 0 0
-0.120564 -0.050099 0.426807 255 0 0
-0.120258 -0.043488 0.430704 255 0 0
-0.124916 -0.045798 0.428861 255 0 0
-0.127477 -0.038557 0.428901 255 0 0
-0.130664 0.090894 0.419799 255 0 0
-0.140570 0.088865 0.427041 255 0 0
-0.125901 0.070686 0.420652 255 0 0
-0.135807 0.068657 0.427894 255 0 0
-0.135058 0.072552 0.419329 255 0 0
-0.138002 0.085042 0.418802 255 0 0
-0.128469 0.074509 0.428890 255 0 0
-0.131412 0.086999 0.428363 255 0 0
-0.139213 0.078739 0.432660 255 0 0
-0.143285 0.077529 0.426751 255 0 0
-0.123185 0.082022 0.420942 255 0 0
-0.127258 0.080812 0.415033 255 0 0
-0.128211 0.086921 0.416287 255 0 0
-0.132524 0.083481 0.415701 255 0 0
-0.134526 0.089407 0.418502 255 0 0
-0.140348 0.088214 0.422759 255 0 0
-0.136035 0.091654 0.423345 255 0 0
-0.136475 0.089364 0.428379 255 0 0
-0.130652 0.090557 0.424122 255 0 0
-0.126257 0.085341 0.424794 255 0 0
-0.125817 0.087631 0.419760 255 0 0
-0.123815 0.081705 0.416959 255 0 0
-0.141944 0.081551 0.422588 255 0 0
-0.143454 0.083798 0.427431 255 0 0
-0.130793 0.076139 0.416011 255 0 0
-0.137109 0.078626 0.418226 255 0 0
-0.123017 0.075753 0.420261 255 0 0
-0.125411 0.075042 0.416788 255 0 0
-0.129362 0.080926 0.429466 255 0 0
-0.124526 0.078000 0.425104 255 0 0
-0.141060 0.084509 0.430905 255 0 0
-0.135677 0.083412 0.431682 255 0 0
-0.140654 0.071920 0.427932 255 0 0
-0.140214 0.074210 0.422898 255 0 0
-0.135818 0.068994 0.423570 255 0 0
-0.129996 0.070187 0.419313 255 0 0
-0.130436 0.067897 0.424347 255 0 0
-0.126123 0.071337 0.424933 255 0 0
-0.131945 0.070144 0.429190 255 0 0
-0.133947 0.076070 0.431992 255 0 0
-0.138260 0.072631 0.431406 255 0 0
-0.142656 0.077846 0.430734 255 0 0
-0.139859 0.019949 0.429351 255 0 0
-0.149310 0.020545 0.436151 255 0 0
-0.142264 -0.001712 0.427909 255 0 0
-0.151715 -0.001116 0.434709 255 0 0
-0.149966 0.003426 0.426747 255 0 0
-0.148480 0.016813 0.427638 255 0 0
-0.143094 0.002019 0.436423 255 0 0
-0.141607 0.015406 0.437314 255 0 0
-0.151309 0.009464 0.440522 255 0 0
-0.155557 0.010334 0.434542 255 0 0
-0.136017 0.008499 0.429519 255 0 0
-0.140265 0.009369 0.423539 255 0 0
-0.139057 0.015579 0.425464 255 0 0
-0.144124 0.013736 0.424457 255 0 0
-0.143886 0.019955 0.427874 255 0 0
-0.149441 0.020306 0.431871 255 0 0
-0.144374 0.022148 0.432878 255 0 0
-0.145401 0.019478 0.437558 255 0 0
-0.139846 0.019128 0.433561 255 0 0
-0.137588 0.012398 0.433660 255 0 0
-0.136560 0.015068 0.428979 255 0 0
-0.136798 0.008849 0.425563 255 0 0
-0.153113 0.014303 0.430925 255 0 0
-0.153601 0.016497 0.435929 255 0 0
-0.144998 0.005867 0.423934 255 0 0
-0.149827 0.010243 0.426343 255 0 0
-0.137973 0.002336 0.428132 255 0 0
-0.140470 0.002847 0.424617 255 0 0
-0.141747 0.008589 0.437718 255 0 0
-0.138461 0.004529 0.433136 255 0 0
-0.151104 0.015986 0.439444 255 0 0
-0.146576 0.012965 0.440127 255 0 0
-0.155014 0.003765 0.435081 255 0 0
-0.153986 0.006435 0.430401 255 0 0
-0.151728 -0.000295 0.430499 255 0 0
-0.146173 -0.000646 0.426502 255 0 0
-0.147200 -0.003316 0.431183 255 0 0
-0.142133 -0.001473 0.432190 255 0 0
-0.147688 -0.001122 0.436187 255 0 0
-0.147450 0.005097 0.439603 255 0 0
-0.152517 0.003254 0.438596 255 0 0
-0.154776 0.009984 0.438498 255 0 0
-0.137192 -0.017818 0.424996 255 0 0
-0.146846 -0.016793 0.431975 255 0 0
-0.140114 -0.039243 0.424100 255 0 0
-0.149769 -0.038218 0.431078 255 0 0
-0.147761 -0.033979 0.422991 255 0 0
-0.145954 -0.020737 0.423546 255 0 0
-0.141006 -0.035299 0.432529 255 0 0
-0.139200 -0.022058 0.433083 255 0 0
-0.149204 -0.027597 0.436631 255 0 0
-0.153378 -0.026781 0.430736 255 0 0
-0.133583 -0.029256 0.425339 255 0 0
-0.137757 -0.028439 0.419444 255 0 0
-0.136420 -0.022270 0.421199 255 0 0
-0.141570 -0.023986 0.420346 255 0 0
-0.141238 -0.017743 0.423610 255 0 0
-0.146913 -0.017141 0.427712 255 0 0
-0.141762 -0.015425 0.428565 255 0 0
-0.142943 -0.017917 0.433318 255 0 0
-0.137268 -0.018520 0.429216 255 0 0
-0.135147 -0.025242 0.429417 255 0 0
-0.133966 -0.022750 0.424664 255 0 0
-0.134298 -0.028993 0.421400 255 0 0
-0.150752 -0.023011 0.426984 255 0 0
-0.151276 -0.020693 0.431938 255 0 0
-0.142632 -0.031769 0.420020 255 0 0
-0.147450 -0.027242 0.422431 255 0 0
-0.135684 -0.035343 0.424137 255 0 0
-0.138138 -0.034864 0.420672 255 0 0
-0.139510 -0.028795 0.433643 255 0 0
-0.136208 -0.033025 0.429091 255 0 0
-0.148823 -0.021173 0.435403 255 0 0
-0.144329 -0.024267 0.436054 255 0 0
-0.152994 -0.033286 0.431411 255 0 0
-0.151814 -0.030794 0.426658 255 0 0
-0.149692 -0.037517 0.426859 255 0 0
-0.144018 -0.038119 0.422757 255 0 0
-0.145198 -0.040611 0.427510 255 0 0
-0.140048 -0.038896 0.428363 255 0 0
-0.145722 -0.038293 0.432465 255 0 0
-0.145390 -0.032050 0.435729 255 0 0
-0.150541 -0.033766 0.434876 255 0 0
-0.152662 -0.027044 0.434675 255 0 0
-0.122182 -0.033089 0.420262 255 0 0
-0.130554 -0.032973 0.426389 255 0 0
-0.124426 -0.055736 0.417626 255 0 0
-0.132797 -0.055619 0.423754 255 0 0
-0.131912 -0.050388 0.416080 255 0 0
-0.130526 -0.036392 0.417709 255 0 0
-0.124453 -0.052317 0.426307 255 0 0
-0.123067 -0.038321 0.427936 255 0 0
-0.131957 -0.044856 0.430126 255 0 0
-0.136567 -0.043664 0.423805 255 0 0
-0.118412 -0.045044 0.420211 255 0 0
-0.123022 -0.043852 0.413890 255 0 0
-0.121744 -0.037438 0.416210 255 0 0
-0.126648 -0.039379 0.414709 255 0 0
-0.126155 -0.033052 0.418454 255 0 0
-0.131075 -0.032984 0.422056 255 0 0
-0.126171 -0.031043 0.423557 255 0 0
-0.126691 -0.034118 0.428067 255 0 0
-0.121770 -0.034186 0.424466 255 0 0
-0.119554 -0.041213 0.424436 255 0 0
-0.119034 -0.038138 0.419925 255 0 0
-0.119528 -0.044465 0.416180 255 0 0
-0.134610 -0.039268 0.420537 255 0 0
-0.134626 -0.037259 0.425640 255 0 0
-0.127463 -0.047606 0.413752 255 0 0
-0.131874 -0.043220 0.415997 255 0 0
-0.120353 -0.051450 0.418376 255 0 0
-0.123063 -0.050749 0.414661 255 0 0
-0.123105 -0.045488 0.428019 255 0 0
-0.120369 -0.049440 0.423478 255 0 0
-0.131917 -0.037960 0.429355 255 0 0
-0.127516 -0.041103 0.430263 255 0 0
-0.135945 -0.050570 0.424091 255 0 0
-0.135425 -0.047495 0.419580 255 0 0
-0.133209 -0.054522 0.419550 255 0 0
-0.128288 -0.054591 0.415948 255 0 0
-0.128808 -0.057666 0.420459 255 0 0
-0.123904 -0.055724 0.421959 255 0 0
-0.128824 -0.055656 0.425561 255 0 0
-0.128331 -0.049330 0.429306 255 0 0
-0.133235 -0.051271 0.427806 255 0 0
-0.135451 -0.044244 0.427836 255 0 0
-0.123203 0.041601 0.428692 255 0 0
-0.130890 0.041136 0.434327 255 0 0
-0.122414 0.017421 0.427775 255 0 0
-0.130102 0.016957 0.433411 255 0 0
-0.130305 0.021881 0.425459 255 0 0
-0.130793 0.036825 0.426025 255 0 0
-0.122512 0.021732 0.436078 255 0 0
-0.123000 0.036676 0.436644 255 0 0
-0.130464 0.028857 0.438892 255 0 0
-0.135280 0.028949 0.432329 255 0 0
-0.118025 0.029608 0.429774 255 0 0
-0.122841 0.029700 0.423211 255 0 0
-0.122385 0.036769 0.425056 255 0 0
-0.126846 0.033962 0.423489 255 0 0
-0.127058 0.040957 0.426710 255 0 0
-0.131577 0.040684 0.430023 255 0 0
-0.127116 0.043491 0.431590 255 0 0
-0.126996 0.040597 0.436264 255 0 0
-0.122478 0.040870 0.432952 255 0 0
-0.119434 0.033821 0.433588 255 0 0
-0.119554 0.036715 0.428914 255 0 0
-0.119341 0.029720 0.425692 255 0 0
-0.134157 0.033520 0.428848 255 0 0
-0.134215 0.036055 0.433728 255 0 0
-0.126559 0.025178 0.423156 255 0 0
-0.131233 0.029366 0.424810 255 0 0
-0.119090 0.022503 0.428375 255 0 0
-0.121921 0.022557 0.424517 255 0 0
-0.122072 0.029191 0.437293 255 0 0
-0.119148 0.025037 0.433255 255 0 0
-0.131384 0.036001 0.437586 255 0 0
-0.126746 0.033379 0.438947 255 0 0
-0.133751 0.021842 0.433189 255 0 0
-0.133871 0.024737 0.428515 255 0 0
-0.130827 0.017688 0.429151 255 0 0
-0.126309 0.017961 0.425838 255 0 0
-0.126189 0.015066 0.430513 255 0 0
-0.121728 0.017873 0.432080 255 0 0
-0.126247 0.017600 0.435393 255 0 0
-0.126459 0.024595 0.438614 255 0 0
-0.130920 0.021788 0.437047 255 0 0
-0.133964 0.028837 0.436411 255 0 0
-0.125250 0.017294 0.427371 255 0 0
-0.132834 0.016234 0.432927 255 0 0
-0.124175 -0.006842 0.424234 255 0 0
-0.131759 -0.007902 0.429790 255 0 0
-0.132108 -0.002252 0.422335 255 0 0
-0.132773 0.012664 0.424274 255 0 0
-0.124236 -0.003273 0.432887 255 0 0
-0.124901 0.011644 0.434826 255 0 0
-0.132207 0.003523 0.436336 255 0 0
-0.137073 0.004154 0.429814 255 0 0
-0.119936 0.005238 0.427347 255 0 0
-0.124801 0.005869 0.420825 255 0 0
-0.124415 0.012790 0.423311 255 0 0
-0.128837 0.010069 0.421491 255 0 0
-0.129101 0.016784 0.425338 255 0 0
-0.133558 0.016161 0.428604 255 0 0
-0.129137 0.018882 0.430424 255 0 0
-0.128931 0.015562 0.434806 255 0 0
-0.124473 0.016185 0.431540 255 0 0
-0.121350 0.009098 0.431526 255 0 0
-0.121555 0.012419 0.427144 255 0 0
-0.121292 0.005704 0.423297 255 0 0
-0.136050 0.009061 0.426774 255 0 0
-0.136086 0.011159 0.431860 255 0 0
-0.128446 0.001301 0.420351 255 0 0
-0.133131 0.005296 0.422378 255 0 0
-0.120923 -0.001767 0.425301 255 0 0
-0.123783 -0.001397 0.421468 255 0 0
-0.123877 0.004096 0.434783 255 0 0
-0.120959 0.000331 0.430387 255 0 0
-0.133226 0.010788 0.435693 255 0 0
-0.128563 0.008090 0.436810 255 0 0
-0.135454 -0.003028 0.430017 255 0 0
-0.135659 0.000293 0.425635 255 0 0
-0.132535 -0.006793 0.425621 255 0 0
-0.128078 -0.006170 0.422355 255 0 0
-0.127872 -0.009491 0.426737 255 0 0
-0.123451 -0.006770 0.428557 255 0 0
-0.127908 -0.007393 0.431823 255 0 0
-0.128172 -0.000677 0.435670 255 0 0
-0.132594 -0.003398 0.433850 255 0 0
-0.135717 0.003688 0.433864 255 0 0
-0.085938 -0.017984 0.422882 255 0 0
-0.094849 -0.019042 0.429216 255 0 0
-0.086479 -0.040120 0.418421 255 0 0
-0.095390 -0.041178 0.424755 255 0 0
-0.094414 -0.035354 0.417578 255 0 0
-0.094080 -0.021673 0.420335 255 0 0
-0.087248 -0.037489 0.427302 255 0 0
-0.086914 -0.023808 0.430059 255 0 0
-0.095659 -0.031097 0.431948 255 0 0
-0.100088 -0.029778 0.425938 255 0 0
-0.081241 -0.029384 0.421699 255 0 0
-0.085669 -0.028065 0.415689 255 0 0
-0.084950 -0.021873 0.418490 255 0 0
-0.089736 -0.024042 0.416993 255 0 0
-0.089894 -0.018116 0.421221 255 0 0
-0.095132 -0.018738 0.424944 255 0 0
-0.090346 -0.016570 0.426441 255 0 0
-0.090920 -0.019993 0.430660 255 0 0
-0.085682 -0.019371 0.426937 255 0 0
-0.082921 -0.026072 0.426241 255 0 0
-0.082347 -0.022649 0.422022 255 0 0
-0.082189 -0.028574 0.417794 255 0 0
-0.098211 -0.025049 0.423017 255 0 0
-0.098663 -0.023502 0.428237 255 0 0
-0.089933 -0.032083 0.415372 255 0 0
-0.094876 -0.028326 0.418103 255 0 0
-0.082665 -0.035660 0.419400 255 0 0
-0.085268 -0.034884 0.415868 255 0 0
-0.086452 -0.030836 0.429534 255 0 0
-0.083117 -0.034113 0.424620 255 0 0
-0.096060 -0.024278 0.431770 255 0 0
-0.091396 -0.027079 0.432265 255 0 0
-0.098981 -0.036513 0.425615 255 0 0
-0.098407 -0.033090 0.421396 255 0 0
-0.095646 -0.039791 0.420701 255 0 0
-0.090409 -0.039169 0.416978 255 0 0
-0.090982 -0.042592 0.421196 255 0 0
-0.086197 -0.040424 0.422693 255 0 0
-0.091434 -0.041046 0.426417 255 0 0
-0.091592 -0.035120 0.430645 255 0 0
-0.096378 -0.037289 0.429147 255 0 0
-0.099139 -0.030588 0.429843 255 0 0
-0.084036 0.007154 0.425524 255 0 0
-0.092552 0.007066 0.431687 255 0 0
-0.085718 -0.015769 0.422873 255 0 0
-0.094234 -0.015857 0.429036 255 0 0
-0.093294 -0.010588 0.421444 255 0 0
-0.092255 0.003580 0.423082 255 0 0
-0.086015 -0.012282 0.431478 255 0 0
-0.084975 0.001885 0.433116 255 0 0
-0.093775 -0.004946 0.435367 255 0 0
-0.098274 -0.003899 0.429165 255 0 0
-0.079996 -0.004804 0.425395 255 0 0
-0.084495 -0.003757 0.419193 255 0 0
-0.083410 0.002761 0.421494 255 0 0
-0.088241 0.000660 0.420059 255 0 0
-0.087972 0.007073 0.423780 255 0 0
-0.092977 0.007022 0.427403 255 0 0
-0.088146 0.009123 0.428838 255 0 0
-0.088698 0.006026 0.433301 255 0 0
-0.083693 0.006077 0.429678 255 0 0
-0.081318 -0.000952 0.429602 255 0 0
-0.080766 0.002145 0.425140 255 0 0
-0.081036 -0.004268 0.421419 255 0 0
-0.096341 0.000576 0.425920 255 0 0
-0.096515 0.002626 0.430978 255 0 0
-0.088852 -0.007668 0.419096 255 0 0
-0.093414 -0.003355 0.421382 255 0 0
-0.081755 -0.011329 0.423582 255 0 0
-0.084399 -0.010713 0.419936 255 0 0
-0.084856 -0.005347 0.433178 255 0 0
-0.081929 -0.009279 0.428640 255 0 0
-0.093871 0.002010 0.434624 255 0 0
-0.089417 -0.001035 0.435464 255 0 0
-0.097504 -0.010848 0.429420 255 0 0
-0.096952 -0.007751 0.424957 255 0 0
-0.094577 -0.014780 0.424882 255 0 0
-0.089571 -0.014728 0.421259 255 0 0
-0.090124 -0.017825 0.425722 255 0 0
-0.085293 -0.015724 0.427157 255 0 0
-0.090298 -0.015776 0.430780 255 0 0
-0.090028 -0.009363 0.434501 255 0 0
-0.094859 -0.011464 0.433066 255 0 0
-0.097234 -0.004435 0.433141 255 0 0
-0.163822 -0.026122 0.436481 255 0 0
-0.174009 -0.024205 0.444340 255 0 0
-0.167452 -0.046693 0.436794 255 0 0
-0.177640 -0.044775 0.444653 255 0 0
-0.175196 -0.041283 0.436202 255 0 0
-0.172952 -0.028570 0.436009 255 0 0
-0.168509 -0.042328 0.445125 255 0 0
-0.166266 -0.029615 0.444932 255 0 0
-0.176906 -0.034220 0.449682 255 0 0
-0.181039 -0.033575 0.444168 255 0 0
-0.160423 -0.037323 0.436966 255 0 0
-0.164555 -0.036677 0.431452 255 0 0
-0.163040 -0.030689 0.432808 255 0 0
-0.168407 -0.032128 0.432530 255 0 0
-0.167975 -0.025924 0.435486 255 0 0
-0.173964 -0.024797 0.440106 255 0 0
-0.168597 -0.023358 0.440383 255 0 0
-0.170033 -0.025411 0.445350 255 0 0
-0.164045 -0.026538 0.440731 255 0 0
-0.162047 -0.033121 0.441016 255 0 0
-0.160611 -0.031068 0.436049 255 0 0
-0.161042 -0.037272 0.433093 255 0 0
-0.178095 -0.030304 0.440004 255 0 0
-0.178717 -0.027738 0.444901 255 0 0
-0.169725 -0.039600 0.432644 255 0 0
-0.174661 -0.034835 0.435322 255 0 0
-0.162745 -0.043159 0.436233 255 0 0
-0.165174 -0.042780 0.432991 255 0 0
-0.166801 -0.036063 0.445812 255 0 0
-0.163366 -0.040594 0.441129 255 0 0
-0.176288 -0.028118 0.448143 255 0 0
-0.171736 -0.031297 0.448490 255 0 0
-0.180851 -0.039829 0.445085 255 0 0
-0.179414 -0.037777 0.440118 255 0 0
-0.177416 -0.044360 0.440403 255 0 0
-0.171428 -0.045487 0.435784 255 0 0
-0.172865 -0.047540 0.440751 255 0 0
-0.167498 -0.046101 0.441028 255 0 0
-0.173486 -0.044974 0.445647 255 0 0
-0.173055 -0.038770 0.448604 255 0 0
-0.178422 -0.040209 0.448326 255 0 0
-0.180420 -0.033625 0.448041 255 0 0
-0.124897 -0.067822 0.414258 255 0 0
-0.134945 -0.065376 0.421675 255 0 0
-0.130124 -0.088097 0.413864 255 0 0
-0.140172 -0.085651 0.421281 255 0 0
-0.137350 -0.082087 0.413009 255 0 0
-0.134120 -0.069556 0.413253 255 0 0
-0.130949 -0.083917 0.422286 255 0 0
-0.127719 -0.071386 0.422530 255 0 0
-0.138686 -0.075323 0.426636 255 0 0
-0.142642 -0.074192 0.420903 255 0 0
-0.122427 -0.079281 0.414636 255 0 0
-0.126383 -0.078150 0.408903 255 0 0
-0.124430 -0.072327 0.410494 255 0 0
-0.129851 -0.073346 0.409903 255 0 0
-0.128977 -0.067276 0.413051 255 0 0
-0.134884 -0.065838 0.417410 255 0 0
-0.129462 -0.064819 0.418001 255 0 0
-0.131121 -0.066914 0.422863 255 0 0
-0.125215 -0.068352 0.418504 255 0 0
-0.123763 -0.075087 0.418726 255 0 0
-0.122104 -0.072992 0.413864 255 0 0
-0.122978 -0.079063 0.410716 255 0 0
-0.139408 -0.071020 0.416956 255 0 0
-0.139893 -0.068563 0.421907 255 0 0
-0.131750 -0.080712 0.409760 255 0 0
-0.136297 -0.075660 0.412317 255 0 0
-0.125176 -0.084910 0.413633 255 0 0
-0.127502 -0.084245 0.410262 255 0 0
-0.128772 -0.077812 0.423223 255 0 0
-0.125661 -0.082453 0.418583 255 0 0
-0.137567 -0.069228 0.425277 255 0 0
-0.133319 -0.072761 0.425779 255 0 0
-0.142965 -0.080481 0.421675 255 0 0
-0.141306 -0.078386 0.416813 255 0 0
-0.139854 -0.085121 0.417035 255 0 0
-0.133948 -0.086559 0.412676 255 0 0
-0.135607 -0.088654 0.417538 255 0 0
-0.130185 -0.087635 0.418129 255 0 0
-0.136092 -0.086197 0.422488 255 0 0
-0.135218 -0.080126 0.425636 255 0 0
-0.140639 -0.081146 0.425045 255 0 0
-0.142091 -0.074410 0.424823 255 0 0
-0.184618 -0.033525 0.452010 255 0 0
-0.193633 -0.033910 0.461338 255 0 0
-0.185013 -0.054407 0.450765 255 0 0
-0.194028 -0.054793 0.460094 255 0 0
-0.193475 -0.050304 0.451786 255 0 0
-0.193231 -0.037398 0.452555 255 0 0
-0.185415 -0.050919 0.459549 255 0 0
-0.185171 -0.038013 0.460318 255 0 0
-0.194125 -0.044660 0.465998 255 0 0
-0.199107 -0.044280 0.461200 255 0 0
-0.179539 -0.044037 0.450904 255 0 0
-0.184520 -0.043657 0.446106 255 0 0
-0.183734 -0.037613 0.447830 255 0 0
-0.188797 -0.039890 0.448150 255 0 0
-0.188854 -0.033934 0.451620 255 0 0
-0.194153 -0.034161 0.457103 255 0 0
-0.189090 -0.031884 0.456783 255 0 0
-0.189415 -0.034522 0.461667 255 0 0
-0.184117 -0.034296 0.456184 255 0 0
-0.181132 -0.040475 0.455534 255 0 0
-0.180807 -0.037837 0.450650 255 0 0
-0.180749 -0.043792 0.447180 255 0 0
-0.197370 -0.040256 0.457022 255 0 0
-0.197607 -0.038206 0.462185 255 0 0
-0.188941 -0.047476 0.447698 255 0 0
-0.194060 -0.043797 0.451489 255 0 0
-0.181039 -0.050111 0.449919 255 0 0
-0.183967 -0.049888 0.447098 255 0 0
-0.184586 -0.044520 0.460615 255 0 0
-0.181275 -0.048061 0.455082 255 0 0
-0.194679 -0.038430 0.465005 255 0 0
-0.189705 -0.040841 0.464405 255 0 0
-0.197839 -0.050480 0.461453 255 0 0
-0.197514 -0.047842 0.456570 255 0 0
-0.194529 -0.054021 0.455920 255 0 0
-0.189230 -0.053795 0.450437 255 0 0
-0.189555 -0.056433 0.455320 255 0 0
-0.184493 -0.054157 0.455000 255 0 0
-0.189792 -0.054383 0.460483 255 0 0
-0.189849 -0.048427 0.463953 255 0 0
-0.194911 -0.050704 0.464274 255 0 0
-0.197897 -0.044525 0.464924 255 0 0
-0.110427 -0.067771 0.410764 255 0 0
-0.120063 -0.066268 0.417780 255 0 0
-0.114664 -0.088416 0.409366 255 0 0
-0.124301 -0.086913 0.416382 255 0 0
-0.122046 -0.082701 0.408290 255 0 0
-0.119427 -0.069942 0.409153 255 0 0
-0.115300 -0.084742 0.417993 255 0 0
-0.112681 -0.071983 0.418856 255 0 0
-0.123075 -0.076757 0.422248 255 0 0
-0.127244 -0.075495 0.416251 255 0 0
-0.107483 -0.079189 0.410895 255 0 0
-0.111652 -0.077927 0.404898 255 0 0
-0.109929 -0.072060 0.406823 255 0 0
-0.115220 -0.073336 0.405876 255 0 0
-0.114499 -0.067367 0.409324 255 0 0
-0.120163 -0.066483 0.413448 255 0 0
-0.114873 -0.065207 0.414394 255 0 0
-0.116198 -0.067683 0.419151 255 0 0
-0.110534 -0.068567 0.415027 255 0 0
-0.108803 -0.075278 0.415105 255 0 0
-0.107478 -0.072802 0.410348 255 0 0
-0.108199 -0.078772 0.406900 255 0 0
-0.124384 -0.071906 0.412549 255 0 0
-0.124758 -0.069747 0.417620 255 0 0
-0.116759 -0.080836 0.405369 255 0 0
-0.121329 -0.076142 0.407870 255 0 0
-0.109969 -0.084937 0.409526 255 0 0
-0.112420 -0.084195 0.406001 255 0 0
-0.113398 -0.078542 0.419276 255 0 0
-0.110343 -0.082778 0.414597 255 0 0
-0.122307 -0.070489 0.421145 255 0 0
-0.117968 -0.073848 0.421777 255 0 0
-0.127249 -0.081882 0.416798 255 0 0
-0.125924 -0.079406 0.412041 255 0 0
-0.124194 -0.086117 0.412119 255 0 0
-0.118530 -0.087001 0.407995 255 0 0
-0.119855 -0.089477 0.412752 255 0 0
-0.114564 -0.088201 0.413698 255 0 0
-0.120228 -0.087317 0.417822 255 0 0
-0.119508 -0.081348 0.421270 255 0 0
-0.124798 -0.082624 0.420323 255 0 0
-0.126528 -0.075912 0.420246 255 0 0
-0.143946 -0.069324 0.421745 255 0 0
-0.154321 -0.068712 0.429431 255 0 0
-0.146749 -0.089856 0.419595 255 0 0
-0.157125 -0.089244 0.427282 255 0 0
-0.154685 -0.084709 0.419344 255 0 0
-0.152952 -0.072019 0.420672 255 0 0
-0.148118 -0.086549 0.428355 255 0 0
-0.146386 -0.073859 0.429683 255 0 0
-0.156900 -0.079357 0.433516 255 0 0
-0.160959 -0.078220 0.427948 255 0 0
-0.140112 -0.080348 0.421079 255 0 0
-0.144170 -0.079211 0.415511 255 0 0
-0.142921 -0.073387 0.417594 255 0 0
-0.148215 -0.074971 0.416964 255 0 0
-0.148083 -0.069160 0.420628 255 0 0
-0.154181 -0.068800 0.425146 255 0 0
-0.148887 -0.067216 0.425777 255 0 0
-0.150322 -0.069881 0.430443 255 0 0
-0.144223 -0.070241 0.425925 255 0 0
-0.141970 -0.076721 0.425534 255 0 0
-0.140535 -0.074055 0.420868 255 0 0
-0.140667 -0.079866 0.417203 255 0 0
-0.158083 -0.074389 0.424274 255 0 0
-0.158887 -0.072445 0.429423 255 0 0
-0.149233 -0.082429 0.416183 255 0 0
-0.154395 -0.078202 0.419217 255 0 0
-0.142183 -0.086123 0.419604 255 0 0
-0.144569 -0.085455 0.416331 255 0 0
-0.146676 -0.080365 0.429810 255 0 0
-0.142988 -0.084179 0.424753 255 0 0
-0.156502 -0.073113 0.432696 255 0 0
-0.151837 -0.076139 0.432844 255 0 0
-0.160535 -0.084513 0.428159 255 0 0
-0.159101 -0.081847 0.423493 255 0 0
-0.156848 -0.088327 0.423102 255 0 0
-0.150749 -0.088686 0.418584 255 0 0
-0.152183 -0.091352 0.423250 255 0 0
-0.146889 -0.089768 0.423880 255 0 0
-0.152988 -0.089408 0.428398 255 0 0
-0.152856 -0.083597 0.432063 255 0 0
-0.158150 -0.085181 0.431433 255 0 0
-0.160403 -0.078702 0.431824 255 0 0
-0.136835 0.064548 0.426799 255 0 0
-0.145423 0.065286 0.432929 255 0 0
-0.136033 0.041667 0.430676 255 0 0
-0.144621 0.042405 0.436807 255 0 0
-0.144090 0.045442 0.428059 255 0 0
-0.144586 0.059583 0.425663 255 0 0
-0.136870 0.047370 0.437943 255 0 0
-0.137365 0.061511 0.435546 255 0 0
-0.145444 0.054669 0.439816 255 0 0
-0.149907 0.053478 0.433708 255 0 0
-0.131549 0.053475 0.429897 255 0 0
-0.136011 0.052284 0.423789 255 0 0
-0.135667 0.059283 0.424151 255 0 0
-0.140223 0.056365 0.423484 255 0 0
-0.140707 0.063574 0.425253 255 0 0
-0.145755 0.064007 0.428856 255 0 0
-0.141199 0.066926 0.429524 255 0 0
-0.141511 0.065141 0.434665 255 0 0
-0.136463 0.064707 0.431062 255 0 0
-0.133356 0.058198 0.432883 255 0 0
-0.133044 0.059984 0.427742 255 0 0
-0.132560 0.052775 0.425973 255 0 0
-0.148391 0.057067 0.429314 255 0 0
-0.148883 0.060419 0.433585 255 0 0
-0.139932 0.048053 0.424892 255 0 0
-0.144972 0.052343 0.425993 255 0 0
-0.132573 0.046534 0.430021 255 0 0
-0.135196 0.045834 0.426430 255 0 0
-0.136484 0.054610 0.437612 255 0 0
-0.133065 0.049886 0.434292 255 0 0
-0.146260 0.061119 0.437175 255 0 0
-0.141524 0.058900 0.438713 255 0 0
-0.148411 0.046970 0.435864 255 0 0
-0.148099 0.048755 0.430722 255 0 0
-0.144992 0.042246 0.432544 255 0 0
-0.139945 0.041812 0.428940 255 0 0
-0.140256 0.040027 0.434082 255 0 0
-0.135700 0.042946 0.434750 255 0 0
-0.140748 0.043379 0.438353 255 0 0
-0.141232 0.050588 0.440122 255 0 0
-0.145788 0.047670 0.439454 255 0 0
-0.148895 0.054178 0.437633 255 0 0
-0.097387 0.089005 0.415018 255 0 0
-0.106699 0.089455 0.421663 255 0 0
-0.095829 0.068075 0.418619 255 0 0
-0.105140 0.068525 0.425264 255 0 0
-0.104385 0.071174 0.416281 255 0 0
-0.105348 0.084109 0.414056 255 0 0
-0.097180 0.073421 0.426226 255 0 0
-0.098143 0.086356 0.424000 255 0 0
-0.106570 0.079823 0.428590 255 0 0
-0.111023 0.078434 0.422444 255 0 0
-0.091504 0.079095 0.417838 255 0 0
-0.095957 0.077706 0.411692 255 0 0
-0.095866 0.084161 0.412164 255 0 0
-0.100545 0.081284 0.411598 255 0 0
-0.101386 0.087925 0.413553 255 0 0
-0.106859 0.088189 0.417459 255 0 0
-0.102180 0.091067 0.418024 255 0 0
-0.102624 0.089510 0.423304 255 0 0
-0.097151 0.089246 0.419398 255 0 0
-0.093693 0.083421 0.421056 255 0 0
-0.093249 0.084978 0.415776 255 0 0
-0.092408 0.078337 0.413821 255 0 0
-0.109401 0.081712 0.417918 255 0 0
-0.110195 0.084854 0.422389 255 0 0
-0.099979 0.073681 0.412906 255 0 0
-0.105499 0.077444 0.414296 255 0 0
-0.092333 0.072676 0.417892 255 0 0
-0.094950 0.071859 0.414280 255 0 0
-0.097029 0.080086 0.425986 255 0 0
-0.093127 0.075818 0.422364 255 0 0
-0.107577 0.085670 0.426002 255 0 0
-0.102548 0.083849 0.427375 255 0 0
-0.109279 0.072552 0.424505 255 0 0
-0.108835 0.074109 0.419226 255 0 0
-0.105377 0.068284 0.420883 255 0 0
-0.099904 0.068019 0.416977 255 0 0
-0.100348 0.066463 0.422257 255 0 0
-0.095669 0.069340 0.422823 255 0 0
-0.101142 0.069605 0.426728 255 0 0
-0.101982 0.076246 0.428683 255 0 0
-0.106662 0.073368 0.428118 255 0 0
-0.110119 0.079193 0.426461 255 0 0
-0.105831 0.089529 0.415709 255 0 0
-0.115326 0.089289 0.422550 255 0 0
-0.103310 0.068920 0.418484 255 0 0
-0.112805 0.068680 0.425326 255 0 0
-0.112091 0.071632 0.416407 255 0 0
-0.113649 0.084369 0.414691 255 0 0
-0.104987 0.073840 0.426343 255 0 0
-0.106545 0.086577 0.424627 255 0 0
-0.114805 0.079592 0.429122 255 0 0
-0.119195 0.078228 0.422981 255 0 0
-0.099441 0.079981 0.418053 255 0 0
-0.103832 0.078617 0.411912 255 0 0
-0.104044 0.084945 0.412633 255 0 0
-0.108639 0.081912 0.412035 255 0 0
-0.109814 0.088326 0.414266 255 0 0
-0.115395 0.088185 0.418288 255 0 0
-0.110800 0.091218 0.418886 255 0 0
-0.111220 0.089483 0.424128 255 0 0
-0.105639 0.089624 0.420107 255 0 0
-0.101883 0.084011 0.421485 255 0 0
-0.101463 0.085747 0.416242 255 0 0
-0.100288 0.079333 0.414010 255 0 0
-0.117669 0.081684 0.418541 255 0 0
-0.118655 0.084576 0.423160 255 0 0
-0.107723 0.074426 0.413043 255 0 0
-0.113493 0.077807 0.414677 255 0 0
-0.099981 0.073633 0.417874 255 0 0
-0.102562 0.072831 0.414264 255 0 0
-0.105143 0.080402 0.426357 255 0 0
-0.100967 0.076525 0.422493 255 0 0
-0.116074 0.085377 0.426770 255 0 0
-0.110913 0.083783 0.427991 255 0 0
-0.117173 0.072462 0.424792 255 0 0
-0.116753 0.074197 0.419550 255 0 0
-0.112997 0.068585 0.420927 255 0 0
-0.107416 0.068726 0.416906 255 0 0
-0.107836 0.066991 0.422149 255 0 0
-0.103241 0.070024 0.422747 255 0 0
-0.108822 0.069882 0.426768 255 0 0
-0.109997 0.076297 0.428999 255 0 0
-0.114592 0.073264 0.428401 255 0 0
-0.118348 0.078876 0.427024 255 0 0
-0.180611 0.094062 0.436891 255 0 0
-0.191030 0.094247 0.444797 255 0 0
-0.178567 0.073888 0.440059 255 0 0
-0.188986 0.074073 0.447964 255 0 0
-0.187547 0.076795 0.438976 255 0 0
-0.188811 0.089264 0.437019 255 0 0
-0.180786 0.078871 0.447837 255 0 0
-0.182050 0.091340 0.445879 255 0 0
-0.191138 0.084859 0.451562 255 0 0
-0.195316 0.083576 0.446086 255 0 0
-0.174281 0.084559 0.438770 255 0 0
-0.178459 0.083276 0.433294 255 0 0
-0.178611 0.089477 0.433805 255 0 0
-0.183430 0.086656 0.433879 255 0 0
-0.184696 0.092996 0.435994 255 0 0
-0.190819 0.093105 0.440641 255 0 0
-0.186000 0.095926 0.440566 255 0 0
-0.186845 0.094326 0.445849 255 0 0
-0.180722 0.094217 0.441202 255 0 0
-0.177001 0.088631 0.442307 255 0 0
-0.176155 0.090231 0.437023 255 0 0
-0.174890 0.083891 0.434909 255 0 0
-0.193339 0.086833 0.441398 255 0 0
-0.194643 0.089762 0.445970 255 0 0
-0.182688 0.079328 0.435030 255 0 0
-0.188772 0.082847 0.437219 255 0 0
-0.174954 0.078373 0.438885 255 0 0
-0.177410 0.077619 0.435666 255 0 0
-0.180825 0.085288 0.447636 255 0 0
-0.176258 0.081302 0.443457 255 0 0
-0.192187 0.090516 0.449189 255 0 0
-0.186909 0.088807 0.449825 255 0 0
-0.193442 0.077904 0.447832 255 0 0
-0.192596 0.079504 0.442549 255 0 0
-0.188875 0.073919 0.443653 255 0 0
-0.182751 0.073809 0.439006 255 0 0
-0.183597 0.072209 0.444290 255 0 0
-0.178778 0.075030 0.444215 255 0 0
-0.184901 0.075139 0.448862 255 0 0
-0.186166 0.081479 0.450976 255 0 0
-0.190986 0.078658 0.451051 255 0 0
-0.194707 0.084244 0.449947 255 0 0
-0.116985 0.086749 0.417586 255 0 0
-0.125878 0.087880 0.423854 255 0 0
-0.116386 0.064979 0.422365 255 0 0
-0.125279 0.066111 0.428633 255 0 0
-0.124576 0.068519 0.419651 255 0 0
-0.124946 0.081974 0.416697 255 0 0
-0.117318 0.070886 0.429522 255 0 0
-0.117688 0.084340 0.426568 255 0 0
-0.126084 0.078077 0.431231 255 0 0
-0.130570 0.076614 0.425130 255 0 0
-0.111695 0.076246 0.421089 255 0 0
-0.116181 0.074783 0.414988 255 0 0
-0.115784 0.081527 0.415089 255 0 0
-0.120464 0.078720 0.414567 255 0 0
-0.120937 0.085754 0.416094 255 0 0
-0.126164 0.086419 0.419778 255 0 0
-0.121484 0.089226 0.420300 255 0 0
-0.121897 0.087810 0.425580 255 0 0
-0.116670 0.087145 0.421895 255 0 0
-0.113561 0.080971 0.423954 255 0 0
-0.113147 0.082387 0.418675 255 0 0
-0.112675 0.075354 0.417148 255 0 0
-0.128921 0.079797 0.420528 255 0 0
-0.129469 0.083268 0.424735 255 0 0
-0.120246 0.070812 0.416303 255 0 0
-0.125399 0.075039 0.417308 255 0 0
-0.112795 0.069591 0.421484 255 0 0
-0.115432 0.068731 0.417898 255 0 0
-0.116866 0.077821 0.428911 255 0 0
-0.113343 0.073063 0.425691 255 0 0
-0.126832 0.084128 0.428320 255 0 0
-0.122018 0.082047 0.429916 255 0 0
-0.129117 0.070473 0.427544 255 0 0
-0.128704 0.071888 0.422265 255 0 0
-0.125594 0.065715 0.424324 255 0 0
-0.120367 0.065050 0.420639 255 0 0
-0.120780 0.063634 0.425919 255 0 0
-0.116101 0.066441 0.426441 255 0 0
-0.121328 0.067106 0.430125 255 0 0
-0.121801 0.074139 0.431652 255 0 0
-0.126480 0.071332 0.431130 255 0 0
-0.129590 0.077506 0.429071 255 0 0
-0.171816 0.091939 0.432278 255 0 0
-0.182324 0.092069 0.439983 255 0 0
-0.169757 0.071474 0.435431 255 0 0
-0.180264 0.071604 0.443135 255 0 0
-0.178676 0.074433 0.434235 255 0 0
-0.179949 0.087081 0.432287 255 0 0
-0.172132 0.076462 0.443126 255 0 0
-0.173404 0.089110 0.441178 255 0 0
-0.182519 0.082503 0.446687 255 0 0
-0.186563 0.081250 0.441192 255 0 0
-0.165517 0.082293 0.434221 255 0 0
-0.169561 0.081040 0.428726 255 0 0
-0.169749 0.087318 0.429237 255 0 0
-0.174529 0.084463 0.429242 255 0 0
-0.175854 0.090869 0.431330 255 0 0
-0.182031 0.090945 0.435859 255 0 0
-0.177251 0.093800 0.435854 255 0 0
-0.178184 0.092137 0.441085 255 0 0
-0.172008 0.092061 0.436556 255 0 0
-0.168306 0.086391 0.437698 255 0 0
-0.167372 0.088055 0.432467 255 0 0
-0.166047 0.081648 0.430379 255 0 0
-0.184523 0.084586 0.436570 255 0 0
-0.185919 0.087517 0.441093 255 0 0
-0.173781 0.077028 0.430388 255 0 0
-0.179887 0.080579 0.432481 255 0 0
-0.166161 0.076026 0.434320 255 0 0
-0.168539 0.075289 0.431090 255 0 0
-0.172194 0.082964 0.442933 255 0 0
-0.167558 0.078957 0.438843 255 0 0
-0.183542 0.088254 0.444323 255 0 0
-0.178299 0.086515 0.445026 255 0 0
-0.184709 0.075488 0.442946 255 0 0
-0.183775 0.077152 0.437715 255 0 0
-0.180072 0.071482 0.438857 255 0 0
-0.173896 0.071406 0.434328 255 0 0
-0.174830 0.069743 0.439560 255 0 0
-0.170050 0.072598 0.439554 255 0 0
-0.176226 0.072674 0.444083 255 0 0
-0.177551 0.079080 0.446171 255 0 0
-0.182331 0.076225 0.446176 255 0 0
-0.186034 0.081895 0.445034 255 0 0
-0.135756 0.090711 0.420590 255 0 0
-0.145683 0.088748 0.427846 255 0 0
-0.131077 0.070420 0.421504 255 0 0
-0.141003 0.068457 0.428759 255 0 0
-0.140219 0.072342 0.420199 255 0 0
-0.143111 0.084883 0.419634 255 0 0
-0.133648 0.074285 0.429715 255 0 0
-0.136540 0.086826 0.429151 255 0 0
-0.144380 0.078597 0.433485 255 0 0
-0.148441 0.077396 0.427603 255 0 0
-0.128318 0.081772 0.421746 255 0 0
-0.132380 0.080571 0.415864 255 0 0
-0.133311 0.086705 0.417096 255 0 0
-0.137634 0.083279 0.416533 255 0 0
-0.139619 0.089239 0.419311 255 0 0
-0.145453 0.088085 0.423576 255 0 0
-0.141130 0.091511 0.424138 255 0 0
-0.141591 0.089228 0.429169 255 0 0
-0.135756 0.090381 0.424905 255 0 0
-0.131385 0.085127 0.425584 255 0 0
-0.130924 0.087411 0.420552 255 0 0
-0.128939 0.081451 0.417775 255 0 0
-0.147075 0.081412 0.423433 255 0 0
-0.148586 0.083684 0.428260 255 0 0
-0.135934 0.075908 0.416865 255 0 0
-0.142242 0.078442 0.419081 255 0 0
-0.128173 0.075484 0.421089 255 0 0
-0.130560 0.074778 0.417632 255 0 0
-0.134517 0.080726 0.430268 255 0 0
-0.129685 0.077756 0.425916 255 0 0
-0.146199 0.084390 0.431717 255 0 0
-0.140825 0.083261 0.432484 255 0 0
-0.145836 0.071758 0.428797 255 0 0
-0.145375 0.074041 0.423765 255 0 0
-0.141003 0.068787 0.424444 255 0 0
-0.135168 0.069941 0.420180 255 0 0
-0.135629 0.067657 0.425211 255 0 0
-0.131306 0.071083 0.425773 255 0 0
-0.137141 0.069929 0.430038 255 0 0
-0.139126 0.075889 0.432816 255 0 0
-0.143449 0.072464 0.432254 255 0 0
-0.147820 0.077718 0.431575 255 0 0
-0.098850 -0.059321 0.411844 255 0 0
-0.106892 -0.060848 0.417899 255 0 0
-0.098742 -0.081740 0.406333 255 0 0
-0.106784 -0.083266 0.412388 255 0 0
-0.106754 -0.077019 0.405443 255 0 0
-0.106821 -0.063163 0.408849 255 0 0
-0.098814 -0.079424 0.415383 255 0 0
-0.098880 -0.065569 0.418789 255 0 0
-0.106869 -0.073272 0.420086 255 0 0
-0.111777 -0.071786 0.413943 255 0 0
-0.093857 -0.070802 0.410290 255 0 0
-0.098765 -0.069315 0.404146 255 0 0
-0.098103 -0.063093 0.407272 255 0 0
-0.102788 -0.065352 0.405511 255 0 0
-0.102838 -0.059477 0.410036 255 0 0
-0.107565 -0.060375 0.413595 255 0 0
-0.102880 -0.058116 0.415356 255 0 0
-0.102898 -0.061789 0.419438 255 0 0
-0.098171 -0.060891 0.415879 255 0 0
-0.095237 -0.067640 0.414965 255 0 0
-0.095219 -0.063967 0.410883 255 0 0
-0.095169 -0.069842 0.406358 255 0 0
-0.110437 -0.066804 0.411269 255 0 0
-0.110479 -0.065443 0.416589 255 0 0
-0.102749 -0.073496 0.403509 255 0 0
-0.107484 -0.069880 0.406273 255 0 0
-0.095156 -0.077144 0.407644 255 0 0
-0.098040 -0.076271 0.404033 255 0 0
-0.098150 -0.072708 0.417959 255 0 0
-0.095198 -0.075784 0.412963 255 0 0
-0.107594 -0.066317 0.420200 255 0 0
-0.102885 -0.069092 0.420723 255 0 0
-0.110415 -0.078620 0.413349 255 0 0
-0.110398 -0.074948 0.409267 255 0 0
-0.107463 -0.081696 0.408354 255 0 0
-0.102736 -0.080799 0.404795 255 0 0
-0.102754 -0.084471 0.408877 255 0 0
-0.098069 -0.082213 0.410638 255 0 0
-0.102796 -0.083110 0.414196 255 0 0
-0.102846 -0.077236 0.418721 255 0 0
-0.107531 -0.079494 0.416961 255 0 0
-0.110465 -0.072746 0.417874 255 0 0
-0.187466 0.060207 0.453283 255 0 0
-0.196526 0.060907 0.462193 255 0 0
-0.186275 0.039339 0.456131 255 0 0
-0.195335 0.040038 0.465041 255 0 0
-0.195000 0.042905 0.456068 255 0 0
-0.195736 0.055803 0.454308 255 0 0
-0.187065 0.044443 0.464016 255 0 0
-0.187801 0.057340 0.462256 255 0 0
-0.196278 0.051163 0.468826 255 0 0
-0.201182 0.050213 0.463914 255 0 0
-0.181618 0.050032 0.454410 255 0 0
-0.186522 0.049082 0.449497 255 0 0
-0.186220 0.055439 0.450026 255 0 0
-0.191082 0.052850 0.450628 255 0 0
-0.191636 0.059389 0.452853 255 0 0
-0.196961 0.059800 0.458090 255 0 0
-0.192100 0.062389 0.457488 255 0 0
-0.192297 0.060704 0.462762 255 0 0
-0.186972 0.060293 0.457525 255 0 0
-0.183535 0.054312 0.458187 255 0 0
-0.183338 0.055997 0.452913 255 0 0
-0.182784 0.049458 0.450688 255 0 0
-0.199698 0.053515 0.459102 255 0 0
-0.200163 0.056514 0.463737 255 0 0
-0.190649 0.045269 0.451663 255 0 0
-0.196064 0.049219 0.454490 255 0 0
-0.182638 0.043731 0.454587 255 0 0
-0.185521 0.043173 0.451700 255 0 0
-0.186736 0.051027 0.463834 255 0 0
-0.183102 0.046731 0.459222 255 0 0
-0.197280 0.057073 0.466624 255 0 0
-0.192152 0.054977 0.466661 255 0 0
-0.199463 0.044248 0.465411 255 0 0
-0.199266 0.045934 0.460137 255 0 0
-0.195829 0.039953 0.460799 255 0 0
-0.190503 0.039542 0.455562 255 0 0
-0.190701 0.037857 0.460836 255 0 0
-0.185839 0.040446 0.460234 255 0 0
-0.191165 0.040857 0.465471 255 0 0
-0.191719 0.047396 0.467696 255 0 0
-0.196580 0.044807 0.468298 255 0 0
-0.200017 0.050788 0.467636 255 0 0
-0.085810 0.064992 0.422571 255 0 0
-0.094185 0.065818 0.428519 255 0 0
-0.085105 0.042563 0.426678 255 0 0
-0.093480 0.043389 0.432626 255 0 0
-0.093193 0.046197 0.423712 255 0 0
-0.093629 0.060059 0.421174 255 0 0
-0.085661 0.048322 0.434023 255 0 0
-0.086097 0.062184 0.431485 255 0 0
-0.094093 0.055515 0.435597 255 0 0
-0.098748 0.054202 0.429224 255 0 0
-0.080542 0.054179 0.425973 255 0 0
-0.085197 0.052866 0.419600 255 0 0
-0.084777 0.059761 0.419942 255 0 0
-0.089373 0.056861 0.419121 255 0 0
-0.089733 0.063989 0.420867 255 0 0
-0.094656 0.064474 0.424363 255 0 0
-0.090060 0.067374 0.425185 255 0 0
-0.090228 0.065723 0.430424 255 0 0
-0.085305 0.065238 0.426928 255 0 0
-0.082209 0.058882 0.428928 255 0 0
-0.082040 0.060533 0.423688 255 0 0
-0.081680 0.053405 0.421942 255 0 0
-0.097338 0.057647 0.424778 255 0 0
-0.097664 0.061031 0.429095 255 0 0
-0.089116 0.048714 0.420613 255 0 0
-0.094073 0.052942 0.421538 255 0 0
-0.081626 0.047350 0.426102 255 0 0
-0.084362 0.046578 0.422356 255 0 0
-0.085217 0.055440 0.433660 255 0 0
-0.081952 0.050734 0.430420 255 0 0
-0.094928 0.061803 0.432841 255 0 0
-0.090174 0.059667 0.434585 255 0 0
-0.097250 0.047848 0.431509 255 0 0
-0.097081 0.049499 0.426269 255 0 0
-0.093985 0.043143 0.428269 255 0 0
-0.089062 0.042658 0.424773 255 0 0
-0.089230 0.041007 0.430012 255 0 0
-0.084634 0.043907 0.430834 255 0 0
-0.089557 0.044392 0.434330 255 0 0
-0.089917 0.051520 0.436076 255 0 0
-0.094513 0.048620 0.435255 255 0 0
-0.097610 0.054976 0.433255 255 0 0
-0.079784 0.025928 0.426407 255 0 0
-0.088657 0.025827 0.432863 255 0 0
-0.080778 0.003391 0.424686 255 0 0
-0.089651 0.003289 0.431141 255 0 0
-0.088621 0.008179 0.423308 255 0 0
-0.088006 0.022109 0.424372 255 0 0
-0.081428 0.007109 0.433176 255 0 0
-0.080814 0.021038 0.434240 255 0 0
-0.089673 0.014195 0.437046 255 0 0
-0.094118 0.014857 0.430947 255 0 0
-0.075316 0.014360 0.426601 255 0 0
-0.079761 0.015022 0.420502 255 0 0
-0.078905 0.021505 0.422520 255 0 0
-0.083738 0.019260 0.421324 255 0 0
-0.083751 0.025671 0.424795 255 0 0
-0.088966 0.025611 0.428590 255 0 0
-0.084133 0.027856 0.429786 255 0 0
-0.084739 0.024981 0.434390 255 0 0
-0.079523 0.025041 0.430596 255 0 0
-0.076897 0.018241 0.430710 255 0 0
-0.076292 0.021116 0.426105 255 0 0
-0.076279 0.014705 0.422634 255 0 0
-0.092176 0.019163 0.427464 255 0 0
-0.092559 0.021349 0.432455 255 0 0
-0.084099 0.011073 0.420699 255 0 0
-0.088945 0.015238 0.422974 255 0 0
-0.076876 0.007869 0.425093 255 0 0
-0.079489 0.008258 0.421509 255 0 0
-0.080490 0.013979 0.434575 255 0 0
-0.077258 0.010054 0.430084 255 0 0
-0.089946 0.020959 0.436040 255 0 0
-0.085336 0.018145 0.436849 255 0 0
-0.093143 0.008101 0.431443 255 0 0
-0.092537 0.010976 0.426839 255 0 0
-0.089911 0.004176 0.426953 255 0 0
-0.084696 0.004236 0.423158 255 0 0
-0.085302 0.001361 0.427762 255 0 0
-0.080469 0.003606 0.428958 255 0 0
-0.085684 0.003547 0.432753 255 0 0
-0.085697 0.009957 0.436224 255 0 0
-0.090530 0.007712 0.435028 255 0 0
-0.093156 0.014512 0.434914 255 0 0
-0.084899 0.088883 0.414097 255 0 0
-0.094115 0.090078 0.420569 255 0 0
-0.084315 0.067432 0.418888 255 0 0
-0.093532 0.068626 0.425360 255 0 0
-0.092583 0.070949 0.416374 255 0 0
-0.092943 0.084207 0.413413 255 0 0
-0.085487 0.073302 0.426043 255 0 0
-0.085848 0.086560 0.423082 255 0 0
-0.094479 0.080448 0.427952 255 0 0
-0.098864 0.078994 0.421976 255 0 0
-0.079567 0.078515 0.417480 255 0 0
-0.083952 0.077061 0.411504 255 0 0
-0.083584 0.083712 0.411584 255 0 0
-0.088313 0.080964 0.411182 255 0 0
-0.088869 0.087913 0.412706 255 0 0
-0.094287 0.088615 0.416510 255 0 0
-0.089558 0.091363 0.416912 255 0 0
-0.090116 0.089998 0.422194 255 0 0
-0.084699 0.089296 0.418389 255 0 0
-0.081565 0.083202 0.420378 255 0 0
-0.081007 0.084567 0.415097 255 0 0
-0.080450 0.077618 0.413573 255 0 0
-0.097078 0.082100 0.417337 255 0 0
-0.097767 0.085551 0.421543 255 0 0
-0.088101 0.073171 0.412923 255 0 0
-0.093386 0.077372 0.414045 255 0 0
-0.080664 0.071958 0.417913 255 0 0
-0.083241 0.071104 0.414400 255 0 0
-0.085045 0.080138 0.425412 255 0 0
-0.081353 0.075409 0.422119 255 0 0
-0.095189 0.086406 0.425056 255 0 0
-0.090330 0.084338 0.426534 255 0 0
-0.097424 0.072942 0.424360 255 0 0
-0.096866 0.074308 0.419078 255 0 0
-0.093732 0.068214 0.421067 255 0 0
-0.088314 0.067511 0.417263 255 0 0
-0.088872 0.066146 0.422544 255 0 0
-0.084144 0.068894 0.422946 255 0 0
-0.089561 0.069597 0.426750 255 0 0
-0.090118 0.076545 0.428274 255 0 0
-0.094846 0.073797 0.427872 255 0 0
-0.097981 0.079891 0.425883 255 0 0
-0.073862 0.089094 0.411740 255 0 0
-0.083716 0.089707 0.418723 255 0 0
-0.072465 0.068579 0.415513 255 0 0
-0.082319 0.069192 0.422496 255 0 0
-0.081124 0.071686 0.413491 255 0 0
-0.081988 0.084365 0.411159 255 0 0
-0.074193 0.073921 0.423077 255 0 0
-0.075056 0.086600 0.420745 255 0 0
-0.083920 0.080330 0.425729 255 0 0
-0.088204 0.078948 0.419805 255 0 0
-0.067976 0.079337 0.414431 255 0 0
-0.072260 0.077956 0.408507 255 0 0
-0.072178 0.084294 0.408896 255 0 0
-0.076954 0.081515 0.408554 255 0 0
-0.077896 0.088061 0.410455 255 0 0
-0.083688 0.088422 0.414559 255 0 0
-0.078911 0.091201 0.414901 255 0 0
-0.079613 0.089735 0.420193 255 0 0
-0.073821 0.089375 0.416089 255 0 0
-0.070362 0.083640 0.417671 255 0 0
-0.069660 0.085106 0.412378 255 0 0
-0.068719 0.078560 0.410477 255 0 0
-0.086326 0.082098 0.415195 255 0 0
-0.087342 0.085238 0.419641 255 0 0
-0.076447 0.074062 0.409925 255 0 0
-0.082164 0.077829 0.411484 255 0 0
-0.068839 0.073048 0.414596 255 0 0
-0.071357 0.072236 0.411113 255 0 0
-0.074016 0.080456 0.422752 255 0 0
-0.069855 0.076188 0.419041 255 0 0
-0.084824 0.086050 0.423123 255 0 0
-0.079734 0.084223 0.424311 255 0 0
-0.086521 0.073180 0.421858 255 0 0
-0.085818 0.074645 0.416565 255 0 0
-0.082359 0.068911 0.418147 255 0 0
-0.076567 0.068550 0.414043 255 0 0
-0.077269 0.067084 0.419336 255 0 0
-0.072493 0.069864 0.419677 255 0 0
-0.078285 0.070224 0.423781 255 0 0
-0.079226 0.076771 0.425682 255 0 0
-0.084003 0.073991 0.425340 255 0 0
-0.087462 0.079726 0.423759 255 0 0
-0.062371 0.003994 0.417442 255 0 0
-0.071952 0.003605 0.424270 255 0 0
-0.063915 -0.017649 0.414044 255 0 0
-0.073497 -0.018037 0.420871 255 0 0
-0.071805 -0.012728 0.413399 255 0 0
-0.070851 0.000647 0.415499 255 0 0
-0.065017 -0.014691 0.422814 255 0 0
-0.064062 -0.001315 0.424914 255 0 0
-0.073588 -0.007943 0.427590 255 0 0
-0.077783 -0.006730 0.421771 255 0 0
-0.058084 -0.007314 0.416542 255 0 0
-0.062280 -0.006101 0.410724 255 0 0
-0.061341 -0.000006 0.413192 255 0 0
-0.066325 -0.001973 0.412050 255 0 0
-0.066379 0.003961 0.415999 255 0 0
-0.072011 0.003732 0.420012 255 0 0
-0.067026 0.005699 0.421154 255 0 0
-0.068020 0.002579 0.425546 255 0 0
-0.062389 0.002807 0.421533 255 0 0
-0.059869 -0.003839 0.421004 255 0 0
-0.058875 -0.000719 0.416612 255 0 0
-0.058821 -0.006652 0.412663 255 0 0
-0.075438 -0.002342 0.418543 255 0 0
-0.076085 -0.000604 0.423698 255 0 0
-0.066886 -0.009835 0.410815 255 0 0
-0.071924 -0.005868 0.413622 255 0 0
-0.059782 -0.013440 0.414615 255 0 0
-0.062249 -0.012727 0.411194 255 0 0
-0.063944 -0.008176 0.424691 255 0 0
-0.060430 -0.011701 0.419770 255 0 0
-0.073619 -0.001317 0.427119 255 0 0
-0.068981 -0.004209 0.427498 255 0 0
-0.076993 -0.013325 0.421701 255 0 0
-0.075999 -0.010204 0.417309 255 0 0
-0.073479 -0.016851 0.416780 255 0 0
-0.067847 -0.016622 0.412767 255 0 0
-0.068841 -0.019743 0.417159 255 0 0
-0.063857 -0.017776 0.418301 255 0 0
-0.069489 -0.018004 0.422314 255 0 0
-0.069542 -0.012071 0.426263 255 0 0
-0.074527 -0.014038 0.425121 255 0 0
-0.077046 -0.007391 0.425650 255 0 0
-0.098138 0.004516 0.426907 255 0 0
-0.105323 0.003931 0.432320 255 0 0
-0.098262 -0.020053 0.424089 255 0 0
-0.105447 -0.020638 0.429502 255 0 0
-0.105953 -0.015013 0.421931 255 0 0
-0.105877 0.000171 0.423673 255 0 0
-0.097708 -0.016294 0.432736 255 0 0
-0.097632 -0.001109 0.434478 255 0 0
-0.105057 -0.008930 0.435923 255 0 0
-0.110153 -0.008138 0.429245 255 0 0
-0.093432 -0.007984 0.427164 255 0 0
-0.098528 -0.007192 0.420486 255 0 0
-0.097725 -0.000158 0.422905 255 0 0
-0.102274 -0.002711 0.421004 255 0 0
-0.102045 0.004170 0.424778 255 0 0
-0.106268 0.003827 0.427960 255 0 0
-0.101720 0.006380 0.429861 255 0 0
-0.101422 0.003074 0.434311 255 0 0
-0.097199 0.003417 0.431129 255 0 0
-0.094433 -0.003930 0.431280 255 0 0
-0.094730 -0.000623 0.426830 255 0 0
-0.094959 -0.007505 0.423056 255 0 0
-0.109107 -0.003268 0.426152 255 0 0
-0.108782 -0.001058 0.431235 255 0 0
-0.102319 -0.011637 0.419980 255 0 0
-0.106639 -0.007308 0.421854 255 0 0
-0.094803 -0.015064 0.425174 255 0 0
-0.097798 -0.014599 0.421249 255 0 0
-0.096946 -0.008814 0.434555 255 0 0
-0.094478 -0.012855 0.430257 255 0 0
-0.105786 -0.001523 0.435160 255 0 0
-0.101266 -0.004486 0.436428 255 0 0
-0.108854 -0.015499 0.429579 255 0 0
-0.109152 -0.012193 0.425129 255 0 0
-0.106386 -0.019540 0.425280 255 0 0
-0.102163 -0.019196 0.422098 255 0 0
-0.101865 -0.022502 0.426548 255 0 0
-0.097317 -0.019949 0.428449 255 0 0
-0.101540 -0.020293 0.431631 255 0 0
-0.101311 -0.013411 0.435405 255 0 0
-0.105859 -0.015964 0.433504 255 0 0
-0.108625 -0.008617 0.433353 255 0 0
-0.083707 -0.066520 0.408467 255 0 0
-0.093478 -0.066793 0.415429 255 0 0
-0.085557 -0.087422 0.405052 255 0 0
-0.095328 -0.087694 0.412013 255 0 0
-0.093513 -0.082485 0.404422 255 0 0
-0.092370 -0.069567 0.406533 255 0 0
-0.086665 -0.084647 0.413948 255 0 0
-0.085522 -0.071730 0.416059 255 0 0
-0.095306 -0.077996 0.418816 255 0 0
-0.099538 -0.076660 0.412929 255 0 0
-0.079497 -0.077555 0.407552 255 0 0
-0.083729 -0.076218 0.401664 255 0 0
-0.082700 -0.070362 0.404157 255 0 0
-0.087792 -0.072153 0.403020 255 0 0
-0.087779 -0.066452 0.407019 255 0 0
-0.093522 -0.066613 0.411111 255 0 0
-0.088430 -0.064822 0.412248 255 0 0
-0.089497 -0.067884 0.416710 255 0 0
-0.083754 -0.067723 0.412618 255 0 0
-0.081279 -0.074209 0.412080 255 0 0
-0.080212 -0.071147 0.407618 255 0 0
-0.080225 -0.076848 0.403619 255 0 0
-0.097084 -0.072412 0.409641 255 0 0
-0.097735 -0.070782 0.414870 255 0 0
-0.088464 -0.079745 0.401780 255 0 0
-0.093543 -0.075836 0.404641 255 0 0
-0.081300 -0.083433 0.405610 255 0 0
-0.083787 -0.082647 0.402150 255 0 0
-0.085492 -0.078378 0.415839 255 0 0
-0.081951 -0.081802 0.410839 255 0 0
-0.095248 -0.071567 0.418331 255 0 0
-0.090571 -0.074469 0.418701 255 0 0
-0.098822 -0.083067 0.412863 255 0 0
-0.097756 -0.080005 0.408401 255 0 0
-0.095281 -0.086491 0.407863 255 0 0
-0.089538 -0.086331 0.403771 255 0 0
-0.090605 -0.089393 0.408233 255 0 0
-0.085513 -0.087602 0.409370 255 0 0
-0.091256 -0.087762 0.413462 255 0 0
-0.091243 -0.082062 0.417460 255 0 0
-0.096335 -0.083853 0.416323 255 0 0
-0.098810 -0.077367 0.416861 255 0 0
-0.199579 0.098103 0.451265 255 0 0
-0.208750 0.099549 0.460476 255 0 0
-0.198491 0.078036 0.455500 255 0 0
-0.207662 0.079483 0.464710 255 0 0
-0.207312 0.081561 0.455447 255 0 0
-0.207985 0.093963 0.452830 255 0 0
-0.199256 0.083623 0.463145 255 0 0
-0.199929 0.096024 0.460528 255 0 0
-0.208550 0.090600 0.467818 255 0 0
-0.213529 0.089326 0.463060 255 0 0
-0.193711 0.088260 0.452915 255 0 0
-0.198690 0.086986 0.448158 255 0 0
-0.198347 0.093203 0.448258 255 0 0
-0.203288 0.090769 0.449178 255 0 0
-0.203810 0.097304 0.451005 255 0 0
-0.209201 0.098154 0.456419 255 0 0
-0.204260 0.100587 0.455499 255 0 0
-0.204466 0.099365 0.460943 255 0 0
-0.199075 0.098515 0.455530 255 0 0
-0.195626 0.092730 0.456499 255 0 0
-0.195421 0.093952 0.451055 255 0 0
-0.194898 0.087417 0.449228 255 0 0
-0.212010 0.092145 0.457938 255 0 0
-0.212460 0.095428 0.462432 255 0 0
-0.202892 0.083480 0.450716 255 0 0
-0.208356 0.087581 0.453463 255 0 0
-0.194781 0.082157 0.453544 255 0 0
-0.197707 0.081408 0.450747 255 0 0
-0.198885 0.090004 0.462512 255 0 0
-0.195231 0.085440 0.458038 255 0 0
-0.209533 0.096177 0.465228 255 0 0
-0.204348 0.094105 0.465259 255 0 0
-0.211820 0.083634 0.464920 255 0 0
-0.211615 0.084855 0.459476 255 0 0
-0.208166 0.079070 0.460446 255 0 0
-0.202775 0.078220 0.455032 255 0 0
-0.202981 0.076998 0.460477 255 0 0
-0.198040 0.079431 0.459557 255 0 0
-0.203431 0.080282 0.464970 255 0 0
-0.203953 0.086816 0.466797 255 0 0
-0.208894 0.084383 0.467717 255 0 0
-0.212343 0.090168 0.466747 255 0 0
-0.074273 -0.037747 0.414801 255 0 0
-0.083742 -0.039175 0.421371 255 0 0
-0.074459 -0.059219 0.409866 255 0 0
-0.083929 -0.060647 0.416436 255 0 0
-0.082601 -0.054717 0.409374 255 0 0
-0.082486 -0.041447 0.412424 255 0 0
-0.075716 -0.056947 0.418813 255 0 0
-0.075601 -0.043677 0.421863 255 0 0
-0.084634 -0.051041 0.423851 255 0 0
-0.088890 -0.049663 0.418018 255 0 0
-0.069312 -0.048731 0.413220 255 0 0
-0.073567 -0.047353 0.407386 255 0 0
-0.073010 -0.041383 0.410299 255 0 0
-0.077838 -0.043558 0.408902 255 0 0
-0.078252 -0.037912 0.413260 255 0 0
-0.083819 -0.038751 0.417123 255 0 0
-0.078991 -0.036577 0.418519 255 0 0
-0.079772 -0.040062 0.422670 255 0 0
-0.074206 -0.039222 0.418808 255 0 0
-0.071290 -0.045678 0.417879 255 0 0
-0.070509 -0.042193 0.413728 255 0 0
-0.070094 -0.047839 0.409370 255 0 0
-0.086844 -0.044916 0.415151 255 0 0
-0.087583 -0.043581 0.420410 255 0 0
-0.077905 -0.051358 0.407109 255 0 0
-0.083148 -0.047887 0.410071 255 0 0
-0.070619 -0.054813 0.410827 255 0 0
-0.073120 -0.054004 0.407398 255 0 0
-0.075054 -0.050507 0.421167 255 0 0
-0.071357 -0.053478 0.416086 255 0 0
-0.085082 -0.044390 0.423839 255 0 0
-0.080296 -0.047036 0.424128 255 0 0
-0.087692 -0.056201 0.417509 255 0 0
-0.086912 -0.052716 0.413358 255 0 0
-0.083996 -0.059172 0.412429 255 0 0
-0.078430 -0.058332 0.408567 255 0 0
-0.079210 -0.061817 0.412718 255 0 0
-0.074383 -0.059643 0.414115 255 0 0
-0.079949 -0.060482 0.417977 255 0 0
-0.080364 -0.054836 0.422335 255 0 0
-0.085191 -0.057011 0.420938 255 0 0
-0.088107 -0.050555 0.421868 255 0 0
-0.079086 0.054875 0.425096 255 0 0
-0.087887 0.055366 0.431367 255 0 0
-0.078814 0.032195 0.427251 255 0 0
-0.087615 0.032685 0.433522 255 0 0
-0.086856 0.036254 0.424979 255 0 0
-0.087024 0.050271 0.423647 255 0 0
-0.079678 0.037289 0.434972 255 0 0
-0.079846 0.051307 0.433640 255 0 0
-0.088253 0.044497 0.437471 255 0 0
-0.092689 0.043857 0.431295 255 0 0
-0.074012 0.043704 0.427324 255 0 0
-0.078449 0.043063 0.421148 255 0 0
-0.077963 0.049880 0.422036 255 0 0
-0.082628 0.047174 0.421184 255 0 0
-0.083003 0.054117 0.423504 255 0 0
-0.088176 0.054405 0.427190 255 0 0
-0.083511 0.057112 0.428042 255 0 0
-0.083957 0.055014 0.433064 255 0 0
-0.078784 0.054726 0.429378 255 0 0
-0.075802 0.048159 0.430688 255 0 0
-0.075355 0.050257 0.425666 255 0 0
-0.074981 0.043314 0.423345 255 0 0
-0.090999 0.047640 0.427148 255 0 0
-0.091506 0.050635 0.431686 255 0 0
-0.082530 0.038935 0.421967 255 0 0
-0.087570 0.043171 0.423435 255 0 0
-0.075195 0.036925 0.426933 255 0 0
-0.077803 0.036549 0.423303 255 0 0
-0.079132 0.044389 0.435183 255 0 0
-0.075703 0.039920 0.431471 255 0 0
-0.088899 0.051011 0.435316 255 0 0
-0.084172 0.048626 0.436652 255 0 0
-0.091346 0.037304 0.432953 255 0 0
-0.090900 0.039401 0.427931 255 0 0
-0.087918 0.032835 0.429240 255 0 0
-0.082744 0.032546 0.425554 255 0 0
-0.083191 0.030449 0.430576 255 0 0
-0.078525 0.033155 0.431428 255 0 0
-0.083698 0.033443 0.435114 255 0 0
-0.084073 0.040386 0.437435 255 0 0
-0.088739 0.037680 0.436583 255 0 0
-0.091721 0.044247 0.435273 255 0 0
-0.076477 -0.066364 0.405262 255 0 0
-0.086608 -0.065948 0.412537 255 0 0
-0.079188 -0.087053 0.402671 255 0 0
-0.089320 -0.086636 0.409945 255 0 0
-0.087039 -0.081877 0.402146 255 0 0
-0.085363 -0.069091 0.403747 255 0 0
-0.080434 -0.083909 0.411461 255 0 0
-0.078758 -0.071123 0.413062 255 0 0
-0.089054 -0.076791 0.416368 255 0 0
-0.093136 -0.075535 0.410611 255 0 0
-0.072661 -0.077465 0.404597 255 0 0
-0.076743 -0.076209 0.398840 255 0 0
-0.075506 -0.070371 0.401076 255 0 0
-0.080729 -0.071974 0.400186 255 0 0
-0.080572 -0.066187 0.403960 255 0 0
-0.086528 -0.065942 0.408236 255 0 0
-0.081305 -0.064340 0.409127 255 0 0
-0.082646 -0.067137 0.413712 255 0 0
-0.076690 -0.067382 0.409436 255 0 0
-0.074447 -0.073907 0.409045 255 0 0
-0.073106 -0.071110 0.404460 255 0 0
-0.073263 -0.076896 0.400685 255 0 0
-0.090364 -0.071578 0.407104 255 0 0
-0.091097 -0.069730 0.412271 255 0 0
-0.081714 -0.079489 0.399244 255 0 0
-0.086780 -0.075305 0.402129 255 0 0
-0.074700 -0.083270 0.402937 255 0 0
-0.077099 -0.082532 0.399553 255 0 0
-0.079016 -0.077695 0.413079 255 0 0
-0.075432 -0.081422 0.408103 255 0 0
-0.088697 -0.070468 0.415655 255 0 0
-0.084083 -0.073511 0.415963 255 0 0
-0.092690 -0.081891 0.410748 255 0 0
-0.091349 -0.079093 0.406163 255 0 0
-0.089106 -0.085618 0.405772 255 0 0
-0.083151 -0.085863 0.401496 255 0 0
-0.084492 -0.088660 0.406081 255 0 0
-0.079269 -0.087058 0.406971 255 0 0
-0.085224 -0.086813 0.411247 255 0 0
-0.085068 -0.081026 0.415022 255 0 0
-0.090291 -0.082629 0.414131 255 0 0
-0.092534 -0.076104 0.414522 255 0 0
0.022181 -0.068931 0.420068 255 0 0
0.017948 -0.070218 0.425538 255 0 0
0.024013 -0.089102 0.416741 255 0 0
0.019781 -0.090389 0.422210 255 0 0
0.013182 -0.085596 0.413707 255 0 0
0.012050 -0.073130 0.415764 255 0 0
0.029912 -0.086190 0.426515 255 0 0
0.028779 -0.073723 0.428571 255 0 0
0.022726 -0.080884 0.429522 255 0 0
0.012387 -0.080518 0.421606 255 0 0
0.029575 -0.078802 0.420672 255 0 0
0.019236 -0.078435 0.412757 255 0 0
0.020661 -0.072634 0.415583 255 0 0
0.014706 -0.075102 0.413052 255 0 0
0.016437 -0.069515 0.417350 255 0 0
0.013949 -0.070272 0.420565 255 0 0
0.019904 -0.067804 0.423095 255 0 0
0.023782 -0.070620 0.428093 255 0 0
0.026270 -0.069864 0.424878 255 0 0
0.030616 -0.075666 0.425233 255 0 0
0.026738 -0.072849 0.420235 255 0 0
0.025007 -0.078436 0.415937 255 0 0
0.010680 -0.076326 0.418254 255 0 0
0.014147 -0.074614 0.423999 255 0 0
0.015371 -0.082430 0.411844 255 0 0
0.011148 -0.079311 0.413611 255 0 0
0.027815 -0.084706 0.418279 255 0 0
0.021738 -0.084490 0.413627 255 0 0
0.030814 -0.080008 0.428667 255 0 0
0.031282 -0.082994 0.424024 255 0 0
0.020224 -0.074830 0.428652 255 0 0
0.026590 -0.076890 0.430435 255 0 0
0.015224 -0.086470 0.422043 255 0 0
0.011346 -0.083653 0.417045 255 0 0
0.015692 -0.089455 0.417400 255 0 0
0.018180 -0.088699 0.414185 255 0 0
0.022058 -0.091516 0.419183 255 0 0
0.028013 -0.089048 0.421713 255 0 0
0.025525 -0.089804 0.424928 255 0 0
0.027256 -0.084218 0.429226 255 0 0
0.021301 -0.086686 0.426696 255 0 0
0.016955 -0.080884 0.426341 255 0 0
0.041897 0.036308 0.446615 255 0 0
0.036785 0.037423 0.451203 255 0 0
0.040020 0.015589 0.449560 255 0 0
0.034907 0.016705 0.454147 255 0 0
0.030822 0.019645 0.443601 255 0 0
0.031982 0.032450 0.441782 255 0 0
0.044822 0.020562 0.458981 255 0 0
0.045982 0.033367 0.457161 255 0 0
0.038593 0.027692 0.458845 255 0 0
0.029940 0.027125 0.449340 255 0 0
0.046864 0.025887 0.451422 255 0 0
0.038212 0.025321 0.441918 255 0 0
0.040344 0.031570 0.443193 255 0 0
0.034517 0.029303 0.440352 255 0 0
0.036683 0.035761 0.443113 255 0 0
0.033678 0.036416 0.445809 255 0 0
0.039505 0.038684 0.448651 255 0 0
0.041907 0.036955 0.454849 255 0 0
0.044912 0.036300 0.452153 255 0 0
0.047831 0.030175 0.454978 255 0 0
0.045430 0.031904 0.448780 255 0 0
0.043264 0.025446 0.446019 255 0 0
0.029655 0.030363 0.444714 255 0 0
0.032478 0.033286 0.450252 255 0 0
0.033835 0.021777 0.441421 255 0 0
0.030173 0.025967 0.441342 255 0 0
0.044327 0.019726 0.450510 255 0 0
0.039241 0.019393 0.444924 255 0 0
0.046631 0.027045 0.459421 255 0 0
0.047149 0.022649 0.456048 255 0 0
0.037563 0.033619 0.455839 255 0 0
0.042969 0.031236 0.459341 255 0 0
0.031374 0.021109 0.451982 255 0 0
0.028973 0.022837 0.445784 255 0 0
0.031893 0.016712 0.448610 255 0 0
0.034897 0.016057 0.445913 255 0 0
0.037299 0.014328 0.452112 255 0 0
0.043126 0.016596 0.454953 255 0 0
0.040121 0.017251 0.457649 255 0 0
0.042287 0.023709 0.460410 255 0 0
0.036460 0.021442 0.457569 255 0 0
0.033540 0.027567 0.454744 255 0 0
0.043676 -0.007302 0.454744 255 0 0
0.038403 -0.007677 0.459293 255 0 0
0.043088 -0.028115 0.452348 255 0 0
0.037815 -0.028490 0.456897 255 0 0
0.033757 -0.023238 0.447281 255 0 0
0.034120 -0.010374 0.448761 255 0 0
0.047371 -0.025418 0.462880 255 0 0
0.047734 -0.012554 0.464360 255 0 0
0.040687 -0.018873 0.464322 255 0 0
0.032272 -0.017525 0.454681 255 0 0
0.049219 -0.018266 0.456960 255 0 0
0.040804 -0.016919 0.447319 255 0 0
0.042503 -0.011095 0.450191 255 0 0
0.036886 -0.012901 0.446674 255 0 0
0.038574 -0.007248 0.451038 255 0 0
0.035474 -0.007468 0.453712 255 0 0
0.041091 -0.005662 0.457229 255 0 0
0.043477 -0.008749 0.462881 255 0 0
0.046576 -0.008529 0.460207 255 0 0
0.049834 -0.014974 0.461510 255 0 0
0.047448 -0.011887 0.455857 255 0 0
0.045760 -0.017540 0.451493 255 0 0
0.031871 -0.013257 0.451001 255 0 0
0.034388 -0.011671 0.457192 255 0 0
0.036672 -0.020462 0.445804 255 0 0
0.032743 -0.016615 0.446651 255 0 0
0.047103 -0.024121 0.454449 255 0 0
0.042157 -0.023329 0.448782 255 0 0
0.048748 -0.019177 0.464989 255 0 0
0.049620 -0.022535 0.460640 255 0 0
0.039334 -0.012463 0.462859 255 0 0
0.044819 -0.015330 0.465837 255 0 0
0.034043 -0.023905 0.455784 255 0 0
0.031657 -0.020818 0.450131 255 0 0
0.034915 -0.027263 0.451434 255 0 0
0.038014 -0.027042 0.448760 255 0 0
0.040400 -0.030130 0.454412 255 0 0
0.046017 -0.028324 0.457929 255 0 0
0.042917 -0.028544 0.460603 255 0 0
0.044605 -0.022891 0.464967 255 0 0
0.038988 -0.024697 0.461450 255 0 0
0.035731 -0.018252 0.460148 255 0 0
-0.010735 -0.064364 0.405641 255 0 0
-0.014581 -0.065548 0.411502 255 0 0
-0.006525 -0.084770 0.404281 255 0 0
-0.010371 -0.085954 0.410142 255 0 0
-0.017621 -0.082808 0.401708 255 0 0
-0.020223 -0.070196 0.402549 255 0 0
-0.000883 -0.080122 0.413234 255 0 0
-0.003485 -0.067510 0.414075 255 0 0
-0.008493 -0.075287 0.416195 255 0 0
-0.018837 -0.076947 0.409072 255 0 0
-0.002269 -0.073371 0.406711 255 0 0
-0.012613 -0.075031 0.399588 255 0 0
-0.011871 -0.068738 0.401688 255 0 0
-0.017448 -0.072166 0.399870 255 0 0
-0.016344 -0.065896 0.403428 255 0 0
-0.018605 -0.066592 0.406873 255 0 0
-0.013028 -0.063164 0.408691 255 0 0
-0.008766 -0.065014 0.413648 255 0 0
-0.006506 -0.064318 0.410203 255 0 0
-0.001529 -0.069612 0.410832 255 0 0
-0.005791 -0.067763 0.405875 255 0 0
-0.006895 -0.074033 0.402317 255 0 0
-0.021106 -0.073293 0.405445 255 0 0
-0.017790 -0.070561 0.410708 255 0 0
-0.015918 -0.079579 0.399376 255 0 0
-0.020391 -0.076737 0.401117 255 0 0
-0.003316 -0.079757 0.405075 255 0 0
-0.009396 -0.080733 0.400888 255 0 0
-0.000715 -0.073581 0.414666 255 0 0
0.000000 -0.077025 0.410338 255 0 0
-0.011710 -0.069585 0.414895 255 0 0
-0.005188 -0.070739 0.416407 255 0 0
-0.015315 -0.082555 0.409908 255 0 0
-0.019577 -0.080706 0.404951 255 0 0
-0.014600 -0.086000 0.405580 255 0 0
-0.012340 -0.085304 0.402135 255 0 0
-0.008078 -0.087154 0.407092 255 0 0
-0.002501 -0.083726 0.408910 255 0 0
-0.004762 -0.084422 0.412355 255 0 0
-0.003658 -0.078152 0.415913 255 0 0
-0.009235 -0.081580 0.414095 255 0 0
-0.014211 -0.076285 0.413466 255 0 0
-0.018347 -0.063495 0.402876 255 0 0
-0.022235 -0.064676 0.408833 255 0 0
-0.013257 -0.083826 0.402166 255 0 0
-0.017145 -0.085007 0.408123 255 0 0
-0.024289 -0.082368 0.399620 255 0 0
-0.027435 -0.069803 0.400059 255 0 0
-0.008057 -0.078699 0.410940 255 0 0
-0.011203 -0.066134 0.411379 255 0 0
-0.015875 -0.074073 0.413817 255 0 0
-0.025907 -0.076340 0.406820 255 0 0
-0.009585 -0.072162 0.404179 255 0 0
-0.019617 -0.074429 0.397182 255 0 0
-0.019199 -0.068033 0.399069 255 0 0
-0.024541 -0.071741 0.397412 255 0 0
-0.023795 -0.065314 0.400759 255 0 0
-0.026080 -0.066008 0.404261 255 0 0
-0.020738 -0.062301 0.405917 255 0 0
-0.016538 -0.063852 0.410915 255 0 0
-0.014253 -0.063158 0.407414 255 0 0
-0.009103 -0.068252 0.408179 255 0 0
-0.013302 -0.066701 0.403181 255 0 0
-0.014049 -0.073127 0.399834 255 0 0
-0.028238 -0.072864 0.403078 255 0 0
-0.025181 -0.069851 0.408235 255 0 0
-0.022692 -0.079126 0.397154 255 0 0
-0.027287 -0.076407 0.398845 255 0 0
-0.010311 -0.078651 0.402764 255 0 0
-0.016207 -0.079983 0.398651 255 0 0
-0.008205 -0.072095 0.412154 255 0 0
-0.007254 -0.075638 0.407921 255 0 0
-0.019285 -0.068519 0.412348 255 0 0
-0.012800 -0.069375 0.413845 255 0 0
-0.022190 -0.081801 0.407818 255 0 0
-0.026389 -0.080250 0.402820 255 0 0
-0.021239 -0.085344 0.403585 255 0 0
-0.018954 -0.084650 0.400084 255 0 0
-0.014754 -0.086201 0.405082 255 0 0
-0.009412 -0.082493 0.406738 255 0 0
-0.011697 -0.083188 0.410240 255 0 0
-0.010951 -0.076761 0.413587 255 0 0
-0.016293 -0.080469 0.411930 255 0 0
-0.021443 -0.075374 0.411165 255 0 0
0.035278 -0.071047 0.431008 255 0 0
0.030372 -0.072325 0.435854 255 0 0
0.036434 -0.091240 0.426853 255 0 0
0.031529 -0.092518 0.431699 255 0 0
0.026274 -0.086950 0.422774 255 0 0
0.025559 -0.074471 0.425342 255 0 0
0.041248 -0.089095 0.437365 255 0 0
0.040533 -0.076615 0.439933 255 0 0
0.034062 -0.083479 0.439783 255 0 0
0.024808 -0.082154 0.430766 255 0 0
0.041999 -0.081411 0.431942 255 0 0
0.032744 -0.080086 0.422924 255 0 0
0.034118 -0.074475 0.426196 255 0 0
0.028405 -0.076487 0.422865 255 0 0
0.029894 -0.071175 0.427617 255 0 0
0.027011 -0.071926 0.430466 255 0 0
0.032723 -0.069914 0.433796 255 0 0
0.035813 -0.073186 0.439042 255 0 0
0.038696 -0.072435 0.436193 255 0 0
0.042647 -0.078527 0.436742 255 0 0
0.039557 -0.075254 0.431496 255 0 0
0.038068 -0.080567 0.426745 255 0 0
0.023740 -0.077703 0.427475 255 0 0
0.026569 -0.076442 0.433653 255 0 0
0.028825 -0.083823 0.421356 255 0 0
0.024602 -0.080522 0.422777 255 0 0
0.040237 -0.087123 0.429054 255 0 0
0.034798 -0.086344 0.423753 255 0 0
0.042205 -0.083043 0.439930 255 0 0
0.043067 -0.085862 0.435233 255 0 0
0.032009 -0.077221 0.438954 255 0 0
0.037982 -0.079743 0.441351 255 0 0
0.027249 -0.088311 0.431211 255 0 0
0.024160 -0.085039 0.425965 255 0 0
0.028111 -0.091130 0.426514 255 0 0
0.030994 -0.090379 0.423665 255 0 0
0.034083 -0.093652 0.428911 255 0 0
0.039796 -0.091640 0.432242 255 0 0
0.036913 -0.092391 0.435090 255 0 0
0.038402 -0.087078 0.439842 255 0 0
0.032689 -0.089090 0.436512 255 0 0
0.028738 -0.082998 0.435963 255 0 0
0.014299 -0.066784 0.414663 255 0 0
0.010378 -0.068046 0.420289 255 0 0
0.016884 -0.087161 0.411896 255 0 0
0.012962 -0.088422 0.417521 255 0 0
0.005822 -0.084168 0.409176 255 0 0
0.004225 -0.071575 0.410886 255 0 0
0.023037 -0.083631 0.421298 255 0 0
0.021439 -0.071038 0.423008 255 0 0
0.015778 -0.078458 0.424389 255 0 0
0.005138 -0.078790 0.416897 255 0 0
0.022123 -0.076417 0.415287 255 0 0
0.011484 -0.076749 0.407795 255 0 0
0.012762 -0.070742 0.410376 255 0 0
0.006840 -0.073558 0.408156 255 0 0
0.008495 -0.067701 0.412193 255 0 0
0.006190 -0.068442 0.415499 255 0 0
0.012112 -0.065626 0.417719 255 0 0
0.016308 -0.068127 0.422624 255 0 0
0.018613 -0.067385 0.419318 255 0 0
0.023212 -0.073047 0.419684 255 0 0
0.019015 -0.070547 0.414779 255 0 0
0.017360 -0.076404 0.410742 255 0 0
0.003110 -0.074758 0.413505 255 0 0
0.006727 -0.072683 0.419032 255 0 0
0.007779 -0.080960 0.407150 255 0 0
0.003512 -0.077919 0.408967 255 0 0
0.020535 -0.082524 0.413152 255 0 0
0.014281 -0.082719 0.408749 255 0 0
0.023749 -0.077288 0.423217 255 0 0
0.024151 -0.080449 0.418679 255 0 0
0.012981 -0.072488 0.423435 255 0 0
0.019482 -0.074247 0.425034 255 0 0
0.008246 -0.084660 0.417405 255 0 0
0.004049 -0.082160 0.412500 255 0 0
0.008648 -0.087821 0.412867 255 0 0
0.010953 -0.087080 0.409560 255 0 0
0.015150 -0.089580 0.414465 255 0 0
0.021072 -0.086764 0.416685 255 0 0
0.018767 -0.087506 0.419992 255 0 0
0.020421 -0.081649 0.424028 255 0 0
0.014500 -0.084465 0.421808 255 0 0
0.009901 -0.078803 0.421442 255 0 0
-0.062652 -0.023675 0.412334 255 0 0
-0.071818 -0.024542 0.418966 255 0 0
-0.063345 -0.045881 0.408473 255 0 0
-0.072510 -0.046749 0.415104 255 0 0
-0.071296 -0.041145 0.407809 255 0 0
-0.070868 -0.027420 0.410196 255 0 0
-0.064294 -0.043003 0.417243 255 0 0
-0.063866 -0.029279 0.419629 255 0 0
-0.072832 -0.036488 0.422000 255 0 0
-0.077160 -0.035339 0.416169 255 0 0
-0.058003 -0.035084 0.411269 255 0 0
-0.062330 -0.033936 0.405439 255 0 0
-0.061598 -0.027680 0.408038 255 0 0
-0.066427 -0.029882 0.406781 255 0 0
-0.066616 -0.023851 0.410834 255 0 0
-0.072003 -0.024361 0.414732 255 0 0
-0.067174 -0.022159 0.415989 255 0 0
-0.067888 -0.025453 0.420277 255 0 0
-0.062501 -0.024943 0.416379 255 0 0
-0.059767 -0.031650 0.415753 255 0 0
-0.059054 -0.028356 0.411465 255 0 0
-0.058864 -0.034387 0.407412 255 0 0
-0.075143 -0.030707 0.413088 255 0 0
-0.075702 -0.029015 0.418243 255 0 0
-0.066678 -0.037949 0.405378 255 0 0
-0.071697 -0.034119 0.408174 255 0 0
-0.059461 -0.041408 0.409195 255 0 0
-0.062004 -0.040733 0.405768 255 0 0
-0.063465 -0.036304 0.419264 255 0 0
-0.060019 -0.039717 0.414350 255 0 0
-0.073158 -0.029691 0.421670 255 0 0
-0.068484 -0.032475 0.422060 255 0 0
-0.076108 -0.042068 0.415974 255 0 0
-0.075395 -0.038774 0.411685 255 0 0
-0.072662 -0.045481 0.411060 255 0 0
-0.067275 -0.044971 0.407161 255 0 0
-0.067988 -0.048265 0.411450 255 0 0
-0.063159 -0.046063 0.412706 255 0 0
-0.068546 -0.046573 0.416605 255 0 0
-0.068736 -0.040542 0.420658 255 0 0
-0.073565 -0.042743 0.419401 255 0 0
-0.076298 -0.036037 0.420027 255 0 0
-0.045916 -0.024367 0.407757 255 0 0
-0.050966 -0.025180 0.414641 255 0 0
-0.046001 -0.048880 0.404797 255 0 0
-0.051051 -0.049694 0.411680 255 0 0
-0.054318 -0.044078 0.404605 255 0 0
-0.054266 -0.028928 0.406435 255 0 0
-0.042702 -0.045133 0.413002 255 0 0
-0.042649 -0.029982 0.414832 255 0 0
-0.048979 -0.038015 0.417882 255 0 0
-0.056159 -0.037363 0.412693 255 0 0
-0.040809 -0.036698 0.406745 255 0 0
-0.047988 -0.036046 0.401555 255 0 0
-0.046683 -0.029008 0.403767 255 0 0
-0.051591 -0.031689 0.402990 255 0 0
-0.050373 -0.024824 0.406636 255 0 0
-0.053341 -0.025303 0.410682 255 0 0
-0.048433 -0.022622 0.411459 255 0 0
-0.046513 -0.025923 0.415618 255 0 0
-0.043545 -0.025444 0.411572 255 0 0
-0.040543 -0.032692 0.410976 255 0 0
-0.042463 -0.029391 0.406818 255 0 0
-0.043681 -0.036256 0.403172 255 0 0
-0.056393 -0.032463 0.409537 255 0 0
-0.054454 -0.030261 0.414360 255 0 0
-0.051622 -0.040594 0.401915 255 0 0
-0.055312 -0.036410 0.404783 255 0 0
-0.042513 -0.043800 0.405077 255 0 0
-0.046733 -0.043417 0.402027 255 0 0
-0.041655 -0.037650 0.414654 255 0 0
-0.040574 -0.041597 0.409901 255 0 0
-0.050234 -0.030644 0.417410 255 0 0
-0.045345 -0.033466 0.417523 255 0 0
-0.054504 -0.044669 0.412620 255 0 0
-0.056424 -0.041368 0.408461 255 0 0
-0.053422 -0.048616 0.407866 255 0 0
-0.050454 -0.048138 0.403820 255 0 0
-0.048534 -0.051439 0.407978 255 0 0
-0.043626 -0.048758 0.408756 255 0 0
-0.046594 -0.049236 0.412802 255 0 0
-0.045376 -0.042371 0.416447 255 0 0
-0.050284 -0.045052 0.415670 255 0 0
-0.053286 -0.037804 0.416265 255 0 0
-0.058551 -0.059586 0.404143 255 0 0
-0.066070 -0.060883 0.410210 255 0 0
-0.058628 -0.082952 0.399051 255 0 0
-0.066147 -0.084250 0.405118 255 0 0
-0.066527 -0.078053 0.398141 255 0 0
-0.066479 -0.063612 0.401288 255 0 0
-0.058218 -0.080223 0.407973 255 0 0
-0.058171 -0.065782 0.411120 255 0 0
-0.065865 -0.073638 0.412577 255 0 0
-0.070999 -0.072297 0.406501 255 0 0
-0.053698 -0.071539 0.402760 255 0 0
-0.058833 -0.070197 0.396683 255 0 0
-0.058050 -0.063658 0.399673 255 0 0
-0.062710 -0.066025 0.397995 255 0 0
-0.062544 -0.059787 0.402379 255 0 0
-0.066964 -0.060550 0.405946 255 0 0
-0.062304 -0.058183 0.407624 255 0 0
-0.062080 -0.061825 0.411725 255 0 0
-0.057661 -0.061063 0.408158 255 0 0
-0.054809 -0.068088 0.407346 255 0 0
-0.055032 -0.064446 0.403244 255 0 0
-0.055198 -0.070684 0.398860 255 0 0
-0.069861 -0.067259 0.403765 255 0 0
-0.069621 -0.065655 0.409010 255 0 0
-0.062738 -0.074513 0.396145 255 0 0
-0.067233 -0.070642 0.398851 255 0 0
-0.055077 -0.078181 0.400251 255 0 0
-0.058095 -0.077392 0.396680 255 0 0
-0.057465 -0.073193 0.410410 255 0 0
-0.054836 -0.076577 0.405496 255 0 0
-0.066603 -0.066443 0.412581 255 0 0
-0.061960 -0.069322 0.413116 255 0 0
-0.069666 -0.079389 0.406016 255 0 0
-0.069889 -0.075747 0.401915 255 0 0
-0.067037 -0.082773 0.401103 255 0 0
-0.062618 -0.082010 0.397536 255 0 0
-0.062394 -0.085652 0.401637 255 0 0
-0.057734 -0.083286 0.403315 255 0 0
-0.062154 -0.084048 0.406882 255 0 0
-0.061988 -0.077811 0.411266 255 0 0
-0.066648 -0.080177 0.409588 255 0 0
-0.069500 -0.073152 0.410401 255 0 0
0.045949 -0.039319 0.458025 255 0 0
0.040529 -0.040029 0.462408 255 0 0
0.045626 -0.059843 0.454301 255 0 0
0.040206 -0.060553 0.458684 255 0 0
0.036383 -0.054740 0.449297 255 0 0
0.036582 -0.042055 0.451599 255 0 0
0.049573 -0.057816 0.465110 255 0 0
0.049773 -0.045132 0.467411 255 0 0
0.042769 -0.051461 0.466787 255 0 0
0.034617 -0.049559 0.457014 255 0 0
0.051539 -0.050312 0.459695 255 0 0
0.043387 -0.048411 0.449922 255 0 0
0.044947 -0.042799 0.453204 255 0 0
0.039441 -0.044407 0.449427 255 0 0
0.040948 -0.039063 0.454190 255 0 0
0.037762 -0.039480 0.456766 255 0 0
0.043268 -0.037872 0.460543 255 0 0
0.045515 -0.041289 0.466060 255 0 0
0.048701 -0.040871 0.463484 255 0 0
0.051986 -0.047333 0.464466 255 0 0
0.049739 -0.043916 0.458948 255 0 0
0.048233 -0.049261 0.454186 255 0 0
0.034287 -0.045082 0.453596 255 0 0
0.036607 -0.043891 0.459949 255 0 0
0.039324 -0.051863 0.448074 255 0 0
0.035325 -0.048127 0.449060 255 0 0
0.049549 -0.055980 0.456760 255 0 0
0.044757 -0.054863 0.451015 255 0 0
0.050831 -0.051744 0.467649 255 0 0
0.051869 -0.054789 0.463113 255 0 0
0.041398 -0.045009 0.465693 255 0 0
0.046832 -0.048008 0.468634 255 0 0
0.036417 -0.055955 0.457760 255 0 0
0.034169 -0.052538 0.452243 255 0 0
0.037455 -0.059000 0.453224 255 0 0
0.040641 -0.058583 0.450648 255 0 0
0.042888 -0.062000 0.456166 255 0 0
0.048394 -0.060391 0.459943 255 0 0
0.045208 -0.060809 0.462519 255 0 0
0.046714 -0.055464 0.467282 255 0 0
0.041209 -0.057073 0.463505 255 0 0
0.037923 -0.050611 0.462523 255 0 0
-0.023279 -0.063379 0.402224 255 0 0
-0.027236 -0.064581 0.408269 255 0 0
-0.018365 -0.083853 0.401370 255 0 0
-0.022322 -0.085055 0.407414 255 0 0
-0.029254 -0.082225 0.399003 255 0 0
-0.032291 -0.069571 0.399531 255 0 0
-0.013310 -0.078862 0.410108 255 0 0
-0.016347 -0.066208 0.410636 255 0 0
-0.021074 -0.074150 0.413141 255 0 0
-0.030928 -0.076228 0.406278 255 0 0
-0.014672 -0.072205 0.403361 255 0 0
-0.024526 -0.074283 0.396497 255 0 0
-0.024096 -0.067885 0.398402 255 0 0
-0.029393 -0.071526 0.396819 255 0 0
-0.028660 -0.065116 0.400186 255 0 0
-0.030986 -0.065822 0.403739 255 0 0
-0.025689 -0.062182 0.405322 255 0 0
-0.021614 -0.063845 0.410266 255 0 0
-0.019288 -0.063139 0.406713 255 0 0
-0.014229 -0.068327 0.407381 255 0 0
-0.018304 -0.066664 0.402437 255 0 0
-0.019037 -0.073073 0.399070 255 0 0
-0.033156 -0.072669 0.402568 255 0 0
-0.030185 -0.069735 0.407704 255 0 0
-0.027608 -0.078963 0.396509 255 0 0
-0.032172 -0.076193 0.398292 255 0 0
-0.015416 -0.078698 0.401934 255 0 0
-0.021208 -0.079920 0.397900 255 0 0
-0.013429 -0.072240 0.411347 255 0 0
-0.012444 -0.075765 0.407070 255 0 0
-0.024393 -0.068513 0.411739 255 0 0
-0.017992 -0.069470 0.413130 255 0 0
-0.027296 -0.081770 0.407202 255 0 0
-0.031371 -0.080106 0.402258 255 0 0
-0.026312 -0.085294 0.402926 255 0 0
-0.023987 -0.084588 0.399373 255 0 0
-0.019912 -0.086251 0.404317 255 0 0
-0.014615 -0.082611 0.405900 255 0 0
-0.016940 -0.083317 0.409453 255 0 0
-0.016207 -0.076908 0.412819 255 0 0
-0.021504 -0.080548 0.411236 255 0 0
-0.026563 -0.075360 0.410568 255 0 0
0.001944 0.056063 0.418918 255 0 0
-0.002071 0.056591 0.424873 255 0 0
0.000148 0.034498 0.419619 255 0 0
-0.003867 0.035026 0.425573 255 0 0
-0.009578 0.039374 0.416982 255 0 0
-0.008468 0.052702 0.416550 255 0 0
0.006545 0.038387 0.427942 255 0 0
0.007655 0.051715 0.427509 255 0 0
0.000772 0.045666 0.430450 255 0 0
-0.009192 0.046276 0.423676 255 0 0
0.007269 0.044812 0.420815 255 0 0
-0.002695 0.045422 0.414042 255 0 0
-0.000273 0.051655 0.415468 255 0 0
-0.006393 0.049680 0.414076 255 0 0
-0.003666 0.055934 0.416942 255 0 0
-0.006026 0.056244 0.420442 255 0 0
0.000094 0.058220 0.421834 255 0 0
0.003451 0.055664 0.426884 255 0 0
0.005811 0.055354 0.423384 255 0 0
0.008941 0.048741 0.424499 255 0 0
0.005584 0.051297 0.419449 255 0 0
0.002857 0.045042 0.416583 255 0 0
-0.010212 0.050182 0.419739 255 0 0
-0.006452 0.052467 0.424631 255 0 0
-0.007045 0.041846 0.414330 255 0 0
-0.010438 0.046125 0.415804 255 0 0
0.004528 0.038621 0.419861 255 0 0
-0.001329 0.038980 0.415879 255 0 0
0.008515 0.044964 0.428688 255 0 0
0.008288 0.040907 0.424753 255 0 0
-0.000594 0.052109 0.428612 255 0 0
0.005122 0.049243 0.430162 255 0 0
-0.007507 0.039792 0.425042 255 0 0
-0.010864 0.042348 0.419993 255 0 0
-0.007734 0.035735 0.421108 255 0 0
-0.005374 0.035425 0.417608 255 0 0
-0.002017 0.032869 0.422657 255 0 0
0.004103 0.034844 0.424050 255 0 0
0.001743 0.035155 0.427550 255 0 0
0.004470 0.041409 0.430416 255 0 0
-0.001650 0.039433 0.429024 255 0 0
-0.004780 0.046046 0.427909 255 0 0
0.033908 0.059257 0.433164 255 0 0
0.029705 0.060375 0.438545 255 0 0
0.032177 0.038668 0.436091 255 0 0
0.027975 0.039786 0.441473 255 0 0
0.022079 0.042941 0.431766 255 0 0
0.023149 0.055666 0.429957 255 0 0
0.038733 0.043377 0.444680 255 0 0
0.039803 0.056102 0.442870 255 0 0
0.032688 0.050561 0.445663 255 0 0
0.022395 0.050291 0.437681 255 0 0
0.039487 0.048751 0.436955 255 0 0
0.029194 0.048482 0.428974 255 0 0
0.031658 0.054633 0.429972 255 0 0
0.025334 0.052522 0.428087 255 0 0
0.028105 0.058855 0.430549 255 0 0
0.025635 0.059512 0.433713 255 0 0
0.031958 0.061623 0.435598 255 0 0
0.035424 0.059769 0.441303 255 0 0
0.037894 0.059111 0.438140 255 0 0
0.041173 0.052937 0.440368 255 0 0
0.037708 0.054791 0.434663 255 0 0
0.034938 0.048458 0.432200 255 0 0
0.021338 0.053585 0.433205 255 0 0
0.025192 0.056354 0.438253 255 0 0
0.024706 0.045042 0.429150 255 0 0
0.021152 0.049265 0.429728 255 0 0
0.036691 0.042689 0.436383 255 0 0
0.030641 0.042531 0.431692 255 0 0
0.040730 0.049778 0.444909 255 0 0
0.040544 0.045457 0.441432 255 0 0
0.031241 0.056512 0.442944 255 0 0
0.037177 0.054000 0.445486 255 0 0
0.024174 0.044252 0.439974 255 0 0
0.020709 0.046106 0.434268 255 0 0
0.023989 0.039931 0.436497 255 0 0
0.026459 0.039274 0.433333 255 0 0
0.029924 0.037419 0.439039 255 0 0
0.036248 0.039530 0.440924 255 0 0
0.033778 0.040188 0.444087 255 0 0
0.036548 0.046521 0.446550 255 0 0
0.030224 0.044410 0.444665 255 0 0
0.026945 0.050585 0.442436 255 0 0
0.022348 0.034810 0.429608 255 0 0
0.018211 0.035628 0.435145 255 0 0
0.020449 0.013868 0.431284 255 0 0
0.016312 0.014687 0.436820 255 0 0
0.010461 0.018530 0.427506 255 0 0
0.011635 0.031473 0.426470 255 0 0
0.027025 0.018024 0.439958 255 0 0
0.028199 0.030967 0.438923 255 0 0
0.021101 0.025254 0.441542 255 0 0
0.010864 0.025567 0.433846 255 0 0
0.027796 0.023930 0.432583 255 0 0
0.017559 0.024243 0.424887 255 0 0
0.020063 0.030365 0.426200 255 0 0
0.013766 0.028404 0.424356 255 0 0
0.016581 0.034615 0.427131 255 0 0
0.014149 0.035096 0.430385 255 0 0
0.020446 0.037058 0.432230 255 0 0
0.023885 0.034798 0.437705 255 0 0
0.026317 0.034318 0.434450 255 0 0
0.029519 0.027922 0.436199 255 0 0
0.026080 0.030182 0.430724 255 0 0
0.023265 0.023970 0.427949 255 0 0
0.009831 0.029182 0.429621 255 0 0
0.013696 0.031624 0.434720 255 0 0
0.013076 0.020796 0.424964 255 0 0
0.009594 0.025046 0.425895 255 0 0
0.024964 0.017872 0.431708 255 0 0
0.018947 0.018056 0.427185 255 0 0
0.029066 0.024451 0.440534 255 0 0
0.028829 0.020315 0.436807 255 0 0
0.019713 0.031441 0.439244 255 0 0
0.025584 0.028701 0.441464 255 0 0
0.012580 0.019315 0.435705 255 0 0
0.009141 0.021574 0.430230 255 0 0
0.012343 0.015179 0.431979 255 0 0
0.014775 0.014698 0.428724 255 0 0
0.018214 0.012439 0.434199 255 0 0
0.024511 0.014401 0.436044 255 0 0
0.022079 0.014882 0.439298 255 0 0
0.024894 0.021093 0.442073 255 0 0
0.018597 0.019131 0.440229 255 0 0
0.015395 0.025527 0.438480 255 0 0
-0.000281 0.026536 0.419274 255 0 0
-0.004303 0.026786 0.425179 255 0 0
-0.001062 0.004898 0.419657 255 0 0
-0.005083 0.005148 0.425561 255 0 0
-0.011042 0.009351 0.416998 255 0 0
-0.010560 0.022724 0.416762 255 0 0
0.005195 0.008961 0.428074 255 0 0
0.005678 0.022334 0.427838 255 0 0
-0.000918 0.015923 0.430618 255 0 0
-0.010953 0.016164 0.423772 255 0 0
0.005589 0.015520 0.421063 255 0 0
-0.004446 0.015761 0.414218 255 0 0
-0.002308 0.022080 0.415750 255 0 0
-0.008349 0.019839 0.414274 255 0 0
-0.005901 0.026173 0.417246 255 0 0
-0.008265 0.026319 0.420716 255 0 0
-0.002223 0.028561 0.422193 255 0 0
0.001279 0.026090 0.427227 255 0 0
0.003643 0.025944 0.423756 255 0 0
0.007094 0.019468 0.424807 255 0 0
0.003591 0.021939 0.419774 255 0 0
0.001143 0.015605 0.416802 255 0 0
-0.012174 0.020076 0.419889 255 0 0
-0.008496 0.022464 0.424837 255 0 0
-0.008633 0.011979 0.414412 255 0 0
-0.012226 0.016071 0.415908 255 0 0
0.003132 0.009220 0.419999 255 0 0
-0.002766 0.009362 0.415975 255 0 0
0.006862 0.015613 0.428928 255 0 0
0.006810 0.011608 0.424946 255 0 0
-0.002598 0.022322 0.428861 255 0 0
0.003269 0.019705 0.430423 255 0 0
-0.008955 0.009746 0.425062 255 0 0
-0.012458 0.012216 0.420028 255 0 0
-0.009007 0.005741 0.421080 255 0 0
-0.006643 0.005594 0.417609 255 0 0
-0.003141 0.003124 0.422643 255 0 0
0.002901 0.005365 0.424119 255 0 0
0.000537 0.005511 0.427590 255 0 0
0.002985 0.011845 0.430562 255 0 0
-0.003057 0.009604 0.429085 255 0 0
-0.006507 0.016079 0.428034 255 0 0
0.019737 0.058245 0.425420 255 0 0
0.015911 0.059217 0.431119 255 0 0
0.015478 0.037800 0.426045 255 0 0
0.011652 0.038772 0.431744 255 0 0
0.005884 0.043778 0.422802 255 0 0
0.008516 0.056413 0.422415 255 0 0
0.022873 0.040604 0.434749 255 0 0
0.025505 0.053240 0.434362 255 0 0
0.017849 0.048314 0.436885 255 0 0
0.007349 0.050275 0.429501 255 0 0
0.024040 0.046742 0.427663 255 0 0
0.013540 0.048704 0.420279 255 0 0
0.016805 0.054346 0.421843 255 0 0
0.010209 0.053269 0.420077 255 0 0
0.013851 0.058878 0.423099 255 0 0
0.011602 0.059449 0.426449 255 0 0
0.018198 0.060526 0.428215 255 0 0
0.021588 0.057584 0.433471 255 0 0
0.023837 0.057013 0.430121 255 0 0
0.026366 0.050251 0.431439 255 0 0
0.022976 0.053193 0.426183 255 0 0
0.019334 0.047585 0.423162 255 0 0
0.006570 0.054193 0.425498 255 0 0
0.010916 0.055841 0.430613 255 0 0
0.008662 0.045842 0.420304 255 0 0
0.005709 0.050374 0.421560 255 0 0
0.020473 0.041176 0.426550 255 0 0
0.014301 0.042329 0.422211 255 0 0
0.025680 0.046643 0.435604 255 0 0
0.024819 0.042824 0.431666 255 0 0
0.017088 0.054688 0.434953 255 0 0
0.022727 0.051175 0.436860 255 0 0
0.008413 0.043824 0.430981 255 0 0
0.005023 0.046766 0.425725 255 0 0
0.007552 0.040005 0.427043 255 0 0
0.009801 0.039434 0.423693 255 0 0
0.013191 0.036491 0.428949 255 0 0
0.019787 0.037568 0.430715 255 0 0
0.017537 0.038139 0.434065 255 0 0
0.021180 0.043748 0.437087 255 0 0
0.014584 0.042671 0.435321 255 0 0
0.012055 0.049432 0.434002 255 0 0
0.045256 0.065032 0.440409 255 0 0
0.040641 0.066281 0.445576 255 0 0
0.043879 0.044770 0.444078 255 0 0
0.039264 0.046019 0.449245 255 0 0
0.033956 0.048556 0.439095 255 0 0
0.034807 0.061079 0.436827 255 0 0
0.049713 0.049973 0.452826 255 0 0
0.050563 0.062495 0.450558 255 0 0
0.043395 0.056974 0.453250 255 0 0
0.033657 0.056099 0.444764 255 0 0
0.050863 0.054953 0.444890 255 0 0
0.041125 0.054078 0.436403 255 0 0
0.043354 0.060262 0.437279 255 0 0
0.037212 0.057939 0.435174 255 0 0
0.039640 0.064378 0.437528 255 0 0
0.036927 0.065112 0.440565 255 0 0
0.043069 0.067436 0.442670 255 0 0
0.046189 0.065944 0.448636 255 0 0
0.048901 0.065210 0.445599 255 0 0
0.052197 0.059285 0.448233 255 0 0
0.049077 0.060777 0.442267 255 0 0
0.046649 0.054338 0.439913 255 0 0
0.032823 0.059127 0.440088 255 0 0
0.036252 0.062185 0.445230 255 0 0
0.036712 0.050578 0.436507 255 0 0
0.032998 0.054693 0.436756 255 0 0
0.048268 0.048867 0.444424 255 0 0
0.042544 0.048352 0.439436 255 0 0
0.051521 0.056358 0.452898 255 0 0
0.051697 0.051925 0.449566 255 0 0
0.041975 0.062699 0.450218 255 0 0
0.047808 0.060474 0.453147 255 0 0
0.035442 0.050275 0.447387 255 0 0
0.032323 0.051766 0.441421 255 0 0
0.035618 0.045842 0.444055 255 0 0
0.038331 0.045107 0.441018 255 0 0
0.041451 0.043616 0.446984 255 0 0
0.047592 0.045940 0.449089 255 0 0
0.044879 0.046674 0.452126 255 0 0
0.047308 0.053113 0.454480 255 0 0
0.041166 0.050789 0.452375 255 0 0
0.037871 0.056714 0.449741 255 0 0
0.031631 0.089146 0.419386 255 0 0
0.027741 0.090396 0.425138 255 0 0
0.028501 0.069146 0.421617 255 0 0
0.024610 0.070396 0.427369 255 0 0
0.018470 0.074278 0.418045 255 0 0
0.020405 0.086639 0.416666 255 0 0
0.035837 0.072903 0.430088 255 0 0
0.037771 0.085264 0.428709 255 0 0
0.030340 0.080358 0.431753 255 0 0
0.019607 0.081207 0.424310 255 0 0
0.036634 0.078335 0.422445 255 0 0
0.025901 0.079184 0.415002 255 0 0
0.028879 0.084936 0.416108 255 0 0
0.022281 0.083463 0.414510 255 0 0
0.025648 0.089318 0.417086 255 0 0
0.023362 0.090053 0.420467 255 0 0
0.029960 0.091527 0.422066 255 0 0
0.033570 0.089245 0.427546 255 0 0
0.035856 0.088510 0.424165 255 0 0
0.038797 0.082156 0.425963 255 0 0
0.035188 0.084437 0.420483 255 0 0
0.031820 0.078582 0.417906 255 0 0
0.018581 0.084652 0.419981 255 0 0
0.022893 0.086861 0.424960 255 0 0
0.021144 0.076197 0.415320 255 0 0
0.017913 0.080579 0.416299 255 0 0
0.033348 0.072681 0.421794 255 0 0
0.027039 0.073181 0.417420 255 0 0
0.038328 0.078963 0.430456 255 0 0
0.037660 0.074890 0.426774 255 0 0
0.029202 0.086362 0.429335 255 0 0
0.035098 0.083345 0.431434 255 0 0
0.021053 0.075105 0.426272 255 0 0
0.017444 0.077387 0.420791 255 0 0
0.020385 0.071032 0.422589 255 0 0
0.022671 0.070297 0.419208 255 0 0
0.026281 0.068015 0.424689 255 0 0
0.032879 0.069489 0.426287 255 0 0
0.030593 0.070224 0.429668 255 0 0
0.033960 0.076079 0.432245 255 0 0
0.027362 0.074606 0.430646 255 0 0
0.024421 0.080960 0.428848 255 0 0
-0.002216 0.086285 0.409757 255 0 0
-0.006358 0.087600 0.415808 255 0 0
-0.003794 0.065120 0.413275 255 0 0
-0.007936 0.066435 0.419325 255 0 0
-0.013425 0.069522 0.410311 255 0 0
-0.012450 0.082603 0.408137 255 0 0
0.002297 0.070117 0.420945 255 0 0
0.003273 0.083198 0.418772 255 0 0
-0.003569 0.077607 0.422722 255 0 0
-0.013286 0.077240 0.416150 255 0 0
0.003133 0.075481 0.412933 255 0 0
-0.006584 0.075113 0.406360 255 0 0
-0.004282 0.081461 0.406921 255 0 0
-0.010297 0.079296 0.405968 255 0 0
-0.007730 0.085863 0.407965 255 0 0
-0.010164 0.086636 0.411521 255 0 0
-0.004149 0.088801 0.412474 255 0 0
-0.000922 0.086986 0.417772 255 0 0
0.001512 0.086213 0.414216 255 0 0
0.004657 0.079862 0.416082 255 0 0
0.001430 0.081677 0.410784 255 0 0
-0.001137 0.075110 0.408787 255 0 0
-0.014236 0.080546 0.411722 255 0 0
-0.010655 0.083484 0.416231 255 0 0
-0.010870 0.071608 0.407246 255 0 0
-0.014318 0.076010 0.408290 255 0 0
0.000503 0.069237 0.412851 255 0 0
-0.005209 0.069021 0.408988 255 0 0
0.004165 0.076710 0.420792 255 0 0
0.004083 0.072174 0.417360 255 0 0
-0.004944 0.083700 0.420094 255 0 0
0.000717 0.081112 0.421836 255 0 0
-0.011583 0.071043 0.418298 255 0 0
-0.014809 0.072858 0.413000 255 0 0
-0.011665 0.066507 0.414866 255 0 0
-0.009230 0.065734 0.411310 255 0 0
-0.006004 0.063920 0.416609 255 0 0
0.000011 0.066084 0.417561 255 0 0
-0.002423 0.066857 0.421117 255 0 0
0.000144 0.073424 0.423114 255 0 0
-0.005871 0.071259 0.422162 255 0 0
-0.009016 0.077610 0.420295 255 0 0
0.014179 0.086426 0.413732 255 0 0
0.010229 0.087637 0.419592 255 0 0
0.010291 0.066030 0.415325 255 0 0
0.006341 0.067240 0.421184 255 0 0
0.000769 0.071656 0.412130 255 0 0
0.003172 0.084262 0.411146 255 0 0
0.017348 0.069405 0.423771 255 0 0
0.019751 0.082011 0.422787 255 0 0
0.012187 0.077117 0.425796 255 0 0
0.001941 0.078508 0.418602 255 0 0
0.018579 0.075158 0.416315 255 0 0
0.008333 0.076550 0.409120 255 0 0
0.011431 0.082305 0.410367 255 0 0
0.004961 0.081033 0.408847 255 0 0
0.008397 0.086838 0.411558 255 0 0
0.006075 0.087550 0.415002 255 0 0
0.012545 0.088822 0.416523 255 0 0
0.015820 0.086227 0.421845 255 0 0
0.018142 0.085515 0.418401 255 0 0
0.020728 0.078892 0.419919 255 0 0
0.017453 0.081488 0.414596 255 0 0
0.014017 0.075682 0.411885 255 0 0
0.001204 0.082184 0.414420 255 0 0
0.005352 0.084168 0.419385 255 0 0
0.003549 0.073623 0.409425 255 0 0
0.000515 0.078157 0.410616 255 0 0
0.015168 0.069499 0.415532 255 0 0
0.009146 0.070316 0.411303 255 0 0
0.020005 0.075510 0.424301 255 0 0
0.019316 0.071482 0.420497 255 0 0
0.011375 0.083350 0.423614 255 0 0
0.016972 0.080043 0.425492 255 0 0
0.003067 0.072179 0.420320 255 0 0
-0.000208 0.074775 0.414998 255 0 0
0.002378 0.068151 0.416516 255 0 0
0.004700 0.067440 0.413072 255 0 0
0.007975 0.064844 0.418394 255 0 0
0.014445 0.066117 0.419915 255 0 0
0.012123 0.066828 0.423359 255 0 0
0.015559 0.072633 0.426070 255 0 0
0.009089 0.071361 0.424549 255 0 0
0.006503 0.077984 0.423031 255 0 0
-0.013512 0.056804 0.413829 255 0 0
-0.017919 0.057574 0.420238 255 0 0
-0.013473 0.033697 0.416634 255 0 0
-0.017880 0.034468 0.423043 255 0 0
-0.022591 0.037915 0.414623 255 0 0
-0.022615 0.052196 0.412889 255 0 0
-0.008776 0.039075 0.423983 255 0 0
-0.008800 0.053356 0.422249 255 0 0
-0.014992 0.046618 0.426514 255 0 0
-0.023530 0.045901 0.420728 255 0 0
-0.007861 0.045370 0.416144 255 0 0
-0.016399 0.044654 0.410358 255 0 0
-0.014825 0.051623 0.410980 255 0 0
-0.020176 0.048914 0.410427 255 0 0
-0.018479 0.056056 0.412467 255 0 0
-0.021070 0.056509 0.416234 255 0 0
-0.015719 0.059217 0.416787 255 0 0
-0.012949 0.057191 0.421736 255 0 0
-0.010359 0.056738 0.417969 255 0 0
-0.007038 0.050018 0.419330 255 0 0
-0.009807 0.052044 0.414380 255 0 0
-0.011504 0.044902 0.412341 255 0 0
-0.024368 0.049648 0.416523 255 0 0
-0.021608 0.052809 0.420842 255 0 0
-0.020162 0.040520 0.411447 255 0 0
-0.023816 0.044954 0.412934 255 0 0
-0.009784 0.038462 0.416030 255 0 0
-0.014803 0.038041 0.412629 255 0 0
-0.007576 0.046317 0.423938 255 0 0
-0.007024 0.041624 0.420349 255 0 0
-0.016589 0.053230 0.424243 255 0 0
-0.011229 0.050751 0.425425 255 0 0
-0.021585 0.039227 0.422491 255 0 0
-0.024354 0.041253 0.417542 255 0 0
-0.021033 0.034533 0.418903 255 0 0
-0.018442 0.034080 0.415136 255 0 0
-0.015673 0.032054 0.420085 255 0 0
-0.010322 0.034762 0.420638 255 0 0
-0.012912 0.035215 0.424405 255 0 0
-0.011215 0.042357 0.426445 255 0 0
-0.016566 0.039648 0.425892 255 0 0
-0.019887 0.046369 0.424531 255 0 0
-0.027659 0.022865 0.413148 255 0 0
-0.032388 0.021937 0.419855 255 0 0
-0.026788 -0.001358 0.410410 255 0 0
-0.031517 -0.002287 0.417117 255 0 0
-0.035506 0.003071 0.409961 255 0 0
-0.036043 0.018041 0.411654 255 0 0
-0.023132 0.002537 0.418611 255 0 0
-0.023670 0.017508 0.420304 255 0 0
-0.029590 0.009373 0.423232 255 0 0
-0.037237 0.009703 0.417886 255 0 0
-0.021939 0.010875 0.412380 255 0 0
-0.029586 0.011205 0.407033 255 0 0
-0.028453 0.018219 0.409206 255 0 0
-0.033381 0.015384 0.408327 255 0 0
-0.032248 0.022238 0.411922 255 0 0
-0.035028 0.021692 0.415864 255 0 0
-0.030100 0.024527 0.416742 255 0 0
-0.027755 0.021378 0.420948 255 0 0
-0.024976 0.021924 0.417006 255 0 0
-0.021613 0.014877 0.416554 255 0 0
-0.023958 0.018026 0.412348 255 0 0
-0.025090 0.011172 0.408754 255 0 0
-0.037879 0.014501 0.414706 255 0 0
-0.035730 0.016791 0.419527 255 0 0
-0.033065 0.006584 0.407332 255 0 0
-0.036861 0.010603 0.410048 255 0 0
-0.023446 0.003787 0.410738 255 0 0
-0.027941 0.003981 0.407596 255 0 0
-0.022315 0.009976 0.420217 255 0 0
-0.021297 0.006077 0.415559 255 0 0
-0.031235 0.016597 0.422669 255 0 0
-0.026111 0.013994 0.422933 255 0 0
-0.035218 0.002553 0.417917 255 0 0
-0.037562 0.005702 0.413711 255 0 0
-0.034200 -0.001346 0.413259 255 0 0
-0.031421 -0.000800 0.409317 255 0 0
-0.029076 -0.003949 0.413523 255 0 0
-0.024148 -0.001114 0.414401 255 0 0
-0.026928 -0.001659 0.418344 255 0 0
-0.025795 0.005194 0.421938 255 0 0
-0.030723 0.002359 0.421059 255 0 0
-0.034086 0.009406 0.421511 255 0 0
-0.034069 -0.061467 0.402895 255 0 0
-0.038578 -0.062811 0.409163 255 0 0
-0.032531 -0.083513 0.399272 255 0 0
-0.037041 -0.084858 0.405540 255 0 0
-0.042146 -0.079644 0.398086 255 0 0
-0.043096 -0.066019 0.400325 255 0 0
-0.028014 -0.080306 0.408110 255 0 0
-0.028964 -0.066680 0.410349 255 0 0
-0.034836 -0.074454 0.412387 255 0 0
-0.043570 -0.074045 0.406191 255 0 0
-0.027540 -0.072279 0.402244 255 0 0
-0.036274 -0.071870 0.396049 255 0 0
-0.035104 -0.065528 0.398639 255 0 0
-0.040410 -0.068204 0.397129 255 0 0
-0.039114 -0.062089 0.401153 255 0 0
-0.041765 -0.062879 0.404837 255 0 0
-0.036459 -0.060203 0.406347 255 0 0
-0.033458 -0.063268 0.410729 255 0 0
-0.030808 -0.062478 0.407044 255 0 0
-0.026970 -0.068833 0.406662 255 0 0
-0.029971 -0.065768 0.402280 255 0 0
-0.031266 -0.071883 0.398256 255 0 0
-0.044698 -0.069482 0.403090 255 0 0
-0.042043 -0.067597 0.408285 255 0 0
-0.039851 -0.076213 0.395812 255 0 0
-0.043861 -0.072773 0.398326 255 0 0
-0.029067 -0.078727 0.400151 255 0 0
-0.034200 -0.078487 0.396509 255 0 0
-0.027249 -0.073551 0.410110 255 0 0
-0.026411 -0.076842 0.405346 255 0 0
-0.036910 -0.067838 0.411926 255 0 0
-0.031259 -0.070112 0.412623 255 0 0
-0.041139 -0.080556 0.406155 255 0 0
-0.044140 -0.077491 0.401774 255 0 0
-0.040302 -0.083847 0.401391 255 0 0
-0.037652 -0.083056 0.397707 255 0 0
-0.034651 -0.086121 0.402088 255 0 0
-0.029345 -0.083445 0.403599 255 0 0
-0.031996 -0.084235 0.407283 255 0 0
-0.030700 -0.078121 0.411307 255 0 0
-0.036006 -0.080796 0.409797 255 0 0
-0.039843 -0.074441 0.410179 255 0 0
0.056684 -0.073398 0.462000 255 0 0
0.051181 -0.074619 0.466301 255 0 0
0.057430 -0.093715 0.457187 255 0 0
0.051927 -0.094936 0.461488 255 0 0
0.048069 -0.088831 0.452441 255 0 0
0.047608 -0.076274 0.455416 255 0 0
0.061003 -0.092059 0.468072 255 0 0
0.060542 -0.079503 0.471047 255 0 0
0.053850 -0.086152 0.470054 255 0 0
0.045857 -0.084157 0.460394 255 0 0
0.062754 -0.084177 0.463094 255 0 0
0.054761 -0.082181 0.453434 255 0 0
0.055971 -0.076670 0.457010 255 0 0
0.050636 -0.078361 0.453140 255 0 0
0.051767 -0.073198 0.458175 255 0 0
0.048532 -0.073915 0.460703 255 0 0
0.053867 -0.072224 0.464573 255 0 0
0.056135 -0.075813 0.469891 255 0 0
0.059369 -0.075095 0.467363 255 0 0
0.062937 -0.081431 0.468006 255 0 0
0.060670 -0.077843 0.462688 255 0 0
0.059539 -0.083006 0.457653 255 0 0
0.045403 -0.079522 0.457231 255 0 0
0.047503 -0.078549 0.463629 255 0 0
0.050907 -0.085741 0.451391 255 0 0
0.046703 -0.082269 0.452556 255 0 0
0.061108 -0.089785 0.459859 255 0 0
0.056409 -0.088612 0.454181 255 0 0
0.061908 -0.086064 0.470932 255 0 0
0.063208 -0.088812 0.466257 255 0 0
0.052201 -0.079721 0.469307 255 0 0
0.057704 -0.082592 0.472097 255 0 0
0.047941 -0.090491 0.460800 255 0 0
0.045674 -0.086903 0.455482 255 0 0
0.049242 -0.093238 0.456125 255 0 0
0.052476 -0.092521 0.453597 255 0 0
0.054744 -0.096109 0.458915 255 0 0
0.060078 -0.094418 0.462785 255 0 0
0.056844 -0.095136 0.465313 255 0 0
0.057974 -0.089973 0.470348 255 0 0
0.052640 -0.091664 0.466478 255 0 0
0.049072 -0.085328 0.465835 255 0 0
-0.002822 -0.000190 0.416469 255 0 0
-0.006865 -0.000774 0.422386 255 0 0
-0.003176 -0.021680 0.414105 255 0 0
-0.007219 -0.022264 0.420022 255 0 0
-0.013223 -0.017134 0.412059 255 0 0
-0.013004 -0.003853 0.413520 255 0 0
0.002963 -0.018601 0.422971 255 0 0
0.003181 -0.005320 0.424432 255 0 0
-0.003290 -0.012153 0.426405 255 0 0
-0.013293 -0.011246 0.419661 255 0 0
0.003251 -0.011208 0.416830 255 0 0
-0.006752 -0.010301 0.410086 255 0 0
-0.004746 -0.004195 0.412405 255 0 0
-0.010730 -0.006348 0.410672 255 0 0
-0.008421 -0.000405 0.414424 255 0 0
-0.010797 -0.000749 0.417902 255 0 0
-0.004813 0.001404 0.419635 255 0 0
-0.001284 -0.001611 0.424316 255 0 0
0.001093 -0.001267 0.420838 255 0 0
0.004663 -0.007743 0.421050 255 0 0
0.001134 -0.004728 0.416370 255 0 0
-0.001176 -0.010671 0.412618 255 0 0
-0.014575 -0.006904 0.416300 255 0 0
-0.010967 -0.005095 0.421511 255 0 0
-0.010859 -0.014155 0.409813 255 0 0
-0.014534 -0.010365 0.411831 255 0 0
0.000926 -0.017359 0.414980 255 0 0
-0.004954 -0.016826 0.411016 255 0 0
0.004493 -0.012089 0.424660 255 0 0
0.004534 -0.015550 0.420191 255 0 0
-0.005087 -0.005627 0.425475 255 0 0
0.000818 -0.008299 0.426678 255 0 0
-0.011175 -0.017726 0.420121 255 0 0
-0.014704 -0.014711 0.415441 255 0 0
-0.011134 -0.021187 0.415653 255 0 0
-0.008757 -0.020843 0.412175 255 0 0
-0.005229 -0.023858 0.416856 255 0 0
0.000756 -0.021705 0.418589 255 0 0
-0.001620 -0.022049 0.422067 255 0 0
0.000689 -0.016106 0.425819 255 0 0
-0.005295 -0.018259 0.424086 255 0 0
-0.008865 -0.011783 0.423873 255 0 0
-0.021654 0.047903 0.414059 255 0 0
-0.026157 0.047797 0.420614 255 0 0
-0.022092 0.024255 0.413376 255 0 0
-0.026595 0.024149 0.419931 255 0 0
-0.030923 0.028974 0.412210 255 0 0
-0.030652 0.043589 0.412632 255 0 0
-0.017597 0.028463 0.421358 255 0 0
-0.017326 0.043078 0.421780 255 0 0
-0.023650 0.035782 0.425124 255 0 0
-0.031886 0.036098 0.419471 255 0 0
-0.016363 0.035954 0.414519 255 0 0
-0.024599 0.036270 0.408866 255 0 0
-0.022951 0.043150 0.410491 255 0 0
-0.028240 0.040615 0.409652 255 0 0
-0.026509 0.047453 0.412705 255 0 0
-0.029156 0.047391 0.416558 255 0 0
-0.023867 0.049926 0.417396 255 0 0
-0.021323 0.047090 0.421935 255 0 0
-0.018676 0.047152 0.418082 255 0 0
-0.015566 0.040129 0.418352 255 0 0
-0.018110 0.042965 0.413814 255 0 0
-0.019842 0.036127 0.410761 255 0 0
-0.032523 0.040514 0.415886 255 0 0
-0.029881 0.042988 0.420577 255 0 0
-0.028400 0.032024 0.409404 255 0 0
-0.031957 0.036326 0.411618 255 0 0
-0.018368 0.029064 0.413413 255 0 0
-0.023209 0.029250 0.410090 255 0 0
-0.016291 0.035726 0.422372 255 0 0
-0.015726 0.031538 0.418104 255 0 0
-0.025040 0.042802 0.423900 255 0 0
-0.019849 0.040028 0.424586 255 0 0
-0.030139 0.029087 0.420176 255 0 0
-0.032683 0.031923 0.415638 255 0 0
-0.029573 0.024900 0.415908 255 0 0
-0.026926 0.024962 0.412055 255 0 0
-0.024382 0.022126 0.416594 255 0 0
-0.019093 0.024661 0.417432 255 0 0
-0.021740 0.024599 0.421285 255 0 0
-0.020009 0.031437 0.424338 255 0 0
-0.025298 0.028902 0.423499 255 0 0
-0.028407 0.035925 0.423229 255 0 0
-0.025725 -0.010574 0.408999 255 0 0
-0.030252 -0.011329 0.415505 255 0 0
-0.024826 -0.033844 0.406925 255 0 0
-0.029352 -0.034599 0.413430 255 0 0
-0.033979 -0.029622 0.405917 255 0 0
-0.034535 -0.015241 0.407199 255 0 0
-0.020543 -0.029933 0.415230 255 0 0
-0.021099 -0.015551 0.416512 255 0 0
-0.027049 -0.023294 0.419356 255 0 0
-0.035353 -0.023102 0.413600 255 0 0
-0.019725 -0.022072 0.408829 255 0 0
-0.028029 -0.021880 0.403074 255 0 0
-0.026761 -0.015111 0.405127 255 0 0
-0.031939 -0.017853 0.404069 255 0 0
-0.030585 -0.011208 0.407552 255 0 0
-0.033246 -0.011652 0.411376 255 0 0
-0.028068 -0.008909 0.412434 255 0 0
-0.025348 -0.011834 0.416850 255 0 0
-0.022688 -0.011391 0.413026 255 0 0
-0.019160 -0.018149 0.412926 255 0 0
-0.021880 -0.015223 0.408510 255 0 0
-0.023234 -0.021869 0.405027 255 0 0
-0.036244 -0.018571 0.410257 255 0 0
-0.033726 -0.016272 0.415138 255 0 0
-0.031612 -0.026307 0.403316 255 0 0
-0.035436 -0.022404 0.405741 255 0 0
-0.021351 -0.028901 0.407291 255 0 0
-0.026232 -0.028788 0.403908 255 0 0
-0.019641 -0.022769 0.416688 255 0 0
-0.018834 -0.026602 0.412173 255 0 0
-0.028846 -0.016385 0.418521 255 0 0
-0.023465 -0.018867 0.419113 255 0 0
-0.033198 -0.029950 0.413919 255 0 0
-0.035917 -0.027025 0.409503 255 0 0
-0.032390 -0.033783 0.409403 255 0 0
-0.029729 -0.033339 0.405579 255 0 0
-0.027010 -0.036264 0.409995 255 0 0
-0.021832 -0.033522 0.411053 255 0 0
-0.024492 -0.033965 0.414877 255 0 0
-0.023139 -0.027320 0.418360 255 0 0
-0.028317 -0.030063 0.417302 255 0 0
-0.031844 -0.023305 0.417402 255 0 0
-0.044583 -0.057791 0.402433 255 0 0
-0.049264 -0.059102 0.409060 255 0 0
-0.044793 -0.081409 0.397611 255 0 0
-0.049474 -0.082720 0.404238 255 0 0
-0.053406 -0.076625 0.397571 255 0 0
-0.053277 -0.062028 0.400551 255 0 0
-0.040780 -0.078483 0.406121 255 0 0
-0.040651 -0.063886 0.409101 255 0 0
-0.046914 -0.071891 0.411339 255 0 0
-0.054717 -0.070742 0.406055 255 0 0
-0.039340 -0.069769 0.400616 255 0 0
-0.047143 -0.068620 0.395332 255 0 0
-0.045659 -0.061968 0.398101 255 0 0
-0.050769 -0.064458 0.396995 255 0 0
-0.049264 -0.058093 0.401168 255 0 0
-0.052015 -0.058864 0.405064 255 0 0
-0.046905 -0.056373 0.406170 255 0 0
-0.044594 -0.059956 0.410089 255 0 0
-0.041842 -0.059185 0.406194 255 0 0
-0.038761 -0.066226 0.405126 255 0 0
-0.041072 -0.062643 0.401207 255 0 0
-0.042577 -0.069008 0.397033 255 0 0
-0.055220 -0.065706 0.403297 255 0 0
-0.052862 -0.063986 0.408299 255 0 0
-0.050845 -0.073038 0.395243 255 0 0
-0.054450 -0.069163 0.398310 255 0 0
-0.041196 -0.076525 0.398373 255 0 0
-0.045782 -0.075850 0.395267 255 0 0
-0.039607 -0.071348 0.408361 255 0 0
-0.038837 -0.074805 0.403374 255 0 0
-0.048275 -0.064661 0.411405 255 0 0
-0.043212 -0.067473 0.411429 255 0 0
-0.052985 -0.077868 0.405465 255 0 0
-0.055297 -0.074285 0.401545 255 0 0
-0.052215 -0.081326 0.400478 255 0 0
-0.049464 -0.080555 0.396582 255 0 0
-0.047152 -0.084138 0.400501 255 0 0
-0.042042 -0.081647 0.401608 255 0 0
-0.044793 -0.082418 0.405503 255 0 0
-0.043288 -0.076052 0.409677 255 0 0
-0.048398 -0.078543 0.408571 255 0 0
-0.051480 -0.071503 0.409638 255 0 0
-0.061799 0.028784 0.420162 255 0 0
-0.070869 0.028647 0.427484 255 0 0
-0.063266 0.007064 0.417940 255 0 0
-0.072336 0.006927 0.425262 255 0 0
-0.071246 0.011866 0.417423 255 0 0
-0.070340 0.025290 0.418797 255 0 0
-0.063795 0.010421 0.426627 255 0 0
-0.062888 0.023845 0.428001 255 0 0
-0.072103 0.017298 0.431480 255 0 0
-0.076708 0.018191 0.425791 255 0 0
-0.057427 0.017519 0.419632 255 0 0
-0.062032 0.018413 0.413944 255 0 0
-0.061011 0.024606 0.416060 255 0 0
-0.066031 0.022553 0.415257 255 0 0
-0.065894 0.028649 0.418912 255 0 0
-0.071225 0.028568 0.423216 255 0 0
-0.066205 0.030622 0.424018 255 0 0
-0.066846 0.027719 0.428626 255 0 0
-0.061514 0.027799 0.424322 255 0 0
-0.058944 0.021178 0.424010 255 0 0
-0.058304 0.024081 0.419403 255 0 0
-0.058441 0.017985 0.415748 255 0 0
-0.074658 0.022423 0.422221 255 0 0
-0.074969 0.024396 0.427327 255 0 0
-0.066564 0.014662 0.414450 255 0 0
-0.071447 0.018705 0.417302 255 0 0
-0.059166 0.011315 0.418097 255 0 0
-0.061873 0.011840 0.414753 255 0 0
-0.062687 0.017006 0.428122 255 0 0
-0.059477 0.013288 0.423203 255 0 0
-0.072262 0.023871 0.430671 255 0 0
-0.067571 0.021048 0.430974 255 0 0
-0.075831 0.011629 0.426021 255 0 0
-0.075190 0.014532 0.421413 255 0 0
-0.072621 0.007911 0.421102 255 0 0
-0.067289 0.007992 0.416798 255 0 0
-0.067930 0.005089 0.421406 255 0 0
-0.062909 0.007142 0.422208 255 0 0
-0.068241 0.007062 0.426512 255 0 0
-0.068104 0.013158 0.430167 255 0 0
-0.073124 0.011104 0.429364 255 0 0
-0.075694 0.017725 0.429676 255 0 0
-0.043335 0.043428 0.416597 255 0 0
-0.049975 0.043005 0.423064 255 0 0
-0.043738 0.019419 0.414613 255 0 0
-0.050378 0.018996 0.421080 255 0 0
-0.051733 0.024273 0.413377 255 0 0
-0.051485 0.039112 0.414603 255 0 0
-0.042228 0.023312 0.423074 255 0 0
-0.041979 0.038151 0.424300 255 0 0
-0.049291 0.030573 0.427067 255 0 0
-0.055166 0.031167 0.421074 255 0 0
-0.038547 0.031258 0.416603 255 0 0
-0.044422 0.031851 0.410610 255 0 0
-0.043355 0.038768 0.412684 255 0 0
-0.048146 0.036231 0.411512 255 0 0
-0.047507 0.043036 0.415031 255 0 0
-0.051410 0.042787 0.418833 255 0 0
-0.046620 0.045325 0.420005 255 0 0
-0.045823 0.042223 0.424532 255 0 0
-0.041920 0.042471 0.420731 255 0 0
-0.039105 0.035317 0.420735 255 0 0
-0.039902 0.038419 0.416207 255 0 0
-0.040541 0.031615 0.412688 255 0 0
-0.054461 0.035829 0.417663 255 0 0
-0.053574 0.038117 0.422636 255 0 0
-0.048292 0.027509 0.410791 255 0 0
-0.052443 0.031777 0.413139 255 0 0
-0.040139 0.024307 0.415041 255 0 0
-0.043592 0.024656 0.411518 255 0 0
-0.041269 0.030647 0.424538 255 0 0
-0.039252 0.026596 0.420014 255 0 0
-0.050121 0.037768 0.426159 255 0 0
-0.045421 0.034915 0.426885 255 0 0
-0.053810 0.024005 0.421470 255 0 0
-0.054607 0.027107 0.416942 255 0 0
-0.051793 0.019953 0.416946 255 0 0
-0.047890 0.020202 0.413144 255 0 0
-0.047093 0.017100 0.417672 255 0 0
-0.042303 0.019637 0.418844 255 0 0
-0.046206 0.019388 0.422645 255 0 0
-0.045567 0.026193 0.426164 255 0 0
-0.050357 0.023656 0.424992 255 0 0
-0.053172 0.030810 0.424989 255 0 0
0.042546 -0.073982 0.437249 255 0 0
0.037259 -0.075261 0.441710 255 0 0
0.045097 -0.094243 0.434462 255 0 0
0.039810 -0.095522 0.438923 255 0 0
0.035165 -0.090770 0.429234 255 0 0
0.033589 -0.078248 0.430957 255 0 0
0.048766 -0.091256 0.445215 255 0 0
0.047190 -0.078734 0.446937 255 0 0
0.041103 -0.085937 0.446633 255 0 0
0.032698 -0.085637 0.436756 255 0 0
0.049658 -0.083867 0.439415 255 0 0
0.041252 -0.083567 0.429539 255 0 0
0.042026 -0.077725 0.432570 255 0 0
0.036761 -0.080233 0.428872 255 0 0
0.037522 -0.074599 0.433404 255 0 0
0.034414 -0.075351 0.436026 255 0 0
0.039679 -0.072843 0.439724 255 0 0
0.042408 -0.075636 0.445419 255 0 0
0.045516 -0.074884 0.442797 255 0 0
0.049696 -0.080695 0.444070 255 0 0
0.046967 -0.077902 0.438375 255 0 0
0.046206 -0.083536 0.433843 255 0 0
0.031733 -0.081449 0.433114 255 0 0
0.033890 -0.079694 0.439435 255 0 0
0.037688 -0.087593 0.427859 255 0 0
0.033183 -0.084466 0.428693 255 0 0
0.048466 -0.089811 0.436737 255 0 0
0.043525 -0.089634 0.430932 255 0 0
0.049172 -0.085038 0.447479 255 0 0
0.050623 -0.088055 0.443058 255 0 0
0.038831 -0.079870 0.445240 255 0 0
0.044668 -0.081911 0.448313 255 0 0
0.035389 -0.091603 0.437796 255 0 0
0.032659 -0.088809 0.432102 255 0 0
0.036840 -0.094620 0.433375 255 0 0
0.039947 -0.093868 0.430753 255 0 0
0.042677 -0.096661 0.436448 255 0 0
0.047942 -0.094154 0.440146 255 0 0
0.044834 -0.094906 0.442768 255 0 0
0.045595 -0.089272 0.447300 255 0 0
0.040330 -0.091779 0.443602 255 0 0
0.036149 -0.085969 0.442328 255 0 0
0.032552 0.014051 0.441718 255 0 0
0.027506 0.014146 0.446755 255 0 0
0.031370 -0.006984 0.440929 255 0 0
0.026324 -0.006889 0.445967 255 0 0
0.021944 -0.002250 0.436445 255 0 0
0.022674 0.010750 0.436932 255 0 0
0.036202 -0.003588 0.450752 255 0 0
0.036932 0.009412 0.451239 255 0 0
0.029761 0.003244 0.452339 255 0 0
0.020950 0.004071 0.443497 255 0 0
0.037926 0.003091 0.444188 255 0 0
0.029114 0.003918 0.435345 255 0 0
0.031078 0.009933 0.437599 255 0 0
0.025272 0.007993 0.434787 255 0 0
0.027293 0.013949 0.438532 255 0 0
0.024327 0.014005 0.441493 255 0 0
0.030133 0.015945 0.444306 255 0 0
0.032707 0.013218 0.449903 255 0 0
0.035673 0.013163 0.446941 255 0 0
0.038832 0.006721 0.448393 255 0 0
0.036258 0.009447 0.442797 255 0 0
0.034237 0.003491 0.439051 255 0 0
0.020473 0.008083 0.439578 255 0 0
0.023313 0.010079 0.445352 255 0 0
0.024843 0.000351 0.434500 255 0 0
0.021057 0.004367 0.435433 255 0 0
0.035563 -0.002917 0.442333 255 0 0
0.030383 -0.002431 0.437136 255 0 0
0.037818 0.002795 0.452252 255 0 0
0.038403 -0.000921 0.448107 255 0 0
0.028492 0.009593 0.450549 255 0 0
0.034033 0.006811 0.453184 255 0 0
0.022618 -0.002285 0.444888 255 0 0
0.020044 0.000441 0.439291 255 0 0
0.023202 -0.006001 0.440743 255 0 0
0.026169 -0.006057 0.437782 255 0 0
0.028743 -0.008783 0.443379 255 0 0
0.034549 -0.006843 0.446191 255 0 0
0.031583 -0.006787 0.449152 255 0 0
0.033604 -0.000831 0.452898 255 0 0
0.027798 -0.002771 0.450085 255 0 0
0.024639 0.003671 0.448633 255 0 0
0.008166 0.044501 0.421549 255 0 0
0.004154 0.045077 0.427469 255 0 0
0.006018 0.023270 0.422158 255 0 0
0.002006 0.023845 0.428078 255 0 0
-0.003753 0.028279 0.419396 255 0 0
-0.002426 0.041401 0.419020 255 0 0
0.012598 0.026946 0.430608 255 0 0
0.013926 0.040067 0.430232 255 0 0
0.006893 0.034227 0.433067 255 0 0
-0.003212 0.035051 0.426138 255 0 0
0.013385 0.033295 0.423489 255 0 0
0.003279 0.034119 0.416560 255 0 0
0.005835 0.040212 0.418044 255 0 0
-0.000391 0.038390 0.416557 255 0 0
0.002481 0.044492 0.419489 255 0 0
0.000123 0.044830 0.422969 255 0 0
0.006349 0.046653 0.424456 255 0 0
0.009734 0.044047 0.429559 255 0 0
0.012093 0.043708 0.426080 255 0 0
0.015160 0.037122 0.427220 255 0 0
0.011775 0.039728 0.422117 255 0 0
0.008902 0.033626 0.419184 255 0 0
-0.004207 0.038937 0.422186 255 0 0
-0.000339 0.041098 0.427153 255 0 0
-0.001172 0.030677 0.416778 255 0 0
-0.004525 0.034957 0.418223 255 0 0
0.010512 0.027248 0.422474 255 0 0
0.004572 0.027733 0.418401 255 0 0
0.014697 0.033390 0.431404 255 0 0
0.014379 0.029409 0.427441 255 0 0
0.005601 0.040614 0.431226 255 0 0
0.011344 0.037669 0.432850 255 0 0
-0.001602 0.028619 0.427511 255 0 0
-0.004987 0.031225 0.422407 255 0 0
-0.001920 0.024638 0.423548 255 0 0
0.000438 0.024300 0.420068 255 0 0
0.003824 0.021694 0.425171 255 0 0
0.010049 0.023516 0.426658 255 0 0
0.007691 0.023854 0.430138 255 0 0
0.010564 0.029957 0.433071 255 0 0
0.004338 0.028134 0.431584 255 0 0
0.001271 0.034721 0.430443 255 0 0
-0.002434 -0.064673 0.408337 255 0 0
-0.006260 -0.065846 0.414149 255 0 0
0.002533 -0.084781 0.407548 255 0 0
-0.001292 -0.085954 0.413360 255 0 0
-0.008708 -0.083366 0.404718 255 0 0
-0.011778 -0.070939 0.405206 255 0 0
0.008051 -0.079688 0.416491 255 0 0
0.004981 -0.067261 0.416979 255 0 0
0.000220 -0.075126 0.419189 255 0 0
-0.010137 -0.077399 0.411912 255 0 0
0.006410 -0.073228 0.409785 255 0 0
-0.003947 -0.075501 0.402508 255 0 0
-0.003424 -0.069169 0.404470 255 0 0
-0.008916 -0.072852 0.402629 255 0 0
-0.008027 -0.066488 0.406056 255 0 0
-0.010275 -0.067177 0.409472 255 0 0
-0.004783 -0.063494 0.411312 255 0 0
-0.000425 -0.065016 0.416392 255 0 0
0.001824 -0.064326 0.412976 255 0 0
0.007023 -0.069354 0.413827 255 0 0
0.002664 -0.067833 0.408747 255 0 0
0.001775 -0.074198 0.405321 255 0 0
-0.012554 -0.073968 0.408157 255 0 0
-0.009311 -0.070975 0.413414 255 0 0
-0.007111 -0.080157 0.402343 255 0 0
-0.011714 -0.077476 0.403928 255 0 0
0.005584 -0.079653 0.408283 255 0 0
-0.000504 -0.080989 0.404006 255 0 0
0.007987 -0.073152 0.417769 255 0 0
0.008827 -0.076659 0.413540 255 0 0
-0.003223 -0.069639 0.417691 255 0 0
0.003384 -0.070470 0.419354 255 0 0
-0.006391 -0.082794 0.412950 255 0 0
-0.010749 -0.081273 0.407870 255 0 0
-0.005551 -0.086301 0.408721 255 0 0
-0.003302 -0.085612 0.405305 255 0 0
0.001056 -0.087133 0.410385 255 0 0
0.006548 -0.083450 0.412225 255 0 0
0.004300 -0.084139 0.415641 255 0 0
0.005189 -0.077775 0.419067 255 0 0
-0.000303 -0.081458 0.417227 255 0 0
-0.005502 -0.076429 0.416376 255 0 0
0.008881 -0.066342 0.412786 255 0 0
0.005009 -0.067573 0.418475 255 0 0
0.012359 -0.086622 0.410762 255 0 0
0.008486 -0.087854 0.416451 255 0 0
0.001175 -0.084234 0.407962 255 0 0
-0.000974 -0.071701 0.409213 255 0 0
0.018342 -0.082495 0.420024 255 0 0
0.016193 -0.069961 0.421275 255 0 0
0.010856 -0.077557 0.422949 255 0 0
0.000246 -0.078632 0.415494 255 0 0
0.017122 -0.075563 0.413743 255 0 0
0.006512 -0.076639 0.406288 255 0 0
0.007523 -0.070506 0.408645 255 0 0
0.001730 -0.073656 0.406545 255 0 0
0.003123 -0.067603 0.410364 255 0 0
0.000847 -0.068327 0.413708 255 0 0
0.006640 -0.065177 0.415808 255 0 0
0.010937 -0.067305 0.420798 255 0 0
0.013214 -0.066581 0.417454 255 0 0
0.018057 -0.072001 0.418016 255 0 0
0.013760 -0.069874 0.413026 255 0 0
0.012367 -0.075926 0.409207 255 0 0
-0.001953 -0.074827 0.411956 255 0 0
0.001564 -0.072401 0.417400 255 0 0
0.002993 -0.081023 0.405810 255 0 0
-0.001407 -0.078120 0.407529 255 0 0
0.015804 -0.081794 0.411837 255 0 0
0.009567 -0.082426 0.407455 255 0 0
0.018774 -0.076075 0.421708 255 0 0
0.019320 -0.079368 0.417281 255 0 0
0.007800 -0.071769 0.421782 255 0 0
0.014374 -0.073172 0.423427 255 0 0
0.003608 -0.084322 0.416211 255 0 0
-0.000690 -0.082194 0.411221 255 0 0
0.004154 -0.087615 0.411783 255 0 0
0.006430 -0.086891 0.408439 255 0 0
0.010728 -0.089018 0.413429 255 0 0
0.016521 -0.085868 0.415529 255 0 0
0.014244 -0.086592 0.418873 255 0 0
0.015637 -0.080540 0.422692 255 0 0
0.009844 -0.083690 0.420592 255 0 0
0.005001 -0.078269 0.420030 255 0 0
0.053058 0.023673 0.468604 255 0 0
0.047650 0.024580 0.473061 255 0 0
0.052711 0.003042 0.472382 255 0 0
0.047303 0.003949 0.476839 255 0 0
0.043467 0.006128 0.466141 255 0 0
0.043682 0.018878 0.463805 255 0 0
0.056679 0.008744 0.481638 255 0 0
0.056893 0.021494 0.479303 255 0 0
0.049888 0.015353 0.481116 255 0 0
0.041723 0.013736 0.471539 255 0 0
0.058638 0.013885 0.473905 255 0 0
0.050473 0.012269 0.464327 255 0 0
0.052043 0.018701 0.465367 255 0 0
0.046532 0.015883 0.462547 255 0 0
0.048052 0.022586 0.465061 255 0 0
0.044873 0.023119 0.467680 255 0 0
0.050384 0.025937 0.470501 255 0 0
0.052639 0.024657 0.476789 255 0 0
0.055817 0.024124 0.474170 255 0 0
0.059097 0.018371 0.477285 255 0 0
0.056843 0.019651 0.470997 255 0 0
0.055323 0.012948 0.468483 255 0 0
0.041389 0.016746 0.466785 255 0 0
0.043722 0.020097 0.472226 255 0 0
0.046406 0.008388 0.463919 255 0 0
0.042415 0.012273 0.463613 255 0 0
0.056639 0.007525 0.473218 255 0 0
0.051839 0.006575 0.467588 255 0 0
0.057946 0.015349 0.481831 255 0 0
0.058971 0.010876 0.478658 255 0 0
0.048521 0.021047 0.477855 255 0 0
0.053954 0.019234 0.481524 255 0 0
0.043518 0.007971 0.474447 255 0 0
0.041263 0.009251 0.468158 255 0 0
0.044543 0.003498 0.471274 255 0 0
0.047722 0.002965 0.468654 255 0 0
0.049976 0.001685 0.474942 255 0 0
0.055487 0.004503 0.477763 255 0 0
0.052309 0.005036 0.480383 255 0 0
0.053828 0.011739 0.482897 255 0 0
0.048317 0.008921 0.480076 255 0 0
0.045037 0.014674 0.476961 255 0 0
0.062215 0.064385 0.463676 255 0 0
0.056827 0.065523 0.468071 255 0 0
0.061410 0.043928 0.467986 255 0 0
0.056022 0.045066 0.472382 255 0 0
0.052229 0.047025 0.461578 255 0 0
0.052727 0.059668 0.458914 255 0 0
0.065510 0.049782 0.477144 255 0 0
0.066008 0.062426 0.474480 255 0 0
0.058864 0.056498 0.476395 255 0 0
0.050656 0.054794 0.466775 255 0 0
0.067581 0.054657 0.469283 255 0 0
0.059373 0.052953 0.459663 255 0 0
0.061088 0.059361 0.460553 255 0 0
0.055511 0.056589 0.457754 255 0 0
0.057181 0.063309 0.460113 255 0 0
0.054015 0.063978 0.462696 255 0 0
0.059591 0.066750 0.465495 255 0 0
0.061821 0.065598 0.471845 255 0 0
0.064988 0.064929 0.469262 255 0 0
0.068142 0.059211 0.472558 255 0 0
0.065913 0.060363 0.466208 255 0 0
0.064242 0.053643 0.463849 255 0 0
0.050387 0.057671 0.461934 255 0 0
0.052797 0.061112 0.467317 255 0 0
0.055219 0.049157 0.459320 255 0 0
0.051312 0.053105 0.458880 255 0 0
0.065439 0.048338 0.468741 255 0 0
0.060615 0.047337 0.463087 255 0 0
0.066925 0.056346 0.477178 255 0 0
0.067850 0.051780 0.474124 255 0 0
0.057622 0.062114 0.472971 255 0 0
0.063018 0.060293 0.476738 255 0 0
0.052324 0.049088 0.469850 255 0 0
0.050095 0.050240 0.463500 255 0 0
0.053249 0.044521 0.466796 255 0 0
0.056416 0.043853 0.464212 255 0 0
0.058645 0.042701 0.470562 255 0 0
0.064222 0.045473 0.473361 255 0 0
0.061055 0.046142 0.475945 255 0 0
0.062726 0.052862 0.478304 255 0 0
0.057149 0.050090 0.475505 255 0 0
0.053995 0.055808 0.472209 255 0 0
0.015021 0.013783 0.427609 255 0 0
0.010901 0.013555 0.433244 255 0 0
0.013376 -0.006918 0.425569 255 0 0
0.009256 -0.007146 0.431204 255 0 0
0.003239 -0.001812 0.422692 255 0 0
0.004255 0.010982 0.423953 255 0 0
0.020022 -0.004345 0.434860 255 0 0
0.021038 0.008449 0.436120 255 0 0
0.013992 0.002351 0.437725 255 0 0
0.003619 0.003917 0.430205 255 0 0
0.020658 0.002720 0.428607 255 0 0
0.010285 0.004285 0.421088 255 0 0
0.012743 0.010038 0.423460 255 0 0
0.006415 0.008391 0.421311 255 0 0
0.009199 0.013974 0.425145 255 0 0
0.006778 0.013840 0.428457 255 0 0
0.013105 0.015486 0.430605 255 0 0
0.016643 0.012351 0.435608 255 0 0
0.019064 0.012485 0.432296 255 0 0
0.022377 0.005982 0.432883 255 0 0
0.018840 0.009118 0.427880 255 0 0
0.016056 0.003535 0.424047 255 0 0
0.002497 0.008174 0.426671 255 0 0
0.006404 0.009687 0.432132 255 0 0
0.005818 0.000871 0.420570 255 0 0
0.002274 0.004807 0.422255 255 0 0
0.017873 -0.003050 0.426681 255 0 0
0.011776 -0.002130 0.422261 255 0 0
0.022003 0.001830 0.436558 255 0 0
0.021780 -0.001538 0.432142 255 0 0
0.012501 0.008767 0.436552 255 0 0
0.018459 0.005766 0.438242 255 0 0
0.005437 -0.002481 0.430933 255 0 0
0.001900 0.000654 0.425930 255 0 0
0.005213 -0.005848 0.426517 255 0 0
0.007634 -0.005714 0.423204 255 0 0
0.011172 -0.008849 0.428207 255 0 0
0.017499 -0.007203 0.430356 255 0 0
0.015078 -0.007337 0.433668 255 0 0
0.017862 -0.001754 0.437501 255 0 0
0.011534 -0.003401 0.435353 255 0 0
0.008221 0.003102 0.434766 255 0 0
0.018395 -0.032191 0.425667 255 0 0
0.013938 -0.032571 0.431099 255 0 0
0.019913 -0.053210 0.425444 255 0 0
0.015457 -0.053589 0.430875 255 0 0
0.009488 -0.049887 0.421680 255 0 0
0.008550 -0.036897 0.421817 255 0 0
0.025301 -0.048883 0.434725 255 0 0
0.024363 -0.035893 0.434863 255 0 0
0.018207 -0.042887 0.436697 255 0 0
0.008434 -0.043508 0.428634 255 0 0
0.025418 -0.042273 0.427909 255 0 0
0.015645 -0.042893 0.419846 255 0 0
0.017036 -0.036603 0.421788 255 0 0
0.011250 -0.039370 0.419526 255 0 0
0.012866 -0.033079 0.422947 255 0 0
0.010247 -0.033302 0.426140 255 0 0
0.016033 -0.030536 0.428403 255 0 0
0.019541 -0.032712 0.433808 255 0 0
0.022161 -0.032489 0.430615 255 0 0
0.026289 -0.038415 0.431933 255 0 0
0.022781 -0.036239 0.426527 255 0 0
0.021164 -0.042529 0.423106 255 0 0
0.007011 -0.039731 0.424691 255 0 0
0.010178 -0.037188 0.430146 255 0 0
0.011801 -0.047005 0.419444 255 0 0
0.007631 -0.043480 0.420603 255 0 0
0.023673 -0.048593 0.426396 255 0 0
0.017929 -0.048958 0.421657 255 0 0
0.026220 -0.042300 0.435939 255 0 0
0.026840 -0.046050 0.431852 255 0 0
0.015922 -0.036823 0.434886 255 0 0
0.022050 -0.038776 0.437098 255 0 0
0.011071 -0.049542 0.430015 255 0 0
0.007563 -0.047366 0.424610 255 0 0
0.011691 -0.053292 0.425927 255 0 0
0.014310 -0.053069 0.422735 255 0 0
0.017818 -0.055245 0.428140 255 0 0
0.023605 -0.052479 0.430403 255 0 0
0.020985 -0.052702 0.433595 255 0 0
0.022602 -0.046411 0.437017 255 0 0
0.016815 -0.049177 0.434754 255 0 0
0.012687 -0.043251 0.433437 255 0 0
-0.026126 -0.030316 0.407010 255 0 0
-0.030530 -0.030974 0.413420 255 0 0
-0.025461 -0.053138 0.405122 255 0 0
-0.029865 -0.053797 0.411532 255 0 0
-0.034812 -0.048916 0.403884 255 0 0
-0.035223 -0.034811 0.405051 255 0 0
-0.020768 -0.049302 0.413492 255 0 0
-0.021179 -0.035197 0.414659 255 0 0
-0.027219 -0.042708 0.417426 255 0 0
-0.035898 -0.042470 0.411488 255 0 0
-0.020093 -0.041643 0.407055 255 0 0
-0.028772 -0.041404 0.401116 255 0 0
-0.027353 -0.034772 0.403149 255 0 0
-0.032700 -0.037414 0.401997 255 0 0
-0.031145 -0.030897 0.405461 255 0 0
-0.033733 -0.031284 0.409229 255 0 0
-0.028387 -0.028642 0.410381 255 0 0
-0.025479 -0.031510 0.414877 255 0 0
-0.022890 -0.031123 0.411109 255 0 0
-0.019344 -0.037781 0.411135 255 0 0
-0.022252 -0.034912 0.406639 255 0 0
-0.023807 -0.041430 0.403175 255 0 0
-0.036888 -0.038041 0.408093 255 0 0
-0.034130 -0.035786 0.413013 255 0 0
-0.032458 -0.045705 0.401311 255 0 0
-0.036250 -0.041830 0.403624 255 0 0
-0.021861 -0.048327 0.405530 255 0 0
-0.026962 -0.048187 0.402039 255 0 0
-0.019741 -0.042283 0.414919 255 0 0
-0.019103 -0.046072 0.410449 255 0 0
-0.029029 -0.035926 0.416503 255 0 0
-0.023533 -0.038408 0.417231 255 0 0
-0.033739 -0.049201 0.411903 255 0 0
-0.036647 -0.046332 0.407407 255 0 0
-0.033101 -0.052990 0.407433 255 0 0
-0.030512 -0.052602 0.403666 255 0 0
-0.027604 -0.055471 0.408161 255 0 0
-0.022258 -0.052829 0.409313 255 0 0
-0.024846 -0.053216 0.413081 255 0 0
-0.023291 -0.046698 0.416546 255 0 0
-0.028638 -0.049341 0.415394 255 0 0
-0.032184 -0.042683 0.415368 255 0 0
-0.044822 0.084069 0.408343 255 0 0
-0.051603 0.085589 0.414408 255 0 0
-0.045017 0.060697 0.413986 255 0 0
-0.051797 0.062218 0.420051 255 0 0
-0.053021 0.064773 0.411028 255 0 0
-0.052901 0.079218 0.407541 255 0 0
-0.043719 0.067068 0.420853 255 0 0
-0.043599 0.081513 0.417366 255 0 0
-0.050921 0.075082 0.422139 255 0 0
-0.056670 0.073664 0.416067 255 0 0
-0.039950 0.072622 0.412327 255 0 0
-0.045699 0.071204 0.406255 255 0 0
-0.044725 0.078425 0.406088 255 0 0
-0.049473 0.075574 0.405616 255 0 0
-0.048958 0.083136 0.406844 255 0 0
-0.052944 0.084030 0.410409 255 0 0
-0.048195 0.086881 0.410880 255 0 0
-0.047476 0.085378 0.416184 255 0 0
-0.043491 0.084485 0.412619 255 0 0
-0.040627 0.077756 0.414960 255 0 0
-0.041346 0.079259 0.409657 255 0 0
-0.041861 0.071697 0.408429 255 0 0
-0.055922 0.077020 0.411384 255 0 0
-0.055159 0.080765 0.415420 255 0 0
-0.049544 0.067084 0.407666 255 0 0
-0.053777 0.071794 0.408422 255 0 0
-0.041460 0.065521 0.412974 255 0 0
-0.044839 0.064688 0.409405 255 0 0
-0.042842 0.074492 0.419972 255 0 0
-0.040697 0.069266 0.417010 255 0 0
-0.051780 0.081599 0.418989 255 0 0
-0.047075 0.079203 0.420728 255 0 0
-0.055274 0.067027 0.418737 255 0 0
-0.055993 0.068530 0.413434 255 0 0
-0.053129 0.061802 0.415775 255 0 0
-0.049143 0.060908 0.412210 255 0 0
-0.048424 0.059406 0.417514 255 0 0
-0.043676 0.062257 0.417985 255 0 0
-0.047661 0.063150 0.421550 255 0 0
-0.047146 0.070712 0.422778 255 0 0
-0.051895 0.067861 0.422306 255 0 0
-0.054759 0.074589 0.419965 255 0 0
-0.059677 0.086041 0.410912 255 0 0
-0.069117 0.087741 0.417411 255 0 0
-0.059870 0.064600 0.416241 255 0 0
-0.069310 0.066299 0.422739 255 0 0
-0.067999 0.068405 0.413765 255 0 0
-0.067880 0.081657 0.410471 255 0 0
-0.061107 0.070683 0.423180 255 0 0
-0.060988 0.083935 0.419887 255 0 0
-0.070002 0.078249 0.424993 255 0 0
-0.074261 0.076841 0.419174 255 0 0
-0.054726 0.075499 0.414478 255 0 0
-0.058986 0.074091 0.408659 255 0 0
-0.058425 0.080750 0.408549 255 0 0
-0.063246 0.078173 0.408290 255 0 0
-0.063653 0.085197 0.409615 255 0 0
-0.069202 0.086196 0.413435 255 0 0
-0.064380 0.088773 0.413694 255 0 0
-0.065151 0.087535 0.418969 255 0 0
-0.059602 0.086536 0.415149 255 0 0
-0.056692 0.080340 0.417245 255 0 0
-0.055921 0.081577 0.411970 255 0 0
-0.055515 0.074553 0.410645 255 0 0
-0.072225 0.079790 0.414471 255 0 0
-0.072952 0.083366 0.418550 255 0 0
-0.063316 0.070384 0.410226 255 0 0
-0.068544 0.074831 0.411291 255 0 0
-0.056035 0.068975 0.415102 255 0 0
-0.058538 0.068147 0.411682 255 0 0
-0.060443 0.077509 0.422360 255 0 0
-0.056762 0.072551 0.419181 255 0 0
-0.070449 0.084193 0.421970 255 0 0
-0.065671 0.081956 0.423426 255 0 0
-0.073066 0.070763 0.421682 255 0 0
-0.072295 0.072001 0.416406 255 0 0
-0.069385 0.065804 0.418502 255 0 0
-0.063836 0.064805 0.414683 255 0 0
-0.064607 0.063567 0.419958 255 0 0
-0.059785 0.066144 0.420217 255 0 0
-0.065334 0.067143 0.424037 255 0 0
-0.065741 0.074167 0.425361 255 0 0
-0.070562 0.071590 0.425102 255 0 0
-0.073472 0.077787 0.423006 255 0 0
0.049605 0.093012 0.430211 255 0 0
0.045052 0.094282 0.435504 255 0 0
0.047662 0.073127 0.433312 255 0 0
0.043110 0.074397 0.438605 255 0 0
0.037685 0.077276 0.428491 255 0 0
0.038886 0.089565 0.426575 255 0 0
0.053829 0.077843 0.442242 255 0 0
0.055029 0.090133 0.440325 255 0 0
0.047663 0.084907 0.442939 255 0 0
0.037685 0.084556 0.434441 255 0 0
0.055029 0.082852 0.434376 255 0 0
0.045051 0.082501 0.425877 255 0 0
0.047499 0.088468 0.426927 255 0 0
0.041198 0.086442 0.424789 255 0 0
0.043874 0.092620 0.427337 255 0 0
0.041198 0.093367 0.430448 255 0 0
0.047499 0.095392 0.432585 255 0 0
0.050688 0.093700 0.438530 255 0 0
0.053363 0.092953 0.435419 255 0 0
0.056552 0.086982 0.437867 255 0 0
0.053363 0.088674 0.431922 255 0 0
0.050687 0.082496 0.429375 255 0 0
0.036868 0.087650 0.429823 255 0 0
0.040493 0.090422 0.435071 255 0 0
0.040492 0.079219 0.425916 255 0 0
0.036868 0.083371 0.426326 255 0 0
0.052221 0.076986 0.433745 255 0 0
0.046357 0.076780 0.428750 255 0 0
0.055846 0.084038 0.442491 255 0 0
0.055846 0.079758 0.438994 255 0 0
0.046358 0.090628 0.440066 255 0 0
0.052222 0.088190 0.442900 255 0 0
0.039351 0.078734 0.436894 255 0 0
0.036163 0.080427 0.430949 255 0 0
0.039351 0.074455 0.433397 255 0 0
0.042027 0.073709 0.430286 255 0 0
0.045215 0.072016 0.436231 255 0 0
0.051516 0.074042 0.438369 255 0 0
0.048840 0.074788 0.441479 255 0 0
0.051516 0.080966 0.444027 255 0 0
0.045216 0.078941 0.441889 255 0 0
0.042028 0.084912 0.439441 255 0 0
0.061652 0.095743 0.439678 255 0 0
0.056348 0.096998 0.444452 255 0 0
0.060576 0.076683 0.443495 255 0 0
0.055272 0.077938 0.448268 255 0 0
0.050804 0.079795 0.437318 255 0 0
0.051470 0.091575 0.434959 255 0 0
0.065454 0.082106 0.452987 255 0 0
0.066120 0.093886 0.450628 255 0 0
0.058698 0.088570 0.452677 255 0 0
0.049644 0.087142 0.442993 255 0 0
0.067280 0.086539 0.444953 255 0 0
0.058226 0.085111 0.435269 255 0 0
0.060199 0.091057 0.436332 255 0 0
0.054213 0.088607 0.433559 255 0 0
0.056227 0.094856 0.436150 255 0 0
0.053110 0.095594 0.438956 255 0 0
0.059095 0.098044 0.441730 255 0 0
0.061721 0.096952 0.448166 255 0 0
0.064838 0.096214 0.445360 255 0 0
0.068146 0.090804 0.448461 255 0 0
0.065520 0.091896 0.442025 255 0 0
0.063506 0.085646 0.439433 255 0 0
0.049169 0.089801 0.438099 255 0 0
0.052037 0.092989 0.443678 255 0 0
0.053822 0.081683 0.434945 255 0 0
0.049851 0.085483 0.434763 255 0 0
0.064888 0.080692 0.444268 255 0 0
0.059566 0.079853 0.438576 255 0 0
0.067073 0.088199 0.453184 255 0 0
0.067755 0.083880 0.449848 255 0 0
0.057358 0.093828 0.449371 255 0 0
0.063102 0.091998 0.453001 255 0 0
0.051404 0.081785 0.445922 255 0 0
0.048778 0.082877 0.439485 255 0 0
0.052086 0.077467 0.442586 255 0 0
0.055203 0.076729 0.439780 255 0 0
0.057829 0.075637 0.446217 255 0 0
0.063814 0.078087 0.448990 255 0 0
0.060697 0.078825 0.451796 255 0 0
0.062711 0.085074 0.454388 255 0 0
0.056726 0.082625 0.451614 255 0 0
0.053418 0.088035 0.448513 255 0 0
-0.013223 0.001869 0.412845 255 0 0
-0.017368 0.001224 0.418988 255 0 0
-0.012865 -0.020169 0.410772 255 0 0
-0.017010 -0.020814 0.416916 255 0 0
-0.022677 -0.015923 0.409101 255 0 0
-0.022898 -0.002303 0.410382 255 0 0
-0.007335 -0.016641 0.419378 255 0 0
-0.007556 -0.003021 0.420659 255 0 0
-0.013729 -0.010216 0.423026 255 0 0
-0.023211 -0.009772 0.416675 255 0 0
-0.007022 -0.009172 0.413086 255 0 0
-0.016504 -0.008729 0.406735 255 0 0
-0.014819 -0.002369 0.408896 255 0 0
-0.020506 -0.004821 0.407449 255 0 0
-0.018577 0.001408 0.411040 255 0 0
-0.021014 0.001029 0.414651 255 0 0
-0.015327 0.003481 0.416099 255 0 0
-0.011996 0.000607 0.420692 255 0 0
-0.009559 0.000986 0.417081 255 0 0
-0.005915 -0.005504 0.417222 255 0 0
-0.009246 -0.002630 0.412629 255 0 0
-0.011174 -0.008859 0.409038 255 0 0
-0.024448 -0.005435 0.413291 255 0 0
-0.021198 -0.003362 0.418350 255 0 0
-0.020376 -0.012827 0.406696 255 0 0
-0.024135 -0.009050 0.408840 255 0 0
-0.009035 -0.015583 0.411411 255 0 0
-0.014609 -0.015322 0.407678 255 0 0
-0.006099 -0.009894 0.420921 255 0 0
-0.005785 -0.013510 0.416470 255 0 0
-0.015624 -0.003622 0.422083 255 0 0
-0.009857 -0.006117 0.423065 255 0 0
-0.020988 -0.016315 0.417131 255 0 0
-0.024319 -0.013441 0.412538 255 0 0
-0.020674 -0.019930 0.412680 255 0 0
-0.018237 -0.019551 0.409069 255 0 0
-0.014906 -0.022426 0.413662 255 0 0
-0.009219 -0.019973 0.415110 255 0 0
-0.011656 -0.020352 0.418721 255 0 0
-0.009727 -0.014123 0.422312 255 0 0
-0.015414 -0.016576 0.420865 255 0 0
-0.019059 -0.010086 0.420723 255 0 0
0.005714 -0.007736 0.420276 255 0 0
0.001836 -0.008597 0.426045 255 0 0
0.010036 -0.028143 0.420137 255 0 0
0.006158 -0.029004 0.425905 255 0 0
-0.001128 -0.026415 0.417140 255 0 0
-0.003799 -0.013803 0.417226 255 0 0
0.015671 -0.022938 0.428955 255 0 0
0.013000 -0.010326 0.429041 255 0 0
0.007989 -0.017992 0.431408 255 0 0
-0.002393 -0.020141 0.424106 255 0 0
0.014265 -0.016599 0.422075 255 0 0
0.003882 -0.018748 0.414773 255 0 0
0.004599 -0.012342 0.416547 255 0 0
-0.000993 -0.015908 0.414755 255 0 0
0.000083 -0.009435 0.417990 255 0 0
-0.002196 -0.009941 0.421380 255 0 0
0.003395 -0.006375 0.423173 255 0 0
0.007678 -0.007897 0.428324 255 0 0
0.009958 -0.007391 0.424934 255 0 0
0.014984 -0.012601 0.425991 255 0 0
0.010701 -0.011079 0.420839 255 0 0
0.009625 -0.017552 0.417605 255 0 0
-0.004682 -0.016727 0.420241 255 0 0
-0.001370 -0.013667 0.425424 255 0 0
0.000577 -0.023321 0.414704 255 0 0
-0.003939 -0.020414 0.416146 255 0 0
0.013242 -0.023074 0.420757 255 0 0
0.007139 -0.024337 0.416465 255 0 0
0.015810 -0.016327 0.430035 255 0 0
0.016554 -0.020014 0.425940 255 0 0
0.004733 -0.012404 0.429716 255 0 0
0.011295 -0.013420 0.431477 255 0 0
0.001170 -0.025662 0.425342 255 0 0
-0.003112 -0.024140 0.420190 255 0 0
0.001914 -0.029349 0.421247 255 0 0
0.004194 -0.028843 0.417857 255 0 0
0.008476 -0.030365 0.423008 255 0 0
0.014068 -0.026799 0.424801 255 0 0
0.011788 -0.027306 0.428192 255 0 0
0.012865 -0.020833 0.431426 255 0 0
0.007273 -0.024399 0.429634 255 0 0
0.002247 -0.019189 0.428577 255 0 0
-0.054744 0.012492 0.415890 255 0 0
-0.063350 0.011865 0.422724 255 0 0
-0.055850 -0.009874 0.412445 255 0 0
-0.064457 -0.010501 0.419279 255 0 0
-0.063735 -0.005005 0.411828 255 0 0
-0.063051 0.008817 0.413957 255 0 0
-0.056150 -0.006826 0.421213 255 0 0
-0.055466 0.006997 0.423342 255 0 0
-0.064219 -0.000074 0.426014 255 0 0
-0.068907 0.001051 0.420213 255 0 0
-0.050294 0.000940 0.414956 255 0 0
-0.054981 0.002065 0.409156 255 0 0
-0.054031 0.008382 0.411635 255 0 0
-0.058913 0.006222 0.410498 255 0 0
-0.058774 0.012351 0.414456 255 0 0
-0.063833 0.011982 0.418473 255 0 0
-0.058950 0.014142 0.419610 255 0 0
-0.059374 0.010912 0.423990 255 0 0
-0.054316 0.011280 0.419973 255 0 0
-0.051700 0.004490 0.419424 255 0 0
-0.051276 0.007720 0.415044 255 0 0
-0.051415 0.001592 0.411086 255 0 0
-0.067099 0.005626 0.416997 255 0 0
-0.067275 0.007417 0.422151 255 0 0
-0.059315 -0.001903 0.409247 255 0 0
-0.064058 0.002066 0.412068 255 0 0
-0.051926 -0.005426 0.413019 255 0 0
-0.054681 -0.004764 0.409610 255 0 0
-0.055142 -0.000075 0.423101 255 0 0
-0.052102 -0.003635 0.418172 255 0 0
-0.064519 0.006756 0.425560 255 0 0
-0.059885 0.003894 0.425923 255 0 0
-0.067925 -0.005729 0.420126 255 0 0
-0.067501 -0.002499 0.415746 255 0 0
-0.064885 -0.009289 0.415197 255 0 0
-0.059826 -0.008921 0.411180 255 0 0
-0.060251 -0.012151 0.415560 255 0 0
-0.055368 -0.009991 0.416696 255 0 0
-0.060427 -0.010359 0.420713 255 0 0
-0.060287 -0.004231 0.424672 255 0 0
-0.065170 -0.006391 0.423535 255 0 0
-0.067785 0.000399 0.424084 255 0 0
-0.037102 0.003016 0.409926 255 0 0
-0.041993 0.002078 0.416678 255 0 0
-0.036931 -0.021203 0.406683 255 0 0
-0.041822 -0.022141 0.413434 255 0 0
-0.045440 -0.016514 0.406384 255 0 0
-0.045546 -0.001546 0.408388 255 0 0
-0.033378 -0.017579 0.414972 255 0 0
-0.033484 -0.002611 0.416977 255 0 0
-0.039691 -0.010651 0.419796 255 0 0
-0.047146 -0.009993 0.414488 255 0 0
-0.031778 -0.009132 0.408872 255 0 0
-0.039233 -0.008474 0.403564 255 0 0
-0.037940 -0.001529 0.405878 255 0 0
-0.042903 -0.004211 0.404974 255 0 0
-0.041651 0.002543 0.408714 255 0 0
-0.044525 0.001991 0.412682 255 0 0
-0.039562 0.004673 0.413586 255 0 0
-0.037436 0.001365 0.417731 255 0 0
-0.034561 0.001917 0.413762 255 0 0
-0.031432 -0.005224 0.413143 255 0 0
-0.033558 -0.001916 0.408998 255 0 0
-0.034811 -0.008670 0.405259 255 0 0
-0.047554 -0.005103 0.411396 255 0 0
-0.045466 -0.002973 0.416268 255 0 0
-0.042841 -0.013009 0.403796 255 0 0
-0.046552 -0.008937 0.406632 255 0 0
-0.033458 -0.016152 0.407092 255 0 0
-0.037840 -0.015765 0.403972 255 0 0
-0.032372 -0.010189 0.416729 255 0 0
-0.031370 -0.014022 0.411965 255 0 0
-0.041084 -0.003360 0.419388 255 0 0
-0.036083 -0.006116 0.419564 255 0 0
-0.045366 -0.017209 0.414362 255 0 0
-0.047492 -0.013901 0.410217 255 0 0
-0.044363 -0.021042 0.409598 255 0 0
-0.041488 -0.020490 0.405629 255 0 0
-0.039362 -0.023798 0.409774 255 0 0
-0.034399 -0.021116 0.410678 255 0 0
-0.037273 -0.021668 0.414646 255 0 0
-0.036021 -0.014914 0.418386 255 0 0
-0.040984 -0.017596 0.417482 255 0 0
-0.044113 -0.010455 0.418101 255 0 0
-0.041255 0.018661 0.412294 255 0 0
-0.046304 0.017688 0.419114 255 0 0
-0.041643 -0.005742 0.408527 255 0 0
-0.046692 -0.006714 0.415347 255 0 0
-0.049911 -0.000827 0.408455 255 0 0
-0.049672 0.014255 0.410784 255 0 0
-0.038276 -0.002309 0.416858 255 0 0
-0.038036 0.012773 0.419186 255 0 0
-0.044462 0.004728 0.421935 255 0 0
-0.051654 0.005644 0.416742 255 0 0
-0.036293 0.006302 0.410899 255 0 0
-0.043485 0.007218 0.405706 255 0 0
-0.042088 0.014162 0.408154 255 0 0
-0.047035 0.011573 0.407266 255 0 0
-0.045725 0.018299 0.411138 255 0 0
-0.048693 0.017727 0.415147 255 0 0
-0.043745 0.020317 0.416035 255 0 0
-0.041853 0.016856 0.420086 255 0 0
-0.038885 0.017427 0.416077 255 0 0
-0.035969 0.010163 0.415257 255 0 0
-0.037861 0.013624 0.411206 255 0 0
-0.039172 0.006898 0.407334 255 0 0
-0.051837 0.010648 0.413753 255 0 0
-0.049858 0.012666 0.418649 255 0 0
-0.047176 0.002708 0.405898 255 0 0
-0.050813 0.006844 0.408882 255 0 0
-0.038089 -0.000720 0.408992 255 0 0
-0.042316 -0.000181 0.405940 255 0 0
-0.037134 0.005102 0.418759 255 0 0
-0.036110 0.001298 0.413889 255 0 0
-0.045631 0.012127 0.421702 255 0 0
-0.040771 0.009238 0.421744 255 0 0
-0.050086 -0.001678 0.416435 255 0 0
-0.051978 0.001783 0.412384 255 0 0
-0.049062 -0.005481 0.411564 255 0 0
-0.046094 -0.004910 0.407556 255 0 0
-0.044202 -0.008370 0.411607 255 0 0
-0.039255 -0.005781 0.412494 255 0 0
-0.042222 -0.006352 0.416503 255 0 0
-0.040912 0.000373 0.420375 255 0 0
-0.045859 -0.002216 0.419487 255 0 0
-0.048775 0.005048 0.420307 255 0 0
-0.014132 0.025442 0.415028 255 0 0
-0.018394 0.025231 0.421309 255 0 0
-0.014281 0.002889 0.414169 255 0 0
-0.018542 0.002678 0.420450 255 0 0
-0.023731 0.007329 0.412495 255 0 0
-0.023640 0.021268 0.413026 255 0 0
-0.009035 0.006853 0.422452 255 0 0
-0.008943 0.020791 0.422983 255 0 0
-0.015243 0.013742 0.425897 255 0 0
-0.024327 0.014037 0.419743 255 0 0
-0.008348 0.014084 0.415734 255 0 0
-0.017431 0.014378 0.409581 255 0 0
-0.015684 0.020937 0.411350 255 0 0
-0.021272 0.018484 0.410173 255 0 0
-0.019333 0.024987 0.413375 255 0 0
-0.021838 0.024863 0.417067 255 0 0
-0.016250 0.027317 0.418244 255 0 0
-0.013200 0.024583 0.422919 255 0 0
-0.010695 0.024707 0.419228 255 0 0
-0.007295 0.018031 0.419643 255 0 0
-0.010345 0.020764 0.414967 255 0 0
-0.012284 0.014261 0.411765 255 0 0
-0.025325 0.018283 0.416147 255 0 0
-0.022242 0.020612 0.421015 255 0 0
-0.021326 0.010291 0.409861 255 0 0
-0.024976 0.014340 0.411886 255 0 0
-0.010432 0.007508 0.414462 255 0 0
-0.015771 0.007681 0.410845 255 0 0
-0.007699 0.013780 0.423591 255 0 0
-0.007349 0.009838 0.419331 255 0 0
-0.016903 0.020439 0.424632 255 0 0
-0.011348 0.017830 0.425616 255 0 0
-0.022329 0.007356 0.420510 255 0 0
-0.025379 0.010090 0.415835 255 0 0
-0.021980 0.003413 0.416250 255 0 0
-0.019475 0.003537 0.412558 255 0 0
-0.016425 0.000804 0.417234 255 0 0
-0.010836 0.003257 0.418411 255 0 0
-0.013341 0.003133 0.422102 255 0 0
-0.011402 0.009637 0.425304 255 0 0
-0.016991 0.007183 0.424127 255 0 0
-0.020390 0.013859 0.423712 255 0 0
-0.033486 0.052437 0.413986 255 0 0
-0.038445 0.052340 0.420912 255 0 0
-0.033715 0.027840 0.413474 255 0 0
-0.038674 0.027743 0.420400 255 0 0
-0.042054 0.032632 0.412811 255 0 0
-0.041912 0.047834 0.413127 255 0 0
-0.030248 0.032346 0.421259 255 0 0
-0.030106 0.047548 0.421575 255 0 0
-0.036443 0.039923 0.425407 255 0 0
-0.043740 0.040099 0.420185 255 0 0
-0.028420 0.040081 0.414201 255 0 0
-0.035717 0.040257 0.408979 255 0 0
-0.034342 0.047446 0.410480 255 0 0
-0.039295 0.044740 0.409975 255 0 0
-0.037984 0.051899 0.412917 255 0 0
-0.040898 0.051842 0.416988 255 0 0
-0.035945 0.054548 0.417493 255 0 0
-0.033959 0.051674 0.421955 255 0 0
-0.031044 0.051731 0.417884 255 0 0
-0.028066 0.044468 0.418010 255 0 0
-0.030053 0.047342 0.413549 255 0 0
-0.031364 0.040183 0.410606 255 0 0
-0.044011 0.044647 0.416562 255 0 0
-0.041972 0.047296 0.421138 255 0 0
-0.039378 0.035805 0.409789 255 0 0
-0.043020 0.040258 0.412227 255 0 0
-0.030188 0.032884 0.413248 255 0 0
-0.034476 0.032988 0.410179 255 0 0
-0.029140 0.039922 0.422159 255 0 0
-0.028149 0.035533 0.417824 255 0 0
-0.037684 0.047192 0.424207 255 0 0
-0.032782 0.044375 0.424597 255 0 0
-0.042107 0.032838 0.420837 255 0 0
-0.044094 0.035712 0.416376 255 0 0
-0.041116 0.028449 0.416502 255 0 0
-0.038201 0.028506 0.412431 255 0 0
-0.036215 0.025632 0.416893 255 0 0
-0.031262 0.028338 0.417397 255 0 0
-0.034176 0.028281 0.421469 255 0 0
-0.032865 0.035440 0.424411 255 0 0
-0.037818 0.032734 0.423906 255 0 0
-0.040796 0.039997 0.423780 255 0 0
-0.042090 -0.022820 0.407085 255 0 0
-0.046885 -0.023680 0.413852 255 0 0
-0.041472 -0.046982 0.404452 255 0 0
-0.046268 -0.047842 0.411218 255 0 0
-0.050126 -0.042485 0.404028 255 0 0
-0.050507 -0.027552 0.405655 255 0 0
-0.037850 -0.043110 0.412648 255 0 0
-0.038232 -0.028177 0.414276 255 0 0
-0.044265 -0.036220 0.417290 255 0 0
-0.051852 -0.035833 0.411962 255 0 0
-0.036506 -0.034828 0.406341 255 0 0
-0.044093 -0.034442 0.401014 255 0 0
-0.042900 -0.027454 0.403154 255 0 0
-0.047848 -0.030236 0.402313 255 0 0
-0.046671 -0.023405 0.405882 255 0 0
-0.049490 -0.023910 0.409859 255 0 0
-0.044542 -0.021129 0.410700 255 0 0
-0.042274 -0.024278 0.414926 255 0 0
-0.039456 -0.023772 0.410949 255 0 0
-0.036173 -0.030831 0.410512 255 0 0
-0.038441 -0.027682 0.406285 255 0 0
-0.039618 -0.034513 0.402717 255 0 0
-0.052409 -0.031054 0.408749 255 0 0
-0.050280 -0.028778 0.413566 255 0 0
-0.047624 -0.039013 0.401357 255 0 0
-0.051394 -0.034963 0.404085 255 0 0
-0.038078 -0.041884 0.404738 255 0 0
-0.042537 -0.041657 0.401606 255 0 0
-0.036963 -0.035699 0.414219 255 0 0
-0.035949 -0.039608 0.409555 255 0 0
-0.045820 -0.029005 0.416698 255 0 0
-0.040734 -0.031649 0.416947 255 0 0
-0.049916 -0.042980 0.412018 255 0 0
-0.052184 -0.039831 0.407792 255 0 0
-0.048902 -0.046890 0.407355 255 0 0
-0.046083 -0.046384 0.403378 255 0 0
-0.043816 -0.049533 0.407604 255 0 0
-0.038868 -0.046752 0.408445 255 0 0
-0.041687 -0.047257 0.412422 255 0 0
-0.040509 -0.040426 0.415990 255 0 0
-0.045457 -0.043207 0.415150 255 0 0
-0.048739 -0.036149 0.415587 255 0 0
-0.060276 -0.020399 0.412291 255 0 0
-0.069529 -0.020855 0.418805 255 0 0
-0.061605 -0.042501 0.408857 255 0 0
-0.070858 -0.042956 0.415371 255 0 0
-0.069417 -0.037552 0.407952 255 0 0
-0.068595 -0.023893 0.410074 255 0 0
-0.062539 -0.039463 0.417588 255 0 0
-0.061717 -0.025803 0.419711 255 0 0
-0.070928 -0.032637 0.422079 255 0 0
-0.075179 -0.031456 0.416123 255 0 0
-0.055955 -0.031900 0.411539 255 0 0
-0.060206 -0.030719 0.405583 255 0 0
-0.059306 -0.024485 0.408078 255 0 0
-0.064196 -0.026538 0.406775 255 0 0
-0.064237 -0.020472 0.410717 255 0 0
-0.069676 -0.020740 0.414546 255 0 0
-0.064786 -0.018687 0.415850 255 0 0
-0.065633 -0.021863 0.420211 255 0 0
-0.060194 -0.021595 0.416382 255 0 0
-0.057654 -0.028355 0.415940 255 0 0
-0.056807 -0.025179 0.411579 255 0 0
-0.056766 -0.031244 0.407636 255 0 0
-0.072997 -0.026971 0.412970 255 0 0
-0.073546 -0.025186 0.418102 255 0 0
-0.064679 -0.034567 0.405527 255 0 0
-0.069610 -0.030555 0.408167 255 0 0
-0.057588 -0.038170 0.409560 255 0 0
-0.060087 -0.037476 0.406059 255 0 0
-0.061524 -0.032801 0.419495 255 0 0
-0.058137 -0.036384 0.414692 255 0 0
-0.071047 -0.025880 0.421603 255 0 0
-0.066455 -0.028789 0.422135 255 0 0
-0.074327 -0.038177 0.416084 255 0 0
-0.073479 -0.035000 0.411722 255 0 0
-0.070940 -0.041760 0.411280 255 0 0
-0.065501 -0.041492 0.407451 255 0 0
-0.066348 -0.044669 0.411813 255 0 0
-0.061458 -0.042615 0.413116 255 0 0
-0.066897 -0.042883 0.416945 255 0 0
-0.066938 -0.036818 0.420888 255 0 0
-0.071828 -0.038871 0.419584 255 0 0
-0.074368 -0.032111 0.420026 255 0 0
0.024157 -0.009055 0.431782 255 0 0
0.019620 -0.009732 0.437076 255 0 0
0.026233 -0.029703 0.430920 255 0 0
0.021697 -0.030380 0.436214 255 0 0
0.015668 -0.026608 0.426897 255 0 0
0.014385 -0.013846 0.427429 255 0 0
0.031469 -0.025589 0.440566 255 0 0
0.030185 -0.012828 0.441099 255 0 0
0.024139 -0.019951 0.442505 255 0 0
0.014374 -0.020580 0.434057 255 0 0
0.031480 -0.018855 0.433939 255 0 0
0.021714 -0.019484 0.425490 255 0 0
0.022937 -0.013313 0.427695 255 0 0
0.017193 -0.016129 0.425136 255 0 0
0.018629 -0.009999 0.428834 255 0 0
0.015962 -0.010397 0.431946 255 0 0
0.021706 -0.007581 0.434504 255 0 0
0.025250 -0.009798 0.439981 255 0 0
0.027916 -0.009400 0.436869 255 0 0
0.032220 -0.015161 0.438137 255 0 0
0.028677 -0.012943 0.432661 255 0 0
0.027241 -0.019073 0.428963 255 0 0
0.012879 -0.016774 0.430172 255 0 0
0.015956 -0.014355 0.435842 255 0 0
0.017948 -0.023630 0.424823 255 0 0
0.013640 -0.020316 0.425963 255 0 0
0.029898 -0.025080 0.432154 255 0 0
0.024158 -0.025450 0.427188 255 0 0
0.032214 -0.019119 0.442033 255 0 0
0.032975 -0.022662 0.437824 255 0 0
0.021696 -0.013985 0.440807 255 0 0
0.027906 -0.015805 0.443172 255 0 0
0.017177 -0.026492 0.435335 255 0 0
0.013633 -0.024275 0.429858 255 0 0
0.017937 -0.030035 0.431126 255 0 0
0.020604 -0.029637 0.428015 255 0 0
0.024148 -0.031854 0.433491 255 0 0
0.029891 -0.029038 0.436049 255 0 0
0.027225 -0.029436 0.439161 255 0 0
0.028660 -0.023306 0.442859 255 0 0
0.022917 -0.026122 0.440301 255 0 0
0.018612 -0.020362 0.439033 255 0 0
0.028570 -0.038188 0.433847 255 0 0
0.023978 -0.038767 0.439131 255 0 0
0.030604 -0.058908 0.433345 255 0 0
0.026012 -0.059487 0.438628 255 0 0
0.020114 -0.055840 0.429232 255 0 0
0.018857 -0.043034 0.429543 255 0 0
0.035725 -0.054640 0.442933 255 0 0
0.034468 -0.041835 0.443243 255 0 0
0.028399 -0.048935 0.444746 255 0 0
0.018752 -0.049676 0.436278 255 0 0
0.035830 -0.047998 0.436197 255 0 0
0.026182 -0.048740 0.427730 255 0 0
0.027391 -0.042520 0.429832 255 0 0
0.021682 -0.045369 0.427301 255 0 0
0.023086 -0.039167 0.430897 255 0 0
0.020386 -0.039507 0.434003 255 0 0
0.026096 -0.036658 0.436533 255 0 0
0.029562 -0.038802 0.442056 255 0 0
0.032261 -0.038462 0.438951 255 0 0
0.036529 -0.044228 0.440332 255 0 0
0.033062 -0.042085 0.434809 255 0 0
0.031659 -0.048287 0.431213 255 0 0
0.017314 -0.045920 0.432326 255 0 0
0.020324 -0.043411 0.437962 255 0 0
0.022421 -0.052896 0.427119 255 0 0
0.018115 -0.049543 0.428184 255 0 0
0.034258 -0.054263 0.434513 255 0 0
0.028587 -0.054699 0.429536 255 0 0
0.036467 -0.048132 0.444291 255 0 0
0.037267 -0.051755 0.440149 255 0 0
0.025995 -0.042975 0.442939 255 0 0
0.032161 -0.044779 0.445356 255 0 0
0.021520 -0.055590 0.437666 255 0 0
0.018053 -0.053447 0.432144 255 0 0
0.022320 -0.059213 0.433525 255 0 0
0.025020 -0.058873 0.430419 255 0 0
0.028486 -0.061016 0.435942 255 0 0
0.034195 -0.058168 0.438472 255 0 0
0.031496 -0.058508 0.441578 255 0 0
0.032900 -0.052306 0.445174 255 0 0
0.027190 -0.055154 0.442643 255 0 0
0.022923 -0.049388 0.441262 255 0 0
0.001558 -0.031200 0.414829 255 0 0
-0.002333 -0.031722 0.420641 255 0 0
0.005289 -0.051758 0.415480 255 0 0
0.001398 -0.052280 0.421293 255 0 0
-0.005804 -0.049808 0.412462 255 0 0
-0.008110 -0.037102 0.412060 255 0 0
0.011065 -0.046378 0.424062 255 0 0
0.008759 -0.033673 0.423659 255 0 0
0.003543 -0.041103 0.426348 255 0 0
-0.006882 -0.043222 0.419178 255 0 0
0.009838 -0.040258 0.416943 255 0 0
-0.000587 -0.042378 0.409774 255 0 0
0.000311 -0.035920 0.411290 255 0 0
-0.005371 -0.039389 0.409662 255 0 0
-0.004111 -0.032819 0.412634 255 0 0
-0.006397 -0.033125 0.416050 255 0 0
-0.000715 -0.029657 0.417678 255 0 0
0.003518 -0.031110 0.422868 255 0 0
0.005805 -0.030803 0.419452 255 0 0
0.010672 -0.036127 0.420695 255 0 0
0.006439 -0.034674 0.415504 255 0 0
0.005178 -0.041244 0.412533 255 0 0
-0.009072 -0.039885 0.415190 255 0 0
-0.005676 -0.036723 0.420234 255 0 0
-0.004016 -0.046857 0.409899 255 0 0
-0.008437 -0.043756 0.411243 255 0 0
0.008632 -0.046758 0.415887 255 0 0
0.002504 -0.048003 0.411673 255 0 0
0.011393 -0.039725 0.424879 255 0 0
0.012027 -0.043595 0.420931 255 0 0
0.000452 -0.035477 0.424448 255 0 0
0.006972 -0.036624 0.426222 255 0 0
-0.003483 -0.048806 0.420617 255 0 0
-0.007716 -0.047353 0.415427 255 0 0
-0.002849 -0.052677 0.416670 255 0 0
-0.000562 -0.052370 0.413253 255 0 0
0.003671 -0.053824 0.418444 255 0 0
0.009353 -0.050355 0.420071 255 0 0
0.007066 -0.050662 0.423488 255 0 0
0.008327 -0.044092 0.426459 255 0 0
0.002645 -0.047561 0.424831 255 0 0
-0.002222 -0.042237 0.423589 255 0 0
-0.003662 -0.030773 0.412380 255 0 0
-0.008022 -0.031645 0.418145 255 0 0
-0.000065 -0.052090 0.411874 255 0 0
-0.004425 -0.052962 0.417639 255 0 0
-0.010504 -0.049592 0.408954 255 0 0
-0.012728 -0.036418 0.409266 255 0 0
0.004640 -0.047317 0.420752 255 0 0
0.002417 -0.034142 0.421065 255 0 0
-0.002891 -0.041870 0.423319 255 0 0
-0.012251 -0.043276 0.416027 255 0 0
0.004163 -0.040458 0.413992 255 0 0
-0.005196 -0.041865 0.406700 255 0 0
-0.004497 -0.035345 0.408580 255 0 0
-0.009826 -0.038663 0.406750 255 0 0
-0.008924 -0.032143 0.410088 255 0 0
-0.011486 -0.032656 0.413477 255 0 0
-0.006158 -0.029338 0.415307 255 0 0
-0.002585 -0.031318 0.420412 255 0 0
-0.000022 -0.030805 0.417023 255 0 0
0.004578 -0.036499 0.417971 255 0 0
0.001004 -0.034518 0.412866 255 0 0
0.000103 -0.041038 0.409527 255 0 0
-0.013972 -0.039492 0.412232 255 0 0
-0.011206 -0.036687 0.417450 255 0 0
-0.008519 -0.046407 0.406566 255 0 0
-0.012945 -0.043205 0.408074 255 0 0
0.003119 -0.047048 0.412569 255 0 0
-0.002383 -0.047874 0.408282 255 0 0
0.004858 -0.040530 0.421945 255 0 0
0.005884 -0.044242 0.417787 255 0 0
-0.005705 -0.035860 0.421736 255 0 0
0.000431 -0.037328 0.423453 255 0 0
-0.009092 -0.049217 0.417153 255 0 0
-0.012665 -0.047236 0.412048 255 0 0
-0.008065 -0.052929 0.412995 255 0 0
-0.005503 -0.052417 0.409607 255 0 0
-0.001929 -0.054397 0.414712 255 0 0
0.003399 -0.051079 0.416542 255 0 0
0.000836 -0.051592 0.419931 255 0 0
0.001738 -0.045072 0.423269 255 0 0
-0.003590 -0.048390 0.421439 255 0 0
-0.008190 -0.042697 0.420492 255 0 0
-0.017724 -0.031545 0.409062 255 0 0
-0.021829 -0.032336 0.415155 255 0 0
-0.014699 -0.053257 0.408281 255 0 0
-0.018804 -0.054048 0.414374 255 0 0
-0.025027 -0.050387 0.406176 255 0 0
-0.026896 -0.036969 0.406659 255 0 0
-0.009632 -0.048624 0.416777 255 0 0
-0.011501 -0.035205 0.417260 255 0 0
-0.016828 -0.042892 0.419923 255 0 0
-0.026342 -0.043981 0.413371 255 0 0
-0.010185 -0.041612 0.410064 255 0 0
-0.019700 -0.042701 0.403512 255 0 0
-0.018790 -0.036127 0.405334 255 0 0
-0.024182 -0.039315 0.403921 255 0 0
-0.023020 -0.032757 0.407183 255 0 0
-0.025433 -0.033222 0.410764 255 0 0
-0.020042 -0.030034 0.412177 255 0 0
-0.016384 -0.032186 0.416996 255 0 0
-0.013971 -0.031721 0.413414 255 0 0
-0.009540 -0.037638 0.414003 255 0 0
-0.013198 -0.035486 0.409185 255 0 0
-0.014360 -0.042044 0.405923 255 0 0
-0.028086 -0.040067 0.409716 255 0 0
-0.025108 -0.037344 0.414710 255 0 0
-0.023083 -0.047202 0.403637 255 0 0
-0.027313 -0.043833 0.405487 255 0 0
-0.011420 -0.048248 0.408726 255 0 0
-0.017013 -0.048889 0.404874 255 0 0
-0.009215 -0.041760 0.417949 255 0 0
-0.008442 -0.045525 0.413720 255 0 0
-0.019515 -0.036704 0.418561 255 0 0
-0.013445 -0.038390 0.419798 255 0 0
-0.023330 -0.050106 0.414251 255 0 0
-0.026987 -0.047955 0.409432 255 0 0
-0.022557 -0.053872 0.410022 255 0 0
-0.020144 -0.053407 0.406440 255 0 0
-0.016486 -0.055558 0.411259 255 0 0
-0.011095 -0.052370 0.412671 255 0 0
-0.013508 -0.052835 0.416253 255 0 0
-0.012346 -0.046278 0.419515 255 0 0
-0.017737 -0.049466 0.418102 255 0 0
-0.022168 -0.043549 0.417513 255 0 0
-0.039682 -0.061487 0.403532 255 0 0
-0.044141 -0.062847 0.409960 255 0 0
-0.038259 -0.083952 0.399765 255 0 0
-0.042718 -0.085312 0.406193 255 0 0
-0.047688 -0.079987 0.398967 255 0 0
-0.048568 -0.066103 0.401295 255 0 0
-0.033832 -0.080696 0.408430 255 0 0
-0.034712 -0.066812 0.410758 255 0 0
-0.040526 -0.074719 0.412987 255 0 0
-0.049089 -0.074281 0.407138 255 0 0
-0.033311 -0.072518 0.402587 255 0 0
-0.041874 -0.072080 0.396738 255 0 0
-0.040704 -0.065622 0.399306 255 0 0
-0.045927 -0.068335 0.397991 255 0 0
-0.044638 -0.062108 0.401984 255 0 0
-0.047259 -0.062908 0.405762 255 0 0
-0.042036 -0.060195 0.407077 255 0 0
-0.039115 -0.063325 0.411324 255 0 0
-0.036494 -0.062525 0.407546 255 0 0
-0.032749 -0.069009 0.406990 255 0 0
-0.035670 -0.065879 0.402743 255 0 0
-0.036959 -0.072106 0.398750 255 0 0
-0.050168 -0.069628 0.404103 255 0 0
-0.047566 -0.067715 0.409196 255 0 0
-0.045410 -0.076496 0.396622 255 0 0
-0.049344 -0.072983 0.399300 255 0 0
-0.034834 -0.079084 0.400529 255 0 0
-0.039867 -0.078826 0.397091 255 0 0
-0.033056 -0.073816 0.410425 255 0 0
-0.032232 -0.077170 0.405622 255 0 0
-0.042532 -0.067972 0.412634 255 0 0
-0.036990 -0.070303 0.413103 255 0 0
-0.046729 -0.080920 0.406982 255 0 0
-0.049651 -0.077789 0.402735 255 0 0
-0.045906 -0.084274 0.402179 255 0 0
-0.043285 -0.083474 0.398401 255 0 0
-0.040364 -0.086604 0.402648 255 0 0
-0.035141 -0.083891 0.403963 255 0 0
-0.037762 -0.084690 0.407741 255 0 0
-0.036473 -0.078464 0.411734 255 0 0
-0.041696 -0.081177 0.410419 255 0 0
-0.045441 -0.074693 0.410975 255 0 0
-0.055761 -0.059663 0.403890 255 0 0
-0.062760 -0.060959 0.409941 255 0 0
-0.055825 -0.083001 0.398817 255 0 0
-0.062824 -0.084297 0.404868 255 0 0
-0.063829 -0.078095 0.397821 255 0 0
-0.063790 -0.063671 0.400956 255 0 0
-0.054795 -0.080289 0.407801 255 0 0
-0.054756 -0.065865 0.410936 255 0 0
-0.062163 -0.073706 0.412358 255 0 0
-0.067747 -0.072351 0.406190 255 0 0
-0.050838 -0.071609 0.402567 255 0 0
-0.056422 -0.070253 0.396399 255 0 0
-0.055529 -0.063725 0.399401 255 0 0
-0.060248 -0.066081 0.397677 255 0 0
-0.059860 -0.059856 0.402079 255 0 0
-0.063974 -0.060618 0.405636 255 0 0
-0.059255 -0.058262 0.407360 255 0 0
-0.058664 -0.061908 0.411502 255 0 0
-0.054550 -0.061146 0.407946 255 0 0
-0.051656 -0.068168 0.407169 255 0 0
-0.052247 -0.064522 0.403027 255 0 0
-0.052636 -0.070747 0.398624 255 0 0
-0.066905 -0.067314 0.403432 255 0 0
-0.066300 -0.065720 0.408712 255 0 0
-0.060272 -0.074559 0.395834 255 0 0
-0.064603 -0.070690 0.398512 255 0 0
-0.052285 -0.078240 0.400045 255 0 0
-0.055567 -0.077443 0.396419 255 0 0
-0.053982 -0.073269 0.410245 255 0 0
-0.051680 -0.076646 0.405326 255 0 0
-0.063018 -0.066517 0.412338 255 0 0
-0.058313 -0.069400 0.412923 255 0 0
-0.066338 -0.079438 0.405731 255 0 0
-0.066928 -0.075792 0.401589 255 0 0
-0.064035 -0.082814 0.400812 255 0 0
-0.059921 -0.082052 0.397255 255 0 0
-0.059330 -0.085698 0.401397 255 0 0
-0.054611 -0.083342 0.403121 255 0 0
-0.058725 -0.084104 0.406678 255 0 0
-0.058336 -0.077879 0.411081 255 0 0
-0.063056 -0.080235 0.409356 255 0 0
-0.065949 -0.073213 0.410133 255 0 0
0.017475 0.086835 0.414920 255 0 0
0.013550 0.088047 0.420728 255 0 0
0.013725 0.066534 0.416621 255 0 0
0.009800 0.067745 0.422428 255 0 0
0.004072 0.072075 0.413297 255 0 0
0.006390 0.084622 0.412246 255 0 0
0.020885 0.069958 0.425103 255 0 0
0.023203 0.082505 0.424052 255 0 0
0.015657 0.077616 0.427021 255 0 0
0.005266 0.078925 0.419724 255 0 0
0.022009 0.075656 0.417624 255 0 0
0.011618 0.076964 0.410328 255 0 0
0.014706 0.082709 0.411562 255 0 0
0.008190 0.081408 0.409990 255 0 0
0.011633 0.087210 0.412689 255 0 0
0.009326 0.087923 0.416103 255 0 0
0.015842 0.089223 0.417675 255 0 0
0.019209 0.086678 0.423042 255 0 0
0.021516 0.085966 0.419629 255 0 0
0.024181 0.079395 0.421218 255 0 0
0.020814 0.081940 0.415851 255 0 0
0.017371 0.076138 0.413151 255 0 0
0.004457 0.082561 0.415513 255 0 0
0.008666 0.084574 0.420498 255 0 0
0.006828 0.074033 0.410608 255 0 0
0.003755 0.078535 0.411735 255 0 0
0.018609 0.070007 0.416850 255 0 0
0.012502 0.070776 0.412561 255 0 0
0.023520 0.076046 0.425614 255 0 0
0.022818 0.072020 0.421836 255 0 0
0.014773 0.083805 0.424787 255 0 0
0.020447 0.080547 0.426741 255 0 0
0.006461 0.072641 0.421498 255 0 0
0.003095 0.075186 0.416131 255 0 0
0.005759 0.068615 0.417720 255 0 0
0.008066 0.067903 0.414307 255 0 0
0.011433 0.065357 0.419674 255 0 0
0.017949 0.066658 0.421246 255 0 0
0.015642 0.067370 0.424660 255 0 0
0.019085 0.073172 0.427359 255 0 0
0.012569 0.071872 0.425787 255 0 0
0.009904 0.078443 0.424198 255 0 0
-0.042723 0.084049 0.408189 255 0 0
-0.048645 0.085561 0.414585 255 0 0
-0.042729 0.060478 0.413753 255 0 0
-0.048650 0.061989 0.420149 255 0 0
-0.050965 0.064644 0.411261 255 0 0
-0.050962 0.079212 0.407823 255 0 0
-0.040412 0.066826 0.420516 255 0 0
-0.040409 0.081394 0.417077 255 0 0
-0.047217 0.074916 0.422203 255 0 0
-0.053739 0.073567 0.416484 255 0 0
-0.037635 0.072471 0.411854 255 0 0
-0.044157 0.071122 0.406135 255 0 0
-0.043046 0.078388 0.405931 255 0 0
-0.047888 0.075544 0.405716 255 0 0
-0.047045 0.083143 0.406924 255 0 0
-0.050526 0.084031 0.410683 255 0 0
-0.045684 0.086874 0.410898 255 0 0
-0.044323 0.085314 0.416123 255 0 0
-0.040843 0.084425 0.412363 255 0 0
-0.037852 0.077620 0.414517 255 0 0
-0.039212 0.079180 0.409293 255 0 0
-0.040055 0.071582 0.408086 255 0 0
-0.053520 0.076982 0.411799 255 0 0
-0.052158 0.080713 0.415774 255 0 0
-0.047890 0.066981 0.407738 255 0 0
-0.051890 0.071737 0.408730 255 0 0
-0.039216 0.065325 0.412564 255 0 0
-0.043049 0.064532 0.409202 255 0 0
-0.039484 0.074302 0.419608 255 0 0
-0.037854 0.069057 0.416539 255 0 0
-0.048325 0.081506 0.419136 255 0 0
-0.043484 0.079057 0.420601 255 0 0
-0.052161 0.066858 0.419045 255 0 0
-0.053522 0.068419 0.413821 255 0 0
-0.050531 0.061613 0.415975 255 0 0
-0.047050 0.060725 0.412216 255 0 0
-0.045690 0.059164 0.417440 255 0 0
-0.040848 0.062007 0.417655 255 0 0
-0.044328 0.062895 0.421415 255 0 0
-0.043486 0.070494 0.422622 255 0 0
-0.048328 0.067651 0.422407 255 0 0
-0.051319 0.074456 0.420252 255 0 0
-0.063591 0.054316 0.420684 255 0 0
-0.073472 0.053502 0.427782 255 0 0
-0.061994 0.032964 0.420458 255 0 0
-0.071875 0.032150 0.427556 255 0 0
-0.070626 0.036431 0.419312 255 0 0
-0.071614 0.049628 0.419452 255 0 0
-0.063852 0.036838 0.428789 255 0 0
-0.064839 0.050034 0.428929 255 0 0
-0.073633 0.042700 0.432791 255 0 0
-0.077820 0.042448 0.426934 255 0 0
-0.057646 0.044017 0.421307 255 0 0
-0.061833 0.043766 0.415450 255 0 0
-0.061830 0.050061 0.417004 255 0 0
-0.066546 0.047305 0.416280 255 0 0
-0.067580 0.053506 0.419357 255 0 0
-0.073387 0.053028 0.423529 255 0 0
-0.068672 0.055783 0.424253 255 0 0
-0.069406 0.053267 0.429099 255 0 0
-0.063598 0.053745 0.424927 255 0 0
-0.060103 0.047692 0.425293 255 0 0
-0.059370 0.050209 0.420447 255 0 0
-0.058336 0.044007 0.417370 255 0 0
-0.075943 0.046531 0.423030 255 0 0
-0.077035 0.048808 0.427927 255 0 0
-0.065966 0.039549 0.416198 255 0 0
-0.071715 0.042994 0.418550 255 0 0
-0.058431 0.037658 0.420314 255 0 0
-0.060891 0.037510 0.416871 255 0 0
-0.063751 0.043472 0.429691 255 0 0
-0.059523 0.039935 0.425211 255 0 0
-0.074574 0.048955 0.431369 255 0 0
-0.069500 0.046917 0.432043 255 0 0
-0.076096 0.036257 0.427794 255 0 0
-0.075363 0.038774 0.422948 255 0 0
-0.071868 0.032721 0.423314 255 0 0
-0.066060 0.033199 0.419142 255 0 0
-0.066794 0.030682 0.423988 255 0 0
-0.062078 0.033438 0.424712 255 0 0
-0.067886 0.032960 0.428884 255 0 0
-0.068920 0.039161 0.431961 255 0 0
-0.073635 0.036405 0.431237 255 0 0
-0.077130 0.042458 0.430871 255 0 0
0.075419 0.099715 0.458150 255 0 0
0.069747 0.100954 0.462704 255 0 0
0.075095 0.081103 0.462809 255 0 0
0.069424 0.082342 0.467363 255 0 0
0.065449 0.083383 0.456153 255 0 0
0.065649 0.094886 0.453274 255 0 0
0.079194 0.087171 0.472239 255 0 0
0.079394 0.098674 0.469360 255 0 0
0.072080 0.093201 0.471412 255 0 0
0.063586 0.090860 0.461470 255 0 0
0.081257 0.091197 0.464043 255 0 0
0.072762 0.088856 0.454101 255 0 0
0.074384 0.094857 0.454961 255 0 0
0.068641 0.092018 0.452095 255 0 0
0.070202 0.098401 0.454475 255 0 0
0.066869 0.099129 0.457152 255 0 0
0.072611 0.101968 0.460018 255 0 0
0.074948 0.101356 0.466607 255 0 0
0.078281 0.100628 0.463930 255 0 0
0.081713 0.095621 0.467394 255 0 0
0.079377 0.096233 0.460805 255 0 0
0.077815 0.089850 0.458425 255 0 0
0.063247 0.093197 0.456427 255 0 0
0.065656 0.096763 0.461970 255 0 0
0.068523 0.085257 0.453788 255 0 0
0.064342 0.088802 0.453301 255 0 0
0.079187 0.085293 0.463543 255 0 0
0.074194 0.083917 0.457700 255 0 0
0.080500 0.093255 0.472212 255 0 0
0.081596 0.088860 0.469087 255 0 0
0.070649 0.098139 0.467813 255 0 0
0.076319 0.096799 0.471725 255 0 0
0.065466 0.085823 0.464708 255 0 0
0.063130 0.086435 0.458119 255 0 0
0.066561 0.081429 0.461583 255 0 0
0.069895 0.080701 0.458906 255 0 0
0.072231 0.080089 0.465495 255 0 0
0.077974 0.082927 0.468361 255 0 0
0.074640 0.083655 0.471038 255 0 0
0.076202 0.090038 0.473418 255 0 0
0.070459 0.087200 0.470552 255 0 0
0.067027 0.092206 0.467088 255 0 0
0.035519 0.090224 0.421010 255 0 0
0.031599 0.091508 0.426704 255 0 0
0.033361 0.070120 0.424057 255 0 0
0.029441 0.071405 0.429752 255 0 0
0.023097 0.074628 0.420318 255 0 0
0.024431 0.087052 0.418434 255 0 0
0.040529 0.074576 0.432327 255 0 0
0.041863 0.087001 0.430444 255 0 0
0.034696 0.081837 0.433699 255 0 0
0.023923 0.081869 0.426276 255 0 0
0.041038 0.079760 0.424485 255 0 0
0.030265 0.079791 0.417062 255 0 0
0.032964 0.085744 0.417922 255 0 0
0.026447 0.083880 0.416408 255 0 0
0.029536 0.090012 0.418728 255 0 0
0.027232 0.090767 0.422076 255 0 0
0.033749 0.092631 0.423589 255 0 0
0.037477 0.090736 0.429134 255 0 0
0.039781 0.089982 0.425787 255 0 0
0.043025 0.083831 0.427830 255 0 0
0.039296 0.085725 0.422285 255 0 0
0.036208 0.079593 0.419965 255 0 0
0.022719 0.085101 0.421824 255 0 0
0.026932 0.087720 0.426685 255 0 0
0.025663 0.076576 0.417515 255 0 0
0.022234 0.080844 0.418322 255 0 0
0.038028 0.073909 0.424076 255 0 0
0.031695 0.073927 0.419713 255 0 0
0.042726 0.080784 0.432439 255 0 0
0.042241 0.076528 0.428937 255 0 0
0.033265 0.087701 0.431048 255 0 0
0.039297 0.085052 0.433246 255 0 0
0.025664 0.075903 0.428476 255 0 0
0.021935 0.077798 0.422931 255 0 0
0.025179 0.071647 0.424974 255 0 0
0.027483 0.070892 0.421627 255 0 0
0.031211 0.068998 0.427172 255 0 0
0.037728 0.070862 0.428685 255 0 0
0.035425 0.071617 0.432033 255 0 0
0.038513 0.077749 0.434353 255 0 0
0.031996 0.075885 0.432839 255 0 0
0.028752 0.082035 0.430796 255 0 0
-0.025838 0.084672 0.407003 255 0 0
-0.030561 0.086096 0.413666 255 0 0
-0.025922 0.061815 0.411828 255 0 0
-0.030645 0.063239 0.418491 255 0 0
-0.034725 0.065990 0.409854 255 0 0
-0.034673 0.080117 0.406871 255 0 0
-0.021810 0.067794 0.418622 255 0 0
-0.021758 0.081920 0.415640 255 0 0
-0.028072 0.075665 0.420847 255 0 0
-0.036054 0.074550 0.415428 255 0 0
-0.020430 0.073361 0.410066 255 0 0
-0.028412 0.072246 0.404647 255 0 0
-0.026929 0.079249 0.404609 255 0 0
-0.032122 0.076572 0.404532 255 0 0
-0.030609 0.083876 0.405917 255 0 0
-0.033385 0.084713 0.409834 255 0 0
-0.028192 0.087390 0.409911 255 0 0
-0.025794 0.085773 0.414988 255 0 0
-0.023018 0.084936 0.411071 255 0 0
-0.019839 0.078287 0.412872 255 0 0
-0.022237 0.079905 0.407795 255 0 0
-0.023750 0.072601 0.406410 255 0 0
-0.036614 0.077926 0.410869 255 0 0
-0.034197 0.081441 0.414863 255 0 0
-0.032153 0.068269 0.406285 255 0 0
-0.035833 0.072895 0.407593 255 0 0
-0.022287 0.066470 0.410631 255 0 0
-0.026979 0.065815 0.407446 255 0 0
-0.020650 0.075015 0.417901 255 0 0
-0.019870 0.069984 0.414625 255 0 0
-0.029505 0.082096 0.418048 255 0 0
-0.024331 0.079642 0.419209 255 0 0
-0.034246 0.068006 0.417699 255 0 0
-0.036644 0.069623 0.412622 255 0 0
-0.033465 0.062975 0.414423 255 0 0
-0.030689 0.062138 0.410506 255 0 0
-0.028291 0.060520 0.415583 255 0 0
-0.023098 0.063198 0.415660 255 0 0
-0.025874 0.064035 0.419577 255 0 0
-0.024361 0.071338 0.420962 255 0 0
-0.029554 0.068661 0.420884 255 0 0
-0.032733 0.075309 0.419084 255 0 0
-0.017064 0.084845 0.406804 255 0 0
-0.021564 0.086265 0.413229 255 0 0
-0.017631 0.062304 0.411390 255 0 0
-0.022131 0.063724 0.417815 255 0 0
-0.026617 0.066551 0.409103 255 0 0
-0.026267 0.080482 0.406269 255 0 0
-0.012929 0.068087 0.418350 255 0 0
-0.012578 0.082019 0.415516 255 0 0
-0.019008 0.075909 0.420365 255 0 0
-0.027468 0.074959 0.414650 255 0 0
-0.011727 0.073610 0.409969 255 0 0
-0.020187 0.072661 0.404254 255 0 0
-0.018455 0.079537 0.404338 255 0 0
-0.023864 0.076973 0.404024 255 0 0
-0.022028 0.084134 0.405523 255 0 0
-0.024673 0.084969 0.409299 255 0 0
-0.019264 0.087534 0.409614 255 0 0
-0.016627 0.085873 0.414735 255 0 0
-0.013982 0.085038 0.410958 255 0 0
-0.010845 0.078434 0.412819 255 0 0
-0.013482 0.080095 0.407698 255 0 0
-0.015318 0.072934 0.406199 255 0 0
-0.028144 0.078324 0.410134 255 0 0
-0.025380 0.081723 0.414226 255 0 0
-0.024070 0.068784 0.405690 255 0 0
-0.027644 0.073381 0.406874 255 0 0
-0.013815 0.066846 0.410393 255 0 0
-0.018788 0.066288 0.407034 255 0 0
-0.011552 0.075188 0.417745 255 0 0
-0.011051 0.070246 0.414484 255 0 0
-0.020407 0.082281 0.417585 255 0 0
-0.015125 0.079785 0.418929 255 0 0
-0.025713 0.068474 0.416921 255 0 0
-0.028350 0.070135 0.411800 255 0 0
-0.025213 0.063532 0.413661 255 0 0
-0.022568 0.062697 0.409884 255 0 0
-0.019931 0.061035 0.415005 255 0 0
-0.014522 0.063600 0.415320 255 0 0
-0.017167 0.064435 0.419096 255 0 0
-0.015331 0.071597 0.420595 255 0 0
-0.020740 0.069032 0.420281 255 0 0
-0.023877 0.075636 0.418420 255 0 0
-0.002664 0.086712 0.409971 255 0 0
-0.006767 0.088027 0.416009 255 0 0
-0.004542 0.065541 0.413305 255 0 0
-0.008645 0.066856 0.419343 255 0 0
-0.014135 0.070102 0.410349 255 0 0
-0.012974 0.083187 0.408289 255 0 0
0.001665 0.070381 0.421025 255 0 0
0.002826 0.083466 0.418965 255 0 0
-0.004091 0.077934 0.422841 255 0 0
-0.013856 0.077761 0.416243 255 0 0
0.002548 0.075807 0.413071 255 0 0
-0.007217 0.075634 0.406473 255 0 0
-0.004815 0.081944 0.407092 255 0 0
-0.010875 0.079872 0.406104 255 0 0
-0.008199 0.086383 0.408160 255 0 0
-0.010610 0.087156 0.411709 255 0 0
-0.004550 0.089228 0.412698 255 0 0
-0.001323 0.087320 0.417984 255 0 0
0.001088 0.086547 0.414435 255 0 0
0.004151 0.080137 0.416257 255 0 0
0.000925 0.082045 0.410971 255 0 0
-0.001752 0.075534 0.408914 255 0 0
-0.014777 0.081122 0.411847 255 0 0
-0.011129 0.083967 0.416384 255 0 0
-0.011558 0.072181 0.407315 255 0 0
-0.014941 0.076620 0.408382 255 0 0
-0.000179 0.069601 0.412930 255 0 0
-0.005919 0.069500 0.409052 255 0 0
0.003633 0.076948 0.420932 255 0 0
0.003469 0.072446 0.417468 255 0 0
-0.005389 0.084068 0.420262 255 0 0
0.000249 0.081387 0.421999 255 0 0
-0.012233 0.071523 0.418344 255 0 0
-0.015460 0.073431 0.413057 255 0 0
-0.012397 0.067021 0.414879 255 0 0
-0.009985 0.066248 0.411330 255 0 0
-0.006758 0.064340 0.416616 255 0 0
-0.000698 0.066412 0.417605 255 0 0
-0.003110 0.067185 0.421154 255 0 0
-0.000433 0.073697 0.423210 255 0 0
-0.006493 0.071624 0.422222 255 0 0
-0.009556 0.078034 0.420400 255 0 0
-0.060101 0.085519 0.410763 255 0 0
-0.069519 0.087129 0.417274 255 0 0
-0.060307 0.064139 0.415752 255 0 0
-0.069725 0.065749 0.422263 255 0 0
-0.068454 0.067949 0.413292 255 0 0
-0.068326 0.081163 0.410209 255 0 0
-0.061500 0.070105 0.422817 255 0 0
-0.061373 0.083318 0.419733 255 0 0
-0.070384 0.077603 0.424724 255 0 0
-0.074681 0.076270 0.418837 255 0 0
-0.055145 0.074997 0.414188 255 0 0
-0.059442 0.073665 0.408302 255 0 0
-0.058869 0.080287 0.408306 255 0 0
-0.063703 0.077726 0.407981 255 0 0
-0.064091 0.084694 0.409427 255 0 0
-0.069627 0.085640 0.413255 255 0 0
-0.064792 0.088201 0.413580 255 0 0
-0.065539 0.086907 0.418853 255 0 0
-0.060003 0.085961 0.415026 255 0 0
-0.057090 0.079776 0.417039 255 0 0
-0.056343 0.081070 0.411767 255 0 0
-0.055956 0.074102 0.410320 255 0 0
-0.072661 0.079258 0.414174 255 0 0
-0.073362 0.082765 0.418326 255 0 0
-0.063778 0.069960 0.409793 255 0 0
-0.069000 0.074367 0.410914 255 0 0
-0.056464 0.068503 0.414699 255 0 0
-0.058990 0.067720 0.411239 255 0 0
-0.060826 0.076901 0.422111 255 0 0
-0.057165 0.072010 0.418852 255 0 0
-0.070836 0.083548 0.421786 255 0 0
-0.066048 0.081308 0.423232 255 0 0
-0.073483 0.070198 0.421259 255 0 0
-0.072736 0.071491 0.415986 255 0 0
-0.069823 0.065307 0.418000 255 0 0
-0.064287 0.064360 0.414172 255 0 0
-0.065034 0.063067 0.419445 255 0 0
-0.060200 0.065627 0.419771 255 0 0
-0.065736 0.066574 0.423598 255 0 0
-0.066123 0.073541 0.425045 255 0 0
-0.070957 0.070981 0.424719 255 0 0
-0.073871 0.077165 0.422705 255 0 0
-0.053770 0.053946 0.416573 255 0 0
-0.062445 0.054191 0.423347 255 0 0
-0.053773 0.031395 0.417381 255 0 0
-0.062448 0.031640 0.424155 255 0 0
-0.061882 0.035652 0.415790 255 0 0
-0.061879 0.049589 0.415291 255 0 0
-0.054338 0.035997 0.425437 255 0 0
-0.054336 0.049934 0.424938 255 0 0
-0.062796 0.043097 0.428825 255 0 0
-0.067458 0.042884 0.422863 255 0 0
-0.048760 0.042702 0.417865 255 0 0
-0.053422 0.042489 0.411903 255 0 0
-0.052803 0.049170 0.413162 255 0 0
-0.057570 0.046609 0.412409 255 0 0
-0.057775 0.053344 0.415154 255 0 0
-0.062874 0.053487 0.419135 255 0 0
-0.058107 0.056048 0.419889 255 0 0
-0.058440 0.053690 0.424806 255 0 0
-0.053341 0.053546 0.420824 255 0 0
-0.050396 0.046937 0.421583 255 0 0
-0.050063 0.049295 0.416667 255 0 0
-0.049859 0.042561 0.413921 255 0 0
-0.065820 0.046841 0.418851 255 0 0
-0.066152 0.049546 0.423586 255 0 0
-0.057571 0.038417 0.412702 255 0 0
-0.062543 0.042590 0.414694 255 0 0
-0.050065 0.036040 0.417142 255 0 0
-0.052805 0.035915 0.413637 255 0 0
-0.053675 0.042996 0.426034 255 0 0
-0.050398 0.038745 0.421877 255 0 0
-0.063412 0.049671 0.427091 255 0 0
-0.058646 0.047169 0.428026 255 0 0
-0.066155 0.036291 0.424061 255 0 0
-0.065822 0.038649 0.419145 255 0 0
-0.062877 0.032040 0.419904 255 0 0
-0.057778 0.031896 0.415922 255 0 0
-0.058111 0.029538 0.420839 255 0 0
-0.053344 0.032099 0.421593 255 0 0
-0.058443 0.032242 0.425574 255 0 0
-0.058648 0.038977 0.428319 255 0 0
-0.063414 0.036416 0.427566 255 0 0
-0.066359 0.043025 0.426807 255 0 0
-0.069034 -0.063414 0.405098 255 0 0
-0.078493 -0.064450 0.411677 255 0 0
-0.069730 -0.084994 0.400699 255 0 0
-0.079189 -0.086030 0.407278 255 0 0
-0.077758 -0.080309 0.400065 255 0 0
-0.077328 -0.066972 0.402784 255 0 0
-0.070895 -0.082472 0.409592 255 0 0
-0.070465 -0.069135 0.412311 255 0 0
-0.079643 -0.076228 0.414454 255 0 0
-0.083885 -0.074891 0.408566 255 0 0
-0.064338 -0.074552 0.403810 255 0 0
-0.068580 -0.073215 0.397922 255 0 0
-0.067875 -0.067190 0.400689 255 0 0
-0.072750 -0.069281 0.399328 255 0 0
-0.073017 -0.063520 0.403547 255 0 0
-0.078577 -0.064129 0.407413 255 0 0
-0.073702 -0.062037 0.408774 255 0 0
-0.074544 -0.065400 0.413013 255 0 0
-0.068984 -0.064791 0.409146 255 0 0
-0.066224 -0.071338 0.408389 255 0 0
-0.065382 -0.067976 0.404150 255 0 0
-0.065115 -0.073737 0.399931 255 0 0
-0.081747 -0.070266 0.405585 255 0 0
-0.082432 -0.068784 0.410812 255 0 0
-0.073003 -0.077120 0.397730 255 0 0
-0.078145 -0.073450 0.400588 255 0 0
-0.065791 -0.080660 0.401564 255 0 0
-0.068285 -0.079874 0.398103 255 0 0
-0.070078 -0.075993 0.411788 255 0 0
-0.066476 -0.079178 0.406791 255 0 0
-0.079938 -0.069570 0.414273 255 0 0
-0.075220 -0.072323 0.414646 255 0 0
-0.082841 -0.081468 0.408227 255 0 0
-0.081999 -0.078106 0.403987 255 0 0
-0.079239 -0.084653 0.403230 255 0 0
-0.073679 -0.084044 0.399363 255 0 0
-0.074521 -0.087407 0.403603 255 0 0
-0.069646 -0.085315 0.404963 255 0 0
-0.075206 -0.085924 0.408830 255 0 0
-0.075473 -0.080163 0.413048 255 0 0
-0.080348 -0.082254 0.411688 255 0 0
-0.083108 -0.075707 0.412445 255 0 0
-0.030263 0.084779 0.407530 255 0 0
-0.035059 0.086173 0.414247 255 0 0
-0.030362 0.061958 0.412194 255 0 0
-0.035158 0.063352 0.418912 255 0 0
-0.039137 0.066145 0.410276 255 0 0
-0.039076 0.080249 0.407393 255 0 0
-0.026345 0.067882 0.419048 255 0 0
-0.026284 0.081987 0.416166 255 0 0
-0.032638 0.075731 0.421366 255 0 0
-0.040544 0.074657 0.415945 255 0 0
-0.024877 0.073475 0.410497 255 0 0
-0.032783 0.072401 0.405075 255 0 0
-0.031315 0.079385 0.405088 255 0 0
-0.036495 0.076722 0.405008 255 0 0
-0.035013 0.083998 0.406450 255 0 0
-0.037832 0.084817 0.410399 255 0 0
-0.032652 0.087480 0.410479 255 0 0
-0.030313 0.085838 0.415555 255 0 0
-0.027494 0.085019 0.411606 255 0 0
-0.024329 0.078374 0.413351 255 0 0
-0.026668 0.080016 0.408274 255 0 0
-0.028149 0.072740 0.406832 255 0 0
-0.041056 0.078048 0.411397 255 0 0
-0.038695 0.081530 0.415425 255 0 0
-0.036531 0.068432 0.406702 255 0 0
-0.040229 0.073045 0.408065 255 0 0
-0.026726 0.066602 0.411016 255 0 0
-0.031373 0.065971 0.407830 255 0 0
-0.025191 0.075087 0.418377 255 0 0
-0.024365 0.070084 0.415045 255 0 0
-0.034048 0.082161 0.418612 255 0 0
-0.028890 0.079700 0.419740 255 0 0
-0.038753 0.068116 0.418167 255 0 0
-0.041092 0.069757 0.413091 255 0 0
-0.037927 0.063113 0.414835 255 0 0
-0.035108 0.062293 0.410887 255 0 0
-0.032769 0.060652 0.415963 255 0 0
-0.027589 0.063315 0.416043 255 0 0
-0.030408 0.064134 0.419991 255 0 0
-0.028926 0.071410 0.421434 255 0 0
-0.034106 0.068747 0.421354 255 0 0
-0.037272 0.075392 0.419610 255 0 0
3 614 615 617
3 617 615 616
3 619 620 618
3 618 620 621
3 631 632 630
3 630 632 633
3 618 621 646
3 646 621 647
3 600 652 601
3 601 652 653
3 655 656 654
3 654 656 657
3 659 660 658
3 658 660 661
3 663 664 662
3 662 664 665
3 632 631 676
3 676 631 677
3 662 665 678
3 678 665 679
3 689 660 688
3 688 660 690
3 692 685 691
3 691 685 684
3 670 689 671
3 671 689 688
3 678 705 662
3 662 705 657
3 721 633 720
3 720 633 632
3 722 724 725
3 766 767 765
3 765 767 768
3 794 795 725
3 725 795 722
3 797 798 796
3 796 798 799
3 720 632 800
3 800 632 676
3 796 799 801
3 801 799 802
3 830 831 676
3 676 831 800
3 844 845 802
3 802 845 801
3 846 830 677
3 677 830 676
3 856 857 855
3 855 857 679
3 859 860 858
3 858 860 861
3 845 886 801
3 801 886 887
3 889 890 888
3 888 890 887
3 892 893 891
3 891 893 894
3 916 917 861
3 861 917 858
3 918 919 855
3 855 919 920
3 922 923 921
3 921 923 924
3 925 926 924
3 924 926 921
3 928 929 927
3 927 929 692
3 939 846 938
3 938 846 677
3 631 654 677
3 677 654 938
3 940 941 618
3 618 941 619
3 1188 1189 797
3 797 1189 798
3 1191 1192 1190
3 1190 1192 1193
3 927 1200 1202
3 1202 1200 1201
3 860 1203 861
3 861 1203 920
3 1211 768 1212
3 1212 768 767
3 1249 1250 1248
3 1248 1250 1251
3 831 844 800
3 800 844 802
3 799 720 802
3 802 720 800
3 720 799 721
3 721 799 798
3 1265 1266 1264
3 1264 1266 1267
3 1269 794 1268
3 1268 794 725
3 1323 1324 630
3 630 1324 655
3 1326 1327 1325
3 1325 1327 1328
3 1330 1201 1329
3 1329 1201 1200
3 1333 1334 1332
3 1332 1334 1335
3 1336 1337 917
3 917 1337 858
3 1344 1345 918
3 918 1345 919
3 692 1348 927
3 927 1348 1200
3 652 929 653
3 653 929 661
3 1426 615 658
3 658 615 659
3 1420 671 1191
3 1191 671 688
3 1268 647 621
3 620 1269 621
3 621 1269 1268
3 1448 1449 678
3 678 1449 705
3 630 655 631
3 631 655 654
3 1481 1482 663
3 663 1482 664
3 1484 1485 1483
3 1483 1485 1486
3 1488 1489 1487
3 1487 1489 1490
3 1491 1492 721
3 721 1492 633
3 1494 1495 1493
3 1493 1495 1496
3 917 916 1335
3 1335 916 1332
3 646 1756 618
3 618 1756 940
3 1758 1192 1757
3 1757 1192 690
3 1336 917 1767
3 1767 917 1335
3 1768 1769 1337
3 1337 1769 858
3 1333 2823 922
3 922 2823 923
3 2825 1267 2824
3 2824 1267 1266
3 768 1211 2826
3 2826 1211 2827
3 1491 1189 1265
3 1265 1189 1266
3 1487 2828 1488
3 1488 2828 2829
3 921 1328 922
3 922 1328 1327
3 1483 2830 1484
3 1484 2830 2831
3 1481 2832 1484
3 1484 2832 1485
3 1323 1492 1488
3 1488 1492 1489
3 1264 1490 1265
3 1265 1490 1489
3 2834 2835 2833
3 2833 2835 2836
3 1249 2837 2826
3 2826 2837 2838
3 1487 1490 2839
3 2839 1490 2840
3 1267 2825 2841
3 2841 2825 2842
3 2843 2844 1494
3 1494 2844 1495
3 1426 2846 2845
3 2845 2846 925
3 2828 1487 2847
3 2847 1487 2839
3 1328 921 2848
3 2848 921 926
3 2849 2850 767
3 767 2850 1212
3 1264 1267 2851
3 2851 1267 2841
3 1490 1264 2840
3 2840 1264 2851
3 2871 1348 691
3 691 1348 692
3 2839 2840 619
3 619 2840 620
3 2841 2842 794
3 794 2842 795
3 891 894 2843
3 2843 894 2844
3 2847 2839 941
3 941 2839 619
3 2848 926 1201
3 1201 926 1202
3 2851 2841 1269
3 1269 2841 794
3 2840 2851 620
3 620 2851 1269
3 940 1758 941
3 941 1758 2883
3 658 928 1426
3 1426 928 2846
3 795 894 722
3 722 894 893
3 2842 2844 795
3 795 2844 894
3 2825 1495 2842
3 2842 1495 2844
3 2824 1496 2825
3 2825 1496 1495
3 1188 2835 2824
3 2824 2835 1496
3 796 890 797
3 797 890 2836
3 801 887 796
3 796 887 890
3 2915 2916 830
3 830 2916 831
3 2919 2915 846
3 846 2915 830
3 2920 2921 856
3 856 2921 857
3 859 2923 860
3 845 2911 886
3 2924 2919 939
3 939 2919 846
3 2923 2925 860
3 860 2925 1203
3 2916 2917 831
3 831 2917 844
3 2926 2927 1448
3 1448 2927 1449
3 2928 2929 888
3 888 2929 2930
3 646 647 645
3 645 647 642
3 3017 766 3016
3 3016 766 765
3 3018 3019 1248
3 1248 3019 3020
3 2914 2913 3018
3 3018 2913 3019
3 3022 2913 3021
3 2826 2838 768
3 768 2838 765
3 3024 2837 3023
3 3023 2837 3020
3 767 766 2849
3 2849 766 3025
3 2871 3077 1348
3 1348 3077 3079
3 1329 1200 3079
3 3079 1200 1348
3 2914 2930 1779
3 1779 2930 2929
3 3018 3124 2914
3 2914 3124 2930
3 889 3124 2833
3 2833 3124 1251
3 3124 3018 1251
3 1251 3018 1248
3 1792 3100 2917
3 1795 1793 2919
3 2919 1793 2915
3 3154 1795 2924
3 2924 1795 2919
3 2916 1792 2917
3 2926 3157 2927
3 2824 1266 1188
3 1188 1266 1189
3 2826 2827 1249
3 1249 2827 1250
3 1488 2829 1323
3 1323 2829 1324
3 922 1327 1333
3 1333 1327 1334
3 1484 2831 1481
3 1481 2831 1482
3 1265 1489 1491
3 1491 1489 1492
3 1332 1345 1333
3 1333 1345 2823
3 721 798 1491
3 1491 798 1189
3 663 656 1481
3 1481 656 2832
3 630 633 1323
3 1323 633 1492
3 2827 1493 1250
3 1250 1493 2834
3 1248 3020 1249
3 1249 3020 2837
3 797 2836 1188
3 1188 2836 2835
3 2837 3024 2838
3 2838 3024 3173
3 918 665 1344
3 1344 665 664
3 855 679 918
3 918 679 665
3 678 679 1448
3 1448 679 857
3 1344 664 3476
3 3476 664 1482
3 3478 2831 3477
3 3477 2831 2830
3 1448 857 2926
3 2926 857 2921
3 3476 1482 3478
3 3478 1482 2831
3 662 657 663
3 663 657 656
3 654 657 938
3 938 657 705
3 938 705 939
3 939 705 1449
3 2828 1486 2829
3 2829 1486 1485
3 2829 1485 1324
3 1324 1485 2832
3 939 1449 2924
3 2924 1449 2927
3 2924 2927 3154
3 3154 2927 3157
3 1324 2832 655
3 655 2832 656
3 2883 614 3480
3 3480 614 617
3 3477 2830 2845
3 2845 2830 616
3 2830 1483 616
3 616 1483 617
3 1483 1486 617
3 617 1486 3480
3 2847 3480 2828
3 2828 3480 1486
3 3124 889 2930
3 2930 889 888
3 2850 892 891
3 1211 1494 2827
3 2827 1494 1493
3 1250 2834 1251
3 1251 2834 2833
3 1212 2843 1211
3 1211 2843 1494
3 2850 891 1212
3 1212 891 2843
3 886 2928 887
3 887 2928 888
3 890 889 2836
3 2836 889 2833
3 2835 2834 1496
3 1496 2834 1493
3 600 685 652
3 861 920 916
3 916 920 919
3 3477 924 3478
3 3478 924 923
3 2845 925 3477
3 3477 925 924
3 658 661 928
3 928 661 929
3 855 920 856
3 856 920 1203
3 916 919 1332
3 1332 919 1345
3 685 692 652
3 652 692 929
3 3478 923 3476
3 3476 923 2823
3 926 925 1202
3 1202 925 2846
3 928 927 2846
3 2846 927 1202
3 856 1203 2920
3 2920 1203 2925
3 3476 2823 1344
3 1344 2823 1345
3 1757 690 659
3 659 690 660
3 653 661 689
3 689 661 660
3 601 653 670
3 670 653 689
3 688 690 1191
3 1191 690 1192
3 1757 659 614
3 614 659 615
3 1191 1190 1420
3 940 1193 1758
3 1758 1193 1192
3 614 2883 1757
3 1757 2883 1758
3 3480 2847 2883
3 2883 2847 941
3 2845 616 1426
3 1426 616 615
3 1336 1767 3500
3 3500 1767 3501
3 3019 3502 3020
3 3020 3502 3023
3 2913 3022 3019
3 3019 3022 3502
3 858 1769 859
3 859 1769 3503
3 1335 3504 1767
3 1767 3504 3501
3 2838 3173 765
3 765 3173 3016
3 1336 3500 1337
3 1337 3500 1768
3 766 3017 3025
3 3025 3017 3505
3 1334 1327 3509
3 3509 1327 1326
3 1335 1334 3504
3 3504 1334 3509
3 2848 3511 1328
3 1328 3511 1325
3 1201 1330 2848
3 2848 1330 3511
3 4086 4087 4089
3 4089 4087 4088
3 4102 4103 4105
3 4105 4103 4104
3 4107 4108 4106
3 4106 4108 4109
3 4119 4120 4118
3 4118 4120 4121
3 4135 4107 4134
3 4134 4107 4106
3 4140 4141 4087
3 4087 4141 4088
3 4143 4144 4142
3 4142 4144 4145
3 4147 4148 4146
3 4146 4148 4149
3 4151 4152 4150
3 4150 4152 4153
3 4156 4157 4159
3 4159 4157 4158
3 4165 4121 4164
3 4164 4121 4120
3 4167 4151 4166
3 4166 4151 4150
3 4177 4148 4176
3 4176 4148 4178
3 4179 4175 4180
3 4176 4178 4157
3 4157 4178 4158
3 4143 4193 4150
3 4150 4193 4166
3 4120 4119 4208
3 4208 4119 4209
3 4211 4212 4210
3 4210 4212 4213
3 4254 4255 4253
3 4253 4255 4256
3 4210 4282 4211
3 4211 4282 4283
3 4285 4286 4284
3 4284 4286 4287
3 4164 4120 4288
3 4288 4120 4208
3 4290 4285 4289
3 4289 4285 4284
3 4288 4316 4164
3 4164 4316 4317
3 4289 4330 4290
3 4290 4330 4331
3 4164 4317 4165
3 4165 4317 4332
3 4167 4342 4341
3 4341 4342 4343
3 4345 4346 4344
3 4344 4346 4347
3 4330 4289 4373
3 4373 4289 4372
3 4372 4375 4374
3 4374 4375 4376
3 4378 4379 4377
3 4377 4379 4380
3 4344 4402 4345
3 4345 4402 4403
3 4404 4405 4341
3 4341 4405 4406
3 4408 4409 4407
3 4407 4409 4410
3 4407 4411 4408
3 4408 4411 4412
3 4180 4414 4413
3 4413 4414 4415
3 4165 4332 4424
3 4424 4332 4425
3 4424 4142 4165
3 4165 4142 4121
3 4426 4106 4427
3 4427 4106 4109
3 4286 4674 4287
3 4287 4674 4675
3 4677 4678 4676
3 4676 4678 4679
3 4680 4677 4681
3 4681 4677 4676
3 4681 4682 4680
3 4680 4682 4683
3 4413 4686 4688
3 4688 4686 4687
3 4404 4689 4345
3 4345 4689 4346
3 4694 4695 4254
3 4254 4695 4255
3 4732 4733 4731
3 4731 4733 4734
3 4290 4331 4288
3 4288 4331 4316
3 4288 4208 4290
3 4290 4208 4285
3 4286 4285 4209
3 4209 4285 4208
3 4748 4749 4747
3 4747 4749 4750
3 4211 4283 4751
3 4751 4283 4752
3 4751 4753 4211
3 4211 4753 4212
3 4145 4803 4118
3 4118 4803 4804
3 4805 4806 1325
3 1325 4806 1326
3 4688 4687 1329
3 1329 4687 1330
3 4809 4810 4808
3 4808 4810 4811
3 4812 4402 4813
3 4813 4402 4344
3 4405 4820 4406
3 4406 4820 4821
3 4180 4413 4824
3 4824 4413 4688
3 4141 4140 4414
3 4414 4140 4147
3 4157 4156 4893
3 4149 4105 4146
3 4146 4105 4899
3 4897 4681 4676
3 4176 4157 4679
3 4679 4157 4893
3 4107 4135 4751
3 4751 4135 4753
3 4751 4752 4107
3 4107 4752 4108
3 4193 4921 4166
3 4166 4921 4922
3 4142 4145 4121
3 4121 4145 4118
3 4152 4953 4153
3 4153 4953 4954
3 4956 4957 4955
3 4955 4957 4958
3 4960 4961 4959
3 4959 4961 4962
3 4119 4963 4209
3 4209 4963 4964
3 4966 4967 4965
3 4965 4967 4968
3 4808 4403 4809
3 4809 4403 4402
3 4426 5223 4106
3 4106 5223 4134
3 4177 4678 5224
3 5224 4678 5225
3 5223 4426 4680
3 4680 4426 4677
3 4809 4402 5234
3 5234 4402 4812
3 4344 1769 4813
3 4813 1769 1768
3 4409 6284 4410
3 4410 6284 4811
3 4749 4748 6285
3 6285 4748 6286
3 6288 4694 6287
3 6287 4694 4254
3 4749 4674 4750
3 4750 4674 4964
3 6289 6290 4962
3 4962 6290 4959
3 4806 4805 4410
3 4410 4805 4407
3 6291 6292 4958
3 4958 6292 4955
3 4957 6293 4958
3 4958 6293 4954
3 4961 4963 4962
3 4962 4963 4804
3 4961 4960 4750
3 4750 4960 4747
3 6295 6296 6294
3 6294 6296 6297
3 6298 6299 6287
3 6287 6299 4734
3 6301 4960 6300
3 6300 4960 4959
3 6303 6286 6302
3 6302 6286 4748
3 4967 6304 4968
3 4968 6304 6305
3 4412 6307 6306
3 6306 6307 4899
3 6300 4959 6308
3 6308 4959 6290
3 4411 4407 6309
3 6309 4407 4805
3 4695 6310 4255
3 4255 6310 6311
3 6302 4748 6312
3 6312 4748 4747
3 6312 4747 6301
3 6301 4747 4960
3 4180 4824 4179
3 4179 4824 6331
3 4108 6301 4109
3 4109 6301 6300
3 4282 6303 4283
3 4283 6303 6302
3 6304 4378 6305
3 6305 4378 4377
3 4109 6300 4427
3 4427 6300 6308
3 6309 4687 4411
3 4411 4687 4686
3 4283 6302 4752
3 4752 6302 6312
3 4752 6312 4108
3 4108 6312 6301
3 6342 5225 4427
3 4427 5225 4426
3 4146 4899 4415
3 4415 4899 6307
3 4379 4378 4210
3 4210 4378 4282
3 4378 6304 4282
3 4282 6304 6303
3 6304 4967 6303
3 6303 4967 6286
3 4967 4966 6286
3 6286 4966 6285
3 4966 6296 6285
3 6285 6296 4675
3 6295 4375 4287
3 4287 4375 4284
3 4375 4372 4284
3 4284 4372 4289
3 5244 6372 5245
3 5245 6372 6373
3 4316 6374 4317
3 4317 6374 6375
3 4330 6376 4331
3 4331 6376 6377
3 6378 4332 6375
3 6375 4332 4317
3 4342 6379 4343
3 4343 6379 6380
3 4346 6381 4347
3 4373 6370 4330
3 4330 6370 6376
3 4332 6378 4425
3 4425 6378 6383
3 4331 6377 4316
3 4316 6377 6374
3 4921 6385 4922
3 4922 6385 6386
3 6387 6388 4374
3 4374 6388 6389
3 4895 5223 4683
3 4683 5223 4680
3 4131 4134 4895
3 4895 4134 5223
3 4130 4135 4131
3 4131 4135 4134
3 4225 4753 4130
3 4130 4753 4135
3 4250 4212 4225
3 4225 4212 4753
3 4250 4213 4212
3 4253 4256 3016
3 3016 4256 3017
3 6472 6473 4731
3 4731 6473 6474
3 6473 6373 6474
3 6474 6373 6372
3 5245 6373 3021
3 3021 6373 3022
3 4253 6298 4254
3 4254 6298 6287
3 6472 6299 3023
3 3023 6299 3024
3 6475 4256 6311
3 6311 4256 4255
3 6331 4824 3077
3 3077 4824 3079
3 4824 4688 3079
3 3079 4688 1329
3 6388 6387 5244
3 5244 6387 6372
3 6387 6545 6372
3 6372 6545 6474
3 4732 6545 6294
3 6294 6545 4376
3 4731 6474 4732
3 4732 6474 6545
3 6374 5253 6375
3 6375 5253 5257
3 6376 6524 6377
3 5259 6378 5257
3 5257 6378 6375
3 6376 6370 6524
3 6378 5259 6383
3 6385 6572 6386
3 4674 4749 4675
3 4675 4749 6285
3 4733 6288 4734
3 4734 6288 6287
3 4803 6289 4804
3 4804 6289 4962
3 4810 4806 4811
3 4811 4806 4410
3 4953 6291 4954
3 4954 6291 4958
3 4963 4961 4964
3 4964 4961 4750
3 6284 4820 4811
3 4811 4820 4808
3 4674 4286 4964
3 4964 4286 4209
3 6293 4144 4954
3 4954 4144 4153
3 4963 4119 4804
3 4804 4119 4118
3 6297 4965 4733
3 4733 4965 6288
3 6299 6472 4734
3 4734 6472 4731
3 6296 6295 4675
3 4675 6295 4287
3 3173 3024 6298
3 6298 3024 6299
3 4152 4151 4821
3 4821 4151 4406
3 4151 4167 4406
3 4406 4167 4341
3 4342 4167 4922
3 4922 4167 4166
3 4953 4152 6874
3 6874 4152 4821
3 6292 6291 6875
3 6875 6291 6876
3 6379 4342 6386
3 6386 4342 4922
3 6291 4953 6876
3 6876 4953 6874
3 4144 4143 4153
3 4153 4143 4150
3 4193 4143 4424
3 4424 4143 4142
3 4921 4193 4425
3 4425 4193 4424
3 4957 4956 6289
3 6289 4956 6290
3 6293 4957 4803
3 4803 4957 6289
3 6385 4921 6383
3 6383 4921 4425
3 4144 6293 4145
3 4145 6293 4803
3 4103 4102 6878
3 6878 4102 6342
3 4104 6292 6306
3 6306 6292 6875
3 4103 4955 4104
3 4104 4955 6292
3 4955 4103 4956
3 4956 4103 6878
3 4956 6878 6290
3 6290 6878 6308
3 4374 4376 6387
3 6387 4376 6545
3 4377 4380 6310
3 4380 4379 4736
3 4965 4968 6288
3 6288 4968 4694
3 6294 6297 4732
3 4732 6297 4733
3 4968 6305 4694
3 4694 6305 4695
3 6305 4377 4695
3 4695 4377 6310
3 4374 6389 4372
3 4372 6389 4373
3 6294 4376 6295
3 6295 4376 4375
3 4965 6297 4966
3 4966 6297 6296
3 4174 4089 4088
3 4174 4088 4175
3 4175 4088 4141
3 4405 4404 4403
3 4403 4404 4345
3 4409 4408 6876
3 6876 4408 6875
3 4408 4412 6875
3 6875 4412 6306
3 4414 4147 4415
3 4415 4147 4146
3 4689 4404 4343
3 4343 4404 4341
3 4820 4405 4808
3 4808 4405 4403
3 4175 4141 4180
3 4180 4141 4414
3 6284 4409 6874
3 6874 4409 6876
3 6307 4412 4686
3 4686 4412 4411
3 4415 6307 4413
3 4413 6307 4686
3 6380 4689 4343
3 4820 6284 4821
3 4821 6284 6874
3 4148 4177 4149
3 4149 4177 5224
3 4159 4158 4086
3 4086 4158 4087
3 4148 4147 4178
3 4178 4147 4140
3 4178 4140 4158
3 4158 4140 4087
3 4678 4177 4679
3 4679 4177 4176
3 4105 4149 4102
3 4102 4149 5224
3 4679 4893 4676
3 4676 4893 4897
3 4678 4677 5225
3 5225 4677 4426
3 5225 6342 5224
3 5224 6342 4102
3 6878 6342 6308
3 6308 6342 4427
3 4105 4104 4899
3 4899 4104 6306
3 3501 5234 3500
3 3500 5234 4812
3 3023 3502 6472
3 6472 3502 6473
3 3502 3022 6473
3 6473 3022 6373
3 3503 1769 4347
3 4347 1769 4344
3 3501 3504 5234
3 5234 3504 4809
3 6298 4253 3173
3 3173 4253 3016
3 1768 3500 4813
3 4813 3500 4812
3 3505 3017 6475
3 6475 3017 4256
3 1326 4806 3509
3 3509 4806 4810
3 3509 4810 3504
3 3504 4810 4809
3 1325 3511 4805
3 4805 3511 6309
3 3511 1330 6309
3 6309 1330 4687
3 6890 6902 6904
3 6901 6903 6902
3 6895 6904 6903
3 6902 6903 6904
3 6890 6904 6906
3 6895 6905 6904
3 6891 6906 6905
3 6904 6905 6906
3 6890 6906 6908
3 6891 6907 6906
3 6897 6908 6907
3 6906 6907 6908
3 6890 6908 6910
3 6897 6909 6908
3 6900 6910 6909
3 6908 6909 6910
3 6890 6910 6902
3 6900 6911 6910
3 6901 6902 6911
3 6910 6911 6902
3 6891 6905 6913
3 6895 6912 6905
3 6899 6913 6912
3 6905 6912 6913
3 6895 6903 6915
3 6901 6914 6903
3 6894 6915 6914
3 6903 6914 6915
3 6901 6911 6917
3 6900 6916 6911
3 6892 6917 6916
3 6911 6916 6917
3 6900 6909 6919
3 6897 6918 6909
3 6896 6919 6918
3 6909 6918 6919
3 6897 6907 6921
3 6891 6920 6907
3 6898 6921 6920
3 6907 6920 6921
3 6893 6922 6924
3 6899 6923 6922
3 6894 6924 6923
3 6922 6923 6924
3 6893 6924 6926
3 6894 6925 6924
3 6892 6926 6925
3 6924 6925 6926
3 6893 6926 6928
3 6892 6927 6926
3 6896 6928 6927
3 6926 6927 6928
3 6893 6928 6930
3 6896 6929 6928
3 6898 6930 6929
3 6928 6929 6930
3 6893 6930 6922
3 6898 6931 6930
3 6899 6922 6931
3 6930 6931 6922
3 6894 6923 6915
3 6899 6912 6923
3 6895 6915 6912
3 6923 6912 6915
3 6892 6925 6917
3 6894 6914 6925
3 6901 6917 6914
3 6925 6914 6917
3 6896 6927 6919
3 6892 6916 6927
3 6900 6919 6916
3 6927 6916 6919
3 6898 6929 6921
3 6896 6918 6929
3 6897 6921 6918
3 6929 6918 6921
3 6899 6931 6913
3 6898 6920 6931
3 6891 6913 6920
3 6931 6920 6913
3 6932 6944 6946
3 6943 6945 6944
3 6937 6946 6945
3 6944 6945 6946
3 6932 6946 6948
3 6937 6947 6946
3 6933 6948 6947
3 6946 6947 6948
3 6932 6948 6950
3 6933 6949 6948
3 6939 6950 6949
3 6948 6949 6950
3 6932 6950 6952
3 6939 6951 6950
3 6942 6952 6951
3 6950 6951 6952
3 6932 6952 6944
3 6942 6953 6952
3 6943 6944 6953
3 6952 6953 6944
3 6933 6947 6955
3 6937 6954 6947
3 6941 6955 6954
3 6947 6954 6955
3 6937 6945 6957
3 6943 6956 6945
3 6936 6957 6956
3 6945 6956 6957
3 6943 6953 6959
3 6942 6958 6953
3 6934 6959 6958
3 6953 6958 6959
3 6942 6951 6961
3 6939 6960 6951
3 6938 6961 6960
3 6951 6960 6961
3 6939 6949 6963
3 6933 6962 6949
3 6940 6963 6962
3 6949 6962 6963
3 6935 6964 6966
3 6941 6965 6964
3 6936 6966 6965
3 6964 6965 6966
3 6935 6966 6968
3 6936 6967 6966
3 6934 6968 6967
3 6966 6967 6968
3 6935 6968 6970
3 6934 6969 6968
3 6938 6970 6969
3 6968 6969 6970
3 6935 6970 6972
3 6938 6971 6970
3 6940 6972 6971
3 6970 6971 6972
3 6935 6972 6964
3 6940 6973 6972
3 6941 6964 6973
3 6972 6973 6964
3 6936 6965 6957
3 6941 6954 6965
3 6937 6957 6954
3 6965 6954 6957
3 6934 6967 6959
3 6936 6956 6967
3 6943 6959 6956
3 6967 6956 6959
3 6938 6969 6961
3 6934 6958 6969
3 6942 6961 6958
3 6969 6958 6961
3 6940 6971 6963
3 6938 6960 6971
3 6939 6963 6960
3 6971 6960 6963
3 6941 6973 6955
3 6940 6962 6973
3 6933 6955 6962
3 6973 6962 6955
3 6974 6986 6988
3 6985 6987 6986
3 6979 6988 6987
3 6986 6987 6988
3 6974 6988 6990
3 6979 6989 6988
3 6975 6990 6989
3 6988 6989 6990
3 6974 6990 6992
3 6975 6991 6990
3 6981 6992 6991
3 6990 6991 6992
3 6974 6992 6994
3 6981 6993 6992
3 6984 6994 6993
3 6992 6993 6994
3 6974 6994 6986
3 6984 6995 6994
3 6985 6986 6995
3 6994 6995 6986
3 6975 6989 6997
3 6979 6996 6989
3 6983 6997 6996
3 6989 6996 6997
3 6979 6987 6999
3 6985 6998 6987
3 6978 6999 6998
3 6987 6998 6999
3 6985 6995 7001
3 6984 7000 6995
3 6976 7001 7000
3 6995 7000 7001
3 6984 6993 7003
3 6981 7002 6993
3 6980 7003 7002
3 6993 7002 7003
3 6981 6991 7005
3 6975 7004 6991
3 6982 7005 7004
3 6991 7004 7005
3 6977 7006 7008
3 6983 7007 7006
3 6978 7008 7007
3 7006 7007 7008
3 6977 7008 7010
3 6978 7009 7008
3 6976 7010 7009
3 7008 7009 7010
3 6977 7010 7012
3 6976 7011 7010
3 6980 7012 7011
3 7010 7011 7012
3 6977 7012 7014
3 6980 7013 7012
3 6982 7014 7013
3 7012 7013 7014
3 6977 7014 7006
3 6982 7015 7014
3 6983 7006 7015
3 7014 7015 7006
3 6978 7007 6999
3 6983 6996 7007
3 6979 6999 6996
3 7007 6996 6999
3 6976 7009 7001
3 6978 6998 7009
3 6985 7001 6998
3 7009 6998 7001
3 6980 7011 7003
3 6976 7000 7011
3 6984 7003 7000
3 7011 7000 7003
3 6982 7013 7005
3 6980 7002 7013
3 6981 7005 7002
3 7013 7002 7005
3 6983 7015 6997
3 6982 7004 7015
3 6975 6997 7004
3 7015 7004 6997
3 7016 7028 7030
3 7027 7029 7028
3 7021 7030 7029
3 7028 7029 7030
3 7016 7030 7032
3 7021 7031 7030
3 7017 7032 7031
3 7030 7031 7032
3 7016 7032 7034
3 7017 7033 7032
3 7023 7034 7033
3 7032 7033 7034
3 7016 7034 7036
3 7023 7035 7034
3 7026 7036 7035
3 7034 7035 7036
3 7016 7036 7028
3 7026 7037 7036
3 7027 7028 7037
3 7036 7037 7028
3 7017 7031 7039
3 7021 7038 7031
3 7025 7039 7038
3 7031 7038 7039
3 7021 7029 7041
3 7027 7040 7029
3 7020 7041 7040
3 7029 7040 7041
3 7027 7037 7043
3 7026 7042 7037
3 7018 7043 7042
3 7037 7042 7043
3 7026 7035 7045
3 7023 7044 7035
3 7022 7045 7044
3 7035 7044 7045
3 7023 7033 7047
3 7017 7046 7033
3 7024 7047 7046
3 7033 7046 7047
3 7019 7048 7050
3 7025 7049 7048
3 7020 7050 7049
3 7048 7049 7050
3 7019 7050 7052
3 7020 7051 7050
3 7018 7052 7051
3 7050 7051 7052
3 7019 7052 7054
3 7018 7053 7052
3 7022 7054 7053
3 7052 7053 7054
3 7019 7054 7056
3 7022 7055 7054
3 7024 7056 7055
3 7054 7055 7056
3 7019 7056 7048
3 7024 7057 7056
3 7025 7048 7057
3 7056 7057 7048
3 7020 7049 7041
3 7025 7038 7049
3 7021 7041 7038
3 7049 7038 7041
3 7018 7051 7043
3 7020 7040 7051
3 7027 7043 7040
3 7051 7040 7043
3 7022 7053 7045
3 7018 7042 7053
3 7026 7045 7042
3 7053 7042 7045
3 7024 7055 7047
3 7022 7044 7055
3 7023 7047 7044
3 7055 7044 7047
3 7025 7057 7039
3 7024 7046 7057
3 7017 7039 7046
3 7057 7046 7039
3 7058 7070 7072
3 7069 7071 7070
3 7063 7072 7071
3 7070 7071 7072
3 7058 7072 7074
3 7063 7073 7072
3 7059 7074 7073
3 7072 7073 7074
3 7058 7074 7076
3 7059 7075 7074
3 7065 7076 7075
3 7074 7075 7076
3 7058 7076 7078
3 7065 7077 7076
3 7068 7078 7077
3 7076 7077 7078
3 7058 7078 7070
3 7068 7079 7078
3 7069 7070 7079
3 7078 7079 7070
3 7059 7073 7081
3 7063 7080 7073
3 7067 7081 7080
3 7073 7080 7081
3 7063 7071 7083
3 7069 7082 7071
3 7062 7083 7082
3 7071 7082 7083
3 7069 7079 7085
3 7068 7084 7079
3 7060 7085 7084
3 7079 7084 7085
3 7068 7077 7087
3 7065 7086 7077
3 7064 7087 7086
3 7077 7086 7087
3 7065 7075 7089
3 7059 7088 7075
3 7066 7089 7088
3 7075 7088 7089
3 7061 7090 7092
3 7067 7091 7090
3 7062 7092 7091
3 7090 7091 7092
3 7061 7092 7094
3 7062 7093 7092
3 7060 7094 7093
3 7092 7093 7094
3 7061 7094 7096
3 7060 7095 7094
3 7064 7096 7095
3 7094 7095 7096
3 7061 7096 7098
3 7064 7097 7096
3 7066 7098 7097
3 7096 7097 7098
3 7061 7098 7090
3 7066 7099 7098
3 7067 7090 7099
3 7098 7099 7090
3 7062 7091 7083
3 7067 7080 7091
3 7063 7083 7080
3 7091 7080 7083
3 7060 7093 7085
3 7062 7082 7093
3 7069 7085 7082
3 7093 7082 7085
3 7064 7095 7087
3 7060 7084 7095
3 7068 7087 7084
3 7095 7084 7087
3 7066 7097 7089
3 7064 7086 7097
3 7065 7089 7086
3 7097 7086 7089
3 7067 7099 7081
3 7066 7088 7099
3 7059 7081 7088
3 7099 7088 7081
3 7100 7112 7114
3 7111 7113 7112
3 7105 7114 7113
3 7112 7113 7114
3 7100 7114 7116
3 7105 7115 7114
3 7101 7116 7115
3 7114 7115 7116
3 7100 7116 7118
3 7101 7117 7116
3 7107 7118 7117
3 7116 7117 7118
3 7100 7118 7120
3 7107 7119 7118
3 7110 7120 7119
3 7118 7119 7120
3 7100 7120 7112
3 7110 7121 7120
3 7111 7112 7121
3 7120 7121 7112
3 7101 7115 7123
3 7105 7122 7115
3 7109 7123 7122
3 7115 7122 7123
3 7105 7113 7125
3 7111 7124 7113
3 7104 7125 7124
3 7113 7124 7125
3 7111 7121 7127
3 7110 7126 7121
3 7102 7127 7126
3 7121 7126 7127
3 7110 7119 7129
3 7107 7128 7119
3 7106 7129 7128
3 7119 7128 7129
3 7107 7117 7131
3 7101 7130 7117
3 7108 7131 7130
3 7117 7130 7131
3 7103 7132 7134
3 7109 7133 7132
3 7104 7134 7133
3 7132 7133 7134
3 7103 7134 7136
3 7104 7135 7134
3 7102 7136 7135
3 7134 7135 7136
3 7103 7136 7138
3 7102 7137 7136
3 7106 7138 7137
3 7136 7137 7138
3 7103 7138 7140
3 7106 7139 7138
3 7108 7140 7139
3 7138 7139 7140
3 7103 7140 7132
3 7108 7141 7140
3 7109 7132 7141
3 7140 7141 7132
3 7104 7133 7125
3 7109 7122 7133
3 7105 7125 7122
3 7133 7122 7125
3 7102 7135 7127
3 7104 7124 7135
3 7111 7127 7124
3 7135 7124 7127
3 7106 7137 7129
3 7102 7126 7137
3 7110 7129 7126
3 7137 7126 7129
3 7108 7139 7131
3 7106 7128 7139
3 7107 7131 7128
3 7139 7128 7131
3 7109 7141 7123
3 7108 7130 7141
3 7101 7123 7130
3 7141 7130 7123
3 7142 7154 7156
3 7153 7155 7154
3 7147 7156 7155
3 7154 7155 7156
3 7142 7156 7158
3 7147 7157 7156
3 7143 7158 7157
3 7156 7157 7158
3 7142 7158 7160
3 7143 7159 7158
3 7149 7160 7159
3 7158 7159 7160
3 7142 7160 7162
3 7149 7161 7160
3 7152 7162 7161
3 7160 7161 7162
3 7142 7162 7154
3 7152 7163 7162
3 7153 7154 7163
3 7162 7163 7154
3 7143 7157 7165
3 7147 7164 7157
3 7151 7165 7164
3 7157 7164 7165
3 7147 7155 7167
3 7153 7166 7155
3 7146 7167 7166
3 7155 7166 7167
3 7153 7163 7169
3 7152 7168 7163
3 7144 7169 7168
3 7163 7168 7169
3 7152 7161 7171
3 7149 7170 7161
3 7148 7171 7170
3 7161 7170 7171
3 7149 7159 7173
3 7143 7172 7159
3 7150 7173 7172
3 7159 7172 7173
3 7145 7174 7176
3 7151 7175 7174
3 7146 7176 7175
3 7174 7175 7176
3 7145 7176 7178
3 7146 7177 7176
3 7144 7178 7177
3 7176 7177 7178
3 7145 7178 7180
3 7144 7179 7178
3 7148 7180 7179
3 7178 7179 7180
3 7145 7180 7182
3 7148 7181 7180
3 7150 7182 7181
3 7180 7181 7182
3 7145 7182 7174
3 7150 7183 7182
3 7151 7174 7183
3 7182 7183 7174
3 7146 7175 7167
3 7151 7164 7175
3 7147 7167 7164
3 7175 7164 7167
3 7144 7177 7169
3 7146 7166 7177
3 7153 7169 7166
3 7177 7166 7169
3 7148 7179 7171
3 7144 7168 7179
3 7152 7171 7168
3 7179 7168 7171
3 7150 7181 7173
3 7148 7170 7181
3 7149 7173 7170
3 7181 7170 7173
3 7151 7183 7165
3 7150 7172 7183
3 7143 7165 7172
3 7183 7172 7165
3 7184 7196 7198
3 7195 7197 7196
3 7189 7198 7197
3 7196 7197 7198
3 7184 7198 7200
3 7189 7199 7198
3 7185 7200 7199
3 7198 7199 7200
3 7184 7200 7202
3 7185 7201 7200
3 7191 7202 7201
3 7200 7201 7202
3 7184 7202 7204
3 7191 7203 7202
3 7194 7204 7203
3 7202 7203 7204
3 7184 7204 7196
3 7194 7205 7204
3 7195 7196 7205
3 7204 7205 7196
3 7185 7199 7207
3 7189 7206 7199
3 7193 7207 7206
3 7199 7206 7207
3 7189 7197 7209
3 7195 7208 7197
3 7188 7209 7208
3 7197 7208 7209
3 7195 7205 7211
3 7194 7210 7205
3 7186 7211 7210
3 7205 7210 7211
3 7194 7203 7213
3 7191 7212 7203
3 7190 7213 7212
3 7203 7212 7213
3 7191 7201 7215
3 7185 7214 7201
3 7192 7215 7214
3 7201 7214 7215
3 7187 7216 7218
3 7193 7217 7216
3 7188 7218 7217
3 7216 7217 7218
3 7187 7218 7220
3 7188 7219 7218
3 7186 7220 7219
3 7218 7219 7220
3 7187 7220 7222
3 7186 7221 7220
3 7190 7222 7221
3 7220 7221 7222
3 7187 7222 7224
3 7190 7223 7222
3 7192 7224 7223
3 7222 7223 7224
3 7187 7224 7216
3 7192 7225 7224
3 7193 7216 7225
3 7224 7225 7216
3 7188 7217 7209
3 7193 7206 7217
3 7189 7209 7206
3 7217 7206 7209
3 7186 7219 7211
3 7188 7208 7219
3 7195 7211 7208
3 7219 7208 7211
3 7190 7221 7213
3 7186 7210 7221
3 7194 7213 7210
3 7221 7210 7213
3 7192 7223 7215
3 7190 7212 7223
3 7191 7215 7212
3 7223 7212 7215
3 7193 7225 7207
3 7192 7214 7225
3 7185 7207 7214
3 7225 7214 7207
3 7226 7238 7240
3 7237 7239 7238
3 7231 7240 7239
3 7238 7239 7240
3 7226 7240 7242
3 7231 7241 7240
3 7227 7242 7241
3 7240 7241 7242
3 7226 7242 7244
3 7227 7243 7242
3 7233 7244 7243
3 7242 7243 7244
3 7226 7244 7246
3 7233 7245 7244
3 7236 7246 7245
3 7244 7245 7246
3 7226 7246 7238
3 7236 7247 7246
3 7237 7238 7247
3 7246 7247 7238
3 7227 7241 7249
3 7231 7248 7241
3 7235 7249 7248
3 7241 7248 7249
3 7231 7239 7251
3 7237 7250 7239
3 7230 7251 7250
3 7239 7250 7251
3 7237 7247 7253
3 7236 7252 7247
3 7228 7253 7252
3 7247 7252 7253
3 7236 7245 7255
3 7233 7254 7245
3 7232 7255 7254
3 7245 7254 7255
3 7233 7243 7257
3 7227 7256 7243
3 7234 7257 7256
3 7243 7256 7257
3 7229 7258 7260
3 7235 7259 7258
3 7230 7260 7259
3 7258 7259 7260
3 7229 7260 7262
3 7230 7261 7260
3 7228 7262 7261
3 7260 7261 7262
3 7229 7262 7264
3 7228 7263 7262
3 7232 7264 7263
3 7262 7263 7264
3 7229 7264 7266
3 7232 7265 7264
3 7234 7266 7265
3 7264 7265 7266
3 7229 7266 7258
3 7234 7267 7266
3 7235 7258 7267
3 7266 7267 7258
3 7230 7259 7251
3 7235 7248 7259
3 7231 7251 7248
3 7259 7248 7251
3 7228 7261 7253
3 7230 7250 7261
3 7237 7253 7250
3 7261 7250 7253
3 7232 7263 7255
3 7228 7252 7263
3 7236 7255 7252
3 7263 7252 7255
3 7234 7265 7257
3 7232 7254 7265
3 7233 7257 7254
3 7265 7254 7257
3 7235 7267 7249
3 7234 7256 7267
3 7227 7249 7256
3 7267 7256 7249
3 7268 7280 7282
3 7279 7281 7280
3 7273 7282 7281
3 7280 7281 7282
3 7268 7282 7284
3 7273 7283 7282
3 7269 7284 7283
3 7282 7283 7284
3 7268 7284 7286
3 7269 7285 7284
3 7275 7286 7285
3 7284 7285 7286
3 7268 7286 7288
3 7275 7287 7286
3 7278 7288 7287
3 7286 7287 7288
3 7268 7288 7280
3 7278 7289 7288
3 7279 7280 7289
3 7288 7289 7280
3 7269 7283 7291
3 7273 7290 7283
3 7277 7291 7290
3 7283 7290 7291
3 7273 7281 7293
3 7279 7292 7281
3 7272 7293 7292
3 7281 7292 7293
3 7279 7289 7295
3 7278 7294 7289
3 7270 7295 7294
3 7289 7294 7295
3 7278 7287 7297
3 7275 7296 7287
3 7274 7297 7296
3 7287 7296 7297
3 7275 7285 7299
3 7269 7298 7285
3 7276 7299 7298
3 7285 7298 7299
3 7271 7300 7302
3 7277 7301 7300
3 7272 7302 7301
3 7300 7301 7302
3 7271 7302 7304
3 7272 7303 7302
3 7270 7304 7303
3 7302 7303 7304
3 7271 7304 7306
3 7270 7305 7304
3 7274 7306 7305
3 7304 7305 7306
3 7271 7306 7308
3 7274 7307 7306
3 7276 7308 7307
3 7306 7307 7308
3 7271 7308 7300
3 7276 7309 7308
3 7277 7300 7309
3 7308 7309 7300
3 7272 7301 7293
3 7277 7290 7301
3 7273 7293 7290
3 7301 7290 7293
3 7270 7303 7295
3 7272 7292 7303
3 7279 7295 7292
3 7303 7292 7295
3 7274 7305 7297
3 7270 7294 7305
3 7278 7297 7294
3 7305 7294 7297
3 7276 7307 7299
3 7274 7296 7307
3 7275 7299 7296
3 7307 7296 7299
3 7277 7309 7291
3 7276 7298 7309
3 7269 7291 7298
3 7309 7298 7291
3 7310 7322 7324
3 7321 7323 7322
3 7315 7324 7323
3 7322 7323 7324
3 7310 7324 7326
3 7315 7325 7324
3 7311 7326 7325
3 7324 7325 7326
3 7310 7326 7328
3 7311 7327 7326
3 7317 7328 7327
3 7326 7327 7328
3 7310 7328 7330
3 7317 7329 7328
3 7320 7330 7329
3 7328 7329 7330
3 7310 7330 7322
3 7320 7331 7330
3 7321 7322 7331
3 7330 7331 7322
3 7311 7325 7333
3 7315 7332 7325
3 7319 7333 7332
3 7325 7332 7333
3 7315 7323 7335
3 7321 7334 7323
3 7314 7335 7334
3 7323 7334 7335
3 7321 7331 7337
3 7320 7336 7331
3 7312 7337 7336
3 7331 7336 7337
3 7320 7329 7339
3 7317 7338 7329
3 7316 7339 7338
3 7329 7338 7339
3 7317 7327 7341
3 7311 7340 7327
3 7318 7341 7340
3 7327 7340 7341
3 7313 7342 7344
3 7319 7343 7342
3 7314 7344 7343
3 7342 7343 7344
3 7313 7344 7346
3 7314 7345 7344
3 7312 7346 7345
3 7344 7345 7346
3 7313 7346 7348
3 7312 7347 7346
3 7316 7348 7347
3 7346 7347 7348
3 7313 7348 7350
3 7316 7349 7348
3 7318 7350 7349
3 7348 7349 7350
3 7313 7350 7342
3 7318 7351 7350
3 7319 7342 7351
3 7350 7351 7342
3 7314 7343 7335
3 7319 7332 7343
3 7315 7335 7332
3 7343 7332 7335
3 7312 7345 7337
3 7314 7334 7345
3 7321 7337 7334
3 7345 7334 7337
3 7316 7347 7339
3 7312 7336 7347
3 7320 7339 7336
3 7347 7336 7339
3 7318 7349 7341
3 7316 7338 7349
3 7317 7341 7338
3 7349 7338 7341
3 7319 7351 7333
3 7318 7340 7351
3 7311 7333 7340
3 7351 7340 7333
3 7352 7364 7366
3 7363 7365 7364
3 7357 7366 7365
3 7364 7365 7366
3 7352 7366 7368
3 7357 7367 7366
3 7353 7368 7367
3 7366 7367 7368
3 7352 7368 7370
3 7353 7369 7368
3 7359 7370 7369
3 7368 7369 7370
3 7352 7370 7372
3 7359 7371 7370
3 7362 7372 7371
3 7370 7371 7372
3 7352 7372 7364
3 7362 7373 7372
3 7363 7364 7373
3 7372 7373 7364
3 7353 7367 7375
3 7357 7374 7367
3 7361 7375 7374
3 7367 7374 7375
3 7357 7365 7377
3 7363 7376 7365
3 7356 7377 7376
3 7365 7376 7377
3 7363 7373 7379
3 7362 7378 7373
3 7354 7379 7378
3 7373 7378 7379
3 7362 7371 7381
3 7359 7380 7371
3 7358 7381 7380
3 7371 7380 7381
3 7359 7369 7383
3 7353 7382 7369
3 7360 7383 7382
3 7369 7382 7383
3 7355 7384 7386
3 7361 7385 7384
3 7356 7386 7385
3 7384 7385 7386
3 7355 7386 7388
3 7356 7387 7386
3 7354 7388 7387
3 7386 7387 7388
3 7355 7388 7390
3 7354 7389 7388
3 7358 7390 7389
3 7388 7389 7390
3 7355 7390 7392
3 7358 7391 7390
3 7360 7392 7391
3 7390 7391 7392
3 7355 7392 7384
3 7360 7393 7392
3 7361 7384 7393
3 7392 7393 7384
3 7356 7385 7377
3 7361 7374 7385
3 7357 7377 7374
3 7385 7374 7377
3 7354 7387 7379
3 7356 7376 7387
3 7363 7379 7376
3 7387 7376 7379
3 7358 7389 7381
3 7354 7378 7389
3 7362 7381 7378
3 7389 7378 7381
3 7360 7391 7383
3 7358 7380 7391
3 7359 7383 7380
3 7391 7380 7383
3 7361 7393 7375
3 7360 7382 7393
3 7353 7375 7382
3 7393 7382 7375
3 7394 7406 7408
3 7405 7407 7406
3 7399 7408 7407
3 7406 7407 7408
3 7394 7408 7410
3 7399 7409 7408
3 7395 7410 7409
3 7408 7409 7410
3 7394 7410 7412
3 7395 7411 7410
3 7401 7412 7411
3 7410 7411 7412
3 7394 7412 7414
3 7401 7413 7412
3 7404 7414 7413
3 7412 7413 7414
3 7394 7414 7406
3 7404 7415 7414
3 7405 7406 7415
3 7414 7415 7406
3 7395 7409 7417
3 7399 7416 7409
3 7403 7417 7416
3 7409 7416 7417
3 7399 7407 7419
3 7405 7418 7407
3 7398 7419 7418
3 7407 7418 7419
3 7405 7415 7421
3 7404 7420 7415
3 7396 7421 7420
3 7415 7420 7421
3 7404 7413 7423
3 7401 7422 7413
3 7400 7423 7422
3 7413 7422 7423
3 7401 7411 7425
3 7395 7424 7411
3 7402 7425 7424
3 7411 7424 7425
3 7397 7426 7428
3 7403 7427 7426
3 7398 7428 7427
3 7426 7427 7428
3 7397 7428 7430
3 7398 7429 7428
3 7396 7430 7429
3 7428 7429 7430
3 7397 7430 7432
3 7396 7431 7430
3 7400 7432 7431
3 7430 7431 7432
3 7397 7432 7434
3 7400 7433 7432
3 7402 7434 7433
3 7432 7433 7434
3 7397 7434 7426
3 7402 7435 7434
3 7403 7426 7435
3 7434 7435 7426
3 7398 7427 7419
3 7403 7416 7427
3 7399 7419 7416
3 7427 7416 7419
3 7396 7429 7421
3 7398 7418 7429
3 7405 7421 7418
3 7429 7418 7421
3 7400 7431 7423
3 7396 7420 7431
3 7404 7423 7420
3 7431 7420 7423
3 7402 7433 7425
3 7400 7422 7433
3 7401 7425 7422
3 7433 7422 7425
3 7403 7435 7417
3 7402 7424 7435
3 7395 7417 7424
3 7435 7424 7417
3 7436 7448 7450
3 7447 7449 7448
3 7441 7450 7449
3 7448 7449 7450
3 7436 7450 7452
3 7441 7451 7450
3 7437 7452 7451
3 7450 7451 7452
3 7436 7452 7454
3 7437 7453 7452
3 7443 7454 7453
3 7452 7453 7454
3 7436 7454 7456
3 7443 7455 7454
3 7446 7456 7455
3 7454 7455 7456
3 7436 7456 7448
3 7446 7457 7456
3 7447 7448 7457
3 7456 7457 7448
3 7437 7451 7459
3 7441 7458 7451
3 7445 7459 7458
3 7451 7458 7459
3 7441 7449 7461
3 7447 7460 7449
3 7440 7461 7460
3 7449 7460 7461
3 7447 7457 7463
3 7446 7462 7457
3 7438 7463 7462
3 7457 7462 7463
3 7446 7455 7465
3 7443 7464 7455
3 7442 7465 7464
3 7455 7464 7465
3 7443 7453 7467
3 7437 7466 7453
3 7444 7467 7466
3 7453 7466 7467
3 7439 7468 7470
3 7445 7469 7468
3 7440 7470 7469
3 7468 7469 7470
3 7439 7470 7472
3 7440 7471 7470
3 7438 7472 7471
3 7470 7471 7472
3 7439 7472 7474
3 7438 7473 7472
3 7442 7474 7473
3 7472 7473 7474
3 7439 7474 7476
3 7442 7475 7474
3 7444 7476 7475
3 7474 7475 7476
3 7439 7476 7468
3 7444 7477 7476
3 7445 7468 7477
3 7476 7477 7468
3 7440 7469 7461
3 7445 7458 7469
3 7441 7461 7458
3 7469 7458 7461
3 7438 7471 7463
3 7440 7460 7471
3 7447 7463 7460
3 7471 7460 7463
3 7442 7473 7465
3 7438 7462 7473
3 7446 7465 7462
3 7473 7462 7465
3 7444 7475 7467
3 7442 7464 7475
3 7443 7467 7464
3 7475 7464 7467
3 7445 7477 7459
3 7444 7466 7477
3 7437 7459 7466
3 7477 7466 7459
3 7478 7490 7492
3 7489 7491 7490
3 7483 7492 7491
3 7490 7491 7492
3 7478 7492 7494
3 7483 7493 7492
3 7479 7494 7493
3 7492 7493 7494
3 7478 7494 7496
3 7479 7495 7494
3 7485 7496 7495
3 7494 7495 7496
3 7478 7496 7498
3 7485 7497 7496
3 7488 7498 7497
3 7496 7497 7498
3 7478 7498 7490
3 7488 7499 7498
3 7489 7490 7499
3 7498 7499 7490
3 7479 7493 7501
3 7483 7500 7493
3 7487 7501 7500
3 7493 7500 7501
3 7483 7491 7503
3 7489 7502 7491
3 7482 7503 7502
3 7491 7502 7503
3 7489 7499 7505
3 7488 7504 7499
3 7480 7505 7504
3 7499 7504 7505
3 7488 7497 7507
3 7485 7506 7497
3 7484 7507 7506
3 7497 7506 7507
3 7485 7495 7509
3 7479 7508 7495
3 7486 7509 7508
3 7495 7508 7509
3 7481 7510 7512
3 7487 7511 7510
3 7482 7512 7511
3 7510 7511 7512
3 7481 7512 7514
3 7482 7513 7512
3 7480 7514 7513
3 7512 7513 7514
3 7481 7514 7516
3 7480 7515 7514
3 7484 7516 7515
3 7514 7515 7516
3 7481 7516 7518
3 7484 7517 7516
3 7486 7518 7517
3 7516 7517 7518
3 7481 7518 7510
3 7486 7519 7518
3 7487 7510 7519
3 7518 7519 7510
3 7482 7511 7503
3 7487 7500 7511
3 7483 7503 7500
3 7511 7500 7503
3 7480 7513 7505
3 7482 7502 7513
3 7489 7505 7502
3 7513 7502 7505
3 7484 7515 7507
3 7480 7504 7515
3 7488 7507 7504
3 7515 7504 7507
3 7486 7517 7509
3 7484 7506 7517
3 7485 7509 7506
3 7517 7506 7509
3 7487 7519 7501
3 7486 7508 7519
3 7479 7501 7508
3 7519 7508 7501
3 7520 7532 7534
3 7531 7533 7532
3 7525 7534 7533
3 7532 7533 7534
3 7520 7534 7536
3 7525 7535 7534
3 7521 7536 7535
3 7534 7535 7536
3 7520 7536 7538
3 7521 7537 7536
3 7527 7538 7537
3 7536 7537 7538
3 7520 7538 7540
3 7527 7539 7538
3 7530 7540 7539
3 7538 7539 7540
3 7520 7540 7532
3 7530 7541 7540
3 7531 7532 7541
3 7540 7541 7532
3 7521 7535 7543
3 7525 7542 7535
3 7529 7543 7542
3 7535 7542 7543
3 7525 7533 7545
3 7531 7544 7533
3 7524 7545 7544
3 7533 7544 7545
3 7531 7541 7547
3 7530 7546 7541
3 7522 7547 7546
3 7541 7546 7547
3 7530 7539 7549
3 7527 7548 7539
3 7526 7549 7548
3 7539 7548 7549
3 7527 7537 7551
3 7521 7550 7537
3 7528 7551 7550
3 7537 7550 7551
3 7523 7552 7554
3 7529 7553 7552
3 7524 7554 7553
3 7552 7553 7554
3 7523 7554 7556
3 7524 7555 7554
3 7522 7556 7555
3 7554 7555 7556
3 7523 7556 7558
3 7522 7557 7556
3 7526 7558 7557
3 7556 7557 7558
3 7523 7558 7560
3 7526 7559 7558
3 7528 7560 7559
3 7558 7559 7560
3 7523 7560 7552
3 7528 7561 7560
3 7529 7552 7561
3 7560 7561 7552
3 7524 7553 7545
3 7529 7542 7553
3 7525 7545 7542
3 7553 7542 7545
3 7522 7555 7547
3 7524 7544 7555
3 7531 7547 7544
3 7555 7544 7547
3 7526 7557 7549
3 7522 7546 7557
3 7530 7549 7546
3 7557 7546 7549
3 7528 7559 7551
3 7526 7548 7559
3 7527 7551 7548
3 7559 7548 7551
3 7529 7561 7543
3 7528 7550 7561
3 7521 7543 7550
3 7561 7550 7543
3 7562 7574 7576
3 7573 7575 7574
3 7567 7576 7575
3 7574 7575 7576
3 7562 7576 7578
3 7567 7577 7576
3 7563 7578 7577
3 7576 7577 7578
3 7562 7578 7580
3 7563 7579 7578
3 7569 7580 7579
3 7578 7579 7580
3 7562 7580 7582
3 7569 7581 7580
3 7572 7582 7581
3 7580 7581 7582
3 7562 7582 7574
3 7572 7583 7582
3 7573 7574 7583
3 7582 7583 7574
3 7563 7577 7585
3 7567 7584 7577
3 7571 7585 7584
3 7577 7584 7585
3 7567 7575 7587
3 7573 7586 7575
3 7566 7587 7586
3 7575 7586 7587
3 7573 7583 7589
3 7572 7588 7583
3 7564 7589 7588
3 7583 7588 7589
3 7572 7581 7591
3 7569 7590 7581
3 7568 7591 7590
3 7581 7590 7591
3 7569 7579 7593
3 7563 7592 7579
3 7570 7593 7592
3 7579 7592 7593
3 7565 7594 7596
3 7571 7595 7594
3 7566 7596 7595
3 7594 7595 7596
3 7565 7596 7598
3 7566 7597 7596
3 7564 7598 7597
3 7596 7597 7598
3 7565 7598 7600
3 7564 7599 7598
3 7568 7600 7599
3 7598 7599 7600
3 7565 7600 7602
3 7568 7601 7600
3 7570 7602 7601
3 7600 7601 7602
3 7565 7602 7594
3 7570 7603 7602
3 7571 7594 7603
3 7602 7603 7594
3 7566 7595 7587
3 7571 7584 7595
3 7567 7587 7584
3 7595 7584 7587
3 7564 7597 7589
3 7566 7586 7597
3 7573 7589 7586
3 7597 7586 7589
3 7568 7599 7591
3 7564 7588 7599
3 7572 7591 7588
3 7599 7588 7591
3 7570 7601 7593
3 7568 7590 7601
3 7569 7593 7590
3 7601 7590 7593
3 7571 7603 7585
3 7570 7592 7603
3 7563 7585 7592
3 7603 7592 7585
3 7604 7616 7618
3 7615 7617 7616
3 7609 7618 7617
3 7616 7617 7618
3 7604 7618 7620
3 7609 7619 7618
3 7605 7620 7619
3 7618 7619 7620
3 7604 7620 7622
3 7605 7621 7620
3 7611 7622 7621
3 7620 7621 7622
3 7604 7622 7624
3 7611 7623 7622
3 7614 7624 7623
3 7622 7623 7624
3 7604 7624 7616
3 7614 7625 7624
3 7615 7616 7625
3 7624 7625 7616
3 7605 7619 7627
3 7609 7626 7619
3 7613 7627 7626
3 7619 7626 7627
3 7609 7617 7629
3 7615 7628 7617
3 7608 7629 7628
3 7617 7628 7629
3 7615 7625 7631
3 7614 7630 7625
3 7606 7631 7630
3 7625 7630 7631
3 7614 7623 7633
3 7611 7632 7623
3 7610 7633 7632
3 7623 7632 7633
3 7611 7621 7635
3 7605 7634 7621
3 7612 7635 7634
3 7621 7634 7635
3 7607 7636 7638
3 7613 7637 7636
3 7608 7638 7637
3 7636 7637 7638
3 7607 7638 7640
3 7608 7639 7638
3 7606 7640 7639
3 7638 7639 7640
3 7607 7640 7642
3 7606 7641 7640
3 7610 7642 7641
3 7640 7641 7642
3 7607 7642 7644
3 7610 7643 7642
3 7612 7644 7643
3 7642 7643 7644
3 7607 7644 7636
3 7612 7645 7644
3 7613 7636 7645
3 7644 7645 7636
3 7608 7637 7629
3 7613 7626 7637
3 7609 7629 7626
3 7637 7626 7629
3 7606 7639 7631
3 7608 7628 7639
3 7615 7631 7628
3 7639 7628 7631
3 7610 7641 7633
3 7606 7630 7641
3 7614 7633 7630
3 7641 7630 7633
3 7612 7643 7635
3 7610 7632 7643
3 7611 7635 7632
3 7643 7632 7635
3 7613 7645 7627
3 7612 7634 7645
3 7605 7627 7634
3 7645 7634 7627
3 7646 7658 7660
3 7657 7659 7658
3 7651 7660 7659
3 7658 7659 7660
3 7646 7660 7662
3 7651 7661 7660
3 7647 7662 7661
3 7660 7661 7662
3 7646 7662 7664
3 7647 7663 7662
3 7653 7664 7663
3 7662 7663 7664
3 7646 7664 7666
3 7653 7665 7664
3 7656 7666 7665
3 7664 7665 7666
3 7646 7666 7658
3 7656 7667 7666
3 7657 7658 7667
3 7666 7667 7658
3 7647 7661 7669
3 7651 7668 7661
3 7655 7669 7668
3 7661 7668 7669
3 7651 7659 7671
3 7657 7670 7659
3 7650 7671 7670
3 7659 7670 7671
3 7657 7667 7673
3 7656 7672 7667
3 7648 7673 7672
3 7667 7672 7673
3 7656 7665 7675
3 7653 7674 7665
3 7652 7675 7674
3 7665 7674 7675
3 7653 7663 7677
3 7647 7676 7663
3 7654 7677 7676
3 7663 7676 7677
3 7649 7678 7680
3 7655 7679 7678
3 7650 7680 7679
3 7678 7679 7680
3 7649 7680 7682
3 7650 7681 7680
3 7648 7682 7681
3 7680 7681 7682
3 7649 7682 7684
3 7648 7683 7682
3 7652 7684 7683
3 7682 7683 7684
3 7649 7684 7686
3 7652 7685 7684
3 7654 7686 7685
3 7684 7685 7686
3 7649 7686 7678
3 7654 7687 7686
3 7655 7678 7687
3 7686 7687 7678
3 7650 7679 7671
3 7655 7668 7679
3 7651 7671 7668
3 7679 7668 7671
3 7648 7681 7673
3 7650 7670 7681
3 7657 7673 7670
3 7681 7670 7673
3 7652 7683 7675
3 7648 7672 7683
3 7656 7675 7672
3 7683 7672 7675
3 7654 7685 7677
3 7652 7674 7685
3 7653 7677 7674
3 7685 7674 7677
3 7655 7687 7669
3 7654 7676 7687
3 7647 7669 7676
3 7687 7676 7669
3 7688 7700 7702
3 7699 7701 7700
3 7693 7702 7701
3 7700 7701 7702
3 7688 7702 7704
3 7693 7703 7702
3 7689 7704 7703
3 7702 7703 7704
3 7688 7704 7706
3 7689 7705 7704
3 7695 7706 7705
3 7704 7705 7706
3 7688 7706 7708
3 7695 7707 7706
3 7698 7708 7707
3 7706 7707 7708
3 7688 7708 7700
3 7698 7709 7708
3 7699 7700 7709
3 7708 7709 7700
3 7689 7703 7711
3 7693 7710 7703
3 7697 7711 7710
3 7703 7710 7711
3 7693 7701 7713
3 7699 7712 7701
3 7692 7713 7712
3 7701 7712 7713
3 7699 7709 7715
3 7698 7714 7709
3 7690 7715 7714
3 7709 7714 7715
3 7698 7707 7717
3 7695 7716 7707
3 7694 7717 7716
3 7707 7716 7717
3 7695 7705 7719
3 7689 7718 7705
3 7696 7719 7718
3 7705 7718 7719
3 7691 7720 7722
3 7697 7721 7720
3 7692 7722 7721
3 7720 7721 7722
3 7691 7722 7724
3 7692 7723 7722
3 7690 7724 7723
3 7722 7723 7724
3 7691 7724 7726
3 7690 7725 7724
3 7694 7726 7725
3 7724 7725 7726
3 7691 7726 7728
3 7694 7727 7726
3 7696 7728 7727
3 7726 7727 7728
3 7691 7728 7720
3 7696 7729 7728
3 7697 7720 7729
3 7728 7729 7720
3 7692 7721 7713
3 7697 7710 7721
3 7693 7713 7710
3 7721 7710 7713
3 7690 7723 7715
3 7692 7712 7723
3 7699 7715 7712
3 7723 7712 7715
3 7694 7725 7717
3 7690 7714 7725
3 7698 7717 7714
3 7725 7714 7717
3 7696 7727 7719
3 7694 7716 7727
3 7695 7719 7716
3 7727 7716 7719
3 7697 7729 7711
3 7696 7718 7729
3 7689 7711 7718
3 7729 7718 7711
3 7730 7742 7744
3 7741 7743 7742
3 7735 7744 7743
3 7742 7743 7744
3 7730 7744 7746
3 7735 7745 7744
3 7731 7746 7745
3 7744 7745 7746
3 7730 7746 7748
3 7731 7747 7746
3 7737 7748 7747
3 7746 7747 7748
3 7730 7748 7750
3 7737 7749 7748
3 7740 7750 7749
3 7748 7749 7750
3 7730 7750 7742
3 7740 7751 7750
3 7741 7742 7751
3 7750 7751 7742
3 7731 7745 7753
3 7735 7752 7745
3 7739 7753 7752
3 7745 7752 7753
3 7735 7743 7755
3 7741 7754 7743
3 7734 7755 7754
3 7743 7754 7755
3 7741 7751 7757
3 7740 7756 7751
3 7732 7757 7756
3 7751 7756 7757
3 7740 7749 7759
3 7737 7758 7749
3 7736 7759 7758
3 7749 7758 7759
3 7737 7747 7761
3 7731 7760 7747
3 7738 7761 7760
3 7747 7760 7761
3 7733 7762 7764
3 7739 7763 7762
3 7734 7764 7763
3 7762 7763 7764
3 7733 7764 7766
3 7734 7765 7764
3 7732 7766 7765
3 7764 7765 7766
3 7733 7766 7768
3 7732 7767 7766
3 7736 7768 7767
3 7766 7767 7768
3 7733 7768 7770
3 7736 7769 7768
3 7738 7770 7769
3 7768 7769 7770
3 7733 7770 7762
3 7738 7771 7770
3 7739 7762 7771
3 7770 7771 7762
3 7734 7763 7755
3 7739 7752 7763
3 7735 7755 7752
3 7763 7752 7755
3 7732 7765 7757
3 7734 7754 7765
3 7741 7757 7754
3 7765 7754 7757
3 7736 7767 7759
3 7732 7756 7767
3 7740 7759 7756
3 7767 7756 7759
3 7738 7769 7761
3 7736 7758 7769
3 7737 7761 7758
3 7769 7758 7761
3 7739 7771 7753
3 7738 7760 7771
3 7731 7753 7760
3 7771 7760 7753
3 7772 7784 7786
3 7783 7785 7784
3 7777 7786 7785
3 7784 7785 7786
3 7772 7786 7788
3 7777 7787 7786
3 7773 7788 7787
3 7786 7787 7788
3 7772 7788 7790
3 7773 7789 7788
3 7779 7790 7789
3 7788 7789 7790
3 7772 7790 7792
3 7779 7791 7790
3 7782 7792 7791
3 7790 7791 7792
3 7772 7792 7784
3 7782 7793 7792
3 7783 7784 7793
3 7792 7793 7784
3 7773 7787 7795
3 7777 7794 7787
3 7781 7795 7794
3 7787 7794 7795
3 7777 7785 7797
3 7783 7796 7785
3 7776 7797 7796
3 7785 7796 7797
3 7783 7793 7799
3 7782 7798 7793
3 7774 7799 7798
3 7793 7798 7799
3 7782 7791 7801
3 7779 7800 7791
3 7778 7801 7800
3 7791 7800 7801
3 7779 7789 7803
3 7773 7802 7789
3 7780 7803 7802
3 7789 7802 7803
3 7775 7804 7806
3 7781 7805 7804
3 7776 7806 7805
3 7804 7805 7806
3 7775 7806 7808
3 7776 7807 7806
3 7774 7808 7807
3 7806 7807 7808
3 7775 7808 7810
3 7774 7809 7808
3 7778 7810 7809
3 7808 7809 7810
3 7775 7810 7812
3 7778 7811 7810
3 7780 7812 7811
3 7810 7811 7812
3 7775 7812 7804
3 7780 7813 7812
3 7781 7804 7813
3 7812 7813 7804
3 7776 7805 7797
3 7781 7794 7805
3 7777 7797 7794
3 7805 7794 7797
3 7774 7807 7799
3 7776 7796 7807
3 7783 7799 7796
3 7807 7796 7799
3 7778 7809 7801
3 7774 7798 7809
3 7782 7801 7798
3 7809 7798 7801
3 7780 7811 7803
3 7778 7800 7811
3 7779 7803 7800
3 7811 7800 7803
3 7781 7813 7795
3 7780 7802 7813
3 7773 7795 7802
3 7813 7802 7795
3 7814 7826 7828
3 7825 7827 7826
3 7819 7828 7827
3 7826 7827 7828
3 7814 7828 7830
3 7819 7829 7828
3 7815 7830 7829
3 7828 7829 7830
3 7814 7830 7832
3 7815 7831 7830
3 7821 7832 7831
3 7830 7831 7832
3 7814 7832 7834
3 7821 7833 7832
3 7824 7834 7833
3 7832 7833 7834
3 7814 7834 7826
3 7824 7835 7834
3 7825 7826 7835
3 7834 7835 7826
3 7815 7829 7837
3 7819 7836 7829
3 7823 7837 7836
3 7829 7836 7837
3 7819 7827 7839
3 7825 7838 7827
3 7818 7839 7838
3 7827 7838 7839
3 7825 7835 7841
3 7824 7840 7835
3 7816 7841 7840
3 7835 7840 7841
3 7824 7833 7843
3 7821 7842 7833
3 7820 7843 7842
3 7833 7842 7843
3 7821 7831 7845
3 7815 7844 7831
3 7822 7845 7844
3 7831 7844 7845
3 7817 7846 7848
3 7823 7847 7846
3 7818 7848 7847
3 7846 7847 7848
3 7817 7848 7850
3 7818 7849 7848
3 7816 7850 7849
3 7848 7849 7850
3 7817 7850 7852
3 7816 7851 7850
3 7820 7852 7851
3 7850 7851 7852
3 7817 7852 7854
3 7820 7853 7852
3 7822 7854 7853
3 7852 7853 7854
3 7817 7854 7846
3 7822 7855 7854
3 7823 7846 7855
3 7854 7855 7846
3 7818 7847 7839
3 7823 7836 7847
3 7819 7839 7836
3 7847 7836 7839
3 7816 7849 7841
3 7818 7838 7849
3 7825 7841 7838
3 7849 7838 7841
3 7820 7851 7843
3 7816 7840 7851
3 7824 7843 7840
3 7851 7840 7843
3 7822 7853 7845
3 7820 7842 7853
3 7821 7845 7842
3 7853 7842 7845
3 7823 7855 7837
3 7822 7844 7855
3 7815 7837 7844
3 7855 7844 7837
3 7856 7868 7870
3 7867 7869 7868
3 7861 7870 7869
3 7868 7869 7870
3 7856 7870 7872
3 7861 7871 7870
3 7857 7872 7871
3 7870 7871 7872
3 7856 7872 7874
3 7857 7873 7872
3 7863 7874 7873
3 7872 7873 7874
3 7856 7874 7876
3 7863 7875 7874
3 7866 7876 7875
3 7874 7875 7876
3 7856 7876 7868
3 7866 7877 7876
3 7867 7868 7877
3 7876 7877 7868
3 7857 7871 7879
3 7861 7878 7871
3 7865 7879 7878
3 7871 7878 7879
3 7861 7869 7881
3 7867 7880 7869
3 7860 7881 7880
3 7869 7880 7881
3 7867 7877 7883
3 7866 7882 7877
3 7858 7883 7882
3 7877 7882 7883
3 7866 7875 7885
3 7863 7884 7875
3 7862 7885 7884
3 7875 7884 7885
3 7863 7873 7887
3 7857 7886 7873
3 7864 7887 7886
3 7873 7886 7887
3 7859 7888 7890
3 7865 7889 7888
3 7860 7890 7889
3 7888 7889 7890
3 7859 7890 7892
3 7860 7891 7890
3 7858 7892 7891
3 7890 7891 7892
3 7859 7892 7894
3 7858 7893 7892
3 7862 7894 7893
3 7892 7893 7894
3 7859 7894 7896
3 7862 7895 7894
3 7864 7896 7895
3 7894 7895 7896
3 7859 7896 7888
3 7864 7897 7896
3 7865 7888 7897
3 7896 7897 7888
3 7860 7889 7881
3 7865 7878 7889
3 7861 7881 7878
3 7889 7878 7881
3 7858 7891 7883
3 7860 7880 7891
3 7867 7883 7880
3 7891 7880 7883
3 7862 7893 7885
3 7858 7882 7893
3 7866 7885 7882
3 7893 7882 7885
3 7864 7895 7887
3 7862 7884 7895
3 7863 7887 7884
3 7895 7884 7887
3 7865 7897 7879
3 7864 7886 7897
3 7857 7879 7886
3 7897 7886 7879
3 7898 7910 7912
3 7909 7911 7910
3 7903 7912 7911
3 7910 7911 7912
3 7898 7912 7914
3 7903 7913 7912
3 7899 7914 7913
3 7912 7913 7914
3 7898 7914 7916
3 7899 7915 7914
3 7905 7916 7915
3 7914 7915 7916
3 7898 7916 7918
3 7905 7917 7916
3 7908 7918 7917
3 7916 7917 7918
3 7898 7918 7910
3 7908 7919 7918
3 7909 7910 7919
3 7918 7919 7910
3 7899 7913 7921
3 7903 7920 7913
3 7907 7921 7920
3 7913 7920 7921
3 7903 7911 7923
3 7909 7922 7911
3 7902 7923 7922
3 7911 7922 7923
3 7909 7919 7925
3 7908 7924 7919
3 7900 7925 7924
3 7919 7924 7925
3 7908 7917 7927
3 7905 7926 7917
3 7904 7927 7926
3 7917 7926 7927
3 7905 7915 7929
3 7899 7928 7915
3 7906 7929 7928
3 7915 7928 7929
3 7901 7930 7932
3 7907 7931 7930
3 7902 7932 7931
3 7930 7931 7932
3 7901 7932 7934
3 7902 7933 7932
3 7900 7934 7933
3 7932 7933 7934
3 7901 7934 7936
3 7900 7935 7934
3 7904 7936 7935
3 7934 7935 7936
3 7901 7936 7938
3 7904 7937 7936
3 7906 7938 7937
3 7936 7937 7938
3 7901 7938 7930
3 7906 7939 7938
3 7907 7930 7939
3 7938 7939 7930
3 7902 7931 7923
3 7907 7920 7931
3 7903 7923 7920
3 7931 7920 7923
3 7900 7933 7925
3 7902 7922 7933
3 7909 7925 7922
3 7933 7922 7925
3 7904 7935 7927
3 7900 7924 7935
3 7908 7927 7924
3 7935 7924 7927
3 7906 7937 7929
3 7904 7926 7937
3 7905 7929 7926
3 7937 7926 7929
3 7907 7939 7921
3 7906 7928 7939
3 7899 7921 7928
3 7939 7928 7921
3 7940 7952 7954
3 7951 7953 7952
3 7945 7954 7953
3 7952 7953 7954
3 7940 7954 7956
3 7945 7955 7954
3 7941 7956 7955
3 7954 7955 7956
3 7940 7956 7958
3 7941 7957 7956
3 7947 7958 7957
3 7956 7957 7958
3 7940 7958 7960
3 7947 7959 7958
3 7950 7960 7959
3 7958 7959 7960
3 7940 7960 7952
3 7950 7961 7960
3 7951 7952 7961
3 7960 7961 7952
3 7941 7955 7963
3 7945 7962 7955
3 7949 7963 7962
3 7955 7962 7963
3 7945 7953 7965
3 7951 7964 7953
3 7944 7965 7964
3 7953 7964 7965
3 7951 7961 7967
3 7950 7966 7961
3 7942 7967 7966
3 7961 7966 7967
3 7950 7959 7969
3 7947 7968 7959
3 7946 7969 7968
3 7959 7968 7969
3 7947 7957 7971
3 7941 7970 7957
3 7948 7971 7970
3 7957 7970 7971
3 7943 7972 7974
3 7949 7973 7972
3 7944 7974 7973
3 7972 7973 7974
3 7943 7974 7976
3 7944 7975 7974
3 7942 7976 7975
3 7974 7975 7976
3 7943 7976 7978
3 7942 7977 7976
3 7946 7978 7977
3 7976 7977 7978
3 7943 7978 7980
3 7946 7979 7978
3 7948 7980 7979
3 7978 7979 7980
3 7943 7980 7972
3 7948 7981 7980
3 7949 7972 7981
3 7980 7981 7972
3 7944 7973 7965
3 7949 7962 7973
3 7945 7965 7962
3 7973 7962 7965
3 7942 7975 7967
3 7944 7964 7975
3 7951 7967 7964
3 7975 7964 7967
3 7946 7977 7969
3 7942 7966 7977
3 7950 7969 7966
3 7977 7966 7969
3 7948 7979 7971
3 7946 7968 7979
3 7947 7971 7968
3 7979 7968 7971
3 7949 7981 7963
3 7948 7970 7981
3 7941 7963 7970
3 7981 7970 7963
3 7982 7994 7996
3 7993 7995 7994
3 7987 7996 7995
3 7994 7995 7996
3 7982 7996 7998
3 7987 7997 7996
3 7983 7998 7997
3 7996 7997 7998
3 7982 7998 8000
3 7983 7999 7998
3 7989 8000 7999
3 7998 7999 8000
3 7982 8000 8002
3 7989 8001 8000
3 7992 8002 8001
3 8000 8001 8002
3 7982 8002 7994
3 7992 8003 8002
3 7993 7994 8003
3 8002 8003 7994
3 7983 7997 8005
3 7987 8004 7997
3 7991 8005 8004
3 7997 8004 8005
3 7987 7995 8007
3 7993 8006 7995
3 7986 8007 8006
3 7995 8006 8007
3 7993 8003 8009
3 7992 8008 8003
3 7984 8009 8008
3 8003 8008 8009
3 7992 8001 8011
3 7989 8010 8001
3 7988 8011 8010
3 8001 8010 8011
3 7989 7999 8013
3 7983 8012 7999
3 7990 8013 8012
3 7999 8012 8013
3 7985 8014 8016
3 7991 8015 8014
3 7986 8016 8015
3 8014 8015 8016
3 7985 8016 8018
3 7986 8017 8016
3 7984 8018 8017
3 8016 8017 8018
3 7985 8018 8020
3 7984 8019 8018
3 7988 8020 8019
3 8018 8019 8020
3 7985 8020 8022
3 7988 8021 8020
3 7990 8022 8021
3 8020 8021 8022
3 7985 8022 8014
3 7990 8023 8022
3 7991 8014 8023
3 8022 8023 8014
3 7986 8015 8007
3 7991 8004 8015
3 7987 8007 8004
3 8015 8004 8007
3 7984 8017 8009
3 7986 8006 8017
3 7993 8009 8006
3 8017 8006 8009
3 7988 8019 8011
3 7984 8008 8019
3 7992 8011 8008
3 8019 8008 8011
3 7990 8021 8013
3 7988 8010 8021
3 7989 8013 8010
3 8021 8010 8013
3 7991 8023 8005
3 7990 8012 8023
3 7983 8005 8012
3 8023 8012 8005
3 8024 8036 8038
3 8035 8037 8036
3 8029 8038 8037
3 8036 8037 8038
3 8024 8038 8040
3 8029 8039 8038
3 8025 8040 8039
3 8038 8039 8040
3 8024 8040 8042
3 8025 8041 8040
3 8031 8042 8041
3 8040 8041 8042
3 8024 8042 8044
3 8031 8043 8042
3 8034 8044 8043
3 8042 8043 8044
3 8024 8044 8036
3 8034 8045 8044
3 8035 8036 8045
3 8044 8045 8036
3 8025 8039 8047
3 8029 8046 8039
3 8033 8047 8046
3 8039 8046 8047
3 8029 8037 8049
3 8035 8048 8037
3 8028 8049 8048
3 8037 8048 8049
3 8035 8045 8051
3 8034 8050 8045
3 8026 8051 8050
3 8045 8050 8051
3 8034 8043 8053
3 8031 8052 8043
3 8030 8053 8052
3 8043 8052 8053
3 8031 8041 8055
3 8025 8054 8041
3 8032 8055 8054
3 8041 8054 8055
3 8027 8056 8058
3 8033 8057 8056
3 8028 8058 8057
3 8056 8057 8058
3 8027 8058 8060
3 8028 8059 8058
3 8026 8060 8059
3 8058 8059 8060
3 8027 8060 8062
3 8026 8061 8060
3 8030 8062 8061
3 8060 8061 8062
3 8027 8062 8064
3 8030 8063 8062
3 8032 8064 8063
3 8062 8063 8064
3 8027 8064 8056
3 8032 8065 8064
3 8033 8056 8065
3 8064 8065 8056
3 8028 8057 8049
3 8033 8046 8057
3 8029 8049 8046
3 8057 8046 8049
3 8026 8059 8051
3 8028 8048 8059
3 8035 8051 8048
3 8059 8048 8051
3 8030 8061 8053
3 8026 8050 8061
3 8034 8053 8050
3 8061 8050 8053
3 8032 8063 8055
3 8030 8052 8063
3 8031 8055 8052
3 8063 8052 8055
3 8033 8065 8047
3 8032 8054 8065
3 8025 8047 8054
3 8065 8054 8047
3 8066 8078 8080
3 8077 8079 8078
3 8071 8080 8079
3 8078 8079 8080
3 8066 8080 8082
3 8071 8081 8080
3 8067 8082 8081
3 8080 8081 8082
3 8066 8082 8084
3 8067 8083 8082
3 8073 8084 8083
3 8082 8083 8084
3 8066 8084 8086
3 8073 8085 8084
3 8076 8086 8085
3 8084 8085 8086
3 8066 8086 8078
3 8076 8087 8086
3 8077 8078 8087
3 8086 8087 8078
3 8067 8081 8089
3 8071 8088 8081
3 8075 8089 8088
3 8081 8088 8089
3 8071 8079 8091
3 8077 8090 8079
3 8070 8091 8090
3 8079 8090 8091
3 8077 8087 8093
3 8076 8092 8087
3 8068 8093 8092
3 8087 8092 8093
3 8076 8085 8095
3 8073 8094 8085
3 8072 8095 8094
3 8085 8094 8095
3 8073 8083 8097
3 8067 8096 8083
3 8074 8097 8096
3 8083 8096 8097
3 8069 8098 8100
3 8075 8099 8098
3 8070 8100 8099
3 8098 8099 8100
3 8069 8100 8102
3 8070 8101 8100
3 8068 8102 8101
3 8100 8101 8102
3 8069 8102 8104
3 8068 8103 8102
3 8072 8104 8103
3 8102 8103 8104
3 8069 8104 8106
3 8072 8105 8104
3 8074 8106 8105
3 8104 8105 8106
3 8069 8106 8098
3 8074 8107 8106
3 8075 8098 8107
3 8106 8107 8098
3 8070 8099 8091
3 8075 8088 8099
3 8071 8091 8088
3 8099 8088 8091
3 8068 8101 8093
3 8070 8090 8101
3 8077 8093 8090
3 8101 8090 8093
3 8072 8103 8095
3 8068 8092 8103
3 8076 8095 8092
3 8103 8092 8095
3 8074 8105 8097
3 8072 8094 8105
3 8073 8097 8094
3 8105 8094 8097
3 8075 8107 8089
3 8074 8096 8107
3 8067 8089 8096
3 8107 8096 8089
3 8108 8120 8122
3 8119 8121 8120
3 8113 8122 8121
3 8120 8121 8122
3 8108 8122 8124
3 8113 8123 8122
3 8109 8124 8123
3 8122 8123 8124
3 8108 8124 8126
3 8109 8125 8124
3 8115 8126 8125
3 8124 8125 8126
3 8108 8126 8128
3 8115 8127 8126
3 8118 8128 8127
3 8126 8127 8128
3 8108 8128 8120
3 8118 8129 8128
3 8119 8120 8129
3 8128 8129 8120
3 8109 8123 8131
3 8113 8130 8123
3 8117 8131 8130
3 8123 8130 8131
3 8113 8121 8133
3 8119 8132 8121
3 8112 8133 8132
3 8121 8132 8133
3 8119 8129 8135
3 8118 8134 8129
3 8110 8135 8134
3 8129 8134 8135
3 8118 8127 8137
3 8115 8136 8127
3 8114 8137 8136
3 8127 8136 8137
3 8115 8125 8139
3 8109 8138 8125
3 8116 8139 8138
3 8125 8138 8139
3 8111 8140 8142
3 8117 8141 8140
3 8112 8142 8141
3 8140 8141 8142
3 8111 8142 8144
3 8112 8143 8142
3 8110 8144 8143
3 8142 8143 8144
3 8111 8144 8146
3 8110 8145 8144
3 8114 8146 8145
3 8144 8145 8146
3 8111 8146 8148
3 8114 8147 8146
3 8116 8148 8147
3 8146 8147 8148
3 8111 8148 8140
3 8116 8149 8148
3 8117 8140 8149
3 8148 8149 8140
3 8112 8141 8133
3 8117 8130 8141
3 8113 8133 8130
3 8141 8130 8133
3 8110 8143 8135
3 8112 8132 8143
3 8119 8135 8132
3 8143 8132 8135
3 8114 8145 8137
3 8110 8134 8145
3 8118 8137 8134
3 8145 8134 8137
3 8116 8147 8139
3 8114 8136 8147
3 8115 8139 8136
3 8147 8136 8139
3 8117 8149 8131
3 8116 8138 8149
3 8109 8131 8138
3 8149 8138 8131
3 8150 8162 8164
3 8161 8163 8162
3 8155 8164 8163
3 8162 8163 8164
3 8150 8164 8166
3 8155 8165 8164
3 8151 8166 8165
3 8164 8165 8166
3 8150 8166 8168
3 8151 8167 8166
3 8157 8168 8167
3 8166 8167 8168
3 8150 8168 8170
3 8157 8169 8168
3 8160 8170 8169
3 8168 8169 8170
3 8150 8170 8162
3 8160 8171 8170
3 8161 8162 8171
3 8170 8171 8162
3 8151 8165 8173
3 8155 8172 8165
3 8159 8173 8172
3 8165 8172 8173
3 8155 8163 8175
3 8161 8174 8163
3 8154 8175 8174
3 8163 8174 8175
3 8161 8171 8177
3 8160 8176 8171
3 8152 8177 8176
3 8171 8176 8177
3 8160 8169 8179
3 8157 8178 8169
3 8156 8179 8178
3 8169 8178 8179
3 8157 8167 8181
3 8151 8180 8167
3 8158 8181 8180
3 8167 8180 8181
3 8153 8182 8184
3 8159 8183 8182
3 8154 8184 8183
3 8182 8183 8184
3 8153 8184 8186
3 8154 8185 8184
3 8152 8186 8185
3 8184 8185 8186
3 8153 8186 8188
3 8152 8187 8186
3 8156 8188 8187
3 8186 8187 8188
3 8153 8188 8190
3 8156 8189 8188
3 8158 8190 8189
3 8188 8189 8190
3 8153 8190 8182
3 8158 8191 8190
3 8159 8182 8191
3 8190 8191 8182
3 8154 8183 8175
3 8159 8172 8183
3 8155 8175 8172
3 8183 8172 8175
3 8152 8185 8177
3 8154 8174 8185
3 8161 8177 8174
3 8185 8174 8177
3 8156 8187 8179
3 8152 8176 8187
3 8160 8179 8176
3 8187 8176 8179
3 8158 8189 8181
3 8156 8178 8189
3 8157 8181 8178
3 8189 8178 8181
3 8159 8191 8173
3 8158 8180 8191
3 8151 8173 8180
3 8191 8180 8173
3 8192 8204 8206
3 8203 8205 8204
3 8197 8206 8205
3 8204 8205 8206
3 8192 8206 8208
3 8197 8207 8206
3 8193 8208 8207
3 8206 8207 8208
3 8192 8208 8210
3 8193 8209 8208
3 8199 8210 8209
3 8208 8209 8210
3 8192 8210 8212
3 8199 8211 8210
3 8202 8212 8211
3 8210 8211 8212
3 8192 8212 8204
3 8202 8213 8212
3 8203 8204 8213
3 8212 8213 8204
3 8193 8207 8215
3 8197 8214 8207
3 8201 8215 8214
3 8207 8214 8215
3 8197 8205 8217
3 8203 8216 8205
3 8196 8217 8216
3 8205 8216 8217
3 8203 8213 8219
3 8202 8218 8213
3 8194 8219 8218
3 8213 8218 8219
3 8202 8211 8221
3 8199 8220 8211
3 8198 8221 8220
3 8211 8220 8221
3 8199 8209 8223
3 8193 8222 8209
3 8200 8223 8222
3 8209 8222 8223
3 8195 8224 8226
3 8201 8225 8224
3 8196 8226 8225
3 8224 8225 8226
3 8195 8226 8228
3 8196 8227 8226
3 8194 8228 8227
3 8226 8227 8228
3 8195 8228 8230
3 8194 8229 8228
3 8198 8230 8229
3 8228 8229 8230
3 8195 8230 8232
3 8198 8231 8230
3 8200 8232 8231
3 8230 8231 8232
3 8195 8232 8224
3 8200 8233 8232
3 8201 8224 8233
3 8232 8233 8224
3 8196 8225 8217
3 8201 8214 8225
3 8197 8217 8214
3 8225 8214 8217
3 8194 8227 8219
3 8196 8216 8227
3 8203 8219 8216
3 8227 8216 8219
3 8198 8229 8221
3 8194 8218 8229
3 8202 8221 8218
3 8229 8218 8221
3 8200 8231 8223
3 8198 8220 8231
3 8199 8223 8220
3 8231 8220 8223
3 8201 8233 8215
3 8200 8222 8233
3 8193 8215 8222
3 8233 8222 8215
3 8234 8246 8248
3 8245 8247 8246
3 8239 8248 8247
3 8246 8247 8248
3 8234 8248 8250
3 8239 8249 8248
3 8235 8250 8249
3 8248 8249 8250
3 8234 8250 8252
3 8235 8251 8250
3 8241 8252 8251
3 8250 8251 8252
3 8234 8252 8254
3 8241 8253 8252
3 8244 8254 8253
3 8252 8253 8254
3 8234 8254 8246
3 8244 8255 8254
3 8245 8246 8255
3 8254 8255 8246
3 8235 8249 8257
3 8239 8256 8249
3 8243 8257 8256
3 8249 8256 8257
3 8239 8247 8259
3 8245 8258 8247
3 8238 8259 8258
3 8247 8258 8259
3 8245 8255 8261
3 8244 8260 8255
3 8236 8261 8260
3 8255 8260 8261
3 8244 8253 8263
3 8241 8262 8253
3 8240 8263 8262
3 8253 8262 8263
3 8241 8251 8265
3 8235 8264 8251
3 8242 8265 8264
3 8251 8264 8265
3 8237 8266 8268
3 8243 8267 8266
3 8238 8268 8267
3 8266 8267 8268
3 8237 8268 8270
3 8238 8269 8268
3 8236 8270 8269
3 8268 8269 8270
3 8237 8270 8272
3 8236 8271 8270
3 8240 8272 8271
3 8270 8271 8272
3 8237 8272 8274
3 8240 8273 8272
3 8242 8274 8273
3 8272 8273 8274
3 8237 8274 8266
3 8242 8275 8274
3 8243 8266 8275
3 8274 8275 8266
3 8238 8267 8259
3 8243 8256 8267
3 8239 8259 8256
3 8267 8256 8259
3 8236 8269 8261
3 8238 8258 8269
3 8245 8261 8258
3 8269 8258 8261
3 8240 8271 8263
3 8236 8260 8271
3 8244 8263 8260
3 8271 8260 8263
3 8242 8273 8265
3 8240 8262 8273
3 8241 8265 8262
3 8273 8262 8265
3 8243 8275 8257
3 8242 8264 8275
3 8235 8257 8264
3 8275 8264 8257
3 8276 8288 8290
3 8287 8289 8288
3 8281 8290 8289
3 8288 8289 8290
3 8276 8290 8292
3 8281 8291 8290
3 8277 8292 8291
3 8290 8291 8292
3 8276 8292 8294
3 8277 8293 8292
3 8283 8294 8293
3 8292 8293 8294
3 8276 8294 8296
3 8283 8295 8294
3 8286 8296 8295
3 8294 8295 8296
3 8276 8296 8288
3 8286 8297 8296
3 8287 8288 8297
3 8296 8297 8288
3 8277 8291 8299
3 8281 8298 8291
3 8285 8299 8298
3 8291 8298 8299
3 8281 8289 8301
3 8287 8300 8289
3 8280 8301 8300
3 8289 8300 8301
3 8287 8297 8303
3 8286 8302 8297
3 8278 8303 8302
3 8297 8302 8303
3 8286 8295 8305
3 8283 8304 8295
3 8282 8305 8304
3 8295 8304 8305
3 8283 8293 8307
3 8277 8306 8293
3 8284 8307 8306
3 8293 8306 8307
3 8279 8308 8310
3 8285 8309 8308
3 8280 8310 8309
3 8308 8309 8310
3 8279 8310 8312
3 8280 8311 8310
3 8278 8312 8311
3 8310 8311 8312
3 8279 8312 8314
3 8278 8313 8312
3 8282 8314 8313
3 8312 8313 8314
3 8279 8314 8316
3 8282 8315 8314
3 8284 8316 8315
3 8314 8315 8316
3 8279 8316 8308
3 8284 8317 8316
3 8285 8308 8317
3 8316 8317 8308
3 8280 8309 8301
3 8285 8298 8309
3 8281 8301 8298
3 8309 8298 8301
3 8278 8311 8303
3 8280 8300 8311
3 8287 8303 8300
3 8311 8300 8303
3 8282 8313 8305
3 8278 8302 8313
3 8286 8305 8302
3 8313 8302 8305
3 8284 8315 8307
3 8282 8304 8315
3 8283 8307 8304
3 8315 8304 8307
3 8285 8317 8299
3 8284 8306 8317
3 8277 8299 8306
3 8317 8306 8299
3 8318 8330 8332
3 8329 8331 8330
3 8323 8332 8331
3 8330 8331 8332
3 8318 8332 8334
3 8323 8333 8332
3 8319 8334 8333
3 8332 8333 8334
3 8318 8334 8336
3 8319 8335 8334
3 8325 8336 8335
3 8334 8335 8336
3 8318 8336 8338
3 8325 8337 8336
3 8328 8338 8337
3 8336 8337 8338
3 8318 8338 8330
3 8328 8339 8338
3 8329 8330 8339
3 8338 8339 8330
3 8319 8333 8341
3 8323 8340 8333
3 8327 8341 8340
3 8333 8340 8341
3 8323 8331 8343
3 8329 8342 8331
3 8322 8343 8342
3 8331 8342 8343
3 8329 8339 8345
3 8328 8344 8339
3 8320 8345 8344
3 8339 8344 8345
3 8328 8337 8347
3 8325 8346 8337
3 8324 8347 8346
3 8337 8346 8347
3 8325 8335 8349
3 8319 8348 8335
3 8326 8349 8348
3 8335 8348 8349
3 8321 8350 8352
3 8327 8351 8350
3 8322 8352 8351
3 8350 8351 8352
3 8321 8352 8354
3 8322 8353 8352
3 8320 8354 8353
3 8352 8353 8354
3 8321 8354 8356
3 8320 8355 8354
3 8324 8356 8355
3 8354 8355 8356
3 8321 8356 8358
3 8324 8357 8356
3 8326 8358 8357
3 8356 8357 8358
3 8321 8358 8350
3 8326 8359 8358
3 8327 8350 8359
3 8358 8359 8350
3 8322 8351 8343
3 8327 8340 8351
3 8323 8343 8340
3 8351 8340 8343
3 8320 8353 8345
3 8322 8342 8353
3 8329 8345 8342
3 8353 8342 8345
3 8324 8355 8347
3 8320 8344 8355
3 8328 8347 8344
3 8355 8344 8347
3 8326 8357 8349
3 8324 8346 8357
3 8325 8349 8346
3 8357 8346 8349
3 8327 8359 8341
3 8326 8348 8359
3 8319 8341 8348
3 8359 8348 8341
3 8360 8372 8374
3 8371 8373 8372
3 8365 8374 8373
3 8372 8373 8374
3 8360 8374 8376
3 8365 8375 8374
3 8361 8376 8375
3 8374 8375 8376
3 8360 8376 8378
3 8361 8377 8376
3 8367 8378 8377
3 8376 8377 8378
3 8360 8378 8380
3 8367 8379 8378
3 8370 8380 8379
3 8378 8379 8380
3 8360 8380 8372
3 8370 8381 8380
3 8371 8372 8381
3 8380 8381 8372
3 8361 8375 8383
3 8365 8382 8375
3 8369 8383 8382
3 8375 8382 8383
3 8365 8373 8385
3 8371 8384 8373
3 8364 8385 8384
3 8373 8384 8385
3 8371 8381 8387
3 8370 8386 8381
3 8362 8387 8386
3 8381 8386 8387
3 8370 8379 8389
3 8367 8388 8379
3 8366 8389 8388
3 8379 8388 8389
3 8367 8377 8391
3 8361 8390 8377
3 8368 8391 8390
3 8377 8390 8391
3 8363 8392 8394
3 8369 8393 8392
3 8364 8394 8393
3 8392 8393 8394
3 8363 8394 8396
3 8364 8395 8394
3 8362 8396 8395
3 8394 8395 8396
3 8363 8396 8398
3 8362 8397 8396
3 8366 8398 8397
3 8396 8397 8398
3 8363 8398 8400
3 8366 8399 8398
3 8368 8400 8399
3 8398 8399 8400
3 8363 8400 8392
3 8368 8401 8400
3 8369 8392 8401
3 8400 8401 8392
3 8364 8393 8385
3 8369 8382 8393
3 8365 8385 8382
3 8393 8382 8385
3 8362 8395 8387
3 8364 8384 8395
3 8371 8387 8384
3 8395 8384 8387
3 8366 8397 8389
3 8362 8386 8397
3 8370 8389 8386
3 8397 8386 8389
3 8368 8399 8391
3 8366 8388 8399
3 8367 8391 8388
3 8399 8388 8391
3 8369 8401 8383
3 8368 8390 8401
3 8361 8383 8390
3 8401 8390 8383
3 8402 8414 8416
3 8413 8415 8414
3 8407 8416 8415
3 8414 8415 8416
3 8402 8416 8418
3 8407 8417 8416
3 8403 8418 8417
3 8416 8417 8418
3 8402 8418 8420
3 8403 8419 8418
3 8409 8420 8419
3 8418 8419 8420
3 8402 8420 8422
3 8409 8421 8420
3 8412 8422 8421
3 8420 8421 8422
3 8402 8422 8414
3 8412 8423 8422
3 8413 8414 8423
3 8422 8423 8414
3 8403 8417 8425
3 8407 8424 8417
3 8411 8425 8424
3 8417 8424 8425
3 8407 8415 8427
3 8413 8426 8415
3 8406 8427 8426
3 8415 8426 8427
3 8413 8423 8429
3 8412 8428 8423
3 8404 8429 8428
3 8423 8428 8429
3 8412 8421 8431
3 8409 8430 8421
3 8408 8431 8430
3 8421 8430 8431
3 8409 8419 8433
3 8403 8432 8419
3 8410 8433 8432
3 8419 8432 8433
3 8405 8434 8436
3 8411 8435 8434
3 8406 8436 8435
3 8434 8435 8436
3 8405 8436 8438
3 8406 8437 8436
3 8404 8438 8437
3 8436 8437 8438
3 8405 8438 8440
3 8404 8439 8438
3 8408 8440 8439
3 8438 8439 8440
3 8405 8440 8442
3 8408 8441 8440
3 8410 8442 8441
3 8440 8441 8442
3 8405 8442 8434
3 8410 8443 8442
3 8411 8434 8443
3 8442 8443 8434
3 8406 8435 8427
3 8411 8424 8435
3 8407 8427 8424
3 8435 8424 8427
3 8404 8437 8429
3 8406 8426 8437
3 8413 8429 8426
3 8437 8426 8429
3 8408 8439 8431
3 8404 8428 8439
3 8412 8431 8428
3 8439 8428 8431
3 8410 8441 8433
3 8408 8430 8441
3 8409 8433 8430
3 8441 8430 8433
3 8411 8443 8425
3 8410 8432 8443
3 8403 8425 8432
3 8443 8432 8425
3 8444 8456 8458
3 8455 8457 8456
3 8449 8458 8457
3 8456 8457 8458
3 8444 8458 8460
3 8449 8459 8458
3 8445 8460 8459
3 8458 8459 8460
3 8444 8460 8462
3 8445 8461 8460
3 8451 8462 8461
3 8460 8461 8462
3 8444 8462 8464
3 8451 8463 8462
3 8454 8464 8463
3 8462 8463 8464
3 8444 8464 8456
3 8454 8465 8464
3 8455 8456 8465
3 8464 8465 8456
3 8445 8459 8467
3 8449 8466 8459
3 8453 8467 8466
3 8459 8466 8467
3 8449 8457 8469
3 8455 8468 8457
3 8448 8469 8468
3 8457 8468 8469
3 8455 8465 8471
3 8454 8470 8465
3 8446 8471 8470
3 8465 8470 8471
3 8454 8463 8473
3 8451 8472 8463
3 8450 8473 8472
3 8463 8472 8473
3 8451 8461 8475
3 8445 8474 8461
3 8452 8475 8474
3 8461 8474 8475
3 8447 8476 8478
3 8453 8477 8476
3 8448 8478 8477
3 8476 8477 8478
3 8447 8478 8480
3 8448 8479 8478
3 8446 8480 8479
3 8478 8479 8480
3 8447 8480 8482
3 8446 8481 8480
3 8450 8482 8481
3 8480 8481 8482
3 8447 8482 8484
3 8450 8483 8482
3 8452 8484 8483
3 8482 8483 8484
3 8447 8484 8476
3 8452 8485 8484
3 8453 8476 8485
3 8484 8485 8476
3 8448 8477 8469
3 8453 8466 8477
3 8449 8469 8466
3 8477 8466 8469
3 8446 8479 8471
3 8448 8468 8479
3 8455 8471 8468
3 8479 8468 8471
3 8450 8481 8473
3 8446 8470 8481
3 8454 8473 8470
3 8481 8470 8473
3 8452 8483 8475
3 8450 8472 8483
3 8451 8475 8472
3 8483 8472 8475
3 8453 8485 8467
3 8452 8474 8485
3 8445 8467 8474
3 8485 8474 8467
3 8486 8498 8500
3 8497 8499 8498
3 8491 8500 8499
3 8498 8499 8500
3 8486 8500 8502
3 8491 8501 8500
3 8487 8502 8501
3 8500 8501 8502
3 8486 8502 8504
3 8487 8503 8502
3 8493 8504 8503
3 8502 8503 8504
3 8486 8504 8506
3 8493 8505 8504
3 8496 8506 8505
3 8504 8505 8506
3 8486 8506 8498
3 8496 8507 8506
3 8497 8498 8507
3 8506 8507 8498
3 8487 8501 8509
3 8491 8508 8501
3 8495 8509 8508
3 8501 8508 8509
3 8491 8499 8511
3 8497 8510 8499
3 8490 8511 8510
3 8499 8510 8511
3 8497 8507 8513
3 8496 8512 8507
3 8488 8513 8512
3 8507 8512 8513
3 8496 8505 8515
3 8493 8514 8505
3 8492 8515 8514
3 8505 8514 8515
3 8493 8503 8517
3 8487 8516 8503
3 8494 8517 8516
3 8503 8516 8517
3 8489 8518 8520
3 8495 8519 8518
3 8490 8520 8519
3 8518 8519 8520
3 8489 8520 8522
3 8490 8521 8520
3 8488 8522 8521
3 8520 8521 8522
3 8489 8522 8524
3 8488 8523 8522
3 8492 8524 8523
3 8522 8523 8524
3 8489 8524 8526
3 8492 8525 8524
3 8494 8526 8525
3 8524 8525 8526
3 8489 8526 8518
3 8494 8527 8526
3 8495 8518 8527
3 8526 8527 8518
3 8490 8519 8511
3 8495 8508 8519
3 8491 8511 8508
3 8519 8508 8511
3 8488 8521 8513
3 8490 8510 8521
3 8497 8513 8510
3 8521 8510 8513
3 8492 8523 8515
3 8488 8512 8523
3 8496 8515 8512
3 8523 8512 8515
3 8494 8525 8517
3 8492 8514 8525
3 8493 8517 8514
3 8525 8514 8517
3 8495 8527 8509
3 8494 8516 8527
3 8487 8509 8516
3 8527 8516 8509
3 8528 8540 8542
3 8539 8541 8540
3 8533 8542 8541
3 8540 8541 8542
3 8528 8542 8544
3 8533 8543 8542
3 8529 8544 8543
3 8542 8543 8544
3 8528 8544 8546
3 8529 8545 8544
3 8535 8546 8545
3 8544 8545 8546
3 8528 8546 8548
3 8535 8547 8546
3 8538 8548 8547
3 8546 8547 8548
3 8528 8548 8540
3 8538 8549 8548
3 8539 8540 8549
3 8548 8549 8540
3 8529 8543 8551
3 8533 8550 8543
3 8537 8551 8550
3 8543 8550 8551
3 8533 8541 8553
3 8539 8552 8541
3 8532 8553 8552
3 8541 8552 8553
3 8539 8549 8555
3 8538 8554 8549
3 8530 8555 8554
3 8549 8554 8555
3 8538 8547 8557
3 8535 8556 8547
3 8534 8557 8556
3 8547 8556 8557
3 8535 8545 8559
3 8529 8558 8545
3 8536 8559 8558
3 8545 8558 8559
3 8531 8560 8562
3 8537 8561 8560
3 8532 8562 8561
3 8560 8561 8562
3 8531 8562 8564
3 8532 8563 8562
3 8530 8564 8563
3 8562 8563 8564
3 8531 8564 8566
3 8530 8565 8564
3 8534 8566 8565
3 8564 8565 8566
3 8531 8566 8568
3 8534 8567 8566
3 8536 8568 8567
3 8566 8567 8568
3 8531 8568 8560
3 8536 8569 8568
3 8537 8560 8569
3 8568 8569 8560
3 8532 8561 8553
3 8537 8550 8561
3 8533 8553 8550
3 8561 8550 8553
3 8530 8563 8555
3 8532 8552 8563
3 8539 8555 8552
3 8563 8552 8555
3 8534 8565 8557
3 8530 8554 8565
3 8538 8557 8554
3 8565 8554 8557
3 8536 8567 8559
3 8534 8556 8567
3 8535 8559 8556
3 8567 8556 8559
3 8537 8569 8551
3 8536 8558 8569
3 8529 8551 8558
3 8569 8558 8551
3 8570 8582 8584
3 8581 8583 8582
3 8575 8584 8583
3 8582 8583 8584
3 8570 8584 8586
3 8575 8585 8584
3 8571 8586 8585
3 8584 8585 8586
3 8570 8586 8588
3 8571 8587 8586
3 8577 8588 8587
3 8586 8587 8588
3 8570 8588 8590
3 8577 8589 8588
3 8580 8590 8589
3 8588 8589 8590
3 8570 8590 8582
3 8580 8591 8590
3 8581 8582 8591
3 8590 8591 8582
3 8571 8585 8593
3 8575 8592 8585
3 8579 8593 8592
3 8585 8592 8593
3 8575 8583 8595
3 8581 8594 8583
3 8574 8595 8594
3 8583 8594 8595
3 8581 8591 8597
3 8580 8596 8591
3 8572 8597 8596
3 8591 8596 8597
3 8580 8589 8599
3 8577 8598 8589
3 8576 8599 8598
3 8589 8598 8599
3 8577 8587 8601
3 8571 8600 8587
3 8578 8601 8600
3 8587 8600 8601
3 8573 8602 8604
3 8579 8603 8602
3 8574 8604 8603
3 8602 8603 8604
3 8573 8604 8606
3 8574 8605 8604
3 8572 8606 8605
3 8604 8605 8606
3 8573 8606 8608
3 8572 8607 8606
3 8576 8608 8607
3 8606 8607 8608
3 8573 8608 8610
3 8576 8609 8608
3 8578 8610 8609
3 8608 8609 8610
3 8573 8610 8602
3 8578 8611 8610
3 8579 8602 8611
3 8610 8611 8602
3 8574 8603 8595
3 8579 8592 8603
3 8575 8595 8592
3 8603 8592 8595
3 8572 8605 8597
3 8574 8594 8605
3 8581 8597 8594
3 8605 8594 8597
3 8576 8607 8599
3 8572 8596 8607
3 8580 8599 8596
3 8607 8596 8599
3 8578 8609 8601
3 8576 8598 8609
3 8577 8601 8598
3 8609 8598 8601
3 8579 8611 8593
3 8578 8600 8611
3 8571 8593 8600
3 8611 8600 8593
3 8612 8624 8626
3 8623 8625 8624
3 8617 8626 8625
3 8624 8625 8626
3 8612 8626 8628
3 8617 8627 8626
3 8613 8628 8627
3 8626 8627 8628
3 8612 8628 8630
3 8613 8629 8628
3 8619 8630 8629
3 8628 8629 8630
3 8612 8630 8632
3 8619 8631 8630
3 8622 8632 8631
3 8630 8631 8632
3 8612 8632 8624
3 8622 8633 8632
3 8623 8624 8633
3 8632 8633 8624
3 8613 8627 8635
3 8617 8634 8627
3 8621 8635 8634
3 8627 8634 8635
3 8617 8625 8637
3 8623 8636 8625
3 8616 8637 8636
3 8625 8636 8637
3 8623 8633 8639
3 8622 8638 8633
3 8614 8639 8638
3 8633 8638 8639
3 8622 8631 8641
3 8619 8640 8631
3 8618 8641 8640
3 8631 8640 8641
3 8619 8629 8643
3 8613 8642 8629
3 8620 8643 8642
3 8629 8642 8643
3 8615 8644 8646
3 8621 8645 8644
3 8616 8646 8645
3 8644 8645 8646
3 8615 8646 8648
3 8616 8647 8646
3 8614 8648 8647
3 8646 8647 8648
3 8615 8648 8650
3 8614 8649 8648
3 8618 8650 8649
3 8648 8649 8650
3 8615 8650 8652
3 8618 8651 8650
3 8620 8652 8651
3 8650 8651 8652
3 8615 8652 8644
3 8620 8653 8652
3 8621 8644 8653
3 8652 8653 8644
3 8616 8645 8637
3 8621 8634 8645
3 8617 8637 8634
3 8645 8634 8637
3 8614 8647 8639
3 8616 8636 8647
3 8623 8639 8636
3 8647 8636 8639
3 8618 8649 8641
3 8614 8638 8649
3 8622 8641 8638
3 8649 8638 8641
3 8620 8651 8643
3 8618 8640 8651
3 8619 8643 8640
3 8651 8640 8643
3 8621 8653 8635
3 8620 8642 8653
3 8613 8635 8642
3 8653 8642 8635
3 8654 8666 8668
3 8665 8667 8666
3 8659 8668 8667
3 8666 8667 8668
3 8654 8668 8670
3 8659 8669 8668
3 8655 8670 8669
3 8668 8669 8670
3 8654 8670 8672
3 8655 8671 8670
3 8661 8672 8671
3 8670 8671 8672
3 8654 8672 8674
3 8661 8673 8672
3 8664 8674 8673
3 8672 8673 8674
3 8654 8674 8666
3 8664 8675 8674
3 8665 8666 8675
3 8674 8675 8666
3 8655 8669 8677
3 8659 8676 8669
3 8663 8677 8676
3 8669 8676 8677
3 8659 8667 8679
3 8665 8678 8667
3 8658 8679 8678
3 8667 8678 8679
3 8665 8675 8681
3 8664 8680 8675
3 8656 8681 8680
3 8675 8680 8681
3 8664 8673 8683
3 8661 8682 8673
3 8660 8683 8682
3 8673 8682 8683
3 8661 8671 8685
3 8655 8684 8671
3 8662 8685 8684
3 8671 8684 8685
3 8657 8686 8688
3 8663 8687 8686
3 8658 8688 8687
3 8686 8687 8688
3 8657 8688 8690
3 8658 8689 8688
3 8656 8690 8689
3 8688 8689 8690
3 8657 8690 8692
3 8656 8691 8690
3 8660 8692 8691
3 8690 8691 8692
3 8657 8692 8694
3 8660 8693 8692
3 8662 8694 8693
3 8692 8693 8694
3 8657 8694 8686
3 8662 8695 8694
3 8663 8686 8695
3 8694 8695 8686
3 8658 8687 8679
3 8663 8676 8687
3 8659 8679 8676
3 8687 8676 8679
3 8656 8689 8681
3 8658 8678 8689
3 8665 8681 8678
3 8689 8678 8681
3 8660 8691 8683
3 8656 8680 8691
3 8664 8683 8680
3 8691 8680 8683
3 8662 8693 8685
3 8660 8682 8693
3 8661 8685 8682
3 8693 8682 8685
3 8663 8695 8677
3 8662 8684 8695
3 8655 8677 8684
3 8695 8684 8677
3 8696 8708 8710
3 8707 8709 8708
3 8701 8710 8709
3 8708 8709 8710
3 8696 8710 8712
3 8701 8711 8710
3 8697 8712 8711
3 8710 8711 8712
3 8696 8712 8714
3 8697 8713 8712
3 8703 8714 8713
3 8712 8713 8714
3 8696 8714 8716
3 8703 8715 8714
3 8706 8716 8715
3 8714 8715 8716
3 8696 8716 8708
3 8706 8717 8716
3 8707 8708 8717
3 8716 8717 8708
3 8697 8711 8719
3 8701 8718 8711
3 8705 8719 8718
3 8711 8718 8719
3 8701 8709 8721
3 8707 8720 8709
3 8700 8721 8720
3 8709 8720 8721
3 8707 8717 8723
3 8706 8722 8717
3 8698 8723 8722
3 8717 8722 8723
3 8706 8715 8725
3 8703 8724 8715
3 8702 8725 8724
3 8715 8724 8725
3 8703 8713 8727
3 8697 8726 8713
3 8704 8727 8726
3 8713 8726 8727
3 8699 8728 8730
3 8705 8729 8728
3 8700 8730 8729
3 8728 8729 8730
3 8699 8730 8732
3 8700 8731 8730
3 8698 8732 8731
3 8730 8731 8732
3 8699 8732 8734
3 8698 8733 8732
3 8702 8734 8733
3 8732 8733 8734
3 8699 8734 8736
3 8702 8735 8734
3 8704 8736 8735
3 8734 8735 8736
3 8699 8736 8728
3 8704 8737 8736
3 8705 8728 8737
3 8736 8737 8728
3 8700 8729 8721
3 8705 8718 8729
3 8701 8721 8718
3 8729 8718 8721
3 8698 8731 8723
3 8700 8720 8731
3 8707 8723 8720
3 8731 8720 8723
3 8702 8733 8725
3 8698 8722 8733
3 8706 8725 8722
3 8733 8722 8725
3 8704 8735 8727
3 8702 8724 8735
3 8703 8727 8724
3 8735 8724 8727
3 8705 8737 8719
3 8704 8726 8737
3 8697 8719 8726
3 8737 8726 8719
3 8738 8750 8752
3 8749 8751 8750
3 8743 8752 8751
3 8750 8751 8752
3 8738 8752 8754
3 8743 8753 8752
3 8739 8754 8753
3 8752 8753 8754
3 8738 8754 8756
3 8739 8755 8754
3 8745 8756 8755
3 8754 8755 8756
3 8738 8756 8758
3 8745 8757 8756
3 8748 8758 8757
3 8756 8757 8758
3 8738 8758 8750
3 8748 8759 8758
3 8749 8750 8759
3 8758 8759 8750
3 8739 8753 8761
3 8743 8760 8753
3 8747 8761 8760
3 8753 8760 8761
3 8743 8751 8763
3 8749 8762 8751
3 8742 8763 8762
3 8751 8762 8763
3 8749 8759 8765
3 8748 8764 8759
3 8740 8765 8764
3 8759 8764 8765
3 8748 8757 8767
3 8745 8766 8757
3 8744 8767 8766
3 8757 8766 8767
3 8745 8755 8769
3 8739 8768 8755
3 8746 8769 8768
3 8755 8768 8769
3 8741 8770 8772
3 8747 8771 8770
3 8742 8772 8771
3 8770 8771 8772
3 8741 8772 8774
3 8742 8773 8772
3 8740 8774 8773
3 8772 8773 8774
3 8741 8774 8776
3 8740 8775 8774
3 8744 8776 8775
3 8774 8775 8776
3 8741 8776 8778
3 8744 8777 8776
3 8746 8778 8777
3 8776 8777 8778
3 8741 8778 8770
3 8746 8779 8778
3 8747 8770 8779
3 8778 8779 8770
3 8742 8771 8763
3 8747 8760 8771
3 8743 8763 8760
3 8771 8760 8763
3 8740 8773 8765
3 8742 8762 8773
3 8749 8765 8762
3 8773 8762 8765
3 8744 8775 8767
3 8740 8764 8775
3 8748 8767 8764
3 8775 8764 8767
3 8746 8777 8769
3 8744 8766 8777
3 8745 8769 8766
3 8777 8766 8769
3 8747 8779 8761
3 8746 8768 8779
3 8739 8761 8768
3 8779 8768 8761
3 8780 8792 8794
3 8791 8793 8792
3 8785 8794 8793
3 8792 8793 8794
3 8780 8794 8796
3 8785 8795 8794
3 8781 8796 8795
3 8794 8795 8796
3 8780 8796 8798
3 8781 8797 8796
3 8787 8798 8797
3 8796 8797 8798
3 8780 8798 8800
3 8787 8799 8798
3 8790 8800 8799
3 8798 8799 8800
3 8780 8800 8792
3 8790 8801 8800
3 8791 8792 8801
3 8800 8801 8792
3 8781 8795 8803
3 8785 8802 8795
3 8789 8803 8802
3 8795 8802 8803
3 8785 8793 8805
3 8791 8804 8793
3 8784 8805 8804
3 8793 8804 8805
3 8791 8801 8807
3 8790 8806 8801
3 8782 8807 8806
3 8801 8806 8807
3 8790 8799 8809
3 8787 8808 8799
3 8786 8809 8808
3 8799 8808 8809
3 8787 8797 8811
3 8781 8810 8797
3 8788 8811 8810
3 8797 8810 8811
3 8783 8812 8814
3 8789 8813 8812
3 8784 8814 8813
3 8812 8813 8814
3 8783 8814 8816
3 8784 8815 8814
3 8782 8816 8815
3 8814 8815 8816
3 8783 8816 8818
3 8782 8817 8816
3 8786 8818 8817
3 8816 8817 8818
3 8783 8818 8820
3 8786 8819 8818
3 8788 8820 8819
3 8818 8819 8820
3 8783 8820 8812
3 8788 8821 8820
3 8789 8812 8821
3 8820 8821 8812
3 8784 8813 8805
3 8789 8802 8813
3 8785 8805 8802
3 8813 8802 8805
3 8782 8815 8807
3 8784 8804 8815
3 8791 8807 8804
3 8815 8804 8807
3 8786 8817 8809
3 8782 8806 8817
3 8790 8809 8806
3 8817 8806 8809
3 8788 8819 8811
3 8786 8808 8819
3 8787 8811 8808
3 8819 8808 8811
3 8789 8821 8803
3 8788 8810 8821
3 8781 8803 8810
3 8821 8810 8803
3 8822 8834 8836
3 8833 8835 8834
3 8827 8836 8835
3 8834 8835 8836
3 8822 8836 8838
3 8827 8837 8836
3 8823 8838 8837
3 8836 8837 8838
3 8822 8838 8840
3 8823 8839 8838
3 8829 8840 8839
3 8838 8839 8840
3 8822 8840 8842
3 8829 8841 8840
3 8832 8842 8841
3 8840 8841 8842
3 8822 8842 8834
3 8832 8843 8842
3 8833 8834 8843
3 8842 8843 8834
3 8823 8837 8845
3 8827 8844 8837
3 8831 8845 8844
3 8837 8844 8845
3 8827 8835 8847
3 8833 8846 8835
3 8826 8847 8846
3 8835 8846 8847
3 8833 8843 8849
3 8832 8848 8843
3 8824 8849 8848
3 8843 8848 8849
3 8832 8841 8851
3 8829 8850 8841
3 8828 8851 8850
3 8841 8850 8851
3 8829 8839 8853
3 8823 8852 8839
3 8830 8853 8852
3 8839 8852 8853
3 8825 8854 8856
3 8831 8855 8854
3 8826 8856 8855
3 8854 8855 8856
3 8825 8856 8858
3 8826 8857 8856
3 8824 8858 8857
3 8856 8857 8858
3 8825 8858 8860
3 8824 8859 8858
3 8828 8860 8859
3 8858 8859 8860
3 8825 8860 8862
3 8828 8861 8860
3 8830 8862 8861
3 8860 8861 8862
3 8825 8862 8854
3 8830 8863 8862
3 8831 8854 8863
3 8862 8863 8854
3 8826 8855 8847
3 8831 8844 8855
3 8827 8847 8844
3 8855 8844 8847
3 8824 8857 8849
3 8826 8846 8857
3 8833 8849 8846
3 8857 8846 8849
3 8828 8859 8851
3 8824 8848 8859
3 8832 8851 8848
3 8859 8848 8851
3 8830 8861 8853
3 8828 8850 8861
3 8829 8853 8850
3 8861 8850 8853
3 8831 8863 8845
3 8830 8852 8863
3 8823 8845 8852
3 8863 8852 8845
3 8864 8876 8878
3 8875 8877 8876
3 8869 8878 8877
3 8876 8877 8878
3 8864 8878 8880
3 8869 8879 8878
3 8865 8880 8879
3 8878 8879 8880
3 8864 8880 8882
3 8865 8881 8880
3 8871 8882 8881
3 8880 8881 8882
3 8864 8882 8884
3 8871 8883 8882
3 8874 8884 8883
3 8882 8883 8884
3 8864 8884 8876
3 8874 8885 8884
3 8875 8876 8885
3 8884 8885 8876
3 8865 8879 8887
3 8869 8886 8879
3 8873 8887 8886
3 8879 8886 8887
3 8869 8877 8889
3 8875 8888 8877
3 8868 8889 8888
3 8877 8888 8889
3 8875 8885 8891
3 8874 8890 8885
3 8866 8891 8890
3 8885 8890 8891
3 8874 8883 8893
3 8871 8892 8883
3 8870 8893 8892
3 8883 8892 8893
3 8871 8881 8895
3 8865 8894 8881
3 8872 8895 8894
3 8881 8894 8895
3 8867 8896 8898
3 8873 8897 8896
3 8868 8898 8897
3 8896 8897 8898
3 8867 8898 8900
3 8868 8899 8898
3 8866 8900 8899
3 8898 8899 8900
3 8867 8900 8902
3 8866 8901 8900
3 8870 8902 8901
3 8900 8901 8902
3 8867 8902 8904
3 8870 8903 8902
3 8872 8904 8903
3 8902 8903 8904
3 8867 8904 8896
3 8872 8905 8904
3 8873 8896 8905
3 8904 8905 8896
3 8868 8897 8889
3 8873 8886 8897
3 8869 8889 8886
3 8897 8886 8889
3 8866 8899 8891
3 8868 8888 8899
3 8875 8891 8888
3 8899 8888 8891
3 8870 8901 8893
3 8866 8890 8901
3 8874 8893 8890
3 8901 8890 8893
3 8872 8903 8895
3 8870 8892 8903
3 8871 8895 8892
3 8903 8892 8895
3 8873 8905 8887
3 8872 8894 8905
3 8865 8887 8894
3 8905 8894 8887
3 8906 8918 8920
3 8917 8919 8918
3 8911 8920 8919
3 8918 8919 8920
3 8906 8920 8922
3 8911 8921 8920
3 8907 8922 8921
3 8920 8921 8922
3 8906 8922 8924
3 8907 8923 8922
3 8913 8924 8923
3 8922 8923 8924
3 8906 8924 8926
3 8913 8925 8924
3 8916 8926 8925
3 8924 8925 8926
3 8906 8926 8918
3 8916 8927 8926
3 8917 8918 8927
3 8926 8927 8918
3 8907 8921 8929
3 8911 8928 8921
3 8915 8929 8928
3 8921 8928 8929
3 8911 8919 8931
3 8917 8930 8919
3 8910 8931 8930
3 8919 8930 8931
3 8917 8927 8933
3 8916 8932 8927
3 8908 8933 8932
3 8927 8932 8933
3 8916 8925 8935
3 8913 8934 8925
3 8912 8935 8934
3 8925 8934 8935
3 8913 8923 8937
3 8907 8936 8923
3 8914 8937 8936
3 8923 8936 8937
3 8909 8938 8940
3 8915 8939 8938
3 8910 8940 8939
3 8938 8939 8940
3 8909 8940 8942
3 8910 8941 8940
3 8908 8942 8941
3 8940 8941 8942
3 8909 8942 8944
3 8908 8943 8942
3 8912 8944 8943
3 8942 8943 8944
3 8909 8944 8946
3 8912 8945 8944
3 8914 8946 8945
3 8944 8945 8946
3 8909 8946 8938
3 8914 8947 8946
3 8915 8938 8947
3 8946 8947 8938
3 8910 8939 8931
3 8915 8928 8939
3 8911 8931 8928
3 8939 8928 8931
3 8908 8941 8933
3 8910 8930 8941
3 8917 8933 8930
3 8941 8930 8933
3 8912 8943 8935
3 8908 8932 8943
3 8916 8935 8932
3 8943 8932 8935
3 8914 8945 8937
3 8912 8934 8945
3 8913 8937 8934
3 8945 8934 8937
3 8915 8947 8929
3 8914 8936 8947
3 8907 8929 8936
3 8947 8936 8929
3 8948 8960 8962
3 8959 8961 8960
3 8953 8962 8961
3 8960 8961 8962
3 8948 8962 8964
3 8953 8963 8962
3 8949 8964 8963
3 8962 8963 8964
3 8948 8964 8966
3 8949 8965 8964
3 8955 8966 8965
3 8964 8965 8966
3 8948 8966 8968
3 8955 8967 8966
3 8958 8968 8967
3 8966 8967 8968
3 8948 8968 8960
3 8958 8969 8968
3 8959 8960 8969
3 8968 8969 8960
3 8949 8963 8971
3 8953 8970 8963
3 8957 8971 8970
3 8963 8970 8971
3 8953 8961 8973
3 8959 8972 8961
3 8952 8973 8972
3 8961 8972 8973
3 8959 8969 8975
3 8958 8974 8969
3 8950 8975 8974
3 8969 8974 8975
3 8958 8967 8977
3 8955 8976 8967
3 8954 8977 8976
3 8967 8976 8977
3 8955 8965 8979
3 8949 8978 8965
3 8956 8979 8978
3 8965 8978 8979
3 8951 8980 8982
3 8957 8981 8980
3 8952 8982 8981
3 8980 8981 8982
3 8951 8982 8984
3 8952 8983 8982
3 8950 8984 8983
3 8982 8983 8984
3 8951 8984 8986
3 8950 8985 8984
3 8954 8986 8985
3 8984 8985 8986
3 8951 8986 8988
3 8954 8987 8986
3 8956 8988 8987
3 8986 8987 8988
3 8951 8988 8980
3 8956 8989 8988
3 8957 8980 8989
3 8988 8989 8980
3 8952 8981 8973
3 8957 8970 8981
3 8953 8973 8970
3 8981 8970 8973
3 8950 8983 8975
3 8952 8972 8983
3 8959 8975 8972
3 8983 8972 8975
3 8954 8985 8977
3 8950 8974 8985
3 8958 8977 8974
3 8985 8974 8977
3 8956 8987 8979
3 8954 8976 8987
3 8955 8979 8976
3 8987 8976 8979
3 8957 8989 8971
3 8956 8978 8989
3 8949 8971 8978
3 8989 8978 8971
3 8990 9002 9004
3 9001 9003 9002
3 8995 9004 9003
3 9002 9003 9004
3 8990 9004 9006
3 8995 9005 9004
3 8991 9006 9005
3 9004 9005 9006
3 8990 9006 9008
3 8991 9007 9006
3 8997 9008 9007
3 9006 9007 9008
3 8990 9008 9010
3 8997 9009 9008
3 9000 9010 9009
3 9008 9009 9010
3 8990 9010 9002
3 9000 9011 9010
3 9001 9002 9011
3 9010 9011 9002
3 8991 9005 9013
3 8995 9012 9005
3 8999 9013 9012
3 9005 9012 9013
3 8995 9003 9015
3 9001 9014 9003
3 8994 9015 9014
3 9003 9014 9015
3 9001 9011 9017
3 9000 9016 9011
3 8992 9017 9016
3 9011 9016 9017
3 9000 9009 9019
3 8997 9018 9009
3 8996 9019 9018
3 9009 9018 9019
3 8997 9007 9021
3 8991 9020 9007
3 8998 9021 9020
3 9007 9020 9021
3 8993 9022 9024
3 8999 9023 9022
3 8994 9024 9023
3 9022 9023 9024
3 8993 9024 9026
3 8994 9025 9024
3 8992 9026 9025
3 9024 9025 9026
3 8993 9026 9028
3 8992 9027 9026
3 8996 9028 9027
3 9026 9027 9028
3 8993 9028 9030
3 8996 9029 9028
3 8998 9030 9029
3 9028 9029 9030
3 8993 9030 9022
3 8998 9031 9030
3 8999 9022 9031
3 9030 9031 9022
3 8994 9023 9015
3 8999 9012 9023
3 8995 9015 9012
3 9023 9012 9015
3 8992 9025 9017
3 8994 9014 9025
3 9001 9017 9014
3 9025 9014 9017
3 8996 9027 9019
3 8992 9016 9027
3 9000 9019 9016
3 9027 9016 9019
3 8998 9029 9021
3 8996 9018 9029
3 8997 9021 9018
3 9029 9018 9021
3 8999 9031 9013
3 8998 9020 9031
3 8991 9013 9020
3 9031 9020 9013
3 9032 9044 9046
3 9043 9045 9044
3 9037 9046 9045
3 9044 9045 9046
3 9032 9046 9048
3 9037 9047 9046
3 9033 9048 9047
3 9046 9047 9048
3 9032 9048 9050
3 9033 9049 9048
3 9039 9050 9049
3 9048 9049 9050
3 9032 9050 9052
3 9039 9051 9050
3 9042 9052 9051
3 9050 9051 9052
3 9032 9052 9044
3 9042 9053 9052
3 9043 9044 9053
3 9052 9053 9044
3 9033 9047 9055
3 9037 9054 9047
3 9041 9055 9054
3 9047 9054 9055
3 9037 9045 9057
3 9043 9056 9045
3 9036 9057 9056
3 9045 9056 9057
3 9043 9053 9059
3 9042 9058 9053
3 9034 9059 9058
3 9053 9058 9059
3 9042 9051 9061
3 9039 9060 9051
3 9038 9061 9060
3 9051 9060 9061
3 9039 9049 9063
3 9033 9062 9049
3 9040 9063 9062
3 9049 9062 9063
3 9035 9064 9066
3 9041 9065 9064
3 9036 9066 9065
3 9064 9065 9066
3 9035 9066 9068
3 9036 9067 9066
3 9034 9068 9067
3 9066 9067 9068
3 9035 9068 9070
3 9034 9069 9068
3 9038 9070 9069
3 9068 9069 9070
3 9035 9070 9072
3 9038 9071 9070
3 9040 9072 9071
3 9070 9071 9072
3 9035 9072 9064
3 9040 9073 9072
3 9041 9064 9073
3 9072 9073 9064
3 9036 9065 9057
3 9041 9054 9065
3 9037 9057 9054
3 9065 9054 9057
3 9034 9067 9059
3 9036 9056 9067
3 9043 9059 9056
3 9067 9056 9059
3 9038 9069 9061
3 9034 9058 9069
3 9042 9061 9058
3 9069 9058 9061
3 9040 9071 9063
3 9038 9060 9071
3 9039 9063 9060
3 9071 9060 9063
3 9041 9073 9055
3 9040 9062 9073
3 9033 9055 9062
3 9073 9062 9055
3 9074 9086 9088
3 9085 9087 9086
3 9079 9088 9087
3 9086 9087 9088
3 9074 9088 9090
3 9079 9089 9088
3 9075 9090 9089
3 9088 9089 9090
3 9074 9090 9092
3 9075 9091 9090
3 9081 9092 9091
3 9090 9091 9092
3 9074 9092 9094
3 9081 9093 9092
3 9084 9094 9093
3 9092 9093 9094
3 9074 9094 9086
3 9084 9095 9094
3 9085 9086 9095
3 9094 9095 9086
3 9075 9089 9097
3 9079 9096 9089
3 9083 9097 9096
3 9089 9096 9097
3 9079 9087 9099
3 9085 9098 9087
3 9078 9099 9098
3 9087 9098 9099
3 9085 9095 9101
3 9084 9100 9095
3 9076 9101 9100
3 9095 9100 9101
3 9084 9093 9103
3 9081 9102 9093
3 9080 9103 9102
3 9093 9102 9103
3 9081 9091 9105
3 9075 9104 9091
3 9082 9105 9104
3 9091 9104 9105
3 9077 9106 9108
3 9083 9107 9106
3 9078 9108 9107
3 9106 9107 9108
3 9077 9108 9110
3 9078 9109 9108
3 9076 9110 9109
3 9108 9109 9110
3 9077 9110 9112
3 9076 9111 9110
3 9080 9112 9111
3 9110 9111 9112
3 9077 9112 9114
3 9080 9113 9112
3 9082 9114 9113
3 9112 9113 9114
3 9077 9114 9106
3 9082 9115 9114
3 9083 9106 9115
3 9114 9115 9106
3 9078 9107 9099
3 9083 9096 9107
3 9079 9099 9096
3 9107 9096 9099
3 9076 9109 9101
3 9078 9098 9109
3 9085 9101 9098
3 9109 9098 9101
3 9080 9111 9103
3 9076 9100 9111
3 9084 9103 9100
3 9111 9100 9103
3 9082 9113 9105
3 9080 9102 9113
3 9081 9105 9102
3 9113 9102 9105
3 9083 9115 9097
3 9082 9104 9115
3 9075 9097 9104
3 9115 9104 9097
3 9116 9128 9130
3 9127 9129 9128
3 9121 9130 9129
3 9128 9129 9130
3 9116 9130 9132
3 9121 9131 9130
3 9117 9132 9131
3 9130 9131 9132
3 9116 9132 9134
3 9117 9133 9132
3 9123 9134 9133
3 9132 9133 9134
3 9116 9134 9136
3 9123 9135 9134
3 9126 9136 9135
3 9134 9135 9136
3 9116 9136 9128
3 9126 9137 9136
3 9127 9128 9137
3 9136 9137 9128
3 9117 9131 9139
3 9121 9138 9131
3 9125 9139 9138
3 9131 9138 9139
3 9121 9129 9141
3 9127 9140 9129
3 9120 9141 9140
3 9129 9140 9141
3 9127 9137 9143
3 9126 9142 9137
3 9118 9143 9142
3 9137 9142 9143
3 9126 9135 9145
3 9123 9144 9135
3 9122 9145 9144
3 9135 9144 9145
3 9123 9133 9147
3 9117 9146 9133
3 9124 9147 9146
3 9133 9146 9147
3 9119 9148 9150
3 9125 9149 9148
3 9120 9150 9149
3 9148 9149 9150
3 9119 9150 9152
3 9120 9151 9150
3 9118 9152 9151
3 9150 9151 9152
3 9119 9152 9154
3 9118 9153 9152
3 9122 9154 9153
3 9152 9153 9154
3 9119 9154 9156
3 9122 9155 9154
3 9124 9156 9155
3 9154 9155 9156
3 9119 9156 9148
3 9124 9157 9156
3 9125 9148 9157
3 9156 9157 9148
3 9120 9149 9141
3 9125 9138 9149
3 9121 9141 9138
3 9149 9138 9141
3 9118 9151 9143
3 9120 9140 9151
3 9127 9143 9140
3 9151 9140 9143
3 9122 9153 9145
3 9118 9142 9153
3 9126 9145 9142
3 9153 9142 9145
3 9124 9155 9147
3 9122 9144 9155
3 9123 9147 9144
3 9155 9144 9147
3 9125 9157 9139
3 9124 9146 9157
3 9117 9139 9146
3 9157 9146 9139
3 9158 9170 9172
3 9169 9171 9170
3 9163 9172 9171
3 9170 9171 9172
3 9158 9172 9174
3 9163 9173 9172
3 9159 9174 9173
3 9172 9173 9174
3 9158 9174 9176
3 9159 9175 9174
3 9165 9176 9175
3 9174 9175 9176
3 9158 9176 9178
3 9165 9177 9176
3 9168 9178 9177
3 9176 9177 9178
3 9158 9178 9170
3 9168 9179 9178
3 9169 9170 9179
3 9178 9179 9170
3 9159 9173 9181
3 9163 9180 9173
3 9167 9181 9180
3 9173 9180 9181
3 9163 9171 9183
3 9169 9182 9171
3 9162 9183 9182
3 9171 9182 9183
3 9169 9179 9185
3 9168 9184 9179
3 9160 9185 9184
3 9179 9184 9185
3 9168 9177 9187
3 9165 9186 9177
3 9164 9187 9186
3 9177 9186 9187
3 9165 9175 9189
3 9159 9188 9175
3 9166 9189 9188
3 9175 9188 9189
3 9161 9190 9192
3 9167 9191 9190
3 9162 9192 9191
3 9190 9191 9192
3 9161 9192 9194
3 9162 9193 9192
3 9160 9194 9193
3 9192 9193 9194
3 9161 9194 9196
3 9160 9195 9194
3 9164 9196 9195
3 9194 9195 9196
3 9161 9196 9198
3 9164 9197 9196
3 9166 9198 9197
3 9196 9197 9198
3 9161 9198 9190
3 9166 9199 9198
3 9167 9190 9199
3 9198 9199 9190
3 9162 9191 9183
3 9167 9180 9191
3 9163 9183 9180
3 9191 9180 9183
3 9160 9193 9185
3 9162 9182 9193
3 9169 9185 9182
3 9193 9182 9185
3 9164 9195 9187
3 9160 9184 9195
3 9168 9187 9184
3 9195 9184 9187
3 9166 9197 9189
3 9164 9186 9197
3 9165 9189 9186
3 9197 9186 9189
3 9167 9199 9181
3 9166 9188 9199
3 9159 9181 9188
3 9199 9188 9181
3 9200 9212 9214
3 9211 9213 9212
3 9205 9214 9213
3 9212 9213 9214
3 9200 9214 9216
3 9205 9215 9214
3 9201 9216 9215
3 9214 9215 9216
3 9200 9216 9218
3 9201 9217 9216
3 9207 9218 9217
3 9216 9217 9218
3 9200 9218 9220
3 9207 9219 9218
3 9210 9220 9219
3 9218 9219 9220
3 9200 9220 9212
3 9210 9221 9220
3 9211 9212 9221
3 9220 9221 9212
3 9201 9215 9223
3 9205 9222 9215
3 9209 9223 9222
3 9215 9222 9223
3 9205 9213 9225
3 9211 9224 9213
3 9204 9225 9224
3 9213 9224 9225
3 9211 9221 9227
3 9210 9226 9221
3 9202 9227 9226
3 9221 9226 9227
3 9210 9219 9229
3 9207 9228 9219
3 9206 9229 9228
3 9219 9228 9229
3 9207 9217 9231
3 9201 9230 9217
3 9208 9231 9230
3 9217 9230 9231
3 9203 9232 9234
3 9209 9233 9232
3 9204 9234 9233
3 9232 9233 9234
3 9203 9234 9236
3 9204 9235 9234
3 9202 9236 9235
3 9234 9235 9236
3 9203 9236 9238
3 9202 9237 9236
3 9206 9238 9237
3 9236 9237 9238
3 9203 9238 9240
3 9206 9239 9238
3 9208 9240 9239
3 9238 9239 9240
3 9203 9240 9232
3 9208 9241 9240
3 9209 9232 9241
3 9240 9241 9232
3 9204 9233 9225
3 9209 9222 9233
3 9205 9225 9222
3 9233 9222 9225
3 9202 9235 9227
3 9204 9224 9235
3 9211 9227 9224
3 9235 9224 9227
3 9206 9237 9229
3 9202 9226 9237
3 9210 9229 9226
3 9237 9226 9229
3 9208 9239 9231
3 9206 9228 9239
3 9207 9231 9228
3 9239 9228 9231
3 9209 9241 9223
3 9208 9230 9241
3 9201 9223 9230
3 9241 9230 9223
3 9242 9254 9256
3 9253 9255 9254
3 9247 9256 9255
3 9254 9255 9256
3 9242 9256 9258
3 9247 9257 9256
3 9243 9258 9257
3 9256 9257 9258
3 9242 9258 9260
3 9243 9259 9258
3 9249 9260 9259
3 9258 9259 9260
3 9242 9260 9262
3 9249 9261 9260
3 9252 9262 9261
3 9260 9261 9262
3 9242 9262 9254
3 9252 9263 9262
3 9253 9254 9263
3 9262 9263 9254
3 9243 9257 9265
3 9247 9264 9257
3 9251 9265 9264
3 9257 9264 9265
3 9247 9255 9267
3 9253 9266 9255
3 9246 9267 9266
3 9255 9266 9267
3 9253 9263 9269
3 9252 9268 9263
3 9244 9269 9268
3 9263 9268 9269
3 9252 9261 9271
3 9249 9270 9261
3 9248 9271 9270
3 9261 9270 9271
3 9249 9259 9273
3 9243 9272 9259
3 9250 9273 9272
3 9259 9272 9273
3 9245 9274 9276
3 9251 9275 9274
3 9246 9276 9275
3 9274 9275 9276
3 9245 9276 9278
3 9246 9277 9276
3 9244 9278 9277
3 9276 9277 9278
3 9245 9278 9280
3 9244 9279 9278
3 9248 9280 9279
3 9278 9279 9280
3 9245 9280 9282
3 9248 9281 9280
3 9250 9282 9281
3 9280 9281 9282
3 9245 9282 9274
3 9250 9283 9282
3 9251 9274 9283
3 9282 9283 9274
3 9246 9275 9267
3 9251 9264 9275
3 9247 9267 9264
3 9275 9264 9267
3 9244 9277 9269
3 9246 9266 9277
3 9253 9269 9266
3 9277 9266 9269
3 9248 9279 9271
3 9244 9268 9279
3 9252 9271 9268
3 9279 9268 9271
3 9250 9281 9273
3 9248 9270 9281
3 9249 9273 9270
3 9281 9270 9273
3 9251 9283 9265
3 9250 9272 9283
3 9243 9265 9272
3 9283 9272 9265
3 9284 9296 9298
3 9295 9297 9296
3 9289 9298 9297
3 9296 9297 9298
3 9284 9298 9300
3 9289 9299 9298
3 9285 9300 9299
3 9298 9299 9300
3 9284 9300 9302
3 9285 9301 9300
3 9291 9302 9301
3 9300 9301 9302
3 9284 9302 9304
3 9291 9303 9302
3 9294 9304 9303
3 9302 9303 9304
3 9284 9304 9296
3 9294 9305 9304
3 9295 9296 9305
3 9304 9305 9296
3 9285 9299 9307
3 9289 9306 9299
3 9293 9307 9306
3 9299 9306 9307
3 9289 9297 9309
3 9295 9308 9297
3 9288 9309 9308
3 9297 9308 9309
3 9295 9305 9311
3 9294 9310 9305
3 9286 9311 9310
3 9305 9310 9311
3 9294 9303 9313
3 9291 9312 9303
3 9290 9313 9312
3 9303 9312 9313
3 9291 9301 9315
3 9285 9314 9301
3 9292 9315 9314
3 9301 9314 9315
3 9287 9316 9318
3 9293 9317 9316
3 9288 9318 9317
3 9316 9317 9318
3 9287 9318 9320
3 9288 9319 9318
3 9286 9320 9319
3 9318 9319 9320
3 9287 9320 9322
3 9286 9321 9320
3 9290 9322 9321
3 9320 9321 9322
3 9287 9322 9324
3 9290 9323 9322
3 9292 9324 9323
3 9322 9323 9324
3 9287 9324 9316
3 9292 9325 9324
3 9293 9316 9325
3 9324 9325 9316
3 9288 9317 9309
3 9293 9306 9317
3 9289 9309 9306
3 9317 9306 9309
3 9286 9319 9311
3 9288 9308 9319
3 9295 9311 9308
3 9319 9308 9311
3 9290 9321 9313
3 9286 9310 9321
3 9294 9313 9310
3 9321 9310 9313
3 9292 9323 9315
3 9290 9312 9323
3 9291 9315 9312
3 9323 9312 9315
3 9293 9325 9307
3 9292 9314 9325
3 9285 9307 9314
3 9325 9314 9307
3 9326 9338 9340
3 9337 9339 9338
3 9331 9340 9339
3 9338 9339 9340
3 9326 9340 9342
3 9331 9341 9340
3 9327 9342 9341
3 9340 9341 9342
3 9326 9342 9344
3 9327 9343 9342
3 9333 9344 9343
3 9342 9343 9344
3 9326 9344 9346
3 9333 9345 9344
3 9336 9346 9345
3 9344 9345 9346
3 9326 9346 9338
3 9336 9347 9346
3 9337 9338 9347
3 9346 9347 9338
3 9327 9341 9349
3 9331 9348 9341
3 9335 9349 9348
3 9341 9348 9349
3 9331 9339 9351
3 9337 9350 9339
3 9330 9351 9350
3 9339 9350 9351
3 9337 9347 9353
3 9336 9352 9347
3 9328 9353 9352
3 9347 9352 9353
3 9336 9345 9355
3 9333 9354 9345
3 9332 9355 9354
3 9345 9354 9355
3 9333 9343 9357
3 9327 9356 9343
3 9334 9357 9356
3 9343 9356 9357
3 9329 9358 9360
3 9335 9359 9358
3 9330 9360 9359
3 9358 9359 9360
3 9329 9360 9362
3 9330 9361 9360
3 9328 9362 9361
3 9360 9361 9362
3 9329 9362 9364
3 9328 9363 9362
3 9332 9364 9363
3 9362 9363 9364
3 9329 9364 9366
3 9332 9365 9364
3 9334 9366 9365
3 9364 9365 9366
3 9329 9366 9358
3 9334 9367 9366
3 9335 9358 9367
3 9366 9367 9358
3 9330 9359 9351
3 9335 9348 9359
3 9331 9351 9348
3 9359 9348 9351
3 9328 9361 9353
3 9330 9350 9361
3 9337 9353 9350
3 9361 9350 9353
3 9332 9363 9355
3 9328 9352 9363
3 9336 9355 9352
3 9363 9352 9355
3 9334 9365 9357
3 9332 9354 9365
3 9333 9357 9354
3 9365 9354 9357
3 9335 9367 9349
3 9334 9356 9367
3 9327 9349 9356
3 9367 9356 9349
3 9368 9380 9382
3 9379 9381 9380
3 9373 9382 9381
3 9380 9381 9382
3 9368 9382 9384
3 9373 9383 9382
3 9369 9384 9383
3 9382 9383 9384
3 9368 9384 9386
3 9369 9385 9384
3 9375 9386 9385
3 9384 9385 9386
3 9368 9386 9388
3 9375 9387 9386
3 9378 9388 9387
3 9386 9387 9388
3 9368 9388 9380
3 9378 9389 9388
3 9379 9380 9389
3 9388 9389 9380
3 9369 9383 9391
3 9373 9390 9383
3 9377 9391 9390
3 9383 9390 9391
3 9373 9381 9393
3 9379 9392 9381
3 9372 9393 9392
3 9381 9392 9393
3 9379 9389 9395
3 9378 9394 9389
3 9370 9395 9394
3 9389 9394 9395
3 9378 9387 9397
3 9375 9396 9387
3 9374 9397 9396
3 9387 9396 9397
3 9375 9385 9399
3 9369 9398 9385
3 9376 9399 9398
3 9385 9398 9399
3 9371 9400 9402
3 9377 9401 9400
3 9372 9402 9401
3 9400 9401 9402
3 9371 9402 9404
3 9372 9403 9402
3 9370 9404 9403
3 9402 9403 9404
3 9371 9404 9406
3 9370 9405 9404
3 9374 9406 9405
3 9404 9405 9406
3 9371 9406 9408
3 9374 9407 9406
3 9376 9408 9407
3 9406 9407 9408
3 9371 9408 9400
3 9376 9409 9408
3 9377 9400 9409
3 9408 9409 9400
3 9372 9401 9393
3 9377 9390 9401
3 9373 9393 9390
3 9401 9390 9393
3 9370 9403 9395
3 9372 9392 9403
3 9379 9395 9392
3 9403 9392 9395
3 9374 9405 9397
3 9370 9394 9405
3 9378 9397 9394
3 9405 9394 9397
3 9376 9407 9399
3 9374 9396 9407
3 9375 9399 9396
3 9407 9396 9399
3 9377 9409 9391
3 9376 9398 9409
3 9369 9391 9398
3 9409 9398 9391
3 9410 9422 9424
3 9421 9423 9422
3 9415 9424 9423
3 9422 9423 9424
3 9410 9424 9426
3 9415 9425 9424
3 9411 9426 9425
3 9424 9425 9426
3 9410 9426 9428
3 9411 9427 9426
3 9417 9428 9427
3 9426 9427 9428
3 9410 9428 9430
3 9417 9429 9428
3 9420 9430 9429
3 9428 9429 9430
3 9410 9430 9422
3 9420 9431 9430
3 9421 9422 9431
3 9430 9431 9422
3 9411 9425 9433
3 9415 9432 9425
3 9419 9433 9432
3 9425 9432 9433
3 9415 9423 9435
3 9421 9434 9423
3 9414 9435 9434
3 9423 9434 9435
3 9421 9431 9437
3 9420 9436 9431
3 9412 9437 9436
3 9431 9436 9437
3 9420 9429 9439
3 9417 9438 9429
3 9416 9439 9438
3 9429 9438 9439
3 9417 9427 9441
3 9411 9440 9427
3 9418 9441 9440
3 9427 9440 9441
3 9413 9442 9444
3 9419 9443 9442
3 9414 9444 9443
3 9442 9443 9444
3 9413 9444 9446
3 9414 9445 9444
3 9412 9446 9445
3 9444 9445 9446
3 9413 9446 9448
3 9412 9447 9446
3 9416 9448 9447
3 9446 9447 9448
3 9413 9448 9450
3 9416 9449 9448
3 9418 9450 9449
3 9448 9449 9450
3 9413 9450 9442
3 9418 9451 9450
3 9419 9442 9451
3 9450 9451 9442
3 9414 9443 9435
3 9419 9432 9443
3 9415 9435 9432
3 9443 9432 9435
3 9412 9445 9437
3 9414 9434 9445
3 9421 9437 9434
3 9445 9434 9437
3 9416 9447 9439
3 9412 9436 9447
3 9420 9439 9436
3 9447 9436 9439
3 9418 9449 9441
3 9416 9438 9449
3 9417 9441 9438
3 9449 9438 9441
3 9419 9451 9433
3 9418 9440 9451
3 9411 9433 9440
3 9451 9440 9433
3 9452 9464 9466
3 9463 9465 9464
3 9457 9466 9465
3 9464 9465 9466
3 9452 9466 9468
3 9457 9467 9466
3 9453 9468 9467
3 9466 9467 9468
3 9452 9468 9470
3 9453 9469 9468
3 9459 9470 9469
3 9468 9469 9470
3 9452 9470 9472
3 9459 9471 9470
3 9462 9472 9471
3 9470 9471 9472
3 9452 9472 9464
3 9462 9473 9472
3 9463 9464 9473
3 9472 9473 9464
3 9453 9467 9475
3 9457 9474 9467
3 9461 9475 9474
3 9467 9474 9475
3 9457 9465 9477
3 9463 9476 9465
3 9456 9477 9476
3 9465 9476 9477
3 9463 9473 9479
3 9462 9478 9473
3 9454 9479 9478
3 9473 9478 9479
3 9462 9471 9481
3 9459 9480 9471
3 9458 9481 9480
3 9471 9480 9481
3 9459 9469 9483
3 9453 9482 9469
3 9460 9483 9482
3 9469 9482 9483
3 9455 9484 9486
3 9461 9485 9484
3 9456 9486 9485
3 9484 9485 9486
3 9455 9486 9488
3 9456 9487 9486
3 9454 9488 9487
3 9486 9487 9488
3 9455 9488 9490
3 9454 9489 9488
3 9458 9490 9489
3 9488 9489 9490
3 9455 9490 9492
3 9458 9491 9490
3 9460 9492 9491
3 9490 9491 9492
3 9455 9492 9484
3 9460 9493 9492
3 9461 9484 9493
3 9492 9493 9484
3 9456 9485 9477
3 9461 9474 9485
3 9457 9477 9474
3 9485 9474 9477
3 9454 9487 9479
3 9456 9476 9487
3 9463 9479 9476
3 9487 9476 9479
3 9458 9489 9481
3 9454 9478 9489
3 9462 9481 9478
3 9489 9478 9481
3 9460 9491 9483
3 9458 9480 9491
3 9459 9483 9480
3 9491 9480 9483
3 9461 9493 9475
3 9460 9482 9493
3 9453 9475 9482
3 9493 9482 9475
3 9494 9506 9508
3 9505 9507 9506
3 9499 9508 9507
3 9506 9507 9508
3 9494 9508 9510
3 9499 9509 9508
3 9495 9510 9509
3 9508 9509 9510
3 9494 9510 9512
3 9495 9511 9510
3 9501 9512 9511
3 9510 9511 9512
3 9494 9512 9514
3 9501 9513 9512
3 9504 9514 9513
3 9512 9513 9514
3 9494 9514 9506
3 9504 9515 9514
3 9505 9506 9515
3 9514 9515 9506
3 9495 9509 9517
3 9499 9516 9509
3 9503 9517 9516
3 9509 9516 9517
3 9499 9507 9519
3 9505 9518 9507
3 9498 9519 9518
3 9507 9518 9519
3 9505 9515 9521
3 9504 9520 9515
3 9496 9521 9520
3 9515 9520 9521
3 9504 9513 9523
3 9501 9522 9513
3 9500 9523 9522
3 9513 9522 9523
3 9501 9511 9525
3 9495 9524 9511
3 9502 9525 9524
3 9511 9524 9525
3 9497 9526 9528
3 9503 9527 9526
3 9498 9528 9527
3 9526 9527 9528
3 9497 9528 9530
3 9498 9529 9528
3 9496 9530 9529
3 9528 9529 9530
3 9497 9530 9532
3 9496 9531 9530
3 9500 9532 9531
3 9530 9531 9532
3 9497 9532 9534
3 9500 9533 9532
3 9502 9534 9533
3 9532 9533 9534
3 9497 9534 9526
3 9502 9535 9534
3 9503 9526 9535
3 9534 9535 9526
3 9498 9527 9519
3 9503 9516 9527
3 9499 9519 9516
3 9527 9516 9519
3 9496 9529 9521
3 9498 9518 9529
3 9505 9521 9518
3 9529 9518 9521
3 9500 9531 9523
3 9496 9520 9531
3 9504 9523 9520
3 9531 9520 9523
3 9502 9533 9525
3 9500 9522 9533
3 9501 9525 9522
3 9533 9522 9525
3 9503 9535 9517
3 9502 9524 9535
3 9495 9517 9524
3 9535 9524 9517
3 9536 9548 9550
3 9547 9549 9548
3 9541 9550 9549
3 9548 9549 9550
3 9536 9550 9552
3 9541 9551 9550
3 9537 9552 9551
3 9550 9551 9552
3 9536 9552 9554
3 9537 9553 9552
3 9543 9554 9553
3 9552 9553 9554
3 9536 9554 9556
3 9543 9555 9554
3 9546 9556 9555
3 9554 9555 9556
3 9536 9556 9548
3 9546 9557 9556
3 9547 9548 9557
3 9556 9557 9548
3 9537 9551 9559
3 9541 9558 9551
3 9545 9559 9558
3 9551 9558 9559
3 9541 9549 9561
3 9547 9560 9549
3 9540 9561 9560
3 9549 9560 9561
3 9547 9557 9563
3 9546 9562 9557
3 9538 9563 9562
3 9557 9562 9563
3 9546 9555 9565
3 9543 9564 9555
3 9542 9565 9564
3 9555 9564 9565
3 9543 9553 9567
3 9537 9566 9553
3 9544 9567 9566
3 9553 9566 9567
3 9539 9568 9570
3 9545 9569 9568
3 9540 9570 9569
3 9568 9569 9570
3 9539 9570 9572
3 9540 9571 9570
3 9538 9572 9571
3 9570 9571 9572
3 9539 9572 9574
3 9538 9573 9572
3 9542 9574 9573
3 9572 9573 9574
3 9539 9574 9576
3 9542 9575 9574
3 9544 9576 9575
3 9574 9575 9576
3 9539 9576 9568
3 9544 9577 9576
3 9545 9568 9577
3 9576 9577 9568
3 9540 9569 9561
3 9545 9558 9569
3 9541 9561 9558
3 9569 9558 9561
3 9538 9571 9563
3 9540 9560 9571
3 9547 9563 9560
3 9571 9560 9563
3 9542 9573 9565
3 9538 9562 9573
3 9546 9565 9562
3 9573 9562 9565
3 9544 9575 9567
3 9542 9564 9575
3 9543 9567 9564
3 9575 9564 9567
3 9545 9577 9559
3 9544 9566 9577
3 9537 9559 9566
3 9577 9566 9559
3 9578 9590 9592
3 9589 9591 9590
3 9583 9592 9591
3 9590 9591 9592
3 9578 9592 9594
3 9583 9593 9592
3 9579 9594 9593
3 9592 9593 9594
3 9578 9594 9596
3 9579 9595 9594
3 9585 9596 9595
3 9594 9595 9596
3 9578 9596 9598
3 9585 9597 9596
3 9588 9598 9597
3 9596 9597 9598
3 9578 9598 9590
3 9588 9599 9598
3 9589 9590 9599
3 9598 9599 9590
3 9579 9593 9601
3 9583 9600 9593
3 9587 9601 9600
3 9593 9600 9601
3 9583 9591 9603
3 9589 9602 9591
3 9582 9603 9602
3 9591 9602 9603
3 9589 9599 9605
3 9588 9604 9599
3 9580 9605 9604
3 9599 9604 9605
3 9588 9597 9607
3 9585 9606 9597
3 9584 9607 9606
3 9597 9606 9607
3 9585 9595 9609
3 9579 9608 9595
3 9586 9609 9608
3 9595 9608 9609
3 9581 9610 9612
3 9587 9611 9610
3 9582 9612 9611
3 9610 9611 9612
3 9581 9612 9614
3 9582 9613 9612
3 9580 9614 9613
3 9612 9613 9614
3 9581 9614 9616
3 9580 9615 9614
3 9584 9616 9615
3 9614 9615 9616
3 9581 9616 9618
3 9584 9617 9616
3 9586 9618 9617
3 9616 9617 9618
3 9581 9618 9610
3 9586 9619 9618
3 9587 9610 9619
3 9618 9619 9610
3 9582 9611 9603
3 9587 9600 9611
3 9583 9603 9600
3 9611 9600 9603
3 9580 9613 9605
3 9582 9602 9613
3 9589 9605 9602
3 9613 9602 9605
3 9584 9615 9607
3 9580 9604 9615
3 9588 9607 9604
3 9615 9604 9607
3 9586 9617 9609
3 9584 9606 9617
3 9585 9609 9606
3 9617 9606 9609
3 9587 9619 9601
3 9586 9608 9619
3 9579 9601 9608
3 9619 9608 9601
3 9620 9632 9634
3 9631 9633 9632
3 9625 9634 9633
3 9632 9633 9634
3 9620 9634 9636
3 9625 9635 9634
3 9621 9636 9635
3 9634 9635 9636
3 9620 9636 9638
3 9621 9637 9636
3 9627 9638 9637
3 9636 9637 9638
3 9620 9638 9640
3 9627 9639 9638
3 9630 9640 9639
3 9638 9639 9640
3 9620 9640 9632
3 9630 9641 9640
3 9631 9632 9641
3 9640 9641 9632
3 9621 9635 9643
3 9625 9642 9635
3 9629 9643 9642
3 9635 9642 9643
3 9625 9633 9645
3 9631 9644 9633
3 9624 9645 9644
3 9633 9644 9645
3 9631 9641 9647
3 9630 9646 9641
3 9622 9647 9646
3 9641 9646 9647
3 9630 9639 9649
3 9627 9648 9639
3 9626 9649 9648
3 9639 9648 9649
3 9627 9637 9651
3 9621 9650 9637
3 9628 9651 9650
3 9637 9650 9651
3 9623 9652 9654
3 9629 9653 9652
3 9624 9654 9653
3 9652 9653 9654
3 9623 9654 9656
3 9624 9655 9654
3 9622 9656 9655
3 9654 9655 9656
3 9623 9656 9658
3 9622 9657 9656
3 9626 9658 9657
3 9656 9657 9658
3 9623 9658 9660
3 9626 9659 9658
3 9628 9660 9659
3 9658 9659 9660
3 9623 9660 9652
3 9628 9661 9660
3 9629 9652 9661
3 9660 9661 9652
3 9624 9653 9645
3 9629 9642 9653
3 9625 9645 9642
3 9653 9642 9645
3 9622 9655 9647
3 9624 9644 9655
3 9631 9647 9644
3 9655 9644 9647
3 9626 9657 9649
3 9622 9646 9657
3 9630 9649 9646
3 9657 9646 9649
3 9628 9659 9651
3 9626 9648 9659
3 9627 9651 9648
3 9659 9648 9651
3 9629 9661 9643
3 9628 9650 9661
3 9621 9643 9650
3 9661 9650 9643
3 9662 9674 9676
3 9673 9675 9674
3 9667 9676 9675
3 9674 9675 9676
3 9662 9676 9678
3 9667 9677 9676
3 9663 9678 9677
3 9676 9677 9678
3 9662 9678 9680
3 9663 9679 9678
3 9669 9680 9679
3 9678 9679 9680
3 9662 9680 9682
3 9669 9681 9680
3 9672 9682 9681
3 9680 9681 9682
3 9662 9682 9674
3 9672 9683 9682
3 9673 9674 9683
3 9682 9683 9674
3 9663 9677 9685
3 9667 9684 9677
3 9671 9685 9684
3 9677 9684 9685
3 9667 9675 9687
3 9673 9686 9675
3 9666 9687 9686
3 9675 9686 9687
3 9673 9683 9689
3 9672 9688 9683
3 9664 9689 9688
3 9683 9688 9689
3 9672 9681 9691
3 9669 9690 9681
3 9668 9691 9690
3 9681 9690 9691
3 9669 9679 9693
3 9663 9692 9679
3 9670 9693 9692
3 9679 9692 9693
3 9665 9694 9696
3 9671 9695 9694
3 9666 9696 9695
3 9694 9695 9696
3 9665 9696 9698
3 9666 9697 9696
3 9664 9698 9697
3 9696 9697 9698
3 9665 9698 9700
3 9664 9699 9698
3 9668 9700 9699
3 9698 9699 9700
3 9665 9700 9702
3 9668 9701 9700
3 9670 9702 9701
3 9700 9701 9702
3 9665 9702 9694
3 9670 9703 9702
3 9671 9694 9703
3 9702 9703 9694
3 9666 9695 9687
3 9671 9684 9695
3 9667 9687 9684
3 9695 9684 9687
3 9664 9697 9689
3 9666 9686 9697
3 9673 9689 9686
3 9697 9686 9689
3 9668 9699 9691
3 9664 9688 9699
3 9672 9691 9688
3 9699 9688 9691
3 9670 9701 9693
3 9668 9690 9701
3 9669 9693 9690
3 9701 9690 9693
3 9671 9703 9685
3 9670 9692 9703
3 9663 9685 9692
3 9703 9692 9685
3 9704 9716 9718
3 9715 9717 9716
3 9709 9718 9717
3 9716 9717 9718
3 9704 9718 9720
3 9709 9719 9718
3 9705 9720 9719
3 9718 9719 9720
3 9704 9720 9722
3 9705 9721 9720
3 9711 9722 9721
3 9720 9721 9722
3 9704 9722 9724
3 9711 9723 9722
3 9714 9724 9723
3 9722 9723 9724
3 9704 9724 9716
3 9714 9725 9724
3 9715 9716 9725
3 9724 9725 9716
3 9705 9719 9727
3 9709 9726 9719
3 9713 9727 9726
3 9719 9726 9727
3 9709 9717 9729
3 9715 9728 9717
3 9708 9729 9728
3 9717 9728 9729
3 9715 9725 9731
3 9714 9730 9725
3 9706 9731 9730
3 9725 9730 9731
3 9714 9723 9733
3 9711 9732 9723
3 9710 9733 9732
3 9723 9732 9733
3 9711 9721 9735
3 9705 9734 9721
3 9712 9735 9734
3 9721 9734 9735
3 9707 9736 9738
3 9713 9737 9736
3 9708 9738 9737
3 9736 9737 9738
3 9707 9738 9740
3 9708 9739 9738
3 9706 9740 9739
3 9738 9739 9740
3 9707 9740 9742
3 9706 9741 9740
3 9710 9742 9741
3 9740 9741 9742
3 9707 9742 9744
3 9710 9743 9742
3 9712 9744 9743
3 9742 9743 9744
3 9707 9744 9736
3 9712 9745 9744
3 9713 9736 9745
3 9744 9745 9736
3 9708 9737 9729
3 9713 9726 9737
3 9709 9729 9726
3 9737 9726 9729
3 9706 9739 9731
3 9708 9728 9739
3 9715 9731 9728
3 9739 9728 9731
3 9710 9741 9733
3 9706 9730 9741
3 9714 9733 9730
3 9741 9730 9733
3 9712 9743 9735
3 9710 9732 9743
3 9711 9735 9732
3 9743 9732 9735
3 9713 9745 9727
3 9712 9734 9745
3 9705 9727 9734
3 9745 9734 9727
3 9746 9758 9760
3 9757 9759 9758
3 9751 9760 9759
3 9758 9759 9760
3 9746 9760 9762
3 9751 9761 9760
3 9747 9762 9761
3 9760 9761 9762
3 9746 9762 9764
3 9747 9763 9762
3 9753 9764 9763
3 9762 9763 9764
3 9746 9764 9766
3 9753 9765 9764
3 9756 9766 9765
3 9764 9765 9766
3 9746 9766 9758
3 9756 9767 9766
3 9757 9758 9767
3 9766 9767 9758
3 9747 9761 9769
3 9751 9768 9761
3 9755 9769 9768
3 9761 9768 9769
3 9751 9759 9771
3 9757 9770 9759
3 9750 9771 9770
3 9759 9770 9771
3 9757 9767 9773
3 9756 9772 9767
3 9748 9773 9772
3 9767 9772 9773
3 9756 9765 9775
3 9753 9774 9765
3 9752 9775 9774
3 9765 9774 9775
3 9753 9763 9777
3 9747 9776 9763
3 9754 9777 9776
3 9763 9776 9777
3 9749 9778 9780
3 9755 9779 9778
3 9750 9780 9779
3 9778 9779 9780
3 9749 9780 9782
3 9750 9781 9780
3 9748 9782 9781
3 9780 9781 9782
3 9749 9782 9784
3 9748 9783 9782
3 9752 9784 9783
3 9782 9783 9784
3 9749 9784 9786
3 9752 9785 9784
3 9754 9786 9785
3 9784 9785 9786
3 9749 9786 9778
3 9754 9787 9786
3 9755 9778 9787
3 9786 9787 9778
3 9750 9779 9771
3 9755 9768 9779
3 9751 9771 9768
3 9779 9768 9771
3 9748 9781 9773
3 9750 9770 9781
3 9757 9773 9770
3 9781 9770 9773
3 9752 9783 9775
3 9748 9772 9783
3 9756 9775 9772
3 9783 9772 9775
3 9754 9785 9777
3 9752 9774 9785
3 9753 9777 9774
3 9785 9774 9777
3 9755 9787 9769
3 9754 9776 9787
3 9747 9769 9776
3 9787 9776 9769
3 9788 9800 9802
3 9799 9801 9800
3 9793 9802 9801
3 9800 9801 9802
3 9788 9802 9804
3 9793 9803 9802
3 9789 9804 9803
3 9802 9803 9804
3 9788 9804 9806
3 9789 9805 9804
3 9795 9806 9805
3 9804 9805 9806
3 9788 9806 9808
3 9795 9807 9806
3 9798 9808 9807
3 9806 9807 9808
3 9788 9808 9800
3 9798 9809 9808
3 9799 9800 9809
3 9808 9809 9800
3 9789 9803 9811
3 9793 9810 9803
3 9797 9811 9810
3 9803 9810 9811
3 9793 9801 9813
3 9799 9812 9801
3 9792 9813 9812
3 9801 9812 9813
3 9799 9809 9815
3 9798 9814 9809
3 9790 9815 9814
3 9809 9814 9815
3 9798 9807 9817
3 9795 9816 9807
3 9794 9817 9816
3 9807 9816 9817
3 9795 9805 9819
3 9789 9818 9805
3 9796 9819 9818
3 9805 9818 9819
3 9791 9820 9822
3 9797 9821 9820
3 9792 9822 9821
3 9820 9821 9822
3 9791 9822 9824
3 9792 9823 9822
3 9790 9824 9823
3 9822 9823 9824
3 9791 9824 9826
3 9790 9825 9824
3 9794 9826 9825
3 9824 9825 9826
3 9791 9826 9828
3 9794 9827 9826
3 9796 9828 9827
3 9826 9827 9828
3 9791 9828 9820
3 9796 9829 9828
3 9797 9820 9829
3 9828 9829 9820
3 9792 9821 9813
3 9797 9810 9821
3 9793 9813 9810
3 9821 9810 9813
3 9790 9823 9815
3 9792 9812 9823
3 9799 9815 9812
3 9823 9812 9815
3 9794 9825 9817
3 9790 9814 9825
3 9798 9817 9814
3 9825 9814 9817
3 9796 9827 9819
3 9794 9816 9827
3 9795 9819 9816
3 9827 9816 9819
3 9797 9829 9811
3 9796 9818 9829
3 9789 9811 9818
3 9829 9818 9811
3 9830 9842 9844
3 9841 9843 9842
3 9835 9844 9843
3 9842 9843 9844
3 9830 9844 9846
3 9835 9845 9844
3 9831 9846 9845
3 9844 9845 9846
3 9830 9846 9848
3 9831 9847 9846
3 9837 9848 9847
3 9846 9847 9848
3 9830 9848 9850
3 9837 9849 9848
3 9840 9850 9849
3 9848 9849 9850
3 9830 9850 9842
3 9840 9851 9850
3 9841 9842 9851
3 9850 9851 9842
3 9831 9845 9853
3 9835 9852 9845
3 9839 9853 9852
3 9845 9852 9853
3 9835 9843 9855
3 9841 9854 9843
3 9834 9855 9854
3 9843 9854 9855
3 9841 9851 9857
3 9840 9856 9851
3 9832 9857 9856
3 9851 9856 9857
3 9840 9849 9859
3 9837 9858 9849
3 9836 9859 9858
3 9849 9858 9859
3 9837 9847 9861
3 9831 9860 9847
3 9838 9861 9860
3 9847 9860 9861
3 9833 9862 9864
3 9839 9863 9862
3 9834 9864 9863
3 9862 9863 9864
3 9833 9864 9866
3 9834 9865 9864
3 9832 9866 9865
3 9864 9865 9866
3 9833 9866 9868
3 9832 9867 9866
3 9836 9868 9867
3 9866 9867 9868
3 9833 9868 9870
3 9836 9869 9868
3 9838 9870 9869
3 9868 9869 9870
3 9833 9870 9862
3 9838 9871 9870
3 9839 9862 9871
3 9870 9871 9862
3 9834 9863 9855
3 9839 9852 9863
3 9835 9855 9852
3 9863 9852 9855
3 9832 9865 9857
3 9834 9854 9865
3 9841 9857 9854
3 9865 9854 9857
3 9836 9867 9859
3 9832 9856 9867
3 9840 9859 9856
3 9867 9856 9859
3 9838 9869 9861
3 9836 9858 9869
3 9837 9861 9858
3 9869 9858 9861
3 9839 9871 9853
3 9838 9860 9871
3 9831 9853 9860
3 9871 9860 9853
3 9872 9884 9886
3 9883 9885 9884
3 9877 9886 9885
3 9884 9885 9886
3 9872 9886 9888
3 9877 9887 9886
3 9873 9888 9887
3 9886 9887 9888
3 9872 9888 9890
3 9873 9889 9888
3 9879 9890 9889
3 9888 9889 9890
3 9872 9890 9892
3 9879 9891 9890
3 9882 9892 9891
3 9890 9891 9892
3 9872 9892 9884
3 9882 9893 9892
3 9883 9884 9893
3 9892 9893 9884
3 9873 9887 9895
3 9877 9894 9887
3 9881 9895 9894
3 9887 9894 9895
3 9877 9885 9897
3 9883 9896 9885
3 9876 9897 9896
3 9885 9896 9897
3 9883 9893 9899
3 9882 9898 9893
3 9874 9899 9898
3 9893 9898 9899
3 9882 9891 9901
3 9879 9900 9891
3 9878 9901 9900
3 9891 9900 9901
3 9879 9889 9903
3 9873 9902 9889
3 9880 9903 9902
3 9889 9902 9903
3 9875 9904 9906
3 9881 9905 9904
3 9876 9906 9905
3 9904 9905 9906
3 9875 9906 9908
3 9876 9907 9906
3 9874 9908 9907
3 9906 9907 9908
3 9875 9908 9910
3 9874 9909 9908
3 9878 9910 9909
3 9908 9909 9910
3 9875 9910 9912
3 9878 9911 9910
3 9880 9912 9911
3 9910 9911 9912
3 9875 9912 9904
3 9880 9913 9912
3 9881 9904 9913
3 9912 9913 9904
3 9876 9905 9897
3 9881 9894 9905
3 9877 9897 9894
3 9905 9894 9897
3 9874 9907 9899
3 9876 9896 9907
3 9883 9899 9896
3 9907 9896 9899
3 9878 9909 9901
3 9874 9898 9909
3 9882 9901 9898
3 9909 9898 9901
3 9880 9911 9903
3 9878 9900 9911
3 9879 9903 9900
3 9911 9900 9903
3 9881 9913 9895
3 9880 9902 9913
3 9873 9895 9902
3 9913 9902 9895
3 9914 9926 9928
3 9925 9927 9926
3 9919 9928 9927
3 9926 9927 9928
3 9914 9928 9930
3 9919 9929 9928
3 9915 9930 9929
3 9928 9929 9930
3 9914 9930 9932
3 9915 9931 9930
3 9921 9932 9931
3 9930 9931 9932
3 9914 9932 9934
3 9921 9933 9932
3 9924 9934 9933
3 9932 9933 9934
3 9914 9934 9926
3 9924 9935 9934
3 9925 9926 9935
3 9934 9935 9926
3 9915 9929 9937
3 9919 9936 9929
3 9923 9937 9936
3 9929 9936 9937
3 9919 9927 9939
3 9925 9938 9927
3 9918 9939 9938
3 9927 9938 9939
3 9925 9935 9941
3 9924 9940 9935
3 9916 9941 9940
3 9935 9940 9941
3 9924 9933 9943
3 9921 9942 9933
3 9920 9943 9942
3 9933 9942 9943
3 9921 9931 9945
3 9915 9944 9931
3 9922 9945 9944
3 9931 9944 9945
3 9917 9946 9948
3 9923 9947 9946
3 9918 9948 9947
3 9946 9947 9948
3 9917 9948 9950
3 9918 9949 9948
3 9916 9950 9949
3 9948 9949 9950
3 9917 9950 9952
3 9916 9951 9950
3 9920 9952 9951
3 9950 9951 9952
3 9917 9952 9954
3 9920 9953 9952
3 9922 9954 9953
3 9952 9953 9954
3 9917 9954 9946
3 9922 9955 9954
3 9923 9946 9955
3 9954 9955 9946
3 9918 9947 9939
3 9923 9936 9947
3 9919 9939 9936
3 9947 9936 9939
3 9916 9949 9941
3 9918 9938 9949
3 9925 9941 9938
3 9949 9938 9941
3 9920 9951 9943
3 9916 9940 9951
3 9924 9943 9940
3 9951 9940 9943
3 9922 9953 9945
3 9920 9942 9953
3 9921 9945 9942
3 9953 9942 9945
3 9923 9955 9937
3 9922 9944 9955
3 9915 9937 9944
3 9955 9944 9937
3 9956 9968 9970
3 9967 9969 9968
3 9961 9970 9969
3 9968 9969 9970
3 9956 9970 9972
3 9961 9971 9970
3 9957 9972 9971
3 9970 9971 9972
3 9956 9972 9974
3 9957 9973 9972
3 9963 9974 9973
3 9972 9973 9974
3 9956 9974 9976
3 9963 9975 9974
3 9966 9976 9975
3 9974 9975 9976
3 9956 9976 9968
3 9966 9977 9976
3 9967 9968 9977
3 9976 9977 9968
3 9957 9971 9979
3 9961 9978 9971
3 9965 9979 9978
3 9971 9978 9979
3 9961 9969 9981
3 9967 9980 9969
3 9960 9981 9980
3 9969 9980 9981
3 9967 9977 9983
3 9966 9982 9977
3 9958 9983 9982
3 9977 9982 9983
3 9966 9975 9985
3 9963 9984 9975
3 9962 9985 9984
3 9975 9984 9985
3 9963 9973 9987
3 9957 9986 9973
3 9964 9987 9986
3 9973 9986 9987
3 9959 9988 9990
3 9965 9989 9988
3 9960 9990 9989
3 9988 9989 9990
3 9959 9990 9992
3 9960 9991 9990
3 9958 9992 9991
3 9990 9991 9992
3 9959 9992 9994
3 9958 9993 9992
3 9962 9994 9993
3 9992 9993 9994
3 9959 9994 9996
3 9962 9995 9994
3 9964 9996 9995
3 9994 9995 9996
3 9959 9996 9988
3 9964 9997 9996
3 9965 9988 9997
3 9996 9997 9988
3 9960 9989 9981
3 9965 9978 9989
3 9961 9981 9978
3 9989 9978 9981
3 9958 9991 9983
3 9960 9980 9991
3 9967 9983 9980
3 9991 9980 9983
3 9962 9993 9985
3 9958 9982 9993
3 9966 9985 9982
3 9993 9982 9985
3 9964 9995 9987
3 9962 9984 9995
3 9963 9987 9984
3 9995 9984 9987
3 9965 9997 9979
3 9964 9986 9997
3 9957 9979 9986
3 9997 9986 9979
3 9998 10010 10012
3 10009 10011 10010
3 10003 10012 10011
3 10010 10011 10012
3 9998 10012 10014
3 10003 10013 10012
3 9999 10014 10013
3 10012 10013 10014
3 9998 10014 10016
3 9999 10015 10014
3 10005 10016 10015
3 10014 10015 10016
3 9998 10016 10018
3 10005 10017 10016
3 10008 10018 10017
3 10016 10017 10018
3 9998 10018 10010
3 10008 10019 10018
3 10009 10010 10019
3 10018 10019 10010
3 9999 10013 10021
3 10003 10020 10013
3 10007 10021 10020
3 10013 10020 10021
3 10003 10011 10023
3 10009 10022 10011
3 10002 10023 10022
3 10011 10022 10023
3 10009 10019 10025
3 10008 10024 10019
3 10000 10025 10024
3 10019 10024 10025
3 10008 10017 10027
3 10005 10026 10017
3 10004 10027 10026
3 10017 10026 10027
3 10005 10015 10029
3 9999 10028 10015
3 10006 10029 10028
3 10015 10028 10029
3 10001 10030 10032
3 10007 10031 10030
3 10002 10032 10031
3 10030 10031 10032
3 10001 10032 10034
3 10002 10033 10032
3 10000 10034 10033
3 10032 10033 10034
3 10001 10034 10036
3 10000 10035 10034
3 10004 10036 10035
3 10034 10035 10036
3 10001 10036 10038
3 10004 10037 10036
3 10006 10038 10037
3 10036 10037 10038
3 10001 10038 10030
3 10006 10039 10038
3 10007 10030 10039
3 10038 10039 10030
3 10002 10031 10023
3 10007 10020 10031
3 10003 10023 10020
3 10031 10020 10023
3 10000 10033 10025
3 10002 10022 10033
3 10009 10025 10022
3 10033 10022 10025
3 10004 10035 10027
3 10000 10024 10035
3 10008 10027 10024
3 10035 10024 10027
3 10006 10037 10029
3 10004 10026 10037
3 10005 10029 10026
3 10037 10026 10029
3 10007 10039 10021
3 10006 10028 10039
3 9999 10021 10028
3 10039 10028 10021
3 10040 10052 10054
3 10051 10053 10052
3 10045 10054 10053
3 10052 10053 10054
3 10040 10054 10056
3 10045 10055 10054
3 10041 10056 10055
3 10054 10055 10056
3 10040 10056 10058
3 10041 10057 10056
3 10047 10058 10057
3 10056 10057 10058
3 10040 10058 10060
3 10047 10059 10058
3 10050 10060 10059
3 10058 10059 10060
3 10040 10060 10052
3 10050 10061 10060
3 10051 10052 10061
3 10060 10061 10052
3 10041 10055 10063
3 10045 10062 10055
3 10049 10063 10062
3 10055 10062 10063
3 10045 10053 10065
3 10051 10064 10053
3 10044 10065 10064
3 10053 10064 10065
3 10051 10061 10067
3 10050 10066 10061
3 10042 10067 10066
3 10061 10066 10067
3 10050 10059 10069
3 10047 10068 10059
3 10046 10069 10068
3 10059 10068 10069
3 10047 10057 10071
3 10041 10070 10057
3 10048 10071 10070
3 10057 10070 10071
3 10043 10072 10074
3 10049 10073 10072
3 10044 10074 10073
3 10072 10073 10074
3 10043 10074 10076
3 10044 10075 10074
3 10042 10076 10075
3 10074 10075 10076
3 10043 10076 10078
3 10042 10077 10076
3 10046 10078 10077
3 10076 10077 10078
3 10043 10078 10080
3 10046 10079 10078
3 10048 10080 10079
3 10078 10079 10080
3 10043 10080 10072
3 10048 10081 10080
3 10049 10072 10081
3 10080 10081 10072
3 10044 10073 10065
3 10049 10062 10073
3 10045 10065 10062
3 10073 10062 10065
3 10042 10075 10067
3 10044 10064 10075
3 10051 10067 10064
3 10075 10064 10067
3 10046 10077 10069
3 10042 10066 10077
3 10050 10069 10066
3 10077 10066 10069
3 10048 10079 10071
3 10046 10068 10079
3 10047 10071 10068
3 10079 10068 10071
3 10049 10081 10063
3 10048 10070 10081
3 10041 10063 10070
3 10081 10070 10063
3 10082 10094 10096
3 10093 10095 10094
3 10087 10096 10095
3 10094 10095 10096
3 10082 10096 10098
3 10087 10097 10096
3 10083 10098 10097
3 10096 10097 10098
3 10082 10098 10100
3 10083 10099 10098
3 10089 10100 10099
3 10098 10099 10100
3 10082 10100 10102
3 10089 10101 10100
3 10092 10102 10101
3 10100 10101 10102
3 10082 10102 10094
3 10092 10103 10102
3 10093 10094 10103
3 10102 10103 10094
3 10083 10097 10105
3 10087 10104 10097
3 10091 10105 10104
3 10097 10104 10105
3 10087 10095 10107
3 10093 10106 10095
3 10086 10107 10106
3 10095 10106 10107
3 10093 10103 10109
3 10092 10108 10103
3 10084 10109 10108
3 10103 10108 10109
3 10092 10101 10111
3 10089 10110 10101
3 10088 10111 10110
3 10101 10110 10111
3 10089 10099 10113
3 10083 10112 10099
3 10090 10113 10112
3 10099 10112 10113
3 10085 10114 10116
3 10091 10115 10114
3 10086 10116 10115
3 10114 10115 10116
3 10085 10116 10118
3 10086 10117 10116
3 10084 10118 10117
3 10116 10117 10118
3 10085 10118 10120
3 10084 10119 10118
3 10088 10120 10119
3 10118 10119 10120
3 10085 10120 10122
3 10088 10121 10120
3 10090 10122 10121
3 10120 10121 10122
3 10085 10122 10114
3 10090 10123 10122
3 10091 10114 10123
3 10122 10123 10114
3 10086 10115 10107
3 10091 10104 10115
3 10087 10107 10104
3 10115 10104 10107
3 10084 10117 10109
3 10086 10106 10117
3 10093 10109 10106
3 10117 10106 10109
3 10088 10119 10111
3 10084 10108 10119
3 10092 10111 10108
3 10119 10108 10111
3 10090 10121 10113
3 10088 10110 10121
3 10089 10113 10110
3 10121 10110 10113
3 10091 10123 10105
3 10090 10112 10123
3 10083 10105 10112
3 10123 10112 10105
3 10124 10136 10138
3 10135 10137 10136
3 10129 10138 10137
3 10136 10137 10138
3 10124 10138 10140
3 10129 10139 10138
3 10125 10140 10139
3 10138 10139 10140
3 10124 10140 10142
3 10125 10141 10140
3 10131 10142 10141
3 10140 10141 10142
3 10124 10142 10144
3 10131 10143 10142
3 10134 10144 10143
3 10142 10143 10144
3 10124 10144 10136
3 10134 10145 10144
3 10135 10136 10145
3 10144 10145 10136
3 10125 10139 10147
3 10129 10146 10139
3 10133 10147 10146
3 10139 10146 10147
3 10129 10137 10149
3 10135 10148 10137
3 10128 10149 10148
3 10137 10148 10149
3 10135 10145 10151
3 10134 10150 10145
3 10126 10151 10150
3 10145 10150 10151
3 10134 10143 10153
3 10131 10152 10143
3 10130 10153 10152
3 10143 10152 10153
3 10131 10141 10155
3 10125 10154 10141
3 10132 10155 10154
3 10141 10154 10155
3 10127 10156 10158
3 10133 10157 10156
3 10128 10158 10157
3 10156 10157 10158
3 10127 10158 10160
3 10128 10159 10158
3 10126 10160 10159
3 10158 10159 10160
3 10127 10160 10162
3 10126 10161 10160
3 10130 10162 10161
3 10160 10161 10162
3 10127 10162 10164
3 10130 10163 10162
3 10132 10164 10163
3 10162 10163 10164
3 10127 10164 10156
3 10132 10165 10164
3 10133 10156 10165
3 10164 10165 10156
3 10128 10157 10149
3 10133 10146 10157
3 10129 10149 10146
3 10157 10146 10149
3 10126 10159 10151
3 10128 10148 10159
3 10135 10151 10148
3 10159 10148 10151
3 10130 10161 10153
3 10126 10150 10161
3 10134 10153 10150
3 10161 10150 10153
3 10132 10163 10155
3 10130 10152 10163
3 10131 10155 10152
3 10163 10152 10155
3 10133 10165 10147
3 10132 10154 10165
3 10125 10147 10154
3 10165 10154 10147
3 10166 10178 10180
3 10177 10179 10178
3 10171 10180 10179
3 10178 10179 10180
3 10166 10180 10182
3 10171 10181 10180
3 10167 10182 10181
3 10180 10181 10182
3 10166 10182 10184
3 10167 10183 10182
3 10173 10184 10183
3 10182 10183 10184
3 10166 10184 10186
3 10173 10185 10184
3 10176 10186 10185
3 10184 10185 10186
3 10166 10186 10178
3 10176 10187 10186
3 10177 10178 10187
3 10186 10187 10178
3 10167 10181 10189
3 10171 10188 10181
3 10175 10189 10188
3 10181 10188 10189
3 10171 10179 10191
3 10177 10190 10179
3 10170 10191 10190
3 10179 10190 10191
3 10177 10187 10193
3 10176 10192 10187
3 10168 10193 10192
3 10187 10192 10193
3 10176 10185 10195
3 10173 10194 10185
3 10172 10195 10194
3 10185 10194 10195
3 10173 10183 10197
3 10167 10196 10183
3 10174 10197 10196
3 10183 10196 10197
3 10169 10198 10200
3 10175 10199 10198
3 10170 10200 10199
3 10198 10199 10200
3 10169 10200 10202
3 10170 10201 10200
3 10168 10202 10201
3 10200 10201 10202
3 10169 10202 10204
3 10168 10203 10202
3 10172 10204 10203
3 10202 10203 10204
3 10169 10204 10206
3 10172 10205 10204
3 10174 10206 10205
3 10204 10205 10206
3 10169 10206 10198
3 10174 10207 10206
3 10175 10198 10207
3 10206 10207 10198
3 10170 10199 10191
3 10175 10188 10199
3 10171 10191 10188
3 10199 10188 10191
3 10168 10201 10193
3 10170 10190 10201
3 10177 10193 10190
3 10201 10190 10193
3 10172 10203 10195
3 10168 10192 10203
3 10176 10195 10192
3 10203 10192 10195
3 10174 10205 10197
3 10172 10194 10205
3 10173 10197 10194
3 10205 10194 10197
3 10175 10207 10189
3 10174 10196 10207
3 10167 10189 10196
3 10207 10196 10189
3 10208 10220 10222
3 10219 10221 10220
3 10213 10222 10221
3 10220 10221 10222
3 10208 10222 10224
3 10213 10223 10222
3 10209 10224 10223
3 10222 10223 10224
3 10208 10224 10226
3 10209 10225 10224
3 10215 10226 10225
3 10224 10225 10226
3 10208 10226 10228
3 10215 10227 10226
3 10218 10228 10227
3 10226 10227 10228
3 10208 10228 10220
3 10218 10229 10228
3 10219 10220 10229
3 10228 10229 10220
3 10209 10223 10231
3 10213 10230 10223
3 10217 10231 10230
3 10223 10230 10231
3 10213 10221 10233
3 10219 10232 10221
3 10212 10233 10232
3 10221 10232 10233
3 10219 10229 10235
3 10218 10234 10229
3 10210 10235 10234
3 10229 10234 10235
3 10218 10227 10237
3 10215 10236 10227
3 10214 10237 10236
3 10227 10236 10237
3 10215 10225 10239
3 10209 10238 10225
3 10216 10239 10238
3 10225 10238 10239
3 10211 10240 10242
3 10217 10241 10240
3 10212 10242 10241
3 10240 10241 10242
3 10211 10242 10244
3 10212 10243 10242
3 10210 10244 10243
3 10242 10243 10244
3 10211 10244 10246
3 10210 10245 10244
3 10214 10246 10245
3 10244 10245 10246
3 10211 10246 10248
3 10214 10247 10246
3 10216 10248 10247
3 10246 10247 10248
3 10211 10248 10240
3 10216 10249 10248
3 10217 10240 10249
3 10248 10249 10240
3 10212 10241 10233
3 10217 10230 10241
3 10213 10233 10230
3 10241 10230 10233
3 10210 10243 10235
3 10212 10232 10243
3 10219 10235 10232
3 10243 10232 10235
3 10214 10245 10237
3 10210 10234 10245
3 10218 10237 10234
3 10245 10234 10237
3 10216 10247 10239
3 10214 10236 10247
3 10215 10239 10236
3 10247 10236 10239
3 10217 10249 10231
3 10216 10238 10249
3 10209 10231 10238
3 10249 10238 10231
3 10250 10262 10264
3 10261 10263 10262
3 10255 10264 10263
3 10262 10263 10264
3 10250 10264 10266
3 10255 10265 10264
3 10251 10266 10265
3 10264 10265 10266
3 10250 10266 10268
3 10251 10267 10266
3 10257 10268 10267
3 10266 10267 10268
3 10250 10268 10270
3 10257 10269 10268
3 10260 10270 10269
3 10268 10269 10270
3 10250 10270 10262
3 10260 10271 10270
3 10261 10262 10271
3 10270 10271 10262
3 10251 10265 10273
3 10255 10272 10265
3 10259 10273 10272
3 10265 10272 10273
3 10255 10263 10275
3 10261 10274 10263
3 10254 10275 10274
3 10263 10274 10275
3 10261 10271 10277
3 10260 10276 10271
3 10252 10277 10276
3 10271 10276 10277
3 10260 10269 10279
3 10257 10278 10269
3 10256 10279 10278
3 10269 10278 10279
3 10257 10267 10281
3 10251 10280 10267
3 10258 10281 10280
3 10267 10280 10281
3 10253 10282 10284
3 10259 10283 10282
3 10254 10284 10283
3 10282 10283 10284
3 10253 10284 10286
3 10254 10285 10284
3 10252 10286 10285
3 10284 10285 10286
3 10253 10286 10288
3 10252 10287 10286
3 10256 10288 10287
3 10286 10287 10288
3 10253 10288 10290
3 10256 10289 10288
3 10258 10290 10289
3 10288 10289 10290
3 10253 10290 10282
3 10258 10291 10290
3 10259 10282 10291
3 10290 10291 10282
3 10254 10283 10275
3 10259 10272 10283
3 10255 10275 10272
3 10283 10272 10275
3 10252 10285 10277
3 10254 10274 10285
3 10261 10277 10274
3 10285 10274 10277
3 10256 10287 10279
3 10252 10276 10287
3 10260 10279 10276
3 10287 10276 10279
3 10258 10289 10281
3 10256 10278 10289
3 10257 10281 10278
3 10289 10278 10281
3 10259 10291 10273
3 10258 10280 10291
3 10251 10273 10280
3 10291 10280 10273
3 10292 10304 10306
3 10303 10305 10304
3 10297 10306 10305
3 10304 10305 10306
3 10292 10306 10308
3 10297 10307 10306
3 10293 10308 10307
3 10306 10307 10308
3 10292 10308 10310
3 10293 10309 10308
3 10299 10310 10309
3 10308 10309 10310
3 10292 10310 10312
3 10299 10311 10310
3 10302 10312 10311
3 10310 10311 10312
3 10292 10312 10304
3 10302 10313 10312
3 10303 10304 10313
3 10312 10313 10304
3 10293 10307 10315
3 10297 10314 10307
3 10301 10315 10314
3 10307 10314 10315
3 10297 10305 10317
3 10303 10316 10305
3 10296 10317 10316
3 10305 10316 10317
3 10303 10313 10319
3 10302 10318 10313
3 10294 10319 10318
3 10313 10318 10319
3 10302 10311 10321
3 10299 10320 10311
3 10298 10321 10320
3 10311 10320 10321
3 10299 10309 10323
3 10293 10322 10309
3 10300 10323 10322
3 10309 10322 10323
3 10295 10324 10326
3 10301 10325 10324
3 10296 10326 10325
3 10324 10325 10326
3 10295 10326 10328
3 10296 10327 10326
3 10294 10328 10327
3 10326 10327 10328
3 10295 10328 10330
3 10294 10329 10328
3 10298 10330 10329
3 10328 10329 10330
3 10295 10330 10332
3 10298 10331 10330
3 10300 10332 10331
3 10330 10331 10332
3 10295 10332 10324
3 10300 10333 10332
3 10301 10324 10333
3 10332 10333 10324
3 10296 10325 10317
3 10301 10314 10325
3 10297 10317 10314
3 10325 10314 10317
3 10294 10327 10319
3 10296 10316 10327
3 10303 10319 10316
3 10327 10316 10319
3 10298 10329 10321
3 10294 10318 10329
3 10302 10321 10318
3 10329 10318 10321
3 10300 10331 10323
3 10298 10320 10331
3 10299 10323 10320
3 10331 10320 10323
3 10301 10333 10315
3 10300 10322 10333
3 10293 10315 10322
3 10333 10322 10315
3 10334 10346 10348
3 10345 10347 10346
3 10339 10348 10347
3 10346 10347 10348
3 10334 10348 10350
3 10339 10349 10348
3 10335 10350 10349
3 10348 10349 10350
3 10334 10350 10352
3 10335 10351 10350
3 10341 10352 10351
3 10350 10351 10352
3 10334 10352 10354
3 10341 10353 10352
3 10344 10354 10353
3 10352 10353 10354
3 10334 10354 10346
3 10344 10355 10354
3 10345 10346 10355
3 10354 10355 10346
3 10335 10349 10357
3 10339 10356 10349
3 10343 10357 10356
3 10349 10356 10357
3 10339 10347 10359
3 10345 10358 10347
3 10338 10359 10358
3 10347 10358 10359
3 10345 10355 10361
3 10344 10360 10355
3 10336 10361 10360
3 10355 10360 10361
3 10344 10353 10363
3 10341 10362 10353
3 10340 10363 10362
3 10353 10362 10363
3 10341 10351 10365
3 10335 10364 10351
3 10342 10365 10364
3 10351 10364 10365
3 10337 10366 10368
3 10343 10367 10366
3 10338 10368 10367
3 10366 10367 10368
3 10337 10368 10370
3 10338 10369 10368
3 10336 10370 10369
3 10368 10369 10370
3 10337 10370 10372
3 10336 10371 10370
3 10340 10372 10371
3 10370 10371 10372
3 10337 10372 10374
3 10340 10373 10372
3 10342 10374 10373
3 10372 10373 10374
3 10337 10374 10366
3 10342 10375 10374
3 10343 10366 10375
3 10374 10375 10366
3 10338 10367 10359
3 10343 10356 10367
3 10339 10359 10356
3 10367 10356 10359
3 10336 10369 10361
3 10338 10358 10369
3 10345 10361 10358
3 10369 10358 10361
3 10340 10371 10363
3 10336 10360 10371
3 10344 10363 10360
3 10371 10360 10363
3 10342 10373 10365
3 10340 10362 10373
3 10341 10365 10362
3 10373 10362 10365
3 10343 10375 10357
3 10342 10364 10375
3 10335 10357 10364
3 10375 10364 10357
3 10376 10388 10390
3 10387 10389 10388
3 10381 10390 10389
3 10388 10389 10390
3 10376 10390 10392
3 10381 10391 10390
3 10377 10392 10391
3 10390 10391 10392
3 10376 10392 10394
3 10377 10393 10392
3 10383 10394 10393
3 10392 10393 10394
3 10376 10394 10396
3 10383 10395 10394
3 10386 10396 10395
3 10394 10395 10396
3 10376 10396 10388
3 10386 10397 10396
3 10387 10388 10397
3 10396 10397 10388
3 10377 10391 10399
3 10381 10398 10391
3 10385 10399 10398
3 10391 10398 10399
3 10381 10389 10401
3 10387 10400 10389
3 10380 10401 10400
3 10389 10400 10401
3 10387 10397 10403
3 10386 10402 10397
3 10378 10403 10402
3 10397 10402 10403
3 10386 10395 10405
3 10383 10404 10395
3 10382 10405 10404
3 10395 10404 10405
3 10383 10393 10407
3 10377 10406 10393
3 10384 10407 10406
3 10393 10406 10407
3 10379 10408 10410
3 10385 10409 10408
3 10380 10410 10409
3 10408 10409 10410
3 10379 10410 10412
3 10380 10411 10410
3 10378 10412 10411
3 10410 10411 10412
3 10379 10412 10414
3 10378 10413 10412
3 10382 10414 10413
3 10412 10413 10414
3 10379 10414 10416
3 10382 10415 10414
3 10384 10416 10415
3 10414 10415 10416
3 10379 10416 10408
3 10384 10417 10416
3 10385 10408 10417
3 10416 10417 10408
3 10380 10409 10401
3 10385 10398 10409
3 10381 10401 10398
3 10409 10398 10401
3 10378 10411 10403
3 10380 10400 10411
3 10387 10403 10400
3 10411 10400 10403
3 10382 10413 10405
3 10378 10402 10413
3 10386 10405 10402
3 10413 10402 10405
3 10384 10415 10407
3 10382 10404 10415
3 10383 10407 10404
3 10415 10404 10407
3 10385 10417 10399
3 10384 10406 10417
3 10377 10399 10406
3 10417 10406 10399
3 10418 10430 10432
3 10429 10431 10430
3 10423 10432 10431
3 10430 10431 10432
3 10418 10432 10434
3 10423 10433 10432
3 10419 10434 10433
3 10432 10433 10434
3 10418 10434 10436
3 10419 10435 10434
3 10425 10436 10435
3 10434 10435 10436
3 10418 10436 10438
3 10425 10437 10436
3 10428 10438 10437
3 10436 10437 10438
3 10418 10438 10430
3 10428 10439 10438
3 10429 10430 10439
3 10438 10439 10430
3 10419 10433 10441
3 10423 10440 10433
3 10427 10441 10440
3 10433 10440 10441
3 10423 10431 10443
3 10429 10442 10431
3 10422 10443 10442
3 10431 10442 10443
3 10429 10439 10445
3 10428 10444 10439
3 10420 10445 10444
3 10439 10444 10445
3 10428 10437 10447
3 10425 10446 10437
3 10424 10447 10446
3 10437 10446 10447
3 10425 10435 10449
3 10419 10448 10435
3 10426 10449 10448
3 10435 10448 10449
3 10421 10450 10452
3 10427 10451 10450
3 10422 10452 10451
3 10450 10451 10452
3 10421 10452 10454
3 10422 10453 10452
3 10420 10454 10453
3 10452 10453 10454
3 10421 10454 10456
3 10420 10455 10454
3 10424 10456 10455
3 10454 10455 10456
3 10421 10456 10458
3 10424 10457 10456
3 10426 10458 10457
3 10456 10457 10458
3 10421 10458 10450
3 10426 10459 10458
3 10427 10450 10459
3 10458 10459 10450
3 10422 10451 10443
3 10427 10440 10451
3 10423 10443 10440
3 10451 10440 10443
3 10420 10453 10445
3 10422 10442 10453
3 10429 10445 10442
3 10453 10442 10445
3 10424 10455 10447
3 10420 10444 10455
3 10428 10447 10444
3 10455 10444 10447
3 10426 10457 10449
3 10424 10446 10457
3 10425 10449 10446
3 10457 10446 10449
3 10427 10459 10441
3 10426 10448 10459
3 10419 10441 10448
3 10459 10448 10441
3 10460 10472 10474
3 10471 10473 10472
3 10465 10474 10473
3 10472 10473 10474
3 10460 10474 10476
3 10465 10475 10474
3 10461 10476 10475
3 10474 10475 10476
3 10460 10476 10478
3 10461 10477 10476
3 10467 10478 10477
3 10476 10477 10478
3 10460 10478 10480
3 10467 10479 10478
3 10470 10480 10479
3 10478 10479 10480
3 10460 10480 10472
3 10470 10481 10480
3 10471 10472 10481
3 10480 10481 10472
3 10461 10475 10483
3 10465 10482 10475
3 10469 10483 10482
3 10475 10482 10483
3 10465 10473 10485
3 10471 10484 10473
3 10464 10485 10484
3 10473 10484 10485
3 10471 10481 10487
3 10470 10486 10481
3 10462 10487 10486
3 10481 10486 10487
3 10470 10479 10489
3 10467 10488 10479
3 10466 10489 10488
3 10479 10488 10489
3 10467 10477 10491
3 10461 10490 10477
3 10468 10491 10490
3 10477 10490 10491
3 10463 10492 10494
3 10469 10493 10492
3 10464 10494 10493
3 10492 10493 10494
3 10463 10494 10496
3 10464 10495 10494
3 10462 10496 10495
3 10494 10495 10496
3 10463 10496 10498
3 10462 10497 10496
3 10466 10498 10497
3 10496 10497 10498
3 10463 10498 10500
3 10466 10499 10498
3 10468 10500 10499
3 10498 10499 10500
3 10463 10500 10492
3 10468 10501 10500
3 10469 10492 10501
3 10500 10501 10492
3 10464 10493 10485
3 10469 10482 10493
3 10465 10485 10482
3 10493 10482 10485
3 10462 10495 10487
3 10464 10484 10495
3 10471 10487 10484
3 10495 10484 10487
3 10466 10497 10489
3 10462 10486 10497
3 10470 10489 10486
3 10497 10486 10489
3 10468 10499 10491
3 10466 10488 10499
3 10467 10491 10488
3 10499 10488 10491
3 10469 10501 10483
3 10468 10490 10501
3 10461 10483 10490
3 10501 10490 10483
3 10502 10514 10516
3 10513 10515 10514
3 10507 10516 10515
3 10514 10515 10516
3 10502 10516 10518
3 10507 10517 10516
3 10503 10518 10517
3 10516 10517 10518
3 10502 10518 10520
3 10503 10519 10518
3 10509 10520 10519
3 10518 10519 10520
3 10502 10520 10522
3 10509 10521 10520
3 10512 10522 10521
3 10520 10521 10522
3 10502 10522 10514
3 10512 10523 10522
3 10513 10514 10523
3 10522 10523 10514
3 10503 10517 10525
3 10507 10524 10517
3 10511 10525 10524
3 10517 10524 10525
3 10507 10515 10527
3 10513 10526 10515
3 10506 10527 10526
3 10515 10526 10527
3 10513 10523 10529
3 10512 10528 10523
3 10504 10529 10528
3 10523 10528 10529
3 10512 10521 10531
3 10509 10530 10521
3 10508 10531 10530
3 10521 10530 10531
3 10509 10519 10533
3 10503 10532 10519
3 10510 10533 10532
3 10519 10532 10533
3 10505 10534 10536
3 10511 10535 10534
3 10506 10536 10535
3 10534 10535 10536
3 10505 10536 10538
3 10506 10537 10536
3 10504 10538 10537
3 10536 10537 10538
3 10505 10538 10540
3 10504 10539 10538
3 10508 10540 10539
3 10538 10539 10540
3 10505 10540 10542
3 10508 10541 10540
3 10510 10542 10541
3 10540 10541 10542
3 10505 10542 10534
3 10510 10543 10542
3 10511 10534 10543
3 10542 10543 10534
3 10506 10535 10527
3 10511 10524 10535
3 10507 10527 10524
3 10535 10524 10527
3 10504 10537 10529
3 10506 10526 10537
3 10513 10529 10526
3 10537 10526 10529
3 10508 10539 10531
3 10504 10528 10539
3 10512 10531 10528
3 10539 10528 10531
3 10510 10541 10533
3 10508 10530 10541
3 10509 10533 10530
3 10541 10530 10533
3 10511 10543 10525
3 10510 10532 10543
3 10503 10525 10532
3 10543 10532 10525
3 10544 10556 10558
3 10555 10557 10556
3 10549 10558 10557
3 10556 10557 10558
3 10544 10558 10560
3 10549 10559 10558
3 10545 10560 10559
3 10558 10559 10560
3 10544 10560 10562
3 10545 10561 10560
3 10551 10562 10561
3 10560 10561 10562
3 10544 10562 10564
3 10551 10563 10562
3 10554 10564 10563
3 10562 10563 10564
3 10544 10564 10556
3 10554 10565 10564
3 10555 10556 10565
3 10564 10565 10556
3 10545 10559 10567
3 10549 10566 10559
3 10553 10567 10566
3 10559 10566 10567
3 10549 10557 10569
3 10555 10568 10557
3 10548 10569 10568
3 10557 10568 10569
3 10555 10565 10571
3 10554 10570 10565
3 10546 10571 10570
3 10565 10570 10571
3 10554 10563 10573
3 10551 10572 10563
3 10550 10573 10572
3 10563 10572 10573
3 10551 10561 10575
3 10545 10574 10561
3 10552 10575 10574
3 10561 10574 10575
3 10547 10576 10578
3 10553 10577 10576
3 10548 10578 10577
3 10576 10577 10578
3 10547 10578 10580
3 10548 10579 10578
3 10546 10580 10579
3 10578 10579 10580
3 10547 10580 10582
3 10546 10581 10580
3 10550 10582 10581
3 10580 10581 10582
3 10547 10582 10584
3 10550 10583 10582
3 10552 10584 10583
3 10582 10583 10584
3 10547 10584 10576
3 10552 10585 10584
3 10553 10576 10585
3 10584 10585 10576
3 10548 10577 10569
3 10553 10566 10577
3 10549 10569 10566
3 10577 10566 10569
3 10546 10579 10571
3 10548 10568 10579
3 10555 10571 10568
3 10579 10568 10571
3 10550 10581 10573
3 10546 10570 10581
3 10554 10573 10570
3 10581 10570 10573
3 10552 10583 10575
3 10550 10572 10583
3 10551 10575 10572
3 10583 10572 10575
3 10553 10585 10567
3 10552 10574 10585
3 10545 10567 10574
3 10585 10574 10567
3 10586 10598 10600
3 10597 10599 10598
3 10591 10600 10599
3 10598 10599 10600
3 10586 10600 10602
3 10591 10601 10600
3 10587 10602 10601
3 10600 10601 10602
3 10586 10602 10604
3 10587 10603 10602
3 10593 10604 10603
3 10602 10603 10604
3 10586 10604 10606
3 10593 10605 10604
3 10596 10606 10605
3 10604 10605 10606
3 10586 10606 10598
3 10596 10607 10606
3 10597 10598 10607
3 10606 10607 10598
3 10587 10601 10609
3 10591 10608 10601
3 10595 10609 10608
3 10601 10608 10609
3 10591 10599 10611
3 10597 10610 10599
3 10590 10611 10610
3 10599 10610 10611
3 10597 10607 10613
3 10596 10612 10607
3 10588 10613 10612
3 10607 10612 10613
3 10596 10605 10615
3 10593 10614 10605
3 10592 10615 10614
3 10605 10614 10615
3 10593 10603 10617
3 10587 10616 10603
3 10594 10617 10616
3 10603 10616 10617
3 10589 10618 10620
3 10595 10619 10618
3 10590 10620 10619
3 10618 10619 10620
3 10589 10620 10622
3 10590 10621 10620
3 10588 10622 10621
3 10620 10621 10622
3 10589 10622 10624
3 10588 10623 10622
3 10592 10624 10623
3 10622 10623 10624
3 10589 10624 10626
3 10592 10625 10624
3 10594 10626 10625
3 10624 10625 10626
3 10589 10626 10618
3 10594 10627 10626
3 10595 10618 10627
3 10626 10627 10618
3 10590 10619 10611
3 10595 10608 10619
3 10591 10611 10608
3 10619 10608 10611
3 10588 10621 10613
3 10590 10610 10621
3 10597 10613 10610
3 10621 10610 10613
3 10592 10623 10615
3 10588 10612 10623
3 10596 10615 10612
3 10623 10612 10615
3 10594 10625 10617
3 10592 10614 10625
3 10593 10617 10614
3 10625 10614 10617
3 10595 10627 10609
3 10594 10616 10627
3 10587 10609 10616
3 10627 10616 10609
3 10628 10640 10642
3 10639 10641 10640
3 10633 10642 10641
3 10640 10641 10642
3 10628 10642 10644
3 10633 10643 10642
3 10629 10644 10643
3 10642 10643 10644
3 10628 10644 10646
3 10629 10645 10644
3 10635 10646 10645
3 10644 10645 10646
3 10628 10646 10648
3 10635 10647 10646
3 10638 10648 10647
3 10646 10647 10648
3 10628 10648 10640
3 10638 10649 10648
3 10639 10640 10649
3 10648 10649 10640
3 10629 10643 10651
3 10633 10650 10643
3 10637 10651 10650
3 10643 10650 10651
3 10633 10641 10653
3 10639 10652 10641
3 10632 10653 10652
3 10641 10652 10653
3 10639 10649 10655
3 10638 10654 10649
3 10630 10655 10654
3 10649 10654 10655
3 10638 10647 10657
3 10635 10656 10647
3 10634 10657 10656
3 10647 10656 10657
3 10635 10645 10659
3 10629 10658 10645
3 10636 10659 10658
3 10645 10658 10659
3 10631 10660 10662
3 10637 10661 10660
3 10632 10662 10661
3 10660 10661 10662
3 10631 10662 10664
3 10632 10663 10662
3 10630 10664 10663
3 10662 10663 10664
3 10631 10664 10666
3 10630 10665 10664
3 10634 10666 10665
3 10664 10665 10666
3 10631 10666 10668
3 10634 10667 10666
3 10636 10668 10667
3 10666 10667 10668
3 10631 10668 10660
3 10636 10669 10668
3 10637 10660 10669
3 10668 10669 10660
3 10632 10661 10653
3 10637 10650 10661
3 10633 10653 10650
3 10661 10650 10653
3 10630 10663 10655
3 10632 10652 10663
3 10639 10655 10652
3 10663 10652 10655
3 10634 10665 10657
3 10630 10654 10665
3 10638 10657 10654
3 10665 10654 10657
3 10636 10667 10659
3 10634 10656 10667
3 10635 10659 10656
3 10667 10656 10659
3 10637 10669 10651
3 10636 10658 10669
3 10629 10651 10658
3 10669 10658 10651
3 10670 10682 10684
3 10681 10683 10682
3 10675 10684 10683
3 10682 10683 10684
3 10670 10684 10686
3 10675 10685 10684
3 10671 10686 10685
3 10684 10685 10686
3 10670 10686 10688
3 10671 10687 10686
3 10677 10688 10687
3 10686 10687 10688
3 10670 10688 10690
3 10677 10689 10688
3 10680 10690 10689
3 10688 10689 10690
3 10670 10690 10682
3 10680 10691 10690
3 10681 10682 10691
3 10690 10691 10682
3 10671 10685 10693
3 10675 10692 10685
3 10679 10693 10692
3 10685 10692 10693
3 10675 10683 10695
3 10681 10694 10683
3 10674 10695 10694
3 10683 10694 10695
3 10681 10691 10697
3 10680 10696 10691
3 10672 10697 10696
3 10691 10696 10697
3 10680 10689 10699
3 10677 10698 10689
3 10676 10699 10698
3 10689 10698 10699
3 10677 10687 10701
3 10671 10700 10687
3 10678 10701 10700
3 10687 10700 10701
3 10673 10702 10704
3 10679 10703 10702
3 10674 10704 10703
3 10702 10703 10704
3 10673 10704 10706
3 10674 10705 10704
3 10672 10706 10705
3 10704 10705 10706
3 10673 10706 10708
3 10672 10707 10706
3 10676 10708 10707
3 10706 10707 10708
3 10673 10708 10710
3 10676 10709 10708
3 10678 10710 10709
3 10708 10709 10710
3 10673 10710 10702
3 10678 10711 10710
3 10679 10702 10711
3 10710 10711 10702
3 10674 10703 10695
3 10679 10692 10703
3 10675 10695 10692
3 10703 10692 10695
3 10672 10705 10697
3 10674 10694 10705
3 10681 10697 10694
3 10705 10694 10697
3 10676 10707 10699
3 10672 10696 10707
3 10680 10699 10696
3 10707 10696 10699
3 10678 10709 10701
3 10676 10698 10709
3 10677 10701 10698
3 10709 10698 10701
3 10679 10711 10693
3 10678 10700 10711
3 10671 10693 10700
3 10711 10700 10693
3 10712 10724 10726
3 10723 10725 10724
3 10717 10726 10725
3 10724 10725 10726
3 10712 10726 10728
3 10717 10727 10726
3 10713 10728 10727
3 10726 10727 10728
3 10712 10728 10730
3 10713 10729 10728
3 10719 10730 10729
3 10728 10729 10730
3 10712 10730 10732
3 10719 10731 10730
3 10722 10732 10731
3 10730 10731 10732
3 10712 10732 10724
3 10722 10733 10732
3 10723 10724 10733
3 10732 10733 10724
3 10713 10727 10735
3 10717 10734 10727
3 10721 10735 10734
3 10727 10734 10735
3 10717 10725 10737
3 10723 10736 10725
3 10716 10737 10736
3 10725 10736 10737
3 10723 10733 10739
3 10722 10738 10733
3 10714 10739 10738
3 10733 10738 10739
3 10722 10731 10741
3 10719 10740 10731
3 10718 10741 10740
3 10731 10740 10741
3 10719 10729 10743
3 10713 10742 10729
3 10720 10743 10742
3 10729 10742 10743
3 10715 10744 10746
3 10721 10745 10744
3 10716 10746 10745
3 10744 10745 10746
3 10715 10746 10748
3 10716 10747 10746
3 10714 10748 10747
3 10746 10747 10748
3 10715 10748 10750
3 10714 10749 10748
3 10718 10750 10749
3 10748 10749 10750
3 10715 10750 10752
3 10718 10751 10750
3 10720 10752 10751
3 10750 10751 10752
3 10715 10752 10744
3 10720 10753 10752
3 10721 10744 10753
3 10752 10753 10744
3 10716 10745 10737
3 10721 10734 10745
3 10717 10737 10734
3 10745 10734 10737
3 10714 10747 10739
3 10716 10736 10747
3 10723 10739 10736
3 10747 10736 10739
3 10718 10749 10741
3 10714 10738 10749
3 10722 10741 10738
3 10749 10738 10741
3 10720 10751 10743
3 10718 10740 10751
3 10719 10743 10740
3 10751 10740 10743
3 10721 10753 10735
3 10720 10742 10753
3 10713 10735 10742
3 10753 10742 10735
3 10754 10766 10768
3 10765 10767 10766
3 10759 10768 10767
3 10766 10767 10768
3 10754 10768 10770
3 10759 10769 10768
3 10755 10770 10769
3 10768 10769 10770
3 10754 10770 10772
3 10755 10771 10770
3 10761 10772 10771
3 10770 10771 10772
3 10754 10772 10774
3 10761 10773 10772
3 10764 10774 10773
3 10772 10773 10774
3 10754 10774 10766
3 10764 10775 10774
3 10765 10766 10775
3 10774 10775 10766
3 10755 10769 10777
3 10759 10776 10769
3 10763 10777 10776
3 10769 10776 10777
3 10759 10767 10779
3 10765 10778 10767
3 10758 10779 10778
3 10767 10778 10779
3 10765 10775 10781
3 10764 10780 10775
3 10756 10781 10780
3 10775 10780 10781
3 10764 10773 10783
3 10761 10782 10773
3 10760 10783 10782
3 10773 10782 10783
3 10761 10771 10785
3 10755 10784 10771
3 10762 10785 10784
3 10771 10784 10785
3 10757 10786 10788
3 10763 10787 10786
3 10758 10788 10787
3 10786 10787 10788
3 10757 10788 10790
3 10758 10789 10788
3 10756 10790 10789
3 10788 10789 10790
3 10757 10790 10792
3 10756 10791 10790
3 10760 10792 10791
3 10790 10791 10792
3 10757 10792 10794
3 10760 10793 10792
3 10762 10794 10793
3 10792 10793 10794
3 10757 10794 10786
3 10762 10795 10794
3 10763 10786 10795
3 10794 10795 10786
3 10758 10787 10779
3 10763 10776 10787
3 10759 10779 10776
3 10787 10776 10779
3 10756 10789 10781
3 10758 10778 10789
3 10765 10781 10778
3 10789 10778 10781
3 10760 10791 10783
3 10756 10780 10791
3 10764 10783 10780
3 10791 10780 10783
3 10762 10793 10785
3 10760 10782 10793
3 10761 10785 10782
3 10793 10782 10785
3 10763 10795 10777
3 10762 10784 10795
3 10755 10777 10784
3 10795 10784 10777
3 10796 10808 10810
3 10807 10809 10808
3 10801 10810 10809
3 10808 10809 10810
3 10796 10810 10812
3 10801 10811 10810
3 10797 10812 10811
3 10810 10811 10812
3 10796 10812 10814
3 10797 10813 10812
3 10803 10814 10813
3 10812 10813 10814
3 10796 10814 10816
3 10803 10815 10814
3 10806 10816 10815
3 10814 10815 10816
3 10796 10816 10808
3 10806 10817 10816
3 10807 10808 10817
3 10816 10817 10808
3 10797 10811 10819
3 10801 10818 10811
3 10805 10819 10818
3 10811 10818 10819
3 10801 10809 10821
3 10807 10820 10809
3 10800 10821 10820
3 10809 10820 10821
3 10807 10817 10823
3 10806 10822 10817
3 10798 10823 10822
3 10817 10822 10823
3 10806 10815 10825
3 10803 10824 10815
3 10802 10825 10824
3 10815 10824 10825
3 10803 10813 10827
3 10797 10826 10813
3 10804 10827 10826
3 10813 10826 10827
3 10799 10828 10830
3 10805 10829 10828
3 10800 10830 10829
3 10828 10829 10830
3 10799 10830 10832
3 10800 10831 10830
3 10798 10832 10831
3 10830 10831 10832
3 10799 10832 10834
3 10798 10833 10832
3 10802 10834 10833
3 10832 10833 10834
3 10799 10834 10836
3 10802 10835 10834
3 10804 10836 10835
3 10834 10835 10836
3 10799 10836 10828
3 10804 10837 10836
3 10805 10828 10837
3 10836 10837 10828
3 10800 10829 10821
3 10805 10818 10829
3 10801 10821 10818
3 10829 10818 10821
3 10798 10831 10823
3 10800 10820 10831
3 10807 10823 10820
3 10831 10820 10823
3 10802 10833 10825
3 10798 10822 10833
3 10806 10825 10822
3 10833 10822 10825
3 10804 10835 10827
3 10802 10824 10835
3 10803 10827 10824
3 10835 10824 10827
3 10805 10837 10819
3 10804 10826 10837
3 10797 10819 10826
3 10837 10826 10819
3 10838 10850 10852
3 10849 10851 10850
3 10843 10852 10851
3 10850 10851 10852
3 10838 10852 10854
3 10843 10853 10852
3 10839 10854 10853
3 10852 10853 10854
3 10838 10854 10856
3 10839 10855 10854
3 10845 10856 10855
3 10854 10855 10856
3 10838 10856 10858
3 10845 10857 10856
3 10848 10858 10857
3 10856 10857 10858
3 10838 10858 10850
3 10848 10859 10858
3 10849 10850 10859
3 10858 10859 10850
3 10839 10853 10861
3 10843 10860 10853
3 10847 10861 10860
3 10853 10860 10861
3 10843 10851 10863
3 10849 10862 10851
3 10842 10863 10862
3 10851 10862 10863
3 10849 10859 10865
3 10848 10864 10859
3 10840 10865 10864
3 10859 10864 10865
3 10848 10857 10867
3 10845 10866 10857
3 10844 10867 10866
3 10857 10866 10867
3 10845 10855 10869
3 10839 10868 10855
3 10846 10869 10868
3 10855 10868 10869
3 10841 10870 10872
3 10847 10871 10870
3 10842 10872 10871
3 10870 10871 10872
3 10841 10872 10874
3 10842 10873 10872
3 10840 10874 10873
3 10872 10873 10874
3 10841 10874 10876
3 10840 10875 10874
3 10844 10876 10875
3 10874 10875 10876
3 10841 10876 10878
3 10844 10877 10876
3 10846 10878 10877
3 10876 10877 10878
3 10841 10878 10870
3 10846 10879 10878
3 10847 10870 10879
3 10878 10879 10870
3 10842 10871 10863
3 10847 10860 10871
3 10843 10863 10860
3 10871 10860 10863
3 10840 10873 10865
3 10842 10862 10873
3 10849 10865 10862
3 10873 10862 10865
3 10844 10875 10867
3 10840 10864 10875
3 10848 10867 10864
3 10875 10864 10867
3 10846 10877 10869
3 10844 10866 10877
3 10845 10869 10866
3 10877 10866 10869
3 10847 10879 10861
3 10846 10868 10879
3 10839 10861 10868
3 10879 10868 10861
3 10880 10892 10894
3 10891 10893 10892
3 10885 10894 10893
3 10892 10893 10894
3 10880 10894 10896
3 10885 10895 10894
3 10881 10896 10895
3 10894 10895 10896
3 10880 10896 10898
3 10881 10897 10896
3 10887 10898 10897
3 10896 10897 10898
3 10880 10898 10900
3 10887 10899 10898
3 10890 10900 10899
3 10898 10899 10900
3 10880 10900 10892
3 10890 10901 10900
3 10891 10892 10901
3 10900 10901 10892
3 10881 10895 10903
3 10885 10902 10895
3 10889 10903 10902
3 10895 10902 10903
3 10885 10893 10905
3 10891 10904 10893
3 10884 10905 10904
3 10893 10904 10905
3 10891 10901 10907
3 10890 10906 10901
3 10882 10907 10906
3 10901 10906 10907
3 10890 10899 10909
3 10887 10908 10899
3 10886 10909 10908
3 10899 10908 10909
3 10887 10897 10911
3 10881 10910 10897
3 10888 10911 10910
3 10897 10910 10911
3 10883 10912 10914
3 10889 10913 10912
3 10884 10914 10913
3 10912 10913 10914
3 10883 10914 10916
3 10884 10915 10914
3 10882 10916 10915
3 10914 10915 10916
3 10883 10916 10918
3 10882 10917 10916
3 10886 10918 10917
3 10916 10917 10918
3 10883 10918 10920
3 10886 10919 10918
3 10888 10920 10919
3 10918 10919 10920
3 10883 10920 10912
3 10888 10921 10920
3 10889 10912 10921
3 10920 10921 10912
3 10884 10913 10905
3 10889 10902 10913
3 10885 10905 10902
3 10913 10902 10905
3 10882 10915 10907
3 10884 10904 10915
3 10891 10907 10904
3 10915 10904 10907
3 10886 10917 10909
3 10882 10906 10917
3 10890 10909 10906
3 10917 10906 10909
3 10888 10919 10911
3 10886 10908 10919
3 10887 10911 10908
3 10919 10908 10911
3 10889 10921 10903
3 10888 10910 10921
3 10881 10903 10910
3 10921 10910 10903
3 10922 10934 10936
3 10933 10935 10934
3 10927 10936 10935
3 10934 10935 10936
3 10922 10936 10938
3 10927 10937 10936
3 10923 10938 10937
3 10936 10937 10938
3 10922 10938 10940
3 10923 10939 10938
3 10929 10940 10939
3 10938 10939 10940
3 10922 10940 10942
3 10929 10941 10940
3 10932 10942 10941
3 10940 10941 10942
3 10922 10942 10934
3 10932 10943 10942
3 10933 10934 10943
3 10942 10943 10934
3 10923 10937 10945
3 10927 10944 10937
3 10931 10945 10944
3 10937 10944 10945
3 10927 10935 10947
3 10933 10946 10935
3 10926 10947 10946
3 10935 10946 10947
3 10933 10943 10949
3 10932 10948 10943
3 10924 10949 10948
3 10943 10948 10949
3 10932 10941 10951
3 10929 10950 10941
3 10928 10951 10950
3 10941 10950 10951
3 10929 10939 10953
3 10923 10952 10939
3 10930 10953 10952
3 10939 10952 10953
3 10925 10954 10956
3 10931 10955 10954
3 10926 10956 10955
3 10954 10955 10956
3 10925 10956 10958
3 10926 10957 10956
3 10924 10958 10957
3 10956 10957 10958
3 10925 10958 10960
3 10924 10959 10958
3 10928 10960 10959
3 10958 10959 10960
3 10925 10960 10962
3 10928 10961 10960
3 10930 10962 10961
3 10960 10961 10962
3 10925 10962 10954
3 10930 10963 10962
3 10931 10954 10963
3 10962 10963 10954
3 10926 10955 10947
3 10931 10944 10955
3 10927 10947 10944
3 10955 10944 10947
3 10924 10957 10949
3 10926 10946 10957
3 10933 10949 10946
3 10957 10946 10949
3 10928 10959 10951
3 10924 10948 10959
3 10932 10951 10948
3 10959 10948 10951
3 10930 10961 10953
3 10928 10950 10961
3 10929 10953 10950
3 10961 10950 10953
3 10931 10963 10945
3 10930 10952 10963
3 10923 10945 10952
3 10963 10952 10945
3 10964 10976 10978
3 10975 10977 10976
3 10969 10978 10977
3 10976 10977 10978
3 10964 10978 10980
3 10969 10979 10978
3 10965 10980 10979
3 10978 10979 10980
3 10964 10980 10982
3 10965 10981 10980
3 10971 10982 10981
3 10980 10981 10982
3 10964 10982 10984
3 10971 10983 10982
3 10974 10984 10983
3 10982 10983 10984
3 10964 10984 10976
3 10974 10985 10984
3 10975 10976 10985
3 10984 10985 10976
3 10965 10979 10987
3 10969 10986 10979
3 10973 10987 10986
3 10979 10986 10987
3 10969 10977 10989
3 10975 10988 10977
3 10968 10989 10988
3 10977 10988 10989
3 10975 10985 10991
3 10974 10990 10985
3 10966 10991 10990
3 10985 10990 10991
3 10974 10983 10993
3 10971 10992 10983
3 10970 10993 10992
3 10983 10992 10993
3 10971 10981 10995
3 10965 10994 10981
3 10972 10995 10994
3 10981 10994 10995
3 10967 10996 10998
3 10973 10997 10996
3 10968 10998 10997
3 10996 10997 10998
3 10967 10998 11000
3 10968 10999 10998
3 10966 11000 10999
3 10998 10999 11000
3 10967 11000 11002
3 10966 11001 11000
3 10970 11002 11001
3 11000 11001 11002
3 10967 11002 11004
3 10970 11003 11002
3 10972 11004 11003
3 11002 11003 11004
3 10967 11004 10996
3 10972 11005 11004
3 10973 10996 11005
3 11004 11005 10996
3 10968 10997 10989
3 10973 10986 10997
3 10969 10989 10986
3 10997 10986 10989
3 10966 10999 10991
3 10968 10988 10999
3 10975 10991 10988
3 10999 10988 10991
3 10970 11001 10993
3 10966 10990 11001
3 10974 10993 10990
3 11001 10990 10993
3 10972 11003 10995
3 10970 10992 11003
3 10971 10995 10992
3 11003 10992 10995
3 10973 11005 10987
3 10972 10994 11005
3 10965 10987 10994
3 11005 10994 10987
3 11006 11018 11020
3 11017 11019 11018
3 11011 11020 11019
3 11018 11019 11020
3 11006 11020 11022
3 11011 11021 11020
3 11007 11022 11021
3 11020 11021 11022
3 11006 11022 11024
3 11007 11023 11022
3 11013 11024 11023
3 11022 11023 11024
3 11006 11024 11026
3 11013 11025 11024
3 11016 11026 11025
3 11024 11025 11026
3 11006 11026 11018
3 11016 11027 11026
3 11017 11018 11027
3 11026 11027 11018
3 11007 11021 11029
3 11011 11028 11021
3 11015 11029 11028
3 11021 11028 11029
3 11011 11019 11031
3 11017 11030 11019
3 11010 11031 11030
3 11019 11030 11031
3 11017 11027 11033
3 11016 11032 11027
3 11008 11033 11032
3 11027 11032 11033
3 11016 11025 11035
3 11013 11034 11025
3 11012 11035 11034
3 11025 11034 11035
3 11013 11023 11037
3 11007 11036 11023
3 11014 11037 11036
3 11023 11036 11037
3 11009 11038 11040
3 11015 11039 11038
3 11010 11040 11039
3 11038 11039 11040
3 11009 11040 11042
3 11010 11041 11040
3 11008 11042 11041
3 11040 11041 11042
3 11009 11042 11044
3 11008 11043 11042
3 11012 11044 11043
3 11042 11043 11044
3 11009 11044 11046
3 11012 11045 11044
3 11014 11046 11045
3 11044 11045 11046
3 11009 11046 11038
3 11014 11047 11046
3 11015 11038 11047
3 11046 11047 11038
3 11010 11039 11031
3 11015 11028 11039
3 11011 11031 11028
3 11039 11028 11031
3 11008 11041 11033
3 11010 11030 11041
3 11017 11033 11030
3 11041 11030 11033
3 11012 11043 11035
3 11008 11032 11043
3 11016 11035 11032
3 11043 11032 11035
3 11014 11045 11037
3 11012 11034 11045
3 11013 11037 11034
3 11045 11034 11037
3 11015 11047 11029
3 11014 11036 11047
3 11007 11029 11036
3 11047 11036 11029
3 11048 11060 11062
3 11059 11061 11060
3 11053 11062 11061
3 11060 11061 11062
3 11048 11062 11064
3 11053 11063 11062
3 11049 11064 11063
3 11062 11063 11064
3 11048 11064 11066
3 11049 11065 11064
3 11055 11066 11065
3 11064 11065 11066
3 11048 11066 11068
3 11055 11067 11066
3 11058 11068 11067
3 11066 11067 11068
3 11048 11068 11060
3 11058 11069 11068
3 11059 11060 11069
3 11068 11069 11060
3 11049 11063 11071
3 11053 11070 11063
3 11057 11071 11070
3 11063 11070 11071
3 11053 11061 11073
3 11059 11072 11061
3 11052 11073 11072
3 11061 11072 11073
3 11059 11069 11075
3 11058 11074 11069
3 11050 11075 11074
3 11069 11074 11075
3 11058 11067 11077
3 11055 11076 11067
3 11054 11077 11076
3 11067 11076 11077
3 11055 11065 11079
3 11049 11078 11065
3 11056 11079 11078
3 11065 11078 11079
3 11051 11080 11082
3 11057 11081 11080
3 11052 11082 11081
3 11080 11081 11082
3 11051 11082 11084
3 11052 11083 11082
3 11050 11084 11083
3 11082 11083 11084
3 11051 11084 11086
3 11050 11085 11084
3 11054 11086 11085
3 11084 11085 11086
3 11051 11086 11088
3 11054 11087 11086
3 11056 11088 11087
3 11086 11087 11088
3 11051 11088 11080
3 11056 11089 11088
3 11057 11080 11089
3 11088 11089 11080
3 11052 11081 11073
3 11057 11070 11081
3 11053 11073 11070
3 11081 11070 11073
3 11050 11083 11075
3 11052 11072 11083
3 11059 11075 11072
3 11083 11072 11075
3 11054 11085 11077
3 11050 11074 11085
3 11058 11077 11074
3 11085 11074 11077
3 11056 11087 11079
3 11054 11076 11087
3 11055 11079 11076
3 11087 11076 11079
3 11057 11089 11071
3 11056 11078 11089
3 11049 11071 11078
3 11089 11078 11071
3 11090 11102 11104
3 11101 11103 11102
3 11095 11104 11103
3 11102 11103 11104
3 11090 11104 11106
3 11095 11105 11104
3 11091 11106 11105
3 11104 11105 11106
3 11090 11106 11108
3 11091 11107 11106
3 11097 11108 11107
3 11106 11107 11108
3 11090 11108 11110
3 11097 11109 11108
3 11100 11110 11109
3 11108 11109 11110
3 11090 11110 11102
3 11100 11111 11110
3 11101 11102 11111
3 11110 11111 11102
3 11091 11105 11113
3 11095 11112 11105
3 11099 11113 11112
3 11105 11112 11113
3 11095 11103 11115
3 11101 11114 11103
3 11094 11115 11114
3 11103 11114 11115
3 11101 11111 11117
3 11100 11116 11111
3 11092 11117 11116
3 11111 11116 11117
3 11100 11109 11119
3 11097 11118 11109
3 11096 11119 11118
3 11109 11118 11119
3 11097 11107 11121
3 11091 11120 11107
3 11098 11121 11120
3 11107 11120 11121
3 11093 11122 11124
3 11099 11123 11122
3 11094 11124 11123
3 11122 11123 11124
3 11093 11124 11126
3 11094 11125 11124
3 11092 11126 11125
3 11124 11125 11126
3 11093 11126 11128
3 11092 11127 11126
3 11096 11128 11127
3 11126 11127 11128
3 11093 11128 11130
3 11096 11129 11128
3 11098 11130 11129
3 11128 11129 11130
3 11093 11130 11122
3 11098 11131 11130
3 11099 11122 11131
3 11130 11131 11122
3 11094 11123 11115
3 11099 11112 11123
3 11095 11115 11112
3 11123 11112 11115
3 11092 11125 11117
3 11094 11114 11125
3 11101 11117 11114
3 11125 11114 11117
3 11096 11127 11119
3 11092 11116 11127
3 11100 11119 11116
3 11127 11116 11119
3 11098 11129 11121
3 11096 11118 11129
3 11097 11121 11118
3 11129 11118 11121
3 11099 11131 11113
3 11098 11120 11131
3 11091 11113 11120
3 11131 11120 11113
3 11132 11144 11146
3 11143 11145 11144
3 11137 11146 11145
3 11144 11145 11146
3 11132 11146 11148
3 11137 11147 11146
3 11133 11148 11147
3 11146 11147 11148
3 11132 11148 11150
3 11133 11149 11148
3 11139 11150 11149
3 11148 11149 11150
3 11132 11150 11152
3 11139 11151 11150
3 11142 11152 11151
3 11150 11151 11152
3 11132 11152 11144
3 11142 11153 11152
3 11143 11144 11153
3 11152 11153 11144
3 11133 11147 11155
3 11137 11154 11147
3 11141 11155 11154
3 11147 11154 11155
3 11137 11145 11157
3 11143 11156 11145
3 11136 11157 11156
3 11145 11156 11157
3 11143 11153 11159
3 11142 11158 11153
3 11134 11159 11158
3 11153 11158 11159
3 11142 11151 11161
3 11139 11160 11151
3 11138 11161 11160
3 11151 11160 11161
3 11139 11149 11163
3 11133 11162 11149
3 11140 11163 11162
3 11149 11162 11163
3 11135 11164 11166
3 11141 11165 11164
3 11136 11166 11165
3 11164 11165 11166
3 11135 11166 11168
3 11136 11167 11166
3 11134 11168 11167
3 11166 11167 11168
3 11135 11168 11170
3 11134 11169 11168
3 11138 11170 11169
3 11168 11169 11170
3 11135 11170 11172
3 11138 11171 11170
3 11140 11172 11171
3 11170 11171 11172
3 11135 11172 11164
3 11140 11173 11172
3 11141 11164 11173
3 11172 11173 11164
3 11136 11165 11157
3 11141 11154 11165
3 11137 11157 11154
3 11165 11154 11157
3 11134 11167 11159
3 11136 11156 11167
3 11143 11159 11156
3 11167 11156 11159
3 11138 11169 11161
3 11134 11158 11169
3 11142 11161 11158
3 11169 11158 11161
3 11140 11171 11163
3 11138 11160 11171
3 11139 11163 11160
3 11171 11160 11163
3 11141 11173 11155
3 11140 11162 11173
3 11133 11155 11162
3 11173 11162 11155
3 11174 11186 11188
3 11185 11187 11186
3 11179 11188 11187
3 11186 11187 11188
3 11174 11188 11190
3 11179 11189 11188
3 11175 11190 11189
3 11188 11189 11190
3 11174 11190 11192
3 11175 11191 11190
3 11181 11192 11191
3 11190 11191 11192
3 11174 11192 11194
3 11181 11193 11192
3 11184 11194 11193
3 11192 11193 11194
3 11174 11194 11186
3 11184 11195 11194
3 11185 11186 11195
3 11194 11195 11186
3 11175 11189 11197
3 11179 11196 11189
3 11183 11197 11196
3 11189 11196 11197
3 11179 11187 11199
3 11185 11198 11187
3 11178 11199 11198
3 11187 11198 11199
3 11185 11195 11201
3 11184 11200 11195
3 11176 11201 11200
3 11195 11200 11201
3 11184 11193 11203
3 11181 11202 11193
3 11180 11203 11202
3 11193 11202 11203
3 11181 11191 11205
3 11175 11204 11191
3 11182 11205 11204
3 11191 11204 11205
3 11177 11206 11208
3 11183 11207 11206
3 11178 11208 11207
3 11206 11207 11208
3 11177 11208 11210
3 11178 11209 11208
3 11176 11210 11209
3 11208 11209 11210
3 11177 11210 11212
3 11176 11211 11210
3 11180 11212 11211
3 11210 11211 11212
3 11177 11212 11214
3 11180 11213 11212
3 11182 11214 11213
3 11212 11213 11214
3 11177 11214 11206
3 11182 11215 11214
3 11183 11206 11215
3 11214 11215 11206
3 11178 11207 11199
3 11183 11196 11207
3 11179 11199 11196
3 11207 11196 11199
3 11176 11209 11201
3 11178 11198 11209
3 11185 11201 11198
3 11209 11198 11201
3 11180 11211 11203
3 11176 11200 11211
3 11184 11203 11200
3 11211 11200 11203
3 11182 11213 11205
3 11180 11202 11213
3 11181 11205 11202
3 11213 11202 11205
3 11183 11215 11197
3 11182 11204 11215
3 11175 11197 11204
3 11215 11204 11197
3 11216 11228 11230
3 11227 11229 11228
3 11221 11230 11229
3 11228 11229 11230
3 11216 11230 11232
3 11221 11231 11230
3 11217 11232 11231
3 11230 11231 11232
3 11216 11232 11234
3 11217 11233 11232
3 11223 11234 11233
3 11232 11233 11234
3 11216 11234 11236
3 11223 11235 11234
3 11226 11236 11235
3 11234 11235 11236
3 11216 11236 11228
3 11226 11237 11236
3 11227 11228 11237
3 11236 11237 11228
3 11217 11231 11239
3 11221 11238 11231
3 11225 11239 11238
3 11231 11238 11239
3 11221 11229 11241
3 11227 11240 11229
3 11220 11241 11240
3 11229 11240 11241
3 11227 11237 11243
3 11226 11242 11237
3 11218 11243 11242
3 11237 11242 11243
3 11226 11235 11245
3 11223 11244 11235
3 11222 11245 11244
3 11235 11244 11245
3 11223 11233 11247
3 11217 11246 11233
3 11224 11247 11246
3 11233 11246 11247
3 11219 11248 11250
3 11225 11249 11248
3 11220 11250 11249
3 11248 11249 11250
3 11219 11250 11252
3 11220 11251 11250
3 11218 11252 11251
3 11250 11251 11252
3 11219 11252 11254
3 11218 11253 11252
3 11222 11254 11253
3 11252 11253 11254
3 11219 11254 11256
3 11222 11255 11254
3 11224 11256 11255
3 11254 11255 11256
3 11219 11256 11248
3 11224 11257 11256
3 11225 11248 11257
3 11256 11257 11248
3 11220 11249 11241
3 11225 11238 11249
3 11221 11241 11238
3 11249 11238 11241
3 11218 11251 11243
3 11220 11240 11251
3 11227 11243 11240
3 11251 11240 11243
3 11222 11253 11245
3 11218 11242 11253
3 11226 11245 11242
3 11253 11242 11245
3 11224 11255 11247
3 11222 11244 11255
3 11223 11247 11244
3 11255 11244 11247
3 11225 11257 11239
3 11224 11246 11257
3 11217 11239 11246
3 11257 11246 11239
3 11258 11270 11272
3 11269 11271 11270
3 11263 11272 11271
3 11270 11271 11272
3 11258 11272 11274
3 11263 11273 11272
3 11259 11274 11273
3 11272 11273 11274
3 11258 11274 11276
3 11259 11275 11274
3 11265 11276 11275
3 11274 11275 11276
3 11258 11276 11278
3 11265 11277 11276
3 11268 11278 11277
3 11276 11277 11278
3 11258 11278 11270
3 11268 11279 11278
3 11269 11270 11279
3 11278 11279 11270
3 11259 11273 11281
3 11263 11280 11273
3 11267 11281 11280
3 11273 11280 11281
3 11263 11271 11283
3 11269 11282 11271
3 11262 11283 11282
3 11271 11282 11283
3 11269 11279 11285
3 11268 11284 11279
3 11260 11285 11284
3 11279 11284 11285
3 11268 11277 11287
3 11265 11286 11277
3 11264 11287 11286
3 11277 11286 11287
3 11265 11275 11289
3 11259 11288 11275
3 11266 11289 11288
3 11275 11288 11289
3 11261 11290 11292
3 11267 11291 11290
3 11262 11292 11291
3 11290 11291 11292
3 11261 11292 11294
3 11262 11293 11292
3 11260 11294 11293
3 11292 11293 11294
3 11261 11294 11296
3 11260 11295 11294
3 11264 11296 11295
3 11294 11295 11296
3 11261 11296 11298
3 11264 11297 11296
3 11266 11298 11297
3 11296 11297 11298
3 11261 11298 11290
3 11266 11299 11298
3 11267 11290 11299
3 11298 11299 11290
3 11262 11291 11283
3 11267 11280 11291
3 11263 11283 11280
3 11291 11280 11283
3 11260 11293 11285
3 11262 11282 11293
3 11269 11285 11282
3 11293 11282 11285
3 11264 11295 11287
3 11260 11284 11295
3 11268 11287 11284
3 11295 11284 11287
3 11266 11297 11289
3 11264 11286 11297
3 11265 11289 11286
3 11297 11286 11289
3 11267 11299 11281
3 11266 11288 11299
3 11259 11281 11288
3 11299 11288 11281
3 11300 11312 11314
3 11311 11313 11312
3 11305 11314 11313
3 11312 11313 11314
3 11300 11314 11316
3 11305 11315 11314
3 11301 11316 11315
3 11314 11315 11316
3 11300 11316 11318
3 11301 11317 11316
3 11307 11318 11317
3 11316 11317 11318
3 11300 11318 11320
3 11307 11319 11318
3 11310 11320 11319
3 11318 11319 11320
3 11300 11320 11312
3 11310 11321 11320
3 11311 11312 11321
3 11320 11321 11312
3 11301 11315 11323
3 11305 11322 11315
3 11309 11323 11322
3 11315 11322 11323
3 11305 11313 11325
3 11311 11324 11313
3 11304 11325 11324
3 11313 11324 11325
3 11311 11321 11327
3 11310 11326 11321
3 11302 11327 11326
3 11321 11326 11327
3 11310 11319 11329
3 11307 11328 11319
3 11306 11329 11328
3 11319 11328 11329
3 11307 11317 11331
3 11301 11330 11317
3 11308 11331 11330
3 11317 11330 11331
3 11303 11332 11334
3 11309 11333 11332
3 11304 11334 11333
3 11332 11333 11334
3 11303 11334 11336
3 11304 11335 11334
3 11302 11336 11335
3 11334 11335 11336
3 11303 11336 11338
3 11302 11337 11336
3 11306 11338 11337
3 11336 11337 11338
3 11303 11338 11340
3 11306 11339 11338
3 11308 11340 11339
3 11338 11339 11340
3 11303 11340 11332
3 11308 11341 11340
3 11309 11332 11341
3 11340 11341 11332
3 11304 11333 11325
3 11309 11322 11333
3 11305 11325 11322
3 11333 11322 11325
3 11302 11335 11327
3 11304 11324 11335
3 11311 11327 11324
3 11335 11324 11327
3 11306 11337 11329
3 11302 11326 11337
3 11310 11329 11326
3 11337 11326 11329
3 11308 11339 11331
3 11306 11328 11339
3 11307 11331 11328
3 11339 11328 11331
3 11309 11341 11323
3 11308 11330 11341
3 11301 11323 11330
3 11341 11330 11323
3 11342 11354 11356
3 11353 11355 11354
3 11347 11356 11355
3 11354 11355 11356
3 11342 11356 11358
3 11347 11357 11356
3 11343 11358 11357
3 11356 11357 11358
3 11342 11358 11360
3 11343 11359 11358
3 11349 11360 11359
3 11358 11359 11360
3 11342 11360 11362
3 11349 11361 11360
3 11352 11362 11361
3 11360 11361 11362
3 11342 11362 11354
3 11352 11363 11362
3 11353 11354 11363
3 11362 11363 11354
3 11343 11357 11365
3 11347 11364 11357
3 11351 11365 11364
3 11357 11364 11365
3 11347 11355 11367
3 11353 11366 11355
3 11346 11367 11366
3 11355 11366 11367
3 11353 11363 11369
3 11352 11368 11363
3 11344 11369 11368
3 11363 11368 11369
3 11352 11361 11371
3 11349 11370 11361
3 11348 11371 11370
3 11361 11370 11371
3 11349 11359 11373
3 11343 11372 11359
3 11350 11373 11372
3 11359 11372 11373
3 11345 11374 11376
3 11351 11375 11374
3 11346 11376 11375
3 11374 11375 11376
3 11345 11376 11378
3 11346 11377 11376
3 11344 11378 11377
3 11376 11377 11378
3 11345 11378 11380
3 11344 11379 11378
3 11348 11380 11379
3 11378 11379 11380
3 11345 11380 11382
3 11348 11381 11380
3 11350 11382 11381
3 11380 11381 11382
3 11345 11382 11374
3 11350 11383 11382
3 11351 11374 11383
3 11382 11383 11374
3 11346 11375 11367
3 11351 11364 11375
3 11347 11367 11364
3 11375 11364 11367
3 11344 11377 11369
3 11346 11366 11377
3 11353 11369 11366
3 11377 11366 11369
3 11348 11379 11371
3 11344 11368 11379
3 11352 11371 11368
3 11379 11368 11371
3 11350 11381 11373
3 11348 11370 11381
3 11349 11373 11370
3 11381 11370 11373
3 11351 11383 11365
3 11350 11372 11383
3 11343 11365 11372
3 11383 11372 11365
3 11384 11396 11398
3 11395 11397 11396
3 11389 11398 11397
3 11396 11397 11398
3 11384 11398 11400
3 11389 11399 11398
3 11385 11400 11399
3 11398 11399 11400
3 11384 11400 11402
3 11385 11401 11400
3 11391 11402 11401
3 11400 11401 11402
3 11384 11402 11404
3 11391 11403 11402
3 11394 11404 11403
3 11402 11403 11404
3 11384 11404 11396
3 11394 11405 11404
3 11395 11396 11405
3 11404 11405 11396
3 11385 11399 11407
3 11389 11406 11399
3 11393 11407 11406
3 11399 11406 11407
3 11389 11397 11409
3 11395 11408 11397
3 11388 11409 11408
3 11397 11408 11409
3 11395 11405 11411
3 11394 11410 11405
3 11386 11411 11410
3 11405 11410 11411
3 11394 11403 11413
3 11391 11412 11403
3 11390 11413 11412
3 11403 11412 11413
3 11391 11401 11415
3 11385 11414 11401
3 11392 11415 11414
3 11401 11414 11415
3 11387 11416 11418
3 11393 11417 11416
3 11388 11418 11417
3 11416 11417 11418
3 11387 11418 11420
3 11388 11419 11418
3 11386 11420 11419
3 11418 11419 11420
3 11387 11420 11422
3 11386 11421 11420
3 11390 11422 11421
3 11420 11421 11422
3 11387 11422 11424
3 11390 11423 11422
3 11392 11424 11423
3 11422 11423 11424
3 11387 11424 11416
3 11392 11425 11424
3 11393 11416 11425
3 11424 11425 11416
3 11388 11417 11409
3 11393 11406 11417
3 11389 11409 11406
3 11417 11406 11409
3 11386 11419 11411
3 11388 11408 11419
3 11395 11411 11408
3 11419 11408 11411
3 11390 11421 11413
3 11386 11410 11421
3 11394 11413 11410
3 11421 11410 11413
3 11392 11423 11415
3 11390 11412 11423
3 11391 11415 11412
3 11423 11412 11415
3 11393 11425 11407
3 11392 11414 11425
3 11385 11407 11414
3 11425 11414 11407
3 11426 11438 11440
3 11437 11439 11438
3 11431 11440 11439
3 11438 11439 11440
3 11426 11440 11442
3 11431 11441 11440
3 11427 11442 11441
3 11440 11441 11442
3 11426 11442 11444
3 11427 11443 11442
3 11433 11444 11443
3 11442 11443 11444
3 11426 11444 11446
3 11433 11445 11444
3 11436 11446 11445
3 11444 11445 11446
3 11426 11446 11438
3 11436 11447 11446
3 11437 11438 11447
3 11446 11447 11438
3 11427 11441 11449
3 11431 11448 11441
3 11435 11449 11448
3 11441 11448 11449
3 11431 11439 11451
3 11437 11450 11439
3 11430 11451 11450
3 11439 11450 11451
3 11437 11447 11453
3 11436 11452 11447
3 11428 11453 11452
3 11447 11452 11453
3 11436 11445 11455
3 11433 11454 11445
3 11432 11455 11454
3 11445 11454 11455
3 11433 11443 11457
3 11427 11456 11443
3 11434 11457 11456
3 11443 11456 11457
3 11429 11458 11460
3 11435 11459 11458
3 11430 11460 11459
3 11458 11459 11460
3 11429 11460 11462
3 11430 11461 11460
3 11428 11462 11461
3 11460 11461 11462
3 11429 11462 11464
3 11428 11463 11462
3 11432 11464 11463
3 11462 11463 11464
3 11429 11464 11466
3 11432 11465 11464
3 11434 11466 11465
3 11464 11465 11466
3 11429 11466 11458
3 11434 11467 11466
3 11435 11458 11467
3 11466 11467 11458
3 11430 11459 11451
3 11435 11448 11459
3 11431 11451 11448
3 11459 11448 11451
3 11428 11461 11453
3 11430 11450 11461
3 11437 11453 11450
3 11461 11450 11453
3 11432 11463 11455
3 11428 11452 11463
3 11436 11455 11452
3 11463 11452 11455
3 11434 11465 11457
3 11432 11454 11465
3 11433 11457 11454
3 11465 11454 11457
3 11435 11467 11449
3 11434 11456 11467
3 11427 11449 11456
3 11467 11456 11449
3 11468 11480 11482
3 11479 11481 11480
3 11473 11482 11481
3 11480 11481 11482
3 11468 11482 11484
3 11473 11483 11482
3 11469 11484 11483
3 11482 11483 11484
3 11468 11484 11486
3 11469 11485 11484
3 11475 11486 11485
3 11484 11485 11486
3 11468 11486 11488
3 11475 11487 11486
3 11478 11488 11487
3 11486 11487 11488
3 11468 11488 11480
3 11478 11489 11488
3 11479 11480 11489
3 11488 11489 11480
3 11469 11483 11491
3 11473 11490 11483
3 11477 11491 11490
3 11483 11490 11491
3 11473 11481 11493
3 11479 11492 11481
3 11472 11493 11492
3 11481 11492 11493
3 11479 11489 11495
3 11478 11494 11489
3 11470 11495 11494
3 11489 11494 11495
3 11478 11487 11497
3 11475 11496 11487
3 11474 11497 11496
3 11487 11496 11497
3 11475 11485 11499
3 11469 11498 11485
3 11476 11499 11498
3 11485 11498 11499
3 11471 11500 11502
3 11477 11501 11500
3 11472 11502 11501
3 11500 11501 11502
3 11471 11502 11504
3 11472 11503 11502
3 11470 11504 11503
3 11502 11503 11504
3 11471 11504 11506
3 11470 11505 11504
3 11474 11506 11505
3 11504 11505 11506
3 11471 11506 11508
3 11474 11507 11506
3 11476 11508 11507
3 11506 11507 11508
3 11471 11508 11500
3 11476 11509 11508
3 11477 11500 11509
3 11508 11509 11500
3 11472 11501 11493
3 11477 11490 11501
3 11473 11493 11490
3 11501 11490 11493
3 11470 11503 11495
3 11472 11492 11503
3 11479 11495 11492
3 11503 11492 11495
3 11474 11505 11497
3 11470 11494 11505
3 11478 11497 11494
3 11505 11494 11497
3 11476 11507 11499
3 11474 11496 11507
3 11475 11499 11496
3 11507 11496 11499
3 11477 11509 11491
3 11476 11498 11509
3 11469 11491 11498
3 11509 11498 11491
3 11510 11522 11524
3 11521 11523 11522
3 11515 11524 11523
3 11522 11523 11524
3 11510 11524 11526
3 11515 11525 11524
3 11511 11526 11525
3 11524 11525 11526
3 11510 11526 11528
3 11511 11527 11526
3 11517 11528 11527
3 11526 11527 11528
3 11510 11528 11530
3 11517 11529 11528
3 11520 11530 11529
3 11528 11529 11530
3 11510 11530 11522
3 11520 11531 11530
3 11521 11522 11531
3 11530 11531 11522
3 11511 11525 11533
3 11515 11532 11525
3 11519 11533 11532
3 11525 11532 11533
3 11515 11523 11535
3 11521 11534 11523
3 11514 11535 11534
3 11523 11534 11535
3 11521 11531 11537
3 11520 11536 11531
3 11512 11537 11536
3 11531 11536 11537
3 11520 11529 11539
3 11517 11538 11529
3 11516 11539 11538
3 11529 11538 11539
3 11517 11527 11541
3 11511 11540 11527
3 11518 11541 11540
3 11527 11540 11541
3 11513 11542 11544
3 11519 11543 11542
3 11514 11544 11543
3 11542 11543 11544
3 11513 11544 11546
3 11514 11545 11544
3 11512 11546 11545
3 11544 11545 11546
3 11513 11546 11548
3 11512 11547 11546
3 11516 11548 11547
3 11546 11547 11548
3 11513 11548 11550
3 11516 11549 11548
3 11518 11550 11549
3 11548 11549 11550
3 11513 11550 11542
3 11518 11551 11550
3 11519 11542 11551
3 11550 11551 11542
3 11514 11543 11535
3 11519 11532 11543
3 11515 11535 11532
3 11543 11532 11535
3 11512 11545 11537
3 11514 11534 11545
3 11521 11537 11534
3 11545 11534 11537
3 11516 11547 11539
3 11512 11536 11547
3 11520 11539 11536
3 11547 11536 11539
3 11518 11549 11541
3 11516 11538 11549
3 11517 11541 11538
3 11549 11538 11541
3 11519 11551 11533
3 11518 11540 11551
3 11511 11533 11540
3 11551 11540 11533
3 11552 11564 11566
3 11563 11565 11564
3 11557 11566 11565
3 11564 11565 11566
3 11552 11566 11568
3 11557 11567 11566
3 11553 11568 11567
3 11566 11567 11568
3 11552 11568 11570
3 11553 11569 11568
3 11559 11570 11569
3 11568 11569 11570
3 11552 11570 11572
3 11559 11571 11570
3 11562 11572 11571
3 11570 11571 11572
3 11552 11572 11564
3 11562 11573 11572
3 11563 11564 11573
3 11572 11573 11564
3 11553 11567 11575
3 11557 11574 11567
3 11561 11575 11574
3 11567 11574 11575
3 11557 11565 11577
3 11563 11576 11565
3 11556 11577 11576
3 11565 11576 11577
3 11563 11573 11579
3 11562 11578 11573
3 11554 11579 11578
3 11573 11578 11579
3 11562 11571 11581
3 11559 11580 11571
3 11558 11581 11580
3 11571 11580 11581
3 11559 11569 11583
3 11553 11582 11569
3 11560 11583 11582
3 11569 11582 11583
3 11555 11584 11586
3 11561 11585 11584
3 11556 11586 11585
3 11584 11585 11586
3 11555 11586 11588
3 11556 11587 11586
3 11554 11588 11587
3 11586 11587 11588
3 11555 11588 11590
3 11554 11589 11588
3 11558 11590 11589
3 11588 11589 11590
3 11555 11590 11592
3 11558 11591 11590
3 11560 11592 11591
3 11590 11591 11592
3 11555 11592 11584
3 11560 11593 11592
3 11561 11584 11593
3 11592 11593 11584
3 11556 11585 11577
3 11561 11574 11585
3 11557 11577 11574
3 11585 11574 11577
3 11554 11587 11579
3 11556 11576 11587
3 11563 11579 11576
3 11587 11576 11579
3 11558 11589 11581
3 11554 11578 11589
3 11562 11581 11578
3 11589 11578 11581
3 11560 11591 11583
3 11558 11580 11591
3 11559 11583 11580
3 11591 11580 11583
3 11561 11593 11575
3 11560 11582 11593
3 11553 11575 11582
3 11593 11582 11575
3 11594 11606 11608
3 11605 11607 11606
3 11599 11608 11607
3 11606 11607 11608
3 11594 11608 11610
3 11599 11609 11608
3 11595 11610 11609
3 11608 11609 11610
3 11594 11610 11612
3 11595 11611 11610
3 11601 11612 11611
3 11610 11611 11612
3 11594 11612 11614
3 11601 11613 11612
3 11604 11614 11613
3 11612 11613 11614
3 11594 11614 11606
3 11604 11615 11614
3 11605 11606 11615
3 11614 11615 11606
3 11595 11609 11617
3 11599 11616 11609
3 11603 11617 11616
3 11609 11616 11617
3 11599 11607 11619
3 11605 11618 11607
3 11598 11619 11618
3 11607 11618 11619
3 11605 11615 11621
3 11604 11620 11615
3 11596 11621 11620
3 11615 11620 11621
3 11604 11613 11623
3 11601 11622 11613
3 11600 11623 11622
3 11613 11622 11623
3 11601 11611 11625
3 11595 11624 11611
3 11602 11625 11624
3 11611 11624 11625
3 11597 11626 11628
3 11603 11627 11626
3 11598 11628 11627
3 11626 11627 11628
3 11597 11628 11630
3 11598 11629 11628
3 11596 11630 11629
3 11628 11629 11630
3 11597 11630 11632
3 11596 11631 11630
3 11600 11632 11631
3 11630 11631 11632
3 11597 11632 11634
3 11600 11633 11632
3 11602 11634 11633
3 11632 11633 11634
3 11597 11634 11626
3 11602 11635 11634
3 11603 11626 11635
3 11634 11635 11626
3 11598 11627 11619
3 11603 11616 11627
3 11599 11619 11616
3 11627 11616 11619
3 11596 11629 11621
3 11598 11618 11629
3 11605 11621 11618
3 11629 11618 11621
3 11600 11631 11623
3 11596 11620 11631
3 11604 11623 11620
3 11631 11620 11623
3 11602 11633 11625
3 11600 11622 11633
3 11601 11625 11622
3 11633 11622 11625
3 11603 11635 11617
3 11602 11624 11635
3 11595 11617 11624
3 11635 11624 11617
3 11636 11648 11650
3 11647 11649 11648
3 11641 11650 11649
3 11648 11649 11650
3 11636 11650 11652
3 11641 11651 11650
3 11637 11652 11651
3 11650 11651 11652
3 11636 11652 11654
3 11637 11653 11652
3 11643 11654 11653
3 11652 11653 11654
3 11636 11654 11656
3 11643 11655 11654
3 11646 11656 11655
3 11654 11655 11656
3 11636 11656 11648
3 11646 11657 11656
3 11647 11648 11657
3 11656 11657 11648
3 11637 11651 11659
3 11641 11658 11651
3 11645 11659 11658
3 11651 11658 11659
3 11641 11649 11661
3 11647 11660 11649
3 11640 11661 11660
3 11649 11660 11661
3 11647 11657 11663
3 11646 11662 11657
3 11638 11663 11662
3 11657 11662 11663
3 11646 11655 11665
3 11643 11664 11655
3 11642 11665 11664
3 11655 11664 11665
3 11643 11653 11667
3 11637 11666 11653
3 11644 11667 11666
3 11653 11666 11667
3 11639 11668 11670
3 11645 11669 11668
3 11640 11670 11669
3 11668 11669 11670
3 11639 11670 11672
3 11640 11671 11670
3 11638 11672 11671
3 11670 11671 11672
3 11639 11672 11674
3 11638 11673 11672
3 11642 11674 11673
3 11672 11673 11674
3 11639 11674 11676
3 11642 11675 11674
3 11644 11676 11675
3 11674 11675 11676
3 11639 11676 11668
3 11644 11677 11676
3 11645 11668 11677
3 11676 11677 11668
3 11640 11669 11661
3 11645 11658 11669
3 11641 11661 11658
3 11669 11658 11661
3 11638 11671 11663
3 11640 11660 11671
3 11647 11663 11660
3 11671 11660 11663
3 11642 11673 11665
3 11638 11662 11673
3 11646 11665 11662
3 11673 11662 11665
3 11644 11675 11667
3 11642 11664 11675
3 11643 11667 11664
3 11675 11664 11667
3 11645 11677 11659
3 11644 11666 11677
3 11637 11659 11666
3 11677 11666 11659
3 11678 11690 11692
3 11689 11691 11690
3 11683 11692 11691
3 11690 11691 11692
3 11678 11692 11694
3 11683 11693 11692
3 11679 11694 11693
3 11692 11693 11694
3 11678 11694 11696
3 11679 11695 11694
3 11685 11696 11695
3 11694 11695 11696
3 11678 11696 11698
3 11685 11697 11696
3 11688 11698 11697
3 11696 11697 11698
3 11678 11698 11690
3 11688 11699 11698
3 11689 11690 11699
3 11698 11699 11690
3 11679 11693 11701
3 11683 11700 11693
3 11687 11701 11700
3 11693 11700 11701
3 11683 11691 11703
3 11689 11702 11691
3 11682 11703 11702
3 11691 11702 11703
3 11689 11699 11705
3 11688 11704 11699
3 11680 11705 11704
3 11699 11704 11705
3 11688 11697 11707
3 11685 11706 11697
3 11684 11707 11706
3 11697 11706 11707
3 11685 11695 11709
3 11679 11708 11695
3 11686 11709 11708
3 11695 11708 11709
3 11681 11710 11712
3 11687 11711 11710
3 11682 11712 11711
3 11710 11711 11712
3 11681 11712 11714
3 11682 11713 11712
3 11680 11714 11713
3 11712 11713 11714
3 11681 11714 11716
3 11680 11715 11714
3 11684 11716 11715
3 11714 11715 11716
3 11681 11716 11718
3 11684 11717 11716
3 11686 11718 11717
3 11716 11717 11718
3 11681 11718 11710
3 11686 11719 11718
3 11687 11710 11719
3 11718 11719 11710
3 11682 11711 11703
3 11687 11700 11711
3 11683 11703 11700
3 11711 11700 11703
3 11680 11713 11705
3 11682 11702 11713
3 11689 11705 11702
3 11713 11702 11705
3 11684 11715 11707
3 11680 11704 11715
3 11688 11707 11704
3 11715 11704 11707
3 11686 11717 11709
3 11684 11706 11717
3 11685 11709 11706
3 11717 11706 11709
3 11687 11719 11701
3 11686 11708 11719
3 11679 11701 11708
3 11719 11708 11701
3 11720 11732 11734
3 11731 11733 11732
3 11725 11734 11733
3 11732 11733 11734
3 11720 11734 11736
3 11725 11735 11734
3 11721 11736 11735
3 11734 11735 11736
3 11720 11736 11738
3 11721 11737 11736
3 11727 11738 11737
3 11736 11737 11738
3 11720 11738 11740
3 11727 11739 11738
3 11730 11740 11739
3 11738 11739 11740
3 11720 11740 11732
3 11730 11741 11740
3 11731 11732 11741
3 11740 11741 11732
3 11721 11735 11743
3 11725 11742 11735
3 11729 11743 11742
3 11735 11742 11743
3 11725 11733 11745
3 11731 11744 11733
3 11724 11745 11744
3 11733 11744 11745
3 11731 11741 11747
3 11730 11746 11741
3 11722 11747 11746
3 11741 11746 11747
3 11730 11739 11749
3 11727 11748 11739
3 11726 11749 11748
3 11739 11748 11749
3 11727 11737 11751
3 11721 11750 11737
3 11728 11751 11750
3 11737 11750 11751
3 11723 11752 11754
3 11729 11753 11752
3 11724 11754 11753
3 11752 11753 11754
3 11723 11754 11756
3 11724 11755 11754
3 11722 11756 11755
3 11754 11755 11756
3 11723 11756 11758
3 11722 11757 11756
3 11726 11758 11757
3 11756 11757 11758
3 11723 11758 11760
3 11726 11759 11758
3 11728 11760 11759
3 11758 11759 11760
3 11723 11760 11752
3 11728 11761 11760
3 11729 11752 11761
3 11760 11761 11752
3 11724 11753 11745
3 11729 11742 11753
3 11725 11745 11742
3 11753 11742 11745
3 11722 11755 11747
3 11724 11744 11755
3 11731 11747 11744
3 11755 11744 11747
3 11726 11757 11749
3 11722 11746 11757
3 11730 11749 11746
3 11757 11746 11749
3 11728 11759 11751
3 11726 11748 11759
3 11727 11751 11748
3 11759 11748 11751
3 11729 11761 11743
3 11728 11750 11761
3 11721 11743 11750
3 11761 11750 11743
3 11762 11774 11776
3 11773 11775 11774
3 11767 11776 11775
3 11774 11775 11776
3 11762 11776 11778
3 11767 11777 11776
3 11763 11778 11777
3 11776 11777 11778
3 11762 11778 11780
3 11763 11779 11778
3 11769 11780 11779
3 11778 11779 11780
3 11762 11780 11782
3 11769 11781 11780
3 11772 11782 11781
3 11780 11781 11782
3 11762 11782 11774
3 11772 11783 11782
3 11773 11774 11783
3 11782 11783 11774
3 11763 11777 11785
3 11767 11784 11777
3 11771 11785 11784
3 11777 11784 11785
3 11767 11775 11787
3 11773 11786 11775
3 11766 11787 11786
3 11775 11786 11787
3 11773 11783 11789
3 11772 11788 11783
3 11764 11789 11788
3 11783 11788 11789
3 11772 11781 11791
3 11769 11790 11781
3 11768 11791 11790
3 11781 11790 11791
3 11769 11779 11793
3 11763 11792 11779
3 11770 11793 11792
3 11779 11792 11793
3 11765 11794 11796
3 11771 11795 11794
3 11766 11796 11795
3 11794 11795 11796
3 11765 11796 11798
3 11766 11797 11796
3 11764 11798 11797
3 11796 11797 11798
3 11765 11798 11800
3 11764 11799 11798
3 11768 11800 11799
3 11798 11799 11800
3 11765 11800 11802
3 11768 11801 11800
3 11770 11802 11801
3 11800 11801 11802
3 11765 11802 11794
3 11770 11803 11802
3 11771 11794 11803
3 11802 11803 11794
3 11766 11795 11787
3 11771 11784 11795
3 11767 11787 11784
3 11795 11784 11787
3 11764 11797 11789
3 11766 11786 11797
3 11773 11789 11786
3 11797 11786 11789
3 11768 11799 11791
3 11764 11788 11799
3 11772 11791 11788
3 11799 11788 11791
3 11770 11801 11793
3 11768 11790 11801
3 11769 11793 11790
3 11801 11790 11793
3 11771 11803 11785
3 11770 11792 11803
3 11763 11785 11792
3 11803 11792 11785
3 11804 11816 11818
3 11815 11817 11816
3 11809 11818 11817
3 11816 11817 11818
3 11804 11818 11820
3 11809 11819 11818
3 11805 11820 11819
3 11818 11819 11820
3 11804 11820 11822
3 11805 11821 11820
3 11811 11822 11821
3 11820 11821 11822
3 11804 11822 11824
3 11811 11823 11822
3 11814 11824 11823
3 11822 11823 11824
3 11804 11824 11816
3 11814 11825 11824
3 11815 11816 11825
3 11824 11825 11816
3 11805 11819 11827
3 11809 11826 11819
3 11813 11827 11826
3 11819 11826 11827
3 11809 11817 11829
3 11815 11828 11817
3 11808 11829 11828
3 11817 11828 11829
3 11815 11825 11831
3 11814 11830 11825
3 11806 11831 11830
3 11825 11830 11831
3 11814 11823 11833
3 11811 11832 11823
3 11810 11833 11832
3 11823 11832 11833
3 11811 11821 11835
3 11805 11834 11821
3 11812 11835 11834
3 11821 11834 11835
3 11807 11836 11838
3 11813 11837 11836
3 11808 11838 11837
3 11836 11837 11838
3 11807 11838 11840
3 11808 11839 11838
3 11806 11840 11839
3 11838 11839 11840
3 11807 11840 11842
3 11806 11841 11840
3 11810 11842 11841
3 11840 11841 11842
3 11807 11842 11844
3 11810 11843 11842
3 11812 11844 11843
3 11842 11843 11844
3 11807 11844 11836
3 11812 11845 11844
3 11813 11836 11845
3 11844 11845 11836
3 11808 11837 11829
3 11813 11826 11837
3 11809 11829 11826
3 11837 11826 11829
3 11806 11839 11831
3 11808 11828 11839
3 11815 11831 11828
3 11839 11828 11831
3 11810 11841 11833
3 11806 11830 11841
3 11814 11833 11830
3 11841 11830 11833
3 11812 11843 11835
3 11810 11832 11843
3 11811 11835 11832
3 11843 11832 11835
3 11813 11845 11827
3 11812 11834 11845
3 11805 11827 11834
3 11845 11834 11827
3 11846 11858 11860
3 11857 11859 11858
3 11851 11860 11859
3 11858 11859 11860
3 11846 11860 11862
3 11851 11861 11860
3 11847 11862 11861
3 11860 11861 11862
3 11846 11862 11864
3 11847 11863 11862
3 11853 11864 11863
3 11862 11863 11864
3 11846 11864 11866
3 11853 11865 11864
3 11856 11866 11865
3 11864 11865 11866
3 11846 11866 11858
3 11856 11867 11866
3 11857 11858 11867
3 11866 11867 11858
3 11847 11861 11869
3 11851 11868 11861
3 11855 11869 11868
3 11861 11868 11869
3 11851 11859 11871
3 11857 11870 11859
3 11850 11871 11870
3 11859 11870 11871
3 11857 11867 11873
3 11856 11872 11867
3 11848 11873 11872
3 11867 11872 11873
3 11856 11865 11875
3 11853 11874 11865
3 11852 11875 11874
3 11865 11874 11875
3 11853 11863 11877
3 11847 11876 11863
3 11854 11877 11876
3 11863 11876 11877
3 11849 11878 11880
3 11855 11879 11878
3 11850 11880 11879
3 11878 11879 11880
3 11849 11880 11882
3 11850 11881 11880
3 11848 11882 11881
3 11880 11881 11882
3 11849 11882 11884
3 11848 11883 11882
3 11852 11884 11883
3 11882 11883 11884
3 11849 11884 11886
3 11852 11885 11884
3 11854 11886 11885
3 11884 11885 11886
3 11849 11886 11878
3 11854 11887 11886
3 11855 11878 11887
3 11886 11887 11878
3 11850 11879 11871
3 11855 11868 11879
3 11851 11871 11868
3 11879 11868 11871
3 11848 11881 11873
3 11850 11870 11881
3 11857 11873 11870
3 11881 11870 11873
3 11852 11883 11875
3 11848 11872 11883
3 11856 11875 11872
3 11883 11872 11875
3 11854 11885 11877
3 11852 11874 11885
3 11853 11877 11874
3 11885 11874 11877
3 11855 11887 11869
3 11854 11876 11887
3 11847 11869 11876
3 11887 11876 11869
3 11888 11900 11902
3 11899 11901 11900
3 11893 11902 11901
3 11900 11901 11902
3 11888 11902 11904
3 11893 11903 11902
3 11889 11904 11903
3 11902 11903 11904
3 11888 11904 11906
3 11889 11905 11904
3 11895 11906 11905
3 11904 11905 11906
3 11888 11906 11908
3 11895 11907 11906
3 11898 11908 11907
3 11906 11907 11908
3 11888 11908 11900
3 11898 11909 11908
3 11899 11900 11909
3 11908 11909 11900
3 11889 11903 11911
3 11893 11910 11903
3 11897 11911 11910
3 11903 11910 11911
3 11893 11901 11913
3 11899 11912 11901
3 11892 11913 11912
3 11901 11912 11913
3 11899 11909 11915
3 11898 11914 11909
3 11890 11915 11914
3 11909 11914 11915
3 11898 11907 11917
3 11895 11916 11907
3 11894 11917 11916
3 11907 11916 11917
3 11895 11905 11919
3 11889 11918 11905
3 11896 11919 11918
3 11905 11918 11919
3 11891 11920 11922
3 11897 11921 11920
3 11892 11922 11921
3 11920 11921 11922
3 11891 11922 11924
3 11892 11923 11922
3 11890 11924 11923
3 11922 11923 11924
3 11891 11924 11926
3 11890 11925 11924
3 11894 11926 11925
3 11924 11925 11926
3 11891 11926 11928
3 11894 11927 11926
3 11896 11928 11927
3 11926 11927 11928
3 11891 11928 11920
3 11896 11929 11928
3 11897 11920 11929
3 11928 11929 11920
3 11892 11921 11913
3 11897 11910 11921
3 11893 11913 11910
3 11921 11910 11913
3 11890 11923 11915
3 11892 11912 11923
3 11899 11915 11912
3 11923 11912 11915
3 11894 11925 11917
3 11890 11914 11925
3 11898 11917 11914
3 11925 11914 11917
3 11896 11927 11919
3 11894 11916 11927
3 11895 11919 11916
3 11927 11916 11919
3 11897 11929 11911
3 11896 11918 11929
3 11889 11911 11918
3 11929 11918 11911
3 11930 11942 11944
3 11941 11943 11942
3 11935 11944 11943
3 11942 11943 11944
3 11930 11944 11946
3 11935 11945 11944
3 11931 11946 11945
3 11944 11945 11946
3 11930 11946 11948
3 11931 11947 11946
3 11937 11948 11947
3 11946 11947 11948
3 11930 11948 11950
3 11937 11949 11948
3 11940 11950 11949
3 11948 11949 11950
3 11930 11950 11942
3 11940 11951 11950
3 11941 11942 11951
3 11950 11951 11942
3 11931 11945 11953
3 11935 11952 11945
3 11939 11953 11952
3 11945 11952 11953
3 11935 11943 11955
3 11941 11954 11943
3 11934 11955 11954
3 11943 11954 11955
3 11941 11951 11957
3 11940 11956 11951
3 11932 11957 11956
3 11951 11956 11957
3 11940 11949 11959
3 11937 11958 11949
3 11936 11959 11958
3 11949 11958 11959
3 11937 11947 11961
3 11931 11960 11947
3 11938 11961 11960
3 11947 11960 11961
3 11933 11962 11964
3 11939 11963 11962
3 11934 11964 11963
3 11962 11963 11964
3 11933 11964 11966
3 11934 11965 11964
3 11932 11966 11965
3 11964 11965 11966
3 11933 11966 11968
3 11932 11967 11966
3 11936 11968 11967
3 11966 11967 11968
3 11933 11968 11970
3 11936 11969 11968
3 11938 11970 11969
3 11968 11969 11970
3 11933 11970 11962
3 11938 11971 11970
3 11939 11962 11971
3 11970 11971 11962
3 11934 11963 11955
3 11939 11952 11963
3 11935 11955 11952
3 11963 11952 11955
3 11932 11965 11957
3 11934 11954 11965
3 11941 11957 11954
3 11965 11954 11957
3 11936 11967 11959
3 11932 11956 11967
3 11940 11959 11956
3 11967 11956 11959
3 11938 11969 11961
3 11936 11958 11969
3 11937 11961 11958
3 11969 11958 11961
3 11939 11971 11953
3 11938 11960 11971
3 11931 11953 11960
3 11971 11960 11953
3 11972 11984 11986
3 11983 11985 11984
3 11977 11986 11985
3 11984 11985 11986
3 11972 11986 11988
3 11977 11987 11986
3 11973 11988 11987
3 11986 11987 11988
3 11972 11988 11990
3 11973 11989 11988
3 11979 11990 11989
3 11988 11989 11990
3 11972 11990 11992
3 11979 11991 11990
3 11982 11992 11991
3 11990 11991 11992
3 11972 11992 11984
3 11982 11993 11992
3 11983 11984 11993
3 11992 11993 11984
3 11973 11987 11995
3 11977 11994 11987
3 11981 11995 11994
3 11987 11994 11995
3 11977 11985 11997
3 11983 11996 11985
3 11976 11997 11996
3 11985 11996 11997
3 11983 11993 11999
3 11982 11998 11993
3 11974 11999 11998
3 11993 11998 11999
3 11982 11991 12001
3 11979 12000 11991
3 11978 12001 12000
3 11991 12000 12001
3 11979 11989 12003
3 11973 12002 11989
3 11980 12003 12002
3 11989 12002 12003
3 11975 12004 12006
3 11981 12005 12004
3 11976 12006 12005
3 12004 12005 12006
3 11975 12006 12008
3 11976 12007 12006
3 11974 12008 12007
3 12006 12007 12008
3 11975 12008 12010
3 11974 12009 12008
3 11978 12010 12009
3 12008 12009 12010
3 11975 12010 12012
3 11978 12011 12010
3 11980 12012 12011
3 12010 12011 12012
3 11975 12012 12004
3 11980 12013 12012
3 11981 12004 12013
3 12012 12013 12004
3 11976 12005 11997
3 11981 11994 12005
3 11977 11997 11994
3 12005 11994 11997
3 11974 12007 11999
3 11976 11996 12007
3 11983 11999 11996
3 12007 11996 11999
3 11978 12009 12001
3 11974 11998 12009
3 11982 12001 11998
3 12009 11998 12001
3 11980 12011 12003
3 11978 12000 12011
3 11979 12003 12000
3 12011 12000 12003
3 11981 12013 11995
3 11980 12002 12013
3 11973 11995 12002
3 12013 12002 11995
3 12014 12026 12028
3 12025 12027 12026
3 12019 12028 12027
3 12026 12027 12028
3 12014 12028 12030
3 12019 12029 12028
3 12015 12030 12029
3 12028 12029 12030
3 12014 12030 12032
3 12015 12031 12030
3 12021 12032 12031
3 12030 12031 12032
3 12014 12032 12034
3 12021 12033 12032
3 12024 12034 12033
3 12032 12033 12034
3 12014 12034 12026
3 12024 12035 12034
3 12025 12026 12035
3 12034 12035 12026
3 12015 12029 12037
3 12019 12036 12029
3 12023 12037 12036
3 12029 12036 12037
3 12019 12027 12039
3 12025 12038 12027
3 12018 12039 12038
3 12027 12038 12039
3 12025 12035 12041
3 12024 12040 12035
3 12016 12041 12040
3 12035 12040 12041
3 12024 12033 12043
3 12021 12042 12033
3 12020 12043 12042
3 12033 12042 12043
3 12021 12031 12045
3 12015 12044 12031
3 12022 12045 12044
3 12031 12044 12045
3 12017 12046 12048
3 12023 12047 12046
3 12018 12048 12047
3 12046 12047 12048
3 12017 12048 12050
3 12018 12049 12048
3 12016 12050 12049
3 12048 12049 12050
3 12017 12050 12052
3 12016 12051 12050
3 12020 12052 12051
3 12050 12051 12052
3 12017 12052 12054
3 12020 12053 12052
3 12022 12054 12053
3 12052 12053 12054
3 12017 12054 12046
3 12022 12055 12054
3 12023 12046 12055
3 12054 12055 12046
3 12018 12047 12039
3 12023 12036 12047
3 12019 12039 12036
3 12047 12036 12039
3 12016 12049 12041
3 12018 12038 12049
3 12025 12041 12038
3 12049 12038 12041
3 12020 12051 12043
3 12016 12040 12051
3 12024 12043 12040
3 12051 12040 12043
3 12022 12053 12045
3 12020 12042 12053
3 12021 12045 12042
3 12053 12042 12045
3 12023 12055 12037
3 12022 12044 12055
3 12015 12037 12044
3 12055 12044 12037
3 12056 12068 12070
3 12067 12069 12068
3 12061 12070 12069
3 12068 12069 12070
3 12056 12070 12072
3 12061 12071 12070
3 12057 12072 12071
3 12070 12071 12072
3 12056 12072 12074
3 12057 12073 12072
3 12063 12074 12073
3 12072 12073 12074
3 12056 12074 12076
3 12063 12075 12074
3 12066 12076 12075
3 12074 12075 12076
3 12056 12076 12068
3 12066 12077 12076
3 12067 12068 12077
3 12076 12077 12068
3 12057 12071 12079
3 12061 12078 12071
3 12065 12079 12078
3 12071 12078 12079
3 12061 12069 12081
3 12067 12080 12069
3 12060 12081 12080
3 12069 12080 12081
3 12067 12077 12083
3 12066 12082 12077
3 12058 12083 12082
3 12077 12082 12083
3 12066 12075 12085
3 12063 12084 12075
3 12062 12085 12084
3 12075 12084 12085
3 12063 12073 12087
3 12057 12086 12073
3 12064 12087 12086
3 12073 12086 12087
3 12059 12088 12090
3 12065 12089 12088
3 12060 12090 12089
3 12088 12089 12090
3 12059 12090 12092
3 12060 12091 12090
3 12058 12092 12091
3 12090 12091 12092
3 12059 12092 12094
3 12058 12093 12092
3 12062 12094 12093
3 12092 12093 12094
3 12059 12094 12096
3 12062 12095 12094
3 12064 12096 12095
3 12094 12095 12096
3 12059 12096 12088
3 12064 12097 12096
3 12065 12088 12097
3 12096 12097 12088
3 12060 12089 12081
3 12065 12078 12089
3 12061 12081 12078
3 12089 12078 12081
3 12058 12091 12083
3 12060 12080 12091
3 12067 12083 12080
3 12091 12080 12083
3 12062 12093 12085
3 12058 12082 12093
3 12066 12085 12082
3 12093 12082 12085
3 12064 12095 12087
3 12062 12084 12095
3 12063 12087 12084
3 12095 12084 12087
3 12065 12097 12079
3 12064 12086 12097
3 12057 12079 12086
3 12097 12086 12079
3 12098 12110 12112
3 12109 12111 12110
3 12103 12112 12111
3 12110 12111 12112
3 12098 12112 12114
3 12103 12113 12112
3 12099 12114 12113
3 12112 12113 12114
3 12098 12114 12116
3 12099 12115 12114
3 12105 12116 12115
3 12114 12115 12116
3 12098 12116 12118
3 12105 12117 12116
3 12108 12118 12117
3 12116 12117 12118
3 12098 12118 12110
3 12108 12119 12118
3 12109 12110 12119
3 12118 12119 12110
3 12099 12113 12121
3 12103 12120 12113
3 12107 12121 12120
3 12113 12120 12121
3 12103 12111 12123
3 12109 12122 12111
3 12102 12123 12122
3 12111 12122 12123
3 12109 12119 12125
3 12108 12124 12119
3 12100 12125 12124
3 12119 12124 12125
3 12108 12117 12127
3 12105 12126 12117
3 12104 12127 12126
3 12117 12126 12127
3 12105 12115 12129
3 12099 12128 12115
3 12106 12129 12128
3 12115 12128 12129
3 12101 12130 12132
3 12107 12131 12130
3 12102 12132 12131
3 12130 12131 12132
3 12101 12132 12134
3 12102 12133 12132
3 12100 12134 12133
3 12132 12133 12134
3 12101 12134 12136
3 12100 12135 12134
3 12104 12136 12135
3 12134 12135 12136
3 12101 12136 12138
3 12104 12137 12136
3 12106 12138 12137
3 12136 12137 12138
3 12101 12138 12130
3 12106 12139 12138
3 12107 12130 12139
3 12138 12139 12130
3 12102 12131 12123
3 12107 12120 12131
3 12103 12123 12120
3 12131 12120 12123
3 12100 12133 12125
3 12102 12122 12133
3 12109 12125 12122
3 12133 12122 12125
3 12104 12135 12127
3 12100 12124 12135
3 12108 12127 12124
3 12135 12124 12127
3 12106 12137 12129
3 12104 12126 12137
3 12105 12129 12126
3 12137 12126 12129
3 12107 12139 12121
3 12106 12128 12139
3 12099 12121 12128
3 12139 12128 12121
3 12140 12152 12154
3 12151 12153 12152
3 12145 12154 12153
3 12152 12153 12154
3 12140 12154 12156
3 12145 12155 12154
3 12141 12156 12155
3 12154 12155 12156
3 12140 12156 12158
3 12141 12157 12156
3 12147 12158 12157
3 12156 12157 12158
3 12140 12158 12160
3 12147 12159 12158
3 12150 12160 12159
3 12158 12159 12160
3 12140 12160 12152
3 12150 12161 12160
3 12151 12152 12161
3 12160 12161 12152
3 12141 12155 12163
3 12145 12162 12155
3 12149 12163 12162
3 12155 12162 12163
3 12145 12153 12165
3 12151 12164 12153
3 12144 12165 12164
3 12153 12164 12165
3 12151 12161 12167
3 12150 12166 12161
3 12142 12167 12166
3 12161 12166 12167
3 12150 12159 12169
3 12147 12168 12159
3 12146 12169 12168
3 12159 12168 12169
3 12147 12157 12171
3 12141 12170 12157
3 12148 12171 12170
3 12157 12170 12171
3 12143 12172 12174
3 12149 12173 12172
3 12144 12174 12173
3 12172 12173 12174
3 12143 12174 12176
3 12144 12175 12174
3 12142 12176 12175
3 12174 12175 12176
3 12143 12176 12178
3 12142 12177 12176
3 12146 12178 12177
3 12176 12177 12178
3 12143 12178 12180
3 12146 12179 12178
3 12148 12180 12179
3 12178 12179 12180
3 12143 12180 12172
3 12148 12181 12180
3 12149 12172 12181
3 12180 12181 12172
3 12144 12173 12165
3 12149 12162 12173
3 12145 12165 12162
3 12173 12162 12165
3 12142 12175 12167
3 12144 12164 12175
3 12151 12167 12164
3 12175 12164 12167
3 12146 12177 12169
3 12142 12166 12177
3 12150 12169 12166
3 12177 12166 12169
3 12148 12179 12171
3 12146 12168 12179
3 12147 12171 12168
3 12179 12168 12171
3 12149 12181 12163
3 12148 12170 12181
3 12141 12163 12170
3 12181 12170 12163
3 12182 12194 12196
3 12193 12195 12194
3 12187 12196 12195
3 12194 12195 12196
3 12182 12196 12198
3 12187 12197 12196
3 12183 12198 12197
3 12196 12197 12198
3 12182 12198 12200
3 12183 12199 12198
3 12189 12200 12199
3 12198 12199 12200
3 12182 12200 12202
3 12189 12201 12200
3 12192 12202 12201
3 12200 12201 12202
3 12182 12202 12194
3 12192 12203 12202
3 12193 12194 12203
3 12202 12203 12194
3 12183 12197 12205
3 12187 12204 12197
3 12191 12205 12204
3 12197 12204 12205
3 12187 12195 12207
3 12193 12206 12195
3 12186 12207 12206
3 12195 12206 12207
3 12193 12203 12209
3 12192 12208 12203
3 12184 12209 12208
3 12203 12208 12209
3 12192 12201 12211
3 12189 12210 12201
3 12188 12211 12210
3 12201 12210 12211
3 12189 12199 12213
3 12183 12212 12199
3 12190 12213 12212
3 12199 12212 12213
3 12185 12214 12216
3 12191 12215 12214
3 12186 12216 12215
3 12214 12215 12216
3 12185 12216 12218
3 12186 12217 12216
3 12184 12218 12217
3 12216 12217 12218
3 12185 12218 12220
3 12184 12219 12218
3 12188 12220 12219
3 12218 12219 12220
3 12185 12220 12222
3 12188 12221 12220
3 12190 12222 12221
3 12220 12221 12222
3 12185 12222 12214
3 12190 12223 12222
3 12191 12214 12223
3 12222 12223 12214
3 12186 12215 12207
3 12191 12204 12215
3 12187 12207 12204
3 12215 12204 12207
3 12184 12217 12209
3 12186 12206 12217
3 12193 12209 12206
3 12217 12206 12209
3 12188 12219 12211
3 12184 12208 12219
3 12192 12211 12208
3 12219 12208 12211
3 12190 12221 12213
3 12188 12210 12221
3 12189 12213 12210
3 12221 12210 12213
3 12191 12223 12205
3 12190 12212 12223
3 12183 12205 12212
3 12223 12212 12205
3 12224 12236 12238
3 12235 12237 12236
3 12229 12238 12237
3 12236 12237 12238
3 12224 12238 12240
3 12229 12239 12238
3 12225 12240 12239
3 12238 12239 12240
3 12224 12240 12242
3 12225 12241 12240
3 12231 12242 12241
3 12240 12241 12242
3 12224 12242 12244
3 12231 12243 12242
3 12234 12244 12243
3 12242 12243 12244
3 12224 12244 12236
3 12234 12245 12244
3 12235 12236 12245
3 12244 12245 12236
3 12225 12239 12247
3 12229 12246 12239
3 12233 12247 12246
3 12239 12246 12247
3 12229 12237 12249
3 12235 12248 12237
3 12228 12249 12248
3 12237 12248 12249
3 12235 12245 12251
3 12234 12250 12245
3 12226 12251 12250
3 12245 12250 12251
3 12234 12243 12253
3 12231 12252 12243
3 12230 12253 12252
3 12243 12252 12253
3 12231 12241 12255
3 12225 12254 12241
3 12232 12255 12254
3 12241 12254 12255
3 12227 12256 12258
3 12233 12257 12256
3 12228 12258 12257
3 12256 12257 12258
3 12227 12258 12260
3 12228 12259 12258
3 12226 12260 12259
3 12258 12259 12260
3 12227 12260 12262
3 12226 12261 12260
3 12230 12262 12261
3 12260 12261 12262
3 12227 12262 12264
3 12230 12263 12262
3 12232 12264 12263
3 12262 12263 12264
3 12227 12264 12256
3 12232 12265 12264
3 12233 12256 12265
3 12264 12265 12256
3 12228 12257 12249
3 12233 12246 12257
3 12229 12249 12246
3 12257 12246 12249
3 12226 12259 12251
3 12228 12248 12259
3 12235 12251 12248
3 12259 12248 12251
3 12230 12261 12253
3 12226 12250 12261
3 12234 12253 12250
3 12261 12250 12253
3 12232 12263 12255
3 12230 12252 12263
3 12231 12255 12252
3 12263 12252 12255
3 12233 12265 12247
3 12232 12254 12265
3 12225 12247 12254
3 12265 12254 12247
3 12266 12278 12280
3 12277 12279 12278
3 12271 12280 12279
3 12278 12279 12280
3 12266 12280 12282
3 12271 12281 12280
3 12267 12282 12281
3 12280 12281 12282
3 12266 12282 12284
3 12267 12283 12282
3 12273 12284 12283
3 12282 12283 12284
3 12266 12284 12286
3 12273 12285 12284
3 12276 12286 12285
3 12284 12285 12286
3 12266 12286 12278
3 12276 12287 12286
3 12277 12278 12287
3 12286 12287 12278
3 12267 12281 12289
3 12271 12288 12281
3 12275 12289 12288
3 12281 12288 12289
3 12271 12279 12291
3 12277 12290 12279
3 12270 12291 12290
3 12279 12290 12291
3 12277 12287 12293
3 12276 12292 12287
3 12268 12293 12292
3 12287 12292 12293
3 12276 12285 12295
3 12273 12294 12285
3 12272 12295 12294
3 12285 12294 12295
3 12273 12283 12297
3 12267 12296 12283
3 12274 12297 12296
3 12283 12296 12297
3 12269 12298 12300
3 12275 12299 12298
3 12270 12300 12299
3 12298 12299 12300
3 12269 12300 12302
3 12270 12301 12300
3 12268 12302 12301
3 12300 12301 12302
3 12269 12302 12304
3 12268 12303 12302
3 12272 12304 12303
3 12302 12303 12304
3 12269 12304 12306
3 12272 12305 12304
3 12274 12306 12305
3 12304 12305 12306
3 12269 12306 12298
3 12274 12307 12306
3 12275 12298 12307
3 12306 12307 12298
3 12270 12299 12291
3 12275 12288 12299
3 12271 12291 12288
3 12299 12288 12291
3 12268 12301 12293
3 12270 12290 12301
3 12277 12293 12290
3 12301 12290 12293
3 12272 12303 12295
3 12268 12292 12303
3 12276 12295 12292
3 12303 12292 12295
3 12274 12305 12297
3 12272 12294 12305
3 12273 12297 12294
3 12305 12294 12297
3 12275 12307 12289
3 12274 12296 12307
3 12267 12289 12296
3 12307 12296 12289
3 12308 12320 12322
3 12319 12321 12320
3 12313 12322 12321
3 12320 12321 12322
3 12308 12322 12324
3 12313 12323 12322
3 12309 12324 12323
3 12322 12323 12324
3 12308 12324 12326
3 12309 12325 12324
3 12315 12326 12325
3 12324 12325 12326
3 12308 12326 12328
3 12315 12327 12326
3 12318 12328 12327
3 12326 12327 12328
3 12308 12328 12320
3 12318 12329 12328
3 12319 12320 12329
3 12328 12329 12320
3 12309 12323 12331
3 12313 12330 12323
3 12317 12331 12330
3 12323 12330 12331
3 12313 12321 12333
3 12319 12332 12321
3 12312 12333 12332
3 12321 12332 12333
3 12319 12329 12335
3 12318 12334 12329
3 12310 12335 12334
3 12329 12334 12335
3 12318 12327 12337
3 12315 12336 12327
3 12314 12337 12336
3 12327 12336 12337
3 12315 12325 12339
3 12309 12338 12325
3 12316 12339 12338
3 12325 12338 12339
3 12311 12340 12342
3 12317 12341 12340
3 12312 12342 12341
3 12340 12341 12342
3 12311 12342 12344
3 12312 12343 12342
3 12310 12344 12343
3 12342 12343 12344
3 12311 12344 12346
3 12310 12345 12344
3 12314 12346 12345
3 12344 12345 12346
3 12311 12346 12348
3 12314 12347 12346
3 12316 12348 12347
3 12346 12347 12348
3 12311 12348 12340
3 12316 12349 12348
3 12317 12340 12349
3 12348 12349 12340
3 12312 12341 12333
3 12317 12330 12341
3 12313 12333 12330
3 12341 12330 12333
3 12310 12343 12335
3 12312 12332 12343
3 12319 12335 12332
3 12343 12332 12335
3 12314 12345 12337
3 12310 12334 12345
3 12318 12337 12334
3 12345 12334 12337
3 12316 12347 12339
3 12314 12336 12347
3 12315 12339 12336
3 12347 12336 12339
3 12317 12349 12331
3 12316 12338 12349
3 12309 12331 12338
3 12349 12338 12331
3 12350 12362 12364
3 12361 12363 12362
3 12355 12364 12363
3 12362 12363 12364
3 12350 12364 12366
3 12355 12365 12364
3 12351 12366 12365
3 12364 12365 12366
3 12350 12366 12368
3 12351 12367 12366
3 12357 12368 12367
3 12366 12367 12368
3 12350 12368 12370
3 12357 12369 12368
3 12360 12370 12369
3 12368 12369 12370
3 12350 12370 12362
3 12360 12371 12370
3 12361 12362 12371
3 12370 12371 12362
3 12351 12365 12373
3 12355 12372 12365
3 12359 12373 12372
3 12365 12372 12373
3 12355 12363 12375
3 12361 12374 12363
3 12354 12375 12374
3 12363 12374 12375
3 12361 12371 12377
3 12360 12376 12371
3 12352 12377 12376
3 12371 12376 12377
3 12360 12369 12379
3 12357 12378 12369
3 12356 12379 12378
3 12369 12378 12379
3 12357 12367 12381
3 12351 12380 12367
3 12358 12381 12380
3 12367 12380 12381
3 12353 12382 12384
3 12359 12383 12382
3 12354 12384 12383
3 12382 12383 12384
3 12353 12384 12386
3 12354 12385 12384
3 12352 12386 12385
3 12384 12385 12386
3 12353 12386 12388
3 12352 12387 12386
3 12356 12388 12387
3 12386 12387 12388
3 12353 12388 12390
3 12356 12389 12388
3 12358 12390 12389
3 12388 12389 12390
3 12353 12390 12382
3 12358 12391 12390
3 12359 12382 12391
3 12390 12391 12382
3 12354 12383 12375
3 12359 12372 12383
3 12355 12375 12372
3 12383 12372 12375
3 12352 12385 12377
3 12354 12374 12385
3 12361 12377 12374
3 12385 12374 12377
3 12356 12387 12379
3 12352 12376 12387
3 12360 12379 12376
3 12387 12376 12379
3 12358 12389 12381
3 12356 12378 12389
3 12357 12381 12378
3 12389 12378 12381
3 12359 12391 12373
3 12358 12380 12391
3 12351 12373 12380
3 12391 12380 12373
3 12392 12404 12406
3 12403 12405 12404
3 12397 12406 12405
3 12404 12405 12406
3 12392 12406 12408
3 12397 12407 12406
3 12393 12408 12407
3 12406 12407 12408
3 12392 12408 12410
3 12393 12409 12408
3 12399 12410 12409
3 12408 12409 12410
3 12392 12410 12412
3 12399 12411 12410
3 12402 12412 12411
3 12410 12411 12412
3 12392 12412 12404
3 12402 12413 12412
3 12403 12404 12413
3 12412 12413 12404
3 12393 12407 12415
3 12397 12414 12407
3 12401 12415 12414
3 12407 12414 12415
3 12397 12405 12417
3 12403 12416 12405
3 12396 12417 12416
3 12405 12416 12417
3 12403 12413 12419
3 12402 12418 12413
3 12394 12419 12418
3 12413 12418 12419
3 12402 12411 12421
3 12399 12420 12411
3 12398 12421 12420
3 12411 12420 12421
3 12399 12409 12423
3 12393 12422 12409
3 12400 12423 12422
3 12409 12422 12423
3 12395 12424 12426
3 12401 12425 12424
3 12396 12426 12425
3 12424 12425 12426
3 12395 12426 12428
3 12396 12427 12426
3 12394 12428 12427
3 12426 12427 12428
3 12395 12428 12430
3 12394 12429 12428
3 12398 12430 12429
3 12428 12429 12430
3 12395 12430 12432
3 12398 12431 12430
3 12400 12432 12431
3 12430 12431 12432
3 12395 12432 12424
3 12400 12433 12432
3 12401 12424 12433
3 12432 12433 12424
3 12396 12425 12417
3 12401 12414 12425
3 12397 12417 12414
3 12425 12414 12417
3 12394 12427 12419
3 12396 12416 12427
3 12403 12419 12416
3 12427 12416 12419
3 12398 12429 12421
3 12394 12418 12429
3 12402 12421 12418
3 12429 12418 12421
3 12400 12431 12423
3 12398 12420 12431
3 12399 12423 12420
3 12431 12420 12423
3 12401 12433 12415
3 12400 12422 12433
3 12393 12415 12422
3 12433 12422 12415
3 12434 12446 12448
3 12445 12447 12446
3 12439 12448 12447
3 12446 12447 12448
3 12434 12448 12450
3 12439 12449 12448
3 12435 12450 12449
3 12448 12449 12450
3 12434 12450 12452
3 12435 12451 12450
3 12441 12452 12451
3 12450 12451 12452
3 12434 12452 12454
3 12441 12453 12452
3 12444 12454 12453
3 12452 12453 12454
3 12434 12454 12446
3 12444 12455 12454
3 12445 12446 12455
3 12454 12455 12446
3 12435 12449 12457
3 12439 12456 12449
3 12443 12457 12456
3 12449 12456 12457
3 12439 12447 12459
3 12445 12458 12447
3 12438 12459 12458
3 12447 12458 12459
3 12445 12455 12461
3 12444 12460 12455
3 12436 12461 12460
3 12455 12460 12461
3 12444 12453 12463
3 12441 12462 12453
3 12440 12463 12462
3 12453 12462 12463
3 12441 12451 12465
3 12435 12464 12451
3 12442 12465 12464
3 12451 12464 12465
3 12437 12466 12468
3 12443 12467 12466
3 12438 12468 12467
3 12466 12467 12468
3 12437 12468 12470
3 12438 12469 12468
3 12436 12470 12469
3 12468 12469 12470
3 12437 12470 12472
3 12436 12471 12470
3 12440 12472 12471
3 12470 12471 12472
3 12437 12472 12474
3 12440 12473 12472
3 12442 12474 12473
3 12472 12473 12474
3 12437 12474 12466
3 12442 12475 12474
3 12443 12466 12475
3 12474 12475 12466
3 12438 12467 12459
3 12443 12456 12467
3 12439 12459 12456
3 12467 12456 12459
3 12436 12469 12461
3 12438 12458 12469
3 12445 12461 12458
3 12469 12458 12461
3 12440 12471 12463
3 12436 12460 12471
3 12444 12463 12460
3 12471 12460 12463
3 12442 12473 12465
3 12440 12462 12473
3 12441 12465 12462
3 12473 12462 12465
3 12443 12475 12457
3 12442 12464 12475
3 12435 12457 12464
3 12475 12464 12457
