ply
format ascii 1.0
element vertex 5250
property float x
property float y
property float z
property uchar red
property uchar green
property uchar blue
element face 10000
property list uchar int vertex_indices
end_header
-0.173303 0.007180 0.482704 255 0 0
-0.180640 0.007180 0.490235 255 0 0
-0.173303 -0.009833 0.482704 255 0 0
-0.180640 -0.009833 0.490235 255 0 0
-0.183064 -0.006584 0.480533 255 0 0
-0.183064 0.003931 0.480533 255 0 0
-0.170879 -0.006584 0.492406 255 0 0
-0.170879 0.003931 0.492406 255 0 0
-0.179142 -0.001326 0.496231 255 0 0
-0.186673 -0.001326 0.488893 255 0 0
-0.167270 -0.001326 0.484045 255 0 0
-0.174801 -0.001326 0.476708 255 0 0
-0.173539 0.003674 0.478518 255 0 0
-0.179277 0.001764 0.477242 255 0 0
-0.178396 0.006764 0.480767 255 0 0
-0.182709 0.006764 0.485193 255 0 0
-0.176972 0.008674 0.486469 255 0 0
-0.175547 0.006764 0.492172 255 0 0
-0.171234 0.006764 0.487745 255 0 0
-0.167688 0.001764 0.488534 255 0 0
-0.169112 0.003674 0.482831 255 0 0
-0.169993 -0.001326 0.479307 255 0 0
-0.186255 0.001764 0.484405 255 0 0
-0.184831 0.003674 0.490107 255 0 0
-0.179277 -0.004417 0.477242 255 0 0
-0.184134 -0.001326 0.479491 255 0 0
-0.169112 -0.006326 0.482831 255 0 0
-0.173539 -0.006326 0.478518 255 0 0
-0.169809 -0.001326 0.493448 255 0 0
-0.167688 -0.004417 0.488534 255 0 0
-0.180404 0.003674 0.494420 255 0 0
-0.174666 0.001764 0.495696 255 0 0
-0.184831 -0.006326 0.490107 255 0 0
-0.186255 -0.004417 0.484405 255 0 0
-0.182709 -0.009417 0.485193 255 0 0
-0.178396 -0.009417 0.480767 255 0 0
-0.176972 -0.011326 0.486469 255 0 0
-0.171234 -0.009417 0.487745 255 0 0
-0.175547 -0.009417 0.492172 255 0 0
-0.174666 -0.004417 0.495696 255 0 0
-0.180404 -0.006326 0.494420 255 0 0
-0.183950 -0.001326 0.493632 255 0 0
-0.214815 0.084966 0.510383 255 0 0
-0.222152 0.084966 0.517914 255 0 0
-0.214815 0.067953 0.510383 255 0 0
-0.222152 0.067953 0.517914 255 0 0
-0.224576 0.071202 0.508212 255 0 0
-0.224576 0.081717 0.508212 255 0 0
-0.212391 0.071202 0.520085 255 0 0
-0.212391 0.081717 0.520085 255 0 0
-0.220654 0.076459 0.523910 255 0 0
-0.228185 0.076459 0.516573 255 0 0
-0.208782 0.076459 0.511725 255 0 0
-0.216313 0.076459 0.504387 255 0 0
-0.215051 0.081459 0.506198 255 0 0
-0.220789 0.079549 0.504922 255 0 0
-0.219908 0.084549 0.508446 255 0 0
-0.224221 0.084549 0.512873 255 0 0
-0.218483 0.086459 0.514149 255 0 0
-0.217059 0.084549 0.519851 255 0 0
-0.212746 0.084549 0.515424 255 0 0
-0.209200 0.079549 0.516213 255 0 0
-0.210624 0.081459 0.510511 255 0 0
-0.211505 0.076459 0.506986 255 0 0
-0.227767 0.079549 0.512084 255 0 0
-0.226342 0.081459 0.517787 255 0 0
-0.220789 0.073369 0.504922 255 0 0
-0.225646 0.076459 0.507170 255 0 0
-0.210624 0.071459 0.510511 255 0 0
-0.215051 0.071459 0.506198 255 0 0
-0.211321 0.076459 0.521127 255 0 0
-0.209200 0.073369 0.516213 255 0 0
-0.221916 0.081459 0.522100 255 0 0
-0.216178 0.079549 0.523376 255 0 0
-0.226342 0.071459 0.517787 255 0 0
-0.227767 0.073369 0.512084 255 0 0
-0.224221 0.068369 0.512873 255 0 0
-0.219908 0.068369 0.508446 255 0 0
-0.218483 0.066459 0.514149 255 0 0
-0.212746 0.068369 0.515424 255 0 0
-0.217059 0.068369 0.519851 255 0 0
-0.216178 0.073369 0.523376 255 0 0
-0.221916 0.071459 0.522100 255 0 0
-0.225462 0.076459 0.521311 255 0 0
-0.196550 0.117058 0.480199 255 0 0
-0.203888 0.117058 0.487730 255 0 0
-0.196550 0.100045 0.480199 255 0 0
-0.203888 0.100045 0.487730 255 0 0
-0.206312 0.103294 0.478028 255 0 0
-0.206312 0.113809 0.478028 255 0 0
-0.194126 0.103294 0.489901 255 0 0
-0.194126 0.113809 0.489901 255 0 0
-0.202390 0.108551 0.493726 255 0 0
-0.209921 0.108551 0.486389 255 0 0
-0.190517 0.108551 0.481541 255 0 0
-0.198048 0.108551 0.474203 255 0 0
-0.196787 0.113551 0.476014 255 0 0
-0.202524 0.111642 0.474738 255 0 0
-0.201644 0.116642 0.478262 255 0 0
-0.205957 0.116642 0.482689 255 0 0
-0.200219 0.118551 0.483965 255 0 0
-0.198794 0.116642 0.489667 255 0 0
-0.194481 0.116642 0.485240 255 0 0
-0.190935 0.111642 0.486029 255 0 0
-0.192360 0.113551 0.480326 255 0 0
-0.193241 0.108551 0.476802 255 0 0
-0.209503 0.111642 0.481900 255 0 0
-0.208078 0.113551 0.487603 255 0 0
-0.202524 0.105461 0.474738 255 0 0
-0.207381 0.108551 0.476986 255 0 0
-0.192360 0.103551 0.480326 255 0 0
-0.196787 0.103551 0.476014 255 0 0
-0.193057 0.108551 0.490943 255 0 0
-0.190935 0.105461 0.486029 255 0 0
-0.203651 0.113551 0.491916 255 0 0
-0.197914 0.111642 0.493192 255 0 0
-0.208078 0.103551 0.487603 255 0 0
-0.209503 0.105461 0.481900 255 0 0
-0.205957 0.100461 0.482689 255 0 0
-0.201644 0.100461 0.478262 255 0 0
-0.200219 0.098551 0.483965 255 0 0
-0.194481 0.100461 0.485240 255 0 0
-0.198794 0.100461 0.489667 255 0 0
-0.197914 0.105461 0.493192 255 0 0
-0.203651 0.103551 0.491916 255 0 0
-0.207198 0.108551 0.491127 255 0 0
-0.073781 -0.003047 0.418959 255 0 0
-0.081118 -0.003047 0.426490 255 0 0
-0.073781 -0.020060 0.418959 255 0 0
-0.081118 -0.020060 0.426490 255 0 0
-0.083542 -0.016811 0.416788 255 0 0
-0.083542 -0.006296 0.416788 255 0 0
-0.071357 -0.016811 0.428661 255 0 0
-0.071357 -0.006296 0.428661 255 0 0
-0.079620 -0.011553 0.432486 255 0 0
-0.087151 -0.011553 0.425148 255 0 0
-0.067748 -0.011553 0.420300 255 0 0
-0.075279 -0.011553 0.412963 255 0 0
-0.074017 -0.006553 0.414773 255 0 0
-0.079755 -0.008463 0.413497 255 0 0
-0.078874 -0.003463 0.417022 255 0 0
-0.083187 -0.003463 0.421448 255 0 0
-0.077450 -0.001553 0.422724 255 0 0
-0.076025 -0.003463 0.428427 255 0 0
-0.071712 -0.003463 0.424000 255 0 0
-0.068166 -0.008463 0.424789 255 0 0
-0.069591 -0.006553 0.419086 255 0 0
-0.070471 -0.011553 0.415562 255 0 0
-0.086733 -0.008463 0.420660 255 0 0
-0.085309 -0.006553 0.426362 255 0 0
-0.079755 -0.014643 0.413497 255 0 0
-0.084612 -0.011553 0.415746 255 0 0
-0.069591 -0.016553 0.419086 255 0 0
-0.074017 -0.016553 0.414773 255 0 0
-0.070287 -0.011553 0.429703 255 0 0
-0.068166 -0.014643 0.424789 255 0 0
-0.080882 -0.006553 0.430675 255 0 0
-0.075144 -0.008463 0.431951 255 0 0
-0.085309 -0.016553 0.426362 255 0 0
-0.086733 -0.014643 0.420660 255 0 0
-0.083187 -0.019643 0.421448 255 0 0
-0.078874 -0.019643 0.417022 255 0 0
-0.077450 -0.021553 0.422724 255 0 0
-0.071712 -0.019643 0.424000 255 0 0
-0.076025 -0.019643 0.428427 255 0 0
-0.075144 -0.014643 0.431951 255 0 0
-0.080882 -0.016553 0.430675 255 0 0
-0.084428 -0.011553 0.429887 255 0 0
-0.150885 -0.006038 0.465308 255 0 0
-0.158223 -0.006038 0.472839 255 0 0
-0.150885 -0.023051 0.465308 255 0 0
-0.158223 -0.023051 0.472839 255 0 0
-0.160646 -0.019802 0.463137 255 0 0
-0.160646 -0.009288 0.463137 255 0 0
-0.148461 -0.019802 0.475010 255 0 0
-0.148461 -0.009288 0.475010 255 0 0
-0.156724 -0.014545 0.478835 255 0 0
-0.164256 -0.014545 0.471497 255 0 0
-0.144852 -0.014545 0.466649 255 0 0
-0.152383 -0.014545 0.459312 255 0 0
-0.151121 -0.009545 0.461122 255 0 0
-0.156859 -0.011455 0.459846 255 0 0
-0.155979 -0.006455 0.463371 255 0 0
-0.160291 -0.006455 0.467797 255 0 0
-0.154554 -0.004545 0.469073 255 0 0
-0.153129 -0.006455 0.474776 255 0 0
-0.148816 -0.006455 0.470349 255 0 0
-0.145270 -0.011455 0.471138 255 0 0
-0.146695 -0.009545 0.465435 255 0 0
-0.147575 -0.014545 0.461911 255 0 0
-0.163838 -0.011455 0.467009 255 0 0
-0.162413 -0.009545 0.472711 255 0 0
-0.156859 -0.017635 0.459846 255 0 0
-0.161716 -0.014545 0.462095 255 0 0
-0.146695 -0.019545 0.465435 255 0 0
-0.151121 -0.019545 0.461122 255 0 0
-0.147391 -0.014545 0.476052 255 0 0
-0.145270 -0.017635 0.471138 255 0 0
-0.157986 -0.009545 0.477024 255 0 0
-0.152248 -0.011455 0.478300 255 0 0
-0.162413 -0.019545 0.472711 255 0 0
-0.163838 -0.017635 0.467009 255 0 0
-0.160291 -0.022635 0.467797 255 0 0
-0.155979 -0.022635 0.463371 255 0 0
-0.154554 -0.024545 0.469073 255 0 0
-0.148816 -0.022635 0.470349 255 0 0
-0.153129 -0.022635 0.474776 255 0 0
-0.152248 -0.017635 0.478300 255 0 0
-0.157986 -0.019545 0.477024 255 0 0
-0.161532 -0.014545 0.476236 255 0 0
-0.175843 0.036110 0.428106 255 0 0
-0.183181 0.036110 0.435637 255 0 0
-0.175843 0.019097 0.428106 255 0 0
-0.183181 0.019097 0.435637 255 0 0
-0.185605 0.022346 0.425935 255 0 0
-0.185605 0.032861 0.425935 255 0 0
-0.173419 0.022346 0.437808 255 0 0
-0.173419 0.032861 0.437808 255 0 0
-0.181683 0.027603 0.441633 255 0 0
-0.189214 0.027603 0.434295 255 0 0
-0.169810 0.027603 0.429448 255 0 0
-0.177341 0.027603 0.422110 255 0 0
-0.176080 0.032603 0.423920 255 0 0
-0.181817 0.030694 0.422644 255 0 0
-0.180937 0.035694 0.426169 255 0 0
-0.185250 0.035694 0.430596 255 0 0
-0.179512 0.037603 0.431871 255 0 0
-0.178087 0.035694 0.437574 255 0 0
-0.173774 0.035694 0.433147 255 0 0
-0.170228 0.030694 0.433936 255 0 0
-0.171653 0.032603 0.428233 255 0 0
-0.172534 0.027603 0.424709 255 0 0
-0.188796 0.030694 0.429807 255 0 0
-0.187371 0.032603 0.435510 255 0 0
-0.181817 0.024513 0.422644 255 0 0
-0.186674 0.027603 0.424893 255 0 0
-0.171653 0.022603 0.428233 255 0 0
-0.176080 0.022603 0.423920 255 0 0
-0.172350 0.027603 0.438850 255 0 0
-0.170228 0.024513 0.433936 255 0 0
-0.182944 0.032603 0.439822 255 0 0
-0.177207 0.030694 0.441098 255 0 0
-0.187371 0.022603 0.435510 255 0 0
-0.188796 0.024513 0.429807 255 0 0
-0.185250 0.019513 0.430596 255 0 0
-0.180937 0.019513 0.426169 255 0 0
-0.179512 0.017603 0.431871 255 0 0
-0.173774 0.019513 0.433147 255 0 0
-0.178087 0.019513 0.437574 255 0 0
-0.177207 0.024513 0.441098 255 0 0
-0.182944 0.022603 0.439822 255 0 0
-0.186491 0.027603 0.439034 255 0 0
-0.186861 0.058848 0.489438 255 0 0
-0.194198 0.058848 0.496969 255 0 0
-0.186861 0.041835 0.489438 255 0 0
-0.194198 0.041835 0.496969 255 0 0
-0.196622 0.045084 0.487267 255 0 0
-0.196622 0.055599 0.487267 255 0 0
-0.184437 0.045084 0.499139 255 0 0
-0.184437 0.055599 0.499139 255 0 0
-0.192700 0.050341 0.502965 255 0 0
-0.200231 0.050341 0.495627 255 0 0
-0.180828 0.050341 0.490779 255 0 0
-0.188359 0.050341 0.483442 255 0 0
-0.187097 0.055341 0.485252 255 0 0
-0.192835 0.053432 0.483976 255 0 0
-0.191954 0.058432 0.487501 255 0 0
-0.196267 0.058432 0.491927 255 0 0
-0.190530 0.060341 0.493203 255 0 0
-0.189105 0.058432 0.498906 255 0 0
-0.184792 0.058432 0.494479 255 0 0
-0.181246 0.053432 0.495268 255 0 0
-0.182671 0.055341 0.489565 255 0 0
-0.183551 0.050341 0.486041 255 0 0
-0.199813 0.053432 0.491139 255 0 0
-0.198389 0.055341 0.496841 255 0 0
-0.192835 0.047251 0.483976 255 0 0
-0.197692 0.050341 0.486225 255 0 0
-0.182671 0.045341 0.489565 255 0 0
-0.187097 0.045341 0.485252 255 0 0
-0.183367 0.050341 0.500182 255 0 0
-0.181246 0.047251 0.495268 255 0 0
-0.193962 0.055341 0.501154 255 0 0
-0.188224 0.053432 0.502430 255 0 0
-0.198389 0.045341 0.496841 255 0 0
-0.199813 0.047251 0.491139 255 0 0
-0.196267 0.042251 0.491927 255 0 0
-0.191954 0.042251 0.487501 255 0 0
-0.190530 0.040341 0.493203 255 0 0
-0.184792 0.042251 0.494479 255 0 0
-0.189105 0.042251 0.498906 255 0 0
-0.188224 0.047251 0.502430 255 0 0
-0.193962 0.045341 0.501154 255 0 0
-0.197508 0.050341 0.500366 255 0 0
-0.177607 0.084475 0.462009 255 0 0
-0.184945 0.084475 0.469540 255 0 0
-0.177607 0.067462 0.462009 255 0 0
-0.184945 0.067462 0.469540 255 0 0
-0.187368 0.070711 0.459838 255 0 0
-0.187368 0.081226 0.459838 255 0 0
-0.175183 0.070711 0.471711 255 0 0
-0.175183 0.081226 0.471711 255 0 0
-0.183446 0.075968 0.475536 255 0 0
-0.190978 0.075968 0.468198 255 0 0
-0.171574 0.075968 0.463351 255 0 0
-0.179105 0.075968 0.456013 255 0 0
-0.177843 0.080968 0.457823 255 0 0
-0.183581 0.079058 0.456547 255 0 0
-0.182700 0.084058 0.460072 255 0 0
-0.187013 0.084058 0.464499 255 0 0
-0.181276 0.085968 0.465774 255 0 0
-0.179851 0.084058 0.471477 255 0 0
-0.175538 0.084058 0.467050 255 0 0
-0.171992 0.079058 0.467839 255 0 0
-0.173417 0.080968 0.462136 255 0 0
-0.174297 0.075968 0.458612 255 0 0
-0.190560 0.079058 0.463710 255 0 0
-0.189135 0.080968 0.469413 255 0 0
-0.183581 0.072878 0.456547 255 0 0
-0.188438 0.075968 0.458796 255 0 0
-0.173417 0.070968 0.462136 255 0 0
-0.177843 0.070968 0.457823 255 0 0
-0.174113 0.075968 0.472753 255 0 0
-0.171992 0.072878 0.467839 255 0 0
-0.184708 0.080968 0.473725 255 0 0
-0.178970 0.079058 0.475001 255 0 0
-0.189135 0.070968 0.469413 255 0 0
-0.190560 0.072878 0.463710 255 0 0
-0.187013 0.067878 0.464499 255 0 0
-0.182700 0.067878 0.460072 255 0 0
-0.181276 0.065968 0.465774 255 0 0
-0.175538 0.067878 0.467050 255 0 0
-0.179851 0.067878 0.471477 255 0 0
-0.178970 0.072878 0.475001 255 0 0
-0.184708 0.070968 0.473725 255 0 0
-0.188254 0.075968 0.472937 255 0 0
-0.108568 -0.015839 0.417769 255 0 0
-0.115905 -0.015839 0.425300 255 0 0
-0.108568 -0.032852 0.417769 255 0 0
-0.115905 -0.032852 0.425300 255 0 0
-0.118329 -0.029603 0.415598 255 0 0
-0.118329 -0.019088 0.415598 255 0 0
-0.106144 -0.029603 0.427471 255 0 0
-0.106144 -0.019088 0.427471 255 0 0
-0.114407 -0.024345 0.431296 255 0 0
-0.121938 -0.024345 0.423958 255 0 0
-0.102535 -0.024345 0.419110 255 0 0
-0.110066 -0.024345 0.411773 255 0 0
-0.108804 -0.019345 0.413583 255 0 0
-0.114542 -0.021255 0.412307 255 0 0
-0.113661 -0.016255 0.415832 255 0 0
-0.117974 -0.016255 0.420258 255 0 0
-0.112236 -0.014345 0.421534 255 0 0
-0.110812 -0.016255 0.427237 255 0 0
-0.106499 -0.016255 0.422810 255 0 0
-0.102953 -0.021255 0.423599 255 0 0
-0.104377 -0.019345 0.417896 255 0 0
-0.105258 -0.024345 0.414372 255 0 0
-0.121520 -0.021255 0.419470 255 0 0
-0.120095 -0.019345 0.425173 255 0 0
-0.114542 -0.027436 0.412307 255 0 0
-0.119399 -0.024345 0.414556 255 0 0
-0.104377 -0.029345 0.417896 255 0 0
-0.108804 -0.029345 0.413583 255 0 0
-0.105074 -0.024345 0.428513 255 0 0
-0.102953 -0.027436 0.423599 255 0 0
-0.115669 -0.019345 0.429485 255 0 0
-0.109931 -0.021255 0.430761 255 0 0
-0.120095 -0.029345 0.425173 255 0 0
-0.121520 -0.027436 0.419470 255 0 0
-0.117974 -0.032436 0.420258 255 0 0
-0.113661 -0.032436 0.415832 255 0 0
-0.112236 -0.034345 0.421534 255 0 0
-0.106499 -0.032436 0.422810 255 0 0
-0.110812 -0.032436 0.427237 255 0 0
-0.109931 -0.027436 0.430761 255 0 0
-0.115669 -0.029345 0.429485 255 0 0
-0.119215 -0.024345 0.428697 255 0 0
-0.133671 -0.003307 0.401795 255 0 0
-0.141009 -0.003307 0.409326 255 0 0
-0.133671 -0.020320 0.401795 255 0 0
-0.141009 -0.020320 0.409326 255 0 0
-0.143433 -0.017071 0.399624 255 0 0
-0.143433 -0.006556 0.399624 255 0 0
-0.131247 -0.017071 0.411496 255 0 0
-0.131247 -0.006556 0.411496 255 0 0
-0.139511 -0.011814 0.415322 255 0 0
-0.147042 -0.011814 0.407984 255 0 0
-0.127638 -0.011814 0.403136 255 0 0
-0.135169 -0.011814 0.395799 255 0 0
-0.133908 -0.006814 0.397609 255 0 0
-0.139645 -0.008723 0.396333 255 0 0
-0.138765 -0.003723 0.399858 255 0 0
-0.143078 -0.003723 0.404284 255 0 0
-0.137340 -0.001814 0.405560 255 0 0
-0.135915 -0.003723 0.411263 255 0 0
-0.131602 -0.003723 0.406836 255 0 0
-0.128056 -0.008723 0.407625 255 0 0
-0.129481 -0.006814 0.401922 255 0 0
-0.130362 -0.011814 0.398398 255 0 0
-0.146624 -0.008723 0.403496 255 0 0
-0.145199 -0.006814 0.409198 255 0 0
-0.139645 -0.014904 0.396333 255 0 0
-0.144503 -0.011814 0.398582 255 0 0
-0.129481 -0.016814 0.401922 255 0 0
-0.133908 -0.016814 0.397609 255 0 0
-0.130178 -0.011814 0.412539 255 0 0
-0.128056 -0.014904 0.407625 255 0 0
-0.140772 -0.006814 0.413511 255 0 0
-0.135035 -0.008723 0.414787 255 0 0
-0.145199 -0.016814 0.409198 255 0 0
-0.146624 -0.014904 0.403496 255 0 0
-0.143078 -0.019904 0.404284 255 0 0
-0.138765 -0.019904 0.399858 255 0 0
-0.137340 -0.021814 0.405560 255 0 0
-0.131602 -0.019904 0.406836 255 0 0
-0.135915 -0.019904 0.411263 255 0 0
-0.135035 -0.014904 0.414787 255 0 0
-0.140772 -0.016814 0.413511 255 0 0
-0.144319 -0.011814 0.412723 255 0 0
-0.087687 -0.043325 0.453261 255 0 0
-0.095025 -0.043325 0.460792 255 0 0
-0.087687 -0.060338 0.453261 255 0 0
-0.095025 -0.060338 0.460792 255 0 0
-0.097449 -0.057089 0.451090 255 0 0
-0.097449 -0.046574 0.451090 255 0 0
-0.085263 -0.057089 0.462963 255 0 0
-0.085263 -0.046574 0.462963 255 0 0
-0.093527 -0.051831 0.466788 255 0 0
-0.101058 -0.051831 0.459450 255 0 0
-0.081654 -0.051831 0.454603 255 0 0
-0.089185 -0.051831 0.447265 255 0 0
-0.087924 -0.046831 0.449075 255 0 0
-0.093661 -0.048741 0.447800 255 0 0
-0.092781 -0.043741 0.451324 255 0 0
-0.097094 -0.043741 0.455751 255 0 0
-0.091356 -0.041831 0.457026 255 0 0
-0.089931 -0.043741 0.462729 255 0 0
-0.085618 -0.043741 0.458302 255 0 0
-0.082072 -0.048741 0.459091 255 0 0
-0.083497 -0.046831 0.453388 255 0 0
-0.084378 -0.051831 0.449864 255 0 0
-0.100640 -0.048741 0.454962 255 0 0
-0.099215 -0.046831 0.460665 255 0 0
-0.093661 -0.054921 0.447800 255 0 0
-0.098519 -0.051831 0.450048 255 0 0
-0.083497 -0.056831 0.453388 255 0 0
-0.087924 -0.056831 0.449075 255 0 0
-0.084194 -0.051831 0.464005 255 0 0
-0.082072 -0.054921 0.459091 255 0 0
-0.094789 -0.046831 0.464978 255 0 0
-0.089051 -0.048741 0.466253 255 0 0
-0.099215 -0.056831 0.460665 255 0 0
-0.100640 -0.054921 0.454962 255 0 0
-0.097094 -0.059921 0.455751 255 0 0
-0.092781 -0.059921 0.451324 255 0 0
-0.091356 -0.061831 0.457026 255 0 0
-0.085618 -0.059921 0.458302 255 0 0
-0.089931 -0.059921 0.462729 255 0 0
-0.089051 -0.054921 0.466253 255 0 0
-0.094789 -0.056831 0.464978 255 0 0
-0.098335 -0.051831 0.464189 255 0 0
-0.158373 -0.046909 0.407740 255 0 0
-0.165710 -0.046909 0.415271 255 0 0
-0.158373 -0.063922 0.407740 255 0 0
-0.165710 -0.063922 0.415271 255 0 0
-0.168134 -0.060673 0.405570 255 0 0
-0.168134 -0.050158 0.405570 255 0 0
-0.155949 -0.060673 0.417442 255 0 0
-0.155949 -0.050158 0.417442 255 0 0
-0.164212 -0.055415 0.421267 255 0 0
-0.171743 -0.055415 0.413930 255 0 0
-0.152340 -0.055415 0.409082 255 0 0
-0.159871 -0.055415 0.401744 255 0 0
-0.158609 -0.050415 0.403555 255 0 0
-0.164347 -0.052325 0.402279 255 0 0
-0.163466 -0.047325 0.405803 255 0 0
-0.167779 -0.047325 0.410230 255 0 0
-0.162042 -0.045415 0.411506 255 0 0
-0.160617 -0.047325 0.417208 255 0 0
-0.156304 -0.047325 0.412782 255 0 0
-0.152758 -0.052325 0.413570 255 0 0
-0.154183 -0.050415 0.407868 255 0 0
-0.155063 -0.055415 0.404343 255 0 0
-0.171325 -0.052325 0.409441 255 0 0
-0.169901 -0.050415 0.415144 255 0 0
-0.164347 -0.058506 0.402279 255 0 0
-0.169204 -0.055415 0.404527 255 0 0
-0.154183 -0.060415 0.407868 255 0 0
-0.158609 -0.060415 0.403555 255 0 0
-0.154879 -0.055415 0.418484 255 0 0
-0.152758 -0.058506 0.413570 255 0 0
-0.165474 -0.050415 0.419457 255 0 0
-0.159736 -0.052325 0.420733 255 0 0
-0.169901 -0.060415 0.415144 255 0 0
-0.171325 -0.058506 0.409441 255 0 0
-0.167779 -0.063506 0.410230 255 0 0
-0.163466 -0.063506 0.405803 255 0 0
-0.162042 -0.065415 0.411506 255 0 0
-0.156304 -0.063506 0.412782 255 0 0
-0.160617 -0.063506 0.417208 255 0 0
-0.159736 -0.058506 0.420733 255 0 0
-0.165474 -0.060415 0.419457 255 0 0
-0.169020 -0.055415 0.418668 255 0 0
-0.083588 -0.080255 0.377036 255 0 0
-0.090926 -0.080255 0.384567 255 0 0
-0.083588 -0.097268 0.377036 255 0 0
-0.090926 -0.097268 0.384567 255 0 0
-0.093349 -0.094019 0.374866 255 0 0
-0.093349 -0.083505 0.374866 255 0 0
-0.081164 -0.094019 0.386738 255 0 0
-0.081164 -0.083505 0.386738 255 0 0
-0.089427 -0.088762 0.390563 255 0 0
-0.096959 -0.088762 0.383226 255 0 0
-0.077555 -0.088762 0.378378 255 0 0
-0.085086 -0.088762 0.371040 255 0 0
-0.083824 -0.083762 0.372851 255 0 0
-0.089562 -0.085672 0.371575 255 0 0
-0.088681 -0.080672 0.375099 255 0 0
-0.092994 -0.080672 0.379526 255 0 0
-0.087257 -0.078762 0.380802 255 0 0
-0.085832 -0.080672 0.386504 255 0 0
-0.081519 -0.080672 0.382078 255 0 0
-0.077973 -0.085672 0.382866 255 0 0
-0.079398 -0.083762 0.377164 255 0 0
-0.080278 -0.088762 0.373639 255 0 0
-0.096541 -0.085672 0.378737 255 0 0
-0.095116 -0.083762 0.384440 255 0 0
-0.089562 -0.091852 0.371575 255 0 0
-0.094419 -0.088762 0.373823 255 0 0
-0.079398 -0.093762 0.377164 255 0 0
-0.083824 -0.093762 0.372851 255 0 0
-0.080094 -0.088762 0.387780 255 0 0
-0.077973 -0.091852 0.382866 255 0 0
-0.090689 -0.083762 0.388753 255 0 0
-0.084951 -0.085672 0.390029 255 0 0
-0.095116 -0.093762 0.384440 255 0 0
-0.096541 -0.091852 0.378737 255 0 0
-0.092994 -0.096852 0.379526 255 0 0
-0.088681 -0.096852 0.375099 255 0 0
-0.087257 -0.098762 0.380802 255 0 0
-0.081519 -0.096852 0.382078 255 0 0
-0.085832 -0.096852 0.386504 255 0 0
-0.084951 -0.091852 0.390029 255 0 0
-0.090689 -0.093762 0.388753 255 0 0
-0.094235 -0.088762 0.387964 255 0 0
-0.153946 0.015199 0.458055 255 0 0
-0.161284 0.015199 0.465586 255 0 0
-0.153946 -0.001814 0.458055 255 0 0
-0.161284 -0.001814 0.465586 255 0 0
-0.163708 0.001435 0.455884 255 0 0
-0.163708 0.011950 0.455884 255 0 0
-0.151522 0.001435 0.467757 255 0 0
-0.151522 0.011950 0.467757 255 0 0
-0.159786 0.006692 0.471582 255 0 0
-0.167317 0.006692 0.464244 255 0 0
-0.147913 0.006692 0.459396 255 0 0
-0.155444 0.006692 0.452059 255 0 0
-0.154182 0.011692 0.453869 255 0 0
-0.159920 0.009783 0.452593 255 0 0
-0.159040 0.014783 0.456118 255 0 0
-0.163353 0.014783 0.460544 255 0 0
-0.157615 0.016692 0.461820 255 0 0
-0.156190 0.014783 0.467523 255 0 0
-0.151877 0.014783 0.463096 255 0 0
-0.148331 0.009783 0.463885 255 0 0
-0.149756 0.011692 0.458182 255 0 0
-0.150636 0.006692 0.454658 255 0 0
-0.166899 0.009783 0.459756 255 0 0
-0.165474 0.011692 0.465458 255 0 0
-0.159920 0.003602 0.452593 255 0 0
-0.164777 0.006692 0.454842 255 0 0
-0.149756 0.001692 0.458182 255 0 0
-0.154182 0.001692 0.453869 255 0 0
-0.150452 0.006692 0.468799 255 0 0
-0.148331 0.003602 0.463885 255 0 0
-0.161047 0.011692 0.469771 255 0 0
-0.155310 0.009783 0.471047 255 0 0
-0.165474 0.001692 0.465458 255 0 0
-0.166899 0.003602 0.459756 255 0 0
-0.163353 -0.001398 0.460544 255 0 0
-0.159040 -0.001398 0.456118 255 0 0
-0.157615 -0.003308 0.461820 255 0 0
-0.151877 -0.001398 0.463096 255 0 0
-0.156190 -0.001398 0.467523 255 0 0
-0.155310 0.003602 0.471047 255 0 0
-0.161047 0.001692 0.469771 255 0 0
-0.164593 0.006692 0.468983 255 0 0
-0.125551 -0.010368 0.385700 255 0 0
-0.132889 -0.010368 0.393231 255 0 0
-0.125551 -0.027381 0.385700 255 0 0
-0.132889 -0.027381 0.393231 255 0 0
-0.135313 -0.024132 0.383529 255 0 0
-0.135313 -0.013617 0.383529 255 0 0
-0.123127 -0.024132 0.395402 255 0 0
-0.123127 -0.013617 0.395402 255 0 0
-0.131391 -0.018874 0.399227 255 0 0
-0.138922 -0.018874 0.391889 255 0 0
-0.119518 -0.018874 0.387041 255 0 0
-0.127049 -0.018874 0.379704 255 0 0
-0.125788 -0.013874 0.381514 255 0 0
-0.131525 -0.015784 0.380238 255 0 0
-0.130645 -0.010784 0.383763 255 0 0
-0.134958 -0.010784 0.388189 255 0 0
-0.129220 -0.008874 0.389465 255 0 0
-0.127795 -0.010784 0.395168 255 0 0
-0.123482 -0.010784 0.390741 255 0 0
-0.119936 -0.015784 0.391530 255 0 0
-0.121361 -0.013874 0.385827 255 0 0
-0.122242 -0.018874 0.382303 255 0 0
-0.138504 -0.015784 0.387401 255 0 0
-0.137079 -0.013874 0.393103 255 0 0
-0.131525 -0.021965 0.380238 255 0 0
-0.136382 -0.018874 0.382487 255 0 0
-0.121361 -0.023874 0.385827 255 0 0
-0.125788 -0.023874 0.381514 255 0 0
-0.122058 -0.018874 0.396444 255 0 0
-0.119936 -0.021965 0.391530 255 0 0
-0.132652 -0.013874 0.397416 255 0 0
-0.126915 -0.015784 0.398692 255 0 0
-0.137079 -0.023874 0.393103 255 0 0
-0.138504 -0.021965 0.387401 255 0 0
-0.134958 -0.026965 0.388189 255 0 0
-0.130645 -0.026965 0.383763 255 0 0
-0.129220 -0.028874 0.389465 255 0 0
-0.123482 -0.026965 0.390741 255 0 0
-0.127795 -0.026965 0.395168 255 0 0
-0.126915 -0.021965 0.398692 255 0 0
-0.132652 -0.023874 0.397416 255 0 0
-0.136199 -0.018874 0.396628 255 0 0
-0.197842 0.000749 0.487772 255 0 0
-0.205180 0.000749 0.495303 255 0 0
-0.197842 -0.016264 0.487772 255 0 0
-0.205180 -0.016264 0.495303 255 0 0
-0.207604 -0.013015 0.485601 255 0 0
-0.207604 -0.002500 0.485601 255 0 0
-0.195418 -0.013015 0.497473 255 0 0
-0.195418 -0.002500 0.497473 255 0 0
-0.203682 -0.007757 0.501299 255 0 0
-0.211213 -0.007757 0.493961 255 0 0
-0.191809 -0.007757 0.489113 255 0 0
-0.199340 -0.007757 0.481776 255 0 0
-0.198079 -0.002757 0.483586 255 0 0
-0.203816 -0.004667 0.482310 255 0 0
-0.202936 0.000333 0.485835 255 0 0
-0.207249 0.000333 0.490261 255 0 0
-0.201511 0.002243 0.491537 255 0 0
-0.200086 0.000333 0.497240 255 0 0
-0.195773 0.000333 0.492813 255 0 0
-0.192227 -0.004667 0.493602 255 0 0
-0.193652 -0.002757 0.487899 255 0 0
-0.194533 -0.007757 0.484375 255 0 0
-0.210795 -0.004667 0.489473 255 0 0
-0.209370 -0.002757 0.495175 255 0 0
-0.203816 -0.010847 0.482310 255 0 0
-0.208674 -0.007757 0.484559 255 0 0
-0.193652 -0.012757 0.487899 255 0 0
-0.198079 -0.012757 0.483586 255 0 0
-0.194349 -0.007757 0.498516 255 0 0
-0.192227 -0.010847 0.493602 255 0 0
-0.204943 -0.002757 0.499488 255 0 0
-0.199206 -0.004667 0.500764 255 0 0
-0.209370 -0.012757 0.495175 255 0 0
-0.210795 -0.010847 0.489473 255 0 0
-0.207249 -0.015847 0.490261 255 0 0
-0.202936 -0.015847 0.485835 255 0 0
-0.201511 -0.017757 0.491537 255 0 0
-0.195773 -0.015847 0.492813 255 0 0
-0.200086 -0.015847 0.497240 255 0 0
-0.199206 -0.010847 0.500764 255 0 0
-0.204943 -0.012757 0.499488 255 0 0
-0.208490 -0.007757 0.498700 255 0 0
-0.140570 -0.036933 0.463848 255 0 0
-0.147907 -0.036933 0.471379 255 0 0
-0.140570 -0.053946 0.463848 255 0 0
-0.147907 -0.053946 0.471379 255 0 0
-0.150331 -0.050697 0.461677 255 0 0
-0.150331 -0.040183 0.461677 255 0 0
-0.138146 -0.050697 0.473549 255 0 0
-0.138146 -0.040183 0.473549 255 0 0
-0.146409 -0.045440 0.477375 255 0 0
-0.153940 -0.045440 0.470037 255 0 0
-0.134537 -0.045440 0.465189 255 0 0
-0.142068 -0.045440 0.457852 255 0 0
-0.140806 -0.040440 0.459662 255 0 0
-0.146544 -0.042350 0.458386 255 0 0
-0.145663 -0.037350 0.461911 255 0 0
-0.149976 -0.037350 0.466337 255 0 0
-0.144239 -0.035440 0.467613 255 0 0
-0.142814 -0.037350 0.473316 255 0 0
-0.138501 -0.037350 0.468889 255 0 0
-0.134955 -0.042350 0.469678 255 0 0
-0.136380 -0.040440 0.463975 255 0 0
-0.137260 -0.045440 0.460451 255 0 0
-0.153522 -0.042350 0.465549 255 0 0
-0.152098 -0.040440 0.471251 255 0 0
-0.146544 -0.048530 0.458386 255 0 0
-0.151401 -0.045440 0.460635 255 0 0
-0.136380 -0.050440 0.463975 255 0 0
-0.140806 -0.050440 0.459662 255 0 0
-0.137076 -0.045440 0.474592 255 0 0
-0.134955 -0.048530 0.469678 255 0 0
-0.147671 -0.040440 0.475564 255 0 0
-0.141933 -0.042350 0.476840 255 0 0
-0.152098 -0.050440 0.471251 255 0 0
-0.153522 -0.048530 0.465549 255 0 0
-0.149976 -0.053530 0.466337 255 0 0
-0.145663 -0.053530 0.461911 255 0 0
-0.144239 -0.055440 0.467613 255 0 0
-0.138501 -0.053530 0.468889 255 0 0
-0.142814 -0.053530 0.473316 255 0 0
-0.141933 -0.048530 0.476840 255 0 0
-0.147671 -0.050440 0.475564 255 0 0
-0.151217 -0.045440 0.474776 255 0 0
-0.147068 0.020792 0.427394 255 0 0
-0.154406 0.020792 0.434925 255 0 0
-0.147068 0.003779 0.427394 255 0 0
-0.154406 0.003779 0.434925 255 0 0
-0.156830 0.007028 0.425223 255 0 0
-0.156830 0.017543 0.425223 255 0 0
-0.144644 0.007028 0.437096 255 0 0
-0.144644 0.017543 0.437096 255 0 0
-0.152908 0.012285 0.440921 255 0 0
-0.160439 0.012285 0.433583 255 0 0
-0.141035 0.012285 0.428735 255 0 0
-0.148566 0.012285 0.421398 255 0 0
-0.147305 0.017285 0.423208 255 0 0
-0.153043 0.015376 0.421932 255 0 0
-0.152162 0.020376 0.425457 255 0 0
-0.156475 0.020376 0.429883 255 0 0
-0.150737 0.022285 0.431159 255 0 0
-0.149312 0.020376 0.436862 255 0 0
-0.145000 0.020376 0.432435 255 0 0
-0.141453 0.015376 0.433224 255 0 0
-0.142878 0.017285 0.427521 255 0 0
-0.143759 0.012285 0.423997 255 0 0
-0.160021 0.015376 0.429095 255 0 0
-0.158596 0.017285 0.434797 255 0 0
-0.153043 0.009195 0.421932 255 0 0
-0.157900 0.012285 0.424181 255 0 0
-0.142878 0.007285 0.427521 255 0 0
-0.147305 0.007285 0.423208 255 0 0
-0.143575 0.012285 0.438138 255 0 0
-0.141453 0.009195 0.433224 255 0 0
-0.154170 0.017285 0.439110 255 0 0
-0.148432 0.015376 0.440386 255 0 0
-0.158596 0.007285 0.434797 255 0 0
-0.160021 0.009195 0.429095 255 0 0
-0.156475 0.004195 0.429883 255 0 0
-0.152162 0.004195 0.425457 255 0 0
-0.150737 0.002285 0.431159 255 0 0
-0.145000 0.004195 0.432435 255 0 0
-0.149312 0.004195 0.436862 255 0 0
-0.148432 0.009195 0.440386 255 0 0
-0.154170 0.007285 0.439110 255 0 0
-0.157716 0.012285 0.438322 255 0 0
-0.152065 -0.065115 0.442170 255 0 0
-0.159403 -0.065115 0.449701 255 0 0
-0.152065 -0.082128 0.442170 255 0 0
-0.159403 -0.082128 0.449701 255 0 0
-0.161827 -0.078879 0.439999 255 0 0
-0.161827 -0.068364 0.439999 255 0 0
-0.149641 -0.078879 0.451872 255 0 0
-0.149641 -0.068364 0.451872 255 0 0
-0.157904 -0.073622 0.455697 255 0 0
-0.165436 -0.073622 0.448359 255 0 0
-0.146032 -0.073622 0.443511 255 0 0
-0.153563 -0.073622 0.436174 255 0 0
-0.152301 -0.068622 0.437984 255 0 0
-0.158039 -0.070531 0.436708 255 0 0
-0.157159 -0.065531 0.440233 255 0 0
-0.161471 -0.065531 0.444659 255 0 0
-0.155734 -0.063622 0.445935 255 0 0
-0.154309 -0.065531 0.451638 255 0 0
-0.149996 -0.065531 0.447211 255 0 0
-0.146450 -0.070531 0.448000 255 0 0
-0.147875 -0.068622 0.442297 255 0 0
-0.148755 -0.073622 0.438773 255 0 0
-0.165018 -0.070531 0.443871 255 0 0
-0.163593 -0.068622 0.449573 255 0 0
-0.158039 -0.076712 0.436708 255 0 0
-0.162896 -0.073622 0.438957 255 0 0
-0.147875 -0.078622 0.442297 255 0 0
-0.152301 -0.078622 0.437984 255 0 0
-0.148571 -0.073622 0.452914 255 0 0
-0.146450 -0.076712 0.448000 255 0 0
-0.159166 -0.068622 0.453886 255 0 0
-0.153428 -0.070531 0.455162 255 0 0
-0.163593 -0.078622 0.449573 255 0 0
-0.165018 -0.076712 0.443871 255 0 0
-0.161471 -0.081712 0.444659 255 0 0
-0.157159 -0.081712 0.440233 255 0 0
-0.155734 -0.083622 0.445935 255 0 0
-0.149996 -0.081712 0.447211 255 0 0
-0.154309 -0.081712 0.451638 255 0 0
-0.153428 -0.076712 0.455162 255 0 0
-0.159166 -0.078622 0.453886 255 0 0
-0.162712 -0.073622 0.453098 255 0 0
-0.065152 0.042106 0.401611 255 0 0
-0.072489 0.042106 0.409142 255 0 0
-0.065152 0.025093 0.401611 255 0 0
-0.072489 0.025093 0.409142 255 0 0
-0.074913 0.028342 0.399440 255 0 0
-0.074913 0.038857 0.399440 255 0 0
-0.062728 0.028342 0.411312 255 0 0
-0.062728 0.038857 0.411312 255 0 0
-0.070991 0.033599 0.415138 255 0 0
-0.078522 0.033599 0.407800 255 0 0
-0.059119 0.033599 0.402952 255 0 0
-0.066650 0.033599 0.395615 255 0 0
-0.065388 0.038599 0.397425 255 0 0
-0.071126 0.036689 0.396149 255 0 0
-0.070245 0.041689 0.399674 255 0 0
-0.074558 0.041689 0.404100 255 0 0
-0.068820 0.043599 0.405376 255 0 0
-0.067396 0.041689 0.411079 255 0 0
-0.063083 0.041689 0.406652 255 0 0
-0.059537 0.036689 0.407441 255 0 0
-0.060961 0.038599 0.401738 255 0 0
-0.061842 0.033599 0.398214 255 0 0
-0.078104 0.036689 0.403312 255 0 0
-0.076679 0.038599 0.409014 255 0 0
-0.071126 0.030509 0.396149 255 0 0
-0.075983 0.033599 0.398398 255 0 0
-0.060961 0.028599 0.401738 255 0 0
-0.065388 0.028599 0.397425 255 0 0
-0.061658 0.033599 0.412355 255 0 0
-0.059537 0.030509 0.407441 255 0 0
-0.072253 0.038599 0.413327 255 0 0
-0.066515 0.036689 0.414603 255 0 0
-0.076679 0.028599 0.409014 255 0 0
-0.078104 0.030509 0.403312 255 0 0
-0.074558 0.025509 0.404100 255 0 0
-0.070245 0.025509 0.399674 255 0 0
-0.068820 0.023599 0.405376 255 0 0
-0.063083 0.025509 0.406652 255 0 0
-0.067396 0.025509 0.411079 255 0 0
-0.066515 0.030509 0.414603 255 0 0
-0.072253 0.028599 0.413327 255 0 0
-0.075799 0.033599 0.412539 255 0 0
-0.133565 0.002653 0.466501 255 0 0
-0.140902 0.002653 0.474032 255 0 0
-0.133565 -0.014360 0.466501 255 0 0
-0.140902 -0.014360 0.474032 255 0 0
-0.143326 -0.011111 0.464330 255 0 0
-0.143326 -0.000596 0.464330 255 0 0
-0.131141 -0.011111 0.476203 255 0 0
-0.131141 -0.000596 0.476203 255 0 0
-0.139404 -0.005854 0.480028 255 0 0
-0.146935 -0.005854 0.472690 255 0 0
-0.127532 -0.005854 0.467842 255 0 0
-0.135063 -0.005854 0.460505 255 0 0
-0.133801 -0.000854 0.462315 255 0 0
-0.139539 -0.002763 0.461039 255 0 0
-0.138658 0.002237 0.464564 255 0 0
-0.142971 0.002237 0.468990 255 0 0
-0.137233 0.004146 0.470266 255 0 0
-0.135809 0.002237 0.475969 255 0 0
-0.131496 0.002237 0.471542 255 0 0
-0.127950 -0.002763 0.472331 255 0 0
-0.129374 -0.000854 0.466628 255 0 0
-0.130255 -0.005854 0.463104 255 0 0
-0.146517 -0.002763 0.468202 255 0 0
-0.145092 -0.000854 0.473904 255 0 0
-0.139539 -0.008944 0.461039 255 0 0
-0.144396 -0.005854 0.463288 255 0 0
-0.129374 -0.010854 0.466628 255 0 0
-0.133801 -0.010854 0.462315 255 0 0
-0.130071 -0.005854 0.477245 255 0 0
-0.127950 -0.008944 0.472331 255 0 0
-0.140666 -0.000854 0.478217 255 0 0
-0.134928 -0.002763 0.479493 255 0 0
-0.145092 -0.010854 0.473904 255 0 0
-0.146517 -0.008944 0.468202 255 0 0
-0.142971 -0.013944 0.468990 255 0 0
-0.138658 -0.013944 0.464564 255 0 0
-0.137233 -0.015854 0.470266 255 0 0
-0.131496 -0.013944 0.471542 255 0 0
-0.135809 -0.013944 0.475969 255 0 0
-0.134928 -0.008944 0.479493 255 0 0
-0.140666 -0.010854 0.478217 255 0 0
-0.144212 -0.005854 0.477429 255 0 0
-0.205583 0.042611 0.498491 255 0 0
-0.212920 0.042611 0.506022 255 0 0
-0.205583 0.025598 0.498491 255 0 0
-0.212920 0.025598 0.506022 255 0 0
-0.215344 0.028847 0.496320 255 0 0
-0.215344 0.039362 0.496320 255 0 0
-0.203159 0.028847 0.508193 255 0 0
-0.203159 0.039362 0.508193 255 0 0
-0.211422 0.034104 0.512018 255 0 0
-0.218953 0.034104 0.504681 255 0 0
-0.199550 0.034104 0.499833 255 0 0
-0.207081 0.034104 0.492495 255 0 0
-0.205819 0.039104 0.494306 255 0 0
-0.211557 0.037194 0.493030 255 0 0
-0.210676 0.042194 0.496554 255 0 0
-0.214989 0.042194 0.500981 255 0 0
-0.209251 0.044104 0.502257 255 0 0
-0.207827 0.042194 0.507959 255 0 0
-0.203514 0.042194 0.503533 255 0 0
-0.199968 0.037194 0.504321 255 0 0
-0.201392 0.039104 0.498619 255 0 0
-0.202273 0.034104 0.495094 255 0 0
-0.218535 0.037194 0.500192 255 0 0
-0.217110 0.039104 0.505895 255 0 0
-0.211557 0.031014 0.493030 255 0 0
-0.216414 0.034104 0.495278 255 0 0
-0.201392 0.029104 0.498619 255 0 0
-0.205819 0.029104 0.494306 255 0 0
-0.202089 0.034104 0.509235 255 0 0
-0.199968 0.031014 0.504321 255 0 0
-0.212684 0.039104 0.510208 255 0 0
-0.206946 0.037194 0.511484 255 0 0
-0.217110 0.029104 0.505895 255 0 0
-0.218535 0.031014 0.500192 255 0 0
-0.214989 0.026014 0.500981 255 0 0
-0.210676 0.026014 0.496554 255 0 0
-0.209251 0.024104 0.502257 255 0 0
-0.203514 0.026014 0.503533 255 0 0
-0.207827 0.026014 0.507959 255 0 0
-0.206946 0.031014 0.511484 255 0 0
-0.212684 0.029104 0.510208 255 0 0
-0.216230 0.034104 0.509419 255 0 0
-0.099112 -0.011631 0.412014 255 0 0
-0.106450 -0.011631 0.419545 255 0 0
-0.099112 -0.028644 0.412014 255 0 0
-0.106450 -0.028644 0.419545 255 0 0
-0.108874 -0.025395 0.409843 255 0 0
-0.108874 -0.014880 0.409843 255 0 0
-0.096688 -0.025395 0.421716 255 0 0
-0.096688 -0.014880 0.421716 255 0 0
-0.104952 -0.020137 0.425541 255 0 0
-0.112483 -0.020137 0.418203 255 0 0
-0.093079 -0.020137 0.413355 255 0 0
-0.100610 -0.020137 0.406018 255 0 0
-0.099349 -0.015137 0.407828 255 0 0
-0.105086 -0.017047 0.406552 255 0 0
-0.104206 -0.012047 0.410077 255 0 0
-0.108519 -0.012047 0.414503 255 0 0
-0.102781 -0.010137 0.415779 255 0 0
-0.101356 -0.012047 0.421482 255 0 0
-0.097043 -0.012047 0.417055 255 0 0
-0.093497 -0.017047 0.417844 255 0 0
-0.094922 -0.015137 0.412141 255 0 0
-0.095803 -0.020137 0.408617 255 0 0
-0.112065 -0.017047 0.413715 255 0 0
-0.110640 -0.015137 0.419417 255 0 0
-0.105086 -0.023227 0.406552 255 0 0
-0.109943 -0.020137 0.408801 255 0 0
-0.094922 -0.025137 0.412141 255 0 0
-0.099349 -0.025137 0.407828 255 0 0
-0.095619 -0.020137 0.422758 255 0 0
-0.093497 -0.023227 0.417844 255 0 0
-0.106213 -0.015137 0.423730 255 0 0
-0.100476 -0.017047 0.425006 255 0 0
-0.110640 -0.025137 0.419417 255 0 0
-0.112065 -0.023227 0.413715 255 0 0
-0.108519 -0.028227 0.414503 255 0 0
-0.104206 -0.028227 0.410077 255 0 0
-0.102781 -0.030137 0.415779 255 0 0
-0.097043 -0.028227 0.417055 255 0 0
-0.101356 -0.028227 0.421482 255 0 0
-0.100476 -0.023227 0.425006 255 0 0
-0.106213 -0.025137 0.423730 255 0 0
-0.109760 -0.020137 0.422942 255 0 0
-0.109540 0.000806 0.408887 255 0 0
-0.116878 0.000806 0.416418 255 0 0
-0.109540 -0.016207 0.408887 255 0 0
-0.116878 -0.016207 0.416418 255 0 0
-0.119302 -0.012958 0.406717 255 0 0
-0.119302 -0.002443 0.406717 255 0 0
-0.107116 -0.012958 0.418589 255 0 0
-0.107116 -0.002443 0.418589 255 0 0
-0.115380 -0.007701 0.422414 255 0 0
-0.122911 -0.007701 0.415077 255 0 0
-0.103507 -0.007701 0.410229 255 0 0
-0.111038 -0.007701 0.402891 255 0 0
-0.109776 -0.002701 0.404702 255 0 0
-0.115514 -0.004610 0.403426 255 0 0
-0.114634 0.000390 0.406950 255 0 0
-0.118947 0.000390 0.411377 255 0 0
-0.113209 0.002299 0.412653 255 0 0
-0.111784 0.000390 0.418355 255 0 0
-0.107471 0.000390 0.413929 255 0 0
-0.103925 -0.004610 0.414717 255 0 0
-0.105350 -0.002701 0.409015 255 0 0
-0.106230 -0.007701 0.405490 255 0 0
-0.122493 -0.004610 0.410588 255 0 0
-0.121068 -0.002701 0.416291 255 0 0
-0.115514 -0.010791 0.403426 255 0 0
-0.120371 -0.007701 0.405674 255 0 0
-0.105350 -0.012701 0.409015 255 0 0
-0.109776 -0.012701 0.404702 255 0 0
-0.106046 -0.007701 0.419631 255 0 0
-0.103925 -0.010791 0.414717 255 0 0
-0.116641 -0.002701 0.420604 255 0 0
-0.110904 -0.004610 0.421880 255 0 0
-0.121068 -0.012701 0.416291 255 0 0
-0.122493 -0.010791 0.410588 255 0 0
-0.118947 -0.015791 0.411377 255 0 0
-0.114634 -0.015791 0.406950 255 0 0
-0.113209 -0.017701 0.412653 255 0 0
-0.107471 -0.015791 0.413929 255 0 0
-0.111784 -0.015791 0.418355 255 0 0
-0.110904 -0.010791 0.421880 255 0 0
-0.116641 -0.012701 0.420604 255 0 0
-0.120187 -0.007701 0.419815 255 0 0
-0.106458 0.016842 0.470380 255 0 0
-0.113796 0.016842 0.477911 255 0 0
-0.106458 -0.000171 0.470380 255 0 0
-0.113796 -0.000171 0.477911 255 0 0
-0.116220 0.003078 0.468209 255 0 0
-0.116220 0.013593 0.468209 255 0 0
-0.104034 0.003078 0.480082 255 0 0
-0.104034 0.013593 0.480082 255 0 0
-0.112298 0.008336 0.483907 255 0 0
-0.119829 0.008336 0.476569 255 0 0
-0.100425 0.008336 0.471721 255 0 0
-0.107957 0.008336 0.464384 255 0 0
-0.106695 0.013336 0.466194 255 0 0
-0.112433 0.011426 0.464918 255 0 0
-0.111552 0.016426 0.468443 255 0 0
-0.115865 0.016426 0.472869 255 0 0
-0.110127 0.018336 0.474145 255 0 0
-0.108702 0.016426 0.479848 255 0 0
-0.104390 0.016426 0.475421 255 0 0
-0.100843 0.011426 0.476210 255 0 0
-0.102268 0.013336 0.470507 255 0 0
-0.103149 0.008336 0.466983 255 0 0
-0.119411 0.011426 0.472081 255 0 0
-0.117986 0.013336 0.477784 255 0 0
-0.112433 0.005246 0.464918 255 0 0
-0.117290 0.008336 0.467167 255 0 0
-0.102268 0.003336 0.470507 255 0 0
-0.106695 0.003336 0.466194 255 0 0
-0.102965 0.008336 0.481124 255 0 0
-0.100843 0.005246 0.476210 255 0 0
-0.113560 0.013336 0.482096 255 0 0
-0.107822 0.011426 0.483372 255 0 0
-0.117986 0.003336 0.477784 255 0 0
-0.119411 0.005246 0.472081 255 0 0
-0.115865 0.000246 0.472869 255 0 0
-0.111552 0.000246 0.468443 255 0 0
-0.110127 -0.001664 0.474145 255 0 0
-0.104390 0.000246 0.475421 255 0 0
-0.108702 0.000246 0.479848 255 0 0
-0.107822 0.005246 0.483372 255 0 0
-0.113560 0.003336 0.482096 255 0 0
-0.117106 0.008336 0.481308 255 0 0
-0.153457 0.038130 0.430241 255 0 0
-0.160794 0.038130 0.437772 255 0 0
-0.153457 0.021117 0.430241 255 0 0
-0.160794 0.021117 0.437772 255 0 0
-0.163218 0.024366 0.428070 255 0 0
-0.163218 0.034881 0.428070 255 0 0
-0.151033 0.024366 0.439943 255 0 0
-0.151033 0.034881 0.439943 255 0 0
-0.159296 0.029624 0.443768 255 0 0
-0.166827 0.029624 0.436430 255 0 0
-0.147424 0.029624 0.431582 255 0 0
-0.154955 0.029624 0.424245 255 0 0
-0.153693 0.034624 0.426055 255 0 0
-0.159431 0.032714 0.424779 255 0 0
-0.158550 0.037714 0.428304 255 0 0
-0.162863 0.037714 0.432730 255 0 0
-0.157125 0.039624 0.434006 255 0 0
-0.155701 0.037714 0.439709 255 0 0
-0.151388 0.037714 0.435282 255 0 0
-0.147842 0.032714 0.436071 255 0 0
-0.149266 0.034624 0.430368 255 0 0
-0.150147 0.029624 0.426844 255 0 0
-0.166409 0.032714 0.431942 255 0 0
-0.164984 0.034624 0.437644 255 0 0
-0.159431 0.026533 0.424779 255 0 0
-0.164288 0.029624 0.427028 255 0 0
-0.149266 0.024624 0.430368 255 0 0
-0.153693 0.024624 0.426055 255 0 0
-0.149963 0.029624 0.440985 255 0 0
-0.147842 0.026533 0.436071 255 0 0
-0.160558 0.034624 0.441957 255 0 0
-0.154820 0.032714 0.443233 255 0 0
-0.164984 0.024624 0.437644 255 0 0
-0.166409 0.026533 0.431942 255 0 0
-0.162863 0.021533 0.432730 255 0 0
-0.158550 0.021533 0.428304 255 0 0
-0.157125 0.019624 0.434006 255 0 0
-0.151388 0.021533 0.435282 255 0 0
-0.155701 0.021533 0.439709 255 0 0
-0.154820 0.026533 0.443233 255 0 0
-0.160558 0.024624 0.441957 255 0 0
-0.164104 0.029624 0.441169 255 0 0
-0.150773 0.020378 0.426550 255 0 0
-0.158111 0.020378 0.434081 255 0 0
-0.150773 0.003365 0.426550 255 0 0
-0.158111 0.003365 0.434081 255 0 0
-0.160535 0.006614 0.424379 255 0 0
-0.160535 0.017128 0.424379 255 0 0
-0.148349 0.006614 0.436252 255 0 0
-0.148349 0.017128 0.436252 255 0 0
-0.156613 0.011871 0.440077 255 0 0
-0.164144 0.011871 0.432739 255 0 0
-0.144740 0.011871 0.427891 255 0 0
-0.152271 0.011871 0.420554 255 0 0
-0.151010 0.016871 0.422364 255 0 0
-0.156747 0.014961 0.421088 255 0 0
-0.155867 0.019961 0.424613 255 0 0
-0.160180 0.019961 0.429040 255 0 0
-0.154442 0.021871 0.430315 255 0 0
-0.153017 0.019961 0.436018 255 0 0
-0.148704 0.019961 0.431591 255 0 0
-0.145158 0.014961 0.432380 255 0 0
-0.146583 0.016871 0.426677 255 0 0
-0.147464 0.011871 0.423153 255 0 0
-0.163726 0.014961 0.428251 255 0 0
-0.162301 0.016871 0.433954 255 0 0
-0.156747 0.008781 0.421088 255 0 0
-0.161604 0.011871 0.423337 255 0 0
-0.146583 0.006871 0.426677 255 0 0
-0.151010 0.006871 0.422364 255 0 0
-0.147280 0.011871 0.437294 255 0 0
-0.145158 0.008781 0.432380 255 0 0
-0.157874 0.016871 0.438266 255 0 0
-0.152137 0.014961 0.439542 255 0 0
-0.162301 0.006871 0.433954 255 0 0
-0.163726 0.008781 0.428251 255 0 0
-0.160180 0.003781 0.429040 255 0 0
-0.155867 0.003781 0.424613 255 0 0
-0.154442 0.001871 0.430315 255 0 0
-0.148704 0.003781 0.431591 255 0 0
-0.153017 0.003781 0.436018 255 0 0
-0.152137 0.008781 0.439542 255 0 0
-0.157874 0.006871 0.438266 255 0 0
-0.161420 0.011871 0.437478 255 0 0
-0.024216 -0.029618 0.374359 255 0 0
-0.031553 -0.029618 0.381890 255 0 0
-0.024216 -0.046631 0.374359 255 0 0
-0.031553 -0.046631 0.381890 255 0 0
-0.033977 -0.043382 0.372189 255 0 0
-0.033977 -0.032867 0.372189 255 0 0
-0.021792 -0.043382 0.384061 255 0 0
-0.021792 -0.032867 0.384061 255 0 0
-0.030055 -0.038124 0.387886 255 0 0
-0.037586 -0.038124 0.380549 255 0 0
-0.018183 -0.038124 0.375701 255 0 0
-0.025714 -0.038124 0.368363 255 0 0
-0.024452 -0.033124 0.370174 255 0 0
-0.030190 -0.035034 0.368898 255 0 0
-0.029309 -0.030034 0.372422 255 0 0
-0.033622 -0.030034 0.376849 255 0 0
-0.027884 -0.028124 0.378125 255 0 0
-0.026460 -0.030034 0.383827 255 0 0
-0.022147 -0.030034 0.379401 255 0 0
-0.018601 -0.035034 0.380189 255 0 0
-0.020025 -0.033124 0.374487 255 0 0
-0.020906 -0.038124 0.370962 255 0 0
-0.037168 -0.035034 0.376060 255 0 0
-0.035743 -0.033124 0.381763 255 0 0
-0.030190 -0.041214 0.368898 255 0 0
-0.035047 -0.038124 0.371146 255 0 0
-0.020025 -0.043124 0.374487 255 0 0
-0.024452 -0.043124 0.370174 255 0 0
-0.020722 -0.038124 0.385103 255 0 0
-0.018601 -0.041214 0.380189 255 0 0
-0.031317 -0.033124 0.386076 255 0 0
-0.025579 -0.035034 0.387352 255 0 0
-0.035743 -0.043124 0.381763 255 0 0
-0.037168 -0.041214 0.376060 255 0 0
-0.033622 -0.046214 0.376849 255 0 0
-0.029309 -0.046214 0.372422 255 0 0
-0.027884 -0.048124 0.378125 255 0 0
-0.022147 -0.046214 0.379401 255 0 0
-0.026460 -0.046214 0.383827 255 0 0
-0.025579 -0.041214 0.387352 255 0 0
-0.031317 -0.043124 0.386076 255 0 0
-0.034863 -0.038124 0.385287 255 0 0
-0.207214 -0.096342 0.457678 255 0 0
-0.214552 -0.096342 0.465209 255 0 0
-0.207214 -0.113355 0.457678 255 0 0
-0.214552 -0.113355 0.465209 255 0 0
-0.216976 -0.110106 0.455507 255 0 0
-0.216976 -0.099592 0.455507 255 0 0
-0.204791 -0.110106 0.467379 255 0 0
-0.204791 -0.099592 0.467379 255 0 0
-0.213054 -0.104849 0.471205 255 0 0
-0.220585 -0.104849 0.463867 255 0 0
-0.201182 -0.104849 0.459019 255 0 0
-0.208713 -0.104849 0.451682 255 0 0
-0.207451 -0.099849 0.453492 255 0 0
-0.213189 -0.101759 0.452216 255 0 0
-0.212308 -0.096759 0.455741 255 0 0
-0.216621 -0.096759 0.460167 255 0 0
-0.210883 -0.094849 0.461443 255 0 0
-0.209459 -0.096759 0.467146 255 0 0
-0.205146 -0.096759 0.462719 255 0 0
-0.201599 -0.101759 0.463508 255 0 0
-0.203024 -0.099849 0.457805 255 0 0
-0.203905 -0.104849 0.454281 255 0 0
-0.220167 -0.101759 0.459379 255 0 0
-0.218742 -0.099849 0.465081 255 0 0
-0.213189 -0.107939 0.452216 255 0 0
-0.218046 -0.104849 0.454465 255 0 0
-0.203024 -0.109849 0.457805 255 0 0
-0.207451 -0.109849 0.453492 255 0 0
-0.203721 -0.104849 0.468422 255 0 0
-0.201599 -0.107939 0.463508 255 0 0
-0.214316 -0.099849 0.469394 255 0 0
-0.208578 -0.101759 0.470670 255 0 0
-0.218742 -0.109849 0.465081 255 0 0
-0.220167 -0.107939 0.459379 255 0 0
-0.216621 -0.112939 0.460167 255 0 0
-0.212308 -0.112939 0.455741 255 0 0
-0.210883 -0.114849 0.461443 255 0 0
-0.205146 -0.112939 0.462719 255 0 0
-0.209459 -0.112939 0.467146 255 0 0
-0.208578 -0.107939 0.470670 255 0 0
-0.214316 -0.109849 0.469394 255 0 0
-0.217862 -0.104849 0.468606 255 0 0
-0.145499 -0.072721 0.462565 255 0 0
-0.152836 -0.072721 0.470096 255 0 0
-0.145499 -0.089734 0.462565 255 0 0
-0.152836 -0.089734 0.470096 255 0 0
-0.155260 -0.086485 0.460395 255 0 0
-0.155260 -0.075970 0.460395 255 0 0
-0.143075 -0.086485 0.472267 255 0 0
-0.143075 -0.075970 0.472267 255 0 0
-0.151338 -0.081228 0.476092 255 0 0
-0.158869 -0.081228 0.468755 255 0 0
-0.139466 -0.081228 0.463907 255 0 0
-0.146997 -0.081228 0.456569 255 0 0
-0.145735 -0.076228 0.458380 255 0 0
-0.151473 -0.078137 0.457104 255 0 0
-0.150592 -0.073137 0.460628 255 0 0
-0.154905 -0.073137 0.465055 255 0 0
-0.149167 -0.071228 0.466331 255 0 0
-0.147743 -0.073137 0.472033 255 0 0
-0.143430 -0.073137 0.467607 255 0 0
-0.139884 -0.078137 0.468395 255 0 0
-0.141308 -0.076228 0.462693 255 0 0
-0.142189 -0.081228 0.459168 255 0 0
-0.158451 -0.078137 0.464266 255 0 0
-0.157026 -0.076228 0.469969 255 0 0
-0.151473 -0.084318 0.457104 255 0 0
-0.156330 -0.081228 0.459352 255 0 0
-0.141308 -0.086228 0.462693 255 0 0
-0.145735 -0.086228 0.458380 255 0 0
-0.142005 -0.081228 0.473309 255 0 0
-0.139884 -0.084318 0.468395 255 0 0
-0.152600 -0.076228 0.474282 255 0 0
-0.146862 -0.078137 0.475558 255 0 0
-0.157026 -0.086228 0.469969 255 0 0
-0.158451 -0.084318 0.464266 255 0 0
-0.154905 -0.089318 0.465055 255 0 0
-0.150592 -0.089318 0.460628 255 0 0
-0.149167 -0.091228 0.466331 255 0 0
-0.143430 -0.089318 0.467607 255 0 0
-0.147743 -0.089318 0.472033 255 0 0
-0.146862 -0.084318 0.475558 255 0 0
-0.152600 -0.086228 0.474282 255 0 0
-0.156146 -0.081228 0.473493 255 0 0
-0.183926 -0.083738 0.470463 255 0 0
-0.191263 -0.083738 0.477994 255 0 0
-0.183926 -0.100751 0.470463 255 0 0
-0.191263 -0.100751 0.477994 255 0 0
-0.193687 -0.097502 0.468293 255 0 0
-0.193687 -0.086987 0.468293 255 0 0
-0.181502 -0.097502 0.480165 255 0 0
-0.181502 -0.086987 0.480165 255 0 0
-0.189765 -0.092245 0.483990 255 0 0
-0.197296 -0.092245 0.476653 255 0 0
-0.177893 -0.092245 0.471805 255 0 0
-0.185424 -0.092245 0.464467 255 0 0
-0.184162 -0.087245 0.466278 255 0 0
-0.189900 -0.089155 0.465002 255 0 0
-0.189019 -0.084155 0.468526 255 0 0
-0.193332 -0.084155 0.472953 255 0 0
-0.187594 -0.082245 0.474229 255 0 0
-0.186170 -0.084155 0.479931 255 0 0
-0.181857 -0.084155 0.475505 255 0 0
-0.178311 -0.089155 0.476293 255 0 0
-0.179735 -0.087245 0.470591 255 0 0
-0.180616 -0.092245 0.467066 255 0 0
-0.196878 -0.089155 0.472164 255 0 0
-0.195453 -0.087245 0.477867 255 0 0
-0.189900 -0.095335 0.465002 255 0 0
-0.194757 -0.092245 0.467250 255 0 0
-0.179735 -0.097245 0.470591 255 0 0
-0.184162 -0.097245 0.466278 255 0 0
-0.180432 -0.092245 0.481207 255 0 0
-0.178311 -0.095335 0.476293 255 0 0
-0.191027 -0.087245 0.482180 255 0 0
-0.185289 -0.089155 0.483456 255 0 0
-0.195453 -0.097245 0.477867 255 0 0
-0.196878 -0.095335 0.472164 255 0 0
-0.193332 -0.100335 0.472953 255 0 0
-0.189019 -0.100335 0.468526 255 0 0
-0.187594 -0.102245 0.474229 255 0 0
-0.181857 -0.100335 0.475505 255 0 0
-0.186170 -0.100335 0.479931 255 0 0
-0.185289 -0.095335 0.483456 255 0 0
-0.191027 -0.097245 0.482180 255 0 0
-0.194573 -0.092245 0.481391 255 0 0
-0.114265 -0.071688 0.367481 255 0 0
-0.121602 -0.071688 0.375012 255 0 0
-0.114265 -0.088701 0.367481 255 0 0
-0.121602 -0.088701 0.375012 255 0 0
-0.124026 -0.085452 0.365310 255 0 0
-0.124026 -0.074937 0.365310 255 0 0
-0.111841 -0.085452 0.377183 255 0 0
-0.111841 -0.074937 0.377183 255 0 0
-0.120104 -0.080195 0.381008 255 0 0
-0.127635 -0.080195 0.373670 255 0 0
-0.108232 -0.080195 0.368822 255 0 0
-0.115763 -0.080195 0.361485 255 0 0
-0.114501 -0.075195 0.363295 255 0 0
-0.120239 -0.077104 0.362019 255 0 0
-0.119358 -0.072104 0.365544 255 0 0
-0.123671 -0.072104 0.369970 255 0 0
-0.117933 -0.070195 0.371246 255 0 0
-0.116509 -0.072104 0.376949 255 0 0
-0.112196 -0.072104 0.372522 255 0 0
-0.108650 -0.077104 0.373311 255 0 0
-0.110074 -0.075195 0.367608 255 0 0
-0.110955 -0.080195 0.364084 255 0 0
-0.127217 -0.077104 0.369182 255 0 0
-0.125792 -0.075195 0.374884 255 0 0
-0.120239 -0.083285 0.362019 255 0 0
-0.125096 -0.080195 0.364268 255 0 0
-0.110074 -0.085195 0.367608 255 0 0
-0.114501 -0.085195 0.363295 255 0 0
-0.110771 -0.080195 0.378225 255 0 0
-0.108650 -0.083285 0.373311 255 0 0
-0.121366 -0.075195 0.379197 255 0 0
-0.115628 -0.077104 0.380473 255 0 0
-0.125792 -0.085195 0.374884 255 0 0
-0.127217 -0.083285 0.369182 255 0 0
-0.123671 -0.088285 0.369970 255 0 0
-0.119358 -0.088285 0.365544 255 0 0
-0.117933 -0.090195 0.371246 255 0 0
-0.112196 -0.088285 0.372522 255 0 0
-0.116509 -0.088285 0.376949 255 0 0
-0.115628 -0.083285 0.380473 255 0 0
-0.121366 -0.085195 0.379197 255 0 0
-0.124912 -0.080195 0.378409 255 0 0
-0.133077 0.096891 0.425487 255 0 0
-0.140415 0.096891 0.433018 255 0 0
-0.133077 0.079878 0.425487 255 0 0
-0.140415 0.079878 0.433018 255 0 0
-0.142839 0.083127 0.423317 255 0 0
-0.142839 0.093642 0.423317 255 0 0
-0.130653 0.083127 0.435189 255 0 0
-0.130653 0.093642 0.435189 255 0 0
-0.138917 0.088384 0.439014 255 0 0
-0.146448 0.088384 0.431677 255 0 0
-0.127044 0.088384 0.426829 255 0 0
-0.134575 0.088384 0.419491 255 0 0
-0.133314 0.093384 0.421302 255 0 0
-0.139051 0.091475 0.420026 255 0 0
-0.138171 0.096475 0.423550 255 0 0
-0.142484 0.096475 0.427977 255 0 0
-0.136746 0.098384 0.429253 255 0 0
-0.135321 0.096475 0.434955 255 0 0
-0.131008 0.096475 0.430529 255 0 0
-0.127462 0.091475 0.431317 255 0 0
-0.128887 0.093384 0.425615 255 0 0
-0.129767 0.088384 0.422090 255 0 0
-0.146030 0.091475 0.427188 255 0 0
-0.144605 0.093384 0.432891 255 0 0
-0.139051 0.085294 0.420026 255 0 0
-0.143908 0.088384 0.422274 255 0 0
-0.128887 0.083384 0.425615 255 0 0
-0.133314 0.083384 0.421302 255 0 0
-0.129584 0.088384 0.436231 255 0 0
-0.127462 0.085294 0.431317 255 0 0
-0.140178 0.093384 0.437204 255 0 0
-0.134441 0.091475 0.438480 255 0 0
-0.144605 0.083384 0.432891 255 0 0
-0.146030 0.085294 0.427188 255 0 0
-0.142484 0.080294 0.427977 255 0 0
-0.138171 0.080294 0.423550 255 0 0
-0.136746 0.078384 0.429253 255 0 0
-0.131008 0.080294 0.430529 255 0 0
-0.135321 0.080294 0.434955 255 0 0
-0.134441 0.085294 0.438480 255 0 0
-0.140178 0.083384 0.437204 255 0 0
-0.143724 0.088384 0.436415 255 0 0
-0.121981 0.023253 0.382721 255 0 0
-0.129318 0.023253 0.390252 255 0 0
-0.121981 0.006240 0.382721 255 0 0
-0.129318 0.006240 0.390252 255 0 0
-0.131742 0.009490 0.380551 255 0 0
-0.131742 0.020004 0.380551 255 0 0
-0.119557 0.009490 0.392423 255 0 0
-0.119557 0.020004 0.392423 255 0 0
-0.127820 0.014747 0.396248 255 0 0
-0.135351 0.014747 0.388911 255 0 0
-0.115948 0.014747 0.384063 255 0 0
-0.123479 0.014747 0.376725 255 0 0
-0.122217 0.019747 0.378536 255 0 0
-0.127955 0.017837 0.377260 255 0 0
-0.127074 0.022837 0.380784 255 0 0
-0.131387 0.022837 0.385211 255 0 0
-0.125649 0.024747 0.386487 255 0 0
-0.124225 0.022837 0.392190 255 0 0
-0.119912 0.022837 0.387763 255 0 0
-0.116366 0.017837 0.388551 255 0 0
-0.117790 0.019747 0.382849 255 0 0
-0.118671 0.014747 0.379324 255 0 0
-0.134933 0.017837 0.384422 255 0 0
-0.133508 0.019747 0.390125 255 0 0
-0.127955 0.011657 0.377260 255 0 0
-0.132812 0.014747 0.379508 255 0 0
-0.117790 0.009747 0.382849 255 0 0
-0.122217 0.009747 0.378536 255 0 0
-0.118487 0.014747 0.393465 255 0 0
-0.116366 0.011657 0.388551 255 0 0
-0.129082 0.019747 0.394438 255 0 0
-0.123344 0.017837 0.395714 255 0 0
-0.133508 0.009747 0.390125 255 0 0
-0.134933 0.011657 0.384422 255 0 0
-0.131387 0.006657 0.385211 255 0 0
-0.127074 0.006657 0.380784 255 0 0
-0.125649 0.004747 0.386487 255 0 0
-0.119912 0.006657 0.387763 255 0 0
-0.124225 0.006657 0.392190 255 0 0
-0.123344 0.011657 0.395714 255 0 0
-0.129082 0.009747 0.394438 255 0 0
-0.132628 0.014747 0.393649 255 0 0
-0.176348 0.085710 0.434811 255 0 0
-0.183686 0.085710 0.442342 255 0 0
-0.176348 0.068697 0.434811 255 0 0
-0.183686 0.068697 0.442342 255 0 0
-0.186110 0.071946 0.432640 255 0 0
-0.186110 0.082461 0.432640 255 0 0
-0.173924 0.071946 0.444513 255 0 0
-0.173924 0.082461 0.444513 255 0 0
-0.182188 0.077203 0.448338 255 0 0
-0.189719 0.077203 0.441001 255 0 0
-0.170315 0.077203 0.436153 255 0 0
-0.177846 0.077203 0.428815 255 0 0
-0.176585 0.082203 0.430626 255 0 0
-0.182322 0.080294 0.429350 255 0 0
-0.181442 0.085294 0.432874 255 0 0
-0.185755 0.085294 0.437301 255 0 0
-0.180017 0.087203 0.438577 255 0 0
-0.178592 0.085294 0.444279 255 0 0
-0.174279 0.085294 0.439853 255 0 0
-0.170733 0.080294 0.440641 255 0 0
-0.172158 0.082203 0.434939 255 0 0
-0.173039 0.077203 0.431414 255 0 0
-0.189301 0.080294 0.436512 255 0 0
-0.187876 0.082203 0.442215 255 0 0
-0.182322 0.074113 0.429350 255 0 0
-0.187179 0.077203 0.431598 255 0 0
-0.172158 0.072203 0.434939 255 0 0
-0.176585 0.072203 0.430626 255 0 0
-0.172855 0.077203 0.445555 255 0 0
-0.170733 0.074113 0.440641 255 0 0
-0.183449 0.082203 0.446528 255 0 0
-0.177712 0.080294 0.447804 255 0 0
-0.187876 0.072203 0.442215 255 0 0
-0.189301 0.074113 0.436512 255 0 0
-0.185755 0.069113 0.437301 255 0 0
-0.181442 0.069113 0.432874 255 0 0
-0.180017 0.067203 0.438577 255 0 0
-0.174279 0.069113 0.439853 255 0 0
-0.178592 0.069113 0.444279 255 0 0
-0.177712 0.074113 0.447804 255 0 0
-0.183449 0.072203 0.446528 255 0 0
-0.186995 0.077203 0.445739 255 0 0
-0.096994 0.069152 0.384727 255 0 0
-0.104332 0.069152 0.392258 255 0 0
-0.096994 0.052139 0.384727 255 0 0
-0.104332 0.052139 0.392258 255 0 0
-0.106756 0.055388 0.382556 255 0 0
-0.106756 0.065902 0.382556 255 0 0
-0.094570 0.055388 0.394429 255 0 0
-0.094570 0.065902 0.394429 255 0 0
-0.102834 0.060645 0.398254 255 0 0
-0.110365 0.060645 0.390917 255 0 0
-0.090961 0.060645 0.386069 255 0 0
-0.098492 0.060645 0.378731 255 0 0
-0.097231 0.065645 0.380542 255 0 0
-0.102968 0.063735 0.379266 255 0 0
-0.102088 0.068735 0.382790 255 0 0
-0.106401 0.068735 0.387217 255 0 0
-0.100663 0.070645 0.388493 255 0 0
-0.099238 0.068735 0.394195 255 0 0
-0.094925 0.068735 0.389769 255 0 0
-0.091379 0.063735 0.390557 255 0 0
-0.092804 0.065645 0.384854 255 0 0
-0.093685 0.060645 0.381330 255 0 0
-0.109947 0.063735 0.386428 255 0 0
-0.108522 0.065645 0.392131 255 0 0
-0.102968 0.057555 0.379266 255 0 0
-0.107825 0.060645 0.381514 255 0 0
-0.092804 0.055645 0.384854 255 0 0
-0.097231 0.055645 0.380542 255 0 0
-0.093501 0.060645 0.395471 255 0 0
-0.091379 0.057555 0.390557 255 0 0
-0.104095 0.065645 0.396444 255 0 0
-0.098358 0.063735 0.397720 255 0 0
-0.108522 0.055645 0.392131 255 0 0
-0.109947 0.057555 0.386428 255 0 0
-0.106401 0.052555 0.387217 255 0 0
-0.102088 0.052555 0.382790 255 0 0
-0.100663 0.050645 0.388493 255 0 0
-0.094925 0.052555 0.389769 255 0 0
-0.099238 0.052555 0.394195 255 0 0
-0.098358 0.057555 0.397720 255 0 0
-0.104095 0.055645 0.396444 255 0 0
-0.107642 0.060645 0.395655 255 0 0
-0.202037 -0.103404 0.483056 255 0 0
-0.209375 -0.103404 0.490587 255 0 0
-0.202037 -0.120417 0.483056 255 0 0
-0.209375 -0.120417 0.490587 255 0 0
-0.211799 -0.117168 0.480886 255 0 0
-0.211799 -0.106654 0.480886 255 0 0
-0.199613 -0.117168 0.492758 255 0 0
-0.199613 -0.106654 0.492758 255 0 0
-0.207877 -0.111911 0.496583 255 0 0
-0.215408 -0.111911 0.489246 255 0 0
-0.196004 -0.111911 0.484398 255 0 0
-0.203535 -0.111911 0.477060 255 0 0
-0.202274 -0.106911 0.478871 255 0 0
-0.208011 -0.108821 0.477595 255 0 0
-0.207131 -0.103821 0.481119 255 0 0
-0.211444 -0.103821 0.485546 255 0 0
-0.205706 -0.101911 0.486822 255 0 0
-0.204281 -0.103821 0.492524 255 0 0
-0.199968 -0.103821 0.488098 255 0 0
-0.196422 -0.108821 0.488886 255 0 0
-0.197847 -0.106911 0.483184 255 0 0
-0.198727 -0.111911 0.479659 255 0 0
-0.214990 -0.108821 0.484757 255 0 0
-0.213565 -0.106911 0.490460 255 0 0
-0.208011 -0.115001 0.477595 255 0 0
-0.212868 -0.111911 0.479843 255 0 0
-0.197847 -0.116911 0.483184 255 0 0
-0.202274 -0.116911 0.478871 255 0 0
-0.198543 -0.111911 0.493800 255 0 0
-0.196422 -0.115001 0.488886 255 0 0
-0.209138 -0.106911 0.494773 255 0 0
-0.203401 -0.108821 0.496049 255 0 0
-0.213565 -0.116911 0.490460 255 0 0
-0.214990 -0.115001 0.484757 255 0 0
-0.211444 -0.120001 0.485546 255 0 0
-0.207131 -0.120001 0.481119 255 0 0
-0.205706 -0.121911 0.486822 255 0 0
-0.199968 -0.120001 0.488098 255 0 0
-0.204281 -0.120001 0.492524 255 0 0
-0.203401 -0.115001 0.496049 255 0 0
-0.209138 -0.116911 0.494773 255 0 0
-0.212684 -0.111911 0.493984 255 0 0
-0.135276 0.004008 0.387764 255 0 0
-0.142614 0.004008 0.395295 255 0 0
-0.135276 -0.013005 0.387764 255 0 0
-0.142614 -0.013005 0.395295 255 0 0
-0.145038 -0.009756 0.385593 255 0 0
-0.145038 0.000758 0.385593 255 0 0
-0.132852 -0.009756 0.397466 255 0 0
-0.132852 0.000758 0.397466 255 0 0
-0.141116 -0.004499 0.401291 255 0 0
-0.148647 -0.004499 0.393954 255 0 0
-0.129243 -0.004499 0.389106 255 0 0
-0.136774 -0.004499 0.381768 255 0 0
-0.135513 0.000501 0.383579 255 0 0
-0.141250 -0.001409 0.382303 255 0 0
-0.140370 0.003591 0.385827 255 0 0
-0.144683 0.003591 0.390254 255 0 0
-0.138945 0.005501 0.391530 255 0 0
-0.137520 0.003591 0.397232 255 0 0
-0.133207 0.003591 0.392805 255 0 0
-0.129661 -0.001409 0.393594 255 0 0
-0.131086 0.000501 0.387891 255 0 0
-0.131966 -0.004499 0.384367 255 0 0
-0.148229 -0.001409 0.389465 255 0 0
-0.146804 0.000501 0.395168 255 0 0
-0.141250 -0.007589 0.382303 255 0 0
-0.146107 -0.004499 0.384551 255 0 0
-0.131086 -0.009499 0.387891 255 0 0
-0.135513 -0.009499 0.383579 255 0 0
-0.131782 -0.004499 0.398508 255 0 0
-0.129661 -0.007589 0.393594 255 0 0
-0.142377 0.000501 0.399481 255 0 0
-0.136640 -0.001409 0.400757 255 0 0
-0.146804 -0.009499 0.395168 255 0 0
-0.148229 -0.007589 0.389465 255 0 0
-0.144683 -0.012589 0.390254 255 0 0
-0.140370 -0.012589 0.385827 255 0 0
-0.138945 -0.014499 0.391530 255 0 0
-0.133207 -0.012589 0.392805 255 0 0
-0.137520 -0.012589 0.397232 255 0 0
-0.136640 -0.007589 0.400757 255 0 0
-0.142377 -0.009499 0.399481 255 0 0
-0.145923 -0.004499 0.398692 255 0 0
-0.105531 0.052750 0.414687 255 0 0
-0.112869 0.052750 0.422218 255 0 0
-0.105531 0.035737 0.414687 255 0 0
-0.112869 0.035737 0.422218 255 0 0
-0.115293 0.038986 0.412516 255 0 0
-0.115293 0.049501 0.412516 255 0 0
-0.103107 0.038986 0.424388 255 0 0
-0.103107 0.049501 0.424388 255 0 0
-0.111371 0.044244 0.428214 255 0 0
-0.118902 0.044244 0.420876 255 0 0
-0.099498 0.044244 0.416028 255 0 0
-0.107029 0.044244 0.408691 255 0 0
-0.105768 0.049244 0.410501 255 0 0
-0.111505 0.047334 0.409225 255 0 0
-0.110625 0.052334 0.412749 255 0 0
-0.114938 0.052334 0.417176 255 0 0
-0.109200 0.054244 0.418452 255 0 0
-0.107775 0.052334 0.424155 255 0 0
-0.103462 0.052334 0.419728 255 0 0
-0.099916 0.047334 0.420517 255 0 0
-0.101341 0.049244 0.414814 255 0 0
-0.102222 0.044244 0.411290 255 0 0
-0.118484 0.047334 0.416388 255 0 0
-0.117059 0.049244 0.422090 255 0 0
-0.111505 0.041153 0.409225 255 0 0
-0.116363 0.044244 0.411474 255 0 0
-0.101341 0.039244 0.414814 255 0 0
-0.105768 0.039244 0.410501 255 0 0
-0.102038 0.044244 0.425431 255 0 0
-0.099916 0.041153 0.420517 255 0 0
-0.112633 0.049244 0.426403 255 0 0
-0.106895 0.047334 0.427679 255 0 0
-0.117059 0.039244 0.422090 255 0 0
-0.118484 0.041153 0.416388 255 0 0
-0.114938 0.036153 0.417176 255 0 0
-0.110625 0.036153 0.412749 255 0 0
-0.109200 0.034244 0.418452 255 0 0
-0.103462 0.036153 0.419728 255 0 0
-0.107775 0.036153 0.424155 255 0 0
-0.106895 0.041153 0.427679 255 0 0
-0.112633 0.039244 0.426403 255 0 0
-0.116179 0.044244 0.425615 255 0 0
-0.134034 0.039013 0.461454 255 0 0
-0.141372 0.039013 0.468985 255 0 0
-0.134034 0.022000 0.461454 255 0 0
-0.141372 0.022000 0.468985 255 0 0
-0.143796 0.025249 0.459283 255 0 0
-0.143796 0.035764 0.459283 255 0 0
-0.131610 0.025249 0.471156 255 0 0
-0.131610 0.035764 0.471156 255 0 0
-0.139874 0.030507 0.474981 255 0 0
-0.147405 0.030507 0.467644 255 0 0
-0.128001 0.030507 0.462796 255 0 0
-0.135532 0.030507 0.455458 255 0 0
-0.134271 0.035507 0.457269 255 0 0
-0.140008 0.033597 0.455993 255 0 0
-0.139128 0.038597 0.459517 255 0 0
-0.143441 0.038597 0.463944 255 0 0
-0.137703 0.040507 0.465220 255 0 0
-0.136278 0.038597 0.470922 255 0 0
-0.131965 0.038597 0.466496 255 0 0
-0.128419 0.033597 0.467284 255 0 0
-0.129844 0.035507 0.461582 255 0 0
-0.130724 0.030507 0.458057 255 0 0
-0.146987 0.033597 0.463155 255 0 0
-0.145562 0.035507 0.468858 255 0 0
-0.140008 0.027417 0.455993 255 0 0
-0.144865 0.030507 0.458241 255 0 0
-0.129844 0.025507 0.461582 255 0 0
-0.134271 0.025507 0.457269 255 0 0
-0.130541 0.030507 0.472198 255 0 0
-0.128419 0.027417 0.467284 255 0 0
-0.141135 0.035507 0.473171 255 0 0
-0.135398 0.033597 0.474447 255 0 0
-0.145562 0.025507 0.468858 255 0 0
-0.146987 0.027417 0.463155 255 0 0
-0.143441 0.022417 0.463944 255 0 0
-0.139128 0.022417 0.459517 255 0 0
-0.137703 0.020507 0.465220 255 0 0
-0.131965 0.022417 0.466496 255 0 0
-0.136278 0.022417 0.470922 255 0 0
-0.135398 0.027417 0.474447 255 0 0
-0.141135 0.025507 0.473171 255 0 0
-0.144681 0.030507 0.472382 255 0 0
-0.106617 0.050458 0.431401 255 0 0
-0.113955 0.050458 0.438932 255 0 0
-0.106617 0.033445 0.431401 255 0 0
-0.113955 0.033445 0.438932 255 0 0
-0.116379 0.036694 0.429230 255 0 0
-0.116379 0.047209 0.429230 255 0 0
-0.104193 0.036694 0.441102 255 0 0
-0.104193 0.047209 0.441102 255 0 0
-0.112457 0.041952 0.444928 255 0 0
-0.119988 0.041952 0.437590 255 0 0
-0.100584 0.041952 0.432742 255 0 0
-0.108115 0.041952 0.425405 255 0 0
-0.106854 0.046952 0.427215 255 0 0
-0.112591 0.045042 0.425939 255 0 0
-0.111711 0.050042 0.429464 255 0 0
-0.116024 0.050042 0.433890 255 0 0
-0.110286 0.051952 0.435166 255 0 0
-0.108861 0.050042 0.440869 255 0 0
-0.104548 0.050042 0.436442 255 0 0
-0.101002 0.045042 0.437231 255 0 0
-0.102427 0.046952 0.431528 255 0 0
-0.103307 0.041952 0.428004 255 0 0
-0.119570 0.045042 0.433102 255 0 0
-0.118145 0.046952 0.438804 255 0 0
-0.112591 0.038861 0.425939 255 0 0
-0.117448 0.041952 0.428188 255 0 0
-0.102427 0.036952 0.431528 255 0 0
-0.106854 0.036952 0.427215 255 0 0
-0.103123 0.041952 0.442145 255 0 0
-0.101002 0.038861 0.437231 255 0 0
-0.113718 0.046952 0.443117 255 0 0
-0.107981 0.045042 0.444393 255 0 0
-0.118145 0.036952 0.438804 255 0 0
-0.119570 0.038861 0.433102 255 0 0
-0.116024 0.033861 0.433890 255 0 0
-0.111711 0.033861 0.429464 255 0 0
-0.110286 0.031952 0.435166 255 0 0
-0.104548 0.033861 0.436442 255 0 0
-0.108861 0.033861 0.440869 255 0 0
-0.107981 0.038861 0.444393 255 0 0
-0.113718 0.036952 0.443117 255 0 0
-0.117264 0.041952 0.442329 255 0 0
-0.132172 0.095666 0.464961 255 0 0
-0.139509 0.095666 0.472492 255 0 0
-0.132172 0.078653 0.464961 255 0 0
-0.139509 0.078653 0.472492 255 0 0
-0.141933 0.081902 0.462791 255 0 0
-0.141933 0.092417 0.462791 255 0 0
-0.129748 0.081902 0.474663 255 0 0
-0.129748 0.092417 0.474663 255 0 0
-0.138011 0.087160 0.478488 255 0 0
-0.145542 0.087160 0.471151 255 0 0
-0.126139 0.087160 0.466303 255 0 0
-0.133670 0.087160 0.458965 255 0 0
-0.132408 0.092160 0.460776 255 0 0
-0.138146 0.090250 0.459500 255 0 0
-0.137265 0.095250 0.463024 255 0 0
-0.141578 0.095250 0.467451 255 0 0
-0.135841 0.097160 0.468727 255 0 0
-0.134416 0.095250 0.474429 255 0 0
-0.130103 0.095250 0.470003 255 0 0
-0.126557 0.090250 0.470791 255 0 0
-0.127982 0.092160 0.465089 255 0 0
-0.128862 0.087160 0.461564 255 0 0
-0.145124 0.090250 0.466662 255 0 0
-0.143700 0.092160 0.472365 255 0 0
-0.138146 0.084069 0.459500 255 0 0
-0.143003 0.087160 0.461748 255 0 0
-0.127982 0.082160 0.465089 255 0 0
-0.132408 0.082160 0.460776 255 0 0
-0.128678 0.087160 0.475705 255 0 0
-0.126557 0.084069 0.470791 255 0 0
-0.139273 0.092160 0.476678 255 0 0
-0.133535 0.090250 0.477954 255 0 0
-0.143700 0.082160 0.472365 255 0 0
-0.145124 0.084069 0.466662 255 0 0
-0.141578 0.079069 0.467451 255 0 0
-0.137265 0.079069 0.463024 255 0 0
-0.135841 0.077160 0.468727 255 0 0
-0.130103 0.079069 0.470003 255 0 0
-0.134416 0.079069 0.474429 255 0 0
-0.133535 0.084069 0.477954 255 0 0
-0.139273 0.082160 0.476678 255 0 0
-0.142819 0.087160 0.475889 255 0 0
-0.098953 -0.039846 0.418093 255 0 0
-0.106291 -0.039846 0.425624 255 0 0
-0.098953 -0.056859 0.418093 255 0 0
-0.106291 -0.056859 0.425624 255 0 0
-0.108715 -0.053610 0.415922 255 0 0
-0.108715 -0.043095 0.415922 255 0 0
-0.096530 -0.053610 0.427795 255 0 0
-0.096530 -0.043095 0.427795 255 0 0
-0.104793 -0.048352 0.431620 255 0 0
-0.112324 -0.048352 0.424282 255 0 0
-0.092920 -0.048352 0.419434 255 0 0
-0.100452 -0.048352 0.412097 255 0 0
-0.099190 -0.043352 0.413907 255 0 0
-0.104928 -0.045262 0.412631 255 0 0
-0.104047 -0.040262 0.416156 255 0 0
-0.108360 -0.040262 0.420582 255 0 0
-0.102622 -0.038352 0.421858 255 0 0
-0.101198 -0.040262 0.427561 255 0 0
-0.096885 -0.040262 0.423134 255 0 0
-0.093338 -0.045262 0.423923 255 0 0
-0.094763 -0.043352 0.418220 255 0 0
-0.095644 -0.048352 0.414696 255 0 0
-0.111906 -0.045262 0.419794 255 0 0
-0.110481 -0.043352 0.425496 255 0 0
-0.104928 -0.051442 0.412631 255 0 0
-0.109785 -0.048352 0.414880 255 0 0
-0.094763 -0.053352 0.418220 255 0 0
-0.099190 -0.053352 0.413907 255 0 0
-0.095460 -0.048352 0.428837 255 0 0
-0.093338 -0.051442 0.423923 255 0 0
-0.106055 -0.043352 0.429809 255 0 0
-0.100317 -0.045262 0.431085 255 0 0
-0.110481 -0.053352 0.425496 255 0 0
-0.111906 -0.051442 0.419794 255 0 0
-0.108360 -0.056442 0.420582 255 0 0
-0.104047 -0.056442 0.416156 255 0 0
-0.102622 -0.058352 0.421858 255 0 0
-0.096885 -0.056442 0.423134 255 0 0
-0.101198 -0.056442 0.427561 255 0 0
-0.100317 -0.051442 0.431085 255 0 0
-0.106055 -0.053352 0.429809 255 0 0
-0.109601 -0.048352 0.429021 255 0 0
-0.092055 -0.071896 0.368860 255 0 0
-0.099393 -0.071896 0.376391 255 0 0
-0.092055 -0.088909 0.368860 255 0 0
-0.099393 -0.088909 0.376391 255 0 0
-0.101817 -0.085660 0.366689 255 0 0
-0.101817 -0.075145 0.366689 255 0 0
-0.089631 -0.085660 0.378562 255 0 0
-0.089631 -0.075145 0.378562 255 0 0
-0.097895 -0.080403 0.382387 255 0 0
-0.105426 -0.080403 0.375049 255 0 0
-0.086022 -0.080403 0.370201 255 0 0
-0.093553 -0.080403 0.362864 255 0 0
-0.092291 -0.075403 0.364674 255 0 0
-0.098029 -0.077312 0.363398 255 0 0
-0.097149 -0.072312 0.366923 255 0 0
-0.101462 -0.072312 0.371349 255 0 0
-0.095724 -0.070403 0.372625 255 0 0
-0.094299 -0.072312 0.378328 255 0 0
-0.089986 -0.072312 0.373901 255 0 0
-0.086440 -0.077312 0.374690 255 0 0
-0.087865 -0.075403 0.368987 255 0 0
-0.088745 -0.080403 0.365463 255 0 0
-0.105008 -0.077312 0.370561 255 0 0
-0.103583 -0.075403 0.376263 255 0 0
-0.098029 -0.083493 0.363398 255 0 0
-0.102886 -0.080403 0.365647 255 0 0
-0.087865 -0.085403 0.368987 255 0 0
-0.092291 -0.085403 0.364674 255 0 0
-0.088561 -0.080403 0.379604 255 0 0
-0.086440 -0.083493 0.374690 255 0 0
-0.099156 -0.075403 0.380576 255 0 0
-0.093419 -0.077312 0.381852 255 0 0
-0.103583 -0.085403 0.376263 255 0 0
-0.105008 -0.083493 0.370561 255 0 0
-0.101462 -0.088493 0.371349 255 0 0
-0.097149 -0.088493 0.366923 255 0 0
-0.095724 -0.090403 0.372625 255 0 0
-0.089986 -0.088493 0.373901 255 0 0
-0.094299 -0.088493 0.378328 255 0 0
-0.093419 -0.083493 0.381852 255 0 0
-0.099156 -0.085403 0.380576 255 0 0
-0.102702 -0.080403 0.379788 255 0 0
-0.189067 0.058166 0.453975 255 0 0
-0.196405 0.058166 0.461506 255 0 0
-0.189067 0.041153 0.453975 255 0 0
-0.196405 0.041153 0.461506 255 0 0
-0.198829 0.044402 0.451804 255 0 0
-0.198829 0.054917 0.451804 255 0 0
-0.186643 0.044402 0.463677 255 0 0
-0.186643 0.054917 0.463677 255 0 0
-0.194907 0.049659 0.467502 255 0 0
-0.202438 0.049659 0.460165 255 0 0
-0.183034 0.049659 0.455317 255 0 0
-0.190565 0.049659 0.447979 255 0 0
-0.189303 0.054659 0.449790 255 0 0
-0.195041 0.052750 0.448514 255 0 0
-0.194161 0.057750 0.452038 255 0 0
-0.198474 0.057750 0.456465 255 0 0
-0.192736 0.059659 0.457741 255 0 0
-0.191311 0.057750 0.463443 255 0 0
-0.186998 0.057750 0.459017 255 0 0
-0.183452 0.052750 0.459805 255 0 0
-0.184877 0.054659 0.454103 255 0 0
-0.185757 0.049659 0.450578 255 0 0
-0.202020 0.052750 0.455676 255 0 0
-0.200595 0.054659 0.461379 255 0 0
-0.195041 0.046569 0.448514 255 0 0
-0.199898 0.049659 0.450762 255 0 0
-0.184877 0.044659 0.454103 255 0 0
-0.189303 0.044659 0.449790 255 0 0
-0.185573 0.049659 0.464719 255 0 0
-0.183452 0.046569 0.459805 255 0 0
-0.196168 0.054659 0.465692 255 0 0
-0.190431 0.052750 0.466968 255 0 0
-0.200595 0.044659 0.461379 255 0 0
-0.202020 0.046569 0.455676 255 0 0
-0.198474 0.041569 0.456465 255 0 0
-0.194161 0.041569 0.452038 255 0 0
-0.192736 0.039659 0.457741 255 0 0
-0.186998 0.041569 0.459017 255 0 0
-0.191311 0.041569 0.463443 255 0 0
-0.190431 0.046569 0.466968 255 0 0
-0.196168 0.044659 0.465692 255 0 0
-0.199714 0.049659 0.464903 255 0 0
-0.165686 0.047913 0.423147 255 0 0
-0.173024 0.047913 0.430678 255 0 0
-0.165686 0.030900 0.423147 255 0 0
-0.173024 0.030900 0.430678 255 0 0
-0.175448 0.034149 0.420976 255 0 0
-0.175448 0.044664 0.420976 255 0 0
-0.163262 0.034149 0.432849 255 0 0
-0.163262 0.044664 0.432849 255 0 0
-0.171526 0.039407 0.436674 255 0 0
-0.179057 0.039407 0.429336 255 0 0
-0.159653 0.039407 0.424489 255 0 0
-0.167184 0.039407 0.417151 255 0 0
-0.165923 0.044407 0.418961 255 0 0
-0.171660 0.042497 0.417686 255 0 0
-0.170780 0.047497 0.421210 255 0 0
-0.175093 0.047497 0.425637 255 0 0
-0.169355 0.049407 0.426912 255 0 0
-0.167930 0.047497 0.432615 255 0 0
-0.163617 0.047497 0.428188 255 0 0
-0.160071 0.042497 0.428977 255 0 0
-0.161496 0.044407 0.423274 255 0 0
-0.162377 0.039407 0.419750 255 0 0
-0.178639 0.042497 0.424848 255 0 0
-0.177214 0.044407 0.430551 255 0 0
-0.171660 0.036317 0.417686 255 0 0
-0.176518 0.039407 0.419934 255 0 0
-0.161496 0.034407 0.423274 255 0 0
-0.165923 0.034407 0.418961 255 0 0
-0.162193 0.039407 0.433891 255 0 0
-0.160071 0.036317 0.428977 255 0 0
-0.172788 0.044407 0.434863 255 0 0
-0.167050 0.042497 0.436139 255 0 0
-0.177214 0.034407 0.430551 255 0 0
-0.178639 0.036317 0.424848 255 0 0
-0.175093 0.031317 0.425637 255 0 0
-0.170780 0.031317 0.421210 255 0 0
-0.169355 0.029407 0.426912 255 0 0
-0.163617 0.031317 0.428188 255 0 0
-0.167930 0.031317 0.432615 255 0 0
-0.167050 0.036317 0.436139 255 0 0
-0.172788 0.034407 0.434863 255 0 0
-0.176334 0.039407 0.434075 255 0 0
-0.151428 0.067902 0.445309 255 0 0
-0.158765 0.067902 0.452840 255 0 0
-0.151428 0.050889 0.445309 255 0 0
-0.158765 0.050889 0.452840 255 0 0
-0.161189 0.054138 0.443138 255 0 0
-0.161189 0.064653 0.443138 255 0 0
-0.149004 0.054138 0.455010 255 0 0
-0.149004 0.064653 0.455010 255 0 0
-0.157267 0.059395 0.458836 255 0 0
-0.164798 0.059395 0.451498 255 0 0
-0.145395 0.059395 0.446650 255 0 0
-0.152926 0.059395 0.439313 255 0 0
-0.151664 0.064395 0.441123 255 0 0
-0.157402 0.062485 0.439847 255 0 0
-0.156521 0.067485 0.443372 255 0 0
-0.160834 0.067485 0.447798 255 0 0
-0.155096 0.069395 0.449074 255 0 0
-0.153672 0.067485 0.454777 255 0 0
-0.149359 0.067485 0.450350 255 0 0
-0.145813 0.062485 0.451139 255 0 0
-0.147237 0.064395 0.445436 255 0 0
-0.148118 0.059395 0.441912 255 0 0
-0.164380 0.062485 0.447010 255 0 0
-0.162955 0.064395 0.452712 255 0 0
-0.157402 0.056305 0.439847 255 0 0
-0.162259 0.059395 0.442096 255 0 0
-0.147237 0.054395 0.445436 255 0 0
-0.151664 0.054395 0.441123 255 0 0
-0.147934 0.059395 0.456053 255 0 0
-0.145813 0.056305 0.451139 255 0 0
-0.158529 0.064395 0.457025 255 0 0
-0.152791 0.062485 0.458301 255 0 0
-0.162955 0.054395 0.452712 255 0 0
-0.164380 0.056305 0.447010 255 0 0
-0.160834 0.051305 0.447798 255 0 0
-0.156521 0.051305 0.443372 255 0 0
-0.155096 0.049395 0.449074 255 0 0
-0.149359 0.051305 0.450350 255 0 0
-0.153672 0.051305 0.454777 255 0 0
-0.152791 0.056305 0.458301 255 0 0
-0.158529 0.054395 0.457025 255 0 0
-0.162075 0.059395 0.456237 255 0 0
-0.176869 0.019628 0.428008 255 0 0
-0.184207 0.019628 0.435539 255 0 0
-0.176869 0.002615 0.428008 255 0 0
-0.184207 0.002615 0.435539 255 0 0
-0.186631 0.005864 0.425838 255 0 0
-0.186631 0.016379 0.425838 255 0 0
-0.174445 0.005864 0.437710 255 0 0
-0.174445 0.016379 0.437710 255 0 0
-0.182709 0.011122 0.441535 255 0 0
-0.190240 0.011122 0.434198 255 0 0
-0.170836 0.011122 0.429350 255 0 0
-0.178367 0.011122 0.422012 255 0 0
-0.177105 0.016122 0.423823 255 0 0
-0.182843 0.014212 0.422547 255 0 0
-0.181963 0.019212 0.426071 255 0 0
-0.186276 0.019212 0.430498 255 0 0
-0.180538 0.021122 0.431774 255 0 0
-0.179113 0.019212 0.437476 255 0 0
-0.174800 0.019212 0.433050 255 0 0
-0.171254 0.014212 0.433838 255 0 0
-0.172679 0.016122 0.428136 255 0 0
-0.173559 0.011122 0.424611 255 0 0
-0.189822 0.014212 0.429709 255 0 0
-0.188397 0.016122 0.435412 255 0 0
-0.182843 0.008032 0.422547 255 0 0
-0.187700 0.011122 0.424795 255 0 0
-0.172679 0.006122 0.428136 255 0 0
-0.177105 0.006122 0.423823 255 0 0
-0.173375 0.011122 0.438752 255 0 0
-0.171254 0.008032 0.433838 255 0 0
-0.183970 0.016122 0.439725 255 0 0
-0.178233 0.014212 0.441001 255 0 0
-0.188397 0.006122 0.435412 255 0 0
-0.189822 0.008032 0.429709 255 0 0
-0.186276 0.003032 0.430498 255 0 0
-0.181963 0.003032 0.426071 255 0 0
-0.180538 0.001122 0.431774 255 0 0
-0.174800 0.003032 0.433050 255 0 0
-0.179113 0.003032 0.437476 255 0 0
-0.178233 0.008032 0.441001 255 0 0
-0.183970 0.006122 0.439725 255 0 0
-0.187516 0.011122 0.438936 255 0 0
-0.116274 0.079892 0.409596 255 0 0
-0.123612 0.079892 0.417127 255 0 0
-0.116274 0.062879 0.409596 255 0 0
-0.123612 0.062879 0.417127 255 0 0
-0.126036 0.066128 0.407425 255 0 0
-0.126036 0.076643 0.407425 255 0 0
-0.113850 0.066128 0.419298 255 0 0
-0.113850 0.076643 0.419298 255 0 0
-0.122114 0.071386 0.423123 255 0 0
-0.129645 0.071386 0.415785 255 0 0
-0.110241 0.071386 0.410937 255 0 0
-0.117772 0.071386 0.403600 255 0 0
-0.116511 0.076386 0.405410 255 0 0
-0.122248 0.074476 0.404134 255 0 0
-0.121368 0.079476 0.407659 255 0 0
-0.125681 0.079476 0.412085 255 0 0
-0.119943 0.081386 0.413361 255 0 0
-0.118518 0.079476 0.419064 255 0 0
-0.114205 0.079476 0.414637 255 0 0
-0.110659 0.074476 0.415426 255 0 0
-0.112084 0.076386 0.409723 255 0 0
-0.112965 0.071386 0.406199 255 0 0
-0.129227 0.074476 0.411297 255 0 0
-0.127802 0.076386 0.416999 255 0 0
-0.122248 0.068295 0.404134 255 0 0
-0.127106 0.071386 0.406383 255 0 0
-0.112084 0.066386 0.409723 255 0 0
-0.116511 0.066386 0.405410 255 0 0
-0.112781 0.071386 0.420340 255 0 0
-0.110659 0.068295 0.415426 255 0 0
-0.123376 0.076386 0.421312 255 0 0
-0.117638 0.074476 0.422588 255 0 0
-0.127802 0.066386 0.416999 255 0 0
-0.129227 0.068295 0.411297 255 0 0
-0.125681 0.063295 0.412085 255 0 0
-0.121368 0.063295 0.407659 255 0 0
-0.119943 0.061386 0.413361 255 0 0
-0.114205 0.063295 0.414637 255 0 0
-0.118518 0.063295 0.419064 255 0 0
-0.117638 0.068295 0.422588 255 0 0
-0.123376 0.066386 0.421312 255 0 0
-0.126922 0.071386 0.420524 255 0 0
-0.106896 -0.034613 0.416442 255 0 0
-0.114233 -0.034613 0.423973 255 0 0
-0.106896 -0.051626 0.416442 255 0 0
-0.114233 -0.051626 0.423973 255 0 0
-0.116657 -0.048377 0.414271 255 0 0
-0.116657 -0.037862 0.414271 255 0 0
-0.104472 -0.048377 0.426143 255 0 0
-0.104472 -0.037862 0.426143 255 0 0
-0.112735 -0.043120 0.429969 255 0 0
-0.120266 -0.043120 0.422631 255 0 0
-0.100863 -0.043120 0.417783 255 0 0
-0.108394 -0.043120 0.410446 255 0 0
-0.107132 -0.038120 0.412256 255 0 0
-0.112870 -0.040029 0.410980 255 0 0
-0.111989 -0.035029 0.414505 255 0 0
-0.116302 -0.035029 0.418931 255 0 0
-0.110565 -0.033120 0.420207 255 0 0
-0.109140 -0.035029 0.425910 255 0 0
-0.104827 -0.035029 0.421483 255 0 0
-0.101281 -0.040029 0.422272 255 0 0
-0.102706 -0.038120 0.416569 255 0 0
-0.103586 -0.043120 0.413045 255 0 0
-0.119848 -0.040029 0.418143 255 0 0
-0.118424 -0.038120 0.423845 255 0 0
-0.112870 -0.046210 0.410980 255 0 0
-0.117727 -0.043120 0.413229 255 0 0
-0.102706 -0.048120 0.416569 255 0 0
-0.107132 -0.048120 0.412256 255 0 0
-0.103402 -0.043120 0.427186 255 0 0
-0.101281 -0.046210 0.422272 255 0 0
-0.113997 -0.038120 0.428158 255 0 0
-0.108259 -0.040029 0.429434 255 0 0
-0.118424 -0.048120 0.423845 255 0 0
-0.119848 -0.046210 0.418143 255 0 0
-0.116302 -0.051210 0.418931 255 0 0
-0.111989 -0.051210 0.414505 255 0 0
-0.110565 -0.053120 0.420207 255 0 0
-0.104827 -0.051210 0.421483 255 0 0
-0.109140 -0.051210 0.425910 255 0 0
-0.108259 -0.046210 0.429434 255 0 0
-0.113997 -0.048120 0.428158 255 0 0
-0.117543 -0.043120 0.427370 255 0 0
-0.157993 -0.086862 0.416688 255 0 0
-0.165331 -0.086862 0.424219 255 0 0
-0.157993 -0.103875 0.416688 255 0 0
-0.165331 -0.103875 0.424219 255 0 0
-0.167755 -0.100626 0.414518 255 0 0
-0.167755 -0.090112 0.414518 255 0 0
-0.155569 -0.100626 0.426390 255 0 0
-0.155569 -0.090112 0.426390 255 0 0
-0.163833 -0.095369 0.430215 255 0 0
-0.171364 -0.095369 0.422878 255 0 0
-0.151960 -0.095369 0.418030 255 0 0
-0.159491 -0.095369 0.410692 255 0 0
-0.158230 -0.090369 0.412503 255 0 0
-0.163968 -0.092279 0.411227 255 0 0
-0.163087 -0.087279 0.414751 255 0 0
-0.167400 -0.087279 0.419178 255 0 0
-0.161662 -0.085369 0.420454 255 0 0
-0.160237 -0.087279 0.426156 255 0 0
-0.155924 -0.087279 0.421730 255 0 0
-0.152378 -0.092279 0.422518 255 0 0
-0.153803 -0.090369 0.416816 255 0 0
-0.154684 -0.095369 0.413291 255 0 0
-0.170946 -0.092279 0.418389 255 0 0
-0.169521 -0.090369 0.424092 255 0 0
-0.163968 -0.098459 0.411227 255 0 0
-0.168825 -0.095369 0.413475 255 0 0
-0.153803 -0.100369 0.416816 255 0 0
-0.158230 -0.100369 0.412503 255 0 0
-0.154500 -0.095369 0.427432 255 0 0
-0.152378 -0.098459 0.422518 255 0 0
-0.165095 -0.090369 0.428405 255 0 0
-0.159357 -0.092279 0.429681 255 0 0
-0.169521 -0.100369 0.424092 255 0 0
-0.170946 -0.098459 0.418389 255 0 0
-0.167400 -0.103459 0.419178 255 0 0
-0.163087 -0.103459 0.414751 255 0 0
-0.161662 -0.105369 0.420454 255 0 0
-0.155924 -0.103459 0.421730 255 0 0
-0.160237 -0.103459 0.426156 255 0 0
-0.159357 -0.098459 0.429681 255 0 0
-0.165095 -0.100369 0.428405 255 0 0
-0.168641 -0.095369 0.427616 255 0 0
-0.094250 0.036334 0.393780 255 0 0
-0.101587 0.036334 0.401311 255 0 0
-0.094250 0.019321 0.393780 255 0 0
-0.101587 0.019321 0.401311 255 0 0
-0.104011 0.022570 0.391610 255 0 0
-0.104011 0.033084 0.391610 255 0 0
-0.091826 0.022570 0.403482 255 0 0
-0.091826 0.033084 0.403482 255 0 0
-0.100089 0.027827 0.407307 255 0 0
-0.107620 0.027827 0.399970 255 0 0
-0.088217 0.027827 0.395122 255 0 0
-0.095748 0.027827 0.387784 255 0 0
-0.094486 0.032827 0.389595 255 0 0
-0.100224 0.030917 0.388319 255 0 0
-0.099343 0.035917 0.391843 255 0 0
-0.103656 0.035917 0.396270 255 0 0
-0.097919 0.037827 0.397546 255 0 0
-0.096494 0.035917 0.403248 255 0 0
-0.092181 0.035917 0.398822 255 0 0
-0.088635 0.030917 0.399610 255 0 0
-0.090059 0.032827 0.393908 255 0 0
-0.090940 0.027827 0.390383 255 0 0
-0.107202 0.030917 0.395481 255 0 0
-0.105778 0.032827 0.401184 255 0 0
-0.100224 0.024737 0.388319 255 0 0
-0.105081 0.027827 0.390567 255 0 0
-0.090059 0.022827 0.393908 255 0 0
-0.094486 0.022827 0.389595 255 0 0
-0.090756 0.027827 0.404524 255 0 0
-0.088635 0.024737 0.399610 255 0 0
-0.101351 0.032827 0.405497 255 0 0
-0.095613 0.030917 0.406773 255 0 0
-0.105778 0.022827 0.401184 255 0 0
-0.107202 0.024737 0.395481 255 0 0
-0.103656 0.019737 0.396270 255 0 0
-0.099343 0.019737 0.391843 255 0 0
-0.097919 0.017827 0.397546 255 0 0
-0.092181 0.019737 0.398822 255 0 0
-0.096494 0.019737 0.403248 255 0 0
-0.095613 0.024737 0.406773 255 0 0
-0.101351 0.022827 0.405497 255 0 0
-0.104897 0.027827 0.404708 255 0 0
-0.128826 -0.079312 0.441284 255 0 0
-0.136163 -0.079312 0.448815 255 0 0
-0.128826 -0.096325 0.441284 255 0 0
-0.136163 -0.096325 0.448815 255 0 0
-0.138587 -0.093076 0.439113 255 0 0
-0.138587 -0.082561 0.439113 255 0 0
-0.126402 -0.093076 0.450985 255 0 0
-0.126402 -0.082561 0.450985 255 0 0
-0.134665 -0.087819 0.454811 255 0 0
-0.142196 -0.087819 0.447473 255 0 0
-0.122793 -0.087819 0.442625 255 0 0
-0.130324 -0.087819 0.435288 255 0 0
-0.129062 -0.082819 0.437098 255 0 0
-0.134800 -0.084729 0.435822 255 0 0
-0.133919 -0.079729 0.439347 255 0 0
-0.138232 -0.079729 0.443773 255 0 0
-0.132494 -0.077819 0.445049 255 0 0
-0.131070 -0.079729 0.450752 255 0 0
-0.126757 -0.079729 0.446325 255 0 0
-0.123211 -0.084729 0.447114 255 0 0
-0.124635 -0.082819 0.441411 255 0 0
-0.125516 -0.087819 0.437887 255 0 0
-0.141778 -0.084729 0.442985 255 0 0
-0.140353 -0.082819 0.448687 255 0 0
-0.134800 -0.090909 0.435822 255 0 0
-0.139657 -0.087819 0.438071 255 0 0
-0.124635 -0.092819 0.441411 255 0 0
-0.129062 -0.092819 0.437098 255 0 0
-0.125332 -0.087819 0.452028 255 0 0
-0.123211 -0.090909 0.447114 255 0 0
-0.135927 -0.082819 0.453000 255 0 0
-0.130189 -0.084729 0.454276 255 0 0
-0.140353 -0.092819 0.448687 255 0 0
-0.141778 -0.090909 0.442985 255 0 0
-0.138232 -0.095909 0.443773 255 0 0
-0.133919 -0.095909 0.439347 255 0 0
-0.132494 -0.097819 0.445049 255 0 0
-0.126757 -0.095909 0.446325 255 0 0
-0.131070 -0.095909 0.450752 255 0 0
-0.130189 -0.090909 0.454276 255 0 0
-0.135927 -0.092819 0.453000 255 0 0
-0.139473 -0.087819 0.452212 255 0 0
0.029426 -0.006922 0.476011 255 0 0
0.022088 -0.006922 0.483542 255 0 0
0.029426 -0.023935 0.476011 255 0 0
0.022088 -0.023935 0.483542 255 0 0
0.019665 -0.020686 0.473840 255 0 0
0.019665 -0.010171 0.473840 255 0 0
0.031850 -0.020686 0.485713 255 0 0
0.031850 -0.010171 0.485713 255 0 0
0.023587 -0.015428 0.489538 255 0 0
0.016055 -0.015428 0.482200 255 0 0
0.035459 -0.015428 0.477352 255 0 0
0.027928 -0.015428 0.470015 255 0 0
0.029190 -0.010428 0.471825 255 0 0
0.023452 -0.012338 0.470549 255 0 0
0.024333 -0.007338 0.474074 255 0 0
0.020020 -0.007338 0.478500 255 0 0
0.025757 -0.005428 0.479776 255 0 0
0.027182 -0.007338 0.485479 255 0 0
0.031495 -0.007338 0.481052 255 0 0
0.035041 -0.012338 0.481841 255 0 0
0.033616 -0.010428 0.476138 255 0 0
0.032736 -0.015428 0.472614 255 0 0
0.016473 -0.012338 0.477712 255 0 0
0.017898 -0.010428 0.483414 255 0 0
0.023452 -0.018518 0.470549 255 0 0
0.018595 -0.015428 0.472798 255 0 0
0.033616 -0.020428 0.476138 255 0 0
0.029190 -0.020428 0.471825 255 0 0
0.032920 -0.015428 0.486755 255 0 0
0.035041 -0.018518 0.481841 255 0 0
0.022325 -0.010428 0.487727 255 0 0
0.028063 -0.012338 0.489003 255 0 0
0.017898 -0.020428 0.483414 255 0 0
0.016473 -0.018518 0.477712 255 0 0
0.020020 -0.023518 0.478500 255 0 0
0.024333 -0.023518 0.474074 255 0 0
0.025757 -0.025428 0.479776 255 0 0
0.031495 -0.023518 0.481052 255 0 0
0.027182 -0.023518 0.485479 255 0 0
0.028063 -0.018518 0.489003 255 0 0
0.022325 -0.020428 0.487727 255 0 0
0.018779 -0.015428 0.486939 255 0 0
0.058849 -0.103766 0.489296 255 0 0
0.051511 -0.103766 0.496828 255 0 0
0.058849 -0.120779 0.489296 255 0 0
0.051511 -0.120779 0.496828 255 0 0
0.049087 -0.117530 0.487126 255 0 0
0.049087 -0.107015 0.487126 255 0 0
0.061273 -0.117530 0.498998 255 0 0
0.061273 -0.107015 0.498998 255 0 0
0.053009 -0.112272 0.502824 255 0 0
0.045478 -0.112272 0.495486 255 0 0
0.064882 -0.112272 0.490638 255 0 0
0.057351 -0.112272 0.483300 255 0 0
0.058612 -0.107272 0.485111 255 0 0
0.052875 -0.109182 0.483835 255 0 0
0.053755 -0.104182 0.487359 255 0 0
0.049442 -0.104182 0.491786 255 0 0
0.055180 -0.102272 0.493062 255 0 0
0.056605 -0.104182 0.498765 255 0 0
0.060918 -0.104182 0.494338 255 0 0
0.064464 -0.109182 0.495127 255 0 0
0.063039 -0.107272 0.489424 255 0 0
0.062158 -0.112272 0.485900 255 0 0
0.045896 -0.109182 0.490998 255 0 0
0.047321 -0.107272 0.496700 255 0 0
0.052875 -0.115363 0.483835 255 0 0
0.048017 -0.112272 0.486084 255 0 0
0.063039 -0.117272 0.489424 255 0 0
0.058612 -0.117272 0.485111 255 0 0
0.062342 -0.112272 0.500041 255 0 0
0.064464 -0.115363 0.495127 255 0 0
0.051748 -0.107272 0.501013 255 0 0
0.057485 -0.109182 0.502289 255 0 0
0.047321 -0.117272 0.496700 255 0 0
0.045896 -0.115363 0.490998 255 0 0
0.049442 -0.120363 0.491786 255 0 0
0.053755 -0.120363 0.487359 255 0 0
0.055180 -0.122272 0.493062 255 0 0
0.060918 -0.120363 0.494338 255 0 0
0.056605 -0.120363 0.498765 255 0 0
0.057485 -0.115363 0.502289 255 0 0
0.051748 -0.117272 0.501013 255 0 0
0.048201 -0.112272 0.500224 255 0 0
0.049556 0.067764 0.446250 255 0 0
0.042218 0.067764 0.453781 255 0 0
0.049556 0.050751 0.446250 255 0 0
0.042218 0.050751 0.453781 255 0 0
0.039794 0.054000 0.444079 255 0 0
0.039794 0.064515 0.444079 255 0 0
0.051980 0.054000 0.455952 255 0 0
0.051980 0.064515 0.455952 255 0 0
0.043716 0.059258 0.459777 255 0 0
0.036185 0.059258 0.452439 255 0 0
0.055589 0.059258 0.447592 255 0 0
0.048058 0.059258 0.440254 255 0 0
0.049319 0.064258 0.442065 255 0 0
0.043582 0.062348 0.440789 255 0 0
0.044462 0.067348 0.444313 255 0 0
0.040149 0.067348 0.448740 255 0 0
0.045887 0.069258 0.450016 255 0 0
0.047312 0.067348 0.455718 255 0 0
0.051625 0.067348 0.451291 255 0 0
0.055171 0.062348 0.452080 255 0 0
0.053746 0.064258 0.446377 255 0 0
0.052866 0.059258 0.442853 255 0 0
0.036603 0.062348 0.447951 255 0 0
0.038028 0.064258 0.453654 255 0 0
0.043582 0.056168 0.440789 255 0 0
0.038725 0.059258 0.443037 255 0 0
0.053746 0.054258 0.446377 255 0 0
0.049319 0.054258 0.442065 255 0 0
0.053050 0.059258 0.456994 255 0 0
0.055171 0.056168 0.452080 255 0 0
0.042455 0.064258 0.457967 255 0 0
0.048192 0.062348 0.459242 255 0 0
0.038028 0.054258 0.453654 255 0 0
0.036603 0.056168 0.447951 255 0 0
0.040149 0.051168 0.448740 255 0 0
0.044462 0.051168 0.444313 255 0 0
0.045887 0.049258 0.450016 255 0 0
0.051625 0.051168 0.451291 255 0 0
0.047312 0.051168 0.455718 255 0 0
0.048192 0.056168 0.459242 255 0 0
0.042455 0.054258 0.457967 255 0 0
0.038909 0.059258 0.457178 255 0 0
0.060375 0.051784 0.503972 255 0 0
0.053037 0.051784 0.511503 255 0 0
0.060375 0.034771 0.503972 255 0 0
0.053037 0.034771 0.511503 255 0 0
0.050613 0.038021 0.501801 255 0 0
0.050613 0.048535 0.501801 255 0 0
0.062799 0.038021 0.513673 255 0 0
0.062799 0.048535 0.513673 255 0 0
0.054535 0.043278 0.517499 255 0 0
0.047004 0.043278 0.510161 255 0 0
0.066408 0.043278 0.505313 255 0 0
0.058877 0.043278 0.497976 255 0 0
0.060138 0.048278 0.499786 255 0 0
0.054401 0.046368 0.498510 255 0 0
0.055281 0.051368 0.502035 255 0 0
0.050968 0.051368 0.506461 255 0 0
0.056706 0.053278 0.507737 255 0 0
0.058131 0.051368 0.513440 255 0 0
0.062444 0.051368 0.509013 255 0 0
0.065990 0.046368 0.509802 255 0 0
0.064565 0.048278 0.504099 255 0 0
0.063685 0.043278 0.500575 255 0 0
0.047422 0.046368 0.505673 255 0 0
0.048847 0.048278 0.511375 255 0 0
0.054401 0.040188 0.498510 255 0 0
0.049544 0.043278 0.500759 255 0 0
0.064565 0.038278 0.504099 255 0 0
0.060138 0.038278 0.499786 255 0 0
0.063869 0.043278 0.514716 255 0 0
0.065990 0.040188 0.509802 255 0 0
0.053274 0.048278 0.515688 255 0 0
0.059011 0.046368 0.516964 255 0 0
0.048847 0.038278 0.511375 255 0 0
0.047422 0.040188 0.505673 255 0 0
0.050968 0.035188 0.506461 255 0 0
0.055281 0.035188 0.502035 255 0 0
0.056706 0.033278 0.507737 255 0 0
0.062444 0.035188 0.509013 255 0 0
0.058131 0.035188 0.513440 255 0 0
0.059011 0.040188 0.516964 255 0 0
0.053274 0.038278 0.515688 255 0 0
0.049728 0.043278 0.514900 255 0 0
0.028458 -0.055632 0.449262 255 0 0
0.021120 -0.055632 0.456793 255 0 0
0.028458 -0.072645 0.449262 255 0 0
0.021120 -0.072645 0.456793 255 0 0
0.018696 -0.069396 0.447091 255 0 0
0.018696 -0.058881 0.447091 255 0 0
0.030882 -0.069396 0.458964 255 0 0
0.030882 -0.058881 0.458964 255 0 0
0.022618 -0.064139 0.462789 255 0 0
0.015087 -0.064139 0.455452 255 0 0
0.034491 -0.064139 0.450604 255 0 0
0.026960 -0.064139 0.443266 255 0 0
0.028222 -0.059139 0.445077 255 0 0
0.022484 -0.061048 0.443801 255 0 0
0.023364 -0.056048 0.447325 255 0 0
0.019051 -0.056048 0.451752 255 0 0
0.024789 -0.054139 0.453028 255 0 0
0.026214 -0.056048 0.458730 255 0 0
0.030527 -0.056048 0.454304 255 0 0
0.034073 -0.061048 0.455092 255 0 0
0.032648 -0.059139 0.449390 255 0 0
0.031768 -0.064139 0.445865 255 0 0
0.015505 -0.061048 0.450963 255 0 0
0.016930 -0.059139 0.456666 255 0 0
0.022484 -0.067229 0.443801 255 0 0
0.017627 -0.064139 0.446049 255 0 0
0.032648 -0.069139 0.449390 255 0 0
0.028222 -0.069139 0.445077 255 0 0
0.031952 -0.064139 0.460006 255 0 0
0.034073 -0.067229 0.455092 255 0 0
0.021357 -0.059139 0.460979 255 0 0
0.027094 -0.061048 0.462255 255 0 0
0.016930 -0.069139 0.456666 255 0 0
0.015505 -0.067229 0.450963 255 0 0
0.019051 -0.072229 0.451752 255 0 0
0.023364 -0.072229 0.447325 255 0 0
0.024789 -0.074138 0.453028 255 0 0
0.030527 -0.072229 0.454304 255 0 0
0.026214 -0.072229 0.458730 255 0 0
0.027094 -0.067229 0.462255 255 0 0
0.021357 -0.069139 0.460979 255 0 0
0.017811 -0.064139 0.460190 255 0 0
-0.024952 -0.066351 0.354082 255 0 0
-0.032289 -0.066351 0.361613 255 0 0
-0.024952 -0.083364 0.354082 255 0 0
-0.032289 -0.083364 0.361613 255 0 0
-0.034713 -0.080115 0.351911 255 0 0
-0.034713 -0.069600 0.351911 255 0 0
-0.022528 -0.080115 0.363784 255 0 0
-0.022528 -0.069600 0.363784 255 0 0
-0.030791 -0.074858 0.367609 255 0 0
-0.038322 -0.074858 0.360272 255 0 0
-0.018919 -0.074858 0.355424 255 0 0
-0.026450 -0.074858 0.348086 255 0 0
-0.025188 -0.069858 0.349897 255 0 0
-0.030926 -0.071768 0.348621 255 0 0
-0.030045 -0.066768 0.352145 255 0 0
-0.034358 -0.066768 0.356572 255 0 0
-0.028620 -0.064858 0.357848 255 0 0
-0.027196 -0.066768 0.363550 255 0 0
-0.022883 -0.066768 0.359123 255 0 0
-0.019337 -0.071768 0.359912 255 0 0
-0.020761 -0.069858 0.354209 255 0 0
-0.021642 -0.074858 0.350685 255 0 0
-0.037904 -0.071768 0.355783 255 0 0
-0.036479 -0.069858 0.361486 255 0 0
-0.030926 -0.077948 0.348621 255 0 0
-0.035783 -0.074858 0.350869 255 0 0
-0.020761 -0.079858 0.354209 255 0 0
-0.025188 -0.079858 0.349897 255 0 0
-0.021458 -0.074858 0.364826 255 0 0
-0.019337 -0.077948 0.359912 255 0 0
-0.032053 -0.069858 0.365799 255 0 0
-0.026315 -0.071768 0.367075 255 0 0
-0.036479 -0.079858 0.361486 255 0 0
-0.037904 -0.077948 0.355783 255 0 0
-0.034358 -0.082948 0.356572 255 0 0
-0.030045 -0.082948 0.352145 255 0 0
-0.028620 -0.084858 0.357848 255 0 0
-0.022883 -0.082948 0.359123 255 0 0
-0.027196 -0.082948 0.363550 255 0 0
-0.026315 -0.077948 0.367075 255 0 0
-0.032053 -0.079858 0.365799 255 0 0
-0.035599 -0.074858 0.365010 255 0 0
-0.095745 -0.013970 0.377703 255 0 0
-0.103083 -0.013970 0.385234 255 0 0
-0.095745 -0.030983 0.377703 255 0 0
-0.103083 -0.030983 0.385234 255 0 0
-0.105507 -0.027734 0.375532 255 0 0
-0.105507 -0.017220 0.375532 255 0 0
-0.093321 -0.027734 0.387405 255 0 0
-0.093321 -0.017220 0.387405 255 0 0
-0.101585 -0.022477 0.391230 255 0 0
-0.109116 -0.022477 0.383892 255 0 0
-0.089712 -0.022477 0.379044 255 0 0
-0.097243 -0.022477 0.371707 255 0 0
-0.095982 -0.017477 0.373517 255 0 0
-0.101719 -0.019387 0.372241 255 0 0
-0.100839 -0.014387 0.375766 255 0 0
-0.105152 -0.014387 0.380192 255 0 0
-0.099414 -0.012477 0.381468 255 0 0
-0.097989 -0.014387 0.387171 255 0 0
-0.093676 -0.014387 0.382744 255 0 0
-0.090130 -0.019387 0.383533 255 0 0
-0.091555 -0.017477 0.377830 255 0 0
-0.092435 -0.022477 0.374306 255 0 0
-0.108698 -0.019387 0.379404 255 0 0
-0.107273 -0.017477 0.385107 255 0 0
-0.101719 -0.025567 0.372241 255 0 0
-0.106576 -0.022477 0.374490 255 0 0
-0.091555 -0.027477 0.377830 255 0 0
-0.095982 -0.027477 0.373517 255 0 0
-0.092251 -0.022477 0.388447 255 0 0
-0.090130 -0.025567 0.383533 255 0 0
-0.102846 -0.017477 0.389419 255 0 0
-0.097109 -0.019387 0.390695 255 0 0
-0.107273 -0.027477 0.385107 255 0 0
-0.108698 -0.025567 0.379404 255 0 0
-0.105152 -0.030567 0.380192 255 0 0
-0.100839 -0.030567 0.375766 255 0 0
-0.099414 -0.032477 0.381468 255 0 0
-0.093676 -0.030567 0.382744 255 0 0
-0.097989 -0.030567 0.387171 255 0 0
-0.097109 -0.025567 0.390695 255 0 0
-0.102846 -0.027477 0.389419 255 0 0
-0.106392 -0.022477 0.388631 255 0 0
-0.062175 -0.031093 0.366332 255 0 0
-0.069512 -0.031093 0.373863 255 0 0
-0.062175 -0.048106 0.366332 255 0 0
-0.069512 -0.048106 0.373863 255 0 0
-0.071936 -0.044857 0.364161 255 0 0
-0.071936 -0.034342 0.364161 255 0 0
-0.059751 -0.044857 0.376034 255 0 0
-0.059751 -0.034342 0.376034 255 0 0
-0.068014 -0.039600 0.379859 255 0 0
-0.075545 -0.039600 0.372521 255 0 0
-0.056142 -0.039600 0.367674 255 0 0
-0.063673 -0.039600 0.360336 255 0 0
-0.062411 -0.034600 0.362146 255 0 0
-0.068149 -0.036510 0.360871 255 0 0
-0.067268 -0.031510 0.364395 255 0 0
-0.071581 -0.031510 0.368822 255 0 0
-0.065844 -0.029600 0.370098 255 0 0
-0.064419 -0.031510 0.375800 255 0 0
-0.060106 -0.031510 0.371373 255 0 0
-0.056560 -0.036510 0.372162 255 0 0
-0.057985 -0.034600 0.366459 255 0 0
-0.058865 -0.039600 0.362935 255 0 0
-0.075127 -0.036510 0.368033 255 0 0
-0.073703 -0.034600 0.373736 255 0 0
-0.068149 -0.042690 0.360871 255 0 0
-0.073006 -0.039600 0.363119 255 0 0
-0.057985 -0.044600 0.366459 255 0 0
-0.062411 -0.044600 0.362146 255 0 0
-0.058681 -0.039600 0.377076 255 0 0
-0.056560 -0.042690 0.372162 255 0 0
-0.069276 -0.034600 0.378049 255 0 0
-0.063538 -0.036510 0.379324 255 0 0
-0.073703 -0.044600 0.373736 255 0 0
-0.075127 -0.042690 0.368033 255 0 0
-0.071581 -0.047690 0.368822 255 0 0
-0.067268 -0.047690 0.364395 255 0 0
-0.065844 -0.049600 0.370098 255 0 0
-0.060106 -0.047690 0.371373 255 0 0
-0.064419 -0.047690 0.375800 255 0 0
-0.063538 -0.042690 0.379324 255 0 0
-0.069276 -0.044600 0.378049 255 0 0
-0.072822 -0.039600 0.377260 255 0 0
-0.017781 -0.045265 0.374545 255 0 0
-0.025119 -0.045265 0.382076 255 0 0
-0.017781 -0.062278 0.374545 255 0 0
-0.025119 -0.062278 0.382076 255 0 0
-0.027543 -0.059029 0.372374 255 0 0
-0.027543 -0.048514 0.372374 255 0 0
-0.015357 -0.059029 0.384247 255 0 0
-0.015357 -0.048514 0.384247 255 0 0
-0.023621 -0.053771 0.388072 255 0 0
-0.031152 -0.053771 0.380734 255 0 0
-0.011748 -0.053771 0.375886 255 0 0
-0.019279 -0.053771 0.368549 255 0 0
-0.018018 -0.048771 0.370359 255 0 0
-0.023755 -0.050681 0.369083 255 0 0
-0.022875 -0.045681 0.372608 255 0 0
-0.027188 -0.045681 0.377035 255 0 0
-0.021450 -0.043771 0.378310 255 0 0
-0.020025 -0.045681 0.384013 255 0 0
-0.015712 -0.045681 0.379586 255 0 0
-0.012166 -0.050681 0.380375 255 0 0
-0.013591 -0.048771 0.374672 255 0 0
-0.014472 -0.053771 0.371148 255 0 0
-0.030734 -0.050681 0.376246 255 0 0
-0.029309 -0.048771 0.381949 255 0 0
-0.023755 -0.056861 0.369083 255 0 0
-0.028613 -0.053771 0.371332 255 0 0
-0.013591 -0.058771 0.374672 255 0 0
-0.018018 -0.058771 0.370359 255 0 0
-0.014288 -0.053771 0.385289 255 0 0
-0.012166 -0.056861 0.380375 255 0 0
-0.024883 -0.048771 0.386261 255 0 0
-0.019145 -0.050681 0.387537 255 0 0
-0.029309 -0.058771 0.381949 255 0 0
-0.030734 -0.056861 0.376246 255 0 0
-0.027188 -0.061861 0.377035 255 0 0
-0.022875 -0.061861 0.372608 255 0 0
-0.021450 -0.063771 0.378310 255 0 0
-0.015712 -0.061861 0.379586 255 0 0
-0.020025 -0.061861 0.384013 255 0 0
-0.019145 -0.056861 0.387537 255 0 0
-0.024883 -0.058771 0.386261 255 0 0
-0.028429 -0.053771 0.385473 255 0 0
-0.123575 -0.019568 0.440366 255 0 0
-0.130913 -0.019568 0.447897 255 0 0
-0.123575 -0.036581 0.440366 255 0 0
-0.130913 -0.036581 0.447897 255 0 0
-0.133336 -0.033331 0.438195 255 0 0
-0.133336 -0.022817 0.438195 255 0 0
-0.121151 -0.033331 0.450068 255 0 0
-0.121151 -0.022817 0.450068 255 0 0
-0.129414 -0.028074 0.453893 255 0 0
-0.136946 -0.028074 0.446555 255 0 0
-0.117542 -0.028074 0.441707 255 0 0
-0.125073 -0.028074 0.434370 255 0 0
-0.123811 -0.023074 0.436180 255 0 0
-0.129549 -0.024984 0.434904 255 0 0
-0.128669 -0.019984 0.438429 255 0 0
-0.132981 -0.019984 0.442855 255 0 0
-0.127244 -0.018074 0.444131 255 0 0
-0.125819 -0.019984 0.449834 255 0 0
-0.121506 -0.019984 0.445407 255 0 0
-0.117960 -0.024984 0.446196 255 0 0
-0.119385 -0.023074 0.440493 255 0 0
-0.120265 -0.028074 0.436969 255 0 0
-0.136528 -0.024984 0.442067 255 0 0
-0.135103 -0.023074 0.447769 255 0 0
-0.129549 -0.031164 0.434904 255 0 0
-0.134406 -0.028074 0.437153 255 0 0
-0.119385 -0.033074 0.440493 255 0 0
-0.123811 -0.033074 0.436180 255 0 0
-0.120081 -0.028074 0.451110 255 0 0
-0.117960 -0.031164 0.446196 255 0 0
-0.130676 -0.023074 0.452082 255 0 0
-0.124938 -0.024984 0.453358 255 0 0
-0.135103 -0.033074 0.447769 255 0 0
-0.136528 -0.031164 0.442067 255 0 0
-0.132981 -0.036164 0.442855 255 0 0
-0.128669 -0.036164 0.438429 255 0 0
-0.127244 -0.038074 0.444131 255 0 0
-0.121506 -0.036164 0.445407 255 0 0
-0.125819 -0.036164 0.449834 255 0 0
-0.124938 -0.031164 0.453358 255 0 0
-0.130676 -0.033074 0.452082 255 0 0
-0.134222 -0.028074 0.451294 255 0 0
0.003262 -0.082398 0.463852 255 0 0
-0.004075 -0.082398 0.471383 255 0 0
0.003262 -0.099411 0.463852 255 0 0
-0.004075 -0.099411 0.471383 255 0 0
-0.006499 -0.096162 0.461681 255 0 0
-0.006499 -0.085648 0.461681 255 0 0
0.005686 -0.096162 0.473554 255 0 0
0.005686 -0.085648 0.473554 255 0 0
-0.002577 -0.090905 0.477379 255 0 0
-0.010108 -0.090905 0.470041 255 0 0
0.009295 -0.090905 0.465193 255 0 0
0.001764 -0.090905 0.457856 255 0 0
0.003026 -0.085905 0.459666 255 0 0
-0.002712 -0.087815 0.458390 255 0 0
-0.001831 -0.082815 0.461915 255 0 0
-0.006144 -0.082815 0.466341 255 0 0
-0.000406 -0.080905 0.467617 255 0 0
0.001018 -0.082815 0.473320 255 0 0
0.005331 -0.082815 0.468893 255 0 0
0.008877 -0.087815 0.469682 255 0 0
0.007453 -0.085905 0.463979 255 0 0
0.006572 -0.090905 0.460455 255 0 0
-0.009690 -0.087815 0.465553 255 0 0
-0.008265 -0.085905 0.471255 255 0 0
-0.002712 -0.093995 0.458390 255 0 0
-0.007569 -0.090905 0.460639 255 0 0
0.007453 -0.095905 0.463979 255 0 0
0.003026 -0.095905 0.459666 255 0 0
0.006756 -0.090905 0.474596 255 0 0
0.008877 -0.093995 0.469682 255 0 0
-0.003839 -0.085905 0.475568 255 0 0
0.001899 -0.087815 0.476844 255 0 0
-0.008265 -0.095905 0.471255 255 0 0
-0.009690 -0.093995 0.465553 255 0 0
-0.006144 -0.098995 0.466341 255 0 0
-0.001831 -0.098995 0.461915 255 0 0
-0.000406 -0.100905 0.467617 255 0 0
0.005331 -0.098995 0.468893 255 0 0
0.001018 -0.098995 0.473320 255 0 0
0.001899 -0.093995 0.476844 255 0 0
-0.003839 -0.095905 0.475568 255 0 0
-0.007385 -0.090905 0.474780 255 0 0
-0.006494 0.088225 0.451401 255 0 0
-0.013831 0.088225 0.458932 255 0 0
-0.006494 0.071212 0.451401 255 0 0
-0.013831 0.071212 0.458932 255 0 0
-0.016255 0.074461 0.449230 255 0 0
-0.016255 0.084976 0.449230 255 0 0
-0.004070 0.074461 0.461103 255 0 0
-0.004070 0.084976 0.461103 255 0 0
-0.012333 0.079718 0.464928 255 0 0
-0.019864 0.079718 0.457590 255 0 0
-0.000461 0.079718 0.452742 255 0 0
-0.007992 0.079718 0.445405 255 0 0
-0.006730 0.084718 0.447215 255 0 0
-0.012468 0.082808 0.445939 255 0 0
-0.011587 0.087808 0.449464 255 0 0
-0.015900 0.087808 0.453890 255 0 0
-0.010163 0.089718 0.455166 255 0 0
-0.008738 0.087808 0.460869 255 0 0
-0.004425 0.087808 0.456442 255 0 0
-0.000879 0.082808 0.457231 255 0 0
-0.002304 0.084718 0.451528 255 0 0
-0.003184 0.079718 0.448004 255 0 0
-0.019446 0.082808 0.453102 255 0 0
-0.018022 0.084718 0.458804 255 0 0
-0.012468 0.076628 0.445939 255 0 0
-0.017325 0.079718 0.448188 255 0 0
-0.002304 0.074718 0.451528 255 0 0
-0.006730 0.074718 0.447215 255 0 0
-0.003000 0.079718 0.462145 255 0 0
-0.000879 0.076628 0.457231 255 0 0
-0.013595 0.084718 0.463117 255 0 0
-0.007857 0.082808 0.464393 255 0 0
-0.018022 0.074718 0.458804 255 0 0
-0.019446 0.076628 0.453102 255 0 0
-0.015900 0.071628 0.453890 255 0 0
-0.011587 0.071628 0.449464 255 0 0
-0.010163 0.069718 0.455166 255 0 0
-0.004425 0.071628 0.456442 255 0 0
-0.008738 0.071628 0.460869 255 0 0
-0.007857 0.076628 0.464393 255 0 0
-0.013595 0.074718 0.463117 255 0 0
-0.017141 0.079718 0.462329 255 0 0
0.030544 0.034246 0.419465 255 0 0
0.023206 0.034246 0.426996 255 0 0
0.030544 0.017233 0.419465 255 0 0
0.023206 0.017233 0.426996 255 0 0
0.020782 0.020482 0.417294 255 0 0
0.020782 0.030996 0.417294 255 0 0
0.032968 0.020482 0.429166 255 0 0
0.032968 0.030996 0.429166 255 0 0
0.024704 0.025739 0.432992 255 0 0
0.017173 0.025739 0.425654 255 0 0
0.036577 0.025739 0.420806 255 0 0
0.029046 0.025739 0.413469 255 0 0
0.030307 0.030739 0.415279 255 0 0
0.024569 0.028829 0.414003 255 0 0
0.025450 0.033829 0.417528 255 0 0
0.021137 0.033829 0.421954 255 0 0
0.026875 0.035739 0.423230 255 0 0
0.028300 0.033829 0.428933 255 0 0
0.032613 0.033829 0.424506 255 0 0
0.036159 0.028829 0.425295 255 0 0
0.034734 0.030739 0.419592 255 0 0
0.033853 0.025739 0.416068 255 0 0
0.017591 0.028829 0.421166 255 0 0
0.019016 0.030739 0.426868 255 0 0
0.024569 0.022649 0.414003 255 0 0
0.019712 0.025739 0.416252 255 0 0
0.034734 0.020739 0.419592 255 0 0
0.030307 0.020739 0.415279 255 0 0
0.034037 0.025739 0.430209 255 0 0
0.036159 0.022649 0.425295 255 0 0
0.023442 0.030739 0.431181 255 0 0
0.029180 0.028829 0.432457 255 0 0
0.019016 0.020739 0.426868 255 0 0
0.017591 0.022649 0.421166 255 0 0
0.021137 0.017649 0.421954 255 0 0
0.025450 0.017649 0.417528 255 0 0
0.026875 0.015739 0.423230 255 0 0
0.032613 0.017649 0.424506 255 0 0
0.028300 0.017649 0.428933 255 0 0
0.029180 0.022649 0.432457 255 0 0
0.023442 0.020739 0.431181 255 0 0
0.019896 0.025739 0.430393 255 0 0
-0.010537 0.026007 0.382541 255 0 0
-0.017875 0.026007 0.390072 255 0 0
-0.010537 0.008994 0.382541 255 0 0
-0.017875 0.008994 0.390072 255 0 0
-0.020299 0.012243 0.380370 255 0 0
-0.020299 0.022757 0.380370 255 0 0
-0.008113 0.012243 0.392243 255 0 0
-0.008113 0.022757 0.392243 255 0 0
-0.016377 0.017500 0.396068 255 0 0
-0.023908 0.017500 0.388730 255 0 0
-0.004504 0.017500 0.383883 255 0 0
-0.012035 0.017500 0.376545 255 0 0
-0.010774 0.022500 0.378355 255 0 0
-0.016511 0.020590 0.377080 255 0 0
-0.015631 0.025590 0.380604 255 0 0
-0.019944 0.025590 0.385031 255 0 0
-0.014206 0.027500 0.386306 255 0 0
-0.012781 0.025590 0.392009 255 0 0
-0.008468 0.025590 0.387582 255 0 0
-0.004922 0.020590 0.388371 255 0 0
-0.006347 0.022500 0.382668 255 0 0
-0.007228 0.017500 0.379144 255 0 0
-0.023490 0.020590 0.384242 255 0 0
-0.022065 0.022500 0.389945 255 0 0
-0.016511 0.014410 0.377080 255 0 0
-0.021369 0.017500 0.379328 255 0 0
-0.006347 0.012500 0.382668 255 0 0
-0.010774 0.012500 0.378355 255 0 0
-0.007044 0.017500 0.393285 255 0 0
-0.004922 0.014410 0.388371 255 0 0
-0.017638 0.022500 0.394257 255 0 0
-0.011901 0.020590 0.395533 255 0 0
-0.022065 0.012500 0.389945 255 0 0
-0.023490 0.014410 0.384242 255 0 0
-0.019944 0.009410 0.385031 255 0 0
-0.015631 0.009410 0.380604 255 0 0
-0.014206 0.007500 0.386306 255 0 0
-0.008468 0.009410 0.387582 255 0 0
-0.012781 0.009410 0.392009 255 0 0
-0.011901 0.014410 0.395533 255 0 0
-0.017638 0.012500 0.394257 255 0 0
-0.021185 0.017500 0.393469 255 0 0
0.019453 0.109315 0.464818 255 0 0
0.012115 0.109315 0.472349 255 0 0
0.019453 0.092302 0.464818 255 0 0
0.012115 0.092302 0.472349 255 0 0
0.009691 0.095551 0.462647 255 0 0
0.009691 0.106066 0.462647 255 0 0
0.021877 0.095551 0.474520 255 0 0
0.021877 0.106066 0.474520 255 0 0
0.013613 0.100808 0.478345 255 0 0
0.006082 0.100808 0.471007 255 0 0
0.025486 0.100808 0.466159 255 0 0
0.017955 0.100808 0.458822 255 0 0
0.019216 0.105808 0.460632 255 0 0
0.013479 0.103898 0.459356 255 0 0
0.014359 0.108898 0.462881 255 0 0
0.010046 0.108898 0.467307 255 0 0
0.015784 0.110808 0.468583 255 0 0
0.017209 0.108898 0.474286 255 0 0
0.021522 0.108898 0.469859 255 0 0
0.025068 0.103898 0.470648 255 0 0
0.023643 0.105808 0.464945 255 0 0
0.022762 0.100808 0.461421 255 0 0
0.006500 0.103898 0.466519 255 0 0
0.007925 0.105808 0.472221 255 0 0
0.013479 0.097718 0.459356 255 0 0
0.008621 0.100808 0.461605 255 0 0
0.023643 0.095808 0.464945 255 0 0
0.019216 0.095808 0.460632 255 0 0
0.022946 0.100808 0.475562 255 0 0
0.025068 0.097718 0.470648 255 0 0
0.012351 0.105808 0.476534 255 0 0
0.018089 0.103898 0.477810 255 0 0
0.007925 0.095808 0.472221 255 0 0
0.006500 0.097718 0.466519 255 0 0
0.010046 0.092718 0.467307 255 0 0
0.014359 0.092718 0.462881 255 0 0
0.015784 0.090808 0.468583 255 0 0
0.021522 0.092718 0.469859 255 0 0
0.017209 0.092718 0.474286 255 0 0
0.018089 0.097718 0.477810 255 0 0
0.012351 0.095808 0.476534 255 0 0
0.008805 0.100808 0.475746 255 0 0
0.065954 0.051013 0.520276 255 0 0
0.058616 0.051013 0.527807 255 0 0
0.065954 0.034000 0.520276 255 0 0
0.058616 0.034000 0.527807 255 0 0
0.056192 0.037249 0.518106 255 0 0
0.056192 0.047764 0.518106 255 0 0
0.068378 0.037249 0.529978 255 0 0
0.068378 0.047764 0.529978 255 0 0
0.060115 0.042506 0.533803 255 0 0
0.052583 0.042506 0.526466 255 0 0
0.071987 0.042506 0.521618 255 0 0
0.064456 0.042506 0.514280 255 0 0
0.065718 0.047506 0.516091 255 0 0
0.059980 0.045596 0.514815 255 0 0
0.060860 0.050596 0.518339 255 0 0
0.056548 0.050596 0.522766 255 0 0
0.062285 0.052506 0.524042 255 0 0
0.063710 0.050596 0.529744 255 0 0
0.068023 0.050596 0.525318 255 0 0
0.071569 0.045596 0.526106 255 0 0
0.070144 0.047506 0.520404 255 0 0
0.069264 0.042506 0.516879 255 0 0
0.053001 0.045596 0.521977 255 0 0
0.054426 0.047506 0.527680 255 0 0
0.059980 0.039416 0.514815 255 0 0
0.055123 0.042506 0.517063 255 0 0
0.070144 0.037506 0.520404 255 0 0
0.065718 0.037506 0.516091 255 0 0
0.069448 0.042506 0.531020 255 0 0
0.071569 0.039416 0.526106 255 0 0
0.058853 0.047506 0.531993 255 0 0
0.064591 0.045596 0.533269 255 0 0
0.054426 0.037506 0.527680 255 0 0
0.053001 0.039416 0.521977 255 0 0
0.056548 0.034416 0.522766 255 0 0
0.060860 0.034416 0.518339 255 0 0
0.062285 0.032506 0.524042 255 0 0
0.068023 0.034416 0.525318 255 0 0
0.063710 0.034416 0.529744 255 0 0
0.064591 0.039416 0.533269 255 0 0
0.058853 0.037506 0.531993 255 0 0
0.055307 0.042506 0.531204 255 0 0
0.010225 0.103473 0.429747 255 0 0
0.002888 0.103473 0.437278 255 0 0
0.010225 0.086460 0.429747 255 0 0
0.002888 0.086460 0.437278 255 0 0
0.000464 0.089710 0.427576 255 0 0
0.000464 0.100224 0.427576 255 0 0
0.012649 0.089710 0.439449 255 0 0
0.012649 0.100224 0.439449 255 0 0
0.004386 0.094967 0.443274 255 0 0
-0.003145 0.094967 0.435936 255 0 0
0.016258 0.094967 0.431088 255 0 0
0.008727 0.094967 0.423751 255 0 0
0.009989 0.099967 0.425561 255 0 0
0.004251 0.098057 0.424285 255 0 0
0.005132 0.103057 0.427810 255 0 0
0.000819 0.103057 0.432236 255 0 0
0.006556 0.104967 0.433512 255 0 0
0.007981 0.103057 0.439215 255 0 0
0.012294 0.103057 0.434788 255 0 0
0.015840 0.098057 0.435577 255 0 0
0.014415 0.099967 0.429874 255 0 0
0.013535 0.094967 0.426350 255 0 0
-0.002727 0.098057 0.431448 255 0 0
-0.001303 0.099967 0.437150 255 0 0
0.004251 0.091877 0.424285 255 0 0
-0.000606 0.094967 0.426534 255 0 0
0.014415 0.089967 0.429874 255 0 0
0.009989 0.089967 0.425561 255 0 0
0.013719 0.094967 0.440491 255 0 0
0.015840 0.091877 0.435577 255 0 0
0.003124 0.099967 0.441463 255 0 0
0.008862 0.098057 0.442739 255 0 0
-0.001303 0.089967 0.437150 255 0 0
-0.002727 0.091877 0.431448 255 0 0
0.000819 0.086877 0.432236 255 0 0
0.005132 0.086877 0.427810 255 0 0
0.006556 0.084967 0.433512 255 0 0
0.012294 0.086877 0.434788 255 0 0
0.007981 0.086877 0.439215 255 0 0
0.008862 0.091877 0.442739 255 0 0
0.003124 0.089967 0.441463 255 0 0
-0.000422 0.094967 0.440675 255 0 0
-0.001240 0.002929 0.473677 255 0 0
-0.008578 0.002929 0.481208 255 0 0
-0.001240 -0.014084 0.473677 255 0 0
-0.008578 -0.014084 0.481208 255 0 0
-0.011002 -0.010835 0.471506 255 0 0
-0.011002 -0.000320 0.471506 255 0 0
0.001184 -0.010835 0.483379 255 0 0
0.001184 -0.000320 0.483379 255 0 0
-0.007080 -0.005577 0.487204 255 0 0
-0.014611 -0.005577 0.479866 255 0 0
0.004793 -0.005577 0.475019 255 0 0
-0.002738 -0.005577 0.467681 255 0 0
-0.001477 -0.000577 0.469491 255 0 0
-0.007214 -0.002487 0.468215 255 0 0
-0.006334 0.002513 0.471740 255 0 0
-0.010647 0.002513 0.476167 255 0 0
-0.004909 0.004423 0.477442 255 0 0
-0.003484 0.002513 0.483145 255 0 0
0.000829 0.002513 0.478718 255 0 0
0.004375 -0.002487 0.479507 255 0 0
0.002950 -0.000577 0.473804 255 0 0
0.002070 -0.005577 0.470280 255 0 0
-0.014193 -0.002487 0.475378 255 0 0
-0.012768 -0.000577 0.481081 255 0 0
-0.007214 -0.008668 0.468215 255 0 0
-0.012071 -0.005577 0.470464 255 0 0
0.002950 -0.010577 0.473804 255 0 0
-0.001477 -0.010577 0.469491 255 0 0
0.002254 -0.005577 0.484421 255 0 0
0.004375 -0.008668 0.479507 255 0 0
-0.008341 -0.000577 0.485393 255 0 0
-0.002604 -0.002487 0.486669 255 0 0
-0.012768 -0.010577 0.481081 255 0 0
-0.014193 -0.008668 0.475378 255 0 0
-0.010647 -0.013668 0.476167 255 0 0
-0.006334 -0.013668 0.471740 255 0 0
-0.004909 -0.015577 0.477442 255 0 0
0.000829 -0.013668 0.478718 255 0 0
-0.003484 -0.013668 0.483145 255 0 0
-0.002604 -0.008668 0.486669 255 0 0
-0.008341 -0.010577 0.485393 255 0 0
-0.011887 -0.005577 0.484605 255 0 0
-0.069238 0.089954 0.440317 255 0 0
-0.076575 0.089954 0.447848 255 0 0
-0.069238 0.072941 0.440317 255 0 0
-0.076575 0.072941 0.447848 255 0 0
-0.078999 0.076190 0.438146 255 0 0
-0.078999 0.086705 0.438146 255 0 0
-0.066814 0.076190 0.450019 255 0 0
-0.066814 0.086705 0.450019 255 0 0
-0.075077 0.081448 0.453844 255 0 0
-0.082608 0.081448 0.446506 255 0 0
-0.063205 0.081448 0.441658 255 0 0
-0.070736 0.081448 0.434321 255 0 0
-0.069474 0.086448 0.436131 255 0 0
-0.075212 0.084538 0.434855 255 0 0
-0.074331 0.089538 0.438380 255 0 0
-0.078644 0.089538 0.442806 255 0 0
-0.072906 0.091448 0.444082 255 0 0
-0.071482 0.089538 0.449785 255 0 0
-0.067169 0.089538 0.445358 255 0 0
-0.063623 0.084538 0.446147 255 0 0
-0.065047 0.086448 0.440444 255 0 0
-0.065928 0.081448 0.436920 255 0 0
-0.082190 0.084538 0.442018 255 0 0
-0.080766 0.086448 0.447720 255 0 0
-0.075212 0.078358 0.434855 255 0 0
-0.080069 0.081448 0.437104 255 0 0
-0.065047 0.076448 0.440444 255 0 0
-0.069474 0.076448 0.436131 255 0 0
-0.065744 0.081448 0.451061 255 0 0
-0.063623 0.078358 0.446147 255 0 0
-0.076339 0.086448 0.452033 255 0 0
-0.070601 0.084538 0.453309 255 0 0
-0.080766 0.076448 0.447720 255 0 0
-0.082190 0.078358 0.442018 255 0 0
-0.078644 0.073358 0.442806 255 0 0
-0.074331 0.073358 0.438380 255 0 0
-0.072906 0.071448 0.444082 255 0 0
-0.067169 0.073358 0.445358 255 0 0
-0.071482 0.073358 0.449785 255 0 0
-0.070601 0.078358 0.453309 255 0 0
-0.076339 0.076448 0.452033 255 0 0
-0.079885 0.081448 0.451245 255 0 0
0.021347 0.047047 0.431360 255 0 0
0.014009 0.047047 0.438891 255 0 0
0.021347 0.030034 0.431360 255 0 0
0.014009 0.030034 0.438891 255 0 0
0.011585 0.033284 0.429190 255 0 0
0.011585 0.043798 0.429190 255 0 0
0.023771 0.033284 0.441062 255 0 0
0.023771 0.043798 0.441062 255 0 0
0.015507 0.038541 0.444887 255 0 0
0.007976 0.038541 0.437550 255 0 0
0.027380 0.038541 0.432702 255 0 0
0.019849 0.038541 0.425364 255 0 0
0.021110 0.043541 0.427175 255 0 0
0.015373 0.041631 0.425899 255 0 0
0.016253 0.046631 0.429423 255 0 0
0.011940 0.046631 0.433850 255 0 0
0.017678 0.048541 0.435126 255 0 0
0.019103 0.046631 0.440828 255 0 0
0.023416 0.046631 0.436402 255 0 0
0.026962 0.041631 0.437190 255 0 0
0.025537 0.043541 0.431488 255 0 0
0.024656 0.038541 0.427963 255 0 0
0.008394 0.041631 0.433061 255 0 0
0.009819 0.043541 0.438764 255 0 0
0.015373 0.035451 0.425899 255 0 0
0.010515 0.038541 0.428147 255 0 0
0.025537 0.033541 0.431488 255 0 0
0.021110 0.033541 0.427175 255 0 0
0.024840 0.038541 0.442104 255 0 0
0.026962 0.035451 0.437190 255 0 0
0.014246 0.043541 0.443077 255 0 0
0.019983 0.041631 0.444353 255 0 0
0.009819 0.033541 0.438764 255 0 0
0.008394 0.035451 0.433061 255 0 0
0.011940 0.030451 0.433850 255 0 0
0.016253 0.030451 0.429423 255 0 0
0.017678 0.028541 0.435126 255 0 0
0.023416 0.030451 0.436402 255 0 0
0.019103 0.030451 0.440828 255 0 0
0.019983 0.035451 0.444353 255 0 0
0.014246 0.033541 0.443077 255 0 0
0.010699 0.038541 0.442288 255 0 0
0.062771 0.091988 0.401914 255 0 0
0.055433 0.091988 0.409445 255 0 0
0.062771 0.074975 0.401914 255 0 0
0.055433 0.074975 0.409445 255 0 0
0.053009 0.078225 0.399743 255 0 0
0.053009 0.088739 0.399743 255 0 0
0.065195 0.078225 0.411616 255 0 0
0.065195 0.088739 0.411616 255 0 0
0.056931 0.083482 0.415441 255 0 0
0.049400 0.083482 0.408103 255 0 0
0.068804 0.083482 0.403256 255 0 0
0.061273 0.083482 0.395918 255 0 0
0.062534 0.088482 0.397728 255 0 0
0.056797 0.086572 0.396453 255 0 0
0.057677 0.091572 0.399977 255 0 0
0.053364 0.091572 0.404404 255 0 0
0.059102 0.093482 0.405679 255 0 0
0.060527 0.091572 0.411382 255 0 0
0.064840 0.091572 0.406955 255 0 0
0.068386 0.086572 0.407744 255 0 0
0.066961 0.088482 0.402041 255 0 0
0.066080 0.083482 0.398517 255 0 0
0.049818 0.086572 0.403615 255 0 0
0.051243 0.088482 0.409318 255 0 0
0.056797 0.080392 0.396453 255 0 0
0.051939 0.083482 0.398701 255 0 0
0.066961 0.078482 0.402041 255 0 0
0.062534 0.078482 0.397728 255 0 0
0.066264 0.083482 0.412658 255 0 0
0.068386 0.080392 0.407744 255 0 0
0.055669 0.088482 0.413631 255 0 0
0.061407 0.086572 0.414906 255 0 0
0.051243 0.078482 0.409318 255 0 0
0.049818 0.080392 0.403615 255 0 0
0.053364 0.075392 0.404404 255 0 0
0.057677 0.075392 0.399977 255 0 0
0.059102 0.073482 0.405679 255 0 0
0.064840 0.075392 0.406955 255 0 0
0.060527 0.075392 0.411382 255 0 0
0.061407 0.080392 0.414906 255 0 0
0.055669 0.078482 0.413631 255 0 0
0.052123 0.083482 0.412842 255 0 0
0.005525 0.060031 0.422349 255 0 0
-0.001812 0.060031 0.429880 255 0 0
0.005525 0.043018 0.422349 255 0 0
-0.001812 0.043018 0.429880 255 0 0
-0.004236 0.046268 0.420179 255 0 0
-0.004236 0.056782 0.420179 255 0 0
0.007949 0.046268 0.432051 255 0 0
0.007949 0.056782 0.432051 255 0 0
-0.000314 0.051525 0.435877 255 0 0
-0.007845 0.051525 0.428539 255 0 0
0.011558 0.051525 0.423691 255 0 0
0.004027 0.051525 0.416353 255 0 0
0.005289 0.056525 0.418164 255 0 0
-0.000449 0.054615 0.416888 255 0 0
0.000432 0.059615 0.420412 255 0 0
-0.003881 0.059615 0.424839 255 0 0
0.001856 0.061525 0.426115 255 0 0
0.003281 0.059615 0.431818 255 0 0
0.007594 0.059615 0.427391 255 0 0
0.011140 0.054615 0.428179 255 0 0
0.009715 0.056525 0.422477 255 0 0
0.008835 0.051525 0.418953 255 0 0
-0.007427 0.054615 0.424050 255 0 0
-0.006003 0.056525 0.429753 255 0 0
-0.000449 0.048435 0.416888 255 0 0
-0.005306 0.051525 0.419136 255 0 0
0.009715 0.046525 0.422477 255 0 0
0.005289 0.046525 0.418164 255 0 0
0.009019 0.051525 0.433093 255 0 0
0.011140 0.048435 0.428179 255 0 0
-0.001576 0.056525 0.434066 255 0 0
0.004162 0.054615 0.435342 255 0 0
-0.006003 0.046525 0.429753 255 0 0
-0.007427 0.048435 0.424050 255 0 0
-0.003881 0.043435 0.424839 255 0 0
0.000432 0.043435 0.420412 255 0 0
0.001856 0.041525 0.426115 255 0 0
0.007594 0.043435 0.427391 255 0 0
0.003281 0.043435 0.431818 255 0 0
0.004162 0.048435 0.435342 255 0 0
-0.001576 0.046525 0.434066 255 0 0
-0.005122 0.051525 0.433277 255 0 0
0.011550 -0.074315 0.409927 255 0 0
0.004213 -0.074315 0.417458 255 0 0
0.011550 -0.091328 0.409927 255 0 0
0.004213 -0.091328 0.417458 255 0 0
0.001789 -0.088079 0.407756 255 0 0
0.001789 -0.077565 0.407756 255 0 0
0.013974 -0.088079 0.419629 255 0 0
0.013974 -0.077565 0.419629 255 0 0
0.005711 -0.082822 0.423454 255 0 0
-0.001820 -0.082822 0.416117 255 0 0
0.017583 -0.082822 0.411269 255 0 0
0.010052 -0.082822 0.403931 255 0 0
0.011314 -0.077822 0.405742 255 0 0
0.005576 -0.079732 0.404466 255 0 0
0.006457 -0.074732 0.407990 255 0 0
0.002144 -0.074732 0.412417 255 0 0
0.007881 -0.072822 0.413693 255 0 0
0.009306 -0.074732 0.419395 255 0 0
0.013619 -0.074732 0.414968 255 0 0
0.017165 -0.079732 0.415757 255 0 0
0.015740 -0.077822 0.410054 255 0 0
0.014860 -0.082822 0.406530 255 0 0
-0.001402 -0.079732 0.411628 255 0 0
0.000022 -0.077822 0.417331 255 0 0
0.005576 -0.085912 0.404466 255 0 0
0.000719 -0.082822 0.406714 255 0 0
0.015740 -0.087822 0.410054 255 0 0
0.011314 -0.087822 0.405742 255 0 0
0.015044 -0.082822 0.420671 255 0 0
0.017165 -0.085912 0.415757 255 0 0
0.004449 -0.077822 0.421644 255 0 0
0.010187 -0.079732 0.422920 255 0 0
0.000022 -0.087822 0.417331 255 0 0
-0.001402 -0.085912 0.411628 255 0 0
0.002144 -0.090912 0.412417 255 0 0
0.006457 -0.090912 0.407990 255 0 0
0.007881 -0.092822 0.413693 255 0 0
0.013619 -0.090912 0.414968 255 0 0
0.009306 -0.090912 0.419395 255 0 0
0.010187 -0.085912 0.422920 255 0 0
0.004449 -0.087822 0.421644 255 0 0
0.000903 -0.082822 0.420855 255 0 0
0.042704 0.001923 0.409861 255 0 0
0.035367 0.001923 0.417392 255 0 0
0.042704 -0.015090 0.409861 255 0 0
0.035367 -0.015090 0.417392 255 0 0
0.032943 -0.011841 0.407690 255 0 0
0.032943 -0.001327 0.407690 255 0 0
0.045128 -0.011841 0.419563 255 0 0
0.045128 -0.001327 0.419563 255 0 0
0.036865 -0.006584 0.423388 255 0 0
0.029334 -0.006584 0.416050 255 0 0
0.048737 -0.006584 0.411203 255 0 0
0.041206 -0.006584 0.403865 255 0 0
0.042468 -0.001584 0.405675 255 0 0
0.036730 -0.003494 0.404400 255 0 0
0.037611 0.001506 0.407924 255 0 0
0.033298 0.001506 0.412351 255 0 0
0.039036 0.003416 0.413626 255 0 0
0.040460 0.001506 0.419329 255 0 0
0.044773 0.001506 0.414902 255 0 0
0.048319 -0.003494 0.415691 255 0 0
0.046895 -0.001584 0.409988 255 0 0
0.046014 -0.006584 0.406464 255 0 0
0.029752 -0.003494 0.411562 255 0 0
0.031177 -0.001584 0.417265 255 0 0
0.036730 -0.009674 0.404400 255 0 0
0.031873 -0.006584 0.406648 255 0 0
0.046895 -0.011584 0.409988 255 0 0
0.042468 -0.011584 0.405675 255 0 0
0.046198 -0.006584 0.420605 255 0 0
0.048319 -0.009674 0.415691 255 0 0
0.035603 -0.001584 0.421577 255 0 0
0.041341 -0.003494 0.422853 255 0 0
0.031177 -0.011584 0.417265 255 0 0
0.029752 -0.009674 0.411562 255 0 0
0.033298 -0.014674 0.412351 255 0 0
0.037611 -0.014674 0.407924 255 0 0
0.039036 -0.016584 0.413626 255 0 0
0.044773 -0.014674 0.414902 255 0 0
0.040460 -0.014674 0.419329 255 0 0
0.041341 -0.009674 0.422853 255 0 0
0.035603 -0.011584 0.421577 255 0 0
0.032057 -0.006584 0.420789 255 0 0
0.018735 0.007440 0.465630 255 0 0
0.011397 0.007440 0.473161 255 0 0
0.018735 -0.009573 0.465630 255 0 0
0.011397 -0.009573 0.473161 255 0 0
0.008973 -0.006324 0.463459 255 0 0
0.008973 0.004191 0.463459 255 0 0
0.021159 -0.006324 0.475331 255 0 0
0.021159 0.004191 0.475331 255 0 0
0.012895 -0.001066 0.479157 255 0 0
0.005364 -0.001066 0.471819 255 0 0
0.024768 -0.001066 0.466971 255 0 0
0.017237 -0.001066 0.459634 255 0 0
0.018498 0.003934 0.461444 255 0 0
0.012761 0.002024 0.460168 255 0 0
0.013641 0.007024 0.463693 255 0 0
0.009328 0.007024 0.468119 255 0 0
0.015066 0.008934 0.469395 255 0 0
0.016491 0.007024 0.475098 255 0 0
0.020804 0.007024 0.470671 255 0 0
0.024350 0.002024 0.471460 255 0 0
0.022925 0.003934 0.465757 255 0 0
0.022045 -0.001066 0.462233 255 0 0
0.005782 0.002024 0.467331 255 0 0
0.007207 0.003934 0.473033 255 0 0
0.012761 -0.004156 0.460168 255 0 0
0.007904 -0.001066 0.462417 255 0 0
0.022925 -0.006066 0.465757 255 0 0
0.018498 -0.006066 0.461444 255 0 0
0.022228 -0.001066 0.476374 255 0 0
0.024350 -0.004156 0.471460 255 0 0
0.011634 0.003934 0.477346 255 0 0
0.017371 0.002024 0.478622 255 0 0
0.007207 -0.006066 0.473033 255 0 0
0.005782 -0.004156 0.467331 255 0 0
0.009328 -0.009156 0.468119 255 0 0
0.013641 -0.009156 0.463693 255 0 0
0.015066 -0.011066 0.469395 255 0 0
0.020804 -0.009156 0.470671 255 0 0
0.016491 -0.009156 0.475098 255 0 0
0.017371 -0.004156 0.478622 255 0 0
0.011634 -0.006066 0.477346 255 0 0
0.008088 -0.001066 0.476558 255 0 0
0.059754 -0.072977 0.488149 255 0 0
0.052417 -0.072977 0.495680 255 0 0
0.059754 -0.089990 0.488149 255 0 0
0.052417 -0.089990 0.495680 255 0 0
0.049993 -0.086741 0.485978 255 0 0
0.049993 -0.076227 0.485978 255 0 0
0.062178 -0.086741 0.497851 255 0 0
0.062178 -0.076227 0.497851 255 0 0
0.053915 -0.081484 0.501676 255 0 0
0.046384 -0.081484 0.494338 255 0 0
0.065787 -0.081484 0.489491 255 0 0
0.058256 -0.081484 0.482153 255 0 0
0.059518 -0.076484 0.483963 255 0 0
0.053780 -0.078394 0.482688 255 0 0
0.054661 -0.073394 0.486212 255 0 0
0.050348 -0.073394 0.490639 255 0 0
0.056086 -0.071484 0.491914 255 0 0
0.057510 -0.073394 0.497617 255 0 0
0.061823 -0.073394 0.493190 255 0 0
0.065369 -0.078394 0.493979 255 0 0
0.063945 -0.076484 0.488276 255 0 0
0.063064 -0.081484 0.484752 255 0 0
0.046802 -0.078394 0.489850 255 0 0
0.048227 -0.076484 0.495553 255 0 0
0.053780 -0.084574 0.482688 255 0 0
0.048923 -0.081484 0.484936 255 0 0
0.063945 -0.086484 0.488276 255 0 0
0.059518 -0.086484 0.483963 255 0 0
0.063248 -0.081484 0.498893 255 0 0
0.065369 -0.084574 0.493979 255 0 0
0.052653 -0.076484 0.499866 255 0 0
0.058391 -0.078394 0.501141 255 0 0
0.048227 -0.086484 0.495553 255 0 0
0.046802 -0.084574 0.489850 255 0 0
0.050348 -0.089574 0.490639 255 0 0
0.054661 -0.089574 0.486212 255 0 0
0.056086 -0.091484 0.491914 255 0 0
0.061823 -0.089574 0.493190 255 0 0
0.057510 -0.089574 0.497617 255 0 0
0.058391 -0.084574 0.501141 255 0 0
0.052653 -0.086484 0.499866 255 0 0
0.049107 -0.081484 0.499077 255 0 0
-0.017195 -0.025275 0.459189 255 0 0
-0.024533 -0.025275 0.466720 255 0 0
-0.017195 -0.042288 0.459189 255 0 0
-0.024533 -0.042288 0.466720 255 0 0
-0.026957 -0.039039 0.457018 255 0 0
-0.026957 -0.028524 0.457018 255 0 0
-0.014771 -0.039039 0.468891 255 0 0
-0.014771 -0.028524 0.468891 255 0 0
-0.023035 -0.033782 0.472716 255 0 0
-0.030566 -0.033782 0.465378 255 0 0
-0.011162 -0.033782 0.460531 255 0 0
-0.018693 -0.033782 0.453193 255 0 0
-0.017432 -0.028782 0.455004 255 0 0
-0.023169 -0.030691 0.453728 255 0 0
-0.022289 -0.025691 0.457252 255 0 0
-0.026602 -0.025691 0.461679 255 0 0
-0.020864 -0.023782 0.462955 255 0 0
-0.019439 -0.025691 0.468657 255 0 0
-0.015126 -0.025691 0.464230 255 0 0
-0.011580 -0.030691 0.465019 255 0 0
-0.013005 -0.028782 0.459316 255 0 0
-0.013886 -0.033782 0.455792 255 0 0
-0.030148 -0.030691 0.460890 255 0 0
-0.028723 -0.028782 0.466593 255 0 0
-0.023169 -0.036872 0.453728 255 0 0
-0.028026 -0.033782 0.455976 255 0 0
-0.013005 -0.038782 0.459316 255 0 0
-0.017432 -0.038782 0.455004 255 0 0
-0.013702 -0.033782 0.469933 255 0 0
-0.011580 -0.036872 0.465019 255 0 0
-0.024296 -0.028782 0.470906 255 0 0
-0.018559 -0.030691 0.472181 255 0 0
-0.028723 -0.038782 0.466593 255 0 0
-0.030148 -0.036872 0.460890 255 0 0
-0.026602 -0.041872 0.461679 255 0 0
-0.022289 -0.041872 0.457252 255 0 0
-0.020864 -0.043782 0.462955 255 0 0
-0.015126 -0.041872 0.464230 255 0 0
-0.019439 -0.041872 0.468657 255 0 0
-0.018559 -0.036872 0.472181 255 0 0
-0.024296 -0.038782 0.470906 255 0 0
-0.027842 -0.033782 0.470117 255 0 0
-0.057889 -0.074048 0.422018 255 0 0
-0.065226 -0.074048 0.429549 255 0 0
-0.057889 -0.091061 0.422018 255 0 0
-0.065226 -0.091061 0.429549 255 0 0
-0.067650 -0.087812 0.419847 255 0 0
-0.067650 -0.077297 0.419847 255 0 0
-0.055465 -0.087812 0.431719 255 0 0
-0.055465 -0.077297 0.431719 255 0 0
-0.063728 -0.082555 0.435545 255 0 0
-0.071259 -0.082555 0.428207 255 0 0
-0.051856 -0.082555 0.423359 255 0 0
-0.059387 -0.082555 0.416022 255 0 0
-0.058125 -0.077555 0.417832 255 0 0
-0.063863 -0.079464 0.416556 255 0 0
-0.062982 -0.074464 0.420081 255 0 0
-0.067295 -0.074464 0.424507 255 0 0
-0.061557 -0.072555 0.425783 255 0 0
-0.060133 -0.074464 0.431486 255 0 0
-0.055820 -0.074464 0.427059 255 0 0
-0.052274 -0.079464 0.427848 255 0 0
-0.053698 -0.077555 0.422145 255 0 0
-0.054579 -0.082555 0.418621 255 0 0
-0.070841 -0.079464 0.423719 255 0 0
-0.069416 -0.077555 0.429421 255 0 0
-0.063863 -0.085645 0.416556 255 0 0
-0.068720 -0.082555 0.418805 255 0 0
-0.053698 -0.087555 0.422145 255 0 0
-0.058125 -0.087555 0.417832 255 0 0
-0.054395 -0.082555 0.432762 255 0 0
-0.052274 -0.085645 0.427848 255 0 0
-0.064990 -0.077555 0.433734 255 0 0
-0.059252 -0.079464 0.435010 255 0 0
-0.069416 -0.087555 0.429421 255 0 0
-0.070841 -0.085645 0.423719 255 0 0
-0.067295 -0.090645 0.424507 255 0 0
-0.062982 -0.090645 0.420081 255 0 0
-0.061557 -0.092555 0.425783 255 0 0
-0.055820 -0.090645 0.427059 255 0 0
-0.060133 -0.090645 0.431486 255 0 0
-0.059252 -0.085645 0.435010 255 0 0
-0.064990 -0.087555 0.433734 255 0 0
-0.068536 -0.082555 0.432946 255 0 0
-0.064060 0.091397 0.398672 255 0 0
-0.071398 0.091397 0.406203 255 0 0
-0.064060 0.074384 0.398672 255 0 0
-0.071398 0.074384 0.406203 255 0 0
-0.073822 0.077634 0.396502 255 0 0
-0.073822 0.088148 0.396502 255 0 0
-0.061637 0.077634 0.408374 255 0 0
-0.061637 0.088148 0.408374 255 0 0
-0.069900 0.082891 0.412199 255 0 0
-0.077431 0.082891 0.404862 255 0 0
-0.058027 0.082891 0.400014 255 0 0
-0.065559 0.082891 0.392676 255 0 0
-0.064297 0.087891 0.394487 255 0 0
-0.070035 0.085981 0.393211 255 0 0
-0.069154 0.090981 0.396735 255 0 0
-0.073467 0.090981 0.401162 255 0 0
-0.067729 0.092891 0.402438 255 0 0
-0.066304 0.090981 0.408140 255 0 0
-0.061992 0.090981 0.403714 255 0 0
-0.058445 0.085981 0.404502 255 0 0
-0.059870 0.087891 0.398800 255 0 0
-0.060751 0.082891 0.395275 255 0 0
-0.077013 0.085981 0.400373 255 0 0
-0.075588 0.087891 0.406076 255 0 0
-0.070035 0.079801 0.393211 255 0 0
-0.074892 0.082891 0.395459 255 0 0
-0.059870 0.077891 0.398800 255 0 0
-0.064297 0.077891 0.394487 255 0 0
-0.060567 0.082891 0.409416 255 0 0
-0.058445 0.079801 0.404502 255 0 0
-0.071162 0.087891 0.410389 255 0 0
-0.065424 0.085981 0.411665 255 0 0
-0.075588 0.077891 0.406076 255 0 0
-0.077013 0.079801 0.400373 255 0 0
-0.073467 0.074801 0.401162 255 0 0
-0.069154 0.074801 0.396735 255 0 0
-0.067729 0.072891 0.402438 255 0 0
-0.061992 0.074801 0.403714 255 0 0
-0.066304 0.074801 0.408140 255 0 0
-0.065424 0.079801 0.411665 255 0 0
-0.071162 0.077891 0.410389 255 0 0
-0.074708 0.082891 0.409600 255 0 0
-0.065281 0.021866 0.468147 255 0 0
-0.072619 0.021866 0.475678 255 0 0
-0.065281 0.004853 0.468147 255 0 0
-0.072619 0.004853 0.475678 255 0 0
-0.075043 0.008102 0.465976 255 0 0
-0.075043 0.018617 0.465976 255 0 0
-0.062857 0.008102 0.477849 255 0 0
-0.062857 0.018617 0.477849 255 0 0
-0.071121 0.013360 0.481674 255 0 0
-0.078652 0.013360 0.474336 255 0 0
-0.059248 0.013360 0.469489 255 0 0
-0.066779 0.013360 0.462151 255 0 0
-0.065518 0.018360 0.463961 255 0 0
-0.071255 0.016450 0.462686 255 0 0
-0.070375 0.021450 0.466210 255 0 0
-0.074688 0.021450 0.470637 255 0 0
-0.068950 0.023360 0.471912 255 0 0
-0.067525 0.021450 0.477615 255 0 0
-0.063212 0.021450 0.473188 255 0 0
-0.059666 0.016450 0.473977 255 0 0
-0.061091 0.018360 0.468274 255 0 0
-0.061972 0.013360 0.464750 255 0 0
-0.078234 0.016450 0.469848 255 0 0
-0.076809 0.018360 0.475551 255 0 0
-0.071255 0.010269 0.462686 255 0 0
-0.076113 0.013360 0.464934 255 0 0
-0.061091 0.008360 0.468274 255 0 0
-0.065518 0.008360 0.463961 255 0 0
-0.061788 0.013360 0.478891 255 0 0
-0.059666 0.010269 0.473977 255 0 0
-0.072382 0.018360 0.479863 255 0 0
-0.066645 0.016450 0.481139 255 0 0
-0.076809 0.008360 0.475551 255 0 0
-0.078234 0.010269 0.469848 255 0 0
-0.074688 0.005269 0.470637 255 0 0
-0.070375 0.005269 0.466210 255 0 0
-0.068950 0.003360 0.471912 255 0 0
-0.063212 0.005269 0.473188 255 0 0
-0.067525 0.005269 0.477615 255 0 0
-0.066645 0.010269 0.481139 255 0 0
-0.072382 0.008360 0.479863 255 0 0
-0.075929 0.013360 0.479075 255 0 0
-0.094257 -0.043426 0.366398 255 0 0
-0.101595 -0.043426 0.373929 255 0 0
-0.094257 -0.060439 0.366398 255 0 0
-0.101595 -0.060439 0.373929 255 0 0
-0.104019 -0.057190 0.364228 255 0 0
-0.104019 -0.046675 0.364228 255 0 0
-0.091833 -0.057190 0.376100 255 0 0
-0.091833 -0.046675 0.376100 255 0 0
-0.100097 -0.051933 0.379925 255 0 0
-0.107628 -0.051933 0.372588 255 0 0
-0.088224 -0.051933 0.367740 255 0 0
-0.095755 -0.051933 0.360402 255 0 0
-0.094493 -0.046933 0.362213 255 0 0
-0.100231 -0.048842 0.360937 255 0 0
-0.099351 -0.043842 0.364461 255 0 0
-0.103664 -0.043842 0.368888 255 0 0
-0.097926 -0.041933 0.370164 255 0 0
-0.096501 -0.043842 0.375866 255 0 0
-0.092188 -0.043842 0.371440 255 0 0
-0.088642 -0.048842 0.372228 255 0 0
-0.090067 -0.046933 0.366526 255 0 0
-0.090947 -0.051933 0.363001 255 0 0
-0.107210 -0.048842 0.368099 255 0 0
-0.105785 -0.046933 0.373802 255 0 0
-0.100231 -0.055023 0.360937 255 0 0
-0.105088 -0.051933 0.363185 255 0 0
-0.090067 -0.056933 0.366526 255 0 0
-0.094493 -0.056933 0.362213 255 0 0
-0.090763 -0.051933 0.377142 255 0 0
-0.088642 -0.055023 0.372228 255 0 0
-0.101358 -0.046933 0.378115 255 0 0
-0.095621 -0.048842 0.379391 255 0 0
-0.105785 -0.056933 0.373802 255 0 0
-0.107210 -0.055023 0.368099 255 0 0
-0.103664 -0.060023 0.368888 255 0 0
-0.099351 -0.060023 0.364461 255 0 0
-0.097926 -0.061933 0.370164 255 0 0
-0.092188 -0.060023 0.371440 255 0 0
-0.096501 -0.060023 0.375866 255 0 0
-0.095621 -0.055023 0.379391 255 0 0
-0.101358 -0.056933 0.378115 255 0 0
-0.104904 -0.051933 0.377326 255 0 0
-0.047424 -0.019044 0.347549 255 0 0
-0.054762 -0.019044 0.355080 255 0 0
-0.047424 -0.036057 0.347549 255 0 0
-0.054762 -0.036057 0.355080 255 0 0
-0.057186 -0.032808 0.345378 255 0 0
-0.057186 -0.022293 0.345378 255 0 0
-0.045000 -0.032808 0.357251 255 0 0
-0.045000 -0.022293 0.357251 255 0 0
-0.053264 -0.027551 0.361076 255 0 0
-0.060795 -0.027551 0.353738 255 0 0
-0.041391 -0.027551 0.348890 255 0 0
-0.048922 -0.027551 0.341553 255 0 0
-0.047661 -0.022551 0.343363 255 0 0
-0.053398 -0.024460 0.342087 255 0 0
-0.052518 -0.019460 0.345612 255 0 0
-0.056831 -0.019460 0.350038 255 0 0
-0.051093 -0.017551 0.351314 255 0 0
-0.049668 -0.019460 0.357017 255 0 0
-0.045355 -0.019460 0.352590 255 0 0
-0.041809 -0.024460 0.353379 255 0 0
-0.043234 -0.022551 0.347676 255 0 0
-0.044114 -0.027551 0.344152 255 0 0
-0.060377 -0.024460 0.349250 255 0 0
-0.058952 -0.022551 0.354952 255 0 0
-0.053398 -0.030641 0.342087 255 0 0
-0.058255 -0.027551 0.344336 255 0 0
-0.043234 -0.032551 0.347676 255 0 0
-0.047661 -0.032551 0.343363 255 0 0
-0.043930 -0.027551 0.358293 255 0 0
-0.041809 -0.030641 0.353379 255 0 0
-0.054525 -0.022551 0.359265 255 0 0
-0.048788 -0.024460 0.360541 255 0 0
-0.058952 -0.032551 0.354952 255 0 0
-0.060377 -0.030641 0.349250 255 0 0
-0.056831 -0.035641 0.350038 255 0 0
-0.052518 -0.035641 0.345612 255 0 0
-0.051093 -0.037551 0.351314 255 0 0
-0.045355 -0.035641 0.352590 255 0 0
-0.049668 -0.035641 0.357017 255 0 0
-0.048788 -0.030641 0.360541 255 0 0
-0.054525 -0.032551 0.359265 255 0 0
-0.058071 -0.027551 0.358477 255 0 0
0.023492 -0.047712 0.448573 255 0 0
0.016154 -0.047712 0.456105 255 0 0
0.023492 -0.064725 0.448573 255 0 0
0.016154 -0.064725 0.456105 255 0 0
0.013731 -0.061476 0.446403 255 0 0
0.013731 -0.050961 0.446403 255 0 0
0.025916 -0.061476 0.458275 255 0 0
0.025916 -0.050961 0.458275 255 0 0
0.017653 -0.056219 0.462101 255 0 0
0.010121 -0.056219 0.454763 255 0 0
0.029525 -0.056219 0.449915 255 0 0
0.021994 -0.056219 0.442577 255 0 0
0.023256 -0.051219 0.444388 255 0 0
0.017518 -0.053129 0.443112 255 0 0
0.018399 -0.048129 0.446636 255 0 0
0.014086 -0.048129 0.451063 255 0 0
0.019823 -0.046219 0.452339 255 0 0
0.021248 -0.048129 0.458042 255 0 0
0.025561 -0.048129 0.453615 255 0 0
0.029107 -0.053129 0.454404 255 0 0
0.027682 -0.051219 0.448701 255 0 0
0.026802 -0.056219 0.445177 255 0 0
0.010539 -0.053129 0.450275 255 0 0
0.011964 -0.051219 0.455977 255 0 0
0.017518 -0.059309 0.443112 255 0 0
0.012661 -0.056219 0.445361 255 0 0
0.027682 -0.061219 0.448701 255 0 0
0.023256 -0.061219 0.444388 255 0 0
0.026986 -0.056219 0.459318 255 0 0
0.029107 -0.059309 0.454404 255 0 0
0.016391 -0.051219 0.460290 255 0 0
0.022129 -0.053129 0.461566 255 0 0
0.011964 -0.061219 0.455977 255 0 0
0.010539 -0.059309 0.450275 255 0 0
0.014086 -0.064309 0.451063 255 0 0
0.018399 -0.064309 0.446636 255 0 0
0.019823 -0.066219 0.452339 255 0 0
0.025561 -0.064309 0.453615 255 0 0
0.021248 -0.064309 0.458042 255 0 0
0.022129 -0.059309 0.461566 255 0 0
0.016391 -0.061219 0.460290 255 0 0
0.012845 -0.056219 0.459501 255 0 0
-0.017844 -0.033159 0.451102 255 0 0
-0.025181 -0.033159 0.458633 255 0 0
-0.017844 -0.050172 0.451102 255 0 0
-0.025181 -0.050172 0.458633 255 0 0
-0.027605 -0.046923 0.448931 255 0 0
-0.027605 -0.036408 0.448931 255 0 0
-0.015420 -0.046923 0.460803 255 0 0
-0.015420 -0.036408 0.460803 255 0 0
-0.023683 -0.041666 0.464629 255 0 0
-0.031214 -0.041666 0.457291 255 0 0
-0.011811 -0.041666 0.452443 255 0 0
-0.019342 -0.041666 0.445106 255 0 0
-0.018080 -0.036666 0.446916 255 0 0
-0.023818 -0.038575 0.445640 255 0 0
-0.022937 -0.033575 0.449165 255 0 0
-0.027250 -0.033575 0.453591 255 0 0
-0.021512 -0.031666 0.454867 255 0 0
-0.020088 -0.033575 0.460570 255 0 0
-0.015775 -0.033575 0.456143 255 0 0
-0.012229 -0.038575 0.456932 255 0 0
-0.013653 -0.036666 0.451229 255 0 0
-0.014534 -0.041666 0.447705 255 0 0
-0.030796 -0.038575 0.452803 255 0 0
-0.029372 -0.036666 0.458505 255 0 0
-0.023818 -0.044756 0.445640 255 0 0
-0.028675 -0.041666 0.447889 255 0 0
-0.013653 -0.046666 0.451229 255 0 0
-0.018080 -0.046666 0.446916 255 0 0
-0.014350 -0.041666 0.461846 255 0 0
-0.012229 -0.044756 0.456932 255 0 0
-0.024945 -0.036666 0.462818 255 0 0
-0.019207 -0.038575 0.464094 255 0 0
-0.029372 -0.046666 0.458505 255 0 0
-0.030796 -0.044756 0.452803 255 0 0
-0.027250 -0.049756 0.453591 255 0 0
-0.022937 -0.049756 0.449165 255 0 0
-0.021512 -0.051666 0.454867 255 0 0
-0.015775 -0.049756 0.456143 255 0 0
-0.020088 -0.049756 0.460570 255 0 0
-0.019207 -0.044756 0.464094 255 0 0
-0.024945 -0.046666 0.462818 255 0 0
-0.028491 -0.041666 0.462030 255 0 0
0.016704 0.046915 0.472873 255 0 0
0.009366 0.046915 0.480405 255 0 0
0.016704 0.029902 0.472873 255 0 0
0.009366 0.029902 0.480405 255 0 0
0.006942 0.033151 0.470703 255 0 0
0.006942 0.043665 0.470703 255 0 0
0.019128 0.033151 0.482575 255 0 0
0.019128 0.043665 0.482575 255 0 0
0.010864 0.038408 0.486401 255 0 0
0.003333 0.038408 0.479063 255 0 0
0.022737 0.038408 0.474215 255 0 0
0.015206 0.038408 0.466877 255 0 0
0.016468 0.043408 0.468688 255 0 0
0.010730 0.041498 0.467412 255 0 0
0.011610 0.046498 0.470936 255 0 0
0.007297 0.046498 0.475363 255 0 0
0.013035 0.048408 0.476639 255 0 0
0.014460 0.046498 0.482342 255 0 0
0.018773 0.046498 0.477915 255 0 0
0.022319 0.041498 0.478703 255 0 0
0.020894 0.043408 0.473001 255 0 0
0.020014 0.038408 0.469477 255 0 0
0.003751 0.041498 0.474575 255 0 0
0.005176 0.043408 0.480277 255 0 0
0.010730 0.035318 0.467412 255 0 0
0.005873 0.038408 0.469661 255 0 0
0.020894 0.033408 0.473001 255 0 0
0.016468 0.033408 0.468688 255 0 0
0.020198 0.038408 0.483617 255 0 0
0.022319 0.035318 0.478703 255 0 0
0.009603 0.043408 0.484590 255 0 0
0.015340 0.041498 0.485866 255 0 0
0.005176 0.033408 0.480277 255 0 0
0.003751 0.035318 0.474575 255 0 0
0.007297 0.030318 0.475363 255 0 0
0.011610 0.030318 0.470936 255 0 0
0.013035 0.028408 0.476639 255 0 0
0.018773 0.030318 0.477915 255 0 0
0.014460 0.030318 0.482342 255 0 0
0.015340 0.035318 0.485866 255 0 0
0.009603 0.033408 0.484590 255 0 0
0.006057 0.038408 0.483801 255 0 0
0.042740 0.025918 0.503767 255 0 0
0.035402 0.025918 0.511298 255 0 0
0.042740 0.008905 0.503767 255 0 0
0.035402 0.008905 0.511298 255 0 0
0.032978 0.012154 0.501597 255 0 0
0.032978 0.022669 0.501597 255 0 0
0.045164 0.012154 0.513469 255 0 0
0.045164 0.022669 0.513469 255 0 0
0.036900 0.017412 0.517295 255 0 0
0.029369 0.017412 0.509957 255 0 0
0.048773 0.017412 0.505109 255 0 0
0.041242 0.017412 0.497771 255 0 0
0.042503 0.022412 0.499582 255 0 0
0.036766 0.020502 0.498306 255 0 0
0.037646 0.025502 0.501830 255 0 0
0.033333 0.025502 0.506257 255 0 0
0.039071 0.027412 0.507533 255 0 0
0.040496 0.025502 0.513236 255 0 0
0.044809 0.025502 0.508809 255 0 0
0.048355 0.020502 0.509597 255 0 0
0.046930 0.022412 0.503895 255 0 0
0.046050 0.017412 0.500371 255 0 0
0.029787 0.020502 0.505468 255 0 0
0.031212 0.022412 0.511171 255 0 0
0.036766 0.014321 0.498306 255 0 0
0.031909 0.017412 0.500554 255 0 0
0.046930 0.012412 0.503895 255 0 0
0.042503 0.012412 0.499582 255 0 0
0.046234 0.017412 0.514511 255 0 0
0.048355 0.014321 0.509597 255 0 0
0.035639 0.022412 0.515484 255 0 0
0.041376 0.020502 0.516760 255 0 0
0.031212 0.012412 0.511171 255 0 0
0.029787 0.014321 0.505468 255 0 0
0.033333 0.009321 0.506257 255 0 0
0.037646 0.009321 0.501830 255 0 0
0.039071 0.007412 0.507533 255 0 0
0.044809 0.009321 0.508809 255 0 0
0.040496 0.009321 0.513236 255 0 0
0.041376 0.014321 0.516760 255 0 0
0.035639 0.012412 0.515484 255 0 0
0.032093 0.017412 0.514695 255 0 0
0.035249 -0.003781 0.455757 255 0 0
0.027912 -0.003781 0.463288 255 0 0
0.035249 -0.020794 0.455757 255 0 0
0.027912 -0.020794 0.463288 255 0 0
0.025488 -0.017545 0.453586 255 0 0
0.025488 -0.007030 0.453586 255 0 0
0.037673 -0.017545 0.465459 255 0 0
0.037673 -0.007030 0.465459 255 0 0
0.029410 -0.012287 0.469284 255 0 0
0.021879 -0.012287 0.461947 255 0 0
0.041282 -0.012287 0.457099 255 0 0
0.033751 -0.012287 0.449761 255 0 0
0.035013 -0.007287 0.451572 255 0 0
0.029275 -0.009197 0.450296 255 0 0
0.030156 -0.004197 0.453820 255 0 0
0.025843 -0.004197 0.458247 255 0 0
0.031581 -0.002287 0.459523 255 0 0
0.033005 -0.004197 0.465225 255 0 0
0.037318 -0.004197 0.460799 255 0 0
0.040864 -0.009197 0.461587 255 0 0
0.039440 -0.007287 0.455885 255 0 0
0.038559 -0.012287 0.452360 255 0 0
0.022297 -0.009197 0.457458 255 0 0
0.023722 -0.007287 0.463161 255 0 0
0.029275 -0.015378 0.450296 255 0 0
0.024418 -0.012287 0.452544 255 0 0
0.039440 -0.017287 0.455885 255 0 0
0.035013 -0.017287 0.451572 255 0 0
0.038743 -0.012287 0.466501 255 0 0
0.040864 -0.015378 0.461587 255 0 0
0.028148 -0.007287 0.467474 255 0 0
0.033886 -0.009197 0.468750 255 0 0
0.023722 -0.017287 0.463161 255 0 0
0.022297 -0.015378 0.457458 255 0 0
0.025843 -0.020378 0.458247 255 0 0
0.030156 -0.020378 0.453820 255 0 0
0.031581 -0.022287 0.459523 255 0 0
0.037318 -0.020378 0.460799 255 0 0
0.033005 -0.020378 0.465225 255 0 0
0.033886 -0.015378 0.468750 255 0 0
0.028148 -0.017287 0.467474 255 0 0
0.024602 -0.012287 0.466685 255 0 0
0.053747 0.013944 0.472703 255 0 0
0.046409 0.013944 0.480234 255 0 0
0.053747 -0.003069 0.472703 255 0 0
0.046409 -0.003069 0.480234 255 0 0
0.043985 0.000180 0.470533 255 0 0
0.043985 0.010695 0.470533 255 0 0
0.056171 0.000180 0.482405 255 0 0
0.056171 0.010695 0.482405 255 0 0
0.047907 0.005438 0.486230 255 0 0
0.040376 0.005438 0.478893 255 0 0
0.059780 0.005438 0.474045 255 0 0
0.052249 0.005438 0.466707 255 0 0
0.053510 0.010438 0.468518 255 0 0
0.047773 0.008528 0.467242 255 0 0
0.048653 0.013528 0.470766 255 0 0
0.044340 0.013528 0.475193 255 0 0
0.050078 0.015438 0.476469 255 0 0
0.051503 0.013528 0.482171 255 0 0
0.055816 0.013528 0.477745 255 0 0
0.059362 0.008528 0.478533 255 0 0
0.057937 0.010438 0.472831 255 0 0
0.057056 0.005438 0.469306 255 0 0
0.040794 0.008528 0.474404 255 0 0
0.042219 0.010438 0.480107 255 0 0
0.047773 0.002347 0.467242 255 0 0
0.042916 0.005438 0.469490 255 0 0
0.057937 0.000438 0.472831 255 0 0
0.053510 0.000438 0.468518 255 0 0
0.057240 0.005438 0.483447 255 0 0
0.059362 0.002347 0.478533 255 0 0
0.046646 0.010438 0.484420 255 0 0
0.052383 0.008528 0.485696 255 0 0
0.042219 0.000438 0.480107 255 0 0
0.040794 0.002347 0.474404 255 0 0
0.044340 -0.002653 0.475193 255 0 0
0.048653 -0.002653 0.470766 255 0 0
0.050078 -0.004562 0.476469 255 0 0
0.055816 -0.002653 0.477745 255 0 0
0.051503 -0.002653 0.482171 255 0 0
0.052383 0.002347 0.485696 255 0 0
0.046646 0.000438 0.484420 255 0 0
0.043099 0.005438 0.483631 255 0 0
0.052994 0.021507 0.425649 255 0 0
0.045656 0.021507 0.433180 255 0 0
0.052994 0.004494 0.425649 255 0 0
0.045656 0.004494 0.433180 255 0 0
0.043232 0.007743 0.423478 255 0 0
0.043232 0.018257 0.423478 255 0 0
0.055418 0.007743 0.435351 255 0 0
0.055418 0.018257 0.435351 255 0 0
0.047154 0.013000 0.439176 255 0 0
0.039623 0.013000 0.431838 255 0 0
0.059027 0.013000 0.426991 255 0 0
0.051496 0.013000 0.419653 255 0 0
0.052758 0.018000 0.421463 255 0 0
0.047020 0.016090 0.420188 255 0 0
0.047900 0.021090 0.423712 255 0 0
0.043587 0.021090 0.428139 255 0 0
0.049325 0.023000 0.429414 255 0 0
0.050750 0.021090 0.435117 255 0 0
0.055063 0.021090 0.430690 255 0 0
0.058609 0.016090 0.431479 255 0 0
0.057184 0.018000 0.425776 255 0 0
0.056304 0.013000 0.422252 255 0 0
0.040041 0.016090 0.427350 255 0 0
0.041466 0.018000 0.433053 255 0 0
0.047020 0.009910 0.420188 255 0 0
0.042163 0.013000 0.422436 255 0 0
0.057184 0.008000 0.425776 255 0 0
0.052758 0.008000 0.421463 255 0 0
0.056488 0.013000 0.436393 255 0 0
0.058609 0.009910 0.431479 255 0 0
0.045893 0.018000 0.437365 255 0 0
0.051630 0.016090 0.438641 255 0 0
0.041466 0.008000 0.433053 255 0 0
0.040041 0.009910 0.427350 255 0 0
0.043587 0.004910 0.428139 255 0 0
0.047900 0.004910 0.423712 255 0 0
0.049325 0.003000 0.429414 255 0 0
0.055063 0.004910 0.430690 255 0 0
0.050750 0.004910 0.435117 255 0 0
0.051630 0.009910 0.438641 255 0 0
0.045893 0.008000 0.437365 255 0 0
0.042347 0.013000 0.436577 255 0 0
-0.002377 -0.042192 0.407383 255 0 0
-0.009714 -0.042192 0.414914 255 0 0
-0.002377 -0.059205 0.407383 255 0 0
-0.009714 -0.059205 0.414914 255 0 0
-0.012138 -0.055956 0.405212 255 0 0
-0.012138 -0.045441 0.405212 255 0 0
0.000047 -0.055956 0.417085 255 0 0
0.000047 -0.045441 0.417085 255 0 0
-0.008216 -0.050698 0.420910 255 0 0
-0.015747 -0.050698 0.413572 255 0 0
0.003656 -0.050698 0.408724 255 0 0
-0.003875 -0.050698 0.401387 255 0 0
-0.002613 -0.045698 0.403197 255 0 0
-0.008351 -0.047608 0.401921 255 0 0
-0.007470 -0.042608 0.405446 255 0 0
-0.011783 -0.042608 0.409873 255 0 0
-0.006045 -0.040698 0.411148 255 0 0
-0.004621 -0.042608 0.416851 255 0 0
-0.000308 -0.042608 0.412424 255 0 0
0.003238 -0.047608 0.413213 255 0 0
0.001814 -0.045698 0.407510 255 0 0
0.000933 -0.050698 0.403986 255 0 0
-0.015329 -0.047608 0.409084 255 0 0
-0.013904 -0.045698 0.414787 255 0 0
-0.008351 -0.053789 0.401921 255 0 0
-0.013208 -0.050698 0.404170 255 0 0
0.001814 -0.055698 0.407510 255 0 0
-0.002613 -0.055698 0.403197 255 0 0
0.001117 -0.050698 0.418127 255 0 0
0.003238 -0.053789 0.413213 255 0 0
-0.009478 -0.045698 0.419099 255 0 0
-0.003740 -0.047608 0.420375 255 0 0
-0.013904 -0.055698 0.414787 255 0 0
-0.015329 -0.053789 0.409084 255 0 0
-0.011783 -0.058789 0.409873 255 0 0
-0.007470 -0.058789 0.405446 255 0 0
-0.006045 -0.060698 0.411148 255 0 0
-0.000308 -0.058789 0.412424 255 0 0
-0.004621 -0.058789 0.416851 255 0 0
-0.003740 -0.053789 0.420375 255 0 0
-0.009478 -0.055698 0.419099 255 0 0
-0.013024 -0.050698 0.418311 255 0 0
-0.005280 0.003825 0.357991 255 0 0
-0.012618 0.003825 0.365522 255 0 0
-0.005280 -0.013188 0.357991 255 0 0
-0.012618 -0.013188 0.365522 255 0 0
-0.015042 -0.009939 0.355821 255 0 0
-0.015042 0.000576 0.355821 255 0 0
-0.002856 -0.009939 0.367693 255 0 0
-0.002856 0.000576 0.367693 255 0 0
-0.011120 -0.004682 0.371518 255 0 0
-0.018651 -0.004682 0.364181 255 0 0
0.000753 -0.004682 0.359333 255 0 0
-0.006778 -0.004682 0.351995 255 0 0
-0.005517 0.000318 0.353806 255 0 0
-0.011254 -0.001591 0.352530 255 0 0
-0.010374 0.003409 0.356054 255 0 0
-0.014687 0.003409 0.360481 255 0 0
-0.008949 0.005318 0.361757 255 0 0
-0.007524 0.003409 0.367459 255 0 0
-0.003211 0.003409 0.363033 255 0 0
0.000335 -0.001591 0.363821 255 0 0
-0.001090 0.000318 0.358119 255 0 0
-0.001971 -0.004682 0.354594 255 0 0
-0.018233 -0.001591 0.359692 255 0 0
-0.016808 0.000318 0.365395 255 0 0
-0.011254 -0.007772 0.352530 255 0 0
-0.016112 -0.004682 0.354778 255 0 0
-0.001090 -0.009682 0.358119 255 0 0
-0.005517 -0.009682 0.353806 255 0 0
-0.001787 -0.004682 0.368735 255 0 0
0.000335 -0.007772 0.363821 255 0 0
-0.012381 0.000318 0.369708 255 0 0
-0.006644 -0.001591 0.370984 255 0 0
-0.016808 -0.009682 0.365395 255 0 0
-0.018233 -0.007772 0.359692 255 0 0
-0.014687 -0.012772 0.360481 255 0 0
-0.010374 -0.012772 0.356054 255 0 0
-0.008949 -0.014682 0.361757 255 0 0
-0.003211 -0.012772 0.363033 255 0 0
-0.007524 -0.012772 0.367459 255 0 0
-0.006644 -0.007772 0.370984 255 0 0
-0.012381 -0.009682 0.369708 255 0 0
-0.015928 -0.004682 0.368919 255 0 0
0.014916 -0.070240 0.388990 255 0 0
0.007578 -0.070240 0.396521 255 0 0
0.014916 -0.087253 0.388990 255 0 0
0.007578 -0.087253 0.396521 255 0 0
0.005154 -0.084003 0.386819 255 0 0
0.005154 -0.073489 0.386819 255 0 0
0.017340 -0.084003 0.398692 255 0 0
0.017340 -0.073489 0.398692 255 0 0
0.009076 -0.078746 0.402517 255 0 0
0.001545 -0.078746 0.395180 255 0 0
0.020949 -0.078746 0.390332 255 0 0
0.013418 -0.078746 0.382994 255 0 0
0.014679 -0.073746 0.384805 255 0 0
0.008942 -0.075656 0.383529 255 0 0
0.009822 -0.070656 0.387053 255 0 0
0.005509 -0.070656 0.391480 255 0 0
0.011247 -0.068746 0.392756 255 0 0
0.012672 -0.070656 0.398458 255 0 0
0.016985 -0.070656 0.394032 255 0 0
0.020531 -0.075656 0.394820 255 0 0
0.019106 -0.073746 0.389118 255 0 0
0.018225 -0.078746 0.385593 255 0 0
0.001963 -0.075656 0.390691 255 0 0
0.003388 -0.073746 0.396394 255 0 0
0.008942 -0.081836 0.383529 255 0 0
0.004084 -0.078746 0.385777 255 0 0
0.019106 -0.083746 0.389118 255 0 0
0.014679 -0.083746 0.384805 255 0 0
0.018409 -0.078746 0.399734 255 0 0
0.020531 -0.081836 0.394820 255 0 0
0.007814 -0.073746 0.400707 255 0 0
0.013552 -0.075656 0.401983 255 0 0
0.003388 -0.083746 0.396394 255 0 0
0.001963 -0.081836 0.390691 255 0 0
0.005509 -0.086836 0.391480 255 0 0
0.009822 -0.086836 0.387053 255 0 0
0.011247 -0.088746 0.392756 255 0 0
0.016985 -0.086836 0.394032 255 0 0
0.012672 -0.086836 0.398458 255 0 0
0.013552 -0.081836 0.401983 255 0 0
0.007814 -0.083746 0.400707 255 0 0
0.004268 -0.078746 0.399918 255 0 0
-0.057418 0.061745 0.414564 255 0 0
-0.064756 0.061745 0.422095 255 0 0
-0.057418 0.044732 0.414564 255 0 0
-0.064756 0.044732 0.422095 255 0 0
-0.067180 0.047981 0.412393 255 0 0
-0.067180 0.058496 0.412393 255 0 0
-0.054994 0.047981 0.424265 255 0 0
-0.054994 0.058496 0.424265 255 0 0
-0.063258 0.053239 0.428091 255 0 0
-0.070789 0.053239 0.420753 255 0 0
-0.051385 0.053239 0.415905 255 0 0
-0.058916 0.053239 0.408568 255 0 0
-0.057655 0.058239 0.410378 255 0 0
-0.063392 0.056329 0.409102 255 0 0
-0.062512 0.061329 0.412627 255 0 0
-0.066825 0.061329 0.417053 255 0 0
-0.061087 0.063239 0.418329 255 0 0
-0.059662 0.061329 0.424032 255 0 0
-0.055349 0.061329 0.419605 255 0 0
-0.051803 0.056329 0.420394 255 0 0
-0.053228 0.058239 0.414691 255 0 0
-0.054108 0.053239 0.411167 255 0 0
-0.070371 0.056329 0.416265 255 0 0
-0.068946 0.058239 0.421967 255 0 0
-0.063392 0.050149 0.409102 255 0 0
-0.068249 0.053239 0.411351 255 0 0
-0.053228 0.048239 0.414691 255 0 0
-0.057655 0.048239 0.410378 255 0 0
-0.053925 0.053239 0.425308 255 0 0
-0.051803 0.050149 0.420394 255 0 0
-0.064519 0.058239 0.426280 255 0 0
-0.058782 0.056329 0.427556 255 0 0
-0.068946 0.048239 0.421967 255 0 0
-0.070371 0.050149 0.416265 255 0 0
-0.066825 0.045149 0.417053 255 0 0
-0.062512 0.045149 0.412627 255 0 0
-0.061087 0.043239 0.418329 255 0 0
-0.055349 0.045149 0.419605 255 0 0
-0.059662 0.045149 0.424032 255 0 0
-0.058782 0.050149 0.427556 255 0 0
-0.064519 0.048239 0.426280 255 0 0
-0.068065 0.053239 0.425492 255 0 0
-0.117713 0.058153 0.437991 255 0 0
-0.125051 0.058153 0.445522 255 0 0
-0.117713 0.041140 0.437991 255 0 0
-0.125051 0.041140 0.445522 255 0 0
-0.127474 0.044389 0.435820 255 0 0
-0.127474 0.054904 0.435820 255 0 0
-0.115289 0.044389 0.447693 255 0 0
-0.115289 0.054904 0.447693 255 0 0
-0.123552 0.049647 0.451518 255 0 0
-0.131084 0.049647 0.444180 255 0 0
-0.111680 0.049647 0.439333 255 0 0
-0.119211 0.049647 0.431995 255 0 0
-0.117949 0.054647 0.433806 255 0 0
-0.123687 0.052737 0.432530 255 0 0
-0.122806 0.057737 0.436054 255 0 0
-0.127119 0.057737 0.440481 255 0 0
-0.121382 0.059647 0.441757 255 0 0
-0.119957 0.057737 0.447459 255 0 0
-0.115644 0.057737 0.443032 255 0 0
-0.112098 0.052737 0.443821 255 0 0
-0.113523 0.054647 0.438118 255 0 0
-0.114403 0.049647 0.434594 255 0 0
-0.130666 0.052737 0.439692 255 0 0
-0.129241 0.054647 0.445395 255 0 0
-0.123687 0.046556 0.432530 255 0 0
-0.128544 0.049647 0.434778 255 0 0
-0.113523 0.044647 0.438118 255 0 0
-0.117949 0.044647 0.433806 255 0 0
-0.114219 0.049647 0.448735 255 0 0
-0.112098 0.046556 0.443821 255 0 0
-0.124814 0.054647 0.449708 255 0 0
-0.119076 0.052737 0.450983 255 0 0
-0.129241 0.044647 0.445395 255 0 0
-0.130666 0.046556 0.439692 255 0 0
-0.127119 0.041556 0.440481 255 0 0
-0.122806 0.041556 0.436054 255 0 0
-0.121382 0.039647 0.441757 255 0 0
-0.115644 0.041556 0.443032 255 0 0
-0.119957 0.041556 0.447459 255 0 0
-0.119076 0.046556 0.450983 255 0 0
-0.124814 0.044647 0.449708 255 0 0
-0.128360 0.049647 0.448919 255 0 0
-0.039576 0.078500 0.352177 255 0 0
-0.046914 0.078500 0.359708 255 0 0
-0.039576 0.061487 0.352177 255 0 0
-0.046914 0.061487 0.359708 255 0 0
-0.049338 0.064736 0.350006 255 0 0
-0.049338 0.075251 0.350006 255 0 0
-0.037152 0.064736 0.361879 255 0 0
-0.037152 0.075251 0.361879 255 0 0
-0.045416 0.069994 0.365704 255 0 0
-0.052947 0.069994 0.358367 255 0 0
-0.033543 0.069994 0.353519 255 0 0
-0.041074 0.069994 0.346181 255 0 0
-0.039813 0.074994 0.347992 255 0 0
-0.045550 0.073084 0.346716 255 0 0
-0.044670 0.078084 0.350240 255 0 0
-0.048983 0.078084 0.354667 255 0 0
-0.043245 0.079994 0.355943 255 0 0
-0.041820 0.078084 0.361645 255 0 0
-0.037507 0.078084 0.357219 255 0 0
-0.033961 0.073084 0.358007 255 0 0
-0.035386 0.074994 0.352305 255 0 0
-0.036267 0.069994 0.348780 255 0 0
-0.052529 0.073084 0.353878 255 0 0
-0.051104 0.074994 0.359581 255 0 0
-0.045550 0.066903 0.346716 255 0 0
-0.050408 0.069994 0.348964 255 0 0
-0.035386 0.064994 0.352305 255 0 0
-0.039813 0.064994 0.347992 255 0 0
-0.036083 0.069994 0.362921 255 0 0
-0.033961 0.066903 0.358007 255 0 0
-0.046677 0.074994 0.363894 255 0 0
-0.040940 0.073084 0.365170 255 0 0
-0.051104 0.064994 0.359581 255 0 0
-0.052529 0.066903 0.353878 255 0 0
-0.048983 0.061903 0.354667 255 0 0
-0.044670 0.061903 0.350240 255 0 0
-0.043245 0.059994 0.355943 255 0 0
-0.037507 0.061903 0.357219 255 0 0
-0.041820 0.061903 0.361645 255 0 0
-0.040940 0.066903 0.365170 255 0 0
-0.046677 0.064994 0.363894 255 0 0
-0.050224 0.069994 0.363105 255 0 0
0.046267 0.084172 0.438157 255 0 0
0.038929 0.084172 0.445688 255 0 0
0.046267 0.067159 0.438157 255 0 0
0.038929 0.067159 0.445688 255 0 0
0.036505 0.070408 0.435987 255 0 0
0.036505 0.080923 0.435987 255 0 0
0.048691 0.070408 0.447859 255 0 0
0.048691 0.080923 0.447859 255 0 0
0.040427 0.075665 0.451684 255 0 0
0.032896 0.075665 0.444347 255 0 0
0.052300 0.075665 0.439499 255 0 0
0.044769 0.075665 0.432161 255 0 0
0.046030 0.080665 0.433972 255 0 0
0.040293 0.078755 0.432696 255 0 0
0.041173 0.083755 0.436220 255 0 0
0.036860 0.083755 0.440647 255 0 0
0.042598 0.085665 0.441923 255 0 0
0.044023 0.083755 0.447625 255 0 0
0.048336 0.083755 0.443199 255 0 0
0.051882 0.078755 0.443987 255 0 0
0.050457 0.080665 0.438285 255 0 0
0.049577 0.075665 0.434760 255 0 0
0.033314 0.078755 0.439858 255 0 0
0.034739 0.080665 0.445561 255 0 0
0.040293 0.072575 0.432696 255 0 0
0.035436 0.075665 0.434944 255 0 0
0.050457 0.070665 0.438285 255 0 0
0.046030 0.070665 0.433972 255 0 0
0.049761 0.075665 0.448901 255 0 0
0.051882 0.072575 0.443987 255 0 0
0.039166 0.080665 0.449874 255 0 0
0.044903 0.078755 0.451150 255 0 0
0.034739 0.070665 0.445561 255 0 0
0.033314 0.072575 0.439858 255 0 0
0.036860 0.067575 0.440647 255 0 0
0.041173 0.067575 0.436220 255 0 0
0.042598 0.065665 0.441923 255 0 0
0.048336 0.067575 0.443199 255 0 0
0.044023 0.067575 0.447625 255 0 0
0.044903 0.072575 0.451150 255 0 0
0.039166 0.070665 0.449874 255 0 0
0.035620 0.075665 0.449085 255 0 0
0.007616 -0.087793 0.429386 255 0 0
0.000279 -0.087793 0.436917 255 0 0
0.007616 -0.104806 0.429386 255 0 0
0.000279 -0.104806 0.436917 255 0 0
-0.002145 -0.101557 0.427216 255 0 0
-0.002145 -0.091042 0.427216 255 0 0
0.010040 -0.101557 0.439088 255 0 0
0.010040 -0.091042 0.439088 255 0 0
0.001777 -0.096300 0.442913 255 0 0
-0.005754 -0.096300 0.435576 255 0 0
0.013649 -0.096300 0.430728 255 0 0
0.006118 -0.096300 0.423390 255 0 0
0.007380 -0.091300 0.425201 255 0 0
0.001642 -0.093210 0.423925 255 0 0
0.002523 -0.088210 0.427449 255 0 0
-0.001790 -0.088210 0.431876 255 0 0
0.003948 -0.086300 0.433152 255 0 0
0.005372 -0.088210 0.438854 255 0 0
0.009685 -0.088210 0.434428 255 0 0
0.013231 -0.093210 0.435216 255 0 0
0.011807 -0.091300 0.429514 255 0 0
0.010926 -0.096300 0.425989 255 0 0
-0.005336 -0.093210 0.431087 255 0 0
-0.003911 -0.091300 0.436790 255 0 0
0.001642 -0.099390 0.423925 255 0 0
-0.003215 -0.096300 0.426173 255 0 0
0.011807 -0.101300 0.429514 255 0 0
0.007380 -0.101300 0.425201 255 0 0
0.011110 -0.096300 0.440130 255 0 0
0.013231 -0.099390 0.435216 255 0 0
0.000515 -0.091300 0.441103 255 0 0
0.006253 -0.093210 0.442379 255 0 0
-0.003911 -0.101300 0.436790 255 0 0
-0.005336 -0.099390 0.431087 255 0 0
-0.001790 -0.104390 0.431876 255 0 0
0.002523 -0.104390 0.427449 255 0 0
0.003948 -0.106300 0.433152 255 0 0
0.009685 -0.104390 0.434428 255 0 0
0.005372 -0.104390 0.438854 255 0 0
0.006253 -0.099390 0.442379 255 0 0
0.000515 -0.101300 0.441103 255 0 0
-0.003031 -0.096300 0.440314 255 0 0
-0.014269 -0.042604 0.439289 255 0 0
-0.021607 -0.042604 0.446820 255 0 0
-0.014269 -0.059617 0.439289 255 0 0
-0.021607 -0.059617 0.446820 255 0 0
-0.024031 -0.056368 0.437119 255 0 0
-0.024031 -0.045853 0.437119 255 0 0
-0.011845 -0.056368 0.448991 255 0 0
-0.011845 -0.045853 0.448991 255 0 0
-0.020109 -0.051111 0.452816 255 0 0
-0.027640 -0.051111 0.445479 255 0 0
-0.008236 -0.051111 0.440631 255 0 0
-0.015767 -0.051111 0.433293 255 0 0
-0.014506 -0.046111 0.435104 255 0 0
-0.020243 -0.048020 0.433828 255 0 0
-0.019363 -0.043020 0.437352 255 0 0
-0.023676 -0.043020 0.441779 255 0 0
-0.017938 -0.041111 0.443055 255 0 0
-0.016513 -0.043020 0.448757 255 0 0
-0.012200 -0.043020 0.444331 255 0 0
-0.008654 -0.048020 0.445119 255 0 0
-0.010079 -0.046111 0.439417 255 0 0
-0.010960 -0.051111 0.435892 255 0 0
-0.027222 -0.048020 0.440990 255 0 0
-0.025797 -0.046111 0.446693 255 0 0
-0.020243 -0.054201 0.433828 255 0 0
-0.025101 -0.051111 0.436076 255 0 0
-0.010079 -0.056111 0.439417 255 0 0
-0.014506 -0.056111 0.435104 255 0 0
-0.010776 -0.051111 0.450033 255 0 0
-0.008654 -0.054201 0.445119 255 0 0
-0.021370 -0.046111 0.451006 255 0 0
-0.015633 -0.048020 0.452282 255 0 0
-0.025797 -0.056111 0.446693 255 0 0
-0.027222 -0.054201 0.440990 255 0 0
-0.023676 -0.059201 0.441779 255 0 0
-0.019363 -0.059201 0.437352 255 0 0
-0.017938 -0.061111 0.443055 255 0 0
-0.012200 -0.059201 0.444331 255 0 0
-0.016513 -0.059201 0.448757 255 0 0
-0.015633 -0.054201 0.452282 255 0 0
-0.021370 -0.056111 0.451006 255 0 0
-0.024917 -0.051111 0.450217 255 0 0
-0.090670 0.020356 0.408844 255 0 0
-0.098007 0.020356 0.416375 255 0 0
-0.090670 0.003343 0.408844 255 0 0
-0.098007 0.003343 0.416375 255 0 0
-0.100431 0.006592 0.406673 255 0 0
-0.100431 0.017106 0.406673 255 0 0
-0.088246 0.006592 0.418545 255 0 0
-0.088246 0.017106 0.418545 255 0 0
-0.096509 0.011849 0.422371 255 0 0
-0.104040 0.011849 0.415033 255 0 0
-0.084637 0.011849 0.410185 255 0 0
-0.092168 0.011849 0.402848 255 0 0
-0.090906 0.016849 0.404658 255 0 0
-0.096644 0.014939 0.403382 255 0 0
-0.095763 0.019939 0.406907 255 0 0
-0.100076 0.019939 0.411333 255 0 0
-0.094338 0.021849 0.412609 255 0 0
-0.092914 0.019939 0.418312 255 0 0
-0.088601 0.019939 0.413885 255 0 0
-0.085055 0.014939 0.414674 255 0 0
-0.086479 0.016849 0.408971 255 0 0
-0.087360 0.011849 0.405447 255 0 0
-0.103622 0.014939 0.410545 255 0 0
-0.102197 0.016849 0.416247 255 0 0
-0.096644 0.008759 0.403382 255 0 0
-0.101501 0.011849 0.405631 255 0 0
-0.086479 0.006849 0.408971 255 0 0
-0.090906 0.006849 0.404658 255 0 0
-0.087176 0.011849 0.419588 255 0 0
-0.085055 0.008759 0.414674 255 0 0
-0.097771 0.016849 0.420560 255 0 0
-0.092033 0.014939 0.421836 255 0 0
-0.102197 0.006849 0.416247 255 0 0
-0.103622 0.008759 0.410545 255 0 0
-0.100076 0.003759 0.411333 255 0 0
-0.095763 0.003759 0.406907 255 0 0
-0.094338 0.001849 0.412609 255 0 0
-0.088601 0.003759 0.413885 255 0 0
-0.092914 0.003759 0.418312 255 0 0
-0.092033 0.008759 0.421836 255 0 0
-0.097771 0.006849 0.420560 255 0 0
-0.101317 0.011849 0.419772 255 0 0
-0.030464 -0.008515 0.462723 255 0 0
-0.037802 -0.008515 0.470254 255 0 0
-0.030464 -0.025528 0.462723 255 0 0
-0.037802 -0.025528 0.470254 255 0 0
-0.040226 -0.022279 0.460553 255 0 0
-0.040226 -0.011764 0.460553 255 0 0
-0.028040 -0.022279 0.472425 255 0 0
-0.028040 -0.011764 0.472425 255 0 0
-0.036304 -0.017022 0.476250 255 0 0
-0.043835 -0.017022 0.468913 255 0 0
-0.024431 -0.017022 0.464065 255 0 0
-0.031962 -0.017022 0.456727 255 0 0
-0.030700 -0.012022 0.458538 255 0 0
-0.036438 -0.013932 0.457262 255 0 0
-0.035558 -0.008932 0.460786 255 0 0
-0.039871 -0.008932 0.465213 255 0 0
-0.034133 -0.007022 0.466489 255 0 0
-0.032708 -0.008932 0.472191 255 0 0
-0.028395 -0.008932 0.467765 255 0 0
-0.024849 -0.013932 0.468553 255 0 0
-0.026274 -0.012022 0.462851 255 0 0
-0.027154 -0.017022 0.459326 255 0 0
-0.043417 -0.013932 0.464424 255 0 0
-0.041992 -0.012022 0.470127 255 0 0
-0.036438 -0.020112 0.457262 255 0 0
-0.041295 -0.017022 0.459510 255 0 0
-0.026274 -0.022022 0.462851 255 0 0
-0.030700 -0.022022 0.458538 255 0 0
-0.026970 -0.017022 0.473467 255 0 0
-0.024849 -0.020112 0.468553 255 0 0
-0.037565 -0.012022 0.474440 255 0 0
-0.031828 -0.013932 0.475716 255 0 0
-0.041992 -0.022022 0.470127 255 0 0
-0.043417 -0.020112 0.464424 255 0 0
-0.039871 -0.025112 0.465213 255 0 0
-0.035558 -0.025112 0.460786 255 0 0
-0.034133 -0.027022 0.466489 255 0 0
-0.028395 -0.025112 0.467765 255 0 0
-0.032708 -0.025112 0.472191 255 0 0
-0.031828 -0.020112 0.475716 255 0 0
-0.037565 -0.022022 0.474440 255 0 0
-0.041111 -0.017022 0.473651 255 0 0
0.041516 -0.019991 0.419030 255 0 0
0.034179 -0.019991 0.426561 255 0 0
0.041516 -0.037004 0.419030 255 0 0
0.034179 -0.037004 0.426561 255 0 0
0.031755 -0.033755 0.416859 255 0 0
0.031755 -0.023240 0.416859 255 0 0
0.043940 -0.033755 0.428732 255 0 0
0.043940 -0.023240 0.428732 255 0 0
0.035677 -0.028498 0.432557 255 0 0
0.028146 -0.028498 0.425219 255 0 0
0.047549 -0.028498 0.420372 255 0 0
0.040018 -0.028498 0.413034 255 0 0
0.041280 -0.023498 0.414845 255 0 0
0.035542 -0.025408 0.413569 255 0 0
0.036423 -0.020408 0.417093 255 0 0
0.032110 -0.020408 0.421520 255 0 0
0.037848 -0.018498 0.422796 255 0 0
0.039272 -0.020408 0.428498 255 0 0
0.043585 -0.020408 0.424071 255 0 0
0.047131 -0.025408 0.424860 255 0 0
0.045707 -0.023498 0.419157 255 0 0
0.044826 -0.028498 0.415633 255 0 0
0.028564 -0.025408 0.420731 255 0 0
0.029989 -0.023498 0.426434 255 0 0
0.035542 -0.031588 0.413569 255 0 0
0.030685 -0.028498 0.415817 255 0 0
0.045707 -0.033498 0.419157 255 0 0
0.041280 -0.033498 0.414845 255 0 0
0.045010 -0.028498 0.429774 255 0 0
0.047131 -0.031588 0.424860 255 0 0
0.034415 -0.023498 0.430747 255 0 0
0.040153 -0.025408 0.432022 255 0 0
0.029989 -0.033498 0.426434 255 0 0
0.028564 -0.031588 0.420731 255 0 0
0.032110 -0.036588 0.421520 255 0 0
0.036423 -0.036588 0.417093 255 0 0
0.037848 -0.038498 0.422796 255 0 0
0.043585 -0.036588 0.424071 255 0 0
0.039272 -0.036588 0.428498 255 0 0
0.040153 -0.031588 0.432022 255 0 0
0.034415 -0.033498 0.430747 255 0 0
0.030869 -0.028498 0.429958 255 0 0
-0.033136 0.007976 0.433547 255 0 0
-0.040474 0.007976 0.441078 255 0 0
-0.033136 -0.009037 0.433547 255 0 0
-0.040474 -0.009037 0.441078 255 0 0
-0.042898 -0.005788 0.431376 255 0 0
-0.042898 0.004727 0.431376 255 0 0
-0.030712 -0.005788 0.443248 255 0 0
-0.030712 0.004727 0.443248 255 0 0
-0.038976 -0.000530 0.447074 255 0 0
-0.046507 -0.000530 0.439736 255 0 0
-0.027103 -0.000530 0.434888 255 0 0
-0.034634 -0.000530 0.427550 255 0 0
-0.033373 0.004470 0.429361 255 0 0
-0.039110 0.002560 0.428085 255 0 0
-0.038230 0.007560 0.431609 255 0 0
-0.042543 0.007560 0.436036 255 0 0
-0.036805 0.009470 0.437312 255 0 0
-0.035380 0.007560 0.443015 255 0 0
-0.031067 0.007560 0.438588 255 0 0
-0.027521 0.002560 0.439377 255 0 0
-0.028946 0.004470 0.433674 255 0 0
-0.029827 -0.000530 0.430150 255 0 0
-0.046089 0.002560 0.435248 255 0 0
-0.044664 0.004470 0.440950 255 0 0
-0.039110 -0.003620 0.428085 255 0 0
-0.043967 -0.000530 0.430334 255 0 0
-0.028946 -0.005530 0.433674 255 0 0
-0.033373 -0.005530 0.429361 255 0 0
-0.029643 -0.000530 0.444291 255 0 0
-0.027521 -0.003620 0.439377 255 0 0
-0.040237 0.004470 0.445263 255 0 0
-0.034500 0.002560 0.446539 255 0 0
-0.044664 -0.005530 0.440950 255 0 0
-0.046089 -0.003620 0.435248 255 0 0
-0.042543 -0.008620 0.436036 255 0 0
-0.038230 -0.008620 0.431609 255 0 0
-0.036805 -0.010530 0.437312 255 0 0
-0.031067 -0.008620 0.438588 255 0 0
-0.035380 -0.008620 0.443015 255 0 0
-0.034500 -0.003620 0.446539 255 0 0
-0.040237 -0.005530 0.445263 255 0 0
-0.043784 -0.000530 0.444474 255 0 0
-0.038802 0.004248 0.441593 255 0 0
-0.046139 0.004248 0.449124 255 0 0
-0.038802 -0.012765 0.441593 255 0 0
-0.046139 -0.012765 0.449124 255 0 0
-0.048563 -0.009516 0.439422 255 0 0
-0.048563 0.000999 0.439422 255 0 0
-0.036378 -0.009516 0.451295 255 0 0
-0.036378 0.000999 0.451295 255 0 0
-0.044641 -0.004258 0.455120 255 0 0
-0.052172 -0.004258 0.447782 255 0 0
-0.032769 -0.004258 0.442934 255 0 0
-0.040300 -0.004258 0.435597 255 0 0
-0.039038 0.000742 0.437407 255 0 0
-0.044776 -0.001168 0.436131 255 0 0
-0.043895 0.003832 0.439656 255 0 0
-0.048208 0.003832 0.444082 255 0 0
-0.042471 0.005742 0.445358 255 0 0
-0.041046 0.003832 0.451061 255 0 0
-0.036733 0.003832 0.446634 255 0 0
-0.033187 -0.001168 0.447423 255 0 0
-0.034612 0.000742 0.441720 255 0 0
-0.035492 -0.004258 0.438196 255 0 0
-0.051754 -0.001168 0.443294 255 0 0
-0.050330 0.000742 0.448996 255 0 0
-0.044776 -0.007349 0.436131 255 0 0
-0.049633 -0.004258 0.438380 255 0 0
-0.034612 -0.009258 0.441720 255 0 0
-0.039038 -0.009258 0.437407 255 0 0
-0.035308 -0.004258 0.452337 255 0 0
-0.033187 -0.007349 0.447423 255 0 0
-0.045903 0.000742 0.453309 255 0 0
-0.040165 -0.001168 0.454585 255 0 0
-0.050330 -0.009258 0.448996 255 0 0
-0.051754 -0.007349 0.443294 255 0 0
-0.048208 -0.012349 0.444082 255 0 0
-0.043895 -0.012349 0.439656 255 0 0
-0.042471 -0.014258 0.445358 255 0 0
-0.036733 -0.012349 0.446634 255 0 0
-0.041046 -0.012349 0.451061 255 0 0
-0.040165 -0.007349 0.454585 255 0 0
-0.045903 -0.009258 0.453309 255 0 0
-0.049449 -0.004258 0.452521 255 0 0
-0.085555 -0.019015 0.378598 255 0 0
-0.092893 -0.019015 0.386129 255 0 0
-0.085555 -0.036028 0.378598 255 0 0
-0.092893 -0.036028 0.386129 255 0 0
-0.095317 -0.032779 0.376427 255 0 0
-0.095317 -0.022264 0.376427 255 0 0
-0.083131 -0.032779 0.388300 255 0 0
-0.083131 -0.022264 0.388300 255 0 0
-0.091395 -0.027521 0.392125 255 0 0
-0.098926 -0.027521 0.384788 255 0 0
-0.079522 -0.027521 0.379940 255 0 0
-0.087053 -0.027521 0.372602 255 0 0
-0.085792 -0.022521 0.374413 255 0 0
-0.091529 -0.024431 0.373137 255 0 0
-0.090649 -0.019431 0.376661 255 0 0
-0.094962 -0.019431 0.381088 255 0 0
-0.089224 -0.017521 0.382364 255 0 0
-0.087799 -0.019431 0.388066 255 0 0
-0.083486 -0.019431 0.383640 255 0 0
-0.079940 -0.024431 0.384428 255 0 0
-0.081365 -0.022521 0.378726 255 0 0
-0.082246 -0.027521 0.375201 255 0 0
-0.098508 -0.024431 0.380299 255 0 0
-0.097083 -0.022521 0.386002 255 0 0
-0.091529 -0.030611 0.373137 255 0 0
-0.096386 -0.027521 0.375385 255 0 0
-0.081365 -0.032521 0.378726 255 0 0
-0.085792 -0.032521 0.374413 255 0 0
-0.082062 -0.027521 0.389342 255 0 0
-0.079940 -0.030611 0.384428 255 0 0
-0.092656 -0.022521 0.390315 255 0 0
-0.086919 -0.024431 0.391591 255 0 0
-0.097083 -0.032521 0.386002 255 0 0
-0.098508 -0.030611 0.380299 255 0 0
-0.094962 -0.035611 0.381088 255 0 0
-0.090649 -0.035611 0.376661 255 0 0
-0.089224 -0.037521 0.382364 255 0 0
-0.083486 -0.035611 0.383640 255 0 0
-0.087799 -0.035611 0.388066 255 0 0
-0.086919 -0.030611 0.391591 255 0 0
-0.092656 -0.032521 0.390315 255 0 0
-0.096202 -0.027521 0.389526 255 0 0
-0.010014 -0.076477 0.432840 255 0 0
-0.017351 -0.076477 0.440371 255 0 0
-0.010014 -0.093490 0.432840 255 0 0
-0.017351 -0.093490 0.440371 255 0 0
-0.019775 -0.090241 0.430669 255 0 0
-0.019775 -0.079726 0.430669 255 0 0
-0.007590 -0.090241 0.442542 255 0 0
-0.007590 -0.079726 0.442542 255 0 0
-0.015853 -0.084984 0.446367 255 0 0
-0.023384 -0.084984 0.439030 255 0 0
-0.003981 -0.084984 0.434182 255 0 0
-0.011512 -0.084984 0.426844 255 0 0
-0.010250 -0.079984 0.428655 255 0 0
-0.015988 -0.081894 0.427379 255 0 0
-0.015107 -0.076894 0.430903 255 0 0
-0.019420 -0.076894 0.435330 255 0 0
-0.013683 -0.074984 0.436606 255 0 0
-0.012258 -0.076894 0.442308 255 0 0
-0.007945 -0.076894 0.437882 255 0 0
-0.004399 -0.081894 0.438670 255 0 0
-0.005824 -0.079984 0.432968 255 0 0
-0.006704 -0.084984 0.429443 255 0 0
-0.022966 -0.081894 0.434541 255 0 0
-0.021542 -0.079984 0.440244 255 0 0
-0.015988 -0.088074 0.427379 255 0 0
-0.020845 -0.084984 0.429627 255 0 0
-0.005824 -0.089984 0.432968 255 0 0
-0.010250 -0.089984 0.428655 255 0 0
-0.006520 -0.084984 0.443584 255 0 0
-0.004399 -0.088074 0.438670 255 0 0
-0.017115 -0.079984 0.444557 255 0 0
-0.011377 -0.081894 0.445833 255 0 0
-0.021542 -0.089984 0.440244 255 0 0
-0.022966 -0.088074 0.434541 255 0 0
-0.019420 -0.093074 0.435330 255 0 0
-0.015107 -0.093074 0.430903 255 0 0
-0.013683 -0.094984 0.436606 255 0 0
-0.007945 -0.093074 0.437882 255 0 0
-0.012258 -0.093074 0.442308 255 0 0
-0.011377 -0.088074 0.445833 255 0 0
-0.017115 -0.089984 0.444557 255 0 0
-0.020661 -0.084984 0.443768 255 0 0
-0.066440 0.072027 0.366881 255 0 0
-0.073778 0.072027 0.374412 255 0 0
-0.066440 0.055014 0.366881 255 0 0
-0.073778 0.055014 0.374412 255 0 0
-0.076202 0.058263 0.364710 255 0 0
-0.076202 0.068777 0.364710 255 0 0
-0.064016 0.058263 0.376582 255 0 0
-0.064016 0.068777 0.376582 255 0 0
-0.072280 0.063520 0.380408 255 0 0
-0.079811 0.063520 0.373070 255 0 0
-0.060407 0.063520 0.368222 255 0 0
-0.067938 0.063520 0.360885 255 0 0
-0.066676 0.068520 0.362695 255 0 0
-0.072414 0.066610 0.361419 255 0 0
-0.071534 0.071610 0.364944 255 0 0
-0.075847 0.071610 0.369370 255 0 0
-0.070109 0.073520 0.370646 255 0 0
-0.068684 0.071610 0.376349 255 0 0
-0.064371 0.071610 0.371922 255 0 0
-0.060825 0.066610 0.372711 255 0 0
-0.062250 0.068520 0.367008 255 0 0
-0.063130 0.063520 0.363484 255 0 0
-0.079393 0.066610 0.368582 255 0 0
-0.077968 0.068520 0.374284 255 0 0
-0.072414 0.060430 0.361419 255 0 0
-0.077271 0.063520 0.363668 255 0 0
-0.062250 0.058520 0.367008 255 0 0
-0.066676 0.058520 0.362695 255 0 0
-0.062946 0.063520 0.377625 255 0 0
-0.060825 0.060430 0.372711 255 0 0
-0.073541 0.068520 0.378597 255 0 0
-0.067804 0.066610 0.379873 255 0 0
-0.077968 0.058520 0.374284 255 0 0
-0.079393 0.060430 0.368582 255 0 0
-0.075847 0.055430 0.369370 255 0 0
-0.071534 0.055430 0.364944 255 0 0
-0.070109 0.053520 0.370646 255 0 0
-0.064371 0.055430 0.371922 255 0 0
-0.068684 0.055430 0.376349 255 0 0
-0.067804 0.060430 0.379873 255 0 0
-0.073541 0.058520 0.378597 255 0 0
-0.077087 0.063520 0.377809 255 0 0
0.018134 -0.058435 0.457952 255 0 0
0.010797 -0.058435 0.465483 255 0 0
0.018134 -0.075448 0.457952 255 0 0
0.010797 -0.075448 0.465483 255 0 0
0.008373 -0.072199 0.455781 255 0 0
0.008373 -0.061684 0.455781 255 0 0
0.020558 -0.072199 0.467654 255 0 0
0.020558 -0.061684 0.467654 255 0 0
0.012295 -0.066942 0.471479 255 0 0
0.004764 -0.066942 0.464142 255 0 0
0.024167 -0.066942 0.459294 255 0 0
0.016636 -0.066942 0.451956 255 0 0
0.017898 -0.061942 0.453767 255 0 0
0.012160 -0.063851 0.452491 255 0 0
0.013041 -0.058851 0.456015 255 0 0
0.008728 -0.058851 0.460442 255 0 0
0.014465 -0.056942 0.461718 255 0 0
0.015890 -0.058851 0.467420 255 0 0
0.020203 -0.058851 0.462994 255 0 0
0.023749 -0.063851 0.463782 255 0 0
0.022324 -0.061942 0.458080 255 0 0
0.021444 -0.066942 0.454555 255 0 0
0.005182 -0.063851 0.459653 255 0 0
0.006606 -0.061942 0.465356 255 0 0
0.012160 -0.070032 0.452491 255 0 0
0.007303 -0.066942 0.454739 255 0 0
0.022324 -0.071942 0.458080 255 0 0
0.017898 -0.071942 0.453767 255 0 0
0.021628 -0.066942 0.468696 255 0 0
0.023749 -0.070032 0.463782 255 0 0
0.011033 -0.061942 0.469669 255 0 0
0.016771 -0.063851 0.470945 255 0 0
0.006606 -0.071942 0.465356 255 0 0
0.005182 -0.070032 0.459653 255 0 0
0.008728 -0.075032 0.460442 255 0 0
0.013041 -0.075032 0.456015 255 0 0
0.014465 -0.076942 0.461718 255 0 0
0.020203 -0.075032 0.462994 255 0 0
0.015890 -0.075032 0.467420 255 0 0
0.016771 -0.070032 0.470945 255 0 0
0.011033 -0.071942 0.469669 255 0 0
0.007487 -0.066942 0.468880 255 0 0
-0.045653 -0.084163 0.440614 255 0 0
-0.052991 -0.084163 0.448145 255 0 0
-0.045653 -0.101176 0.440614 255 0 0
-0.052991 -0.101176 0.448145 255 0 0
-0.055415 -0.097926 0.438443 255 0 0
-0.055415 -0.087412 0.438443 255 0 0
-0.043229 -0.097926 0.450315 255 0 0
-0.043229 -0.087412 0.450315 255 0 0
-0.051493 -0.092669 0.454141 255 0 0
-0.059024 -0.092669 0.446803 255 0 0
-0.039620 -0.092669 0.441955 255 0 0
-0.047151 -0.092669 0.434618 255 0 0
-0.045890 -0.087669 0.436428 255 0 0
-0.051627 -0.089579 0.435152 255 0 0
-0.050747 -0.084579 0.438677 255 0 0
-0.055060 -0.084579 0.443103 255 0 0
-0.049322 -0.082669 0.444379 255 0 0
-0.047897 -0.084579 0.450082 255 0 0
-0.043584 -0.084579 0.445655 255 0 0
-0.040038 -0.089579 0.446444 255 0 0
-0.041463 -0.087669 0.440741 255 0 0
-0.042343 -0.092669 0.437217 255 0 0
-0.058606 -0.089579 0.442315 255 0 0
-0.057181 -0.087669 0.448017 255 0 0
-0.051627 -0.095759 0.435152 255 0 0
-0.056484 -0.092669 0.437401 255 0 0
-0.041463 -0.097669 0.440741 255 0 0
-0.045890 -0.097669 0.436428 255 0 0
-0.042159 -0.092669 0.451358 255 0 0
-0.040038 -0.095759 0.446444 255 0 0
-0.052754 -0.087669 0.452330 255 0 0
-0.047017 -0.089579 0.453606 255 0 0
-0.057181 -0.097669 0.448017 255 0 0
-0.058606 -0.095759 0.442315 255 0 0
-0.055060 -0.100759 0.443103 255 0 0
-0.050747 -0.100759 0.438677 255 0 0
-0.049322 -0.102669 0.444379 255 0 0
-0.043584 -0.100759 0.445655 255 0 0
-0.047897 -0.100759 0.450082 255 0 0
-0.047017 -0.095759 0.453606 255 0 0
-0.052754 -0.097669 0.452330 255 0 0
-0.056300 -0.092669 0.451542 255 0 0
-0.047664 0.032509 0.405979 255 0 0
-0.055001 0.032509 0.413510 255 0 0
-0.047664 0.015496 0.405979 255 0 0
-0.055001 0.015496 0.413510 255 0 0
-0.057425 0.018745 0.403808 255 0 0
-0.057425 0.029260 0.403808 255 0 0
-0.045240 0.018745 0.415681 255 0 0
-0.045240 0.029260 0.415681 255 0 0
-0.053503 0.024002 0.419506 255 0 0
-0.061034 0.024002 0.412169 255 0 0
-0.041631 0.024002 0.407321 255 0 0
-0.049162 0.024002 0.399983 255 0 0
-0.047900 0.029002 0.401794 255 0 0
-0.053638 0.027093 0.400518 255 0 0
-0.052757 0.032093 0.404042 255 0 0
-0.057070 0.032093 0.408469 255 0 0
-0.051333 0.034002 0.409745 255 0 0
-0.049908 0.032093 0.415447 255 0 0
-0.045595 0.032093 0.411021 255 0 0
-0.042049 0.027093 0.411809 255 0 0
-0.043473 0.029002 0.406107 255 0 0
-0.044354 0.024002 0.402582 255 0 0
-0.060616 0.027093 0.407680 255 0 0
-0.059192 0.029002 0.413383 255 0 0
-0.053638 0.020912 0.400518 255 0 0
-0.058495 0.024002 0.402766 255 0 0
-0.043473 0.019002 0.406107 255 0 0
-0.047900 0.019002 0.401794 255 0 0
-0.044170 0.024002 0.416723 255 0 0
-0.042049 0.020912 0.411809 255 0 0
-0.054765 0.029002 0.417696 255 0 0
-0.049027 0.027093 0.418972 255 0 0
-0.059192 0.019002 0.413383 255 0 0
-0.060616 0.020912 0.407680 255 0 0
-0.057070 0.015912 0.408469 255 0 0
-0.052757 0.015912 0.404042 255 0 0
-0.051333 0.014002 0.409745 255 0 0
-0.045595 0.015912 0.411021 255 0 0
-0.049908 0.015912 0.415447 255 0 0
-0.049027 0.020912 0.418972 255 0 0
-0.054765 0.019002 0.417696 255 0 0
-0.058311 0.024002 0.416907 255 0 0
0.027070 0.084589 0.442155 255 0 0
0.019733 0.084589 0.449686 255 0 0
0.027070 0.067576 0.442155 255 0 0
0.019733 0.067576 0.449686 255 0 0
0.017309 0.070825 0.439985 255 0 0
0.017309 0.081340 0.439985 255 0 0
0.029494 0.070825 0.451857 255 0 0
0.029494 0.081340 0.451857 255 0 0
0.021231 0.076082 0.455682 255 0 0
0.013700 0.076082 0.448345 255 0 0
0.033103 0.076082 0.443497 255 0 0
0.025572 0.076082 0.436159 255 0 0
0.026834 0.081082 0.437970 255 0 0
0.021096 0.079172 0.436694 255 0 0
0.021977 0.084172 0.440218 255 0 0
0.017664 0.084172 0.444645 255 0 0
0.023402 0.086082 0.445921 255 0 0
0.024826 0.084172 0.451623 255 0 0
0.029139 0.084172 0.447197 255 0 0
0.032685 0.079172 0.447985 255 0 0
0.031261 0.081082 0.442283 255 0 0
0.030380 0.076082 0.438758 255 0 0
0.014118 0.079172 0.443856 255 0 0
0.015543 0.081082 0.449559 255 0 0
0.021096 0.072992 0.436694 255 0 0
0.016239 0.076082 0.438942 255 0 0
0.031261 0.071082 0.442283 255 0 0
0.026834 0.071082 0.437970 255 0 0
0.030564 0.076082 0.452899 255 0 0
0.032685 0.072992 0.447985 255 0 0
0.019969 0.081082 0.453872 255 0 0
0.025707 0.079172 0.455148 255 0 0
0.015543 0.071082 0.449559 255 0 0
0.014118 0.072992 0.443856 255 0 0
0.017664 0.067992 0.444645 255 0 0
0.021977 0.067992 0.440218 255 0 0
0.023402 0.066082 0.445921 255 0 0
0.029139 0.067992 0.447197 255 0 0
0.024826 0.067992 0.451623 255 0 0
0.025707 0.072992 0.455148 255 0 0
0.019969 0.071082 0.453872 255 0 0
0.016423 0.076082 0.453083 255 0 0
-0.028703 0.091733 0.403962 255 0 0
-0.036041 0.091733 0.411493 255 0 0
-0.028703 0.074720 0.403962 255 0 0
-0.036041 0.074720 0.411493 255 0 0
-0.038465 0.077969 0.401792 255 0 0
-0.038465 0.088484 0.401792 255 0 0
-0.026279 0.077969 0.413664 255 0 0
-0.026279 0.088484 0.413664 255 0 0
-0.034543 0.083226 0.417489 255 0 0
-0.042074 0.083226 0.410152 255 0 0
-0.022670 0.083226 0.405304 255 0 0
-0.030201 0.083226 0.397966 255 0 0
-0.028939 0.088226 0.399777 255 0 0
-0.034677 0.086316 0.398501 255 0 0
-0.033797 0.091316 0.402025 255 0 0
-0.038110 0.091316 0.406452 255 0 0
-0.032372 0.093226 0.407728 255 0 0
-0.030947 0.091316 0.413430 255 0 0
-0.026634 0.091316 0.409004 255 0 0
-0.023088 0.086316 0.409792 255 0 0
-0.024513 0.088226 0.404090 255 0 0
-0.025393 0.083226 0.400565 255 0 0
-0.041656 0.086316 0.405663 255 0 0
-0.040231 0.088226 0.411366 255 0 0
-0.034677 0.080136 0.398501 255 0 0
-0.039534 0.083226 0.400749 255 0 0
-0.024513 0.078226 0.404090 255 0 0
-0.028939 0.078226 0.399777 255 0 0
-0.025209 0.083226 0.414706 255 0 0
-0.023088 0.080136 0.409792 255 0 0
-0.035804 0.088226 0.415679 255 0 0
-0.030067 0.086316 0.416955 255 0 0
-0.040231 0.078226 0.411366 255 0 0
-0.041656 0.080136 0.405663 255 0 0
-0.038110 0.075136 0.406452 255 0 0
-0.033797 0.075136 0.402025 255 0 0
-0.032372 0.073226 0.407728 255 0 0
-0.026634 0.075136 0.409004 255 0 0
-0.030947 0.075136 0.413430 255 0 0
-0.030067 0.080136 0.416955 255 0 0
-0.035804 0.078226 0.415679 255 0 0
-0.039350 0.083226 0.414890 255 0 0
-0.002456 0.099767 0.434177 255 0 0
-0.009794 0.099767 0.441708 255 0 0
-0.002456 0.082754 0.434177 255 0 0
-0.009794 0.082754 0.441708 255 0 0
-0.012218 0.086003 0.432007 255 0 0
-0.012218 0.096518 0.432007 255 0 0
-0.000033 0.086003 0.443879 255 0 0
-0.000033 0.096518 0.443879 255 0 0
-0.008296 0.091260 0.447704 255 0 0
-0.015827 0.091260 0.440367 255 0 0
0.003576 0.091260 0.435519 255 0 0
-0.003955 0.091260 0.428181 255 0 0
-0.002693 0.096260 0.429992 255 0 0
-0.008431 0.094350 0.428716 255 0 0
-0.007550 0.099350 0.432240 255 0 0
-0.011863 0.099350 0.436667 255 0 0
-0.006125 0.101260 0.437943 255 0 0
-0.004701 0.099350 0.443645 255 0 0
-0.000388 0.099350 0.439219 255 0 0
0.003158 0.094350 0.440007 255 0 0
0.001734 0.096260 0.434305 255 0 0
0.000853 0.091260 0.430780 255 0 0
-0.015409 0.094350 0.435878 255 0 0
-0.013984 0.096260 0.441581 255 0 0
-0.008431 0.088170 0.428716 255 0 0
-0.013288 0.091260 0.430964 255 0 0
0.001734 0.086260 0.434305 255 0 0
-0.002693 0.086260 0.429992 255 0 0
0.001037 0.091260 0.444921 255 0 0
0.003158 0.088170 0.440007 255 0 0
-0.009558 0.096260 0.445894 255 0 0
-0.003820 0.094350 0.447170 255 0 0
-0.013984 0.086260 0.441581 255 0 0
-0.015409 0.088170 0.435878 255 0 0
-0.011863 0.083170 0.436667 255 0 0
-0.007550 0.083170 0.432240 255 0 0
-0.006125 0.081260 0.437943 255 0 0
-0.000388 0.083170 0.439219 255 0 0
-0.004701 0.083170 0.443645 255 0 0
-0.003820 0.088170 0.447170 255 0 0
-0.009558 0.086260 0.445894 255 0 0
-0.013104 0.091260 0.445105 255 0 0
0.031867 0.069847 0.452318 255 0 0
0.024529 0.069847 0.459849 255 0 0
0.031867 0.052834 0.452318 255 0 0
0.024529 0.052834 0.459849 255 0 0
0.022105 0.056083 0.450147 255 0 0
0.022105 0.066598 0.450147 255 0 0
0.034291 0.056083 0.462020 255 0 0
0.034291 0.066598 0.462020 255 0 0
0.026027 0.061341 0.465845 255 0 0
0.018496 0.061341 0.458507 255 0 0
0.037900 0.061341 0.453659 255 0 0
0.030369 0.061341 0.446322 255 0 0
0.031630 0.066341 0.448132 255 0 0
0.025893 0.064431 0.446856 255 0 0
0.026773 0.069431 0.450381 255 0 0
0.022460 0.069431 0.454807 255 0 0
0.028198 0.071341 0.456083 255 0 0
0.029623 0.069431 0.461786 255 0 0
0.033936 0.069431 0.457359 255 0 0
0.037482 0.064431 0.458148 255 0 0
0.036057 0.066341 0.452445 255 0 0
0.035176 0.061341 0.448921 255 0 0
0.018914 0.064431 0.454019 255 0 0
0.020339 0.066341 0.459722 255 0 0
0.025893 0.058250 0.446856 255 0 0
0.021036 0.061341 0.449105 255 0 0
0.036057 0.056341 0.452445 255 0 0
0.031630 0.056341 0.448132 255 0 0
0.035360 0.061341 0.463062 255 0 0
0.037482 0.058250 0.458148 255 0 0
0.024766 0.066341 0.464034 255 0 0
0.030503 0.064431 0.465310 255 0 0
0.020339 0.056341 0.459722 255 0 0
0.018914 0.058250 0.454019 255 0 0
0.022460 0.053250 0.454807 255 0 0
0.026773 0.053250 0.450381 255 0 0
0.028198 0.051341 0.456083 255 0 0
0.033936 0.053250 0.457359 255 0 0
0.029623 0.053250 0.461786 255 0 0
0.030503 0.058250 0.465310 255 0 0
0.024766 0.056341 0.464034 255 0 0
0.021220 0.061341 0.463246 255 0 0
-0.059401 -0.080214 0.446020 255 0 0
-0.066738 -0.080214 0.453551 255 0 0
-0.059401 -0.097227 0.446020 255 0 0
-0.066738 -0.097227 0.453551 255 0 0
-0.069162 -0.093978 0.443849 255 0 0
-0.069162 -0.083464 0.443849 255 0 0
-0.056977 -0.093978 0.455722 255 0 0
-0.056977 -0.083464 0.455722 255 0 0
-0.065240 -0.088721 0.459547 255 0 0
-0.072771 -0.088721 0.452209 255 0 0
-0.053368 -0.088721 0.447362 255 0 0
-0.060899 -0.088721 0.440024 255 0 0
-0.059637 -0.083721 0.441834 255 0 0
-0.065375 -0.085631 0.440559 255 0 0
-0.064494 -0.080631 0.444083 255 0 0
-0.068807 -0.080631 0.448510 255 0 0
-0.063069 -0.078721 0.449785 255 0 0
-0.061645 -0.080631 0.455488 255 0 0
-0.057332 -0.080631 0.451061 255 0 0
-0.053786 -0.085631 0.451850 255 0 0
-0.055210 -0.083721 0.446147 255 0 0
-0.056091 -0.088721 0.442623 255 0 0
-0.072353 -0.085631 0.447721 255 0 0
-0.070928 -0.083721 0.453424 255 0 0
-0.065375 -0.091811 0.440559 255 0 0
-0.070232 -0.088721 0.442807 255 0 0
-0.055210 -0.093721 0.446147 255 0 0
-0.059637 -0.093721 0.441834 255 0 0
-0.055907 -0.088721 0.456764 255 0 0
-0.053786 -0.091811 0.451850 255 0 0
-0.066502 -0.083721 0.457736 255 0 0
-0.060764 -0.085631 0.459012 255 0 0
-0.070928 -0.093721 0.453424 255 0 0
-0.072353 -0.091811 0.447721 255 0 0
-0.068807 -0.096811 0.448510 255 0 0
-0.064494 -0.096811 0.444083 255 0 0
-0.063069 -0.098721 0.449785 255 0 0
-0.057332 -0.096811 0.451061 255 0 0
-0.061645 -0.096811 0.455488 255 0 0
-0.060764 -0.091811 0.459012 255 0 0
-0.066502 -0.093721 0.457736 255 0 0
-0.070048 -0.088721 0.456948 255 0 0
-0.020401 -0.035248 0.412476 255 0 0
-0.027739 -0.035248 0.420007 255 0 0
-0.020401 -0.052261 0.412476 255 0 0
-0.027739 -0.052261 0.420007 255 0 0
-0.030163 -0.049012 0.410306 255 0 0
-0.030163 -0.038497 0.410306 255 0 0
-0.017977 -0.049012 0.422178 255 0 0
-0.017977 -0.038497 0.422178 255 0 0
-0.026241 -0.043754 0.426003 255 0 0
-0.033772 -0.043754 0.418666 255 0 0
-0.014368 -0.043754 0.413818 255 0 0
-0.021899 -0.043754 0.406480 255 0 0
-0.020637 -0.038754 0.408291 255 0 0
-0.026375 -0.040664 0.407015 255 0 0
-0.025495 -0.035664 0.410539 255 0 0
-0.029808 -0.035664 0.414966 255 0 0
-0.024070 -0.033754 0.416242 255 0 0
-0.022645 -0.035664 0.421944 255 0 0
-0.018332 -0.035664 0.417518 255 0 0
-0.014786 -0.040664 0.418306 255 0 0
-0.016211 -0.038754 0.412604 255 0 0
-0.017091 -0.043754 0.409079 255 0 0
-0.033354 -0.040664 0.414177 255 0 0
-0.031929 -0.038754 0.419880 255 0 0
-0.026375 -0.046845 0.407015 255 0 0
-0.031232 -0.043754 0.409263 255 0 0
-0.016211 -0.048754 0.412604 255 0 0
-0.020637 -0.048754 0.408291 255 0 0
-0.016907 -0.043754 0.423220 255 0 0
-0.014786 -0.046845 0.418306 255 0 0
-0.027502 -0.038754 0.424193 255 0 0
-0.021765 -0.040664 0.425469 255 0 0
-0.031929 -0.048754 0.419880 255 0 0
-0.033354 -0.046845 0.414177 255 0 0
-0.029808 -0.051845 0.414966 255 0 0
-0.025495 -0.051845 0.410539 255 0 0
-0.024070 -0.053754 0.416242 255 0 0
-0.018332 -0.051845 0.417518 255 0 0
-0.022645 -0.051845 0.421944 255 0 0
-0.021765 -0.046845 0.425469 255 0 0
-0.027502 -0.048754 0.424193 255 0 0
-0.031048 -0.043754 0.423404 255 0 0
-0.045972 0.011753 0.404980 255 0 0
-0.053310 0.011753 0.412511 255 0 0
-0.045972 -0.005260 0.404980 255 0 0
-0.053310 -0.005260 0.412511 255 0 0
-0.055734 -0.002011 0.402810 255 0 0
-0.055734 0.008503 0.402810 255 0 0
-0.043548 -0.002011 0.414682 255 0 0
-0.043548 0.008503 0.414682 255 0 0
-0.051812 0.003246 0.418507 255 0 0
-0.059343 0.003246 0.411170 255 0 0
-0.039939 0.003246 0.406322 255 0 0
-0.047470 0.003246 0.398984 255 0 0
-0.046209 0.008246 0.400795 255 0 0
-0.051946 0.006336 0.399519 255 0 0
-0.051066 0.011336 0.403043 255 0 0
-0.055379 0.011336 0.407470 255 0 0
-0.049641 0.013246 0.408746 255 0 0
-0.048216 0.011336 0.414448 255 0 0
-0.043903 0.011336 0.410022 255 0 0
-0.040357 0.006336 0.410810 255 0 0
-0.041782 0.008246 0.405108 255 0 0
-0.042663 0.003246 0.401583 255 0 0
-0.058925 0.006336 0.406681 255 0 0
-0.057500 0.008246 0.412384 255 0 0
-0.051946 0.000156 0.399519 255 0 0
-0.056803 0.003246 0.401767 255 0 0
-0.041782 -0.001754 0.405108 255 0 0
-0.046209 -0.001754 0.400795 255 0 0
-0.042479 0.003246 0.415724 255 0 0
-0.040357 0.000156 0.410810 255 0 0
-0.053073 0.008246 0.416697 255 0 0
-0.047336 0.006336 0.417973 255 0 0
-0.057500 -0.001754 0.412384 255 0 0
-0.058925 0.000156 0.406681 255 0 0
-0.055379 -0.004844 0.407470 255 0 0
-0.051066 -0.004844 0.403043 255 0 0
-0.049641 -0.006754 0.408746 255 0 0
-0.043903 -0.004844 0.410022 255 0 0
-0.048216 -0.004844 0.414448 255 0 0
-0.047336 0.000156 0.417973 255 0 0
-0.053073 -0.001754 0.416697 255 0 0
-0.056620 0.003246 0.415908 255 0 0
-0.097927 0.027014 0.368361 255 0 0
-0.105264 0.027014 0.375892 255 0 0
-0.097927 0.010001 0.368361 255 0 0
-0.105264 0.010001 0.375892 255 0 0
-0.107688 0.013251 0.366190 255 0 0
-0.107688 0.023765 0.366190 255 0 0
-0.095503 0.013251 0.378063 255 0 0
-0.095503 0.023765 0.378063 255 0 0
-0.103766 0.018508 0.381888 255 0 0
-0.111297 0.018508 0.374551 255 0 0
-0.091894 0.018508 0.369703 255 0 0
-0.099425 0.018508 0.362365 255 0 0
-0.098163 0.023508 0.364176 255 0 0
-0.103901 0.021598 0.362900 255 0 0
-0.103020 0.026598 0.366424 255 0 0
-0.107333 0.026598 0.370851 255 0 0
-0.101596 0.028508 0.372127 255 0 0
-0.100171 0.026598 0.377829 255 0 0
-0.095858 0.026598 0.373403 255 0 0
-0.092312 0.021598 0.374191 255 0 0
-0.093737 0.023508 0.368489 255 0 0
-0.094617 0.018508 0.364964 255 0 0
-0.110879 0.021598 0.370062 255 0 0
-0.109455 0.023508 0.375765 255 0 0
-0.103901 0.015418 0.362900 255 0 0
-0.108758 0.018508 0.365148 255 0 0
-0.093737 0.013508 0.368489 255 0 0
-0.098163 0.013508 0.364176 255 0 0
-0.094433 0.018508 0.379105 255 0 0
-0.092312 0.015418 0.374191 255 0 0
-0.105028 0.023508 0.380078 255 0 0
-0.099290 0.021598 0.381354 255 0 0
-0.109455 0.013508 0.375765 255 0 0
-0.110879 0.015418 0.370062 255 0 0
-0.107333 0.010418 0.370851 255 0 0
-0.103020 0.010418 0.366424 255 0 0
-0.101596 0.008508 0.372127 255 0 0
-0.095858 0.010418 0.373403 255 0 0
-0.100171 0.010418 0.377829 255 0 0
-0.099290 0.015418 0.381354 255 0 0
-0.105028 0.013508 0.380078 255 0 0
-0.108574 0.018508 0.379289 255 0 0
-0.083059 -0.011889 0.450828 255 0 0
-0.090397 -0.011889 0.458359 255 0 0
-0.083059 -0.028902 0.450828 255 0 0
-0.090397 -0.028902 0.458359 255 0 0
-0.092820 -0.025653 0.448657 255 0 0
-0.092820 -0.015138 0.448657 255 0 0
-0.080635 -0.025653 0.460530 255 0 0
-0.080635 -0.015138 0.460530 255 0 0
-0.088898 -0.020395 0.464355 255 0 0
-0.096429 -0.020395 0.457017 255 0 0
-0.077026 -0.020395 0.452169 255 0 0
-0.084557 -0.020395 0.444832 255 0 0
-0.083295 -0.015395 0.446642 255 0 0
-0.089033 -0.017305 0.445366 255 0 0
-0.088152 -0.012305 0.448891 255 0 0
-0.092465 -0.012305 0.453317 255 0 0
-0.086728 -0.010395 0.454593 255 0 0
-0.085303 -0.012305 0.460296 255 0 0
-0.080990 -0.012305 0.455869 255 0 0
-0.077444 -0.017305 0.456658 255 0 0
-0.078869 -0.015395 0.450955 255 0 0
-0.079749 -0.020395 0.447431 255 0 0
-0.096012 -0.017305 0.452529 255 0 0
-0.094587 -0.015395 0.458231 255 0 0
-0.089033 -0.023485 0.445366 255 0 0
-0.093890 -0.020395 0.447615 255 0 0
-0.078869 -0.025395 0.450955 255 0 0
-0.083295 -0.025395 0.446642 255 0 0
-0.079565 -0.020395 0.461572 255 0 0
-0.077444 -0.023485 0.456658 255 0 0
-0.090160 -0.015395 0.462544 255 0 0
-0.084422 -0.017305 0.463820 255 0 0
-0.094587 -0.025395 0.458231 255 0 0
-0.096012 -0.023485 0.452529 255 0 0
-0.092465 -0.028485 0.453317 255 0 0
-0.088152 -0.028485 0.448891 255 0 0
-0.086728 -0.030395 0.454593 255 0 0
-0.080990 -0.028485 0.455869 255 0 0
-0.085303 -0.028485 0.460296 255 0 0
-0.084422 -0.023485 0.463820 255 0 0
-0.090160 -0.025395 0.462544 255 0 0
-0.093706 -0.020395 0.461756 255 0 0
-0.080215 -0.038364 0.392274 255 0 0
-0.087552 -0.038364 0.399805 255 0 0
-0.080215 -0.055377 0.392274 255 0 0
-0.087552 -0.055377 0.399805 255 0 0
-0.089976 -0.052127 0.390103 255 0 0
-0.089976 -0.041613 0.390103 255 0 0
-0.077791 -0.052127 0.401976 255 0 0
-0.077791 -0.041613 0.401976 255 0 0
-0.086054 -0.046870 0.405801 255 0 0
-0.093585 -0.046870 0.398463 255 0 0
-0.074182 -0.046870 0.393616 255 0 0
-0.081713 -0.046870 0.386278 255 0 0
-0.080451 -0.041870 0.388089 255 0 0
-0.086189 -0.043780 0.386813 255 0 0
-0.085308 -0.038780 0.390337 255 0 0
-0.089621 -0.038780 0.394764 255 0 0
-0.083884 -0.036870 0.396040 255 0 0
-0.082459 -0.038780 0.401742 255 0 0
-0.078146 -0.038780 0.397315 255 0 0
-0.074600 -0.043780 0.398104 255 0 0
-0.076025 -0.041870 0.392401 255 0 0
-0.076905 -0.046870 0.388877 255 0 0
-0.093167 -0.043780 0.393975 255 0 0
-0.091743 -0.041870 0.399678 255 0 0
-0.086189 -0.049960 0.386813 255 0 0
-0.091046 -0.046870 0.389061 255 0 0
-0.076025 -0.051870 0.392401 255 0 0
-0.080451 -0.051870 0.388089 255 0 0
-0.076721 -0.046870 0.403018 255 0 0
-0.074600 -0.049960 0.398104 255 0 0
-0.087316 -0.041870 0.403991 255 0 0
-0.081578 -0.043780 0.405266 255 0 0
-0.091743 -0.051870 0.399678 255 0 0
-0.093167 -0.049960 0.393975 255 0 0
-0.089621 -0.054960 0.394764 255 0 0
-0.085308 -0.054960 0.390337 255 0 0
-0.083884 -0.056870 0.396040 255 0 0
-0.078146 -0.054960 0.397315 255 0 0
-0.082459 -0.054960 0.401742 255 0 0
-0.081578 -0.049960 0.405266 255 0 0
-0.087316 -0.051870 0.403991 255 0 0
-0.090862 -0.046870 0.403202 255 0 0
-0.076957 0.073509 0.396599 255 0 0
-0.084295 0.073509 0.404130 255 0 0
-0.076957 0.056496 0.396599 255 0 0
-0.084295 0.056496 0.404130 255 0 0
-0.086719 0.059745 0.394428 255 0 0
-0.086719 0.070260 0.394428 255 0 0
-0.074533 0.059745 0.406301 255 0 0
-0.074533 0.070260 0.406301 255 0 0
-0.082797 0.065003 0.410126 255 0 0
-0.090328 0.065003 0.402789 255 0 0
-0.070924 0.065003 0.397941 255 0 0
-0.078455 0.065003 0.390603 255 0 0
-0.077194 0.070003 0.392414 255 0 0
-0.082931 0.068093 0.391138 255 0 0
-0.082051 0.073093 0.394662 255 0 0
-0.086364 0.073093 0.399089 255 0 0
-0.080626 0.075003 0.400365 255 0 0
-0.079201 0.073093 0.406067 255 0 0
-0.074888 0.073093 0.401641 255 0 0
-0.071342 0.068093 0.402429 255 0 0
-0.072767 0.070003 0.396727 255 0 0
-0.073648 0.065003 0.393202 255 0 0
-0.089910 0.068093 0.398300 255 0 0
-0.088485 0.070003 0.404003 255 0 0
-0.082931 0.061913 0.391138 255 0 0
-0.087789 0.065003 0.393386 255 0 0
-0.072767 0.060003 0.396727 255 0 0
-0.077194 0.060003 0.392414 255 0 0
-0.073464 0.065003 0.407343 255 0 0
-0.071342 0.061913 0.402429 255 0 0
-0.084058 0.070003 0.408316 255 0 0
-0.078321 0.068093 0.409592 255 0 0
-0.088485 0.060003 0.404003 255 0 0
-0.089910 0.061913 0.398300 255 0 0
-0.086364 0.056913 0.399089 255 0 0
-0.082051 0.056913 0.394662 255 0 0
-0.080626 0.055003 0.400365 255 0 0
-0.074888 0.056913 0.401641 255 0 0
-0.079201 0.056913 0.406067 255 0 0
-0.078321 0.061913 0.409592 255 0 0
-0.084058 0.060003 0.408316 255 0 0
-0.087605 0.065003 0.407527 255 0 0
0.005447 0.080195 0.392084 255 0 0
-0.001891 0.080195 0.399615 255 0 0
0.005447 0.063182 0.392084 255 0 0
-0.001891 0.063182 0.399615 255 0 0
-0.004315 0.066431 0.389913 255 0 0
-0.004315 0.076946 0.389913 255 0 0
0.007871 0.066431 0.401785 255 0 0
0.007871 0.076946 0.401785 255 0 0
-0.000393 0.071689 0.405611 255 0 0
-0.007924 0.071689 0.398273 255 0 0
0.011480 0.071689 0.393425 255 0 0
0.003949 0.071689 0.386088 255 0 0
0.005210 0.076689 0.387898 255 0 0
-0.000527 0.074779 0.386622 255 0 0
0.000353 0.079779 0.390147 255 0 0
-0.003960 0.079779 0.394573 255 0 0
0.001778 0.081689 0.395849 255 0 0
0.003203 0.079779 0.401552 255 0 0
0.007516 0.079779 0.397125 255 0 0
0.011062 0.074779 0.397914 255 0 0
0.009637 0.076689 0.392211 255 0 0
0.008757 0.071689 0.388687 255 0 0
-0.007506 0.074779 0.393785 255 0 0
-0.006081 0.076689 0.399487 255 0 0
-0.000527 0.068599 0.386622 255 0 0
-0.005384 0.071689 0.388871 255 0 0
0.009637 0.066689 0.392211 255 0 0
0.005210 0.066689 0.387898 255 0 0
0.008940 0.071689 0.402828 255 0 0
0.011062 0.068599 0.397914 255 0 0
-0.001654 0.076689 0.403800 255 0 0
0.004083 0.074779 0.405076 255 0 0
-0.006081 0.066689 0.399487 255 0 0
-0.007506 0.068599 0.393785 255 0 0
-0.003960 0.063599 0.394573 255 0 0
0.000353 0.063599 0.390147 255 0 0
0.001778 0.061689 0.395849 255 0 0
0.007516 0.063599 0.397125 255 0 0
0.003203 0.063599 0.401552 255 0 0
0.004083 0.068599 0.405076 255 0 0
-0.001654 0.066689 0.403800 255 0 0
-0.005200 0.071689 0.403012 255 0 0
0.017924 0.111412 0.448702 255 0 0
0.010587 0.111412 0.456233 255 0 0
0.017924 0.094399 0.448702 255 0 0
0.010587 0.094399 0.456233 255 0 0
0.008163 0.097648 0.446531 255 0 0
0.008163 0.108162 0.446531 255 0 0
0.020348 0.097648 0.458403 255 0 0
0.020348 0.108162 0.458403 255 0 0
0.012085 0.102905 0.462229 255 0 0
0.004554 0.102905 0.454891 255 0 0
0.023957 0.102905 0.450043 255 0 0
0.016426 0.102905 0.442706 255 0 0
0.017688 0.107905 0.444516 255 0 0
0.011950 0.105995 0.443240 255 0 0
0.012831 0.110995 0.446765 255 0 0
0.008518 0.110995 0.451191 255 0 0
0.014255 0.112905 0.452467 255 0 0
0.015680 0.110995 0.458170 255 0 0
0.019993 0.110995 0.453743 255 0 0
0.023539 0.105995 0.454532 255 0 0
0.022114 0.107905 0.448829 255 0 0
0.021234 0.102905 0.445305 255 0 0
0.004972 0.105995 0.450403 255 0 0
0.006396 0.107905 0.456105 255 0 0
0.011950 0.099815 0.443240 255 0 0
0.007093 0.102905 0.445489 255 0 0
0.022114 0.097905 0.448829 255 0 0
0.017688 0.097905 0.444516 255 0 0
0.021418 0.102905 0.459446 255 0 0
0.023539 0.099815 0.454532 255 0 0
0.010823 0.107905 0.460418 255 0 0
0.016561 0.105995 0.461694 255 0 0
0.006396 0.097905 0.456105 255 0 0
0.004972 0.099815 0.450403 255 0 0
0.008518 0.094815 0.451191 255 0 0
0.012831 0.094815 0.446765 255 0 0
0.014255 0.092905 0.452467 255 0 0
0.019993 0.094815 0.453743 255 0 0
0.015680 0.094815 0.458170 255 0 0
0.016561 0.099815 0.461694 255 0 0
0.010823 0.097905 0.460418 255 0 0
0.007277 0.102905 0.459630 255 0 0
3 0 12 14
3 11 13 12
3 5 14 13
3 12 13 14
3 0 14 16
3 5 15 14
3 1 16 15
3 14 15 16
3 0 16 18
3 1 17 16
3 7 18 17
3 16 17 18
3 0 18 20
3 7 19 18
3 10 20 19
3 18 19 20
3 0 20 12
3 10 21 20
3 11 12 21
3 20 21 12
3 1 15 23
3 5 22 15
3 9 23 22
3 15 22 23
3 5 13 25
3 11 24 13
3 4 25 24
3 13 24 25
3 11 21 27
3 10 26 21
3 2 27 26
3 21 26 27
3 10 19 29
3 7 28 19
3 6 29 28
3 19 28 29
3 7 17 31
3 1 30 17
3 8 31 30
3 17 30 31
3 3 32 34
3 9 33 32
3 4 34 33
3 32 33 34
3 3 34 36
3 4 35 34
3 2 36 35
3 34 35 36
3 3 36 38
3 2 37 36
3 6 38 37
3 36 37 38
3 3 38 40
3 6 39 38
3 8 40 39
3 38 39 40
3 3 40 32
3 8 41 40
3 9 32 41
3 40 41 32
3 4 33 25
3 9 22 33
3 5 25 22
3 33 22 25
3 2 35 27
3 4 24 35
3 11 27 24
3 35 24 27
3 6 37 29
3 2 26 37
3 10 29 26
3 37 26 29
3 8 39 31
3 6 28 39
3 7 31 28
3 39 28 31
3 9 41 23
3 8 30 41
3 1 23 30
3 41 30 23
3 42 54 56
3 53 55 54
3 47 56 55
3 54 55 56
3 42 56 58
3 47 57 56
3 43 58 57
3 56 57 58
3 42 58 60
3 43 59 58
3 49 60 59
3 58 59 60
3 42 60 62
3 49 61 60
3 52 62 61
3 60 61 62
3 42 62 54
3 52 63 62
3 53 54 63
3 62 63 54
3 43 57 65
3 47 64 57
3 51 65 64
3 57 64 65
3 47 55 67
3 53 66 55
3 46 67 66
3 55 66 67
3 53 63 69
3 52 68 63
3 44 69 68
3 63 68 69
3 52 61 71
3 49 70 61
3 48 71 70
3 61 70 71
3 49 59 73
3 43 72 59
3 50 73 72
3 59 72 73
3 45 74 76
3 51 75 74
3 46 76 75
3 74 75 76
3 45 76 78
3 46 77 76
3 44 78 77
3 76 77 78
3 45 78 80
3 44 79 78
3 48 80 79
3 78 79 80
3 45 80 82
3 48 81 80
3 50 82 81
3 80 81 82
3 45 82 74
3 50 83 82
3 51 74 83
3 82 83 74
3 46 75 67
3 51 64 75
3 47 67 64
3 75 64 67
3 44 77 69
3 46 66 77
3 53 69 66
3 77 66 69
3 48 79 71
3 44 68 79
3 52 71 68
3 79 68 71
3 50 81 73
3 48 70 81
3 49 73 70
3 81 70 73
3 51 83 65
3 50 72 83
3 43 65 72
3 83 72 65
3 84 96 98
3 95 97 96
3 89 98 97
3 96 97 98
3 84 98 100
3 89 99 98
3 85 100 99
3 98 99 100
3 84 100 102
3 85 101 100
3 91 102 101
3 100 101 102
3 84 102 104
3 91 103 102
3 94 104 103
3 102 103 104
3 84 104 96
3 94 105 104
3 95 96 105
3 104 105 96
3 85 99 107
3 89 106 99
3 93 107 106
3 99 106 107
3 89 97 109
3 95 108 97
3 88 109 108
3 97 108 109
3 95 105 111
3 94 110 105
3 86 111 110
3 105 110 111
3 94 103 113
3 91 112 103
3 90 113 112
3 103 112 113
3 91 101 115
3 85 114 101
3 92 115 114
3 101 114 115
3 87 116 118
3 93 117 116
3 88 118 117
3 116 117 118
3 87 118 120
3 88 119 118
3 86 120 119
3 118 119 120
3 87 120 122
3 86 121 120
3 90 122 121
3 120 121 122
3 87 122 124
3 90 123 122
3 92 124 123
3 122 123 124
3 87 124 116
3 92 125 124
3 93 116 125
3 124 125 116
3 88 117 109
3 93 106 117
3 89 109 106
3 117 106 109
3 86 119 111
3 88 108 119
3 95 111 108
3 119 108 111
3 90 121 113
3 86 110 121
3 94 113 110
3 121 110 113
3 92 123 115
3 90 112 123
3 91 115 112
3 123 112 115
3 93 125 107
3 92 114 125
3 85 107 114
3 125 114 107
3 126 138 140
3 137 139 138
3 131 140 139
3 138 139 140
3 126 140 142
3 131 141 140
3 127 142 141
3 140 141 142
3 126 142 144
3 127 143 142
3 133 144 143
3 142 143 144
3 126 144 146
3 133 145 144
3 136 146 145
3 144 145 146
3 126 146 138
3 136 147 146
3 137 138 147
3 146 147 138
3 127 141 149
3 131 148 141
3 135 149 148
3 141 148 149
3 131 139 151
3 137 150 139
3 130 151 150
3 139 150 151
3 137 147 153
3 136 152 147
3 128 153 152
3 147 152 153
3 136 145 155
3 133 154 145
3 132 155 154
3 145 154 155
3 133 143 157
3 127 156 143
3 134 157 156
3 143 156 157
3 129 158 160
3 135 159 158
3 130 160 159
3 158 159 160
3 129 160 162
3 130 161 160
3 128 162 161
3 160 161 162
3 129 162 164
3 128 163 162
3 132 164 163
3 162 163 164
3 129 164 166
3 132 165 164
3 134 166 165
3 164 165 166
3 129 166 158
3 134 167 166
3 135 158 167
3 166 167 158
3 130 159 151
3 135 148 159
3 131 151 148
3 159 148 151
3 128 161 153
3 130 150 161
3 137 153 150
3 161 150 153
3 132 163 155
3 128 152 163
3 136 155 152
3 163 152 155
3 134 165 157
3 132 154 165
3 133 157 154
3 165 154 157
3 135 167 149
3 134 156 167
3 127 149 156
3 167 156 149
3 168 180 182
3 179 181 180
3 173 182 181
3 180 181 182
3 168 182 184
3 173 183 182
3 169 184 183
3 182 183 184
3 168 184 186
3 169 185 184
3 175 186 185
3 184 185 186
3 168 186 188
3 175 187 186
3 178 188 187
3 186 187 188
3 168 188 180
3 178 189 188
3 179 180 189
3 188 189 180
3 169 183 191
3 173 190 183
3 177 191 190
3 183 190 191
3 173 181 193
3 179 192 181
3 172 193 192
3 181 192 193
3 179 189 195
3 178 194 189
3 170 195 194
3 189 194 195
3 178 187 197
3 175 196 187
3 174 197 196
3 187 196 197
3 175 185 199
3 169 198 185
3 176 199 198
3 185 198 199
3 171 200 202
3 177 201 200
3 172 202 201
3 200 201 202
3 171 202 204
3 172 203 202
3 170 204 203
3 202 203 204
3 171 204 206
3 170 205 204
3 174 206 205
3 204 205 206
3 171 206 208
3 174 207 206
3 176 208 207
3 206 207 208
3 171 208 200
3 176 209 208
3 177 200 209
3 208 209 200
3 172 201 193
3 177 190 201
3 173 193 190
3 201 190 193
3 170 203 195
3 172 192 203
3 179 195 192
3 203 192 195
3 174 205 197
3 170 194 205
3 178 197 194
3 205 194 197
3 176 207 199
3 174 196 207
3 175 199 196
3 207 196 199
3 177 209 191
3 176 198 209
3 169 191 198
3 209 198 191
3 210 222 224
3 221 223 222
3 215 224 223
3 222 223 224
3 210 224 226
3 215 225 224
3 211 226 225
3 224 225 226
3 210 226 228
3 211 227 226
3 217 228 227
3 226 227 228
3 210 228 230
3 217 229 228
3 220 230 229
3 228 229 230
3 210 230 222
3 220 231 230
3 221 222 231
3 230 231 222
3 211 225 233
3 215 232 225
3 219 233 232
3 225 232 233
3 215 223 235
3 221 234 223
3 214 235 234
3 223 234 235
3 221 231 237
3 220 236 231
3 212 237 236
3 231 236 237
3 220 229 239
3 217 238 229
3 216 239 238
3 229 238 239
3 217 227 241
3 211 240 227
3 218 241 240
3 227 240 241
3 213 242 244
3 219 243 242
3 214 244 243
3 242 243 244
3 213 244 246
3 214 245 244
3 212 246 245
3 244 245 246
3 213 246 248
3 212 247 246
3 216 248 247
3 246 247 248
3 213 248 250
3 216 249 248
3 218 250 249
3 248 249 250
3 213 250 242
3 218 251 250
3 219 242 251
3 250 251 242
3 214 243 235
3 219 232 243
3 215 235 232
3 243 232 235
3 212 245 237
3 214 234 245
3 221 237 234
3 245 234 237
3 216 247 239
3 212 236 247
3 220 239 236
3 247 236 239
3 218 249 241
3 216 238 249
3 217 241 238
3 249 238 241
3 219 251 233
3 218 240 251
3 211 233 240
3 251 240 233
3 252 264 266
3 263 265 264
3 257 266 265
3 264 265 266
3 252 266 268
3 257 267 266
3 253 268 267
3 266 267 268
3 252 268 270
3 253 269 268
3 259 270 269
3 268 269 270
3 252 270 272
3 259 271 270
3 262 272 271
3 270 271 272
3 252 272 264
3 262 273 272
3 263 264 273
3 272 273 264
3 253 267 275
3 257 274 267
3 261 275 274
3 267 274 275
3 257 265 277
3 263 276 265
3 256 277 276
3 265 276 277
3 263 273 279
3 262 278 273
3 254 279 278
3 273 278 279
3 262 271 281
3 259 280 271
3 258 281 280
3 271 280 281
3 259 269 283
3 253 282 269
3 260 283 282
3 269 282 283
3 255 284 286
3 261 285 284
3 256 286 285
3 284 285 286
3 255 286 288
3 256 287 286
3 254 288 287
3 286 287 288
3 255 288 290
3 254 289 288
3 258 290 289
3 288 289 290
3 255 290 292
3 258 291 290
3 260 292 291
3 290 291 292
3 255 292 284
3 260 293 292
3 261 284 293
3 292 293 284
3 256 285 277
3 261 274 285
3 257 277 274
3 285 274 277
3 254 287 279
3 256 276 287
3 263 279 276
3 287 276 279
3 258 289 281
3 254 278 289
3 262 281 278
3 289 278 281
3 260 291 283
3 258 280 291
3 259 283 280
3 291 280 283
3 261 293 275
3 260 282 293
3 253 275 282
3 293 282 275
3 294 306 308
3 305 307 306
3 299 308 307
3 306 307 308
3 294 308 310
3 299 309 308
3 295 310 309
3 308 309 310
3 294 310 312
3 295 311 310
3 301 312 311
3 310 311 312
3 294 312 314
3 301 313 312
3 304 314 313
3 312 313 314
3 294 314 306
3 304 315 314
3 305 306 315
3 314 315 306
3 295 309 317
3 299 316 309
3 303 317 316
3 309 316 317
3 299 307 319
3 305 318 307
3 298 319 318
3 307 318 319
3 305 315 321
3 304 320 315
3 296 321 320
3 315 320 321
3 304 313 323
3 301 322 313
3 300 323 322
3 313 322 323
3 301 311 325
3 295 324 311
3 302 325 324
3 311 324 325
3 297 326 328
3 303 327 326
3 298 328 327
3 326 327 328
3 297 328 330
3 298 329 328
3 296 330 329
3 328 329 330
3 297 330 332
3 296 331 330
3 300 332 331
3 330 331 332
3 297 332 334
3 300 333 332
3 302 334 333
3 332 333 334
3 297 334 326
3 302 335 334
3 303 326 335
3 334 335 326
3 298 327 319
3 303 316 327
3 299 319 316
3 327 316 319
3 296 329 321
3 298 318 329
3 305 321 318
3 329 318 321
3 300 331 323
3 296 320 331
3 304 323 320
3 331 320 323
3 302 333 325
3 300 322 333
3 301 325 322
3 333 322 325
3 303 335 317
3 302 324 335
3 295 317 324
3 335 324 317
3 336 348 350
3 347 349 348
3 341 350 349
3 348 349 350
3 336 350 352
3 341 351 350
3 337 352 351
3 350 351 352
3 336 352 354
3 337 353 352
3 343 354 353
3 352 353 354
3 336 354 356
3 343 355 354
3 346 356 355
3 354 355 356
3 336 356 348
3 346 357 356
3 347 348 357
3 356 357 348
3 337 351 359
3 341 358 351
3 345 359 358
3 351 358 359
3 341 349 361
3 347 360 349
3 340 361 360
3 349 360 361
3 347 357 363
3 346 362 357
3 338 363 362
3 357 362 363
3 346 355 365
3 343 364 355
3 342 365 364
3 355 364 365
3 343 353 367
3 337 366 353
3 344 367 366
3 353 366 367
3 339 368 370
3 345 369 368
3 340 370 369
3 368 369 370
3 339 370 372
3 340 371 370
3 338 372 371
3 370 371 372
3 339 372 374
3 338 373 372
3 342 374 373
3 372 373 374
3 339 374 376
3 342 375 374
3 344 376 375
3 374 375 376
3 339 376 368
3 344 377 376
3 345 368 377
3 376 377 368
3 340 369 361
3 345 358 369
3 341 361 358
3 369 358 361
3 338 371 363
3 340 360 371
3 347 363 360
3 371 360 363
3 342 373 365
3 338 362 373
3 346 365 362
3 373 362 365
3 344 375 367
3 342 364 375
3 343 367 364
3 375 364 367
3 345 377 359
3 344 366 377
3 337 359 366
3 377 366 359
3 378 390 392
3 389 391 390
3 383 392 391
3 390 391 392
3 378 392 394
3 383 393 392
3 379 394 393
3 392 393 394
3 378 394 396
3 379 395 394
3 385 396 395
3 394 395 396
3 378 396 398
3 385 397 396
3 388 398 397
3 396 397 398
3 378 398 390
3 388 399 398
3 389 390 399
3 398 399 390
3 379 393 401
3 383 400 393
3 387 401 400
3 393 400 401
3 383 391 403
3 389 402 391
3 382 403 402
3 391 402 403
3 389 399 405
3 388 404 399
3 380 405 404
3 399 404 405
3 388 397 407
3 385 406 397
3 384 407 406
3 397 406 407
3 385 395 409
3 379 408 395
3 386 409 408
3 395 408 409
3 381 410 412
3 387 411 410
3 382 412 411
3 410 411 412
3 381 412 414
3 382 413 412
3 380 414 413
3 412 413 414
3 381 414 416
3 380 415 414
3 384 416 415
3 414 415 416
3 381 416 418
3 384 417 416
3 386 418 417
3 416 417 418
3 381 418 410
3 386 419 418
3 387 410 419
3 418 419 410
3 382 411 403
3 387 400 411
3 383 403 400
3 411 400 403
3 380 413 405
3 382 402 413
3 389 405 402
3 413 402 405
3 384 415 407
3 380 404 415
3 388 407 404
3 415 404 407
3 386 417 409
3 384 406 417
3 385 409 406
3 417 406 409
3 387 419 401
3 386 408 419
3 379 401 408
3 419 408 401
3 420 432 434
3 431 433 432
3 425 434 433
3 432 433 434
3 420 434 436
3 425 435 434
3 421 436 435
3 434 435 436
3 420 436 438
3 421 437 436
3 427 438 437
3 436 437 438
3 420 438 440
3 427 439 438
3 430 440 439
3 438 439 440
3 420 440 432
3 430 441 440
3 431 432 441
3 440 441 432
3 421 435 443
3 425 442 435
3 429 443 442
3 435 442 443
3 425 433 445
3 431 444 433
3 424 445 444
3 433 444 445
3 431 441 447
3 430 446 441
3 422 447 446
3 441 446 447
3 430 439 449
3 427 448 439
3 426 449 448
3 439 448 449
3 427 437 451
3 421 450 437
3 428 451 450
3 437 450 451
3 423 452 454
3 429 453 452
3 424 454 453
3 452 453 454
3 423 454 456
3 424 455 454
3 422 456 455
3 454 455 456
3 423 456 458
3 422 457 456
3 426 458 457
3 456 457 458
3 423 458 460
3 426 459 458
3 428 460 459
3 458 459 460
3 423 460 452
3 428 461 460
3 429 452 461
3 460 461 452
3 424 453 445
3 429 442 453
3 425 445 442
3 453 442 445
3 422 455 447
3 424 444 455
3 431 447 444
3 455 444 447
3 426 457 449
3 422 446 457
3 430 449 446
3 457 446 449
3 428 459 451
3 426 448 459
3 427 451 448
3 459 448 451
3 429 461 443
3 428 450 461
3 421 443 450
3 461 450 443
3 462 474 476
3 473 475 474
3 467 476 475
3 474 475 476
3 462 476 478
3 467 477 476
3 463 478 477
3 476 477 478
3 462 478 480
3 463 479 478
3 469 480 479
3 478 479 480
3 462 480 482
3 469 481 480
3 472 482 481
3 480 481 482
3 462 482 474
3 472 483 482
3 473 474 483
3 482 483 474
3 463 477 485
3 467 484 477
3 471 485 484
3 477 484 485
3 467 475 487
3 473 486 475
3 466 487 486
3 475 486 487
3 473 483 489
3 472 488 483
3 464 489 488
3 483 488 489
3 472 481 491
3 469 490 481
3 468 491 490
3 481 490 491
3 469 479 493
3 463 492 479
3 470 493 492
3 479 492 493
3 465 494 496
3 471 495 494
3 466 496 495
3 494 495 496
3 465 496 498
3 466 497 496
3 464 498 497
3 496 497 498
3 465 498 500
3 464 499 498
3 468 500 499
3 498 499 500
3 465 500 502
3 468 501 500
3 470 502 501
3 500 501 502
3 465 502 494
3 470 503 502
3 471 494 503
3 502 503 494
3 466 495 487
3 471 484 495
3 467 487 484
3 495 484 487
3 464 497 489
3 466 486 497
3 473 489 486
3 497 486 489
3 468 499 491
3 464 488 499
3 472 491 488
3 499 488 491
3 470 501 493
3 468 490 501
3 469 493 490
3 501 490 493
3 471 503 485
3 470 492 503
3 463 485 492
3 503 492 485
3 504 516 518
3 515 517 516
3 509 518 517
3 516 517 518
3 504 518 520
3 509 519 518
3 505 520 519
3 518 519 520
3 504 520 522
3 505 521 520
3 511 522 521
3 520 521 522
3 504 522 524
3 511 523 522
3 514 524 523
3 522 523 524
3 504 524 516
3 514 525 524
3 515 516 525
3 524 525 516
3 505 519 527
3 509 526 519
3 513 527 526
3 519 526 527
3 509 517 529
3 515 528 517
3 508 529 528
3 517 528 529
3 515 525 531
3 514 530 525
3 506 531 530
3 525 530 531
3 514 523 533
3 511 532 523
3 510 533 532
3 523 532 533
3 511 521 535
3 505 534 521
3 512 535 534
3 521 534 535
3 507 536 538
3 513 537 536
3 508 538 537
3 536 537 538
3 507 538 540
3 508 539 538
3 506 540 539
3 538 539 540
3 507 540 542
3 506 541 540
3 510 542 541
3 540 541 542
3 507 542 544
3 510 543 542
3 512 544 543
3 542 543 544
3 507 544 536
3 512 545 544
3 513 536 545
3 544 545 536
3 508 537 529
3 513 526 537
3 509 529 526
3 537 526 529
3 506 539 531
3 508 528 539
3 515 531 528
3 539 528 531
3 510 541 533
3 506 530 541
3 514 533 530
3 541 530 533
3 512 543 535
3 510 532 543
3 511 535 532
3 543 532 535
3 513 545 527
3 512 534 545
3 505 527 534
3 545 534 527
3 546 558 560
3 557 559 558
3 551 560 559
3 558 559 560
3 546 560 562
3 551 561 560
3 547 562 561
3 560 561 562
3 546 562 564
3 547 563 562
3 553 564 563
3 562 563 564
3 546 564 566
3 553 565 564
3 556 566 565
3 564 565 566
3 546 566 558
3 556 567 566
3 557 558 567
3 566 567 558
3 547 561 569
3 551 568 561
3 555 569 568
3 561 568 569
3 551 559 571
3 557 570 559
3 550 571 570
3 559 570 571
3 557 567 573
3 556 572 567
3 548 573 572
3 567 572 573
3 556 565 575
3 553 574 565
3 552 575 574
3 565 574 575
3 553 563 577
3 547 576 563
3 554 577 576
3 563 576 577
3 549 578 580
3 555 579 578
3 550 580 579
3 578 579 580
3 549 580 582
3 550 581 580
3 548 582 581
3 580 581 582
3 549 582 584
3 548 583 582
3 552 584 583
3 582 583 584
3 549 584 586
3 552 585 584
3 554 586 585
3 584 585 586
3 549 586 578
3 554 587 586
3 555 578 587
3 586 587 578
3 550 579 571
3 555 568 579
3 551 571 568
3 579 568 571
3 548 581 573
3 550 570 581
3 557 573 570
3 581 570 573
3 552 583 575
3 548 572 583
3 556 575 572
3 583 572 575
3 554 585 577
3 552 574 585
3 553 577 574
3 585 574 577
3 555 587 569
3 554 576 587
3 547 569 576
3 587 576 569
3 588 600 602
3 599 601 600
3 593 602 601
3 600 601 602
3 588 602 604
3 593 603 602
3 589 604 603
3 602 603 604
3 588 604 606
3 589 605 604
3 595 606 605
3 604 605 606
3 588 606 608
3 595 607 606
3 598 608 607
3 606 607 608
3 588 608 600
3 598 609 608
3 599 600 609
3 608 609 600
3 589 603 611
3 593 610 603
3 597 611 610
3 603 610 611
3 593 601 613
3 599 612 601
3 592 613 612
3 601 612 613
3 599 609 615
3 598 614 609
3 590 615 614
3 609 614 615
3 598 607 617
3 595 616 607
3 594 617 616
3 607 616 617
3 595 605 619
3 589 618 605
3 596 619 618
3 605 618 619
3 591 620 622
3 597 621 620
3 592 622 621
3 620 621 622
3 591 622 624
3 592 623 622
3 590 624 623
3 622 623 624
3 591 624 626
3 590 625 624
3 594 626 625
3 624 625 626
3 591 626 628
3 594 627 626
3 596 628 627
3 626 627 628
3 591 628 620
3 596 629 628
3 597 620 629
3 628 629 620
3 592 621 613
3 597 610 621
3 593 613 610
3 621 610 613
3 590 623 615
3 592 612 623
3 599 615 612
3 623 612 615
3 594 625 617
3 590 614 625
3 598 617 614
3 625 614 617
3 596 627 619
3 594 616 627
3 595 619 616
3 627 616 619
3 597 629 611
3 596 618 629
3 589 611 618
3 629 618 611
3 630 642 644
3 641 643 642
3 635 644 643
3 642 643 644
3 630 644 646
3 635 645 644
3 631 646 645
3 644 645 646
3 630 646 648
3 631 647 646
3 637 648 647
3 646 647 648
3 630 648 650
3 637 649 648
3 640 650 649
3 648 649 650
3 630 650 642
3 640 651 650
3 641 642 651
3 650 651 642
3 631 645 653
3 635 652 645
3 639 653 652
3 645 652 653
3 635 643 655
3 641 654 643
3 634 655 654
3 643 654 655
3 641 651 657
3 640 656 651
3 632 657 656
3 651 656 657
3 640 649 659
3 637 658 649
3 636 659 658
3 649 658 659
3 637 647 661
3 631 660 647
3 638 661 660
3 647 660 661
3 633 662 664
3 639 663 662
3 634 664 663
3 662 663 664
3 633 664 666
3 634 665 664
3 632 666 665
3 664 665 666
3 633 666 668
3 632 667 666
3 636 668 667
3 666 667 668
3 633 668 670
3 636 669 668
3 638 670 669
3 668 669 670
3 633 670 662
3 638 671 670
3 639 662 671
3 670 671 662
3 634 663 655
3 639 652 663
3 635 655 652
3 663 652 655
3 632 665 657
3 634 654 665
3 641 657 654
3 665 654 657
3 636 667 659
3 632 656 667
3 640 659 656
3 667 656 659
3 638 669 661
3 636 658 669
3 637 661 658
3 669 658 661
3 639 671 653
3 638 660 671
3 631 653 660
3 671 660 653
3 672 684 686
3 683 685 684
3 677 686 685
3 684 685 686
3 672 686 688
3 677 687 686
3 673 688 687
3 686 687 688
3 672 688 690
3 673 689 688
3 679 690 689
3 688 689 690
3 672 690 692
3 679 691 690
3 682 692 691
3 690 691 692
3 672 692 684
3 682 693 692
3 683 684 693
3 692 693 684
3 673 687 695
3 677 694 687
3 681 695 694
3 687 694 695
3 677 685 697
3 683 696 685
3 676 697 696
3 685 696 697
3 683 693 699
3 682 698 693
3 674 699 698
3 693 698 699
3 682 691 701
3 679 700 691
3 678 701 700
3 691 700 701
3 679 689 703
3 673 702 689
3 680 703 702
3 689 702 703
3 675 704 706
3 681 705 704
3 676 706 705
3 704 705 706
3 675 706 708
3 676 707 706
3 674 708 707
3 706 707 708
3 675 708 710
3 674 709 708
3 678 710 709
3 708 709 710
3 675 710 712
3 678 711 710
3 680 712 711
3 710 711 712
3 675 712 704
3 680 713 712
3 681 704 713
3 712 713 704
3 676 705 697
3 681 694 705
3 677 697 694
3 705 694 697
3 674 707 699
3 676 696 707
3 683 699 696
3 707 696 699
3 678 709 701
3 674 698 709
3 682 701 698
3 709 698 701
3 680 711 703
3 678 700 711
3 679 703 700
3 711 700 703
3 681 713 695
3 680 702 713
3 673 695 702
3 713 702 695
3 714 726 728
3 725 727 726
3 719 728 727
3 726 727 728
3 714 728 730
3 719 729 728
3 715 730 729
3 728 729 730
3 714 730 732
3 715 731 730
3 721 732 731
3 730 731 732
3 714 732 734
3 721 733 732
3 724 734 733
3 732 733 734
3 714 734 726
3 724 735 734
3 725 726 735
3 734 735 726
3 715 729 737
3 719 736 729
3 723 737 736
3 729 736 737
3 719 727 739
3 725 738 727
3 718 739 738
3 727 738 739
3 725 735 741
3 724 740 735
3 716 741 740
3 735 740 741
3 724 733 743
3 721 742 733
3 720 743 742
3 733 742 743
3 721 731 745
3 715 744 731
3 722 745 744
3 731 744 745
3 717 746 748
3 723 747 746
3 718 748 747
3 746 747 748
3 717 748 750
3 718 749 748
3 716 750 749
3 748 749 750
3 717 750 752
3 716 751 750
3 720 752 751
3 750 751 752
3 717 752 754
3 720 753 752
3 722 754 753
3 752 753 754
3 717 754 746
3 722 755 754
3 723 746 755
3 754 755 746
3 718 747 739
3 723 736 747
3 719 739 736
3 747 736 739
3 716 749 741
3 718 738 749
3 725 741 738
3 749 738 741
3 720 751 743
3 716 740 751
3 724 743 740
3 751 740 743
3 722 753 745
3 720 742 753
3 721 745 742
3 753 742 745
3 723 755 737
3 722 744 755
3 715 737 744
3 755 744 737
3 756 768 770
3 767 769 768
3 761 770 769
3 768 769 770
3 756 770 772
3 761 771 770
3 757 772 771
3 770 771 772
3 756 772 774
3 757 773 772
3 763 774 773
3 772 773 774
3 756 774 776
3 763 775 774
3 766 776 775
3 774 775 776
3 756 776 768
3 766 777 776
3 767 768 777
3 776 777 768
3 757 771 779
3 761 778 771
3 765 779 778
3 771 778 779
3 761 769 781
3 767 780 769
3 760 781 780
3 769 780 781
3 767 777 783
3 766 782 777
3 758 783 782
3 777 782 783
3 766 775 785
3 763 784 775
3 762 785 784
3 775 784 785
3 763 773 787
3 757 786 773
3 764 787 786
3 773 786 787
3 759 788 790
3 765 789 788
3 760 790 789
3 788 789 790
3 759 790 792
3 760 791 790
3 758 792 791
3 790 791 792
3 759 792 794
3 758 793 792
3 762 794 793
3 792 793 794
3 759 794 796
3 762 795 794
3 764 796 795
3 794 795 796
3 759 796 788
3 764 797 796
3 765 788 797
3 796 797 788
3 760 789 781
3 765 778 789
3 761 781 778
3 789 778 781
3 758 791 783
3 760 780 791
3 767 783 780
3 791 780 783
3 762 793 785
3 758 782 793
3 766 785 782
3 793 782 785
3 764 795 787
3 762 784 795
3 763 787 784
3 795 784 787
3 765 797 779
3 764 786 797
3 757 779 786
3 797 786 779
3 798 810 812
3 809 811 810
3 803 812 811
3 810 811 812
3 798 812 814
3 803 813 812
3 799 814 813
3 812 813 814
3 798 814 816
3 799 815 814
3 805 816 815
3 814 815 816
3 798 816 818
3 805 817 816
3 808 818 817
3 816 817 818
3 798 818 810
3 808 819 818
3 809 810 819
3 818 819 810
3 799 813 821
3 803 820 813
3 807 821 820
3 813 820 821
3 803 811 823
3 809 822 811
3 802 823 822
3 811 822 823
3 809 819 825
3 808 824 819
3 800 825 824
3 819 824 825
3 808 817 827
3 805 826 817
3 804 827 826
3 817 826 827
3 805 815 829
3 799 828 815
3 806 829 828
3 815 828 829
3 801 830 832
3 807 831 830
3 802 832 831
3 830 831 832
3 801 832 834
3 802 833 832
3 800 834 833
3 832 833 834
3 801 834 836
3 800 835 834
3 804 836 835
3 834 835 836
3 801 836 838
3 804 837 836
3 806 838 837
3 836 837 838
3 801 838 830
3 806 839 838
3 807 830 839
3 838 839 830
3 802 831 823
3 807 820 831
3 803 823 820
3 831 820 823
3 800 833 825
3 802 822 833
3 809 825 822
3 833 822 825
3 804 835 827
3 800 824 835
3 808 827 824
3 835 824 827
3 806 837 829
3 804 826 837
3 805 829 826
3 837 826 829
3 807 839 821
3 806 828 839
3 799 821 828
3 839 828 821
3 840 852 854
3 851 853 852
3 845 854 853
3 852 853 854
3 840 854 856
3 845 855 854
3 841 856 855
3 854 855 856
3 840 856 858
3 841 857 856
3 847 858 857
3 856 857 858
3 840 858 860
3 847 859 858
3 850 860 859
3 858 859 860
3 840 860 852
3 850 861 860
3 851 852 861
3 860 861 852
3 841 855 863
3 845 862 855
3 849 863 862
3 855 862 863
3 845 853 865
3 851 864 853
3 844 865 864
3 853 864 865
3 851 861 867
3 850 866 861
3 842 867 866
3 861 866 867
3 850 859 869
3 847 868 859
3 846 869 868
3 859 868 869
3 847 857 871
3 841 870 857
3 848 871 870
3 857 870 871
3 843 872 874
3 849 873 872
3 844 874 873
3 872 873 874
3 843 874 876
3 844 875 874
3 842 876 875
3 874 875 876
3 843 876 878
3 842 877 876
3 846 878 877
3 876 877 878
3 843 878 880
3 846 879 878
3 848 880 879
3 878 879 880
3 843 880 872
3 848 881 880
3 849 872 881
3 880 881 872
3 844 873 865
3 849 862 873
3 845 865 862
3 873 862 865
3 842 875 867
3 844 864 875
3 851 867 864
3 875 864 867
3 846 877 869
3 842 866 877
3 850 869 866
3 877 866 869
3 848 879 871
3 846 868 879
3 847 871 868
3 879 868 871
3 849 881 863
3 848 870 881
3 841 863 870
3 881 870 863
3 882 894 896
3 893 895 894
3 887 896 895
3 894 895 896
3 882 896 898
3 887 897 896
3 883 898 897
3 896 897 898
3 882 898 900
3 883 899 898
3 889 900 899
3 898 899 900
3 882 900 902
3 889 901 900
3 892 902 901
3 900 901 902
3 882 902 894
3 892 903 902
3 893 894 903
3 902 903 894
3 883 897 905
3 887 904 897
3 891 905 904
3 897 904 905
3 887 895 907
3 893 906 895
3 886 907 906
3 895 906 907
3 893 903 909
3 892 908 903
3 884 909 908
3 903 908 909
3 892 901 911
3 889 910 901
3 888 911 910
3 901 910 911
3 889 899 913
3 883 912 899
3 890 913 912
3 899 912 913
3 885 914 916
3 891 915 914
3 886 916 915
3 914 915 916
3 885 916 918
3 886 917 916
3 884 918 917
3 916 917 918
3 885 918 920
3 884 919 918
3 888 920 919
3 918 919 920
3 885 920 922
3 888 921 920
3 890 922 921
3 920 921 922
3 885 922 914
3 890 923 922
3 891 914 923
3 922 923 914
3 886 915 907
3 891 904 915
3 887 907 904
3 915 904 907
3 884 917 909
3 886 906 917
3 893 909 906
3 917 906 909
3 888 919 911
3 884 908 919
3 892 911 908
3 919 908 911
3 890 921 913
3 888 910 921
3 889 913 910
3 921 910 913
3 891 923 905
3 890 912 923
3 883 905 912
3 923 912 905
3 924 936 938
3 935 937 936
3 929 938 937
3 936 937 938
3 924 938 940
3 929 939 938
3 925 940 939
3 938 939 940
3 924 940 942
3 925 941 940
3 931 942 941
3 940 941 942
3 924 942 944
3 931 943 942
3 934 944 943
3 942 943 944
3 924 944 936
3 934 945 944
3 935 936 945
3 944 945 936
3 925 939 947
3 929 946 939
3 933 947 946
3 939 946 947
3 929 937 949
3 935 948 937
3 928 949 948
3 937 948 949
3 935 945 951
3 934 950 945
3 926 951 950
3 945 950 951
3 934 943 953
3 931 952 943
3 930 953 952
3 943 952 953
3 931 941 955
3 925 954 941
3 932 955 954
3 941 954 955
3 927 956 958
3 933 957 956
3 928 958 957
3 956 957 958
3 927 958 960
3 928 959 958
3 926 960 959
3 958 959 960
3 927 960 962
3 926 961 960
3 930 962 961
3 960 961 962
3 927 962 964
3 930 963 962
3 932 964 963
3 962 963 964
3 927 964 956
3 932 965 964
3 933 956 965
3 964 965 956
3 928 957 949
3 933 946 957
3 929 949 946
3 957 946 949
3 926 959 951
3 928 948 959
3 935 951 948
3 959 948 951
3 930 961 953
3 926 950 961
3 934 953 950
3 961 950 953
3 932 963 955
3 930 952 963
3 931 955 952
3 963 952 955
3 933 965 947
3 932 954 965
3 925 947 954
3 965 954 947
3 966 978 980
3 977 979 978
3 971 980 979
3 978 979 980
3 966 980 982
3 971 981 980
3 967 982 981
3 980 981 982
3 966 982 984
3 967 983 982
3 973 984 983
3 982 983 984
3 966 984 986
3 973 985 984
3 976 986 985
3 984 985 986
3 966 986 978
3 976 987 986
3 977 978 987
3 986 987 978
3 967 981 989
3 971 988 981
3 975 989 988
3 981 988 989
3 971 979 991
3 977 990 979
3 970 991 990
3 979 990 991
3 977 987 993
3 976 992 987
3 968 993 992
3 987 992 993
3 976 985 995
3 973 994 985
3 972 995 994
3 985 994 995
3 973 983 997
3 967 996 983
3 974 997 996
3 983 996 997
3 969 998 1000
3 975 999 998
3 970 1000 999
3 998 999 1000
3 969 1000 1002
3 970 1001 1000
3 968 1002 1001
3 1000 1001 1002
3 969 1002 1004
3 968 1003 1002
3 972 1004 1003
3 1002 1003 1004
3 969 1004 1006
3 972 1005 1004
3 974 1006 1005
3 1004 1005 1006
3 969 1006 998
3 974 1007 1006
3 975 998 1007
3 1006 1007 998
3 970 999 991
3 975 988 999
3 971 991 988
3 999 988 991
3 968 1001 993
3 970 990 1001
3 977 993 990
3 1001 990 993
3 972 1003 995
3 968 992 1003
3 976 995 992
3 1003 992 995
3 974 1005 997
3 972 994 1005
3 973 997 994
3 1005 994 997
3 975 1007 989
3 974 996 1007
3 967 989 996
3 1007 996 989
3 1008 1020 1022
3 1019 1021 1020
3 1013 1022 1021
3 1020 1021 1022
3 1008 1022 1024
3 1013 1023 1022
3 1009 1024 1023
3 1022 1023 1024
3 1008 1024 1026
3 1009 1025 1024
3 1015 1026 1025
3 1024 1025 1026
3 1008 1026 1028
3 1015 1027 1026
3 1018 1028 1027
3 1026 1027 1028
3 1008 1028 1020
3 1018 1029 1028
3 1019 1020 1029
3 1028 1029 1020
3 1009 1023 1031
3 1013 1030 1023
3 1017 1031 1030
3 1023 1030 1031
3 1013 1021 1033
3 1019 1032 1021
3 1012 1033 1032
3 1021 1032 1033
3 1019 1029 1035
3 1018 1034 1029
3 1010 1035 1034
3 1029 1034 1035
3 1018 1027 1037
3 1015 1036 1027
3 1014 1037 1036
3 1027 1036 1037
3 1015 1025 1039
3 1009 1038 1025
3 1016 1039 1038
3 1025 1038 1039
3 1011 1040 1042
3 1017 1041 1040
3 1012 1042 1041
3 1040 1041 1042
3 1011 1042 1044
3 1012 1043 1042
3 1010 1044 1043
3 1042 1043 1044
3 1011 1044 1046
3 1010 1045 1044
3 1014 1046 1045
3 1044 1045 1046
3 1011 1046 1048
3 1014 1047 1046
3 1016 1048 1047
3 1046 1047 1048
3 1011 1048 1040
3 1016 1049 1048
3 1017 1040 1049
3 1048 1049 1040
3 1012 1041 1033
3 1017 1030 1041
3 1013 1033 1030
3 1041 1030 1033
3 1010 1043 1035
3 1012 1032 1043
3 1019 1035 1032
3 1043 1032 1035
3 1014 1045 1037
3 1010 1034 1045
3 1018 1037 1034
3 1045 1034 1037
3 1016 1047 1039
3 1014 1036 1047
3 1015 1039 1036
3 1047 1036 1039
3 1017 1049 1031
3 1016 1038 1049
3 1009 1031 1038
3 1049 1038 1031
3 1050 1062 1064
3 1061 1063 1062
3 1055 1064 1063
3 1062 1063 1064
3 1050 1064 1066
3 1055 1065 1064
3 1051 1066 1065
3 1064 1065 1066
3 1050 1066 1068
3 1051 1067 1066
3 1057 1068 1067
3 1066 1067 1068
3 1050 1068 1070
3 1057 1069 1068
3 1060 1070 1069
3 1068 1069 1070
3 1050 1070 1062
3 1060 1071 1070
3 1061 1062 1071
3 1070 1071 1062
3 1051 1065 1073
3 1055 1072 1065
3 1059 1073 1072
3 1065 1072 1073
3 1055 1063 1075
3 1061 1074 1063
3 1054 1075 1074
3 1063 1074 1075
3 1061 1071 1077
3 1060 1076 1071
3 1052 1077 1076
3 1071 1076 1077
3 1060 1069 1079
3 1057 1078 1069
3 1056 1079 1078
3 1069 1078 1079
3 1057 1067 1081
3 1051 1080 1067
3 1058 1081 1080
3 1067 1080 1081
3 1053 1082 1084
3 1059 1083 1082
3 1054 1084 1083
3 1082 1083 1084
3 1053 1084 1086
3 1054 1085 1084
3 1052 1086 1085
3 1084 1085 1086
3 1053 1086 1088
3 1052 1087 1086
3 1056 1088 1087
3 1086 1087 1088
3 1053 1088 1090
3 1056 1089 1088
3 1058 1090 1089
3 1088 1089 1090
3 1053 1090 1082
3 1058 1091 1090
3 1059 1082 1091
3 1090 1091 1082
3 1054 1083 1075
3 1059 1072 1083
3 1055 1075 1072
3 1083 1072 1075
3 1052 1085 1077
3 1054 1074 1085
3 1061 1077 1074
3 1085 1074 1077
3 1056 1087 1079
3 1052 1076 1087
3 1060 1079 1076
3 1087 1076 1079
3 1058 1089 1081
3 1056 1078 1089
3 1057 1081 1078
3 1089 1078 1081
3 1059 1091 1073
3 1058 1080 1091
3 1051 1073 1080
3 1091 1080 1073
3 1092 1104 1106
3 1103 1105 1104
3 1097 1106 1105
3 1104 1105 1106
3 1092 1106 1108
3 1097 1107 1106
3 1093 1108 1107
3 1106 1107 1108
3 1092 1108 1110
3 1093 1109 1108
3 1099 1110 1109
3 1108 1109 1110
3 1092 1110 1112
3 1099 1111 1110
3 1102 1112 1111
3 1110 1111 1112
3 1092 1112 1104
3 1102 1113 1112
3 1103 1104 1113
3 1112 1113 1104
3 1093 1107 1115
3 1097 1114 1107
3 1101 1115 1114
3 1107 1114 1115
3 1097 1105 1117
3 1103 1116 1105
3 1096 1117 1116
3 1105 1116 1117
3 1103 1113 1119
3 1102 1118 1113
3 1094 1119 1118
3 1113 1118 1119
3 1102 1111 1121
3 1099 1120 1111
3 1098 1121 1120
3 1111 1120 1121
3 1099 1109 1123
3 1093 1122 1109
3 1100 1123 1122
3 1109 1122 1123
3 1095 1124 1126
3 1101 1125 1124
3 1096 1126 1125
3 1124 1125 1126
3 1095 1126 1128
3 1096 1127 1126
3 1094 1128 1127
3 1126 1127 1128
3 1095 1128 1130
3 1094 1129 1128
3 1098 1130 1129
3 1128 1129 1130
3 1095 1130 1132
3 1098 1131 1130
3 1100 1132 1131
3 1130 1131 1132
3 1095 1132 1124
3 1100 1133 1132
3 1101 1124 1133
3 1132 1133 1124
3 1096 1125 1117
3 1101 1114 1125
3 1097 1117 1114
3 1125 1114 1117
3 1094 1127 1119
3 1096 1116 1127
3 1103 1119 1116
3 1127 1116 1119
3 1098 1129 1121
3 1094 1118 1129
3 1102 1121 1118
3 1129 1118 1121
3 1100 1131 1123
3 1098 1120 1131
3 1099 1123 1120
3 1131 1120 1123
3 1101 1133 1115
3 1100 1122 1133
3 1093 1115 1122
3 1133 1122 1115
3 1134 1146 1148
3 1145 1147 1146
3 1139 1148 1147
3 1146 1147 1148
3 1134 1148 1150
3 1139 1149 1148
3 1135 1150 1149
3 1148 1149 1150
3 1134 1150 1152
3 1135 1151 1150
3 1141 1152 1151
3 1150 1151 1152
3 1134 1152 1154
3 1141 1153 1152
3 1144 1154 1153
3 1152 1153 1154
3 1134 1154 1146
3 1144 1155 1154
3 1145 1146 1155
3 1154 1155 1146
3 1135 1149 1157
3 1139 1156 1149
3 1143 1157 1156
3 1149 1156 1157
3 1139 1147 1159
3 1145 1158 1147
3 1138 1159 1158
3 1147 1158 1159
3 1145 1155 1161
3 1144 1160 1155
3 1136 1161 1160
3 1155 1160 1161
3 1144 1153 1163
3 1141 1162 1153
3 1140 1163 1162
3 1153 1162 1163
3 1141 1151 1165
3 1135 1164 1151
3 1142 1165 1164
3 1151 1164 1165
3 1137 1166 1168
3 1143 1167 1166
3 1138 1168 1167
3 1166 1167 1168
3 1137 1168 1170
3 1138 1169 1168
3 1136 1170 1169
3 1168 1169 1170
3 1137 1170 1172
3 1136 1171 1170
3 1140 1172 1171
3 1170 1171 1172
3 1137 1172 1174
3 1140 1173 1172
3 1142 1174 1173
3 1172 1173 1174
3 1137 1174 1166
3 1142 1175 1174
3 1143 1166 1175
3 1174 1175 1166
3 1138 1167 1159
3 1143 1156 1167
3 1139 1159 1156
3 1167 1156 1159
3 1136 1169 1161
3 1138 1158 1169
3 1145 1161 1158
3 1169 1158 1161
3 1140 1171 1163
3 1136 1160 1171
3 1144 1163 1160
3 1171 1160 1163
3 1142 1173 1165
3 1140 1162 1173
3 1141 1165 1162
3 1173 1162 1165
3 1143 1175 1157
3 1142 1164 1175
3 1135 1157 1164
3 1175 1164 1157
3 1176 1188 1190
3 1187 1189 1188
3 1181 1190 1189
3 1188 1189 1190
3 1176 1190 1192
3 1181 1191 1190
3 1177 1192 1191
3 1190 1191 1192
3 1176 1192 1194
3 1177 1193 1192
3 1183 1194 1193
3 1192 1193 1194
3 1176 1194 1196
3 1183 1195 1194
3 1186 1196 1195
3 1194 1195 1196
3 1176 1196 1188
3 1186 1197 1196
3 1187 1188 1197
3 1196 1197 1188
3 1177 1191 1199
3 1181 1198 1191
3 1185 1199 1198
3 1191 1198 1199
3 1181 1189 1201
3 1187 1200 1189
3 1180 1201 1200
3 1189 1200 1201
3 1187 1197 1203
3 1186 1202 1197
3 1178 1203 1202
3 1197 1202 1203
3 1186 1195 1205
3 1183 1204 1195
3 1182 1205 1204
3 1195 1204 1205
3 1183 1193 1207
3 1177 1206 1193
3 1184 1207 1206
3 1193 1206 1207
3 1179 1208 1210
3 1185 1209 1208
3 1180 1210 1209
3 1208 1209 1210
3 1179 1210 1212
3 1180 1211 1210
3 1178 1212 1211
3 1210 1211 1212
3 1179 1212 1214
3 1178 1213 1212
3 1182 1214 1213
3 1212 1213 1214
3 1179 1214 1216
3 1182 1215 1214
3 1184 1216 1215
3 1214 1215 1216
3 1179 1216 1208
3 1184 1217 1216
3 1185 1208 1217
3 1216 1217 1208
3 1180 1209 1201
3 1185 1198 1209
3 1181 1201 1198
3 1209 1198 1201
3 1178 1211 1203
3 1180 1200 1211
3 1187 1203 1200
3 1211 1200 1203
3 1182 1213 1205
3 1178 1202 1213
3 1186 1205 1202
3 1213 1202 1205
3 1184 1215 1207
3 1182 1204 1215
3 1183 1207 1204
3 1215 1204 1207
3 1185 1217 1199
3 1184 1206 1217
3 1177 1199 1206
3 1217 1206 1199
3 1218 1230 1232
3 1229 1231 1230
3 1223 1232 1231
3 1230 1231 1232
3 1218 1232 1234
3 1223 1233 1232
3 1219 1234 1233
3 1232 1233 1234
3 1218 1234 1236
3 1219 1235 1234
3 1225 1236 1235
3 1234 1235 1236
3 1218 1236 1238
3 1225 1237 1236
3 1228 1238 1237
3 1236 1237 1238
3 1218 1238 1230
3 1228 1239 1238
3 1229 1230 1239
3 1238 1239 1230
3 1219 1233 1241
3 1223 1240 1233
3 1227 1241 1240
3 1233 1240 1241
3 1223 1231 1243
3 1229 1242 1231
3 1222 1243 1242
3 1231 1242 1243
3 1229 1239 1245
3 1228 1244 1239
3 1220 1245 1244
3 1239 1244 1245
3 1228 1237 1247
3 1225 1246 1237
3 1224 1247 1246
3 1237 1246 1247
3 1225 1235 1249
3 1219 1248 1235
3 1226 1249 1248
3 1235 1248 1249
3 1221 1250 1252
3 1227 1251 1250
3 1222 1252 1251
3 1250 1251 1252
3 1221 1252 1254
3 1222 1253 1252
3 1220 1254 1253
3 1252 1253 1254
3 1221 1254 1256
3 1220 1255 1254
3 1224 1256 1255
3 1254 1255 1256
3 1221 1256 1258
3 1224 1257 1256
3 1226 1258 1257
3 1256 1257 1258
3 1221 1258 1250
3 1226 1259 1258
3 1227 1250 1259
3 1258 1259 1250
3 1222 1251 1243
3 1227 1240 1251
3 1223 1243 1240
3 1251 1240 1243
3 1220 1253 1245
3 1222 1242 1253
3 1229 1245 1242
3 1253 1242 1245
3 1224 1255 1247
3 1220 1244 1255
3 1228 1247 1244
3 1255 1244 1247
3 1226 1257 1249
3 1224 1246 1257
3 1225 1249 1246
3 1257 1246 1249
3 1227 1259 1241
3 1226 1248 1259
3 1219 1241 1248
3 1259 1248 1241
3 1260 1272 1274
3 1271 1273 1272
3 1265 1274 1273
3 1272 1273 1274
3 1260 1274 1276
3 1265 1275 1274
3 1261 1276 1275
3 1274 1275 1276
3 1260 1276 1278
3 1261 1277 1276
3 1267 1278 1277
3 1276 1277 1278
3 1260 1278 1280
3 1267 1279 1278
3 1270 1280 1279
3 1278 1279 1280
3 1260 1280 1272
3 1270 1281 1280
3 1271 1272 1281
3 1280 1281 1272
3 1261 1275 1283
3 1265 1282 1275
3 1269 1283 1282
3 1275 1282 1283
3 1265 1273 1285
3 1271 1284 1273
3 1264 1285 1284
3 1273 1284 1285
3 1271 1281 1287
3 1270 1286 1281
3 1262 1287 1286
3 1281 1286 1287
3 1270 1279 1289
3 1267 1288 1279
3 1266 1289 1288
3 1279 1288 1289
3 1267 1277 1291
3 1261 1290 1277
3 1268 1291 1290
3 1277 1290 1291
3 1263 1292 1294
3 1269 1293 1292
3 1264 1294 1293
3 1292 1293 1294
3 1263 1294 1296
3 1264 1295 1294
3 1262 1296 1295
3 1294 1295 1296
3 1263 1296 1298
3 1262 1297 1296
3 1266 1298 1297
3 1296 1297 1298
3 1263 1298 1300
3 1266 1299 1298
3 1268 1300 1299
3 1298 1299 1300
3 1263 1300 1292
3 1268 1301 1300
3 1269 1292 1301
3 1300 1301 1292
3 1264 1293 1285
3 1269 1282 1293
3 1265 1285 1282
3 1293 1282 1285
3 1262 1295 1287
3 1264 1284 1295
3 1271 1287 1284
3 1295 1284 1287
3 1266 1297 1289
3 1262 1286 1297
3 1270 1289 1286
3 1297 1286 1289
3 1268 1299 1291
3 1266 1288 1299
3 1267 1291 1288
3 1299 1288 1291
3 1269 1301 1283
3 1268 1290 1301
3 1261 1283 1290
3 1301 1290 1283
3 1302 1314 1316
3 1313 1315 1314
3 1307 1316 1315
3 1314 1315 1316
3 1302 1316 1318
3 1307 1317 1316
3 1303 1318 1317
3 1316 1317 1318
3 1302 1318 1320
3 1303 1319 1318
3 1309 1320 1319
3 1318 1319 1320
3 1302 1320 1322
3 1309 1321 1320
3 1312 1322 1321
3 1320 1321 1322
3 1302 1322 1314
3 1312 1323 1322
3 1313 1314 1323
3 1322 1323 1314
3 1303 1317 1325
3 1307 1324 1317
3 1311 1325 1324
3 1317 1324 1325
3 1307 1315 1327
3 1313 1326 1315
3 1306 1327 1326
3 1315 1326 1327
3 1313 1323 1329
3 1312 1328 1323
3 1304 1329 1328
3 1323 1328 1329
3 1312 1321 1331
3 1309 1330 1321
3 1308 1331 1330
3 1321 1330 1331
3 1309 1319 1333
3 1303 1332 1319
3 1310 1333 1332
3 1319 1332 1333
3 1305 1334 1336
3 1311 1335 1334
3 1306 1336 1335
3 1334 1335 1336
3 1305 1336 1338
3 1306 1337 1336
3 1304 1338 1337
3 1336 1337 1338
3 1305 1338 1340
3 1304 1339 1338
3 1308 1340 1339
3 1338 1339 1340
3 1305 1340 1342
3 1308 1341 1340
3 1310 1342 1341
3 1340 1341 1342
3 1305 1342 1334
3 1310 1343 1342
3 1311 1334 1343
3 1342 1343 1334
3 1306 1335 1327
3 1311 1324 1335
3 1307 1327 1324
3 1335 1324 1327
3 1304 1337 1329
3 1306 1326 1337
3 1313 1329 1326
3 1337 1326 1329
3 1308 1339 1331
3 1304 1328 1339
3 1312 1331 1328
3 1339 1328 1331
3 1310 1341 1333
3 1308 1330 1341
3 1309 1333 1330
3 1341 1330 1333
3 1311 1343 1325
3 1310 1332 1343
3 1303 1325 1332
3 1343 1332 1325
3 1344 1356 1358
3 1355 1357 1356
3 1349 1358 1357
3 1356 1357 1358
3 1344 1358 1360
3 1349 1359 1358
3 1345 1360 1359
3 1358 1359 1360
3 1344 1360 1362
3 1345 1361 1360
3 1351 1362 1361
3 1360 1361 1362
3 1344 1362 1364
3 1351 1363 1362
3 1354 1364 1363
3 1362 1363 1364
3 1344 1364 1356
3 1354 1365 1364
3 1355 1356 1365
3 1364 1365 1356
3 1345 1359 1367
3 1349 1366 1359
3 1353 1367 1366
3 1359 1366 1367
3 1349 1357 1369
3 1355 1368 1357
3 1348 1369 1368
3 1357 1368 1369
3 1355 1365 1371
3 1354 1370 1365
3 1346 1371 1370
3 1365 1370 1371
3 1354 1363 1373
3 1351 1372 1363
3 1350 1373 1372
3 1363 1372 1373
3 1351 1361 1375
3 1345 1374 1361
3 1352 1375 1374
3 1361 1374 1375
3 1347 1376 1378
3 1353 1377 1376
3 1348 1378 1377
3 1376 1377 1378
3 1347 1378 1380
3 1348 1379 1378
3 1346 1380 1379
3 1378 1379 1380
3 1347 1380 1382
3 1346 1381 1380
3 1350 1382 1381
3 1380 1381 1382
3 1347 1382 1384
3 1350 1383 1382
3 1352 1384 1383
3 1382 1383 1384
3 1347 1384 1376
3 1352 1385 1384
3 1353 1376 1385
3 1384 1385 1376
3 1348 1377 1369
3 1353 1366 1377
3 1349 1369 1366
3 1377 1366 1369
3 1346 1379 1371
3 1348 1368 1379
3 1355 1371 1368
3 1379 1368 1371
3 1350 1381 1373
3 1346 1370 1381
3 1354 1373 1370
3 1381 1370 1373
3 1352 1383 1375
3 1350 1372 1383
3 1351 1375 1372
3 1383 1372 1375
3 1353 1385 1367
3 1352 1374 1385
3 1345 1367 1374
3 1385 1374 1367
3 1386 1398 1400
3 1397 1399 1398
3 1391 1400 1399
3 1398 1399 1400
3 1386 1400 1402
3 1391 1401 1400
3 1387 1402 1401
3 1400 1401 1402
3 1386 1402 1404
3 1387 1403 1402
3 1393 1404 1403
3 1402 1403 1404
3 1386 1404 1406
3 1393 1405 1404
3 1396 1406 1405
3 1404 1405 1406
3 1386 1406 1398
3 1396 1407 1406
3 1397 1398 1407
3 1406 1407 1398
3 1387 1401 1409
3 1391 1408 1401
3 1395 1409 1408
3 1401 1408 1409
3 1391 1399 1411
3 1397 1410 1399
3 1390 1411 1410
3 1399 1410 1411
3 1397 1407 1413
3 1396 1412 1407
3 1388 1413 1412
3 1407 1412 1413
3 1396 1405 1415
3 1393 1414 1405
3 1392 1415 1414
3 1405 1414 1415
3 1393 1403 1417
3 1387 1416 1403
3 1394 1417 1416
3 1403 1416 1417
3 1389 1418 1420
3 1395 1419 1418
3 1390 1420 1419
3 1418 1419 1420
3 1389 1420 1422
3 1390 1421 1420
3 1388 1422 1421
3 1420 1421 1422
3 1389 1422 1424
3 1388 1423 1422
3 1392 1424 1423
3 1422 1423 1424
3 1389 1424 1426
3 1392 1425 1424
3 1394 1426 1425
3 1424 1425 1426
3 1389 1426 1418
3 1394 1427 1426
3 1395 1418 1427
3 1426 1427 1418
3 1390 1419 1411
3 1395 1408 1419
3 1391 1411 1408
3 1419 1408 1411
3 1388 1421 1413
3 1390 1410 1421
3 1397 1413 1410
3 1421 1410 1413
3 1392 1423 1415
3 1388 1412 1423
3 1396 1415 1412
3 1423 1412 1415
3 1394 1425 1417
3 1392 1414 1425
3 1393 1417 1414
3 1425 1414 1417
3 1395 1427 1409
3 1394 1416 1427
3 1387 1409 1416
3 1427 1416 1409
3 1428 1440 1442
3 1439 1441 1440
3 1433 1442 1441
3 1440 1441 1442
3 1428 1442 1444
3 1433 1443 1442
3 1429 1444 1443
3 1442 1443 1444
3 1428 1444 1446
3 1429 1445 1444
3 1435 1446 1445
3 1444 1445 1446
3 1428 1446 1448
3 1435 1447 1446
3 1438 1448 1447
3 1446 1447 1448
3 1428 1448 1440
3 1438 1449 1448
3 1439 1440 1449
3 1448 1449 1440
3 1429 1443 1451
3 1433 1450 1443
3 1437 1451 1450
3 1443 1450 1451
3 1433 1441 1453
3 1439 1452 1441
3 1432 1453 1452
3 1441 1452 1453
3 1439 1449 1455
3 1438 1454 1449
3 1430 1455 1454
3 1449 1454 1455
3 1438 1447 1457
3 1435 1456 1447
3 1434 1457 1456
3 1447 1456 1457
3 1435 1445 1459
3 1429 1458 1445
3 1436 1459 1458
3 1445 1458 1459
3 1431 1460 1462
3 1437 1461 1460
3 1432 1462 1461
3 1460 1461 1462
3 1431 1462 1464
3 1432 1463 1462
3 1430 1464 1463
3 1462 1463 1464
3 1431 1464 1466
3 1430 1465 1464
3 1434 1466 1465
3 1464 1465 1466
3 1431 1466 1468
3 1434 1467 1466
3 1436 1468 1467
3 1466 1467 1468
3 1431 1468 1460
3 1436 1469 1468
3 1437 1460 1469
3 1468 1469 1460
3 1432 1461 1453
3 1437 1450 1461
3 1433 1453 1450
3 1461 1450 1453
3 1430 1463 1455
3 1432 1452 1463
3 1439 1455 1452
3 1463 1452 1455
3 1434 1465 1457
3 1430 1454 1465
3 1438 1457 1454
3 1465 1454 1457
3 1436 1467 1459
3 1434 1456 1467
3 1435 1459 1456
3 1467 1456 1459
3 1437 1469 1451
3 1436 1458 1469
3 1429 1451 1458
3 1469 1458 1451
3 1470 1482 1484
3 1481 1483 1482
3 1475 1484 1483
3 1482 1483 1484
3 1470 1484 1486
3 1475 1485 1484
3 1471 1486 1485
3 1484 1485 1486
3 1470 1486 1488
3 1471 1487 1486
3 1477 1488 1487
3 1486 1487 1488
3 1470 1488 1490
3 1477 1489 1488
3 1480 1490 1489
3 1488 1489 1490
3 1470 1490 1482
3 1480 1491 1490
3 1481 1482 1491
3 1490 1491 1482
3 1471 1485 1493
3 1475 1492 1485
3 1479 1493 1492
3 1485 1492 1493
3 1475 1483 1495
3 1481 1494 1483
3 1474 1495 1494
3 1483 1494 1495
3 1481 1491 1497
3 1480 1496 1491
3 1472 1497 1496
3 1491 1496 1497
3 1480 1489 1499
3 1477 1498 1489
3 1476 1499 1498
3 1489 1498 1499
3 1477 1487 1501
3 1471 1500 1487
3 1478 1501 1500
3 1487 1500 1501
3 1473 1502 1504
3 1479 1503 1502
3 1474 1504 1503
3 1502 1503 1504
3 1473 1504 1506
3 1474 1505 1504
3 1472 1506 1505
3 1504 1505 1506
3 1473 1506 1508
3 1472 1507 1506
3 1476 1508 1507
3 1506 1507 1508
3 1473 1508 1510
3 1476 1509 1508
3 1478 1510 1509
3 1508 1509 1510
3 1473 1510 1502
3 1478 1511 1510
3 1479 1502 1511
3 1510 1511 1502
3 1474 1503 1495
3 1479 1492 1503
3 1475 1495 1492
3 1503 1492 1495
3 1472 1505 1497
3 1474 1494 1505
3 1481 1497 1494
3 1505 1494 1497
3 1476 1507 1499
3 1472 1496 1507
3 1480 1499 1496
3 1507 1496 1499
3 1478 1509 1501
3 1476 1498 1509
3 1477 1501 1498
3 1509 1498 1501
3 1479 1511 1493
3 1478 1500 1511
3 1471 1493 1500
3 1511 1500 1493
3 1512 1524 1526
3 1523 1525 1524
3 1517 1526 1525
3 1524 1525 1526
3 1512 1526 1528
3 1517 1527 1526
3 1513 1528 1527
3 1526 1527 1528
3 1512 1528 1530
3 1513 1529 1528
3 1519 1530 1529
3 1528 1529 1530
3 1512 1530 1532
3 1519 1531 1530
3 1522 1532 1531
3 1530 1531 1532
3 1512 1532 1524
3 1522 1533 1532
3 1523 1524 1533
3 1532 1533 1524
3 1513 1527 1535
3 1517 1534 1527
3 1521 1535 1534
3 1527 1534 1535
3 1517 1525 1537
3 1523 1536 1525
3 1516 1537 1536
3 1525 1536 1537
3 1523 1533 1539
3 1522 1538 1533
3 1514 1539 1538
3 1533 1538 1539
3 1522 1531 1541
3 1519 1540 1531
3 1518 1541 1540
3 1531 1540 1541
3 1519 1529 1543
3 1513 1542 1529
3 1520 1543 1542
3 1529 1542 1543
3 1515 1544 1546
3 1521 1545 1544
3 1516 1546 1545
3 1544 1545 1546
3 1515 1546 1548
3 1516 1547 1546
3 1514 1548 1547
3 1546 1547 1548
3 1515 1548 1550
3 1514 1549 1548
3 1518 1550 1549
3 1548 1549 1550
3 1515 1550 1552
3 1518 1551 1550
3 1520 1552 1551
3 1550 1551 1552
3 1515 1552 1544
3 1520 1553 1552
3 1521 1544 1553
3 1552 1553 1544
3 1516 1545 1537
3 1521 1534 1545
3 1517 1537 1534
3 1545 1534 1537
3 1514 1547 1539
3 1516 1536 1547
3 1523 1539 1536
3 1547 1536 1539
3 1518 1549 1541
3 1514 1538 1549
3 1522 1541 1538
3 1549 1538 1541
3 1520 1551 1543
3 1518 1540 1551
3 1519 1543 1540
3 1551 1540 1543
3 1521 1553 1535
3 1520 1542 1553
3 1513 1535 1542
3 1553 1542 1535
3 1554 1566 1568
3 1565 1567 1566
3 1559 1568 1567
3 1566 1567 1568
3 1554 1568 1570
3 1559 1569 1568
3 1555 1570 1569
3 1568 1569 1570
3 1554 1570 1572
3 1555 1571 1570
3 1561 1572 1571
3 1570 1571 1572
3 1554 1572 1574
3 1561 1573 1572
3 1564 1574 1573
3 1572 1573 1574
3 1554 1574 1566
3 1564 1575 1574
3 1565 1566 1575
3 1574 1575 1566
3 1555 1569 1577
3 1559 1576 1569
3 1563 1577 1576
3 1569 1576 1577
3 1559 1567 1579
3 1565 1578 1567
3 1558 1579 1578
3 1567 1578 1579
3 1565 1575 1581
3 1564 1580 1575
3 1556 1581 1580
3 1575 1580 1581
3 1564 1573 1583
3 1561 1582 1573
3 1560 1583 1582
3 1573 1582 1583
3 1561 1571 1585
3 1555 1584 1571
3 1562 1585 1584
3 1571 1584 1585
3 1557 1586 1588
3 1563 1587 1586
3 1558 1588 1587
3 1586 1587 1588
3 1557 1588 1590
3 1558 1589 1588
3 1556 1590 1589
3 1588 1589 1590
3 1557 1590 1592
3 1556 1591 1590
3 1560 1592 1591
3 1590 1591 1592
3 1557 1592 1594
3 1560 1593 1592
3 1562 1594 1593
3 1592 1593 1594
3 1557 1594 1586
3 1562 1595 1594
3 1563 1586 1595
3 1594 1595 1586
3 1558 1587 1579
3 1563 1576 1587
3 1559 1579 1576
3 1587 1576 1579
3 1556 1589 1581
3 1558 1578 1589
3 1565 1581 1578
3 1589 1578 1581
3 1560 1591 1583
3 1556 1580 1591
3 1564 1583 1580
3 1591 1580 1583
3 1562 1593 1585
3 1560 1582 1593
3 1561 1585 1582
3 1593 1582 1585
3 1563 1595 1577
3 1562 1584 1595
3 1555 1577 1584
3 1595 1584 1577
3 1596 1608 1610
3 1607 1609 1608
3 1601 1610 1609
3 1608 1609 1610
3 1596 1610 1612
3 1601 1611 1610
3 1597 1612 1611
3 1610 1611 1612
3 1596 1612 1614
3 1597 1613 1612
3 1603 1614 1613
3 1612 1613 1614
3 1596 1614 1616
3 1603 1615 1614
3 1606 1616 1615
3 1614 1615 1616
3 1596 1616 1608
3 1606 1617 1616
3 1607 1608 1617
3 1616 1617 1608
3 1597 1611 1619
3 1601 1618 1611
3 1605 1619 1618
3 1611 1618 1619
3 1601 1609 1621
3 1607 1620 1609
3 1600 1621 1620
3 1609 1620 1621
3 1607 1617 1623
3 1606 1622 1617
3 1598 1623 1622
3 1617 1622 1623
3 1606 1615 1625
3 1603 1624 1615
3 1602 1625 1624
3 1615 1624 1625
3 1603 1613 1627
3 1597 1626 1613
3 1604 1627 1626
3 1613 1626 1627
3 1599 1628 1630
3 1605 1629 1628
3 1600 1630 1629
3 1628 1629 1630
3 1599 1630 1632
3 1600 1631 1630
3 1598 1632 1631
3 1630 1631 1632
3 1599 1632 1634
3 1598 1633 1632
3 1602 1634 1633
3 1632 1633 1634
3 1599 1634 1636
3 1602 1635 1634
3 1604 1636 1635
3 1634 1635 1636
3 1599 1636 1628
3 1604 1637 1636
3 1605 1628 1637
3 1636 1637 1628
3 1600 1629 1621
3 1605 1618 1629
3 1601 1621 1618
3 1629 1618 1621
3 1598 1631 1623
3 1600 1620 1631
3 1607 1623 1620
3 1631 1620 1623
3 1602 1633 1625
3 1598 1622 1633
3 1606 1625 1622
3 1633 1622 1625
3 1604 1635 1627
3 1602 1624 1635
3 1603 1627 1624
3 1635 1624 1627
3 1605 1637 1619
3 1604 1626 1637
3 1597 1619 1626
3 1637 1626 1619
3 1638 1650 1652
3 1649 1651 1650
3 1643 1652 1651
3 1650 1651 1652
3 1638 1652 1654
3 1643 1653 1652
3 1639 1654 1653
3 1652 1653 1654
3 1638 1654 1656
3 1639 1655 1654
3 1645 1656 1655
3 1654 1655 1656
3 1638 1656 1658
3 1645 1657 1656
3 1648 1658 1657
3 1656 1657 1658
3 1638 1658 1650
3 1648 1659 1658
3 1649 1650 1659
3 1658 1659 1650
3 1639 1653 1661
3 1643 1660 1653
3 1647 1661 1660
3 1653 1660 1661
3 1643 1651 1663
3 1649 1662 1651
3 1642 1663 1662
3 1651 1662 1663
3 1649 1659 1665
3 1648 1664 1659
3 1640 1665 1664
3 1659 1664 1665
3 1648 1657 1667
3 1645 1666 1657
3 1644 1667 1666
3 1657 1666 1667
3 1645 1655 1669
3 1639 1668 1655
3 1646 1669 1668
3 1655 1668 1669
3 1641 1670 1672
3 1647 1671 1670
3 1642 1672 1671
3 1670 1671 1672
3 1641 1672 1674
3 1642 1673 1672
3 1640 1674 1673
3 1672 1673 1674
3 1641 1674 1676
3 1640 1675 1674
3 1644 1676 1675
3 1674 1675 1676
3 1641 1676 1678
3 1644 1677 1676
3 1646 1678 1677
3 1676 1677 1678
3 1641 1678 1670
3 1646 1679 1678
3 1647 1670 1679
3 1678 1679 1670
3 1642 1671 1663
3 1647 1660 1671
3 1643 1663 1660
3 1671 1660 1663
3 1640 1673 1665
3 1642 1662 1673
3 1649 1665 1662
3 1673 1662 1665
3 1644 1675 1667
3 1640 1664 1675
3 1648 1667 1664
3 1675 1664 1667
3 1646 1677 1669
3 1644 1666 1677
3 1645 1669 1666
3 1677 1666 1669
3 1647 1679 1661
3 1646 1668 1679
3 1639 1661 1668
3 1679 1668 1661
3 1680 1692 1694
3 1691 1693 1692
3 1685 1694 1693
3 1692 1693 1694
3 1680 1694 1696
3 1685 1695 1694
3 1681 1696 1695
3 1694 1695 1696
3 1680 1696 1698
3 1681 1697 1696
3 1687 1698 1697
3 1696 1697 1698
3 1680 1698 1700
3 1687 1699 1698
3 1690 1700 1699
3 1698 1699 1700
3 1680 1700 1692
3 1690 1701 1700
3 1691 1692 1701
3 1700 1701 1692
3 1681 1695 1703
3 1685 1702 1695
3 1689 1703 1702
3 1695 1702 1703
3 1685 1693 1705
3 1691 1704 1693
3 1684 1705 1704
3 1693 1704 1705
3 1691 1701 1707
3 1690 1706 1701
3 1682 1707 1706
3 1701 1706 1707
3 1690 1699 1709
3 1687 1708 1699
3 1686 1709 1708
3 1699 1708 1709
3 1687 1697 1711
3 1681 1710 1697
3 1688 1711 1710
3 1697 1710 1711
3 1683 1712 1714
3 1689 1713 1712
3 1684 1714 1713
3 1712 1713 1714
3 1683 1714 1716
3 1684 1715 1714
3 1682 1716 1715
3 1714 1715 1716
3 1683 1716 1718
3 1682 1717 1716
3 1686 1718 1717
3 1716 1717 1718
3 1683 1718 1720
3 1686 1719 1718
3 1688 1720 1719
3 1718 1719 1720
3 1683 1720 1712
3 1688 1721 1720
3 1689 1712 1721
3 1720 1721 1712
3 1684 1713 1705
3 1689 1702 1713
3 1685 1705 1702
3 1713 1702 1705
3 1682 1715 1707
3 1684 1704 1715
3 1691 1707 1704
3 1715 1704 1707
3 1686 1717 1709
3 1682 1706 1717
3 1690 1709 1706
3 1717 1706 1709
3 1688 1719 1711
3 1686 1708 1719
3 1687 1711 1708
3 1719 1708 1711
3 1689 1721 1703
3 1688 1710 1721
3 1681 1703 1710
3 1721 1710 1703
3 1722 1734 1736
3 1733 1735 1734
3 1727 1736 1735
3 1734 1735 1736
3 1722 1736 1738
3 1727 1737 1736
3 1723 1738 1737
3 1736 1737 1738
3 1722 1738 1740
3 1723 1739 1738
3 1729 1740 1739
3 1738 1739 1740
3 1722 1740 1742
3 1729 1741 1740
3 1732 1742 1741
3 1740 1741 1742
3 1722 1742 1734
3 1732 1743 1742
3 1733 1734 1743
3 1742 1743 1734
3 1723 1737 1745
3 1727 1744 1737
3 1731 1745 1744
3 1737 1744 1745
3 1727 1735 1747
3 1733 1746 1735
3 1726 1747 1746
3 1735 1746 1747
3 1733 1743 1749
3 1732 1748 1743
3 1724 1749 1748
3 1743 1748 1749
3 1732 1741 1751
3 1729 1750 1741
3 1728 1751 1750
3 1741 1750 1751
3 1729 1739 1753
3 1723 1752 1739
3 1730 1753 1752
3 1739 1752 1753
3 1725 1754 1756
3 1731 1755 1754
3 1726 1756 1755
3 1754 1755 1756
3 1725 1756 1758
3 1726 1757 1756
3 1724 1758 1757
3 1756 1757 1758
3 1725 1758 1760
3 1724 1759 1758
3 1728 1760 1759
3 1758 1759 1760
3 1725 1760 1762
3 1728 1761 1760
3 1730 1762 1761
3 1760 1761 1762
3 1725 1762 1754
3 1730 1763 1762
3 1731 1754 1763
3 1762 1763 1754
3 1726 1755 1747
3 1731 1744 1755
3 1727 1747 1744
3 1755 1744 1747
3 1724 1757 1749
3 1726 1746 1757
3 1733 1749 1746
3 1757 1746 1749
3 1728 1759 1751
3 1724 1748 1759
3 1732 1751 1748
3 1759 1748 1751
3 1730 1761 1753
3 1728 1750 1761
3 1729 1753 1750
3 1761 1750 1753
3 1731 1763 1745
3 1730 1752 1763
3 1723 1745 1752
3 1763 1752 1745
3 1764 1776 1778
3 1775 1777 1776
3 1769 1778 1777
3 1776 1777 1778
3 1764 1778 1780
3 1769 1779 1778
3 1765 1780 1779
3 1778 1779 1780
3 1764 1780 1782
3 1765 1781 1780
3 1771 1782 1781
3 1780 1781 1782
3 1764 1782 1784
3 1771 1783 1782
3 1774 1784 1783
3 1782 1783 1784
3 1764 1784 1776
3 1774 1785 1784
3 1775 1776 1785
3 1784 1785 1776
3 1765 1779 1787
3 1769 1786 1779
3 1773 1787 1786
3 1779 1786 1787
3 1769 1777 1789
3 1775 1788 1777
3 1768 1789 1788
3 1777 1788 1789
3 1775 1785 1791
3 1774 1790 1785
3 1766 1791 1790
3 1785 1790 1791
3 1774 1783 1793
3 1771 1792 1783
3 1770 1793 1792
3 1783 1792 1793
3 1771 1781 1795
3 1765 1794 1781
3 1772 1795 1794
3 1781 1794 1795
3 1767 1796 1798
3 1773 1797 1796
3 1768 1798 1797
3 1796 1797 1798
3 1767 1798 1800
3 1768 1799 1798
3 1766 1800 1799
3 1798 1799 1800
3 1767 1800 1802
3 1766 1801 1800
3 1770 1802 1801
3 1800 1801 1802
3 1767 1802 1804
3 1770 1803 1802
3 1772 1804 1803
3 1802 1803 1804
3 1767 1804 1796
3 1772 1805 1804
3 1773 1796 1805
3 1804 1805 1796
3 1768 1797 1789
3 1773 1786 1797
3 1769 1789 1786
3 1797 1786 1789
3 1766 1799 1791
3 1768 1788 1799
3 1775 1791 1788
3 1799 1788 1791
3 1770 1801 1793
3 1766 1790 1801
3 1774 1793 1790
3 1801 1790 1793
3 1772 1803 1795
3 1770 1792 1803
3 1771 1795 1792
3 1803 1792 1795
3 1773 1805 1787
3 1772 1794 1805
3 1765 1787 1794
3 1805 1794 1787
3 1806 1818 1820
3 1817 1819 1818
3 1811 1820 1819
3 1818 1819 1820
3 1806 1820 1822
3 1811 1821 1820
3 1807 1822 1821
3 1820 1821 1822
3 1806 1822 1824
3 1807 1823 1822
3 1813 1824 1823
3 1822 1823 1824
3 1806 1824 1826
3 1813 1825 1824
3 1816 1826 1825
3 1824 1825 1826
3 1806 1826 1818
3 1816 1827 1826
3 1817 1818 1827
3 1826 1827 1818
3 1807 1821 1829
3 1811 1828 1821
3 1815 1829 1828
3 1821 1828 1829
3 1811 1819 1831
3 1817 1830 1819
3 1810 1831 1830
3 1819 1830 1831
3 1817 1827 1833
3 1816 1832 1827
3 1808 1833 1832
3 1827 1832 1833
3 1816 1825 1835
3 1813 1834 1825
3 1812 1835 1834
3 1825 1834 1835
3 1813 1823 1837
3 1807 1836 1823
3 1814 1837 1836
3 1823 1836 1837
3 1809 1838 1840
3 1815 1839 1838
3 1810 1840 1839
3 1838 1839 1840
3 1809 1840 1842
3 1810 1841 1840
3 1808 1842 1841
3 1840 1841 1842
3 1809 1842 1844
3 1808 1843 1842
3 1812 1844 1843
3 1842 1843 1844
3 1809 1844 1846
3 1812 1845 1844
3 1814 1846 1845
3 1844 1845 1846
3 1809 1846 1838
3 1814 1847 1846
3 1815 1838 1847
3 1846 1847 1838
3 1810 1839 1831
3 1815 1828 1839
3 1811 1831 1828
3 1839 1828 1831
3 1808 1841 1833
3 1810 1830 1841
3 1817 1833 1830
3 1841 1830 1833
3 1812 1843 1835
3 1808 1832 1843
3 1816 1835 1832
3 1843 1832 1835
3 1814 1845 1837
3 1812 1834 1845
3 1813 1837 1834
3 1845 1834 1837
3 1815 1847 1829
3 1814 1836 1847
3 1807 1829 1836
3 1847 1836 1829
3 1848 1860 1862
3 1859 1861 1860
3 1853 1862 1861
3 1860 1861 1862
3 1848 1862 1864
3 1853 1863 1862
3 1849 1864 1863
3 1862 1863 1864
3 1848 1864 1866
3 1849 1865 1864
3 1855 1866 1865
3 1864 1865 1866
3 1848 1866 1868
3 1855 1867 1866
3 1858 1868 1867
3 1866 1867 1868
3 1848 1868 1860
3 1858 1869 1868
3 1859 1860 1869
3 1868 1869 1860
3 1849 1863 1871
3 1853 1870 1863
3 1857 1871 1870
3 1863 1870 1871
3 1853 1861 1873
3 1859 1872 1861
3 1852 1873 1872
3 1861 1872 1873
3 1859 1869 1875
3 1858 1874 1869
3 1850 1875 1874
3 1869 1874 1875
3 1858 1867 1877
3 1855 1876 1867
3 1854 1877 1876
3 1867 1876 1877
3 1855 1865 1879
3 1849 1878 1865
3 1856 1879 1878
3 1865 1878 1879
3 1851 1880 1882
3 1857 1881 1880
3 1852 1882 1881
3 1880 1881 1882
3 1851 1882 1884
3 1852 1883 1882
3 1850 1884 1883
3 1882 1883 1884
3 1851 1884 1886
3 1850 1885 1884
3 1854 1886 1885
3 1884 1885 1886
3 1851 1886 1888
3 1854 1887 1886
3 1856 1888 1887
3 1886 1887 1888
3 1851 1888 1880
3 1856 1889 1888
3 1857 1880 1889
3 1888 1889 1880
3 1852 1881 1873
3 1857 1870 1881
3 1853 1873 1870
3 1881 1870 1873
3 1850 1883 1875
3 1852 1872 1883
3 1859 1875 1872
3 1883 1872 1875
3 1854 1885 1877
3 1850 1874 1885
3 1858 1877 1874
3 1885 1874 1877
3 1856 1887 1879
3 1854 1876 1887
3 1855 1879 1876
3 1887 1876 1879
3 1857 1889 1871
3 1856 1878 1889
3 1849 1871 1878
3 1889 1878 1871
3 1890 1902 1904
3 1901 1903 1902
3 1895 1904 1903
3 1902 1903 1904
3 1890 1904 1906
3 1895 1905 1904
3 1891 1906 1905
3 1904 1905 1906
3 1890 1906 1908
3 1891 1907 1906
3 1897 1908 1907
3 1906 1907 1908
3 1890 1908 1910
3 1897 1909 1908
3 1900 1910 1909
3 1908 1909 1910
3 1890 1910 1902
3 1900 1911 1910
3 1901 1902 1911
3 1910 1911 1902
3 1891 1905 1913
3 1895 1912 1905
3 1899 1913 1912
3 1905 1912 1913
3 1895 1903 1915
3 1901 1914 1903
3 1894 1915 1914
3 1903 1914 1915
3 1901 1911 1917
3 1900 1916 1911
3 1892 1917 1916
3 1911 1916 1917
3 1900 1909 1919
3 1897 1918 1909
3 1896 1919 1918
3 1909 1918 1919
3 1897 1907 1921
3 1891 1920 1907
3 1898 1921 1920
3 1907 1920 1921
3 1893 1922 1924
3 1899 1923 1922
3 1894 1924 1923
3 1922 1923 1924
3 1893 1924 1926
3 1894 1925 1924
3 1892 1926 1925
3 1924 1925 1926
3 1893 1926 1928
3 1892 1927 1926
3 1896 1928 1927
3 1926 1927 1928
3 1893 1928 1930
3 1896 1929 1928
3 1898 1930 1929
3 1928 1929 1930
3 1893 1930 1922
3 1898 1931 1930
3 1899 1922 1931
3 1930 1931 1922
3 1894 1923 1915
3 1899 1912 1923
3 1895 1915 1912
3 1923 1912 1915
3 1892 1925 1917
3 1894 1914 1925
3 1901 1917 1914
3 1925 1914 1917
3 1896 1927 1919
3 1892 1916 1927
3 1900 1919 1916
3 1927 1916 1919
3 1898 1929 1921
3 1896 1918 1929
3 1897 1921 1918
3 1929 1918 1921
3 1899 1931 1913
3 1898 1920 1931
3 1891 1913 1920
3 1931 1920 1913
3 1932 1944 1946
3 1943 1945 1944
3 1937 1946 1945
3 1944 1945 1946
3 1932 1946 1948
3 1937 1947 1946
3 1933 1948 1947
3 1946 1947 1948
3 1932 1948 1950
3 1933 1949 1948
3 1939 1950 1949
3 1948 1949 1950
3 1932 1950 1952
3 1939 1951 1950
3 1942 1952 1951
3 1950 1951 1952
3 1932 1952 1944
3 1942 1953 1952
3 1943 1944 1953
3 1952 1953 1944
3 1933 1947 1955
3 1937 1954 1947
3 1941 1955 1954
3 1947 1954 1955
3 1937 1945 1957
3 1943 1956 1945
3 1936 1957 1956
3 1945 1956 1957
3 1943 1953 1959
3 1942 1958 1953
3 1934 1959 1958
3 1953 1958 1959
3 1942 1951 1961
3 1939 1960 1951
3 1938 1961 1960
3 1951 1960 1961
3 1939 1949 1963
3 1933 1962 1949
3 1940 1963 1962
3 1949 1962 1963
3 1935 1964 1966
3 1941 1965 1964
3 1936 1966 1965
3 1964 1965 1966
3 1935 1966 1968
3 1936 1967 1966
3 1934 1968 1967
3 1966 1967 1968
3 1935 1968 1970
3 1934 1969 1968
3 1938 1970 1969
3 1968 1969 1970
3 1935 1970 1972
3 1938 1971 1970
3 1940 1972 1971
3 1970 1971 1972
3 1935 1972 1964
3 1940 1973 1972
3 1941 1964 1973
3 1972 1973 1964
3 1936 1965 1957
3 1941 1954 1965
3 1937 1957 1954
3 1965 1954 1957
3 1934 1967 1959
3 1936 1956 1967
3 1943 1959 1956
3 1967 1956 1959
3 1938 1969 1961
3 1934 1958 1969
3 1942 1961 1958
3 1969 1958 1961
3 1940 1971 1963
3 1938 1960 1971
3 1939 1963 1960
3 1971 1960 1963
3 1941 1973 1955
3 1940 1962 1973
3 1933 1955 1962
3 1973 1962 1955
3 1974 1986 1988
3 1985 1987 1986
3 1979 1988 1987
3 1986 1987 1988
3 1974 1988 1990
3 1979 1989 1988
3 1975 1990 1989
3 1988 1989 1990
3 1974 1990 1992
3 1975 1991 1990
3 1981 1992 1991
3 1990 1991 1992
3 1974 1992 1994
3 1981 1993 1992
3 1984 1994 1993
3 1992 1993 1994
3 1974 1994 1986
3 1984 1995 1994
3 1985 1986 1995
3 1994 1995 1986
3 1975 1989 1997
3 1979 1996 1989
3 1983 1997 1996
3 1989 1996 1997
3 1979 1987 1999
3 1985 1998 1987
3 1978 1999 1998
3 1987 1998 1999
3 1985 1995 2001
3 1984 2000 1995
3 1976 2001 2000
3 1995 2000 2001
3 1984 1993 2003
3 1981 2002 1993
3 1980 2003 2002
3 1993 2002 2003
3 1981 1991 2005
3 1975 2004 1991
3 1982 2005 2004
3 1991 2004 2005
3 1977 2006 2008
3 1983 2007 2006
3 1978 2008 2007
3 2006 2007 2008
3 1977 2008 2010
3 1978 2009 2008
3 1976 2010 2009
3 2008 2009 2010
3 1977 2010 2012
3 1976 2011 2010
3 1980 2012 2011
3 2010 2011 2012
3 1977 2012 2014
3 1980 2013 2012
3 1982 2014 2013
3 2012 2013 2014
3 1977 2014 2006
3 1982 2015 2014
3 1983 2006 2015
3 2014 2015 2006
3 1978 2007 1999
3 1983 1996 2007
3 1979 1999 1996
3 2007 1996 1999
3 1976 2009 2001
3 1978 1998 2009
3 1985 2001 1998
3 2009 1998 2001
3 1980 2011 2003
3 1976 2000 2011
3 1984 2003 2000
3 2011 2000 2003
3 1982 2013 2005
3 1980 2002 2013
3 1981 2005 2002
3 2013 2002 2005
3 1983 2015 1997
3 1982 2004 2015
3 1975 1997 2004
3 2015 2004 1997
3 2016 2028 2030
3 2027 2029 2028
3 2021 2030 2029
3 2028 2029 2030
3 2016 2030 2032
3 2021 2031 2030
3 2017 2032 2031
3 2030 2031 2032
3 2016 2032 2034
3 2017 2033 2032
3 2023 2034 2033
3 2032 2033 2034
3 2016 2034 2036
3 2023 2035 2034
3 2026 2036 2035
3 2034 2035 2036
3 2016 2036 2028
3 2026 2037 2036
3 2027 2028 2037
3 2036 2037 2028
3 2017 2031 2039
3 2021 2038 2031
3 2025 2039 2038
3 2031 2038 2039
3 2021 2029 2041
3 2027 2040 2029
3 2020 2041 2040
3 2029 2040 2041
3 2027 2037 2043
3 2026 2042 2037
3 2018 2043 2042
3 2037 2042 2043
3 2026 2035 2045
3 2023 2044 2035
3 2022 2045 2044
3 2035 2044 2045
3 2023 2033 2047
3 2017 2046 2033
3 2024 2047 2046
3 2033 2046 2047
3 2019 2048 2050
3 2025 2049 2048
3 2020 2050 2049
3 2048 2049 2050
3 2019 2050 2052
3 2020 2051 2050
3 2018 2052 2051
3 2050 2051 2052
3 2019 2052 2054
3 2018 2053 2052
3 2022 2054 2053
3 2052 2053 2054
3 2019 2054 2056
3 2022 2055 2054
3 2024 2056 2055
3 2054 2055 2056
3 2019 2056 2048
3 2024 2057 2056
3 2025 2048 2057
3 2056 2057 2048
3 2020 2049 2041
3 2025 2038 2049
3 2021 2041 2038
3 2049 2038 2041
3 2018 2051 2043
3 2020 2040 2051
3 2027 2043 2040
3 2051 2040 2043
3 2022 2053 2045
3 2018 2042 2053
3 2026 2045 2042
3 2053 2042 2045
3 2024 2055 2047
3 2022 2044 2055
3 2023 2047 2044
3 2055 2044 2047
3 2025 2057 2039
3 2024 2046 2057
3 2017 2039 2046
3 2057 2046 2039
3 2058 2070 2072
3 2069 2071 2070
3 2063 2072 2071
3 2070 2071 2072
3 2058 2072 2074
3 2063 2073 2072
3 2059 2074 2073
3 2072 2073 2074
3 2058 2074 2076
3 2059 2075 2074
3 2065 2076 2075
3 2074 2075 2076
3 2058 2076 2078
3 2065 2077 2076
3 2068 2078 2077
3 2076 2077 2078
3 2058 2078 2070
3 2068 2079 2078
3 2069 2070 2079
3 2078 2079 2070
3 2059 2073 2081
3 2063 2080 2073
3 2067 2081 2080
3 2073 2080 2081
3 2063 2071 2083
3 2069 2082 2071
3 2062 2083 2082
3 2071 2082 2083
3 2069 2079 2085
3 2068 2084 2079
3 2060 2085 2084
3 2079 2084 2085
3 2068 2077 2087
3 2065 2086 2077
3 2064 2087 2086
3 2077 2086 2087
3 2065 2075 2089
3 2059 2088 2075
3 2066 2089 2088
3 2075 2088 2089
3 2061 2090 2092
3 2067 2091 2090
3 2062 2092 2091
3 2090 2091 2092
3 2061 2092 2094
3 2062 2093 2092
3 2060 2094 2093
3 2092 2093 2094
3 2061 2094 2096
3 2060 2095 2094
3 2064 2096 2095
3 2094 2095 2096
3 2061 2096 2098
3 2064 2097 2096
3 2066 2098 2097
3 2096 2097 2098
3 2061 2098 2090
3 2066 2099 2098
3 2067 2090 2099
3 2098 2099 2090
3 2062 2091 2083
3 2067 2080 2091
3 2063 2083 2080
3 2091 2080 2083
3 2060 2093 2085
3 2062 2082 2093
3 2069 2085 2082
3 2093 2082 2085
3 2064 2095 2087
3 2060 2084 2095
3 2068 2087 2084
3 2095 2084 2087
3 2066 2097 2089
3 2064 2086 2097
3 2065 2089 2086
3 2097 2086 2089
3 2067 2099 2081
3 2066 2088 2099
3 2059 2081 2088
3 2099 2088 2081
3 2100 2112 2114
3 2111 2113 2112
3 2105 2114 2113
3 2112 2113 2114
3 2100 2114 2116
3 2105 2115 2114
3 2101 2116 2115
3 2114 2115 2116
3 2100 2116 2118
3 2101 2117 2116
3 2107 2118 2117
3 2116 2117 2118
3 2100 2118 2120
3 2107 2119 2118
3 2110 2120 2119
3 2118 2119 2120
3 2100 2120 2112
3 2110 2121 2120
3 2111 2112 2121
3 2120 2121 2112
3 2101 2115 2123
3 2105 2122 2115
3 2109 2123 2122
3 2115 2122 2123
3 2105 2113 2125
3 2111 2124 2113
3 2104 2125 2124
3 2113 2124 2125
3 2111 2121 2127
3 2110 2126 2121
3 2102 2127 2126
3 2121 2126 2127
3 2110 2119 2129
3 2107 2128 2119
3 2106 2129 2128
3 2119 2128 2129
3 2107 2117 2131
3 2101 2130 2117
3 2108 2131 2130
3 2117 2130 2131
3 2103 2132 2134
3 2109 2133 2132
3 2104 2134 2133
3 2132 2133 2134
3 2103 2134 2136
3 2104 2135 2134
3 2102 2136 2135
3 2134 2135 2136
3 2103 2136 2138
3 2102 2137 2136
3 2106 2138 2137
3 2136 2137 2138
3 2103 2138 2140
3 2106 2139 2138
3 2108 2140 2139
3 2138 2139 2140
3 2103 2140 2132
3 2108 2141 2140
3 2109 2132 2141
3 2140 2141 2132
3 2104 2133 2125
3 2109 2122 2133
3 2105 2125 2122
3 2133 2122 2125
3 2102 2135 2127
3 2104 2124 2135
3 2111 2127 2124
3 2135 2124 2127
3 2106 2137 2129
3 2102 2126 2137
3 2110 2129 2126
3 2137 2126 2129
3 2108 2139 2131
3 2106 2128 2139
3 2107 2131 2128
3 2139 2128 2131
3 2109 2141 2123
3 2108 2130 2141
3 2101 2123 2130
3 2141 2130 2123
3 2142 2154 2156
3 2153 2155 2154
3 2147 2156 2155
3 2154 2155 2156
3 2142 2156 2158
3 2147 2157 2156
3 2143 2158 2157
3 2156 2157 2158
3 2142 2158 2160
3 2143 2159 2158
3 2149 2160 2159
3 2158 2159 2160
3 2142 2160 2162
3 2149 2161 2160
3 2152 2162 2161
3 2160 2161 2162
3 2142 2162 2154
3 2152 2163 2162
3 2153 2154 2163
3 2162 2163 2154
3 2143 2157 2165
3 2147 2164 2157
3 2151 2165 2164
3 2157 2164 2165
3 2147 2155 2167
3 2153 2166 2155
3 2146 2167 2166
3 2155 2166 2167
3 2153 2163 2169
3 2152 2168 2163
3 2144 2169 2168
3 2163 2168 2169
3 2152 2161 2171
3 2149 2170 2161
3 2148 2171 2170
3 2161 2170 2171
3 2149 2159 2173
3 2143 2172 2159
3 2150 2173 2172
3 2159 2172 2173
3 2145 2174 2176
3 2151 2175 2174
3 2146 2176 2175
3 2174 2175 2176
3 2145 2176 2178
3 2146 2177 2176
3 2144 2178 2177
3 2176 2177 2178
3 2145 2178 2180
3 2144 2179 2178
3 2148 2180 2179
3 2178 2179 2180
3 2145 2180 2182
3 2148 2181 2180
3 2150 2182 2181
3 2180 2181 2182
3 2145 2182 2174
3 2150 2183 2182
3 2151 2174 2183
3 2182 2183 2174
3 2146 2175 2167
3 2151 2164 2175
3 2147 2167 2164
3 2175 2164 2167
3 2144 2177 2169
3 2146 2166 2177
3 2153 2169 2166
3 2177 2166 2169
3 2148 2179 2171
3 2144 2168 2179
3 2152 2171 2168
3 2179 2168 2171
3 2150 2181 2173
3 2148 2170 2181
3 2149 2173 2170
3 2181 2170 2173
3 2151 2183 2165
3 2150 2172 2183
3 2143 2165 2172
3 2183 2172 2165
3 2184 2196 2198
3 2195 2197 2196
3 2189 2198 2197
3 2196 2197 2198
3 2184 2198 2200
3 2189 2199 2198
3 2185 2200 2199
3 2198 2199 2200
3 2184 2200 2202
3 2185 2201 2200
3 2191 2202 2201
3 2200 2201 2202
3 2184 2202 2204
3 2191 2203 2202
3 2194 2204 2203
3 2202 2203 2204
3 2184 2204 2196
3 2194 2205 2204
3 2195 2196 2205
3 2204 2205 2196
3 2185 2199 2207
3 2189 2206 2199
3 2193 2207 2206
3 2199 2206 2207
3 2189 2197 2209
3 2195 2208 2197
3 2188 2209 2208
3 2197 2208 2209
3 2195 2205 2211
3 2194 2210 2205
3 2186 2211 2210
3 2205 2210 2211
3 2194 2203 2213
3 2191 2212 2203
3 2190 2213 2212
3 2203 2212 2213
3 2191 2201 2215
3 2185 2214 2201
3 2192 2215 2214
3 2201 2214 2215
3 2187 2216 2218
3 2193 2217 2216
3 2188 2218 2217
3 2216 2217 2218
3 2187 2218 2220
3 2188 2219 2218
3 2186 2220 2219
3 2218 2219 2220
3 2187 2220 2222
3 2186 2221 2220
3 2190 2222 2221
3 2220 2221 2222
3 2187 2222 2224
3 2190 2223 2222
3 2192 2224 2223
3 2222 2223 2224
3 2187 2224 2216
3 2192 2225 2224
3 2193 2216 2225
3 2224 2225 2216
3 2188 2217 2209
3 2193 2206 2217
3 2189 2209 2206
3 2217 2206 2209
3 2186 2219 2211
3 2188 2208 2219
3 2195 2211 2208
3 2219 2208 2211
3 2190 2221 2213
3 2186 2210 2221
3 2194 2213 2210
3 2221 2210 2213
3 2192 2223 2215
3 2190 2212 2223
3 2191 2215 2212
3 2223 2212 2215
3 2193 2225 2207
3 2192 2214 2225
3 2185 2207 2214
3 2225 2214 2207
3 2226 2238 2240
3 2237 2239 2238
3 2231 2240 2239
3 2238 2239 2240
3 2226 2240 2242
3 2231 2241 2240
3 2227 2242 2241
3 2240 2241 2242
3 2226 2242 2244
3 2227 2243 2242
3 2233 2244 2243
3 2242 2243 2244
3 2226 2244 2246
3 2233 2245 2244
3 2236 2246 2245
3 2244 2245 2246
3 2226 2246 2238
3 2236 2247 2246
3 2237 2238 2247
3 2246 2247 2238
3 2227 2241 2249
3 2231 2248 2241
3 2235 2249 2248
3 2241 2248 2249
3 2231 2239 2251
3 2237 2250 2239
3 2230 2251 2250
3 2239 2250 2251
3 2237 2247 2253
3 2236 2252 2247
3 2228 2253 2252
3 2247 2252 2253
3 2236 2245 2255
3 2233 2254 2245
3 2232 2255 2254
3 2245 2254 2255
3 2233 2243 2257
3 2227 2256 2243
3 2234 2257 2256
3 2243 2256 2257
3 2229 2258 2260
3 2235 2259 2258
3 2230 2260 2259
3 2258 2259 2260
3 2229 2260 2262
3 2230 2261 2260
3 2228 2262 2261
3 2260 2261 2262
3 2229 2262 2264
3 2228 2263 2262
3 2232 2264 2263
3 2262 2263 2264
3 2229 2264 2266
3 2232 2265 2264
3 2234 2266 2265
3 2264 2265 2266
3 2229 2266 2258
3 2234 2267 2266
3 2235 2258 2267
3 2266 2267 2258
3 2230 2259 2251
3 2235 2248 2259
3 2231 2251 2248
3 2259 2248 2251
3 2228 2261 2253
3 2230 2250 2261
3 2237 2253 2250
3 2261 2250 2253
3 2232 2263 2255
3 2228 2252 2263
3 2236 2255 2252
3 2263 2252 2255
3 2234 2265 2257
3 2232 2254 2265
3 2233 2257 2254
3 2265 2254 2257
3 2235 2267 2249
3 2234 2256 2267
3 2227 2249 2256
3 2267 2256 2249
3 2268 2280 2282
3 2279 2281 2280
3 2273 2282 2281
3 2280 2281 2282
3 2268 2282 2284
3 2273 2283 2282
3 2269 2284 2283
3 2282 2283 2284
3 2268 2284 2286
3 2269 2285 2284
3 2275 2286 2285
3 2284 2285 2286
3 2268 2286 2288
3 2275 2287 2286
3 2278 2288 2287
3 2286 2287 2288
3 2268 2288 2280
3 2278 2289 2288
3 2279 2280 2289
3 2288 2289 2280
3 2269 2283 2291
3 2273 2290 2283
3 2277 2291 2290
3 2283 2290 2291
3 2273 2281 2293
3 2279 2292 2281
3 2272 2293 2292
3 2281 2292 2293
3 2279 2289 2295
3 2278 2294 2289
3 2270 2295 2294
3 2289 2294 2295
3 2278 2287 2297
3 2275 2296 2287
3 2274 2297 2296
3 2287 2296 2297
3 2275 2285 2299
3 2269 2298 2285
3 2276 2299 2298
3 2285 2298 2299
3 2271 2300 2302
3 2277 2301 2300
3 2272 2302 2301
3 2300 2301 2302
3 2271 2302 2304
3 2272 2303 2302
3 2270 2304 2303
3 2302 2303 2304
3 2271 2304 2306
3 2270 2305 2304
3 2274 2306 2305
3 2304 2305 2306
3 2271 2306 2308
3 2274 2307 2306
3 2276 2308 2307
3 2306 2307 2308
3 2271 2308 2300
3 2276 2309 2308
3 2277 2300 2309
3 2308 2309 2300
3 2272 2301 2293
3 2277 2290 2301
3 2273 2293 2290
3 2301 2290 2293
3 2270 2303 2295
3 2272 2292 2303
3 2279 2295 2292
3 2303 2292 2295
3 2274 2305 2297
3 2270 2294 2305
3 2278 2297 2294
3 2305 2294 2297
3 2276 2307 2299
3 2274 2296 2307
3 2275 2299 2296
3 2307 2296 2299
3 2277 2309 2291
3 2276 2298 2309
3 2269 2291 2298
3 2309 2298 2291
3 2310 2322 2324
3 2321 2323 2322
3 2315 2324 2323
3 2322 2323 2324
3 2310 2324 2326
3 2315 2325 2324
3 2311 2326 2325
3 2324 2325 2326
3 2310 2326 2328
3 2311 2327 2326
3 2317 2328 2327
3 2326 2327 2328
3 2310 2328 2330
3 2317 2329 2328
3 2320 2330 2329
3 2328 2329 2330
3 2310 2330 2322
3 2320 2331 2330
3 2321 2322 2331
3 2330 2331 2322
3 2311 2325 2333
3 2315 2332 2325
3 2319 2333 2332
3 2325 2332 2333
3 2315 2323 2335
3 2321 2334 2323
3 2314 2335 2334
3 2323 2334 2335
3 2321 2331 2337
3 2320 2336 2331
3 2312 2337 2336
3 2331 2336 2337
3 2320 2329 2339
3 2317 2338 2329
3 2316 2339 2338
3 2329 2338 2339
3 2317 2327 2341
3 2311 2340 2327
3 2318 2341 2340
3 2327 2340 2341
3 2313 2342 2344
3 2319 2343 2342
3 2314 2344 2343
3 2342 2343 2344
3 2313 2344 2346
3 2314 2345 2344
3 2312 2346 2345
3 2344 2345 2346
3 2313 2346 2348
3 2312 2347 2346
3 2316 2348 2347
3 2346 2347 2348
3 2313 2348 2350
3 2316 2349 2348
3 2318 2350 2349
3 2348 2349 2350
3 2313 2350 2342
3 2318 2351 2350
3 2319 2342 2351
3 2350 2351 2342
3 2314 2343 2335
3 2319 2332 2343
3 2315 2335 2332
3 2343 2332 2335
3 2312 2345 2337
3 2314 2334 2345
3 2321 2337 2334
3 2345 2334 2337
3 2316 2347 2339
3 2312 2336 2347
3 2320 2339 2336
3 2347 2336 2339
3 2318 2349 2341
3 2316 2338 2349
3 2317 2341 2338
3 2349 2338 2341
3 2319 2351 2333
3 2318 2340 2351
3 2311 2333 2340
3 2351 2340 2333
3 2352 2364 2366
3 2363 2365 2364
3 2357 2366 2365
3 2364 2365 2366
3 2352 2366 2368
3 2357 2367 2366
3 2353 2368 2367
3 2366 2367 2368
3 2352 2368 2370
3 2353 2369 2368
3 2359 2370 2369
3 2368 2369 2370
3 2352 2370 2372
3 2359 2371 2370
3 2362 2372 2371
3 2370 2371 2372
3 2352 2372 2364
3 2362 2373 2372
3 2363 2364 2373
3 2372 2373 2364
3 2353 2367 2375
3 2357 2374 2367
3 2361 2375 2374
3 2367 2374 2375
3 2357 2365 2377
3 2363 2376 2365
3 2356 2377 2376
3 2365 2376 2377
3 2363 2373 2379
3 2362 2378 2373
3 2354 2379 2378
3 2373 2378 2379
3 2362 2371 2381
3 2359 2380 2371
3 2358 2381 2380
3 2371 2380 2381
3 2359 2369 2383
3 2353 2382 2369
3 2360 2383 2382
3 2369 2382 2383
3 2355 2384 2386
3 2361 2385 2384
3 2356 2386 2385
3 2384 2385 2386
3 2355 2386 2388
3 2356 2387 2386
3 2354 2388 2387
3 2386 2387 2388
3 2355 2388 2390
3 2354 2389 2388
3 2358 2390 2389
3 2388 2389 2390
3 2355 2390 2392
3 2358 2391 2390
3 2360 2392 2391
3 2390 2391 2392
3 2355 2392 2384
3 2360 2393 2392
3 2361 2384 2393
3 2392 2393 2384
3 2356 2385 2377
3 2361 2374 2385
3 2357 2377 2374
3 2385 2374 2377
3 2354 2387 2379
3 2356 2376 2387
3 2363 2379 2376
3 2387 2376 2379
3 2358 2389 2381
3 2354 2378 2389
3 2362 2381 2378
3 2389 2378 2381
3 2360 2391 2383
3 2358 2380 2391
3 2359 2383 2380
3 2391 2380 2383
3 2361 2393 2375
3 2360 2382 2393
3 2353 2375 2382
3 2393 2382 2375
3 2394 2406 2408
3 2405 2407 2406
3 2399 2408 2407
3 2406 2407 2408
3 2394 2408 2410
3 2399 2409 2408
3 2395 2410 2409
3 2408 2409 2410
3 2394 2410 2412
3 2395 2411 2410
3 2401 2412 2411
3 2410 2411 2412
3 2394 2412 2414
3 2401 2413 2412
3 2404 2414 2413
3 2412 2413 2414
3 2394 2414 2406
3 2404 2415 2414
3 2405 2406 2415
3 2414 2415 2406
3 2395 2409 2417
3 2399 2416 2409
3 2403 2417 2416
3 2409 2416 2417
3 2399 2407 2419
3 2405 2418 2407
3 2398 2419 2418
3 2407 2418 2419
3 2405 2415 2421
3 2404 2420 2415
3 2396 2421 2420
3 2415 2420 2421
3 2404 2413 2423
3 2401 2422 2413
3 2400 2423 2422
3 2413 2422 2423
3 2401 2411 2425
3 2395 2424 2411
3 2402 2425 2424
3 2411 2424 2425
3 2397 2426 2428
3 2403 2427 2426
3 2398 2428 2427
3 2426 2427 2428
3 2397 2428 2430
3 2398 2429 2428
3 2396 2430 2429
3 2428 2429 2430
3 2397 2430 2432
3 2396 2431 2430
3 2400 2432 2431
3 2430 2431 2432
3 2397 2432 2434
3 2400 2433 2432
3 2402 2434 2433
3 2432 2433 2434
3 2397 2434 2426
3 2402 2435 2434
3 2403 2426 2435
3 2434 2435 2426
3 2398 2427 2419
3 2403 2416 2427
3 2399 2419 2416
3 2427 2416 2419
3 2396 2429 2421
3 2398 2418 2429
3 2405 2421 2418
3 2429 2418 2421
3 2400 2431 2423
3 2396 2420 2431
3 2404 2423 2420
3 2431 2420 2423
3 2402 2433 2425
3 2400 2422 2433
3 2401 2425 2422
3 2433 2422 2425
3 2403 2435 2417
3 2402 2424 2435
3 2395 2417 2424
3 2435 2424 2417
3 2436 2448 2450
3 2447 2449 2448
3 2441 2450 2449
3 2448 2449 2450
3 2436 2450 2452
3 2441 2451 2450
3 2437 2452 2451
3 2450 2451 2452
3 2436 2452 2454
3 2437 2453 2452
3 2443 2454 2453
3 2452 2453 2454
3 2436 2454 2456
3 2443 2455 2454
3 2446 2456 2455
3 2454 2455 2456
3 2436 2456 2448
3 2446 2457 2456
3 2447 2448 2457
3 2456 2457 2448
3 2437 2451 2459
3 2441 2458 2451
3 2445 2459 2458
3 2451 2458 2459
3 2441 2449 2461
3 2447 2460 2449
3 2440 2461 2460
3 2449 2460 2461
3 2447 2457 2463
3 2446 2462 2457
3 2438 2463 2462
3 2457 2462 2463
3 2446 2455 2465
3 2443 2464 2455
3 2442 2465 2464
3 2455 2464 2465
3 2443 2453 2467
3 2437 2466 2453
3 2444 2467 2466
3 2453 2466 2467
3 2439 2468 2470
3 2445 2469 2468
3 2440 2470 2469
3 2468 2469 2470
3 2439 2470 2472
3 2440 2471 2470
3 2438 2472 2471
3 2470 2471 2472
3 2439 2472 2474
3 2438 2473 2472
3 2442 2474 2473
3 2472 2473 2474
3 2439 2474 2476
3 2442 2475 2474
3 2444 2476 2475
3 2474 2475 2476
3 2439 2476 2468
3 2444 2477 2476
3 2445 2468 2477
3 2476 2477 2468
3 2440 2469 2461
3 2445 2458 2469
3 2441 2461 2458
3 2469 2458 2461
3 2438 2471 2463
3 2440 2460 2471
3 2447 2463 2460
3 2471 2460 2463
3 2442 2473 2465
3 2438 2462 2473
3 2446 2465 2462
3 2473 2462 2465
3 2444 2475 2467
3 2442 2464 2475
3 2443 2467 2464
3 2475 2464 2467
3 2445 2477 2459
3 2444 2466 2477
3 2437 2459 2466
3 2477 2466 2459
3 2478 2490 2492
3 2489 2491 2490
3 2483 2492 2491
3 2490 2491 2492
3 2478 2492 2494
3 2483 2493 2492
3 2479 2494 2493
3 2492 2493 2494
3 2478 2494 2496
3 2479 2495 2494
3 2485 2496 2495
3 2494 2495 2496
3 2478 2496 2498
3 2485 2497 2496
3 2488 2498 2497
3 2496 2497 2498
3 2478 2498 2490
3 2488 2499 2498
3 2489 2490 2499
3 2498 2499 2490
3 2479 2493 2501
3 2483 2500 2493
3 2487 2501 2500
3 2493 2500 2501
3 2483 2491 2503
3 2489 2502 2491
3 2482 2503 2502
3 2491 2502 2503
3 2489 2499 2505
3 2488 2504 2499
3 2480 2505 2504
3 2499 2504 2505
3 2488 2497 2507
3 2485 2506 2497
3 2484 2507 2506
3 2497 2506 2507
3 2485 2495 2509
3 2479 2508 2495
3 2486 2509 2508
3 2495 2508 2509
3 2481 2510 2512
3 2487 2511 2510
3 2482 2512 2511
3 2510 2511 2512
3 2481 2512 2514
3 2482 2513 2512
3 2480 2514 2513
3 2512 2513 2514
3 2481 2514 2516
3 2480 2515 2514
3 2484 2516 2515
3 2514 2515 2516
3 2481 2516 2518
3 2484 2517 2516
3 2486 2518 2517
3 2516 2517 2518
3 2481 2518 2510
3 2486 2519 2518
3 2487 2510 2519
3 2518 2519 2510
3 2482 2511 2503
3 2487 2500 2511
3 2483 2503 2500
3 2511 2500 2503
3 2480 2513 2505
3 2482 2502 2513
3 2489 2505 2502
3 2513 2502 2505
3 2484 2515 2507
3 2480 2504 2515
3 2488 2507 2504
3 2515 2504 2507
3 2486 2517 2509
3 2484 2506 2517
3 2485 2509 2506
3 2517 2506 2509
3 2487 2519 2501
3 2486 2508 2519
3 2479 2501 2508
3 2519 2508 2501
3 2520 2532 2534
3 2531 2533 2532
3 2525 2534 2533
3 2532 2533 2534
3 2520 2534 2536
3 2525 2535 2534
3 2521 2536 2535
3 2534 2535 2536
3 2520 2536 2538
3 2521 2537 2536
3 2527 2538 2537
3 2536 2537 2538
3 2520 2538 2540
3 2527 2539 2538
3 2530 2540 2539
3 2538 2539 2540
3 2520 2540 2532
3 2530 2541 2540
3 2531 2532 2541
3 2540 2541 2532
3 2521 2535 2543
3 2525 2542 2535
3 2529 2543 2542
3 2535 2542 2543
3 2525 2533 2545
3 2531 2544 2533
3 2524 2545 2544
3 2533 2544 2545
3 2531 2541 2547
3 2530 2546 2541
3 2522 2547 2546
3 2541 2546 2547
3 2530 2539 2549
3 2527 2548 2539
3 2526 2549 2548
3 2539 2548 2549
3 2527 2537 2551
3 2521 2550 2537
3 2528 2551 2550
3 2537 2550 2551
3 2523 2552 2554
3 2529 2553 2552
3 2524 2554 2553
3 2552 2553 2554
3 2523 2554 2556
3 2524 2555 2554
3 2522 2556 2555
3 2554 2555 2556
3 2523 2556 2558
3 2522 2557 2556
3 2526 2558 2557
3 2556 2557 2558
3 2523 2558 2560
3 2526 2559 2558
3 2528 2560 2559
3 2558 2559 2560
3 2523 2560 2552
3 2528 2561 2560
3 2529 2552 2561
3 2560 2561 2552
3 2524 2553 2545
3 2529 2542 2553
3 2525 2545 2542
3 2553 2542 2545
3 2522 2555 2547
3 2524 2544 2555
3 2531 2547 2544
3 2555 2544 2547
3 2526 2557 2549
3 2522 2546 2557
3 2530 2549 2546
3 2557 2546 2549
3 2528 2559 2551
3 2526 2548 2559
3 2527 2551 2548
3 2559 2548 2551
3 2529 2561 2543
3 2528 2550 2561
3 2521 2543 2550
3 2561 2550 2543
3 2562 2574 2576
3 2573 2575 2574
3 2567 2576 2575
3 2574 2575 2576
3 2562 2576 2578
3 2567 2577 2576
3 2563 2578 2577
3 2576 2577 2578
3 2562 2578 2580
3 2563 2579 2578
3 2569 2580 2579
3 2578 2579 2580
3 2562 2580 2582
3 2569 2581 2580
3 2572 2582 2581
3 2580 2581 2582
3 2562 2582 2574
3 2572 2583 2582
3 2573 2574 2583
3 2582 2583 2574
3 2563 2577 2585
3 2567 2584 2577
3 2571 2585 2584
3 2577 2584 2585
3 2567 2575 2587
3 2573 2586 2575
3 2566 2587 2586
3 2575 2586 2587
3 2573 2583 2589
3 2572 2588 2583
3 2564 2589 2588
3 2583 2588 2589
3 2572 2581 2591
3 2569 2590 2581
3 2568 2591 2590
3 2581 2590 2591
3 2569 2579 2593
3 2563 2592 2579
3 2570 2593 2592
3 2579 2592 2593
3 2565 2594 2596
3 2571 2595 2594
3 2566 2596 2595
3 2594 2595 2596
3 2565 2596 2598
3 2566 2597 2596
3 2564 2598 2597
3 2596 2597 2598
3 2565 2598 2600
3 2564 2599 2598
3 2568 2600 2599
3 2598 2599 2600
3 2565 2600 2602
3 2568 2601 2600
3 2570 2602 2601
3 2600 2601 2602
3 2565 2602 2594
3 2570 2603 2602
3 2571 2594 2603
3 2602 2603 2594
3 2566 2595 2587
3 2571 2584 2595
3 2567 2587 2584
3 2595 2584 2587
3 2564 2597 2589
3 2566 2586 2597
3 2573 2589 2586
3 2597 2586 2589
3 2568 2599 2591
3 2564 2588 2599
3 2572 2591 2588
3 2599 2588 2591
3 2570 2601 2593
3 2568 2590 2601
3 2569 2593 2590
3 2601 2590 2593
3 2571 2603 2585
3 2570 2592 2603
3 2563 2585 2592
3 2603 2592 2585
3 2604 2616 2618
3 2615 2617 2616
3 2609 2618 2617
3 2616 2617 2618
3 2604 2618 2620
3 2609 2619 2618
3 2605 2620 2619
3 2618 2619 2620
3 2604 2620 2622
3 2605 2621 2620
3 2611 2622 2621
3 2620 2621 2622
3 2604 2622 2624
3 2611 2623 2622
3 2614 2624 2623
3 2622 2623 2624
3 2604 2624 2616
3 2614 2625 2624
3 2615 2616 2625
3 2624 2625 2616
3 2605 2619 2627
3 2609 2626 2619
3 2613 2627 2626
3 2619 2626 2627
3 2609 2617 2629
3 2615 2628 2617
3 2608 2629 2628
3 2617 2628 2629
3 2615 2625 2631
3 2614 2630 2625
3 2606 2631 2630
3 2625 2630 2631
3 2614 2623 2633
3 2611 2632 2623
3 2610 2633 2632
3 2623 2632 2633
3 2611 2621 2635
3 2605 2634 2621
3 2612 2635 2634
3 2621 2634 2635
3 2607 2636 2638
3 2613 2637 2636
3 2608 2638 2637
3 2636 2637 2638
3 2607 2638 2640
3 2608 2639 2638
3 2606 2640 2639
3 2638 2639 2640
3 2607 2640 2642
3 2606 2641 2640
3 2610 2642 2641
3 2640 2641 2642
3 2607 2642 2644
3 2610 2643 2642
3 2612 2644 2643
3 2642 2643 2644
3 2607 2644 2636
3 2612 2645 2644
3 2613 2636 2645
3 2644 2645 2636
3 2608 2637 2629
3 2613 2626 2637
3 2609 2629 2626
3 2637 2626 2629
3 2606 2639 2631
3 2608 2628 2639
3 2615 2631 2628
3 2639 2628 2631
3 2610 2641 2633
3 2606 2630 2641
3 2614 2633 2630
3 2641 2630 2633
3 2612 2643 2635
3 2610 2632 2643
3 2611 2635 2632
3 2643 2632 2635
3 2613 2645 2627
3 2612 2634 2645
3 2605 2627 2634
3 2645 2634 2627
3 2646 2658 2660
3 2657 2659 2658
3 2651 2660 2659
3 2658 2659 2660
3 2646 2660 2662
3 2651 2661 2660
3 2647 2662 2661
3 2660 2661 2662
3 2646 2662 2664
3 2647 2663 2662
3 2653 2664 2663
3 2662 2663 2664
3 2646 2664 2666
3 2653 2665 2664
3 2656 2666 2665
3 2664 2665 2666
3 2646 2666 2658
3 2656 2667 2666
3 2657 2658 2667
3 2666 2667 2658
3 2647 2661 2669
3 2651 2668 2661
3 2655 2669 2668
3 2661 2668 2669
3 2651 2659 2671
3 2657 2670 2659
3 2650 2671 2670
3 2659 2670 2671
3 2657 2667 2673
3 2656 2672 2667
3 2648 2673 2672
3 2667 2672 2673
3 2656 2665 2675
3 2653 2674 2665
3 2652 2675 2674
3 2665 2674 2675
3 2653 2663 2677
3 2647 2676 2663
3 2654 2677 2676
3 2663 2676 2677
3 2649 2678 2680
3 2655 2679 2678
3 2650 2680 2679
3 2678 2679 2680
3 2649 2680 2682
3 2650 2681 2680
3 2648 2682 2681
3 2680 2681 2682
3 2649 2682 2684
3 2648 2683 2682
3 2652 2684 2683
3 2682 2683 2684
3 2649 2684 2686
3 2652 2685 2684
3 2654 2686 2685
3 2684 2685 2686
3 2649 2686 2678
3 2654 2687 2686
3 2655 2678 2687
3 2686 2687 2678
3 2650 2679 2671
3 2655 2668 2679
3 2651 2671 2668
3 2679 2668 2671
3 2648 2681 2673
3 2650 2670 2681
3 2657 2673 2670
3 2681 2670 2673
3 2652 2683 2675
3 2648 2672 2683
3 2656 2675 2672
3 2683 2672 2675
3 2654 2685 2677
3 2652 2674 2685
3 2653 2677 2674
3 2685 2674 2677
3 2655 2687 2669
3 2654 2676 2687
3 2647 2669 2676
3 2687 2676 2669
3 2688 2700 2702
3 2699 2701 2700
3 2693 2702 2701
3 2700 2701 2702
3 2688 2702 2704
3 2693 2703 2702
3 2689 2704 2703
3 2702 2703 2704
3 2688 2704 2706
3 2689 2705 2704
3 2695 2706 2705
3 2704 2705 2706
3 2688 2706 2708
3 2695 2707 2706
3 2698 2708 2707
3 2706 2707 2708
3 2688 2708 2700
3 2698 2709 2708
3 2699 2700 2709
3 2708 2709 2700
3 2689 2703 2711
3 2693 2710 2703
3 2697 2711 2710
3 2703 2710 2711
3 2693 2701 2713
3 2699 2712 2701
3 2692 2713 2712
3 2701 2712 2713
3 2699 2709 2715
3 2698 2714 2709
3 2690 2715 2714
3 2709 2714 2715
3 2698 2707 2717
3 2695 2716 2707
3 2694 2717 2716
3 2707 2716 2717
3 2695 2705 2719
3 2689 2718 2705
3 2696 2719 2718
3 2705 2718 2719
3 2691 2720 2722
3 2697 2721 2720
3 2692 2722 2721
3 2720 2721 2722
3 2691 2722 2724
3 2692 2723 2722
3 2690 2724 2723
3 2722 2723 2724
3 2691 2724 2726
3 2690 2725 2724
3 2694 2726 2725
3 2724 2725 2726
3 2691 2726 2728
3 2694 2727 2726
3 2696 2728 2727
3 2726 2727 2728
3 2691 2728 2720
3 2696 2729 2728
3 2697 2720 2729
3 2728 2729 2720
3 2692 2721 2713
3 2697 2710 2721
3 2693 2713 2710
3 2721 2710 2713
3 2690 2723 2715
3 2692 2712 2723
3 2699 2715 2712
3 2723 2712 2715
3 2694 2725 2717
3 2690 2714 2725
3 2698 2717 2714
3 2725 2714 2717
3 2696 2727 2719
3 2694 2716 2727
3 2695 2719 2716
3 2727 2716 2719
3 2697 2729 2711
3 2696 2718 2729
3 2689 2711 2718
3 2729 2718 2711
3 2730 2742 2744
3 2741 2743 2742
3 2735 2744 2743
3 2742 2743 2744
3 2730 2744 2746
3 2735 2745 2744
3 2731 2746 2745
3 2744 2745 2746
3 2730 2746 2748
3 2731 2747 2746
3 2737 2748 2747
3 2746 2747 2748
3 2730 2748 2750
3 2737 2749 2748
3 2740 2750 2749
3 2748 2749 2750
3 2730 2750 2742
3 2740 2751 2750
3 2741 2742 2751
3 2750 2751 2742
3 2731 2745 2753
3 2735 2752 2745
3 2739 2753 2752
3 2745 2752 2753
3 2735 2743 2755
3 2741 2754 2743
3 2734 2755 2754
3 2743 2754 2755
3 2741 2751 2757
3 2740 2756 2751
3 2732 2757 2756
3 2751 2756 2757
3 2740 2749 2759
3 2737 2758 2749
3 2736 2759 2758
3 2749 2758 2759
3 2737 2747 2761
3 2731 2760 2747
3 2738 2761 2760
3 2747 2760 2761
3 2733 2762 2764
3 2739 2763 2762
3 2734 2764 2763
3 2762 2763 2764
3 2733 2764 2766
3 2734 2765 2764
3 2732 2766 2765
3 2764 2765 2766
3 2733 2766 2768
3 2732 2767 2766
3 2736 2768 2767
3 2766 2767 2768
3 2733 2768 2770
3 2736 2769 2768
3 2738 2770 2769
3 2768 2769 2770
3 2733 2770 2762
3 2738 2771 2770
3 2739 2762 2771
3 2770 2771 2762
3 2734 2763 2755
3 2739 2752 2763
3 2735 2755 2752
3 2763 2752 2755
3 2732 2765 2757
3 2734 2754 2765
3 2741 2757 2754
3 2765 2754 2757
3 2736 2767 2759
3 2732 2756 2767
3 2740 2759 2756
3 2767 2756 2759
3 2738 2769 2761
3 2736 2758 2769
3 2737 2761 2758
3 2769 2758 2761
3 2739 2771 2753
3 2738 2760 2771
3 2731 2753 2760
3 2771 2760 2753
3 2772 2784 2786
3 2783 2785 2784
3 2777 2786 2785
3 2784 2785 2786
3 2772 2786 2788
3 2777 2787 2786
3 2773 2788 2787
3 2786 2787 2788
3 2772 2788 2790
3 2773 2789 2788
3 2779 2790 2789
3 2788 2789 2790
3 2772 2790 2792
3 2779 2791 2790
3 2782 2792 2791
3 2790 2791 2792
3 2772 2792 2784
3 2782 2793 2792
3 2783 2784 2793
3 2792 2793 2784
3 2773 2787 2795
3 2777 2794 2787
3 2781 2795 2794
3 2787 2794 2795
3 2777 2785 2797
3 2783 2796 2785
3 2776 2797 2796
3 2785 2796 2797
3 2783 2793 2799
3 2782 2798 2793
3 2774 2799 2798
3 2793 2798 2799
3 2782 2791 2801
3 2779 2800 2791
3 2778 2801 2800
3 2791 2800 2801
3 2779 2789 2803
3 2773 2802 2789
3 2780 2803 2802
3 2789 2802 2803
3 2775 2804 2806
3 2781 2805 2804
3 2776 2806 2805
3 2804 2805 2806
3 2775 2806 2808
3 2776 2807 2806
3 2774 2808 2807
3 2806 2807 2808
3 2775 2808 2810
3 2774 2809 2808
3 2778 2810 2809
3 2808 2809 2810
3 2775 2810 2812
3 2778 2811 2810
3 2780 2812 2811
3 2810 2811 2812
3 2775 2812 2804
3 2780 2813 2812
3 2781 2804 2813
3 2812 2813 2804
3 2776 2805 2797
3 2781 2794 2805
3 2777 2797 2794
3 2805 2794 2797
3 2774 2807 2799
3 2776 2796 2807
3 2783 2799 2796
3 2807 2796 2799
3 2778 2809 2801
3 2774 2798 2809
3 2782 2801 2798
3 2809 2798 2801
3 2780 2811 2803
3 2778 2800 2811
3 2779 2803 2800
3 2811 2800 2803
3 2781 2813 2795
3 2780 2802 2813
3 2773 2795 2802
3 2813 2802 2795
3 2814 2826 2828
3 2825 2827 2826
3 2819 2828 2827
3 2826 2827 2828
3 2814 2828 2830
3 2819 2829 2828
3 2815 2830 2829
3 2828 2829 2830
3 2814 2830 2832
3 2815 2831 2830
3 2821 2832 2831
3 2830 2831 2832
3 2814 2832 2834
3 2821 2833 2832
3 2824 2834 2833
3 2832 2833 2834
3 2814 2834 2826
3 2824 2835 2834
3 2825 2826 2835
3 2834 2835 2826
3 2815 2829 2837
3 2819 2836 2829
3 2823 2837 2836
3 2829 2836 2837
3 2819 2827 2839
3 2825 2838 2827
3 2818 2839 2838
3 2827 2838 2839
3 2825 2835 2841
3 2824 2840 2835
3 2816 2841 2840
3 2835 2840 2841
3 2824 2833 2843
3 2821 2842 2833
3 2820 2843 2842
3 2833 2842 2843
3 2821 2831 2845
3 2815 2844 2831
3 2822 2845 2844
3 2831 2844 2845
3 2817 2846 2848
3 2823 2847 2846
3 2818 2848 2847
3 2846 2847 2848
3 2817 2848 2850
3 2818 2849 2848
3 2816 2850 2849
3 2848 2849 2850
3 2817 2850 2852
3 2816 2851 2850
3 2820 2852 2851
3 2850 2851 2852
3 2817 2852 2854
3 2820 2853 2852
3 2822 2854 2853
3 2852 2853 2854
3 2817 2854 2846
3 2822 2855 2854
3 2823 2846 2855
3 2854 2855 2846
3 2818 2847 2839
3 2823 2836 2847
3 2819 2839 2836
3 2847 2836 2839
3 2816 2849 2841
3 2818 2838 2849
3 2825 2841 2838
3 2849 2838 2841
3 2820 2851 2843
3 2816 2840 2851
3 2824 2843 2840
3 2851 2840 2843
3 2822 2853 2845
3 2820 2842 2853
3 2821 2845 2842
3 2853 2842 2845
3 2823 2855 2837
3 2822 2844 2855
3 2815 2837 2844
3 2855 2844 2837
3 2856 2868 2870
3 2867 2869 2868
3 2861 2870 2869
3 2868 2869 2870
3 2856 2870 2872
3 2861 2871 2870
3 2857 2872 2871
3 2870 2871 2872
3 2856 2872 2874
3 2857 2873 2872
3 2863 2874 2873
3 2872 2873 2874
3 2856 2874 2876
3 2863 2875 2874
3 2866 2876 2875
3 2874 2875 2876
3 2856 2876 2868
3 2866 2877 2876
3 2867 2868 2877
3 2876 2877 2868
3 2857 2871 2879
3 2861 2878 2871
3 2865 2879 2878
3 2871 2878 2879
3 2861 2869 2881
3 2867 2880 2869
3 2860 2881 2880
3 2869 2880 2881
3 2867 2877 2883
3 2866 2882 2877
3 2858 2883 2882
3 2877 2882 2883
3 2866 2875 2885
3 2863 2884 2875
3 2862 2885 2884
3 2875 2884 2885
3 2863 2873 2887
3 2857 2886 2873
3 2864 2887 2886
3 2873 2886 2887
3 2859 2888 2890
3 2865 2889 2888
3 2860 2890 2889
3 2888 2889 2890
3 2859 2890 2892
3 2860 2891 2890
3 2858 2892 2891
3 2890 2891 2892
3 2859 2892 2894
3 2858 2893 2892
3 2862 2894 2893
3 2892 2893 2894
3 2859 2894 2896
3 2862 2895 2894
3 2864 2896 2895
3 2894 2895 2896
3 2859 2896 2888
3 2864 2897 2896
3 2865 2888 2897
3 2896 2897 2888
3 2860 2889 2881
3 2865 2878 2889
3 2861 2881 2878
3 2889 2878 2881
3 2858 2891 2883
3 2860 2880 2891
3 2867 2883 2880
3 2891 2880 2883
3 2862 2893 2885
3 2858 2882 2893
3 2866 2885 2882
3 2893 2882 2885
3 2864 2895 2887
3 2862 2884 2895
3 2863 2887 2884
3 2895 2884 2887
3 2865 2897 2879
3 2864 2886 2897
3 2857 2879 2886
3 2897 2886 2879
3 2898 2910 2912
3 2909 2911 2910
3 2903 2912 2911
3 2910 2911 2912
3 2898 2912 2914
3 2903 2913 2912
3 2899 2914 2913
3 2912 2913 2914
3 2898 2914 2916
3 2899 2915 2914
3 2905 2916 2915
3 2914 2915 2916
3 2898 2916 2918
3 2905 2917 2916
3 2908 2918 2917
3 2916 2917 2918
3 2898 2918 2910
3 2908 2919 2918
3 2909 2910 2919
3 2918 2919 2910
3 2899 2913 2921
3 2903 2920 2913
3 2907 2921 2920
3 2913 2920 2921
3 2903 2911 2923
3 2909 2922 2911
3 2902 2923 2922
3 2911 2922 2923
3 2909 2919 2925
3 2908 2924 2919
3 2900 2925 2924
3 2919 2924 2925
3 2908 2917 2927
3 2905 2926 2917
3 2904 2927 2926
3 2917 2926 2927
3 2905 2915 2929
3 2899 2928 2915
3 2906 2929 2928
3 2915 2928 2929
3 2901 2930 2932
3 2907 2931 2930
3 2902 2932 2931
3 2930 2931 2932
3 2901 2932 2934
3 2902 2933 2932
3 2900 2934 2933
3 2932 2933 2934
3 2901 2934 2936
3 2900 2935 2934
3 2904 2936 2935
3 2934 2935 2936
3 2901 2936 2938
3 2904 2937 2936
3 2906 2938 2937
3 2936 2937 2938
3 2901 2938 2930
3 2906 2939 2938
3 2907 2930 2939
3 2938 2939 2930
3 2902 2931 2923
3 2907 2920 2931
3 2903 2923 2920
3 2931 2920 2923
3 2900 2933 2925
3 2902 2922 2933
3 2909 2925 2922
3 2933 2922 2925
3 2904 2935 2927
3 2900 2924 2935
3 2908 2927 2924
3 2935 2924 2927
3 2906 2937 2929
3 2904 2926 2937
3 2905 2929 2926
3 2937 2926 2929
3 2907 2939 2921
3 2906 2928 2939
3 2899 2921 2928
3 2939 2928 2921
3 2940 2952 2954
3 2951 2953 2952
3 2945 2954 2953
3 2952 2953 2954
3 2940 2954 2956
3 2945 2955 2954
3 2941 2956 2955
3 2954 2955 2956
3 2940 2956 2958
3 2941 2957 2956
3 2947 2958 2957
3 2956 2957 2958
3 2940 2958 2960
3 2947 2959 2958
3 2950 2960 2959
3 2958 2959 2960
3 2940 2960 2952
3 2950 2961 2960
3 2951 2952 2961
3 2960 2961 2952
3 2941 2955 2963
3 2945 2962 2955
3 2949 2963 2962
3 2955 2962 2963
3 2945 2953 2965
3 2951 2964 2953
3 2944 2965 2964
3 2953 2964 2965
3 2951 2961 2967
3 2950 2966 2961
3 2942 2967 2966
3 2961 2966 2967
3 2950 2959 2969
3 2947 2968 2959
3 2946 2969 2968
3 2959 2968 2969
3 2947 2957 2971
3 2941 2970 2957
3 2948 2971 2970
3 2957 2970 2971
3 2943 2972 2974
3 2949 2973 2972
3 2944 2974 2973
3 2972 2973 2974
3 2943 2974 2976
3 2944 2975 2974
3 2942 2976 2975
3 2974 2975 2976
3 2943 2976 2978
3 2942 2977 2976
3 2946 2978 2977
3 2976 2977 2978
3 2943 2978 2980
3 2946 2979 2978
3 2948 2980 2979
3 2978 2979 2980
3 2943 2980 2972
3 2948 2981 2980
3 2949 2972 2981
3 2980 2981 2972
3 2944 2973 2965
3 2949 2962 2973
3 2945 2965 2962
3 2973 2962 2965
3 2942 2975 2967
3 2944 2964 2975
3 2951 2967 2964
3 2975 2964 2967
3 2946 2977 2969
3 2942 2966 2977
3 2950 2969 2966
3 2977 2966 2969
3 2948 2979 2971
3 2946 2968 2979
3 2947 2971 2968
3 2979 2968 2971
3 2949 2981 2963
3 2948 2970 2981
3 2941 2963 2970
3 2981 2970 2963
3 2982 2994 2996
3 2993 2995 2994
3 2987 2996 2995
3 2994 2995 2996
3 2982 2996 2998
3 2987 2997 2996
3 2983 2998 2997
3 2996 2997 2998
3 2982 2998 3000
3 2983 2999 2998
3 2989 3000 2999
3 2998 2999 3000
3 2982 3000 3002
3 2989 3001 3000
3 2992 3002 3001
3 3000 3001 3002
3 2982 3002 2994
3 2992 3003 3002
3 2993 2994 3003
3 3002 3003 2994
3 2983 2997 3005
3 2987 3004 2997
3 2991 3005 3004
3 2997 3004 3005
3 2987 2995 3007
3 2993 3006 2995
3 2986 3007 3006
3 2995 3006 3007
3 2993 3003 3009
3 2992 3008 3003
3 2984 3009 3008
3 3003 3008 3009
3 2992 3001 3011
3 2989 3010 3001
3 2988 3011 3010
3 3001 3010 3011
3 2989 2999 3013
3 2983 3012 2999
3 2990 3013 3012
3 2999 3012 3013
3 2985 3014 3016
3 2991 3015 3014
3 2986 3016 3015
3 3014 3015 3016
3 2985 3016 3018
3 2986 3017 3016
3 2984 3018 3017
3 3016 3017 3018
3 2985 3018 3020
3 2984 3019 3018
3 2988 3020 3019
3 3018 3019 3020
3 2985 3020 3022
3 2988 3021 3020
3 2990 3022 3021
3 3020 3021 3022
3 2985 3022 3014
3 2990 3023 3022
3 2991 3014 3023
3 3022 3023 3014
3 2986 3015 3007
3 2991 3004 3015
3 2987 3007 3004
3 3015 3004 3007
3 2984 3017 3009
3 2986 3006 3017
3 2993 3009 3006
3 3017 3006 3009
3 2988 3019 3011
3 2984 3008 3019
3 2992 3011 3008
3 3019 3008 3011
3 2990 3021 3013
3 2988 3010 3021
3 2989 3013 3010
3 3021 3010 3013
3 2991 3023 3005
3 2990 3012 3023
3 2983 3005 3012
3 3023 3012 3005
3 3024 3036 3038
3 3035 3037 3036
3 3029 3038 3037
3 3036 3037 3038
3 3024 3038 3040
3 3029 3039 3038
3 3025 3040 3039
3 3038 3039 3040
3 3024 3040 3042
3 3025 3041 3040
3 3031 3042 3041
3 3040 3041 3042
3 3024 3042 3044
3 3031 3043 3042
3 3034 3044 3043
3 3042 3043 3044
3 3024 3044 3036
3 3034 3045 3044
3 3035 3036 3045
3 3044 3045 3036
3 3025 3039 3047
3 3029 3046 3039
3 3033 3047 3046
3 3039 3046 3047
3 3029 3037 3049
3 3035 3048 3037
3 3028 3049 3048
3 3037 3048 3049
3 3035 3045 3051
3 3034 3050 3045
3 3026 3051 3050
3 3045 3050 3051
3 3034 3043 3053
3 3031 3052 3043
3 3030 3053 3052
3 3043 3052 3053
3 3031 3041 3055
3 3025 3054 3041
3 3032 3055 3054
3 3041 3054 3055
3 3027 3056 3058
3 3033 3057 3056
3 3028 3058 3057
3 3056 3057 3058
3 3027 3058 3060
3 3028 3059 3058
3 3026 3060 3059
3 3058 3059 3060
3 3027 3060 3062
3 3026 3061 3060
3 3030 3062 3061
3 3060 3061 3062
3 3027 3062 3064
3 3030 3063 3062
3 3032 3064 3063
3 3062 3063 3064
3 3027 3064 3056
3 3032 3065 3064
3 3033 3056 3065
3 3064 3065 3056
3 3028 3057 3049
3 3033 3046 3057
3 3029 3049 3046
3 3057 3046 3049
3 3026 3059 3051
3 3028 3048 3059
3 3035 3051 3048
3 3059 3048 3051
3 3030 3061 3053
3 3026 3050 3061
3 3034 3053 3050
3 3061 3050 3053
3 3032 3063 3055
3 3030 3052 3063
3 3031 3055 3052
3 3063 3052 3055
3 3033 3065 3047
3 3032 3054 3065
3 3025 3047 3054
3 3065 3054 3047
3 3066 3078 3080
3 3077 3079 3078
3 3071 3080 3079
3 3078 3079 3080
3 3066 3080 3082
3 3071 3081 3080
3 3067 3082 3081
3 3080 3081 3082
3 3066 3082 3084
3 3067 3083 3082
3 3073 3084 3083
3 3082 3083 3084
3 3066 3084 3086
3 3073 3085 3084
3 3076 3086 3085
3 3084 3085 3086
3 3066 3086 3078
3 3076 3087 3086
3 3077 3078 3087
3 3086 3087 3078
3 3067 3081 3089
3 3071 3088 3081
3 3075 3089 3088
3 3081 3088 3089
3 3071 3079 3091
3 3077 3090 3079
3 3070 3091 3090
3 3079 3090 3091
3 3077 3087 3093
3 3076 3092 3087
3 3068 3093 3092
3 3087 3092 3093
3 3076 3085 3095
3 3073 3094 3085
3 3072 3095 3094
3 3085 3094 3095
3 3073 3083 3097
3 3067 3096 3083
3 3074 3097 3096
3 3083 3096 3097
3 3069 3098 3100
3 3075 3099 3098
3 3070 3100 3099
3 3098 3099 3100
3 3069 3100 3102
3 3070 3101 3100
3 3068 3102 3101
3 3100 3101 3102
3 3069 3102 3104
3 3068 3103 3102
3 3072 3104 3103
3 3102 3103 3104
3 3069 3104 3106
3 3072 3105 3104
3 3074 3106 3105
3 3104 3105 3106
3 3069 3106 3098
3 3074 3107 3106
3 3075 3098 3107
3 3106 3107 3098
3 3070 3099 3091
3 3075 3088 3099
3 3071 3091 3088
3 3099 3088 3091
3 3068 3101 3093
3 3070 3090 3101
3 3077 3093 3090
3 3101 3090 3093
3 3072 3103 3095
3 3068 3092 3103
3 3076 3095 3092
3 3103 3092 3095
3 3074 3105 3097
3 3072 3094 3105
3 3073 3097 3094
3 3105 3094 3097
3 3075 3107 3089
3 3074 3096 3107
3 3067 3089 3096
3 3107 3096 3089
3 3108 3120 3122
3 3119 3121 3120
3 3113 3122 3121
3 3120 3121 3122
3 3108 3122 3124
3 3113 3123 3122
3 3109 3124 3123
3 3122 3123 3124
3 3108 3124 3126
3 3109 3125 3124
3 3115 3126 3125
3 3124 3125 3126
3 3108 3126 3128
3 3115 3127 3126
3 3118 3128 3127
3 3126 3127 3128
3 3108 3128 3120
3 3118 3129 3128
3 3119 3120 3129
3 3128 3129 3120
3 3109 3123 3131
3 3113 3130 3123
3 3117 3131 3130
3 3123 3130 3131
3 3113 3121 3133
3 3119 3132 3121
3 3112 3133 3132
3 3121 3132 3133
3 3119 3129 3135
3 3118 3134 3129
3 3110 3135 3134
3 3129 3134 3135
3 3118 3127 3137
3 3115 3136 3127
3 3114 3137 3136
3 3127 3136 3137
3 3115 3125 3139
3 3109 3138 3125
3 3116 3139 3138
3 3125 3138 3139
3 3111 3140 3142
3 3117 3141 3140
3 3112 3142 3141
3 3140 3141 3142
3 3111 3142 3144
3 3112 3143 3142
3 3110 3144 3143
3 3142 3143 3144
3 3111 3144 3146
3 3110 3145 3144
3 3114 3146 3145
3 3144 3145 3146
3 3111 3146 3148
3 3114 3147 3146
3 3116 3148 3147
3 3146 3147 3148
3 3111 3148 3140
3 3116 3149 3148
3 3117 3140 3149
3 3148 3149 3140
3 3112 3141 3133
3 3117 3130 3141
3 3113 3133 3130
3 3141 3130 3133
3 3110 3143 3135
3 3112 3132 3143
3 3119 3135 3132
3 3143 3132 3135
3 3114 3145 3137
3 3110 3134 3145
3 3118 3137 3134
3 3145 3134 3137
3 3116 3147 3139
3 3114 3136 3147
3 3115 3139 3136
3 3147 3136 3139
3 3117 3149 3131
3 3116 3138 3149
3 3109 3131 3138
3 3149 3138 3131
3 3150 3162 3164
3 3161 3163 3162
3 3155 3164 3163
3 3162 3163 3164
3 3150 3164 3166
3 3155 3165 3164
3 3151 3166 3165
3 3164 3165 3166
3 3150 3166 3168
3 3151 3167 3166
3 3157 3168 3167
3 3166 3167 3168
3 3150 3168 3170
3 3157 3169 3168
3 3160 3170 3169
3 3168 3169 3170
3 3150 3170 3162
3 3160 3171 3170
3 3161 3162 3171
3 3170 3171 3162
3 3151 3165 3173
3 3155 3172 3165
3 3159 3173 3172
3 3165 3172 3173
3 3155 3163 3175
3 3161 3174 3163
3 3154 3175 3174
3 3163 3174 3175
3 3161 3171 3177
3 3160 3176 3171
3 3152 3177 3176
3 3171 3176 3177
3 3160 3169 3179
3 3157 3178 3169
3 3156 3179 3178
3 3169 3178 3179
3 3157 3167 3181
3 3151 3180 3167
3 3158 3181 3180
3 3167 3180 3181
3 3153 3182 3184
3 3159 3183 3182
3 3154 3184 3183
3 3182 3183 3184
3 3153 3184 3186
3 3154 3185 3184
3 3152 3186 3185
3 3184 3185 3186
3 3153 3186 3188
3 3152 3187 3186
3 3156 3188 3187
3 3186 3187 3188
3 3153 3188 3190
3 3156 3189 3188
3 3158 3190 3189
3 3188 3189 3190
3 3153 3190 3182
3 3158 3191 3190
3 3159 3182 3191
3 3190 3191 3182
3 3154 3183 3175
3 3159 3172 3183
3 3155 3175 3172
3 3183 3172 3175
3 3152 3185 3177
3 3154 3174 3185
3 3161 3177 3174
3 3185 3174 3177
3 3156 3187 3179
3 3152 3176 3187
3 3160 3179 3176
3 3187 3176 3179
3 3158 3189 3181
3 3156 3178 3189
3 3157 3181 3178
3 3189 3178 3181
3 3159 3191 3173
3 3158 3180 3191
3 3151 3173 3180
3 3191 3180 3173
3 3192 3204 3206
3 3203 3205 3204
3 3197 3206 3205
3 3204 3205 3206
3 3192 3206 3208
3 3197 3207 3206
3 3193 3208 3207
3 3206 3207 3208
3 3192 3208 3210
3 3193 3209 3208
3 3199 3210 3209
3 3208 3209 3210
3 3192 3210 3212
3 3199 3211 3210
3 3202 3212 3211
3 3210 3211 3212
3 3192 3212 3204
3 3202 3213 3212
3 3203 3204 3213
3 3212 3213 3204
3 3193 3207 3215
3 3197 3214 3207
3 3201 3215 3214
3 3207 3214 3215
3 3197 3205 3217
3 3203 3216 3205
3 3196 3217 3216
3 3205 3216 3217
3 3203 3213 3219
3 3202 3218 3213
3 3194 3219 3218
3 3213 3218 3219
3 3202 3211 3221
3 3199 3220 3211
3 3198 3221 3220
3 3211 3220 3221
3 3199 3209 3223
3 3193 3222 3209
3 3200 3223 3222
3 3209 3222 3223
3 3195 3224 3226
3 3201 3225 3224
3 3196 3226 3225
3 3224 3225 3226
3 3195 3226 3228
3 3196 3227 3226
3 3194 3228 3227
3 3226 3227 3228
3 3195 3228 3230
3 3194 3229 3228
3 3198 3230 3229
3 3228 3229 3230
3 3195 3230 3232
3 3198 3231 3230
3 3200 3232 3231
3 3230 3231 3232
3 3195 3232 3224
3 3200 3233 3232
3 3201 3224 3233
3 3232 3233 3224
3 3196 3225 3217
3 3201 3214 3225
3 3197 3217 3214
3 3225 3214 3217
3 3194 3227 3219
3 3196 3216 3227
3 3203 3219 3216
3 3227 3216 3219
3 3198 3229 3221
3 3194 3218 3229
3 3202 3221 3218
3 3229 3218 3221
3 3200 3231 3223
3 3198 3220 3231
3 3199 3223 3220
3 3231 3220 3223
3 3201 3233 3215
3 3200 3222 3233
3 3193 3215 3222
3 3233 3222 3215
3 3234 3246 3248
3 3245 3247 3246
3 3239 3248 3247
3 3246 3247 3248
3 3234 3248 3250
3 3239 3249 3248
3 3235 3250 3249
3 3248 3249 3250
3 3234 3250 3252
3 3235 3251 3250
3 3241 3252 3251
3 3250 3251 3252
3 3234 3252 3254
3 3241 3253 3252
3 3244 3254 3253
3 3252 3253 3254
3 3234 3254 3246
3 3244 3255 3254
3 3245 3246 3255
3 3254 3255 3246
3 3235 3249 3257
3 3239 3256 3249
3 3243 3257 3256
3 3249 3256 3257
3 3239 3247 3259
3 3245 3258 3247
3 3238 3259 3258
3 3247 3258 3259
3 3245 3255 3261
3 3244 3260 3255
3 3236 3261 3260
3 3255 3260 3261
3 3244 3253 3263
3 3241 3262 3253
3 3240 3263 3262
3 3253 3262 3263
3 3241 3251 3265
3 3235 3264 3251
3 3242 3265 3264
3 3251 3264 3265
3 3237 3266 3268
3 3243 3267 3266
3 3238 3268 3267
3 3266 3267 3268
3 3237 3268 3270
3 3238 3269 3268
3 3236 3270 3269
3 3268 3269 3270
3 3237 3270 3272
3 3236 3271 3270
3 3240 3272 3271
3 3270 3271 3272
3 3237 3272 3274
3 3240 3273 3272
3 3242 3274 3273
3 3272 3273 3274
3 3237 3274 3266
3 3242 3275 3274
3 3243 3266 3275
3 3274 3275 3266
3 3238 3267 3259
3 3243 3256 3267
3 3239 3259 3256
3 3267 3256 3259
3 3236 3269 3261
3 3238 3258 3269
3 3245 3261 3258
3 3269 3258 3261
3 3240 3271 3263
3 3236 3260 3271
3 3244 3263 3260
3 3271 3260 3263
3 3242 3273 3265
3 3240 3262 3273
3 3241 3265 3262
3 3273 3262 3265
3 3243 3275 3257
3 3242 3264 3275
3 3235 3257 3264
3 3275 3264 3257
3 3276 3288 3290
3 3287 3289 3288
3 3281 3290 3289
3 3288 3289 3290
3 3276 3290 3292
3 3281 3291 3290
3 3277 3292 3291
3 3290 3291 3292
3 3276 3292 3294
3 3277 3293 3292
3 3283 3294 3293
3 3292 3293 3294
3 3276 3294 3296
3 3283 3295 3294
3 3286 3296 3295
3 3294 3295 3296
3 3276 3296 3288
3 3286 3297 3296
3 3287 3288 3297
3 3296 3297 3288
3 3277 3291 3299
3 3281 3298 3291
3 3285 3299 3298
3 3291 3298 3299
3 3281 3289 3301
3 3287 3300 3289
3 3280 3301 3300
3 3289 3300 3301
3 3287 3297 3303
3 3286 3302 3297
3 3278 3303 3302
3 3297 3302 3303
3 3286 3295 3305
3 3283 3304 3295
3 3282 3305 3304
3 3295 3304 3305
3 3283 3293 3307
3 3277 3306 3293
3 3284 3307 3306
3 3293 3306 3307
3 3279 3308 3310
3 3285 3309 3308
3 3280 3310 3309
3 3308 3309 3310
3 3279 3310 3312
3 3280 3311 3310
3 3278 3312 3311
3 3310 3311 3312
3 3279 3312 3314
3 3278 3313 3312
3 3282 3314 3313
3 3312 3313 3314
3 3279 3314 3316
3 3282 3315 3314
3 3284 3316 3315
3 3314 3315 3316
3 3279 3316 3308
3 3284 3317 3316
3 3285 3308 3317
3 3316 3317 3308
3 3280 3309 3301
3 3285 3298 3309
3 3281 3301 3298
3 3309 3298 3301
3 3278 3311 3303
3 3280 3300 3311
3 3287 3303 3300
3 3311 3300 3303
3 3282 3313 3305
3 3278 3302 3313
3 3286 3305 3302
3 3313 3302 3305
3 3284 3315 3307
3 3282 3304 3315
3 3283 3307 3304
3 3315 3304 3307
3 3285 3317 3299
3 3284 3306 3317
3 3277 3299 3306
3 3317 3306 3299
3 3318 3330 3332
3 3329 3331 3330
3 3323 3332 3331
3 3330 3331 3332
3 3318 3332 3334
3 3323 3333 3332
3 3319 3334 3333
3 3332 3333 3334
3 3318 3334 3336
3 3319 3335 3334
3 3325 3336 3335
3 3334 3335 3336
3 3318 3336 3338
3 3325 3337 3336
3 3328 3338 3337
3 3336 3337 3338
3 3318 3338 3330
3 3328 3339 3338
3 3329 3330 3339
3 3338 3339 3330
3 3319 3333 3341
3 3323 3340 3333
3 3327 3341 3340
3 3333 3340 3341
3 3323 3331 3343
3 3329 3342 3331
3 3322 3343 3342
3 3331 3342 3343
3 3329 3339 3345
3 3328 3344 3339
3 3320 3345 3344
3 3339 3344 3345
3 3328 3337 3347
3 3325 3346 3337
3 3324 3347 3346
3 3337 3346 3347
3 3325 3335 3349
3 3319 3348 3335
3 3326 3349 3348
3 3335 3348 3349
3 3321 3350 3352
3 3327 3351 3350
3 3322 3352 3351
3 3350 3351 3352
3 3321 3352 3354
3 3322 3353 3352
3 3320 3354 3353
3 3352 3353 3354
3 3321 3354 3356
3 3320 3355 3354
3 3324 3356 3355
3 3354 3355 3356
3 3321 3356 3358
3 3324 3357 3356
3 3326 3358 3357
3 3356 3357 3358
3 3321 3358 3350
3 3326 3359 3358
3 3327 3350 3359
3 3358 3359 3350
3 3322 3351 3343
3 3327 3340 3351
3 3323 3343 3340
3 3351 3340 3343
3 3320 3353 3345
3 3322 3342 3353
3 3329 3345 3342
3 3353 3342 3345
3 3324 3355 3347
3 3320 3344 3355
3 3328 3347 3344
3 3355 3344 3347
3 3326 3357 3349
3 3324 3346 3357
3 3325 3349 3346
3 3357 3346 3349
3 3327 3359 3341
3 3326 3348 3359
3 3319 3341 3348
3 3359 3348 3341
3 3360 3372 3374
3 3371 3373 3372
3 3365 3374 3373
3 3372 3373 3374
3 3360 3374 3376
3 3365 3375 3374
3 3361 3376 3375
3 3374 3375 3376
3 3360 3376 3378
3 3361 3377 3376
3 3367 3378 3377
3 3376 3377 3378
3 3360 3378 3380
3 3367 3379 3378
3 3370 3380 3379
3 3378 3379 3380
3 3360 3380 3372
3 3370 3381 3380
3 3371 3372 3381
3 3380 3381 3372
3 3361 3375 3383
3 3365 3382 3375
3 3369 3383 3382
3 3375 3382 3383
3 3365 3373 3385
3 3371 3384 3373
3 3364 3385 3384
3 3373 3384 3385
3 3371 3381 3387
3 3370 3386 3381
3 3362 3387 3386
3 3381 3386 3387
3 3370 3379 3389
3 3367 3388 3379
3 3366 3389 3388
3 3379 3388 3389
3 3367 3377 3391
3 3361 3390 3377
3 3368 3391 3390
3 3377 3390 3391
3 3363 3392 3394
3 3369 3393 3392
3 3364 3394 3393
3 3392 3393 3394
3 3363 3394 3396
3 3364 3395 3394
3 3362 3396 3395
3 3394 3395 3396
3 3363 3396 3398
3 3362 3397 3396
3 3366 3398 3397
3 3396 3397 3398
3 3363 3398 3400
3 3366 3399 3398
3 3368 3400 3399
3 3398 3399 3400
3 3363 3400 3392
3 3368 3401 3400
3 3369 3392 3401
3 3400 3401 3392
3 3364 3393 3385
3 3369 3382 3393
3 3365 3385 3382
3 3393 3382 3385
3 3362 3395 3387
3 3364 3384 3395
3 3371 3387 3384
3 3395 3384 3387
3 3366 3397 3389
3 3362 3386 3397
3 3370 3389 3386
3 3397 3386 3389
3 3368 3399 3391
3 3366 3388 3399
3 3367 3391 3388
3 3399 3388 3391
3 3369 3401 3383
3 3368 3390 3401
3 3361 3383 3390
3 3401 3390 3383
3 3402 3414 3416
3 3413 3415 3414
3 3407 3416 3415
3 3414 3415 3416
3 3402 3416 3418
3 3407 3417 3416
3 3403 3418 3417
3 3416 3417 3418
3 3402 3418 3420
3 3403 3419 3418
3 3409 3420 3419
3 3418 3419 3420
3 3402 3420 3422
3 3409 3421 3420
3 3412 3422 3421
3 3420 3421 3422
3 3402 3422 3414
3 3412 3423 3422
3 3413 3414 3423
3 3422 3423 3414
3 3403 3417 3425
3 3407 3424 3417
3 3411 3425 3424
3 3417 3424 3425
3 3407 3415 3427
3 3413 3426 3415
3 3406 3427 3426
3 3415 3426 3427
3 3413 3423 3429
3 3412 3428 3423
3 3404 3429 3428
3 3423 3428 3429
3 3412 3421 3431
3 3409 3430 3421
3 3408 3431 3430
3 3421 3430 3431
3 3409 3419 3433
3 3403 3432 3419
3 3410 3433 3432
3 3419 3432 3433
3 3405 3434 3436
3 3411 3435 3434
3 3406 3436 3435
3 3434 3435 3436
3 3405 3436 3438
3 3406 3437 3436
3 3404 3438 3437
3 3436 3437 3438
3 3405 3438 3440
3 3404 3439 3438
3 3408 3440 3439
3 3438 3439 3440
3 3405 3440 3442
3 3408 3441 3440
3 3410 3442 3441
3 3440 3441 3442
3 3405 3442 3434
3 3410 3443 3442
3 3411 3434 3443
3 3442 3443 3434
3 3406 3435 3427
3 3411 3424 3435
3 3407 3427 3424
3 3435 3424 3427
3 3404 3437 3429
3 3406 3426 3437
3 3413 3429 3426
3 3437 3426 3429
3 3408 3439 3431
3 3404 3428 3439
3 3412 3431 3428
3 3439 3428 3431
3 3410 3441 3433
3 3408 3430 3441
3 3409 3433 3430
3 3441 3430 3433
3 3411 3443 3425
3 3410 3432 3443
3 3403 3425 3432
3 3443 3432 3425
3 3444 3456 3458
3 3455 3457 3456
3 3449 3458 3457
3 3456 3457 3458
3 3444 3458 3460
3 3449 3459 3458
3 3445 3460 3459
3 3458 3459 3460
3 3444 3460 3462
3 3445 3461 3460
3 3451 3462 3461
3 3460 3461 3462
3 3444 3462 3464
3 3451 3463 3462
3 3454 3464 3463
3 3462 3463 3464
3 3444 3464 3456
3 3454 3465 3464
3 3455 3456 3465
3 3464 3465 3456
3 3445 3459 3467
3 3449 3466 3459
3 3453 3467 3466
3 3459 3466 3467
3 3449 3457 3469
3 3455 3468 3457
3 3448 3469 3468
3 3457 3468 3469
3 3455 3465 3471
3 3454 3470 3465
3 3446 3471 3470
3 3465 3470 3471
3 3454 3463 3473
3 3451 3472 3463
3 3450 3473 3472
3 3463 3472 3473
3 3451 3461 3475
3 3445 3474 3461
3 3452 3475 3474
3 3461 3474 3475
3 3447 3476 3478
3 3453 3477 3476
3 3448 3478 3477
3 3476 3477 3478
3 3447 3478 3480
3 3448 3479 3478
3 3446 3480 3479
3 3478 3479 3480
3 3447 3480 3482
3 3446 3481 3480
3 3450 3482 3481
3 3480 3481 3482
3 3447 3482 3484
3 3450 3483 3482
3 3452 3484 3483
3 3482 3483 3484
3 3447 3484 3476
3 3452 3485 3484
3 3453 3476 3485
3 3484 3485 3476
3 3448 3477 3469
3 3453 3466 3477
3 3449 3469 3466
3 3477 3466 3469
3 3446 3479 3471
3 3448 3468 3479
3 3455 3471 3468
3 3479 3468 3471
3 3450 3481 3473
3 3446 3470 3481
3 3454 3473 3470
3 3481 3470 3473
3 3452 3483 3475
3 3450 3472 3483
3 3451 3475 3472
3 3483 3472 3475
3 3453 3485 3467
3 3452 3474 3485
3 3445 3467 3474
3 3485 3474 3467
3 3486 3498 3500
3 3497 3499 3498
3 3491 3500 3499
3 3498 3499 3500
3 3486 3500 3502
3 3491 3501 3500
3 3487 3502 3501
3 3500 3501 3502
3 3486 3502 3504
3 3487 3503 3502
3 3493 3504 3503
3 3502 3503 3504
3 3486 3504 3506
3 3493 3505 3504
3 3496 3506 3505
3 3504 3505 3506
3 3486 3506 3498
3 3496 3507 3506
3 3497 3498 3507
3 3506 3507 3498
3 3487 3501 3509
3 3491 3508 3501
3 3495 3509 3508
3 3501 3508 3509
3 3491 3499 3511
3 3497 3510 3499
3 3490 3511 3510
3 3499 3510 3511
3 3497 3507 3513
3 3496 3512 3507
3 3488 3513 3512
3 3507 3512 3513
3 3496 3505 3515
3 3493 3514 3505
3 3492 3515 3514
3 3505 3514 3515
3 3493 3503 3517
3 3487 3516 3503
3 3494 3517 3516
3 3503 3516 3517
3 3489 3518 3520
3 3495 3519 3518
3 3490 3520 3519
3 3518 3519 3520
3 3489 3520 3522
3 3490 3521 3520
3 3488 3522 3521
3 3520 3521 3522
3 3489 3522 3524
3 3488 3523 3522
3 3492 3524 3523
3 3522 3523 3524
3 3489 3524 3526
3 3492 3525 3524
3 3494 3526 3525
3 3524 3525 3526
3 3489 3526 3518
3 3494 3527 3526
3 3495 3518 3527
3 3526 3527 3518
3 3490 3519 3511
3 3495 3508 3519
3 3491 3511 3508
3 3519 3508 3511
3 3488 3521 3513
3 3490 3510 3521
3 3497 3513 3510
3 3521 3510 3513
3 3492 3523 3515
3 3488 3512 3523
3 3496 3515 3512
3 3523 3512 3515
3 3494 3525 3517
3 3492 3514 3525
3 3493 3517 3514
3 3525 3514 3517
3 3495 3527 3509
3 3494 3516 3527
3 3487 3509 3516
3 3527 3516 3509
3 3528 3540 3542
3 3539 3541 3540
3 3533 3542 3541
3 3540 3541 3542
3 3528 3542 3544
3 3533 3543 3542
3 3529 3544 3543
3 3542 3543 3544
3 3528 3544 3546
3 3529 3545 3544
3 3535 3546 3545
3 3544 3545 3546
3 3528 3546 3548
3 3535 3547 3546
3 3538 3548 3547
3 3546 3547 3548
3 3528 3548 3540
3 3538 3549 3548
3 3539 3540 3549
3 3548 3549 3540
3 3529 3543 3551
3 3533 3550 3543
3 3537 3551 3550
3 3543 3550 3551
3 3533 3541 3553
3 3539 3552 3541
3 3532 3553 3552
3 3541 3552 3553
3 3539 3549 3555
3 3538 3554 3549
3 3530 3555 3554
3 3549 3554 3555
3 3538 3547 3557
3 3535 3556 3547
3 3534 3557 3556
3 3547 3556 3557
3 3535 3545 3559
3 3529 3558 3545
3 3536 3559 3558
3 3545 3558 3559
3 3531 3560 3562
3 3537 3561 3560
3 3532 3562 3561
3 3560 3561 3562
3 3531 3562 3564
3 3532 3563 3562
3 3530 3564 3563
3 3562 3563 3564
3 3531 3564 3566
3 3530 3565 3564
3 3534 3566 3565
3 3564 3565 3566
3 3531 3566 3568
3 3534 3567 3566
3 3536 3568 3567
3 3566 3567 3568
3 3531 3568 3560
3 3536 3569 3568
3 3537 3560 3569
3 3568 3569 3560
3 3532 3561 3553
3 3537 3550 3561
3 3533 3553 3550
3 3561 3550 3553
3 3530 3563 3555
3 3532 3552 3563
3 3539 3555 3552
3 3563 3552 3555
3 3534 3565 3557
3 3530 3554 3565
3 3538 3557 3554
3 3565 3554 3557
3 3536 3567 3559
3 3534 3556 3567
3 3535 3559 3556
3 3567 3556 3559
3 3537 3569 3551
3 3536 3558 3569
3 3529 3551 3558
3 3569 3558 3551
3 3570 3582 3584
3 3581 3583 3582
3 3575 3584 3583
3 3582 3583 3584
3 3570 3584 3586
3 3575 3585 3584
3 3571 3586 3585
3 3584 3585 3586
3 3570 3586 3588
3 3571 3587 3586
3 3577 3588 3587
3 3586 3587 3588
3 3570 3588 3590
3 3577 3589 3588
3 3580 3590 3589
3 3588 3589 3590
3 3570 3590 3582
3 3580 3591 3590
3 3581 3582 3591
3 3590 3591 3582
3 3571 3585 3593
3 3575 3592 3585
3 3579 3593 3592
3 3585 3592 3593
3 3575 3583 3595
3 3581 3594 3583
3 3574 3595 3594
3 3583 3594 3595
3 3581 3591 3597
3 3580 3596 3591
3 3572 3597 3596
3 3591 3596 3597
3 3580 3589 3599
3 3577 3598 3589
3 3576 3599 3598
3 3589 3598 3599
3 3577 3587 3601
3 3571 3600 3587
3 3578 3601 3600
3 3587 3600 3601
3 3573 3602 3604
3 3579 3603 3602
3 3574 3604 3603
3 3602 3603 3604
3 3573 3604 3606
3 3574 3605 3604
3 3572 3606 3605
3 3604 3605 3606
3 3573 3606 3608
3 3572 3607 3606
3 3576 3608 3607
3 3606 3607 3608
3 3573 3608 3610
3 3576 3609 3608
3 3578 3610 3609
3 3608 3609 3610
3 3573 3610 3602
3 3578 3611 3610
3 3579 3602 3611
3 3610 3611 3602
3 3574 3603 3595
3 3579 3592 3603
3 3575 3595 3592
3 3603 3592 3595
3 3572 3605 3597
3 3574 3594 3605
3 3581 3597 3594
3 3605 3594 3597
3 3576 3607 3599
3 3572 3596 3607
3 3580 3599 3596
3 3607 3596 3599
3 3578 3609 3601
3 3576 3598 3609
3 3577 3601 3598
3 3609 3598 3601
3 3579 3611 3593
3 3578 3600 3611
3 3571 3593 3600
3 3611 3600 3593
3 3612 3624 3626
3 3623 3625 3624
3 3617 3626 3625
3 3624 3625 3626
3 3612 3626 3628
3 3617 3627 3626
3 3613 3628 3627
3 3626 3627 3628
3 3612 3628 3630
3 3613 3629 3628
3 3619 3630 3629
3 3628 3629 3630
3 3612 3630 3632
3 3619 3631 3630
3 3622 3632 3631
3 3630 3631 3632
3 3612 3632 3624
3 3622 3633 3632
3 3623 3624 3633
3 3632 3633 3624
3 3613 3627 3635
3 3617 3634 3627
3 3621 3635 3634
3 3627 3634 3635
3 3617 3625 3637
3 3623 3636 3625
3 3616 3637 3636
3 3625 3636 3637
3 3623 3633 3639
3 3622 3638 3633
3 3614 3639 3638
3 3633 3638 3639
3 3622 3631 3641
3 3619 3640 3631
3 3618 3641 3640
3 3631 3640 3641
3 3619 3629 3643
3 3613 3642 3629
3 3620 3643 3642
3 3629 3642 3643
3 3615 3644 3646
3 3621 3645 3644
3 3616 3646 3645
3 3644 3645 3646
3 3615 3646 3648
3 3616 3647 3646
3 3614 3648 3647
3 3646 3647 3648
3 3615 3648 3650
3 3614 3649 3648
3 3618 3650 3649
3 3648 3649 3650
3 3615 3650 3652
3 3618 3651 3650
3 3620 3652 3651
3 3650 3651 3652
3 3615 3652 3644
3 3620 3653 3652
3 3621 3644 3653
3 3652 3653 3644
3 3616 3645 3637
3 3621 3634 3645
3 3617 3637 3634
3 3645 3634 3637
3 3614 3647 3639
3 3616 3636 3647
3 3623 3639 3636
3 3647 3636 3639
3 3618 3649 3641
3 3614 3638 3649
3 3622 3641 3638
3 3649 3638 3641
3 3620 3651 3643
3 3618 3640 3651
3 3619 3643 3640
3 3651 3640 3643
3 3621 3653 3635
3 3620 3642 3653
3 3613 3635 3642
3 3653 3642 3635
3 3654 3666 3668
3 3665 3667 3666
3 3659 3668 3667
3 3666 3667 3668
3 3654 3668 3670
3 3659 3669 3668
3 3655 3670 3669
3 3668 3669 3670
3 3654 3670 3672
3 3655 3671 3670
3 3661 3672 3671
3 3670 3671 3672
3 3654 3672 3674
3 3661 3673 3672
3 3664 3674 3673
3 3672 3673 3674
3 3654 3674 3666
3 3664 3675 3674
3 3665 3666 3675
3 3674 3675 3666
3 3655 3669 3677
3 3659 3676 3669
3 3663 3677 3676
3 3669 3676 3677
3 3659 3667 3679
3 3665 3678 3667
3 3658 3679 3678
3 3667 3678 3679
3 3665 3675 3681
3 3664 3680 3675
3 3656 3681 3680
3 3675 3680 3681
3 3664 3673 3683
3 3661 3682 3673
3 3660 3683 3682
3 3673 3682 3683
3 3661 3671 3685
3 3655 3684 3671
3 3662 3685 3684
3 3671 3684 3685
3 3657 3686 3688
3 3663 3687 3686
3 3658 3688 3687
3 3686 3687 3688
3 3657 3688 3690
3 3658 3689 3688
3 3656 3690 3689
3 3688 3689 3690
3 3657 3690 3692
3 3656 3691 3690
3 3660 3692 3691
3 3690 3691 3692
3 3657 3692 3694
3 3660 3693 3692
3 3662 3694 3693
3 3692 3693 3694
3 3657 3694 3686
3 3662 3695 3694
3 3663 3686 3695
3 3694 3695 3686
3 3658 3687 3679
3 3663 3676 3687
3 3659 3679 3676
3 3687 3676 3679
3 3656 3689 3681
3 3658 3678 3689
3 3665 3681 3678
3 3689 3678 3681
3 3660 3691 3683
3 3656 3680 3691
3 3664 3683 3680
3 3691 3680 3683
3 3662 3693 3685
3 3660 3682 3693
3 3661 3685 3682
3 3693 3682 3685
3 3663 3695 3677
3 3662 3684 3695
3 3655 3677 3684
3 3695 3684 3677
3 3696 3708 3710
3 3707 3709 3708
3 3701 3710 3709
3 3708 3709 3710
3 3696 3710 3712
3 3701 3711 3710
3 3697 3712 3711
3 3710 3711 3712
3 3696 3712 3714
3 3697 3713 3712
3 3703 3714 3713
3 3712 3713 3714
3 3696 3714 3716
3 3703 3715 3714
3 3706 3716 3715
3 3714 3715 3716
3 3696 3716 3708
3 3706 3717 3716
3 3707 3708 3717
3 3716 3717 3708
3 3697 3711 3719
3 3701 3718 3711
3 3705 3719 3718
3 3711 3718 3719
3 3701 3709 3721
3 3707 3720 3709
3 3700 3721 3720
3 3709 3720 3721
3 3707 3717 3723
3 3706 3722 3717
3 3698 3723 3722
3 3717 3722 3723
3 3706 3715 3725
3 3703 3724 3715
3 3702 3725 3724
3 3715 3724 3725
3 3703 3713 3727
3 3697 3726 3713
3 3704 3727 3726
3 3713 3726 3727
3 3699 3728 3730
3 3705 3729 3728
3 3700 3730 3729
3 3728 3729 3730
3 3699 3730 3732
3 3700 3731 3730
3 3698 3732 3731
3 3730 3731 3732
3 3699 3732 3734
3 3698 3733 3732
3 3702 3734 3733
3 3732 3733 3734
3 3699 3734 3736
3 3702 3735 3734
3 3704 3736 3735
3 3734 3735 3736
3 3699 3736 3728
3 3704 3737 3736
3 3705 3728 3737
3 3736 3737 3728
3 3700 3729 3721
3 3705 3718 3729
3 3701 3721 3718
3 3729 3718 3721
3 3698 3731 3723
3 3700 3720 3731
3 3707 3723 3720
3 3731 3720 3723
3 3702 3733 3725
3 3698 3722 3733
3 3706 3725 3722
3 3733 3722 3725
3 3704 3735 3727
3 3702 3724 3735
3 3703 3727 3724
3 3735 3724 3727
3 3705 3737 3719
3 3704 3726 3737
3 3697 3719 3726
3 3737 3726 3719
3 3738 3750 3752
3 3749 3751 3750
3 3743 3752 3751
3 3750 3751 3752
3 3738 3752 3754
3 3743 3753 3752
3 3739 3754 3753
3 3752 3753 3754
3 3738 3754 3756
3 3739 3755 3754
3 3745 3756 3755
3 3754 3755 3756
3 3738 3756 3758
3 3745 3757 3756
3 3748 3758 3757
3 3756 3757 3758
3 3738 3758 3750
3 3748 3759 3758
3 3749 3750 3759
3 3758 3759 3750
3 3739 3753 3761
3 3743 3760 3753
3 3747 3761 3760
3 3753 3760 3761
3 3743 3751 3763
3 3749 3762 3751
3 3742 3763 3762
3 3751 3762 3763
3 3749 3759 3765
3 3748 3764 3759
3 3740 3765 3764
3 3759 3764 3765
3 3748 3757 3767
3 3745 3766 3757
3 3744 3767 3766
3 3757 3766 3767
3 3745 3755 3769
3 3739 3768 3755
3 3746 3769 3768
3 3755 3768 3769
3 3741 3770 3772
3 3747 3771 3770
3 3742 3772 3771
3 3770 3771 3772
3 3741 3772 3774
3 3742 3773 3772
3 3740 3774 3773
3 3772 3773 3774
3 3741 3774 3776
3 3740 3775 3774
3 3744 3776 3775
3 3774 3775 3776
3 3741 3776 3778
3 3744 3777 3776
3 3746 3778 3777
3 3776 3777 3778
3 3741 3778 3770
3 3746 3779 3778
3 3747 3770 3779
3 3778 3779 3770
3 3742 3771 3763
3 3747 3760 3771
3 3743 3763 3760
3 3771 3760 3763
3 3740 3773 3765
3 3742 3762 3773
3 3749 3765 3762
3 3773 3762 3765
3 3744 3775 3767
3 3740 3764 3775
3 3748 3767 3764
3 3775 3764 3767
3 3746 3777 3769
3 3744 3766 3777
3 3745 3769 3766
3 3777 3766 3769
3 3747 3779 3761
3 3746 3768 3779
3 3739 3761 3768
3 3779 3768 3761
3 3780 3792 3794
3 3791 3793 3792
3 3785 3794 3793
3 3792 3793 3794
3 3780 3794 3796
3 3785 3795 3794
3 3781 3796 3795
3 3794 3795 3796
3 3780 3796 3798
3 3781 3797 3796
3 3787 3798 3797
3 3796 3797 3798
3 3780 3798 3800
3 3787 3799 3798
3 3790 3800 3799
3 3798 3799 3800
3 3780 3800 3792
3 3790 3801 3800
3 3791 3792 3801
3 3800 3801 3792
3 3781 3795 3803
3 3785 3802 3795
3 3789 3803 3802
3 3795 3802 3803
3 3785 3793 3805
3 3791 3804 3793
3 3784 3805 3804
3 3793 3804 3805
3 3791 3801 3807
3 3790 3806 3801
3 3782 3807 3806
3 3801 3806 3807
3 3790 3799 3809
3 3787 3808 3799
3 3786 3809 3808
3 3799 3808 3809
3 3787 3797 3811
3 3781 3810 3797
3 3788 3811 3810
3 3797 3810 3811
3 3783 3812 3814
3 3789 3813 3812
3 3784 3814 3813
3 3812 3813 3814
3 3783 3814 3816
3 3784 3815 3814
3 3782 3816 3815
3 3814 3815 3816
3 3783 3816 3818
3 3782 3817 3816
3 3786 3818 3817
3 3816 3817 3818
3 3783 3818 3820
3 3786 3819 3818
3 3788 3820 3819
3 3818 3819 3820
3 3783 3820 3812
3 3788 3821 3820
3 3789 3812 3821
3 3820 3821 3812
3 3784 3813 3805
3 3789 3802 3813
3 3785 3805 3802
3 3813 3802 3805
3 3782 3815 3807
3 3784 3804 3815
3 3791 3807 3804
3 3815 3804 3807
3 3786 3817 3809
3 3782 3806 3817
3 3790 3809 3806
3 3817 3806 3809
3 3788 3819 3811
3 3786 3808 3819
3 3787 3811 3808
3 3819 3808 3811
3 3789 3821 3803
3 3788 3810 3821
3 3781 3803 3810
3 3821 3810 3803
3 3822 3834 3836
3 3833 3835 3834
3 3827 3836 3835
3 3834 3835 3836
3 3822 3836 3838
3 3827 3837 3836
3 3823 3838 3837
3 3836 3837 3838
3 3822 3838 3840
3 3823 3839 3838
3 3829 3840 3839
3 3838 3839 3840
3 3822 3840 3842
3 3829 3841 3840
3 3832 3842 3841
3 3840 3841 3842
3 3822 3842 3834
3 3832 3843 3842
3 3833 3834 3843
3 3842 3843 3834
3 3823 3837 3845
3 3827 3844 3837
3 3831 3845 3844
3 3837 3844 3845
3 3827 3835 3847
3 3833 3846 3835
3 3826 3847 3846
3 3835 3846 3847
3 3833 3843 3849
3 3832 3848 3843
3 3824 3849 3848
3 3843 3848 3849
3 3832 3841 3851
3 3829 3850 3841
3 3828 3851 3850
3 3841 3850 3851
3 3829 3839 3853
3 3823 3852 3839
3 3830 3853 3852
3 3839 3852 3853
3 3825 3854 3856
3 3831 3855 3854
3 3826 3856 3855
3 3854 3855 3856
3 3825 3856 3858
3 3826 3857 3856
3 3824 3858 3857
3 3856 3857 3858
3 3825 3858 3860
3 3824 3859 3858
3 3828 3860 3859
3 3858 3859 3860
3 3825 3860 3862
3 3828 3861 3860
3 3830 3862 3861
3 3860 3861 3862
3 3825 3862 3854
3 3830 3863 3862
3 3831 3854 3863
3 3862 3863 3854
3 3826 3855 3847
3 3831 3844 3855
3 3827 3847 3844
3 3855 3844 3847
3 3824 3857 3849
3 3826 3846 3857
3 3833 3849 3846
3 3857 3846 3849
3 3828 3859 3851
3 3824 3848 3859
3 3832 3851 3848
3 3859 3848 3851
3 3830 3861 3853
3 3828 3850 3861
3 3829 3853 3850
3 3861 3850 3853
3 3831 3863 3845
3 3830 3852 3863
3 3823 3845 3852
3 3863 3852 3845
3 3864 3876 3878
3 3875 3877 3876
3 3869 3878 3877
3 3876 3877 3878
3 3864 3878 3880
3 3869 3879 3878
3 3865 3880 3879
3 3878 3879 3880
3 3864 3880 3882
3 3865 3881 3880
3 3871 3882 3881
3 3880 3881 3882
3 3864 3882 3884
3 3871 3883 3882
3 3874 3884 3883
3 3882 3883 3884
3 3864 3884 3876
3 3874 3885 3884
3 3875 3876 3885
3 3884 3885 3876
3 3865 3879 3887
3 3869 3886 3879
3 3873 3887 3886
3 3879 3886 3887
3 3869 3877 3889
3 3875 3888 3877
3 3868 3889 3888
3 3877 3888 3889
3 3875 3885 3891
3 3874 3890 3885
3 3866 3891 3890
3 3885 3890 3891
3 3874 3883 3893
3 3871 3892 3883
3 3870 3893 3892
3 3883 3892 3893
3 3871 3881 3895
3 3865 3894 3881
3 3872 3895 3894
3 3881 3894 3895
3 3867 3896 3898
3 3873 3897 3896
3 3868 3898 3897
3 3896 3897 3898
3 3867 3898 3900
3 3868 3899 3898
3 3866 3900 3899
3 3898 3899 3900
3 3867 3900 3902
3 3866 3901 3900
3 3870 3902 3901
3 3900 3901 3902
3 3867 3902 3904
3 3870 3903 3902
3 3872 3904 3903
3 3902 3903 3904
3 3867 3904 3896
3 3872 3905 3904
3 3873 3896 3905
3 3904 3905 3896
3 3868 3897 3889
3 3873 3886 3897
3 3869 3889 3886
3 3897 3886 3889
3 3866 3899 3891
3 3868 3888 3899
3 3875 3891 3888
3 3899 3888 3891
3 3870 3901 3893
3 3866 3890 3901
3 3874 3893 3890
3 3901 3890 3893
3 3872 3903 3895
3 3870 3892 3903
3 3871 3895 3892
3 3903 3892 3895
3 3873 3905 3887
3 3872 3894 3905
3 3865 3887 3894
3 3905 3894 3887
3 3906 3918 3920
3 3917 3919 3918
3 3911 3920 3919
3 3918 3919 3920
3 3906 3920 3922
3 3911 3921 3920
3 3907 3922 3921
3 3920 3921 3922
3 3906 3922 3924
3 3907 3923 3922
3 3913 3924 3923
3 3922 3923 3924
3 3906 3924 3926
3 3913 3925 3924
3 3916 3926 3925
3 3924 3925 3926
3 3906 3926 3918
3 3916 3927 3926
3 3917 3918 3927
3 3926 3927 3918
3 3907 3921 3929
3 3911 3928 3921
3 3915 3929 3928
3 3921 3928 3929
3 3911 3919 3931
3 3917 3930 3919
3 3910 3931 3930
3 3919 3930 3931
3 3917 3927 3933
3 3916 3932 3927
3 3908 3933 3932
3 3927 3932 3933
3 3916 3925 3935
3 3913 3934 3925
3 3912 3935 3934
3 3925 3934 3935
3 3913 3923 3937
3 3907 3936 3923
3 3914 3937 3936
3 3923 3936 3937
3 3909 3938 3940
3 3915 3939 3938
3 3910 3940 3939
3 3938 3939 3940
3 3909 3940 3942
3 3910 3941 3940
3 3908 3942 3941
3 3940 3941 3942
3 3909 3942 3944
3 3908 3943 3942
3 3912 3944 3943
3 3942 3943 3944
3 3909 3944 3946
3 3912 3945 3944
3 3914 3946 3945
3 3944 3945 3946
3 3909 3946 3938
3 3914 3947 3946
3 3915 3938 3947
3 3946 3947 3938
3 3910 3939 3931
3 3915 3928 3939
3 3911 3931 3928
3 3939 3928 3931
3 3908 3941 3933
3 3910 3930 3941
3 3917 3933 3930
3 3941 3930 3933
3 3912 3943 3935
3 3908 3932 3943
3 3916 3935 3932
3 3943 3932 3935
3 3914 3945 3937
3 3912 3934 3945
3 3913 3937 3934
3 3945 3934 3937
3 3915 3947 3929
3 3914 3936 3947
3 3907 3929 3936
3 3947 3936 3929
3 3948 3960 3962
3 3959 3961 3960
3 3953 3962 3961
3 3960 3961 3962
3 3948 3962 3964
3 3953 3963 3962
3 3949 3964 3963
3 3962 3963 3964
3 3948 3964 3966
3 3949 3965 3964
3 3955 3966 3965
3 3964 3965 3966
3 3948 3966 3968
3 3955 3967 3966
3 3958 3968 3967
3 3966 3967 3968
3 3948 3968 3960
3 3958 3969 3968
3 3959 3960 3969
3 3968 3969 3960
3 3949 3963 3971
3 3953 3970 3963
3 3957 3971 3970
3 3963 3970 3971
3 3953 3961 3973
3 3959 3972 3961
3 3952 3973 3972
3 3961 3972 3973
3 3959 3969 3975
3 3958 3974 3969
3 3950 3975 3974
3 3969 3974 3975
3 3958 3967 3977
3 3955 3976 3967
3 3954 3977 3976
3 3967 3976 3977
3 3955 3965 3979
3 3949 3978 3965
3 3956 3979 3978
3 3965 3978 3979
3 3951 3980 3982
3 3957 3981 3980
3 3952 3982 3981
3 3980 3981 3982
3 3951 3982 3984
3 3952 3983 3982
3 3950 3984 3983
3 3982 3983 3984
3 3951 3984 3986
3 3950 3985 3984
3 3954 3986 3985
3 3984 3985 3986
3 3951 3986 3988
3 3954 3987 3986
3 3956 3988 3987
3 3986 3987 3988
3 3951 3988 3980
3 3956 3989 3988
3 3957 3980 3989
3 3988 3989 3980
3 3952 3981 3973
3 3957 3970 3981
3 3953 3973 3970
3 3981 3970 3973
3 3950 3983 3975
3 3952 3972 3983
3 3959 3975 3972
3 3983 3972 3975
3 3954 3985 3977
3 3950 3974 3985
3 3958 3977 3974
3 3985 3974 3977
3 3956 3987 3979
3 3954 3976 3987
3 3955 3979 3976
3 3987 3976 3979
3 3957 3989 3971
3 3956 3978 3989
3 3949 3971 3978
3 3989 3978 3971
3 3990 4002 4004
3 4001 4003 4002
3 3995 4004 4003
3 4002 4003 4004
3 3990 4004 4006
3 3995 4005 4004
3 3991 4006 4005
3 4004 4005 4006
3 3990 4006 4008
3 3991 4007 4006
3 3997 4008 4007
3 4006 4007 4008
3 3990 4008 4010
3 3997 4009 4008
3 4000 4010 4009
3 4008 4009 4010
3 3990 4010 4002
3 4000 4011 4010
3 4001 4002 4011
3 4010 4011 4002
3 3991 4005 4013
3 3995 4012 4005
3 3999 4013 4012
3 4005 4012 4013
3 3995 4003 4015
3 4001 4014 4003
3 3994 4015 4014
3 4003 4014 4015
3 4001 4011 4017
3 4000 4016 4011
3 3992 4017 4016
3 4011 4016 4017
3 4000 4009 4019
3 3997 4018 4009
3 3996 4019 4018
3 4009 4018 4019
3 3997 4007 4021
3 3991 4020 4007
3 3998 4021 4020
3 4007 4020 4021
3 3993 4022 4024
3 3999 4023 4022
3 3994 4024 4023
3 4022 4023 4024
3 3993 4024 4026
3 3994 4025 4024
3 3992 4026 4025
3 4024 4025 4026
3 3993 4026 4028
3 3992 4027 4026
3 3996 4028 4027
3 4026 4027 4028
3 3993 4028 4030
3 3996 4029 4028
3 3998 4030 4029
3 4028 4029 4030
3 3993 4030 4022
3 3998 4031 4030
3 3999 4022 4031
3 4030 4031 4022
3 3994 4023 4015
3 3999 4012 4023
3 3995 4015 4012
3 4023 4012 4015
3 3992 4025 4017
3 3994 4014 4025
3 4001 4017 4014
3 4025 4014 4017
3 3996 4027 4019
3 3992 4016 4027
3 4000 4019 4016
3 4027 4016 4019
3 3998 4029 4021
3 3996 4018 4029
3 3997 4021 4018
3 4029 4018 4021
3 3999 4031 4013
3 3998 4020 4031
3 3991 4013 4020
3 4031 4020 4013
3 4032 4044 4046
3 4043 4045 4044
3 4037 4046 4045
3 4044 4045 4046
3 4032 4046 4048
3 4037 4047 4046
3 4033 4048 4047
3 4046 4047 4048
3 4032 4048 4050
3 4033 4049 4048
3 4039 4050 4049
3 4048 4049 4050
3 4032 4050 4052
3 4039 4051 4050
3 4042 4052 4051
3 4050 4051 4052
3 4032 4052 4044
3 4042 4053 4052
3 4043 4044 4053
3 4052 4053 4044
3 4033 4047 4055
3 4037 4054 4047
3 4041 4055 4054
3 4047 4054 4055
3 4037 4045 4057
3 4043 4056 4045
3 4036 4057 4056
3 4045 4056 4057
3 4043 4053 4059
3 4042 4058 4053
3 4034 4059 4058
3 4053 4058 4059
3 4042 4051 4061
3 4039 4060 4051
3 4038 4061 4060
3 4051 4060 4061
3 4039 4049 4063
3 4033 4062 4049
3 4040 4063 4062
3 4049 4062 4063
3 4035 4064 4066
3 4041 4065 4064
3 4036 4066 4065
3 4064 4065 4066
3 4035 4066 4068
3 4036 4067 4066
3 4034 4068 4067
3 4066 4067 4068
3 4035 4068 4070
3 4034 4069 4068
3 4038 4070 4069
3 4068 4069 4070
3 4035 4070 4072
3 4038 4071 4070
3 4040 4072 4071
3 4070 4071 4072
3 4035 4072 4064
3 4040 4073 4072
3 4041 4064 4073
3 4072 4073 4064
3 4036 4065 4057
3 4041 4054 4065
3 4037 4057 4054
3 4065 4054 4057
3 4034 4067 4059
3 4036 4056 4067
3 4043 4059 4056
3 4067 4056 4059
3 4038 4069 4061
3 4034 4058 4069
3 4042 4061 4058
3 4069 4058 4061
3 4040 4071 4063
3 4038 4060 4071
3 4039 4063 4060
3 4071 4060 4063
3 4041 4073 4055
3 4040 4062 4073
3 4033 4055 4062
3 4073 4062 4055
3 4074 4086 4088
3 4085 4087 4086
3 4079 4088 4087
3 4086 4087 4088
3 4074 4088 4090
3 4079 4089 4088
3 4075 4090 4089
3 4088 4089 4090
3 4074 4090 4092
3 4075 4091 4090
3 4081 4092 4091
3 4090 4091 4092
3 4074 4092 4094
3 4081 4093 4092
3 4084 4094 4093
3 4092 4093 4094
3 4074 4094 4086
3 4084 4095 4094
3 4085 4086 4095
3 4094 4095 4086
3 4075 4089 4097
3 4079 4096 4089
3 4083 4097 4096
3 4089 4096 4097
3 4079 4087 4099
3 4085 4098 4087
3 4078 4099 4098
3 4087 4098 4099
3 4085 4095 4101
3 4084 4100 4095
3 4076 4101 4100
3 4095 4100 4101
3 4084 4093 4103
3 4081 4102 4093
3 4080 4103 4102
3 4093 4102 4103
3 4081 4091 4105
3 4075 4104 4091
3 4082 4105 4104
3 4091 4104 4105
3 4077 4106 4108
3 4083 4107 4106
3 4078 4108 4107
3 4106 4107 4108
3 4077 4108 4110
3 4078 4109 4108
3 4076 4110 4109
3 4108 4109 4110
3 4077 4110 4112
3 4076 4111 4110
3 4080 4112 4111
3 4110 4111 4112
3 4077 4112 4114
3 4080 4113 4112
3 4082 4114 4113
3 4112 4113 4114
3 4077 4114 4106
3 4082 4115 4114
3 4083 4106 4115
3 4114 4115 4106
3 4078 4107 4099
3 4083 4096 4107
3 4079 4099 4096
3 4107 4096 4099
3 4076 4109 4101
3 4078 4098 4109
3 4085 4101 4098
3 4109 4098 4101
3 4080 4111 4103
3 4076 4100 4111
3 4084 4103 4100
3 4111 4100 4103
3 4082 4113 4105
3 4080 4102 4113
3 4081 4105 4102
3 4113 4102 4105
3 4083 4115 4097
3 4082 4104 4115
3 4075 4097 4104
3 4115 4104 4097
3 4116 4128 4130
3 4127 4129 4128
3 4121 4130 4129
3 4128 4129 4130
3 4116 4130 4132
3 4121 4131 4130
3 4117 4132 4131
3 4130 4131 4132
3 4116 4132 4134
3 4117 4133 4132
3 4123 4134 4133
3 4132 4133 4134
3 4116 4134 4136
3 4123 4135 4134
3 4126 4136 4135
3 4134 4135 4136
3 4116 4136 4128
3 4126 4137 4136
3 4127 4128 4137
3 4136 4137 4128
3 4117 4131 4139
3 4121 4138 4131
3 4125 4139 4138
3 4131 4138 4139
3 4121 4129 4141
3 4127 4140 4129
3 4120 4141 4140
3 4129 4140 4141
3 4127 4137 4143
3 4126 4142 4137
3 4118 4143 4142
3 4137 4142 4143
3 4126 4135 4145
3 4123 4144 4135
3 4122 4145 4144
3 4135 4144 4145
3 4123 4133 4147
3 4117 4146 4133
3 4124 4147 4146
3 4133 4146 4147
3 4119 4148 4150
3 4125 4149 4148
3 4120 4150 4149
3 4148 4149 4150
3 4119 4150 4152
3 4120 4151 4150
3 4118 4152 4151
3 4150 4151 4152
3 4119 4152 4154
3 4118 4153 4152
3 4122 4154 4153
3 4152 4153 4154
3 4119 4154 4156
3 4122 4155 4154
3 4124 4156 4155
3 4154 4155 4156
3 4119 4156 4148
3 4124 4157 4156
3 4125 4148 4157
3 4156 4157 4148
3 4120 4149 4141
3 4125 4138 4149
3 4121 4141 4138
3 4149 4138 4141
3 4118 4151 4143
3 4120 4140 4151
3 4127 4143 4140
3 4151 4140 4143
3 4122 4153 4145
3 4118 4142 4153
3 4126 4145 4142
3 4153 4142 4145
3 4124 4155 4147
3 4122 4144 4155
3 4123 4147 4144
3 4155 4144 4147
3 4125 4157 4139
3 4124 4146 4157
3 4117 4139 4146
3 4157 4146 4139
3 4158 4170 4172
3 4169 4171 4170
3 4163 4172 4171
3 4170 4171 4172
3 4158 4172 4174
3 4163 4173 4172
3 4159 4174 4173
3 4172 4173 4174
3 4158 4174 4176
3 4159 4175 4174
3 4165 4176 4175
3 4174 4175 4176
3 4158 4176 4178
3 4165 4177 4176
3 4168 4178 4177
3 4176 4177 4178
3 4158 4178 4170
3 4168 4179 4178
3 4169 4170 4179
3 4178 4179 4170
3 4159 4173 4181
3 4163 4180 4173
3 4167 4181 4180
3 4173 4180 4181
3 4163 4171 4183
3 4169 4182 4171
3 4162 4183 4182
3 4171 4182 4183
3 4169 4179 4185
3 4168 4184 4179
3 4160 4185 4184
3 4179 4184 4185
3 4168 4177 4187
3 4165 4186 4177
3 4164 4187 4186
3 4177 4186 4187
3 4165 4175 4189
3 4159 4188 4175
3 4166 4189 4188
3 4175 4188 4189
3 4161 4190 4192
3 4167 4191 4190
3 4162 4192 4191
3 4190 4191 4192
3 4161 4192 4194
3 4162 4193 4192
3 4160 4194 4193
3 4192 4193 4194
3 4161 4194 4196
3 4160 4195 4194
3 4164 4196 4195
3 4194 4195 4196
3 4161 4196 4198
3 4164 4197 4196
3 4166 4198 4197
3 4196 4197 4198
3 4161 4198 4190
3 4166 4199 4198
3 4167 4190 4199
3 4198 4199 4190
3 4162 4191 4183
3 4167 4180 4191
3 4163 4183 4180
3 4191 4180 4183
3 4160 4193 4185
3 4162 4182 4193
3 4169 4185 4182
3 4193 4182 4185
3 4164 4195 4187
3 4160 4184 4195
3 4168 4187 4184
3 4195 4184 4187
3 4166 4197 4189
3 4164 4186 4197
3 4165 4189 4186
3 4197 4186 4189
3 4167 4199 4181
3 4166 4188 4199
3 4159 4181 4188
3 4199 4188 4181
3 4200 4212 4214
3 4211 4213 4212
3 4205 4214 4213
3 4212 4213 4214
3 4200 4214 4216
3 4205 4215 4214
3 4201 4216 4215
3 4214 4215 4216
3 4200 4216 4218
3 4201 4217 4216
3 4207 4218 4217
3 4216 4217 4218
3 4200 4218 4220
3 4207 4219 4218
3 4210 4220 4219
3 4218 4219 4220
3 4200 4220 4212
3 4210 4221 4220
3 4211 4212 4221
3 4220 4221 4212
3 4201 4215 4223
3 4205 4222 4215
3 4209 4223 4222
3 4215 4222 4223
3 4205 4213 4225
3 4211 4224 4213
3 4204 4225 4224
3 4213 4224 4225
3 4211 4221 4227
3 4210 4226 4221
3 4202 4227 4226
3 4221 4226 4227
3 4210 4219 4229
3 4207 4228 4219
3 4206 4229 4228
3 4219 4228 4229
3 4207 4217 4231
3 4201 4230 4217
3 4208 4231 4230
3 4217 4230 4231
3 4203 4232 4234
3 4209 4233 4232
3 4204 4234 4233
3 4232 4233 4234
3 4203 4234 4236
3 4204 4235 4234
3 4202 4236 4235
3 4234 4235 4236
3 4203 4236 4238
3 4202 4237 4236
3 4206 4238 4237
3 4236 4237 4238
3 4203 4238 4240
3 4206 4239 4238
3 4208 4240 4239
3 4238 4239 4240
3 4203 4240 4232
3 4208 4241 4240
3 4209 4232 4241
3 4240 4241 4232
3 4204 4233 4225
3 4209 4222 4233
3 4205 4225 4222
3 4233 4222 4225
3 4202 4235 4227
3 4204 4224 4235
3 4211 4227 4224
3 4235 4224 4227
3 4206 4237 4229
3 4202 4226 4237
3 4210 4229 4226
3 4237 4226 4229
3 4208 4239 4231
3 4206 4228 4239
3 4207 4231 4228
3 4239 4228 4231
3 4209 4241 4223
3 4208 4230 4241
3 4201 4223 4230
3 4241 4230 4223
3 4242 4254 4256
3 4253 4255 4254
3 4247 4256 4255
3 4254 4255 4256
3 4242 4256 4258
3 4247 4257 4256
3 4243 4258 4257
3 4256 4257 4258
3 4242 4258 4260
3 4243 4259 4258
3 4249 4260 4259
3 4258 4259 4260
3 4242 4260 4262
3 4249 4261 4260
3 4252 4262 4261
3 4260 4261 4262
3 4242 4262 4254
3 4252 4263 4262
3 4253 4254 4263
3 4262 4263 4254
3 4243 4257 4265
3 4247 4264 4257
3 4251 4265 4264
3 4257 4264 4265
3 4247 4255 4267
3 4253 4266 4255
3 4246 4267 4266
3 4255 4266 4267
3 4253 4263 4269
3 4252 4268 4263
3 4244 4269 4268
3 4263 4268 4269
3 4252 4261 4271
3 4249 4270 4261
3 4248 4271 4270
3 4261 4270 4271
3 4249 4259 4273
3 4243 4272 4259
3 4250 4273 4272
3 4259 4272 4273
3 4245 4274 4276
3 4251 4275 4274
3 4246 4276 4275
3 4274 4275 4276
3 4245 4276 4278
3 4246 4277 4276
3 4244 4278 4277
3 4276 4277 4278
3 4245 4278 4280
3 4244 4279 4278
3 4248 4280 4279
3 4278 4279 4280
3 4245 4280 4282
3 4248 4281 4280
3 4250 4282 4281
3 4280 4281 4282
3 4245 4282 4274
3 4250 4283 4282
3 4251 4274 4283
3 4282 4283 4274
3 4246 4275 4267
3 4251 4264 4275
3 4247 4267 4264
3 4275 4264 4267
3 4244 4277 4269
3 4246 4266 4277
3 4253 4269 4266
3 4277 4266 4269
3 4248 4279 4271
3 4244 4268 4279
3 4252 4271 4268
3 4279 4268 4271
3 4250 4281 4273
3 4248 4270 4281
3 4249 4273 4270
3 4281 4270 4273
3 4251 4283 4265
3 4250 4272 4283
3 4243 4265 4272
3 4283 4272 4265
3 4284 4296 4298
3 4295 4297 4296
3 4289 4298 4297
3 4296 4297 4298
3 4284 4298 4300
3 4289 4299 4298
3 4285 4300 4299
3 4298 4299 4300
3 4284 4300 4302
3 4285 4301 4300
3 4291 4302 4301
3 4300 4301 4302
3 4284 4302 4304
3 4291 4303 4302
3 4294 4304 4303
3 4302 4303 4304
3 4284 4304 4296
3 4294 4305 4304
3 4295 4296 4305
3 4304 4305 4296
3 4285 4299 4307
3 4289 4306 4299
3 4293 4307 4306
3 4299 4306 4307
3 4289 4297 4309
3 4295 4308 4297
3 4288 4309 4308
3 4297 4308 4309
3 4295 4305 4311
3 4294 4310 4305
3 4286 4311 4310
3 4305 4310 4311
3 4294 4303 4313
3 4291 4312 4303
3 4290 4313 4312
3 4303 4312 4313
3 4291 4301 4315
3 4285 4314 4301
3 4292 4315 4314
3 4301 4314 4315
3 4287 4316 4318
3 4293 4317 4316
3 4288 4318 4317
3 4316 4317 4318
3 4287 4318 4320
3 4288 4319 4318
3 4286 4320 4319
3 4318 4319 4320
3 4287 4320 4322
3 4286 4321 4320
3 4290 4322 4321
3 4320 4321 4322
3 4287 4322 4324
3 4290 4323 4322
3 4292 4324 4323
3 4322 4323 4324
3 4287 4324 4316
3 4292 4325 4324
3 4293 4316 4325
3 4324 4325 4316
3 4288 4317 4309
3 4293 4306 4317
3 4289 4309 4306
3 4317 4306 4309
3 4286 4319 4311
3 4288 4308 4319
3 4295 4311 4308
3 4319 4308 4311
3 4290 4321 4313
3 4286 4310 4321
3 4294 4313 4310
3 4321 4310 4313
3 4292 4323 4315
3 4290 4312 4323
3 4291 4315 4312
3 4323 4312 4315
3 4293 4325 4307
3 4292 4314 4325
3 4285 4307 4314
3 4325 4314 4307
3 4326 4338 4340
3 4337 4339 4338
3 4331 4340 4339
3 4338 4339 4340
3 4326 4340 4342
3 4331 4341 4340
3 4327 4342 4341
3 4340 4341 4342
3 4326 4342 4344
3 4327 4343 4342
3 4333 4344 4343
3 4342 4343 4344
3 4326 4344 4346
3 4333 4345 4344
3 4336 4346 4345
3 4344 4345 4346
3 4326 4346 4338
3 4336 4347 4346
3 4337 4338 4347
3 4346 4347 4338
3 4327 4341 4349
3 4331 4348 4341
3 4335 4349 4348
3 4341 4348 4349
3 4331 4339 4351
3 4337 4350 4339
3 4330 4351 4350
3 4339 4350 4351
3 4337 4347 4353
3 4336 4352 4347
3 4328 4353 4352
3 4347 4352 4353
3 4336 4345 4355
3 4333 4354 4345
3 4332 4355 4354
3 4345 4354 4355
3 4333 4343 4357
3 4327 4356 4343
3 4334 4357 4356
3 4343 4356 4357
3 4329 4358 4360
3 4335 4359 4358
3 4330 4360 4359
3 4358 4359 4360
3 4329 4360 4362
3 4330 4361 4360
3 4328 4362 4361
3 4360 4361 4362
3 4329 4362 4364
3 4328 4363 4362
3 4332 4364 4363
3 4362 4363 4364
3 4329 4364 4366
3 4332 4365 4364
3 4334 4366 4365
3 4364 4365 4366
3 4329 4366 4358
3 4334 4367 4366
3 4335 4358 4367
3 4366 4367 4358
3 4330 4359 4351
3 4335 4348 4359
3 4331 4351 4348
3 4359 4348 4351
3 4328 4361 4353
3 4330 4350 4361
3 4337 4353 4350
3 4361 4350 4353
3 4332 4363 4355
3 4328 4352 4363
3 4336 4355 4352
3 4363 4352 4355
3 4334 4365 4357
3 4332 4354 4365
3 4333 4357 4354
3 4365 4354 4357
3 4335 4367 4349
3 4334 4356 4367
3 4327 4349 4356
3 4367 4356 4349
3 4368 4380 4382
3 4379 4381 4380
3 4373 4382 4381
3 4380 4381 4382
3 4368 4382 4384
3 4373 4383 4382
3 4369 4384 4383
3 4382 4383 4384
3 4368 4384 4386
3 4369 4385 4384
3 4375 4386 4385
3 4384 4385 4386
3 4368 4386 4388
3 4375 4387 4386
3 4378 4388 4387
3 4386 4387 4388
3 4368 4388 4380
3 4378 4389 4388
3 4379 4380 4389
3 4388 4389 4380
3 4369 4383 4391
3 4373 4390 4383
3 4377 4391 4390
3 4383 4390 4391
3 4373 4381 4393
3 4379 4392 4381
3 4372 4393 4392
3 4381 4392 4393
3 4379 4389 4395
3 4378 4394 4389
3 4370 4395 4394
3 4389 4394 4395
3 4378 4387 4397
3 4375 4396 4387
3 4374 4397 4396
3 4387 4396 4397
3 4375 4385 4399
3 4369 4398 4385
3 4376 4399 4398
3 4385 4398 4399
3 4371 4400 4402
3 4377 4401 4400
3 4372 4402 4401
3 4400 4401 4402
3 4371 4402 4404
3 4372 4403 4402
3 4370 4404 4403
3 4402 4403 4404
3 4371 4404 4406
3 4370 4405 4404
3 4374 4406 4405
3 4404 4405 4406
3 4371 4406 4408
3 4374 4407 4406
3 4376 4408 4407
3 4406 4407 4408
3 4371 4408 4400
3 4376 4409 4408
3 4377 4400 4409
3 4408 4409 4400
3 4372 4401 4393
3 4377 4390 4401
3 4373 4393 4390
3 4401 4390 4393
3 4370 4403 4395
3 4372 4392 4403
3 4379 4395 4392
3 4403 4392 4395
3 4374 4405 4397
3 4370 4394 4405
3 4378 4397 4394
3 4405 4394 4397
3 4376 4407 4399
3 4374 4396 4407
3 4375 4399 4396
3 4407 4396 4399
3 4377 4409 4391
3 4376 4398 4409
3 4369 4391 4398
3 4409 4398 4391
3 4410 4422 4424
3 4421 4423 4422
3 4415 4424 4423
3 4422 4423 4424
3 4410 4424 4426
3 4415 4425 4424
3 4411 4426 4425
3 4424 4425 4426
3 4410 4426 4428
3 4411 4427 4426
3 4417 4428 4427
3 4426 4427 4428
3 4410 4428 4430
3 4417 4429 4428
3 4420 4430 4429
3 4428 4429 4430
3 4410 4430 4422
3 4420 4431 4430
3 4421 4422 4431
3 4430 4431 4422
3 4411 4425 4433
3 4415 4432 4425
3 4419 4433 4432
3 4425 4432 4433
3 4415 4423 4435
3 4421 4434 4423
3 4414 4435 4434
3 4423 4434 4435
3 4421 4431 4437
3 4420 4436 4431
3 4412 4437 4436
3 4431 4436 4437
3 4420 4429 4439
3 4417 4438 4429
3 4416 4439 4438
3 4429 4438 4439
3 4417 4427 4441
3 4411 4440 4427
3 4418 4441 4440
3 4427 4440 4441
3 4413 4442 4444
3 4419 4443 4442
3 4414 4444 4443
3 4442 4443 4444
3 4413 4444 4446
3 4414 4445 4444
3 4412 4446 4445
3 4444 4445 4446
3 4413 4446 4448
3 4412 4447 4446
3 4416 4448 4447
3 4446 4447 4448
3 4413 4448 4450
3 4416 4449 4448
3 4418 4450 4449
3 4448 4449 4450
3 4413 4450 4442
3 4418 4451 4450
3 4419 4442 4451
3 4450 4451 4442
3 4414 4443 4435
3 4419 4432 4443
3 4415 4435 4432
3 4443 4432 4435
3 4412 4445 4437
3 4414 4434 4445
3 4421 4437 4434
3 4445 4434 4437
3 4416 4447 4439
3 4412 4436 4447
3 4420 4439 4436
3 4447 4436 4439
3 4418 4449 4441
3 4416 4438 4449
3 4417 4441 4438
3 4449 4438 4441
3 4419 4451 4433
3 4418 4440 4451
3 4411 4433 4440
3 4451 4440 4433
3 4452 4464 4466
3 4463 4465 4464
3 4457 4466 4465
3 4464 4465 4466
3 4452 4466 4468
3 4457 4467 4466
3 4453 4468 4467
3 4466 4467 4468
3 4452 4468 4470
3 4453 4469 4468
3 4459 4470 4469
3 4468 4469 4470
3 4452 4470 4472
3 4459 4471 4470
3 4462 4472 4471
3 4470 4471 4472
3 4452 4472 4464
3 4462 4473 4472
3 4463 4464 4473
3 4472 4473 4464
3 4453 4467 4475
3 4457 4474 4467
3 4461 4475 4474
3 4467 4474 4475
3 4457 4465 4477
3 4463 4476 4465
3 4456 4477 4476
3 4465 4476 4477
3 4463 4473 4479
3 4462 4478 4473
3 4454 4479 4478
3 4473 4478 4479
3 4462 4471 4481
3 4459 4480 4471
3 4458 4481 4480
3 4471 4480 4481
3 4459 4469 4483
3 4453 4482 4469
3 4460 4483 4482
3 4469 4482 4483
3 4455 4484 4486
3 4461 4485 4484
3 4456 4486 4485
3 4484 4485 4486
3 4455 4486 4488
3 4456 4487 4486
3 4454 4488 4487
3 4486 4487 4488
3 4455 4488 4490
3 4454 4489 4488
3 4458 4490 4489
3 4488 4489 4490
3 4455 4490 4492
3 4458 4491 4490
3 4460 4492 4491
3 4490 4491 4492
3 4455 4492 4484
3 4460 4493 4492
3 4461 4484 4493
3 4492 4493 4484
3 4456 4485 4477
3 4461 4474 4485
3 4457 4477 4474
3 4485 4474 4477
3 4454 4487 4479
3 4456 4476 4487
3 4463 4479 4476
3 4487 4476 4479
3 4458 4489 4481
3 4454 4478 4489
3 4462 4481 4478
3 4489 4478 4481
3 4460 4491 4483
3 4458 4480 4491
3 4459 4483 4480
3 4491 4480 4483
3 4461 4493 4475
3 4460 4482 4493
3 4453 4475 4482
3 4493 4482 4475
3 4494 4506 4508
3 4505 4507 4506
3 4499 4508 4507
3 4506 4507 4508
3 4494 4508 4510
3 4499 4509 4508
3 4495 4510 4509
3 4508 4509 4510
3 4494 4510 4512
3 4495 4511 4510
3 4501 4512 4511
3 4510 4511 4512
3 4494 4512 4514
3 4501 4513 4512
3 4504 4514 4513
3 4512 4513 4514
3 4494 4514 4506
3 4504 4515 4514
3 4505 4506 4515
3 4514 4515 4506
3 4495 4509 4517
3 4499 4516 4509
3 4503 4517 4516
3 4509 4516 4517
3 4499 4507 4519
3 4505 4518 4507
3 4498 4519 4518
3 4507 4518 4519
3 4505 4515 4521
3 4504 4520 4515
3 4496 4521 4520
3 4515 4520 4521
3 4504 4513 4523
3 4501 4522 4513
3 4500 4523 4522
3 4513 4522 4523
3 4501 4511 4525
3 4495 4524 4511
3 4502 4525 4524
3 4511 4524 4525
3 4497 4526 4528
3 4503 4527 4526
3 4498 4528 4527
3 4526 4527 4528
3 4497 4528 4530
3 4498 4529 4528
3 4496 4530 4529
3 4528 4529 4530
3 4497 4530 4532
3 4496 4531 4530
3 4500 4532 4531
3 4530 4531 4532
3 4497 4532 4534
3 4500 4533 4532
3 4502 4534 4533
3 4532 4533 4534
3 4497 4534 4526
3 4502 4535 4534
3 4503 4526 4535
3 4534 4535 4526
3 4498 4527 4519
3 4503 4516 4527
3 4499 4519 4516
3 4527 4516 4519
3 4496 4529 4521
3 4498 4518 4529
3 4505 4521 4518
3 4529 4518 4521
3 4500 4531 4523
3 4496 4520 4531
3 4504 4523 4520
3 4531 4520 4523
3 4502 4533 4525
3 4500 4522 4533
3 4501 4525 4522
3 4533 4522 4525
3 4503 4535 4517
3 4502 4524 4535
3 4495 4517 4524
3 4535 4524 4517
3 4536 4548 4550
3 4547 4549 4548
3 4541 4550 4549
3 4548 4549 4550
3 4536 4550 4552
3 4541 4551 4550
3 4537 4552 4551
3 4550 4551 4552
3 4536 4552 4554
3 4537 4553 4552
3 4543 4554 4553
3 4552 4553 4554
3 4536 4554 4556
3 4543 4555 4554
3 4546 4556 4555
3 4554 4555 4556
3 4536 4556 4548
3 4546 4557 4556
3 4547 4548 4557
3 4556 4557 4548
3 4537 4551 4559
3 4541 4558 4551
3 4545 4559 4558
3 4551 4558 4559
3 4541 4549 4561
3 4547 4560 4549
3 4540 4561 4560
3 4549 4560 4561
3 4547 4557 4563
3 4546 4562 4557
3 4538 4563 4562
3 4557 4562 4563
3 4546 4555 4565
3 4543 4564 4555
3 4542 4565 4564
3 4555 4564 4565
3 4543 4553 4567
3 4537 4566 4553
3 4544 4567 4566
3 4553 4566 4567
3 4539 4568 4570
3 4545 4569 4568
3 4540 4570 4569
3 4568 4569 4570
3 4539 4570 4572
3 4540 4571 4570
3 4538 4572 4571
3 4570 4571 4572
3 4539 4572 4574
3 4538 4573 4572
3 4542 4574 4573
3 4572 4573 4574
3 4539 4574 4576
3 4542 4575 4574
3 4544 4576 4575
3 4574 4575 4576
3 4539 4576 4568
3 4544 4577 4576
3 4545 4568 4577
3 4576 4577 4568
3 4540 4569 4561
3 4545 4558 4569
3 4541 4561 4558
3 4569 4558 4561
3 4538 4571 4563
3 4540 4560 4571
3 4547 4563 4560
3 4571 4560 4563
3 4542 4573 4565
3 4538 4562 4573
3 4546 4565 4562
3 4573 4562 4565
3 4544 4575 4567
3 4542 4564 4575
3 4543 4567 4564
3 4575 4564 4567
3 4545 4577 4559
3 4544 4566 4577
3 4537 4559 4566
3 4577 4566 4559
3 4578 4590 4592
3 4589 4591 4590
3 4583 4592 4591
3 4590 4591 4592
3 4578 4592 4594
3 4583 4593 4592
3 4579 4594 4593
3 4592 4593 4594
3 4578 4594 4596
3 4579 4595 4594
3 4585 4596 4595
3 4594 4595 4596
3 4578 4596 4598
3 4585 4597 4596
3 4588 4598 4597
3 4596 4597 4598
3 4578 4598 4590
3 4588 4599 4598
3 4589 4590 4599
3 4598 4599 4590
3 4579 4593 4601
3 4583 4600 4593
3 4587 4601 4600
3 4593 4600 4601
3 4583 4591 4603
3 4589 4602 4591
3 4582 4603 4602
3 4591 4602 4603
3 4589 4599 4605
3 4588 4604 4599
3 4580 4605 4604
3 4599 4604 4605
3 4588 4597 4607
3 4585 4606 4597
3 4584 4607 4606
3 4597 4606 4607
3 4585 4595 4609
3 4579 4608 4595
3 4586 4609 4608
3 4595 4608 4609
3 4581 4610 4612
3 4587 4611 4610
3 4582 4612 4611
3 4610 4611 4612
3 4581 4612 4614
3 4582 4613 4612
3 4580 4614 4613
3 4612 4613 4614
3 4581 4614 4616
3 4580 4615 4614
3 4584 4616 4615
3 4614 4615 4616
3 4581 4616 4618
3 4584 4617 4616
3 4586 4618 4617
3 4616 4617 4618
3 4581 4618 4610
3 4586 4619 4618
3 4587 4610 4619
3 4618 4619 4610
3 4582 4611 4603
3 4587 4600 4611
3 4583 4603 4600
3 4611 4600 4603
3 4580 4613 4605
3 4582 4602 4613
3 4589 4605 4602
3 4613 4602 4605
3 4584 4615 4607
3 4580 4604 4615
3 4588 4607 4604
3 4615 4604 4607
3 4586 4617 4609
3 4584 4606 4617
3 4585 4609 4606
3 4617 4606 4609
3 4587 4619 4601
3 4586 4608 4619
3 4579 4601 4608
3 4619 4608 4601
3 4620 4632 4634
3 4631 4633 4632
3 4625 4634 4633
3 4632 4633 4634
3 4620 4634 4636
3 4625 4635 4634
3 4621 4636 4635
3 4634 4635 4636
3 4620 4636 4638
3 4621 4637 4636
3 4627 4638 4637
3 4636 4637 4638
3 4620 4638 4640
3 4627 4639 4638
3 4630 4640 4639
3 4638 4639 4640
3 4620 4640 4632
3 4630 4641 4640
3 4631 4632 4641
3 4640 4641 4632
3 4621 4635 4643
3 4625 4642 4635
3 4629 4643 4642
3 4635 4642 4643
3 4625 4633 4645
3 4631 4644 4633
3 4624 4645 4644
3 4633 4644 4645
3 4631 4641 4647
3 4630 4646 4641
3 4622 4647 4646
3 4641 4646 4647
3 4630 4639 4649
3 4627 4648 4639
3 4626 4649 4648
3 4639 4648 4649
3 4627 4637 4651
3 4621 4650 4637
3 4628 4651 4650
3 4637 4650 4651
3 4623 4652 4654
3 4629 4653 4652
3 4624 4654 4653
3 4652 4653 4654
3 4623 4654 4656
3 4624 4655 4654
3 4622 4656 4655
3 4654 4655 4656
3 4623 4656 4658
3 4622 4657 4656
3 4626 4658 4657
3 4656 4657 4658
3 4623 4658 4660
3 4626 4659 4658
3 4628 4660 4659
3 4658 4659 4660
3 4623 4660 4652
3 4628 4661 4660
3 4629 4652 4661
3 4660 4661 4652
3 4624 4653 4645
3 4629 4642 4653
3 4625 4645 4642
3 4653 4642 4645
3 4622 4655 4647
3 4624 4644 4655
3 4631 4647 4644
3 4655 4644 4647
3 4626 4657 4649
3 4622 4646 4657
3 4630 4649 4646
3 4657 4646 4649
3 4628 4659 4651
3 4626 4648 4659
3 4627 4651 4648
3 4659 4648 4651
3 4629 4661 4643
3 4628 4650 4661
3 4621 4643 4650
3 4661 4650 4643
3 4662 4674 4676
3 4673 4675 4674
3 4667 4676 4675
3 4674 4675 4676
3 4662 4676 4678
3 4667 4677 4676
3 4663 4678 4677
3 4676 4677 4678
3 4662 4678 4680
3 4663 4679 4678
3 4669 4680 4679
3 4678 4679 4680
3 4662 4680 4682
3 4669 4681 4680
3 4672 4682 4681
3 4680 4681 4682
3 4662 4682 4674
3 4672 4683 4682
3 4673 4674 4683
3 4682 4683 4674
3 4663 4677 4685
3 4667 4684 4677
3 4671 4685 4684
3 4677 4684 4685
3 4667 4675 4687
3 4673 4686 4675
3 4666 4687 4686
3 4675 4686 4687
3 4673 4683 4689
3 4672 4688 4683
3 4664 4689 4688
3 4683 4688 4689
3 4672 4681 4691
3 4669 4690 4681
3 4668 4691 4690
3 4681 4690 4691
3 4669 4679 4693
3 4663 4692 4679
3 4670 4693 4692
3 4679 4692 4693
3 4665 4694 4696
3 4671 4695 4694
3 4666 4696 4695
3 4694 4695 4696
3 4665 4696 4698
3 4666 4697 4696
3 4664 4698 4697
3 4696 4697 4698
3 4665 4698 4700
3 4664 4699 4698
3 4668 4700 4699
3 4698 4699 4700
3 4665 4700 4702
3 4668 4701 4700
3 4670 4702 4701
3 4700 4701 4702
3 4665 4702 4694
3 4670 4703 4702
3 4671 4694 4703
3 4702 4703 4694
3 4666 4695 4687
3 4671 4684 4695
3 4667 4687 4684
3 4695 4684 4687
3 4664 4697 4689
3 4666 4686 4697
3 4673 4689 4686
3 4697 4686 4689
3 4668 4699 4691
3 4664 4688 4699
3 4672 4691 4688
3 4699 4688 4691
3 4670 4701 4693
3 4668 4690 4701
3 4669 4693 4690
3 4701 4690 4693
3 4671 4703 4685
3 4670 4692 4703
3 4663 4685 4692
3 4703 4692 4685
3 4704 4716 4718
3 4715 4717 4716
3 4709 4718 4717
3 4716 4717 4718
3 4704 4718 4720
3 4709 4719 4718
3 4705 4720 4719
3 4718 4719 4720
3 4704 4720 4722
3 4705 4721 4720
3 4711 4722 4721
3 4720 4721 4722
3 4704 4722 4724
3 4711 4723 4722
3 4714 4724 4723
3 4722 4723 4724
3 4704 4724 4716
3 4714 4725 4724
3 4715 4716 4725
3 4724 4725 4716
3 4705 4719 4727
3 4709 4726 4719
3 4713 4727 4726
3 4719 4726 4727
3 4709 4717 4729
3 4715 4728 4717
3 4708 4729 4728
3 4717 4728 4729
3 4715 4725 4731
3 4714 4730 4725
3 4706 4731 4730
3 4725 4730 4731
3 4714 4723 4733
3 4711 4732 4723
3 4710 4733 4732
3 4723 4732 4733
3 4711 4721 4735
3 4705 4734 4721
3 4712 4735 4734
3 4721 4734 4735
3 4707 4736 4738
3 4713 4737 4736
3 4708 4738 4737
3 4736 4737 4738
3 4707 4738 4740
3 4708 4739 4738
3 4706 4740 4739
3 4738 4739 4740
3 4707 4740 4742
3 4706 4741 4740
3 4710 4742 4741
3 4740 4741 4742
3 4707 4742 4744
3 4710 4743 4742
3 4712 4744 4743
3 4742 4743 4744
3 4707 4744 4736
3 4712 4745 4744
3 4713 4736 4745
3 4744 4745 4736
3 4708 4737 4729
3 4713 4726 4737
3 4709 4729 4726
3 4737 4726 4729
3 4706 4739 4731
3 4708 4728 4739
3 4715 4731 4728
3 4739 4728 4731
3 4710 4741 4733
3 4706 4730 4741
3 4714 4733 4730
3 4741 4730 4733
3 4712 4743 4735
3 4710 4732 4743
3 4711 4735 4732
3 4743 4732 4735
3 4713 4745 4727
3 4712 4734 4745
3 4705 4727 4734
3 4745 4734 4727
3 4746 4758 4760
3 4757 4759 4758
3 4751 4760 4759
3 4758 4759 4760
3 4746 4760 4762
3 4751 4761 4760
3 4747 4762 4761
3 4760 4761 4762
3 4746 4762 4764
3 4747 4763 4762
3 4753 4764 4763
3 4762 4763 4764
3 4746 4764 4766
3 4753 4765 4764
3 4756 4766 4765
3 4764 4765 4766
3 4746 4766 4758
3 4756 4767 4766
3 4757 4758 4767
3 4766 4767 4758
3 4747 4761 4769
3 4751 4768 4761
3 4755 4769 4768
3 4761 4768 4769
3 4751 4759 4771
3 4757 4770 4759
3 4750 4771 4770
3 4759 4770 4771
3 4757 4767 4773
3 4756 4772 4767
3 4748 4773 4772
3 4767 4772 4773
3 4756 4765 4775
3 4753 4774 4765
3 4752 4775 4774
3 4765 4774 4775
3 4753 4763 4777
3 4747 4776 4763
3 4754 4777 4776
3 4763 4776 4777
3 4749 4778 4780
3 4755 4779 4778
3 4750 4780 4779
3 4778 4779 4780
3 4749 4780 4782
3 4750 4781 4780
3 4748 4782 4781
3 4780 4781 4782
3 4749 4782 4784
3 4748 4783 4782
3 4752 4784 4783
3 4782 4783 4784
3 4749 4784 4786
3 4752 4785 4784
3 4754 4786 4785
3 4784 4785 4786
3 4749 4786 4778
3 4754 4787 4786
3 4755 4778 4787
3 4786 4787 4778
3 4750 4779 4771
3 4755 4768 4779
3 4751 4771 4768
3 4779 4768 4771
3 4748 4781 4773
3 4750 4770 4781
3 4757 4773 4770
3 4781 4770 4773
3 4752 4783 4775
3 4748 4772 4783
3 4756 4775 4772
3 4783 4772 4775
3 4754 4785 4777
3 4752 4774 4785
3 4753 4777 4774
3 4785 4774 4777
3 4755 4787 4769
3 4754 4776 4787
3 4747 4769 4776
3 4787 4776 4769
3 4788 4800 4802
3 4799 4801 4800
3 4793 4802 4801
3 4800 4801 4802
3 4788 4802 4804
3 4793 4803 4802
3 4789 4804 4803
3 4802 4803 4804
3 4788 4804 4806
3 4789 4805 4804
3 4795 4806 4805
3 4804 4805 4806
3 4788 4806 4808
3 4795 4807 4806
3 4798 4808 4807
3 4806 4807 4808
3 4788 4808 4800
3 4798 4809 4808
3 4799 4800 4809
3 4808 4809 4800
3 4789 4803 4811
3 4793 4810 4803
3 4797 4811 4810
3 4803 4810 4811
3 4793 4801 4813
3 4799 4812 4801
3 4792 4813 4812
3 4801 4812 4813
3 4799 4809 4815
3 4798 4814 4809
3 4790 4815 4814
3 4809 4814 4815
3 4798 4807 4817
3 4795 4816 4807
3 4794 4817 4816
3 4807 4816 4817
3 4795 4805 4819
3 4789 4818 4805
3 4796 4819 4818
3 4805 4818 4819
3 4791 4820 4822
3 4797 4821 4820
3 4792 4822 4821
3 4820 4821 4822
3 4791 4822 4824
3 4792 4823 4822
3 4790 4824 4823
3 4822 4823 4824
3 4791 4824 4826
3 4790 4825 4824
3 4794 4826 4825
3 4824 4825 4826
3 4791 4826 4828
3 4794 4827 4826
3 4796 4828 4827
3 4826 4827 4828
3 4791 4828 4820
3 4796 4829 4828
3 4797 4820 4829
3 4828 4829 4820
3 4792 4821 4813
3 4797 4810 4821
3 4793 4813 4810
3 4821 4810 4813
3 4790 4823 4815
3 4792 4812 4823
3 4799 4815 4812
3 4823 4812 4815
3 4794 4825 4817
3 4790 4814 4825
3 4798 4817 4814
3 4825 4814 4817
3 4796 4827 4819
3 4794 4816 4827
3 4795 4819 4816
3 4827 4816 4819
3 4797 4829 4811
3 4796 4818 4829
3 4789 4811 4818
3 4829 4818 4811
3 4830 4842 4844
3 4841 4843 4842
3 4835 4844 4843
3 4842 4843 4844
3 4830 4844 4846
3 4835 4845 4844
3 4831 4846 4845
3 4844 4845 4846
3 4830 4846 4848
3 4831 4847 4846
3 4837 4848 4847
3 4846 4847 4848
3 4830 4848 4850
3 4837 4849 4848
3 4840 4850 4849
3 4848 4849 4850
3 4830 4850 4842
3 4840 4851 4850
3 4841 4842 4851
3 4850 4851 4842
3 4831 4845 4853
3 4835 4852 4845
3 4839 4853 4852
3 4845 4852 4853
3 4835 4843 4855
3 4841 4854 4843
3 4834 4855 4854
3 4843 4854 4855
3 4841 4851 4857
3 4840 4856 4851
3 4832 4857 4856
3 4851 4856 4857
3 4840 4849 4859
3 4837 4858 4849
3 4836 4859 4858
3 4849 4858 4859
3 4837 4847 4861
3 4831 4860 4847
3 4838 4861 4860
3 4847 4860 4861
3 4833 4862 4864
3 4839 4863 4862
3 4834 4864 4863
3 4862 4863 4864
3 4833 4864 4866
3 4834 4865 4864
3 4832 4866 4865
3 4864 4865 4866
3 4833 4866 4868
3 4832 4867 4866
3 4836 4868 4867
3 4866 4867 4868
3 4833 4868 4870
3 4836 4869 4868
3 4838 4870 4869
3 4868 4869 4870
3 4833 4870 4862
3 4838 4871 4870
3 4839 4862 4871
3 4870 4871 4862
3 4834 4863 4855
3 4839 4852 4863
3 4835 4855 4852
3 4863 4852 4855
3 4832 4865 4857
3 4834 4854 4865
3 4841 4857 4854
3 4865 4854 4857
3 4836 4867 4859
3 4832 4856 4867
3 4840 4859 4856
3 4867 4856 4859
3 4838 4869 4861
3 4836 4858 4869
3 4837 4861 4858
3 4869 4858 4861
3 4839 4871 4853
3 4838 4860 4871
3 4831 4853 4860
3 4871 4860 4853
3 4872 4884 4886
3 4883 4885 4884
3 4877 4886 4885
3 4884 4885 4886
3 4872 4886 4888
3 4877 4887 4886
3 4873 4888 4887
3 4886 4887 4888
3 4872 4888 4890
3 4873 4889 4888
3 4879 4890 4889
3 4888 4889 4890
3 4872 4890 4892
3 4879 4891 4890
3 4882 4892 4891
3 4890 4891 4892
3 4872 4892 4884
3 4882 4893 4892
3 4883 4884 4893
3 4892 4893 4884
3 4873 4887 4895
3 4877 4894 4887
3 4881 4895 4894
3 4887 4894 4895
3 4877 4885 4897
3 4883 4896 4885
3 4876 4897 4896
3 4885 4896 4897
3 4883 4893 4899
3 4882 4898 4893
3 4874 4899 4898
3 4893 4898 4899
3 4882 4891 4901
3 4879 4900 4891
3 4878 4901 4900
3 4891 4900 4901
3 4879 4889 4903
3 4873 4902 4889
3 4880 4903 4902
3 4889 4902 4903
3 4875 4904 4906
3 4881 4905 4904
3 4876 4906 4905
3 4904 4905 4906
3 4875 4906 4908
3 4876 4907 4906
3 4874 4908 4907
3 4906 4907 4908
3 4875 4908 4910
3 4874 4909 4908
3 4878 4910 4909
3 4908 4909 4910
3 4875 4910 4912
3 4878 4911 4910
3 4880 4912 4911
3 4910 4911 4912
3 4875 4912 4904
3 4880 4913 4912
3 4881 4904 4913
3 4912 4913 4904
3 4876 4905 4897
3 4881 4894 4905
3 4877 4897 4894
3 4905 4894 4897
3 4874 4907 4899
3 4876 4896 4907
3 4883 4899 4896
3 4907 4896 4899
3 4878 4909 4901
3 4874 4898 4909
3 4882 4901 4898
3 4909 4898 4901
3 4880 4911 4903
3 4878 4900 4911
3 4879 4903 4900
3 4911 4900 4903
3 4881 4913 4895
3 4880 4902 4913
3 4873 4895 4902
3 4913 4902 4895
3 4914 4926 4928
3 4925 4927 4926
3 4919 4928 4927
3 4926 4927 4928
3 4914 4928 4930
3 4919 4929 4928
3 4915 4930 4929
3 4928 4929 4930
3 4914 4930 4932
3 4915 4931 4930
3 4921 4932 4931
3 4930 4931 4932
3 4914 4932 4934
3 4921 4933 4932
3 4924 4934 4933
3 4932 4933 4934
3 4914 4934 4926
3 4924 4935 4934
3 4925 4926 4935
3 4934 4935 4926
3 4915 4929 4937
3 4919 4936 4929
3 4923 4937 4936
3 4929 4936 4937
3 4919 4927 4939
3 4925 4938 4927
3 4918 4939 4938
3 4927 4938 4939
3 4925 4935 4941
3 4924 4940 4935
3 4916 4941 4940
3 4935 4940 4941
3 4924 4933 4943
3 4921 4942 4933
3 4920 4943 4942
3 4933 4942 4943
3 4921 4931 4945
3 4915 4944 4931
3 4922 4945 4944
3 4931 4944 4945
3 4917 4946 4948
3 4923 4947 4946
3 4918 4948 4947
3 4946 4947 4948
3 4917 4948 4950
3 4918 4949 4948
3 4916 4950 4949
3 4948 4949 4950
3 4917 4950 4952
3 4916 4951 4950
3 4920 4952 4951
3 4950 4951 4952
3 4917 4952 4954
3 4920 4953 4952
3 4922 4954 4953
3 4952 4953 4954
3 4917 4954 4946
3 4922 4955 4954
3 4923 4946 4955
3 4954 4955 4946
3 4918 4947 4939
3 4923 4936 4947
3 4919 4939 4936
3 4947 4936 4939
3 4916 4949 4941
3 4918 4938 4949
3 4925 4941 4938
3 4949 4938 4941
3 4920 4951 4943
3 4916 4940 4951
3 4924 4943 4940
3 4951 4940 4943
3 4922 4953 4945
3 4920 4942 4953
3 4921 4945 4942
3 4953 4942 4945
3 4923 4955 4937
3 4922 4944 4955
3 4915 4937 4944
3 4955 4944 4937
3 4956 4968 4970
3 4967 4969 4968
3 4961 4970 4969
3 4968 4969 4970
3 4956 4970 4972
3 4961 4971 4970
3 4957 4972 4971
3 4970 4971 4972
3 4956 4972 4974
3 4957 4973 4972
3 4963 4974 4973
3 4972 4973 4974
3 4956 4974 4976
3 4963 4975 4974
3 4966 4976 4975
3 4974 4975 4976
3 4956 4976 4968
3 4966 4977 4976
3 4967 4968 4977
3 4976 4977 4968
3 4957 4971 4979
3 4961 4978 4971
3 4965 4979 4978
3 4971 4978 4979
3 4961 4969 4981
3 4967 4980 4969
3 4960 4981 4980
3 4969 4980 4981
3 4967 4977 4983
3 4966 4982 4977
3 4958 4983 4982
3 4977 4982 4983
3 4966 4975 4985
3 4963 4984 4975
3 4962 4985 4984
3 4975 4984 4985
3 4963 4973 4987
3 4957 4986 4973
3 4964 4987 4986
3 4973 4986 4987
3 4959 4988 4990
3 4965 4989 4988
3 4960 4990 4989
3 4988 4989 4990
3 4959 4990 4992
3 4960 4991 4990
3 4958 4992 4991
3 4990 4991 4992
3 4959 4992 4994
3 4958 4993 4992
3 4962 4994 4993
3 4992 4993 4994
3 4959 4994 4996
3 4962 4995 4994
3 4964 4996 4995
3 4994 4995 4996
3 4959 4996 4988
3 4964 4997 4996
3 4965 4988 4997
3 4996 4997 4988
3 4960 4989 4981
3 4965 4978 4989
3 4961 4981 4978
3 4989 4978 4981
3 4958 4991 4983
3 4960 4980 4991
3 4967 4983 4980
3 4991 4980 4983
3 4962 4993 4985
3 4958 4982 4993
3 4966 4985 4982
3 4993 4982 4985
3 4964 4995 4987
3 4962 4984 4995
3 4963 4987 4984
3 4995 4984 4987
3 4965 4997 4979
3 4964 4986 4997
3 4957 4979 4986
3 4997 4986 4979
3 4998 5010 5012
3 5009 5011 5010
3 5003 5012 5011
3 5010 5011 5012
3 4998 5012 5014
3 5003 5013 5012
3 4999 5014 5013
3 5012 5013 5014
3 4998 5014 5016
3 4999 5015 5014
3 5005 5016 5015
3 5014 5015 5016
3 4998 5016 5018
3 5005 5017 5016
3 5008 5018 5017
3 5016 5017 5018
3 4998 5018 5010
3 5008 5019 5018
3 5009 5010 5019
3 5018 5019 5010
3 4999 5013 5021
3 5003 5020 5013
3 5007 5021 5020
3 5013 5020 5021
3 5003 5011 5023
3 5009 5022 5011
3 5002 5023 5022
3 5011 5022 5023
3 5009 5019 5025
3 5008 5024 5019
3 5000 5025 5024
3 5019 5024 5025
3 5008 5017 5027
3 5005 5026 5017
3 5004 5027 5026
3 5017 5026 5027
3 5005 5015 5029
3 4999 5028 5015
3 5006 5029 5028
3 5015 5028 5029
3 5001 5030 5032
3 5007 5031 5030
3 5002 5032 5031
3 5030 5031 5032
3 5001 5032 5034
3 5002 5033 5032
3 5000 5034 5033
3 5032 5033 5034
3 5001 5034 5036
3 5000 5035 5034
3 5004 5036 5035
3 5034 5035 5036
3 5001 5036 5038
3 5004 5037 5036
3 5006 5038 5037
3 5036 5037 5038
3 5001 5038 5030
3 5006 5039 5038
3 5007 5030 5039
3 5038 5039 5030
3 5002 5031 5023
3 5007 5020 5031
3 5003 5023 5020
3 5031 5020 5023
3 5000 5033 5025
3 5002 5022 5033
3 5009 5025 5022
3 5033 5022 5025
3 5004 5035 5027
3 5000 5024 5035
3 5008 5027 5024
3 5035 5024 5027
3 5006 5037 5029
3 5004 5026 5037
3 5005 5029 5026
3 5037 5026 5029
3 5007 5039 5021
3 5006 5028 5039
3 4999 5021 5028
3 5039 5028 5021
3 5040 5052 5054
3 5051 5053 5052
3 5045 5054 5053
3 5052 5053 5054
3 5040 5054 5056
3 5045 5055 5054
3 5041 5056 5055
3 5054 5055 5056
3 5040 5056 5058
3 5041 5057 5056
3 5047 5058 5057
3 5056 5057 5058
3 5040 5058 5060
3 5047 5059 5058
3 5050 5060 5059
3 5058 5059 5060
3 5040 5060 5052
3 5050 5061 5060
3 5051 5052 5061
3 5060 5061 5052
3 5041 5055 5063
3 5045 5062 5055
3 5049 5063 5062
3 5055 5062 5063
3 5045 5053 5065
3 5051 5064 5053
3 5044 5065 5064
3 5053 5064 5065
3 5051 5061 5067
3 5050 5066 5061
3 5042 5067 5066
3 5061 5066 5067
3 5050 5059 5069
3 5047 5068 5059
3 5046 5069 5068
3 5059 5068 5069
3 5047 5057 5071
3 5041 5070 5057
3 5048 5071 5070
3 5057 5070 5071
3 5043 5072 5074
3 5049 5073 5072
3 5044 5074 5073
3 5072 5073 5074
3 5043 5074 5076
3 5044 5075 5074
3 5042 5076 5075
3 5074 5075 5076
3 5043 5076 5078
3 5042 5077 5076
3 5046 5078 5077
3 5076 5077 5078
3 5043 5078 5080
3 5046 5079 5078
3 5048 5080 5079
3 5078 5079 5080
3 5043 5080 5072
3 5048 5081 5080
3 5049 5072 5081
3 5080 5081 5072
3 5044 5073 5065
3 5049 5062 5073
3 5045 5065 5062
3 5073 5062 5065
3 5042 5075 5067
3 5044 5064 5075
3 5051 5067 5064
3 5075 5064 5067
3 5046 5077 5069
3 5042 5066 5077
3 5050 5069 5066
3 5077 5066 5069
3 5048 5079 5071
3 5046 5068 5079
3 5047 5071 5068
3 5079 5068 5071
3 5049 5081 5063
3 5048 5070 5081
3 5041 5063 5070
3 5081 5070 5063
3 5082 5094 5096
3 5093 5095 5094
3 5087 5096 5095
3 5094 5095 5096
3 5082 5096 5098
3 5087 5097 5096
3 5083 5098 5097
3 5096 5097 5098
3 5082 5098 5100
3 5083 5099 5098
3 5089 5100 5099
3 5098 5099 5100
3 5082 5100 5102
3 5089 5101 5100
3 5092 5102 5101
3 5100 5101 5102
3 5082 5102 5094
3 5092 5103 5102
3 5093 5094 5103
3 5102 5103 5094
3 5083 5097 5105
3 5087 5104 5097
3 5091 5105 5104
3 5097 5104 5105
3 5087 5095 5107
3 5093 5106 5095
3 5086 5107 5106
3 5095 5106 5107
3 5093 5103 5109
3 5092 5108 5103
3 5084 5109 5108
3 5103 5108 5109
3 5092 5101 5111
3 5089 5110 5101
3 5088 5111 5110
3 5101 5110 5111
3 5089 5099 5113
3 5083 5112 5099
3 5090 5113 5112
3 5099 5112 5113
3 5085 5114 5116
3 5091 5115 5114
3 5086 5116 5115
3 5114 5115 5116
3 5085 5116 5118
3 5086 5117 5116
3 5084 5118 5117
3 5116 5117 5118
3 5085 5118 5120
3 5084 5119 5118
3 5088 5120 5119
3 5118 5119 5120
3 5085 5120 5122
3 5088 5121 5120
3 5090 5122 5121
3 5120 5121 5122
3 5085 5122 5114
3 5090 5123 5122
3 5091 5114 5123
3 5122 5123 5114
3 5086 5115 5107
3 5091 5104 5115
3 5087 5107 5104
3 5115 5104 5107
3 5084 5117 5109
3 5086 5106 5117
3 5093 5109 5106
3 5117 5106 5109
3 5088 5119 5111
3 5084 5108 5119
3 5092 5111 5108
3 5119 5108 5111
3 5090 5121 5113
3 5088 5110 5121
3 5089 5113 5110
3 5121 5110 5113
3 5091 5123 5105
3 5090 5112 5123
3 5083 5105 5112
3 5123 5112 5105
3 5124 5136 5138
3 5135 5137 5136
3 5129 5138 5137
3 5136 5137 5138
3 5124 5138 5140
3 5129 5139 5138
3 5125 5140 5139
3 5138 5139 5140
3 5124 5140 5142
3 5125 5141 5140
3 5131 5142 5141
3 5140 5141 5142
3 5124 5142 5144
3 5131 5143 5142
3 5134 5144 5143
3 5142 5143 5144
3 5124 5144 5136
3 5134 5145 5144
3 5135 5136 5145
3 5144 5145 5136
3 5125 5139 5147
3 5129 5146 5139
3 5133 5147 5146
3 5139 5146 5147
3 5129 5137 5149
3 5135 5148 5137
3 5128 5149 5148
3 5137 5148 5149
3 5135 5145 5151
3 5134 5150 5145
3 5126 5151 5150
3 5145 5150 5151
3 5134 5143 5153
3 5131 5152 5143
3 5130 5153 5152
3 5143 5152 5153
3 5131 5141 5155
3 5125 5154 5141
3 5132 5155 5154
3 5141 5154 5155
3 5127 5156 5158
3 5133 5157 5156
3 5128 5158 5157
3 5156 5157 5158
3 5127 5158 5160
3 5128 5159 5158
3 5126 5160 5159
3 5158 5159 5160
3 5127 5160 5162
3 5126 5161 5160
3 5130 5162 5161
3 5160 5161 5162
3 5127 5162 5164
3 5130 5163 5162
3 5132 5164 5163
3 5162 5163 5164
3 5127 5164 5156
3 5132 5165 5164
3 5133 5156 5165
3 5164 5165 5156
3 5128 5157 5149
3 5133 5146 5157
3 5129 5149 5146
3 5157 5146 5149
3 5126 5159 5151
3 5128 5148 5159
3 5135 5151 5148
3 5159 5148 5151
3 5130 5161 5153
3 5126 5150 5161
3 5134 5153 5150
3 5161 5150 5153
3 5132 5163 5155
3 5130 5152 5163
3 5131 5155 5152
3 5163 5152 5155
3 5133 5165 5147
3 5132 5154 5165
3 5125 5147 5154
3 5165 5154 5147
3 5166 5178 5180
3 5177 5179 5178
3 5171 5180 5179
3 5178 5179 5180
3 5166 5180 5182
3 5171 5181 5180
3 5167 5182 5181
3 5180 5181 5182
3 5166 5182 5184
3 5167 5183 5182
3 5173 5184 5183
3 5182 5183 5184
3 5166 5184 5186
3 5173 5185 5184
3 5176 5186 5185
3 5184 5185 5186
3 5166 5186 5178
3 5176 5187 5186
3 5177 5178 5187
3 5186 5187 5178
3 5167 5181 5189
3 5171 5188 5181
3 5175 5189 5188
3 5181 5188 5189
3 5171 5179 5191
3 5177 5190 5179
3 5170 5191 5190
3 5179 5190 5191
3 5177 5187 5193
3 5176 5192 5187
3 5168 5193 5192
3 5187 5192 5193
3 5176 5185 5195
3 5173 5194 5185
3 5172 5195 5194
3 5185 5194 5195
3 5173 5183 5197
3 5167 5196 5183
3 5174 5197 5196
3 5183 5196 5197
3 5169 5198 5200
3 5175 5199 5198
3 5170 5200 5199
3 5198 5199 5200
3 5169 5200 5202
3 5170 5201 5200
3 5168 5202 5201
3 5200 5201 5202
3 5169 5202 5204
3 5168 5203 5202
3 5172 5204 5203
3 5202 5203 5204
3 5169 5204 5206
3 5172 5205 5204
3 5174 5206 5205
3 5204 5205 5206
3 5169 5206 5198
3 5174 5207 5206
3 5175 5198 5207
3 5206 5207 5198
3 5170 5199 5191
3 5175 5188 5199
3 5171 5191 5188
3 5199 5188 5191
3 5168 5201 5193
3 5170 5190 5201
3 5177 5193 5190
3 5201 5190 5193
3 5172 5203 5195
3 5168 5192 5203
3 5176 5195 5192
3 5203 5192 5195
3 5174 5205 5197
3 5172 5194 5205
3 5173 5197 5194
3 5205 5194 5197
3 5175 5207 5189
3 5174 5196 5207
3 5167 5189 5196
3 5207 5196 5189
3 5208 5220 5222
3 5219 5221 5220
3 5213 5222 5221
3 5220 5221 5222
3 5208 5222 5224
3 5213 5223 5222
3 5209 5224 5223
3 5222 5223 5224
3 5208 5224 5226
3 5209 5225 5224
3 5215 5226 5225
3 5224 5225 5226
3 5208 5226 5228
3 5215 5227 5226
3 5218 5228 5227
3 5226 5227 5228
3 5208 5228 5220
3 5218 5229 5228
3 5219 5220 5229
3 5228 5229 5220
3 5209 5223 5231
3 5213 5230 5223
3 5217 5231 5230
3 5223 5230 5231
3 5213 5221 5233
3 5219 5232 5221
3 5212 5233 5232
3 5221 5232 5233
3 5219 5229 5235
3 5218 5234 5229
3 5210 5235 5234
3 5229 5234 5235
3 5218 5227 5237
3 5215 5236 5227
3 5214 5237 5236
3 5227 5236 5237
3 5215 5225 5239
3 5209 5238 5225
3 5216 5239 5238
3 5225 5238 5239
3 5211 5240 5242
3 5217 5241 5240
3 5212 5242 5241
3 5240 5241 5242
3 5211 5242 5244
3 5212 5243 5242
3 5210 5244 5243
3 5242 5243 5244
3 5211 5244 5246
3 5210 5245 5244
3 5214 5246 5245
3 5244 5245 5246
3 5211 5246 5248
3 5214 5247 5246
3 5216 5248 5247
3 5246 5247 5248
3 5211 5248 5240
3 5216 5249 5248
3 5217 5240 5249
3 5248 5249 5240
3 5212 5241 5233
3 5217 5230 5241
3 5213 5233 5230
3 5241 5230 5233
3 5210 5243 5235
3 5212 5232 5243
3 5219 5235 5232
3 5243 5232 5235
3 5214 5245 5237
3 5210 5234 5245
3 5218 5237 5234
3 5245 5234 5237
3 5216 5247 5239
3 5214 5236 5247
3 5215 5239 5236
3 5247 5236 5239
3 5217 5249 5231
3 5216 5238 5249
3 5209 5231 5238
3 5249 5238 5231
