ply
format ascii 1.0
element vertex 4494
property float x
property float y
property float z
property uchar red
property uchar green
property uchar blue
element face 8560
property list uchar int vertex_indices
end_header
-0.167471 -0.072741 0.433453 255 0 0
-0.177782 -0.071783 0.441333 255 0 0
-0.170731 -0.093183 0.431672 255 0 0
-0.181042 -0.092225 0.439552 255 0 0
-0.178582 -0.087883 0.431499 255 0 0
-0.176567 -0.075249 0.432600 255 0 0
-0.171946 -0.089717 0.440406 255 0 0
-0.169931 -0.077084 0.441506 255 0 0
-0.180547 -0.082275 0.445630 255 0 0
-0.184649 -0.081141 0.440125 255 0 0
-0.163864 -0.083825 0.432880 255 0 0
-0.167966 -0.082691 0.427376 255 0 0
-0.166571 -0.076879 0.429346 255 0 0
-0.171917 -0.078353 0.428844 255 0 0
-0.171626 -0.072505 0.432416 255 0 0
-0.177687 -0.071942 0.437048 255 0 0
-0.172340 -0.070468 0.437550 255 0 0
-0.173786 -0.073020 0.442283 255 0 0
-0.167726 -0.073583 0.437652 255 0 0
-0.165606 -0.080098 0.437315 255 0 0
-0.164160 -0.077546 0.432581 255 0 0
-0.164451 -0.083394 0.429009 255 0 0
-0.181723 -0.077442 0.436338 255 0 0
-0.182437 -0.075405 0.441471 255 0 0
-0.173101 -0.085779 0.428197 255 0 0
-0.178157 -0.081405 0.431267 255 0 0
-0.166076 -0.089561 0.431534 255 0 0
-0.168487 -0.088894 0.428299 255 0 0
-0.170356 -0.083561 0.441738 255 0 0
-0.166790 -0.087524 0.436668 255 0 0
-0.180026 -0.076072 0.444707 255 0 0
-0.175412 -0.079187 0.444808 255 0 0
-0.184353 -0.087420 0.440424 255 0 0
-0.182907 -0.084868 0.435691 255 0 0
-0.180788 -0.091383 0.435354 255 0 0
-0.174727 -0.091946 0.430722 255 0 0
-0.176173 -0.094498 0.435456 255 0 0
-0.170826 -0.093024 0.435957 255 0 0
-0.176887 -0.092461 0.440589 255 0 0
-0.176596 -0.086613 0.444161 255 0 0
-0.181943 -0.088087 0.443660 255 0 0
-0.184063 -0.081572 0.443996 255 0 0
-0.175159 0.094655 0.433043 255 0 0
-0.185749 0.094629 0.440834 255 0 0
-0.173007 0.074774 0.435902 255 0 0
-0.183597 0.074748 0.443693 255 0 0
-0.182053 0.077543 0.434708 255 0 0
-0.183383 0.089830 0.432941 255 0 0
-0.175373 0.079573 0.443795 255 0 0
-0.176703 0.091860 0.442028 255 0 0
-0.185882 0.085308 0.447479 255 0 0
-0.190010 0.084054 0.441863 255 0 0
-0.168746 0.085350 0.434873 255 0 0
-0.172875 0.084095 0.429257 255 0 0
-0.173076 0.090196 0.429882 255 0 0
-0.177910 0.087360 0.429823 255 0 0
-0.179252 0.093567 0.432048 255 0 0
-0.185477 0.093551 0.436627 255 0 0
-0.180643 0.096387 0.436687 255 0 0
-0.181551 0.094745 0.441968 255 0 0
-0.175326 0.094760 0.437389 255 0 0
-0.171557 0.089290 0.438465 255 0 0
-0.170649 0.090933 0.433183 255 0 0
-0.169306 0.084726 0.430958 255 0 0
-0.187982 0.087335 0.437232 255 0 0
-0.189372 0.090156 0.441872 255 0 0
-0.177128 0.080138 0.430861 255 0 0
-0.183305 0.083509 0.433027 255 0 0
-0.169384 0.079248 0.434864 255 0 0
-0.171811 0.078510 0.431563 255 0 0
-0.175452 0.085895 0.443709 255 0 0
-0.170775 0.082068 0.439503 255 0 0
-0.186946 0.090893 0.445173 255 0 0
-0.181629 0.089266 0.445874 255 0 0
-0.188108 0.078470 0.443552 255 0 0
-0.187200 0.080113 0.438271 255 0 0
-0.183431 0.074644 0.439347 255 0 0
-0.177206 0.074659 0.434767 255 0 0
-0.178113 0.073016 0.440048 255 0 0
-0.173279 0.075852 0.440108 255 0 0
-0.179504 0.075837 0.444688 255 0 0
-0.180847 0.082044 0.446913 255 0 0
-0.185681 0.079208 0.446853 255 0 0
-0.189450 0.084677 0.445777 255 0 0
-0.135477 0.091763 0.419169 255 0 0
-0.145466 0.090984 0.426377 255 0 0
-0.132365 0.071585 0.421302 255 0 0
-0.142354 0.070806 0.428510 255 0 0
-0.141362 0.074012 0.419663 255 0 0
-0.143286 0.086483 0.418345 255 0 0
-0.134545 0.076086 0.429334 255 0 0
-0.136469 0.088556 0.428016 255 0 0
-0.144890 0.081295 0.432659 255 0 0
-0.149103 0.080014 0.426683 255 0 0
-0.128728 0.082555 0.420996 255 0 0
-0.132941 0.081273 0.415020 255 0 0
-0.133383 0.087437 0.415910 255 0 0
-0.137973 0.084334 0.415426 255 0 0
-0.139463 0.090499 0.417865 255 0 0
-0.145334 0.090041 0.422102 255 0 0
-0.140745 0.093145 0.422586 255 0 0
-0.141327 0.091260 0.427786 255 0 0
-0.135456 0.091718 0.423549 255 0 0
-0.131489 0.086306 0.424623 255 0 0
-0.130907 0.088190 0.419423 255 0 0
-0.129416 0.082025 0.416984 255 0 0
-0.147472 0.083593 0.422281 255 0 0
-0.148754 0.086239 0.427002 255 0 0
-0.136842 0.077003 0.416201 255 0 0
-0.142922 0.080065 0.418155 255 0 0
-0.129077 0.076330 0.420677 255 0 0
-0.131554 0.075577 0.417164 255 0 0
-0.134908 0.082503 0.429524 255 0 0
-0.130359 0.078976 0.425398 255 0 0
-0.146277 0.086992 0.430515 255 0 0
-0.140989 0.085565 0.431478 255 0 0
-0.146924 0.074378 0.428256 255 0 0
-0.146342 0.076263 0.423056 255 0 0
-0.142375 0.070851 0.424130 255 0 0
-0.136504 0.071308 0.419893 255 0 0
-0.137086 0.069424 0.425093 255 0 0
-0.132497 0.072527 0.425577 255 0 0
-0.138368 0.072070 0.429814 255 0 0
-0.139858 0.078235 0.432253 255 0 0
-0.144448 0.075132 0.431769 255 0 0
-0.148415 0.080544 0.430695 255 0 0
-0.093449 -0.062623 0.412034 255 0 0
-0.102716 -0.063212 0.418641 255 0 0
-0.094891 -0.084324 0.408076 255 0 0
-0.104159 -0.084914 0.414684 255 0 0
-0.102742 -0.079367 0.407335 255 0 0
-0.101851 -0.065955 0.409781 255 0 0
-0.095756 -0.081582 0.416936 255 0 0
-0.094865 -0.068170 0.419382 255 0 0
-0.104142 -0.074930 0.421672 255 0 0
-0.108460 -0.073561 0.415738 255 0 0
-0.089147 -0.073976 0.410980 255 0 0
-0.093465 -0.072607 0.405046 255 0 0
-0.092518 -0.066535 0.407694 255 0 0
-0.097457 -0.068493 0.406370 255 0 0
-0.097447 -0.062625 0.410477 255 0 0
-0.102895 -0.062971 0.414361 255 0 0
-0.097956 -0.061013 0.415685 255 0 0
-0.098788 -0.064273 0.420004 255 0 0
-0.093341 -0.063927 0.416120 255 0 0
-0.090812 -0.070600 0.415501 255 0 0
-0.089980 -0.067340 0.411182 255 0 0
-0.089989 -0.073208 0.407074 255 0 0
-0.106271 -0.069053 0.412654 255 0 0
-0.106780 -0.067442 0.417862 255 0 0
-0.097981 -0.076377 0.404932 255 0 0
-0.102910 -0.072466 0.407715 255 0 0
-0.090827 -0.080095 0.408855 255 0 0
-0.093365 -0.079291 0.405367 255 0 0
-0.094697 -0.075070 0.419002 255 0 0
-0.091336 -0.078483 0.414063 255 0 0
-0.104242 -0.068246 0.421350 255 0 0
-0.099627 -0.071160 0.421785 255 0 0
-0.107627 -0.080197 0.415536 255 0 0
-0.106795 -0.076937 0.411216 255 0 0
-0.104266 -0.083610 0.410597 255 0 0
-0.098819 -0.083264 0.406713 255 0 0
-0.099651 -0.086524 0.411033 255 0 0
-0.094712 -0.084566 0.412357 255 0 0
-0.100160 -0.084912 0.416241 255 0 0
-0.100150 -0.079044 0.420348 255 0 0
-0.105089 -0.081002 0.419024 255 0 0
-0.107618 -0.074329 0.419643 255 0 0
-0.095202 -0.000892 0.427767 255 0 0
-0.102023 -0.001802 0.433102 255 0 0
-0.094657 -0.025826 0.424212 255 0 0
-0.101479 -0.026735 0.429547 255 0 0
-0.102481 -0.020844 0.422165 255 0 0
-0.102817 -0.005434 0.424362 255 0 0
-0.093863 -0.022194 0.432952 255 0 0
-0.094200 -0.006784 0.435150 255 0 0
-0.101196 -0.014967 0.436307 255 0 0
-0.106522 -0.014133 0.429640 255 0 0
-0.090158 -0.013495 0.427674 255 0 0
-0.095484 -0.012661 0.421007 255 0 0
-0.094817 -0.005541 0.423637 255 0 0
-0.099293 -0.008210 0.421636 255 0 0
-0.099127 -0.001293 0.425609 255 0 0
-0.103137 -0.001828 0.428745 255 0 0
-0.098660 0.000842 0.430747 255 0 0
-0.098071 -0.002621 0.435086 255 0 0
-0.094062 -0.002086 0.431950 255 0 0
-0.091097 -0.009494 0.431896 255 0 0
-0.091686 -0.006031 0.427556 255 0 0
-0.091852 -0.012948 0.423583 255 0 0
-0.105781 -0.009075 0.426710 255 0 0
-0.105314 -0.006941 0.431848 255 0 0
-0.099095 -0.017268 0.420344 255 0 0
-0.103405 -0.013020 0.422316 255 0 0
-0.091366 -0.020687 0.425466 255 0 0
-0.094497 -0.020196 0.421548 255 0 0
-0.093275 -0.014607 0.434998 255 0 0
-0.090899 -0.018552 0.430604 255 0 0
-0.102184 -0.007431 0.435767 255 0 0
-0.097585 -0.010359 0.436970 255 0 0
-0.104994 -0.021596 0.429758 255 0 0
-0.105583 -0.018133 0.425419 255 0 0
-0.102619 -0.025541 0.425364 255 0 0
-0.098609 -0.025006 0.422228 255 0 0
-0.098020 -0.028469 0.426567 255 0 0
-0.093544 -0.025800 0.428569 255 0 0
-0.097553 -0.026335 0.431705 255 0 0
-0.097387 -0.019417 0.435678 255 0 0
-0.101864 -0.022087 0.433677 255 0 0
-0.104828 -0.014679 0.433731 255 0 0
-0.176473 -0.041340 0.443592 255 0 0
-0.186227 -0.040714 0.452327 255 0 0
-0.178151 -0.061952 0.443195 255 0 0
-0.187906 -0.061326 0.451931 255 0 0
-0.186429 -0.057319 0.443456 255 0 0
-0.185392 -0.044580 0.443701 255 0 0
-0.178986 -0.058086 0.451822 255 0 0
-0.177949 -0.045347 0.452067 255 0 0
-0.187781 -0.051063 0.457414 255 0 0
-0.192381 -0.050590 0.452244 255 0 0
-0.171998 -0.052077 0.443279 255 0 0
-0.176598 -0.051603 0.438109 255 0 0
-0.175543 -0.045618 0.439637 255 0 0
-0.180785 -0.047522 0.439701 255 0 0
-0.180712 -0.041490 0.442924 255 0 0
-0.186445 -0.041122 0.448059 255 0 0
-0.181203 -0.039217 0.447994 255 0 0
-0.182071 -0.041573 0.452976 255 0 0
-0.176337 -0.041941 0.447841 255 0 0
-0.173707 -0.048252 0.447657 255 0 0
-0.172839 -0.045896 0.442676 255 0 0
-0.172912 -0.051929 0.439453 255 0 0
-0.190062 -0.046927 0.448009 255 0 0
-0.190553 -0.044654 0.453080 255 0 0
-0.181395 -0.055010 0.439557 255 0 0
-0.186564 -0.050882 0.442844 255 0 0
-0.173825 -0.058012 0.442443 255 0 0
-0.176529 -0.057734 0.439404 255 0 0
-0.177814 -0.051784 0.452679 255 0 0
-0.174316 -0.055739 0.447513 255 0 0
-0.187849 -0.044933 0.456119 255 0 0
-0.182984 -0.047656 0.455966 255 0 0
-0.191540 -0.056770 0.452847 255 0 0
-0.190672 -0.054415 0.447865 255 0 0
-0.188041 -0.060726 0.447682 255 0 0
-0.182308 -0.061094 0.442547 255 0 0
-0.183176 -0.063449 0.447529 255 0 0
-0.177933 -0.061544 0.447464 255 0 0
-0.183667 -0.061176 0.452599 255 0 0
-0.183593 -0.055144 0.455822 255 0 0
-0.188836 -0.057048 0.455886 255 0 0
-0.191466 -0.050738 0.456070 255 0 0
-0.156050 0.054413 0.434062 255 0 0
-0.166188 0.052289 0.441463 255 0 0
-0.152040 0.033618 0.433591 255 0 0
-0.162177 0.031495 0.440991 255 0 0
-0.161116 0.036007 0.432791 255 0 0
-0.163595 0.048859 0.433082 255 0 0
-0.154633 0.037049 0.441971 255 0 0
-0.157112 0.049901 0.442262 255 0 0
-0.165312 0.041558 0.446350 255 0 0
-0.169319 0.040914 0.440677 255 0 0
-0.148909 0.044994 0.434376 255 0 0
-0.152916 0.044349 0.428703 255 0 0
-0.153670 0.050509 0.430304 255 0 0
-0.158104 0.047245 0.429728 255 0 0
-0.159947 0.053160 0.432878 255 0 0
-0.165906 0.051912 0.437228 255 0 0
-0.161471 0.055176 0.437804 255 0 0
-0.162095 0.052524 0.442624 255 0 0
-0.156136 0.053772 0.438274 255 0 0
-0.151939 0.048236 0.438458 255 0 0
-0.151315 0.050888 0.433639 255 0 0
-0.149472 0.044973 0.430488 255 0 0
-0.167746 0.045226 0.436766 255 0 0
-0.169270 0.047242 0.441692 255 0 0
-0.156647 0.039691 0.429557 255 0 0
-0.162924 0.042341 0.432131 255 0 0
-0.148957 0.038666 0.433361 255 0 0
-0.151313 0.038287 0.430027 255 0 0
-0.155303 0.043567 0.442922 255 0 0
-0.150482 0.040682 0.438287 255 0 0
-0.166915 0.047621 0.445027 255 0 0
-0.161580 0.046217 0.445497 255 0 0
-0.166913 0.035020 0.441415 255 0 0
-0.166289 0.037672 0.436595 255 0 0
-0.162091 0.032135 0.436779 255 0 0
-0.156132 0.033383 0.432430 255 0 0
-0.156756 0.030731 0.437249 255 0 0
-0.152322 0.033996 0.437825 255 0 0
-0.158281 0.032748 0.442175 255 0 0
-0.160123 0.038663 0.445325 255 0 0
-0.164558 0.035398 0.444749 255 0 0
-0.168755 0.040935 0.444565 255 0 0
-0.157089 -0.023721 0.431156 255 0 0
-0.167376 -0.022409 0.438671 255 0 0
-0.159997 -0.044614 0.430822 255 0 0
-0.170284 -0.043302 0.438337 255 0 0
-0.167849 -0.039440 0.430083 255 0 0
-0.166051 -0.026528 0.430290 255 0 0
-0.161321 -0.040495 0.439203 255 0 0
-0.159524 -0.027582 0.439409 255 0 0
-0.169992 -0.032776 0.443644 255 0 0
-0.174026 -0.032124 0.438008 255 0 0
-0.153347 -0.034898 0.431484 255 0 0
-0.157381 -0.034247 0.425848 255 0 0
-0.156102 -0.028189 0.427406 255 0 0
-0.161370 -0.029839 0.426897 255 0 0
-0.161198 -0.023652 0.430016 255 0 0
-0.167245 -0.022881 0.434434 255 0 0
-0.161977 -0.021231 0.434943 255 0 0
-0.163408 -0.023501 0.439794 255 0 0
-0.157362 -0.024272 0.435377 255 0 0
-0.155162 -0.030842 0.435570 255 0 0
-0.153731 -0.028572 0.430719 255 0 0
-0.153903 -0.034759 0.427599 255 0 0
-0.171154 -0.028591 0.434044 255 0 0
-0.171932 -0.026170 0.438970 255 0 0
-0.162427 -0.037429 0.426776 255 0 0
-0.167523 -0.032892 0.429386 255 0 0
-0.155440 -0.040852 0.430522 255 0 0
-0.157811 -0.040469 0.427210 255 0 0
-0.159850 -0.034131 0.440106 255 0 0
-0.156219 -0.038431 0.435448 255 0 0
-0.169561 -0.026553 0.442283 255 0 0
-0.164946 -0.029594 0.442717 255 0 0
-0.173642 -0.038451 0.438774 255 0 0
-0.172210 -0.036181 0.433923 255 0 0
-0.170011 -0.042751 0.434116 255 0 0
-0.163964 -0.043522 0.429699 255 0 0
-0.165396 -0.045792 0.434550 255 0 0
-0.160127 -0.044142 0.435059 255 0 0
-0.166174 -0.043371 0.439476 255 0 0
-0.166002 -0.037184 0.442596 255 0 0
-0.171270 -0.038834 0.442087 255 0 0
-0.173470 -0.032264 0.441893 255 0 0
-0.182558 0.029490 0.455066 255 0 0
-0.191168 0.031127 0.464480 255 0 0
-0.183137 0.008717 0.458150 255 0 0
-0.191747 0.010354 0.467564 255 0 0
-0.191512 0.013063 0.458521 255 0 0
-0.191154 0.025901 0.456615 255 0 0
-0.183151 0.013942 0.466015 255 0 0
-0.182793 0.026781 0.464109 255 0 0
-0.191534 0.021518 0.471246 255 0 0
-0.196702 0.020975 0.466614 255 0 0
-0.177603 0.018869 0.456015 255 0 0
-0.182771 0.018325 0.451384 255 0 0
-0.181877 0.024607 0.451805 255 0 0
-0.186929 0.022498 0.452715 255 0 0
-0.186804 0.029060 0.454879 255 0 0
-0.191865 0.030023 0.460412 255 0 0
-0.186812 0.032132 0.459502 255 0 0
-0.186950 0.030540 0.464818 255 0 0
-0.181890 0.029577 0.459285 255 0 0
-0.178977 0.023335 0.459843 255 0 0
-0.178839 0.024927 0.454527 255 0 0
-0.178964 0.018365 0.452362 255 0 0
-0.195118 0.024055 0.461667 255 0 0
-0.195126 0.027127 0.466290 255 0 0
-0.187140 0.014952 0.453835 255 0 0
-0.192067 0.019405 0.456910 255 0 0
-0.179179 0.012717 0.456340 255 0 0
-0.182217 0.012397 0.453617 255 0 0
-0.182238 0.020439 0.465720 255 0 0
-0.179187 0.015788 0.460963 255 0 0
-0.192088 0.027447 0.469013 255 0 0
-0.187165 0.024892 0.468795 255 0 0
-0.195466 0.014917 0.468103 255 0 0
-0.195328 0.016509 0.462787 255 0 0
-0.192415 0.010266 0.463345 255 0 0
-0.187355 0.009304 0.457812 255 0 0
-0.187493 0.007712 0.463128 255 0 0
-0.182440 0.009821 0.462218 255 0 0
-0.187501 0.010783 0.467751 255 0 0
-0.187376 0.017346 0.469915 255 0 0
-0.192428 0.015236 0.470825 255 0 0
-0.195341 0.021479 0.470268 255 0 0
-0.131215 -0.069801 0.415047 255 0 0
-0.141291 -0.067455 0.422493 255 0 0
-0.136275 -0.090138 0.414608 255 0 0
-0.146351 -0.087791 0.422054 255 0 0
-0.143553 -0.084183 0.413794 255 0 0
-0.140425 -0.071614 0.414065 255 0 0
-0.137141 -0.085978 0.423036 255 0 0
-0.134013 -0.073409 0.423307 255 0 0
-0.144953 -0.077452 0.427430 255 0 0
-0.148916 -0.076343 0.421718 255 0 0
-0.128650 -0.081249 0.415383 255 0 0
-0.132613 -0.080140 0.409671 255 0 0
-0.130708 -0.074299 0.411272 255 0 0
-0.136121 -0.075364 0.410695 255 0 0
-0.135300 -0.069287 0.413855 255 0 0
-0.141222 -0.067908 0.418231 255 0 0
-0.135808 -0.066843 0.418809 255 0 0
-0.137453 -0.068963 0.423664 255 0 0
-0.131531 -0.070343 0.419287 255 0 0
-0.130024 -0.077072 0.419485 255 0 0
-0.128379 -0.074951 0.414629 255 0 0
-0.129200 -0.081028 0.411469 255 0 0
-0.145704 -0.073133 0.417776 255 0 0
-0.146213 -0.070688 0.422730 255 0 0
-0.137960 -0.082752 0.410535 255 0 0
-0.142552 -0.077741 0.413118 255 0 0
-0.131353 -0.086904 0.414371 255 0 0
-0.133682 -0.086252 0.411014 255 0 0
-0.135014 -0.079851 0.423983 255 0 0
-0.131862 -0.084459 0.419325 255 0 0
-0.143884 -0.071340 0.426087 255 0 0
-0.139606 -0.074840 0.426566 255 0 0
-0.149187 -0.082641 0.422472 255 0 0
-0.147542 -0.080521 0.417617 255 0 0
-0.146035 -0.087250 0.417814 255 0 0
-0.140113 -0.088629 0.413437 255 0 0
-0.141758 -0.090750 0.418292 255 0 0
-0.136344 -0.089684 0.418870 255 0 0
-0.142266 -0.088305 0.423246 255 0 0
-0.141445 -0.082228 0.426406 255 0 0
-0.146858 -0.083294 0.425829 255 0 0
-0.148366 -0.076564 0.425632 255 0 0
-0.166221 0.059102 0.438342 255 0 0
-0.176636 0.058024 0.445918 255 0 0
-0.163522 0.038376 0.439104 255 0 0
-0.173937 0.037299 0.446679 255 0 0
-0.172498 0.041205 0.438189 255 0 0
-0.174166 0.054014 0.437719 255 0 0
-0.165992 0.042387 0.447303 255 0 0
-0.167660 0.055196 0.446832 255 0 0
-0.176494 0.047694 0.451456 255 0 0
-0.180515 0.046963 0.445823 255 0 0
-0.159643 0.049438 0.439198 255 0 0
-0.163664 0.048707 0.433566 255 0 0
-0.164041 0.054906 0.434803 255 0 0
-0.168711 0.051915 0.434437 255 0 0
-0.170214 0.058025 0.437244 255 0 0
-0.176335 0.057392 0.441697 255 0 0
-0.171665 0.060383 0.442063 255 0 0
-0.172511 0.058087 0.447053 255 0 0
-0.166389 0.058720 0.442601 255 0 0
-0.162523 0.053040 0.443104 255 0 0
-0.161677 0.055335 0.438114 255 0 0
-0.160174 0.049225 0.435306 255 0 0
-0.178616 0.050890 0.441641 255 0 0
-0.180067 0.053247 0.446460 255 0 0
-0.167730 0.044386 0.434713 255 0 0
-0.173903 0.047506 0.437154 255 0 0
-0.160091 0.043153 0.438561 255 0 0
-0.162454 0.042724 0.435251 255 0 0
-0.166254 0.048895 0.447867 255 0 0
-0.161542 0.045510 0.443380 255 0 0
-0.177703 0.053677 0.449771 255 0 0
-0.172427 0.052014 0.450308 255 0 0
-0.178481 0.041065 0.446908 255 0 0
-0.177635 0.043361 0.441918 255 0 0
-0.173769 0.037681 0.442421 255 0 0
-0.167647 0.038314 0.437968 255 0 0
-0.168493 0.036018 0.442958 255 0 0
-0.163823 0.039009 0.443325 255 0 0
-0.169944 0.038375 0.447778 255 0 0
-0.171447 0.044485 0.450585 255 0 0
-0.176117 0.041495 0.450219 255 0 0
-0.179984 0.047175 0.449715 255 0 0
-0.128989 -0.001150 0.423661 255 0 0
-0.136624 -0.002730 0.429385 255 0 0
-0.126460 -0.024826 0.420502 255 0 0
-0.134094 -0.026405 0.426225 255 0 0
-0.134722 -0.020822 0.418758 255 0 0
-0.136285 -0.006190 0.420710 255 0 0
-0.126798 -0.021366 0.429176 255 0 0
-0.128362 -0.006734 0.431129 255 0 0
-0.135270 -0.015224 0.432794 255 0 0
-0.140167 -0.014888 0.426354 255 0 0
-0.122917 -0.012668 0.423532 255 0 0
-0.127814 -0.012332 0.417093 255 0 0
-0.127850 -0.005506 0.419576 255 0 0
-0.132139 -0.008468 0.417841 255 0 0
-0.132830 -0.001896 0.421702 255 0 0
-0.137317 -0.002824 0.425066 255 0 0
-0.133029 0.000138 0.426801 255 0 0
-0.132660 -0.003144 0.431190 255 0 0
-0.128172 -0.002215 0.427826 255 0 0
-0.124603 -0.008985 0.427750 255 0 0
-0.124972 -0.005703 0.423360 255 0 0
-0.124281 -0.012276 0.419500 255 0 0
-0.139400 -0.009970 0.423285 255 0 0
-0.139599 -0.007937 0.428384 255 0 0
-0.131220 -0.017068 0.416693 255 0 0
-0.136199 -0.013458 0.418819 255 0 0
-0.123485 -0.019619 0.421503 255 0 0
-0.126363 -0.019422 0.417718 255 0 0
-0.126884 -0.014098 0.431067 255 0 0
-0.123684 -0.017586 0.426602 255 0 0
-0.136720 -0.008134 0.432168 255 0 0
-0.131864 -0.010487 0.433193 255 0 0
-0.138112 -0.021853 0.426526 255 0 0
-0.138481 -0.018571 0.422137 255 0 0
-0.134911 -0.025341 0.422061 255 0 0
-0.130424 -0.024412 0.418697 255 0 0
-0.130055 -0.027694 0.423086 255 0 0
-0.125766 -0.024732 0.424821 255 0 0
-0.130254 -0.025660 0.428185 255 0 0
-0.130945 -0.019088 0.432046 255 0 0
-0.135233 -0.022050 0.430311 255 0 0
-0.138803 -0.015280 0.430387 255 0 0
-0.122431 -0.043613 0.419777 255 0 0
-0.131579 -0.042065 0.426496 255 0 0
-0.126956 -0.065324 0.418619 255 0 0
-0.136104 -0.063776 0.425338 255 0 0
-0.134054 -0.059440 0.417365 255 0 0
-0.131257 -0.046022 0.418080 255 0 0
-0.127278 -0.061368 0.427035 255 0 0
-0.124482 -0.047950 0.427750 255 0 0
-0.134575 -0.053038 0.430981 255 0 0
-0.138762 -0.051846 0.425005 255 0 0
-0.119773 -0.055543 0.420110 255 0 0
-0.123961 -0.054352 0.414134 255 0 0
-0.122130 -0.048155 0.415972 255 0 0
-0.127318 -0.049571 0.414975 255 0 0
-0.126419 -0.043259 0.418292 255 0 0
-0.131796 -0.042349 0.422241 255 0 0
-0.126608 -0.040933 0.423238 255 0 0
-0.127813 -0.043482 0.427924 255 0 0
-0.122436 -0.044392 0.423975 255 0 0
-0.120874 -0.051404 0.424171 255 0 0
-0.119669 -0.048856 0.419485 255 0 0
-0.120568 -0.055167 0.416168 255 0 0
-0.136018 -0.048098 0.421364 255 0 0
-0.136207 -0.045773 0.426311 255 0 0
-0.128961 -0.057458 0.414554 255 0 0
-0.133250 -0.052562 0.416874 255 0 0
-0.122328 -0.061617 0.418804 255 0 0
-0.124790 -0.060917 0.415292 255 0 0
-0.125285 -0.054828 0.428241 255 0 0
-0.122518 -0.059291 0.423751 255 0 0
-0.133746 -0.046473 0.429823 255 0 0
-0.129574 -0.049932 0.430561 255 0 0
-0.138867 -0.058534 0.425630 255 0 0
-0.137662 -0.055985 0.420944 255 0 0
-0.136099 -0.062997 0.421140 255 0 0
-0.130722 -0.063907 0.417191 255 0 0
-0.131927 -0.066456 0.421877 255 0 0
-0.126740 -0.065040 0.422874 255 0 0
-0.132117 -0.064130 0.426823 255 0 0
-0.131218 -0.057819 0.430140 255 0 0
-0.136405 -0.059234 0.429143 255 0 0
-0.137968 -0.052222 0.428947 255 0 0
-0.159229 0.026467 0.439835 255 0 0
-0.169538 0.028007 0.447246 255 0 0
-0.161462 0.005735 0.441038 255 0 0
-0.171771 0.007275 0.448449 255 0 0
-0.169506 0.010553 0.439882 255 0 0
-0.168126 0.023366 0.439139 255 0 0
-0.162874 0.010376 0.449145 255 0 0
-0.161494 0.023189 0.448402 255 0 0
-0.171790 0.018062 0.453000 255 0 0
-0.175889 0.018172 0.447275 255 0 0
-0.155111 0.015570 0.441009 255 0 0
-0.159210 0.015680 0.435284 255 0 0
-0.158117 0.021811 0.436404 255 0 0
-0.163346 0.019988 0.435995 255 0 0
-0.163358 0.026329 0.438670 255 0 0
-0.169417 0.027234 0.443026 255 0 0
-0.164188 0.029056 0.443435 255 0 0
-0.165519 0.027130 0.448471 255 0 0
-0.159459 0.026225 0.444114 255 0 0
-0.157038 0.019820 0.444804 255 0 0
-0.155707 0.021747 0.439769 255 0 0
-0.155696 0.015406 0.437094 255 0 0
-0.173150 0.021453 0.443043 255 0 0
-0.173980 0.024181 0.447809 255 0 0
-0.164157 0.012457 0.436432 255 0 0
-0.169398 0.016975 0.438698 255 0 0
-0.157020 0.009561 0.440476 255 0 0
-0.159429 0.009625 0.437111 255 0 0
-0.161602 0.016767 0.449586 255 0 0
-0.157850 0.012289 0.445241 255 0 0
-0.171571 0.024116 0.451173 255 0 0
-0.166843 0.021285 0.451852 255 0 0
-0.175293 0.011995 0.448515 255 0 0
-0.173962 0.013922 0.443480 255 0 0
-0.171541 0.007517 0.444170 255 0 0
-0.165481 0.006612 0.439814 255 0 0
-0.166812 0.004685 0.444849 255 0 0
-0.161583 0.006508 0.445258 255 0 0
-0.167642 0.007413 0.449614 255 0 0
-0.167654 0.013753 0.452289 255 0 0
-0.172883 0.011931 0.451880 255 0 0
-0.175304 0.018336 0.451190 255 0 0
-0.070908 0.013193 0.423482 255 0 0
-0.080250 0.013598 0.430744 255 0 0
-0.073501 -0.008494 0.421356 255 0 0
-0.082843 -0.008089 0.428618 255 0 0
-0.081208 -0.003277 0.420802 255 0 0
-0.079605 0.010126 0.422116 255 0 0
-0.074146 -0.005022 0.429984 255 0 0
-0.072543 0.008381 0.431298 255 0 0
-0.082251 0.002341 0.434762 255 0 0
-0.086615 0.003419 0.429088 255 0 0
-0.067136 0.001685 0.423012 255 0 0
-0.071500 0.002763 0.417338 255 0 0
-0.070209 0.008931 0.419419 255 0 0
-0.075321 0.007128 0.418617 255 0 0
-0.074973 0.013258 0.422228 255 0 0
-0.080463 0.013497 0.426497 255 0 0
-0.075351 0.015299 0.427299 255 0 0
-0.076312 0.012471 0.431893 255 0 0
-0.070822 0.012233 0.427625 255 0 0
-0.068604 0.005469 0.427349 255 0 0
-0.067643 0.008297 0.422755 255 0 0
-0.067991 0.002167 0.419143 255 0 0
-0.084205 0.007513 0.425523 255 0 0
-0.084584 0.009554 0.430595 255 0 0
-0.076263 -0.000750 0.417844 255 0 0
-0.081027 0.003577 0.420653 255 0 0
-0.069167 -0.004450 0.421505 255 0 0
-0.071733 -0.003816 0.418170 255 0 0
-0.072725 0.001527 0.431447 255 0 0
-0.069546 -0.002409 0.426577 255 0 0
-0.082018 0.008921 0.433930 255 0 0
-0.077489 0.005854 0.434256 255 0 0
-0.086108 -0.003193 0.429345 255 0 0
-0.085147 -0.000365 0.424751 255 0 0
-0.082930 -0.007129 0.424475 255 0 0
-0.077439 -0.007367 0.420206 255 0 0
-0.078400 -0.010195 0.424800 255 0 0
-0.073288 -0.008392 0.425603 255 0 0
-0.078779 -0.008154 0.429872 255 0 0
-0.078431 -0.002024 0.433483 255 0 0
-0.083543 -0.003827 0.432680 255 0 0
-0.085760 0.002937 0.432957 255 0 0
-0.067064 0.014680 0.420950 255 0 0
-0.076698 0.015148 0.428098 255 0 0
-0.069738 -0.006745 0.418747 255 0 0
-0.079372 -0.006277 0.425895 255 0 0
-0.077454 -0.001515 0.418087 255 0 0
-0.075802 0.011726 0.419448 255 0 0
-0.070634 -0.003323 0.427397 255 0 0
-0.068982 0.009918 0.428758 255 0 0
-0.078904 0.004021 0.432082 255 0 0
-0.083119 0.005138 0.426329 255 0 0
-0.063317 0.003264 0.420516 255 0 0
-0.067532 0.004382 0.414763 255 0 0
-0.066259 0.010467 0.416879 255 0 0
-0.071394 0.008730 0.415997 255 0 0
-0.071119 0.014783 0.419633 255 0 0
-0.076782 0.015058 0.423835 255 0 0
-0.071646 0.016795 0.424717 255 0 0
-0.072773 0.013995 0.429307 255 0 0
-0.067111 0.013721 0.425105 255 0 0
-0.064908 0.007011 0.424850 255 0 0
-0.063781 0.009810 0.420261 255 0 0
-0.064056 0.003757 0.416624 255 0 0
-0.080556 0.009175 0.422795 255 0 0
-0.081083 0.011186 0.427879 255 0 0
-0.072366 0.000947 0.415196 255 0 0
-0.077227 0.005264 0.417951 255 0 0
-0.065353 -0.002783 0.418966 255 0 0
-0.067830 -0.002127 0.415584 255 0 0
-0.069209 0.003139 0.428894 255 0 0
-0.065880 -0.000772 0.424050 255 0 0
-0.078605 0.010529 0.431261 255 0 0
-0.074070 0.007455 0.431649 255 0 0
-0.082655 -0.001407 0.426584 255 0 0
-0.081528 0.001392 0.421995 255 0 0
-0.079325 -0.005318 0.421740 255 0 0
-0.073663 -0.005593 0.417538 255 0 0
-0.074790 -0.008392 0.422128 255 0 0
-0.069654 -0.006656 0.423010 255 0 0
-0.075317 -0.006381 0.427212 255 0 0
-0.075042 -0.000328 0.430848 255 0 0
-0.080177 -0.002064 0.429966 255 0 0
-0.082380 0.004646 0.430221 255 0 0
-0.137931 0.033351 0.428778 255 0 0
-0.146926 0.033117 0.435276 255 0 0
-0.138184 0.010984 0.427622 255 0 0
-0.147179 0.010750 0.434119 255 0 0
-0.146219 0.015435 0.426139 255 0 0
-0.146062 0.029259 0.426854 255 0 0
-0.139048 0.014842 0.436044 255 0 0
-0.138892 0.028666 0.436758 255 0 0
-0.147617 0.021678 0.439766 255 0 0
-0.152048 0.022044 0.433645 255 0 0
-0.133062 0.022056 0.429252 255 0 0
-0.137494 0.022423 0.423131 255 0 0
-0.136862 0.028912 0.424990 255 0 0
-0.141642 0.026506 0.423859 255 0 0
-0.141899 0.032930 0.427178 255 0 0
-0.147186 0.032792 0.430997 255 0 0
-0.142406 0.035198 0.432128 255 0 0
-0.142971 0.032444 0.436819 255 0 0
-0.137684 0.032581 0.433000 255 0 0
-0.134822 0.025942 0.433279 255 0 0
-0.134257 0.028696 0.428588 255 0 0
-0.134001 0.022273 0.425269 255 0 0
-0.150196 0.026284 0.430039 255 0 0
-0.150704 0.028552 0.434989 255 0 0
-0.141734 0.018381 0.423439 255 0 0
-0.146770 0.022399 0.425627 255 0 0
-0.134406 0.015549 0.427908 255 0 0
-0.137011 0.015764 0.424310 255 0 0
-0.138341 0.021702 0.437270 255 0 0
-0.134914 0.017817 0.432859 255 0 0
-0.148099 0.028336 0.438587 255 0 0
-0.143377 0.025720 0.439458 255 0 0
-0.150853 0.015404 0.434309 255 0 0
-0.150288 0.018158 0.429619 255 0 0
-0.147427 0.011520 0.429898 255 0 0
-0.142140 0.011657 0.426078 255 0 0
-0.142704 0.008903 0.430769 255 0 0
-0.137925 0.011308 0.431900 255 0 0
-0.143212 0.011171 0.435719 255 0 0
-0.143469 0.017594 0.439038 255 0 0
-0.148248 0.015189 0.437907 255 0 0
-0.151110 0.021828 0.437628 255 0 0
-0.116745 -0.069869 0.410470 255 0 0
-0.126931 -0.067490 0.417950 255 0 0
-0.121838 -0.089967 0.409927 255 0 0
-0.132025 -0.087588 0.417406 255 0 0
-0.129147 -0.084006 0.409132 255 0 0
-0.125999 -0.071584 0.409468 255 0 0
-0.122771 -0.085873 0.418409 255 0 0
-0.119623 -0.073451 0.418745 255 0 0
-0.130655 -0.077381 0.422856 255 0 0
-0.134596 -0.076227 0.417123 255 0 0
-0.114173 -0.081230 0.410754 255 0 0
-0.118114 -0.080076 0.405020 255 0 0
-0.116208 -0.074313 0.406658 255 0 0
-0.121648 -0.075322 0.406069 255 0 0
-0.120843 -0.069322 0.409272 255 0 0
-0.126830 -0.067923 0.413669 255 0 0
-0.121391 -0.066915 0.414258 255 0 0
-0.123082 -0.069021 0.419122 255 0 0
-0.117095 -0.070419 0.414725 255 0 0
-0.115584 -0.077097 0.414892 255 0 0
-0.113892 -0.074992 0.410028 255 0 0
-0.114697 -0.080991 0.406825 255 0 0
-0.131335 -0.073059 0.413183 255 0 0
-0.131883 -0.070652 0.418168 255 0 0
-0.123498 -0.082623 0.405871 255 0 0
-0.128132 -0.077631 0.408486 255 0 0
-0.116886 -0.086805 0.409708 255 0 0
-0.119202 -0.086127 0.406338 255 0 0
-0.120637 -0.079826 0.419391 255 0 0
-0.117434 -0.084398 0.414694 255 0 0
-0.129567 -0.071330 0.421538 255 0 0
-0.125271 -0.074834 0.422005 255 0 0
-0.134877 -0.082465 0.417849 255 0 0
-0.133186 -0.080360 0.412985 255 0 0
-0.131674 -0.087038 0.413152 255 0 0
-0.125687 -0.088436 0.408755 255 0 0
-0.127379 -0.090542 0.413619 255 0 0
-0.121939 -0.089534 0.414208 255 0 0
-0.127927 -0.088135 0.418604 255 0 0
-0.127122 -0.082135 0.421808 255 0 0
-0.132561 -0.083144 0.421219 255 0 0
-0.134072 -0.076466 0.421052 255 0 0
-0.131304 -0.023715 0.421514 255 0 0
-0.140778 -0.023178 0.428278 255 0 0
-0.133574 -0.045502 0.420063 255 0 0
-0.143049 -0.044965 0.426826 255 0 0
-0.141286 -0.040396 0.418894 255 0 0
-0.139882 -0.026931 0.419791 255 0 0
-0.134470 -0.041750 0.428549 255 0 0
-0.133067 -0.028284 0.429446 255 0 0
-0.142736 -0.034324 0.432626 255 0 0
-0.146948 -0.033488 0.426658 255 0 0
-0.127405 -0.035193 0.421682 255 0 0
-0.131617 -0.034356 0.415715 255 0 0
-0.130457 -0.028104 0.417639 255 0 0
-0.135499 -0.029995 0.416626 255 0 0
-0.135315 -0.023740 0.420035 255 0 0
-0.140884 -0.023424 0.424010 255 0 0
-0.135842 -0.021534 0.425023 255 0 0
-0.136878 -0.024220 0.429686 255 0 0
-0.131309 -0.024535 0.425710 255 0 0
-0.129017 -0.031282 0.425809 255 0 0
-0.127981 -0.028596 0.421147 255 0 0
-0.128165 -0.034851 0.417738 255 0 0
-0.144510 -0.029484 0.423059 255 0 0
-0.145037 -0.027278 0.428047 255 0 0
-0.136324 -0.037909 0.416099 255 0 0
-0.141182 -0.033545 0.418495 255 0 0
-0.129315 -0.041402 0.420294 255 0 0
-0.131791 -0.040911 0.416786 255 0 0
-0.133170 -0.035136 0.429846 255 0 0
-0.129842 -0.039196 0.425282 255 0 0
-0.142561 -0.027770 0.431554 255 0 0
-0.138028 -0.030771 0.432241 255 0 0
-0.146372 -0.040084 0.427194 255 0 0
-0.145335 -0.037399 0.422531 255 0 0
-0.143044 -0.044145 0.422630 255 0 0
-0.137474 -0.044461 0.418655 255 0 0
-0.138511 -0.047146 0.423317 255 0 0
-0.133468 -0.045256 0.424330 255 0 0
-0.139038 -0.044941 0.428305 255 0 0
-0.138853 -0.038686 0.431714 255 0 0
-0.143896 -0.040576 0.430701 255 0 0
-0.146188 -0.033830 0.430603 255 0 0
-0.153391 -0.073855 0.425352 255 0 0
-0.164159 -0.073695 0.433159 255 0 0
-0.155465 -0.093632 0.422897 255 0 0
-0.166233 -0.093472 0.430704 255 0 0
-0.163753 -0.088862 0.422700 255 0 0
-0.162471 -0.076639 0.424217 255 0 0
-0.157153 -0.090688 0.431839 255 0 0
-0.155872 -0.078465 0.433356 255 0 0
-0.166484 -0.084098 0.437168 255 0 0
-0.170563 -0.082969 0.431520 255 0 0
-0.149062 -0.084358 0.424536 255 0 0
-0.153140 -0.083229 0.418888 255 0 0
-0.152117 -0.077643 0.421082 255 0 0
-0.157453 -0.079279 0.420415 255 0 0
-0.157601 -0.073769 0.424215 255 0 0
-0.163930 -0.073675 0.428803 255 0 0
-0.158593 -0.072039 0.429470 255 0 0
-0.160051 -0.074749 0.434175 255 0 0
-0.153722 -0.074843 0.429586 255 0 0
-0.151177 -0.081016 0.429107 255 0 0
-0.149719 -0.078306 0.424402 255 0 0
-0.149572 -0.083816 0.420603 255 0 0
-0.167694 -0.079127 0.427840 255 0 0
-0.168686 -0.077396 0.433096 255 0 0
-0.158207 -0.086464 0.419524 255 0 0
-0.163691 -0.082590 0.422656 255 0 0
-0.150938 -0.089931 0.422960 255 0 0
-0.153336 -0.089268 0.419640 255 0 0
-0.155933 -0.084737 0.433400 255 0 0
-0.151930 -0.088200 0.428216 255 0 0
-0.166289 -0.078060 0.436416 255 0 0
-0.161418 -0.080864 0.436532 255 0 0
-0.169905 -0.089021 0.431653 255 0 0
-0.168447 -0.086311 0.426949 255 0 0
-0.165902 -0.092484 0.426469 255 0 0
-0.159573 -0.092578 0.421880 255 0 0
-0.161031 -0.095288 0.426585 255 0 0
-0.155694 -0.093652 0.427252 255 0 0
-0.162023 -0.093558 0.431841 255 0 0
-0.162171 -0.088048 0.435641 255 0 0
-0.167508 -0.089684 0.434973 255 0 0
-0.170053 -0.083511 0.435453 255 0 0
-0.184897 -0.010642 0.456970 255 0 0
-0.193359 -0.011901 0.466833 255 0 0
-0.185602 -0.031064 0.453758 255 0 0
-0.194063 -0.032323 0.463621 255 0 0
-0.193985 -0.027081 0.455716 255 0 0
-0.193549 -0.014460 0.457701 255 0 0
-0.185411 -0.028505 0.462890 255 0 0
-0.184976 -0.015884 0.464875 255 0 0
-0.193677 -0.022941 0.470492 255 0 0
-0.198975 -0.022061 0.466058 255 0 0
-0.179985 -0.020904 0.454533 255 0 0
-0.185284 -0.020024 0.450099 255 0 0
-0.184320 -0.014254 0.452348 255 0 0
-0.189405 -0.016498 0.452777 255 0 0
-0.189178 -0.010983 0.456816 255 0 0
-0.194152 -0.011723 0.462613 255 0 0
-0.189066 -0.009479 0.462183 255 0 0
-0.189112 -0.012560 0.466829 255 0 0
-0.184139 -0.011820 0.461032 255 0 0
-0.181252 -0.017852 0.459600 255 0 0
-0.181205 -0.014771 0.454954 255 0 0
-0.181433 -0.020285 0.450915 255 0 0
-0.197453 -0.017695 0.462158 255 0 0
-0.197341 -0.016191 0.467525 255 0 0
-0.189661 -0.023916 0.451611 255 0 0
-0.194520 -0.020646 0.456079 255 0 0
-0.181620 -0.026774 0.453066 255 0 0
-0.184734 -0.026257 0.450460 255 0 0
-0.184441 -0.022320 0.464512 255 0 0
-0.181508 -0.025270 0.458433 255 0 0
-0.194227 -0.016708 0.470131 255 0 0
-0.189299 -0.019049 0.468980 255 0 0
-0.197755 -0.028194 0.465637 255 0 0
-0.197709 -0.025113 0.460991 255 0 0
-0.194822 -0.031145 0.459559 255 0 0
-0.189848 -0.030405 0.453762 255 0 0
-0.189894 -0.033486 0.458408 255 0 0
-0.184809 -0.031242 0.457978 255 0 0
-0.189783 -0.031982 0.463775 255 0 0
-0.189555 -0.026468 0.467814 255 0 0
-0.194641 -0.028712 0.468243 255 0 0
-0.197528 -0.022680 0.469676 255 0 0
-0.117512 0.089970 0.412871 255 0 0
-0.127463 0.090328 0.419891 255 0 0
-0.115797 0.069545 0.416345 255 0 0
-0.125748 0.069903 0.423365 255 0 0
-0.124531 0.072519 0.414384 255 0 0
-0.125590 0.085143 0.412237 255 0 0
-0.117669 0.074731 0.423998 255 0 0
-0.118729 0.087354 0.421851 255 0 0
-0.127560 0.080910 0.426768 255 0 0
-0.131801 0.079543 0.420826 255 0 0
-0.111459 0.080330 0.415410 255 0 0
-0.115700 0.078963 0.409468 255 0 0
-0.115724 0.085262 0.409950 255 0 0
-0.120472 0.082425 0.409577 255 0 0
-0.121537 0.088894 0.411577 255 0 0
-0.127386 0.089105 0.415703 255 0 0
-0.122638 0.091942 0.416076 255 0 0
-0.123353 0.090404 0.421354 255 0 0
-0.117504 0.090194 0.417228 255 0 0
-0.113947 0.084528 0.418721 255 0 0
-0.113231 0.086065 0.413442 255 0 0
-0.112166 0.079596 0.411442 255 0 0
-0.129936 0.082766 0.416253 255 0 0
-0.131036 0.085814 0.420752 255 0 0
-0.119849 0.075005 0.410839 255 0 0
-0.125663 0.078637 0.412467 255 0 0
-0.112223 0.074060 0.415484 255 0 0
-0.114716 0.073256 0.411992 255 0 0
-0.117597 0.081236 0.423769 255 0 0
-0.113324 0.077108 0.419983 255 0 0
-0.128544 0.086617 0.424244 255 0 0
-0.123410 0.084868 0.425396 255 0 0
-0.130029 0.073808 0.422794 255 0 0
-0.129313 0.075346 0.417515 255 0 0
-0.125755 0.069680 0.419007 255 0 0
-0.119907 0.069469 0.414881 255 0 0
-0.120622 0.067931 0.420160 255 0 0
-0.115873 0.070769 0.420532 255 0 0
-0.121722 0.070979 0.424658 255 0 0
-0.122787 0.077449 0.426658 255 0 0
-0.127536 0.074611 0.426286 255 0 0
-0.131094 0.080278 0.424794 255 0 0
-0.127998 0.032887 0.429371 255 0 0
-0.136113 0.032279 0.435243 255 0 0
-0.127335 0.009348 0.427849 255 0 0
-0.135450 0.008740 0.433721 255 0 0
-0.135295 0.013769 0.425881 255 0 0
-0.135705 0.028317 0.426822 255 0 0
-0.127744 0.013310 0.436271 255 0 0
-0.128153 0.027858 0.437211 255 0 0
-0.135956 0.020180 0.439507 255 0 0
-0.140623 0.020463 0.433085 255 0 0
-0.122825 0.021164 0.430007 255 0 0
-0.127492 0.021447 0.423586 255 0 0
-0.127047 0.028283 0.425589 255 0 0
-0.131577 0.025597 0.424090 255 0 0
-0.131874 0.032321 0.427491 255 0 0
-0.136644 0.031963 0.430942 255 0 0
-0.132114 0.034649 0.432441 255 0 0
-0.132205 0.031693 0.437049 255 0 0
-0.127435 0.032051 0.433598 255 0 0
-0.124395 0.025160 0.433971 255 0 0
-0.124303 0.028116 0.429363 255 0 0
-0.124006 0.021392 0.425962 255 0 0
-0.139295 0.025018 0.429674 255 0 0
-0.139535 0.027347 0.434624 255 0 0
-0.131336 0.017046 0.423537 255 0 0
-0.136163 0.021083 0.425439 255 0 0
-0.123914 0.014280 0.428468 255 0 0
-0.126657 0.014447 0.424694 255 0 0
-0.127286 0.020544 0.437653 255 0 0
-0.124154 0.016609 0.433418 255 0 0
-0.136792 0.027180 0.438398 255 0 0
-0.132113 0.024581 0.439555 255 0 0
-0.139145 0.013511 0.433729 255 0 0
-0.139054 0.016467 0.429121 255 0 0
-0.136013 0.009576 0.429494 255 0 0
-0.131243 0.009934 0.426043 255 0 0
-0.131334 0.006978 0.430651 255 0 0
-0.126805 0.009664 0.432150 255 0 0
-0.131575 0.009306 0.435601 255 0 0
-0.131872 0.016030 0.439002 255 0 0
-0.136402 0.013344 0.437503 255 0 0
-0.139442 0.020235 0.437130 255 0 0
-0.064831 0.035328 0.422995 255 0 0
-0.074771 0.037381 0.430148 255 0 0
-0.069145 0.014430 0.422994 255 0 0
-0.079086 0.016482 0.430148 255 0 0
-0.076531 0.020117 0.421877 255 0 0
-0.073865 0.033032 0.421877 255 0 0
-0.070051 0.018779 0.431265 255 0 0
-0.067385 0.031694 0.431265 255 0 0
-0.077998 0.027152 0.435260 255 0 0
-0.082002 0.027979 0.429457 255 0 0
-0.061914 0.023832 0.423685 255 0 0
-0.065918 0.024659 0.417883 255 0 0
-0.064219 0.030711 0.419362 255 0 0
-0.069529 0.029362 0.418705 255 0 0
-0.068889 0.035633 0.421710 255 0 0
-0.074732 0.036839 0.425915 255 0 0
-0.069422 0.038189 0.426571 255 0 0
-0.070923 0.036053 0.431433 255 0 0
-0.065081 0.034847 0.427228 255 0 0
-0.063366 0.028089 0.427634 255 0 0
-0.061865 0.030225 0.422773 255 0 0
-0.062504 0.023954 0.419768 255 0 0
-0.078983 0.031313 0.425509 255 0 0
-0.079515 0.033869 0.430370 255 0 0
-0.071096 0.021770 0.418705 255 0 0
-0.075767 0.026692 0.421053 255 0 0
-0.064401 0.017942 0.422772 255 0 0
-0.066755 0.018428 0.419362 255 0 0
-0.068149 0.025119 0.432089 255 0 0
-0.064933 0.020497 0.427634 255 0 0
-0.077161 0.033383 0.433781 255 0 0
-0.072820 0.030041 0.434437 255 0 0
-0.082051 0.021586 0.430370 255 0 0
-0.080550 0.023722 0.425508 255 0 0
-0.078836 0.016964 0.425914 255 0 0
-0.072993 0.015758 0.421710 255 0 0
-0.074494 0.013622 0.426571 255 0 0
-0.069184 0.014971 0.427228 255 0 0
-0.075027 0.016178 0.431432 255 0 0
-0.074387 0.022449 0.434437 255 0 0
-0.079697 0.021100 0.433780 255 0 0
-0.081412 0.027857 0.433374 255 0 0
-0.197489 0.098261 0.447708 255 0 0
-0.207220 0.100267 0.457034 255 0 0
-0.197081 0.079684 0.452129 255 0 0
-0.206811 0.081690 0.461455 255 0 0
-0.206115 0.083183 0.451905 255 0 0
-0.206367 0.094664 0.449173 255 0 0
-0.197933 0.085287 0.459990 255 0 0
-0.198185 0.096768 0.457258 255 0 0
-0.207494 0.092248 0.464624 255 0 0
-0.212551 0.090948 0.459628 255 0 0
-0.191749 0.089003 0.449535 255 0 0
-0.196806 0.087703 0.444539 255 0 0
-0.196269 0.093510 0.444638 255 0 0
-0.201488 0.091395 0.445499 255 0 0
-0.201889 0.097601 0.447362 255 0 0
-0.207609 0.098780 0.452844 255 0 0
-0.202390 0.100895 0.451983 255 0 0
-0.202799 0.100017 0.457596 255 0 0
-0.197080 0.098838 0.452114 255 0 0
-0.193706 0.093396 0.453188 255 0 0
-0.193297 0.094274 0.447575 255 0 0
-0.192895 0.088068 0.445712 255 0 0
-0.210742 0.093303 0.454368 255 0 0
-0.211243 0.096596 0.458989 255 0 0
-0.201339 0.084647 0.447105 255 0 0
-0.206959 0.088739 0.449829 255 0 0
-0.193057 0.083355 0.450174 255 0 0
-0.196029 0.082591 0.447237 255 0 0
-0.197341 0.091212 0.459334 255 0 0
-0.193558 0.086648 0.454795 255 0 0
-0.208271 0.097360 0.461926 255 0 0
-0.202961 0.095304 0.462058 255 0 0
-0.211003 0.085677 0.461588 255 0 0
-0.210594 0.086555 0.455974 255 0 0
-0.207220 0.081113 0.457049 255 0 0
-0.201501 0.079934 0.451567 255 0 0
-0.201910 0.079056 0.457180 255 0 0
-0.196691 0.081171 0.456319 255 0 0
-0.202411 0.082350 0.461801 255 0 0
-0.202812 0.088556 0.463664 255 0 0
-0.208031 0.086441 0.464525 255 0 0
-0.211405 0.091883 0.463451 255 0 0
-0.155311 0.011736 0.435356 255 0 0
-0.165907 0.011707 0.443014 255 0 0
-0.156172 -0.008926 0.434085 255 0 0
-0.166769 -0.008956 0.441743 255 0 0
-0.164588 -0.004579 0.433617 255 0 0
-0.164055 0.008192 0.434403 255 0 0
-0.158024 -0.005411 0.442697 255 0 0
-0.157491 0.007359 0.443482 255 0 0
-0.167584 0.001109 0.447551 255 0 0
-0.171641 0.001624 0.441939 255 0 0
-0.150439 0.001157 0.435160 255 0 0
-0.154495 0.001671 0.429549 255 0 0
-0.153825 0.007637 0.431382 255 0 0
-0.158966 0.005553 0.430821 255 0 0
-0.159445 0.011469 0.434235 255 0 0
-0.165673 0.011452 0.438736 255 0 0
-0.160533 0.013536 0.439297 255 0 0
-0.161815 0.010963 0.444073 255 0 0
-0.155587 0.010980 0.439572 255 0 0
-0.152723 0.004761 0.439457 255 0 0
-0.151441 0.007334 0.434680 255 0 0
-0.150962 0.001418 0.431267 255 0 0
-0.169044 0.005525 0.438104 255 0 0
-0.170132 0.007592 0.443166 255 0 0
-0.159279 -0.001953 0.430359 255 0 0
-0.164898 0.001880 0.433213 255 0 0
-0.151948 -0.004811 0.433933 255 0 0
-0.154332 -0.004509 0.430635 255 0 0
-0.157182 0.000901 0.443887 255 0 0
-0.153036 -0.002745 0.438995 255 0 0
-0.167747 0.007289 0.446464 255 0 0
-0.162801 0.004734 0.446740 255 0 0
-0.170638 -0.004554 0.442419 255 0 0
-0.169357 -0.001981 0.437642 255 0 0
-0.166493 -0.008199 0.437527 255 0 0
-0.160264 -0.008182 0.433026 255 0 0
-0.161546 -0.010755 0.437802 255 0 0
-0.156406 -0.008671 0.438363 255 0 0
-0.162635 -0.008689 0.442864 255 0 0
-0.163114 -0.002772 0.446278 255 0 0
-0.168254 -0.004856 0.445717 255 0 0
-0.171118 0.001363 0.445833 255 0 0
-0.118288 0.005243 0.427434 255 0 0
-0.125535 0.004225 0.432767 255 0 0
-0.117174 -0.019267 0.424267 255 0 0
-0.124421 -0.020286 0.429600 255 0 0
-0.125071 -0.014580 0.422118 255 0 0
-0.125760 0.000569 0.424076 255 0 0
-0.116949 -0.015611 0.432959 255 0 0
-0.117637 -0.000463 0.434916 255 0 0
-0.124708 -0.008664 0.436182 255 0 0
-0.129727 -0.008026 0.429482 255 0 0
-0.112981 -0.007016 0.427553 255 0 0
-0.118001 -0.006379 0.420853 255 0 0
-0.117581 0.000653 0.423376 255 0 0
-0.121973 -0.002094 0.421402 255 0 0
-0.122141 0.004737 0.425270 255 0 0
-0.126401 0.004138 0.428405 255 0 0
-0.122009 0.006886 0.430379 255 0 0
-0.121627 0.003532 0.434777 255 0 0
-0.117367 0.004130 0.431642 255 0 0
-0.114248 -0.003076 0.431712 255 0 0
-0.114630 0.000278 0.427314 255 0 0
-0.114462 -0.006553 0.423445 255 0 0
-0.128865 -0.003063 0.426474 255 0 0
-0.128733 -0.000914 0.431582 255 0 0
-0.121568 -0.010998 0.420251 255 0 0
-0.126129 -0.006915 0.422145 255 0 0
-0.113976 -0.014128 0.425452 255 0 0
-0.116926 -0.013754 0.421514 255 0 0
-0.116580 -0.008128 0.434889 255 0 0
-0.113844 -0.011979 0.430561 255 0 0
-0.125783 -0.001289 0.435520 255 0 0
-0.121141 -0.004044 0.436784 255 0 0
-0.128079 -0.015321 0.429721 255 0 0
-0.128461 -0.011967 0.425323 255 0 0
-0.125342 -0.019173 0.425393 255 0 0
-0.121082 -0.018574 0.422258 255 0 0
-0.120700 -0.021928 0.426656 255 0 0
-0.116308 -0.019181 0.428630 255 0 0
-0.120568 -0.019779 0.431765 255 0 0
-0.120736 -0.012948 0.435633 255 0 0
-0.125128 -0.015696 0.433659 255 0 0
-0.128247 -0.008490 0.433589 255 0 0
-0.153237 0.087441 0.423179 255 0 0
-0.163486 0.084988 0.430735 255 0 0
-0.148021 0.067227 0.423691 255 0 0
-0.158270 0.064774 0.431247 255 0 0
-0.157285 0.068934 0.422807 255 0 0
-0.160509 0.081427 0.422490 255 0 0
-0.150998 0.070788 0.431936 255 0 0
-0.154222 0.083281 0.431620 255 0 0
-0.162103 0.074696 0.436147 255 0 0
-0.165988 0.073550 0.430505 255 0 0
-0.145519 0.078665 0.423921 255 0 0
-0.149405 0.077520 0.418279 255 0 0
-0.150543 0.083599 0.419591 255 0 0
-0.154817 0.080064 0.419186 255 0 0
-0.157070 0.085896 0.422066 255 0 0
-0.163094 0.084454 0.426507 255 0 0
-0.158820 0.087989 0.426912 255 0 0
-0.159399 0.085544 0.431873 255 0 0
-0.153374 0.086986 0.427432 255 0 0
-0.148838 0.081827 0.427868 255 0 0
-0.148259 0.084273 0.422907 255 0 0
-0.146006 0.078441 0.420027 255 0 0
-0.164564 0.077731 0.426372 255 0 0
-0.166315 0.079824 0.431218 255 0 0
-0.152922 0.072721 0.419372 255 0 0
-0.159449 0.075018 0.421847 255 0 0
-0.145193 0.072391 0.423208 255 0 0
-0.147477 0.071718 0.419892 255 0 0
-0.152058 0.077197 0.432579 255 0 0
-0.146943 0.074484 0.428054 255 0 0
-0.164031 0.080498 0.434535 255 0 0
-0.158585 0.079494 0.435054 255 0 0
-0.163249 0.067943 0.431519 255 0 0
-0.162670 0.070388 0.426558 255 0 0
-0.158133 0.065229 0.426994 255 0 0
-0.152109 0.066671 0.422553 255 0 0
-0.152688 0.064226 0.427514 255 0 0
-0.148414 0.067761 0.427919 255 0 0
-0.154438 0.066319 0.432360 255 0 0
-0.156691 0.072151 0.435241 255 0 0
-0.160965 0.068616 0.434836 255 0 0
-0.165501 0.073774 0.434399 255 0 0
-0.062103 -0.017134 0.412137 255 0 0
-0.071485 -0.017233 0.419262 255 0 0
-0.064084 -0.038847 0.409227 255 0 0
-0.073466 -0.038946 0.416352 255 0 0
-0.071909 -0.033811 0.408734 255 0 0
-0.070685 -0.020391 0.410532 255 0 0
-0.064885 -0.035688 0.417957 255 0 0
-0.063661 -0.022268 0.419756 255 0 0
-0.073204 -0.028700 0.422859 255 0 0
-0.077545 -0.027540 0.417159 255 0 0
-0.058024 -0.028540 0.411331 255 0 0
-0.062365 -0.027380 0.405631 255 0 0
-0.061260 -0.021241 0.407943 255 0 0
-0.066304 -0.023156 0.406999 255 0 0
-0.066150 -0.017134 0.410824 255 0 0
-0.071664 -0.017192 0.415012 255 0 0
-0.066620 -0.015277 0.415955 255 0 0
-0.067536 -0.018295 0.420433 255 0 0
-0.062021 -0.018237 0.416245 255 0 0
-0.059623 -0.024941 0.415771 255 0 0
-0.058708 -0.021923 0.411293 255 0 0
-0.058862 -0.027946 0.407469 255 0 0
-0.075226 -0.023250 0.413775 255 0 0
-0.075697 -0.021394 0.418907 255 0 0
-0.067023 -0.031044 0.405942 255 0 0
-0.071913 -0.026936 0.408824 255 0 0
-0.059872 -0.034686 0.409583 255 0 0
-0.062424 -0.034004 0.406232 255 0 0
-0.063656 -0.029143 0.419666 255 0 0
-0.060343 -0.032829 0.414714 255 0 0
-0.073145 -0.022075 0.422257 255 0 0
-0.068546 -0.025035 0.422547 255 0 0
-0.076861 -0.034156 0.417196 255 0 0
-0.075946 -0.031138 0.412718 255 0 0
-0.073548 -0.037842 0.412244 255 0 0
-0.068034 -0.037784 0.408056 255 0 0
-0.068949 -0.040802 0.412534 255 0 0
-0.063905 -0.038887 0.413478 255 0 0
-0.069420 -0.038946 0.417665 255 0 0
-0.069266 -0.032923 0.421490 255 0 0
-0.074310 -0.034838 0.420547 255 0 0
-0.076707 -0.028134 0.421021 255 0 0
-0.192339 -0.077241 0.454059 255 0 0
-0.200797 -0.078708 0.463924 255 0 0
-0.193596 -0.097561 0.449960 255 0 0
-0.202054 -0.099028 0.459825 255 0 0
-0.201845 -0.093442 0.452167 255 0 0
-0.201068 -0.080884 0.454700 255 0 0
-0.193325 -0.095385 0.459183 255 0 0
-0.192548 -0.082826 0.461716 255 0 0
-0.201407 -0.089921 0.467091 255 0 0
-0.206672 -0.088721 0.462755 255 0 0
-0.187721 -0.087548 0.451129 255 0 0
-0.192986 -0.086347 0.446793 255 0 0
-0.191866 -0.080681 0.449282 255 0 0
-0.196997 -0.082822 0.449659 255 0 0
-0.196617 -0.077470 0.453930 255 0 0
-0.201588 -0.078332 0.459728 255 0 0
-0.196458 -0.076191 0.459351 255 0 0
-0.196581 -0.079474 0.463852 255 0 0
-0.191609 -0.078612 0.458054 255 0 0
-0.188895 -0.084670 0.456331 255 0 0
-0.188771 -0.081387 0.451830 255 0 0
-0.189152 -0.086739 0.447559 255 0 0
-0.205042 -0.084218 0.459041 255 0 0
-0.204883 -0.082938 0.464463 255 0 0
-0.197454 -0.090204 0.448170 255 0 0
-0.202204 -0.086993 0.452818 255 0 0
-0.189510 -0.093330 0.449421 255 0 0
-0.192605 -0.092625 0.446872 255 0 0
-0.192189 -0.089276 0.461066 255 0 0
-0.189351 -0.092051 0.454842 255 0 0
-0.201788 -0.083644 0.467011 255 0 0
-0.196939 -0.086065 0.465714 255 0 0
-0.205621 -0.094882 0.462053 255 0 0
-0.205498 -0.091599 0.457552 255 0 0
-0.202784 -0.097657 0.455830 255 0 0
-0.197812 -0.096795 0.450031 255 0 0
-0.197935 -0.100078 0.454532 255 0 0
-0.192804 -0.097937 0.454155 255 0 0
-0.197776 -0.098799 0.459954 255 0 0
-0.197395 -0.093446 0.464225 255 0 0
-0.202526 -0.095588 0.464602 255 0 0
-0.205241 -0.089529 0.466324 255 0 0
-0.014086 -0.003604 0.413833 255 0 0
-0.018273 -0.004196 0.419998 255 0 0
-0.014848 -0.026129 0.411154 255 0 0
-0.019035 -0.026721 0.417319 255 0 0
-0.024219 -0.021282 0.409787 255 0 0
-0.023748 -0.007361 0.411442 255 0 0
-0.009373 -0.022964 0.419710 255 0 0
-0.008902 -0.009043 0.421366 255 0 0
-0.015361 -0.016161 0.423630 255 0 0
-0.024536 -0.015121 0.417497 255 0 0
-0.008585 -0.015204 0.413655 255 0 0
-0.017761 -0.014164 0.407522 255 0 0
-0.015811 -0.007782 0.409818 255 0 0
-0.021491 -0.009990 0.408412 255 0 0
-0.019331 -0.003783 0.412122 255 0 0
-0.021792 -0.004131 0.415745 255 0 0
-0.016113 -0.001923 0.417151 255 0 0
-0.013066 -0.005120 0.421578 255 0 0
-0.010604 -0.004772 0.417955 255 0 0
-0.007371 -0.011590 0.417850 255 0 0
-0.010418 -0.008393 0.413423 255 0 0
-0.012578 -0.014600 0.409713 255 0 0
-0.025473 -0.010552 0.414275 255 0 0
-0.022255 -0.008692 0.419304 255 0 0
-0.021768 -0.018172 0.407439 255 0 0
-0.025287 -0.014174 0.409743 255 0 0
-0.010866 -0.021633 0.411848 255 0 0
-0.016259 -0.021022 0.408243 255 0 0
-0.007834 -0.016151 0.421409 255 0 0
-0.007648 -0.019773 0.416877 255 0 0
-0.016862 -0.009303 0.422909 255 0 0
-0.011354 -0.012153 0.423713 255 0 0
-0.022703 -0.021932 0.417730 255 0 0
-0.025750 -0.018735 0.413302 255 0 0
-0.022517 -0.025553 0.413198 255 0 0
-0.020056 -0.025205 0.409574 255 0 0
-0.017009 -0.028402 0.414002 255 0 0
-0.011329 -0.026194 0.415407 255 0 0
-0.013790 -0.026542 0.419030 255 0 0
-0.011630 -0.020335 0.422740 255 0 0
-0.017310 -0.022543 0.421335 255 0 0
-0.020543 -0.015725 0.421439 255 0 0
-0.160049 0.092276 0.427962 255 0 0
-0.170272 0.090200 0.435511 255 0 0
-0.155356 0.072289 0.428821 255 0 0
-0.165578 0.070213 0.436370 255 0 0
-0.164604 0.074107 0.427779 255 0 0
-0.167505 0.086460 0.427247 255 0 0
-0.158122 0.076030 0.437085 255 0 0
-0.161023 0.088382 0.436553 255 0 0
-0.169080 0.080159 0.441149 255 0 0
-0.173086 0.078971 0.435398 255 0 0
-0.152541 0.083518 0.428934 255 0 0
-0.156547 0.082330 0.423183 255 0 0
-0.157505 0.088367 0.424415 255 0 0
-0.161888 0.084948 0.423995 255 0 0
-0.163946 0.090794 0.426804 255 0 0
-0.169955 0.089574 0.431241 255 0 0
-0.165573 0.092993 0.431661 255 0 0
-0.166145 0.090704 0.436711 255 0 0
-0.160136 0.091924 0.432274 255 0 0
-0.155723 0.086776 0.432845 255 0 0
-0.155151 0.089065 0.427795 255 0 0
-0.153092 0.083219 0.424987 255 0 0
-0.171609 0.082974 0.431174 255 0 0
-0.173236 0.085172 0.436031 255 0 0
-0.160182 0.077687 0.424307 255 0 0
-0.166624 0.080115 0.426696 255 0 0
-0.152392 0.077317 0.428301 255 0 0
-0.154746 0.076619 0.424920 255 0 0
-0.159004 0.082375 0.437636 255 0 0
-0.154018 0.079516 0.433158 255 0 0
-0.170881 0.085870 0.439412 255 0 0
-0.165445 0.084802 0.440025 255 0 0
-0.170477 0.073424 0.436537 255 0 0
-0.169904 0.075713 0.431487 255 0 0
-0.165491 0.070565 0.432058 255 0 0
-0.159482 0.071786 0.427621 255 0 0
-0.160055 0.069497 0.432671 255 0 0
-0.155672 0.072916 0.433091 255 0 0
-0.161681 0.071695 0.437528 255 0 0
-0.163740 0.077541 0.440337 255 0 0
-0.168122 0.074123 0.439917 255 0 0
-0.172535 0.079270 0.439345 255 0 0
-0.094850 0.092795 0.412306 255 0 0
-0.105672 0.090385 0.420287 255 0 0
-0.090541 0.075530 0.412936 255 0 0
-0.101363 0.073120 0.420917 255 0 0
-0.100280 0.076563 0.411734 255 0 0
-0.102943 0.087233 0.411344 255 0 0
-0.093270 0.078682 0.421879 255 0 0
-0.095933 0.089352 0.421489 255 0 0
-0.104696 0.081663 0.426203 255 0 0
-0.109028 0.080353 0.419933 255 0 0
-0.087185 0.085562 0.413290 255 0 0
-0.091517 0.084252 0.407020 255 0 0
-0.092319 0.089501 0.408443 255 0 0
-0.097076 0.086231 0.407878 255 0 0
-0.099035 0.091253 0.410985 255 0 0
-0.105396 0.089836 0.415676 255 0 0
-0.100639 0.093105 0.416241 255 0 0
-0.101276 0.091082 0.421639 255 0 0
-0.094915 0.092498 0.416948 255 0 0
-0.090410 0.088247 0.417526 255 0 0
-0.089773 0.090271 0.412129 255 0 0
-0.087814 0.085249 0.409021 255 0 0
-0.107369 0.083940 0.415468 255 0 0
-0.108973 0.085792 0.420724 255 0 0
-0.095511 0.079960 0.408107 255 0 0
-0.102227 0.081712 0.410648 255 0 0
-0.087240 0.080122 0.412499 255 0 0
-0.089787 0.079353 0.408813 255 0 0
-0.093987 0.084203 0.422575 255 0 0
-0.088845 0.081975 0.417755 255 0 0
-0.106427 0.086562 0.424410 255 0 0
-0.100702 0.085955 0.425116 255 0 0
-0.106440 0.075644 0.421094 255 0 0
-0.105803 0.077668 0.415697 255 0 0
-0.101298 0.073416 0.416275 255 0 0
-0.094937 0.074833 0.411584 255 0 0
-0.095574 0.072809 0.416982 255 0 0
-0.090817 0.076079 0.417547 255 0 0
-0.097178 0.074662 0.422238 255 0 0
-0.099137 0.079683 0.425345 255 0 0
-0.103894 0.076414 0.424780 255 0 0
-0.108399 0.080666 0.424202 255 0 0
-0.135476 0.065361 0.428177 255 0 0
-0.144541 0.064378 0.434771 255 0 0
-0.131844 0.043350 0.429890 255 0 0
-0.140909 0.042367 0.436483 255 0 0
-0.140514 0.046115 0.427983 255 0 0
-0.142759 0.059718 0.426925 255 0 0
-0.133626 0.048010 0.437735 255 0 0
-0.135871 0.061613 0.436677 255 0 0
-0.143397 0.053655 0.440678 255 0 0
-0.147654 0.052483 0.434651 255 0 0
-0.128731 0.055245 0.430010 255 0 0
-0.132988 0.054073 0.423982 255 0 0
-0.133537 0.060745 0.424982 255 0 0
-0.137817 0.057428 0.424246 255 0 0
-0.139280 0.064062 0.426712 255 0 0
-0.144608 0.063485 0.430588 255 0 0
-0.140327 0.066801 0.431324 255 0 0
-0.140559 0.064599 0.436320 255 0 0
-0.135231 0.065176 0.432444 255 0 0
-0.131266 0.059230 0.433521 255 0 0
-0.131034 0.061433 0.428525 255 0 0
-0.129572 0.054799 0.426059 255 0 0
-0.146438 0.056493 0.430517 255 0 0
-0.147485 0.059232 0.435129 255 0 0
-0.136498 0.049432 0.424868 255 0 0
-0.142241 0.052750 0.426598 255 0 0
-0.128900 0.048496 0.429532 255 0 0
-0.131402 0.047807 0.425989 255 0 0
-0.134144 0.054978 0.438062 255 0 0
-0.129947 0.051235 0.434143 255 0 0
-0.144983 0.059921 0.438671 255 0 0
-0.139887 0.058296 0.439792 255 0 0
-0.145351 0.046295 0.436135 255 0 0
-0.145119 0.048497 0.431139 255 0 0
-0.141154 0.042551 0.432216 255 0 0
-0.135826 0.043129 0.428341 255 0 0
-0.136058 0.040926 0.433337 255 0 0
-0.131777 0.044243 0.434073 255 0 0
-0.137105 0.043665 0.437948 255 0 0
-0.138568 0.050300 0.440414 255 0 0
-0.142848 0.046983 0.439678 255 0 0
-0.146813 0.052929 0.438601 255 0 0
-0.186734 0.070002 0.450275 255 0 0
-0.196060 0.071867 0.459087 255 0 0
-0.186577 0.049409 0.454799 255 0 0
-0.195903 0.051274 0.463611 255 0 0
-0.195137 0.053387 0.454436 255 0 0
-0.195234 0.066114 0.451640 255 0 0
-0.187403 0.055162 0.462246 255 0 0
-0.187500 0.067889 0.459449 255 0 0
-0.196474 0.062695 0.466485 255 0 0
-0.201253 0.061599 0.461659 255 0 0
-0.181384 0.059678 0.452227 255 0 0
-0.186163 0.058581 0.447401 255 0 0
-0.185593 0.064933 0.447415 255 0 0
-0.190589 0.062648 0.448217 255 0 0
-0.190925 0.069361 0.449907 255 0 0
-0.196407 0.070457 0.455086 255 0 0
-0.191411 0.072742 0.454284 255 0 0
-0.191861 0.071500 0.459676 255 0 0
-0.186379 0.070404 0.454497 255 0 0
-0.183234 0.064336 0.455644 255 0 0
-0.182784 0.065578 0.450252 255 0 0
-0.182449 0.058865 0.448562 255 0 0
-0.199459 0.064422 0.456598 255 0 0
-0.199945 0.067803 0.460975 255 0 0
-0.190532 0.055167 0.449861 255 0 0
-0.195864 0.059595 0.452353 255 0 0
-0.182692 0.053474 0.452911 255 0 0
-0.185501 0.052829 0.450074 255 0 0
-0.186773 0.061681 0.461533 255 0 0
-0.183178 0.056855 0.457288 255 0 0
-0.197136 0.068447 0.463812 255 0 0
-0.192104 0.066109 0.464025 255 0 0
-0.199853 0.055699 0.463634 255 0 0
-0.199402 0.056941 0.458242 255 0 0
-0.196257 0.050872 0.459389 255 0 0
-0.190776 0.049776 0.454209 255 0 0
-0.191226 0.048534 0.459602 255 0 0
-0.186230 0.050819 0.458800 255 0 0
-0.191712 0.051915 0.463979 255 0 0
-0.192047 0.058629 0.465668 255 0 0
-0.197043 0.056343 0.466471 255 0 0
-0.200188 0.062412 0.465324 255 0 0
-0.127321 0.069977 0.424937 255 0 0
-0.135377 0.070444 0.430784 255 0 0
-0.125926 0.046426 0.428740 255 0 0
-0.133982 0.046893 0.434587 255 0 0
-0.133963 0.050117 0.425863 255 0 0
-0.134825 0.064672 0.423513 255 0 0
-0.126478 0.052199 0.436011 255 0 0
-0.127340 0.066754 0.433661 255 0 0
-0.134856 0.059457 0.437628 255 0 0
-0.139482 0.058170 0.431356 255 0 0
-0.121821 0.058701 0.428168 255 0 0
-0.126447 0.057414 0.421896 255 0 0
-0.126223 0.064619 0.422303 255 0 0
-0.130634 0.061501 0.421465 255 0 0
-0.131147 0.068885 0.423253 255 0 0
-0.135882 0.069160 0.426689 255 0 0
-0.131471 0.072278 0.427526 255 0 0
-0.131482 0.070384 0.432654 255 0 0
-0.126747 0.070109 0.429217 255 0 0
-0.123514 0.063481 0.431117 255 0 0
-0.123503 0.065376 0.425989 255 0 0
-0.122990 0.057991 0.424202 255 0 0
-0.138295 0.061945 0.427026 255 0 0
-0.138619 0.065338 0.431299 255 0 0
-0.130127 0.052945 0.422847 255 0 0
-0.135051 0.057211 0.423797 255 0 0
-0.122684 0.051533 0.428225 255 0 0
-0.125403 0.050776 0.424538 255 0 0
-0.126252 0.059659 0.435727 255 0 0
-0.123008 0.054926 0.432498 255 0 0
-0.135900 0.066094 0.434986 255 0 0
-0.131176 0.063925 0.436677 255 0 0
-0.137799 0.051495 0.433535 255 0 0
-0.137788 0.053390 0.428407 255 0 0
-0.134556 0.046762 0.430307 255 0 0
-0.129821 0.046487 0.426870 255 0 0
-0.129832 0.044593 0.431998 255 0 0
-0.125421 0.047711 0.432835 255 0 0
-0.130156 0.047985 0.436271 255 0 0
-0.130669 0.055370 0.438059 255 0 0
-0.135080 0.052252 0.437221 255 0 0
-0.138313 0.058880 0.435322 255 0 0
-0.146007 -0.050216 0.425002 255 0 0
-0.156154 -0.048076 0.432450 255 0 0
-0.150667 -0.070905 0.424598 255 0 0
-0.160814 -0.068765 0.432046 255 0 0
-0.158030 -0.065079 0.423837 255 0 0
-0.155150 -0.052292 0.424086 255 0 0
-0.151672 -0.066689 0.432962 255 0 0
-0.148792 -0.053903 0.433211 255 0 0
-0.159655 -0.058257 0.437369 255 0 0
-0.163585 -0.057262 0.431730 255 0 0
-0.143237 -0.061720 0.425318 255 0 0
-0.147167 -0.060725 0.419679 255 0 0
-0.145389 -0.054765 0.421255 255 0 0
-0.150763 -0.055985 0.420716 255 0 0
-0.150081 -0.049808 0.423845 255 0 0
-0.156045 -0.048550 0.428223 255 0 0
-0.150672 -0.047330 0.428761 255 0 0
-0.152308 -0.049497 0.433587 255 0 0
-0.146344 -0.050755 0.429209 255 0 0
-0.144716 -0.057516 0.429395 255 0 0
-0.143079 -0.055350 0.424569 255 0 0
-0.143761 -0.061526 0.421440 255 0 0
-0.160413 -0.053949 0.427800 255 0 0
-0.161003 -0.051471 0.432716 255 0 0
-0.152456 -0.063501 0.420570 255 0 0
-0.157148 -0.058544 0.423161 255 0 0
-0.145818 -0.067510 0.424332 255 0 0
-0.148128 -0.066925 0.421017 255 0 0
-0.149673 -0.060437 0.433888 255 0 0
-0.146409 -0.065032 0.429248 255 0 0
-0.158694 -0.052056 0.436031 255 0 0
-0.154366 -0.055481 0.436478 255 0 0
-0.163743 -0.063632 0.432479 255 0 0
-0.162106 -0.061465 0.427653 255 0 0
-0.160478 -0.068227 0.427839 255 0 0
-0.154513 -0.069485 0.423461 255 0 0
-0.156150 -0.071652 0.428287 255 0 0
-0.150776 -0.070431 0.428825 255 0 0
-0.156740 -0.069173 0.433203 255 0 0
-0.156059 -0.062997 0.436332 255 0 0
-0.161433 -0.064217 0.435793 255 0 0
-0.163061 -0.057455 0.435608 255 0 0
-0.041107 -0.055607 0.404567 255 0 0
-0.048587 -0.056635 0.409952 255 0 0
-0.041188 -0.080287 0.399743 255 0 0
-0.048667 -0.081315 0.405128 255 0 0
-0.048770 -0.075066 0.398194 255 0 0
-0.048720 -0.059813 0.401175 255 0 0
-0.041054 -0.077109 0.408520 255 0 0
-0.041005 -0.061856 0.411501 255 0 0
-0.048554 -0.069924 0.412395 255 0 0
-0.053322 -0.068661 0.406013 255 0 0
-0.036452 -0.068261 0.403682 255 0 0
-0.041221 -0.066998 0.397300 255 0 0
-0.040510 -0.060046 0.400246 255 0 0
-0.044985 -0.062518 0.398253 255 0 0
-0.044918 -0.055823 0.402524 255 0 0
-0.049314 -0.056427 0.405689 255 0 0
-0.044840 -0.053955 0.407683 255 0 0
-0.044779 -0.057628 0.411759 255 0 0
-0.040383 -0.057024 0.408593 255 0 0
-0.037647 -0.064461 0.408073 255 0 0
-0.037707 -0.060788 0.403997 255 0 0
-0.037774 -0.067483 0.399726 255 0 0
-0.052098 -0.063496 0.403374 255 0 0
-0.052020 -0.061628 0.408533 255 0 0
-0.045014 -0.071483 0.396501 255 0 0
-0.049422 -0.067260 0.398778 255 0 0
-0.037755 -0.075295 0.401162 255 0 0
-0.040558 -0.074552 0.397411 255 0 0
-0.040352 -0.069662 0.410917 255 0 0
-0.037676 -0.073427 0.406321 255 0 0
-0.049217 -0.062370 0.412284 255 0 0
-0.044760 -0.065439 0.413195 255 0 0
-0.052067 -0.076134 0.405698 255 0 0
-0.052127 -0.072461 0.401622 255 0 0
-0.049391 -0.079899 0.401102 255 0 0
-0.044995 -0.079294 0.397937 255 0 0
-0.044935 -0.082968 0.402013 255 0 0
-0.040460 -0.080495 0.404006 255 0 0
-0.044856 -0.081100 0.407171 255 0 0
-0.044790 -0.074404 0.411442 255 0 0
-0.049264 -0.076876 0.409449 255 0 0
-0.052000 -0.069439 0.409969 255 0 0
-0.064851 -0.054186 0.406294 255 0 0
-0.074745 -0.052475 0.413561 255 0 0
-0.069398 -0.075259 0.405065 255 0 0
-0.079293 -0.073548 0.412332 255 0 0
-0.076685 -0.069419 0.404339 255 0 0
-0.073875 -0.056395 0.405098 255 0 0
-0.070269 -0.071339 0.413528 255 0 0
-0.067458 -0.058315 0.414287 255 0 0
-0.078094 -0.063076 0.418032 255 0 0
-0.082059 -0.061889 0.412353 255 0 0
-0.062084 -0.065845 0.406273 255 0 0
-0.066049 -0.064658 0.400594 255 0 0
-0.064287 -0.058642 0.402413 255 0 0
-0.069592 -0.059940 0.401711 255 0 0
-0.068887 -0.053785 0.405061 255 0 0
-0.074703 -0.052779 0.409332 255 0 0
-0.069399 -0.051481 0.410035 255 0 0
-0.070931 -0.053908 0.414733 255 0 0
-0.065115 -0.054914 0.410462 255 0 0
-0.063489 -0.061766 0.410450 255 0 0
-0.061957 -0.059340 0.405751 255 0 0
-0.062661 -0.065495 0.402401 255 0 0
-0.079002 -0.058312 0.408622 255 0 0
-0.079514 -0.056008 0.413596 255 0 0
-0.071244 -0.067595 0.401265 255 0 0
-0.075843 -0.062738 0.403912 255 0 0
-0.064629 -0.071726 0.405029 255 0 0
-0.066960 -0.071028 0.401691 255 0 0
-0.068300 -0.064996 0.414714 255 0 0
-0.065141 -0.069422 0.410004 255 0 0
-0.077183 -0.056706 0.416934 255 0 0
-0.072900 -0.060139 0.417361 255 0 0
-0.082187 -0.068395 0.412874 255 0 0
-0.080654 -0.065968 0.408176 255 0 0
-0.079028 -0.072821 0.408164 255 0 0
-0.073212 -0.073827 0.403892 255 0 0
-0.074745 -0.076254 0.408591 255 0 0
-0.069440 -0.074955 0.409294 255 0 0
-0.075256 -0.073949 0.413565 255 0 0
-0.074552 -0.067794 0.416915 255 0 0
-0.079856 -0.069092 0.416212 255 0 0
-0.081482 -0.062239 0.416224 255 0 0
-0.103729 -0.069239 0.410820 255 0 0
-0.113597 -0.067336 0.418053 255 0 0
-0.108381 -0.089687 0.409855 255 0 0
-0.118250 -0.087783 0.417087 255 0 0
-0.115716 -0.083857 0.408912 255 0 0
-0.112841 -0.071220 0.409509 255 0 0
-0.109138 -0.085802 0.418399 255 0 0
-0.106262 -0.073165 0.418996 255 0 0
-0.116940 -0.077572 0.422737 255 0 0
-0.121006 -0.076370 0.416874 255 0 0
-0.100973 -0.080653 0.411034 255 0 0
-0.105038 -0.079450 0.405171 255 0 0
-0.103224 -0.073613 0.406949 255 0 0
-0.108580 -0.074778 0.406178 255 0 0
-0.107810 -0.068776 0.409499 255 0 0
-0.113610 -0.067657 0.413751 255 0 0
-0.108254 -0.066492 0.414522 255 0 0
-0.109743 -0.068800 0.419327 255 0 0
-0.103943 -0.069919 0.415076 255 0 0
-0.102323 -0.076628 0.415202 255 0 0
-0.100834 -0.074320 0.410396 255 0 0
-0.101604 -0.080322 0.407075 255 0 0
-0.117965 -0.072967 0.413057 255 0 0
-0.118410 -0.070684 0.418080 255 0 0
-0.110270 -0.082206 0.405827 255 0 0
-0.114856 -0.077368 0.408377 255 0 0
-0.103569 -0.086339 0.409828 255 0 0
-0.105959 -0.085632 0.406382 255 0 0
-0.107122 -0.079655 0.419531 255 0 0
-0.104013 -0.084056 0.414851 255 0 0
-0.116020 -0.071390 0.421526 255 0 0
-0.111708 -0.074817 0.422081 255 0 0
-0.121144 -0.082703 0.417512 255 0 0
-0.119655 -0.080395 0.412706 255 0 0
-0.118035 -0.087103 0.412832 255 0 0
-0.112235 -0.088223 0.408581 255 0 0
-0.113724 -0.090530 0.413386 255 0 0
-0.108368 -0.089366 0.414157 255 0 0
-0.114168 -0.088247 0.418409 255 0 0
-0.113399 -0.082245 0.421730 255 0 0
-0.118754 -0.083409 0.420959 255 0 0
-0.120374 -0.076701 0.420833 255 0 0
-0.051100 0.064127 0.414600 255 0 0
-0.059992 0.064822 0.420826 255 0 0
-0.051079 0.041124 0.417198 255 0 0
-0.059971 0.041819 0.423423 255 0 0
-0.059010 0.045307 0.414906 255 0 0
-0.059022 0.059524 0.413301 255 0 0
-0.052049 0.046422 0.424723 255 0 0
-0.052062 0.060639 0.423118 255 0 0
-0.060579 0.053880 0.427082 255 0 0
-0.064881 0.053191 0.421015 255 0 0
-0.046191 0.052755 0.417009 255 0 0
-0.050492 0.052066 0.410941 255 0 0
-0.049964 0.058996 0.411675 255 0 0
-0.054621 0.056291 0.410911 255 0 0
-0.054978 0.063380 0.413062 255 0 0
-0.060205 0.063789 0.416721 255 0 0
-0.055548 0.066494 0.417485 255 0 0
-0.056113 0.064444 0.422492 255 0 0
-0.050886 0.064035 0.418832 255 0 0
-0.048001 0.057351 0.420248 255 0 0
-0.047435 0.059401 0.415241 255 0 0
-0.047078 0.052312 0.413091 255 0 0
-0.063078 0.056952 0.416832 255 0 0
-0.063648 0.060066 0.421256 255 0 0
-0.054613 0.047934 0.411855 255 0 0
-0.059627 0.052318 0.413241 255 0 0
-0.047423 0.045880 0.416768 255 0 0
-0.049952 0.045475 0.413202 255 0 0
-0.051444 0.053628 0.424782 255 0 0
-0.047993 0.048994 0.421191 255 0 0
-0.061119 0.060471 0.424822 255 0 0
-0.056458 0.058012 0.426169 255 0 0
-0.063636 0.046545 0.422782 255 0 0
-0.063070 0.048595 0.417776 255 0 0
-0.060185 0.041911 0.419191 255 0 0
-0.054958 0.041502 0.415532 255 0 0
-0.055523 0.039452 0.420539 255 0 0
-0.050867 0.042158 0.421302 255 0 0
-0.056093 0.042566 0.424962 255 0 0
-0.056450 0.049655 0.427113 255 0 0
-0.061107 0.046950 0.426349 255 0 0
-0.063993 0.053634 0.424933 255 0 0
-0.146346 -0.012169 0.426128 255 0 0
-0.156617 -0.010682 0.433578 255 0 0
-0.149662 -0.032904 0.425694 255 0 0
-0.159933 -0.031417 0.433144 255 0 0
-0.157416 -0.027584 0.424896 255 0 0
-0.155366 -0.014769 0.425165 255 0 0
-0.150913 -0.028817 0.434108 255 0 0
-0.148864 -0.016002 0.434376 255 0 0
-0.159440 -0.020971 0.438510 255 0 0
-0.163458 -0.020209 0.432817 255 0 0
-0.142821 -0.023377 0.426456 255 0 0
-0.146840 -0.022615 0.420763 255 0 0
-0.145443 -0.016619 0.422359 255 0 0
-0.150745 -0.018148 0.421792 255 0 0
-0.150455 -0.012007 0.424946 255 0 0
-0.156493 -0.011134 0.429325 255 0 0
-0.151191 -0.009605 0.429891 255 0 0
-0.152670 -0.011858 0.434739 255 0 0
-0.146633 -0.012732 0.430360 255 0 0
-0.144561 -0.019320 0.430553 255 0 0
-0.143081 -0.017067 0.425705 255 0 0
-0.143371 -0.023207 0.422551 255 0 0
-0.160514 -0.016734 0.428877 255 0 0
-0.161249 -0.014331 0.433823 255 0 0
-0.151950 -0.025680 0.421635 255 0 0
-0.156962 -0.021068 0.424222 255 0 0
-0.145030 -0.029255 0.425450 255 0 0
-0.147392 -0.028807 0.422104 255 0 0
-0.149317 -0.022517 0.435050 255 0 0
-0.145765 -0.026852 0.430395 255 0 0
-0.158887 -0.014779 0.437169 255 0 0
-0.154329 -0.017906 0.437638 255 0 0
-0.163198 -0.026519 0.433568 255 0 0
-0.161718 -0.024266 0.428720 255 0 0
-0.159646 -0.030854 0.428912 255 0 0
-0.153609 -0.031728 0.424533 255 0 0
-0.155089 -0.033981 0.429381 255 0 0
-0.149787 -0.032452 0.429948 255 0 0
-0.155824 -0.031578 0.434326 255 0 0
-0.155534 -0.025438 0.437480 255 0 0
-0.160836 -0.026967 0.436914 255 0 0
-0.162908 -0.020379 0.436721 255 0 0
-0.095236 0.050172 0.424103 255 0 0
-0.102684 0.050495 0.429468 255 0 0
-0.095242 0.025548 0.425576 255 0 0
-0.102690 0.025871 0.430941 255 0 0
-0.102895 0.030088 0.422541 255 0 0
-0.102891 0.045307 0.421631 255 0 0
-0.095035 0.030736 0.433414 255 0 0
-0.095031 0.045955 0.432503 255 0 0
-0.102560 0.038483 0.435223 255 0 0
-0.107418 0.038082 0.428503 255 0 0
-0.090509 0.037961 0.426542 255 0 0
-0.095366 0.037560 0.419822 255 0 0
-0.094658 0.044892 0.420986 255 0 0
-0.099158 0.042032 0.419533 255 0 0
-0.099081 0.049446 0.422050 255 0 0
-0.103459 0.049635 0.425203 255 0 0
-0.098959 0.052495 0.426656 255 0 0
-0.098839 0.050017 0.431594 255 0 0
-0.094461 0.049827 0.428440 255 0 0
-0.091682 0.042649 0.429874 255 0 0
-0.091803 0.045128 0.424936 255 0 0
-0.091880 0.037715 0.422420 255 0 0
-0.106241 0.042339 0.424636 255 0 0
-0.106120 0.045389 0.429242 255 0 0
-0.099160 0.033087 0.420068 255 0 0
-0.103583 0.037640 0.421131 255 0 0
-0.091806 0.030654 0.425802 255 0 0
-0.094662 0.030418 0.421852 255 0 0
-0.094343 0.038403 0.433913 255 0 0
-0.091685 0.033704 0.430409 255 0 0
-0.103264 0.045625 0.433192 255 0 0
-0.098766 0.042956 0.434976 255 0 0
-0.106123 0.030915 0.430108 255 0 0
-0.106244 0.033394 0.425171 255 0 0
-0.103465 0.026216 0.426604 255 0 0
-0.099087 0.026026 0.423451 255 0 0
-0.098967 0.023548 0.428388 255 0 0
-0.094467 0.026408 0.429842 255 0 0
-0.098845 0.026597 0.432995 255 0 0
-0.098768 0.034011 0.435511 255 0 0
-0.103268 0.031151 0.434058 255 0 0
-0.106046 0.038329 0.432625 255 0 0
-0.079632 0.086233 0.418823 255 0 0
-0.089947 0.083950 0.426444 255 0 0
-0.074699 0.066390 0.419557 255 0 0
-0.085013 0.064107 0.427177 255 0 0
-0.084002 0.068070 0.418601 255 0 0
-0.087051 0.080334 0.418148 255 0 0
-0.077595 0.070006 0.427853 255 0 0
-0.080644 0.082269 0.427400 255 0 0
-0.088688 0.073921 0.432024 255 0 0
-0.092648 0.072725 0.426306 255 0 0
-0.071998 0.077615 0.419695 255 0 0
-0.075958 0.076419 0.413976 255 0 0
-0.077000 0.082407 0.415241 255 0 0
-0.081361 0.078939 0.414844 255 0 0
-0.083521 0.084708 0.417693 255 0 0
-0.089584 0.083366 0.422172 255 0 0
-0.085223 0.086833 0.422569 255 0 0
-0.085818 0.084504 0.427610 255 0 0
-0.079755 0.085845 0.423131 255 0 0
-0.075267 0.080780 0.423643 255 0 0
-0.074673 0.083110 0.418602 255 0 0
-0.072513 0.077341 0.415753 255 0 0
-0.091171 0.076768 0.422091 255 0 0
-0.092873 0.078894 0.426967 255 0 0
-0.079568 0.071731 0.415110 255 0 0
-0.086089 0.074032 0.417562 255 0 0
-0.071773 0.071446 0.419033 255 0 0
-0.074100 0.070743 0.415672 255 0 0
-0.078557 0.076307 0.428439 255 0 0
-0.073475 0.073572 0.423910 255 0 0
-0.090546 0.079597 0.430328 255 0 0
-0.085078 0.078609 0.430890 255 0 0
-0.089973 0.067230 0.427399 255 0 0
-0.089378 0.069560 0.422358 255 0 0
-0.084891 0.064494 0.422870 255 0 0
-0.078828 0.065836 0.418391 255 0 0
-0.079423 0.063506 0.423432 255 0 0
-0.075062 0.066974 0.423829 255 0 0
-0.081125 0.065632 0.428308 255 0 0
-0.083285 0.071400 0.431157 255 0 0
-0.087646 0.067933 0.430760 255 0 0
-0.092133 0.072999 0.430248 255 0 0
-0.048511 -0.069221 0.399906 255 0 0
-0.056931 -0.069033 0.406693 255 0 0
-0.049879 -0.090152 0.398791 255 0 0
-0.058298 -0.089964 0.405578 255 0 0
-0.058009 -0.085510 0.397195 255 0 0
-0.057164 -0.072574 0.397884 255 0 0
-0.049646 -0.086611 0.407600 255 0 0
-0.048800 -0.073675 0.408289 255 0 0
-0.057632 -0.079780 0.411449 255 0 0
-0.062801 -0.079100 0.405018 255 0 0
-0.044009 -0.080085 0.400466 255 0 0
-0.049178 -0.079405 0.394035 255 0 0
-0.048044 -0.073386 0.395957 255 0 0
-0.053130 -0.075357 0.394769 255 0 0
-0.052738 -0.069371 0.398219 255 0 0
-0.057687 -0.069260 0.402209 255 0 0
-0.052601 -0.067289 0.403397 255 0 0
-0.052771 -0.069907 0.408325 255 0 0
-0.047822 -0.070018 0.404335 255 0 0
-0.045176 -0.076404 0.404664 255 0 0
-0.045006 -0.073786 0.399737 255 0 0
-0.045398 -0.079772 0.396286 255 0 0
-0.061137 -0.075177 0.401224 255 0 0
-0.061000 -0.073096 0.406402 255 0 0
-0.053627 -0.082961 0.394364 255 0 0
-0.058321 -0.078945 0.396626 255 0 0
-0.045810 -0.086089 0.399081 255 0 0
-0.048848 -0.085689 0.395302 255 0 0
-0.048489 -0.080239 0.408858 255 0 0
-0.045672 -0.084007 0.404259 255 0 0
-0.057962 -0.073496 0.410182 255 0 0
-0.053183 -0.076224 0.411120 255 0 0
-0.061804 -0.085399 0.405747 255 0 0
-0.061634 -0.082781 0.400819 255 0 0
-0.058988 -0.089167 0.401149 255 0 0
-0.054039 -0.089278 0.397159 255 0 0
-0.054209 -0.091896 0.402086 255 0 0
-0.049123 -0.089925 0.403275 255 0 0
-0.054072 -0.089814 0.407264 255 0 0
-0.053680 -0.083828 0.410715 255 0 0
-0.058766 -0.085799 0.409527 255 0 0
-0.061412 -0.079413 0.409197 255 0 0
-0.098744 0.008873 0.426896 255 0 0
-0.105028 0.008099 0.432549 255 0 0
-0.098041 -0.016333 0.424228 255 0 0
-0.104325 -0.017107 0.429881 255 0 0
-0.106066 -0.011486 0.422343 255 0 0
-0.106501 0.004092 0.423992 255 0 0
-0.096569 -0.012326 0.432785 255 0 0
-0.097003 0.003252 0.434434 255 0 0
-0.103684 -0.005003 0.436189 255 0 0
-0.109553 -0.004483 0.429735 255 0 0
-0.093516 -0.003751 0.427042 255 0 0
-0.099385 -0.003232 0.420588 255 0 0
-0.098631 0.004039 0.422926 255 0 0
-0.103190 0.001229 0.421219 255 0 0
-0.102813 0.008343 0.424927 255 0 0
-0.106507 0.007889 0.428250 255 0 0
-0.101948 0.010699 0.429957 255 0 0
-0.100925 0.007395 0.434387 255 0 0
-0.097231 0.007849 0.431064 255 0 0
-0.094158 0.000429 0.431150 255 0 0
-0.095181 0.003733 0.426719 255 0 0
-0.095558 -0.003381 0.423012 255 0 0
-0.109167 0.000493 0.426596 255 0 0
-0.108301 0.002848 0.431626 255 0 0
-0.102935 -0.007928 0.420250 255 0 0
-0.107117 -0.003623 0.422251 255 0 0
-0.094768 -0.011082 0.425151 255 0 0
-0.098218 -0.010777 0.421358 255 0 0
-0.095952 -0.004611 0.434526 255 0 0
-0.093902 -0.008727 0.430181 255 0 0
-0.104851 0.002543 0.435419 255 0 0
-0.100134 -0.000306 0.436527 255 0 0
-0.107888 -0.011968 0.430057 255 0 0
-0.108911 -0.008664 0.425627 255 0 0
-0.105838 -0.016084 0.425712 255 0 0
-0.102145 -0.015629 0.422390 255 0 0
-0.101121 -0.018933 0.426820 255 0 0
-0.096562 -0.016123 0.428527 255 0 0
-0.100256 -0.016578 0.431850 255 0 0
-0.099879 -0.009463 0.435558 255 0 0
-0.104438 -0.012273 0.433851 255 0 0
-0.107511 -0.004853 0.433765 255 0 0
-0.076726 -0.078200 0.395335 255 0 0
-0.088972 -0.075838 0.403856 255 0 0
-0.077026 -0.091953 0.398716 255 0 0
-0.089273 -0.089590 0.407237 255 0 0
-0.087252 -0.089436 0.396710 255 0 0
-0.087067 -0.080937 0.394620 255 0 0
-0.078932 -0.086854 0.407952 255 0 0
-0.078746 -0.078354 0.405862 255 0 0
-0.090336 -0.081186 0.411654 255 0 0
-0.095478 -0.082782 0.404706 255 0 0
-0.070520 -0.085009 0.397866 255 0 0
-0.075662 -0.086605 0.390918 255 0 0
-0.074999 -0.082140 0.391694 255 0 0
-0.081078 -0.083749 0.391274 255 0 0
-0.081702 -0.078809 0.393870 255 0 0
-0.088901 -0.077420 0.398878 255 0 0
-0.082823 -0.075812 0.399298 255 0 0
-0.084010 -0.075902 0.405486 255 0 0
-0.076812 -0.077291 0.400478 255 0 0
-0.073164 -0.081293 0.401966 255 0 0
-0.071977 -0.081202 0.395778 255 0 0
-0.071352 -0.086142 0.393182 255 0 0
-0.092725 -0.081502 0.399378 255 0 0
-0.093845 -0.078505 0.404806 255 0 0
-0.081187 -0.088745 0.392502 255 0 0
-0.087890 -0.085413 0.394678 255 0 0
-0.072153 -0.089286 0.397765 255 0 0
-0.075176 -0.090224 0.393681 255 0 0
-0.078108 -0.082377 0.407894 255 0 0
-0.073273 -0.086289 0.403194 255 0 0
-0.090822 -0.077567 0.408891 255 0 0
-0.084812 -0.079046 0.410070 255 0 0
-0.094022 -0.086588 0.406794 255 0 0
-0.092834 -0.086498 0.400606 255 0 0
-0.089186 -0.090500 0.402094 255 0 0
-0.081988 -0.091888 0.397085 255 0 0
-0.083176 -0.091979 0.403273 255 0 0
-0.077097 -0.090371 0.403694 255 0 0
-0.084296 -0.088982 0.408702 255 0 0
-0.084921 -0.084042 0.411298 255 0 0
-0.090999 -0.085650 0.410878 255 0 0
-0.094646 -0.081648 0.409390 255 0 0
-0.069670 0.068070 0.418946 255 0 0
-0.079454 0.069009 0.425876 255 0 0
-0.068837 0.046373 0.423059 255 0 0
-0.078621 0.047312 0.429990 255 0 0
-0.077210 0.049995 0.421183 255 0 0
-0.077725 0.063404 0.418640 255 0 0
-0.070566 0.051978 0.430295 255 0 0
-0.071080 0.065387 0.427753 255 0 0
-0.080008 0.059063 0.432890 255 0 0
-0.084114 0.057837 0.427259 255 0 0
-0.064176 0.057545 0.421677 255 0 0
-0.068283 0.056319 0.416045 255 0 0
-0.068069 0.062985 0.416271 255 0 0
-0.072804 0.060243 0.416092 255 0 0
-0.073619 0.067150 0.417797 255 0 0
-0.079370 0.067701 0.421870 255 0 0
-0.074635 0.070444 0.422050 255 0 0
-0.075464 0.068867 0.427226 255 0 0
-0.069713 0.068315 0.423153 255 0 0
-0.066484 0.062129 0.424758 255 0 0
-0.065655 0.063706 0.419581 255 0 0
-0.064840 0.056799 0.417876 255 0 0
-0.082109 0.061135 0.422683 255 0 0
-0.083125 0.064429 0.426936 255 0 0
-0.072501 0.052361 0.417586 255 0 0
-0.078051 0.056526 0.419112 255 0 0
-0.065165 0.050953 0.421999 255 0 0
-0.067579 0.050232 0.418689 255 0 0
-0.070240 0.058856 0.429824 255 0 0
-0.066182 0.054247 0.426252 255 0 0
-0.080712 0.065150 0.430246 255 0 0
-0.075790 0.063021 0.431349 255 0 0
-0.082636 0.051676 0.429354 255 0 0
-0.081807 0.053253 0.424177 255 0 0
-0.078578 0.047067 0.425783 255 0 0
-0.072827 0.046515 0.421709 255 0 0
-0.073656 0.044938 0.426886 255 0 0
-0.068921 0.047681 0.427065 255 0 0
-0.074672 0.048232 0.431139 255 0 0
-0.075487 0.055139 0.432844 255 0 0
-0.080222 0.052397 0.432664 255 0 0
-0.083451 0.058583 0.431059 255 0 0
-0.028482 -0.000523 0.408841 255 0 0
-0.033132 -0.000851 0.415660 255 0 0
-0.031046 -0.025250 0.405905 255 0 0
-0.035696 -0.025577 0.412724 255 0 0
-0.038917 -0.019583 0.405813 255 0 0
-0.037332 -0.004301 0.407627 255 0 0
-0.026845 -0.021799 0.413938 255 0 0
-0.025261 -0.006518 0.415752 255 0 0
-0.032121 -0.014000 0.418810 255 0 0
-0.039581 -0.012630 0.413789 255 0 0
-0.024597 -0.013470 0.407776 255 0 0
-0.032057 -0.012100 0.402755 255 0 0
-0.029950 -0.005129 0.404923 255 0 0
-0.035152 -0.007349 0.404209 255 0 0
-0.033051 -0.000545 0.407786 255 0 0
-0.035784 -0.000737 0.411795 255 0 0
-0.030582 0.001483 0.412508 255 0 0
-0.028689 -0.002040 0.416570 255 0 0
-0.025955 -0.001847 0.412562 255 0 0
-0.023672 -0.009457 0.411937 255 0 0
-0.025565 -0.005934 0.407874 255 0 0
-0.027667 -0.012739 0.404297 255 0 0
-0.039575 -0.007661 0.410695 255 0 0
-0.037106 -0.005633 0.415416 255 0 0
-0.036084 -0.016332 0.403143 255 0 0
-0.039184 -0.011748 0.406007 255 0 0
-0.027072 -0.020468 0.406149 255 0 0
-0.031457 -0.019663 0.403197 255 0 0
-0.024993 -0.014353 0.415558 255 0 0
-0.024603 -0.018440 0.410870 255 0 0
-0.032721 -0.006438 0.418368 255 0 0
-0.028094 -0.009769 0.418422 255 0 0
-0.038613 -0.020166 0.413691 255 0 0
-0.040506 -0.016643 0.409628 255 0 0
-0.038222 -0.024253 0.409003 255 0 0
-0.035489 -0.024061 0.404995 255 0 0
-0.033596 -0.027584 0.409057 255 0 0
-0.028394 -0.025363 0.409770 255 0 0
-0.031127 -0.025556 0.413779 255 0 0
-0.029025 -0.018751 0.417356 255 0 0
-0.034228 -0.020972 0.416642 255 0 0
-0.036511 -0.013362 0.417268 255 0 0
-0.029708 0.053569 0.413628 255 0 0
-0.034475 0.053871 0.420525 255 0 0
-0.031636 0.028386 0.413400 255 0 0
-0.036403 0.028688 0.420297 255 0 0
-0.039535 0.033834 0.412804 255 0 0
-0.038344 0.049398 0.412945 255 0 0
-0.027767 0.032859 0.420981 255 0 0
-0.026576 0.048423 0.421121 255 0 0
-0.033276 0.041072 0.425069 255 0 0
-0.040549 0.041675 0.420016 255 0 0
-0.025563 0.040583 0.413910 255 0 0
-0.032836 0.041185 0.408856 255 0 0
-0.030959 0.048474 0.410238 255 0 0
-0.036035 0.046022 0.409836 255 0 0
-0.034197 0.053302 0.412641 255 0 0
-0.036998 0.053479 0.416695 255 0 0
-0.031923 0.055931 0.417097 255 0 0
-0.030081 0.052906 0.421501 255 0 0
-0.027279 0.052729 0.417447 255 0 0
-0.024843 0.045095 0.417613 255 0 0
-0.026684 0.048120 0.413208 255 0 0
-0.028522 0.040841 0.410404 255 0 0
-0.040568 0.046310 0.416395 255 0 0
-0.038294 0.048940 0.420851 255 0 0
-0.036735 0.036874 0.409754 255 0 0
-0.039973 0.041702 0.412157 255 0 0
-0.027817 0.033318 0.413074 255 0 0
-0.032092 0.033672 0.410104 255 0 0
-0.026139 0.040556 0.421769 255 0 0
-0.025543 0.035947 0.417530 255 0 0
-0.034019 0.048585 0.423821 255 0 0
-0.029376 0.045383 0.424172 255 0 0
-0.039427 0.034137 0.420717 255 0 0
-0.041269 0.037162 0.416313 255 0 0
-0.038832 0.029529 0.416478 255 0 0
-0.036030 0.029351 0.412424 255 0 0
-0.034189 0.026326 0.416829 255 0 0
-0.029113 0.028778 0.417230 255 0 0
-0.031915 0.028956 0.421284 255 0 0
-0.030077 0.036235 0.424089 255 0 0
-0.035152 0.033783 0.423687 255 0 0
-0.037589 0.041416 0.423522 255 0 0
-0.037045 0.030581 0.414948 255 0 0
-0.041893 0.029352 0.421838 255 0 0
-0.034996 0.005967 0.412002 255 0 0
-0.039844 0.004738 0.418892 255 0 0
-0.043688 0.010059 0.411876 255 0 0
-0.044955 0.025271 0.413696 255 0 0
-0.031934 0.010048 0.420144 255 0 0
-0.033201 0.025260 0.421964 255 0 0
-0.038735 0.016663 0.425049 255 0 0
-0.045999 0.016669 0.419939 255 0 0
-0.030890 0.018650 0.413901 255 0 0
-0.038155 0.018657 0.408791 255 0 0
-0.037452 0.025840 0.410982 255 0 0
-0.042101 0.022720 0.410247 255 0 0
-0.041449 0.029728 0.413866 255 0 0
-0.044298 0.029006 0.417916 255 0 0
-0.039649 0.032127 0.418651 255 0 0
-0.037390 0.029000 0.422776 255 0 0
-0.034540 0.029722 0.418726 255 0 0
-0.030922 0.022709 0.418110 255 0 0
-0.033182 0.025837 0.413986 255 0 0
-0.033834 0.018828 0.410367 255 0 0
-0.046711 0.021551 0.416800 255 0 0
-0.044912 0.023950 0.421586 255 0 0
-0.041356 0.013778 0.409177 255 0 0
-0.045353 0.017666 0.412060 255 0 0
-0.031977 0.011369 0.412255 255 0 0
-0.036247 0.011373 0.409251 255 0 0
-0.031536 0.017653 0.421780 255 0 0
-0.030178 0.013768 0.417040 255 0 0
-0.040642 0.023946 0.424589 255 0 0
-0.035533 0.021541 0.424663 255 0 0
-0.043707 0.009483 0.419854 255 0 0
-0.045967 0.012610 0.415730 255 0 0
-0.042349 0.005597 0.415114 255 0 0
-0.039499 0.006319 0.411064 255 0 0
-0.037240 0.003192 0.415189 255 0 0
-0.032591 0.006313 0.415924 255 0 0
-0.035440 0.005591 0.419974 255 0 0
-0.034788 0.012600 0.423593 255 0 0
-0.039437 0.009479 0.422858 255 0 0
-0.043055 0.016491 0.423473 255 0 0
0.049701 0.095667 0.426728 255 0 0
0.045096 0.097108 0.432605 255 0 0
0.049334 0.078858 0.430563 255 0 0
0.044728 0.080299 0.436440 255 0 0
0.037871 0.081417 0.425872 255 0 0
0.038098 0.091805 0.423502 255 0 0
0.056331 0.084160 0.439666 255 0 0
0.056558 0.094549 0.437296 255 0 0
0.049193 0.089997 0.440601 255 0 0
0.037784 0.088301 0.432076 255 0 0
0.056645 0.087665 0.431092 255 0 0
0.045236 0.085969 0.422567 255 0 0
0.047513 0.091316 0.423430 255 0 0
0.040693 0.089046 0.421534 255 0 0
0.043318 0.094746 0.423980 255 0 0
0.040611 0.095593 0.427434 255 0 0
0.047431 0.097863 0.429330 255 0 0
0.051461 0.097206 0.435542 255 0 0
0.054168 0.096359 0.432087 255 0 0
0.058250 0.091655 0.434652 255 0 0
0.054219 0.092312 0.428441 255 0 0
0.051595 0.086612 0.425995 255 0 0
0.036313 0.090417 0.427123 255 0 0
0.040426 0.093534 0.432474 255 0 0
0.040560 0.082940 0.422927 255 0 0
0.036364 0.086370 0.423477 255 0 0
0.054004 0.082432 0.430695 255 0 0
0.047297 0.081435 0.425684 255 0 0
0.058065 0.089596 0.439692 255 0 0
0.058116 0.085549 0.436045 255 0 0
0.047132 0.094530 0.437485 255 0 0
0.053870 0.093026 0.440242 255 0 0
0.040210 0.083654 0.434728 255 0 0
0.036180 0.084311 0.428516 255 0 0
0.040261 0.079607 0.431081 255 0 0
0.042968 0.078760 0.427627 255 0 0
0.046999 0.078103 0.433838 255 0 0
0.053819 0.080372 0.435734 255 0 0
0.051112 0.081220 0.439189 255 0 0
0.053736 0.086920 0.441635 255 0 0
0.046916 0.084650 0.439739 255 0 0
0.042835 0.089354 0.437174 255 0 0
-0.008347 -0.039831 0.412490 255 0 0
-0.012162 -0.040729 0.418280 255 0 0
-0.003866 -0.060333 0.412263 255 0 0
-0.007681 -0.061231 0.418054 255 0 0
-0.015033 -0.058639 0.409390 255 0 0
-0.017803 -0.045969 0.409530 255 0 0
0.001774 -0.055093 0.421013 255 0 0
-0.000995 -0.042423 0.421153 255 0 0
-0.005907 -0.050162 0.423548 255 0 0
-0.016294 -0.052353 0.416364 255 0 0
0.000266 -0.048709 0.414179 255 0 0
-0.010121 -0.050900 0.406995 255 0 0
-0.009449 -0.044459 0.408772 255 0 0
-0.015006 -0.048066 0.407032 255 0 0
-0.013964 -0.041560 0.410261 255 0 0
-0.016206 -0.042088 0.413665 255 0 0
-0.010648 -0.038481 0.415404 255 0 0
-0.006327 -0.040004 0.420497 255 0 0
-0.004085 -0.039476 0.417093 255 0 0
0.000978 -0.044694 0.418087 255 0 0
-0.003343 -0.043171 0.412994 255 0 0
-0.004386 -0.049677 0.409765 255 0 0
-0.018635 -0.048920 0.412539 255 0 0
-0.015319 -0.045841 0.417682 255 0 0
-0.013378 -0.055514 0.406950 255 0 0
-0.017893 -0.052615 0.408439 255 0 0
-0.000709 -0.055221 0.412861 255 0 0
-0.006814 -0.056509 0.408639 255 0 0
0.001865 -0.048447 0.422104 255 0 0
0.002606 -0.052142 0.418004 255 0 0
-0.009214 -0.044553 0.421904 255 0 0
-0.002650 -0.045548 0.423593 255 0 0
-0.012685 -0.057891 0.417549 255 0 0
-0.017006 -0.056368 0.412457 255 0 0
-0.011944 -0.061586 0.413450 255 0 0
-0.009701 -0.061058 0.410046 255 0 0
-0.005380 -0.062581 0.415139 255 0 0
0.000178 -0.058974 0.416878 255 0 0
-0.002065 -0.059502 0.420282 255 0 0
-0.001022 -0.052996 0.423511 255 0 0
-0.006579 -0.056603 0.421771 255 0 0
-0.011642 -0.051385 0.420778 255 0 0
0.002922 -0.069071 0.408091 255 0 0
-0.000934 -0.070311 0.413918 255 0 0
0.006326 -0.088842 0.406136 255 0 0
0.002470 -0.090082 0.411964 255 0 0
-0.005000 -0.086601 0.403441 255 0 0
-0.007104 -0.074382 0.404649 255 0 0
0.012496 -0.084771 0.415406 255 0 0
0.010392 -0.072552 0.416614 255 0 0
0.004983 -0.080014 0.418439 255 0 0
-0.005830 -0.081145 0.411044 255 0 0
0.011222 -0.078008 0.409010 255 0 0
0.000409 -0.079139 0.401615 255 0 0
0.001484 -0.073144 0.403944 255 0 0
-0.004409 -0.076266 0.401921 255 0 0
-0.002931 -0.070348 0.405727 255 0 0
-0.005198 -0.071077 0.409153 255 0 0
0.000695 -0.067956 0.411176 255 0 0
0.005086 -0.070002 0.416186 255 0 0
0.007353 -0.069273 0.412760 255 0 0
0.012231 -0.074526 0.413301 255 0 0
0.007840 -0.072480 0.408291 255 0 0
0.006363 -0.078397 0.404485 255 0 0
-0.008076 -0.077445 0.407464 255 0 0
-0.004449 -0.075052 0.412912 255 0 0
-0.003172 -0.083448 0.401211 255 0 0
-0.007588 -0.080652 0.402994 255 0 0
0.009841 -0.084100 0.407142 255 0 0
0.003485 -0.084765 0.402795 255 0 0
0.012980 -0.078501 0.417060 255 0 0
0.013468 -0.081708 0.412591 255 0 0
0.001907 -0.074388 0.417259 255 0 0
0.008564 -0.075705 0.418843 255 0 0
-0.002448 -0.086673 0.411763 255 0 0
-0.006839 -0.084627 0.406754 255 0 0
-0.001961 -0.089880 0.407294 255 0 0
0.000306 -0.089151 0.403869 255 0 0
0.004697 -0.091197 0.408878 255 0 0
0.010590 -0.088076 0.410901 255 0 0
0.008324 -0.088805 0.414327 255 0 0
0.009801 -0.082887 0.418133 255 0 0
0.003908 -0.086009 0.416110 255 0 0
-0.000971 -0.080756 0.415570 255 0 0
-0.081849 -0.041427 0.415047 255 0 0
-0.091831 -0.041407 0.422221 255 0 0
-0.084125 -0.062680 0.411936 255 0 0
-0.094108 -0.062661 0.419111 255 0 0
-0.091971 -0.057589 0.411538 255 0 0
-0.090564 -0.044454 0.413460 255 0 0
-0.085392 -0.059634 0.420697 255 0 0
-0.083985 -0.046499 0.422620 255 0 0
-0.094021 -0.052660 0.425713 255 0 0
-0.098087 -0.051396 0.420052 255 0 0
-0.077869 -0.052691 0.414105 255 0 0
-0.081935 -0.051427 0.408444 255 0 0
-0.080824 -0.045441 0.410809 255 0 0
-0.085946 -0.047220 0.409876 255 0 0
-0.085896 -0.041342 0.413757 255 0 0
-0.091763 -0.041330 0.417974 255 0 0
-0.086640 -0.039551 0.418907 255 0 0
-0.087896 -0.042532 0.423358 255 0 0
-0.082029 -0.042544 0.419141 255 0 0
-0.079689 -0.049165 0.418588 255 0 0
-0.078434 -0.046184 0.414136 255 0 0
-0.078484 -0.052062 0.410255 255 0 0
-0.095440 -0.047202 0.416700 255 0 0
-0.096185 -0.045411 0.421849 255 0 0
-0.086773 -0.054941 0.408746 255 0 0
-0.091845 -0.050842 0.411695 255 0 0
-0.079771 -0.058676 0.412308 255 0 0
-0.082161 -0.057933 0.408981 255 0 0
-0.084111 -0.053246 0.422463 255 0 0
-0.080516 -0.056886 0.417458 255 0 0
-0.093795 -0.046154 0.425177 255 0 0
-0.089183 -0.049147 0.425411 255 0 0
-0.097523 -0.057904 0.420021 255 0 0
-0.096267 -0.054923 0.415570 255 0 0
-0.093928 -0.061544 0.415016 255 0 0
-0.088060 -0.061555 0.410799 255 0 0
-0.089316 -0.064536 0.415251 255 0 0
-0.084193 -0.062757 0.416183 255 0 0
-0.090061 -0.062746 0.420400 255 0 0
-0.090010 -0.056867 0.424281 255 0 0
-0.095133 -0.058647 0.423348 255 0 0
-0.097472 -0.052026 0.423902 255 0 0
0.047056 -0.043570 0.460866 255 0 0
0.041524 -0.044448 0.465024 255 0 0
0.046918 -0.063875 0.456395 255 0 0
0.041386 -0.064753 0.460553 255 0 0
0.037787 -0.058605 0.451212 255 0 0
0.037872 -0.046056 0.453975 255 0 0
0.050570 -0.062267 0.467443 255 0 0
0.050655 -0.049718 0.470207 255 0 0
0.043696 -0.056003 0.469090 255 0 0
0.035796 -0.053740 0.459058 255 0 0
0.052647 -0.054583 0.462361 255 0 0
0.044746 -0.052320 0.452329 255 0 0
0.046196 -0.046853 0.455876 255 0 0
0.040798 -0.048315 0.451826 255 0 0
0.042156 -0.043172 0.456843 255 0 0
0.038904 -0.043688 0.459288 255 0 0
0.044303 -0.042227 0.463338 255 0 0
0.046418 -0.045840 0.468828 255 0 0
0.049670 -0.045324 0.466384 255 0 0
0.052956 -0.051797 0.467262 255 0 0
0.050840 -0.048184 0.461772 255 0 0
0.049482 -0.053326 0.456754 255 0 0
0.035537 -0.049150 0.455781 255 0 0
0.037684 -0.048205 0.462275 255 0 0
0.040748 -0.055691 0.450201 255 0 0
0.036707 -0.052009 0.451169 255 0 0
0.050759 -0.060118 0.459144 255 0 0
0.046115 -0.058788 0.453248 255 0 0
0.051735 -0.056314 0.470250 255 0 0
0.052905 -0.059173 0.465638 255 0 0
0.042327 -0.049535 0.468171 255 0 0
0.047694 -0.052632 0.471218 255 0 0
0.037602 -0.060139 0.459647 255 0 0
0.035487 -0.056526 0.454156 255 0 0
0.038773 -0.062999 0.455035 255 0 0
0.042024 -0.062483 0.452591 255 0 0
0.044140 -0.066096 0.458081 255 0 0
0.049538 -0.064635 0.462131 255 0 0
0.046286 -0.065151 0.464576 255 0 0
0.047644 -0.060008 0.469593 255 0 0
0.042246 -0.061469 0.465543 255 0 0
0.038960 -0.054997 0.464664 255 0 0
-0.105881 -0.031668 0.421718 255 0 0
-0.113120 -0.032787 0.426972 255 0 0
-0.105747 -0.055810 0.416761 255 0 0
-0.112986 -0.056929 0.422016 255 0 0
-0.113474 -0.050675 0.414943 255 0 0
-0.113556 -0.035754 0.418007 255 0 0
-0.105311 -0.052844 0.425727 255 0 0
-0.105393 -0.037923 0.428790 255 0 0
-0.112767 -0.045874 0.429450 255 0 0
-0.117812 -0.044534 0.422785 255 0 0
-0.101054 -0.044064 0.420948 255 0 0
-0.106099 -0.042723 0.414283 255 0 0
-0.105385 -0.035949 0.417322 255 0 0
-0.109897 -0.038350 0.415140 255 0 0
-0.109768 -0.031852 0.419510 255 0 0
-0.114023 -0.032510 0.422599 255 0 0
-0.109512 -0.030108 0.424780 255 0 0
-0.109225 -0.033785 0.428937 255 0 0
-0.104970 -0.033127 0.425849 255 0 0
-0.102134 -0.040413 0.425396 255 0 0
-0.102420 -0.036737 0.421239 255 0 0
-0.102549 -0.043235 0.416869 255 0 0
-0.116782 -0.039414 0.420138 255 0 0
-0.116525 -0.037670 0.425408 255 0 0
-0.109849 -0.047120 0.413340 255 0 0
-0.114231 -0.043024 0.415528 255 0 0
-0.102342 -0.050927 0.418326 255 0 0
-0.105307 -0.050139 0.414408 255 0 0
-0.104635 -0.045574 0.428205 255 0 0
-0.102085 -0.049183 0.423596 255 0 0
-0.113560 -0.038458 0.429325 255 0 0
-0.109018 -0.041477 0.430394 255 0 0
-0.116447 -0.051861 0.422494 255 0 0
-0.116733 -0.048184 0.418337 255 0 0
-0.113896 -0.055470 0.417885 255 0 0
-0.109641 -0.054813 0.414796 255 0 0
-0.109355 -0.058489 0.418953 255 0 0
-0.104843 -0.056088 0.421135 255 0 0
-0.109098 -0.056745 0.424223 255 0 0
-0.108970 -0.050247 0.428593 255 0 0
-0.113481 -0.052649 0.426412 255 0 0
-0.116318 -0.045363 0.426864 255 0 0
-0.008108 -0.022846 0.410447 255 0 0
-0.011978 -0.023419 0.416259 255 0 0
-0.004385 -0.043417 0.410898 255 0 0
-0.008255 -0.043990 0.416709 255 0 0
-0.015491 -0.041432 0.407921 255 0 0
-0.017791 -0.028719 0.407643 255 0 0
0.001428 -0.038117 0.419514 255 0 0
-0.000872 -0.025403 0.419236 255 0 0
-0.006084 -0.032857 0.421863 255 0 0
-0.016541 -0.034906 0.414697 255 0 0
0.000178 -0.031930 0.412459 255 0 0
-0.010279 -0.033979 0.405294 255 0 0
-0.009371 -0.027533 0.406869 255 0 0
-0.015063 -0.030985 0.405220 255 0 0
-0.013787 -0.024442 0.408249 255 0 0
-0.016061 -0.024779 0.411665 255 0 0
-0.010370 -0.021327 0.413314 255 0 0
-0.006117 -0.022830 0.418479 255 0 0
-0.003842 -0.022493 0.415063 255 0 0
0.001028 -0.027832 0.416246 255 0 0
-0.003225 -0.026329 0.411080 255 0 0
-0.004501 -0.032873 0.408051 255 0 0
-0.018743 -0.031530 0.410747 255 0 0
-0.015326 -0.028415 0.415812 255 0 0
-0.013710 -0.038458 0.405384 255 0 0
-0.018126 -0.035367 0.406764 255 0 0
-0.001037 -0.038420 0.411345 255 0 0
-0.007183 -0.039625 0.407134 255 0 0
0.001763 -0.031469 0.420393 255 0 0
0.002380 -0.035305 0.416410 255 0 0
-0.009180 -0.027211 0.420023 255 0 0
-0.002653 -0.028377 0.421773 255 0 0
-0.013138 -0.040506 0.416077 255 0 0
-0.017391 -0.039003 0.410911 255 0 0
-0.012521 -0.044343 0.412093 255 0 0
-0.010246 -0.044006 0.408677 255 0 0
-0.005993 -0.045509 0.413843 255 0 0
-0.000302 -0.042057 0.415492 255 0 0
-0.002576 -0.042394 0.418908 255 0 0
-0.001300 -0.035850 0.421937 255 0 0
-0.006992 -0.039302 0.420288 255 0 0
-0.011862 -0.033963 0.419105 255 0 0
0.017999 0.038406 0.428694 255 0 0
0.014158 0.039237 0.434416 255 0 0
0.013446 0.018064 0.428593 255 0 0
0.009605 0.018896 0.434315 255 0 0
0.003941 0.024287 0.425520 255 0 0
0.006755 0.036859 0.425582 255 0 0
0.020849 0.020443 0.437426 255 0 0
0.023663 0.033015 0.437489 255 0 0
0.015920 0.028135 0.439813 255 0 0
0.005470 0.030511 0.432454 255 0 0
0.022134 0.026791 0.430554 255 0 0
0.011684 0.029166 0.423196 255 0 0
0.015024 0.034688 0.424969 255 0 0
0.008415 0.033778 0.423140 255 0 0
0.012127 0.039209 0.426371 255 0 0
0.009869 0.039698 0.429735 255 0 0
0.016478 0.040607 0.431564 255 0 0
0.019808 0.037438 0.436733 255 0 0
0.022065 0.036950 0.433370 255 0 0
0.024496 0.030122 0.434464 255 0 0
0.021166 0.033291 0.429294 255 0 0
0.017454 0.027860 0.426062 255 0 0
0.004763 0.034569 0.428582 255 0 0
0.009114 0.035967 0.433774 255 0 0
0.006761 0.026389 0.423103 255 0 0
0.003864 0.030910 0.424506 255 0 0
0.018490 0.021335 0.429235 255 0 0
0.012348 0.022731 0.424909 255 0 0
0.023740 0.026391 0.438503 255 0 0
0.022842 0.022733 0.434427 255 0 0
0.015256 0.034570 0.438099 255 0 0
0.020843 0.030913 0.439905 255 0 0
0.006438 0.024010 0.433714 255 0 0
0.003109 0.027179 0.428545 255 0 0
0.005539 0.020352 0.429639 255 0 0
0.007796 0.019863 0.426275 255 0 0
0.011126 0.016694 0.431445 255 0 0
0.017735 0.017604 0.433274 255 0 0
0.015477 0.018092 0.436637 255 0 0
0.019189 0.023523 0.439869 255 0 0
0.012580 0.022614 0.438040 255 0 0
0.010150 0.029441 0.436946 255 0 0
-0.005578 0.055421 0.416908 255 0 0
-0.009718 0.056205 0.423099 255 0 0
-0.009057 0.033326 0.417379 255 0 0
-0.013197 0.034110 0.423571 255 0 0
-0.017898 0.039000 0.415279 255 0 0
-0.015747 0.052655 0.414987 255 0 0
-0.003028 0.036876 0.425491 255 0 0
-0.000877 0.050531 0.425200 255 0 0
-0.008142 0.044744 0.428404 255 0 0
-0.017332 0.046056 0.422092 255 0 0
-0.001443 0.043475 0.418386 255 0 0
-0.010633 0.044788 0.412074 255 0 0
-0.007880 0.051042 0.413482 255 0 0
-0.013858 0.049416 0.412353 255 0 0
-0.010886 0.055666 0.415194 255 0 0
-0.013320 0.056127 0.418833 255 0 0
-0.007342 0.057753 0.419962 255 0 0
-0.004579 0.054879 0.424836 255 0 0
-0.002146 0.054418 0.421197 255 0 0
0.000284 0.047396 0.422066 255 0 0
-0.002478 0.050270 0.417192 255 0 0
-0.005450 0.044020 0.414351 255 0 0
-0.017795 0.050162 0.418241 255 0 0
-0.014251 0.052248 0.423010 255 0 0
-0.015122 0.041390 0.412524 255 0 0
-0.018128 0.046014 0.414236 255 0 0
-0.004524 0.037283 0.417469 255 0 0
-0.009925 0.038055 0.413759 255 0 0
-0.000647 0.043517 0.426242 255 0 0
-0.000980 0.039370 0.422237 255 0 0
-0.008849 0.051477 0.426719 255 0 0
-0.003653 0.048142 0.427954 255 0 0
-0.016297 0.039261 0.423287 255 0 0
-0.019059 0.042135 0.418413 255 0 0
-0.016629 0.035113 0.419282 255 0 0
-0.014196 0.034653 0.415642 255 0 0
-0.011433 0.031778 0.420516 255 0 0
-0.005455 0.033404 0.421645 255 0 0
-0.007889 0.033865 0.425284 255 0 0
-0.004917 0.040115 0.428125 255 0 0
-0.010895 0.038490 0.426996 255 0 0
-0.013325 0.045511 0.426128 255 0 0
0.043282 0.079496 0.431325 255 0 0
0.039062 0.080810 0.436699 255 0 0
0.042596 0.059009 0.435794 255 0 0
0.038376 0.060322 0.441168 255 0 0
0.032335 0.062495 0.431390 255 0 0
0.032759 0.075157 0.428628 255 0 0
0.048899 0.064662 0.443865 255 0 0
0.049323 0.077324 0.441103 255 0 0
0.042534 0.071641 0.444449 255 0 0
0.032297 0.070303 0.436739 255 0 0
0.049361 0.069516 0.435754 255 0 0
0.039124 0.068177 0.428044 255 0 0
0.041269 0.074526 0.428532 255 0 0
0.035084 0.071976 0.426947 255 0 0
0.037528 0.078629 0.428876 255 0 0
0.035047 0.079401 0.432034 255 0 0
0.041232 0.081952 0.433620 255 0 0
0.044783 0.080674 0.439367 255 0 0
0.047263 0.079902 0.436209 255 0 0
0.050836 0.074036 0.438812 255 0 0
0.047286 0.075313 0.433064 255 0 0
0.044842 0.068660 0.431136 255 0 0
0.031071 0.073225 0.432058 255 0 0
0.034776 0.076548 0.436802 255 0 0
0.034835 0.064533 0.428570 255 0 0
0.031093 0.068636 0.428914 255 0 0
0.046882 0.063271 0.435691 255 0 0
0.040865 0.062484 0.431159 255 0 0
0.050565 0.071183 0.443579 255 0 0
0.050587 0.066594 0.440435 255 0 0
0.040793 0.077335 0.441334 255 0 0
0.046823 0.075285 0.443923 255 0 0
0.034372 0.064505 0.439429 255 0 0
0.030822 0.065783 0.433681 255 0 0
0.034395 0.059916 0.436284 255 0 0
0.036875 0.059144 0.433126 255 0 0
0.040426 0.057867 0.438873 255 0 0
0.046611 0.060418 0.440459 255 0 0
0.044130 0.061190 0.443617 255 0 0
0.046574 0.067843 0.445546 255 0 0
0.040389 0.065292 0.443961 255 0 0
0.036816 0.071159 0.441357 255 0 0
-0.004314 0.086129 0.410362 255 0 0
-0.008186 0.087347 0.416271 255 0 0
-0.009115 0.065572 0.411452 255 0 0
-0.012988 0.066790 0.417361 255 0 0
-0.018271 0.071707 0.408536 255 0 0
-0.015304 0.084412 0.407863 255 0 0
-0.001998 0.068507 0.419861 255 0 0
0.000970 0.081212 0.419187 255 0 0
-0.006755 0.076456 0.422142 255 0 0
-0.016813 0.078434 0.415143 255 0 0
-0.000489 0.074485 0.412581 255 0 0
-0.010547 0.076463 0.405582 255 0 0
-0.007216 0.082145 0.406938 255 0 0
-0.013676 0.081136 0.405469 255 0 0
-0.010012 0.086818 0.408279 255 0 0
-0.012289 0.087533 0.411752 255 0 0
-0.005829 0.088542 0.413221 255 0 0
-0.002723 0.085652 0.418408 255 0 0
-0.000447 0.084936 0.414935 255 0 0
0.001801 0.078092 0.416239 255 0 0
-0.001304 0.080983 0.411052 255 0 0
-0.004968 0.075301 0.408242 255 0 0
-0.017359 0.082294 0.411089 255 0 0
-0.013175 0.084019 0.416031 255 0 0
-0.015420 0.073669 0.405865 255 0 0
-0.018216 0.078341 0.407205 255 0 0
-0.004126 0.068900 0.411693 255 0 0
-0.010038 0.070062 0.407579 255 0 0
0.000915 0.074578 0.420518 255 0 0
0.000057 0.070625 0.416635 255 0 0
-0.007263 0.082857 0.420145 255 0 0
-0.001881 0.079251 0.421859 255 0 0
-0.015997 0.071936 0.416672 255 0 0
-0.019103 0.074827 0.411485 255 0 0
-0.016855 0.067983 0.412789 255 0 0
-0.014579 0.067267 0.409315 255 0 0
-0.011473 0.064377 0.414503 255 0 0
-0.005013 0.065386 0.415972 255 0 0
-0.007289 0.066102 0.419445 255 0 0
-0.003626 0.071783 0.422255 255 0 0
-0.010085 0.070774 0.420786 255 0 0
-0.012334 0.077618 0.419482 255 0 0
-0.016673 0.082915 0.406106 255 0 0
-0.021070 0.084364 0.412415 255 0 0
-0.017181 0.059777 0.411067 255 0 0
-0.021578 0.061226 0.417376 255 0 0
-0.026076 0.064095 0.408729 255 0 0
-0.025762 0.078395 0.405663 255 0 0
-0.012489 0.065746 0.417820 255 0 0
-0.012175 0.080046 0.414754 255 0 0
-0.018484 0.073753 0.419654 255 0 0
-0.026881 0.072733 0.414036 255 0 0
-0.011369 0.071408 0.409447 255 0 0
-0.019767 0.070388 0.403828 255 0 0
-0.018061 0.077456 0.403778 255 0 0
-0.023403 0.074799 0.403517 255 0 0
-0.021585 0.082162 0.404856 255 0 0
-0.024169 0.083014 0.408564 255 0 0
-0.018827 0.085670 0.408825 255 0 0
-0.016183 0.083984 0.413908 255 0 0
-0.013598 0.083132 0.410200 255 0 0
-0.010481 0.076369 0.412163 255 0 0
-0.013125 0.078055 0.407080 255 0 0
-0.014943 0.070692 0.405741 255 0 0
-0.027585 0.076177 0.409517 255 0 0
-0.024827 0.079686 0.413486 255 0 0
-0.023588 0.066394 0.405319 255 0 0
-0.027112 0.071100 0.406397 255 0 0
-0.013423 0.064455 0.409996 255 0 0
-0.018359 0.063856 0.406694 255 0 0
-0.011139 0.073041 0.417085 255 0 0
-0.010665 0.067964 0.413965 255 0 0
-0.019891 0.080285 0.416789 255 0 0
-0.014663 0.077747 0.418163 255 0 0
-0.025126 0.066086 0.416402 255 0 0
-0.027770 0.067772 0.411319 255 0 0
-0.024652 0.061009 0.413282 255 0 0
-0.022068 0.060157 0.409574 255 0 0
-0.019424 0.058470 0.414657 255 0 0
-0.014081 0.061127 0.414918 255 0 0
-0.016666 0.061979 0.418626 255 0 0
-0.014848 0.069342 0.419965 255 0 0
-0.020190 0.066685 0.419704 255 0 0
-0.023307 0.073449 0.417741 255 0 0
-0.020779 0.045120 0.415802 255 0 0
-0.025286 0.044850 0.422353 255 0 0
-0.020698 0.021028 0.414865 255 0 0
-0.025205 0.020758 0.421416 255 0 0
-0.029504 0.025647 0.413828 255 0 0
-0.029554 0.040536 0.414407 255 0 0
-0.016430 0.025341 0.422810 255 0 0
-0.016480 0.040231 0.423389 255 0 0
-0.022598 0.032626 0.426684 255 0 0
-0.030678 0.032815 0.421133 255 0 0
-0.015306 0.033063 0.416085 255 0 0
-0.023386 0.033251 0.410533 255 0 0
-0.021923 0.040282 0.412212 255 0 0
-0.027081 0.037588 0.411393 255 0 0
-0.025548 0.044564 0.414489 255 0 0
-0.028197 0.044406 0.418340 255 0 0
-0.023039 0.047100 0.419159 255 0 0
-0.020512 0.044226 0.423619 255 0 0
-0.017863 0.044385 0.419769 255 0 0
-0.014646 0.037298 0.419935 255 0 0
-0.017173 0.040171 0.415475 255 0 0
-0.018706 0.033195 0.412378 255 0 0
-0.031367 0.037332 0.417623 255 0 0
-0.028858 0.039867 0.422293 255 0 0
-0.027051 0.028836 0.411052 255 0 0
-0.030677 0.033118 0.413329 255 0 0
-0.017126 0.026010 0.414925 255 0 0
-0.021875 0.026121 0.411662 255 0 0
-0.015307 0.032759 0.423888 255 0 0
-0.014617 0.028546 0.419595 255 0 0
-0.024108 0.039756 0.425556 255 0 0
-0.018932 0.037041 0.426165 255 0 0
-0.028811 0.025706 0.421743 255 0 0
-0.031338 0.028580 0.417283 255 0 0
-0.028121 0.021493 0.417449 255 0 0
-0.025471 0.021651 0.413598 255 0 0
-0.022944 0.018778 0.418058 255 0 0
-0.017787 0.021472 0.418878 255 0 0
-0.020436 0.021313 0.422729 255 0 0
-0.018903 0.028289 0.425825 255 0 0
-0.024061 0.025595 0.425006 255 0 0
-0.027278 0.032682 0.424839 255 0 0
-0.029491 0.087532 0.406861 255 0 0
-0.034080 0.089027 0.413373 255 0 0
-0.030400 0.064330 0.411551 255 0 0
-0.034989 0.065826 0.418063 255 0 0
-0.039046 0.068865 0.409460 255 0 0
-0.038485 0.083204 0.406562 255 0 0
-0.025995 0.070153 0.418362 255 0 0
-0.025434 0.084493 0.415463 255 0 0
-0.031919 0.078287 0.420481 255 0 0
-0.039986 0.077491 0.414979 255 0 0
-0.024494 0.075867 0.409944 255 0 0
-0.032561 0.075070 0.404443 255 0 0
-0.030813 0.082112 0.404456 255 0 0
-0.036099 0.079569 0.404281 255 0 0
-0.034295 0.086893 0.405702 255 0 0
-0.036992 0.087773 0.409530 255 0 0
-0.031706 0.090316 0.409705 255 0 0
-0.029321 0.088530 0.414762 255 0 0
-0.026624 0.087651 0.410934 255 0 0
-0.023687 0.080794 0.412746 255 0 0
-0.026072 0.082581 0.407690 255 0 0
-0.027876 0.075256 0.406269 255 0 0
-0.040464 0.080992 0.410474 255 0 0
-0.037875 0.084414 0.414477 255 0 0
-0.036429 0.071141 0.405984 255 0 0
-0.039911 0.075922 0.407230 255 0 0
-0.026605 0.068943 0.410446 255 0 0
-0.031347 0.068475 0.407213 255 0 0
-0.024569 0.077436 0.417694 255 0 0
-0.024016 0.072366 0.414450 255 0 0
-0.033133 0.084882 0.417711 255 0 0
-0.028051 0.082217 0.418939 255 0 0
-0.038408 0.070777 0.417234 255 0 0
-0.040793 0.072563 0.412177 255 0 0
-0.037856 0.065707 0.413990 255 0 0
-0.035159 0.064828 0.410162 255 0 0
-0.032774 0.063041 0.415218 255 0 0
-0.027488 0.065585 0.415394 255 0 0
-0.030185 0.066464 0.419222 255 0 0
-0.028381 0.073789 0.420643 255 0 0
-0.033667 0.071245 0.420467 255 0 0
-0.036604 0.078101 0.418655 255 0 0
0.054621 -0.078220 0.455241 255 0 0
0.048873 -0.079458 0.459621 255 0 0
0.055213 -0.096499 0.450852 255 0 0
0.049465 -0.097737 0.455232 255 0 0
0.045385 -0.091816 0.445413 255 0 0
0.045019 -0.080518 0.448126 255 0 0
0.059068 -0.095438 0.462346 255 0 0
0.058702 -0.084141 0.465059 255 0 0
0.051621 -0.090099 0.464012 255 0 0
0.043165 -0.087860 0.453547 255 0 0
0.060922 -0.088096 0.456925 255 0 0
0.052465 -0.085857 0.446460 255 0 0
0.053807 -0.080996 0.450080 255 0 0
0.048162 -0.082347 0.445898 255 0 0
0.049430 -0.077858 0.451060 255 0 0
0.046051 -0.078585 0.453634 255 0 0
0.051695 -0.077234 0.457816 255 0 0
0.054094 -0.080714 0.463587 255 0 0
0.057472 -0.079987 0.461012 255 0 0
0.061176 -0.085792 0.462003 255 0 0
0.058777 -0.082312 0.456232 255 0 0
0.057510 -0.086801 0.451070 255 0 0
0.042696 -0.083524 0.450064 255 0 0
0.044961 -0.082901 0.456820 255 0 0
0.048377 -0.088987 0.444304 255 0 0
0.044001 -0.085849 0.445283 255 0 0
0.059125 -0.093056 0.453652 255 0 0
0.054155 -0.091740 0.447501 255 0 0
0.060086 -0.090108 0.465189 255 0 0
0.061391 -0.092432 0.460408 255 0 0
0.049932 -0.084216 0.462972 255 0 0
0.055709 -0.086969 0.466168 255 0 0
0.045309 -0.093645 0.454241 255 0 0
0.042911 -0.090164 0.448470 255 0 0
0.046614 -0.095970 0.449460 255 0 0
0.049993 -0.095242 0.446885 255 0 0
0.052391 -0.098723 0.452656 255 0 0
0.058035 -0.097371 0.456838 255 0 0
0.054657 -0.098099 0.459413 255 0 0
0.055924 -0.093610 0.464574 255 0 0
0.050280 -0.094961 0.460392 255 0 0
0.046577 -0.089155 0.459402 255 0 0
0.031588 0.089947 0.421358 255 0 0
0.027620 0.091271 0.427230 255 0 0
0.029128 0.070798 0.424013 255 0 0
0.025160 0.072122 0.429885 255 0 0
0.018675 0.075418 0.420334 255 0 0
0.020196 0.087253 0.418692 255 0 0
0.036552 0.074816 0.432550 255 0 0
0.038072 0.086650 0.430909 255 0 0
0.030688 0.081919 0.434147 255 0 0
0.019639 0.082292 0.426597 255 0 0
0.037108 0.079777 0.424646 255 0 0
0.026060 0.080149 0.417096 255 0 0
0.028903 0.085753 0.418104 255 0 0
0.022207 0.084169 0.416537 255 0 0
0.025456 0.089928 0.419043 255 0 0
0.023124 0.090706 0.422494 255 0 0
0.029820 0.092290 0.424061 255 0 0
0.033631 0.090352 0.429675 255 0 0
0.035964 0.089574 0.426223 255 0 0
0.039209 0.083596 0.428156 255 0 0
0.035397 0.085534 0.422542 255 0 0
0.032148 0.079775 0.420037 255 0 0
0.018433 0.085429 0.422122 255 0 0
0.022797 0.087790 0.427140 255 0 0
0.021313 0.077213 0.417502 255 0 0
0.017866 0.081388 0.418441 255 0 0
0.033951 0.074278 0.424103 255 0 0
0.027457 0.074497 0.419665 255 0 0
0.038881 0.080680 0.432802 255 0 0
0.038315 0.076640 0.429121 255 0 0
0.029291 0.087571 0.431578 255 0 0
0.035435 0.084856 0.433741 255 0 0
0.021351 0.076535 0.428701 255 0 0
0.017539 0.078472 0.423087 255 0 0
0.020784 0.072495 0.425020 255 0 0
0.023116 0.071716 0.421568 255 0 0
0.026928 0.069779 0.427182 255 0 0
0.033624 0.071362 0.428749 255 0 0
0.031292 0.072140 0.432200 255 0 0
0.034541 0.077899 0.434705 255 0 0
0.027845 0.076316 0.433139 255 0 0
0.024600 0.082294 0.431206 255 0 0
-0.072926 -0.023440 0.418891 255 0 0
-0.081165 -0.025316 0.426738 255 0 0
-0.071677 -0.044079 0.415270 255 0 0
-0.079916 -0.045954 0.423116 255 0 0
-0.080418 -0.040555 0.415407 255 0 0
-0.081189 -0.027799 0.417645 255 0 0
-0.071653 -0.041595 0.424362 255 0 0
-0.072425 -0.028840 0.426600 255 0 0
-0.080378 -0.036536 0.430119 255 0 0
-0.085795 -0.035893 0.424584 255 0 0
-0.067047 -0.033502 0.417423 255 0 0
-0.072464 -0.032858 0.411889 255 0 0
-0.072041 -0.027000 0.414404 255 0 0
-0.076898 -0.029562 0.413672 255 0 0
-0.077170 -0.024026 0.417788 255 0 0
-0.082012 -0.025128 0.422400 255 0 0
-0.077155 -0.022566 0.423132 255 0 0
-0.076861 -0.025740 0.427664 255 0 0
-0.072018 -0.024638 0.423052 255 0 0
-0.068562 -0.030552 0.422189 255 0 0
-0.068857 -0.027378 0.417657 255 0 0
-0.068585 -0.032914 0.413541 255 0 0
-0.084734 -0.031345 0.421134 255 0 0
-0.084720 -0.029886 0.426479 255 0 0
-0.076444 -0.037059 0.412357 255 0 0
-0.081573 -0.034085 0.415740 255 0 0
-0.068123 -0.039509 0.415529 255 0 0
-0.071307 -0.039131 0.412276 255 0 0
-0.071270 -0.035309 0.426267 255 0 0
-0.068109 -0.038049 0.420873 255 0 0
-0.081536 -0.030264 0.429732 255 0 0
-0.076398 -0.032335 0.429651 255 0 0
-0.083986 -0.042017 0.424350 255 0 0
-0.084280 -0.038843 0.419819 255 0 0
-0.080825 -0.044757 0.418956 255 0 0
-0.075982 -0.043654 0.414344 255 0 0
-0.075687 -0.046828 0.418875 255 0 0
-0.070830 -0.044266 0.419607 255 0 0
-0.075673 -0.045369 0.424219 255 0 0
-0.075945 -0.039833 0.428335 255 0 0
-0.080802 -0.042395 0.427603 255 0 0
-0.084257 -0.036481 0.428466 255 0 0
-0.065726 -0.062716 0.400257 255 0 0
-0.073839 -0.063568 0.407351 255 0 0
-0.065756 -0.084413 0.397618 255 0 0
-0.073868 -0.085265 0.404713 255 0 0
-0.074063 -0.080106 0.396873 255 0 0
-0.074045 -0.066697 0.398504 255 0 0
-0.065550 -0.081284 0.406466 255 0 0
-0.065531 -0.067875 0.408097 255 0 0
-0.073729 -0.075044 0.411189 255 0 0
-0.078991 -0.074315 0.405260 255 0 0
-0.060603 -0.073666 0.399709 255 0 0
-0.065865 -0.072937 0.393780 255 0 0
-0.065093 -0.066745 0.396059 255 0 0
-0.069983 -0.069084 0.395028 255 0 0
-0.069901 -0.063077 0.398835 255 0 0
-0.074669 -0.063577 0.403005 255 0 0
-0.069780 -0.061238 0.404036 255 0 0
-0.069665 -0.064270 0.408644 255 0 0
-0.064897 -0.063769 0.404474 255 0 0
-0.061886 -0.070205 0.404152 255 0 0
-0.062000 -0.067173 0.399544 255 0 0
-0.062082 -0.073180 0.395737 255 0 0
-0.077698 -0.069894 0.401776 255 0 0
-0.077577 -0.068055 0.406977 255 0 0
-0.069994 -0.076966 0.394070 255 0 0
-0.074802 -0.073298 0.396846 255 0 0
-0.062018 -0.079926 0.397993 255 0 0
-0.065111 -0.079498 0.394508 255 0 0
-0.064793 -0.074683 0.408123 255 0 0
-0.061897 -0.078087 0.403193 255 0 0
-0.074484 -0.068484 0.410462 255 0 0
-0.069601 -0.071015 0.410900 255 0 0
-0.077594 -0.080808 0.405426 255 0 0
-0.077709 -0.077776 0.400817 255 0 0
-0.074698 -0.084212 0.400496 255 0 0
-0.069929 -0.083711 0.396325 255 0 0
-0.069815 -0.086743 0.400934 255 0 0
-0.064925 -0.084404 0.401964 255 0 0
-0.069693 -0.084904 0.406134 255 0 0
-0.069612 -0.078897 0.409941 255 0 0
-0.074501 -0.081236 0.408911 255 0 0
-0.077513 -0.074801 0.409232 255 0 0
-0.043529 0.015963 0.415212 255 0 0
-0.050998 0.014558 0.420688 255 0 0
-0.041746 -0.008626 0.411333 255 0 0
-0.049215 -0.010032 0.416809 255 0 0
-0.049722 -0.004098 0.409628 255 0 0
-0.050824 0.011099 0.412026 255 0 0
-0.041920 -0.005168 0.419995 255 0 0
-0.043022 0.010029 0.422392 255 0 0
-0.050004 0.001498 0.423644 255 0 0
-0.054825 0.002159 0.417237 255 0 0
-0.037919 0.003772 0.414784 255 0 0
-0.042740 0.004433 0.408377 255 0 0
-0.042566 0.011468 0.411054 255 0 0
-0.046854 0.008609 0.409182 255 0 0
-0.047318 0.015386 0.413199 255 0 0
-0.051708 0.014560 0.416418 255 0 0
-0.047420 0.017419 0.418290 255 0 0
-0.047122 0.013931 0.422511 255 0 0
-0.042732 0.014757 0.419292 255 0 0
-0.039434 0.007592 0.419041 255 0 0
-0.039732 0.011079 0.414820 255 0 0
-0.039269 0.004302 0.410803 255 0 0
-0.053957 0.007272 0.414389 255 0 0
-0.054060 0.009305 0.419481 255 0 0
-0.046206 -0.000324 0.407772 255 0 0
-0.050958 0.003594 0.409917 255 0 0
-0.038684 -0.003374 0.412540 255 0 0
-0.041518 -0.002985 0.408774 255 0 0
-0.041786 0.002337 0.422104 255 0 0
-0.038787 -0.001341 0.417632 255 0 0
-0.051226 0.008917 0.423247 255 0 0
-0.046538 0.006255 0.424248 255 0 0
-0.053012 -0.005148 0.417200 255 0 0
-0.053310 -0.001660 0.412980 255 0 0
-0.050012 -0.008826 0.412728 255 0 0
-0.045622 -0.008000 0.409510 255 0 0
-0.045324 -0.011488 0.413730 255 0 0
-0.041036 -0.008629 0.415603 255 0 0
-0.045426 -0.009455 0.418822 255 0 0
-0.045890 -0.002678 0.422839 255 0 0
-0.050178 -0.005537 0.420966 255 0 0
-0.053475 0.001629 0.421218 255 0 0
0.032907 0.034576 0.439306 255 0 0
0.028243 0.035646 0.444464 255 0 0
0.030134 0.014269 0.441011 255 0 0
0.025470 0.015340 0.446169 255 0 0
0.020587 0.019144 0.436165 255 0 0
0.022301 0.031695 0.435111 255 0 0
0.036076 0.018221 0.450364 255 0 0
0.037790 0.030772 0.449310 255 0 0
0.030201 0.025538 0.451298 255 0 0
0.020629 0.026109 0.442523 255 0 0
0.037748 0.023807 0.442952 255 0 0
0.028176 0.024377 0.434177 255 0 0
0.030779 0.030270 0.435689 255 0 0
0.024545 0.028576 0.433223 255 0 0
0.027326 0.034571 0.436238 255 0 0
0.024584 0.035200 0.439270 255 0 0
0.030818 0.036894 0.441735 255 0 0
0.033688 0.034658 0.447615 255 0 0
0.036430 0.034029 0.444583 255 0 0
0.039276 0.027699 0.446727 255 0 0
0.036406 0.029935 0.440847 255 0 0
0.033624 0.023940 0.437832 255 0 0
0.020109 0.029594 0.438129 255 0 0
0.023601 0.031917 0.443626 255 0 0
0.023537 0.021200 0.433843 255 0 0
0.020084 0.025500 0.434392 255 0 0
0.034776 0.017999 0.441849 255 0 0
0.029149 0.018334 0.436691 255 0 0
0.038293 0.024415 0.451083 255 0 0
0.038268 0.020322 0.447346 255 0 0
0.029228 0.031582 0.448784 255 0 0
0.034840 0.028716 0.451632 255 0 0
0.021971 0.019981 0.444628 255 0 0
0.019101 0.022217 0.438748 255 0 0
0.021947 0.015887 0.440891 255 0 0
0.024688 0.015258 0.437860 255 0 0
0.027558 0.013022 0.443740 255 0 0
0.033793 0.014716 0.446205 255 0 0
0.031051 0.015345 0.449237 255 0 0
0.033832 0.021339 0.452252 255 0 0
0.027598 0.019646 0.449786 255 0 0
0.024752 0.025976 0.447643 255 0 0
0.008509 0.089211 0.409979 255 0 0
0.004686 0.090386 0.415863 255 0 0
0.003445 0.069525 0.410619 255 0 0
-0.000378 0.070700 0.416503 255 0 0
-0.005974 0.075860 0.407536 255 0 0
-0.002844 0.088027 0.407140 255 0 0
0.010975 0.071884 0.419341 255 0 0
0.014105 0.084051 0.418946 255 0 0
0.006210 0.079677 0.421649 255 0 0
-0.004265 0.082134 0.414353 255 0 0
0.012396 0.077777 0.412129 255 0 0
0.001921 0.080234 0.404833 255 0 0
0.005416 0.085559 0.406381 255 0 0
-0.001257 0.084863 0.404713 255 0 0
0.002616 0.090140 0.407738 255 0 0
0.000369 0.090830 0.411196 255 0 0
0.007042 0.091527 0.412864 255 0 0
0.010331 0.088494 0.418135 255 0 0
0.012578 0.087803 0.414676 255 0 0
0.014863 0.081082 0.415940 255 0 0
0.011573 0.084115 0.410670 255 0 0
0.007701 0.078838 0.407645 255 0 0
-0.004892 0.085980 0.410309 255 0 0
-0.000466 0.087367 0.415436 255 0 0
-0.003096 0.077712 0.404945 255 0 0
-0.005897 0.082292 0.406302 255 0 0
0.008597 0.072544 0.411046 255 0 0
0.002440 0.073988 0.406758 255 0 0
0.014028 0.077619 0.420180 255 0 0
0.013023 0.073931 0.416173 255 0 0
0.005691 0.085923 0.419724 255 0 0
0.011227 0.082199 0.421536 255 0 0
-0.003443 0.075796 0.415812 255 0 0
-0.006732 0.078829 0.410542 255 0 0
-0.004447 0.072108 0.411805 255 0 0
-0.002200 0.071417 0.408347 255 0 0
0.001089 0.068384 0.413617 255 0 0
0.007762 0.069081 0.415286 255 0 0
0.005515 0.069771 0.418744 255 0 0
0.009388 0.075048 0.421769 255 0 0
0.002714 0.074352 0.420101 255 0 0
0.000430 0.081073 0.418837 255 0 0
0.047727 0.049075 0.450037 255 0 0
0.042460 0.050210 0.454453 255 0 0
0.047173 0.028708 0.454611 255 0 0
0.041906 0.029843 0.459027 255 0 0
0.037804 0.031609 0.448186 255 0 0
0.038147 0.044197 0.445359 255 0 0
0.051486 0.034722 0.463704 255 0 0
0.051829 0.047309 0.460877 255 0 0
0.044783 0.041339 0.462900 255 0 0
0.036328 0.039416 0.453309 255 0 0
0.053306 0.039503 0.455754 255 0 0
0.044850 0.037579 0.446164 255 0 0
0.046547 0.044006 0.446971 255 0 0
0.040916 0.041139 0.444222 255 0 0
0.042607 0.047896 0.446498 255 0 0
0.039511 0.048563 0.449094 255 0 0
0.045142 0.051430 0.451843 255 0 0
0.047553 0.050393 0.458215 255 0 0
0.050649 0.049725 0.455619 255 0 0
0.053928 0.044099 0.458980 255 0 0
0.051517 0.045137 0.452608 255 0 0
0.049826 0.038380 0.450332 255 0 0
0.035907 0.042218 0.448422 255 0 0
0.038442 0.045753 0.453767 255 0 0
0.040714 0.033740 0.445884 255 0 0
0.036775 0.037630 0.445411 255 0 0
0.051191 0.033165 0.455297 255 0 0
0.046221 0.032035 0.449660 255 0 0
0.052858 0.041289 0.463653 255 0 0
0.053727 0.036700 0.460642 255 0 0
0.043412 0.046884 0.459404 255 0 0
0.048919 0.045178 0.463180 255 0 0
0.038116 0.033782 0.456455 255 0 0
0.035705 0.034820 0.450084 255 0 0
0.038984 0.029193 0.453444 255 0 0
0.042080 0.028526 0.450848 255 0 0
0.044491 0.027488 0.457220 255 0 0
0.050122 0.030355 0.459969 255 0 0
0.047026 0.031023 0.462565 255 0 0
0.048717 0.037780 0.464842 255 0 0
0.043086 0.034912 0.462093 255 0 0
0.039807 0.040539 0.458732 255 0 0
0.011342 -0.045517 0.420318 255 0 0
0.007401 -0.046508 0.426022 255 0 0
0.014365 -0.065997 0.418846 255 0 0
0.010424 -0.066989 0.424550 255 0 0
0.003299 -0.063406 0.415950 255 0 0
0.001430 -0.050748 0.416860 255 0 0
0.020335 -0.061758 0.428008 255 0 0
0.018467 -0.049100 0.428917 255 0 0
0.012959 -0.056546 0.430774 255 0 0
0.002430 -0.057565 0.423322 255 0 0
0.019336 -0.054941 0.421545 255 0 0
0.008807 -0.055960 0.414093 255 0 0
0.009932 -0.049770 0.416287 255 0 0
0.004106 -0.052845 0.414255 255 0 0
0.005596 -0.046707 0.417914 255 0 0
0.003280 -0.047290 0.421266 255 0 0
0.009106 -0.044214 0.423299 255 0 0
0.013294 -0.046321 0.428354 255 0 0
0.015610 -0.045738 0.425001 255 0 0
0.020309 -0.051277 0.425722 255 0 0
0.016121 -0.049171 0.420668 255 0 0
0.014631 -0.055310 0.417009 255 0 0
0.000358 -0.053788 0.419680 255 0 0
0.003867 -0.051296 0.425065 255 0 0
0.005205 -0.060285 0.413720 255 0 0
0.000869 -0.057222 0.415346 255 0 0
0.017898 -0.061210 0.419803 255 0 0
0.011709 -0.061808 0.415422 255 0 0
0.020897 -0.055284 0.429521 255 0 0
0.021407 -0.058717 0.425188 255 0 0
0.010056 -0.050697 0.429445 255 0 0
0.016561 -0.052220 0.431147 255 0 0
0.005645 -0.063334 0.424200 255 0 0
0.001457 -0.061228 0.419145 255 0 0
0.006155 -0.066768 0.419866 255 0 0
0.008472 -0.066185 0.416514 255 0 0
0.012660 -0.068291 0.421569 255 0 0
0.018486 -0.065216 0.423601 255 0 0
0.016169 -0.065799 0.426954 255 0 0
0.017659 -0.059661 0.430613 255 0 0
0.011834 -0.062736 0.428580 255 0 0
0.007135 -0.057196 0.427858 255 0 0
0.062072 0.068164 0.462556 255 0 0
0.056645 0.069351 0.466933 255 0 0
0.061121 0.047842 0.466888 255 0 0
0.055694 0.049029 0.471265 255 0 0
0.051973 0.050956 0.460415 255 0 0
0.052561 0.063516 0.457738 255 0 0
0.065205 0.053677 0.476083 255 0 0
0.065793 0.066236 0.473406 255 0 0
0.058581 0.060397 0.475293 255 0 0
0.050403 0.058716 0.465610 255 0 0
0.067363 0.058476 0.468211 255 0 0
0.059185 0.056795 0.458528 255 0 0
0.060935 0.063161 0.459424 255 0 0
0.055344 0.060429 0.456592 255 0 0
0.057042 0.067111 0.458959 255 0 0
0.053852 0.067809 0.461532 255 0 0
0.059442 0.070541 0.464364 255 0 0
0.061629 0.069408 0.470742 255 0 0
0.064819 0.068710 0.468169 255 0 0
0.067929 0.063016 0.471493 255 0 0
0.065742 0.064149 0.465115 255 0 0
0.064044 0.057467 0.462748 255 0 0
0.050183 0.061558 0.460755 255 0 0
0.052583 0.064988 0.466159 255 0 0
0.054999 0.053047 0.458165 255 0 0
0.051105 0.056997 0.457701 255 0 0
0.065182 0.052204 0.467662 255 0 0
0.060376 0.051216 0.461970 255 0 0
0.066661 0.060195 0.476120 255 0 0
0.067583 0.055634 0.473066 255 0 0
0.057390 0.065976 0.471851 255 0 0
0.062767 0.064146 0.475656 255 0 0
0.052024 0.053043 0.468706 255 0 0
0.049837 0.054176 0.462328 255 0 0
0.052947 0.048482 0.465652 255 0 0
0.056137 0.047784 0.463079 255 0 0
0.058324 0.046651 0.469457 255 0 0
0.063914 0.049383 0.472289 255 0 0
0.060724 0.050081 0.474862 255 0 0
0.062422 0.056763 0.477229 255 0 0
0.056831 0.054031 0.474397 255 0 0
0.053721 0.059725 0.471074 255 0 0
0.028893 0.060286 0.428536 255 0 0
0.024951 0.061432 0.434169 255 0 0
0.027300 0.039670 0.431617 255 0 0
0.023357 0.040817 0.437250 255 0 0
0.017058 0.043953 0.427889 255 0 0
0.018043 0.056695 0.425985 255 0 0
0.034207 0.044408 0.439801 255 0 0
0.035192 0.057149 0.437897 255 0 0
0.028235 0.051619 0.441131 255 0 0
0.017636 0.051338 0.433769 255 0 0
0.034614 0.049764 0.432017 255 0 0
0.024016 0.049483 0.424655 255 0 0
0.026512 0.055645 0.425490 255 0 0
0.020135 0.053534 0.423991 255 0 0
0.023002 0.059884 0.426272 255 0 0
0.020684 0.060558 0.429583 255 0 0
0.027062 0.062669 0.431082 255 0 0
0.030764 0.060825 0.436584 255 0 0
0.033082 0.060151 0.433273 255 0 0
0.036444 0.053967 0.435319 255 0 0
0.032742 0.055810 0.429817 255 0 0
0.029875 0.049461 0.427536 255 0 0
0.016385 0.054625 0.429348 255 0 0
0.020445 0.057410 0.434158 255 0 0
0.019556 0.046045 0.425110 255 0 0
0.016045 0.050284 0.425892 255 0 0
0.031805 0.043693 0.431628 255 0 0
0.025576 0.043528 0.427301 255 0 0
0.036205 0.050818 0.439894 255 0 0
0.035865 0.046478 0.436438 255 0 0
0.026675 0.057575 0.438485 255 0 0
0.032695 0.055057 0.440676 255 0 0
0.019508 0.045292 0.435969 255 0 0
0.015806 0.047136 0.430467 255 0 0
0.019169 0.040951 0.432513 255 0 0
0.021486 0.040277 0.429202 255 0 0
0.025189 0.038434 0.434704 255 0 0
0.031566 0.040544 0.436203 255 0 0
0.029249 0.041218 0.439514 255 0 0
0.032116 0.047568 0.441795 255 0 0
0.025738 0.045457 0.440296 255 0 0
0.022375 0.051642 0.438250 255 0 0
0.018209 0.085836 0.414960 255 0 0
0.014305 0.087056 0.420807 255 0 0
0.013669 0.065747 0.416121 255 0 0
0.009765 0.066967 0.421968 255 0 0
0.004235 0.071739 0.412926 255 0 0
0.007041 0.084156 0.412209 255 0 0
0.020933 0.068647 0.424720 255 0 0
0.023739 0.081063 0.424002 255 0 0
0.015989 0.076433 0.426839 255 0 0
0.005669 0.078344 0.419550 255 0 0
0.022305 0.074459 0.417378 255 0 0
0.011985 0.076370 0.410090 255 0 0
0.015292 0.081928 0.411482 255 0 0
0.008727 0.080941 0.409865 255 0 0
0.012386 0.086505 0.412728 255 0 0
0.010091 0.087222 0.416164 255 0 0
0.016655 0.088210 0.417782 255 0 0
0.019906 0.085404 0.423097 255 0 0
0.022201 0.084687 0.419660 255 0 0
0.024608 0.078000 0.421081 255 0 0
0.021358 0.080805 0.415766 255 0 0
0.017699 0.075241 0.412904 255 0 0
0.005015 0.082101 0.415426 255 0 0
0.009285 0.083806 0.420480 255 0 0
0.007078 0.073643 0.410287 255 0 0
0.004172 0.078219 0.411532 255 0 0
0.018689 0.068997 0.416449 255 0 0
0.012623 0.070120 0.412165 255 0 0
0.023802 0.074584 0.425396 255 0 0
0.022959 0.070702 0.421503 255 0 0
0.015351 0.082683 0.424764 255 0 0
0.020896 0.079160 0.426642 255 0 0
0.006616 0.071998 0.421162 255 0 0
0.003365 0.074803 0.415847 255 0 0
0.005773 0.068116 0.417269 255 0 0
0.008068 0.067398 0.413832 255 0 0
0.011318 0.064593 0.419147 255 0 0
0.017883 0.065581 0.420764 255 0 0
0.015588 0.066298 0.424201 255 0 0
0.019246 0.071862 0.427064 255 0 0
0.012682 0.070874 0.425446 255 0 0
0.010274 0.077562 0.424025 255 0 0
0.027658 0.010004 0.438521 255 0 0
0.022954 0.009440 0.443691 255 0 0
0.026574 -0.010371 0.435312 255 0 0
0.021870 -0.010936 0.440482 255 0 0
0.016657 -0.005261 0.431603 255 0 0
0.017327 0.007332 0.433586 255 0 0
0.032200 -0.008264 0.445417 255 0 0
0.032871 0.004329 0.447400 255 0 0
0.025761 -0.001850 0.447953 255 0 0
0.016155 0.000006 0.439415 255 0 0
0.033373 -0.000937 0.439588 255 0 0
0.023767 0.000919 0.431050 255 0 0
0.025879 0.006502 0.433957 255 0 0
0.019807 0.004932 0.431057 255 0 0
0.022094 0.010272 0.435448 255 0 0
0.019329 0.009941 0.438487 255 0 0
0.025401 0.011511 0.441388 255 0 0
0.028465 0.008175 0.446607 255 0 0
0.031230 0.008507 0.443568 255 0 0
0.034589 0.002076 0.444195 255 0 0
0.031525 0.005411 0.438976 255 0 0
0.029238 0.000071 0.434584 255 0 0
0.015333 0.004395 0.435974 255 0 0
0.018640 0.005634 0.441914 255 0 0
0.019413 -0.002470 0.429891 255 0 0
0.015628 0.001300 0.431382 255 0 0
0.030888 -0.006565 0.437089 255 0 0
0.025242 -0.005474 0.432071 255 0 0
0.033900 -0.002231 0.447621 255 0 0
0.034195 -0.005326 0.443029 255 0 0
0.024286 0.004543 0.446932 255 0 0
0.030115 0.001539 0.449112 255 0 0
0.018003 -0.006342 0.440027 255 0 0
0.014939 -0.003007 0.434808 255 0 0
0.018298 -0.009438 0.435435 255 0 0
0.021063 -0.009107 0.432396 255 0 0
0.024127 -0.012442 0.437615 255 0 0
0.030199 -0.010872 0.440516 255 0 0
0.027434 -0.011203 0.443555 255 0 0
0.029721 -0.005863 0.447946 255 0 0
0.023649 -0.007433 0.445045 255 0 0
0.020290 -0.001002 0.444419 255 0 0
0.029976 -0.039228 0.438157 255 0 0
0.024871 -0.039954 0.442845 255 0 0
0.029781 -0.059831 0.434754 255 0 0
0.024677 -0.060557 0.439442 255 0 0
0.020148 -0.054945 0.430201 255 0 0
0.020269 -0.042212 0.432304 255 0 0
0.034384 -0.057573 0.445295 255 0 0
0.034504 -0.044839 0.447399 255 0 0
0.027595 -0.051292 0.447256 255 0 0
0.018798 -0.049668 0.437927 255 0 0
0.035855 -0.050117 0.439672 255 0 0
0.027057 -0.048493 0.430343 255 0 0
0.028725 -0.042801 0.433451 255 0 0
0.023020 -0.044555 0.430011 255 0 0
0.024735 -0.039109 0.434604 255 0 0
0.021735 -0.039536 0.437359 255 0 0
0.027440 -0.037782 0.440800 255 0 0
0.030102 -0.041080 0.446232 255 0 0
0.033102 -0.040654 0.443476 255 0 0
0.036558 -0.047054 0.444367 255 0 0
0.033896 -0.043756 0.438935 255 0 0
0.032181 -0.049202 0.434342 255 0 0
0.018165 -0.045246 0.434469 255 0 0
0.020870 -0.043918 0.440664 255 0 0
0.022949 -0.052040 0.428774 255 0 0
0.018959 -0.048348 0.429927 255 0 0
0.033782 -0.055866 0.436935 255 0 0
0.028611 -0.054912 0.431451 255 0 0
0.035693 -0.051437 0.447672 255 0 0
0.036487 -0.054539 0.443130 255 0 0
0.026041 -0.044873 0.446148 255 0 0
0.031703 -0.047745 0.448825 255 0 0
0.020756 -0.056029 0.438664 255 0 0
0.018094 -0.052730 0.433232 255 0 0
0.021550 -0.059131 0.434123 255 0 0
0.024550 -0.058704 0.431367 255 0 0
0.027212 -0.062003 0.436799 255 0 0
0.032917 -0.060249 0.440240 255 0 0
0.029917 -0.060675 0.442995 255 0 0
0.031633 -0.055229 0.447588 255 0 0
0.025927 -0.056983 0.444148 255 0 0
0.022471 -0.050583 0.443258 255 0 0
-0.007764 -0.063655 0.406285 255 0 0
-0.011477 -0.064800 0.411990 255 0 0
-0.002529 -0.083946 0.405619 255 0 0
-0.006242 -0.085091 0.411324 255 0 0
-0.013852 -0.082633 0.402688 255 0 0
-0.017087 -0.070093 0.403100 255 0 0
0.003081 -0.078653 0.414508 255 0 0
-0.000154 -0.066113 0.414920 255 0 0
-0.004774 -0.074070 0.417072 255 0 0
-0.015239 -0.076529 0.409767 255 0 0
0.001234 -0.072216 0.407842 255 0 0
-0.009231 -0.074676 0.400537 255 0 0
-0.008760 -0.068251 0.402464 255 0 0
-0.014240 -0.072035 0.400592 255 0 0
-0.013377 -0.065557 0.403971 255 0 0
-0.015560 -0.066230 0.407324 255 0 0
-0.010080 -0.062446 0.409196 255 0 0
-0.005607 -0.063891 0.414272 255 0 0
-0.003424 -0.063218 0.410919 255 0 0
0.001864 -0.068250 0.411833 255 0 0
-0.002609 -0.066805 0.406758 255 0 0
-0.003471 -0.073284 0.403379 255 0 0
-0.017771 -0.073124 0.406017 255 0 0
-0.014474 -0.070014 0.411243 255 0 0
-0.012338 -0.079406 0.400350 255 0 0
-0.016956 -0.076712 0.401857 255 0 0
0.000468 -0.078732 0.406366 255 0 0
-0.005683 -0.080178 0.402072 255 0 0
0.002950 -0.072034 0.415752 255 0 0
0.003766 -0.075621 0.411591 255 0 0
-0.008323 -0.068568 0.415537 255 0 0
-0.001667 -0.069339 0.417259 255 0 0
-0.011397 -0.081940 0.410851 255 0 0
-0.015870 -0.080495 0.405775 255 0 0
-0.010581 -0.085528 0.406690 255 0 0
-0.008399 -0.084855 0.403337 255 0 0
-0.003926 -0.086299 0.408413 255 0 0
0.001554 -0.082515 0.410285 255 0 0
-0.000629 -0.083189 0.413638 255 0 0
0.000234 -0.076710 0.417017 255 0 0
-0.005246 -0.080494 0.415145 255 0 0
-0.010534 -0.075462 0.414230 255 0 0
-0.073911 0.091779 0.409945 255 0 0
-0.085040 0.090093 0.418149 255 0 0
-0.070549 0.074880 0.411032 255 0 0
-0.081678 0.073194 0.419237 255 0 0
-0.080356 0.076221 0.409829 255 0 0
-0.082433 0.086665 0.409157 255 0 0
-0.073156 0.078309 0.420025 255 0 0
-0.075233 0.088753 0.419353 255 0 0
-0.084573 0.081768 0.424379 255 0 0
-0.089023 0.080477 0.418078 255 0 0
-0.066566 0.084496 0.411104 255 0 0
-0.071016 0.083205 0.404802 255 0 0
-0.071527 0.088371 0.406106 255 0 0
-0.076537 0.085365 0.405643 255 0 0
-0.078238 0.090404 0.408666 255 0 0
-0.084780 0.089413 0.413488 255 0 0
-0.079770 0.092420 0.413952 255 0 0
-0.080548 0.090641 0.419482 255 0 0
-0.074006 0.091632 0.414659 255 0 0
-0.069689 0.087351 0.415340 255 0 0
-0.068911 0.089130 0.409810 255 0 0
-0.067210 0.084090 0.406787 255 0 0
-0.087121 0.083761 0.413446 255 0 0
-0.088653 0.085777 0.418732 255 0 0
-0.075316 0.079226 0.406038 255 0 0
-0.082027 0.081259 0.408598 255 0 0
-0.066936 0.079197 0.410449 255 0 0
-0.069551 0.078438 0.406745 255 0 0
-0.073562 0.083714 0.420584 255 0 0
-0.068468 0.081212 0.415735 255 0 0
-0.086038 0.086535 0.422436 255 0 0
-0.080273 0.085747 0.423143 255 0 0
-0.086678 0.075844 0.419371 255 0 0
-0.085900 0.077623 0.413841 255 0 0
-0.081583 0.073342 0.414522 255 0 0
-0.075041 0.074333 0.409700 255 0 0
-0.075819 0.072554 0.415230 255 0 0
-0.070809 0.075560 0.415693 255 0 0
-0.077351 0.074569 0.420515 255 0 0
-0.079052 0.079609 0.423538 255 0 0
-0.084062 0.076602 0.423075 255 0 0
-0.088379 0.080883 0.422394 255 0 0
-0.037780 0.083329 0.408957 255 0 0
-0.045866 0.084771 0.414447 255 0 0
-0.038344 0.059622 0.414353 255 0 0
-0.046430 0.061065 0.419843 255 0 0
-0.045916 0.063803 0.410993 255 0 0
-0.045567 0.078454 0.407658 255 0 0
-0.038643 0.065939 0.421142 255 0 0
-0.038295 0.080591 0.417807 255 0 0
-0.046399 0.074024 0.421978 255 0 0
-0.050894 0.072703 0.415706 255 0 0
-0.033316 0.071690 0.413094 255 0 0
-0.037811 0.070370 0.406822 255 0 0
-0.037039 0.077666 0.406746 255 0 0
-0.041616 0.074801 0.405983 255 0 0
-0.041598 0.082418 0.407238 255 0 0
-0.046351 0.083266 0.410465 255 0 0
-0.041774 0.086131 0.411228 255 0 0
-0.042076 0.084522 0.416430 255 0 0
-0.037323 0.083674 0.413203 255 0 0
-0.034699 0.076833 0.415635 255 0 0
-0.034397 0.078442 0.410433 255 0 0
-0.034415 0.070825 0.409178 255 0 0
-0.049306 0.076172 0.411205 255 0 0
-0.049482 0.079885 0.415195 255 0 0
-0.041821 0.066189 0.407943 255 0 0
-0.046380 0.070941 0.408435 255 0 0
-0.034729 0.064508 0.413605 255 0 0
-0.037370 0.063732 0.409918 255 0 0
-0.037831 0.073453 0.420365 255 0 0
-0.034904 0.068221 0.417595 255 0 0
-0.046840 0.080662 0.418882 255 0 0
-0.042390 0.078205 0.420857 255 0 0
-0.049813 0.065951 0.418367 255 0 0
-0.049511 0.067560 0.413165 255 0 0
-0.046887 0.060719 0.415597 255 0 0
-0.042134 0.059872 0.412370 255 0 0
-0.042437 0.058262 0.417572 255 0 0
-0.037860 0.061128 0.418335 255 0 0
-0.042612 0.061975 0.421562 255 0 0
-0.042594 0.069593 0.422817 255 0 0
-0.047171 0.066727 0.422054 255 0 0
-0.049795 0.073568 0.419622 255 0 0
0.008361 -0.019018 0.420127 255 0 0
0.004473 -0.019513 0.425843 255 0 0
0.012141 -0.039711 0.420904 255 0 0
0.008254 -0.040207 0.426620 255 0 0
0.001046 -0.037768 0.417728 255 0 0
-0.001290 -0.024979 0.417248 255 0 0
0.017905 -0.034246 0.429499 255 0 0
0.015568 -0.021457 0.429019 255 0 0
0.010372 -0.028925 0.431636 255 0 0
-0.000048 -0.031102 0.424361 255 0 0
0.016662 -0.028123 0.422387 255 0 0
0.006243 -0.030300 0.415112 255 0 0
0.007125 -0.023789 0.416609 255 0 0
0.001452 -0.027293 0.414917 255 0 0
0.002697 -0.020662 0.417865 255 0 0
0.000412 -0.020953 0.421225 255 0 0
0.006085 -0.017449 0.422917 255 0 0
0.010321 -0.018883 0.428144 255 0 0
0.012607 -0.018591 0.424784 255 0 0
0.017486 -0.023943 0.426112 255 0 0
0.013249 -0.022510 0.420885 255 0 0
0.012005 -0.029141 0.417937 255 0 0
-0.002245 -0.027764 0.420353 255 0 0
0.001143 -0.024552 0.425405 255 0 0
0.002826 -0.034810 0.415199 255 0 0
-0.001602 -0.031682 0.416455 255 0 0
0.015472 -0.034673 0.421342 255 0 0
0.009347 -0.035952 0.417066 255 0 0
0.018216 -0.027542 0.430293 255 0 0
0.018859 -0.031460 0.426394 255 0 0
0.007267 -0.023272 0.429681 255 0 0
0.013789 -0.024415 0.431548 255 0 0
0.003365 -0.036715 0.425862 255 0 0
-0.000872 -0.035281 0.420635 255 0 0
0.004008 -0.040633 0.421964 255 0 0
0.006293 -0.040342 0.418604 255 0 0
0.010529 -0.041775 0.423830 255 0 0
0.016202 -0.038272 0.425523 255 0 0
0.013917 -0.038563 0.428883 255 0 0
0.015162 -0.031932 0.431831 255 0 0
0.009489 -0.035435 0.430138 255 0 0
0.004610 -0.030084 0.428810 255 0 0
-0.046993 -0.014155 0.410994 255 0 0
-0.051739 -0.015453 0.417691 255 0 0
-0.045120 -0.038603 0.407582 255 0 0
-0.049866 -0.039901 0.414279 255 0 0
-0.053896 -0.034452 0.407323 255 0 0
-0.055054 -0.019342 0.409432 255 0 0
-0.041805 -0.034714 0.415841 255 0 0
-0.042963 -0.019605 0.417950 255 0 0
-0.048533 -0.028160 0.420687 255 0 0
-0.056006 -0.027997 0.415423 255 0 0
-0.040853 -0.026059 0.409850 255 0 0
-0.048326 -0.025897 0.404586 255 0 0
-0.047524 -0.018796 0.406939 255 0 0
-0.052262 -0.021845 0.406021 255 0 0
-0.051479 -0.014944 0.409787 255 0 0
-0.054268 -0.015707 0.413724 255 0 0
-0.049530 -0.012658 0.414642 255 0 0
-0.047162 -0.015861 0.418731 255 0 0
-0.044372 -0.015098 0.414794 255 0 0
-0.040763 -0.022095 0.414122 255 0 0
-0.043132 -0.018892 0.410033 255 0 0
-0.043915 -0.025793 0.406267 255 0 0
-0.056776 -0.023080 0.412391 255 0 0
-0.054828 -0.020794 0.417245 255 0 0
-0.051582 -0.030727 0.404782 255 0 0
-0.055536 -0.026874 0.407630 255 0 0
-0.042031 -0.033262 0.408028 255 0 0
-0.046423 -0.033167 0.404933 255 0 0
-0.041323 -0.027182 0.417643 255 0 0
-0.040083 -0.030976 0.412882 255 0 0
-0.050436 -0.020890 0.420340 255 0 0
-0.045277 -0.023330 0.420492 255 0 0
-0.053727 -0.035165 0.415240 255 0 0
-0.056096 -0.031961 0.411151 255 0 0
-0.052487 -0.038958 0.410479 255 0 0
-0.049697 -0.038195 0.406542 255 0 0
-0.047328 -0.041398 0.410631 255 0 0
-0.042590 -0.038349 0.411549 255 0 0
-0.045380 -0.039112 0.415486 255 0 0
-0.044597 -0.032211 0.419252 255 0 0
-0.049335 -0.035260 0.418334 255 0 0
-0.052944 -0.028263 0.419006 255 0 0
-0.099766 0.070318 0.424077 255 0 0
-0.107623 0.070848 0.429800 255 0 0
-0.098342 0.046916 0.428199 255 0 0
-0.106199 0.047446 0.433922 255 0 0
-0.106399 0.050501 0.425085 255 0 0
-0.107279 0.064965 0.422537 255 0 0
-0.098686 0.052799 0.435462 255 0 0
-0.099566 0.067262 0.432914 255 0 0
-0.106956 0.060021 0.436836 255 0 0
-0.111723 0.058601 0.430423 255 0 0
-0.094242 0.059163 0.427576 255 0 0
-0.099009 0.057743 0.421163 255 0 0
-0.098756 0.064935 0.421500 255 0 0
-0.103172 0.061788 0.420595 255 0 0
-0.103617 0.069179 0.422307 255 0 0
-0.108236 0.069491 0.425671 255 0 0
-0.103820 0.072637 0.426576 255 0 0
-0.103702 0.070841 0.431771 255 0 0
-0.099084 0.070530 0.428407 255 0 0
-0.095837 0.063973 0.430464 255 0 0
-0.095954 0.065769 0.425270 255 0 0
-0.095510 0.058378 0.423557 255 0 0
-0.110645 0.062292 0.426037 255 0 0
-0.110848 0.065750 0.430306 255 0 0
-0.102655 0.053287 0.422092 255 0 0
-0.107516 0.057531 0.422900 255 0 0
-0.095117 0.052014 0.427693 255 0 0
-0.097919 0.051179 0.423923 255 0 0
-0.098449 0.060232 0.435099 255 0 0
-0.095319 0.055472 0.431962 255 0 0
-0.108046 0.066585 0.434076 255 0 0
-0.103310 0.064477 0.435907 255 0 0
-0.110010 0.051994 0.432729 255 0 0
-0.110128 0.053791 0.427535 255 0 0
-0.106881 0.047234 0.429592 255 0 0
-0.102263 0.046922 0.426228 255 0 0
-0.102145 0.045126 0.431423 255 0 0
-0.097729 0.048273 0.432328 255 0 0
-0.102347 0.048584 0.435692 255 0 0
-0.102792 0.055976 0.437404 255 0 0
-0.107208 0.052829 0.436499 255 0 0
-0.110455 0.059386 0.434442 255 0 0
-0.088509 0.057415 0.425915 255 0 0
-0.095978 0.057781 0.431463 255 0 0
-0.087687 0.032886 0.428641 255 0 0
-0.095157 0.033253 0.434190 255 0 0
-0.095525 0.037037 0.425630 255 0 0
-0.096032 0.052196 0.423945 255 0 0
-0.087633 0.038471 0.436159 255 0 0
-0.088141 0.053631 0.434474 255 0 0
-0.095437 0.046074 0.437794 255 0 0
-0.100314 0.045187 0.431287 255 0 0
-0.083351 0.045480 0.428817 255 0 0
-0.088229 0.044594 0.422310 255 0 0
-0.087761 0.052000 0.423069 255 0 0
-0.092183 0.048932 0.421912 255 0 0
-0.092347 0.056468 0.424031 255 0 0
-0.096738 0.056684 0.427292 255 0 0
-0.092316 0.059751 0.428450 255 0 0
-0.092099 0.057527 0.433481 255 0 0
-0.087709 0.057312 0.430219 255 0 0
-0.084677 0.050297 0.431925 255 0 0
-0.084894 0.052521 0.426894 255 0 0
-0.084729 0.044985 0.424775 255 0 0
-0.099286 0.049281 0.427189 255 0 0
-0.099254 0.052564 0.431608 255 0 0
-0.091884 0.040022 0.422902 255 0 0
-0.096471 0.044490 0.423864 255 0 0
-0.084411 0.038103 0.428497 255 0 0
-0.087278 0.037582 0.424672 255 0 0
-0.087194 0.046177 0.436241 255 0 0
-0.084379 0.041386 0.432916 255 0 0
-0.096388 0.053085 0.435432 255 0 0
-0.091781 0.050646 0.437202 255 0 0
-0.098772 0.038146 0.433210 255 0 0
-0.098988 0.040371 0.428179 255 0 0
-0.095956 0.033356 0.429885 255 0 0
-0.091566 0.033140 0.426624 255 0 0
-0.091350 0.030916 0.431655 255 0 0
-0.086928 0.033984 0.432812 255 0 0
-0.091318 0.034199 0.436074 255 0 0
-0.091483 0.041735 0.438192 255 0 0
-0.095905 0.038668 0.437035 255 0 0
-0.098936 0.045682 0.435329 255 0 0
0.011337 0.055640 0.420843 255 0 0
0.007462 0.056578 0.426701 255 0 0
0.007465 0.035055 0.421578 255 0 0
0.003590 0.035993 0.427436 255 0 0
-0.002100 0.040823 0.418613 255 0 0
0.000294 0.053546 0.418158 255 0 0
0.014634 0.038087 0.430121 255 0 0
0.017027 0.050809 0.429666 255 0 0
0.009499 0.045730 0.432435 255 0 0
-0.000842 0.047421 0.425322 255 0 0
0.015770 0.044212 0.422957 255 0 0
0.005428 0.045903 0.415844 255 0 0
0.008544 0.051641 0.417326 255 0 0
0.002053 0.050411 0.415748 255 0 0
0.005526 0.056134 0.418686 255 0 0
0.003248 0.056685 0.422129 255 0 0
0.009740 0.057916 0.423707 255 0 0
0.013084 0.055077 0.428894 255 0 0
0.015362 0.054525 0.425450 255 0 0
0.017967 0.047808 0.426693 255 0 0
0.014623 0.050647 0.421507 255 0 0
0.011149 0.044924 0.418569 255 0 0
-0.001633 0.051303 0.421319 255 0 0
0.002581 0.053085 0.426340 255 0 0
0.000646 0.042932 0.416015 255 0 0
-0.002372 0.047425 0.417375 255 0 0
0.012347 0.038547 0.421939 255 0 0
0.006268 0.039542 0.417758 255 0 0
0.017299 0.044208 0.430904 255 0 0
0.016560 0.040330 0.426960 255 0 0
0.008659 0.052091 0.430521 255 0 0
0.014281 0.048700 0.432264 255 0 0
0.000305 0.040985 0.426772 255 0 0
-0.003040 0.043825 0.421586 255 0 0
-0.000434 0.037107 0.422829 255 0 0
0.001843 0.036556 0.419386 255 0 0
0.005188 0.033717 0.424572 255 0 0
0.011679 0.034947 0.426150 255 0 0
0.009401 0.035499 0.429593 255 0 0
0.012875 0.041222 0.432531 255 0 0
0.006383 0.039991 0.430953 255 0 0
0.003778 0.046709 0.429711 255 0 0
0.000323 0.031286 0.417236 255 0 0
-0.004282 0.031412 0.423152 255 0 0
-0.002363 0.008888 0.415621 255 0 0
-0.006968 0.009014 0.421537 255 0 0
-0.011154 0.014463 0.413412 255 0 0
-0.009494 0.028306 0.414410 255 0 0
0.002849 0.011994 0.424363 255 0 0
0.004509 0.025837 0.425361 255 0 0
-0.002721 0.019489 0.427557 255 0 0
-0.011375 0.021015 0.420789 255 0 0
0.004730 0.019286 0.417984 255 0 0
-0.003924 0.020811 0.411216 255 0 0
-0.001534 0.027085 0.413320 255 0 0
-0.007304 0.025333 0.411659 255 0 0
-0.004807 0.031490 0.415197 255 0 0
-0.007514 0.031564 0.418675 255 0 0
-0.001744 0.033316 0.420336 255 0 0
0.000717 0.030113 0.425112 255 0 0
0.003423 0.030039 0.421634 255 0 0
0.006014 0.022985 0.422074 255 0 0
0.003553 0.026188 0.417298 255 0 0
0.001057 0.020031 0.413760 255 0 0
-0.011683 0.025452 0.417286 255 0 0
-0.008620 0.027278 0.422424 255 0 0
-0.008279 0.017196 0.411072 255 0 0
-0.011553 0.021601 0.412950 255 0 0
0.001974 0.013022 0.416349 255 0 0
-0.003112 0.013919 0.412371 255 0 0
0.004908 0.018699 0.425823 255 0 0
0.005038 0.014848 0.421487 255 0 0
-0.003533 0.026381 0.426402 255 0 0
0.001634 0.023104 0.427701 255 0 0
-0.010198 0.014112 0.421475 255 0 0
-0.012659 0.017315 0.416699 255 0 0
-0.010068 0.010262 0.417139 255 0 0
-0.007362 0.010188 0.413661 255 0 0
-0.004901 0.006985 0.418437 255 0 0
0.000869 0.008737 0.420098 255 0 0
-0.001838 0.008811 0.423576 255 0 0
0.000659 0.014968 0.427114 255 0 0
-0.005111 0.013216 0.425453 255 0 0
-0.007702 0.020270 0.425013 255 0 0
-0.014334 0.011751 0.414055 255 0 0
-0.018193 0.010710 0.419939 255 0 0
-0.010173 -0.008721 0.413162 255 0 0
-0.014032 -0.009762 0.419046 255 0 0
-0.021248 -0.006778 0.410542 255 0 0
-0.023819 0.005874 0.411094 255 0 0
-0.004547 -0.003885 0.422007 255 0 0
-0.007119 0.008768 0.422559 255 0 0
-0.012145 0.001047 0.424854 255 0 0
-0.022466 -0.000742 0.417768 255 0 0
-0.005900 0.002731 0.415334 255 0 0
-0.016222 0.000943 0.408248 255 0 0
-0.015470 0.007287 0.410204 255 0 0
-0.021045 0.003832 0.408463 255 0 0
-0.019935 0.010185 0.411877 255 0 0
-0.022204 0.009573 0.415335 255 0 0
-0.016629 0.013028 0.417076 255 0 0
-0.012388 0.011274 0.422074 255 0 0
-0.010119 0.011886 0.418616 255 0 0
-0.005162 0.006584 0.419367 255 0 0
-0.009403 0.008338 0.414369 255 0 0
-0.010513 0.001985 0.410955 255 0 0
-0.024715 0.002842 0.414059 255 0 0
-0.021408 0.005685 0.419258 255 0 0
-0.019534 -0.003605 0.408138 255 0 0
-0.023999 -0.000706 0.409812 255 0 0
-0.006958 -0.003695 0.413844 255 0 0
-0.013025 -0.004746 0.409679 255 0 0
-0.004367 0.002696 0.423290 255 0 0
-0.003651 -0.000853 0.419043 255 0 0
-0.015342 0.006736 0.423423 255 0 0
-0.008833 0.005594 0.424963 255 0 0
-0.018963 -0.006348 0.418733 255 0 0
-0.023204 -0.004595 0.413734 255 0 0
-0.018247 -0.009897 0.414486 255 0 0
-0.015979 -0.009285 0.411027 255 0 0
-0.011738 -0.011038 0.416026 255 0 0
-0.006163 -0.007584 0.417766 255 0 0
-0.008431 -0.008196 0.421225 255 0 0
-0.007321 -0.001843 0.424638 255 0 0
-0.012896 -0.005297 0.422898 255 0 0
-0.017853 0.000005 0.422146 255 0 0
-0.098253 0.028776 0.426768 255 0 0
-0.105299 0.029397 0.432120 255 0 0
-0.101696 0.004306 0.425075 255 0 0
-0.108741 0.004927 0.430427 255 0 0
-0.108657 0.010247 0.422571 255 0 0
-0.106529 0.025370 0.423617 255 0 0
-0.100465 0.008333 0.433578 255 0 0
-0.098337 0.023456 0.434624 255 0 0
-0.106665 0.016762 0.436329 255 0 0
-0.111729 0.017945 0.429526 255 0 0
-0.095266 0.015758 0.427669 255 0 0
-0.100329 0.016941 0.420866 255 0 0
-0.098552 0.023913 0.422978 255 0 0
-0.103417 0.021911 0.421126 255 0 0
-0.102197 0.028867 0.424595 255 0 0
-0.106338 0.029232 0.427741 255 0 0
-0.101474 0.031234 0.429592 255 0 0
-0.101523 0.028107 0.434210 255 0 0
-0.097382 0.027742 0.431064 255 0 0
-0.095626 0.020091 0.431594 255 0 0
-0.095576 0.023217 0.426976 255 0 0
-0.096796 0.016261 0.423507 255 0 0
-0.110118 0.022501 0.426216 255 0 0
-0.109394 0.024868 0.431214 255 0 0
-0.104668 0.013022 0.420511 255 0 0
-0.108312 0.017976 0.422128 255 0 0
-0.097600 0.008835 0.425981 255 0 0
-0.100576 0.009530 0.421983 255 0 0
-0.098682 0.015726 0.435067 255 0 0
-0.096876 0.011201 0.430979 255 0 0
-0.106418 0.024173 0.435212 255 0 0
-0.102326 0.020681 0.436684 255 0 0
-0.111418 0.010485 0.430219 255 0 0
-0.111368 0.013612 0.425601 255 0 0
-0.109612 0.005960 0.426131 255 0 0
-0.105471 0.005596 0.422985 255 0 0
-0.105521 0.002469 0.427603 255 0 0
-0.100656 0.004471 0.429454 255 0 0
-0.104797 0.004836 0.432600 255 0 0
-0.103577 0.011792 0.436069 255 0 0
-0.108442 0.009790 0.434217 255 0 0
-0.110198 0.017442 0.433688 255 0 0
0.005042 0.015110 0.419830 255 0 0
0.001125 0.014463 0.425680 255 0 0
0.006824 -0.005807 0.418711 255 0 0
0.002907 -0.006454 0.424561 255 0 0
-0.003954 -0.002552 0.416126 255 0 0
-0.005055 0.010375 0.416818 255 0 0
0.013005 -0.001720 0.427573 255 0 0
0.011904 0.011207 0.428265 255 0 0
0.006046 0.004062 0.430465 255 0 0
-0.004435 0.003548 0.423391 255 0 0
0.012384 0.005108 0.421000 255 0 0
0.001903 0.004594 0.413926 255 0 0
0.003385 0.010822 0.415944 255 0 0
-0.002551 0.008039 0.414174 255 0 0
-0.000705 0.014220 0.417644 255 0 0
-0.003008 0.013840 0.421083 255 0 0
0.002927 0.016622 0.422853 255 0 0
0.006960 0.014329 0.427811 255 0 0
0.009263 0.014709 0.424373 255 0 0
0.013578 0.008830 0.425060 255 0 0
0.009545 0.011124 0.420103 255 0 0
0.007700 0.004943 0.416632 255 0 0
-0.006276 0.007424 0.419737 255 0 0
-0.002643 0.009826 0.424946 255 0 0
-0.001903 0.000441 0.413767 255 0 0
-0.005993 0.003839 0.415467 255 0 0
0.010592 -0.001171 0.419445 255 0 0
0.004432 -0.001473 0.415286 255 0 0
0.013943 0.004817 0.428924 255 0 0
0.014225 0.001232 0.424654 255 0 0
0.003518 0.010129 0.429105 255 0 0
0.009853 0.008215 0.430624 255 0 0
-0.001596 -0.002468 0.424288 255 0 0
-0.005629 -0.000174 0.419331 255 0 0
-0.001313 -0.006053 0.420018 255 0 0
0.000989 -0.005673 0.416580 255 0 0
0.005022 -0.007967 0.421538 255 0 0
0.010957 -0.005184 0.423308 255 0 0
0.008655 -0.005564 0.426747 255 0 0
0.010500 0.000617 0.430217 255 0 0
0.004565 -0.002166 0.428447 255 0 0
0.000250 0.003713 0.427759 255 0 0
-0.058290 0.051089 0.423947 255 0 0
-0.069187 0.050321 0.431549 255 0 0
-0.057463 0.031577 0.423162 255 0 0
-0.068359 0.030809 0.430765 255 0 0
-0.066419 0.034970 0.422317 255 0 0
-0.066930 0.047029 0.422802 255 0 0
-0.059720 0.034869 0.431909 255 0 0
-0.060231 0.046928 0.432394 255 0 0
-0.070070 0.040297 0.436470 255 0 0
-0.074210 0.040359 0.430542 255 0 0
-0.052439 0.041539 0.424169 255 0 0
-0.056580 0.041601 0.418241 255 0 0
-0.056401 0.047292 0.419995 255 0 0
-0.061479 0.044906 0.419322 255 0 0
-0.062485 0.050483 0.422675 255 0 0
-0.068890 0.050032 0.427144 255 0 0
-0.063811 0.052418 0.427817 255 0 0
-0.064952 0.049972 0.432782 255 0 0
-0.058547 0.050423 0.428313 255 0 0
-0.055108 0.044810 0.428444 255 0 0
-0.053967 0.047255 0.423479 255 0 0
-0.052962 0.041679 0.420125 255 0 0
-0.071842 0.044176 0.426552 255 0 0
-0.073169 0.046111 0.431693 255 0 0
-0.061179 0.037818 0.419037 255 0 0
-0.067263 0.041009 0.421718 255 0 0
-0.053481 0.035787 0.423018 255 0 0
-0.055915 0.035824 0.419534 255 0 0
-0.059387 0.040889 0.432994 255 0 0
-0.054807 0.037722 0.428159 255 0 0
-0.070735 0.046074 0.435178 255 0 0
-0.065471 0.044080 0.435674 255 0 0
-0.072682 0.034642 0.431232 255 0 0
-0.071542 0.037088 0.426267 255 0 0
-0.068103 0.031475 0.426398 255 0 0
-0.061698 0.031926 0.421929 255 0 0
-0.062839 0.029480 0.426895 255 0 0
-0.057760 0.031866 0.427567 255 0 0
-0.064165 0.031415 0.432036 255 0 0
-0.065170 0.036992 0.435389 255 0 0
-0.070249 0.034606 0.434717 255 0 0
-0.073688 0.040219 0.434586 255 0 0
-0.053737 0.088104 0.406385 255 0 0
-0.063171 0.089690 0.412988 255 0 0
-0.053777 0.066846 0.411435 255 0 0
-0.063210 0.068432 0.418038 255 0 0
-0.061987 0.070582 0.409039 255 0 0
-0.061962 0.083720 0.405919 255 0 0
-0.054986 0.072817 0.418504 255 0 0
-0.054961 0.085955 0.415384 255 0 0
-0.063942 0.080242 0.420478 255 0 0
-0.068269 0.078861 0.414629 255 0 0
-0.048679 0.077676 0.409794 255 0 0
-0.053006 0.076294 0.403945 255 0 0
-0.052476 0.082890 0.403928 255 0 0
-0.057310 0.080312 0.403653 255 0 0
-0.057740 0.087254 0.405088 255 0 0
-0.063285 0.088186 0.408969 255 0 0
-0.058451 0.090764 0.409243 255 0 0
-0.059170 0.089500 0.414533 255 0 0
-0.053625 0.088568 0.410651 255 0 0
-0.050652 0.082438 0.412655 255 0 0
-0.049932 0.083702 0.407366 255 0 0
-0.049502 0.076760 0.405931 255 0 0
-0.066282 0.081821 0.409933 255 0 0
-0.066992 0.085330 0.414089 255 0 0
-0.057324 0.072590 0.405488 255 0 0
-0.062589 0.076954 0.406648 255 0 0
-0.049956 0.071206 0.410334 255 0 0
-0.052499 0.070394 0.406896 255 0 0
-0.054359 0.079582 0.417775 255 0 0
-0.050666 0.074716 0.414490 255 0 0
-0.064449 0.086142 0.417527 255 0 0
-0.059623 0.083947 0.418935 255 0 0
-0.067015 0.072835 0.417057 255 0 0
-0.066296 0.074098 0.411768 255 0 0
-0.063323 0.067969 0.413772 255 0 0
-0.057778 0.067036 0.409890 255 0 0
-0.058497 0.065773 0.415180 255 0 0
-0.053663 0.068350 0.415454 255 0 0
-0.059208 0.069283 0.419335 255 0 0
-0.059638 0.076224 0.420770 255 0 0
-0.064472 0.073647 0.420495 255 0 0
-0.067446 0.079777 0.418492 255 0 0
-0.115081 0.042925 0.427517 255 0 0
-0.121649 0.043055 0.433057 255 0 0
-0.116133 0.017575 0.426865 255 0 0
-0.122701 0.017705 0.432404 255 0 0
-0.123706 0.022805 0.424428 255 0 0
-0.123055 0.038472 0.424831 255 0 0
-0.114727 0.022158 0.435090 255 0 0
-0.114077 0.037825 0.435493 255 0 0
-0.121430 0.030220 0.437737 255 0 0
-0.126980 0.030620 0.431147 255 0 0
-0.110803 0.030010 0.428774 255 0 0
-0.116352 0.030410 0.422185 255 0 0
-0.115159 0.037783 0.423954 255 0 0
-0.119846 0.035165 0.422375 255 0 0
-0.119099 0.042521 0.425510 255 0 0
-0.122960 0.042598 0.428766 255 0 0
-0.118273 0.045215 0.430344 255 0 0
-0.117682 0.042218 0.435033 255 0 0
-0.113822 0.042141 0.431777 255 0 0
-0.111307 0.034550 0.432515 255 0 0
-0.111897 0.037547 0.427827 255 0 0
-0.112644 0.030191 0.424693 255 0 0
-0.126093 0.035289 0.427643 255 0 0
-0.125267 0.037983 0.432478 255 0 0
-0.120228 0.025956 0.422138 255 0 0
-0.124169 0.030695 0.423694 255 0 0
-0.112516 0.022647 0.427443 255 0 0
-0.115777 0.022882 0.423570 255 0 0
-0.113613 0.029934 0.436228 255 0 0
-0.111689 0.025341 0.432278 255 0 0
-0.122005 0.037747 0.436351 255 0 0
-0.117554 0.034673 0.437783 255 0 0
-0.125885 0.023082 0.432094 255 0 0
-0.126475 0.026080 0.427406 255 0 0
-0.123961 0.018488 0.428145 255 0 0
-0.120100 0.018412 0.424889 255 0 0
-0.119509 0.015414 0.429577 255 0 0
-0.114822 0.018032 0.431156 255 0 0
-0.118683 0.018108 0.434412 255 0 0
-0.117936 0.025464 0.437546 255 0 0
-0.122623 0.022847 0.435968 255 0 0
-0.125138 0.030438 0.435229 255 0 0
-0.108468 0.082888 0.418637 255 0 0
-0.116330 0.083947 0.424298 255 0 0
-0.107903 0.059106 0.423874 255 0 0
-0.115765 0.060165 0.429535 255 0 0
-0.115727 0.062979 0.420672 255 0 0
-0.116076 0.077677 0.417435 255 0 0
-0.108157 0.065376 0.430737 255 0 0
-0.108506 0.080074 0.427500 255 0 0
-0.116138 0.073125 0.431776 255 0 0
-0.120816 0.071643 0.425556 255 0 0
-0.103417 0.071410 0.422616 255 0 0
-0.108096 0.069928 0.416396 255 0 0
-0.107609 0.077265 0.416363 255 0 0
-0.112081 0.074203 0.415657 255 0 0
-0.112300 0.081820 0.416974 255 0 0
-0.116921 0.082443 0.420301 255 0 0
-0.112449 0.085505 0.421007 255 0 0
-0.112471 0.083851 0.426217 255 0 0
-0.107850 0.083228 0.422890 255 0 0
-0.104881 0.076482 0.425229 255 0 0
-0.104859 0.078136 0.420019 255 0 0
-0.104640 0.070518 0.418702 255 0 0
-0.119558 0.075211 0.421040 255 0 0
-0.119707 0.078896 0.425074 255 0 0
-0.111875 0.065563 0.417559 255 0 0
-0.116566 0.070118 0.418170 255 0 0
-0.104526 0.064157 0.423098 255 0 0
-0.107277 0.063286 0.419442 255 0 0
-0.107667 0.072935 0.430002 255 0 0
-0.104676 0.067842 0.427132 255 0 0
-0.116957 0.079767 0.428731 255 0 0
-0.112358 0.077490 0.430613 255 0 0
-0.119375 0.064917 0.428153 255 0 0
-0.119352 0.066571 0.422943 255 0 0
-0.116383 0.059825 0.425282 255 0 0
-0.111762 0.059202 0.421955 255 0 0
-0.111784 0.057548 0.427165 255 0 0
-0.107313 0.060610 0.427871 255 0 0
-0.111934 0.061233 0.431198 255 0 0
-0.112153 0.068850 0.432515 255 0 0
-0.116625 0.065788 0.431809 255 0 0
-0.119594 0.072535 0.429470 255 0 0
0.039786 -0.007334 0.452263 255 0 0
0.034493 -0.007786 0.456763 255 0 0
0.039365 -0.027945 0.449698 255 0 0
0.034072 -0.028397 0.454199 255 0 0
0.029968 -0.023109 0.444517 255 0 0
0.030228 -0.010371 0.446102 255 0 0
0.043630 -0.025360 0.460360 255 0 0
0.043890 -0.012621 0.461945 255 0 0
0.036868 -0.018926 0.461767 255 0 0
0.028425 -0.017536 0.451976 255 0 0
0.045433 -0.018195 0.454485 255 0 0
0.036990 -0.016804 0.444694 255 0 0
0.038644 -0.011051 0.447644 255 0 0
0.033026 -0.012837 0.444023 255 0 0
0.034670 -0.007270 0.448471 255 0 0
0.031558 -0.007536 0.451117 255 0 0
0.037176 -0.005750 0.454738 255 0 0
0.039588 -0.008858 0.460429 255 0 0
0.042700 -0.008593 0.457784 255 0 0
0.046019 -0.014977 0.459090 255 0 0
0.043607 -0.011869 0.453399 255 0 0
0.041963 -0.017436 0.448950 255 0 0
0.027992 -0.013266 0.448303 255 0 0
0.030498 -0.011747 0.454569 255 0 0
0.032873 -0.020324 0.443091 255 0 0
0.028899 -0.016543 0.443918 255 0 0
0.043360 -0.023984 0.451892 255 0 0
0.038397 -0.023166 0.446137 255 0 0
0.044959 -0.019188 0.462543 255 0 0
0.045866 -0.022464 0.458159 255 0 0
0.035461 -0.012564 0.460325 255 0 0
0.040984 -0.015407 0.463370 255 0 0
0.030251 -0.023862 0.453062 255 0 0
0.027839 -0.020754 0.447371 255 0 0
0.031158 -0.027138 0.448678 255 0 0
0.034270 -0.026872 0.446032 255 0 0
0.036682 -0.029980 0.451723 255 0 0
0.042300 -0.028195 0.455345 255 0 0
0.039188 -0.028461 0.457990 255 0 0
0.040832 -0.022894 0.462439 255 0 0
0.035214 -0.024679 0.458817 255 0 0
0.031894 -0.018295 0.457511 255 0 0
-0.047677 -0.039236 0.406151 255 0 0
-0.055237 -0.039716 0.411760 255 0 0
-0.048730 -0.063334 0.402667 255 0 0
-0.056290 -0.063815 0.408276 255 0 0
-0.056255 -0.058042 0.400898 255 0 0
-0.055604 -0.043149 0.403051 255 0 0
-0.048363 -0.059902 0.411376 255 0 0
-0.047712 -0.045008 0.413529 255 0 0
-0.055661 -0.052488 0.414989 255 0 0
-0.060539 -0.051339 0.408514 255 0 0
-0.043429 -0.051711 0.405913 255 0 0
-0.048306 -0.050562 0.399438 255 0 0
-0.047291 -0.043735 0.402019 255 0 0
-0.051950 -0.046035 0.400197 255 0 0
-0.051580 -0.039378 0.404142 255 0 0
-0.056024 -0.039660 0.407439 255 0 0
-0.051365 -0.037360 0.409261 255 0 0
-0.051385 -0.040753 0.413598 255 0 0
-0.046942 -0.040471 0.410301 255 0 0
-0.044445 -0.047804 0.410161 255 0 0
-0.044424 -0.044411 0.405825 255 0 0
-0.044794 -0.051068 0.401879 255 0 0
-0.059140 -0.046492 0.405531 255 0 0
-0.058924 -0.044475 0.410650 255 0 0
-0.052333 -0.054790 0.398931 255 0 0
-0.056622 -0.050432 0.401055 255 0 0
-0.045043 -0.058576 0.403777 255 0 0
-0.047910 -0.057900 0.399971 255 0 0
-0.047345 -0.052618 0.413372 255 0 0
-0.044827 -0.056558 0.408896 255 0 0
-0.056058 -0.045150 0.414456 255 0 0
-0.051635 -0.048261 0.415496 255 0 0
-0.059543 -0.058639 0.408602 255 0 0
-0.059523 -0.055247 0.404266 255 0 0
-0.057026 -0.062579 0.404126 255 0 0
-0.052582 -0.062297 0.400829 255 0 0
-0.052603 -0.065690 0.405166 255 0 0
-0.047943 -0.063390 0.406988 255 0 0
-0.052387 -0.063672 0.410285 255 0 0
-0.052017 -0.057015 0.414230 255 0 0
-0.056677 -0.059315 0.412408 255 0 0
-0.059174 -0.051982 0.412548 255 0 0
-0.051504 0.002047 0.412221 255 0 0
-0.060710 0.002250 0.418887 255 0 0
-0.053986 -0.019977 0.409464 255 0 0
-0.063192 -0.019774 0.416129 255 0 0
-0.061567 -0.014679 0.408525 255 0 0
-0.060034 -0.001068 0.410229 255 0 0
-0.054662 -0.016659 0.418122 255 0 0
-0.053129 -0.003047 0.419826 255 0 0
-0.062662 -0.009311 0.422533 255 0 0
-0.066929 -0.008088 0.416602 255 0 0
-0.047766 -0.009639 0.411749 255 0 0
-0.052034 -0.008416 0.405817 255 0 0
-0.050790 -0.002187 0.408114 255 0 0
-0.055803 -0.004018 0.406943 255 0 0
-0.055492 0.002132 0.410707 255 0 0
-0.060903 0.002251 0.414625 255 0 0
-0.055889 0.004082 0.415796 255 0 0
-0.056844 0.001088 0.420266 255 0 0
-0.051433 0.000968 0.416348 255 0 0
-0.049236 -0.005901 0.416070 255 0 0
-0.048281 -0.002906 0.411601 255 0 0
-0.048593 -0.009056 0.407836 255 0 0
-0.064558 -0.003825 0.413282 255 0 0
-0.064956 -0.001875 0.418371 255 0 0
-0.056704 -0.012019 0.405941 255 0 0
-0.061406 -0.007700 0.408534 255 0 0
-0.049740 -0.015852 0.409980 255 0 0
-0.052248 -0.015133 0.406494 255 0 0
-0.053289 -0.010027 0.419816 255 0 0
-0.050137 -0.013901 0.415069 255 0 0
-0.062448 -0.002594 0.421857 255 0 0
-0.057991 -0.005708 0.422409 255 0 0
-0.066415 -0.014821 0.416750 255 0 0
-0.065460 -0.011826 0.412280 255 0 0
-0.063263 -0.018695 0.412003 255 0 0
-0.057852 -0.018814 0.408085 255 0 0
-0.058806 -0.021809 0.412555 255 0 0
-0.053793 -0.019978 0.413726 255 0 0
-0.059204 -0.019859 0.417644 255 0 0
-0.058893 -0.013709 0.421408 255 0 0
-0.063906 -0.015540 0.420237 255 0 0
-0.066103 -0.008671 0.420514 255 0 0
0.037993 -0.071954 0.432063 255 0 0
0.032802 -0.073272 0.436794 255 0 0
0.039944 -0.091560 0.428740 255 0 0
0.034753 -0.092879 0.433472 255 0 0
0.029726 -0.087877 0.423953 255 0 0
0.028521 -0.075759 0.426006 255 0 0
0.044226 -0.089073 0.439528 255 0 0
0.043020 -0.076956 0.441582 255 0 0
0.036654 -0.083852 0.441408 255 0 0
0.027693 -0.083113 0.431782 255 0 0
0.045054 -0.081719 0.433753 255 0 0
0.036092 -0.080980 0.424127 255 0 0
0.037160 -0.075422 0.427274 255 0 0
0.031592 -0.077659 0.423715 255 0 0
0.032710 -0.072354 0.428379 255 0 0
0.029659 -0.073128 0.431160 255 0 0
0.035226 -0.070892 0.434720 255 0 0
0.038181 -0.073832 0.440315 255 0 0
0.041232 -0.073057 0.437534 255 0 0
0.045382 -0.078797 0.438527 255 0 0
0.042428 -0.075857 0.432932 255 0 0
0.041310 -0.081162 0.428268 255 0 0
0.026655 -0.078913 0.428214 255 0 0
0.029172 -0.077451 0.434555 255 0 0
0.032301 -0.084782 0.422508 255 0 0
0.027851 -0.081713 0.423612 255 0 0
0.043574 -0.087381 0.430980 255 0 0
0.038307 -0.086947 0.425322 255 0 0
0.044896 -0.083119 0.441922 255 0 0
0.046091 -0.085919 0.437320 255 0 0
0.034440 -0.077886 0.440213 255 0 0
0.040446 -0.080051 0.443027 255 0 0
0.030319 -0.088975 0.432602 255 0 0
0.027364 -0.086035 0.427007 255 0 0
0.031514 -0.091775 0.428000 255 0 0
0.034565 -0.091001 0.425220 255 0 0
0.037520 -0.093941 0.430814 255 0 0
0.043088 -0.091704 0.434374 255 0 0
0.040037 -0.092479 0.437155 255 0 0
0.041154 -0.087173 0.441820 255 0 0
0.035586 -0.089410 0.438260 255 0 0
0.031436 -0.083670 0.437267 255 0 0
-0.024282 -0.062226 0.402868 255 0 0
-0.028378 -0.063537 0.408949 255 0 0
-0.021651 -0.084003 0.399946 255 0 0
-0.025746 -0.085314 0.406027 255 0 0
-0.031834 -0.080726 0.398356 255 0 0
-0.033460 -0.067266 0.400162 255 0 0
-0.016568 -0.080274 0.408734 255 0 0
-0.018195 -0.066814 0.410540 255 0 0
-0.023610 -0.074691 0.412574 255 0 0
-0.033045 -0.074970 0.406160 255 0 0
-0.016984 -0.072570 0.402735 255 0 0
-0.026418 -0.072849 0.396321 255 0 0
-0.025409 -0.066443 0.398743 255 0 0
-0.030804 -0.069406 0.397152 255 0 0
-0.029548 -0.063162 0.401000 255 0 0
-0.031956 -0.063932 0.404575 255 0 0
-0.026561 -0.060969 0.406165 255 0 0
-0.022983 -0.063666 0.410675 255 0 0
-0.020576 -0.062896 0.407100 255 0 0
-0.016286 -0.068976 0.407022 255 0 0
-0.019864 -0.066279 0.402513 255 0 0
-0.021119 -0.072523 0.398664 255 0 0
-0.034699 -0.070653 0.402935 255 0 0
-0.031712 -0.068460 0.408101 255 0 0
-0.029848 -0.077317 0.396090 255 0 0
-0.033987 -0.074036 0.398348 255 0 0
-0.018317 -0.079080 0.400795 255 0 0
-0.023862 -0.079244 0.397025 255 0 0
-0.016042 -0.073504 0.410548 255 0 0
-0.015330 -0.076887 0.405960 255 0 0
-0.026166 -0.068296 0.411871 255 0 0
-0.020181 -0.070223 0.412805 255 0 0
-0.030165 -0.081261 0.406383 255 0 0
-0.033743 -0.078564 0.401874 255 0 0
-0.029453 -0.084644 0.401795 255 0 0
-0.027045 -0.083874 0.398221 255 0 0
-0.023467 -0.086571 0.402730 255 0 0
-0.018073 -0.083608 0.404321 255 0 0
-0.020480 -0.084378 0.407895 255 0 0
-0.019225 -0.078134 0.411744 255 0 0
-0.024619 -0.081097 0.410153 255 0 0
-0.028909 -0.075017 0.410231 255 0 0
0.018702 -0.008463 0.428944 255 0 0
0.014440 -0.009229 0.434462 255 0 0
0.019717 -0.029096 0.426867 255 0 0
0.015455 -0.029861 0.432385 255 0 0
0.009109 -0.025304 0.423657 255 0 0
0.008482 -0.012553 0.424941 255 0 0
0.025676 -0.025771 0.436388 255 0 0
0.025048 -0.013020 0.437672 255 0 0
0.018750 -0.019926 0.439063 255 0 0
0.008511 -0.019637 0.431194 255 0 0
0.025646 -0.018687 0.430135 255 0 0
0.015408 -0.018399 0.422266 255 0 0
0.017051 -0.012425 0.424717 255 0 0
0.011043 -0.014829 0.422364 255 0 0
0.012980 -0.008989 0.426289 255 0 0
0.010475 -0.009439 0.429532 255 0 0
0.016482 -0.007035 0.431886 255 0 0
0.020212 -0.009713 0.437016 255 0 0
0.022718 -0.009263 0.433773 255 0 0
0.026799 -0.015273 0.434472 255 0 0
0.023069 -0.012594 0.429342 255 0 0
0.021132 -0.018434 0.425417 255 0 0
0.006990 -0.015556 0.427612 255 0 0
0.010492 -0.013603 0.433208 255 0 0
0.011412 -0.022324 0.421609 255 0 0
0.007341 -0.018888 0.423181 255 0 0
0.023666 -0.024722 0.428121 255 0 0
0.017647 -0.024552 0.423496 255 0 0
0.026816 -0.019437 0.438148 255 0 0
0.027168 -0.022768 0.433718 255 0 0
0.016510 -0.013772 0.437833 255 0 0
0.022746 -0.016001 0.439720 255 0 0
0.011089 -0.025730 0.431987 255 0 0
0.007359 -0.023052 0.426857 255 0 0
0.011440 -0.029061 0.427556 255 0 0
0.013945 -0.028611 0.424313 255 0 0
0.017675 -0.031289 0.429443 255 0 0
0.023683 -0.028886 0.431797 255 0 0
0.021178 -0.029335 0.435040 255 0 0
0.023114 -0.023496 0.438965 255 0 0
0.017107 -0.025899 0.436612 255 0 0
0.013025 -0.019890 0.435912 255 0 0
0.050003 0.017553 0.465864 255 0 0
0.044459 0.018300 0.470122 255 0 0
0.049885 -0.002540 0.469236 255 0 0
0.044341 -0.001793 0.473494 255 0 0
0.040603 0.000321 0.462453 255 0 0
0.040676 0.012740 0.460369 255 0 0
0.053668 0.003020 0.478989 255 0 0
0.053741 0.015438 0.476905 255 0 0
0.046724 0.009318 0.478234 255 0 0
0.038649 0.007650 0.468014 255 0 0
0.055694 0.008109 0.471344 255 0 0
0.047620 0.006441 0.461124 255 0 0
0.049099 0.012720 0.462408 255 0 0
0.043617 0.009891 0.459178 255 0 0
0.045017 0.016422 0.461964 255 0 0
0.041759 0.016861 0.464467 255 0 0
0.047241 0.019690 0.467697 255 0 0
0.049438 0.018447 0.474187 255 0 0
0.052697 0.018008 0.471684 255 0 0
0.056042 0.012458 0.474905 255 0 0
0.053845 0.013700 0.468415 255 0 0
0.052444 0.007169 0.465629 255 0 0
0.038344 0.010602 0.463228 255 0 0
0.040568 0.013870 0.468961 255 0 0
0.043574 0.002592 0.460403 255 0 0
0.039492 0.006294 0.459960 255 0 0
0.053776 0.001890 0.470397 255 0 0
0.049030 0.000910 0.464390 255 0 0
0.054851 0.009466 0.479399 255 0 0
0.056000 0.005158 0.476130 255 0 0
0.045314 0.014850 0.474968 255 0 0
0.050770 0.013168 0.478955 255 0 0
0.040499 0.002059 0.470943 255 0 0
0.038301 0.003302 0.464453 255 0 0
0.041647 -0.002248 0.467674 255 0 0
0.044905 -0.002688 0.465171 255 0 0
0.047103 -0.003930 0.471661 255 0 0
0.052585 -0.001101 0.474891 255 0 0
0.049326 -0.000662 0.477394 255 0 0
0.050727 0.005869 0.480180 255 0 0
0.045245 0.003040 0.476950 255 0 0
0.041899 0.008591 0.473729 255 0 0
-0.023547 -0.025444 0.406644 255 0 0
-0.027834 -0.025801 0.412994 255 0 0
-0.024677 -0.048341 0.404596 255 0 0
-0.028964 -0.048697 0.410946 255 0 0
-0.033740 -0.043367 0.403388 255 0 0
-0.033042 -0.029216 0.404654 255 0 0
-0.019470 -0.044925 0.412936 255 0 0
-0.018771 -0.030775 0.414202 255 0 0
-0.025314 -0.037841 0.416882 255 0 0
-0.034134 -0.036877 0.410981 255 0 0
-0.018378 -0.037264 0.406609 255 0 0
-0.027197 -0.036301 0.400708 255 0 0
-0.025217 -0.029784 0.402777 255 0 0
-0.030798 -0.032001 0.401607 255 0 0
-0.028653 -0.025620 0.405097 255 0 0
-0.031172 -0.025830 0.408829 255 0 0
-0.025592 -0.023613 0.409999 255 0 0
-0.022784 -0.026746 0.414441 255 0 0
-0.020264 -0.026536 0.410709 255 0 0
-0.017226 -0.033484 0.410688 255 0 0
-0.020033 -0.030350 0.406246 255 0 0
-0.022178 -0.036732 0.402756 255 0 0
-0.034875 -0.032340 0.407646 255 0 0
-0.031814 -0.030333 0.412548 255 0 0
-0.031209 -0.040319 0.400863 255 0 0
-0.034644 -0.036155 0.403183 255 0 0
-0.020697 -0.043809 0.405042 255 0 0
-0.025881 -0.043242 0.401573 255 0 0
-0.017868 -0.037987 0.414407 255 0 0
-0.017636 -0.041801 0.409944 255 0 0
-0.026630 -0.030899 0.416017 255 0 0
-0.021303 -0.033823 0.416727 255 0 0
-0.032479 -0.043791 0.411344 255 0 0
-0.035286 -0.040658 0.406902 255 0 0
-0.032247 -0.047605 0.406881 255 0 0
-0.029727 -0.047396 0.403149 255 0 0
-0.026920 -0.050529 0.407591 255 0 0
-0.021339 -0.048312 0.408761 255 0 0
-0.023859 -0.048521 0.412493 255 0 0
-0.021714 -0.042140 0.415983 255 0 0
-0.027294 -0.044357 0.414813 255 0 0
-0.030333 -0.037410 0.414834 255 0 0
-0.027827 -0.060681 0.403856 255 0 0
-0.032142 -0.062041 0.410018 255 0 0
-0.025838 -0.083178 0.400281 255 0 0
-0.030153 -0.084538 0.406443 255 0 0
-0.035521 -0.079404 0.399076 255 0 0
-0.036751 -0.065500 0.401285 255 0 0
-0.021230 -0.079719 0.409014 255 0 0
-0.022459 -0.065815 0.411223 255 0 0
-0.028065 -0.073808 0.413206 255 0 0
-0.036898 -0.073613 0.407063 255 0 0
-0.021083 -0.071606 0.403236 255 0 0
-0.029915 -0.071411 0.397093 255 0 0
-0.028850 -0.064894 0.399654 255 0 0
-0.034096 -0.067726 0.398142 255 0 0
-0.032868 -0.061419 0.402117 255 0 0
-0.035405 -0.062219 0.405739 255 0 0
-0.030159 -0.059386 0.407250 255 0 0
-0.027004 -0.062404 0.411581 255 0 0
-0.024468 -0.061604 0.407959 255 0 0
-0.020504 -0.068026 0.407595 255 0 0
-0.023659 -0.065008 0.403264 255 0 0
-0.024886 -0.071315 0.399289 255 0 0
-0.038200 -0.069020 0.404003 255 0 0
-0.035491 -0.066987 0.409136 255 0 0
-0.033373 -0.075899 0.396844 255 0 0
-0.037391 -0.072424 0.399308 255 0 0
-0.022490 -0.078232 0.401163 255 0 0
-0.027681 -0.078117 0.397553 255 0 0
-0.020590 -0.072795 0.410991 255 0 0
-0.019781 -0.076199 0.406296 255 0 0
-0.030299 -0.067102 0.412746 255 0 0
-0.024608 -0.069320 0.413455 255 0 0
-0.034322 -0.080211 0.407035 255 0 0
-0.037477 -0.077193 0.402704 255 0 0
-0.033513 -0.083614 0.402340 255 0 0
-0.030976 -0.082815 0.398718 255 0 0
-0.027821 -0.085833 0.403048 255 0 0
-0.022576 -0.083000 0.404560 255 0 0
-0.025112 -0.083800 0.408182 255 0 0
-0.023885 -0.077493 0.412157 255 0 0
-0.029130 -0.080325 0.410645 255 0 0
-0.033094 -0.073903 0.411010 255 0 0
0.021376 -0.071686 0.418409 255 0 0
0.017330 -0.072987 0.424009 255 0 0
0.022806 -0.091402 0.414862 255 0 0
0.018760 -0.092703 0.420462 255 0 0
0.011730 -0.087803 0.412108 255 0 0
0.010846 -0.075618 0.414300 255 0 0
0.029290 -0.088771 0.424570 255 0 0
0.028406 -0.076586 0.426763 255 0 0
0.022221 -0.083546 0.427817 255 0 0
0.011368 -0.082948 0.420115 255 0 0
0.028768 -0.081441 0.418756 255 0 0
0.017915 -0.080842 0.411054 255 0 0
0.019571 -0.075223 0.413906 255 0 0
0.013382 -0.077534 0.411490 255 0 0
0.015416 -0.072152 0.415814 255 0 0
0.013038 -0.072917 0.419105 255 0 0
0.019227 -0.070605 0.421521 255 0 0
0.023359 -0.073486 0.426431 255 0 0
0.025737 -0.072721 0.423139 255 0 0
0.030082 -0.078455 0.423343 255 0 0
0.025950 -0.075574 0.418433 255 0 0
0.023916 -0.080957 0.414109 255 0 0
0.009534 -0.078772 0.416816 255 0 0
0.013345 -0.077225 0.422523 255 0 0
0.013902 -0.084696 0.410202 255 0 0
0.009746 -0.081625 0.412110 255 0 0
0.026791 -0.087163 0.416348 255 0 0
0.020412 -0.086812 0.411820 255 0 0
0.030390 -0.082763 0.426761 255 0 0
0.030602 -0.085617 0.422054 255 0 0
0.019724 -0.077577 0.427050 255 0 0
0.026234 -0.079692 0.428669 255 0 0
0.014186 -0.088814 0.420438 255 0 0
0.010054 -0.085934 0.415528 255 0 0
0.014398 -0.091668 0.415732 255 0 0
0.016777 -0.090903 0.412440 255 0 0
0.020909 -0.093783 0.417350 255 0 0
0.027098 -0.091472 0.419765 255 0 0
0.024720 -0.092237 0.423057 255 0 0
0.026754 -0.086855 0.427380 255 0 0
0.020565 -0.089166 0.424965 255 0 0
0.016220 -0.083432 0.424761 255 0 0
0.073190 0.099007 0.453335 255 0 0
0.067151 0.100168 0.458144 255 0 0
0.073061 0.082318 0.457201 255 0 0
0.067021 0.083479 0.462010 255 0 0
0.062857 0.084152 0.450279 255 0 0
0.062937 0.094467 0.447890 255 0 0
0.077275 0.088019 0.467455 255 0 0
0.077355 0.098334 0.465066 255 0 0
0.069675 0.093377 0.466870 255 0 0
0.060764 0.090987 0.456255 255 0 0
0.079447 0.091499 0.459090 255 0 0
0.070537 0.089109 0.448475 255 0 0
0.072172 0.094553 0.449717 255 0 0
0.066145 0.091884 0.446516 255 0 0
0.067705 0.097702 0.449373 255 0 0
0.064155 0.098384 0.452200 255 0 0
0.070182 0.101053 0.455400 255 0 0
0.072630 0.100657 0.462295 255 0 0
0.076180 0.099975 0.459469 255 0 0
0.079857 0.095561 0.462851 255 0 0
0.077410 0.095957 0.455956 255 0 0
0.075850 0.090139 0.453099 255 0 0
0.060401 0.092988 0.451089 255 0 0
0.062878 0.096339 0.457116 255 0 0
0.066098 0.085821 0.447921 255 0 0
0.061631 0.088970 0.447577 255 0 0
0.077333 0.086147 0.458229 255 0 0
0.072096 0.084743 0.451989 255 0 0
0.078580 0.093516 0.467768 255 0 0
0.079810 0.089498 0.464256 255 0 0
0.068116 0.097743 0.463356 255 0 0
0.074113 0.096665 0.467424 255 0 0
0.062802 0.086529 0.459389 255 0 0
0.060354 0.086925 0.452494 255 0 0
0.064032 0.082511 0.455876 255 0 0
0.067582 0.081829 0.453050 255 0 0
0.070030 0.081433 0.459945 255 0 0
0.076056 0.084102 0.463145 255 0 0
0.072506 0.084784 0.465972 255 0 0
0.074066 0.090602 0.468829 255 0 0
0.068040 0.087933 0.465628 255 0 0
0.064362 0.092347 0.462246 255 0 0
-0.100882 -0.025290 0.422156 255 0 0
-0.108558 -0.026173 0.427701 255 0 0
-0.101265 -0.048680 0.417901 255 0 0
-0.108941 -0.049563 0.423445 255 0 0
-0.109002 -0.043619 0.416152 255 0 0
-0.108764 -0.029163 0.418783 255 0 0
-0.101059 -0.045690 0.426819 255 0 0
-0.100821 -0.031234 0.429449 255 0 0
-0.108667 -0.038781 0.430583 255 0 0
-0.113576 -0.037501 0.423990 255 0 0
-0.096247 -0.037352 0.421611 255 0 0
-0.101156 -0.036072 0.415019 255 0 0
-0.100336 -0.029497 0.417848 255 0 0
-0.104969 -0.031774 0.415865 255 0 0
-0.104808 -0.025436 0.420060 255 0 0
-0.109319 -0.025955 0.423319 255 0 0
-0.104686 -0.023679 0.425302 255 0 0
-0.104651 -0.027172 0.429589 255 0 0
-0.100139 -0.026653 0.426330 255 0 0
-0.097415 -0.033743 0.426009 255 0 0
-0.097450 -0.030249 0.421723 255 0 0
-0.097611 -0.036587 0.417527 255 0 0
-0.112269 -0.032613 0.421138 255 0 0
-0.112147 -0.030856 0.426380 255 0 0
-0.105108 -0.040270 0.414319 255 0 0
-0.109580 -0.036209 0.416531 255 0 0
-0.097676 -0.043997 0.419221 255 0 0
-0.100561 -0.043245 0.415346 255 0 0
-0.100243 -0.038644 0.429070 255 0 0
-0.097554 -0.042240 0.424463 255 0 0
-0.109262 -0.031608 0.430255 255 0 0
-0.104715 -0.034583 0.431283 255 0 0
-0.112373 -0.044604 0.423879 255 0 0
-0.112408 -0.041110 0.419592 255 0 0
-0.109684 -0.048200 0.419272 255 0 0
-0.105173 -0.047681 0.416013 255 0 0
-0.105137 -0.051175 0.420299 255 0 0
-0.100504 -0.048898 0.422282 255 0 0
-0.105015 -0.049417 0.425541 255 0 0
-0.104854 -0.043080 0.429737 255 0 0
-0.109488 -0.045356 0.427754 255 0 0
-0.112212 -0.038266 0.428074 255 0 0
3 0 12 14
3 11 13 12
3 5 14 13
3 12 13 14
3 0 14 16
3 5 15 14
3 1 16 15
3 14 15 16
3 0 16 18
3 1 17 16
3 7 18 17
3 16 17 18
3 0 18 20
3 7 19 18
3 10 20 19
3 18 19 20
3 0 20 12
3 10 21 20
3 11 12 21
3 20 21 12
3 1 15 23
3 5 22 15
3 9 23 22
3 15 22 23
3 5 13 25
3 11 24 13
3 4 25 24
3 13 24 25
3 11 21 27
3 10 26 21
3 2 27 26
3 21 26 27
3 10 19 29
3 7 28 19
3 6 29 28
3 19 28 29
3 7 17 31
3 1 30 17
3 8 31 30
3 17 30 31
3 3 32 34
3 9 33 32
3 4 34 33
3 32 33 34
3 3 34 36
3 4 35 34
3 2 36 35
3 34 35 36
3 3 36 38
3 2 37 36
3 6 38 37
3 36 37 38
3 3 38 40
3 6 39 38
3 8 40 39
3 38 39 40
3 3 40 32
3 8 41 40
3 9 32 41
3 40 41 32
3 4 33 25
3 9 22 33
3 5 25 22
3 33 22 25
3 2 35 27
3 4 24 35
3 11 27 24
3 35 24 27
3 6 37 29
3 2 26 37
3 10 29 26
3 37 26 29
3 8 39 31
3 6 28 39
3 7 31 28
3 39 28 31
3 9 41 23
3 8 30 41
3 1 23 30
3 41 30 23
3 42 54 56
3 53 55 54
3 47 56 55
3 54 55 56
3 42 56 58
3 47 57 56
3 43 58 57
3 56 57 58
3 42 58 60
3 43 59 58
3 49 60 59
3 58 59 60
3 42 60 62
3 49 61 60
3 52 62 61
3 60 61 62
3 42 62 54
3 52 63 62
3 53 54 63
3 62 63 54
3 43 57 65
3 47 64 57
3 51 65 64
3 57 64 65
3 47 55 67
3 53 66 55
3 46 67 66
3 55 66 67
3 53 63 69
3 52 68 63
3 44 69 68
3 63 68 69
3 52 61 71
3 49 70 61
3 48 71 70
3 61 70 71
3 49 59 73
3 43 72 59
3 50 73 72
3 59 72 73
3 45 74 76
3 51 75 74
3 46 76 75
3 74 75 76
3 45 76 78
3 46 77 76
3 44 78 77
3 76 77 78
3 45 78 80
3 44 79 78
3 48 80 79
3 78 79 80
3 45 80 82
3 48 81 80
3 50 82 81
3 80 81 82
3 45 82 74
3 50 83 82
3 51 74 83
3 82 83 74
3 46 75 67
3 51 64 75
3 47 67 64
3 75 64 67
3 44 77 69
3 46 66 77
3 53 69 66
3 77 66 69
3 48 79 71
3 44 68 79
3 52 71 68
3 79 68 71
3 50 81 73
3 48 70 81
3 49 73 70
3 81 70 73
3 51 83 65
3 50 72 83
3 43 65 72
3 83 72 65
3 84 96 98
3 95 97 96
3 89 98 97
3 96 97 98
3 84 98 100
3 89 99 98
3 85 100 99
3 98 99 100
3 84 100 102
3 85 101 100
3 91 102 101
3 100 101 102
3 84 102 104
3 91 103 102
3 94 104 103
3 102 103 104
3 84 104 96
3 94 105 104
3 95 96 105
3 104 105 96
3 85 99 107
3 89 106 99
3 93 107 106
3 99 106 107
3 89 97 109
3 95 108 97
3 88 109 108
3 97 108 109
3 95 105 111
3 94 110 105
3 86 111 110
3 105 110 111
3 94 103 113
3 91 112 103
3 90 113 112
3 103 112 113
3 91 101 115
3 85 114 101
3 92 115 114
3 101 114 115
3 87 116 118
3 93 117 116
3 88 118 117
3 116 117 118
3 87 118 120
3 88 119 118
3 86 120 119
3 118 119 120
3 87 120 122
3 86 121 120
3 90 122 121
3 120 121 122
3 87 122 124
3 90 123 122
3 92 124 123
3 122 123 124
3 87 124 116
3 92 125 124
3 93 116 125
3 124 125 116
3 88 117 109
3 93 106 117
3 89 109 106
3 117 106 109
3 86 119 111
3 88 108 119
3 95 111 108
3 119 108 111
3 90 121 113
3 86 110 121
3 94 113 110
3 121 110 113
3 92 123 115
3 90 112 123
3 91 115 112
3 123 112 115
3 93 125 107
3 92 114 125
3 85 107 114
3 125 114 107
3 126 138 140
3 137 139 138
3 131 140 139
3 138 139 140
3 126 140 142
3 131 141 140
3 127 142 141
3 140 141 142
3 126 142 144
3 127 143 142
3 133 144 143
3 142 143 144
3 126 144 146
3 133 145 144
3 136 146 145
3 144 145 146
3 126 146 138
3 136 147 146
3 137 138 147
3 146 147 138
3 127 141 149
3 131 148 141
3 135 149 148
3 141 148 149
3 131 139 151
3 137 150 139
3 130 151 150
3 139 150 151
3 137 147 153
3 136 152 147
3 128 153 152
3 147 152 153
3 136 145 155
3 133 154 145
3 132 155 154
3 145 154 155
3 133 143 157
3 127 156 143
3 134 157 156
3 143 156 157
3 129 158 160
3 135 159 158
3 130 160 159
3 158 159 160
3 129 160 162
3 130 161 160
3 128 162 161
3 160 161 162
3 129 162 164
3 128 163 162
3 132 164 163
3 162 163 164
3 129 164 166
3 132 165 164
3 134 166 165
3 164 165 166
3 129 166 158
3 134 167 166
3 135 158 167
3 166 167 158
3 130 159 151
3 135 148 159
3 131 151 148
3 159 148 151
3 128 161 153
3 130 150 161
3 137 153 150
3 161 150 153
3 132 163 155
3 128 152 163
3 136 155 152
3 163 152 155
3 134 165 157
3 132 154 165
3 133 157 154
3 165 154 157
3 135 167 149
3 134 156 167
3 127 149 156
3 167 156 149
3 168 180 182
3 179 181 180
3 173 182 181
3 180 181 182
3 168 182 184
3 173 183 182
3 169 184 183
3 182 183 184
3 168 184 186
3 169 185 184
3 175 186 185
3 184 185 186
3 168 186 188
3 175 187 186
3 178 188 187
3 186 187 188
3 168 188 180
3 178 189 188
3 179 180 189
3 188 189 180
3 169 183 191
3 173 190 183
3 177 191 190
3 183 190 191
3 173 181 193
3 179 192 181
3 172 193 192
3 181 192 193
3 179 189 195
3 178 194 189
3 170 195 194
3 189 194 195
3 178 187 197
3 175 196 187
3 174 197 196
3 187 196 197
3 175 185 199
3 169 198 185
3 176 199 198
3 185 198 199
3 171 200 202
3 177 201 200
3 172 202 201
3 200 201 202
3 171 202 204
3 172 203 202
3 170 204 203
3 202 203 204
3 171 204 206
3 170 205 204
3 174 206 205
3 204 205 206
3 171 206 208
3 174 207 206
3 176 208 207
3 206 207 208
3 171 208 200
3 176 209 208
3 177 200 209
3 208 209 200
3 172 201 193
3 177 190 201
3 173 193 190
3 201 190 193
3 170 203 195
3 172 192 203
3 179 195 192
3 203 192 195
3 174 205 197
3 170 194 205
3 178 197 194
3 205 194 197
3 176 207 199
3 174 196 207
3 175 199 196
3 207 196 199
3 177 209 191
3 176 198 209
3 169 191 198
3 209 198 191
3 210 222 224
3 221 223 222
3 215 224 223
3 222 223 224
3 210 224 226
3 215 225 224
3 211 226 225
3 224 225 226
3 210 226 228
3 211 227 226
3 217 228 227
3 226 227 228
3 210 228 230
3 217 229 228
3 220 230 229
3 228 229 230
3 210 230 222
3 220 231 230
3 221 222 231
3 230 231 222
3 211 225 233
3 215 232 225
3 219 233 232
3 225 232 233
3 215 223 235
3 221 234 223
3 214 235 234
3 223 234 235
3 221 231 237
3 220 236 231
3 212 237 236
3 231 236 237
3 220 229 239
3 217 238 229
3 216 239 238
3 229 238 239
3 217 227 241
3 211 240 227
3 218 241 240
3 227 240 241
3 213 242 244
3 219 243 242
3 214 244 243
3 242 243 244
3 213 244 246
3 214 245 244
3 212 246 245
3 244 245 246
3 213 246 248
3 212 247 246
3 216 248 247
3 246 247 248
3 213 248 250
3 216 249 248
3 218 250 249
3 248 249 250
3 213 250 242
3 218 251 250
3 219 242 251
3 250 251 242
3 214 243 235
3 219 232 243
3 215 235 232
3 243 232 235
3 212 245 237
3 214 234 245
3 221 237 234
3 245 234 237
3 216 247 239
3 212 236 247
3 220 239 236
3 247 236 239
3 218 249 241
3 216 238 249
3 217 241 238
3 249 238 241
3 219 251 233
3 218 240 251
3 211 233 240
3 251 240 233
3 252 264 266
3 263 265 264
3 257 266 265
3 264 265 266
3 252 266 268
3 257 267 266
3 253 268 267
3 266 267 268
3 252 268 270
3 253 269 268
3 259 270 269
3 268 269 270
3 252 270 272
3 259 271 270
3 262 272 271
3 270 271 272
3 252 272 264
3 262 273 272
3 263 264 273
3 272 273 264
3 253 267 275
3 257 274 267
3 261 275 274
3 267 274 275
3 257 265 277
3 263 276 265
3 256 277 276
3 265 276 277
3 263 273 279
3 262 278 273
3 254 279 278
3 273 278 279
3 262 271 281
3 259 280 271
3 258 281 280
3 271 280 281
3 259 269 283
3 253 282 269
3 260 283 282
3 269 282 283
3 255 284 286
3 261 285 284
3 256 286 285
3 284 285 286
3 255 286 288
3 256 287 286
3 254 288 287
3 286 287 288
3 255 288 290
3 254 289 288
3 258 290 289
3 288 289 290
3 255 290 292
3 258 291 290
3 260 292 291
3 290 291 292
3 255 292 284
3 260 293 292
3 261 284 293
3 292 293 284
3 256 285 277
3 261 274 285
3 257 277 274
3 285 274 277
3 254 287 279
3 256 276 287
3 263 279 276
3 287 276 279
3 258 289 281
3 254 278 289
3 262 281 278
3 289 278 281
3 260 291 283
3 258 280 291
3 259 283 280
3 291 280 283
3 261 293 275
3 260 282 293
3 253 275 282
3 293 282 275
3 294 306 308
3 305 307 306
3 299 308 307
3 306 307 308
3 294 308 310
3 299 309 308
3 295 310 309
3 308 309 310
3 294 310 312
3 295 311 310
3 301 312 311
3 310 311 312
3 294 312 314
3 301 313 312
3 304 314 313
3 312 313 314
3 294 314 306
3 304 315 314
3 305 306 315
3 314 315 306
3 295 309 317
3 299 316 309
3 303 317 316
3 309 316 317
3 299 307 319
3 305 318 307
3 298 319 318
3 307 318 319
3 305 315 321
3 304 320 315
3 296 321 320
3 315 320 321
3 304 313 323
3 301 322 313
3 300 323 322
3 313 322 323
3 301 311 325
3 295 324 311
3 302 325 324
3 311 324 325
3 297 326 328
3 303 327 326
3 298 328 327
3 326 327 328
3 297 328 330
3 298 329 328
3 296 330 329
3 328 329 330
3 297 330 332
3 296 331 330
3 300 332 331
3 330 331 332
3 297 332 334
3 300 333 332
3 302 334 333
3 332 333 334
3 297 334 326
3 302 335 334
3 303 326 335
3 334 335 326
3 298 327 319
3 303 316 327
3 299 319 316
3 327 316 319
3 296 329 321
3 298 318 329
3 305 321 318
3 329 318 321
3 300 331 323
3 296 320 331
3 304 323 320
3 331 320 323
3 302 333 325
3 300 322 333
3 301 325 322
3 333 322 325
3 303 335 317
3 302 324 335
3 295 317 324
3 335 324 317
3 336 348 350
3 347 349 348
3 341 350 349
3 348 349 350
3 336 350 352
3 341 351 350
3 337 352 351
3 350 351 352
3 336 352 354
3 337 353 352
3 343 354 353
3 352 353 354
3 336 354 356
3 343 355 354
3 346 356 355
3 354 355 356
3 336 356 348
3 346 357 356
3 347 348 357
3 356 357 348
3 337 351 359
3 341 358 351
3 345 359 358
3 351 358 359
3 341 349 361
3 347 360 349
3 340 361 360
3 349 360 361
3 347 357 363
3 346 362 357
3 338 363 362
3 357 362 363
3 346 355 365
3 343 364 355
3 342 365 364
3 355 364 365
3 343 353 367
3 337 366 353
3 344 367 366
3 353 366 367
3 339 368 370
3 345 369 368
3 340 370 369
3 368 369 370
3 339 370 372
3 340 371 370
3 338 372 371
3 370 371 372
3 339 372 374
3 338 373 372
3 342 374 373
3 372 373 374
3 339 374 376
3 342 375 374
3 344 376 375
3 374 375 376
3 339 376 368
3 344 377 376
3 345 368 377
3 376 377 368
3 340 369 361
3 345 358 369
3 341 361 358
3 369 358 361
3 338 371 363
3 340 360 371
3 347 363 360
3 371 360 363
3 342 373 365
3 338 362 373
3 346 365 362
3 373 362 365
3 344 375 367
3 342 364 375
3 343 367 364
3 375 364 367
3 345 377 359
3 344 366 377
3 337 359 366
3 377 366 359
3 378 390 392
3 389 391 390
3 383 392 391
3 390 391 392
3 378 392 394
3 383 393 392
3 379 394 393
3 392 393 394
3 378 394 396
3 379 395 394
3 385 396 395
3 394 395 396
3 378 396 398
3 385 397 396
3 388 398 397
3 396 397 398
3 378 398 390
3 388 399 398
3 389 390 399
3 398 399 390
3 379 393 401
3 383 400 393
3 387 401 400
3 393 400 401
3 383 391 403
3 389 402 391
3 382 403 402
3 391 402 403
3 389 399 405
3 388 404 399
3 380 405 404
3 399 404 405
3 388 397 407
3 385 406 397
3 384 407 406
3 397 406 407
3 385 395 409
3 379 408 395
3 386 409 408
3 395 408 409
3 381 410 412
3 387 411 410
3 382 412 411
3 410 411 412
3 381 412 414
3 382 413 412
3 380 414 413
3 412 413 414
3 381 414 416
3 380 415 414
3 384 416 415
3 414 415 416
3 381 416 418
3 384 417 416
3 386 418 417
3 416 417 418
3 381 418 410
3 386 419 418
3 387 410 419
3 418 419 410
3 382 411 403
3 387 400 411
3 383 403 400
3 411 400 403
3 380 413 405
3 382 402 413
3 389 405 402
3 413 402 405
3 384 415 407
3 380 404 415
3 388 407 404
3 415 404 407
3 386 417 409
3 384 406 417
3 385 409 406
3 417 406 409
3 387 419 401
3 386 408 419
3 379 401 408
3 419 408 401
3 420 432 434
3 431 433 432
3 425 434 433
3 432 433 434
3 420 434 436
3 425 435 434
3 421 436 435
3 434 435 436
3 420 436 438
3 421 437 436
3 427 438 437
3 436 437 438
3 420 438 440
3 427 439 438
3 430 440 439
3 438 439 440
3 420 440 432
3 430 441 440
3 431 432 441
3 440 441 432
3 421 435 443
3 425 442 435
3 429 443 442
3 435 442 443
3 425 433 445
3 431 444 433
3 424 445 444
3 433 444 445
3 431 441 447
3 430 446 441
3 422 447 446
3 441 446 447
3 430 439 449
3 427 448 439
3 426 449 448
3 439 448 449
3 427 437 451
3 421 450 437
3 428 451 450
3 437 450 451
3 423 452 454
3 429 453 452
3 424 454 453
3 452 453 454
3 423 454 456
3 424 455 454
3 422 456 455
3 454 455 456
3 423 456 458
3 422 457 456
3 426 458 457
3 456 457 458
3 423 458 460
3 426 459 458
3 428 460 459
3 458 459 460
3 423 460 452
3 428 461 460
3 429 452 461
3 460 461 452
3 424 453 445
3 429 442 453
3 425 445 442
3 453 442 445
3 422 455 447
3 424 444 455
3 431 447 444
3 455 444 447
3 426 457 449
3 422 446 457
3 430 449 446
3 457 446 449
3 428 459 451
3 426 448 459
3 427 451 448
3 459 448 451
3 429 461 443
3 428 450 461
3 421 443 450
3 461 450 443
3 462 474 476
3 473 475 474
3 467 476 475
3 474 475 476
3 462 476 478
3 467 477 476
3 463 478 477
3 476 477 478
3 462 478 480
3 463 479 478
3 469 480 479
3 478 479 480
3 462 480 482
3 469 481 480
3 472 482 481
3 480 481 482
3 462 482 474
3 472 483 482
3 473 474 483
3 482 483 474
3 463 477 485
3 467 484 477
3 471 485 484
3 477 484 485
3 467 475 487
3 473 486 475
3 466 487 486
3 475 486 487
3 473 483 489
3 472 488 483
3 464 489 488
3 483 488 489
3 472 481 491
3 469 490 481
3 468 491 490
3 481 490 491
3 469 479 493
3 463 492 479
3 470 493 492
3 479 492 493
3 465 494 496
3 471 495 494
3 466 496 495
3 494 495 496
3 465 496 498
3 466 497 496
3 464 498 497
3 496 497 498
3 465 498 500
3 464 499 498
3 468 500 499
3 498 499 500
3 465 500 502
3 468 501 500
3 470 502 501
3 500 501 502
3 465 502 494
3 470 503 502
3 471 494 503
3 502 503 494
3 466 495 487
3 471 484 495
3 467 487 484
3 495 484 487
3 464 497 489
3 466 486 497
3 473 489 486
3 497 486 489
3 468 499 491
3 464 488 499
3 472 491 488
3 499 488 491
3 470 501 493
3 468 490 501
3 469 493 490
3 501 490 493
3 471 503 485
3 470 492 503
3 463 485 492
3 503 492 485
3 504 516 518
3 515 517 516
3 509 518 517
3 516 517 518
3 504 518 520
3 509 519 518
3 505 520 519
3 518 519 520
3 504 520 522
3 505 521 520
3 511 522 521
3 520 521 522
3 504 522 524
3 511 523 522
3 514 524 523
3 522 523 524
3 504 524 516
3 514 525 524
3 515 516 525
3 524 525 516
3 505 519 527
3 509 526 519
3 513 527 526
3 519 526 527
3 509 517 529
3 515 528 517
3 508 529 528
3 517 528 529
3 515 525 531
3 514 530 525
3 506 531 530
3 525 530 531
3 514 523 533
3 511 532 523
3 510 533 532
3 523 532 533
3 511 521 535
3 505 534 521
3 512 535 534
3 521 534 535
3 507 536 538
3 513 537 536
3 508 538 537
3 536 537 538
3 507 538 540
3 508 539 538
3 506 540 539
3 538 539 540
3 507 540 542
3 506 541 540
3 510 542 541
3 540 541 542
3 507 542 544
3 510 543 542
3 512 544 543
3 542 543 544
3 507 544 536
3 512 545 544
3 513 536 545
3 544 545 536
3 508 537 529
3 513 526 537
3 509 529 526
3 537 526 529
3 506 539 531
3 508 528 539
3 515 531 528
3 539 528 531
3 510 541 533
3 506 530 541
3 514 533 530
3 541 530 533
3 512 543 535
3 510 532 543
3 511 535 532
3 543 532 535
3 513 545 527
3 512 534 545
3 505 527 534
3 545 534 527
3 546 558 560
3 557 559 558
3 551 560 559
3 558 559 560
3 546 560 562
3 551 561 560
3 547 562 561
3 560 561 562
3 546 562 564
3 547 563 562
3 553 564 563
3 562 563 564
3 546 564 566
3 553 565 564
3 556 566 565
3 564 565 566
3 546 566 558
3 556 567 566
3 557 558 567
3 566 567 558
3 547 561 569
3 551 568 561
3 555 569 568
3 561 568 569
3 551 559 571
3 557 570 559
3 550 571 570
3 559 570 571
3 557 567 573
3 556 572 567
3 548 573 572
3 567 572 573
3 556 565 575
3 553 574 565
3 552 575 574
3 565 574 575
3 553 563 577
3 547 576 563
3 554 577 576
3 563 576 577
3 549 578 580
3 555 579 578
3 550 580 579
3 578 579 580
3 549 580 582
3 550 581 580
3 548 582 581
3 580 581 582
3 549 582 584
3 548 583 582
3 552 584 583
3 582 583 584
3 549 584 586
3 552 585 584
3 554 586 585
3 584 585 586
3 549 586 578
3 554 587 586
3 555 578 587
3 586 587 578
3 550 579 571
3 555 568 579
3 551 571 568
3 579 568 571
3 548 581 573
3 550 570 581
3 557 573 570
3 581 570 573
3 552 583 575
3 548 572 583
3 556 575 572
3 583 572 575
3 554 585 577
3 552 574 585
3 553 577 574
3 585 574 577
3 555 587 569
3 554 576 587
3 547 569 576
3 587 576 569
3 588 600 602
3 599 601 600
3 593 602 601
3 600 601 602
3 588 602 604
3 593 603 602
3 589 604 603
3 602 603 604
3 588 604 606
3 589 605 604
3 595 606 605
3 604 605 606
3 588 606 608
3 595 607 606
3 598 608 607
3 606 607 608
3 588 608 600
3 598 609 608
3 599 600 609
3 608 609 600
3 589 603 611
3 593 610 603
3 597 611 610
3 603 610 611
3 593 601 613
3 599 612 601
3 592 613 612
3 601 612 613
3 599 609 615
3 598 614 609
3 590 615 614
3 609 614 615
3 598 607 617
3 595 616 607
3 594 617 616
3 607 616 617
3 595 605 619
3 589 618 605
3 596 619 618
3 605 618 619
3 591 620 622
3 597 621 620
3 592 622 621
3 620 621 622
3 591 622 624
3 592 623 622
3 590 624 623
3 622 623 624
3 591 624 626
3 590 625 624
3 594 626 625
3 624 625 626
3 591 626 628
3 594 627 626
3 596 628 627
3 626 627 628
3 591 628 620
3 596 629 628
3 597 620 629
3 628 629 620
3 592 621 613
3 597 610 621
3 593 613 610
3 621 610 613
3 590 623 615
3 592 612 623
3 599 615 612
3 623 612 615
3 594 625 617
3 590 614 625
3 598 617 614
3 625 614 617
3 596 627 619
3 594 616 627
3 595 619 616
3 627 616 619
3 597 629 611
3 596 618 629
3 589 611 618
3 629 618 611
3 630 642 644
3 641 643 642
3 635 644 643
3 642 643 644
3 630 644 646
3 635 645 644
3 631 646 645
3 644 645 646
3 630 646 648
3 631 647 646
3 637 648 647
3 646 647 648
3 630 648 650
3 637 649 648
3 640 650 649
3 648 649 650
3 630 650 642
3 640 651 650
3 641 642 651
3 650 651 642
3 631 645 653
3 635 652 645
3 639 653 652
3 645 652 653
3 635 643 655
3 641 654 643
3 634 655 654
3 643 654 655
3 641 651 657
3 640 656 651
3 632 657 656
3 651 656 657
3 640 649 659
3 637 658 649
3 636 659 658
3 649 658 659
3 637 647 661
3 631 660 647
3 638 661 660
3 647 660 661
3 633 662 664
3 639 663 662
3 634 664 663
3 662 663 664
3 633 664 666
3 634 665 664
3 632 666 665
3 664 665 666
3 633 666 668
3 632 667 666
3 636 668 667
3 666 667 668
3 633 668 670
3 636 669 668
3 638 670 669
3 668 669 670
3 633 670 662
3 638 671 670
3 639 662 671
3 670 671 662
3 634 663 655
3 639 652 663
3 635 655 652
3 663 652 655
3 632 665 657
3 634 654 665
3 641 657 654
3 665 654 657
3 636 667 659
3 632 656 667
3 640 659 656
3 667 656 659
3 638 669 661
3 636 658 669
3 637 661 658
3 669 658 661
3 639 671 653
3 638 660 671
3 631 653 660
3 671 660 653
3 672 684 686
3 683 685 684
3 677 686 685
3 684 685 686
3 672 686 688
3 677 687 686
3 673 688 687
3 686 687 688
3 672 688 690
3 673 689 688
3 679 690 689
3 688 689 690
3 672 690 692
3 679 691 690
3 682 692 691
3 690 691 692
3 672 692 684
3 682 693 692
3 683 684 693
3 692 693 684
3 673 687 695
3 677 694 687
3 681 695 694
3 687 694 695
3 677 685 697
3 683 696 685
3 676 697 696
3 685 696 697
3 683 693 699
3 682 698 693
3 674 699 698
3 693 698 699
3 682 691 701
3 679 700 691
3 678 701 700
3 691 700 701
3 679 689 703
3 673 702 689
3 680 703 702
3 689 702 703
3 675 704 706
3 681 705 704
3 676 706 705
3 704 705 706
3 675 706 708
3 676 707 706
3 674 708 707
3 706 707 708
3 675 708 710
3 674 709 708
3 678 710 709
3 708 709 710
3 675 710 712
3 678 711 710
3 680 712 711
3 710 711 712
3 675 712 704
3 680 713 712
3 681 704 713
3 712 713 704
3 676 705 697
3 681 694 705
3 677 697 694
3 705 694 697
3 674 707 699
3 676 696 707
3 683 699 696
3 707 696 699
3 678 709 701
3 674 698 709
3 682 701 698
3 709 698 701
3 680 711 703
3 678 700 711
3 679 703 700
3 711 700 703
3 681 713 695
3 680 702 713
3 673 695 702
3 713 702 695
3 714 726 728
3 725 727 726
3 719 728 727
3 726 727 728
3 714 728 730
3 719 729 728
3 715 730 729
3 728 729 730
3 714 730 732
3 715 731 730
3 721 732 731
3 730 731 732
3 714 732 734
3 721 733 732
3 724 734 733
3 732 733 734
3 714 734 726
3 724 735 734
3 725 726 735
3 734 735 726
3 715 729 737
3 719 736 729
3 723 737 736
3 729 736 737
3 719 727 739
3 725 738 727
3 718 739 738
3 727 738 739
3 725 735 741
3 724 740 735
3 716 741 740
3 735 740 741
3 724 733 743
3 721 742 733
3 720 743 742
3 733 742 743
3 721 731 745
3 715 744 731
3 722 745 744
3 731 744 745
3 717 746 748
3 723 747 746
3 718 748 747
3 746 747 748
3 717 748 750
3 718 749 748
3 716 750 749
3 748 749 750
3 717 750 752
3 716 751 750
3 720 752 751
3 750 751 752
3 717 752 754
3 720 753 752
3 722 754 753
3 752 753 754
3 717 754 746
3 722 755 754
3 723 746 755
3 754 755 746
3 718 747 739
3 723 736 747
3 719 739 736
3 747 736 739
3 716 749 741
3 718 738 749
3 725 741 738
3 749 738 741
3 720 751 743
3 716 740 751
3 724 743 740
3 751 740 743
3 722 753 745
3 720 742 753
3 721 745 742
3 753 742 745
3 723 755 737
3 722 744 755
3 715 737 744
3 755 744 737
3 756 768 770
3 767 769 768
3 761 770 769
3 768 769 770
3 756 770 772
3 761 771 770
3 757 772 771
3 770 771 772
3 756 772 774
3 757 773 772
3 763 774 773
3 772 773 774
3 756 774 776
3 763 775 774
3 766 776 775
3 774 775 776
3 756 776 768
3 766 777 776
3 767 768 777
3 776 777 768
3 757 771 779
3 761 778 771
3 765 779 778
3 771 778 779
3 761 769 781
3 767 780 769
3 760 781 780
3 769 780 781
3 767 777 783
3 766 782 777
3 758 783 782
3 777 782 783
3 766 775 785
3 763 784 775
3 762 785 784
3 775 784 785
3 763 773 787
3 757 786 773
3 764 787 786
3 773 786 787
3 759 788 790
3 765 789 788
3 760 790 789
3 788 789 790
3 759 790 792
3 760 791 790
3 758 792 791
3 790 791 792
3 759 792 794
3 758 793 792
3 762 794 793
3 792 793 794
3 759 794 796
3 762 795 794
3 764 796 795
3 794 795 796
3 759 796 788
3 764 797 796
3 765 788 797
3 796 797 788
3 760 789 781
3 765 778 789
3 761 781 778
3 789 778 781
3 758 791 783
3 760 780 791
3 767 783 780
3 791 780 783
3 762 793 785
3 758 782 793
3 766 785 782
3 793 782 785
3 764 795 787
3 762 784 795
3 763 787 784
3 795 784 787
3 765 797 779
3 764 786 797
3 757 779 786
3 797 786 779
3 798 810 812
3 809 811 810
3 803 812 811
3 810 811 812
3 798 812 814
3 803 813 812
3 799 814 813
3 812 813 814
3 798 814 816
3 799 815 814
3 805 816 815
3 814 815 816
3 798 816 818
3 805 817 816
3 808 818 817
3 816 817 818
3 798 818 810
3 808 819 818
3 809 810 819
3 818 819 810
3 799 813 821
3 803 820 813
3 807 821 820
3 813 820 821
3 803 811 823
3 809 822 811
3 802 823 822
3 811 822 823
3 809 819 825
3 808 824 819
3 800 825 824
3 819 824 825
3 808 817 827
3 805 826 817
3 804 827 826
3 817 826 827
3 805 815 829
3 799 828 815
3 806 829 828
3 815 828 829
3 801 830 832
3 807 831 830
3 802 832 831
3 830 831 832
3 801 832 834
3 802 833 832
3 800 834 833
3 832 833 834
3 801 834 836
3 800 835 834
3 804 836 835
3 834 835 836
3 801 836 838
3 804 837 836
3 806 838 837
3 836 837 838
3 801 838 830
3 806 839 838
3 807 830 839
3 838 839 830
3 802 831 823
3 807 820 831
3 803 823 820
3 831 820 823
3 800 833 825
3 802 822 833
3 809 825 822
3 833 822 825
3 804 835 827
3 800 824 835
3 808 827 824
3 835 824 827
3 806 837 829
3 804 826 837
3 805 829 826
3 837 826 829
3 807 839 821
3 806 828 839
3 799 821 828
3 839 828 821
3 840 852 854
3 851 853 852
3 845 854 853
3 852 853 854
3 840 854 856
3 845 855 854
3 841 856 855
3 854 855 856
3 840 856 858
3 841 857 856
3 847 858 857
3 856 857 858
3 840 858 860
3 847 859 858
3 850 860 859
3 858 859 860
3 840 860 852
3 850 861 860
3 851 852 861
3 860 861 852
3 841 855 863
3 845 862 855
3 849 863 862
3 855 862 863
3 845 853 865
3 851 864 853
3 844 865 864
3 853 864 865
3 851 861 867
3 850 866 861
3 842 867 866
3 861 866 867
3 850 859 869
3 847 868 859
3 846 869 868
3 859 868 869
3 847 857 871
3 841 870 857
3 848 871 870
3 857 870 871
3 843 872 874
3 849 873 872
3 844 874 873
3 872 873 874
3 843 874 876
3 844 875 874
3 842 876 875
3 874 875 876
3 843 876 878
3 842 877 876
3 846 878 877
3 876 877 878
3 843 878 880
3 846 879 878
3 848 880 879
3 878 879 880
3 843 880 872
3 848 881 880
3 849 872 881
3 880 881 872
3 844 873 865
3 849 862 873
3 845 865 862
3 873 862 865
3 842 875 867
3 844 864 875
3 851 867 864
3 875 864 867
3 846 877 869
3 842 866 877
3 850 869 866
3 877 866 869
3 848 879 871
3 846 868 879
3 847 871 868
3 879 868 871
3 849 881 863
3 848 870 881
3 841 863 870
3 881 870 863
3 882 894 896
3 893 895 894
3 887 896 895
3 894 895 896
3 882 896 898
3 887 897 896
3 883 898 897
3 896 897 898
3 882 898 900
3 883 899 898
3 889 900 899
3 898 899 900
3 882 900 902
3 889 901 900
3 892 902 901
3 900 901 902
3 882 902 894
3 892 903 902
3 893 894 903
3 902 903 894
3 883 897 905
3 887 904 897
3 891 905 904
3 897 904 905
3 887 895 907
3 893 906 895
3 886 907 906
3 895 906 907
3 893 903 909
3 892 908 903
3 884 909 908
3 903 908 909
3 892 901 911
3 889 910 901
3 888 911 910
3 901 910 911
3 889 899 913
3 883 912 899
3 890 913 912
3 899 912 913
3 885 914 916
3 891 915 914
3 886 916 915
3 914 915 916
3 885 916 918
3 886 917 916
3 884 918 917
3 916 917 918
3 885 918 920
3 884 919 918
3 888 920 919
3 918 919 920
3 885 920 922
3 888 921 920
3 890 922 921
3 920 921 922
3 885 922 914
3 890 923 922
3 891 914 923
3 922 923 914
3 886 915 907
3 891 904 915
3 887 907 904
3 915 904 907
3 884 917 909
3 886 906 917
3 893 909 906
3 917 906 909
3 888 919 911
3 884 908 919
3 892 911 908
3 919 908 911
3 890 921 913
3 888 910 921
3 889 913 910
3 921 910 913
3 891 923 905
3 890 912 923
3 883 905 912
3 923 912 905
3 924 936 938
3 935 937 936
3 929 938 937
3 936 937 938
3 924 938 940
3 929 939 938
3 925 940 939
3 938 939 940
3 924 940 942
3 925 941 940
3 931 942 941
3 940 941 942
3 924 942 944
3 931 943 942
3 934 944 943
3 942 943 944
3 924 944 936
3 934 945 944
3 935 936 945
3 944 945 936
3 925 939 947
3 929 946 939
3 933 947 946
3 939 946 947
3 929 937 949
3 935 948 937
3 928 949 948
3 937 948 949
3 935 945 951
3 934 950 945
3 926 951 950
3 945 950 951
3 934 943 953
3 931 952 943
3 930 953 952
3 943 952 953
3 931 941 955
3 925 954 941
3 932 955 954
3 941 954 955
3 927 956 958
3 933 957 956
3 928 958 957
3 956 957 958
3 927 958 960
3 928 959 958
3 926 960 959
3 958 959 960
3 927 960 962
3 926 961 960
3 930 962 961
3 960 961 962
3 927 962 964
3 930 963 962
3 932 964 963
3 962 963 964
3 927 964 956
3 932 965 964
3 933 956 965
3 964 965 956
3 928 957 949
3 933 946 957
3 929 949 946
3 957 946 949
3 926 959 951
3 928 948 959
3 935 951 948
3 959 948 951
3 930 961 953
3 926 950 961
3 934 953 950
3 961 950 953
3 932 963 955
3 930 952 963
3 931 955 952
3 963 952 955
3 933 965 947
3 932 954 965
3 925 947 954
3 965 954 947
3 966 978 980
3 977 979 978
3 971 980 979
3 978 979 980
3 966 980 982
3 971 981 980
3 967 982 981
3 980 981 982
3 966 982 984
3 967 983 982
3 973 984 983
3 982 983 984
3 966 984 986
3 973 985 984
3 976 986 985
3 984 985 986
3 966 986 978
3 976 987 986
3 977 978 987
3 986 987 978
3 967 981 989
3 971 988 981
3 975 989 988
3 981 988 989
3 971 979 991
3 977 990 979
3 970 991 990
3 979 990 991
3 977 987 993
3 976 992 987
3 968 993 992
3 987 992 993
3 976 985 995
3 973 994 985
3 972 995 994
3 985 994 995
3 973 983 997
3 967 996 983
3 974 997 996
3 983 996 997
3 969 998 1000
3 975 999 998
3 970 1000 999
3 998 999 1000
3 969 1000 1002
3 970 1001 1000
3 968 1002 1001
3 1000 1001 1002
3 969 1002 1004
3 968 1003 1002
3 972 1004 1003
3 1002 1003 1004
3 969 1004 1006
3 972 1005 1004
3 974 1006 1005
3 1004 1005 1006
3 969 1006 998
3 974 1007 1006
3 975 998 1007
3 1006 1007 998
3 970 999 991
3 975 988 999
3 971 991 988
3 999 988 991
3 968 1001 993
3 970 990 1001
3 977 993 990
3 1001 990 993
3 972 1003 995
3 968 992 1003
3 976 995 992
3 1003 992 995
3 974 1005 997
3 972 994 1005
3 973 997 994
3 1005 994 997
3 975 1007 989
3 974 996 1007
3 967 989 996
3 1007 996 989
3 1008 1020 1022
3 1019 1021 1020
3 1013 1022 1021
3 1020 1021 1022
3 1008 1022 1024
3 1013 1023 1022
3 1009 1024 1023
3 1022 1023 1024
3 1008 1024 1026
3 1009 1025 1024
3 1015 1026 1025
3 1024 1025 1026
3 1008 1026 1028
3 1015 1027 1026
3 1018 1028 1027
3 1026 1027 1028
3 1008 1028 1020
3 1018 1029 1028
3 1019 1020 1029
3 1028 1029 1020
3 1009 1023 1031
3 1013 1030 1023
3 1017 1031 1030
3 1023 1030 1031
3 1013 1021 1033
3 1019 1032 1021
3 1012 1033 1032
3 1021 1032 1033
3 1019 1029 1035
3 1018 1034 1029
3 1010 1035 1034
3 1029 1034 1035
3 1018 1027 1037
3 1015 1036 1027
3 1014 1037 1036
3 1027 1036 1037
3 1015 1025 1039
3 1009 1038 1025
3 1016 1039 1038
3 1025 1038 1039
3 1011 1040 1042
3 1017 1041 1040
3 1012 1042 1041
3 1040 1041 1042
3 1011 1042 1044
3 1012 1043 1042
3 1010 1044 1043
3 1042 1043 1044
3 1011 1044 1046
3 1010 1045 1044
3 1014 1046 1045
3 1044 1045 1046
3 1011 1046 1048
3 1014 1047 1046
3 1016 1048 1047
3 1046 1047 1048
3 1011 1048 1040
3 1016 1049 1048
3 1017 1040 1049
3 1048 1049 1040
3 1012 1041 1033
3 1017 1030 1041
3 1013 1033 1030
3 1041 1030 1033
3 1010 1043 1035
3 1012 1032 1043
3 1019 1035 1032
3 1043 1032 1035
3 1014 1045 1037
3 1010 1034 1045
3 1018 1037 1034
3 1045 1034 1037
3 1016 1047 1039
3 1014 1036 1047
3 1015 1039 1036
3 1047 1036 1039
3 1017 1049 1031
3 1016 1038 1049
3 1009 1031 1038
3 1049 1038 1031
3 1050 1062 1064
3 1061 1063 1062
3 1055 1064 1063
3 1062 1063 1064
3 1050 1064 1066
3 1055 1065 1064
3 1051 1066 1065
3 1064 1065 1066
3 1050 1066 1068
3 1051 1067 1066
3 1057 1068 1067
3 1066 1067 1068
3 1050 1068 1070
3 1057 1069 1068
3 1060 1070 1069
3 1068 1069 1070
3 1050 1070 1062
3 1060 1071 1070
3 1061 1062 1071
3 1070 1071 1062
3 1051 1065 1073
3 1055 1072 1065
3 1059 1073 1072
3 1065 1072 1073
3 1055 1063 1075
3 1061 1074 1063
3 1054 1075 1074
3 1063 1074 1075
3 1061 1071 1077
3 1060 1076 1071
3 1052 1077 1076
3 1071 1076 1077
3 1060 1069 1079
3 1057 1078 1069
3 1056 1079 1078
3 1069 1078 1079
3 1057 1067 1081
3 1051 1080 1067
3 1058 1081 1080
3 1067 1080 1081
3 1053 1082 1084
3 1059 1083 1082
3 1054 1084 1083
3 1082 1083 1084
3 1053 1084 1086
3 1054 1085 1084
3 1052 1086 1085
3 1084 1085 1086
3 1053 1086 1088
3 1052 1087 1086
3 1056 1088 1087
3 1086 1087 1088
3 1053 1088 1090
3 1056 1089 1088
3 1058 1090 1089
3 1088 1089 1090
3 1053 1090 1082
3 1058 1091 1090
3 1059 1082 1091
3 1090 1091 1082
3 1054 1083 1075
3 1059 1072 1083
3 1055 1075 1072
3 1083 1072 1075
3 1052 1085 1077
3 1054 1074 1085
3 1061 1077 1074
3 1085 1074 1077
3 1056 1087 1079
3 1052 1076 1087
3 1060 1079 1076
3 1087 1076 1079
3 1058 1089 1081
3 1056 1078 1089
3 1057 1081 1078
3 1089 1078 1081
3 1059 1091 1073
3 1058 1080 1091
3 1051 1073 1080
3 1091 1080 1073
3 1092 1104 1106
3 1103 1105 1104
3 1097 1106 1105
3 1104 1105 1106
3 1092 1106 1108
3 1097 1107 1106
3 1093 1108 1107
3 1106 1107 1108
3 1092 1108 1110
3 1093 1109 1108
3 1099 1110 1109
3 1108 1109 1110
3 1092 1110 1112
3 1099 1111 1110
3 1102 1112 1111
3 1110 1111 1112
3 1092 1112 1104
3 1102 1113 1112
3 1103 1104 1113
3 1112 1113 1104
3 1093 1107 1115
3 1097 1114 1107
3 1101 1115 1114
3 1107 1114 1115
3 1097 1105 1117
3 1103 1116 1105
3 1096 1117 1116
3 1105 1116 1117
3 1103 1113 1119
3 1102 1118 1113
3 1094 1119 1118
3 1113 1118 1119
3 1102 1111 1121
3 1099 1120 1111
3 1098 1121 1120
3 1111 1120 1121
3 1099 1109 1123
3 1093 1122 1109
3 1100 1123 1122
3 1109 1122 1123
3 1095 1124 1126
3 1101 1125 1124
3 1096 1126 1125
3 1124 1125 1126
3 1095 1126 1128
3 1096 1127 1126
3 1094 1128 1127
3 1126 1127 1128
3 1095 1128 1130
3 1094 1129 1128
3 1098 1130 1129
3 1128 1129 1130
3 1095 1130 1132
3 1098 1131 1130
3 1100 1132 1131
3 1130 1131 1132
3 1095 1132 1124
3 1100 1133 1132
3 1101 1124 1133
3 1132 1133 1124
3 1096 1125 1117
3 1101 1114 1125
3 1097 1117 1114
3 1125 1114 1117
3 1094 1127 1119
3 1096 1116 1127
3 1103 1119 1116
3 1127 1116 1119
3 1098 1129 1121
3 1094 1118 1129
3 1102 1121 1118
3 1129 1118 1121
3 1100 1131 1123
3 1098 1120 1131
3 1099 1123 1120
3 1131 1120 1123
3 1101 1133 1115
3 1100 1122 1133
3 1093 1115 1122
3 1133 1122 1115
3 1134 1146 1148
3 1145 1147 1146
3 1139 1148 1147
3 1146 1147 1148
3 1134 1148 1150
3 1139 1149 1148
3 1135 1150 1149
3 1148 1149 1150
3 1134 1150 1152
3 1135 1151 1150
3 1141 1152 1151
3 1150 1151 1152
3 1134 1152 1154
3 1141 1153 1152
3 1144 1154 1153
3 1152 1153 1154
3 1134 1154 1146
3 1144 1155 1154
3 1145 1146 1155
3 1154 1155 1146
3 1135 1149 1157
3 1139 1156 1149
3 1143 1157 1156
3 1149 1156 1157
3 1139 1147 1159
3 1145 1158 1147
3 1138 1159 1158
3 1147 1158 1159
3 1145 1155 1161
3 1144 1160 1155
3 1136 1161 1160
3 1155 1160 1161
3 1144 1153 1163
3 1141 1162 1153
3 1140 1163 1162
3 1153 1162 1163
3 1141 1151 1165
3 1135 1164 1151
3 1142 1165 1164
3 1151 1164 1165
3 1137 1166 1168
3 1143 1167 1166
3 1138 1168 1167
3 1166 1167 1168
3 1137 1168 1170
3 1138 1169 1168
3 1136 1170 1169
3 1168 1169 1170
3 1137 1170 1172
3 1136 1171 1170
3 1140 1172 1171
3 1170 1171 1172
3 1137 1172 1174
3 1140 1173 1172
3 1142 1174 1173
3 1172 1173 1174
3 1137 1174 1166
3 1142 1175 1174
3 1143 1166 1175
3 1174 1175 1166
3 1138 1167 1159
3 1143 1156 1167
3 1139 1159 1156
3 1167 1156 1159
3 1136 1169 1161
3 1138 1158 1169
3 1145 1161 1158
3 1169 1158 1161
3 1140 1171 1163
3 1136 1160 1171
3 1144 1163 1160
3 1171 1160 1163
3 1142 1173 1165
3 1140 1162 1173
3 1141 1165 1162
3 1173 1162 1165
3 1143 1175 1157
3 1142 1164 1175
3 1135 1157 1164
3 1175 1164 1157
3 1176 1188 1190
3 1187 1189 1188
3 1181 1190 1189
3 1188 1189 1190
3 1176 1190 1192
3 1181 1191 1190
3 1177 1192 1191
3 1190 1191 1192
3 1176 1192 1194
3 1177 1193 1192
3 1183 1194 1193
3 1192 1193 1194
3 1176 1194 1196
3 1183 1195 1194
3 1186 1196 1195
3 1194 1195 1196
3 1176 1196 1188
3 1186 1197 1196
3 1187 1188 1197
3 1196 1197 1188
3 1177 1191 1199
3 1181 1198 1191
3 1185 1199 1198
3 1191 1198 1199
3 1181 1189 1201
3 1187 1200 1189
3 1180 1201 1200
3 1189 1200 1201
3 1187 1197 1203
3 1186 1202 1197
3 1178 1203 1202
3 1197 1202 1203
3 1186 1195 1205
3 1183 1204 1195
3 1182 1205 1204
3 1195 1204 1205
3 1183 1193 1207
3 1177 1206 1193
3 1184 1207 1206
3 1193 1206 1207
3 1179 1208 1210
3 1185 1209 1208
3 1180 1210 1209
3 1208 1209 1210
3 1179 1210 1212
3 1180 1211 1210
3 1178 1212 1211
3 1210 1211 1212
3 1179 1212 1214
3 1178 1213 1212
3 1182 1214 1213
3 1212 1213 1214
3 1179 1214 1216
3 1182 1215 1214
3 1184 1216 1215
3 1214 1215 1216
3 1179 1216 1208
3 1184 1217 1216
3 1185 1208 1217
3 1216 1217 1208
3 1180 1209 1201
3 1185 1198 1209
3 1181 1201 1198
3 1209 1198 1201
3 1178 1211 1203
3 1180 1200 1211
3 1187 1203 1200
3 1211 1200 1203
3 1182 1213 1205
3 1178 1202 1213
3 1186 1205 1202
3 1213 1202 1205
3 1184 1215 1207
3 1182 1204 1215
3 1183 1207 1204
3 1215 1204 1207
3 1185 1217 1199
3 1184 1206 1217
3 1177 1199 1206
3 1217 1206 1199
3 1218 1230 1232
3 1229 1231 1230
3 1223 1232 1231
3 1230 1231 1232
3 1218 1232 1234
3 1223 1233 1232
3 1219 1234 1233
3 1232 1233 1234
3 1218 1234 1236
3 1219 1235 1234
3 1225 1236 1235
3 1234 1235 1236
3 1218 1236 1238
3 1225 1237 1236
3 1228 1238 1237
3 1236 1237 1238
3 1218 1238 1230
3 1228 1239 1238
3 1229 1230 1239
3 1238 1239 1230
3 1219 1233 1241
3 1223 1240 1233
3 1227 1241 1240
3 1233 1240 1241
3 1223 1231 1243
3 1229 1242 1231
3 1222 1243 1242
3 1231 1242 1243
3 1229 1239 1245
3 1228 1244 1239
3 1220 1245 1244
3 1239 1244 1245
3 1228 1237 1247
3 1225 1246 1237
3 1224 1247 1246
3 1237 1246 1247
3 1225 1235 1249
3 1219 1248 1235
3 1226 1249 1248
3 1235 1248 1249
3 1221 1250 1252
3 1227 1251 1250
3 1222 1252 1251
3 1250 1251 1252
3 1221 1252 1254
3 1222 1253 1252
3 1220 1254 1253
3 1252 1253 1254
3 1221 1254 1256
3 1220 1255 1254
3 1224 1256 1255
3 1254 1255 1256
3 1221 1256 1258
3 1224 1257 1256
3 1226 1258 1257
3 1256 1257 1258
3 1221 1258 1250
3 1226 1259 1258
3 1227 1250 1259
3 1258 1259 1250
3 1222 1251 1243
3 1227 1240 1251
3 1223 1243 1240
3 1251 1240 1243
3 1220 1253 1245
3 1222 1242 1253
3 1229 1245 1242
3 1253 1242 1245
3 1224 1255 1247
3 1220 1244 1255
3 1228 1247 1244
3 1255 1244 1247
3 1226 1257 1249
3 1224 1246 1257
3 1225 1249 1246
3 1257 1246 1249
3 1227 1259 1241
3 1226 1248 1259
3 1219 1241 1248
3 1259 1248 1241
3 1260 1272 1274
3 1271 1273 1272
3 1265 1274 1273
3 1272 1273 1274
3 1260 1274 1276
3 1265 1275 1274
3 1261 1276 1275
3 1274 1275 1276
3 1260 1276 1278
3 1261 1277 1276
3 1267 1278 1277
3 1276 1277 1278
3 1260 1278 1280
3 1267 1279 1278
3 1270 1280 1279
3 1278 1279 1280
3 1260 1280 1272
3 1270 1281 1280
3 1271 1272 1281
3 1280 1281 1272
3 1261 1275 1283
3 1265 1282 1275
3 1269 1283 1282
3 1275 1282 1283
3 1265 1273 1285
3 1271 1284 1273
3 1264 1285 1284
3 1273 1284 1285
3 1271 1281 1287
3 1270 1286 1281
3 1262 1287 1286
3 1281 1286 1287
3 1270 1279 1289
3 1267 1288 1279
3 1266 1289 1288
3 1279 1288 1289
3 1267 1277 1291
3 1261 1290 1277
3 1268 1291 1290
3 1277 1290 1291
3 1263 1292 1294
3 1269 1293 1292
3 1264 1294 1293
3 1292 1293 1294
3 1263 1294 1296
3 1264 1295 1294
3 1262 1296 1295
3 1294 1295 1296
3 1263 1296 1298
3 1262 1297 1296
3 1266 1298 1297
3 1296 1297 1298
3 1263 1298 1300
3 1266 1299 1298
3 1268 1300 1299
3 1298 1299 1300
3 1263 1300 1292
3 1268 1301 1300
3 1269 1292 1301
3 1300 1301 1292
3 1264 1293 1285
3 1269 1282 1293
3 1265 1285 1282
3 1293 1282 1285
3 1262 1295 1287
3 1264 1284 1295
3 1271 1287 1284
3 1295 1284 1287
3 1266 1297 1289
3 1262 1286 1297
3 1270 1289 1286
3 1297 1286 1289
3 1268 1299 1291
3 1266 1288 1299
3 1267 1291 1288
3 1299 1288 1291
3 1269 1301 1283
3 1268 1290 1301
3 1261 1283 1290
3 1301 1290 1283
3 1302 1314 1316
3 1313 1315 1314
3 1307 1316 1315
3 1314 1315 1316
3 1302 1316 1318
3 1307 1317 1316
3 1303 1318 1317
3 1316 1317 1318
3 1302 1318 1320
3 1303 1319 1318
3 1309 1320 1319
3 1318 1319 1320
3 1302 1320 1322
3 1309 1321 1320
3 1312 1322 1321
3 1320 1321 1322
3 1302 1322 1314
3 1312 1323 1322
3 1313 1314 1323
3 1322 1323 1314
3 1303 1317 1325
3 1307 1324 1317
3 1311 1325 1324
3 1317 1324 1325
3 1307 1315 1327
3 1313 1326 1315
3 1306 1327 1326
3 1315 1326 1327
3 1313 1323 1329
3 1312 1328 1323
3 1304 1329 1328
3 1323 1328 1329
3 1312 1321 1331
3 1309 1330 1321
3 1308 1331 1330
3 1321 1330 1331
3 1309 1319 1333
3 1303 1332 1319
3 1310 1333 1332
3 1319 1332 1333
3 1305 1334 1336
3 1311 1335 1334
3 1306 1336 1335
3 1334 1335 1336
3 1305 1336 1338
3 1306 1337 1336
3 1304 1338 1337
3 1336 1337 1338
3 1305 1338 1340
3 1304 1339 1338
3 1308 1340 1339
3 1338 1339 1340
3 1305 1340 1342
3 1308 1341 1340
3 1310 1342 1341
3 1340 1341 1342
3 1305 1342 1334
3 1310 1343 1342
3 1311 1334 1343
3 1342 1343 1334
3 1306 1335 1327
3 1311 1324 1335
3 1307 1327 1324
3 1335 1324 1327
3 1304 1337 1329
3 1306 1326 1337
3 1313 1329 1326
3 1337 1326 1329
3 1308 1339 1331
3 1304 1328 1339
3 1312 1331 1328
3 1339 1328 1331
3 1310 1341 1333
3 1308 1330 1341
3 1309 1333 1330
3 1341 1330 1333
3 1311 1343 1325
3 1310 1332 1343
3 1303 1325 1332
3 1343 1332 1325
3 1344 1356 1358
3 1355 1357 1356
3 1349 1358 1357
3 1356 1357 1358
3 1344 1358 1360
3 1349 1359 1358
3 1345 1360 1359
3 1358 1359 1360
3 1344 1360 1362
3 1345 1361 1360
3 1351 1362 1361
3 1360 1361 1362
3 1344 1362 1364
3 1351 1363 1362
3 1354 1364 1363
3 1362 1363 1364
3 1344 1364 1356
3 1354 1365 1364
3 1355 1356 1365
3 1364 1365 1356
3 1345 1359 1367
3 1349 1366 1359
3 1353 1367 1366
3 1359 1366 1367
3 1349 1357 1369
3 1355 1368 1357
3 1348 1369 1368
3 1357 1368 1369
3 1355 1365 1371
3 1354 1370 1365
3 1346 1371 1370
3 1365 1370 1371
3 1354 1363 1373
3 1351 1372 1363
3 1350 1373 1372
3 1363 1372 1373
3 1351 1361 1375
3 1345 1374 1361
3 1352 1375 1374
3 1361 1374 1375
3 1347 1376 1378
3 1353 1377 1376
3 1348 1378 1377
3 1376 1377 1378
3 1347 1378 1380
3 1348 1379 1378
3 1346 1380 1379
3 1378 1379 1380
3 1347 1380 1382
3 1346 1381 1380
3 1350 1382 1381
3 1380 1381 1382
3 1347 1382 1384
3 1350 1383 1382
3 1352 1384 1383
3 1382 1383 1384
3 1347 1384 1376
3 1352 1385 1384
3 1353 1376 1385
3 1384 1385 1376
3 1348 1377 1369
3 1353 1366 1377
3 1349 1369 1366
3 1377 1366 1369
3 1346 1379 1371
3 1348 1368 1379
3 1355 1371 1368
3 1379 1368 1371
3 1350 1381 1373
3 1346 1370 1381
3 1354 1373 1370
3 1381 1370 1373
3 1352 1383 1375
3 1350 1372 1383
3 1351 1375 1372
3 1383 1372 1375
3 1353 1385 1367
3 1352 1374 1385
3 1345 1367 1374
3 1385 1374 1367
3 1386 1398 1400
3 1397 1399 1398
3 1391 1400 1399
3 1398 1399 1400
3 1386 1400 1402
3 1391 1401 1400
3 1387 1402 1401
3 1400 1401 1402
3 1386 1402 1404
3 1387 1403 1402
3 1393 1404 1403
3 1402 1403 1404
3 1386 1404 1406
3 1393 1405 1404
3 1396 1406 1405
3 1404 1405 1406
3 1386 1406 1398
3 1396 1407 1406
3 1397 1398 1407
3 1406 1407 1398
3 1387 1401 1409
3 1391 1408 1401
3 1395 1409 1408
3 1401 1408 1409
3 1391 1399 1411
3 1397 1410 1399
3 1390 1411 1410
3 1399 1410 1411
3 1397 1407 1413
3 1396 1412 1407
3 1388 1413 1412
3 1407 1412 1413
3 1396 1405 1415
3 1393 1414 1405
3 1392 1415 1414
3 1405 1414 1415
3 1393 1403 1417
3 1387 1416 1403
3 1394 1417 1416
3 1403 1416 1417
3 1389 1418 1420
3 1395 1419 1418
3 1390 1420 1419
3 1418 1419 1420
3 1389 1420 1422
3 1390 1421 1420
3 1388 1422 1421
3 1420 1421 1422
3 1389 1422 1424
3 1388 1423 1422
3 1392 1424 1423
3 1422 1423 1424
3 1389 1424 1426
3 1392 1425 1424
3 1394 1426 1425
3 1424 1425 1426
3 1389 1426 1418
3 1394 1427 1426
3 1395 1418 1427
3 1426 1427 1418
3 1390 1419 1411
3 1395 1408 1419
3 1391 1411 1408
3 1419 1408 1411
3 1388 1421 1413
3 1390 1410 1421
3 1397 1413 1410
3 1421 1410 1413
3 1392 1423 1415
3 1388 1412 1423
3 1396 1415 1412
3 1423 1412 1415
3 1394 1425 1417
3 1392 1414 1425
3 1393 1417 1414
3 1425 1414 1417
3 1395 1427 1409
3 1394 1416 1427
3 1387 1409 1416
3 1427 1416 1409
3 1428 1440 1442
3 1439 1441 1440
3 1433 1442 1441
3 1440 1441 1442
3 1428 1442 1444
3 1433 1443 1442
3 1429 1444 1443
3 1442 1443 1444
3 1428 1444 1446
3 1429 1445 1444
3 1435 1446 1445
3 1444 1445 1446
3 1428 1446 1448
3 1435 1447 1446
3 1438 1448 1447
3 1446 1447 1448
3 1428 1448 1440
3 1438 1449 1448
3 1439 1440 1449
3 1448 1449 1440
3 1429 1443 1451
3 1433 1450 1443
3 1437 1451 1450
3 1443 1450 1451
3 1433 1441 1453
3 1439 1452 1441
3 1432 1453 1452
3 1441 1452 1453
3 1439 1449 1455
3 1438 1454 1449
3 1430 1455 1454
3 1449 1454 1455
3 1438 1447 1457
3 1435 1456 1447
3 1434 1457 1456
3 1447 1456 1457
3 1435 1445 1459
3 1429 1458 1445
3 1436 1459 1458
3 1445 1458 1459
3 1431 1460 1462
3 1437 1461 1460
3 1432 1462 1461
3 1460 1461 1462
3 1431 1462 1464
3 1432 1463 1462
3 1430 1464 1463
3 1462 1463 1464
3 1431 1464 1466
3 1430 1465 1464
3 1434 1466 1465
3 1464 1465 1466
3 1431 1466 1468
3 1434 1467 1466
3 1436 1468 1467
3 1466 1467 1468
3 1431 1468 1460
3 1436 1469 1468
3 1437 1460 1469
3 1468 1469 1460
3 1432 1461 1453
3 1437 1450 1461
3 1433 1453 1450
3 1461 1450 1453
3 1430 1463 1455
3 1432 1452 1463
3 1439 1455 1452
3 1463 1452 1455
3 1434 1465 1457
3 1430 1454 1465
3 1438 1457 1454
3 1465 1454 1457
3 1436 1467 1459
3 1434 1456 1467
3 1435 1459 1456
3 1467 1456 1459
3 1437 1469 1451
3 1436 1458 1469
3 1429 1451 1458
3 1469 1458 1451
3 1470 1482 1484
3 1481 1483 1482
3 1475 1484 1483
3 1482 1483 1484
3 1470 1484 1486
3 1475 1485 1484
3 1471 1486 1485
3 1484 1485 1486
3 1470 1486 1488
3 1471 1487 1486
3 1477 1488 1487
3 1486 1487 1488
3 1470 1488 1490
3 1477 1489 1488
3 1480 1490 1489
3 1488 1489 1490
3 1470 1490 1482
3 1480 1491 1490
3 1481 1482 1491
3 1490 1491 1482
3 1471 1485 1493
3 1475 1492 1485
3 1479 1493 1492
3 1485 1492 1493
3 1475 1483 1495
3 1481 1494 1483
3 1474 1495 1494
3 1483 1494 1495
3 1481 1491 1497
3 1480 1496 1491
3 1472 1497 1496
3 1491 1496 1497
3 1480 1489 1499
3 1477 1498 1489
3 1476 1499 1498
3 1489 1498 1499
3 1477 1487 1501
3 1471 1500 1487
3 1478 1501 1500
3 1487 1500 1501
3 1473 1502 1504
3 1479 1503 1502
3 1474 1504 1503
3 1502 1503 1504
3 1473 1504 1506
3 1474 1505 1504
3 1472 1506 1505
3 1504 1505 1506
3 1473 1506 1508
3 1472 1507 1506
3 1476 1508 1507
3 1506 1507 1508
3 1473 1508 1510
3 1476 1509 1508
3 1478 1510 1509
3 1508 1509 1510
3 1473 1510 1502
3 1478 1511 1510
3 1479 1502 1511
3 1510 1511 1502
3 1474 1503 1495
3 1479 1492 1503
3 1475 1495 1492
3 1503 1492 1495
3 1472 1505 1497
3 1474 1494 1505
3 1481 1497 1494
3 1505 1494 1497
3 1476 1507 1499
3 1472 1496 1507
3 1480 1499 1496
3 1507 1496 1499
3 1478 1509 1501
3 1476 1498 1509
3 1477 1501 1498
3 1509 1498 1501
3 1479 1511 1493
3 1478 1500 1511
3 1471 1493 1500
3 1511 1500 1493
3 1512 1524 1526
3 1523 1525 1524
3 1517 1526 1525
3 1524 1525 1526
3 1512 1526 1528
3 1517 1527 1526
3 1513 1528 1527
3 1526 1527 1528
3 1512 1528 1530
3 1513 1529 1528
3 1519 1530 1529
3 1528 1529 1530
3 1512 1530 1532
3 1519 1531 1530
3 1522 1532 1531
3 1530 1531 1532
3 1512 1532 1524
3 1522 1533 1532
3 1523 1524 1533
3 1532 1533 1524
3 1513 1527 1535
3 1517 1534 1527
3 1521 1535 1534
3 1527 1534 1535
3 1517 1525 1537
3 1523 1536 1525
3 1516 1537 1536
3 1525 1536 1537
3 1523 1533 1539
3 1522 1538 1533
3 1514 1539 1538
3 1533 1538 1539
3 1522 1531 1541
3 1519 1540 1531
3 1518 1541 1540
3 1531 1540 1541
3 1519 1529 1543
3 1513 1542 1529
3 1520 1543 1542
3 1529 1542 1543
3 1515 1544 1546
3 1521 1545 1544
3 1516 1546 1545
3 1544 1545 1546
3 1515 1546 1548
3 1516 1547 1546
3 1514 1548 1547
3 1546 1547 1548
3 1515 1548 1550
3 1514 1549 1548
3 1518 1550 1549
3 1548 1549 1550
3 1515 1550 1552
3 1518 1551 1550
3 1520 1552 1551
3 1550 1551 1552
3 1515 1552 1544
3 1520 1553 1552
3 1521 1544 1553
3 1552 1553 1544
3 1516 1545 1537
3 1521 1534 1545
3 1517 1537 1534
3 1545 1534 1537
3 1514 1547 1539
3 1516 1536 1547
3 1523 1539 1536
3 1547 1536 1539
3 1518 1549 1541
3 1514 1538 1549
3 1522 1541 1538
3 1549 1538 1541
3 1520 1551 1543
3 1518 1540 1551
3 1519 1543 1540
3 1551 1540 1543
3 1521 1553 1535
3 1520 1542 1553
3 1513 1535 1542
3 1553 1542 1535
3 1554 1566 1568
3 1565 1567 1566
3 1559 1568 1567
3 1566 1567 1568
3 1554 1568 1570
3 1559 1569 1568
3 1555 1570 1569
3 1568 1569 1570
3 1554 1570 1572
3 1555 1571 1570
3 1561 1572 1571
3 1570 1571 1572
3 1554 1572 1574
3 1561 1573 1572
3 1564 1574 1573
3 1572 1573 1574
3 1554 1574 1566
3 1564 1575 1574
3 1565 1566 1575
3 1574 1575 1566
3 1555 1569 1577
3 1559 1576 1569
3 1563 1577 1576
3 1569 1576 1577
3 1559 1567 1579
3 1565 1578 1567
3 1558 1579 1578
3 1567 1578 1579
3 1565 1575 1581
3 1564 1580 1575
3 1556 1581 1580
3 1575 1580 1581
3 1564 1573 1583
3 1561 1582 1573
3 1560 1583 1582
3 1573 1582 1583
3 1561 1571 1585
3 1555 1584 1571
3 1562 1585 1584
3 1571 1584 1585
3 1557 1586 1588
3 1563 1587 1586
3 1558 1588 1587
3 1586 1587 1588
3 1557 1588 1590
3 1558 1589 1588
3 1556 1590 1589
3 1588 1589 1590
3 1557 1590 1592
3 1556 1591 1590
3 1560 1592 1591
3 1590 1591 1592
3 1557 1592 1594
3 1560 1593 1592
3 1562 1594 1593
3 1592 1593 1594
3 1557 1594 1586
3 1562 1595 1594
3 1563 1586 1595
3 1594 1595 1586
3 1558 1587 1579
3 1563 1576 1587
3 1559 1579 1576
3 1587 1576 1579
3 1556 1589 1581
3 1558 1578 1589
3 1565 1581 1578
3 1589 1578 1581
3 1560 1591 1583
3 1556 1580 1591
3 1564 1583 1580
3 1591 1580 1583
3 1562 1593 1585
3 1560 1582 1593
3 1561 1585 1582
3 1593 1582 1585
3 1563 1595 1577
3 1562 1584 1595
3 1555 1577 1584
3 1595 1584 1577
3 1596 1608 1610
3 1607 1609 1608
3 1601 1610 1609
3 1608 1609 1610
3 1596 1610 1612
3 1601 1611 1610
3 1597 1612 1611
3 1610 1611 1612
3 1596 1612 1614
3 1597 1613 1612
3 1603 1614 1613
3 1612 1613 1614
3 1596 1614 1616
3 1603 1615 1614
3 1606 1616 1615
3 1614 1615 1616
3 1596 1616 1608
3 1606 1617 1616
3 1607 1608 1617
3 1616 1617 1608
3 1597 1611 1619
3 1601 1618 1611
3 1605 1619 1618
3 1611 1618 1619
3 1601 1609 1621
3 1607 1620 1609
3 1600 1621 1620
3 1609 1620 1621
3 1607 1617 1623
3 1606 1622 1617
3 1598 1623 1622
3 1617 1622 1623
3 1606 1615 1625
3 1603 1624 1615
3 1602 1625 1624
3 1615 1624 1625
3 1603 1613 1627
3 1597 1626 1613
3 1604 1627 1626
3 1613 1626 1627
3 1599 1628 1630
3 1605 1629 1628
3 1600 1630 1629
3 1628 1629 1630
3 1599 1630 1632
3 1600 1631 1630
3 1598 1632 1631
3 1630 1631 1632
3 1599 1632 1634
3 1598 1633 1632
3 1602 1634 1633
3 1632 1633 1634
3 1599 1634 1636
3 1602 1635 1634
3 1604 1636 1635
3 1634 1635 1636
3 1599 1636 1628
3 1604 1637 1636
3 1605 1628 1637
3 1636 1637 1628
3 1600 1629 1621
3 1605 1618 1629
3 1601 1621 1618
3 1629 1618 1621
3 1598 1631 1623
3 1600 1620 1631
3 1607 1623 1620
3 1631 1620 1623
3 1602 1633 1625
3 1598 1622 1633
3 1606 1625 1622
3 1633 1622 1625
3 1604 1635 1627
3 1602 1624 1635
3 1603 1627 1624
3 1635 1624 1627
3 1605 1637 1619
3 1604 1626 1637
3 1597 1619 1626
3 1637 1626 1619
3 1638 1650 1652
3 1649 1651 1650
3 1643 1652 1651
3 1650 1651 1652
3 1638 1652 1654
3 1643 1653 1652
3 1639 1654 1653
3 1652 1653 1654
3 1638 1654 1656
3 1639 1655 1654
3 1645 1656 1655
3 1654 1655 1656
3 1638 1656 1658
3 1645 1657 1656
3 1648 1658 1657
3 1656 1657 1658
3 1638 1658 1650
3 1648 1659 1658
3 1649 1650 1659
3 1658 1659 1650
3 1639 1653 1661
3 1643 1660 1653
3 1647 1661 1660
3 1653 1660 1661
3 1643 1651 1663
3 1649 1662 1651
3 1642 1663 1662
3 1651 1662 1663
3 1649 1659 1665
3 1648 1664 1659
3 1640 1665 1664
3 1659 1664 1665
3 1648 1657 1667
3 1645 1666 1657
3 1644 1667 1666
3 1657 1666 1667
3 1645 1655 1669
3 1639 1668 1655
3 1646 1669 1668
3 1655 1668 1669
3 1641 1670 1672
3 1647 1671 1670
3 1642 1672 1671
3 1670 1671 1672
3 1641 1672 1674
3 1642 1673 1672
3 1640 1674 1673
3 1672 1673 1674
3 1641 1674 1676
3 1640 1675 1674
3 1644 1676 1675
3 1674 1675 1676
3 1641 1676 1678
3 1644 1677 1676
3 1646 1678 1677
3 1676 1677 1678
3 1641 1678 1670
3 1646 1679 1678
3 1647 1670 1679
3 1678 1679 1670
3 1642 1671 1663
3 1647 1660 1671
3 1643 1663 1660
3 1671 1660 1663
3 1640 1673 1665
3 1642 1662 1673
3 1649 1665 1662
3 1673 1662 1665
3 1644 1675 1667
3 1640 1664 1675
3 1648 1667 1664
3 1675 1664 1667
3 1646 1677 1669
3 1644 1666 1677
3 1645 1669 1666
3 1677 1666 1669
3 1647 1679 1661
3 1646 1668 1679
3 1639 1661 1668
3 1679 1668 1661
3 1680 1692 1694
3 1691 1693 1692
3 1685 1694 1693
3 1692 1693 1694
3 1680 1694 1696
3 1685 1695 1694
3 1681 1696 1695
3 1694 1695 1696
3 1680 1696 1698
3 1681 1697 1696
3 1687 1698 1697
3 1696 1697 1698
3 1680 1698 1700
3 1687 1699 1698
3 1690 1700 1699
3 1698 1699 1700
3 1680 1700 1692
3 1690 1701 1700
3 1691 1692 1701
3 1700 1701 1692
3 1681 1695 1703
3 1685 1702 1695
3 1689 1703 1702
3 1695 1702 1703
3 1685 1693 1705
3 1691 1704 1693
3 1684 1705 1704
3 1693 1704 1705
3 1691 1701 1707
3 1690 1706 1701
3 1682 1707 1706
3 1701 1706 1707
3 1690 1699 1709
3 1687 1708 1699
3 1686 1709 1708
3 1699 1708 1709
3 1687 1697 1711
3 1681 1710 1697
3 1688 1711 1710
3 1697 1710 1711
3 1683 1712 1714
3 1689 1713 1712
3 1684 1714 1713
3 1712 1713 1714
3 1683 1714 1716
3 1684 1715 1714
3 1682 1716 1715
3 1714 1715 1716
3 1683 1716 1718
3 1682 1717 1716
3 1686 1718 1717
3 1716 1717 1718
3 1683 1718 1720
3 1686 1719 1718
3 1688 1720 1719
3 1718 1719 1720
3 1683 1720 1712
3 1688 1721 1720
3 1689 1712 1721
3 1720 1721 1712
3 1684 1713 1705
3 1689 1702 1713
3 1685 1705 1702
3 1713 1702 1705
3 1682 1715 1707
3 1684 1704 1715
3 1691 1707 1704
3 1715 1704 1707
3 1686 1717 1709
3 1682 1706 1717
3 1690 1709 1706
3 1717 1706 1709
3 1688 1719 1711
3 1686 1708 1719
3 1687 1711 1708
3 1719 1708 1711
3 1689 1721 1703
3 1688 1710 1721
3 1681 1703 1710
3 1721 1710 1703
3 1722 1734 1736
3 1733 1735 1734
3 1727 1736 1735
3 1734 1735 1736
3 1722 1736 1738
3 1727 1737 1736
3 1723 1738 1737
3 1736 1737 1738
3 1722 1738 1740
3 1723 1739 1738
3 1729 1740 1739
3 1738 1739 1740
3 1722 1740 1742
3 1729 1741 1740
3 1732 1742 1741
3 1740 1741 1742
3 1722 1742 1734
3 1732 1743 1742
3 1733 1734 1743
3 1742 1743 1734
3 1723 1737 1745
3 1727 1744 1737
3 1731 1745 1744
3 1737 1744 1745
3 1727 1735 1747
3 1733 1746 1735
3 1726 1747 1746
3 1735 1746 1747
3 1733 1743 1749
3 1732 1748 1743
3 1724 1749 1748
3 1743 1748 1749
3 1732 1741 1751
3 1729 1750 1741
3 1728 1751 1750
3 1741 1750 1751
3 1729 1739 1753
3 1723 1752 1739
3 1730 1753 1752
3 1739 1752 1753
3 1725 1754 1756
3 1731 1755 1754
3 1726 1756 1755
3 1754 1755 1756
3 1725 1756 1758
3 1726 1757 1756
3 1724 1758 1757
3 1756 1757 1758
3 1725 1758 1760
3 1724 1759 1758
3 1728 1760 1759
3 1758 1759 1760
3 1725 1760 1762
3 1728 1761 1760
3 1730 1762 1761
3 1760 1761 1762
3 1725 1762 1754
3 1730 1763 1762
3 1731 1754 1763
3 1762 1763 1754
3 1726 1755 1747
3 1731 1744 1755
3 1727 1747 1744
3 1755 1744 1747
3 1724 1757 1749
3 1726 1746 1757
3 1733 1749 1746
3 1757 1746 1749
3 1728 1759 1751
3 1724 1748 1759
3 1732 1751 1748
3 1759 1748 1751
3 1730 1761 1753
3 1728 1750 1761
3 1729 1753 1750
3 1761 1750 1753
3 1731 1763 1745
3 1730 1752 1763
3 1723 1745 1752
3 1763 1752 1745
3 1764 1776 1778
3 1775 1777 1776
3 1769 1778 1777
3 1776 1777 1778
3 1764 1778 1780
3 1769 1779 1778
3 1765 1780 1779
3 1778 1779 1780
3 1764 1780 1782
3 1765 1781 1780
3 1771 1782 1781
3 1780 1781 1782
3 1764 1782 1784
3 1771 1783 1782
3 1774 1784 1783
3 1782 1783 1784
3 1764 1784 1776
3 1774 1785 1784
3 1775 1776 1785
3 1784 1785 1776
3 1765 1779 1787
3 1769 1786 1779
3 1773 1787 1786
3 1779 1786 1787
3 1769 1777 1789
3 1775 1788 1777
3 1768 1789 1788
3 1777 1788 1789
3 1775 1785 1791
3 1774 1790 1785
3 1766 1791 1790
3 1785 1790 1791
3 1774 1783 1793
3 1771 1792 1783
3 1770 1793 1792
3 1783 1792 1793
3 1771 1781 1795
3 1765 1794 1781
3 1772 1795 1794
3 1781 1794 1795
3 1767 1796 1798
3 1773 1797 1796
3 1768 1798 1797
3 1796 1797 1798
3 1767 1798 1800
3 1768 1799 1798
3 1766 1800 1799
3 1798 1799 1800
3 1767 1800 1802
3 1766 1801 1800
3 1770 1802 1801
3 1800 1801 1802
3 1767 1802 1804
3 1770 1803 1802
3 1772 1804 1803
3 1802 1803 1804
3 1767 1804 1796
3 1772 1805 1804
3 1773 1796 1805
3 1804 1805 1796
3 1768 1797 1789
3 1773 1786 1797
3 1769 1789 1786
3 1797 1786 1789
3 1766 1799 1791
3 1768 1788 1799
3 1775 1791 1788
3 1799 1788 1791
3 1770 1801 1793
3 1766 1790 1801
3 1774 1793 1790
3 1801 1790 1793
3 1772 1803 1795
3 1770 1792 1803
3 1771 1795 1792
3 1803 1792 1795
3 1773 1805 1787
3 1772 1794 1805
3 1765 1787 1794
3 1805 1794 1787
3 1806 1818 1820
3 1817 1819 1818
3 1811 1820 1819
3 1818 1819 1820
3 1806 1820 1822
3 1811 1821 1820
3 1807 1822 1821
3 1820 1821 1822
3 1806 1822 1824
3 1807 1823 1822
3 1813 1824 1823
3 1822 1823 1824
3 1806 1824 1826
3 1813 1825 1824
3 1816 1826 1825
3 1824 1825 1826
3 1806 1826 1818
3 1816 1827 1826
3 1817 1818 1827
3 1826 1827 1818
3 1807 1821 1829
3 1811 1828 1821
3 1815 1829 1828
3 1821 1828 1829
3 1811 1819 1831
3 1817 1830 1819
3 1810 1831 1830
3 1819 1830 1831
3 1817 1827 1833
3 1816 1832 1827
3 1808 1833 1832
3 1827 1832 1833
3 1816 1825 1835
3 1813 1834 1825
3 1812 1835 1834
3 1825 1834 1835
3 1813 1823 1837
3 1807 1836 1823
3 1814 1837 1836
3 1823 1836 1837
3 1809 1838 1840
3 1815 1839 1838
3 1810 1840 1839
3 1838 1839 1840
3 1809 1840 1842
3 1810 1841 1840
3 1808 1842 1841
3 1840 1841 1842
3 1809 1842 1844
3 1808 1843 1842
3 1812 1844 1843
3 1842 1843 1844
3 1809 1844 1846
3 1812 1845 1844
3 1814 1846 1845
3 1844 1845 1846
3 1809 1846 1838
3 1814 1847 1846
3 1815 1838 1847
3 1846 1847 1838
3 1810 1839 1831
3 1815 1828 1839
3 1811 1831 1828
3 1839 1828 1831
3 1808 1841 1833
3 1810 1830 1841
3 1817 1833 1830
3 1841 1830 1833
3 1812 1843 1835
3 1808 1832 1843
3 1816 1835 1832
3 1843 1832 1835
3 1814 1845 1837
3 1812 1834 1845
3 1813 1837 1834
3 1845 1834 1837
3 1815 1847 1829
3 1814 1836 1847
3 1807 1829 1836
3 1847 1836 1829
3 1848 1860 1862
3 1859 1861 1860
3 1853 1862 1861
3 1860 1861 1862
3 1848 1862 1864
3 1853 1863 1862
3 1849 1864 1863
3 1862 1863 1864
3 1848 1864 1866
3 1849 1865 1864
3 1855 1866 1865
3 1864 1865 1866
3 1848 1866 1868
3 1855 1867 1866
3 1858 1868 1867
3 1866 1867 1868
3 1848 1868 1860
3 1858 1869 1868
3 1859 1860 1869
3 1868 1869 1860
3 1849 1863 1871
3 1853 1870 1863
3 1857 1871 1870
3 1863 1870 1871
3 1853 1861 1873
3 1859 1872 1861
3 1852 1873 1872
3 1861 1872 1873
3 1859 1869 1875
3 1858 1874 1869
3 1850 1875 1874
3 1869 1874 1875
3 1858 1867 1877
3 1855 1876 1867
3 1854 1877 1876
3 1867 1876 1877
3 1855 1865 1879
3 1849 1878 1865
3 1856 1879 1878
3 1865 1878 1879
3 1851 1880 1882
3 1857 1881 1880
3 1852 1882 1881
3 1880 1881 1882
3 1851 1882 1884
3 1852 1883 1882
3 1850 1884 1883
3 1882 1883 1884
3 1851 1884 1886
3 1850 1885 1884
3 1854 1886 1885
3 1884 1885 1886
3 1851 1886 1888
3 1854 1887 1886
3 1856 1888 1887
3 1886 1887 1888
3 1851 1888 1880
3 1856 1889 1888
3 1857 1880 1889
3 1888 1889 1880
3 1852 1881 1873
3 1857 1870 1881
3 1853 1873 1870
3 1881 1870 1873
3 1850 1883 1875
3 1852 1872 1883
3 1859 1875 1872
3 1883 1872 1875
3 1854 1885 1877
3 1850 1874 1885
3 1858 1877 1874
3 1885 1874 1877
3 1856 1887 1879
3 1854 1876 1887
3 1855 1879 1876
3 1887 1876 1879
3 1857 1889 1871
3 1856 1878 1889
3 1849 1871 1878
3 1889 1878 1871
3 1890 1902 1904
3 1901 1903 1902
3 1895 1904 1903
3 1902 1903 1904
3 1890 1904 1906
3 1895 1905 1904
3 1891 1906 1905
3 1904 1905 1906
3 1890 1906 1908
3 1891 1907 1906
3 1897 1908 1907
3 1906 1907 1908
3 1890 1908 1910
3 1897 1909 1908
3 1900 1910 1909
3 1908 1909 1910
3 1890 1910 1902
3 1900 1911 1910
3 1901 1902 1911
3 1910 1911 1902
3 1891 1905 1913
3 1895 1912 1905
3 1899 1913 1912
3 1905 1912 1913
3 1895 1903 1915
3 1901 1914 1903
3 1894 1915 1914
3 1903 1914 1915
3 1901 1911 1917
3 1900 1916 1911
3 1892 1917 1916
3 1911 1916 1917
3 1900 1909 1919
3 1897 1918 1909
3 1896 1919 1918
3 1909 1918 1919
3 1897 1907 1921
3 1891 1920 1907
3 1898 1921 1920
3 1907 1920 1921
3 1893 1922 1924
3 1899 1923 1922
3 1894 1924 1923
3 1922 1923 1924
3 1893 1924 1926
3 1894 1925 1924
3 1892 1926 1925
3 1924 1925 1926
3 1893 1926 1928
3 1892 1927 1926
3 1896 1928 1927
3 1926 1927 1928
3 1893 1928 1930
3 1896 1929 1928
3 1898 1930 1929
3 1928 1929 1930
3 1893 1930 1922
3 1898 1931 1930
3 1899 1922 1931
3 1930 1931 1922
3 1894 1923 1915
3 1899 1912 1923
3 1895 1915 1912
3 1923 1912 1915
3 1892 1925 1917
3 1894 1914 1925
3 1901 1917 1914
3 1925 1914 1917
3 1896 1927 1919
3 1892 1916 1927
3 1900 1919 1916
3 1927 1916 1919
3 1898 1929 1921
3 1896 1918 1929
3 1897 1921 1918
3 1929 1918 1921
3 1899 1931 1913
3 1898 1920 1931
3 1891 1913 1920
3 1931 1920 1913
3 1932 1944 1946
3 1943 1945 1944
3 1937 1946 1945
3 1944 1945 1946
3 1932 1946 1948
3 1937 1947 1946
3 1933 1948 1947
3 1946 1947 1948
3 1932 1948 1950
3 1933 1949 1948
3 1939 1950 1949
3 1948 1949 1950
3 1932 1950 1952
3 1939 1951 1950
3 1942 1952 1951
3 1950 1951 1952
3 1932 1952 1944
3 1942 1953 1952
3 1943 1944 1953
3 1952 1953 1944
3 1933 1947 1955
3 1937 1954 1947
3 1941 1955 1954
3 1947 1954 1955
3 1937 1945 1957
3 1943 1956 1945
3 1936 1957 1956
3 1945 1956 1957
3 1943 1953 1959
3 1942 1958 1953
3 1934 1959 1958
3 1953 1958 1959
3 1942 1951 1961
3 1939 1960 1951
3 1938 1961 1960
3 1951 1960 1961
3 1939 1949 1963
3 1933 1962 1949
3 1940 1963 1962
3 1949 1962 1963
3 1935 1964 1966
3 1941 1965 1964
3 1936 1966 1965
3 1964 1965 1966
3 1935 1966 1968
3 1936 1967 1966
3 1934 1968 1967
3 1966 1967 1968
3 1935 1968 1970
3 1934 1969 1968
3 1938 1970 1969
3 1968 1969 1970
3 1935 1970 1972
3 1938 1971 1970
3 1940 1972 1971
3 1970 1971 1972
3 1935 1972 1964
3 1940 1973 1972
3 1941 1964 1973
3 1972 1973 1964
3 1936 1965 1957
3 1941 1954 1965
3 1937 1957 1954
3 1965 1954 1957
3 1934 1967 1959
3 1936 1956 1967
3 1943 1959 1956
3 1967 1956 1959
3 1938 1969 1961
3 1934 1958 1969
3 1942 1961 1958
3 1969 1958 1961
3 1940 1971 1963
3 1938 1960 1971
3 1939 1963 1960
3 1971 1960 1963
3 1941 1973 1955
3 1940 1962 1973
3 1933 1955 1962
3 1973 1962 1955
3 1974 1986 1988
3 1985 1987 1986
3 1979 1988 1987
3 1986 1987 1988
3 1974 1988 1990
3 1979 1989 1988
3 1975 1990 1989
3 1988 1989 1990
3 1974 1990 1992
3 1975 1991 1990
3 1981 1992 1991
3 1990 1991 1992
3 1974 1992 1994
3 1981 1993 1992
3 1984 1994 1993
3 1992 1993 1994
3 1974 1994 1986
3 1984 1995 1994
3 1985 1986 1995
3 1994 1995 1986
3 1975 1989 1997
3 1979 1996 1989
3 1983 1997 1996
3 1989 1996 1997
3 1979 1987 1999
3 1985 1998 1987
3 1978 1999 1998
3 1987 1998 1999
3 1985 1995 2001
3 1984 2000 1995
3 1976 2001 2000
3 1995 2000 2001
3 1984 1993 2003
3 1981 2002 1993
3 1980 2003 2002
3 1993 2002 2003
3 1981 1991 2005
3 1975 2004 1991
3 1982 2005 2004
3 1991 2004 2005
3 1977 2006 2008
3 1983 2007 2006
3 1978 2008 2007
3 2006 2007 2008
3 1977 2008 2010
3 1978 2009 2008
3 1976 2010 2009
3 2008 2009 2010
3 1977 2010 2012
3 1976 2011 2010
3 1980 2012 2011
3 2010 2011 2012
3 1977 2012 2014
3 1980 2013 2012
3 1982 2014 2013
3 2012 2013 2014
3 1977 2014 2006
3 1982 2015 2014
3 1983 2006 2015
3 2014 2015 2006
3 1978 2007 1999
3 1983 1996 2007
3 1979 1999 1996
3 2007 1996 1999
3 1976 2009 2001
3 1978 1998 2009
3 1985 2001 1998
3 2009 1998 2001
3 1980 2011 2003
3 1976 2000 2011
3 1984 2003 2000
3 2011 2000 2003
3 1982 2013 2005
3 1980 2002 2013
3 1981 2005 2002
3 2013 2002 2005
3 1983 2015 1997
3 1982 2004 2015
3 1975 1997 2004
3 2015 2004 1997
3 2016 2028 2030
3 2027 2029 2028
3 2021 2030 2029
3 2028 2029 2030
3 2016 2030 2032
3 2021 2031 2030
3 2017 2032 2031
3 2030 2031 2032
3 2016 2032 2034
3 2017 2033 2032
3 2023 2034 2033
3 2032 2033 2034
3 2016 2034 2036
3 2023 2035 2034
3 2026 2036 2035
3 2034 2035 2036
3 2016 2036 2028
3 2026 2037 2036
3 2027 2028 2037
3 2036 2037 2028
3 2017 2031 2039
3 2021 2038 2031
3 2025 2039 2038
3 2031 2038 2039
3 2021 2029 2041
3 2027 2040 2029
3 2020 2041 2040
3 2029 2040 2041
3 2027 2037 2043
3 2026 2042 2037
3 2018 2043 2042
3 2037 2042 2043
3 2026 2035 2045
3 2023 2044 2035
3 2022 2045 2044
3 2035 2044 2045
3 2023 2033 2047
3 2017 2046 2033
3 2024 2047 2046
3 2033 2046 2047
3 2019 2048 2050
3 2025 2049 2048
3 2020 2050 2049
3 2048 2049 2050
3 2019 2050 2052
3 2020 2051 2050
3 2018 2052 2051
3 2050 2051 2052
3 2019 2052 2054
3 2018 2053 2052
3 2022 2054 2053
3 2052 2053 2054
3 2019 2054 2056
3 2022 2055 2054
3 2024 2056 2055
3 2054 2055 2056
3 2019 2056 2048
3 2024 2057 2056
3 2025 2048 2057
3 2056 2057 2048
3 2020 2049 2041
3 2025 2038 2049
3 2021 2041 2038
3 2049 2038 2041
3 2018 2051 2043
3 2020 2040 2051
3 2027 2043 2040
3 2051 2040 2043
3 2022 2053 2045
3 2018 2042 2053
3 2026 2045 2042
3 2053 2042 2045
3 2024 2055 2047
3 2022 2044 2055
3 2023 2047 2044
3 2055 2044 2047
3 2025 2057 2039
3 2024 2046 2057
3 2017 2039 2046
3 2057 2046 2039
3 2058 2070 2072
3 2069 2071 2070
3 2063 2072 2071
3 2070 2071 2072
3 2058 2072 2074
3 2063 2073 2072
3 2059 2074 2073
3 2072 2073 2074
3 2058 2074 2076
3 2059 2075 2074
3 2065 2076 2075
3 2074 2075 2076
3 2058 2076 2078
3 2065 2077 2076
3 2068 2078 2077
3 2076 2077 2078
3 2058 2078 2070
3 2068 2079 2078
3 2069 2070 2079
3 2078 2079 2070
3 2059 2073 2081
3 2063 2080 2073
3 2067 2081 2080
3 2073 2080 2081
3 2063 2071 2083
3 2069 2082 2071
3 2062 2083 2082
3 2071 2082 2083
3 2069 2079 2085
3 2068 2084 2079
3 2060 2085 2084
3 2079 2084 2085
3 2068 2077 2087
3 2065 2086 2077
3 2064 2087 2086
3 2077 2086 2087
3 2065 2075 2089
3 2059 2088 2075
3 2066 2089 2088
3 2075 2088 2089
3 2061 2090 2092
3 2067 2091 2090
3 2062 2092 2091
3 2090 2091 2092
3 2061 2092 2094
3 2062 2093 2092
3 2060 2094 2093
3 2092 2093 2094
3 2061 2094 2096
3 2060 2095 2094
3 2064 2096 2095
3 2094 2095 2096
3 2061 2096 2098
3 2064 2097 2096
3 2066 2098 2097
3 2096 2097 2098
3 2061 2098 2090
3 2066 2099 2098
3 2067 2090 2099
3 2098 2099 2090
3 2062 2091 2083
3 2067 2080 2091
3 2063 2083 2080
3 2091 2080 2083
3 2060 2093 2085
3 2062 2082 2093
3 2069 2085 2082
3 2093 2082 2085
3 2064 2095 2087
3 2060 2084 2095
3 2068 2087 2084
3 2095 2084 2087
3 2066 2097 2089
3 2064 2086 2097
3 2065 2089 2086
3 2097 2086 2089
3 2067 2099 2081
3 2066 2088 2099
3 2059 2081 2088
3 2099 2088 2081
3 2100 2112 2114
3 2111 2113 2112
3 2105 2114 2113
3 2112 2113 2114
3 2100 2114 2116
3 2105 2115 2114
3 2101 2116 2115
3 2114 2115 2116
3 2100 2116 2118
3 2101 2117 2116
3 2107 2118 2117
3 2116 2117 2118
3 2100 2118 2120
3 2107 2119 2118
3 2110 2120 2119
3 2118 2119 2120
3 2100 2120 2112
3 2110 2121 2120
3 2111 2112 2121
3 2120 2121 2112
3 2101 2115 2123
3 2105 2122 2115
3 2109 2123 2122
3 2115 2122 2123
3 2105 2113 2125
3 2111 2124 2113
3 2104 2125 2124
3 2113 2124 2125
3 2111 2121 2127
3 2110 2126 2121
3 2102 2127 2126
3 2121 2126 2127
3 2110 2119 2129
3 2107 2128 2119
3 2106 2129 2128
3 2119 2128 2129
3 2107 2117 2131
3 2101 2130 2117
3 2108 2131 2130
3 2117 2130 2131
3 2103 2132 2134
3 2109 2133 2132
3 2104 2134 2133
3 2132 2133 2134
3 2103 2134 2136
3 2104 2135 2134
3 2102 2136 2135
3 2134 2135 2136
3 2103 2136 2138
3 2102 2137 2136
3 2106 2138 2137
3 2136 2137 2138
3 2103 2138 2140
3 2106 2139 2138
3 2108 2140 2139
3 2138 2139 2140
3 2103 2140 2132
3 2108 2141 2140
3 2109 2132 2141
3 2140 2141 2132
3 2104 2133 2125
3 2109 2122 2133
3 2105 2125 2122
3 2133 2122 2125
3 2102 2135 2127
3 2104 2124 2135
3 2111 2127 2124
3 2135 2124 2127
3 2106 2137 2129
3 2102 2126 2137
3 2110 2129 2126
3 2137 2126 2129
3 2108 2139 2131
3 2106 2128 2139
3 2107 2131 2128
3 2139 2128 2131
3 2109 2141 2123
3 2108 2130 2141
3 2101 2123 2130
3 2141 2130 2123
3 2142 2154 2156
3 2153 2155 2154
3 2147 2156 2155
3 2154 2155 2156
3 2142 2156 2158
3 2147 2157 2156
3 2143 2158 2157
3 2156 2157 2158
3 2142 2158 2160
3 2143 2159 2158
3 2149 2160 2159
3 2158 2159 2160
3 2142 2160 2162
3 2149 2161 2160
3 2152 2162 2161
3 2160 2161 2162
3 2142 2162 2154
3 2152 2163 2162
3 2153 2154 2163
3 2162 2163 2154
3 2143 2157 2165
3 2147 2164 2157
3 2151 2165 2164
3 2157 2164 2165
3 2147 2155 2167
3 2153 2166 2155
3 2146 2167 2166
3 2155 2166 2167
3 2153 2163 2169
3 2152 2168 2163
3 2144 2169 2168
3 2163 2168 2169
3 2152 2161 2171
3 2149 2170 2161
3 2148 2171 2170
3 2161 2170 2171
3 2149 2159 2173
3 2143 2172 2159
3 2150 2173 2172
3 2159 2172 2173
3 2145 2174 2176
3 2151 2175 2174
3 2146 2176 2175
3 2174 2175 2176
3 2145 2176 2178
3 2146 2177 2176
3 2144 2178 2177
3 2176 2177 2178
3 2145 2178 2180
3 2144 2179 2178
3 2148 2180 2179
3 2178 2179 2180
3 2145 2180 2182
3 2148 2181 2180
3 2150 2182 2181
3 2180 2181 2182
3 2145 2182 2174
3 2150 2183 2182
3 2151 2174 2183
3 2182 2183 2174
3 2146 2175 2167
3 2151 2164 2175
3 2147 2167 2164
3 2175 2164 2167
3 2144 2177 2169
3 2146 2166 2177
3 2153 2169 2166
3 2177 2166 2169
3 2148 2179 2171
3 2144 2168 2179
3 2152 2171 2168
3 2179 2168 2171
3 2150 2181 2173
3 2148 2170 2181
3 2149 2173 2170
3 2181 2170 2173
3 2151 2183 2165
3 2150 2172 2183
3 2143 2165 2172
3 2183 2172 2165
3 2184 2196 2198
3 2195 2197 2196
3 2189 2198 2197
3 2196 2197 2198
3 2184 2198 2200
3 2189 2199 2198
3 2185 2200 2199
3 2198 2199 2200
3 2184 2200 2202
3 2185 2201 2200
3 2191 2202 2201
3 2200 2201 2202
3 2184 2202 2204
3 2191 2203 2202
3 2194 2204 2203
3 2202 2203 2204
3 2184 2204 2196
3 2194 2205 2204
3 2195 2196 2205
3 2204 2205 2196
3 2185 2199 2207
3 2189 2206 2199
3 2193 2207 2206
3 2199 2206 2207
3 2189 2197 2209
3 2195 2208 2197
3 2188 2209 2208
3 2197 2208 2209
3 2195 2205 2211
3 2194 2210 2205
3 2186 2211 2210
3 2205 2210 2211
3 2194 2203 2213
3 2191 2212 2203
3 2190 2213 2212
3 2203 2212 2213
3 2191 2201 2215
3 2185 2214 2201
3 2192 2215 2214
3 2201 2214 2215
3 2187 2216 2218
3 2193 2217 2216
3 2188 2218 2217
3 2216 2217 2218
3 2187 2218 2220
3 2188 2219 2218
3 2186 2220 2219
3 2218 2219 2220
3 2187 2220 2222
3 2186 2221 2220
3 2190 2222 2221
3 2220 2221 2222
3 2187 2222 2224
3 2190 2223 2222
3 2192 2224 2223
3 2222 2223 2224
3 2187 2224 2216
3 2192 2225 2224
3 2193 2216 2225
3 2224 2225 2216
3 2188 2217 2209
3 2193 2206 2217
3 2189 2209 2206
3 2217 2206 2209
3 2186 2219 2211
3 2188 2208 2219
3 2195 2211 2208
3 2219 2208 2211
3 2190 2221 2213
3 2186 2210 2221
3 2194 2213 2210
3 2221 2210 2213
3 2192 2223 2215
3 2190 2212 2223
3 2191 2215 2212
3 2223 2212 2215
3 2193 2225 2207
3 2192 2214 2225
3 2185 2207 2214
3 2225 2214 2207
3 2226 2238 2240
3 2237 2239 2238
3 2231 2240 2239
3 2238 2239 2240
3 2226 2240 2242
3 2231 2241 2240
3 2227 2242 2241
3 2240 2241 2242
3 2226 2242 2244
3 2227 2243 2242
3 2233 2244 2243
3 2242 2243 2244
3 2226 2244 2246
3 2233 2245 2244
3 2236 2246 2245
3 2244 2245 2246
3 2226 2246 2238
3 2236 2247 2246
3 2237 2238 2247
3 2246 2247 2238
3 2227 2241 2249
3 2231 2248 2241
3 2235 2249 2248
3 2241 2248 2249
3 2231 2239 2251
3 2237 2250 2239
3 2230 2251 2250
3 2239 2250 2251
3 2237 2247 2253
3 2236 2252 2247
3 2228 2253 2252
3 2247 2252 2253
3 2236 2245 2255
3 2233 2254 2245
3 2232 2255 2254
3 2245 2254 2255
3 2233 2243 2257
3 2227 2256 2243
3 2234 2257 2256
3 2243 2256 2257
3 2229 2258 2260
3 2235 2259 2258
3 2230 2260 2259
3 2258 2259 2260
3 2229 2260 2262
3 2230 2261 2260
3 2228 2262 2261
3 2260 2261 2262
3 2229 2262 2264
3 2228 2263 2262
3 2232 2264 2263
3 2262 2263 2264
3 2229 2264 2266
3 2232 2265 2264
3 2234 2266 2265
3 2264 2265 2266
3 2229 2266 2258
3 2234 2267 2266
3 2235 2258 2267
3 2266 2267 2258
3 2230 2259 2251
3 2235 2248 2259
3 2231 2251 2248
3 2259 2248 2251
3 2228 2261 2253
3 2230 2250 2261
3 2237 2253 2250
3 2261 2250 2253
3 2232 2263 2255
3 2228 2252 2263
3 2236 2255 2252
3 2263 2252 2255
3 2234 2265 2257
3 2232 2254 2265
3 2233 2257 2254
3 2265 2254 2257
3 2235 2267 2249
3 2234 2256 2267
3 2227 2249 2256
3 2267 2256 2249
3 2268 2280 2282
3 2279 2281 2280
3 2273 2282 2281
3 2280 2281 2282
3 2268 2282 2284
3 2273 2283 2282
3 2269 2284 2283
3 2282 2283 2284
3 2268 2284 2286
3 2269 2285 2284
3 2275 2286 2285
3 2284 2285 2286
3 2268 2286 2288
3 2275 2287 2286
3 2278 2288 2287
3 2286 2287 2288
3 2268 2288 2280
3 2278 2289 2288
3 2279 2280 2289
3 2288 2289 2280
3 2269 2283 2291
3 2273 2290 2283
3 2277 2291 2290
3 2283 2290 2291
3 2273 2281 2293
3 2279 2292 2281
3 2272 2293 2292
3 2281 2292 2293
3 2279 2289 2295
3 2278 2294 2289
3 2270 2295 2294
3 2289 2294 2295
3 2278 2287 2297
3 2275 2296 2287
3 2274 2297 2296
3 2287 2296 2297
3 2275 2285 2299
3 2269 2298 2285
3 2276 2299 2298
3 2285 2298 2299
3 2271 2300 2302
3 2277 2301 2300
3 2272 2302 2301
3 2300 2301 2302
3 2271 2302 2304
3 2272 2303 2302
3 2270 2304 2303
3 2302 2303 2304
3 2271 2304 2306
3 2270 2305 2304
3 2274 2306 2305
3 2304 2305 2306
3 2271 2306 2308
3 2274 2307 2306
3 2276 2308 2307
3 2306 2307 2308
3 2271 2308 2300
3 2276 2309 2308
3 2277 2300 2309
3 2308 2309 2300
3 2272 2301 2293
3 2277 2290 2301
3 2273 2293 2290
3 2301 2290 2293
3 2270 2303 2295
3 2272 2292 2303
3 2279 2295 2292
3 2303 2292 2295
3 2274 2305 2297
3 2270 2294 2305
3 2278 2297 2294
3 2305 2294 2297
3 2276 2307 2299
3 2274 2296 2307
3 2275 2299 2296
3 2307 2296 2299
3 2277 2309 2291
3 2276 2298 2309
3 2269 2291 2298
3 2309 2298 2291
3 2310 2322 2324
3 2321 2323 2322
3 2315 2324 2323
3 2322 2323 2324
3 2310 2324 2326
3 2315 2325 2324
3 2311 2326 2325
3 2324 2325 2326
3 2310 2326 2328
3 2311 2327 2326
3 2317 2328 2327
3 2326 2327 2328
3 2310 2328 2330
3 2317 2329 2328
3 2320 2330 2329
3 2328 2329 2330
3 2310 2330 2322
3 2320 2331 2330
3 2321 2322 2331
3 2330 2331 2322
3 2311 2325 2333
3 2315 2332 2325
3 2319 2333 2332
3 2325 2332 2333
3 2315 2323 2335
3 2321 2334 2323
3 2314 2335 2334
3 2323 2334 2335
3 2321 2331 2337
3 2320 2336 2331
3 2312 2337 2336
3 2331 2336 2337
3 2320 2329 2339
3 2317 2338 2329
3 2316 2339 2338
3 2329 2338 2339
3 2317 2327 2341
3 2311 2340 2327
3 2318 2341 2340
3 2327 2340 2341
3 2313 2342 2344
3 2319 2343 2342
3 2314 2344 2343
3 2342 2343 2344
3 2313 2344 2346
3 2314 2345 2344
3 2312 2346 2345
3 2344 2345 2346
3 2313 2346 2348
3 2312 2347 2346
3 2316 2348 2347
3 2346 2347 2348
3 2313 2348 2350
3 2316 2349 2348
3 2318 2350 2349
3 2348 2349 2350
3 2313 2350 2342
3 2318 2351 2350
3 2319 2342 2351
3 2350 2351 2342
3 2314 2343 2335
3 2319 2332 2343
3 2315 2335 2332
3 2343 2332 2335
3 2312 2345 2337
3 2314 2334 2345
3 2321 2337 2334
3 2345 2334 2337
3 2316 2347 2339
3 2312 2336 2347
3 2320 2339 2336
3 2347 2336 2339
3 2318 2349 2341
3 2316 2338 2349
3 2317 2341 2338
3 2349 2338 2341
3 2319 2351 2333
3 2318 2340 2351
3 2311 2333 2340
3 2351 2340 2333
3 2352 2364 2366
3 2363 2365 2364
3 2357 2366 2365
3 2364 2365 2366
3 2352 2366 2368
3 2357 2367 2366
3 2353 2368 2367
3 2366 2367 2368
3 2352 2368 2370
3 2353 2369 2368
3 2359 2370 2369
3 2368 2369 2370
3 2352 2370 2372
3 2359 2371 2370
3 2362 2372 2371
3 2370 2371 2372
3 2352 2372 2364
3 2362 2373 2372
3 2363 2364 2373
3 2372 2373 2364
3 2353 2367 2375
3 2357 2374 2367
3 2361 2375 2374
3 2367 2374 2375
3 2357 2365 2377
3 2363 2376 2365
3 2356 2377 2376
3 2365 2376 2377
3 2363 2373 2379
3 2362 2378 2373
3 2354 2379 2378
3 2373 2378 2379
3 2362 2371 2381
3 2359 2380 2371
3 2358 2381 2380
3 2371 2380 2381
3 2359 2369 2383
3 2353 2382 2369
3 2360 2383 2382
3 2369 2382 2383
3 2355 2384 2386
3 2361 2385 2384
3 2356 2386 2385
3 2384 2385 2386
3 2355 2386 2388
3 2356 2387 2386
3 2354 2388 2387
3 2386 2387 2388
3 2355 2388 2390
3 2354 2389 2388
3 2358 2390 2389
3 2388 2389 2390
3 2355 2390 2392
3 2358 2391 2390
3 2360 2392 2391
3 2390 2391 2392
3 2355 2392 2384
3 2360 2393 2392
3 2361 2384 2393
3 2392 2393 2384
3 2356 2385 2377
3 2361 2374 2385
3 2357 2377 2374
3 2385 2374 2377
3 2354 2387 2379
3 2356 2376 2387
3 2363 2379 2376
3 2387 2376 2379
3 2358 2389 2381
3 2354 2378 2389
3 2362 2381 2378
3 2389 2378 2381
3 2360 2391 2383
3 2358 2380 2391
3 2359 2383 2380
3 2391 2380 2383
3 2361 2393 2375
3 2360 2382 2393
3 2353 2375 2382
3 2393 2382 2375
3 2394 2406 2408
3 2405 2407 2406
3 2399 2408 2407
3 2406 2407 2408
3 2394 2408 2410
3 2399 2409 2408
3 2395 2410 2409
3 2408 2409 2410
3 2394 2410 2412
3 2395 2411 2410
3 2401 2412 2411
3 2410 2411 2412
3 2394 2412 2414
3 2401 2413 2412
3 2404 2414 2413
3 2412 2413 2414
3 2394 2414 2406
3 2404 2415 2414
3 2405 2406 2415
3 2414 2415 2406
3 2395 2409 2417
3 2399 2416 2409
3 2403 2417 2416
3 2409 2416 2417
3 2399 2407 2419
3 2405 2418 2407
3 2398 2419 2418
3 2407 2418 2419
3 2405 2415 2421
3 2404 2420 2415
3 2396 2421 2420
3 2415 2420 2421
3 2404 2413 2423
3 2401 2422 2413
3 2400 2423 2422
3 2413 2422 2423
3 2401 2411 2425
3 2395 2424 2411
3 2402 2425 2424
3 2411 2424 2425
3 2397 2426 2428
3 2403 2427 2426
3 2398 2428 2427
3 2426 2427 2428
3 2397 2428 2430
3 2398 2429 2428
3 2396 2430 2429
3 2428 2429 2430
3 2397 2430 2432
3 2396 2431 2430
3 2400 2432 2431
3 2430 2431 2432
3 2397 2432 2434
3 2400 2433 2432
3 2402 2434 2433
3 2432 2433 2434
3 2397 2434 2426
3 2402 2435 2434
3 2403 2426 2435
3 2434 2435 2426
3 2398 2427 2419
3 2403 2416 2427
3 2399 2419 2416
3 2427 2416 2419
3 2396 2429 2421
3 2398 2418 2429
3 2405 2421 2418
3 2429 2418 2421
3 2400 2431 2423
3 2396 2420 2431
3 2404 2423 2420
3 2431 2420 2423
3 2402 2433 2425
3 2400 2422 2433
3 2401 2425 2422
3 2433 2422 2425
3 2403 2435 2417
3 2402 2424 2435
3 2395 2417 2424
3 2435 2424 2417
3 2436 2448 2450
3 2447 2449 2448
3 2441 2450 2449
3 2448 2449 2450
3 2436 2450 2452
3 2441 2451 2450
3 2437 2452 2451
3 2450 2451 2452
3 2436 2452 2454
3 2437 2453 2452
3 2443 2454 2453
3 2452 2453 2454
3 2436 2454 2456
3 2443 2455 2454
3 2446 2456 2455
3 2454 2455 2456
3 2436 2456 2448
3 2446 2457 2456
3 2447 2448 2457
3 2456 2457 2448
3 2437 2451 2459
3 2441 2458 2451
3 2445 2459 2458
3 2451 2458 2459
3 2441 2449 2461
3 2447 2460 2449
3 2440 2461 2460
3 2449 2460 2461
3 2447 2457 2463
3 2446 2462 2457
3 2438 2463 2462
3 2457 2462 2463
3 2446 2455 2465
3 2443 2464 2455
3 2442 2465 2464
3 2455 2464 2465
3 2443 2453 2467
3 2437 2466 2453
3 2444 2467 2466
3 2453 2466 2467
3 2439 2468 2470
3 2445 2469 2468
3 2440 2470 2469
3 2468 2469 2470
3 2439 2470 2472
3 2440 2471 2470
3 2438 2472 2471
3 2470 2471 2472
3 2439 2472 2474
3 2438 2473 2472
3 2442 2474 2473
3 2472 2473 2474
3 2439 2474 2476
3 2442 2475 2474
3 2444 2476 2475
3 2474 2475 2476
3 2439 2476 2468
3 2444 2477 2476
3 2445 2468 2477
3 2476 2477 2468
3 2440 2469 2461
3 2445 2458 2469
3 2441 2461 2458
3 2469 2458 2461
3 2438 2471 2463
3 2440 2460 2471
3 2447 2463 2460
3 2471 2460 2463
3 2442 2473 2465
3 2438 2462 2473
3 2446 2465 2462
3 2473 2462 2465
3 2444 2475 2467
3 2442 2464 2475
3 2443 2467 2464
3 2475 2464 2467
3 2445 2477 2459
3 2444 2466 2477
3 2437 2459 2466
3 2477 2466 2459
3 2478 2490 2492
3 2489 2491 2490
3 2483 2492 2491
3 2490 2491 2492
3 2478 2492 2494
3 2483 2493 2492
3 2479 2494 2493
3 2492 2493 2494
3 2478 2494 2496
3 2479 2495 2494
3 2485 2496 2495
3 2494 2495 2496
3 2478 2496 2498
3 2485 2497 2496
3 2488 2498 2497
3 2496 2497 2498
3 2478 2498 2490
3 2488 2499 2498
3 2489 2490 2499
3 2498 2499 2490
3 2479 2493 2501
3 2483 2500 2493
3 2487 2501 2500
3 2493 2500 2501
3 2483 2491 2503
3 2489 2502 2491
3 2482 2503 2502
3 2491 2502 2503
3 2489 2499 2505
3 2488 2504 2499
3 2480 2505 2504
3 2499 2504 2505
3 2488 2497 2507
3 2485 2506 2497
3 2484 2507 2506
3 2497 2506 2507
3 2485 2495 2509
3 2479 2508 2495
3 2486 2509 2508
3 2495 2508 2509
3 2481 2510 2512
3 2487 2511 2510
3 2482 2512 2511
3 2510 2511 2512
3 2481 2512 2514
3 2482 2513 2512
3 2480 2514 2513
3 2512 2513 2514
3 2481 2514 2516
3 2480 2515 2514
3 2484 2516 2515
3 2514 2515 2516
3 2481 2516 2518
3 2484 2517 2516
3 2486 2518 2517
3 2516 2517 2518
3 2481 2518 2510
3 2486 2519 2518
3 2487 2510 2519
3 2518 2519 2510
3 2482 2511 2503
3 2487 2500 2511
3 2483 2503 2500
3 2511 2500 2503
3 2480 2513 2505
3 2482 2502 2513
3 2489 2505 2502
3 2513 2502 2505
3 2484 2515 2507
3 2480 2504 2515
3 2488 2507 2504
3 2515 2504 2507
3 2486 2517 2509
3 2484 2506 2517
3 2485 2509 2506
3 2517 2506 2509
3 2487 2519 2501
3 2486 2508 2519
3 2479 2501 2508
3 2519 2508 2501
3 2520 2532 2534
3 2531 2533 2532
3 2525 2534 2533
3 2532 2533 2534
3 2520 2534 2536
3 2525 2535 2534
3 2521 2536 2535
3 2534 2535 2536
3 2520 2536 2538
3 2521 2537 2536
3 2527 2538 2537
3 2536 2537 2538
3 2520 2538 2540
3 2527 2539 2538
3 2530 2540 2539
3 2538 2539 2540
3 2520 2540 2532
3 2530 2541 2540
3 2531 2532 2541
3 2540 2541 2532
3 2521 2535 2543
3 2525 2542 2535
3 2529 2543 2542
3 2535 2542 2543
3 2525 2533 2545
3 2531 2544 2533
3 2524 2545 2544
3 2533 2544 2545
3 2531 2541 2547
3 2530 2546 2541
3 2522 2547 2546
3 2541 2546 2547
3 2530 2539 2549
3 2527 2548 2539
3 2526 2549 2548
3 2539 2548 2549
3 2527 2537 2551
3 2521 2550 2537
3 2528 2551 2550
3 2537 2550 2551
3 2523 2552 2554
3 2529 2553 2552
3 2524 2554 2553
3 2552 2553 2554
3 2523 2554 2556
3 2524 2555 2554
3 2522 2556 2555
3 2554 2555 2556
3 2523 2556 2558
3 2522 2557 2556
3 2526 2558 2557
3 2556 2557 2558
3 2523 2558 2560
3 2526 2559 2558
3 2528 2560 2559
3 2558 2559 2560
3 2523 2560 2552
3 2528 2561 2560
3 2529 2552 2561
3 2560 2561 2552
3 2524 2553 2545
3 2529 2542 2553
3 2525 2545 2542
3 2553 2542 2545
3 2522 2555 2547
3 2524 2544 2555
3 2531 2547 2544
3 2555 2544 2547
3 2526 2557 2549
3 2522 2546 2557
3 2530 2549 2546
3 2557 2546 2549
3 2528 2559 2551
3 2526 2548 2559
3 2527 2551 2548
3 2559 2548 2551
3 2529 2561 2543
3 2528 2550 2561
3 2521 2543 2550
3 2561 2550 2543
3 2562 2574 2576
3 2573 2575 2574
3 2567 2576 2575
3 2574 2575 2576
3 2562 2576 2578
3 2567 2577 2576
3 2563 2578 2577
3 2576 2577 2578
3 2562 2578 2580
3 2563 2579 2578
3 2569 2580 2579
3 2578 2579 2580
3 2562 2580 2582
3 2569 2581 2580
3 2572 2582 2581
3 2580 2581 2582
3 2562 2582 2574
3 2572 2583 2582
3 2573 2574 2583
3 2582 2583 2574
3 2563 2577 2585
3 2567 2584 2577
3 2571 2585 2584
3 2577 2584 2585
3 2567 2575 2587
3 2573 2586 2575
3 2566 2587 2586
3 2575 2586 2587
3 2573 2583 2589
3 2572 2588 2583
3 2564 2589 2588
3 2583 2588 2589
3 2572 2581 2591
3 2569 2590 2581
3 2568 2591 2590
3 2581 2590 2591
3 2569 2579 2593
3 2563 2592 2579
3 2570 2593 2592
3 2579 2592 2593
3 2565 2594 2596
3 2571 2595 2594
3 2566 2596 2595
3 2594 2595 2596
3 2565 2596 2598
3 2566 2597 2596
3 2564 2598 2597
3 2596 2597 2598
3 2565 2598 2600
3 2564 2599 2598
3 2568 2600 2599
3 2598 2599 2600
3 2565 2600 2602
3 2568 2601 2600
3 2570 2602 2601
3 2600 2601 2602
3 2565 2602 2594
3 2570 2603 2602
3 2571 2594 2603
3 2602 2603 2594
3 2566 2595 2587
3 2571 2584 2595
3 2567 2587 2584
3 2595 2584 2587
3 2564 2597 2589
3 2566 2586 2597
3 2573 2589 2586
3 2597 2586 2589
3 2568 2599 2591
3 2564 2588 2599
3 2572 2591 2588
3 2599 2588 2591
3 2570 2601 2593
3 2568 2590 2601
3 2569 2593 2590
3 2601 2590 2593
3 2571 2603 2585
3 2570 2592 2603
3 2563 2585 2592
3 2603 2592 2585
3 2604 2616 2618
3 2615 2617 2616
3 2609 2618 2617
3 2616 2617 2618
3 2604 2618 2620
3 2609 2619 2618
3 2605 2620 2619
3 2618 2619 2620
3 2604 2620 2622
3 2605 2621 2620
3 2611 2622 2621
3 2620 2621 2622
3 2604 2622 2624
3 2611 2623 2622
3 2614 2624 2623
3 2622 2623 2624
3 2604 2624 2616
3 2614 2625 2624
3 2615 2616 2625
3 2624 2625 2616
3 2605 2619 2627
3 2609 2626 2619
3 2613 2627 2626
3 2619 2626 2627
3 2609 2617 2629
3 2615 2628 2617
3 2608 2629 2628
3 2617 2628 2629
3 2615 2625 2631
3 2614 2630 2625
3 2606 2631 2630
3 2625 2630 2631
3 2614 2623 2633
3 2611 2632 2623
3 2610 2633 2632
3 2623 2632 2633
3 2611 2621 2635
3 2605 2634 2621
3 2612 2635 2634
3 2621 2634 2635
3 2607 2636 2638
3 2613 2637 2636
3 2608 2638 2637
3 2636 2637 2638
3 2607 2638 2640
3 2608 2639 2638
3 2606 2640 2639
3 2638 2639 2640
3 2607 2640 2642
3 2606 2641 2640
3 2610 2642 2641
3 2640 2641 2642
3 2607 2642 2644
3 2610 2643 2642
3 2612 2644 2643
3 2642 2643 2644
3 2607 2644 2636
3 2612 2645 2644
3 2613 2636 2645
3 2644 2645 2636
3 2608 2637 2629
3 2613 2626 2637
3 2609 2629 2626
3 2637 2626 2629
3 2606 2639 2631
3 2608 2628 2639
3 2615 2631 2628
3 2639 2628 2631
3 2610 2641 2633
3 2606 2630 2641
3 2614 2633 2630
3 2641 2630 2633
3 2612 2643 2635
3 2610 2632 2643
3 2611 2635 2632
3 2643 2632 2635
3 2613 2645 2627
3 2612 2634 2645
3 2605 2627 2634
3 2645 2634 2627
3 2646 2658 2660
3 2657 2659 2658
3 2651 2660 2659
3 2658 2659 2660
3 2646 2660 2662
3 2651 2661 2660
3 2647 2662 2661
3 2660 2661 2662
3 2646 2662 2664
3 2647 2663 2662
3 2653 2664 2663
3 2662 2663 2664
3 2646 2664 2666
3 2653 2665 2664
3 2656 2666 2665
3 2664 2665 2666
3 2646 2666 2658
3 2656 2667 2666
3 2657 2658 2667
3 2666 2667 2658
3 2647 2661 2669
3 2651 2668 2661
3 2655 2669 2668
3 2661 2668 2669
3 2651 2659 2671
3 2657 2670 2659
3 2650 2671 2670
3 2659 2670 2671
3 2657 2667 2673
3 2656 2672 2667
3 2648 2673 2672
3 2667 2672 2673
3 2656 2665 2675
3 2653 2674 2665
3 2652 2675 2674
3 2665 2674 2675
3 2653 2663 2677
3 2647 2676 2663
3 2654 2677 2676
3 2663 2676 2677
3 2649 2678 2680
3 2655 2679 2678
3 2650 2680 2679
3 2678 2679 2680
3 2649 2680 2682
3 2650 2681 2680
3 2648 2682 2681
3 2680 2681 2682
3 2649 2682 2684
3 2648 2683 2682
3 2652 2684 2683
3 2682 2683 2684
3 2649 2684 2686
3 2652 2685 2684
3 2654 2686 2685
3 2684 2685 2686
3 2649 2686 2678
3 2654 2687 2686
3 2655 2678 2687
3 2686 2687 2678
3 2650 2679 2671
3 2655 2668 2679
3 2651 2671 2668
3 2679 2668 2671
3 2648 2681 2673
3 2650 2670 2681
3 2657 2673 2670
3 2681 2670 2673
3 2652 2683 2675
3 2648 2672 2683
3 2656 2675 2672
3 2683 2672 2675
3 2654 2685 2677
3 2652 2674 2685
3 2653 2677 2674
3 2685 2674 2677
3 2655 2687 2669
3 2654 2676 2687
3 2647 2669 2676
3 2687 2676 2669
3 2688 2700 2702
3 2699 2701 2700
3 2693 2702 2701
3 2700 2701 2702
3 2688 2702 2704
3 2693 2703 2702
3 2689 2704 2703
3 2702 2703 2704
3 2688 2704 2706
3 2689 2705 2704
3 2695 2706 2705
3 2704 2705 2706
3 2688 2706 2708
3 2695 2707 2706
3 2698 2708 2707
3 2706 2707 2708
3 2688 2708 2700
3 2698 2709 2708
3 2699 2700 2709
3 2708 2709 2700
3 2689 2703 2711
3 2693 2710 2703
3 2697 2711 2710
3 2703 2710 2711
3 2693 2701 2713
3 2699 2712 2701
3 2692 2713 2712
3 2701 2712 2713
3 2699 2709 2715
3 2698 2714 2709
3 2690 2715 2714
3 2709 2714 2715
3 2698 2707 2717
3 2695 2716 2707
3 2694 2717 2716
3 2707 2716 2717
3 2695 2705 2719
3 2689 2718 2705
3 2696 2719 2718
3 2705 2718 2719
3 2691 2720 2722
3 2697 2721 2720
3 2692 2722 2721
3 2720 2721 2722
3 2691 2722 2724
3 2692 2723 2722
3 2690 2724 2723
3 2722 2723 2724
3 2691 2724 2726
3 2690 2725 2724
3 2694 2726 2725
3 2724 2725 2726
3 2691 2726 2728
3 2694 2727 2726
3 2696 2728 2727
3 2726 2727 2728
3 2691 2728 2720
3 2696 2729 2728
3 2697 2720 2729
3 2728 2729 2720
3 2692 2721 2713
3 2697 2710 2721
3 2693 2713 2710
3 2721 2710 2713
3 2690 2723 2715
3 2692 2712 2723
3 2699 2715 2712
3 2723 2712 2715
3 2694 2725 2717
3 2690 2714 2725
3 2698 2717 2714
3 2725 2714 2717
3 2696 2727 2719
3 2694 2716 2727
3 2695 2719 2716
3 2727 2716 2719
3 2697 2729 2711
3 2696 2718 2729
3 2689 2711 2718
3 2729 2718 2711
3 2730 2742 2744
3 2741 2743 2742
3 2735 2744 2743
3 2742 2743 2744
3 2730 2744 2746
3 2735 2745 2744
3 2731 2746 2745
3 2744 2745 2746
3 2730 2746 2748
3 2731 2747 2746
3 2737 2748 2747
3 2746 2747 2748
3 2730 2748 2750
3 2737 2749 2748
3 2740 2750 2749
3 2748 2749 2750
3 2730 2750 2742
3 2740 2751 2750
3 2741 2742 2751
3 2750 2751 2742
3 2731 2745 2753
3 2735 2752 2745
3 2739 2753 2752
3 2745 2752 2753
3 2735 2743 2755
3 2741 2754 2743
3 2734 2755 2754
3 2743 2754 2755
3 2741 2751 2757
3 2740 2756 2751
3 2732 2757 2756
3 2751 2756 2757
3 2740 2749 2759
3 2737 2758 2749
3 2736 2759 2758
3 2749 2758 2759
3 2737 2747 2761
3 2731 2760 2747
3 2738 2761 2760
3 2747 2760 2761
3 2733 2762 2764
3 2739 2763 2762
3 2734 2764 2763
3 2762 2763 2764
3 2733 2764 2766
3 2734 2765 2764
3 2732 2766 2765
3 2764 2765 2766
3 2733 2766 2768
3 2732 2767 2766
3 2736 2768 2767
3 2766 2767 2768
3 2733 2768 2770
3 2736 2769 2768
3 2738 2770 2769
3 2768 2769 2770
3 2733 2770 2762
3 2738 2771 2770
3 2739 2762 2771
3 2770 2771 2762
3 2734 2763 2755
3 2739 2752 2763
3 2735 2755 2752
3 2763 2752 2755
3 2732 2765 2757
3 2734 2754 2765
3 2741 2757 2754
3 2765 2754 2757
3 2736 2767 2759
3 2732 2756 2767
3 2740 2759 2756
3 2767 2756 2759
3 2738 2769 2761
3 2736 2758 2769
3 2737 2761 2758
3 2769 2758 2761
3 2739 2771 2753
3 2738 2760 2771
3 2731 2753 2760
3 2771 2760 2753
3 2772 2784 2786
3 2783 2785 2784
3 2777 2786 2785
3 2784 2785 2786
3 2772 2786 2788
3 2777 2787 2786
3 2773 2788 2787
3 2786 2787 2788
3 2772 2788 2790
3 2773 2789 2788
3 2779 2790 2789
3 2788 2789 2790
3 2772 2790 2792
3 2779 2791 2790
3 2782 2792 2791
3 2790 2791 2792
3 2772 2792 2784
3 2782 2793 2792
3 2783 2784 2793
3 2792 2793 2784
3 2773 2787 2795
3 2777 2794 2787
3 2781 2795 2794
3 2787 2794 2795
3 2777 2785 2797
3 2783 2796 2785
3 2776 2797 2796
3 2785 2796 2797
3 2783 2793 2799
3 2782 2798 2793
3 2774 2799 2798
3 2793 2798 2799
3 2782 2791 2801
3 2779 2800 2791
3 2778 2801 2800
3 2791 2800 2801
3 2779 2789 2803
3 2773 2802 2789
3 2780 2803 2802
3 2789 2802 2803
3 2775 2804 2806
3 2781 2805 2804
3 2776 2806 2805
3 2804 2805 2806
3 2775 2806 2808
3 2776 2807 2806
3 2774 2808 2807
3 2806 2807 2808
3 2775 2808 2810
3 2774 2809 2808
3 2778 2810 2809
3 2808 2809 2810
3 2775 2810 2812
3 2778 2811 2810
3 2780 2812 2811
3 2810 2811 2812
3 2775 2812 2804
3 2780 2813 2812
3 2781 2804 2813
3 2812 2813 2804
3 2776 2805 2797
3 2781 2794 2805
3 2777 2797 2794
3 2805 2794 2797
3 2774 2807 2799
3 2776 2796 2807
3 2783 2799 2796
3 2807 2796 2799
3 2778 2809 2801
3 2774 2798 2809
3 2782 2801 2798
3 2809 2798 2801
3 2780 2811 2803
3 2778 2800 2811
3 2779 2803 2800
3 2811 2800 2803
3 2781 2813 2795
3 2780 2802 2813
3 2773 2795 2802
3 2813 2802 2795
3 2814 2826 2828
3 2825 2827 2826
3 2819 2828 2827
3 2826 2827 2828
3 2814 2828 2830
3 2819 2829 2828
3 2815 2830 2829
3 2828 2829 2830
3 2814 2830 2832
3 2815 2831 2830
3 2821 2832 2831
3 2830 2831 2832
3 2814 2832 2834
3 2821 2833 2832
3 2824 2834 2833
3 2832 2833 2834
3 2814 2834 2826
3 2824 2835 2834
3 2825 2826 2835
3 2834 2835 2826
3 2815 2829 2837
3 2819 2836 2829
3 2823 2837 2836
3 2829 2836 2837
3 2819 2827 2839
3 2825 2838 2827
3 2818 2839 2838
3 2827 2838 2839
3 2825 2835 2841
3 2824 2840 2835
3 2816 2841 2840
3 2835 2840 2841
3 2824 2833 2843
3 2821 2842 2833
3 2820 2843 2842
3 2833 2842 2843
3 2821 2831 2845
3 2815 2844 2831
3 2822 2845 2844
3 2831 2844 2845
3 2817 2846 2848
3 2823 2847 2846
3 2818 2848 2847
3 2846 2847 2848
3 2817 2848 2850
3 2818 2849 2848
3 2816 2850 2849
3 2848 2849 2850
3 2817 2850 2852
3 2816 2851 2850
3 2820 2852 2851
3 2850 2851 2852
3 2817 2852 2854
3 2820 2853 2852
3 2822 2854 2853
3 2852 2853 2854
3 2817 2854 2846
3 2822 2855 2854
3 2823 2846 2855
3 2854 2855 2846
3 2818 2847 2839
3 2823 2836 2847
3 2819 2839 2836
3 2847 2836 2839
3 2816 2849 2841
3 2818 2838 2849
3 2825 2841 2838
3 2849 2838 2841
3 2820 2851 2843
3 2816 2840 2851
3 2824 2843 2840
3 2851 2840 2843
3 2822 2853 2845
3 2820 2842 2853
3 2821 2845 2842
3 2853 2842 2845
3 2823 2855 2837
3 2822 2844 2855
3 2815 2837 2844
3 2855 2844 2837
3 2856 2868 2870
3 2867 2869 2868
3 2861 2870 2869
3 2868 2869 2870
3 2856 2870 2872
3 2861 2871 2870
3 2857 2872 2871
3 2870 2871 2872
3 2856 2872 2874
3 2857 2873 2872
3 2863 2874 2873
3 2872 2873 2874
3 2856 2874 2876
3 2863 2875 2874
3 2866 2876 2875
3 2874 2875 2876
3 2856 2876 2868
3 2866 2877 2876
3 2867 2868 2877
3 2876 2877 2868
3 2857 2871 2879
3 2861 2878 2871
3 2865 2879 2878
3 2871 2878 2879
3 2861 2869 2881
3 2867 2880 2869
3 2860 2881 2880
3 2869 2880 2881
3 2867 2877 2883
3 2866 2882 2877
3 2858 2883 2882
3 2877 2882 2883
3 2866 2875 2885
3 2863 2884 2875
3 2862 2885 2884
3 2875 2884 2885
3 2863 2873 2887
3 2857 2886 2873
3 2864 2887 2886
3 2873 2886 2887
3 2859 2888 2890
3 2865 2889 2888
3 2860 2890 2889
3 2888 2889 2890
3 2859 2890 2892
3 2860 2891 2890
3 2858 2892 2891
3 2890 2891 2892
3 2859 2892 2894
3 2858 2893 2892
3 2862 2894 2893
3 2892 2893 2894
3 2859 2894 2896
3 2862 2895 2894
3 2864 2896 2895
3 2894 2895 2896
3 2859 2896 2888
3 2864 2897 2896
3 2865 2888 2897
3 2896 2897 2888
3 2860 2889 2881
3 2865 2878 2889
3 2861 2881 2878
3 2889 2878 2881
3 2858 2891 2883
3 2860 2880 2891
3 2867 2883 2880
3 2891 2880 2883
3 2862 2893 2885
3 2858 2882 2893
3 2866 2885 2882
3 2893 2882 2885
3 2864 2895 2887
3 2862 2884 2895
3 2863 2887 2884
3 2895 2884 2887
3 2865 2897 2879
3 2864 2886 2897
3 2857 2879 2886
3 2897 2886 2879
3 2898 2910 2912
3 2909 2911 2910
3 2903 2912 2911
3 2910 2911 2912
3 2898 2912 2914
3 2903 2913 2912
3 2899 2914 2913
3 2912 2913 2914
3 2898 2914 2916
3 2899 2915 2914
3 2905 2916 2915
3 2914 2915 2916
3 2898 2916 2918
3 2905 2917 2916
3 2908 2918 2917
3 2916 2917 2918
3 2898 2918 2910
3 2908 2919 2918
3 2909 2910 2919
3 2918 2919 2910
3 2899 2913 2921
3 2903 2920 2913
3 2907 2921 2920
3 2913 2920 2921
3 2903 2911 2923
3 2909 2922 2911
3 2902 2923 2922
3 2911 2922 2923
3 2909 2919 2925
3 2908 2924 2919
3 2900 2925 2924
3 2919 2924 2925
3 2908 2917 2927
3 2905 2926 2917
3 2904 2927 2926
3 2917 2926 2927
3 2905 2915 2929
3 2899 2928 2915
3 2906 2929 2928
3 2915 2928 2929
3 2901 2930 2932
3 2907 2931 2930
3 2902 2932 2931
3 2930 2931 2932
3 2901 2932 2934
3 2902 2933 2932
3 2900 2934 2933
3 2932 2933 2934
3 2901 2934 2936
3 2900 2935 2934
3 2904 2936 2935
3 2934 2935 2936
3 2901 2936 2938
3 2904 2937 2936
3 2906 2938 2937
3 2936 2937 2938
3 2901 2938 2930
3 2906 2939 2938
3 2907 2930 2939
3 2938 2939 2930
3 2902 2931 2923
3 2907 2920 2931
3 2903 2923 2920
3 2931 2920 2923
3 2900 2933 2925
3 2902 2922 2933
3 2909 2925 2922
3 2933 2922 2925
3 2904 2935 2927
3 2900 2924 2935
3 2908 2927 2924
3 2935 2924 2927
3 2906 2937 2929
3 2904 2926 2937
3 2905 2929 2926
3 2937 2926 2929
3 2907 2939 2921
3 2906 2928 2939
3 2899 2921 2928
3 2939 2928 2921
3 2940 2952 2954
3 2951 2953 2952
3 2945 2954 2953
3 2952 2953 2954
3 2940 2954 2956
3 2945 2955 2954
3 2941 2956 2955
3 2954 2955 2956
3 2940 2956 2958
3 2941 2957 2956
3 2947 2958 2957
3 2956 2957 2958
3 2940 2958 2960
3 2947 2959 2958
3 2950 2960 2959
3 2958 2959 2960
3 2940 2960 2952
3 2950 2961 2960
3 2951 2952 2961
3 2960 2961 2952
3 2941 2955 2963
3 2945 2962 2955
3 2949 2963 2962
3 2955 2962 2963
3 2945 2953 2965
3 2951 2964 2953
3 2944 2965 2964
3 2953 2964 2965
3 2951 2961 2967
3 2950 2966 2961
3 2942 2967 2966
3 2961 2966 2967
3 2950 2959 2969
3 2947 2968 2959
3 2946 2969 2968
3 2959 2968 2969
3 2947 2957 2971
3 2941 2970 2957
3 2948 2971 2970
3 2957 2970 2971
3 2943 2972 2974
3 2949 2973 2972
3 2944 2974 2973
3 2972 2973 2974
3 2943 2974 2976
3 2944 2975 2974
3 2942 2976 2975
3 2974 2975 2976
3 2943 2976 2978
3 2942 2977 2976
3 2946 2978 2977
3 2976 2977 2978
3 2943 2978 2980
3 2946 2979 2978
3 2948 2980 2979
3 2978 2979 2980
3 2943 2980 2972
3 2948 2981 2980
3 2949 2972 2981
3 2980 2981 2972
3 2944 2973 2965
3 2949 2962 2973
3 2945 2965 2962
3 2973 2962 2965
3 2942 2975 2967
3 2944 2964 2975
3 2951 2967 2964
3 2975 2964 2967
3 2946 2977 2969
3 2942 2966 2977
3 2950 2969 2966
3 2977 2966 2969
3 2948 2979 2971
3 2946 2968 2979
3 2947 2971 2968
3 2979 2968 2971
3 2949 2981 2963
3 2948 2970 2981
3 2941 2963 2970
3 2981 2970 2963
3 2982 2994 2996
3 2993 2995 2994
3 2987 2996 2995
3 2994 2995 2996
3 2982 2996 2998
3 2987 2997 2996
3 2983 2998 2997
3 2996 2997 2998
3 2982 2998 3000
3 2983 2999 2998
3 2989 3000 2999
3 2998 2999 3000
3 2982 3000 3002
3 2989 3001 3000
3 2992 3002 3001
3 3000 3001 3002
3 2982 3002 2994
3 2992 3003 3002
3 2993 2994 3003
3 3002 3003 2994
3 2983 2997 3005
3 2987 3004 2997
3 2991 3005 3004
3 2997 3004 3005
3 2987 2995 3007
3 2993 3006 2995
3 2986 3007 3006
3 2995 3006 3007
3 2993 3003 3009
3 2992 3008 3003
3 2984 3009 3008
3 3003 3008 3009
3 2992 3001 3011
3 2989 3010 3001
3 2988 3011 3010
3 3001 3010 3011
3 2989 2999 3013
3 2983 3012 2999
3 2990 3013 3012
3 2999 3012 3013
3 2985 3014 3016
3 2991 3015 3014
3 2986 3016 3015
3 3014 3015 3016
3 2985 3016 3018
3 2986 3017 3016
3 2984 3018 3017
3 3016 3017 3018
3 2985 3018 3020
3 2984 3019 3018
3 2988 3020 3019
3 3018 3019 3020
3 2985 3020 3022
3 2988 3021 3020
3 2990 3022 3021
3 3020 3021 3022
3 2985 3022 3014
3 2990 3023 3022
3 2991 3014 3023
3 3022 3023 3014
3 2986 3015 3007
3 2991 3004 3015
3 2987 3007 3004
3 3015 3004 3007
3 2984 3017 3009
3 2986 3006 3017
3 2993 3009 3006
3 3017 3006 3009
3 2988 3019 3011
3 2984 3008 3019
3 2992 3011 3008
3 3019 3008 3011
3 2990 3021 3013
3 2988 3010 3021
3 2989 3013 3010
3 3021 3010 3013
3 2991 3023 3005
3 2990 3012 3023
3 2983 3005 3012
3 3023 3012 3005
3 3024 3036 3038
3 3035 3037 3036
3 3029 3038 3037
3 3036 3037 3038
3 3024 3038 3040
3 3029 3039 3038
3 3025 3040 3039
3 3038 3039 3040
3 3024 3040 3042
3 3025 3041 3040
3 3031 3042 3041
3 3040 3041 3042
3 3024 3042 3044
3 3031 3043 3042
3 3034 3044 3043
3 3042 3043 3044
3 3024 3044 3036
3 3034 3045 3044
3 3035 3036 3045
3 3044 3045 3036
3 3025 3039 3047
3 3029 3046 3039
3 3033 3047 3046
3 3039 3046 3047
3 3029 3037 3049
3 3035 3048 3037
3 3028 3049 3048
3 3037 3048 3049
3 3035 3045 3051
3 3034 3050 3045
3 3026 3051 3050
3 3045 3050 3051
3 3034 3043 3053
3 3031 3052 3043
3 3030 3053 3052
3 3043 3052 3053
3 3031 3041 3055
3 3025 3054 3041
3 3032 3055 3054
3 3041 3054 3055
3 3027 3056 3058
3 3033 3057 3056
3 3028 3058 3057
3 3056 3057 3058
3 3027 3058 3060
3 3028 3059 3058
3 3026 3060 3059
3 3058 3059 3060
3 3027 3060 3062
3 3026 3061 3060
3 3030 3062 3061
3 3060 3061 3062
3 3027 3062 3064
3 3030 3063 3062
3 3032 3064 3063
3 3062 3063 3064
3 3027 3064 3056
3 3032 3065 3064
3 3033 3056 3065
3 3064 3065 3056
3 3028 3057 3049
3 3033 3046 3057
3 3029 3049 3046
3 3057 3046 3049
3 3026 3059 3051
3 3028 3048 3059
3 3035 3051 3048
3 3059 3048 3051
3 3030 3061 3053
3 3026 3050 3061
3 3034 3053 3050
3 3061 3050 3053
3 3032 3063 3055
3 3030 3052 3063
3 3031 3055 3052
3 3063 3052 3055
3 3033 3065 3047
3 3032 3054 3065
3 3025 3047 3054
3 3065 3054 3047
3 3066 3078 3080
3 3077 3079 3078
3 3071 3080 3079
3 3078 3079 3080
3 3066 3080 3082
3 3071 3081 3080
3 3067 3082 3081
3 3080 3081 3082
3 3066 3082 3084
3 3067 3083 3082
3 3073 3084 3083
3 3082 3083 3084
3 3066 3084 3086
3 3073 3085 3084
3 3076 3086 3085
3 3084 3085 3086
3 3066 3086 3078
3 3076 3087 3086
3 3077 3078 3087
3 3086 3087 3078
3 3067 3081 3089
3 3071 3088 3081
3 3075 3089 3088
3 3081 3088 3089
3 3071 3079 3091
3 3077 3090 3079
3 3070 3091 3090
3 3079 3090 3091
3 3077 3087 3093
3 3076 3092 3087
3 3068 3093 3092
3 3087 3092 3093
3 3076 3085 3095
3 3073 3094 3085
3 3072 3095 3094
3 3085 3094 3095
3 3073 3083 3097
3 3067 3096 3083
3 3074 3097 3096
3 3083 3096 3097
3 3069 3098 3100
3 3075 3099 3098
3 3070 3100 3099
3 3098 3099 3100
3 3069 3100 3102
3 3070 3101 3100
3 3068 3102 3101
3 3100 3101 3102
3 3069 3102 3104
3 3068 3103 3102
3 3072 3104 3103
3 3102 3103 3104
3 3069 3104 3106
3 3072 3105 3104
3 3074 3106 3105
3 3104 3105 3106
3 3069 3106 3098
3 3074 3107 3106
3 3075 3098 3107
3 3106 3107 3098
3 3070 3099 3091
3 3075 3088 3099
3 3071 3091 3088
3 3099 3088 3091
3 3068 3101 3093
3 3070 3090 3101
3 3077 3093 3090
3 3101 3090 3093
3 3072 3103 3095
3 3068 3092 3103
3 3076 3095 3092
3 3103 3092 3095
3 3074 3105 3097
3 3072 3094 3105
3 3073 3097 3094
3 3105 3094 3097
3 3075 3107 3089
3 3074 3096 3107
3 3067 3089 3096
3 3107 3096 3089
3 3108 3120 3122
3 3119 3121 3120
3 3113 3122 3121
3 3120 3121 3122
3 3108 3122 3124
3 3113 3123 3122
3 3109 3124 3123
3 3122 3123 3124
3 3108 3124 3126
3 3109 3125 3124
3 3115 3126 3125
3 3124 3125 3126
3 3108 3126 3128
3 3115 3127 3126
3 3118 3128 3127
3 3126 3127 3128
3 3108 3128 3120
3 3118 3129 3128
3 3119 3120 3129
3 3128 3129 3120
3 3109 3123 3131
3 3113 3130 3123
3 3117 3131 3130
3 3123 3130 3131
3 3113 3121 3133
3 3119 3132 3121
3 3112 3133 3132
3 3121 3132 3133
3 3119 3129 3135
3 3118 3134 3129
3 3110 3135 3134
3 3129 3134 3135
3 3118 3127 3137
3 3115 3136 3127
3 3114 3137 3136
3 3127 3136 3137
3 3115 3125 3139
3 3109 3138 3125
3 3116 3139 3138
3 3125 3138 3139
3 3111 3140 3142
3 3117 3141 3140
3 3112 3142 3141
3 3140 3141 3142
3 3111 3142 3144
3 3112 3143 3142
3 3110 3144 3143
3 3142 3143 3144
3 3111 3144 3146
3 3110 3145 3144
3 3114 3146 3145
3 3144 3145 3146
3 3111 3146 3148
3 3114 3147 3146
3 3116 3148 3147
3 3146 3147 3148
3 3111 3148 3140
3 3116 3149 3148
3 3117 3140 3149
3 3148 3149 3140
3 3112 3141 3133
3 3117 3130 3141
3 3113 3133 3130
3 3141 3130 3133
3 3110 3143 3135
3 3112 3132 3143
3 3119 3135 3132
3 3143 3132 3135
3 3114 3145 3137
3 3110 3134 3145
3 3118 3137 3134
3 3145 3134 3137
3 3116 3147 3139
3 3114 3136 3147
3 3115 3139 3136
3 3147 3136 3139
3 3117 3149 3131
3 3116 3138 3149
3 3109 3131 3138
3 3149 3138 3131
3 3150 3162 3164
3 3161 3163 3162
3 3155 3164 3163
3 3162 3163 3164
3 3150 3164 3166
3 3155 3165 3164
3 3151 3166 3165
3 3164 3165 3166
3 3150 3166 3168
3 3151 3167 3166
3 3157 3168 3167
3 3166 3167 3168
3 3150 3168 3170
3 3157 3169 3168
3 3160 3170 3169
3 3168 3169 3170
3 3150 3170 3162
3 3160 3171 3170
3 3161 3162 3171
3 3170 3171 3162
3 3151 3165 3173
3 3155 3172 3165
3 3159 3173 3172
3 3165 3172 3173
3 3155 3163 3175
3 3161 3174 3163
3 3154 3175 3174
3 3163 3174 3175
3 3161 3171 3177
3 3160 3176 3171
3 3152 3177 3176
3 3171 3176 3177
3 3160 3169 3179
3 3157 3178 3169
3 3156 3179 3178
3 3169 3178 3179
3 3157 3167 3181
3 3151 3180 3167
3 3158 3181 3180
3 3167 3180 3181
3 3153 3182 3184
3 3159 3183 3182
3 3154 3184 3183
3 3182 3183 3184
3 3153 3184 3186
3 3154 3185 3184
3 3152 3186 3185
3 3184 3185 3186
3 3153 3186 3188
3 3152 3187 3186
3 3156 3188 3187
3 3186 3187 3188
3 3153 3188 3190
3 3156 3189 3188
3 3158 3190 3189
3 3188 3189 3190
3 3153 3190 3182
3 3158 3191 3190
3 3159 3182 3191
3 3190 3191 3182
3 3154 3183 3175
3 3159 3172 3183
3 3155 3175 3172
3 3183 3172 3175
3 3152 3185 3177
3 3154 3174 3185
3 3161 3177 3174
3 3185 3174 3177
3 3156 3187 3179
3 3152 3176 3187
3 3160 3179 3176
3 3187 3176 3179
3 3158 3189 3181
3 3156 3178 3189
3 3157 3181 3178
3 3189 3178 3181
3 3159 3191 3173
3 3158 3180 3191
3 3151 3173 3180
3 3191 3180 3173
3 3192 3204 3206
3 3203 3205 3204
3 3197 3206 3205
3 3204 3205 3206
3 3192 3206 3208
3 3197 3207 3206
3 3193 3208 3207
3 3206 3207 3208
3 3192 3208 3210
3 3193 3209 3208
3 3199 3210 3209
3 3208 3209 3210
3 3192 3210 3212
3 3199 3211 3210
3 3202 3212 3211
3 3210 3211 3212
3 3192 3212 3204
3 3202 3213 3212
3 3203 3204 3213
3 3212 3213 3204
3 3193 3207 3215
3 3197 3214 3207
3 3201 3215 3214
3 3207 3214 3215
3 3197 3205 3217
3 3203 3216 3205
3 3196 3217 3216
3 3205 3216 3217
3 3203 3213 3219
3 3202 3218 3213
3 3194 3219 3218
3 3213 3218 3219
3 3202 3211 3221
3 3199 3220 3211
3 3198 3221 3220
3 3211 3220 3221
3 3199 3209 3223
3 3193 3222 3209
3 3200 3223 3222
3 3209 3222 3223
3 3195 3224 3226
3 3201 3225 3224
3 3196 3226 3225
3 3224 3225 3226
3 3195 3226 3228
3 3196 3227 3226
3 3194 3228 3227
3 3226 3227 3228
3 3195 3228 3230
3 3194 3229 3228
3 3198 3230 3229
3 3228 3229 3230
3 3195 3230 3232
3 3198 3231 3230
3 3200 3232 3231
3 3230 3231 3232
3 3195 3232 3224
3 3200 3233 3232
3 3201 3224 3233
3 3232 3233 3224
3 3196 3225 3217
3 3201 3214 3225
3 3197 3217 3214
3 3225 3214 3217
3 3194 3227 3219
3 3196 3216 3227
3 3203 3219 3216
3 3227 3216 3219
3 3198 3229 3221
3 3194 3218 3229
3 3202 3221 3218
3 3229 3218 3221
3 3200 3231 3223
3 3198 3220 3231
3 3199 3223 3220
3 3231 3220 3223
3 3201 3233 3215
3 3200 3222 3233
3 3193 3215 3222
3 3233 3222 3215
3 3234 3246 3248
3 3245 3247 3246
3 3239 3248 3247
3 3246 3247 3248
3 3234 3248 3250
3 3239 3249 3248
3 3235 3250 3249
3 3248 3249 3250
3 3234 3250 3252
3 3235 3251 3250
3 3241 3252 3251
3 3250 3251 3252
3 3234 3252 3254
3 3241 3253 3252
3 3244 3254 3253
3 3252 3253 3254
3 3234 3254 3246
3 3244 3255 3254
3 3245 3246 3255
3 3254 3255 3246
3 3235 3249 3257
3 3239 3256 3249
3 3243 3257 3256
3 3249 3256 3257
3 3239 3247 3259
3 3245 3258 3247
3 3238 3259 3258
3 3247 3258 3259
3 3245 3255 3261
3 3244 3260 3255
3 3236 3261 3260
3 3255 3260 3261
3 3244 3253 3263
3 3241 3262 3253
3 3240 3263 3262
3 3253 3262 3263
3 3241 3251 3265
3 3235 3264 3251
3 3242 3265 3264
3 3251 3264 3265
3 3237 3266 3268
3 3243 3267 3266
3 3238 3268 3267
3 3266 3267 3268
3 3237 3268 3270
3 3238 3269 3268
3 3236 3270 3269
3 3268 3269 3270
3 3237 3270 3272
3 3236 3271 3270
3 3240 3272 3271
3 3270 3271 3272
3 3237 3272 3274
3 3240 3273 3272
3 3242 3274 3273
3 3272 3273 3274
3 3237 3274 3266
3 3242 3275 3274
3 3243 3266 3275
3 3274 3275 3266
3 3238 3267 3259
3 3243 3256 3267
3 3239 3259 3256
3 3267 3256 3259
3 3236 3269 3261
3 3238 3258 3269
3 3245 3261 3258
3 3269 3258 3261
3 3240 3271 3263
3 3236 3260 3271
3 3244 3263 3260
3 3271 3260 3263
3 3242 3273 3265
3 3240 3262 3273
3 3241 3265 3262
3 3273 3262 3265
3 3243 3275 3257
3 3242 3264 3275
3 3235 3257 3264
3 3275 3264 3257
3 3276 3288 3290
3 3287 3289 3288
3 3281 3290 3289
3 3288 3289 3290
3 3276 3290 3292
3 3281 3291 3290
3 3277 3292 3291
3 3290 3291 3292
3 3276 3292 3294
3 3277 3293 3292
3 3283 3294 3293
3 3292 3293 3294
3 3276 3294 3296
3 3283 3295 3294
3 3286 3296 3295
3 3294 3295 3296
3 3276 3296 3288
3 3286 3297 3296
3 3287 3288 3297
3 3296 3297 3288
3 3277 3291 3299
3 3281 3298 3291
3 3285 3299 3298
3 3291 3298 3299
3 3281 3289 3301
3 3287 3300 3289
3 3280 3301 3300
3 3289 3300 3301
3 3287 3297 3303
3 3286 3302 3297
3 3278 3303 3302
3 3297 3302 3303
3 3286 3295 3305
3 3283 3304 3295
3 3282 3305 3304
3 3295 3304 3305
3 3283 3293 3307
3 3277 3306 3293
3 3284 3307 3306
3 3293 3306 3307
3 3279 3308 3310
3 3285 3309 3308
3 3280 3310 3309
3 3308 3309 3310
3 3279 3310 3312
3 3280 3311 3310
3 3278 3312 3311
3 3310 3311 3312
3 3279 3312 3314
3 3278 3313 3312
3 3282 3314 3313
3 3312 3313 3314
3 3279 3314 3316
3 3282 3315 3314
3 3284 3316 3315
3 3314 3315 3316
3 3279 3316 3308
3 3284 3317 3316
3 3285 3308 3317
3 3316 3317 3308
3 3280 3309 3301
3 3285 3298 3309
3 3281 3301 3298
3 3309 3298 3301
3 3278 3311 3303
3 3280 3300 3311
3 3287 3303 3300
3 3311 3300 3303
3 3282 3313 3305
3 3278 3302 3313
3 3286 3305 3302
3 3313 3302 3305
3 3284 3315 3307
3 3282 3304 3315
3 3283 3307 3304
3 3315 3304 3307
3 3285 3317 3299
3 3284 3306 3317
3 3277 3299 3306
3 3317 3306 3299
3 3318 3330 3332
3 3329 3331 3330
3 3323 3332 3331
3 3330 3331 3332
3 3318 3332 3334
3 3323 3333 3332
3 3319 3334 3333
3 3332 3333 3334
3 3318 3334 3336
3 3319 3335 3334
3 3325 3336 3335
3 3334 3335 3336
3 3318 3336 3338
3 3325 3337 3336
3 3328 3338 3337
3 3336 3337 3338
3 3318 3338 3330
3 3328 3339 3338
3 3329 3330 3339
3 3338 3339 3330
3 3319 3333 3341
3 3323 3340 3333
3 3327 3341 3340
3 3333 3340 3341
3 3323 3331 3343
3 3329 3342 3331
3 3322 3343 3342
3 3331 3342 3343
3 3329 3339 3345
3 3328 3344 3339
3 3320 3345 3344
3 3339 3344 3345
3 3328 3337 3347
3 3325 3346 3337
3 3324 3347 3346
3 3337 3346 3347
3 3325 3335 3349
3 3319 3348 3335
3 3326 3349 3348
3 3335 3348 3349
3 3321 3350 3352
3 3327 3351 3350
3 3322 3352 3351
3 3350 3351 3352
3 3321 3352 3354
3 3322 3353 3352
3 3320 3354 3353
3 3352 3353 3354
3 3321 3354 3356
3 3320 3355 3354
3 3324 3356 3355
3 3354 3355 3356
3 3321 3356 3358
3 3324 3357 3356
3 3326 3358 3357
3 3356 3357 3358
3 3321 3358 3350
3 3326 3359 3358
3 3327 3350 3359
3 3358 3359 3350
3 3322 3351 3343
3 3327 3340 3351
3 3323 3343 3340
3 3351 3340 3343
3 3320 3353 3345
3 3322 3342 3353
3 3329 3345 3342
3 3353 3342 3345
3 3324 3355 3347
3 3320 3344 3355
3 3328 3347 3344
3 3355 3344 3347
3 3326 3357 3349
3 3324 3346 3357
3 3325 3349 3346
3 3357 3346 3349
3 3327 3359 3341
3 3326 3348 3359
3 3319 3341 3348
3 3359 3348 3341
3 3360 3372 3374
3 3371 3373 3372
3 3365 3374 3373
3 3372 3373 3374
3 3360 3374 3376
3 3365 3375 3374
3 3361 3376 3375
3 3374 3375 3376
3 3360 3376 3378
3 3361 3377 3376
3 3367 3378 3377
3 3376 3377 3378
3 3360 3378 3380
3 3367 3379 3378
3 3370 3380 3379
3 3378 3379 3380
3 3360 3380 3372
3 3370 3381 3380
3 3371 3372 3381
3 3380 3381 3372
3 3361 3375 3383
3 3365 3382 3375
3 3369 3383 3382
3 3375 3382 3383
3 3365 3373 3385
3 3371 3384 3373
3 3364 3385 3384
3 3373 3384 3385
3 3371 3381 3387
3 3370 3386 3381
3 3362 3387 3386
3 3381 3386 3387
3 3370 3379 3389
3 3367 3388 3379
3 3366 3389 3388
3 3379 3388 3389
3 3367 3377 3391
3 3361 3390 3377
3 3368 3391 3390
3 3377 3390 3391
3 3363 3392 3394
3 3369 3393 3392
3 3364 3394 3393
3 3392 3393 3394
3 3363 3394 3396
3 3364 3395 3394
3 3362 3396 3395
3 3394 3395 3396
3 3363 3396 3398
3 3362 3397 3396
3 3366 3398 3397
3 3396 3397 3398
3 3363 3398 3400
3 3366 3399 3398
3 3368 3400 3399
3 3398 3399 3400
3 3363 3400 3392
3 3368 3401 3400
3 3369 3392 3401
3 3400 3401 3392
3 3364 3393 3385
3 3369 3382 3393
3 3365 3385 3382
3 3393 3382 3385
3 3362 3395 3387
3 3364 3384 3395
3 3371 3387 3384
3 3395 3384 3387
3 3366 3397 3389
3 3362 3386 3397
3 3370 3389 3386
3 3397 3386 3389
3 3368 3399 3391
3 3366 3388 3399
3 3367 3391 3388
3 3399 3388 3391
3 3369 3401 3383
3 3368 3390 3401
3 3361 3383 3390
3 3401 3390 3383
3 3402 3414 3416
3 3413 3415 3414
3 3407 3416 3415
3 3414 3415 3416
3 3402 3416 3418
3 3407 3417 3416
3 3403 3418 3417
3 3416 3417 3418
3 3402 3418 3420
3 3403 3419 3418
3 3409 3420 3419
3 3418 3419 3420
3 3402 3420 3422
3 3409 3421 3420
3 3412 3422 3421
3 3420 3421 3422
3 3402 3422 3414
3 3412 3423 3422
3 3413 3414 3423
3 3422 3423 3414
3 3403 3417 3425
3 3407 3424 3417
3 3411 3425 3424
3 3417 3424 3425
3 3407 3415 3427
3 3413 3426 3415
3 3406 3427 3426
3 3415 3426 3427
3 3413 3423 3429
3 3412 3428 3423
3 3404 3429 3428
3 3423 3428 3429
3 3412 3421 3431
3 3409 3430 3421
3 3408 3431 3430
3 3421 3430 3431
3 3409 3419 3433
3 3403 3432 3419
3 3410 3433 3432
3 3419 3432 3433
3 3405 3434 3436
3 3411 3435 3434
3 3406 3436 3435
3 3434 3435 3436
3 3405 3436 3438
3 3406 3437 3436
3 3404 3438 3437
3 3436 3437 3438
3 3405 3438 3440
3 3404 3439 3438
3 3408 3440 3439
3 3438 3439 3440
3 3405 3440 3442
3 3408 3441 3440
3 3410 3442 3441
3 3440 3441 3442
3 3405 3442 3434
3 3410 3443 3442
3 3411 3434 3443
3 3442 3443 3434
3 3406 3435 3427
3 3411 3424 3435
3 3407 3427 3424
3 3435 3424 3427
3 3404 3437 3429
3 3406 3426 3437
3 3413 3429 3426
3 3437 3426 3429
3 3408 3439 3431
3 3404 3428 3439
3 3412 3431 3428
3 3439 3428 3431
3 3410 3441 3433
3 3408 3430 3441
3 3409 3433 3430
3 3441 3430 3433
3 3411 3443 3425
3 3410 3432 3443
3 3403 3425 3432
3 3443 3432 3425
3 3444 3456 3458
3 3455 3457 3456
3 3449 3458 3457
3 3456 3457 3458
3 3444 3458 3460
3 3449 3459 3458
3 3445 3460 3459
3 3458 3459 3460
3 3444 3460 3462
3 3445 3461 3460
3 3451 3462 3461
3 3460 3461 3462
3 3444 3462 3464
3 3451 3463 3462
3 3454 3464 3463
3 3462 3463 3464
3 3444 3464 3456
3 3454 3465 3464
3 3455 3456 3465
3 3464 3465 3456
3 3445 3459 3467
3 3449 3466 3459
3 3453 3467 3466
3 3459 3466 3467
3 3449 3457 3469
3 3455 3468 3457
3 3448 3469 3468
3 3457 3468 3469
3 3455 3465 3471
3 3454 3470 3465
3 3446 3471 3470
3 3465 3470 3471
3 3454 3463 3473
3 3451 3472 3463
3 3450 3473 3472
3 3463 3472 3473
3 3451 3461 3475
3 3445 3474 3461
3 3452 3475 3474
3 3461 3474 3475
3 3447 3476 3478
3 3453 3477 3476
3 3448 3478 3477
3 3476 3477 3478
3 3447 3478 3480
3 3448 3479 3478
3 3446 3480 3479
3 3478 3479 3480
3 3447 3480 3482
3 3446 3481 3480
3 3450 3482 3481
3 3480 3481 3482
3 3447 3482 3484
3 3450 3483 3482
3 3452 3484 3483
3 3482 3483 3484
3 3447 3484 3476
3 3452 3485 3484
3 3453 3476 3485
3 3484 3485 3476
3 3448 3477 3469
3 3453 3466 3477
3 3449 3469 3466
3 3477 3466 3469
3 3446 3479 3471
3 3448 3468 3479
3 3455 3471 3468
3 3479 3468 3471
3 3450 3481 3473
3 3446 3470 3481
3 3454 3473 3470
3 3481 3470 3473
3 3452 3483 3475
3 3450 3472 3483
3 3451 3475 3472
3 3483 3472 3475
3 3453 3485 3467
3 3452 3474 3485
3 3445 3467 3474
3 3485 3474 3467
3 3486 3498 3500
3 3497 3499 3498
3 3491 3500 3499
3 3498 3499 3500
3 3486 3500 3502
3 3491 3501 3500
3 3487 3502 3501
3 3500 3501 3502
3 3486 3502 3504
3 3487 3503 3502
3 3493 3504 3503
3 3502 3503 3504
3 3486 3504 3506
3 3493 3505 3504
3 3496 3506 3505
3 3504 3505 3506
3 3486 3506 3498
3 3496 3507 3506
3 3497 3498 3507
3 3506 3507 3498
3 3487 3501 3509
3 3491 3508 3501
3 3495 3509 3508
3 3501 3508 3509
3 3491 3499 3511
3 3497 3510 3499
3 3490 3511 3510
3 3499 3510 3511
3 3497 3507 3513
3 3496 3512 3507
3 3488 3513 3512
3 3507 3512 3513
3 3496 3505 3515
3 3493 3514 3505
3 3492 3515 3514
3 3505 3514 3515
3 3493 3503 3517
3 3487 3516 3503
3 3494 3517 3516
3 3503 3516 3517
3 3489 3518 3520
3 3495 3519 3518
3 3490 3520 3519
3 3518 3519 3520
3 3489 3520 3522
3 3490 3521 3520
3 3488 3522 3521
3 3520 3521 3522
3 3489 3522 3524
3 3488 3523 3522
3 3492 3524 3523
3 3522 3523 3524
3 3489 3524 3526
3 3492 3525 3524
3 3494 3526 3525
3 3524 3525 3526
3 3489 3526 3518
3 3494 3527 3526
3 3495 3518 3527
3 3526 3527 3518
3 3490 3519 3511
3 3495 3508 3519
3 3491 3511 3508
3 3519 3508 3511
3 3488 3521 3513
3 3490 3510 3521
3 3497 3513 3510
3 3521 3510 3513
3 3492 3523 3515
3 3488 3512 3523
3 3496 3515 3512
3 3523 3512 3515
3 3494 3525 3517
3 3492 3514 3525
3 3493 3517 3514
3 3525 3514 3517
3 3495 3527 3509
3 3494 3516 3527
3 3487 3509 3516
3 3527 3516 3509
3 3528 3540 3542
3 3539 3541 3540
3 3533 3542 3541
3 3540 3541 3542
3 3528 3542 3544
3 3533 3543 3542
3 3529 3544 3543
3 3542 3543 3544
3 3528 3544 3546
3 3529 3545 3544
3 3535 3546 3545
3 3544 3545 3546
3 3528 3546 3548
3 3535 3547 3546
3 3538 3548 3547
3 3546 3547 3548
3 3528 3548 3540
3 3538 3549 3548
3 3539 3540 3549
3 3548 3549 3540
3 3529 3543 3551
3 3533 3550 3543
3 3537 3551 3550
3 3543 3550 3551
3 3533 3541 3553
3 3539 3552 3541
3 3532 3553 3552
3 3541 3552 3553
3 3539 3549 3555
3 3538 3554 3549
3 3530 3555 3554
3 3549 3554 3555
3 3538 3547 3557
3 3535 3556 3547
3 3534 3557 3556
3 3547 3556 3557
3 3535 3545 3559
3 3529 3558 3545
3 3536 3559 3558
3 3545 3558 3559
3 3531 3560 3562
3 3537 3561 3560
3 3532 3562 3561
3 3560 3561 3562
3 3531 3562 3564
3 3532 3563 3562
3 3530 3564 3563
3 3562 3563 3564
3 3531 3564 3566
3 3530 3565 3564
3 3534 3566 3565
3 3564 3565 3566
3 3531 3566 3568
3 3534 3567 3566
3 3536 3568 3567
3 3566 3567 3568
3 3531 3568 3560
3 3536 3569 3568
3 3537 3560 3569
3 3568 3569 3560
3 3532 3561 3553
3 3537 3550 3561
3 3533 3553 3550
3 3561 3550 3553
3 3530 3563 3555
3 3532 3552 3563
3 3539 3555 3552
3 3563 3552 3555
3 3534 3565 3557
3 3530 3554 3565
3 3538 3557 3554
3 3565 3554 3557
3 3536 3567 3559
3 3534 3556 3567
3 3535 3559 3556
3 3567 3556 3559
3 3537 3569 3551
3 3536 3558 3569
3 3529 3551 3558
3 3569 3558 3551
3 3570 3582 3584
3 3581 3583 3582
3 3575 3584 3583
3 3582 3583 3584
3 3570 3584 3586
3 3575 3585 3584
3 3571 3586 3585
3 3584 3585 3586
3 3570 3586 3588
3 3571 3587 3586
3 3577 3588 3587
3 3586 3587 3588
3 3570 3588 3590
3 3577 3589 3588
3 3580 3590 3589
3 3588 3589 3590
3 3570 3590 3582
3 3580 3591 3590
3 3581 3582 3591
3 3590 3591 3582
3 3571 3585 3593
3 3575 3592 3585
3 3579 3593 3592
3 3585 3592 3593
3 3575 3583 3595
3 3581 3594 3583
3 3574 3595 3594
3 3583 3594 3595
3 3581 3591 3597
3 3580 3596 3591
3 3572 3597 3596
3 3591 3596 3597
3 3580 3589 3599
3 3577 3598 3589
3 3576 3599 3598
3 3589 3598 3599
3 3577 3587 3601
3 3571 3600 3587
3 3578 3601 3600
3 3587 3600 3601
3 3573 3602 3604
3 3579 3603 3602
3 3574 3604 3603
3 3602 3603 3604
3 3573 3604 3606
3 3574 3605 3604
3 3572 3606 3605
3 3604 3605 3606
3 3573 3606 3608
3 3572 3607 3606
3 3576 3608 3607
3 3606 3607 3608
3 3573 3608 3610
3 3576 3609 3608
3 3578 3610 3609
3 3608 3609 3610
3 3573 3610 3602
3 3578 3611 3610
3 3579 3602 3611
3 3610 3611 3602
3 3574 3603 3595
3 3579 3592 3603
3 3575 3595 3592
3 3603 3592 3595
3 3572 3605 3597
3 3574 3594 3605
3 3581 3597 3594
3 3605 3594 3597
3 3576 3607 3599
3 3572 3596 3607
3 3580 3599 3596
3 3607 3596 3599
3 3578 3609 3601
3 3576 3598 3609
3 3577 3601 3598
3 3609 3598 3601
3 3579 3611 3593
3 3578 3600 3611
3 3571 3593 3600
3 3611 3600 3593
3 3612 3624 3626
3 3623 3625 3624
3 3617 3626 3625
3 3624 3625 3626
3 3612 3626 3628
3 3617 3627 3626
3 3613 3628 3627
3 3626 3627 3628
3 3612 3628 3630
3 3613 3629 3628
3 3619 3630 3629
3 3628 3629 3630
3 3612 3630 3632
3 3619 3631 3630
3 3622 3632 3631
3 3630 3631 3632
3 3612 3632 3624
3 3622 3633 3632
3 3623 3624 3633
3 3632 3633 3624
3 3613 3627 3635
3 3617 3634 3627
3 3621 3635 3634
3 3627 3634 3635
3 3617 3625 3637
3 3623 3636 3625
3 3616 3637 3636
3 3625 3636 3637
3 3623 3633 3639
3 3622 3638 3633
3 3614 3639 3638
3 3633 3638 3639
3 3622 3631 3641
3 3619 3640 3631
3 3618 3641 3640
3 3631 3640 3641
3 3619 3629 3643
3 3613 3642 3629
3 3620 3643 3642
3 3629 3642 3643
3 3615 3644 3646
3 3621 3645 3644
3 3616 3646 3645
3 3644 3645 3646
3 3615 3646 3648
3 3616 3647 3646
3 3614 3648 3647
3 3646 3647 3648
3 3615 3648 3650
3 3614 3649 3648
3 3618 3650 3649
3 3648 3649 3650
3 3615 3650 3652
3 3618 3651 3650
3 3620 3652 3651
3 3650 3651 3652
3 3615 3652 3644
3 3620 3653 3652
3 3621 3644 3653
3 3652 3653 3644
3 3616 3645 3637
3 3621 3634 3645
3 3617 3637 3634
3 3645 3634 3637
3 3614 3647 3639
3 3616 3636 3647
3 3623 3639 3636
3 3647 3636 3639
3 3618 3649 3641
3 3614 3638 3649
3 3622 3641 3638
3 3649 3638 3641
3 3620 3651 3643
3 3618 3640 3651
3 3619 3643 3640
3 3651 3640 3643
3 3621 3653 3635
3 3620 3642 3653
3 3613 3635 3642
3 3653 3642 3635
3 3654 3666 3668
3 3665 3667 3666
3 3659 3668 3667
3 3666 3667 3668
3 3654 3668 3670
3 3659 3669 3668
3 3655 3670 3669
3 3668 3669 3670
3 3654 3670 3672
3 3655 3671 3670
3 3661 3672 3671
3 3670 3671 3672
3 3654 3672 3674
3 3661 3673 3672
3 3664 3674 3673
3 3672 3673 3674
3 3654 3674 3666
3 3664 3675 3674
3 3665 3666 3675
3 3674 3675 3666
3 3655 3669 3677
3 3659 3676 3669
3 3663 3677 3676
3 3669 3676 3677
3 3659 3667 3679
3 3665 3678 3667
3 3658 3679 3678
3 3667 3678 3679
3 3665 3675 3681
3 3664 3680 3675
3 3656 3681 3680
3 3675 3680 3681
3 3664 3673 3683
3 3661 3682 3673
3 3660 3683 3682
3 3673 3682 3683
3 3661 3671 3685
3 3655 3684 3671
3 3662 3685 3684
3 3671 3684 3685
3 3657 3686 3688
3 3663 3687 3686
3 3658 3688 3687
3 3686 3687 3688
3 3657 3688 3690
3 3658 3689 3688
3 3656 3690 3689
3 3688 3689 3690
3 3657 3690 3692
3 3656 3691 3690
3 3660 3692 3691
3 3690 3691 3692
3 3657 3692 3694
3 3660 3693 3692
3 3662 3694 3693
3 3692 3693 3694
3 3657 3694 3686
3 3662 3695 3694
3 3663 3686 3695
3 3694 3695 3686
3 3658 3687 3679
3 3663 3676 3687
3 3659 3679 3676
3 3687 3676 3679
3 3656 3689 3681
3 3658 3678 3689
3 3665 3681 3678
3 3689 3678 3681
3 3660 3691 3683
3 3656 3680 3691
3 3664 3683 3680
3 3691 3680 3683
3 3662 3693 3685
3 3660 3682 3693
3 3661 3685 3682
3 3693 3682 3685
3 3663 3695 3677
3 3662 3684 3695
3 3655 3677 3684
3 3695 3684 3677
3 3696 3708 3710
3 3707 3709 3708
3 3701 3710 3709
3 3708 3709 3710
3 3696 3710 3712
3 3701 3711 3710
3 3697 3712 3711
3 3710 3711 3712
3 3696 3712 3714
3 3697 3713 3712
3 3703 3714 3713
3 3712 3713 3714
3 3696 3714 3716
3 3703 3715 3714
3 3706 3716 3715
3 3714 3715 3716
3 3696 3716 3708
3 3706 3717 3716
3 3707 3708 3717
3 3716 3717 3708
3 3697 3711 3719
3 3701 3718 3711
3 3705 3719 3718
3 3711 3718 3719
3 3701 3709 3721
3 3707 3720 3709
3 3700 3721 3720
3 3709 3720 3721
3 3707 3717 3723
3 3706 3722 3717
3 3698 3723 3722
3 3717 3722 3723
3 3706 3715 3725
3 3703 3724 3715
3 3702 3725 3724
3 3715 3724 3725
3 3703 3713 3727
3 3697 3726 3713
3 3704 3727 3726
3 3713 3726 3727
3 3699 3728 3730
3 3705 3729 3728
3 3700 3730 3729
3 3728 3729 3730
3 3699 3730 3732
3 3700 3731 3730
3 3698 3732 3731
3 3730 3731 3732
3 3699 3732 3734
3 3698 3733 3732
3 3702 3734 3733
3 3732 3733 3734
3 3699 3734 3736
3 3702 3735 3734
3 3704 3736 3735
3 3734 3735 3736
3 3699 3736 3728
3 3704 3737 3736
3 3705 3728 3737
3 3736 3737 3728
3 3700 3729 3721
3 3705 3718 3729
3 3701 3721 3718
3 3729 3718 3721
3 3698 3731 3723
3 3700 3720 3731
3 3707 3723 3720
3 3731 3720 3723
3 3702 3733 3725
3 3698 3722 3733
3 3706 3725 3722
3 3733 3722 3725
3 3704 3735 3727
3 3702 3724 3735
3 3703 3727 3724
3 3735 3724 3727
3 3705 3737 3719
3 3704 3726 3737
3 3697 3719 3726
3 3737 3726 3719
3 3738 3750 3752
3 3749 3751 3750
3 3743 3752 3751
3 3750 3751 3752
3 3738 3752 3754
3 3743 3753 3752
3 3739 3754 3753
3 3752 3753 3754
3 3738 3754 3756
3 3739 3755 3754
3 3745 3756 3755
3 3754 3755 3756
3 3738 3756 3758
3 3745 3757 3756
3 3748 3758 3757
3 3756 3757 3758
3 3738 3758 3750
3 3748 3759 3758
3 3749 3750 3759
3 3758 3759 3750
3 3739 3753 3761
3 3743 3760 3753
3 3747 3761 3760
3 3753 3760 3761
3 3743 3751 3763
3 3749 3762 3751
3 3742 3763 3762
3 3751 3762 3763
3 3749 3759 3765
3 3748 3764 3759
3 3740 3765 3764
3 3759 3764 3765
3 3748 3757 3767
3 3745 3766 3757
3 3744 3767 3766
3 3757 3766 3767
3 3745 3755 3769
3 3739 3768 3755
3 3746 3769 3768
3 3755 3768 3769
3 3741 3770 3772
3 3747 3771 3770
3 3742 3772 3771
3 3770 3771 3772
3 3741 3772 3774
3 3742 3773 3772
3 3740 3774 3773
3 3772 3773 3774
3 3741 3774 3776
3 3740 3775 3774
3 3744 3776 3775
3 3774 3775 3776
3 3741 3776 3778
3 3744 3777 3776
3 3746 3778 3777
3 3776 3777 3778
3 3741 3778 3770
3 3746 3779 3778
3 3747 3770 3779
3 3778 3779 3770
3 3742 3771 3763
3 3747 3760 3771
3 3743 3763 3760
3 3771 3760 3763
3 3740 3773 3765
3 3742 3762 3773
3 3749 3765 3762
3 3773 3762 3765
3 3744 3775 3767
3 3740 3764 3775
3 3748 3767 3764
3 3775 3764 3767
3 3746 3777 3769
3 3744 3766 3777
3 3745 3769 3766
3 3777 3766 3769
3 3747 3779 3761
3 3746 3768 3779
3 3739 3761 3768
3 3779 3768 3761
3 3780 3792 3794
3 3791 3793 3792
3 3785 3794 3793
3 3792 3793 3794
3 3780 3794 3796
3 3785 3795 3794
3 3781 3796 3795
3 3794 3795 3796
3 3780 3796 3798
3 3781 3797 3796
3 3787 3798 3797
3 3796 3797 3798
3 3780 3798 3800
3 3787 3799 3798
3 3790 3800 3799
3 3798 3799 3800
3 3780 3800 3792
3 3790 3801 3800
3 3791 3792 3801
3 3800 3801 3792
3 3781 3795 3803
3 3785 3802 3795
3 3789 3803 3802
3 3795 3802 3803
3 3785 3793 3805
3 3791 3804 3793
3 3784 3805 3804
3 3793 3804 3805
3 3791 3801 3807
3 3790 3806 3801
3 3782 3807 3806
3 3801 3806 3807
3 3790 3799 3809
3 3787 3808 3799
3 3786 3809 3808
3 3799 3808 3809
3 3787 3797 3811
3 3781 3810 3797
3 3788 3811 3810
3 3797 3810 3811
3 3783 3812 3814
3 3789 3813 3812
3 3784 3814 3813
3 3812 3813 3814
3 3783 3814 3816
3 3784 3815 3814
3 3782 3816 3815
3 3814 3815 3816
3 3783 3816 3818
3 3782 3817 3816
3 3786 3818 3817
3 3816 3817 3818
3 3783 3818 3820
3 3786 3819 3818
3 3788 3820 3819
3 3818 3819 3820
3 3783 3820 3812
3 3788 3821 3820
3 3789 3812 3821
3 3820 3821 3812
3 3784 3813 3805
3 3789 3802 3813
3 3785 3805 3802
3 3813 3802 3805
3 3782 3815 3807
3 3784 3804 3815
3 3791 3807 3804
3 3815 3804 3807
3 3786 3817 3809
3 3782 3806 3817
3 3790 3809 3806
3 3817 3806 3809
3 3788 3819 3811
3 3786 3808 3819
3 3787 3811 3808
3 3819 3808 3811
3 3789 3821 3803
3 3788 3810 3821
3 3781 3803 3810
3 3821 3810 3803
3 3822 3834 3836
3 3833 3835 3834
3 3827 3836 3835
3 3834 3835 3836
3 3822 3836 3838
3 3827 3837 3836
3 3823 3838 3837
3 3836 3837 3838
3 3822 3838 3840
3 3823 3839 3838
3 3829 3840 3839
3 3838 3839 3840
3 3822 3840 3842
3 3829 3841 3840
3 3832 3842 3841
3 3840 3841 3842
3 3822 3842 3834
3 3832 3843 3842
3 3833 3834 3843
3 3842 3843 3834
3 3823 3837 3845
3 3827 3844 3837
3 3831 3845 3844
3 3837 3844 3845
3 3827 3835 3847
3 3833 3846 3835
3 3826 3847 3846
3 3835 3846 3847
3 3833 3843 3849
3 3832 3848 3843
3 3824 3849 3848
3 3843 3848 3849
3 3832 3841 3851
3 3829 3850 3841
3 3828 3851 3850
3 3841 3850 3851
3 3829 3839 3853
3 3823 3852 3839
3 3830 3853 3852
3 3839 3852 3853
3 3825 3854 3856
3 3831 3855 3854
3 3826 3856 3855
3 3854 3855 3856
3 3825 3856 3858
3 3826 3857 3856
3 3824 3858 3857
3 3856 3857 3858
3 3825 3858 3860
3 3824 3859 3858
3 3828 3860 3859
3 3858 3859 3860
3 3825 3860 3862
3 3828 3861 3860
3 3830 3862 3861
3 3860 3861 3862
3 3825 3862 3854
3 3830 3863 3862
3 3831 3854 3863
3 3862 3863 3854
3 3826 3855 3847
3 3831 3844 3855
3 3827 3847 3844
3 3855 3844 3847
3 3824 3857 3849
3 3826 3846 3857
3 3833 3849 3846
3 3857 3846 3849
3 3828 3859 3851
3 3824 3848 3859
3 3832 3851 3848
3 3859 3848 3851
3 3830 3861 3853
3 3828 3850 3861
3 3829 3853 3850
3 3861 3850 3853
3 3831 3863 3845
3 3830 3852 3863
3 3823 3845 3852
3 3863 3852 3845
3 3864 3876 3878
3 3875 3877 3876
3 3869 3878 3877
3 3876 3877 3878
3 3864 3878 3880
3 3869 3879 3878
3 3865 3880 3879
3 3878 3879 3880
3 3864 3880 3882
3 3865 3881 3880
3 3871 3882 3881
3 3880 3881 3882
3 3864 3882 3884
3 3871 3883 3882
3 3874 3884 3883
3 3882 3883 3884
3 3864 3884 3876
3 3874 3885 3884
3 3875 3876 3885
3 3884 3885 3876
3 3865 3879 3887
3 3869 3886 3879
3 3873 3887 3886
3 3879 3886 3887
3 3869 3877 3889
3 3875 3888 3877
3 3868 3889 3888
3 3877 3888 3889
3 3875 3885 3891
3 3874 3890 3885
3 3866 3891 3890
3 3885 3890 3891
3 3874 3883 3893
3 3871 3892 3883
3 3870 3893 3892
3 3883 3892 3893
3 3871 3881 3895
3 3865 3894 3881
3 3872 3895 3894
3 3881 3894 3895
3 3867 3896 3898
3 3873 3897 3896
3 3868 3898 3897
3 3896 3897 3898
3 3867 3898 3900
3 3868 3899 3898
3 3866 3900 3899
3 3898 3899 3900
3 3867 3900 3902
3 3866 3901 3900
3 3870 3902 3901
3 3900 3901 3902
3 3867 3902 3904
3 3870 3903 3902
3 3872 3904 3903
3 3902 3903 3904
3 3867 3904 3896
3 3872 3905 3904
3 3873 3896 3905
3 3904 3905 3896
3 3868 3897 3889
3 3873 3886 3897
3 3869 3889 3886
3 3897 3886 3889
3 3866 3899 3891
3 3868 3888 3899
3 3875 3891 3888
3 3899 3888 3891
3 3870 3901 3893
3 3866 3890 3901
3 3874 3893 3890
3 3901 3890 3893
3 3872 3903 3895
3 3870 3892 3903
3 3871 3895 3892
3 3903 3892 3895
3 3873 3905 3887
3 3872 3894 3905
3 3865 3887 3894
3 3905 3894 3887
3 3906 3918 3920
3 3917 3919 3918
3 3911 3920 3919
3 3918 3919 3920
3 3906 3920 3922
3 3911 3921 3920
3 3907 3922 3921
3 3920 3921 3922
3 3906 3922 3924
3 3907 3923 3922
3 3913 3924 3923
3 3922 3923 3924
3 3906 3924 3926
3 3913 3925 3924
3 3916 3926 3925
3 3924 3925 3926
3 3906 3926 3918
3 3916 3927 3926
3 3917 3918 3927
3 3926 3927 3918
3 3907 3921 3929
3 3911 3928 3921
3 3915 3929 3928
3 3921 3928 3929
3 3911 3919 3931
3 3917 3930 3919
3 3910 3931 3930
3 3919 3930 3931
3 3917 3927 3933
3 3916 3932 3927
3 3908 3933 3932
3 3927 3932 3933
3 3916 3925 3935
3 3913 3934 3925
3 3912 3935 3934
3 3925 3934 3935
3 3913 3923 3937
3 3907 3936 3923
3 3914 3937 3936
3 3923 3936 3937
3 3909 3938 3940
3 3915 3939 3938
3 3910 3940 3939
3 3938 3939 3940
3 3909 3940 3942
3 3910 3941 3940
3 3908 3942 3941
3 3940 3941 3942
3 3909 3942 3944
3 3908 3943 3942
3 3912 3944 3943
3 3942 3943 3944
3 3909 3944 3946
3 3912 3945 3944
3 3914 3946 3945
3 3944 3945 3946
3 3909 3946 3938
3 3914 3947 3946
3 3915 3938 3947
3 3946 3947 3938
3 3910 3939 3931
3 3915 3928 3939
3 3911 3931 3928
3 3939 3928 3931
3 3908 3941 3933
3 3910 3930 3941
3 3917 3933 3930
3 3941 3930 3933
3 3912 3943 3935
3 3908 3932 3943
3 3916 3935 3932
3 3943 3932 3935
3 3914 3945 3937
3 3912 3934 3945
3 3913 3937 3934
3 3945 3934 3937
3 3915 3947 3929
3 3914 3936 3947
3 3907 3929 3936
3 3947 3936 3929
3 3948 3960 3962
3 3959 3961 3960
3 3953 3962 3961
3 3960 3961 3962
3 3948 3962 3964
3 3953 3963 3962
3 3949 3964 3963
3 3962 3963 3964
3 3948 3964 3966
3 3949 3965 3964
3 3955 3966 3965
3 3964 3965 3966
3 3948 3966 3968
3 3955 3967 3966
3 3958 3968 3967
3 3966 3967 3968
3 3948 3968 3960
3 3958 3969 3968
3 3959 3960 3969
3 3968 3969 3960
3 3949 3963 3971
3 3953 3970 3963
3 3957 3971 3970
3 3963 3970 3971
3 3953 3961 3973
3 3959 3972 3961
3 3952 3973 3972
3 3961 3972 3973
3 3959 3969 3975
3 3958 3974 3969
3 3950 3975 3974
3 3969 3974 3975
3 3958 3967 3977
3 3955 3976 3967
3 3954 3977 3976
3 3967 3976 3977
3 3955 3965 3979
3 3949 3978 3965
3 3956 3979 3978
3 3965 3978 3979
3 3951 3980 3982
3 3957 3981 3980
3 3952 3982 3981
3 3980 3981 3982
3 3951 3982 3984
3 3952 3983 3982
3 3950 3984 3983
3 3982 3983 3984
3 3951 3984 3986
3 3950 3985 3984
3 3954 3986 3985
3 3984 3985 3986
3 3951 3986 3988
3 3954 3987 3986
3 3956 3988 3987
3 3986 3987 3988
3 3951 3988 3980
3 3956 3989 3988
3 3957 3980 3989
3 3988 3989 3980
3 3952 3981 3973
3 3957 3970 3981
3 3953 3973 3970
3 3981 3970 3973
3 3950 3983 3975
3 3952 3972 3983
3 3959 3975 3972
3 3983 3972 3975
3 3954 3985 3977
3 3950 3974 3985
3 3958 3977 3974
3 3985 3974 3977
3 3956 3987 3979
3 3954 3976 3987
3 3955 3979 3976
3 3987 3976 3979
3 3957 3989 3971
3 3956 3978 3989
3 3949 3971 3978
3 3989 3978 3971
3 3990 4002 4004
3 4001 4003 4002
3 3995 4004 4003
3 4002 4003 4004
3 3990 4004 4006
3 3995 4005 4004
3 3991 4006 4005
3 4004 4005 4006
3 3990 4006 4008
3 3991 4007 4006
3 3997 4008 4007
3 4006 4007 4008
3 3990 4008 4010
3 3997 4009 4008
3 4000 4010 4009
3 4008 4009 4010
3 3990 4010 4002
3 4000 4011 4010
3 4001 4002 4011
3 4010 4011 4002
3 3991 4005 4013
3 3995 4012 4005
3 3999 4013 4012
3 4005 4012 4013
3 3995 4003 4015
3 4001 4014 4003
3 3994 4015 4014
3 4003 4014 4015
3 4001 4011 4017
3 4000 4016 4011
3 3992 4017 4016
3 4011 4016 4017
3 4000 4009 4019
3 3997 4018 4009
3 3996 4019 4018
3 4009 4018 4019
3 3997 4007 4021
3 3991 4020 4007
3 3998 4021 4020
3 4007 4020 4021
3 3993 4022 4024
3 3999 4023 4022
3 3994 4024 4023
3 4022 4023 4024
3 3993 4024 4026
3 3994 4025 4024
3 3992 4026 4025
3 4024 4025 4026
3 3993 4026 4028
3 3992 4027 4026
3 3996 4028 4027
3 4026 4027 4028
3 3993 4028 4030
3 3996 4029 4028
3 3998 4030 4029
3 4028 4029 4030
3 3993 4030 4022
3 3998 4031 4030
3 3999 4022 4031
3 4030 4031 4022
3 3994 4023 4015
3 3999 4012 4023
3 3995 4015 4012
3 4023 4012 4015
3 3992 4025 4017
3 3994 4014 4025
3 4001 4017 4014
3 4025 4014 4017
3 3996 4027 4019
3 3992 4016 4027
3 4000 4019 4016
3 4027 4016 4019
3 3998 4029 4021
3 3996 4018 4029
3 3997 4021 4018
3 4029 4018 4021
3 3999 4031 4013
3 3998 4020 4031
3 3991 4013 4020
3 4031 4020 4013
3 4032 4044 4046
3 4043 4045 4044
3 4037 4046 4045
3 4044 4045 4046
3 4032 4046 4048
3 4037 4047 4046
3 4033 4048 4047
3 4046 4047 4048
3 4032 4048 4050
3 4033 4049 4048
3 4039 4050 4049
3 4048 4049 4050
3 4032 4050 4052
3 4039 4051 4050
3 4042 4052 4051
3 4050 4051 4052
3 4032 4052 4044
3 4042 4053 4052
3 4043 4044 4053
3 4052 4053 4044
3 4033 4047 4055
3 4037 4054 4047
3 4041 4055 4054
3 4047 4054 4055
3 4037 4045 4057
3 4043 4056 4045
3 4036 4057 4056
3 4045 4056 4057
3 4043 4053 4059
3 4042 4058 4053
3 4034 4059 4058
3 4053 4058 4059
3 4042 4051 4061
3 4039 4060 4051
3 4038 4061 4060
3 4051 4060 4061
3 4039 4049 4063
3 4033 4062 4049
3 4040 4063 4062
3 4049 4062 4063
3 4035 4064 4066
3 4041 4065 4064
3 4036 4066 4065
3 4064 4065 4066
3 4035 4066 4068
3 4036 4067 4066
3 4034 4068 4067
3 4066 4067 4068
3 4035 4068 4070
3 4034 4069 4068
3 4038 4070 4069
3 4068 4069 4070
3 4035 4070 4072
3 4038 4071 4070
3 4040 4072 4071
3 4070 4071 4072
3 4035 4072 4064
3 4040 4073 4072
3 4041 4064 4073
3 4072 4073 4064
3 4036 4065 4057
3 4041 4054 4065
3 4037 4057 4054
3 4065 4054 4057
3 4034 4067 4059
3 4036 4056 4067
3 4043 4059 4056
3 4067 4056 4059
3 4038 4069 4061
3 4034 4058 4069
3 4042 4061 4058
3 4069 4058 4061
3 4040 4071 4063
3 4038 4060 4071
3 4039 4063 4060
3 4071 4060 4063
3 4041 4073 4055
3 4040 4062 4073
3 4033 4055 4062
3 4073 4062 4055
3 4074 4086 4088
3 4085 4087 4086
3 4079 4088 4087
3 4086 4087 4088
3 4074 4088 4090
3 4079 4089 4088
3 4075 4090 4089
3 4088 4089 4090
3 4074 4090 4092
3 4075 4091 4090
3 4081 4092 4091
3 4090 4091 4092
3 4074 4092 4094
3 4081 4093 4092
3 4084 4094 4093
3 4092 4093 4094
3 4074 4094 4086
3 4084 4095 4094
3 4085 4086 4095
3 4094 4095 4086
3 4075 4089 4097
3 4079 4096 4089
3 4083 4097 4096
3 4089 4096 4097
3 4079 4087 4099
3 4085 4098 4087
3 4078 4099 4098
3 4087 4098 4099
3 4085 4095 4101
3 4084 4100 4095
3 4076 4101 4100
3 4095 4100 4101
3 4084 4093 4103
3 4081 4102 4093
3 4080 4103 4102
3 4093 4102 4103
3 4081 4091 4105
3 4075 4104 4091
3 4082 4105 4104
3 4091 4104 4105
3 4077 4106 4108
3 4083 4107 4106
3 4078 4108 4107
3 4106 4107 4108
3 4077 4108 4110
3 4078 4109 4108
3 4076 4110 4109
3 4108 4109 4110
3 4077 4110 4112
3 4076 4111 4110
3 4080 4112 4111
3 4110 4111 4112
3 4077 4112 4114
3 4080 4113 4112
3 4082 4114 4113
3 4112 4113 4114
3 4077 4114 4106
3 4082 4115 4114
3 4083 4106 4115
3 4114 4115 4106
3 4078 4107 4099
3 4083 4096 4107
3 4079 4099 4096
3 4107 4096 4099
3 4076 4109 4101
3 4078 4098 4109
3 4085 4101 4098
3 4109 4098 4101
3 4080 4111 4103
3 4076 4100 4111
3 4084 4103 4100
3 4111 4100 4103
3 4082 4113 4105
3 4080 4102 4113
3 4081 4105 4102
3 4113 4102 4105
3 4083 4115 4097
3 4082 4104 4115
3 4075 4097 4104
3 4115 4104 4097
3 4116 4128 4130
3 4127 4129 4128
3 4121 4130 4129
3 4128 4129 4130
3 4116 4130 4132
3 4121 4131 4130
3 4117 4132 4131
3 4130 4131 4132
3 4116 4132 4134
3 4117 4133 4132
3 4123 4134 4133
3 4132 4133 4134
3 4116 4134 4136
3 4123 4135 4134
3 4126 4136 4135
3 4134 4135 4136
3 4116 4136 4128
3 4126 4137 4136
3 4127 4128 4137
3 4136 4137 4128
3 4117 4131 4139
3 4121 4138 4131
3 4125 4139 4138
3 4131 4138 4139
3 4121 4129 4141
3 4127 4140 4129
3 4120 4141 4140
3 4129 4140 4141
3 4127 4137 4143
3 4126 4142 4137
3 4118 4143 4142
3 4137 4142 4143
3 4126 4135 4145
3 4123 4144 4135
3 4122 4145 4144
3 4135 4144 4145
3 4123 4133 4147
3 4117 4146 4133
3 4124 4147 4146
3 4133 4146 4147
3 4119 4148 4150
3 4125 4149 4148
3 4120 4150 4149
3 4148 4149 4150
3 4119 4150 4152
3 4120 4151 4150
3 4118 4152 4151
3 4150 4151 4152
3 4119 4152 4154
3 4118 4153 4152
3 4122 4154 4153
3 4152 4153 4154
3 4119 4154 4156
3 4122 4155 4154
3 4124 4156 4155
3 4154 4155 4156
3 4119 4156 4148
3 4124 4157 4156
3 4125 4148 4157
3 4156 4157 4148
3 4120 4149 4141
3 4125 4138 4149
3 4121 4141 4138
3 4149 4138 4141
3 4118 4151 4143
3 4120 4140 4151
3 4127 4143 4140
3 4151 4140 4143
3 4122 4153 4145
3 4118 4142 4153
3 4126 4145 4142
3 4153 4142 4145
3 4124 4155 4147
3 4122 4144 4155
3 4123 4147 4144
3 4155 4144 4147
3 4125 4157 4139
3 4124 4146 4157
3 4117 4139 4146
3 4157 4146 4139
3 4158 4170 4172
3 4169 4171 4170
3 4163 4172 4171
3 4170 4171 4172
3 4158 4172 4174
3 4163 4173 4172
3 4159 4174 4173
3 4172 4173 4174
3 4158 4174 4176
3 4159 4175 4174
3 4165 4176 4175
3 4174 4175 4176
3 4158 4176 4178
3 4165 4177 4176
3 4168 4178 4177
3 4176 4177 4178
3 4158 4178 4170
3 4168 4179 4178
3 4169 4170 4179
3 4178 4179 4170
3 4159 4173 4181
3 4163 4180 4173
3 4167 4181 4180
3 4173 4180 4181
3 4163 4171 4183
3 4169 4182 4171
3 4162 4183 4182
3 4171 4182 4183
3 4169 4179 4185
3 4168 4184 4179
3 4160 4185 4184
3 4179 4184 4185
3 4168 4177 4187
3 4165 4186 4177
3 4164 4187 4186
3 4177 4186 4187
3 4165 4175 4189
3 4159 4188 4175
3 4166 4189 4188
3 4175 4188 4189
3 4161 4190 4192
3 4167 4191 4190
3 4162 4192 4191
3 4190 4191 4192
3 4161 4192 4194
3 4162 4193 4192
3 4160 4194 4193
3 4192 4193 4194
3 4161 4194 4196
3 4160 4195 4194
3 4164 4196 4195
3 4194 4195 4196
3 4161 4196 4198
3 4164 4197 4196
3 4166 4198 4197
3 4196 4197 4198
3 4161 4198 4190
3 4166 4199 4198
3 4167 4190 4199
3 4198 4199 4190
3 4162 4191 4183
3 4167 4180 4191
3 4163 4183 4180
3 4191 4180 4183
3 4160 4193 4185
3 4162 4182 4193
3 4169 4185 4182
3 4193 4182 4185
3 4164 4195 4187
3 4160 4184 4195
3 4168 4187 4184
3 4195 4184 4187
3 4166 4197 4189
3 4164 4186 4197
3 4165 4189 4186
3 4197 4186 4189
3 4167 4199 4181
3 4166 4188 4199
3 4159 4181 4188
3 4199 4188 4181
3 4200 4212 4214
3 4211 4213 4212
3 4205 4214 4213
3 4212 4213 4214
3 4200 4214 4216
3 4205 4215 4214
3 4201 4216 4215
3 4214 4215 4216
3 4200 4216 4218
3 4201 4217 4216
3 4207 4218 4217
3 4216 4217 4218
3 4200 4218 4220
3 4207 4219 4218
3 4210 4220 4219
3 4218 4219 4220
3 4200 4220 4212
3 4210 4221 4220
3 4211 4212 4221
3 4220 4221 4212
3 4201 4215 4223
3 4205 4222 4215
3 4209 4223 4222
3 4215 4222 4223
3 4205 4213 4225
3 4211 4224 4213
3 4204 4225 4224
3 4213 4224 4225
3 4211 4221 4227
3 4210 4226 4221
3 4202 4227 4226
3 4221 4226 4227
3 4210 4219 4229
3 4207 4228 4219
3 4206 4229 4228
3 4219 4228 4229
3 4207 4217 4231
3 4201 4230 4217
3 4208 4231 4230
3 4217 4230 4231
3 4203 4232 4234
3 4209 4233 4232
3 4204 4234 4233
3 4232 4233 4234
3 4203 4234 4236
3 4204 4235 4234
3 4202 4236 4235
3 4234 4235 4236
3 4203 4236 4238
3 4202 4237 4236
3 4206 4238 4237
3 4236 4237 4238
3 4203 4238 4240
3 4206 4239 4238
3 4208 4240 4239
3 4238 4239 4240
3 4203 4240 4232
3 4208 4241 4240
3 4209 4232 4241
3 4240 4241 4232
3 4204 4233 4225
3 4209 4222 4233
3 4205 4225 4222
3 4233 4222 4225
3 4202 4235 4227
3 4204 4224 4235
3 4211 4227 4224
3 4235 4224 4227
3 4206 4237 4229
3 4202 4226 4237
3 4210 4229 4226
3 4237 4226 4229
3 4208 4239 4231
3 4206 4228 4239
3 4207 4231 4228
3 4239 4228 4231
3 4209 4241 4223
3 4208 4230 4241
3 4201 4223 4230
3 4241 4230 4223
3 4242 4254 4256
3 4253 4255 4254
3 4247 4256 4255
3 4254 4255 4256
3 4242 4256 4258
3 4247 4257 4256
3 4243 4258 4257
3 4256 4257 4258
3 4242 4258 4260
3 4243 4259 4258
3 4249 4260 4259
3 4258 4259 4260
3 4242 4260 4262
3 4249 4261 4260
3 4252 4262 4261
3 4260 4261 4262
3 4242 4262 4254
3 4252 4263 4262
3 4253 4254 4263
3 4262 4263 4254
3 4243 4257 4265
3 4247 4264 4257
3 4251 4265 4264
3 4257 4264 4265
3 4247 4255 4267
3 4253 4266 4255
3 4246 4267 4266
3 4255 4266 4267
3 4253 4263 4269
3 4252 4268 4263
3 4244 4269 4268
3 4263 4268 4269
3 4252 4261 4271
3 4249 4270 4261
3 4248 4271 4270
3 4261 4270 4271
3 4249 4259 4273
3 4243 4272 4259
3 4250 4273 4272
3 4259 4272 4273
3 4245 4274 4276
3 4251 4275 4274
3 4246 4276 4275
3 4274 4275 4276
3 4245 4276 4278
3 4246 4277 4276
3 4244 4278 4277
3 4276 4277 4278
3 4245 4278 4280
3 4244 4279 4278
3 4248 4280 4279
3 4278 4279 4280
3 4245 4280 4282
3 4248 4281 4280
3 4250 4282 4281
3 4280 4281 4282
3 4245 4282 4274
3 4250 4283 4282
3 4251 4274 4283
3 4282 4283 4274
3 4246 4275 4267
3 4251 4264 4275
3 4247 4267 4264
3 4275 4264 4267
3 4244 4277 4269
3 4246 4266 4277
3 4253 4269 4266
3 4277 4266 4269
3 4248 4279 4271
3 4244 4268 4279
3 4252 4271 4268
3 4279 4268 4271
3 4250 4281 4273
3 4248 4270 4281
3 4249 4273 4270
3 4281 4270 4273
3 4251 4283 4265
3 4250 4272 4283
3 4243 4265 4272
3 4283 4272 4265
3 4284 4296 4298
3 4295 4297 4296
3 4289 4298 4297
3 4296 4297 4298
3 4284 4298 4300
3 4289 4299 4298
3 4285 4300 4299
3 4298 4299 4300
3 4284 4300 4302
3 4285 4301 4300
3 4291 4302 4301
3 4300 4301 4302
3 4284 4302 4304
3 4291 4303 4302
3 4294 4304 4303
3 4302 4303 4304
3 4284 4304 4296
3 4294 4305 4304
3 4295 4296 4305
3 4304 4305 4296
3 4285 4299 4307
3 4289 4306 4299
3 4293 4307 4306
3 4299 4306 4307
3 4289 4297 4309
3 4295 4308 4297
3 4288 4309 4308
3 4297 4308 4309
3 4295 4305 4311
3 4294 4310 4305
3 4286 4311 4310
3 4305 4310 4311
3 4294 4303 4313
3 4291 4312 4303
3 4290 4313 4312
3 4303 4312 4313
3 4291 4301 4315
3 4285 4314 4301
3 4292 4315 4314
3 4301 4314 4315
3 4287 4316 4318
3 4293 4317 4316
3 4288 4318 4317
3 4316 4317 4318
3 4287 4318 4320
3 4288 4319 4318
3 4286 4320 4319
3 4318 4319 4320
3 4287 4320 4322
3 4286 4321 4320
3 4290 4322 4321
3 4320 4321 4322
3 4287 4322 4324
3 4290 4323 4322
3 4292 4324 4323
3 4322 4323 4324
3 4287 4324 4316
3 4292 4325 4324
3 4293 4316 4325
3 4324 4325 4316
3 4288 4317 4309
3 4293 4306 4317
3 4289 4309 4306
3 4317 4306 4309
3 4286 4319 4311
3 4288 4308 4319
3 4295 4311 4308
3 4319 4308 4311
3 4290 4321 4313
3 4286 4310 4321
3 4294 4313 4310
3 4321 4310 4313
3 4292 4323 4315
3 4290 4312 4323
3 4291 4315 4312
3 4323 4312 4315
3 4293 4325 4307
3 4292 4314 4325
3 4285 4307 4314
3 4325 4314 4307
3 4326 4338 4340
3 4337 4339 4338
3 4331 4340 4339
3 4338 4339 4340
3 4326 4340 4342
3 4331 4341 4340
3 4327 4342 4341
3 4340 4341 4342
3 4326 4342 4344
3 4327 4343 4342
3 4333 4344 4343
3 4342 4343 4344
3 4326 4344 4346
3 4333 4345 4344
3 4336 4346 4345
3 4344 4345 4346
3 4326 4346 4338
3 4336 4347 4346
3 4337 4338 4347
3 4346 4347 4338
3 4327 4341 4349
3 4331 4348 4341
3 4335 4349 4348
3 4341 4348 4349
3 4331 4339 4351
3 4337 4350 4339
3 4330 4351 4350
3 4339 4350 4351
3 4337 4347 4353
3 4336 4352 4347
3 4328 4353 4352
3 4347 4352 4353
3 4336 4345 4355
3 4333 4354 4345
3 4332 4355 4354
3 4345 4354 4355
3 4333 4343 4357
3 4327 4356 4343
3 4334 4357 4356
3 4343 4356 4357
3 4329 4358 4360
3 4335 4359 4358
3 4330 4360 4359
3 4358 4359 4360
3 4329 4360 4362
3 4330 4361 4360
3 4328 4362 4361
3 4360 4361 4362
3 4329 4362 4364
3 4328 4363 4362
3 4332 4364 4363
3 4362 4363 4364
3 4329 4364 4366
3 4332 4365 4364
3 4334 4366 4365
3 4364 4365 4366
3 4329 4366 4358
3 4334 4367 4366
3 4335 4358 4367
3 4366 4367 4358
3 4330 4359 4351
3 4335 4348 4359
3 4331 4351 4348
3 4359 4348 4351
3 4328 4361 4353
3 4330 4350 4361
3 4337 4353 4350
3 4361 4350 4353
3 4332 4363 4355
3 4328 4352 4363
3 4336 4355 4352
3 4363 4352 4355
3 4334 4365 4357
3 4332 4354 4365
3 4333 4357 4354
3 4365 4354 4357
3 4335 4367 4349
3 4334 4356 4367
3 4327 4349 4356
3 4367 4356 4349
3 4368 4380 4382
3 4379 4381 4380
3 4373 4382 4381
3 4380 4381 4382
3 4368 4382 4384
3 4373 4383 4382
3 4369 4384 4383
3 4382 4383 4384
3 4368 4384 4386
3 4369 4385 4384
3 4375 4386 4385
3 4384 4385 4386
3 4368 4386 4388
3 4375 4387 4386
3 4378 4388 4387
3 4386 4387 4388
3 4368 4388 4380
3 4378 4389 4388
3 4379 4380 4389
3 4388 4389 4380
3 4369 4383 4391
3 4373 4390 4383
3 4377 4391 4390
3 4383 4390 4391
3 4373 4381 4393
3 4379 4392 4381
3 4372 4393 4392
3 4381 4392 4393
3 4379 4389 4395
3 4378 4394 4389
3 4370 4395 4394
3 4389 4394 4395
3 4378 4387 4397
3 4375 4396 4387
3 4374 4397 4396
3 4387 4396 4397
3 4375 4385 4399
3 4369 4398 4385
3 4376 4399 4398
3 4385 4398 4399
3 4371 4400 4402
3 4377 4401 4400
3 4372 4402 4401
3 4400 4401 4402
3 4371 4402 4404
3 4372 4403 4402
3 4370 4404 4403
3 4402 4403 4404
3 4371 4404 4406
3 4370 4405 4404
3 4374 4406 4405
3 4404 4405 4406
3 4371 4406 4408
3 4374 4407 4406
3 4376 4408 4407
3 4406 4407 4408
3 4371 4408 4400
3 4376 4409 4408
3 4377 4400 4409
3 4408 4409 4400
3 4372 4401 4393
3 4377 4390 4401
3 4373 4393 4390
3 4401 4390 4393
3 4370 4403 4395
3 4372 4392 4403
3 4379 4395 4392
3 4403 4392 4395
3 4374 4405 4397
3 4370 4394 4405
3 4378 4397 4394
3 4405 4394 4397
3 4376 4407 4399
3 4374 4396 4407
3 4375 4399 4396
3 4407 4396 4399
3 4377 4409 4391
3 4376 4398 4409
3 4369 4391 4398
3 4409 4398 4391
3 4410 4422 4424
3 4421 4423 4422
3 4415 4424 4423
3 4422 4423 4424
3 4410 4424 4426
3 4415 4425 4424
3 4411 4426 4425
3 4424 4425 4426
3 4410 4426 4428
3 4411 4427 4426
3 4417 4428 4427
3 4426 4427 4428
3 4410 4428 4430
3 4417 4429 4428
3 4420 4430 4429
3 4428 4429 4430
3 4410 4430 4422
3 4420 4431 4430
3 4421 4422 4431
3 4430 4431 4422
3 4411 4425 4433
3 4415 4432 4425
3 4419 4433 4432
3 4425 4432 4433
3 4415 4423 4435
3 4421 4434 4423
3 4414 4435 4434
3 4423 4434 4435
3 4421 4431 4437
3 4420 4436 4431
3 4412 4437 4436
3 4431 4436 4437
3 4420 4429 4439
3 4417 4438 4429
3 4416 4439 4438
3 4429 4438 4439
3 4417 4427 4441
3 4411 4440 4427
3 4418 4441 4440
3 4427 4440 4441
3 4413 4442 4444
3 4419 4443 4442
3 4414 4444 4443
3 4442 4443 4444
3 4413 4444 4446
3 4414 4445 4444
3 4412 4446 4445
3 4444 4445 4446
3 4413 4446 4448
3 4412 4447 4446
3 4416 4448 4447
3 4446 4447 4448
3 4413 4448 4450
3 4416 4449 4448
3 4418 4450 4449
3 4448 4449 4450
3 4413 4450 4442
3 4418 4451 4450
3 4419 4442 4451
3 4450 4451 4442
3 4414 4443 4435
3 4419 4432 4443
3 4415 4435 4432
3 4443 4432 4435
3 4412 4445 4437
3 4414 4434 4445
3 4421 4437 4434
3 4445 4434 4437
3 4416 4447 4439
3 4412 4436 4447
3 4420 4439 4436
3 4447 4436 4439
3 4418 4449 4441
3 4416 4438 4449
3 4417 4441 4438
3 4449 4438 4441
3 4419 4451 4433
3 4418 4440 4451
3 4411 4433 4440
3 4451 4440 4433
3 4452 4464 4466
3 4463 4465 4464
3 4457 4466 4465
3 4464 4465 4466
3 4452 4466 4468
3 4457 4467 4466
3 4453 4468 4467
3 4466 4467 4468
3 4452 4468 4470
3 4453 4469 4468
3 4459 4470 4469
3 4468 4469 4470
3 4452 4470 4472
3 4459 4471 4470
3 4462 4472 4471
3 4470 4471 4472
3 4452 4472 4464
3 4462 4473 4472
3 4463 4464 4473
3 4472 4473 4464
3 4453 4467 4475
3 4457 4474 4467
3 4461 4475 4474
3 4467 4474 4475
3 4457 4465 4477
3 4463 4476 4465
3 4456 4477 4476
3 4465 4476 4477
3 4463 4473 4479
3 4462 4478 4473
3 4454 4479 4478
3 4473 4478 4479
3 4462 4471 4481
3 4459 4480 4471
3 4458 4481 4480
3 4471 4480 4481
3 4459 4469 4483
3 4453 4482 4469
3 4460 4483 4482
3 4469 4482 4483
3 4455 4484 4486
3 4461 4485 4484
3 4456 4486 4485
3 4484 4485 4486
3 4455 4486 4488
3 4456 4487 4486
3 4454 4488 4487
3 4486 4487 4488
3 4455 4488 4490
3 4454 4489 4488
3 4458 4490 4489
3 4488 4489 4490
3 4455 4490 4492
3 4458 4491 4490
3 4460 4492 4491
3 4490 4491 4492
3 4455 4492 4484
3 4460 4493 4492
3 4461 4484 4493
3 4492 4493 4484
3 4456 4485 4477
3 4461 4474 4485
3 4457 4477 4474
3 4485 4474 4477
3 4454 4487 4479
3 4456 4476 4487
3 4463 4479 4476
3 4487 4476 4479
3 4458 4489 4481
3 4454 4478 4489
3 4462 4481 4478
3 4489 4478 4481
3 4460 4491 4483
3 4458 4480 4491
3 4459 4483 4480
3 4491 4480 4483
3 4461 4493 4475
3 4460 4482 4493
3 4453 4475 4482
3 4493 4482 4475
