ply
format ascii 1.0
element vertex 4494
property float x
property float y
property float z
property uchar red
property uchar green
property uchar blue
element face 8560
property list uchar int vertex_indices
end_header
-0.205092 -0.064841 0.481613 255 0 0
-0.212430 -0.064841 0.489144 255 0 0
-0.205092 -0.081854 0.481613 255 0 0
-0.212430 -0.081854 0.489144 255 0 0
-0.214854 -0.078605 0.479442 255 0 0
-0.214854 -0.068091 0.479442 255 0 0
-0.202668 -0.078605 0.491315 255 0 0
-0.202668 -0.068091 0.491315 255 0 0
-0.210932 -0.073348 0.495140 255 0 0
-0.218463 -0.073348 0.487803 255 0 0
-0.199059 -0.073348 0.482955 255 0 0
-0.206590 -0.073348 0.475617 255 0 0
-0.205328 -0.068348 0.477428 255 0 0
-0.211066 -0.070258 0.476152 255 0 0
-0.210186 -0.065258 0.479676 255 0 0
-0.214499 -0.065258 0.484103 255 0 0
-0.208761 -0.063348 0.485379 255 0 0
-0.207336 -0.065258 0.491081 255 0 0
-0.203023 -0.065258 0.486654 255 0 0
-0.199477 -0.070258 0.487443 255 0 0
-0.200902 -0.068348 0.481740 255 0 0
-0.201782 -0.073348 0.478216 255 0 0
-0.218045 -0.070258 0.483314 255 0 0
-0.216620 -0.068348 0.489017 255 0 0
-0.211066 -0.076438 0.476152 255 0 0
-0.215923 -0.073348 0.478400 255 0 0
-0.200902 -0.078348 0.481740 255 0 0
-0.205328 -0.078348 0.477428 255 0 0
-0.201598 -0.073348 0.492357 255 0 0
-0.199477 -0.076438 0.487443 255 0 0
-0.212193 -0.068348 0.493330 255 0 0
-0.206456 -0.070258 0.494606 255 0 0
-0.216620 -0.078348 0.489017 255 0 0
-0.218045 -0.076438 0.483314 255 0 0
-0.214499 -0.081438 0.484103 255 0 0
-0.210186 -0.081438 0.479676 255 0 0
-0.208761 -0.083348 0.485379 255 0 0
-0.203023 -0.081438 0.486654 255 0 0
-0.207336 -0.081438 0.491081 255 0 0
-0.206456 -0.076438 0.494606 255 0 0
-0.212193 -0.078348 0.493330 255 0 0
-0.215739 -0.073348 0.492541 255 0 0
-0.197450 0.094555 0.493629 255 0 0
-0.204787 0.094555 0.501160 255 0 0
-0.197450 0.077542 0.493629 255 0 0
-0.204787 0.077542 0.501160 255 0 0
-0.207211 0.080792 0.491458 255 0 0
-0.207211 0.091306 0.491458 255 0 0
-0.195026 0.080792 0.503331 255 0 0
-0.195026 0.091306 0.503331 255 0 0
-0.203289 0.086049 0.507156 255 0 0
-0.210820 0.086049 0.499818 255 0 0
-0.191417 0.086049 0.494971 255 0 0
-0.198948 0.086049 0.487633 255 0 0
-0.197686 0.091049 0.489443 255 0 0
-0.203424 0.089139 0.488168 255 0 0
-0.202543 0.094139 0.491692 255 0 0
-0.206856 0.094139 0.496119 255 0 0
-0.201118 0.096049 0.497394 255 0 0
-0.199694 0.094139 0.503097 255 0 0
-0.195381 0.094139 0.498670 255 0 0
-0.191835 0.089139 0.499459 255 0 0
-0.193259 0.091049 0.493756 255 0 0
-0.194140 0.086049 0.490232 255 0 0
-0.210402 0.089139 0.495330 255 0 0
-0.208977 0.091049 0.501033 255 0 0
-0.203424 0.082959 0.488168 255 0 0
-0.208281 0.086049 0.490416 255 0 0
-0.193259 0.081049 0.493756 255 0 0
-0.197686 0.081049 0.489443 255 0 0
-0.193956 0.086049 0.504373 255 0 0
-0.191835 0.082959 0.499459 255 0 0
-0.204551 0.091049 0.505345 255 0 0
-0.198813 0.089139 0.506621 255 0 0
-0.208977 0.081049 0.501033 255 0 0
-0.210402 0.082959 0.495330 255 0 0
-0.206856 0.077959 0.496119 255 0 0
-0.202543 0.077959 0.491692 255 0 0
-0.201118 0.076049 0.497394 255 0 0
-0.195381 0.077959 0.498670 255 0 0
-0.199694 0.077959 0.503097 255 0 0
-0.198813 0.082959 0.506621 255 0 0
-0.204551 0.081049 0.505345 255 0 0
-0.208097 0.086049 0.504557 255 0 0
-0.160767 0.045064 0.445326 255 0 0
-0.168104 0.045064 0.452857 255 0 0
-0.160767 0.028051 0.445326 255 0 0
-0.168104 0.028051 0.452857 255 0 0
-0.170528 0.031300 0.443155 255 0 0
-0.170528 0.041814 0.443155 255 0 0
-0.158343 0.031300 0.455028 255 0 0
-0.158343 0.041814 0.455028 255 0 0
-0.166606 0.036557 0.458853 255 0 0
-0.174137 0.036557 0.451516 255 0 0
-0.154734 0.036557 0.446668 255 0 0
-0.162265 0.036557 0.439330 255 0 0
-0.161003 0.041557 0.441141 255 0 0
-0.166741 0.039647 0.439865 255 0 0
-0.165860 0.044647 0.443389 255 0 0
-0.170173 0.044647 0.447816 255 0 0
-0.164436 0.046557 0.449092 255 0 0
-0.163011 0.044647 0.454794 255 0 0
-0.158698 0.044647 0.450368 255 0 0
-0.155152 0.039647 0.451156 255 0 0
-0.156577 0.041557 0.445454 255 0 0
-0.157457 0.036557 0.441929 255 0 0
-0.173719 0.039647 0.447027 255 0 0
-0.172295 0.041557 0.452730 255 0 0
-0.166741 0.033467 0.439865 255 0 0
-0.171598 0.036557 0.442113 255 0 0
-0.156577 0.031557 0.445454 255 0 0
-0.161003 0.031557 0.441141 255 0 0
-0.157273 0.036557 0.456070 255 0 0
-0.155152 0.033467 0.451156 255 0 0
-0.167868 0.041557 0.457043 255 0 0
-0.162130 0.039647 0.458319 255 0 0
-0.172295 0.031557 0.452730 255 0 0
-0.173719 0.033467 0.447027 255 0 0
-0.170173 0.028467 0.447816 255 0 0
-0.165860 0.028467 0.443389 255 0 0
-0.164436 0.026557 0.449092 255 0 0
-0.158698 0.028467 0.450368 255 0 0
-0.163011 0.028467 0.454794 255 0 0
-0.162130 0.033467 0.458319 255 0 0
-0.167868 0.031557 0.457043 255 0 0
-0.171414 0.036557 0.456254 255 0 0
-0.136136 -0.067222 0.418998 255 0 0
-0.143473 -0.067222 0.426529 255 0 0
-0.136136 -0.084235 0.418998 255 0 0
-0.143473 -0.084235 0.426529 255 0 0
-0.145897 -0.080986 0.416827 255 0 0
-0.145897 -0.070471 0.416827 255 0 0
-0.133712 -0.080986 0.428700 255 0 0
-0.133712 -0.070471 0.428700 255 0 0
-0.141975 -0.075728 0.432525 255 0 0
-0.149506 -0.075728 0.425187 255 0 0
-0.130103 -0.075728 0.420340 255 0 0
-0.137634 -0.075728 0.413002 255 0 0
-0.136372 -0.070728 0.414812 255 0 0
-0.142110 -0.072638 0.413537 255 0 0
-0.141229 -0.067638 0.417061 255 0 0
-0.145542 -0.067638 0.421488 255 0 0
-0.139804 -0.065728 0.422763 255 0 0
-0.138380 -0.067638 0.428466 255 0 0
-0.134067 -0.067638 0.424039 255 0 0
-0.130521 -0.072638 0.424828 255 0 0
-0.131945 -0.070728 0.419125 255 0 0
-0.132826 -0.075728 0.415601 255 0 0
-0.149088 -0.072638 0.420699 255 0 0
-0.147664 -0.070728 0.426402 255 0 0
-0.142110 -0.078819 0.413537 255 0 0
-0.146967 -0.075728 0.415785 255 0 0
-0.131945 -0.080728 0.419125 255 0 0
-0.136372 -0.080728 0.414812 255 0 0
-0.132642 -0.075728 0.429742 255 0 0
-0.130521 -0.078819 0.424828 255 0 0
-0.143237 -0.070728 0.430715 255 0 0
-0.137499 -0.072638 0.431990 255 0 0
-0.147664 -0.080728 0.426402 255 0 0
-0.149088 -0.078819 0.420699 255 0 0
-0.145542 -0.083819 0.421488 255 0 0
-0.141229 -0.083819 0.417061 255 0 0
-0.139804 -0.085728 0.422763 255 0 0
-0.134067 -0.083819 0.424039 255 0 0
-0.138380 -0.083819 0.428466 255 0 0
-0.137499 -0.078819 0.431990 255 0 0
-0.143237 -0.080728 0.430715 255 0 0
-0.146783 -0.075728 0.429926 255 0 0
-0.120249 -0.017552 0.442833 255 0 0
-0.127586 -0.017552 0.450364 255 0 0
-0.120249 -0.034566 0.442833 255 0 0
-0.127586 -0.034566 0.450364 255 0 0
-0.130010 -0.031316 0.440662 255 0 0
-0.130010 -0.020802 0.440662 255 0 0
-0.117825 -0.031316 0.452535 255 0 0
-0.117825 -0.020802 0.452535 255 0 0
-0.126088 -0.026059 0.456360 255 0 0
-0.133619 -0.026059 0.449022 255 0 0
-0.114216 -0.026059 0.444175 255 0 0
-0.121747 -0.026059 0.436837 255 0 0
-0.120485 -0.021059 0.438647 255 0 0
-0.126223 -0.022969 0.437372 255 0 0
-0.125342 -0.017969 0.440896 255 0 0
-0.129655 -0.017969 0.445323 255 0 0
-0.123918 -0.016059 0.446598 255 0 0
-0.122493 -0.017969 0.452301 255 0 0
-0.118180 -0.017969 0.447874 255 0 0
-0.114634 -0.022969 0.448663 255 0 0
-0.116059 -0.021059 0.442960 255 0 0
-0.116939 -0.026059 0.439436 255 0 0
-0.133201 -0.022969 0.444534 255 0 0
-0.131777 -0.021059 0.450237 255 0 0
-0.126223 -0.029149 0.437372 255 0 0
-0.131080 -0.026059 0.439620 255 0 0
-0.116059 -0.031059 0.442960 255 0 0
-0.120485 -0.031059 0.438647 255 0 0
-0.116755 -0.026059 0.453577 255 0 0
-0.114634 -0.029149 0.448663 255 0 0
-0.127350 -0.021059 0.454549 255 0 0
-0.121612 -0.022969 0.455825 255 0 0
-0.131777 -0.031059 0.450237 255 0 0
-0.133201 -0.029149 0.444534 255 0 0
-0.129655 -0.034149 0.445323 255 0 0
-0.125342 -0.034149 0.440896 255 0 0
-0.123918 -0.036059 0.446598 255 0 0
-0.118180 -0.034149 0.447874 255 0 0
-0.122493 -0.034149 0.452301 255 0 0
-0.121612 -0.029149 0.455825 255 0 0
-0.127350 -0.031059 0.454549 255 0 0
-0.130896 -0.026059 0.453761 255 0 0
-0.202136 -0.063532 0.482451 255 0 0
-0.209473 -0.063532 0.489982 255 0 0
-0.202136 -0.080545 0.482451 255 0 0
-0.209473 -0.080545 0.489982 255 0 0
-0.211897 -0.077296 0.480280 255 0 0
-0.211897 -0.066781 0.480280 255 0 0
-0.199712 -0.077296 0.492152 255 0 0
-0.199712 -0.066781 0.492152 255 0 0
-0.207975 -0.072039 0.495978 255 0 0
-0.215506 -0.072039 0.488640 255 0 0
-0.196103 -0.072039 0.483792 255 0 0
-0.203634 -0.072039 0.476455 255 0 0
-0.202372 -0.067039 0.478265 255 0 0
-0.208110 -0.068948 0.476989 255 0 0
-0.207229 -0.063948 0.480514 255 0 0
-0.211542 -0.063948 0.484940 255 0 0
-0.205805 -0.062039 0.486216 255 0 0
-0.204380 -0.063948 0.491919 255 0 0
-0.200067 -0.063948 0.487492 255 0 0
-0.196521 -0.068948 0.488281 255 0 0
-0.197946 -0.067039 0.482578 255 0 0
-0.198826 -0.072039 0.479054 255 0 0
-0.215088 -0.068948 0.484152 255 0 0
-0.213664 -0.067039 0.489854 255 0 0
-0.208110 -0.075129 0.476989 255 0 0
-0.212967 -0.072039 0.479238 255 0 0
-0.197946 -0.077039 0.482578 255 0 0
-0.202372 -0.077039 0.478265 255 0 0
-0.198642 -0.072039 0.493195 255 0 0
-0.196521 -0.075129 0.488281 255 0 0
-0.209237 -0.067039 0.494167 255 0 0
-0.203499 -0.068948 0.495443 255 0 0
-0.213664 -0.077039 0.489854 255 0 0
-0.215088 -0.075129 0.484152 255 0 0
-0.211542 -0.080129 0.484940 255 0 0
-0.207229 -0.080129 0.480514 255 0 0
-0.205805 -0.082039 0.486216 255 0 0
-0.200067 -0.080129 0.487492 255 0 0
-0.204380 -0.080129 0.491919 255 0 0
-0.203499 -0.075129 0.495443 255 0 0
-0.209237 -0.077039 0.494167 255 0 0
-0.212783 -0.072039 0.493379 255 0 0
-0.192292 0.040117 0.481181 255 0 0
-0.199630 0.040117 0.488712 255 0 0
-0.192292 0.023104 0.481181 255 0 0
-0.199630 0.023104 0.488712 255 0 0
-0.202054 0.026353 0.479010 255 0 0
-0.202054 0.036867 0.479010 255 0 0
-0.189868 0.026353 0.490883 255 0 0
-0.189868 0.036867 0.490883 255 0 0
-0.198132 0.031610 0.494708 255 0 0
-0.205663 0.031610 0.487371 255 0 0
-0.186259 0.031610 0.482523 255 0 0
-0.193790 0.031610 0.475185 255 0 0
-0.192529 0.036610 0.476996 255 0 0
-0.198266 0.034700 0.475720 255 0 0
-0.197386 0.039700 0.479244 255 0 0
-0.201699 0.039700 0.483671 255 0 0
-0.195961 0.041610 0.484947 255 0 0
-0.194536 0.039700 0.490649 255 0 0
-0.190223 0.039700 0.486223 255 0 0
-0.186677 0.034700 0.487011 255 0 0
-0.188102 0.036610 0.481309 255 0 0
-0.188983 0.031610 0.477784 255 0 0
-0.205245 0.034700 0.482882 255 0 0
-0.203820 0.036610 0.488585 255 0 0
-0.198266 0.028520 0.475720 255 0 0
-0.203124 0.031610 0.477968 255 0 0
-0.188102 0.026610 0.481309 255 0 0
-0.192529 0.026610 0.476996 255 0 0
-0.188799 0.031610 0.491925 255 0 0
-0.186677 0.028520 0.487011 255 0 0
-0.199394 0.036610 0.492898 255 0 0
-0.193656 0.034700 0.494174 255 0 0
-0.203820 0.026610 0.488585 255 0 0
-0.205245 0.028520 0.482882 255 0 0
-0.201699 0.023520 0.483671 255 0 0
-0.197386 0.023520 0.479244 255 0 0
-0.195961 0.021610 0.484947 255 0 0
-0.190223 0.023520 0.486223 255 0 0
-0.194536 0.023520 0.490649 255 0 0
-0.193656 0.028520 0.494174 255 0 0
-0.199394 0.026610 0.492898 255 0 0
-0.202940 0.031610 0.492109 255 0 0
-0.176964 -0.014165 0.420221 255 0 0
-0.184302 -0.014165 0.427752 255 0 0
-0.176964 -0.031178 0.420221 255 0 0
-0.184302 -0.031178 0.427752 255 0 0
-0.186726 -0.027929 0.418050 255 0 0
-0.186726 -0.017414 0.418050 255 0 0
-0.174540 -0.027929 0.429923 255 0 0
-0.174540 -0.017414 0.429923 255 0 0
-0.182804 -0.022672 0.433748 255 0 0
-0.190335 -0.022672 0.426411 255 0 0
-0.170931 -0.022672 0.421563 255 0 0
-0.178462 -0.022672 0.414225 255 0 0
-0.177201 -0.017672 0.416036 255 0 0
-0.182938 -0.019581 0.414760 255 0 0
-0.182058 -0.014581 0.418284 255 0 0
-0.186371 -0.014581 0.422711 255 0 0
-0.180633 -0.012672 0.423987 255 0 0
-0.179208 -0.014581 0.429689 255 0 0
-0.174895 -0.014581 0.425263 255 0 0
-0.171349 -0.019581 0.426051 255 0 0
-0.172774 -0.017672 0.420349 255 0 0
-0.173655 -0.022672 0.416824 255 0 0
-0.189917 -0.019581 0.421922 255 0 0
-0.188492 -0.017672 0.427625 255 0 0
-0.182938 -0.025762 0.414760 255 0 0
-0.187796 -0.022672 0.417008 255 0 0
-0.172774 -0.027672 0.420349 255 0 0
-0.177201 -0.027672 0.416036 255 0 0
-0.173471 -0.022672 0.430965 255 0 0
-0.171349 -0.025762 0.426051 255 0 0
-0.184066 -0.017672 0.431938 255 0 0
-0.178328 -0.019581 0.433214 255 0 0
-0.188492 -0.027672 0.427625 255 0 0
-0.189917 -0.025762 0.421922 255 0 0
-0.186371 -0.030762 0.422711 255 0 0
-0.182058 -0.030762 0.418284 255 0 0
-0.180633 -0.032672 0.423987 255 0 0
-0.174895 -0.030762 0.425263 255 0 0
-0.179208 -0.030762 0.429689 255 0 0
-0.178328 -0.025762 0.433214 255 0 0
-0.184066 -0.027672 0.431938 255 0 0
-0.187612 -0.022672 0.431149 255 0 0
-0.158146 0.038617 0.478765 255 0 0
-0.165484 0.038617 0.486296 255 0 0
-0.158146 0.021604 0.478765 255 0 0
-0.165484 0.021604 0.486296 255 0 0
-0.167908 0.024853 0.476595 255 0 0
-0.167908 0.035368 0.476595 255 0 0
-0.155722 0.024853 0.488467 255 0 0
-0.155722 0.035368 0.488467 255 0 0
-0.163986 0.030111 0.492292 255 0 0
-0.171517 0.030111 0.484955 255 0 0
-0.152113 0.030111 0.480107 255 0 0
-0.159644 0.030111 0.472769 255 0 0
-0.158383 0.035111 0.474580 255 0 0
-0.164120 0.033201 0.473304 255 0 0
-0.163240 0.038201 0.476828 255 0 0
-0.167553 0.038201 0.481255 255 0 0
-0.161815 0.040111 0.482531 255 0 0
-0.160390 0.038201 0.488233 255 0 0
-0.156077 0.038201 0.483807 255 0 0
-0.152531 0.033201 0.484595 255 0 0
-0.153956 0.035111 0.478893 255 0 0
-0.154837 0.030111 0.475368 255 0 0
-0.171099 0.033201 0.480466 255 0 0
-0.169674 0.035111 0.486169 255 0 0
-0.164120 0.027021 0.473304 255 0 0
-0.168978 0.030111 0.475552 255 0 0
-0.153956 0.025111 0.478893 255 0 0
-0.158383 0.025111 0.474580 255 0 0
-0.154653 0.030111 0.489509 255 0 0
-0.152531 0.027021 0.484595 255 0 0
-0.165248 0.035111 0.490482 255 0 0
-0.159510 0.033201 0.491758 255 0 0
-0.169674 0.025111 0.486169 255 0 0
-0.171099 0.027021 0.480466 255 0 0
-0.167553 0.022021 0.481255 255 0 0
-0.163240 0.022021 0.476828 255 0 0
-0.161815 0.020111 0.482531 255 0 0
-0.156077 0.022021 0.483807 255 0 0
-0.160390 0.022021 0.488233 255 0 0
-0.159510 0.027021 0.491758 255 0 0
-0.165248 0.025111 0.490482 255 0 0
-0.168794 0.030111 0.489693 255 0 0
-0.125631 -0.070287 0.458424 255 0 0
-0.132969 -0.070287 0.465955 255 0 0
-0.125631 -0.087300 0.458424 255 0 0
-0.132969 -0.087300 0.465955 255 0 0
-0.135393 -0.084051 0.456253 255 0 0
-0.135393 -0.073536 0.456253 255 0 0
-0.123207 -0.084051 0.468126 255 0 0
-0.123207 -0.073536 0.468126 255 0 0
-0.131471 -0.078793 0.471951 255 0 0
-0.139002 -0.078793 0.464613 255 0 0
-0.119598 -0.078793 0.459766 255 0 0
-0.127129 -0.078793 0.452428 255 0 0
-0.125868 -0.073793 0.454238 255 0 0
-0.131605 -0.075703 0.452963 255 0 0
-0.130725 -0.070703 0.456487 255 0 0
-0.135038 -0.070703 0.460914 255 0 0
-0.129300 -0.068793 0.462189 255 0 0
-0.127875 -0.070703 0.467892 255 0 0
-0.123562 -0.070703 0.463465 255 0 0
-0.120016 -0.075703 0.464254 255 0 0
-0.121441 -0.073793 0.458551 255 0 0
-0.122322 -0.078793 0.455027 255 0 0
-0.138584 -0.075703 0.460125 255 0 0
-0.137159 -0.073793 0.465828 255 0 0
-0.131605 -0.081884 0.452963 255 0 0
-0.136463 -0.078793 0.455211 255 0 0
-0.121441 -0.083793 0.458551 255 0 0
-0.125868 -0.083793 0.454238 255 0 0
-0.122138 -0.078793 0.469168 255 0 0
-0.120016 -0.081884 0.464254 255 0 0
-0.132733 -0.073793 0.470141 255 0 0
-0.126995 -0.075703 0.471416 255 0 0
-0.137159 -0.083793 0.465828 255 0 0
-0.138584 -0.081884 0.460125 255 0 0
-0.135038 -0.086884 0.460914 255 0 0
-0.130725 -0.086884 0.456487 255 0 0
-0.129300 -0.088793 0.462189 255 0 0
-0.123562 -0.086884 0.463465 255 0 0
-0.127875 -0.086884 0.467892 255 0 0
-0.126995 -0.081884 0.471416 255 0 0
-0.132733 -0.083793 0.470141 255 0 0
-0.136279 -0.078793 0.469352 255 0 0
-0.198196 0.080005 0.471062 255 0 0
-0.205534 0.080005 0.478593 255 0 0
-0.198196 0.062992 0.471062 255 0 0
-0.205534 0.062992 0.478593 255 0 0
-0.207958 0.066241 0.468891 255 0 0
-0.207958 0.076756 0.468891 255 0 0
-0.195772 0.066241 0.480763 255 0 0
-0.195772 0.076756 0.480763 255 0 0
-0.204036 0.071498 0.484589 255 0 0
-0.211567 0.071498 0.477251 255 0 0
-0.192163 0.071498 0.472403 255 0 0
-0.199694 0.071498 0.465066 255 0 0
-0.198433 0.076498 0.466876 255 0 0
-0.204170 0.074589 0.465600 255 0 0
-0.203290 0.079589 0.469124 255 0 0
-0.207603 0.079589 0.473551 255 0 0
-0.201865 0.081498 0.474827 255 0 0
-0.200440 0.079589 0.480530 255 0 0
-0.196127 0.079589 0.476103 255 0 0
-0.192581 0.074589 0.476892 255 0 0
-0.194006 0.076498 0.471189 255 0 0
-0.194887 0.071498 0.467665 255 0 0
-0.211149 0.074589 0.472763 255 0 0
-0.209724 0.076498 0.478465 255 0 0
-0.204170 0.068408 0.465600 255 0 0
-0.209027 0.071498 0.467849 255 0 0
-0.194006 0.066498 0.471189 255 0 0
-0.198433 0.066498 0.466876 255 0 0
-0.194703 0.071498 0.481806 255 0 0
-0.192581 0.068408 0.476892 255 0 0
-0.205297 0.076498 0.482778 255 0 0
-0.199560 0.074589 0.484054 255 0 0
-0.209724 0.066498 0.478465 255 0 0
-0.211149 0.068408 0.472763 255 0 0
-0.207603 0.063408 0.473551 255 0 0
-0.203290 0.063408 0.469124 255 0 0
-0.201865 0.061498 0.474827 255 0 0
-0.196127 0.063408 0.476103 255 0 0
-0.200440 0.063408 0.480530 255 0 0
-0.199560 0.068408 0.484054 255 0 0
-0.205297 0.066498 0.482778 255 0 0
-0.208843 0.071498 0.481990 255 0 0
-0.169666 -0.031869 0.404660 255 0 0
-0.177004 -0.031869 0.412191 255 0 0
-0.169666 -0.048882 0.404660 255 0 0
-0.177004 -0.048882 0.412191 255 0 0
-0.179428 -0.045633 0.402489 255 0 0
-0.179428 -0.035118 0.402489 255 0 0
-0.167242 -0.045633 0.414362 255 0 0
-0.167242 -0.035118 0.414362 255 0 0
-0.175506 -0.040375 0.418187 255 0 0
-0.183037 -0.040375 0.410849 255 0 0
-0.163633 -0.040375 0.406002 255 0 0
-0.171164 -0.040375 0.398664 255 0 0
-0.169903 -0.035375 0.400474 255 0 0
-0.175640 -0.037285 0.399199 255 0 0
-0.174760 -0.032285 0.402723 255 0 0
-0.179073 -0.032285 0.407150 255 0 0
-0.173335 -0.030375 0.408425 255 0 0
-0.171910 -0.032285 0.414128 255 0 0
-0.167597 -0.032285 0.409701 255 0 0
-0.164051 -0.037285 0.410490 255 0 0
-0.165476 -0.035375 0.404787 255 0 0
-0.166357 -0.040375 0.401263 255 0 0
-0.182619 -0.037285 0.406361 255 0 0
-0.181194 -0.035375 0.412064 255 0 0
-0.175640 -0.043465 0.399199 255 0 0
-0.180497 -0.040375 0.401447 255 0 0
-0.165476 -0.045375 0.404787 255 0 0
-0.169903 -0.045375 0.400474 255 0 0
-0.166173 -0.040375 0.415404 255 0 0
-0.164051 -0.043465 0.410490 255 0 0
-0.176767 -0.035375 0.416377 255 0 0
-0.171030 -0.037285 0.417652 255 0 0
-0.181194 -0.045375 0.412064 255 0 0
-0.182619 -0.043465 0.406361 255 0 0
-0.179073 -0.048465 0.407150 255 0 0
-0.174760 -0.048465 0.402723 255 0 0
-0.173335 -0.050375 0.408425 255 0 0
-0.167597 -0.048465 0.409701 255 0 0
-0.171910 -0.048465 0.414128 255 0 0
-0.171030 -0.043465 0.417652 255 0 0
-0.176767 -0.045375 0.416377 255 0 0
-0.180314 -0.040375 0.415588 255 0 0
-0.143388 -0.071887 0.441228 255 0 0
-0.150725 -0.071887 0.448759 255 0 0
-0.143388 -0.088900 0.441228 255 0 0
-0.150725 -0.088900 0.448759 255 0 0
-0.153149 -0.085651 0.439057 255 0 0
-0.153149 -0.075136 0.439057 255 0 0
-0.140964 -0.085651 0.450930 255 0 0
-0.140964 -0.075136 0.450930 255 0 0
-0.149227 -0.080394 0.454755 255 0 0
-0.156758 -0.080394 0.447417 255 0 0
-0.137355 -0.080394 0.442569 255 0 0
-0.144886 -0.080394 0.435232 255 0 0
-0.143624 -0.075394 0.437042 255 0 0
-0.149362 -0.077304 0.435766 255 0 0
-0.148481 -0.072304 0.439291 255 0 0
-0.152794 -0.072304 0.443717 255 0 0
-0.147057 -0.070394 0.444993 255 0 0
-0.145632 -0.072304 0.450696 255 0 0
-0.141319 -0.072304 0.446269 255 0 0
-0.137773 -0.077304 0.447058 255 0 0
-0.139198 -0.075394 0.441355 255 0 0
-0.140078 -0.080394 0.437831 255 0 0
-0.156340 -0.077304 0.442929 255 0 0
-0.154916 -0.075394 0.448631 255 0 0
-0.149362 -0.083484 0.435766 255 0 0
-0.154219 -0.080394 0.438015 255 0 0
-0.139198 -0.085394 0.441355 255 0 0
-0.143624 -0.085394 0.437042 255 0 0
-0.139894 -0.080394 0.451972 255 0 0
-0.137773 -0.083484 0.447058 255 0 0
-0.150489 -0.075394 0.452944 255 0 0
-0.144751 -0.077304 0.454220 255 0 0
-0.154916 -0.085394 0.448631 255 0 0
-0.156340 -0.083484 0.442929 255 0 0
-0.152794 -0.088484 0.443717 255 0 0
-0.148481 -0.088484 0.439291 255 0 0
-0.147057 -0.090394 0.444993 255 0 0
-0.141319 -0.088484 0.446269 255 0 0
-0.145632 -0.088484 0.450696 255 0 0
-0.144751 -0.083484 0.454220 255 0 0
-0.150489 -0.085394 0.452944 255 0 0
-0.154035 -0.080394 0.452156 255 0 0
-0.166448 0.033065 0.445811 255 0 0
-0.173785 0.033065 0.453342 255 0 0
-0.166448 0.016052 0.445811 255 0 0
-0.173785 0.016052 0.453342 255 0 0
-0.176209 0.019301 0.443640 255 0 0
-0.176209 0.029816 0.443640 255 0 0
-0.164024 0.019301 0.455513 255 0 0
-0.164024 0.029816 0.455513 255 0 0
-0.172287 0.024558 0.459338 255 0 0
-0.179818 0.024558 0.452000 255 0 0
-0.160415 0.024558 0.447153 255 0 0
-0.167946 0.024558 0.439815 255 0 0
-0.166684 0.029558 0.441625 255 0 0
-0.172422 0.027649 0.440350 255 0 0
-0.171541 0.032649 0.443874 255 0 0
-0.175854 0.032649 0.448301 255 0 0
-0.170116 0.034558 0.449576 255 0 0
-0.168692 0.032649 0.455279 255 0 0
-0.164379 0.032649 0.450852 255 0 0
-0.160833 0.027649 0.451641 255 0 0
-0.162257 0.029558 0.445938 255 0 0
-0.163138 0.024558 0.442414 255 0 0
-0.179400 0.027649 0.447512 255 0 0
-0.177976 0.029558 0.453215 255 0 0
-0.172422 0.021468 0.440350 255 0 0
-0.177279 0.024558 0.442598 255 0 0
-0.162257 0.019558 0.445938 255 0 0
-0.166684 0.019558 0.441625 255 0 0
-0.162954 0.024558 0.456555 255 0 0
-0.160833 0.021468 0.451641 255 0 0
-0.173549 0.029558 0.457528 255 0 0
-0.167811 0.027649 0.458803 255 0 0
-0.177976 0.019558 0.453215 255 0 0
-0.179400 0.021468 0.447512 255 0 0
-0.175854 0.016468 0.448301 255 0 0
-0.171541 0.016468 0.443874 255 0 0
-0.170116 0.014558 0.449576 255 0 0
-0.164379 0.016468 0.450852 255 0 0
-0.168692 0.016468 0.455279 255 0 0
-0.167811 0.021468 0.458803 255 0 0
-0.173549 0.019558 0.457528 255 0 0
-0.177095 0.024558 0.456739 255 0 0
-0.073961 0.011692 0.420163 255 0 0
-0.081299 0.011692 0.427694 255 0 0
-0.073961 -0.005321 0.420163 255 0 0
-0.081299 -0.005321 0.427694 255 0 0
-0.083723 -0.002072 0.417993 255 0 0
-0.083723 0.008443 0.417993 255 0 0
-0.071537 -0.002072 0.429865 255 0 0
-0.071537 0.008443 0.429865 255 0 0
-0.079801 0.003186 0.433691 255 0 0
-0.087332 0.003186 0.426353 255 0 0
-0.067928 0.003186 0.421505 255 0 0
-0.075459 0.003186 0.414167 255 0 0
-0.074198 0.008186 0.415978 255 0 0
-0.079935 0.006276 0.414702 255 0 0
-0.079055 0.011276 0.418226 255 0 0
-0.083368 0.011276 0.422653 255 0 0
-0.077630 0.013186 0.423929 255 0 0
-0.076205 0.011276 0.429632 255 0 0
-0.071892 0.011276 0.425205 255 0 0
-0.068346 0.006276 0.425993 255 0 0
-0.069771 0.008186 0.420291 255 0 0
-0.070651 0.003186 0.416767 255 0 0
-0.086914 0.006276 0.421864 255 0 0
-0.085489 0.008186 0.427567 255 0 0
-0.079935 0.000096 0.414702 255 0 0
-0.084792 0.003186 0.416950 255 0 0
-0.069771 -0.001814 0.420291 255 0 0
-0.074198 -0.001814 0.415978 255 0 0
-0.070467 0.003186 0.430907 255 0 0
-0.068346 0.000096 0.425993 255 0 0
-0.081062 0.008186 0.431880 255 0 0
-0.075325 0.006276 0.433156 255 0 0
-0.085489 -0.001814 0.427567 255 0 0
-0.086914 0.000096 0.421864 255 0 0
-0.083368 -0.004904 0.422653 255 0 0
-0.079055 -0.004904 0.418226 255 0 0
-0.077630 -0.006814 0.423929 255 0 0
-0.071892 -0.004904 0.425205 255 0 0
-0.076205 -0.004904 0.429632 255 0 0
-0.075325 0.000096 0.433156 255 0 0
-0.081062 -0.001814 0.431880 255 0 0
-0.084608 0.003186 0.431091 255 0 0
-0.079474 0.017290 0.413419 255 0 0
-0.086811 0.017290 0.420950 255 0 0
-0.079474 0.000277 0.413419 255 0 0
-0.086811 0.000277 0.420950 255 0 0
-0.089235 0.003526 0.411248 255 0 0
-0.089235 0.014041 0.411248 255 0 0
-0.077050 0.003526 0.423121 255 0 0
-0.077050 0.014041 0.423121 255 0 0
-0.085313 0.008784 0.426946 255 0 0
-0.092844 0.008784 0.419609 255 0 0
-0.073441 0.008784 0.414761 255 0 0
-0.080972 0.008784 0.407423 255 0 0
-0.079710 0.013784 0.409234 255 0 0
-0.085448 0.011874 0.407958 255 0 0
-0.084567 0.016874 0.411482 255 0 0
-0.088880 0.016874 0.415909 255 0 0
-0.083142 0.018784 0.417185 255 0 0
-0.081718 0.016874 0.422887 255 0 0
-0.077405 0.016874 0.418461 255 0 0
-0.073859 0.011874 0.419249 255 0 0
-0.075283 0.013784 0.413547 255 0 0
-0.076164 0.008784 0.410022 255 0 0
-0.092426 0.011874 0.415120 255 0 0
-0.091001 0.013784 0.420823 255 0 0
-0.085448 0.005694 0.407958 255 0 0
-0.090305 0.008784 0.410206 255 0 0
-0.075283 0.003784 0.413547 255 0 0
-0.079710 0.003784 0.409234 255 0 0
-0.075980 0.008784 0.424163 255 0 0
-0.073859 0.005694 0.419249 255 0 0
-0.086575 0.013784 0.425136 255 0 0
-0.080837 0.011874 0.426412 255 0 0
-0.091001 0.003784 0.420823 255 0 0
-0.092426 0.005694 0.415120 255 0 0
-0.088880 0.000694 0.415909 255 0 0
-0.084567 0.000694 0.411482 255 0 0
-0.083142 -0.001216 0.417185 255 0 0
-0.077405 0.000694 0.418461 255 0 0
-0.081718 0.000694 0.422887 255 0 0
-0.080837 0.005694 0.426412 255 0 0
-0.086575 0.003784 0.425136 255 0 0
-0.090121 0.008784 0.424347 255 0 0
-0.153652 0.037757 0.406480 255 0 0
-0.160990 0.037757 0.414011 255 0 0
-0.153652 0.020744 0.406480 255 0 0
-0.160990 0.020744 0.414011 255 0 0
-0.163414 0.023993 0.404309 255 0 0
-0.163414 0.034508 0.404309 255 0 0
-0.151229 0.023993 0.416181 255 0 0
-0.151229 0.034508 0.416181 255 0 0
-0.159492 0.029250 0.420007 255 0 0
-0.167023 0.029250 0.412669 255 0 0
-0.147620 0.029250 0.407821 255 0 0
-0.155151 0.029250 0.400484 255 0 0
-0.153889 0.034250 0.402294 255 0 0
-0.159627 0.032341 0.401018 255 0 0
-0.158746 0.037341 0.404543 255 0 0
-0.163059 0.037341 0.408969 255 0 0
-0.157321 0.039250 0.410245 255 0 0
-0.155897 0.037341 0.415948 255 0 0
-0.151584 0.037341 0.411521 255 0 0
-0.148037 0.032341 0.412310 255 0 0
-0.149462 0.034250 0.406607 255 0 0
-0.150343 0.029250 0.403083 255 0 0
-0.166605 0.032341 0.408181 255 0 0
-0.165180 0.034250 0.413883 255 0 0
-0.159627 0.026160 0.401018 255 0 0
-0.164484 0.029250 0.403267 255 0 0
-0.149462 0.024250 0.406607 255 0 0
-0.153889 0.024250 0.402294 255 0 0
-0.150159 0.029250 0.417224 255 0 0
-0.148037 0.026160 0.412310 255 0 0
-0.160754 0.034250 0.418196 255 0 0
-0.155016 0.032341 0.419472 255 0 0
-0.165180 0.024250 0.413883 255 0 0
-0.166605 0.026160 0.408181 255 0 0
-0.163059 0.021160 0.408969 255 0 0
-0.158746 0.021160 0.404543 255 0 0
-0.157321 0.019250 0.410245 255 0 0
-0.151584 0.021160 0.411521 255 0 0
-0.155897 0.021160 0.415948 255 0 0
-0.155016 0.026160 0.419472 255 0 0
-0.160754 0.024250 0.418196 255 0 0
-0.164300 0.029250 0.417408 255 0 0
-0.126138 -0.037941 0.429758 255 0 0
-0.133475 -0.037941 0.437289 255 0 0
-0.126138 -0.054954 0.429758 255 0 0
-0.133475 -0.054954 0.437289 255 0 0
-0.135899 -0.051704 0.427587 255 0 0
-0.135899 -0.041190 0.427587 255 0 0
-0.123714 -0.051704 0.439459 255 0 0
-0.123714 -0.041190 0.439459 255 0 0
-0.131977 -0.046447 0.443285 255 0 0
-0.139508 -0.046447 0.435947 255 0 0
-0.120105 -0.046447 0.431099 255 0 0
-0.127636 -0.046447 0.423762 255 0 0
-0.126374 -0.041447 0.425572 255 0 0
-0.132112 -0.043357 0.424296 255 0 0
-0.131231 -0.038357 0.427821 255 0 0
-0.135544 -0.038357 0.432247 255 0 0
-0.129806 -0.036447 0.433523 255 0 0
-0.128382 -0.038357 0.439226 255 0 0
-0.124069 -0.038357 0.434799 255 0 0
-0.120523 -0.043357 0.435588 255 0 0
-0.121947 -0.041447 0.429885 255 0 0
-0.122828 -0.046447 0.426361 255 0 0
-0.139090 -0.043357 0.431459 255 0 0
-0.137665 -0.041447 0.437161 255 0 0
-0.132112 -0.049537 0.424296 255 0 0
-0.136969 -0.046447 0.426545 255 0 0
-0.121947 -0.051447 0.429885 255 0 0
-0.126374 -0.051447 0.425572 255 0 0
-0.122644 -0.046447 0.440502 255 0 0
-0.120523 -0.049537 0.435588 255 0 0
-0.133239 -0.041447 0.441474 255 0 0
-0.127501 -0.043357 0.442750 255 0 0
-0.137665 -0.051447 0.437161 255 0 0
-0.139090 -0.049537 0.431459 255 0 0
-0.135544 -0.054537 0.432247 255 0 0
-0.131231 -0.054537 0.427821 255 0 0
-0.129806 -0.056447 0.433523 255 0 0
-0.124069 -0.054537 0.434799 255 0 0
-0.128382 -0.054537 0.439226 255 0 0
-0.127501 -0.049537 0.442750 255 0 0
-0.133239 -0.051447 0.441474 255 0 0
-0.136785 -0.046447 0.440686 255 0 0
-0.151998 -0.019910 0.429357 255 0 0
-0.159336 -0.019910 0.436888 255 0 0
-0.151998 -0.036923 0.429357 255 0 0
-0.159336 -0.036923 0.436888 255 0 0
-0.161760 -0.033674 0.427186 255 0 0
-0.161760 -0.023160 0.427186 255 0 0
-0.149574 -0.033674 0.439059 255 0 0
-0.149574 -0.023160 0.439059 255 0 0
-0.157838 -0.028417 0.442884 255 0 0
-0.165369 -0.028417 0.435547 255 0 0
-0.145965 -0.028417 0.430699 255 0 0
-0.153496 -0.028417 0.423361 255 0 0
-0.152235 -0.023417 0.425172 255 0 0
-0.157972 -0.025327 0.423896 255 0 0
-0.157092 -0.020327 0.427420 255 0 0
-0.161405 -0.020327 0.431847 255 0 0
-0.155667 -0.018417 0.433123 255 0 0
-0.154242 -0.020327 0.438825 255 0 0
-0.149929 -0.020327 0.434399 255 0 0
-0.146383 -0.025327 0.435187 255 0 0
-0.147808 -0.023417 0.429485 255 0 0
-0.148689 -0.028417 0.425960 255 0 0
-0.164951 -0.025327 0.431058 255 0 0
-0.163526 -0.023417 0.436761 255 0 0
-0.157972 -0.031507 0.423896 255 0 0
-0.162830 -0.028417 0.426144 255 0 0
-0.147808 -0.033417 0.429485 255 0 0
-0.152235 -0.033417 0.425172 255 0 0
-0.148505 -0.028417 0.440101 255 0 0
-0.146383 -0.031507 0.435187 255 0 0
-0.159100 -0.023417 0.441074 255 0 0
-0.153362 -0.025327 0.442350 255 0 0
-0.163526 -0.033417 0.436761 255 0 0
-0.164951 -0.031507 0.431058 255 0 0
-0.161405 -0.036507 0.431847 255 0 0
-0.157092 -0.036507 0.427420 255 0 0
-0.155667 -0.038417 0.433123 255 0 0
-0.149929 -0.036507 0.434399 255 0 0
-0.154242 -0.036507 0.438825 255 0 0
-0.153362 -0.031507 0.442350 255 0 0
-0.159100 -0.033417 0.441074 255 0 0
-0.162646 -0.028417 0.440285 255 0 0
-0.153687 -0.067623 0.472720 255 0 0
-0.161025 -0.067623 0.480251 255 0 0
-0.153687 -0.084636 0.472720 255 0 0
-0.161025 -0.084636 0.480251 255 0 0
-0.163449 -0.081387 0.470549 255 0 0
-0.163449 -0.070873 0.470549 255 0 0
-0.151263 -0.081387 0.482422 255 0 0
-0.151263 -0.070873 0.482422 255 0 0
-0.159527 -0.076130 0.486247 255 0 0
-0.167058 -0.076130 0.478909 255 0 0
-0.147654 -0.076130 0.474061 255 0 0
-0.155185 -0.076130 0.466724 255 0 0
-0.153923 -0.071130 0.468534 255 0 0
-0.159661 -0.073040 0.467258 255 0 0
-0.158781 -0.068040 0.470783 255 0 0
-0.163093 -0.068040 0.475210 255 0 0
-0.157356 -0.066130 0.476485 255 0 0
-0.155931 -0.068040 0.482188 255 0 0
-0.151618 -0.068040 0.477761 255 0 0
-0.148072 -0.073040 0.478550 255 0 0
-0.149497 -0.071130 0.472847 255 0 0
-0.150377 -0.076130 0.469323 255 0 0
-0.166640 -0.073040 0.474421 255 0 0
-0.165215 -0.071130 0.480124 255 0 0
-0.159661 -0.079220 0.467258 255 0 0
-0.164518 -0.076130 0.469507 255 0 0
-0.149497 -0.081130 0.472847 255 0 0
-0.153923 -0.081130 0.468534 255 0 0
-0.150193 -0.076130 0.483464 255 0 0
-0.148072 -0.079220 0.478550 255 0 0
-0.160788 -0.071130 0.484436 255 0 0
-0.155050 -0.073040 0.485712 255 0 0
-0.165215 -0.081130 0.480124 255 0 0
-0.166640 -0.079220 0.474421 255 0 0
-0.163093 -0.084220 0.475210 255 0 0
-0.158781 -0.084220 0.470783 255 0 0
-0.157356 -0.086130 0.476485 255 0 0
-0.151618 -0.084220 0.477761 255 0 0
-0.155931 -0.084220 0.482188 255 0 0
-0.155050 -0.079220 0.485712 255 0 0
-0.160788 -0.081130 0.484436 255 0 0
-0.164334 -0.076130 0.483648 255 0 0
-0.200258 0.001388 0.495837 255 0 0
-0.207596 0.001388 0.503368 255 0 0
-0.200258 -0.015625 0.495837 255 0 0
-0.207596 -0.015625 0.503368 255 0 0
-0.210020 -0.012375 0.493666 255 0 0
-0.210020 -0.001861 0.493666 255 0 0
-0.197834 -0.012375 0.505538 255 0 0
-0.197834 -0.001861 0.505538 255 0 0
-0.206098 -0.007118 0.509364 255 0 0
-0.213629 -0.007118 0.502026 255 0 0
-0.194225 -0.007118 0.497178 255 0 0
-0.201756 -0.007118 0.489841 255 0 0
-0.200495 -0.002118 0.491651 255 0 0
-0.206232 -0.004028 0.490375 255 0 0
-0.205352 0.000972 0.493900 255 0 0
-0.209665 0.000972 0.498326 255 0 0
-0.203927 0.002882 0.499602 255 0 0
-0.202502 0.000972 0.505305 255 0 0
-0.198189 0.000972 0.500878 255 0 0
-0.194643 -0.004028 0.501667 255 0 0
-0.196068 -0.002118 0.495964 255 0 0
-0.196949 -0.007118 0.492440 255 0 0
-0.213211 -0.004028 0.497538 255 0 0
-0.211786 -0.002118 0.503240 255 0 0
-0.206232 -0.010208 0.490375 255 0 0
-0.211089 -0.007118 0.492624 255 0 0
-0.196068 -0.012118 0.495964 255 0 0
-0.200495 -0.012118 0.491651 255 0 0
-0.196765 -0.007118 0.506581 255 0 0
-0.194643 -0.010208 0.501667 255 0 0
-0.207359 -0.002118 0.507553 255 0 0
-0.201622 -0.004028 0.508829 255 0 0
-0.211786 -0.012118 0.503240 255 0 0
-0.213211 -0.010208 0.497538 255 0 0
-0.209665 -0.015208 0.498326 255 0 0
-0.205352 -0.015208 0.493900 255 0 0
-0.203927 -0.017118 0.499602 255 0 0
-0.198189 -0.015208 0.500878 255 0 0
-0.202502 -0.015208 0.505305 255 0 0
-0.201622 -0.010208 0.508829 255 0 0
-0.207359 -0.012118 0.507553 255 0 0
-0.210906 -0.007118 0.506765 255 0 0
-0.120747 0.075693 0.396732 255 0 0
-0.128085 0.075693 0.404263 255 0 0
-0.120747 0.058680 0.396732 255 0 0
-0.128085 0.058680 0.404263 255 0 0
-0.130509 0.061930 0.394561 255 0 0
-0.130509 0.072444 0.394561 255 0 0
-0.118323 0.061930 0.406434 255 0 0
-0.118323 0.072444 0.406434 255 0 0
-0.126587 0.067187 0.410259 255 0 0
-0.134118 0.067187 0.402921 255 0 0
-0.114714 0.067187 0.398073 255 0 0
-0.122245 0.067187 0.390736 255 0 0
-0.120984 0.072187 0.392546 255 0 0
-0.126721 0.070277 0.391270 255 0 0
-0.125841 0.075277 0.394795 255 0 0
-0.130154 0.075277 0.399221 255 0 0
-0.124416 0.077187 0.400497 255 0 0
-0.122991 0.075277 0.406200 255 0 0
-0.118678 0.075277 0.401773 255 0 0
-0.115132 0.070277 0.402562 255 0 0
-0.116557 0.072187 0.396859 255 0 0
-0.117438 0.067187 0.393335 255 0 0
-0.133700 0.070277 0.398433 255 0 0
-0.132275 0.072187 0.404135 255 0 0
-0.126721 0.064097 0.391270 255 0 0
-0.131579 0.067187 0.393519 255 0 0
-0.116557 0.062187 0.396859 255 0 0
-0.120984 0.062187 0.392546 255 0 0
-0.117254 0.067187 0.407476 255 0 0
-0.115132 0.064097 0.402562 255 0 0
-0.127849 0.072187 0.408448 255 0 0
-0.122111 0.070277 0.409724 255 0 0
-0.132275 0.062187 0.404135 255 0 0
-0.133700 0.064097 0.398433 255 0 0
-0.130154 0.059097 0.399221 255 0 0
-0.125841 0.059097 0.394795 255 0 0
-0.124416 0.057187 0.400497 255 0 0
-0.118678 0.059097 0.401773 255 0 0
-0.122991 0.059097 0.406200 255 0 0
-0.122111 0.064097 0.409724 255 0 0
-0.127849 0.062187 0.408448 255 0 0
-0.131395 0.067187 0.407660 255 0 0
-0.131858 0.050012 0.434799 255 0 0
-0.139195 0.050012 0.442330 255 0 0
-0.131858 0.032999 0.434799 255 0 0
-0.139195 0.032999 0.442330 255 0 0
-0.141619 0.036248 0.432629 255 0 0
-0.141619 0.046763 0.432629 255 0 0
-0.129434 0.036248 0.444501 255 0 0
-0.129434 0.046763 0.444501 255 0 0
-0.137697 0.041506 0.448326 255 0 0
-0.145228 0.041506 0.440989 255 0 0
-0.125825 0.041506 0.436141 255 0 0
-0.133356 0.041506 0.428803 255 0 0
-0.132094 0.046506 0.430614 255 0 0
-0.137832 0.044596 0.429338 255 0 0
-0.136951 0.049596 0.432862 255 0 0
-0.141264 0.049596 0.437289 255 0 0
-0.135527 0.051506 0.438565 255 0 0
-0.134102 0.049596 0.444267 255 0 0
-0.129789 0.049596 0.439841 255 0 0
-0.126243 0.044596 0.440629 255 0 0
-0.127668 0.046506 0.434927 255 0 0
-0.128548 0.041506 0.431402 255 0 0
-0.144810 0.044596 0.436500 255 0 0
-0.143386 0.046506 0.442203 255 0 0
-0.137832 0.038415 0.429338 255 0 0
-0.142689 0.041506 0.431586 255 0 0
-0.127668 0.036506 0.434927 255 0 0
-0.132094 0.036506 0.430614 255 0 0
-0.128364 0.041506 0.445543 255 0 0
-0.126243 0.038415 0.440629 255 0 0
-0.138959 0.046506 0.446516 255 0 0
-0.133221 0.044596 0.447792 255 0 0
-0.143386 0.036506 0.442203 255 0 0
-0.144810 0.038415 0.436500 255 0 0
-0.141264 0.033415 0.437289 255 0 0
-0.136951 0.033415 0.432862 255 0 0
-0.135527 0.031506 0.438565 255 0 0
-0.129789 0.033415 0.439841 255 0 0
-0.134102 0.033415 0.444267 255 0 0
-0.133221 0.038415 0.447792 255 0 0
-0.138959 0.036506 0.446516 255 0 0
-0.142505 0.041506 0.445727 255 0 0
-0.076150 0.054224 0.432457 255 0 0
-0.083487 0.054224 0.439988 255 0 0
-0.076150 0.037211 0.432457 255 0 0
-0.083487 0.037211 0.439988 255 0 0
-0.085911 0.040460 0.430286 255 0 0
-0.085911 0.050975 0.430286 255 0 0
-0.073726 0.040460 0.442159 255 0 0
-0.073726 0.050975 0.442159 255 0 0
-0.081989 0.045717 0.445984 255 0 0
-0.089520 0.045717 0.438647 255 0 0
-0.070117 0.045717 0.433799 255 0 0
-0.077648 0.045717 0.426461 255 0 0
-0.076386 0.050717 0.428272 255 0 0
-0.082124 0.048807 0.426996 255 0 0
-0.081243 0.053807 0.430520 255 0 0
-0.085556 0.053807 0.434947 255 0 0
-0.079818 0.055717 0.436223 255 0 0
-0.078394 0.053807 0.441925 255 0 0
-0.074081 0.053807 0.437499 255 0 0
-0.070535 0.048807 0.438287 255 0 0
-0.071959 0.050717 0.432585 255 0 0
-0.072840 0.045717 0.429060 255 0 0
-0.089102 0.048807 0.434158 255 0 0
-0.087677 0.050717 0.439861 255 0 0
-0.082124 0.042627 0.426996 255 0 0
-0.086981 0.045717 0.429244 255 0 0
-0.071959 0.040717 0.432585 255 0 0
-0.076386 0.040717 0.428272 255 0 0
-0.072656 0.045717 0.443201 255 0 0
-0.070535 0.042627 0.438287 255 0 0
-0.083251 0.050717 0.444174 255 0 0
-0.077513 0.048807 0.445450 255 0 0
-0.087677 0.040717 0.439861 255 0 0
-0.089102 0.042627 0.434158 255 0 0
-0.085556 0.037627 0.434947 255 0 0
-0.081243 0.037627 0.430520 255 0 0
-0.079818 0.035717 0.436223 255 0 0
-0.074081 0.037627 0.437499 255 0 0
-0.078394 0.037627 0.441925 255 0 0
-0.077513 0.042627 0.445450 255 0 0
-0.083251 0.040717 0.444174 255 0 0
-0.086797 0.045717 0.443385 255 0 0
-0.196746 0.070394 0.457276 255 0 0
-0.204083 0.070394 0.464807 255 0 0
-0.196746 0.053381 0.457276 255 0 0
-0.204083 0.053381 0.464807 255 0 0
-0.206507 0.056630 0.455105 255 0 0
-0.206507 0.067145 0.455105 255 0 0
-0.194322 0.056630 0.466978 255 0 0
-0.194322 0.067145 0.466978 255 0 0
-0.202585 0.061887 0.470803 255 0 0
-0.210116 0.061887 0.463466 255 0 0
-0.190713 0.061887 0.458618 255 0 0
-0.198244 0.061887 0.451280 255 0 0
-0.196982 0.066887 0.453091 255 0 0
-0.202720 0.064978 0.451815 255 0 0
-0.201839 0.069978 0.455339 255 0 0
-0.206152 0.069978 0.459766 255 0 0
-0.200414 0.071887 0.461042 255 0 0
-0.198990 0.069978 0.466744 255 0 0
-0.194677 0.069978 0.462317 255 0 0
-0.191131 0.064978 0.463106 255 0 0
-0.192555 0.066887 0.457403 255 0 0
-0.193436 0.061887 0.453879 255 0 0
-0.209698 0.064978 0.458977 255 0 0
-0.208273 0.066887 0.464680 255 0 0
-0.202720 0.058797 0.451815 255 0 0
-0.207577 0.061887 0.454063 255 0 0
-0.192555 0.056887 0.457403 255 0 0
-0.196982 0.056887 0.453091 255 0 0
-0.193252 0.061887 0.468020 255 0 0
-0.191131 0.058797 0.463106 255 0 0
-0.203847 0.066887 0.468993 255 0 0
-0.198109 0.064978 0.470269 255 0 0
-0.208273 0.056887 0.464680 255 0 0
-0.209698 0.058797 0.458977 255 0 0
-0.206152 0.053797 0.459766 255 0 0
-0.201839 0.053797 0.455339 255 0 0
-0.200414 0.051887 0.461042 255 0 0
-0.194677 0.053797 0.462317 255 0 0
-0.198990 0.053797 0.466744 255 0 0
-0.198109 0.058797 0.470269 255 0 0
-0.203847 0.056887 0.468993 255 0 0
-0.207393 0.061887 0.468204 255 0 0
-0.162447 0.044817 0.469395 255 0 0
-0.169785 0.044817 0.476926 255 0 0
-0.162447 0.027804 0.469395 255 0 0
-0.169785 0.027804 0.476926 255 0 0
-0.172209 0.031053 0.467224 255 0 0
-0.172209 0.041568 0.467224 255 0 0
-0.160023 0.031053 0.479097 255 0 0
-0.160023 0.041568 0.479097 255 0 0
-0.168287 0.036311 0.482922 255 0 0
-0.175818 0.036311 0.475585 255 0 0
-0.156414 0.036311 0.470737 255 0 0
-0.163945 0.036311 0.463399 255 0 0
-0.162684 0.041311 0.465210 255 0 0
-0.168422 0.039401 0.463934 255 0 0
-0.167541 0.044401 0.467458 255 0 0
-0.171854 0.044401 0.471885 255 0 0
-0.166116 0.046311 0.473161 255 0 0
-0.164691 0.044401 0.478863 255 0 0
-0.160379 0.044401 0.474437 255 0 0
-0.156832 0.039401 0.475225 255 0 0
-0.158257 0.041311 0.469523 255 0 0
-0.159138 0.036311 0.465998 255 0 0
-0.175400 0.039401 0.471096 255 0 0
-0.173975 0.041311 0.476799 255 0 0
-0.168422 0.033220 0.463934 255 0 0
-0.173279 0.036311 0.466182 255 0 0
-0.158257 0.031311 0.469523 255 0 0
-0.162684 0.031311 0.465210 255 0 0
-0.158954 0.036311 0.480139 255 0 0
-0.156832 0.033220 0.475225 255 0 0
-0.169549 0.041311 0.481112 255 0 0
-0.163811 0.039401 0.482388 255 0 0
-0.173975 0.031311 0.476799 255 0 0
-0.175400 0.033220 0.471096 255 0 0
-0.171854 0.028220 0.471885 255 0 0
-0.167541 0.028220 0.467458 255 0 0
-0.166116 0.026311 0.473161 255 0 0
-0.160379 0.028220 0.474437 255 0 0
-0.164691 0.028220 0.478863 255 0 0
-0.163811 0.033220 0.482388 255 0 0
-0.169549 0.031311 0.481112 255 0 0
-0.173095 0.036311 0.480323 255 0 0
-0.125526 0.010003 0.464668 255 0 0
-0.132864 0.010003 0.472199 255 0 0
-0.125526 -0.007010 0.464668 255 0 0
-0.132864 -0.007010 0.472199 255 0 0
-0.135288 -0.003761 0.462497 255 0 0
-0.135288 0.006754 0.462497 255 0 0
-0.123102 -0.003761 0.474370 255 0 0
-0.123102 0.006754 0.474370 255 0 0
-0.131366 0.001497 0.478195 255 0 0
-0.138897 0.001497 0.470857 255 0 0
-0.119493 0.001497 0.466009 255 0 0
-0.127024 0.001497 0.458672 255 0 0
-0.125762 0.006497 0.460482 255 0 0
-0.131500 0.004587 0.459206 255 0 0
-0.130620 0.009587 0.462731 255 0 0
-0.134932 0.009587 0.467158 255 0 0
-0.129195 0.011497 0.468433 255 0 0
-0.127770 0.009587 0.474136 255 0 0
-0.123457 0.009587 0.469709 255 0 0
-0.119911 0.004587 0.470498 255 0 0
-0.121336 0.006497 0.464795 255 0 0
-0.122216 0.001497 0.461271 255 0 0
-0.138479 0.004587 0.466369 255 0 0
-0.137054 0.006497 0.472072 255 0 0
-0.131500 -0.001594 0.459206 255 0 0
-0.136357 0.001497 0.461455 255 0 0
-0.121336 -0.003503 0.464795 255 0 0
-0.125762 -0.003503 0.460482 255 0 0
-0.122032 0.001497 0.475412 255 0 0
-0.119911 -0.001594 0.470498 255 0 0
-0.132627 0.006497 0.476384 255 0 0
-0.126889 0.004587 0.477660 255 0 0
-0.137054 -0.003503 0.472072 255 0 0
-0.138479 -0.001594 0.466369 255 0 0
-0.134932 -0.006594 0.467158 255 0 0
-0.130620 -0.006594 0.462731 255 0 0
-0.129195 -0.008503 0.468433 255 0 0
-0.123457 -0.006594 0.469709 255 0 0
-0.127770 -0.006594 0.474136 255 0 0
-0.126889 -0.001594 0.477660 255 0 0
-0.132627 -0.003503 0.476384 255 0 0
-0.136173 0.001497 0.475596 255 0 0
-0.174843 0.090918 0.416726 255 0 0
-0.182180 0.090918 0.424257 255 0 0
-0.174843 0.073905 0.416726 255 0 0
-0.182180 0.073905 0.424257 255 0 0
-0.184604 0.077155 0.414555 255 0 0
-0.184604 0.087669 0.414555 255 0 0
-0.172419 0.077155 0.426427 255 0 0
-0.172419 0.087669 0.426427 255 0 0
-0.180682 0.082412 0.430253 255 0 0
-0.188213 0.082412 0.422915 255 0 0
-0.168810 0.082412 0.418067 255 0 0
-0.176341 0.082412 0.410730 255 0 0
-0.175079 0.087412 0.412540 255 0 0
-0.180817 0.085502 0.411264 255 0 0
-0.179936 0.090502 0.414789 255 0 0
-0.184249 0.090502 0.419215 255 0 0
-0.178512 0.092412 0.420491 255 0 0
-0.177087 0.090502 0.426194 255 0 0
-0.172774 0.090502 0.421767 255 0 0
-0.169228 0.085502 0.422556 255 0 0
-0.170652 0.087412 0.416853 255 0 0
-0.171533 0.082412 0.413329 255 0 0
-0.187795 0.085502 0.418427 255 0 0
-0.186371 0.087412 0.424129 255 0 0
-0.180817 0.079322 0.411264 255 0 0
-0.185674 0.082412 0.413513 255 0 0
-0.170652 0.077412 0.416853 255 0 0
-0.175079 0.077412 0.412540 255 0 0
-0.171349 0.082412 0.427470 255 0 0
-0.169228 0.079322 0.422556 255 0 0
-0.181944 0.087412 0.428442 255 0 0
-0.176206 0.085502 0.429718 255 0 0
-0.186371 0.077412 0.424129 255 0 0
-0.187795 0.079322 0.418427 255 0 0
-0.184249 0.074322 0.419215 255 0 0
-0.179936 0.074322 0.414789 255 0 0
-0.178512 0.072412 0.420491 255 0 0
-0.172774 0.074322 0.421767 255 0 0
-0.177087 0.074322 0.426194 255 0 0
-0.176206 0.079322 0.429718 255 0 0
-0.181944 0.077412 0.428442 255 0 0
-0.185490 0.082412 0.427654 255 0 0
-0.083871 -0.010314 0.374080 255 0 0
-0.091208 -0.010314 0.381611 255 0 0
-0.083871 -0.027327 0.374080 255 0 0
-0.091208 -0.027327 0.381611 255 0 0
-0.093632 -0.024078 0.371909 255 0 0
-0.093632 -0.013564 0.371909 255 0 0
-0.081447 -0.024078 0.383782 255 0 0
-0.081447 -0.013564 0.383782 255 0 0
-0.089710 -0.018821 0.387607 255 0 0
-0.097241 -0.018821 0.380269 255 0 0
-0.077838 -0.018821 0.375421 255 0 0
-0.085369 -0.018821 0.368084 255 0 0
-0.084107 -0.013821 0.369894 255 0 0
-0.089845 -0.015731 0.368618 255 0 0
-0.088964 -0.010731 0.372143 255 0 0
-0.093277 -0.010731 0.376569 255 0 0
-0.087540 -0.008821 0.377845 255 0 0
-0.086115 -0.010731 0.383548 255 0 0
-0.081802 -0.010731 0.379121 255 0 0
-0.078256 -0.015731 0.379910 255 0 0
-0.079681 -0.013821 0.374207 255 0 0
-0.080561 -0.018821 0.370683 255 0 0
-0.096823 -0.015731 0.375781 255 0 0
-0.095399 -0.013821 0.381483 255 0 0
-0.089845 -0.021911 0.368618 255 0 0
-0.094702 -0.018821 0.370867 255 0 0
-0.079681 -0.023821 0.374207 255 0 0
-0.084107 -0.023821 0.369894 255 0 0
-0.080377 -0.018821 0.384824 255 0 0
-0.078256 -0.021911 0.379910 255 0 0
-0.090972 -0.013821 0.385796 255 0 0
-0.085234 -0.015731 0.387072 255 0 0
-0.095399 -0.023821 0.381483 255 0 0
-0.096823 -0.021911 0.375781 255 0 0
-0.093277 -0.026911 0.376569 255 0 0
-0.088964 -0.026911 0.372143 255 0 0
-0.087540 -0.028821 0.377845 255 0 0
-0.081802 -0.026911 0.379121 255 0 0
-0.086115 -0.026911 0.383548 255 0 0
-0.085234 -0.021911 0.387072 255 0 0
-0.090972 -0.023821 0.385796 255 0 0
-0.094518 -0.018821 0.385008 255 0 0
-0.210681 -0.035955 0.506555 255 0 0
-0.218019 -0.035955 0.514086 255 0 0
-0.210681 -0.052968 0.506555 255 0 0
-0.218019 -0.052968 0.514086 255 0 0
-0.220443 -0.049719 0.504384 255 0 0
-0.220443 -0.039204 0.504384 255 0 0
-0.208257 -0.049719 0.516257 255 0 0
-0.208257 -0.039204 0.516257 255 0 0
-0.216521 -0.044461 0.520082 255 0 0
-0.224052 -0.044461 0.512744 255 0 0
-0.204648 -0.044461 0.507897 255 0 0
-0.212179 -0.044461 0.500559 255 0 0
-0.210918 -0.039461 0.502370 255 0 0
-0.216656 -0.041371 0.501094 255 0 0
-0.215775 -0.036371 0.504618 255 0 0
-0.220088 -0.036371 0.509045 255 0 0
-0.214350 -0.034461 0.510321 255 0 0
-0.212925 -0.036371 0.516023 255 0 0
-0.208613 -0.036371 0.511596 255 0 0
-0.205066 -0.041371 0.512385 255 0 0
-0.206491 -0.039461 0.506682 255 0 0
-0.207372 -0.044461 0.503158 255 0 0
-0.223634 -0.041371 0.508256 255 0 0
-0.222209 -0.039461 0.513959 255 0 0
-0.216656 -0.047551 0.501094 255 0 0
-0.221513 -0.044461 0.503342 255 0 0
-0.206491 -0.049461 0.506682 255 0 0
-0.210918 -0.049461 0.502370 255 0 0
-0.207188 -0.044461 0.517299 255 0 0
-0.205066 -0.047551 0.512385 255 0 0
-0.217783 -0.039461 0.518272 255 0 0
-0.212045 -0.041371 0.519547 255 0 0
-0.222209 -0.049461 0.513959 255 0 0
-0.223634 -0.047551 0.508256 255 0 0
-0.220088 -0.052551 0.509045 255 0 0
-0.215775 -0.052551 0.504618 255 0 0
-0.214350 -0.054461 0.510321 255 0 0
-0.208613 -0.052551 0.511596 255 0 0
-0.212925 -0.052551 0.516023 255 0 0
-0.212045 -0.047551 0.519547 255 0 0
-0.217783 -0.049461 0.518272 255 0 0
-0.221329 -0.044461 0.517483 255 0 0
-0.060008 -0.016673 0.436572 255 0 0
-0.067346 -0.016673 0.444104 255 0 0
-0.060008 -0.033686 0.436572 255 0 0
-0.067346 -0.033686 0.444104 255 0 0
-0.069770 -0.030436 0.434402 255 0 0
-0.069770 -0.019922 0.434402 255 0 0
-0.057584 -0.030436 0.446274 255 0 0
-0.057584 -0.019922 0.446274 255 0 0
-0.065848 -0.025179 0.450100 255 0 0
-0.073379 -0.025179 0.442762 255 0 0
-0.053975 -0.025179 0.437914 255 0 0
-0.061506 -0.025179 0.430576 255 0 0
-0.060244 -0.020179 0.432387 255 0 0
-0.065982 -0.022089 0.431111 255 0 0
-0.065102 -0.017089 0.434635 255 0 0
-0.069414 -0.017089 0.439062 255 0 0
-0.063677 -0.015179 0.440338 255 0 0
-0.062252 -0.017089 0.446041 255 0 0
-0.057939 -0.017089 0.441614 255 0 0
-0.054393 -0.022089 0.442403 255 0 0
-0.055818 -0.020179 0.436700 255 0 0
-0.056698 -0.025179 0.433176 255 0 0
-0.072961 -0.022089 0.438274 255 0 0
-0.071536 -0.020179 0.443976 255 0 0
-0.065982 -0.028269 0.431111 255 0 0
-0.070839 -0.025179 0.433360 255 0 0
-0.055818 -0.030179 0.436700 255 0 0
-0.060244 -0.030179 0.432387 255 0 0
-0.056514 -0.025179 0.447316 255 0 0
-0.054393 -0.028269 0.442403 255 0 0
-0.067109 -0.020179 0.448289 255 0 0
-0.061371 -0.022089 0.449565 255 0 0
-0.071536 -0.030179 0.443976 255 0 0
-0.072961 -0.028269 0.438274 255 0 0
-0.069414 -0.033269 0.439062 255 0 0
-0.065102 -0.033269 0.434635 255 0 0
-0.063677 -0.035179 0.440338 255 0 0
-0.057939 -0.033269 0.441614 255 0 0
-0.062252 -0.033269 0.446041 255 0 0
-0.061371 -0.028269 0.449565 255 0 0
-0.067109 -0.030179 0.448289 255 0 0
-0.070655 -0.025179 0.447500 255 0 0
-0.175024 0.075915 0.441587 255 0 0
-0.182362 0.075915 0.449118 255 0 0
-0.175024 0.058902 0.441587 255 0 0
-0.182362 0.058902 0.449118 255 0 0
-0.184786 0.062151 0.439417 255 0 0
-0.184786 0.072666 0.439417 255 0 0
-0.172600 0.062151 0.451289 255 0 0
-0.172600 0.072666 0.451289 255 0 0
-0.180864 0.067408 0.455115 255 0 0
-0.188395 0.067408 0.447777 255 0 0
-0.168991 0.067408 0.442929 255 0 0
-0.176522 0.067408 0.435591 255 0 0
-0.175261 0.072408 0.437402 255 0 0
-0.180998 0.070499 0.436126 255 0 0
-0.180118 0.075499 0.439650 255 0 0
-0.184431 0.075499 0.444077 255 0 0
-0.178693 0.077408 0.445353 255 0 0
-0.177268 0.075499 0.451056 255 0 0
-0.172955 0.075499 0.446629 255 0 0
-0.169409 0.070499 0.447417 255 0 0
-0.170834 0.072408 0.441715 255 0 0
-0.171714 0.067408 0.438191 255 0 0
-0.187977 0.070499 0.443288 255 0 0
-0.186552 0.072408 0.448991 255 0 0
-0.180998 0.064318 0.436126 255 0 0
-0.185855 0.067408 0.438374 255 0 0
-0.170834 0.062408 0.441715 255 0 0
-0.175261 0.062408 0.437402 255 0 0
-0.171530 0.067408 0.452331 255 0 0
-0.169409 0.064318 0.447417 255 0 0
-0.182125 0.072408 0.453304 255 0 0
-0.176388 0.070499 0.454580 255 0 0
-0.186552 0.062408 0.448991 255 0 0
-0.187977 0.064318 0.443288 255 0 0
-0.184431 0.059318 0.444077 255 0 0
-0.180118 0.059318 0.439650 255 0 0
-0.178693 0.057408 0.445353 255 0 0
-0.172955 0.059318 0.446629 255 0 0
-0.177268 0.059318 0.451056 255 0 0
-0.176388 0.064318 0.454580 255 0 0
-0.182125 0.062408 0.453304 255 0 0
-0.185671 0.067408 0.452515 255 0 0
-0.106325 0.100479 0.393908 255 0 0
-0.113662 0.100479 0.401439 255 0 0
-0.106325 0.083466 0.393908 255 0 0
-0.113662 0.083466 0.401439 255 0 0
-0.116086 0.086715 0.391737 255 0 0
-0.116086 0.097230 0.391737 255 0 0
-0.103901 0.086715 0.403609 255 0 0
-0.103901 0.097230 0.403609 255 0 0
-0.112164 0.091973 0.407435 255 0 0
-0.119695 0.091973 0.400097 255 0 0
-0.100292 0.091973 0.395249 255 0 0
-0.107823 0.091973 0.387912 255 0 0
-0.106561 0.096973 0.389722 255 0 0
-0.112299 0.095063 0.388446 255 0 0
-0.111418 0.100063 0.391971 255 0 0
-0.115731 0.100063 0.396397 255 0 0
-0.109994 0.101973 0.397673 255 0 0
-0.108569 0.100063 0.403376 255 0 0
-0.104256 0.100063 0.398949 255 0 0
-0.100710 0.095063 0.399738 255 0 0
-0.102134 0.096973 0.394035 255 0 0
-0.103015 0.091973 0.390511 255 0 0
-0.119277 0.095063 0.395609 255 0 0
-0.117853 0.096973 0.401311 255 0 0
-0.112299 0.088883 0.388446 255 0 0
-0.117156 0.091973 0.390695 255 0 0
-0.102134 0.086973 0.394035 255 0 0
-0.106561 0.086973 0.389722 255 0 0
-0.102831 0.091973 0.404652 255 0 0
-0.100710 0.088883 0.399738 255 0 0
-0.113426 0.096973 0.405624 255 0 0
-0.107688 0.095063 0.406900 255 0 0
-0.117853 0.086973 0.401311 255 0 0
-0.119277 0.088883 0.395609 255 0 0
-0.115731 0.083883 0.396397 255 0 0
-0.111418 0.083883 0.391971 255 0 0
-0.109994 0.081973 0.397673 255 0 0
-0.104256 0.083883 0.398949 255 0 0
-0.108569 0.083883 0.403376 255 0 0
-0.107688 0.088883 0.406900 255 0 0
-0.113426 0.086973 0.405624 255 0 0
-0.116972 0.091973 0.404836 255 0 0
-0.132337 0.071595 0.449014 255 0 0
-0.139675 0.071595 0.456545 255 0 0
-0.132337 0.054582 0.449014 255 0 0
-0.139675 0.054582 0.456545 255 0 0
-0.142099 0.057832 0.446843 255 0 0
-0.142099 0.068346 0.446843 255 0 0
-0.129913 0.057832 0.458715 255 0 0
-0.129913 0.068346 0.458715 255 0 0
-0.138177 0.063089 0.462541 255 0 0
-0.145708 0.063089 0.455203 255 0 0
-0.126304 0.063089 0.450355 255 0 0
-0.133835 0.063089 0.443018 255 0 0
-0.132574 0.068089 0.444828 255 0 0
-0.138311 0.066179 0.443552 255 0 0
-0.137431 0.071179 0.447076 255 0 0
-0.141744 0.071179 0.451503 255 0 0
-0.136006 0.073089 0.452779 255 0 0
-0.134581 0.071179 0.458482 255 0 0
-0.130268 0.071179 0.454055 255 0 0
-0.126722 0.066179 0.454844 255 0 0
-0.128147 0.068089 0.449141 255 0 0
-0.129028 0.063089 0.445617 255 0 0
-0.145290 0.066179 0.450715 255 0 0
-0.143865 0.068089 0.456417 255 0 0
-0.138311 0.059999 0.443552 255 0 0
-0.143168 0.063089 0.445801 255 0 0
-0.128147 0.058089 0.449141 255 0 0
-0.132574 0.058089 0.444828 255 0 0
-0.128844 0.063089 0.459758 255 0 0
-0.126722 0.059999 0.454844 255 0 0
-0.139438 0.068089 0.460730 255 0 0
-0.133701 0.066179 0.462006 255 0 0
-0.143865 0.058089 0.456417 255 0 0
-0.145290 0.059999 0.450715 255 0 0
-0.141744 0.054999 0.451503 255 0 0
-0.137431 0.054999 0.447076 255 0 0
-0.136006 0.053089 0.452779 255 0 0
-0.130268 0.054999 0.454055 255 0 0
-0.134581 0.054999 0.458482 255 0 0
-0.133701 0.059999 0.462006 255 0 0
-0.139438 0.058089 0.460730 255 0 0
-0.142985 0.063089 0.459942 255 0 0
-0.197699 0.096757 0.461002 255 0 0
-0.205037 0.096757 0.468533 255 0 0
-0.197699 0.079744 0.461002 255 0 0
-0.205037 0.079744 0.468533 255 0 0
-0.207461 0.082993 0.458832 255 0 0
-0.207461 0.093508 0.458832 255 0 0
-0.195275 0.082993 0.470704 255 0 0
-0.195275 0.093508 0.470704 255 0 0
-0.203539 0.088251 0.474529 255 0 0
-0.211070 0.088251 0.467192 255 0 0
-0.191666 0.088251 0.462344 255 0 0
-0.199197 0.088251 0.455006 255 0 0
-0.197936 0.093251 0.456817 255 0 0
-0.203673 0.091341 0.455541 255 0 0
-0.202793 0.096341 0.459065 255 0 0
-0.207106 0.096341 0.463492 255 0 0
-0.201368 0.098251 0.464768 255 0 0
-0.199943 0.096341 0.470470 255 0 0
-0.195630 0.096341 0.466044 255 0 0
-0.192084 0.091341 0.466832 255 0 0
-0.193509 0.093251 0.461130 255 0 0
-0.194389 0.088251 0.457605 255 0 0
-0.210652 0.091341 0.462703 255 0 0
-0.209227 0.093251 0.468406 255 0 0
-0.203673 0.085160 0.455541 255 0 0
-0.208530 0.088251 0.457789 255 0 0
-0.193509 0.083251 0.461130 255 0 0
-0.197936 0.083251 0.456817 255 0 0
-0.194206 0.088251 0.471746 255 0 0
-0.192084 0.085160 0.466832 255 0 0
-0.204800 0.093251 0.472719 255 0 0
-0.199063 0.091341 0.473995 255 0 0
-0.209227 0.083251 0.468406 255 0 0
-0.210652 0.085160 0.462703 255 0 0
-0.207106 0.080160 0.463492 255 0 0
-0.202793 0.080160 0.459065 255 0 0
-0.201368 0.078251 0.464768 255 0 0
-0.195630 0.080160 0.466044 255 0 0
-0.199943 0.080160 0.470470 255 0 0
-0.199063 0.085160 0.473995 255 0 0
-0.204800 0.083251 0.472719 255 0 0
-0.208346 0.088251 0.471930 255 0 0
-0.135655 0.079129 0.431240 255 0 0
-0.142993 0.079129 0.438771 255 0 0
-0.135655 0.062116 0.431240 255 0 0
-0.142993 0.062116 0.438771 255 0 0
-0.145417 0.065366 0.429069 255 0 0
-0.145417 0.075880 0.429069 255 0 0
-0.133231 0.065366 0.440942 255 0 0
-0.133231 0.075880 0.440942 255 0 0
-0.141495 0.070623 0.444767 255 0 0
-0.149026 0.070623 0.437429 255 0 0
-0.129622 0.070623 0.432581 255 0 0
-0.137153 0.070623 0.425244 255 0 0
-0.135892 0.075623 0.427054 255 0 0
-0.141629 0.073713 0.425778 255 0 0
-0.140749 0.078713 0.429303 255 0 0
-0.145062 0.078713 0.433729 255 0 0
-0.139324 0.080623 0.435005 255 0 0
-0.137899 0.078713 0.440708 255 0 0
-0.133586 0.078713 0.436281 255 0 0
-0.130040 0.073713 0.437070 255 0 0
-0.131465 0.075623 0.431367 255 0 0
-0.132346 0.070623 0.427843 255 0 0
-0.148608 0.073713 0.432941 255 0 0
-0.147183 0.075623 0.438643 255 0 0
-0.141629 0.067533 0.425778 255 0 0
-0.146486 0.070623 0.428027 255 0 0
-0.131465 0.065623 0.431367 255 0 0
-0.135892 0.065623 0.427054 255 0 0
-0.132162 0.070623 0.441984 255 0 0
-0.130040 0.067533 0.437070 255 0 0
-0.142756 0.075623 0.442956 255 0 0
-0.137019 0.073713 0.444232 255 0 0
-0.147183 0.065623 0.438643 255 0 0
-0.148608 0.067533 0.432941 255 0 0
-0.145062 0.062533 0.433729 255 0 0
-0.140749 0.062533 0.429303 255 0 0
-0.139324 0.060623 0.435005 255 0 0
-0.133586 0.062533 0.436281 255 0 0
-0.137899 0.062533 0.440708 255 0 0
-0.137019 0.067533 0.444232 255 0 0
-0.142756 0.065623 0.442956 255 0 0
-0.146303 0.070623 0.442168 255 0 0
-0.194658 -0.096183 0.459694 255 0 0
-0.201996 -0.096183 0.467225 255 0 0
-0.194658 -0.113196 0.459694 255 0 0
-0.201996 -0.113196 0.467225 255 0 0
-0.204420 -0.109947 0.457523 255 0 0
-0.204420 -0.099432 0.457523 255 0 0
-0.192234 -0.109947 0.469396 255 0 0
-0.192234 -0.099432 0.469396 255 0 0
-0.200498 -0.104690 0.473221 255 0 0
-0.208029 -0.104690 0.465883 255 0 0
-0.188625 -0.104690 0.461036 255 0 0
-0.196156 -0.104690 0.453698 255 0 0
-0.194895 -0.099690 0.455509 255 0 0
-0.200632 -0.101599 0.454233 255 0 0
-0.199752 -0.096599 0.457757 255 0 0
-0.204065 -0.096599 0.462184 255 0 0
-0.198327 -0.094690 0.463460 255 0 0
-0.196902 -0.096599 0.469162 255 0 0
-0.192589 -0.096599 0.464735 255 0 0
-0.189043 -0.101599 0.465524 255 0 0
-0.190468 -0.099690 0.459821 255 0 0
-0.191348 -0.104690 0.456297 255 0 0
-0.207611 -0.101599 0.461395 255 0 0
-0.206186 -0.099690 0.467098 255 0 0
-0.200632 -0.107780 0.454233 255 0 0
-0.205489 -0.104690 0.456481 255 0 0
-0.190468 -0.109690 0.459821 255 0 0
-0.194895 -0.109690 0.455509 255 0 0
-0.191164 -0.104690 0.470438 255 0 0
-0.189043 -0.107780 0.465524 255 0 0
-0.201759 -0.099690 0.471411 255 0 0
-0.196022 -0.101599 0.472686 255 0 0
-0.206186 -0.109690 0.467098 255 0 0
-0.207611 -0.107780 0.461395 255 0 0
-0.204065 -0.112780 0.462184 255 0 0
-0.199752 -0.112780 0.457757 255 0 0
-0.198327 -0.114690 0.463460 255 0 0
-0.192589 -0.112780 0.464735 255 0 0
-0.196902 -0.112780 0.469162 255 0 0
-0.196022 -0.107780 0.472686 255 0 0
-0.201759 -0.109690 0.471411 255 0 0
-0.205305 -0.104690 0.470622 255 0 0
-0.073485 -0.079970 0.427385 255 0 0
-0.080823 -0.079970 0.434916 255 0 0
-0.073485 -0.096983 0.427385 255 0 0
-0.080823 -0.096983 0.434916 255 0 0
-0.083247 -0.093733 0.425215 255 0 0
-0.083247 -0.083219 0.425215 255 0 0
-0.071062 -0.093733 0.437087 255 0 0
-0.071062 -0.083219 0.437087 255 0 0
-0.079325 -0.088476 0.440912 255 0 0
-0.086856 -0.088476 0.433575 255 0 0
-0.067452 -0.088476 0.428727 255 0 0
-0.074984 -0.088476 0.421389 255 0 0
-0.073722 -0.083476 0.423200 255 0 0
-0.079460 -0.085386 0.421924 255 0 0
-0.078579 -0.080386 0.425448 255 0 0
-0.082892 -0.080386 0.429875 255 0 0
-0.077154 -0.078476 0.431151 255 0 0
-0.075729 -0.080386 0.436853 255 0 0
-0.071417 -0.080386 0.432427 255 0 0
-0.067870 -0.085386 0.433215 255 0 0
-0.069295 -0.083476 0.427513 255 0 0
-0.070176 -0.088476 0.423988 255 0 0
-0.086438 -0.085386 0.429086 255 0 0
-0.085013 -0.083476 0.434789 255 0 0
-0.079460 -0.091566 0.421924 255 0 0
-0.084317 -0.088476 0.424172 255 0 0
-0.069295 -0.093476 0.427513 255 0 0
-0.073722 -0.093476 0.423200 255 0 0
-0.069992 -0.088476 0.438129 255 0 0
-0.067870 -0.091566 0.433215 255 0 0
-0.080587 -0.083476 0.439102 255 0 0
-0.074849 -0.085386 0.440378 255 0 0
-0.085013 -0.093476 0.434789 255 0 0
-0.086438 -0.091566 0.429086 255 0 0
-0.082892 -0.096566 0.429875 255 0 0
-0.078579 -0.096566 0.425448 255 0 0
-0.077154 -0.098476 0.431151 255 0 0
-0.071417 -0.096566 0.432427 255 0 0
-0.075729 -0.096566 0.436853 255 0 0
-0.074849 -0.091566 0.440378 255 0 0
-0.080587 -0.093476 0.439102 255 0 0
-0.084133 -0.088476 0.438313 255 0 0
-0.105978 -0.061688 0.417383 255 0 0
-0.113316 -0.061688 0.424915 255 0 0
-0.105978 -0.078701 0.417383 255 0 0
-0.113316 -0.078701 0.424915 255 0 0
-0.115740 -0.075452 0.415213 255 0 0
-0.115740 -0.064937 0.415213 255 0 0
-0.103554 -0.075452 0.427085 255 0 0
-0.103554 -0.064937 0.427085 255 0 0
-0.111818 -0.070195 0.430911 255 0 0
-0.119349 -0.070195 0.423573 255 0 0
-0.099945 -0.070195 0.418725 255 0 0
-0.107476 -0.070195 0.411387 255 0 0
-0.106215 -0.065195 0.413198 255 0 0
-0.111953 -0.067104 0.411922 255 0 0
-0.111072 -0.062104 0.415446 255 0 0
-0.115385 -0.062104 0.419873 255 0 0
-0.109647 -0.060195 0.421149 255 0 0
-0.108222 -0.062104 0.426852 255 0 0
-0.103909 -0.062104 0.422425 255 0 0
-0.100363 -0.067104 0.423213 255 0 0
-0.101788 -0.065195 0.417511 255 0 0
-0.102669 -0.070195 0.413987 255 0 0
-0.118931 -0.067104 0.419084 255 0 0
-0.117506 -0.065195 0.424787 255 0 0
-0.111953 -0.073285 0.411922 255 0 0
-0.116810 -0.070195 0.414171 255 0 0
-0.101788 -0.075195 0.417511 255 0 0
-0.106215 -0.075195 0.413198 255 0 0
-0.102485 -0.070195 0.428127 255 0 0
-0.100363 -0.073285 0.423213 255 0 0
-0.113080 -0.065195 0.429100 255 0 0
-0.107342 -0.067104 0.430376 255 0 0
-0.117506 -0.075195 0.424787 255 0 0
-0.118931 -0.073285 0.419084 255 0 0
-0.115385 -0.078285 0.419873 255 0 0
-0.111072 -0.078285 0.415446 255 0 0
-0.109647 -0.080195 0.421149 255 0 0
-0.103909 -0.078285 0.422425 255 0 0
-0.108222 -0.078285 0.426852 255 0 0
-0.107342 -0.073285 0.430376 255 0 0
-0.113080 -0.075195 0.429100 255 0 0
-0.116626 -0.070195 0.428311 255 0 0
-0.132529 -0.070770 0.424373 255 0 0
-0.139867 -0.070770 0.431904 255 0 0
-0.132529 -0.087783 0.424373 255 0 0
-0.139867 -0.087783 0.431904 255 0 0
-0.142290 -0.084534 0.422202 255 0 0
-0.142290 -0.074020 0.422202 255 0 0
-0.130105 -0.084534 0.434074 255 0 0
-0.130105 -0.074020 0.434074 255 0 0
-0.138368 -0.079277 0.437900 255 0 0
-0.145899 -0.079277 0.430562 255 0 0
-0.126496 -0.079277 0.425714 255 0 0
-0.134027 -0.079277 0.418377 255 0 0
-0.132765 -0.074277 0.420187 255 0 0
-0.138503 -0.076187 0.418911 255 0 0
-0.137622 -0.071187 0.422436 255 0 0
-0.141935 -0.071187 0.426862 255 0 0
-0.136198 -0.069277 0.428138 255 0 0
-0.134773 -0.071187 0.433841 255 0 0
-0.130460 -0.071187 0.429414 255 0 0
-0.126914 -0.076187 0.430203 255 0 0
-0.128339 -0.074277 0.424500 255 0 0
-0.129219 -0.079277 0.420976 255 0 0
-0.145481 -0.076187 0.426074 255 0 0
-0.144057 -0.074277 0.431776 255 0 0
-0.138503 -0.082367 0.418911 255 0 0
-0.143360 -0.079277 0.421160 255 0 0
-0.128339 -0.084277 0.424500 255 0 0
-0.132765 -0.084277 0.420187 255 0 0
-0.129035 -0.079277 0.435117 255 0 0
-0.126914 -0.082367 0.430203 255 0 0
-0.139630 -0.074277 0.436089 255 0 0
-0.133892 -0.076187 0.437365 255 0 0
-0.144057 -0.084277 0.431776 255 0 0
-0.145481 -0.082367 0.426074 255 0 0
-0.141935 -0.087367 0.426862 255 0 0
-0.137622 -0.087367 0.422436 255 0 0
-0.136198 -0.089277 0.428138 255 0 0
-0.130460 -0.087367 0.429414 255 0 0
-0.134773 -0.087367 0.433841 255 0 0
-0.133892 -0.082367 0.437365 255 0 0
-0.139630 -0.084277 0.436089 255 0 0
-0.143176 -0.079277 0.435301 255 0 0
-0.064524 0.069958 0.406404 255 0 0
-0.071862 0.069958 0.413935 255 0 0
-0.064524 0.052945 0.406404 255 0 0
-0.071862 0.052945 0.413935 255 0 0
-0.074286 0.056194 0.404234 255 0 0
-0.074286 0.066709 0.404234 255 0 0
-0.062100 0.056194 0.416106 255 0 0
-0.062100 0.066709 0.416106 255 0 0
-0.070364 0.061451 0.419931 255 0 0
-0.077895 0.061451 0.412594 255 0 0
-0.058491 0.061451 0.407746 255 0 0
-0.066022 0.061451 0.400408 255 0 0
-0.064760 0.066451 0.402219 255 0 0
-0.070498 0.064542 0.400943 255 0 0
-0.069618 0.069542 0.404467 255 0 0
-0.073931 0.069542 0.408894 255 0 0
-0.068193 0.071451 0.410170 255 0 0
-0.066768 0.069542 0.415872 255 0 0
-0.062455 0.069542 0.411446 255 0 0
-0.058909 0.064542 0.412234 255 0 0
-0.060334 0.066451 0.406532 255 0 0
-0.061214 0.061451 0.403007 255 0 0
-0.077477 0.064542 0.408105 255 0 0
-0.076052 0.066451 0.413808 255 0 0
-0.070498 0.058361 0.400943 255 0 0
-0.075355 0.061451 0.403191 255 0 0
-0.060334 0.056451 0.406532 255 0 0
-0.064760 0.056451 0.402219 255 0 0
-0.061030 0.061451 0.417148 255 0 0
-0.058909 0.058361 0.412234 255 0 0
-0.071625 0.066451 0.418121 255 0 0
-0.065888 0.064542 0.419397 255 0 0
-0.076052 0.056451 0.413808 255 0 0
-0.077477 0.058361 0.408105 255 0 0
-0.073931 0.053361 0.408894 255 0 0
-0.069618 0.053361 0.404467 255 0 0
-0.068193 0.051451 0.410170 255 0 0
-0.062455 0.053361 0.411446 255 0 0
-0.066768 0.053361 0.415872 255 0 0
-0.065888 0.058361 0.419397 255 0 0
-0.071625 0.056451 0.418121 255 0 0
-0.075171 0.061451 0.417332 255 0 0
-0.161262 -0.010845 0.410913 255 0 0
-0.168600 -0.010845 0.418444 255 0 0
-0.161262 -0.027858 0.410913 255 0 0
-0.168600 -0.027858 0.418444 255 0 0
-0.171024 -0.024609 0.408742 255 0 0
-0.171024 -0.014094 0.408742 255 0 0
-0.158838 -0.024609 0.420615 255 0 0
-0.158838 -0.014094 0.420615 255 0 0
-0.167102 -0.019352 0.424440 255 0 0
-0.174633 -0.019352 0.417102 255 0 0
-0.155229 -0.019352 0.412254 255 0 0
-0.162760 -0.019352 0.404917 255 0 0
-0.161499 -0.014352 0.406727 255 0 0
-0.167237 -0.016261 0.405451 255 0 0
-0.166356 -0.011261 0.408976 255 0 0
-0.170669 -0.011261 0.413402 255 0 0
-0.164931 -0.009352 0.414678 255 0 0
-0.163506 -0.011261 0.420381 255 0 0
-0.159194 -0.011261 0.415954 255 0 0
-0.155647 -0.016261 0.416743 255 0 0
-0.157072 -0.014352 0.411040 255 0 0
-0.157953 -0.019352 0.407516 255 0 0
-0.174215 -0.016261 0.412614 255 0 0
-0.172790 -0.014352 0.418316 255 0 0
-0.167237 -0.022442 0.405451 255 0 0
-0.172094 -0.019352 0.407700 255 0 0
-0.157072 -0.024352 0.411040 255 0 0
-0.161499 -0.024352 0.406727 255 0 0
-0.157769 -0.019352 0.421657 255 0 0
-0.155647 -0.022442 0.416743 255 0 0
-0.168364 -0.014352 0.422629 255 0 0
-0.162626 -0.016261 0.423905 255 0 0
-0.172790 -0.024352 0.418316 255 0 0
-0.174215 -0.022442 0.412614 255 0 0
-0.170669 -0.027442 0.413402 255 0 0
-0.166356 -0.027442 0.408976 255 0 0
-0.164931 -0.029352 0.414678 255 0 0
-0.159194 -0.027442 0.415954 255 0 0
-0.163506 -0.027442 0.420381 255 0 0
-0.162626 -0.022442 0.423905 255 0 0
-0.168364 -0.024352 0.422629 255 0 0
-0.171910 -0.019352 0.421841 255 0 0
-0.086547 0.067465 0.364233 255 0 0
-0.093885 0.067465 0.371764 255 0 0
-0.086547 0.050452 0.364233 255 0 0
-0.093885 0.050452 0.371764 255 0 0
-0.096309 0.053701 0.362063 255 0 0
-0.096309 0.064216 0.362063 255 0 0
-0.084123 0.053701 0.373935 255 0 0
-0.084123 0.064216 0.373935 255 0 0
-0.092387 0.058959 0.377760 255 0 0
-0.099918 0.058959 0.370423 255 0 0
-0.080514 0.058959 0.365575 255 0 0
-0.088045 0.058959 0.358237 255 0 0
-0.086784 0.063959 0.360048 255 0 0
-0.092521 0.062049 0.358772 255 0 0
-0.091641 0.067049 0.362296 255 0 0
-0.095954 0.067049 0.366723 255 0 0
-0.090216 0.068959 0.367999 255 0 0
-0.088791 0.067049 0.373701 255 0 0
-0.084478 0.067049 0.369275 255 0 0
-0.080932 0.062049 0.370063 255 0 0
-0.082357 0.063959 0.364361 255 0 0
-0.083238 0.058959 0.360836 255 0 0
-0.099500 0.062049 0.365934 255 0 0
-0.098075 0.063959 0.371637 255 0 0
-0.092521 0.055869 0.358772 255 0 0
-0.097378 0.058959 0.361020 255 0 0
-0.082357 0.053959 0.364361 255 0 0
-0.086784 0.053959 0.360048 255 0 0
-0.083054 0.058959 0.374977 255 0 0
-0.080932 0.055869 0.370063 255 0 0
-0.093648 0.063959 0.375950 255 0 0
-0.087911 0.062049 0.377226 255 0 0
-0.098075 0.053959 0.371637 255 0 0
-0.099500 0.055869 0.365934 255 0 0
-0.095954 0.050869 0.366723 255 0 0
-0.091641 0.050869 0.362296 255 0 0
-0.090216 0.048959 0.367999 255 0 0
-0.084478 0.050869 0.369275 255 0 0
-0.088791 0.050869 0.373701 255 0 0
-0.087911 0.055869 0.377226 255 0 0
-0.093648 0.053959 0.375950 255 0 0
-0.097195 0.058959 0.375161 255 0 0
-0.091456 0.101533 0.428819 255 0 0
-0.098794 0.101533 0.436350 255 0 0
-0.091456 0.084520 0.428819 255 0 0
-0.098794 0.084520 0.436350 255 0 0
-0.101218 0.087769 0.426648 255 0 0
-0.101218 0.098283 0.426648 255 0 0
-0.089032 0.087769 0.438521 255 0 0
-0.089032 0.098283 0.438521 255 0 0
-0.097296 0.093026 0.442346 255 0 0
-0.104827 0.093026 0.435008 255 0 0
-0.085423 0.093026 0.430160 255 0 0
-0.092954 0.093026 0.422823 255 0 0
-0.091693 0.098026 0.424633 255 0 0
-0.097430 0.096116 0.423357 255 0 0
-0.096550 0.101116 0.426882 255 0 0
-0.100863 0.101116 0.431308 255 0 0
-0.095125 0.103026 0.432584 255 0 0
-0.093700 0.101116 0.438287 255 0 0
-0.089387 0.101116 0.433860 255 0 0
-0.085841 0.096116 0.434649 255 0 0
-0.087266 0.098026 0.428946 255 0 0
-0.088147 0.093026 0.425422 255 0 0
-0.104409 0.096116 0.430520 255 0 0
-0.102984 0.098026 0.436222 255 0 0
-0.097430 0.089936 0.423357 255 0 0
-0.102288 0.093026 0.425606 255 0 0
-0.087266 0.088026 0.428946 255 0 0
-0.091693 0.088026 0.424633 255 0 0
-0.087963 0.093026 0.439563 255 0 0
-0.085841 0.089936 0.434649 255 0 0
-0.098558 0.098026 0.440535 255 0 0
-0.092820 0.096116 0.441811 255 0 0
-0.102984 0.088026 0.436222 255 0 0
-0.104409 0.089936 0.430520 255 0 0
-0.100863 0.084936 0.431308 255 0 0
-0.096550 0.084936 0.426882 255 0 0
-0.095125 0.083026 0.432584 255 0 0
-0.089387 0.084936 0.433860 255 0 0
-0.093700 0.084936 0.438287 255 0 0
-0.092820 0.089936 0.441811 255 0 0
-0.098558 0.088026 0.440535 255 0 0
-0.102104 0.093026 0.439747 255 0 0
-0.060993 -0.073989 0.380189 255 0 0
-0.068331 -0.073989 0.387720 255 0 0
-0.060993 -0.091002 0.380189 255 0 0
-0.068331 -0.091002 0.387720 255 0 0
-0.070755 -0.087753 0.378018 255 0 0
-0.070755 -0.077238 0.378018 255 0 0
-0.058569 -0.087753 0.389891 255 0 0
-0.058569 -0.077238 0.389891 255 0 0
-0.066833 -0.082496 0.393716 255 0 0
-0.074364 -0.082496 0.386378 255 0 0
-0.054960 -0.082496 0.381530 255 0 0
-0.062491 -0.082496 0.374193 255 0 0
-0.061229 -0.077496 0.376003 255 0 0
-0.066967 -0.079406 0.374727 255 0 0
-0.066087 -0.074406 0.378252 255 0 0
-0.070400 -0.074406 0.382678 255 0 0
-0.064662 -0.072496 0.383954 255 0 0
-0.063237 -0.074406 0.389657 255 0 0
-0.058924 -0.074406 0.385230 255 0 0
-0.055378 -0.079406 0.386019 255 0 0
-0.056803 -0.077496 0.380316 255 0 0
-0.057683 -0.082496 0.376792 255 0 0
-0.073946 -0.079406 0.381890 255 0 0
-0.072521 -0.077496 0.387592 255 0 0
-0.066967 -0.085586 0.374727 255 0 0
-0.071824 -0.082496 0.376976 255 0 0
-0.056803 -0.087496 0.380316 255 0 0
-0.061229 -0.087496 0.376003 255 0 0
-0.057499 -0.082496 0.390933 255 0 0
-0.055378 -0.085586 0.386019 255 0 0
-0.068094 -0.077496 0.391905 255 0 0
-0.062357 -0.079406 0.393181 255 0 0
-0.072521 -0.087496 0.387592 255 0 0
-0.073946 -0.085586 0.381890 255 0 0
-0.070400 -0.090586 0.382678 255 0 0
-0.066087 -0.090586 0.378252 255 0 0
-0.064662 -0.092496 0.383954 255 0 0
-0.058924 -0.090586 0.385230 255 0 0
-0.063237 -0.090586 0.389657 255 0 0
-0.062357 -0.085586 0.393181 255 0 0
-0.068094 -0.087496 0.391905 255 0 0
-0.071640 -0.082496 0.391117 255 0 0
-0.100112 -0.001637 0.415790 255 0 0
-0.107450 -0.001637 0.423321 255 0 0
-0.100112 -0.018650 0.415790 255 0 0
-0.107450 -0.018650 0.423321 255 0 0
-0.109874 -0.015401 0.413619 255 0 0
-0.109874 -0.004886 0.413619 255 0 0
-0.097688 -0.015401 0.425492 255 0 0
-0.097688 -0.004886 0.425492 255 0 0
-0.105952 -0.010143 0.429317 255 0 0
-0.113483 -0.010143 0.421980 255 0 0
-0.094079 -0.010143 0.417132 255 0 0
-0.101610 -0.010143 0.409794 255 0 0
-0.100349 -0.005143 0.411605 255 0 0
-0.106086 -0.007053 0.410329 255 0 0
-0.105206 -0.002053 0.413853 255 0 0
-0.109519 -0.002053 0.418280 255 0 0
-0.103781 -0.000143 0.419556 255 0 0
-0.102356 -0.002053 0.425258 255 0 0
-0.098043 -0.002053 0.420832 255 0 0
-0.094497 -0.007053 0.421620 255 0 0
-0.095922 -0.005143 0.415918 255 0 0
-0.096802 -0.010143 0.412393 255 0 0
-0.113065 -0.007053 0.417491 255 0 0
-0.111640 -0.005143 0.423194 255 0 0
-0.106086 -0.013234 0.410329 255 0 0
-0.110943 -0.010143 0.412577 255 0 0
-0.095922 -0.015143 0.415918 255 0 0
-0.100349 -0.015143 0.411605 255 0 0
-0.096618 -0.010143 0.426534 255 0 0
-0.094497 -0.013234 0.421620 255 0 0
-0.107213 -0.005143 0.427507 255 0 0
-0.101476 -0.007053 0.428783 255 0 0
-0.111640 -0.015143 0.423194 255 0 0
-0.113065 -0.013234 0.417491 255 0 0
-0.109519 -0.018234 0.418280 255 0 0
-0.105206 -0.018234 0.413853 255 0 0
-0.103781 -0.020143 0.419556 255 0 0
-0.098043 -0.018234 0.420832 255 0 0
-0.102356 -0.018234 0.425258 255 0 0
-0.101476 -0.013234 0.428783 255 0 0
-0.107213 -0.015143 0.427507 255 0 0
-0.110759 -0.010143 0.426718 255 0 0
-0.128165 -0.075408 0.366394 255 0 0
-0.135502 -0.075408 0.373925 255 0 0
-0.128165 -0.092421 0.366394 255 0 0
-0.135502 -0.092421 0.373925 255 0 0
-0.137926 -0.089172 0.364223 255 0 0
-0.137926 -0.078657 0.364223 255 0 0
-0.125741 -0.089172 0.376095 255 0 0
-0.125741 -0.078657 0.376095 255 0 0
-0.134004 -0.083915 0.379921 255 0 0
-0.141535 -0.083915 0.372583 255 0 0
-0.122132 -0.083915 0.367735 255 0 0
-0.129663 -0.083915 0.360398 255 0 0
-0.128401 -0.078915 0.362208 255 0 0
-0.134139 -0.080825 0.360932 255 0 0
-0.133258 -0.075825 0.364457 255 0 0
-0.137571 -0.075825 0.368883 255 0 0
-0.131833 -0.073915 0.370159 255 0 0
-0.130409 -0.075825 0.375862 255 0 0
-0.126096 -0.075825 0.371435 255 0 0
-0.122550 -0.080825 0.372224 255 0 0
-0.123974 -0.078915 0.366521 255 0 0
-0.124855 -0.083915 0.362997 255 0 0
-0.141117 -0.080825 0.368095 255 0 0
-0.139692 -0.078915 0.373797 255 0 0
-0.134139 -0.087005 0.360932 255 0 0
-0.138996 -0.083915 0.363181 255 0 0
-0.123974 -0.088915 0.366521 255 0 0
-0.128401 -0.088915 0.362208 255 0 0
-0.124671 -0.083915 0.377138 255 0 0
-0.122550 -0.087005 0.372224 255 0 0
-0.135266 -0.078915 0.378110 255 0 0
-0.129528 -0.080825 0.379386 255 0 0
-0.139692 -0.088915 0.373797 255 0 0
-0.141117 -0.087005 0.368095 255 0 0
-0.137571 -0.092005 0.368883 255 0 0
-0.133258 -0.092005 0.364457 255 0 0
-0.131833 -0.093915 0.370159 255 0 0
-0.126096 -0.092005 0.371435 255 0 0
-0.130409 -0.092005 0.375862 255 0 0
-0.129528 -0.087005 0.379386 255 0 0
-0.135266 -0.088915 0.378110 255 0 0
-0.138812 -0.083915 0.377322 255 0 0
-0.092061 0.073573 0.409784 255 0 0
-0.099399 0.073573 0.417315 255 0 0
-0.092061 0.056560 0.409784 255 0 0
-0.099399 0.056560 0.417315 255 0 0
-0.101823 0.059810 0.407614 255 0 0
-0.101823 0.070324 0.407614 255 0 0
-0.089638 0.059810 0.419486 255 0 0
-0.089638 0.070324 0.419486 255 0 0
-0.097901 0.065067 0.423311 255 0 0
-0.105432 0.065067 0.415974 255 0 0
-0.086029 0.065067 0.411126 255 0 0
-0.093560 0.065067 0.403788 255 0 0
-0.092298 0.070067 0.405599 255 0 0
-0.098036 0.068157 0.404323 255 0 0
-0.097155 0.073157 0.407847 255 0 0
-0.101468 0.073157 0.412274 255 0 0
-0.095730 0.075067 0.413550 255 0 0
-0.094306 0.073157 0.419252 255 0 0
-0.089993 0.073157 0.414826 255 0 0
-0.086446 0.068157 0.415614 255 0 0
-0.087871 0.070067 0.409912 255 0 0
-0.088752 0.065067 0.406387 255 0 0
-0.105014 0.068157 0.411485 255 0 0
-0.103589 0.070067 0.417188 255 0 0
-0.098036 0.061977 0.404323 255 0 0
-0.102893 0.065067 0.406571 255 0 0
-0.087871 0.060067 0.409912 255 0 0
-0.092298 0.060067 0.405599 255 0 0
-0.088568 0.065067 0.420528 255 0 0
-0.086446 0.061977 0.415614 255 0 0
-0.099163 0.070067 0.421501 255 0 0
-0.093425 0.068157 0.422777 255 0 0
-0.103589 0.060067 0.417188 255 0 0
-0.105014 0.061977 0.411485 255 0 0
-0.101468 0.056977 0.412274 255 0 0
-0.097155 0.056977 0.407847 255 0 0
-0.095730 0.055067 0.413550 255 0 0
-0.089993 0.056977 0.414826 255 0 0
-0.094306 0.056977 0.419252 255 0 0
-0.093425 0.061977 0.422777 255 0 0
-0.099163 0.060067 0.421501 255 0 0
-0.102709 0.065067 0.420712 255 0 0
-0.055059 -0.016330 0.382313 255 0 0
-0.062397 -0.016330 0.389844 255 0 0
-0.055059 -0.033343 0.382313 255 0 0
-0.062397 -0.033343 0.389844 255 0 0
-0.064821 -0.030094 0.380142 255 0 0
-0.064821 -0.019580 0.380142 255 0 0
-0.052635 -0.030094 0.392014 255 0 0
-0.052635 -0.019580 0.392014 255 0 0
-0.060899 -0.024837 0.395840 255 0 0
-0.068430 -0.024837 0.388502 255 0 0
-0.049026 -0.024837 0.383654 255 0 0
-0.056557 -0.024837 0.376317 255 0 0
-0.055295 -0.019837 0.378127 255 0 0
-0.061033 -0.021747 0.376851 255 0 0
-0.060153 -0.016747 0.380376 255 0 0
-0.064466 -0.016747 0.384802 255 0 0
-0.058728 -0.014837 0.386078 255 0 0
-0.057303 -0.016747 0.391781 255 0 0
-0.052990 -0.016747 0.387354 255 0 0
-0.049444 -0.021747 0.388143 255 0 0
-0.050869 -0.019837 0.382440 255 0 0
-0.051749 -0.024837 0.378916 255 0 0
-0.068012 -0.021747 0.384014 255 0 0
-0.066587 -0.019837 0.389716 255 0 0
-0.061033 -0.027927 0.376851 255 0 0
-0.065890 -0.024837 0.379100 255 0 0
-0.050869 -0.029837 0.382440 255 0 0
-0.055295 -0.029837 0.378127 255 0 0
-0.051565 -0.024837 0.393057 255 0 0
-0.049444 -0.027927 0.388143 255 0 0
-0.062160 -0.019837 0.394029 255 0 0
-0.056423 -0.021747 0.395305 255 0 0
-0.066587 -0.029837 0.389716 255 0 0
-0.068012 -0.027927 0.384014 255 0 0
-0.064466 -0.032927 0.384802 255 0 0
-0.060153 -0.032927 0.380376 255 0 0
-0.058728 -0.034837 0.386078 255 0 0
-0.052990 -0.032927 0.387354 255 0 0
-0.057303 -0.032927 0.391781 255 0 0
-0.056423 -0.027927 0.395305 255 0 0
-0.062160 -0.029837 0.394029 255 0 0
-0.065706 -0.024837 0.393241 255 0 0
-0.014534 0.040949 0.435642 255 0 0
-0.021871 0.040949 0.443173 255 0 0
-0.014534 0.023936 0.435642 255 0 0
-0.021871 0.023936 0.443173 255 0 0
-0.024295 0.027185 0.433471 255 0 0
-0.024295 0.037700 0.433471 255 0 0
-0.012110 0.027185 0.445344 255 0 0
-0.012110 0.037700 0.445344 255 0 0
-0.020373 0.032443 0.449169 255 0 0
-0.027904 0.032443 0.441832 255 0 0
-0.008501 0.032443 0.436984 255 0 0
-0.016032 0.032443 0.429646 255 0 0
-0.014770 0.037443 0.431457 255 0 0
-0.020508 0.035533 0.430181 255 0 0
-0.019627 0.040533 0.433705 255 0 0
-0.023940 0.040533 0.438132 255 0 0
-0.018203 0.042443 0.439408 255 0 0
-0.016778 0.040533 0.445110 255 0 0
-0.012465 0.040533 0.440684 255 0 0
-0.008919 0.035533 0.441472 255 0 0
-0.010344 0.037443 0.435770 255 0 0
-0.011224 0.032443 0.432245 255 0 0
-0.027486 0.035533 0.437343 255 0 0
-0.026062 0.037443 0.443046 255 0 0
-0.020508 0.029353 0.430181 255 0 0
-0.025365 0.032443 0.432429 255 0 0
-0.010344 0.027443 0.435770 255 0 0
-0.014770 0.027443 0.431457 255 0 0
-0.011040 0.032443 0.446386 255 0 0
-0.008919 0.029353 0.441472 255 0 0
-0.021635 0.037443 0.447359 255 0 0
-0.015897 0.035533 0.448635 255 0 0
-0.026062 0.027443 0.443046 255 0 0
-0.027486 0.029353 0.437343 255 0 0
-0.023940 0.024353 0.438132 255 0 0
-0.019627 0.024353 0.433705 255 0 0
-0.018203 0.022443 0.439408 255 0 0
-0.012465 0.024353 0.440684 255 0 0
-0.016778 0.024353 0.445110 255 0 0
-0.015897 0.029353 0.448635 255 0 0
-0.021635 0.027443 0.447359 255 0 0
-0.025181 0.032443 0.446570 255 0 0
-0.010047 0.018684 0.472683 255 0 0
-0.017384 0.018684 0.480214 255 0 0
-0.010047 0.001671 0.472683 255 0 0
-0.017384 0.001671 0.480214 255 0 0
-0.019808 0.004920 0.470512 255 0 0
-0.019808 0.015435 0.470512 255 0 0
-0.007623 0.004920 0.482384 255 0 0
-0.007623 0.015435 0.482384 255 0 0
-0.015886 0.010177 0.486210 255 0 0
-0.023417 0.010177 0.478872 255 0 0
-0.004014 0.010177 0.474024 255 0 0
-0.011545 0.010177 0.466687 255 0 0
-0.010283 0.015177 0.468497 255 0 0
-0.016021 0.013268 0.467221 255 0 0
-0.015140 0.018268 0.470746 255 0 0
-0.019453 0.018268 0.475172 255 0 0
-0.013715 0.020177 0.476448 255 0 0
-0.012291 0.018268 0.482151 255 0 0
-0.007978 0.018268 0.477724 255 0 0
-0.004432 0.013268 0.478513 255 0 0
-0.005856 0.015177 0.472810 255 0 0
-0.006737 0.010177 0.469286 255 0 0
-0.022999 0.013268 0.474384 255 0 0
-0.021574 0.015177 0.480086 255 0 0
-0.016021 0.007087 0.467221 255 0 0
-0.020878 0.010177 0.469470 255 0 0
-0.005856 0.005177 0.472810 255 0 0
-0.010283 0.005177 0.468497 255 0 0
-0.006553 0.010177 0.483427 255 0 0
-0.004432 0.007087 0.478513 255 0 0
-0.017148 0.015177 0.484399 255 0 0
-0.011410 0.013268 0.485675 255 0 0
-0.021574 0.005177 0.480086 255 0 0
-0.022999 0.007087 0.474384 255 0 0
-0.019453 0.002087 0.475172 255 0 0
-0.015140 0.002087 0.470746 255 0 0
-0.013715 0.000177 0.476448 255 0 0
-0.007978 0.002087 0.477724 255 0 0
-0.012291 0.002087 0.482151 255 0 0
-0.011410 0.007087 0.485675 255 0 0
-0.017148 0.005177 0.484399 255 0 0
-0.020694 0.010177 0.483611 255 0 0
0.066924 0.089841 0.426796 255 0 0
0.059586 0.089841 0.434327 255 0 0
0.066924 0.072828 0.426796 255 0 0
0.059586 0.072828 0.434327 255 0 0
0.057163 0.076077 0.424626 255 0 0
0.057163 0.086592 0.424626 255 0 0
0.069348 0.076077 0.436498 255 0 0
0.069348 0.086592 0.436498 255 0 0
0.061085 0.081335 0.440323 255 0 0
0.053554 0.081335 0.432986 255 0 0
0.072957 0.081335 0.428138 255 0 0
0.065426 0.081335 0.420800 255 0 0
0.066688 0.086335 0.422611 255 0 0
0.060950 0.084425 0.421335 255 0 0
0.061831 0.089425 0.424859 255 0 0
0.057518 0.089425 0.429286 255 0 0
0.063255 0.091335 0.430562 255 0 0
0.064680 0.089425 0.436264 255 0 0
0.068993 0.089425 0.431838 255 0 0
0.072539 0.084425 0.432626 255 0 0
0.071114 0.086335 0.426924 255 0 0
0.070234 0.081335 0.423399 255 0 0
0.053971 0.084425 0.428497 255 0 0
0.055396 0.086335 0.434200 255 0 0
0.060950 0.078245 0.421335 255 0 0
0.056093 0.081335 0.423583 255 0 0
0.071114 0.076335 0.426924 255 0 0
0.066688 0.076335 0.422611 255 0 0
0.070418 0.081335 0.437540 255 0 0
0.072539 0.078245 0.432626 255 0 0
0.059823 0.086335 0.438513 255 0 0
0.065561 0.084425 0.439789 255 0 0
0.055396 0.076335 0.434200 255 0 0
0.053971 0.078245 0.428497 255 0 0
0.057518 0.073245 0.429286 255 0 0
0.061831 0.073245 0.424859 255 0 0
0.063255 0.071335 0.430562 255 0 0
0.068993 0.073245 0.431838 255 0 0
0.064680 0.073245 0.436264 255 0 0
0.065561 0.078245 0.439789 255 0 0
0.059823 0.076335 0.438513 255 0 0
0.056277 0.081335 0.437724 255 0 0
0.013312 -0.030982 0.474699 255 0 0
0.005975 -0.030982 0.482230 255 0 0
0.013312 -0.047995 0.474699 255 0 0
0.005975 -0.047995 0.482230 255 0 0
0.003551 -0.044746 0.472528 255 0 0
0.003551 -0.034231 0.472528 255 0 0
0.015736 -0.044746 0.484400 255 0 0
0.015736 -0.034231 0.484400 255 0 0
0.007473 -0.039489 0.488226 255 0 0
-0.000058 -0.039489 0.480888 255 0 0
0.019345 -0.039489 0.476040 255 0 0
0.011814 -0.039489 0.468703 255 0 0
0.013076 -0.034489 0.470513 255 0 0
0.007338 -0.036398 0.469237 255 0 0
0.008219 -0.031398 0.472762 255 0 0
0.003906 -0.031398 0.477188 255 0 0
0.009643 -0.029489 0.478464 255 0 0
0.011068 -0.031398 0.484167 255 0 0
0.015381 -0.031398 0.479740 255 0 0
0.018927 -0.036398 0.480529 255 0 0
0.017502 -0.034489 0.474826 255 0 0
0.016622 -0.039489 0.471302 255 0 0
0.000360 -0.036398 0.476400 255 0 0
0.001784 -0.034489 0.482102 255 0 0
0.007338 -0.042579 0.469237 255 0 0
0.002481 -0.039489 0.471486 255 0 0
0.017502 -0.044489 0.474826 255 0 0
0.013076 -0.044489 0.470513 255 0 0
0.016806 -0.039489 0.485443 255 0 0
0.018927 -0.042579 0.480529 255 0 0
0.006211 -0.034489 0.486415 255 0 0
0.011949 -0.036398 0.487691 255 0 0
0.001784 -0.044489 0.482102 255 0 0
0.000360 -0.042579 0.476400 255 0 0
0.003906 -0.047579 0.477188 255 0 0
0.008219 -0.047579 0.472762 255 0 0
0.009643 -0.049489 0.478464 255 0 0
0.015381 -0.047579 0.479740 255 0 0
0.011068 -0.047579 0.484167 255 0 0
0.011949 -0.042579 0.487691 255 0 0
0.006211 -0.044489 0.486415 255 0 0
0.002665 -0.039489 0.485627 255 0 0
0.021390 -0.086605 0.427312 255 0 0
0.014052 -0.086605 0.434843 255 0 0
0.021390 -0.103618 0.427312 255 0 0
0.014052 -0.103618 0.434843 255 0 0
0.011628 -0.100369 0.425141 255 0 0
0.011628 -0.089854 0.425141 255 0 0
0.023814 -0.100369 0.437014 255 0 0
0.023814 -0.089854 0.437014 255 0 0
0.015550 -0.095111 0.440839 255 0 0
0.008019 -0.095111 0.433501 255 0 0
0.027423 -0.095111 0.428653 255 0 0
0.019892 -0.095111 0.421316 255 0 0
0.021153 -0.090111 0.423126 255 0 0
0.015416 -0.092021 0.421850 255 0 0
0.016296 -0.087021 0.425375 255 0 0
0.011983 -0.087021 0.429801 255 0 0
0.017721 -0.085111 0.431077 255 0 0
0.019146 -0.087021 0.436780 255 0 0
0.023459 -0.087021 0.432353 255 0 0
0.027005 -0.092021 0.433142 255 0 0
0.025580 -0.090111 0.427439 255 0 0
0.024699 -0.095111 0.423915 255 0 0
0.008437 -0.092021 0.429013 255 0 0
0.009862 -0.090111 0.434715 255 0 0
0.015416 -0.098202 0.421850 255 0 0
0.010559 -0.095111 0.424099 255 0 0
0.025580 -0.100111 0.427439 255 0 0
0.021153 -0.100111 0.423126 255 0 0
0.024883 -0.095111 0.438056 255 0 0
0.027005 -0.098202 0.433142 255 0 0
0.014289 -0.090111 0.439028 255 0 0
0.020026 -0.092021 0.440304 255 0 0
0.009862 -0.100111 0.434715 255 0 0
0.008437 -0.098202 0.429013 255 0 0
0.011983 -0.103202 0.429801 255 0 0
0.016296 -0.103202 0.425375 255 0 0
0.017721 -0.105111 0.431077 255 0 0
0.023459 -0.103202 0.432353 255 0 0
0.019146 -0.103202 0.436780 255 0 0
0.020026 -0.098202 0.440304 255 0 0
0.014289 -0.100111 0.439028 255 0 0
0.010743 -0.095111 0.438240 255 0 0
-0.126160 -0.062043 0.420445 255 0 0
-0.133497 -0.062043 0.427976 255 0 0
-0.126160 -0.079056 0.420445 255 0 0
-0.133497 -0.079056 0.427976 255 0 0
-0.135921 -0.075806 0.418274 255 0 0
-0.135921 -0.065292 0.418274 255 0 0
-0.123736 -0.075806 0.430147 255 0 0
-0.123736 -0.065292 0.430147 255 0 0
-0.131999 -0.070549 0.433972 255 0 0
-0.139530 -0.070549 0.426635 255 0 0
-0.120127 -0.070549 0.421787 255 0 0
-0.127658 -0.070549 0.414449 255 0 0
-0.126396 -0.065549 0.416260 255 0 0
-0.132134 -0.067459 0.414984 255 0 0
-0.131253 -0.062459 0.418508 255 0 0
-0.135566 -0.062459 0.422935 255 0 0
-0.129829 -0.060549 0.424211 255 0 0
-0.128404 -0.062459 0.429913 255 0 0
-0.124091 -0.062459 0.425487 255 0 0
-0.120545 -0.067459 0.426275 255 0 0
-0.121970 -0.065549 0.420573 255 0 0
-0.122850 -0.070549 0.417048 255 0 0
-0.139112 -0.067459 0.422146 255 0 0
-0.137688 -0.065549 0.427849 255 0 0
-0.132134 -0.073639 0.414984 255 0 0
-0.136991 -0.070549 0.417232 255 0 0
-0.121970 -0.075549 0.420573 255 0 0
-0.126396 -0.075549 0.416260 255 0 0
-0.122666 -0.070549 0.431189 255 0 0
-0.120545 -0.073639 0.426275 255 0 0
-0.133261 -0.065549 0.432162 255 0 0
-0.127523 -0.067459 0.433438 255 0 0
-0.137688 -0.075549 0.427849 255 0 0
-0.139112 -0.073639 0.422146 255 0 0
-0.135566 -0.078639 0.422935 255 0 0
-0.131253 -0.078639 0.418508 255 0 0
-0.129829 -0.080549 0.424211 255 0 0
-0.124091 -0.078639 0.425487 255 0 0
-0.128404 -0.078639 0.429913 255 0 0
-0.127523 -0.073639 0.433438 255 0 0
-0.133261 -0.075549 0.432162 255 0 0
-0.136807 -0.070549 0.431373 255 0 0
0.007674 -0.053197 0.454025 255 0 0
0.000336 -0.053197 0.461556 255 0 0
0.007674 -0.070210 0.454025 255 0 0
0.000336 -0.070210 0.461556 255 0 0
-0.002088 -0.066961 0.451854 255 0 0
-0.002088 -0.056446 0.451854 255 0 0
0.010098 -0.066961 0.463727 255 0 0
0.010098 -0.056446 0.463727 255 0 0
0.001834 -0.061703 0.467552 255 0 0
-0.005697 -0.061703 0.460215 255 0 0
0.013707 -0.061703 0.455367 255 0 0
0.006176 -0.061703 0.448029 255 0 0
0.007437 -0.056703 0.449840 255 0 0
0.001700 -0.058613 0.448564 255 0 0
0.002580 -0.053613 0.452088 255 0 0
-0.001733 -0.053613 0.456515 255 0 0
0.004005 -0.051703 0.457791 255 0 0
0.005430 -0.053613 0.463493 255 0 0
0.009743 -0.053613 0.459067 255 0 0
0.013289 -0.058613 0.459855 255 0 0
0.011864 -0.056703 0.454152 255 0 0
0.010983 -0.061703 0.450628 255 0 0
-0.005279 -0.058613 0.455726 255 0 0
-0.003854 -0.056703 0.461429 255 0 0
0.001700 -0.064793 0.448564 255 0 0
-0.003158 -0.061703 0.450812 255 0 0
0.011864 -0.066703 0.454152 255 0 0
0.007437 -0.066703 0.449840 255 0 0
0.011167 -0.061703 0.464769 255 0 0
0.013289 -0.064793 0.459855 255 0 0
0.000572 -0.056703 0.465742 255 0 0
0.006310 -0.058613 0.467018 255 0 0
-0.003854 -0.066703 0.461429 255 0 0
-0.005279 -0.064793 0.455726 255 0 0
-0.001733 -0.069793 0.456515 255 0 0
0.002580 -0.069793 0.452088 255 0 0
0.004005 -0.071703 0.457791 255 0 0
0.009743 -0.069793 0.459067 255 0 0
0.005430 -0.069793 0.463493 255 0 0
0.006310 -0.064793 0.467018 255 0 0
0.000572 -0.066703 0.465742 255 0 0
-0.002974 -0.061703 0.464953 255 0 0
-0.131267 -0.034379 0.409449 255 0 0
-0.138605 -0.034379 0.416980 255 0 0
-0.131267 -0.051392 0.409449 255 0 0
-0.138605 -0.051392 0.416980 255 0 0
-0.141028 -0.048143 0.407278 255 0 0
-0.141028 -0.037628 0.407278 255 0 0
-0.128843 -0.048143 0.419150 255 0 0
-0.128843 -0.037628 0.419150 255 0 0
-0.137106 -0.042885 0.422976 255 0 0
-0.144638 -0.042885 0.415638 255 0 0
-0.125234 -0.042885 0.410790 255 0 0
-0.132765 -0.042885 0.403453 255 0 0
-0.131503 -0.037885 0.405263 255 0 0
-0.137241 -0.039795 0.403987 255 0 0
-0.136360 -0.034795 0.407512 255 0 0
-0.140673 -0.034795 0.411938 255 0 0
-0.134936 -0.032885 0.413214 255 0 0
-0.133511 -0.034795 0.418917 255 0 0
-0.129198 -0.034795 0.414490 255 0 0
-0.125652 -0.039795 0.415279 255 0 0
-0.127077 -0.037885 0.409576 255 0 0
-0.127957 -0.042885 0.406052 255 0 0
-0.144220 -0.039795 0.411150 255 0 0
-0.142795 -0.037885 0.416852 255 0 0
-0.137241 -0.045975 0.403987 255 0 0
-0.142098 -0.042885 0.406236 255 0 0
-0.127077 -0.047885 0.409576 255 0 0
-0.131503 -0.047885 0.405263 255 0 0
-0.127773 -0.042885 0.420193 255 0 0
-0.125652 -0.045975 0.415279 255 0 0
-0.138368 -0.037885 0.421165 255 0 0
-0.132630 -0.039795 0.422441 255 0 0
-0.142795 -0.047885 0.416852 255 0 0
-0.144220 -0.045975 0.411150 255 0 0
-0.140673 -0.050975 0.411938 255 0 0
-0.136360 -0.050975 0.407512 255 0 0
-0.134936 -0.052885 0.413214 255 0 0
-0.129198 -0.050975 0.414490 255 0 0
-0.133511 -0.050975 0.418917 255 0 0
-0.132630 -0.045975 0.422441 255 0 0
-0.138368 -0.047885 0.421165 255 0 0
-0.141914 -0.042885 0.420377 255 0 0
0.001956 -0.032462 0.393214 255 0 0
-0.005381 -0.032462 0.400745 255 0 0
0.001956 -0.049475 0.393214 255 0 0
-0.005381 -0.049475 0.400745 255 0 0
-0.007805 -0.046225 0.391043 255 0 0
-0.007805 -0.035711 0.391043 255 0 0
0.004380 -0.046225 0.402916 255 0 0
0.004380 -0.035711 0.402916 255 0 0
-0.003883 -0.040968 0.406741 255 0 0
-0.011414 -0.040968 0.399403 255 0 0
0.007989 -0.040968 0.394555 255 0 0
0.000458 -0.040968 0.387218 255 0 0
0.001720 -0.035968 0.389028 255 0 0
-0.004018 -0.037878 0.387752 255 0 0
-0.003137 -0.032878 0.391277 255 0 0
-0.007450 -0.032878 0.395703 255 0 0
-0.001713 -0.030968 0.396979 255 0 0
-0.000288 -0.032878 0.402682 255 0 0
0.004025 -0.032878 0.398255 255 0 0
0.007571 -0.037878 0.399044 255 0 0
0.006146 -0.035968 0.393341 255 0 0
0.005266 -0.040968 0.389817 255 0 0
-0.010996 -0.037878 0.394915 255 0 0
-0.009572 -0.035968 0.400617 255 0 0
-0.004018 -0.044058 0.387752 255 0 0
-0.008875 -0.040968 0.390001 255 0 0
0.006146 -0.045968 0.393341 255 0 0
0.001720 -0.045968 0.389028 255 0 0
0.005450 -0.040968 0.403958 255 0 0
0.007571 -0.044058 0.399044 255 0 0
-0.005145 -0.035968 0.404930 255 0 0
0.000593 -0.037878 0.406206 255 0 0
-0.009572 -0.045968 0.400617 255 0 0
-0.010996 -0.044058 0.394915 255 0 0
-0.007450 -0.049058 0.395703 255 0 0
-0.003137 -0.049058 0.391277 255 0 0
-0.001713 -0.050968 0.396979 255 0 0
0.004025 -0.049058 0.398255 255 0 0
-0.000288 -0.049058 0.402682 255 0 0
0.000593 -0.044058 0.406206 255 0 0
-0.005145 -0.045968 0.404930 255 0 0
-0.008691 -0.040968 0.404142 255 0 0
0.016709 0.025223 0.450507 255 0 0
0.009372 0.025223 0.458038 255 0 0
0.016709 0.008210 0.450507 255 0 0
0.009372 0.008210 0.458038 255 0 0
0.006948 0.011459 0.448337 255 0 0
0.006948 0.021973 0.448337 255 0 0
0.019133 0.011459 0.460209 255 0 0
0.019133 0.021973 0.460209 255 0 0
0.010870 0.016716 0.464034 255 0 0
0.003339 0.016716 0.456697 255 0 0
0.022742 0.016716 0.451849 255 0 0
0.015211 0.016716 0.444511 255 0 0
0.016473 0.021716 0.446322 255 0 0
0.010735 0.019806 0.445046 255 0 0
0.011616 0.024806 0.448570 255 0 0
0.007303 0.024806 0.452997 255 0 0
0.013040 0.026716 0.454273 255 0 0
0.014465 0.024806 0.459975 255 0 0
0.018778 0.024806 0.455549 255 0 0
0.022324 0.019806 0.456337 255 0 0
0.020899 0.021716 0.450635 255 0 0
0.020019 0.016716 0.447110 255 0 0
0.003757 0.019806 0.452208 255 0 0
0.005181 0.021716 0.457911 255 0 0
0.010735 0.013626 0.445046 255 0 0
0.005878 0.016716 0.447294 255 0 0
0.020899 0.011716 0.450635 255 0 0
0.016473 0.011716 0.446322 255 0 0
0.020203 0.016716 0.461251 255 0 0
0.022324 0.013626 0.456337 255 0 0
0.009608 0.021716 0.462224 255 0 0
0.015346 0.019806 0.463500 255 0 0
0.005181 0.011716 0.457911 255 0 0
0.003757 0.013626 0.452208 255 0 0
0.007303 0.008626 0.452997 255 0 0
0.011616 0.008626 0.448570 255 0 0
0.013040 0.006716 0.454273 255 0 0
0.018778 0.008626 0.455549 255 0 0
0.014465 0.008626 0.459975 255 0 0
0.015346 0.013626 0.463500 255 0 0
0.009608 0.011716 0.462224 255 0 0
0.006062 0.016716 0.461435 255 0 0
0.004199 0.031292 0.429137 255 0 0
-0.003139 0.031292 0.436668 255 0 0
0.004199 0.014279 0.429137 255 0 0
-0.003139 0.014279 0.436668 255 0 0
-0.005563 0.017528 0.426966 255 0 0
-0.005563 0.028043 0.426966 255 0 0
0.006623 0.017528 0.438839 255 0 0
0.006623 0.028043 0.438839 255 0 0
-0.001641 0.022785 0.442664 255 0 0
-0.009172 0.022785 0.435326 255 0 0
0.010232 0.022785 0.430479 255 0 0
0.002701 0.022785 0.423141 255 0 0
0.003962 0.027785 0.424951 255 0 0
-0.001775 0.025876 0.423676 255 0 0
-0.000895 0.030876 0.427200 255 0 0
-0.005208 0.030876 0.431627 255 0 0
0.000530 0.032785 0.432902 255 0 0
0.001955 0.030876 0.438605 255 0 0
0.006268 0.030876 0.434178 255 0 0
0.009814 0.025876 0.434967 255 0 0
0.008389 0.027785 0.429264 255 0 0
0.007508 0.022785 0.425740 255 0 0
-0.008754 0.025876 0.430838 255 0 0
-0.007329 0.027785 0.436541 255 0 0
-0.001775 0.019695 0.423676 255 0 0
-0.006633 0.022785 0.425924 255 0 0
0.008389 0.017785 0.429264 255 0 0
0.003962 0.017785 0.424951 255 0 0
0.007692 0.022785 0.439881 255 0 0
0.009814 0.019695 0.434967 255 0 0
-0.002903 0.027785 0.440853 255 0 0
0.002835 0.025876 0.442129 255 0 0
-0.007329 0.017785 0.436541 255 0 0
-0.008754 0.019695 0.430838 255 0 0
-0.005208 0.014695 0.431627 255 0 0
-0.000895 0.014695 0.427200 255 0 0
0.000530 0.012785 0.432902 255 0 0
0.006268 0.014695 0.434178 255 0 0
0.001955 0.014695 0.438605 255 0 0
0.002835 0.019695 0.442129 255 0 0
-0.002903 0.017785 0.440853 255 0 0
-0.006449 0.022785 0.440065 255 0 0
0.052671 0.063289 0.437138 255 0 0
0.045334 0.063289 0.444669 255 0 0
0.052671 0.046276 0.437138 255 0 0
0.045334 0.046276 0.444669 255 0 0
0.042910 0.049526 0.434967 255 0 0
0.042910 0.060040 0.434967 255 0 0
0.055095 0.049526 0.446840 255 0 0
0.055095 0.060040 0.446840 255 0 0
0.046832 0.054783 0.450665 255 0 0
0.039301 0.054783 0.443328 255 0 0
0.058704 0.054783 0.438480 255 0 0
0.051173 0.054783 0.431142 255 0 0
0.052435 0.059783 0.432953 255 0 0
0.046697 0.057873 0.431677 255 0 0
0.047578 0.062873 0.435201 255 0 0
0.043265 0.062873 0.439628 255 0 0
0.049003 0.064783 0.440904 255 0 0
0.050427 0.062873 0.446606 255 0 0
0.054740 0.062873 0.442180 255 0 0
0.058286 0.057873 0.442968 255 0 0
0.056862 0.059783 0.437266 255 0 0
0.055981 0.054783 0.433741 255 0 0
0.039719 0.057873 0.438839 255 0 0
0.041144 0.059783 0.444542 255 0 0
0.046697 0.051693 0.431677 255 0 0
0.041840 0.054783 0.433925 255 0 0
0.056862 0.049783 0.437266 255 0 0
0.052435 0.049783 0.432953 255 0 0
0.056165 0.054783 0.447882 255 0 0
0.058286 0.051693 0.442968 255 0 0
0.045570 0.059783 0.448855 255 0 0
0.051308 0.057873 0.450131 255 0 0
0.041144 0.049783 0.444542 255 0 0
0.039719 0.051693 0.438839 255 0 0
0.043265 0.046693 0.439628 255 0 0
0.047578 0.046693 0.435201 255 0 0
0.049003 0.044783 0.440904 255 0 0
0.054740 0.046693 0.442180 255 0 0
0.050427 0.046693 0.446606 255 0 0
0.051308 0.051693 0.450131 255 0 0
0.045570 0.049783 0.448855 255 0 0
0.042024 0.054783 0.448066 255 0 0
0.002602 0.069366 0.415034 255 0 0
-0.004735 0.069366 0.422565 255 0 0
0.002602 0.052353 0.415034 255 0 0
-0.004735 0.052353 0.422565 255 0 0
-0.007159 0.055602 0.412863 255 0 0
-0.007159 0.066117 0.412863 255 0 0
0.005026 0.055602 0.424736 255 0 0
0.005026 0.066117 0.424736 255 0 0
-0.003237 0.060860 0.428561 255 0 0
-0.010768 0.060860 0.421223 255 0 0
0.008635 0.060860 0.416375 255 0 0
0.001104 0.060860 0.409038 255 0 0
0.002366 0.065860 0.410848 255 0 0
-0.003372 0.063950 0.409572 255 0 0
-0.002491 0.068950 0.413097 255 0 0
-0.006804 0.068950 0.417523 255 0 0
-0.001067 0.070860 0.418799 255 0 0
0.000358 0.068950 0.424502 255 0 0
0.004671 0.068950 0.420075 255 0 0
0.008217 0.063950 0.420864 255 0 0
0.006792 0.065860 0.415161 255 0 0
0.005912 0.060860 0.411637 255 0 0
-0.010350 0.063950 0.416735 255 0 0
-0.008926 0.065860 0.422437 255 0 0
-0.003372 0.057770 0.409572 255 0 0
-0.008229 0.060860 0.411821 255 0 0
0.006792 0.055860 0.415161 255 0 0
0.002366 0.055860 0.410848 255 0 0
0.006096 0.060860 0.425778 255 0 0
0.008217 0.057770 0.420864 255 0 0
-0.004499 0.065860 0.426750 255 0 0
0.001239 0.063950 0.428026 255 0 0
-0.008926 0.055860 0.422437 255 0 0
-0.010350 0.057770 0.416735 255 0 0
-0.006804 0.052770 0.417523 255 0 0
-0.002491 0.052770 0.413097 255 0 0
-0.001067 0.050860 0.418799 255 0 0
0.004671 0.052770 0.420075 255 0 0
0.000358 0.052770 0.424502 255 0 0
0.001239 0.057770 0.428026 255 0 0
-0.004499 0.055860 0.426750 255 0 0
-0.008045 0.060860 0.425962 255 0 0
-0.000895 0.061786 0.398300 255 0 0
-0.008233 0.061786 0.405831 255 0 0
-0.000895 0.044773 0.398300 255 0 0
-0.008233 0.044773 0.405831 255 0 0
-0.010657 0.048022 0.396129 255 0 0
-0.010657 0.058537 0.396129 255 0 0
0.001529 0.048022 0.408002 255 0 0
0.001529 0.058537 0.408002 255 0 0
-0.006735 0.053279 0.411827 255 0 0
-0.014266 0.053279 0.404489 255 0 0
0.005138 0.053279 0.399642 255 0 0
-0.002393 0.053279 0.392304 255 0 0
-0.001132 0.058279 0.394114 255 0 0
-0.006869 0.056369 0.392839 255 0 0
-0.005989 0.061369 0.396363 255 0 0
-0.010302 0.061369 0.400790 255 0 0
-0.004564 0.063279 0.402065 255 0 0
-0.003139 0.061369 0.407768 255 0 0
0.001174 0.061369 0.403341 255 0 0
0.004720 0.056369 0.404130 255 0 0
0.003295 0.058279 0.398427 255 0 0
0.002414 0.053279 0.394903 255 0 0
-0.013848 0.056369 0.400001 255 0 0
-0.012423 0.058279 0.405704 255 0 0
-0.006869 0.050189 0.392839 255 0 0
-0.011727 0.053279 0.395087 255 0 0
0.003295 0.048279 0.398427 255 0 0
-0.001132 0.048279 0.394114 255 0 0
0.002598 0.053279 0.409044 255 0 0
0.004720 0.050189 0.404130 255 0 0
-0.007996 0.058279 0.410016 255 0 0
-0.002259 0.056369 0.411292 255 0 0
-0.012423 0.048279 0.405704 255 0 0
-0.013848 0.050189 0.400001 255 0 0
-0.010302 0.045189 0.400790 255 0 0
-0.005989 0.045189 0.396363 255 0 0
-0.004564 0.043279 0.402065 255 0 0
0.001174 0.045189 0.403341 255 0 0
-0.003139 0.045189 0.407768 255 0 0
-0.002259 0.050189 0.411292 255 0 0
-0.007996 0.048279 0.410016 255 0 0
-0.011543 0.053279 0.409228 255 0 0
-0.015322 0.078898 0.451937 255 0 0
-0.022660 0.078898 0.459468 255 0 0
-0.015322 0.061885 0.451937 255 0 0
-0.022660 0.061885 0.459468 255 0 0
-0.025084 0.065135 0.449766 255 0 0
-0.025084 0.075649 0.449766 255 0 0
-0.012898 0.065135 0.461639 255 0 0
-0.012898 0.075649 0.461639 255 0 0
-0.021162 0.070392 0.465464 255 0 0
-0.028693 0.070392 0.458126 255 0 0
-0.009289 0.070392 0.453278 255 0 0
-0.016820 0.070392 0.445941 255 0 0
-0.015559 0.075392 0.447751 255 0 0
-0.021296 0.073482 0.446475 255 0 0
-0.020416 0.078482 0.450000 255 0 0
-0.024729 0.078482 0.454426 255 0 0
-0.018991 0.080392 0.455702 255 0 0
-0.017566 0.078482 0.461405 255 0 0
-0.013253 0.078482 0.456978 255 0 0
-0.009707 0.073482 0.457767 255 0 0
-0.011132 0.075392 0.452064 255 0 0
-0.012013 0.070392 0.448540 255 0 0
-0.028275 0.073482 0.453638 255 0 0
-0.026850 0.075392 0.459340 255 0 0
-0.021296 0.067302 0.446475 255 0 0
-0.026154 0.070392 0.448724 255 0 0
-0.011132 0.065392 0.452064 255 0 0
-0.015559 0.065392 0.447751 255 0 0
-0.011829 0.070392 0.462681 255 0 0
-0.009707 0.067302 0.457767 255 0 0
-0.022423 0.075392 0.463653 255 0 0
-0.016686 0.073482 0.464929 255 0 0
-0.026850 0.065392 0.459340 255 0 0
-0.028275 0.067302 0.453638 255 0 0
-0.024729 0.062302 0.454426 255 0 0
-0.020416 0.062302 0.450000 255 0 0
-0.018991 0.060392 0.455702 255 0 0
-0.013253 0.062302 0.456978 255 0 0
-0.017566 0.062302 0.461405 255 0 0
-0.016686 0.067302 0.464929 255 0 0
-0.022423 0.065392 0.463653 255 0 0
-0.025970 0.070392 0.462865 255 0 0
-0.023259 0.077309 0.414506 255 0 0
-0.030597 0.077309 0.422037 255 0 0
-0.023259 0.060296 0.414506 255 0 0
-0.030597 0.060296 0.422037 255 0 0
-0.033021 0.063545 0.412335 255 0 0
-0.033021 0.074060 0.412335 255 0 0
-0.020835 0.063545 0.424208 255 0 0
-0.020835 0.074060 0.424208 255 0 0
-0.029099 0.068803 0.428033 255 0 0
-0.036630 0.068803 0.420695 255 0 0
-0.017226 0.068803 0.415847 255 0 0
-0.024757 0.068803 0.408510 255 0 0
-0.023495 0.073803 0.410320 255 0 0
-0.029233 0.071893 0.409044 255 0 0
-0.028353 0.076893 0.412569 255 0 0
-0.032666 0.076893 0.416995 255 0 0
-0.026928 0.078803 0.418271 255 0 0
-0.025503 0.076893 0.423974 255 0 0
-0.021190 0.076893 0.419547 255 0 0
-0.017644 0.071893 0.420336 255 0 0
-0.019069 0.073803 0.414633 255 0 0
-0.019949 0.068803 0.411109 255 0 0
-0.036212 0.071893 0.416207 255 0 0
-0.034787 0.073803 0.421910 255 0 0
-0.029233 0.065712 0.409044 255 0 0
-0.034090 0.068803 0.411293 255 0 0
-0.019069 0.063803 0.414633 255 0 0
-0.023495 0.063803 0.410320 255 0 0
-0.019765 0.068803 0.425250 255 0 0
-0.017644 0.065712 0.420336 255 0 0
-0.030360 0.073803 0.426222 255 0 0
-0.024623 0.071893 0.427498 255 0 0
-0.034787 0.063803 0.421910 255 0 0
-0.036212 0.065712 0.416207 255 0 0
-0.032666 0.060712 0.416995 255 0 0
-0.028353 0.060712 0.412569 255 0 0
-0.026928 0.058803 0.418271 255 0 0
-0.021190 0.060712 0.419547 255 0 0
-0.025503 0.060712 0.423974 255 0 0
-0.024623 0.065712 0.427498 255 0 0
-0.030360 0.063803 0.426222 255 0 0
-0.033906 0.068803 0.425434 255 0 0
0.034968 -0.079820 0.420067 255 0 0
0.027630 -0.079820 0.427598 255 0 0
0.034968 -0.096833 0.420067 255 0 0
0.027630 -0.096833 0.427598 255 0 0
0.025206 -0.093584 0.417896 255 0 0
0.025206 -0.083069 0.417896 255 0 0
0.037392 -0.093584 0.429769 255 0 0
0.037392 -0.083069 0.429769 255 0 0
0.029128 -0.088327 0.433594 255 0 0
0.021597 -0.088327 0.426256 255 0 0
0.041001 -0.088327 0.421408 255 0 0
0.033470 -0.088327 0.414071 255 0 0
0.034731 -0.083327 0.415881 255 0 0
0.028994 -0.085237 0.414605 255 0 0
0.029874 -0.080237 0.418130 255 0 0
0.025561 -0.080237 0.422556 255 0 0
0.031299 -0.078327 0.423832 255 0 0
0.032724 -0.080237 0.429535 255 0 0
0.037037 -0.080237 0.425108 255 0 0
0.040583 -0.085237 0.425897 255 0 0
0.039158 -0.083327 0.420194 255 0 0
0.038277 -0.088327 0.416670 255 0 0
0.022015 -0.085237 0.421768 255 0 0
0.023440 -0.083327 0.427470 255 0 0
0.028994 -0.091417 0.414605 255 0 0
0.024136 -0.088327 0.416854 255 0 0
0.039158 -0.093327 0.420194 255 0 0
0.034731 -0.093327 0.415881 255 0 0
0.038461 -0.088327 0.430811 255 0 0
0.040583 -0.091417 0.425897 255 0 0
0.027866 -0.083327 0.431783 255 0 0
0.033604 -0.085237 0.433059 255 0 0
0.023440 -0.093327 0.427470 255 0 0
0.022015 -0.091417 0.421768 255 0 0
0.025561 -0.096417 0.422556 255 0 0
0.029874 -0.096417 0.418130 255 0 0
0.031299 -0.098327 0.423832 255 0 0
0.037037 -0.096417 0.425108 255 0 0
0.032724 -0.096417 0.429535 255 0 0
0.033604 -0.091417 0.433059 255 0 0
0.027866 -0.093327 0.431783 255 0 0
0.024320 -0.088327 0.430995 255 0 0
0.010284 0.044063 0.472204 255 0 0
0.002947 0.044063 0.479735 255 0 0
0.010284 0.027050 0.472204 255 0 0
0.002947 0.027050 0.479735 255 0 0
0.000523 0.030300 0.470033 255 0 0
0.000523 0.040814 0.470033 255 0 0
0.012708 0.030300 0.481906 255 0 0
0.012708 0.040814 0.481906 255 0 0
0.004445 0.035557 0.485731 255 0 0
-0.003086 0.035557 0.478394 255 0 0
0.016317 0.035557 0.473546 255 0 0
0.008786 0.035557 0.466208 255 0 0
0.010048 0.040557 0.468019 255 0 0
0.004310 0.038647 0.466743 255 0 0
0.005191 0.043647 0.470267 255 0 0
0.000878 0.043647 0.474694 255 0 0
0.006615 0.045557 0.475970 255 0 0
0.008040 0.043647 0.481672 255 0 0
0.012353 0.043647 0.477246 255 0 0
0.015899 0.038647 0.478034 255 0 0
0.014474 0.040557 0.472331 255 0 0
0.013594 0.035557 0.468807 255 0 0
-0.002668 0.038647 0.473905 255 0 0
-0.001244 0.040557 0.479608 255 0 0
0.004310 0.032467 0.466743 255 0 0
-0.000547 0.035557 0.468991 255 0 0
0.014474 0.030557 0.472331 255 0 0
0.010048 0.030557 0.468019 255 0 0
0.013778 0.035557 0.482948 255 0 0
0.015899 0.032467 0.478034 255 0 0
0.003183 0.040557 0.483921 255 0 0
0.008921 0.038647 0.485197 255 0 0
-0.001244 0.030557 0.479608 255 0 0
-0.002668 0.032467 0.473905 255 0 0
0.000878 0.027467 0.474694 255 0 0
0.005191 0.027467 0.470267 255 0 0
0.006615 0.025557 0.475970 255 0 0
0.012353 0.027467 0.477246 255 0 0
0.008040 0.027467 0.481672 255 0 0
0.008921 0.032467 0.485197 255 0 0
0.003183 0.030557 0.483921 255 0 0
-0.000363 0.035557 0.483132 255 0 0
-0.039000 -0.043550 0.446012 255 0 0
-0.046337 -0.043550 0.453543 255 0 0
-0.039000 -0.060563 0.446012 255 0 0
-0.046337 -0.060563 0.453543 255 0 0
-0.048761 -0.057314 0.443841 255 0 0
-0.048761 -0.046799 0.443841 255 0 0
-0.036576 -0.057314 0.455714 255 0 0
-0.036576 -0.046799 0.455714 255 0 0
-0.044839 -0.052056 0.459539 255 0 0
-0.052370 -0.052056 0.452201 255 0 0
-0.032967 -0.052056 0.447354 255 0 0
-0.040498 -0.052056 0.440016 255 0 0
-0.039236 -0.047056 0.441826 255 0 0
-0.044974 -0.048966 0.440551 255 0 0
-0.044093 -0.043966 0.444075 255 0 0
-0.048406 -0.043966 0.448502 255 0 0
-0.042669 -0.042056 0.449778 255 0 0
-0.041244 -0.043966 0.455480 255 0 0
-0.036931 -0.043966 0.451053 255 0 0
-0.033385 -0.048966 0.451842 255 0 0
-0.034810 -0.047056 0.446139 255 0 0
-0.035690 -0.052056 0.442615 255 0 0
-0.051952 -0.048966 0.447713 255 0 0
-0.050528 -0.047056 0.453416 255 0 0
-0.044974 -0.055147 0.440551 255 0 0
-0.049831 -0.052056 0.442799 255 0 0
-0.034810 -0.057056 0.446139 255 0 0
-0.039236 -0.057056 0.441826 255 0 0
-0.035506 -0.052056 0.456756 255 0 0
-0.033385 -0.055147 0.451842 255 0 0
-0.046101 -0.047056 0.457729 255 0 0
-0.040363 -0.048966 0.459004 255 0 0
-0.050528 -0.057056 0.453416 255 0 0
-0.051952 -0.055147 0.447713 255 0 0
-0.048406 -0.060147 0.448502 255 0 0
-0.044093 -0.060147 0.444075 255 0 0
-0.042669 -0.062056 0.449778 255 0 0
-0.036931 -0.060147 0.451053 255 0 0
-0.041244 -0.060147 0.455480 255 0 0
-0.040363 -0.055147 0.459004 255 0 0
-0.046101 -0.057056 0.457729 255 0 0
-0.049647 -0.052056 0.456940 255 0 0
-0.026757 -0.043683 0.347256 255 0 0
-0.034094 -0.043683 0.354787 255 0 0
-0.026757 -0.060696 0.347256 255 0 0
-0.034094 -0.060696 0.354787 255 0 0
-0.036518 -0.057447 0.345086 255 0 0
-0.036518 -0.046933 0.345086 255 0 0
-0.024333 -0.057447 0.356958 255 0 0
-0.024333 -0.046933 0.356958 255 0 0
-0.032596 -0.052190 0.360783 255 0 0
-0.040127 -0.052190 0.353446 255 0 0
-0.020724 -0.052190 0.348598 255 0 0
-0.028255 -0.052190 0.341260 255 0 0
-0.026993 -0.047190 0.343071 255 0 0
-0.032731 -0.049100 0.341795 255 0 0
-0.031850 -0.044100 0.345319 255 0 0
-0.036163 -0.044100 0.349746 255 0 0
-0.030425 -0.042190 0.351022 255 0 0
-0.029001 -0.044100 0.356725 255 0 0
-0.024688 -0.044100 0.352298 255 0 0
-0.021142 -0.049100 0.353086 255 0 0
-0.022566 -0.047190 0.347384 255 0 0
-0.023447 -0.052190 0.343859 255 0 0
-0.039709 -0.049100 0.348957 255 0 0
-0.038284 -0.047190 0.354660 255 0 0
-0.032731 -0.055280 0.341795 255 0 0
-0.037588 -0.052190 0.344043 255 0 0
-0.022566 -0.057190 0.347384 255 0 0
-0.026993 -0.057190 0.343071 255 0 0
-0.023263 -0.052190 0.358000 255 0 0
-0.021142 -0.055280 0.353086 255 0 0
-0.033858 -0.047190 0.358973 255 0 0
-0.028120 -0.049100 0.360249 255 0 0
-0.038284 -0.057190 0.354660 255 0 0
-0.039709 -0.055280 0.348957 255 0 0
-0.036163 -0.060280 0.349746 255 0 0
-0.031850 -0.060280 0.345319 255 0 0
-0.030425 -0.062190 0.351022 255 0 0
-0.024688 -0.060280 0.352298 255 0 0
-0.029001 -0.060280 0.356725 255 0 0
-0.028120 -0.055280 0.360249 255 0 0
-0.033858 -0.057190 0.358973 255 0 0
-0.037404 -0.052190 0.358184 255 0 0
-0.038311 -0.038372 0.432994 255 0 0
-0.045648 -0.038372 0.440525 255 0 0
-0.038311 -0.055385 0.432994 255 0 0
-0.045648 -0.055385 0.440525 255 0 0
-0.048072 -0.052136 0.430823 255 0 0
-0.048072 -0.041621 0.430823 255 0 0
-0.035887 -0.052136 0.442695 255 0 0
-0.035887 -0.041621 0.442695 255 0 0
-0.044150 -0.046879 0.446521 255 0 0
-0.051681 -0.046879 0.439183 255 0 0
-0.032278 -0.046879 0.434335 255 0 0
-0.039809 -0.046879 0.426998 255 0 0
-0.038547 -0.041879 0.428808 255 0 0
-0.044285 -0.043789 0.427532 255 0 0
-0.043404 -0.038789 0.431057 255 0 0
-0.047717 -0.038789 0.435483 255 0 0
-0.041979 -0.036879 0.436759 255 0 0
-0.040555 -0.038789 0.442462 255 0 0
-0.036242 -0.038789 0.438035 255 0 0
-0.032696 -0.043789 0.438824 255 0 0
-0.034120 -0.041879 0.433121 255 0 0
-0.035001 -0.046879 0.429597 255 0 0
-0.051263 -0.043789 0.434695 255 0 0
-0.049838 -0.041879 0.440397 255 0 0
-0.044285 -0.049969 0.427532 255 0 0
-0.049142 -0.046879 0.429781 255 0 0
-0.034120 -0.051879 0.433121 255 0 0
-0.038547 -0.051879 0.428808 255 0 0
-0.034817 -0.046879 0.443738 255 0 0
-0.032696 -0.049969 0.438824 255 0 0
-0.045412 -0.041879 0.444710 255 0 0
-0.039674 -0.043789 0.445986 255 0 0
-0.049838 -0.051879 0.440397 255 0 0
-0.051263 -0.049969 0.434695 255 0 0
-0.047717 -0.054969 0.435483 255 0 0
-0.043404 -0.054969 0.431057 255 0 0
-0.041979 -0.056879 0.436759 255 0 0
-0.036242 -0.054969 0.438035 255 0 0
-0.040555 -0.054969 0.442462 255 0 0
-0.039674 -0.049969 0.445986 255 0 0
-0.045412 -0.051879 0.444710 255 0 0
-0.048958 -0.046879 0.443922 255 0 0
0.037607 -0.006339 0.444898 255 0 0
0.030269 -0.006339 0.452429 255 0 0
0.037607 -0.023352 0.444898 255 0 0
0.030269 -0.023352 0.452429 255 0 0
0.027845 -0.020103 0.442727 255 0 0
0.027845 -0.009588 0.442727 255 0 0
0.040031 -0.020103 0.454600 255 0 0
0.040031 -0.009588 0.454600 255 0 0
0.031767 -0.014845 0.458425 255 0 0
0.024236 -0.014845 0.451087 255 0 0
0.043640 -0.014845 0.446240 255 0 0
0.036109 -0.014845 0.438902 255 0 0
0.037370 -0.009845 0.440712 255 0 0
0.031633 -0.011755 0.439437 255 0 0
0.032513 -0.006755 0.442961 255 0 0
0.028200 -0.006755 0.447388 255 0 0
0.033938 -0.004845 0.448663 255 0 0
0.035363 -0.006755 0.454366 255 0 0
0.039676 -0.006755 0.449939 255 0 0
0.043222 -0.011755 0.450728 255 0 0
0.041797 -0.009845 0.445025 255 0 0
0.040917 -0.014845 0.441501 255 0 0
0.024654 -0.011755 0.446599 255 0 0
0.026079 -0.009845 0.452302 255 0 0
0.031633 -0.017935 0.439437 255 0 0
0.026776 -0.014845 0.441685 255 0 0
0.041797 -0.019845 0.445025 255 0 0
0.037370 -0.019845 0.440712 255 0 0
0.041100 -0.014845 0.455642 255 0 0
0.043222 -0.017935 0.450728 255 0 0
0.030506 -0.009845 0.456614 255 0 0
0.036243 -0.011755 0.457890 255 0 0
0.026079 -0.019845 0.452302 255 0 0
0.024654 -0.017935 0.446599 255 0 0
0.028200 -0.022935 0.447388 255 0 0
0.032513 -0.022935 0.442961 255 0 0
0.033938 -0.024845 0.448663 255 0 0
0.039676 -0.022935 0.449939 255 0 0
0.035363 -0.022935 0.454366 255 0 0
0.036243 -0.017935 0.457890 255 0 0
0.030506 -0.019845 0.456614 255 0 0
0.026960 -0.014845 0.455826 255 0 0
0.013537 0.046216 0.393132 255 0 0
0.006200 0.046216 0.400663 255 0 0
0.013537 0.029203 0.393132 255 0 0
0.006200 0.029203 0.400663 255 0 0
0.003776 0.032452 0.390962 255 0 0
0.003776 0.042967 0.390962 255 0 0
0.015961 0.032452 0.402834 255 0 0
0.015961 0.042967 0.402834 255 0 0
0.007698 0.037710 0.406659 255 0 0
0.000167 0.037710 0.399322 255 0 0
0.019570 0.037710 0.394474 255 0 0
0.012039 0.037710 0.387136 255 0 0
0.013301 0.042710 0.388947 255 0 0
0.007563 0.040800 0.387671 255 0 0
0.008444 0.045800 0.391195 255 0 0
0.004131 0.045800 0.395622 255 0 0
0.009868 0.047710 0.396898 255 0 0
0.011293 0.045800 0.402600 255 0 0
0.015606 0.045800 0.398174 255 0 0
0.019152 0.040800 0.398962 255 0 0
0.017727 0.042710 0.393260 255 0 0
0.016847 0.037710 0.389735 255 0 0
0.000585 0.040800 0.394833 255 0 0
0.002009 0.042710 0.400536 255 0 0
0.007563 0.034619 0.387671 255 0 0
0.002706 0.037710 0.389919 255 0 0
0.017727 0.032710 0.393260 255 0 0
0.013301 0.032710 0.388947 255 0 0
0.017031 0.037710 0.403876 255 0 0
0.019152 0.034619 0.398962 255 0 0
0.006436 0.042710 0.404849 255 0 0
0.012174 0.040800 0.406125 255 0 0
0.002009 0.032710 0.400536 255 0 0
0.000585 0.034619 0.394833 255 0 0
0.004131 0.029619 0.395622 255 0 0
0.008444 0.029619 0.391195 255 0 0
0.009868 0.027710 0.396898 255 0 0
0.015606 0.029619 0.398174 255 0 0
0.011293 0.029619 0.402600 255 0 0
0.012174 0.034619 0.406125 255 0 0
0.006436 0.032710 0.404849 255 0 0
0.002890 0.037710 0.404060 255 0 0
0.021718 0.026244 0.450593 255 0 0
0.014380 0.026244 0.458124 255 0 0
0.021718 0.009231 0.450593 255 0 0
0.014380 0.009231 0.458124 255 0 0
0.011956 0.012480 0.448422 255 0 0
0.011956 0.022995 0.448422 255 0 0
0.024142 0.012480 0.460294 255 0 0
0.024142 0.022995 0.460294 255 0 0
0.015878 0.017737 0.464120 255 0 0
0.008347 0.017737 0.456782 255 0 0
0.027751 0.017737 0.451934 255 0 0
0.020220 0.017737 0.444597 255 0 0
0.021481 0.022737 0.446407 255 0 0
0.015744 0.020828 0.445131 255 0 0
0.016624 0.025828 0.448656 255 0 0
0.012311 0.025828 0.453082 255 0 0
0.018049 0.027737 0.454358 255 0 0
0.019474 0.025828 0.460061 255 0 0
0.023787 0.025828 0.455634 255 0 0
0.027333 0.020828 0.456423 255 0 0
0.025908 0.022737 0.450720 255 0 0
0.025027 0.017737 0.447196 255 0 0
0.008765 0.020828 0.452294 255 0 0
0.010190 0.022737 0.457996 255 0 0
0.015744 0.014647 0.445131 255 0 0
0.010886 0.017737 0.447380 255 0 0
0.025908 0.012737 0.450720 255 0 0
0.021481 0.012737 0.446407 255 0 0
0.025211 0.017737 0.461337 255 0 0
0.027333 0.014647 0.456423 255 0 0
0.014616 0.022737 0.462309 255 0 0
0.020354 0.020828 0.463585 255 0 0
0.010190 0.012737 0.457996 255 0 0
0.008765 0.014647 0.452294 255 0 0
0.012311 0.009647 0.453082 255 0 0
0.016624 0.009647 0.448656 255 0 0
0.018049 0.007737 0.454358 255 0 0
0.023787 0.009647 0.455634 255 0 0
0.019474 0.009647 0.460061 255 0 0
0.020354 0.014647 0.463585 255 0 0
0.014616 0.012737 0.462309 255 0 0
0.011070 0.017737 0.461521 255 0 0
0.026139 -0.002569 0.449614 255 0 0
0.018802 -0.002569 0.457145 255 0 0
0.026139 -0.019582 0.449614 255 0 0
0.018802 -0.019582 0.457145 255 0 0
0.016378 -0.016333 0.447443 255 0 0
0.016378 -0.005818 0.447443 255 0 0
0.028563 -0.016333 0.459315 255 0 0
0.028563 -0.005818 0.459315 255 0 0
0.020300 -0.011076 0.463141 255 0 0
0.012769 -0.011076 0.455803 255 0 0
0.032172 -0.011076 0.450955 255 0 0
0.024641 -0.011076 0.443618 255 0 0
0.025903 -0.006076 0.445428 255 0 0
0.020165 -0.007986 0.444152 255 0 0
0.021046 -0.002986 0.447677 255 0 0
0.016733 -0.002986 0.452103 255 0 0
0.022471 -0.001076 0.453379 255 0 0
0.023895 -0.002986 0.459082 255 0 0
0.028208 -0.002986 0.454655 255 0 0
0.031754 -0.007986 0.455444 255 0 0
0.030330 -0.006076 0.449741 255 0 0
0.029449 -0.011076 0.446217 255 0 0
0.013187 -0.007986 0.451315 255 0 0
0.014612 -0.006076 0.457017 255 0 0
0.020165 -0.014166 0.444152 255 0 0
0.015308 -0.011076 0.446401 255 0 0
0.030330 -0.016076 0.449741 255 0 0
0.025903 -0.016076 0.445428 255 0 0
0.029633 -0.011076 0.460358 255 0 0
0.031754 -0.014166 0.455444 255 0 0
0.019038 -0.006076 0.461330 255 0 0
0.024776 -0.007986 0.462606 255 0 0
0.014612 -0.016076 0.457017 255 0 0
0.013187 -0.014166 0.451315 255 0 0
0.016733 -0.019166 0.452103 255 0 0
0.021046 -0.019166 0.447677 255 0 0
0.022471 -0.021076 0.453379 255 0 0
0.028208 -0.019166 0.454655 255 0 0
0.023895 -0.019166 0.459082 255 0 0
0.024776 -0.014166 0.462606 255 0 0
0.019038 -0.016076 0.461330 255 0 0
0.015492 -0.011076 0.460542 255 0 0
0.026926 -0.003112 0.449378 255 0 0
0.019589 -0.003112 0.456909 255 0 0
0.026926 -0.020125 0.449378 255 0 0
0.019589 -0.020125 0.456909 255 0 0
0.017165 -0.016876 0.447208 255 0 0
0.017165 -0.006361 0.447208 255 0 0
0.029350 -0.016876 0.459080 255 0 0
0.029350 -0.006361 0.459080 255 0 0
0.021087 -0.011619 0.462905 255 0 0
0.013556 -0.011619 0.455568 255 0 0
0.032959 -0.011619 0.450720 255 0 0
0.025428 -0.011619 0.443382 255 0 0
0.026690 -0.006619 0.445193 255 0 0
0.020952 -0.008529 0.443917 255 0 0
0.021833 -0.003529 0.447441 255 0 0
0.017520 -0.003529 0.451868 255 0 0
0.023257 -0.001619 0.453144 255 0 0
0.024682 -0.003529 0.458846 255 0 0
0.028995 -0.003529 0.454420 255 0 0
0.032541 -0.008529 0.455208 255 0 0
0.031116 -0.006619 0.449506 255 0 0
0.030236 -0.011619 0.445981 255 0 0
0.013974 -0.008529 0.451079 255 0 0
0.015398 -0.006619 0.456782 255 0 0
0.020952 -0.014709 0.443917 255 0 0
0.016095 -0.011619 0.446165 255 0 0
0.031116 -0.016619 0.449506 255 0 0
0.026690 -0.016619 0.445193 255 0 0
0.030420 -0.011619 0.460122 255 0 0
0.032541 -0.014709 0.455208 255 0 0
0.019825 -0.006619 0.461095 255 0 0
0.025563 -0.008529 0.462371 255 0 0
0.015398 -0.016619 0.456782 255 0 0
0.013974 -0.014709 0.451079 255 0 0
0.017520 -0.019709 0.451868 255 0 0
0.021833 -0.019709 0.447441 255 0 0
0.023257 -0.021619 0.453144 255 0 0
0.028995 -0.019709 0.454420 255 0 0
0.024682 -0.019709 0.458846 255 0 0
0.025563 -0.014709 0.462371 255 0 0
0.019825 -0.016619 0.461095 255 0 0
0.016279 -0.011619 0.460306 255 0 0
0.040799 0.057582 0.471576 255 0 0
0.033461 0.057582 0.479107 255 0 0
0.040799 0.040569 0.471576 255 0 0
0.033461 0.040569 0.479107 255 0 0
0.031037 0.043818 0.469405 255 0 0
0.031037 0.054333 0.469405 255 0 0
0.043223 0.043818 0.481277 255 0 0
0.043223 0.054333 0.481277 255 0 0
0.034959 0.049076 0.485103 255 0 0
0.027428 0.049076 0.477765 255 0 0
0.046832 0.049076 0.472917 255 0 0
0.039301 0.049076 0.465580 255 0 0
0.040562 0.054076 0.467390 255 0 0
0.034825 0.052166 0.466114 255 0 0
0.035705 0.057166 0.469639 255 0 0
0.031392 0.057166 0.474065 255 0 0
0.037130 0.059076 0.475341 255 0 0
0.038555 0.057166 0.481044 255 0 0
0.042868 0.057166 0.476617 255 0 0
0.046414 0.052166 0.477406 255 0 0
0.044989 0.054076 0.471703 255 0 0
0.044108 0.049076 0.468179 255 0 0
0.027846 0.052166 0.473277 255 0 0
0.029271 0.054076 0.478979 255 0 0
0.034825 0.045986 0.466114 255 0 0
0.029967 0.049076 0.468363 255 0 0
0.044989 0.044076 0.471703 255 0 0
0.040562 0.044076 0.467390 255 0 0
0.044292 0.049076 0.482320 255 0 0
0.046414 0.045986 0.477406 255 0 0
0.033697 0.054076 0.483292 255 0 0
0.039435 0.052166 0.484568 255 0 0
0.029271 0.044076 0.478979 255 0 0
0.027846 0.045986 0.473277 255 0 0
0.031392 0.040986 0.474065 255 0 0
0.035705 0.040986 0.469639 255 0 0
0.037130 0.039076 0.475341 255 0 0
0.042868 0.040986 0.476617 255 0 0
0.038555 0.040986 0.481044 255 0 0
0.039435 0.045986 0.484568 255 0 0
0.033697 0.044076 0.483292 255 0 0
0.030151 0.049076 0.482504 255 0 0
0.029418 -0.016061 0.484156 255 0 0
0.022080 -0.016061 0.491687 255 0 0
0.029418 -0.033074 0.484156 255 0 0
0.022080 -0.033074 0.491687 255 0 0
0.019656 -0.029825 0.481985 255 0 0
0.019656 -0.019310 0.481985 255 0 0
0.031842 -0.029825 0.493858 255 0 0
0.031842 -0.019310 0.493858 255 0 0
0.023578 -0.024568 0.497683 255 0 0
0.016047 -0.024568 0.490345 255 0 0
0.035451 -0.024568 0.485497 255 0 0
0.027920 -0.024568 0.478160 255 0 0
0.029181 -0.019568 0.479970 255 0 0
0.023444 -0.021477 0.478694 255 0 0
0.024324 -0.016477 0.482219 255 0 0
0.020011 -0.016477 0.486645 255 0 0
0.025749 -0.014568 0.487921 255 0 0
0.027174 -0.016477 0.493624 255 0 0
0.031487 -0.016477 0.489197 255 0 0
0.035033 -0.021477 0.489986 255 0 0
0.033608 -0.019568 0.484283 255 0 0
0.032727 -0.024568 0.480759 255 0 0
0.016465 -0.021477 0.485857 255 0 0
0.017890 -0.019568 0.491559 255 0 0
0.023444 -0.027658 0.478694 255 0 0
0.018586 -0.024568 0.480943 255 0 0
0.033608 -0.029568 0.484283 255 0 0
0.029181 -0.029568 0.479970 255 0 0
0.032911 -0.024568 0.494900 255 0 0
0.035033 -0.027658 0.489986 255 0 0
0.022316 -0.019568 0.495872 255 0 0
0.028054 -0.021477 0.497148 255 0 0
0.017890 -0.029568 0.491559 255 0 0
0.016465 -0.027658 0.485857 255 0 0
0.020011 -0.032658 0.486645 255 0 0
0.024324 -0.032658 0.482219 255 0 0
0.025749 -0.034568 0.487921 255 0 0
0.031487 -0.032658 0.489197 255 0 0
0.027174 -0.032658 0.493624 255 0 0
0.028054 -0.027658 0.497148 255 0 0
0.022316 -0.029568 0.495872 255 0 0
0.018770 -0.024568 0.495084 255 0 0
0.050633 0.016727 0.460826 255 0 0
0.043295 0.016727 0.468357 255 0 0
0.050633 -0.000286 0.460826 255 0 0
0.043295 -0.000286 0.468357 255 0 0
0.040871 0.002963 0.458655 255 0 0
0.040871 0.013478 0.458655 255 0 0
0.053057 0.002963 0.470527 255 0 0
0.053057 0.013478 0.470527 255 0 0
0.044793 0.008220 0.474353 255 0 0
0.037262 0.008220 0.467015 255 0 0
0.056666 0.008220 0.462167 255 0 0
0.049135 0.008220 0.454830 255 0 0
0.050396 0.013220 0.456640 255 0 0
0.044659 0.011310 0.455364 255 0 0
0.045539 0.016310 0.458889 255 0 0
0.041226 0.016310 0.463315 255 0 0
0.046964 0.018220 0.464591 255 0 0
0.048389 0.016310 0.470294 255 0 0
0.052702 0.016310 0.465867 255 0 0
0.056248 0.011310 0.466656 255 0 0
0.054823 0.013220 0.460953 255 0 0
0.053943 0.008220 0.457429 255 0 0
0.037680 0.011310 0.462527 255 0 0
0.039105 0.013220 0.468229 255 0 0
0.044659 0.005130 0.455364 255 0 0
0.039802 0.008220 0.457613 255 0 0
0.054823 0.003220 0.460953 255 0 0
0.050396 0.003220 0.456640 255 0 0
0.054127 0.008220 0.471570 255 0 0
0.056248 0.005130 0.466656 255 0 0
0.043532 0.013220 0.472542 255 0 0
0.049269 0.011310 0.473818 255 0 0
0.039105 0.003220 0.468229 255 0 0
0.037680 0.005130 0.462527 255 0 0
0.041226 0.000130 0.463315 255 0 0
0.045539 0.000130 0.458889 255 0 0
0.046964 -0.001780 0.464591 255 0 0
0.052702 0.000130 0.465867 255 0 0
0.048389 0.000130 0.470294 255 0 0
0.049269 0.005130 0.473818 255 0 0
0.043532 0.003220 0.472542 255 0 0
0.039986 0.008220 0.471754 255 0 0
0.033626 -0.035559 0.477252 255 0 0
0.026289 -0.035559 0.484783 255 0 0
0.033626 -0.052572 0.477252 255 0 0
0.026289 -0.052572 0.484783 255 0 0
0.023865 -0.049323 0.475081 255 0 0
0.023865 -0.038809 0.475081 255 0 0
0.036050 -0.049323 0.486954 255 0 0
0.036050 -0.038809 0.486954 255 0 0
0.027787 -0.044066 0.490779 255 0 0
0.020256 -0.044066 0.483442 255 0 0
0.039659 -0.044066 0.478594 255 0 0
0.032128 -0.044066 0.471256 255 0 0
0.033390 -0.039066 0.473067 255 0 0
0.027652 -0.040976 0.471791 255 0 0
0.028533 -0.035976 0.475315 255 0 0
0.024220 -0.035976 0.479742 255 0 0
0.029958 -0.034066 0.481018 255 0 0
0.031382 -0.035976 0.486720 255 0 0
0.035695 -0.035976 0.482293 255 0 0
0.039241 -0.040976 0.483082 255 0 0
0.037817 -0.039066 0.477379 255 0 0
0.036936 -0.044066 0.473855 255 0 0
0.020674 -0.040976 0.478953 255 0 0
0.022099 -0.039066 0.484656 255 0 0
0.027652 -0.047156 0.471791 255 0 0
0.022795 -0.044066 0.474039 255 0 0
0.037817 -0.049066 0.477379 255 0 0
0.033390 -0.049066 0.473067 255 0 0
0.037120 -0.044066 0.487996 255 0 0
0.039241 -0.047156 0.483082 255 0 0
0.026525 -0.039066 0.488969 255 0 0
0.032263 -0.040976 0.490245 255 0 0
0.022099 -0.049066 0.484656 255 0 0
0.020674 -0.047156 0.478953 255 0 0
0.024220 -0.052156 0.479742 255 0 0
0.028533 -0.052156 0.475315 255 0 0
0.029958 -0.054066 0.481018 255 0 0
0.035695 -0.052156 0.482293 255 0 0
0.031382 -0.052156 0.486720 255 0 0
0.032263 -0.047156 0.490245 255 0 0
0.026525 -0.049066 0.488969 255 0 0
0.022979 -0.044066 0.488180 255 0 0
0.012803 -0.049677 0.421762 255 0 0
0.005465 -0.049677 0.429293 255 0 0
0.012803 -0.066690 0.421762 255 0 0
0.005465 -0.066690 0.429293 255 0 0
0.003041 -0.063441 0.419592 255 0 0
0.003041 -0.052926 0.419592 255 0 0
0.015227 -0.063441 0.431464 255 0 0
0.015227 -0.052926 0.431464 255 0 0
0.006963 -0.058183 0.435289 255 0 0
-0.000568 -0.058183 0.427952 255 0 0
0.018836 -0.058183 0.423104 255 0 0
0.011305 -0.058183 0.415766 255 0 0
0.012566 -0.053183 0.417577 255 0 0
0.006829 -0.055093 0.416301 255 0 0
0.007709 -0.050093 0.419825 255 0 0
0.003396 -0.050093 0.424252 255 0 0
0.009134 -0.048183 0.425528 255 0 0
0.010559 -0.050093 0.431230 255 0 0
0.014872 -0.050093 0.426804 255 0 0
0.018418 -0.055093 0.427592 255 0 0
0.016993 -0.053183 0.421890 255 0 0
0.016112 -0.058183 0.418365 255 0 0
-0.000150 -0.055093 0.423463 255 0 0
0.001275 -0.053183 0.429166 255 0 0
0.006829 -0.061273 0.416301 255 0 0
0.001971 -0.058183 0.418549 255 0 0
0.016993 -0.063183 0.421890 255 0 0
0.012566 -0.063183 0.417577 255 0 0
0.016296 -0.058183 0.432506 255 0 0
0.018418 -0.061273 0.427592 255 0 0
0.005702 -0.053183 0.433479 255 0 0
0.011439 -0.055093 0.434755 255 0 0
0.001275 -0.063183 0.429166 255 0 0
-0.000150 -0.061273 0.423463 255 0 0
0.003396 -0.066273 0.424252 255 0 0
0.007709 -0.066273 0.419825 255 0 0
0.009134 -0.068183 0.425528 255 0 0
0.014872 -0.066273 0.426804 255 0 0
0.010559 -0.066273 0.431230 255 0 0
0.011439 -0.061273 0.434755 255 0 0
0.005702 -0.063183 0.433479 255 0 0
0.002155 -0.058183 0.432690 255 0 0
-0.089218 0.036401 0.375505 255 0 0
-0.096555 0.036401 0.383036 255 0 0
-0.089218 0.019388 0.375505 255 0 0
-0.096555 0.019388 0.383036 255 0 0
-0.098979 0.022637 0.373334 255 0 0
-0.098979 0.033152 0.373334 255 0 0
-0.086794 0.022637 0.385207 255 0 0
-0.086794 0.033152 0.385207 255 0 0
-0.095057 0.027894 0.389032 255 0 0
-0.102588 0.027894 0.381694 255 0 0
-0.083185 0.027894 0.376847 255 0 0
-0.090716 0.027894 0.369509 255 0 0
-0.089454 0.032894 0.371319 255 0 0
-0.095192 0.030984 0.370044 255 0 0
-0.094311 0.035984 0.373568 255 0 0
-0.098624 0.035984 0.377995 255 0 0
-0.092887 0.037894 0.379270 255 0 0
-0.091462 0.035984 0.384973 255 0 0
-0.087149 0.035984 0.380546 255 0 0
-0.083603 0.030984 0.381335 255 0 0
-0.085028 0.032894 0.375632 255 0 0
-0.085908 0.027894 0.372108 255 0 0
-0.102170 0.030984 0.377206 255 0 0
-0.100746 0.032894 0.382909 255 0 0
-0.095192 0.024804 0.370044 255 0 0
-0.100049 0.027894 0.372292 255 0 0
-0.085028 0.022894 0.375632 255 0 0
-0.089454 0.022894 0.371319 255 0 0
-0.085724 0.027894 0.386249 255 0 0
-0.083603 0.024804 0.381335 255 0 0
-0.096319 0.032894 0.387222 255 0 0
-0.090581 0.030984 0.388497 255 0 0
-0.100746 0.022894 0.382909 255 0 0
-0.102170 0.024804 0.377206 255 0 0
-0.098624 0.019804 0.377995 255 0 0
-0.094311 0.019804 0.373568 255 0 0
-0.092887 0.017894 0.379270 255 0 0
-0.087149 0.019804 0.380546 255 0 0
-0.091462 0.019804 0.384973 255 0 0
-0.090581 0.024804 0.388497 255 0 0
-0.096319 0.022894 0.387222 255 0 0
-0.099865 0.027894 0.386433 255 0 0
-0.034374 0.037025 0.376061 255 0 0
-0.041711 0.037025 0.383592 255 0 0
-0.034374 0.020012 0.376061 255 0 0
-0.041711 0.020012 0.383592 255 0 0
-0.044135 0.023262 0.373890 255 0 0
-0.044135 0.033776 0.373890 255 0 0
-0.031950 0.023262 0.385763 255 0 0
-0.031950 0.033776 0.385763 255 0 0
-0.040213 0.028519 0.389588 255 0 0
-0.047744 0.028519 0.382250 255 0 0
-0.028341 0.028519 0.377402 255 0 0
-0.035872 0.028519 0.370065 255 0 0
-0.034610 0.033519 0.371875 255 0 0
-0.040348 0.031609 0.370599 255 0 0
-0.039467 0.036609 0.374124 255 0 0
-0.043780 0.036609 0.378550 255 0 0
-0.038042 0.038519 0.379826 255 0 0
-0.036618 0.036609 0.385529 255 0 0
-0.032305 0.036609 0.381102 255 0 0
-0.028759 0.031609 0.381891 255 0 0
-0.030183 0.033519 0.376188 255 0 0
-0.031064 0.028519 0.372664 255 0 0
-0.047326 0.031609 0.377762 255 0 0
-0.045901 0.033519 0.383465 255 0 0
-0.040348 0.025429 0.370599 255 0 0
-0.045205 0.028519 0.372848 255 0 0
-0.030183 0.023519 0.376188 255 0 0
-0.034610 0.023519 0.371875 255 0 0
-0.030880 0.028519 0.386805 255 0 0
-0.028759 0.025429 0.381891 255 0 0
-0.041475 0.033519 0.387777 255 0 0
-0.035737 0.031609 0.389053 255 0 0
-0.045901 0.023519 0.383465 255 0 0
-0.047326 0.025429 0.377762 255 0 0
-0.043780 0.020429 0.378550 255 0 0
-0.039467 0.020429 0.374124 255 0 0
-0.038042 0.018519 0.379826 255 0 0
-0.032305 0.020429 0.381102 255 0 0
-0.036618 0.020429 0.385529 255 0 0
-0.035737 0.025429 0.389053 255 0 0
-0.041475 0.023519 0.387777 255 0 0
-0.045021 0.028519 0.386989 255 0 0
0.013976 -0.056490 0.415246 255 0 0
0.006638 -0.056490 0.422777 255 0 0
0.013976 -0.073503 0.415246 255 0 0
0.006638 -0.073503 0.422777 255 0 0
0.004214 -0.070254 0.413075 255 0 0
0.004214 -0.059739 0.413075 255 0 0
0.016400 -0.070254 0.424947 255 0 0
0.016400 -0.059739 0.424947 255 0 0
0.008136 -0.064997 0.428773 255 0 0
0.000605 -0.064997 0.421435 255 0 0
0.020009 -0.064997 0.416587 255 0 0
0.012478 -0.064997 0.409250 255 0 0
0.013739 -0.059997 0.411060 255 0 0
0.008002 -0.061907 0.409784 255 0 0
0.008882 -0.056907 0.413309 255 0 0
0.004569 -0.056907 0.417735 255 0 0
0.010307 -0.054997 0.419011 255 0 0
0.011732 -0.056907 0.424714 255 0 0
0.016045 -0.056907 0.420287 255 0 0
0.019591 -0.061907 0.421076 255 0 0
0.018166 -0.059997 0.415373 255 0 0
0.017285 -0.064997 0.411849 255 0 0
0.001023 -0.061907 0.416947 255 0 0
0.002448 -0.059997 0.422649 255 0 0
0.008002 -0.068087 0.409784 255 0 0
0.003144 -0.064997 0.412033 255 0 0
0.018166 -0.069997 0.415373 255 0 0
0.013739 -0.069997 0.411060 255 0 0
0.017469 -0.064997 0.425990 255 0 0
0.019591 -0.068087 0.421076 255 0 0
0.006875 -0.059997 0.426962 255 0 0
0.012612 -0.061907 0.428238 255 0 0
0.002448 -0.069997 0.422649 255 0 0
0.001023 -0.068087 0.416947 255 0 0
0.004569 -0.073087 0.417735 255 0 0
0.008882 -0.073087 0.413309 255 0 0
0.010307 -0.074997 0.419011 255 0 0
0.016045 -0.073087 0.420287 255 0 0
0.011732 -0.073087 0.424714 255 0 0
0.012612 -0.068087 0.428238 255 0 0
0.006875 -0.069997 0.426962 255 0 0
0.003328 -0.064997 0.426174 255 0 0
-0.005143 -0.034617 0.444453 255 0 0
-0.012480 -0.034617 0.451984 255 0 0
-0.005143 -0.051630 0.444453 255 0 0
-0.012480 -0.051630 0.451984 255 0 0
-0.014904 -0.048381 0.442282 255 0 0
-0.014904 -0.037867 0.442282 255 0 0
-0.002719 -0.048381 0.454154 255 0 0
-0.002719 -0.037867 0.454154 255 0 0
-0.010982 -0.043124 0.457980 255 0 0
-0.018513 -0.043124 0.450642 255 0 0
0.000890 -0.043124 0.445794 255 0 0
-0.006641 -0.043124 0.438457 255 0 0
-0.005379 -0.038124 0.440267 255 0 0
-0.011117 -0.040034 0.438991 255 0 0
-0.010236 -0.035034 0.442516 255 0 0
-0.014549 -0.035034 0.446942 255 0 0
-0.008812 -0.033124 0.448218 255 0 0
-0.007387 -0.035034 0.453921 255 0 0
-0.003074 -0.035034 0.449494 255 0 0
0.000472 -0.040034 0.450283 255 0 0
-0.000953 -0.038124 0.444580 255 0 0
-0.001833 -0.043124 0.441056 255 0 0
-0.018095 -0.040034 0.446154 255 0 0
-0.016671 -0.038124 0.451856 255 0 0
-0.011117 -0.046214 0.438991 255 0 0
-0.015974 -0.043124 0.441240 255 0 0
-0.000953 -0.048124 0.444580 255 0 0
-0.005379 -0.048124 0.440267 255 0 0
-0.001649 -0.043124 0.455197 255 0 0
0.000472 -0.046214 0.450283 255 0 0
-0.012244 -0.038124 0.456169 255 0 0
-0.006506 -0.040034 0.457445 255 0 0
-0.016671 -0.048124 0.451856 255 0 0
-0.018095 -0.046214 0.446154 255 0 0
-0.014549 -0.051214 0.446942 255 0 0
-0.010236 -0.051214 0.442516 255 0 0
-0.008812 -0.053124 0.448218 255 0 0
-0.003074 -0.051214 0.449494 255 0 0
-0.007387 -0.051214 0.453921 255 0 0
-0.006506 -0.046214 0.457445 255 0 0
-0.012244 -0.048124 0.456169 255 0 0
-0.015790 -0.043124 0.455381 255 0 0
-0.074086 0.105610 0.456195 255 0 0
-0.081424 0.105610 0.463726 255 0 0
-0.074086 0.088597 0.456195 255 0 0
-0.081424 0.088597 0.463726 255 0 0
-0.083848 0.091846 0.454024 255 0 0
-0.083848 0.102361 0.454024 255 0 0
-0.071662 0.091846 0.465897 255 0 0
-0.071662 0.102361 0.465897 255 0 0
-0.079926 0.097104 0.469722 255 0 0
-0.087457 0.097104 0.462384 255 0 0
-0.068053 0.097104 0.457536 255 0 0
-0.075584 0.097104 0.450199 255 0 0
-0.074323 0.102104 0.452009 255 0 0
-0.080061 0.100194 0.450733 255 0 0
-0.079180 0.105194 0.454258 255 0 0
-0.083493 0.105194 0.458684 255 0 0
-0.077755 0.107104 0.459960 255 0 0
-0.076330 0.105194 0.465663 255 0 0
-0.072018 0.105194 0.461236 255 0 0
-0.068471 0.100194 0.462025 255 0 0
-0.069896 0.102104 0.456322 255 0 0
-0.070777 0.097104 0.452798 255 0 0
-0.087039 0.100194 0.457896 255 0 0
-0.085614 0.102104 0.463598 255 0 0
-0.080061 0.094013 0.450733 255 0 0
-0.084918 0.097104 0.452982 255 0 0
-0.069896 0.092104 0.456322 255 0 0
-0.074323 0.092104 0.452009 255 0 0
-0.070593 0.097104 0.466939 255 0 0
-0.068471 0.094013 0.462025 255 0 0
-0.081188 0.102104 0.467911 255 0 0
-0.075450 0.100194 0.469187 255 0 0
-0.085614 0.092104 0.463598 255 0 0
-0.087039 0.094013 0.457896 255 0 0
-0.083493 0.089013 0.458684 255 0 0
-0.079180 0.089013 0.454258 255 0 0
-0.077755 0.087104 0.459960 255 0 0
-0.072018 0.089013 0.461236 255 0 0
-0.076330 0.089013 0.465663 255 0 0
-0.075450 0.094013 0.469187 255 0 0
-0.081188 0.092104 0.467911 255 0 0
-0.084734 0.097104 0.467123 255 0 0
-0.092049 0.088009 0.420971 255 0 0
-0.099386 0.088009 0.428502 255 0 0
-0.092049 0.070996 0.420971 255 0 0
-0.099386 0.070996 0.428502 255 0 0
-0.101810 0.074245 0.418801 255 0 0
-0.101810 0.084759 0.418801 255 0 0
-0.089625 0.074245 0.430673 255 0 0
-0.089625 0.084759 0.430673 255 0 0
-0.097888 0.079502 0.434498 255 0 0
-0.105419 0.079502 0.427161 255 0 0
-0.086016 0.079502 0.422313 255 0 0
-0.093547 0.079502 0.414975 255 0 0
-0.092285 0.084502 0.416786 255 0 0
-0.098023 0.082592 0.415510 255 0 0
-0.097142 0.087592 0.419034 255 0 0
-0.101455 0.087592 0.423461 255 0 0
-0.095718 0.089502 0.424737 255 0 0
-0.094293 0.087592 0.430439 255 0 0
-0.089980 0.087592 0.426013 255 0 0
-0.086434 0.082592 0.426801 255 0 0
-0.087859 0.084502 0.421099 255 0 0
-0.088739 0.079502 0.417574 255 0 0
-0.105001 0.082592 0.422672 255 0 0
-0.103577 0.084502 0.428375 255 0 0
-0.098023 0.076412 0.415510 255 0 0
-0.102880 0.079502 0.417758 255 0 0
-0.087859 0.074502 0.421099 255 0 0
-0.092285 0.074502 0.416786 255 0 0
-0.088555 0.079502 0.431715 255 0 0
-0.086434 0.076412 0.426801 255 0 0
-0.099150 0.084502 0.432688 255 0 0
-0.093412 0.082592 0.433964 255 0 0
-0.103577 0.074502 0.428375 255 0 0
-0.105001 0.076412 0.422672 255 0 0
-0.101455 0.071412 0.423461 255 0 0
-0.097142 0.071412 0.419034 255 0 0
-0.095718 0.069502 0.424737 255 0 0
-0.089980 0.071412 0.426013 255 0 0
-0.094293 0.071412 0.430439 255 0 0
-0.093412 0.076412 0.433964 255 0 0
-0.099150 0.074502 0.432688 255 0 0
-0.102696 0.079502 0.431899 255 0 0
0.013720 0.010598 0.410387 255 0 0
0.006382 0.010598 0.417918 255 0 0
0.013720 -0.006415 0.410387 255 0 0
0.006382 -0.006415 0.417918 255 0 0
0.003958 -0.003166 0.408216 255 0 0
0.003958 0.007349 0.408216 255 0 0
0.016144 -0.003166 0.420089 255 0 0
0.016144 0.007349 0.420089 255 0 0
0.007880 0.002091 0.423914 255 0 0
0.000349 0.002091 0.416576 255 0 0
0.019753 0.002091 0.411729 255 0 0
0.012222 0.002091 0.404391 255 0 0
0.013483 0.007091 0.406201 255 0 0
0.007746 0.005182 0.404925 255 0 0
0.008626 0.010182 0.408450 255 0 0
0.004313 0.010182 0.412877 255 0 0
0.010051 0.012091 0.414152 255 0 0
0.011476 0.010182 0.419855 255 0 0
0.015789 0.010182 0.415428 255 0 0
0.019335 0.005182 0.416217 255 0 0
0.017910 0.007091 0.410514 255 0 0
0.017029 0.002091 0.406990 255 0 0
0.000767 0.005182 0.412088 255 0 0
0.002192 0.007091 0.417791 255 0 0
0.007746 -0.000999 0.404925 255 0 0
0.002888 0.002091 0.407174 255 0 0
0.017910 -0.002909 0.410514 255 0 0
0.013483 -0.002909 0.406201 255 0 0
0.017213 0.002091 0.421131 255 0 0
0.019335 -0.000999 0.416217 255 0 0
0.006619 0.007091 0.422103 255 0 0
0.012356 0.005182 0.423379 255 0 0
0.002192 -0.002909 0.417791 255 0 0
0.000767 -0.000999 0.412088 255 0 0
0.004313 -0.005999 0.412877 255 0 0
0.008626 -0.005999 0.408450 255 0 0
0.010051 -0.007909 0.414152 255 0 0
0.015789 -0.005999 0.415428 255 0 0
0.011476 -0.005999 0.419855 255 0 0
0.012356 -0.000999 0.423379 255 0 0
0.006619 -0.002909 0.422103 255 0 0
0.003072 0.002091 0.421315 255 0 0
0.028694 -0.012089 0.374419 255 0 0
0.021356 -0.012089 0.381950 255 0 0
0.028694 -0.029102 0.374419 255 0 0
0.021356 -0.029102 0.381950 255 0 0
0.018932 -0.025853 0.372248 255 0 0
0.018932 -0.015338 0.372248 255 0 0
0.031118 -0.025853 0.384120 255 0 0
0.031118 -0.015338 0.384120 255 0 0
0.022854 -0.020596 0.387946 255 0 0
0.015323 -0.020596 0.380608 255 0 0
0.034727 -0.020596 0.375760 255 0 0
0.027196 -0.020596 0.368423 255 0 0
0.028458 -0.015596 0.370233 255 0 0
0.022720 -0.017506 0.368957 255 0 0
0.023600 -0.012506 0.372482 255 0 0
0.019287 -0.012506 0.376908 255 0 0
0.025025 -0.010596 0.378184 255 0 0
0.026450 -0.012506 0.383887 255 0 0
0.030763 -0.012506 0.379460 255 0 0
0.034309 -0.017506 0.380249 255 0 0
0.032884 -0.015596 0.374546 255 0 0
0.032004 -0.020596 0.371022 255 0 0
0.015741 -0.017506 0.376120 255 0 0
0.017166 -0.015596 0.381822 255 0 0
0.022720 -0.023686 0.368957 255 0 0
0.017863 -0.020596 0.371206 255 0 0
0.032884 -0.025596 0.374546 255 0 0
0.028458 -0.025596 0.370233 255 0 0
0.032188 -0.020596 0.385163 255 0 0
0.034309 -0.023686 0.380249 255 0 0
0.021593 -0.015596 0.386135 255 0 0
0.027330 -0.017506 0.387411 255 0 0
0.017166 -0.025596 0.381822 255 0 0
0.015741 -0.023686 0.376120 255 0 0
0.019287 -0.028686 0.376908 255 0 0
0.023600 -0.028686 0.372482 255 0 0
0.025025 -0.030596 0.378184 255 0 0
0.030763 -0.028686 0.379460 255 0 0
0.026450 -0.028686 0.383887 255 0 0
0.027330 -0.023686 0.387411 255 0 0
0.021593 -0.025596 0.386135 255 0 0
0.018047 -0.020596 0.385347 255 0 0
0.000670 -0.011871 0.431454 255 0 0
-0.006668 -0.011871 0.438985 255 0 0
0.000670 -0.028884 0.431454 255 0 0
-0.006668 -0.028884 0.438985 255 0 0
-0.009092 -0.025635 0.429284 255 0 0
-0.009092 -0.015121 0.429284 255 0 0
0.003094 -0.025635 0.441156 255 0 0
0.003094 -0.015121 0.441156 255 0 0
-0.005170 -0.020378 0.444981 255 0 0
-0.012701 -0.020378 0.437644 255 0 0
0.006703 -0.020378 0.432796 255 0 0
-0.000828 -0.020378 0.425458 255 0 0
0.000433 -0.015378 0.427269 255 0 0
-0.005304 -0.017288 0.425993 255 0 0
-0.004424 -0.012288 0.429517 255 0 0
-0.008737 -0.012288 0.433944 255 0 0
-0.002999 -0.010378 0.435220 255 0 0
-0.001574 -0.012288 0.440922 255 0 0
0.002739 -0.012288 0.436496 255 0 0
0.006285 -0.017288 0.437284 255 0 0
0.004860 -0.015378 0.431582 255 0 0
0.003979 -0.020378 0.428057 255 0 0
-0.012283 -0.017288 0.433155 255 0 0
-0.010858 -0.015378 0.438858 255 0 0
-0.005304 -0.023468 0.425993 255 0 0
-0.010162 -0.020378 0.428241 255 0 0
0.004860 -0.025378 0.431582 255 0 0
0.000433 -0.025378 0.427269 255 0 0
0.004163 -0.020378 0.442198 255 0 0
0.006285 -0.023468 0.437284 255 0 0
-0.006431 -0.015378 0.443171 255 0 0
-0.000694 -0.017288 0.444447 255 0 0
-0.010858 -0.025378 0.438858 255 0 0
-0.012283 -0.023468 0.433155 255 0 0
-0.008737 -0.028468 0.433944 255 0 0
-0.004424 -0.028468 0.429517 255 0 0
-0.002999 -0.030378 0.435220 255 0 0
0.002739 -0.028468 0.436496 255 0 0
-0.001574 -0.028468 0.440922 255 0 0
-0.000694 -0.023468 0.444447 255 0 0
-0.006431 -0.025378 0.443171 255 0 0
-0.009978 -0.020378 0.442382 255 0 0
-0.082564 -0.003070 0.420337 255 0 0
-0.089902 -0.003070 0.427868 255 0 0
-0.082564 -0.020083 0.420337 255 0 0
-0.089902 -0.020083 0.427868 255 0 0
-0.092326 -0.016834 0.418166 255 0 0
-0.092326 -0.006319 0.418166 255 0 0
-0.080140 -0.016834 0.430039 255 0 0
-0.080140 -0.006319 0.430039 255 0 0
-0.088404 -0.011577 0.433864 255 0 0
-0.095935 -0.011577 0.426527 255 0 0
-0.076531 -0.011577 0.421679 255 0 0
-0.084062 -0.011577 0.414341 255 0 0
-0.082801 -0.006577 0.416152 255 0 0
-0.088538 -0.008486 0.414876 255 0 0
-0.087658 -0.003486 0.418400 255 0 0
-0.091971 -0.003486 0.422827 255 0 0
-0.086233 -0.001577 0.424103 255 0 0
-0.084808 -0.003486 0.429805 255 0 0
-0.080495 -0.003486 0.425379 255 0 0
-0.076949 -0.008486 0.426167 255 0 0
-0.078374 -0.006577 0.420465 255 0 0
-0.079255 -0.011577 0.416940 255 0 0
-0.095517 -0.008486 0.422038 255 0 0
-0.094092 -0.006577 0.427741 255 0 0
-0.088538 -0.014667 0.414876 255 0 0
-0.093395 -0.011577 0.417124 255 0 0
-0.078374 -0.016577 0.420465 255 0 0
-0.082801 -0.016577 0.416152 255 0 0
-0.079071 -0.011577 0.431081 255 0 0
-0.076949 -0.014667 0.426167 255 0 0
-0.089665 -0.006577 0.432054 255 0 0
-0.083928 -0.008486 0.433330 255 0 0
-0.094092 -0.016577 0.427741 255 0 0
-0.095517 -0.014667 0.422038 255 0 0
-0.091971 -0.019667 0.422827 255 0 0
-0.087658 -0.019667 0.418400 255 0 0
-0.086233 -0.021577 0.424103 255 0 0
-0.080495 -0.019667 0.425379 255 0 0
-0.084808 -0.019667 0.429805 255 0 0
-0.083928 -0.014667 0.433330 255 0 0
-0.089665 -0.016577 0.432054 255 0 0
-0.093211 -0.011577 0.431265 255 0 0
0.030325 -0.018385 0.406196 255 0 0
0.022988 -0.018385 0.413727 255 0 0
0.030325 -0.035398 0.406196 255 0 0
0.022988 -0.035398 0.413727 255 0 0
0.020564 -0.032149 0.404026 255 0 0
0.020564 -0.021634 0.404026 255 0 0
0.032749 -0.032149 0.415898 255 0 0
0.032749 -0.021634 0.415898 255 0 0
0.024486 -0.026892 0.419723 255 0 0
0.016955 -0.026892 0.412386 255 0 0
0.036358 -0.026892 0.407538 255 0 0
0.028827 -0.026892 0.400200 255 0 0
0.030089 -0.021892 0.402011 255 0 0
0.024351 -0.023801 0.400735 255 0 0
0.025232 -0.018801 0.404259 255 0 0
0.020919 -0.018801 0.408686 255 0 0
0.026657 -0.016892 0.409962 255 0 0
0.028081 -0.018801 0.415664 255 0 0
0.032394 -0.018801 0.411238 255 0 0
0.035940 -0.023801 0.412026 255 0 0
0.034516 -0.021892 0.406324 255 0 0
0.033635 -0.026892 0.402799 255 0 0
0.017373 -0.023801 0.407897 255 0 0
0.018798 -0.021892 0.413600 255 0 0
0.024351 -0.029982 0.400735 255 0 0
0.019494 -0.026892 0.402983 255 0 0
0.034516 -0.031892 0.406324 255 0 0
0.030089 -0.031892 0.402011 255 0 0
0.033819 -0.026892 0.416940 255 0 0
0.035940 -0.029982 0.412026 255 0 0
0.023224 -0.021892 0.417913 255 0 0
0.028962 -0.023801 0.419189 255 0 0
0.018798 -0.031892 0.413600 255 0 0
0.017373 -0.029982 0.407897 255 0 0
0.020919 -0.034982 0.408686 255 0 0
0.025232 -0.034982 0.404259 255 0 0
0.026657 -0.036892 0.409962 255 0 0
0.032394 -0.034982 0.411238 255 0 0
0.028081 -0.034982 0.415664 255 0 0
0.028962 -0.029982 0.419189 255 0 0
0.023224 -0.031892 0.417913 255 0 0
0.019678 -0.026892 0.417124 255 0 0
-0.065227 0.010044 0.461134 255 0 0
-0.072564 0.010044 0.468665 255 0 0
-0.065227 -0.006969 0.461134 255 0 0
-0.072564 -0.006969 0.468665 255 0 0
-0.074988 -0.003720 0.458963 255 0 0
-0.074988 0.006795 0.458963 255 0 0
-0.062803 -0.003720 0.470836 255 0 0
-0.062803 0.006795 0.470836 255 0 0
-0.071066 0.001538 0.474661 255 0 0
-0.078597 0.001538 0.467323 255 0 0
-0.059194 0.001538 0.462476 255 0 0
-0.066725 0.001538 0.455138 255 0 0
-0.065463 0.006538 0.456948 255 0 0
-0.071201 0.004628 0.455673 255 0 0
-0.070320 0.009628 0.459197 255 0 0
-0.074633 0.009628 0.463624 255 0 0
-0.068896 0.011538 0.464900 255 0 0
-0.067471 0.009628 0.470602 255 0 0
-0.063158 0.009628 0.466175 255 0 0
-0.059612 0.004628 0.466964 255 0 0
-0.061036 0.006538 0.461261 255 0 0
-0.061917 0.001538 0.457737 255 0 0
-0.078179 0.004628 0.462835 255 0 0
-0.076755 0.006538 0.468538 255 0 0
-0.071201 -0.001553 0.455673 255 0 0
-0.076058 0.001538 0.457921 255 0 0
-0.061036 -0.003462 0.461261 255 0 0
-0.065463 -0.003462 0.456948 255 0 0
-0.061733 0.001538 0.471878 255 0 0
-0.059612 -0.001553 0.466964 255 0 0
-0.072328 0.006538 0.472851 255 0 0
-0.066590 0.004628 0.474126 255 0 0
-0.076755 -0.003462 0.468538 255 0 0
-0.078179 -0.001553 0.462835 255 0 0
-0.074633 -0.006553 0.463624 255 0 0
-0.070320 -0.006553 0.459197 255 0 0
-0.068896 -0.008462 0.464900 255 0 0
-0.063158 -0.006553 0.466175 255 0 0
-0.067471 -0.006553 0.470602 255 0 0
-0.066590 -0.001553 0.474126 255 0 0
-0.072328 -0.003462 0.472851 255 0 0
-0.075874 0.001538 0.472062 255 0 0
-0.055691 0.033519 0.379423 255 0 0
-0.063028 0.033519 0.386954 255 0 0
-0.055691 0.016506 0.379423 255 0 0
-0.063028 0.016506 0.386954 255 0 0
-0.065452 0.019755 0.377252 255 0 0
-0.065452 0.030270 0.377252 255 0 0
-0.053267 0.019755 0.389125 255 0 0
-0.053267 0.030270 0.389125 255 0 0
-0.061530 0.025013 0.392950 255 0 0
-0.069061 0.025013 0.385612 255 0 0
-0.049658 0.025013 0.380765 255 0 0
-0.057189 0.025013 0.373427 255 0 0
-0.055927 0.030013 0.375238 255 0 0
-0.061665 0.028103 0.373962 255 0 0
-0.060784 0.033103 0.377486 255 0 0
-0.065097 0.033103 0.381913 255 0 0
-0.059359 0.035013 0.383189 255 0 0
-0.057935 0.033103 0.388891 255 0 0
-0.053622 0.033103 0.384464 255 0 0
-0.050076 0.028103 0.385253 255 0 0
-0.051500 0.030013 0.379550 255 0 0
-0.052381 0.025013 0.376026 255 0 0
-0.068643 0.028103 0.381124 255 0 0
-0.067218 0.030013 0.386827 255 0 0
-0.061665 0.021923 0.373962 255 0 0
-0.066522 0.025013 0.376210 255 0 0
-0.051500 0.020013 0.379550 255 0 0
-0.055927 0.020013 0.375238 255 0 0
-0.052197 0.025013 0.390167 255 0 0
-0.050076 0.021923 0.385253 255 0 0
-0.062792 0.030013 0.391140 255 0 0
-0.057054 0.028103 0.392415 255 0 0
-0.067218 0.020013 0.386827 255 0 0
-0.068643 0.021923 0.381124 255 0 0
-0.065097 0.016923 0.381913 255 0 0
-0.060784 0.016923 0.377486 255 0 0
-0.059359 0.015013 0.383189 255 0 0
-0.053622 0.016923 0.384464 255 0 0
-0.057935 0.016923 0.388891 255 0 0
-0.057054 0.021923 0.392415 255 0 0
-0.062792 0.020013 0.391140 255 0 0
-0.066338 0.025013 0.390351 255 0 0
-0.117971 0.023451 0.447819 255 0 0
-0.125308 0.023451 0.455350 255 0 0
-0.117971 0.006438 0.447819 255 0 0
-0.125308 0.006438 0.455350 255 0 0
-0.127732 0.009687 0.445648 255 0 0
-0.127732 0.020202 0.445648 255 0 0
-0.115547 0.009687 0.457521 255 0 0
-0.115547 0.020202 0.457521 255 0 0
-0.123810 0.014945 0.461346 255 0 0
-0.131341 0.014945 0.454008 255 0 0
-0.111938 0.014945 0.449160 255 0 0
-0.119469 0.014945 0.441823 255 0 0
-0.118207 0.019945 0.443633 255 0 0
-0.123945 0.018035 0.442357 255 0 0
-0.123064 0.023035 0.445882 255 0 0
-0.127377 0.023035 0.450308 255 0 0
-0.121639 0.024945 0.451584 255 0 0
-0.120215 0.023035 0.457287 255 0 0
-0.115902 0.023035 0.452860 255 0 0
-0.112356 0.018035 0.453649 255 0 0
-0.113780 0.019945 0.447946 255 0 0
-0.114661 0.014945 0.444422 255 0 0
-0.130923 0.018035 0.449520 255 0 0
-0.129499 0.019945 0.455222 255 0 0
-0.123945 0.011855 0.442357 255 0 0
-0.128802 0.014945 0.444606 255 0 0
-0.113780 0.009945 0.447946 255 0 0
-0.118207 0.009945 0.443633 255 0 0
-0.114477 0.014945 0.458563 255 0 0
-0.112356 0.011855 0.453649 255 0 0
-0.125072 0.019945 0.459535 255 0 0
-0.119334 0.018035 0.460811 255 0 0
-0.129499 0.009945 0.455222 255 0 0
-0.130923 0.011855 0.449520 255 0 0
-0.127377 0.006855 0.450308 255 0 0
-0.123064 0.006855 0.445882 255 0 0
-0.121639 0.004945 0.451584 255 0 0
-0.115902 0.006855 0.452860 255 0 0
-0.120215 0.006855 0.457287 255 0 0
-0.119334 0.011855 0.460811 255 0 0
-0.125072 0.009945 0.459535 255 0 0
-0.128618 0.014945 0.458747 255 0 0
-0.104764 0.065697 0.425750 255 0 0
-0.112102 0.065697 0.433281 255 0 0
-0.104764 0.048684 0.425750 255 0 0
-0.112102 0.048684 0.433281 255 0 0
-0.114526 0.051934 0.423579 255 0 0
-0.114526 0.062448 0.423579 255 0 0
-0.102340 0.051934 0.435451 255 0 0
-0.102340 0.062448 0.435451 255 0 0
-0.110604 0.057191 0.439277 255 0 0
-0.118135 0.057191 0.431939 255 0 0
-0.098731 0.057191 0.427091 255 0 0
-0.106262 0.057191 0.419754 255 0 0
-0.105001 0.062191 0.421564 255 0 0
-0.110738 0.060281 0.420288 255 0 0
-0.109858 0.065281 0.423813 255 0 0
-0.114171 0.065281 0.428239 255 0 0
-0.108433 0.067191 0.429515 255 0 0
-0.107008 0.065281 0.435218 255 0 0
-0.102695 0.065281 0.430791 255 0 0
-0.099149 0.060281 0.431580 255 0 0
-0.100574 0.062191 0.425877 255 0 0
-0.101455 0.057191 0.422353 255 0 0
-0.117717 0.060281 0.427451 255 0 0
-0.116292 0.062191 0.433153 255 0 0
-0.110738 0.054101 0.420288 255 0 0
-0.115596 0.057191 0.422537 255 0 0
-0.100574 0.052191 0.425877 255 0 0
-0.105001 0.052191 0.421564 255 0 0
-0.101271 0.057191 0.436494 255 0 0
-0.099149 0.054101 0.431580 255 0 0
-0.111866 0.062191 0.437466 255 0 0
-0.106128 0.060281 0.438742 255 0 0
-0.116292 0.052191 0.433153 255 0 0
-0.117717 0.054101 0.427451 255 0 0
-0.114171 0.049101 0.428239 255 0 0
-0.109858 0.049101 0.423813 255 0 0
-0.108433 0.047191 0.429515 255 0 0
-0.102695 0.049101 0.430791 255 0 0
-0.107008 0.049101 0.435218 255 0 0
-0.106128 0.054101 0.438742 255 0 0
-0.111866 0.052191 0.437466 255 0 0
-0.115412 0.057191 0.436678 255 0 0
-0.006823 -0.049874 0.447543 255 0 0
-0.014160 -0.049874 0.455074 255 0 0
-0.006823 -0.066887 0.447543 255 0 0
-0.014160 -0.066887 0.455074 255 0 0
-0.016584 -0.063638 0.445372 255 0 0
-0.016584 -0.053123 0.445372 255 0 0
-0.004399 -0.063638 0.457245 255 0 0
-0.004399 -0.053123 0.457245 255 0 0
-0.012662 -0.058380 0.461070 255 0 0
-0.020193 -0.058380 0.453732 255 0 0
-0.000790 -0.058380 0.448884 255 0 0
-0.008321 -0.058380 0.441547 255 0 0
-0.007059 -0.053380 0.443357 255 0 0
-0.012797 -0.055290 0.442081 255 0 0
-0.011916 -0.050290 0.445606 255 0 0
-0.016229 -0.050290 0.450032 255 0 0
-0.010492 -0.048380 0.451308 255 0 0
-0.009067 -0.050290 0.457011 255 0 0
-0.004754 -0.050290 0.452584 255 0 0
-0.001208 -0.055290 0.453373 255 0 0
-0.002633 -0.053380 0.447670 255 0 0
-0.003513 -0.058380 0.444146 255 0 0
-0.019775 -0.055290 0.449244 255 0 0
-0.018351 -0.053380 0.454946 255 0 0
-0.012797 -0.061471 0.442081 255 0 0
-0.017654 -0.058380 0.444330 255 0 0
-0.002633 -0.063380 0.447670 255 0 0
-0.007059 -0.063380 0.443357 255 0 0
-0.003329 -0.058380 0.458287 255 0 0
-0.001208 -0.061471 0.453373 255 0 0
-0.013924 -0.053380 0.459259 255 0 0
-0.008186 -0.055290 0.460535 255 0 0
-0.018351 -0.063380 0.454946 255 0 0
-0.019775 -0.061471 0.449244 255 0 0
-0.016229 -0.066471 0.450032 255 0 0
-0.011916 -0.066471 0.445606 255 0 0
-0.010492 -0.068380 0.451308 255 0 0
-0.004754 -0.066471 0.452584 255 0 0
-0.009067 -0.066471 0.457011 255 0 0
-0.008186 -0.061471 0.460535 255 0 0
-0.013924 -0.063380 0.459259 255 0 0
-0.017470 -0.058380 0.458471 255 0 0
-0.057637 -0.070127 0.381475 255 0 0
-0.064975 -0.070127 0.389006 255 0 0
-0.057637 -0.087140 0.381475 255 0 0
-0.064975 -0.087140 0.389006 255 0 0
-0.067399 -0.083891 0.379304 255 0 0
-0.067399 -0.073376 0.379304 255 0 0
-0.055213 -0.083891 0.391177 255 0 0
-0.055213 -0.073376 0.391177 255 0 0
-0.063477 -0.078633 0.395002 255 0 0
-0.071008 -0.078633 0.387665 255 0 0
-0.051604 -0.078633 0.382817 255 0 0
-0.059135 -0.078633 0.375479 255 0 0
-0.057873 -0.073633 0.377290 255 0 0
-0.063611 -0.075543 0.376014 255 0 0
-0.062731 -0.070543 0.379538 255 0 0
-0.067043 -0.070543 0.383965 255 0 0
-0.061306 -0.068633 0.385241 255 0 0
-0.059881 -0.070543 0.390943 255 0 0
-0.055568 -0.070543 0.386517 255 0 0
-0.052022 -0.075543 0.387305 255 0 0
-0.053447 -0.073633 0.381603 255 0 0
-0.054327 -0.078633 0.378078 255 0 0
-0.070590 -0.075543 0.383176 255 0 0
-0.069165 -0.073633 0.388879 255 0 0
-0.063611 -0.081724 0.376014 255 0 0
-0.068468 -0.078633 0.378262 255 0 0
-0.053447 -0.083633 0.381603 255 0 0
-0.057873 -0.083633 0.377290 255 0 0
-0.054143 -0.078633 0.392219 255 0 0
-0.052022 -0.081724 0.387305 255 0 0
-0.064738 -0.073633 0.393192 255 0 0
-0.059000 -0.075543 0.394468 255 0 0
-0.069165 -0.083633 0.388879 255 0 0
-0.070590 -0.081724 0.383176 255 0 0
-0.067043 -0.086724 0.383965 255 0 0
-0.062731 -0.086724 0.379538 255 0 0
-0.061306 -0.088633 0.385241 255 0 0
-0.055568 -0.086724 0.386517 255 0 0
-0.059881 -0.086724 0.390943 255 0 0
-0.059000 -0.081724 0.394468 255 0 0
-0.064738 -0.083633 0.393192 255 0 0
-0.068284 -0.078633 0.392403 255 0 0
-0.091002 -0.001297 0.381720 255 0 0
-0.098340 -0.001297 0.389251 255 0 0
-0.091002 -0.018310 0.381720 255 0 0
-0.098340 -0.018310 0.389251 255 0 0
-0.100764 -0.015061 0.379549 255 0 0
-0.100764 -0.004547 0.379549 255 0 0
-0.088578 -0.015061 0.391421 255 0 0
-0.088578 -0.004547 0.391421 255 0 0
-0.096842 -0.009804 0.395247 255 0 0
-0.104373 -0.009804 0.387909 255 0 0
-0.084969 -0.009804 0.383061 255 0 0
-0.092500 -0.009804 0.375724 255 0 0
-0.091239 -0.004804 0.377534 255 0 0
-0.096976 -0.006714 0.376258 255 0 0
-0.096096 -0.001714 0.379783 255 0 0
-0.100409 -0.001714 0.384209 255 0 0
-0.094671 0.000196 0.385485 255 0 0
-0.093246 -0.001714 0.391188 255 0 0
-0.088933 -0.001714 0.386761 255 0 0
-0.085387 -0.006714 0.387550 255 0 0
-0.086812 -0.004804 0.381847 255 0 0
-0.087693 -0.009804 0.378323 255 0 0
-0.103955 -0.006714 0.383421 255 0 0
-0.102530 -0.004804 0.389123 255 0 0
-0.096976 -0.012894 0.376258 255 0 0
-0.101833 -0.009804 0.378507 255 0 0
-0.086812 -0.014804 0.381847 255 0 0
-0.091239 -0.014804 0.377534 255 0 0
-0.087509 -0.009804 0.392464 255 0 0
-0.085387 -0.012894 0.387550 255 0 0
-0.098103 -0.004804 0.393436 255 0 0
-0.092366 -0.006714 0.394712 255 0 0
-0.102530 -0.014804 0.389123 255 0 0
-0.103955 -0.012894 0.383421 255 0 0
-0.100409 -0.017894 0.384209 255 0 0
-0.096096 -0.017894 0.379783 255 0 0
-0.094671 -0.019804 0.385485 255 0 0
-0.088933 -0.017894 0.386761 255 0 0
-0.093246 -0.017894 0.391188 255 0 0
-0.092366 -0.012894 0.394712 255 0 0
-0.098103 -0.014804 0.393436 255 0 0
-0.101649 -0.009804 0.392648 255 0 0
-0.002577 -0.079744 0.430426 255 0 0
-0.009914 -0.079744 0.437957 255 0 0
-0.002577 -0.096757 0.430426 255 0 0
-0.009914 -0.096757 0.437957 255 0 0
-0.012338 -0.093508 0.428255 255 0 0
-0.012338 -0.082994 0.428255 255 0 0
-0.000153 -0.093508 0.440127 255 0 0
-0.000153 -0.082994 0.440127 255 0 0
-0.008416 -0.088251 0.443953 255 0 0
-0.015947 -0.088251 0.436615 255 0 0
0.003456 -0.088251 0.431767 255 0 0
-0.004075 -0.088251 0.424430 255 0 0
-0.002813 -0.083251 0.426240 255 0 0
-0.008551 -0.085161 0.424964 255 0 0
-0.007670 -0.080161 0.428489 255 0 0
-0.011983 -0.080161 0.432915 255 0 0
-0.006246 -0.078251 0.434191 255 0 0
-0.004821 -0.080161 0.439894 255 0 0
-0.000508 -0.080161 0.435467 255 0 0
0.003038 -0.085161 0.436256 255 0 0
0.001614 -0.083251 0.430553 255 0 0
0.000733 -0.088251 0.427029 255 0 0
-0.015529 -0.085161 0.432127 255 0 0
-0.014105 -0.083251 0.437829 255 0 0
-0.008551 -0.091341 0.424964 255 0 0
-0.013408 -0.088251 0.427213 255 0 0
0.001614 -0.093251 0.430553 255 0 0
-0.002813 -0.093251 0.426240 255 0 0
0.000917 -0.088251 0.441170 255 0 0
0.003038 -0.091341 0.436256 255 0 0
-0.009678 -0.083251 0.442142 255 0 0
-0.003940 -0.085161 0.443418 255 0 0
-0.014105 -0.093251 0.437829 255 0 0
-0.015529 -0.091341 0.432127 255 0 0
-0.011983 -0.096341 0.432915 255 0 0
-0.007670 -0.096341 0.428489 255 0 0
-0.006246 -0.098251 0.434191 255 0 0
-0.000508 -0.096341 0.435467 255 0 0
-0.004821 -0.096341 0.439894 255 0 0
-0.003940 -0.091341 0.443418 255 0 0
-0.009678 -0.093251 0.442142 255 0 0
-0.013224 -0.088251 0.441354 255 0 0
-0.040499 -0.010728 0.431195 255 0 0
-0.047837 -0.010728 0.438726 255 0 0
-0.040499 -0.027741 0.431195 255 0 0
-0.047837 -0.027741 0.438726 255 0 0
-0.050260 -0.024491 0.429024 255 0 0
-0.050260 -0.013977 0.429024 255 0 0
-0.038075 -0.024491 0.440897 255 0 0
-0.038075 -0.013977 0.440897 255 0 0
-0.046338 -0.019234 0.444722 255 0 0
-0.053870 -0.019234 0.437384 255 0 0
-0.034466 -0.019234 0.432536 255 0 0
-0.041997 -0.019234 0.425199 255 0 0
-0.040735 -0.014234 0.427009 255 0 0
-0.046473 -0.016144 0.425733 255 0 0
-0.045592 -0.011144 0.429258 255 0 0
-0.049905 -0.011144 0.433684 255 0 0
-0.044168 -0.009234 0.434960 255 0 0
-0.042743 -0.011144 0.440663 255 0 0
-0.038430 -0.011144 0.436236 255 0 0
-0.034884 -0.016144 0.437025 255 0 0
-0.036309 -0.014234 0.431322 255 0 0
-0.037189 -0.019234 0.427798 255 0 0
-0.053452 -0.016144 0.432896 255 0 0
-0.052027 -0.014234 0.438599 255 0 0
-0.046473 -0.022324 0.425733 255 0 0
-0.051330 -0.019234 0.427982 255 0 0
-0.036309 -0.024234 0.431322 255 0 0
-0.040735 -0.024234 0.427009 255 0 0
-0.037005 -0.019234 0.441939 255 0 0
-0.034884 -0.022324 0.437025 255 0 0
-0.047600 -0.014234 0.442911 255 0 0
-0.041862 -0.016144 0.444187 255 0 0
-0.052027 -0.024234 0.438599 255 0 0
-0.053452 -0.022324 0.432896 255 0 0
-0.049905 -0.027324 0.433684 255 0 0
-0.045592 -0.027324 0.429258 255 0 0
-0.044168 -0.029234 0.434960 255 0 0
-0.038430 -0.027324 0.436236 255 0 0
-0.042743 -0.027324 0.440663 255 0 0
-0.041862 -0.022324 0.444187 255 0 0
-0.047600 -0.024234 0.442911 255 0 0
-0.051146 -0.019234 0.442123 255 0 0
0.004821 0.008409 0.433624 255 0 0
-0.002517 0.008409 0.441155 255 0 0
0.004821 -0.008604 0.433624 255 0 0
-0.002517 -0.008604 0.441155 255 0 0
-0.004941 -0.005355 0.431453 255 0 0
-0.004941 0.005160 0.431453 255 0 0
0.007245 -0.005355 0.443326 255 0 0
0.007245 0.005160 0.443326 255 0 0
-0.001019 -0.000098 0.447151 255 0 0
-0.008550 -0.000098 0.439814 255 0 0
0.010854 -0.000098 0.434966 255 0 0
0.003323 -0.000098 0.427628 255 0 0
0.004584 0.004902 0.429439 255 0 0
-0.001153 0.002992 0.428163 255 0 0
-0.000273 0.007992 0.431687 255 0 0
-0.004586 0.007992 0.436114 255 0 0
0.001152 0.009902 0.437390 255 0 0
0.002577 0.007992 0.443092 255 0 0
0.006890 0.007992 0.438666 255 0 0
0.010436 0.002992 0.439454 255 0 0
0.009011 0.004902 0.433752 255 0 0
0.008131 -0.000098 0.430227 255 0 0
-0.008132 0.002992 0.435325 255 0 0
-0.006707 0.004902 0.441028 255 0 0
-0.001153 -0.003188 0.428163 255 0 0
-0.006010 -0.000098 0.430411 255 0 0
0.009011 -0.005098 0.433752 255 0 0
0.004584 -0.005098 0.429439 255 0 0
0.008315 -0.000098 0.444368 255 0 0
0.010436 -0.003188 0.439454 255 0 0
-0.002280 0.004902 0.445341 255 0 0
0.003457 0.002992 0.446617 255 0 0
-0.006707 -0.005098 0.441028 255 0 0
-0.008132 -0.003188 0.435325 255 0 0
-0.004586 -0.008188 0.436114 255 0 0
-0.000273 -0.008188 0.431687 255 0 0
0.001152 -0.010098 0.437390 255 0 0
0.006890 -0.008188 0.438666 255 0 0
0.002577 -0.008188 0.443092 255 0 0
0.003457 -0.003188 0.446617 255 0 0
-0.002280 -0.005098 0.445341 255 0 0
-0.005826 -0.000098 0.444552 255 0 0
0.054109 0.050926 0.472226 255 0 0
0.046772 0.050926 0.479757 255 0 0
0.054109 0.033913 0.472226 255 0 0
0.046772 0.033913 0.479757 255 0 0
0.044348 0.037162 0.470055 255 0 0
0.044348 0.047677 0.470055 255 0 0
0.056533 0.037162 0.481928 255 0 0
0.056533 0.047677 0.481928 255 0 0
0.048270 0.042420 0.485753 255 0 0
0.040739 0.042420 0.478415 255 0 0
0.060142 0.042420 0.473568 255 0 0
0.052611 0.042420 0.466230 255 0 0
0.053873 0.047420 0.468041 255 0 0
0.048135 0.045510 0.466765 255 0 0
0.049016 0.050510 0.470289 255 0 0
0.044703 0.050510 0.474716 255 0 0
0.050440 0.052420 0.475992 255 0 0
0.051865 0.050510 0.481694 255 0 0
0.056178 0.050510 0.477267 255 0 0
0.059724 0.045510 0.478056 255 0 0
0.058299 0.047420 0.472353 255 0 0
0.057419 0.042420 0.468829 255 0 0
0.041157 0.045510 0.473927 255 0 0
0.042581 0.047420 0.479630 255 0 0
0.048135 0.039330 0.466765 255 0 0
0.043278 0.042420 0.469013 255 0 0
0.058299 0.037420 0.472353 255 0 0
0.053873 0.037420 0.468041 255 0 0
0.057603 0.042420 0.482970 255 0 0
0.059724 0.039330 0.478056 255 0 0
0.047008 0.047420 0.483943 255 0 0
0.052746 0.045510 0.485218 255 0 0
0.042581 0.037420 0.479630 255 0 0
0.041157 0.039330 0.473927 255 0 0
0.044703 0.034330 0.474716 255 0 0
0.049016 0.034330 0.470289 255 0 0
0.050440 0.032420 0.475992 255 0 0
0.056178 0.034330 0.477267 255 0 0
0.051865 0.034330 0.481694 255 0 0
0.052746 0.039330 0.485218 255 0 0
0.047008 0.037420 0.483943 255 0 0
0.043462 0.042420 0.483154 255 0 0
0.004366 0.018570 0.385965 255 0 0
-0.002971 0.018570 0.393496 255 0 0
0.004366 0.001557 0.385965 255 0 0
-0.002971 0.001557 0.393496 255 0 0
-0.005395 0.004806 0.383794 255 0 0
-0.005395 0.015320 0.383794 255 0 0
0.006790 0.004806 0.395667 255 0 0
0.006790 0.015320 0.395667 255 0 0
-0.001473 0.010063 0.399492 255 0 0
-0.009004 0.010063 0.392154 255 0 0
0.010399 0.010063 0.387306 255 0 0
0.002868 0.010063 0.379969 255 0 0
0.004130 0.015063 0.381779 255 0 0
-0.001608 0.013153 0.380503 255 0 0
-0.000727 0.018153 0.384028 255 0 0
-0.005040 0.018153 0.388454 255 0 0
0.000698 0.020063 0.389730 255 0 0
0.002122 0.018153 0.395433 255 0 0
0.006435 0.018153 0.391006 255 0 0
0.009981 0.013153 0.391795 255 0 0
0.008557 0.015063 0.386092 255 0 0
0.007676 0.010063 0.382568 255 0 0
-0.008586 0.013153 0.387666 255 0 0
-0.007161 0.015063 0.393368 255 0 0
-0.001608 0.006973 0.380503 255 0 0
-0.006465 0.010063 0.382752 255 0 0
0.008557 0.005063 0.386092 255 0 0
0.004130 0.005063 0.381779 255 0 0
0.007860 0.010063 0.396709 255 0 0
0.009981 0.006973 0.391795 255 0 0
-0.002735 0.015063 0.397681 255 0 0
0.003003 0.013153 0.398957 255 0 0
-0.007161 0.005063 0.393368 255 0 0
-0.008586 0.006973 0.387666 255 0 0
-0.005040 0.001973 0.388454 255 0 0
-0.000727 0.001973 0.384028 255 0 0
0.000698 0.000063 0.389730 255 0 0
0.006435 0.001973 0.391006 255 0 0
0.002122 0.001973 0.395433 255 0 0
0.003003 0.006973 0.398957 255 0 0
-0.002735 0.005063 0.397681 255 0 0
-0.006281 0.010063 0.396893 255 0 0
-0.054190 -0.051993 0.411358 255 0 0
-0.061528 -0.051993 0.418889 255 0 0
-0.054190 -0.069006 0.411358 255 0 0
-0.061528 -0.069006 0.418889 255 0 0
-0.063952 -0.065757 0.409187 255 0 0
-0.063952 -0.055243 0.409187 255 0 0
-0.051766 -0.065757 0.421060 255 0 0
-0.051766 -0.055243 0.421060 255 0 0
-0.060030 -0.060500 0.424885 255 0 0
-0.067561 -0.060500 0.417547 255 0 0
-0.048157 -0.060500 0.412699 255 0 0
-0.055688 -0.060500 0.405362 255 0 0
-0.054427 -0.055500 0.407172 255 0 0
-0.060164 -0.057410 0.405896 255 0 0
-0.059284 -0.052410 0.409421 255 0 0
-0.063597 -0.052410 0.413847 255 0 0
-0.057859 -0.050500 0.415123 255 0 0
-0.056434 -0.052410 0.420826 255 0 0
-0.052121 -0.052410 0.416399 255 0 0
-0.048575 -0.057410 0.417188 255 0 0
-0.050000 -0.055500 0.411485 255 0 0
-0.050880 -0.060500 0.407961 255 0 0
-0.067143 -0.057410 0.413059 255 0 0
-0.065718 -0.055500 0.418761 255 0 0
-0.060164 -0.063590 0.405896 255 0 0
-0.065021 -0.060500 0.408145 255 0 0
-0.050000 -0.065500 0.411485 255 0 0
-0.054427 -0.065500 0.407172 255 0 0
-0.050696 -0.060500 0.422102 255 0 0
-0.048575 -0.063590 0.417188 255 0 0
-0.061291 -0.055500 0.423074 255 0 0
-0.055554 -0.057410 0.424350 255 0 0
-0.065718 -0.065500 0.418761 255 0 0
-0.067143 -0.063590 0.413059 255 0 0
-0.063597 -0.068590 0.413847 255 0 0
-0.059284 -0.068590 0.409421 255 0 0
-0.057859 -0.070500 0.415123 255 0 0
-0.052121 -0.068590 0.416399 255 0 0
-0.056434 -0.068590 0.420826 255 0 0
-0.055554 -0.063590 0.424350 255 0 0
-0.061291 -0.065500 0.423074 255 0 0
-0.064837 -0.060500 0.422286 255 0 0
0.023361 -0.071375 0.447886 255 0 0
0.016024 -0.071375 0.455417 255 0 0
0.023361 -0.088388 0.447886 255 0 0
0.016024 -0.088388 0.455417 255 0 0
0.013600 -0.085139 0.445715 255 0 0
0.013600 -0.074624 0.445715 255 0 0
0.025785 -0.085139 0.457588 255 0 0
0.025785 -0.074624 0.457588 255 0 0
0.017522 -0.079882 0.461413 255 0 0
0.009991 -0.079882 0.454075 255 0 0
0.029394 -0.079882 0.449227 255 0 0
0.021863 -0.079882 0.441890 255 0 0
0.023125 -0.074882 0.443700 255 0 0
0.017387 -0.076791 0.442424 255 0 0
0.018268 -0.071791 0.445949 255 0 0
0.013955 -0.071791 0.450375 255 0 0
0.019692 -0.069882 0.451651 255 0 0
0.021117 -0.071791 0.457354 255 0 0
0.025430 -0.071791 0.452927 255 0 0
0.028976 -0.076791 0.453716 255 0 0
0.027551 -0.074882 0.448013 255 0 0
0.026671 -0.079882 0.444489 255 0 0
0.010409 -0.076791 0.449587 255 0 0
0.011833 -0.074882 0.455289 255 0 0
0.017387 -0.082972 0.442424 255 0 0
0.012530 -0.079882 0.444673 255 0 0
0.027551 -0.084882 0.448013 255 0 0
0.023125 -0.084882 0.443700 255 0 0
0.026855 -0.079882 0.458630 255 0 0
0.028976 -0.082972 0.453716 255 0 0
0.016260 -0.074882 0.459602 255 0 0
0.021998 -0.076791 0.460878 255 0 0
0.011833 -0.084882 0.455289 255 0 0
0.010409 -0.082972 0.449587 255 0 0
0.013955 -0.087972 0.450375 255 0 0
0.018268 -0.087972 0.445949 255 0 0
0.019692 -0.089882 0.451651 255 0 0
0.025430 -0.087972 0.452927 255 0 0
0.021117 -0.087972 0.457354 255 0 0
0.021998 -0.082972 0.460878 255 0 0
0.016260 -0.084882 0.459602 255 0 0
0.012714 -0.079882 0.458814 255 0 0
0.057107 0.089076 0.379409 255 0 0
0.049770 0.089076 0.386940 255 0 0
0.057107 0.072063 0.379409 255 0 0
0.049770 0.072063 0.386940 255 0 0
0.047346 0.075312 0.377238 255 0 0
0.047346 0.085827 0.377238 255 0 0
0.059531 0.075312 0.389111 255 0 0
0.059531 0.085827 0.389111 255 0 0
0.051268 0.080569 0.392936 255 0 0
0.043737 0.080569 0.385598 255 0 0
0.063140 0.080569 0.380751 255 0 0
0.055609 0.080569 0.373413 255 0 0
0.056871 0.085569 0.375223 255 0 0
0.051133 0.083659 0.373948 255 0 0
0.052014 0.088659 0.377472 255 0 0
0.047701 0.088659 0.381899 255 0 0
0.053439 0.090569 0.383175 255 0 0
0.054863 0.088659 0.388877 255 0 0
0.059176 0.088659 0.384450 255 0 0
0.062722 0.083659 0.385239 255 0 0
0.061298 0.085569 0.379536 255 0 0
0.060417 0.080569 0.376012 255 0 0
0.044155 0.083659 0.381110 255 0 0
0.045580 0.085569 0.386813 255 0 0
0.051133 0.077479 0.373948 255 0 0
0.046276 0.080569 0.376196 255 0 0
0.061298 0.075569 0.379536 255 0 0
0.056871 0.075569 0.375223 255 0 0
0.060601 0.080569 0.390153 255 0 0
0.062722 0.077479 0.385239 255 0 0
0.050006 0.085569 0.391126 255 0 0
0.055744 0.083659 0.392401 255 0 0
0.045580 0.075569 0.386813 255 0 0
0.044155 0.077479 0.381110 255 0 0
0.047701 0.072479 0.381899 255 0 0
0.052014 0.072479 0.377472 255 0 0
0.053439 0.070569 0.383175 255 0 0
0.059176 0.072479 0.384450 255 0 0
0.054863 0.072479 0.388877 255 0 0
0.055744 0.077479 0.392401 255 0 0
0.050006 0.075569 0.391126 255 0 0
0.046460 0.080569 0.390337 255 0 0
-0.061359 0.080917 0.464275 255 0 0
-0.068697 0.080917 0.471806 255 0 0
-0.061359 0.063904 0.464275 255 0 0
-0.068697 0.063904 0.471806 255 0 0
-0.071120 0.067153 0.462104 255 0 0
-0.071120 0.077667 0.462104 255 0 0
-0.058935 0.067153 0.473977 255 0 0
-0.058935 0.077667 0.473977 255 0 0
-0.067198 0.072410 0.477802 255 0 0
-0.074730 0.072410 0.470464 255 0 0
-0.055326 0.072410 0.465616 255 0 0
-0.062857 0.072410 0.458279 255 0 0
-0.061595 0.077410 0.460089 255 0 0
-0.067333 0.075500 0.458813 255 0 0
-0.066452 0.080500 0.462338 255 0 0
-0.070765 0.080500 0.466764 255 0 0
-0.065028 0.082410 0.468040 255 0 0
-0.063603 0.080500 0.473743 255 0 0
-0.059290 0.080500 0.469316 255 0 0
-0.055744 0.075500 0.470105 255 0 0
-0.057169 0.077410 0.464402 255 0 0
-0.058049 0.072410 0.460878 255 0 0
-0.074312 0.075500 0.465976 255 0 0
-0.072887 0.077410 0.471678 255 0 0
-0.067333 0.069320 0.458813 255 0 0
-0.072190 0.072410 0.461062 255 0 0
-0.057169 0.067410 0.464402 255 0 0
-0.061595 0.067410 0.460089 255 0 0
-0.057865 0.072410 0.475019 255 0 0
-0.055744 0.069320 0.470105 255 0 0
-0.068460 0.077410 0.475991 255 0 0
-0.062722 0.075500 0.477267 255 0 0
-0.072887 0.067410 0.471678 255 0 0
-0.074312 0.069320 0.465976 255 0 0
-0.070765 0.064320 0.466764 255 0 0
-0.066452 0.064320 0.462338 255 0 0
-0.065028 0.062410 0.468040 255 0 0
-0.059290 0.064320 0.469316 255 0 0
-0.063603 0.064320 0.473743 255 0 0
-0.062722 0.069320 0.477267 255 0 0
-0.068460 0.067410 0.475991 255 0 0
-0.072006 0.072410 0.475203 255 0 0
3 0 12 14
3 11 13 12
3 5 14 13
3 12 13 14
3 0 14 16
3 5 15 14
3 1 16 15
3 14 15 16
3 0 16 18
3 1 17 16
3 7 18 17
3 16 17 18
3 0 18 20
3 7 19 18
3 10 20 19
3 18 19 20
3 0 20 12
3 10 21 20
3 11 12 21
3 20 21 12
3 1 15 23
3 5 22 15
3 9 23 22
3 15 22 23
3 5 13 25
3 11 24 13
3 4 25 24
3 13 24 25
3 11 21 27
3 10 26 21
3 2 27 26
3 21 26 27
3 10 19 29
3 7 28 19
3 6 29 28
3 19 28 29
3 7 17 31
3 1 30 17
3 8 31 30
3 17 30 31
3 3 32 34
3 9 33 32
3 4 34 33
3 32 33 34
3 3 34 36
3 4 35 34
3 2 36 35
3 34 35 36
3 3 36 38
3 2 37 36
3 6 38 37
3 36 37 38
3 3 38 40
3 6 39 38
3 8 40 39
3 38 39 40
3 3 40 32
3 8 41 40
3 9 32 41
3 40 41 32
3 4 33 25
3 9 22 33
3 5 25 22
3 33 22 25
3 2 35 27
3 4 24 35
3 11 27 24
3 35 24 27
3 6 37 29
3 2 26 37
3 10 29 26
3 37 26 29
3 8 39 31
3 6 28 39
3 7 31 28
3 39 28 31
3 9 41 23
3 8 30 41
3 1 23 30
3 41 30 23
3 42 54 56
3 53 55 54
3 47 56 55
3 54 55 56
3 42 56 58
3 47 57 56
3 43 58 57
3 56 57 58
3 42 58 60
3 43 59 58
3 49 60 59
3 58 59 60
3 42 60 62
3 49 61 60
3 52 62 61
3 60 61 62
3 42 62 54
3 52 63 62
3 53 54 63
3 62 63 54
3 43 57 65
3 47 64 57
3 51 65 64
3 57 64 65
3 47 55 67
3 53 66 55
3 46 67 66
3 55 66 67
3 53 63 69
3 52 68 63
3 44 69 68
3 63 68 69
3 52 61 71
3 49 70 61
3 48 71 70
3 61 70 71
3 49 59 73
3 43 72 59
3 50 73 72
3 59 72 73
3 45 74 76
3 51 75 74
3 46 76 75
3 74 75 76
3 45 76 78
3 46 77 76
3 44 78 77
3 76 77 78
3 45 78 80
3 44 79 78
3 48 80 79
3 78 79 80
3 45 80 82
3 48 81 80
3 50 82 81
3 80 81 82
3 45 82 74
3 50 83 82
3 51 74 83
3 82 83 74
3 46 75 67
3 51 64 75
3 47 67 64
3 75 64 67
3 44 77 69
3 46 66 77
3 53 69 66
3 77 66 69
3 48 79 71
3 44 68 79
3 52 71 68
3 79 68 71
3 50 81 73
3 48 70 81
3 49 73 70
3 81 70 73
3 51 83 65
3 50 72 83
3 43 65 72
3 83 72 65
3 84 96 98
3 95 97 96
3 89 98 97
3 96 97 98
3 84 98 100
3 89 99 98
3 85 100 99
3 98 99 100
3 84 100 102
3 85 101 100
3 91 102 101
3 100 101 102
3 84 102 104
3 91 103 102
3 94 104 103
3 102 103 104
3 84 104 96
3 94 105 104
3 95 96 105
3 104 105 96
3 85 99 107
3 89 106 99
3 93 107 106
3 99 106 107
3 89 97 109
3 95 108 97
3 88 109 108
3 97 108 109
3 95 105 111
3 94 110 105
3 86 111 110
3 105 110 111
3 94 103 113
3 91 112 103
3 90 113 112
3 103 112 113
3 91 101 115
3 85 114 101
3 92 115 114
3 101 114 115
3 87 116 118
3 93 117 116
3 88 118 117
3 116 117 118
3 87 118 120
3 88 119 118
3 86 120 119
3 118 119 120
3 87 120 122
3 86 121 120
3 90 122 121
3 120 121 122
3 87 122 124
3 90 123 122
3 92 124 123
3 122 123 124
3 87 124 116
3 92 125 124
3 93 116 125
3 124 125 116
3 88 117 109
3 93 106 117
3 89 109 106
3 117 106 109
3 86 119 111
3 88 108 119
3 95 111 108
3 119 108 111
3 90 121 113
3 86 110 121
3 94 113 110
3 121 110 113
3 92 123 115
3 90 112 123
3 91 115 112
3 123 112 115
3 93 125 107
3 92 114 125
3 85 107 114
3 125 114 107
3 126 138 140
3 137 139 138
3 131 140 139
3 138 139 140
3 126 140 142
3 131 141 140
3 127 142 141
3 140 141 142
3 126 142 144
3 127 143 142
3 133 144 143
3 142 143 144
3 126 144 146
3 133 145 144
3 136 146 145
3 144 145 146
3 126 146 138
3 136 147 146
3 137 138 147
3 146 147 138
3 127 141 149
3 131 148 141
3 135 149 148
3 141 148 149
3 131 139 151
3 137 150 139
3 130 151 150
3 139 150 151
3 137 147 153
3 136 152 147
3 128 153 152
3 147 152 153
3 136 145 155
3 133 154 145
3 132 155 154
3 145 154 155
3 133 143 157
3 127 156 143
3 134 157 156
3 143 156 157
3 129 158 160
3 135 159 158
3 130 160 159
3 158 159 160
3 129 160 162
3 130 161 160
3 128 162 161
3 160 161 162
3 129 162 164
3 128 163 162
3 132 164 163
3 162 163 164
3 129 164 166
3 132 165 164
3 134 166 165
3 164 165 166
3 129 166 158
3 134 167 166
3 135 158 167
3 166 167 158
3 130 159 151
3 135 148 159
3 131 151 148
3 159 148 151
3 128 161 153
3 130 150 161
3 137 153 150
3 161 150 153
3 132 163 155
3 128 152 163
3 136 155 152
3 163 152 155
3 134 165 157
3 132 154 165
3 133 157 154
3 165 154 157
3 135 167 149
3 134 156 167
3 127 149 156
3 167 156 149
3 168 180 182
3 179 181 180
3 173 182 181
3 180 181 182
3 168 182 184
3 173 183 182
3 169 184 183
3 182 183 184
3 168 184 186
3 169 185 184
3 175 186 185
3 184 185 186
3 168 186 188
3 175 187 186
3 178 188 187
3 186 187 188
3 168 188 180
3 178 189 188
3 179 180 189
3 188 189 180
3 169 183 191
3 173 190 183
3 177 191 190
3 183 190 191
3 173 181 193
3 179 192 181
3 172 193 192
3 181 192 193
3 179 189 195
3 178 194 189
3 170 195 194
3 189 194 195
3 178 187 197
3 175 196 187
3 174 197 196
3 187 196 197
3 175 185 199
3 169 198 185
3 176 199 198
3 185 198 199
3 171 200 202
3 177 201 200
3 172 202 201
3 200 201 202
3 171 202 204
3 172 203 202
3 170 204 203
3 202 203 204
3 171 204 206
3 170 205 204
3 174 206 205
3 204 205 206
3 171 206 208
3 174 207 206
3 176 208 207
3 206 207 208
3 171 208 200
3 176 209 208
3 177 200 209
3 208 209 200
3 172 201 193
3 177 190 201
3 173 193 190
3 201 190 193
3 170 203 195
3 172 192 203
3 179 195 192
3 203 192 195
3 174 205 197
3 170 194 205
3 178 197 194
3 205 194 197
3 176 207 199
3 174 196 207
3 175 199 196
3 207 196 199
3 177 209 191
3 176 198 209
3 169 191 198
3 209 198 191
3 210 222 224
3 221 223 222
3 215 224 223
3 222 223 224
3 210 224 226
3 215 225 224
3 211 226 225
3 224 225 226
3 210 226 228
3 211 227 226
3 217 228 227
3 226 227 228
3 210 228 230
3 217 229 228
3 220 230 229
3 228 229 230
3 210 230 222
3 220 231 230
3 221 222 231
3 230 231 222
3 211 225 233
3 215 232 225
3 219 233 232
3 225 232 233
3 215 223 235
3 221 234 223
3 214 235 234
3 223 234 235
3 221 231 237
3 220 236 231
3 212 237 236
3 231 236 237
3 220 229 239
3 217 238 229
3 216 239 238
3 229 238 239
3 217 227 241
3 211 240 227
3 218 241 240
3 227 240 241
3 213 242 244
3 219 243 242
3 214 244 243
3 242 243 244
3 213 244 246
3 214 245 244
3 212 246 245
3 244 245 246
3 213 246 248
3 212 247 246
3 216 248 247
3 246 247 248
3 213 248 250
3 216 249 248
3 218 250 249
3 248 249 250
3 213 250 242
3 218 251 250
3 219 242 251
3 250 251 242
3 214 243 235
3 219 232 243
3 215 235 232
3 243 232 235
3 212 245 237
3 214 234 245
3 221 237 234
3 245 234 237
3 216 247 239
3 212 236 247
3 220 239 236
3 247 236 239
3 218 249 241
3 216 238 249
3 217 241 238
3 249 238 241
3 219 251 233
3 218 240 251
3 211 233 240
3 251 240 233
3 252 264 266
3 263 265 264
3 257 266 265
3 264 265 266
3 252 266 268
3 257 267 266
3 253 268 267
3 266 267 268
3 252 268 270
3 253 269 268
3 259 270 269
3 268 269 270
3 252 270 272
3 259 271 270
3 262 272 271
3 270 271 272
3 252 272 264
3 262 273 272
3 263 264 273
3 272 273 264
3 253 267 275
3 257 274 267
3 261 275 274
3 267 274 275
3 257 265 277
3 263 276 265
3 256 277 276
3 265 276 277
3 263 273 279
3 262 278 273
3 254 279 278
3 273 278 279
3 262 271 281
3 259 280 271
3 258 281 280
3 271 280 281
3 259 269 283
3 253 282 269
3 260 283 282
3 269 282 283
3 255 284 286
3 261 285 284
3 256 286 285
3 284 285 286
3 255 286 288
3 256 287 286
3 254 288 287
3 286 287 288
3 255 288 290
3 254 289 288
3 258 290 289
3 288 289 290
3 255 290 292
3 258 291 290
3 260 292 291
3 290 291 292
3 255 292 284
3 260 293 292
3 261 284 293
3 292 293 284
3 256 285 277
3 261 274 285
3 257 277 274
3 285 274 277
3 254 287 279
3 256 276 287
3 263 279 276
3 287 276 279
3 258 289 281
3 254 278 289
3 262 281 278
3 289 278 281
3 260 291 283
3 258 280 291
3 259 283 280
3 291 280 283
3 261 293 275
3 260 282 293
3 253 275 282
3 293 282 275
3 294 306 308
3 305 307 306
3 299 308 307
3 306 307 308
3 294 308 310
3 299 309 308
3 295 310 309
3 308 309 310
3 294 310 312
3 295 311 310
3 301 312 311
3 310 311 312
3 294 312 314
3 301 313 312
3 304 314 313
3 312 313 314
3 294 314 306
3 304 315 314
3 305 306 315
3 314 315 306
3 295 309 317
3 299 316 309
3 303 317 316
3 309 316 317
3 299 307 319
3 305 318 307
3 298 319 318
3 307 318 319
3 305 315 321
3 304 320 315
3 296 321 320
3 315 320 321
3 304 313 323
3 301 322 313
3 300 323 322
3 313 322 323
3 301 311 325
3 295 324 311
3 302 325 324
3 311 324 325
3 297 326 328
3 303 327 326
3 298 328 327
3 326 327 328
3 297 328 330
3 298 329 328
3 296 330 329
3 328 329 330
3 297 330 332
3 296 331 330
3 300 332 331
3 330 331 332
3 297 332 334
3 300 333 332
3 302 334 333
3 332 333 334
3 297 334 326
3 302 335 334
3 303 326 335
3 334 335 326
3 298 327 319
3 303 316 327
3 299 319 316
3 327 316 319
3 296 329 321
3 298 318 329
3 305 321 318
3 329 318 321
3 300 331 323
3 296 320 331
3 304 323 320
3 331 320 323
3 302 333 325
3 300 322 333
3 301 325 322
3 333 322 325
3 303 335 317
3 302 324 335
3 295 317 324
3 335 324 317
3 336 348 350
3 347 349 348
3 341 350 349
3 348 349 350
3 336 350 352
3 341 351 350
3 337 352 351
3 350 351 352
3 336 352 354
3 337 353 352
3 343 354 353
3 352 353 354
3 336 354 356
3 343 355 354
3 346 356 355
3 354 355 356
3 336 356 348
3 346 357 356
3 347 348 357
3 356 357 348
3 337 351 359
3 341 358 351
3 345 359 358
3 351 358 359
3 341 349 361
3 347 360 349
3 340 361 360
3 349 360 361
3 347 357 363
3 346 362 357
3 338 363 362
3 357 362 363
3 346 355 365
3 343 364 355
3 342 365 364
3 355 364 365
3 343 353 367
3 337 366 353
3 344 367 366
3 353 366 367
3 339 368 370
3 345 369 368
3 340 370 369
3 368 369 370
3 339 370 372
3 340 371 370
3 338 372 371
3 370 371 372
3 339 372 374
3 338 373 372
3 342 374 373
3 372 373 374
3 339 374 376
3 342 375 374
3 344 376 375
3 374 375 376
3 339 376 368
3 344 377 376
3 345 368 377
3 376 377 368
3 340 369 361
3 345 358 369
3 341 361 358
3 369 358 361
3 338 371 363
3 340 360 371
3 347 363 360
3 371 360 363
3 342 373 365
3 338 362 373
3 346 365 362
3 373 362 365
3 344 375 367
3 342 364 375
3 343 367 364
3 375 364 367
3 345 377 359
3 344 366 377
3 337 359 366
3 377 366 359
3 378 390 392
3 389 391 390
3 383 392 391
3 390 391 392
3 378 392 394
3 383 393 392
3 379 394 393
3 392 393 394
3 378 394 396
3 379 395 394
3 385 396 395
3 394 395 396
3 378 396 398
3 385 397 396
3 388 398 397
3 396 397 398
3 378 398 390
3 388 399 398
3 389 390 399
3 398 399 390
3 379 393 401
3 383 400 393
3 387 401 400
3 393 400 401
3 383 391 403
3 389 402 391
3 382 403 402
3 391 402 403
3 389 399 405
3 388 404 399
3 380 405 404
3 399 404 405
3 388 397 407
3 385 406 397
3 384 407 406
3 397 406 407
3 385 395 409
3 379 408 395
3 386 409 408
3 395 408 409
3 381 410 412
3 387 411 410
3 382 412 411
3 410 411 412
3 381 412 414
3 382 413 412
3 380 414 413
3 412 413 414
3 381 414 416
3 380 415 414
3 384 416 415
3 414 415 416
3 381 416 418
3 384 417 416
3 386 418 417
3 416 417 418
3 381 418 410
3 386 419 418
3 387 410 419
3 418 419 410
3 382 411 403
3 387 400 411
3 383 403 400
3 411 400 403
3 380 413 405
3 382 402 413
3 389 405 402
3 413 402 405
3 384 415 407
3 380 404 415
3 388 407 404
3 415 404 407
3 386 417 409
3 384 406 417
3 385 409 406
3 417 406 409
3 387 419 401
3 386 408 419
3 379 401 408
3 419 408 401
3 420 432 434
3 431 433 432
3 425 434 433
3 432 433 434
3 420 434 436
3 425 435 434
3 421 436 435
3 434 435 436
3 420 436 438
3 421 437 436
3 427 438 437
3 436 437 438
3 420 438 440
3 427 439 438
3 430 440 439
3 438 439 440
3 420 440 432
3 430 441 440
3 431 432 441
3 440 441 432
3 421 435 443
3 425 442 435
3 429 443 442
3 435 442 443
3 425 433 445
3 431 444 433
3 424 445 444
3 433 444 445
3 431 441 447
3 430 446 441
3 422 447 446
3 441 446 447
3 430 439 449
3 427 448 439
3 426 449 448
3 439 448 449
3 427 437 451
3 421 450 437
3 428 451 450
3 437 450 451
3 423 452 454
3 429 453 452
3 424 454 453
3 452 453 454
3 423 454 456
3 424 455 454
3 422 456 455
3 454 455 456
3 423 456 458
3 422 457 456
3 426 458 457
3 456 457 458
3 423 458 460
3 426 459 458
3 428 460 459
3 458 459 460
3 423 460 452
3 428 461 460
3 429 452 461
3 460 461 452
3 424 453 445
3 429 442 453
3 425 445 442
3 453 442 445
3 422 455 447
3 424 444 455
3 431 447 444
3 455 444 447
3 426 457 449
3 422 446 457
3 430 449 446
3 457 446 449
3 428 459 451
3 426 448 459
3 427 451 448
3 459 448 451
3 429 461 443
3 428 450 461
3 421 443 450
3 461 450 443
3 462 474 476
3 473 475 474
3 467 476 475
3 474 475 476
3 462 476 478
3 467 477 476
3 463 478 477
3 476 477 478
3 462 478 480
3 463 479 478
3 469 480 479
3 478 479 480
3 462 480 482
3 469 481 480
3 472 482 481
3 480 481 482
3 462 482 474
3 472 483 482
3 473 474 483
3 482 483 474
3 463 477 485
3 467 484 477
3 471 485 484
3 477 484 485
3 467 475 487
3 473 486 475
3 466 487 486
3 475 486 487
3 473 483 489
3 472 488 483
3 464 489 488
3 483 488 489
3 472 481 491
3 469 490 481
3 468 491 490
3 481 490 491
3 469 479 493
3 463 492 479
3 470 493 492
3 479 492 493
3 465 494 496
3 471 495 494
3 466 496 495
3 494 495 496
3 465 496 498
3 466 497 496
3 464 498 497
3 496 497 498
3 465 498 500
3 464 499 498
3 468 500 499
3 498 499 500
3 465 500 502
3 468 501 500
3 470 502 501
3 500 501 502
3 465 502 494
3 470 503 502
3 471 494 503
3 502 503 494
3 466 495 487
3 471 484 495
3 467 487 484
3 495 484 487
3 464 497 489
3 466 486 497
3 473 489 486
3 497 486 489
3 468 499 491
3 464 488 499
3 472 491 488
3 499 488 491
3 470 501 493
3 468 490 501
3 469 493 490
3 501 490 493
3 471 503 485
3 470 492 503
3 463 485 492
3 503 492 485
3 504 516 518
3 515 517 516
3 509 518 517
3 516 517 518
3 504 518 520
3 509 519 518
3 505 520 519
3 518 519 520
3 504 520 522
3 505 521 520
3 511 522 521
3 520 521 522
3 504 522 524
3 511 523 522
3 514 524 523
3 522 523 524
3 504 524 516
3 514 525 524
3 515 516 525
3 524 525 516
3 505 519 527
3 509 526 519
3 513 527 526
3 519 526 527
3 509 517 529
3 515 528 517
3 508 529 528
3 517 528 529
3 515 525 531
3 514 530 525
3 506 531 530
3 525 530 531
3 514 523 533
3 511 532 523
3 510 533 532
3 523 532 533
3 511 521 535
3 505 534 521
3 512 535 534
3 521 534 535
3 507 536 538
3 513 537 536
3 508 538 537
3 536 537 538
3 507 538 540
3 508 539 538
3 506 540 539
3 538 539 540
3 507 540 542
3 506 541 540
3 510 542 541
3 540 541 542
3 507 542 544
3 510 543 542
3 512 544 543
3 542 543 544
3 507 544 536
3 512 545 544
3 513 536 545
3 544 545 536
3 508 537 529
3 513 526 537
3 509 529 526
3 537 526 529
3 506 539 531
3 508 528 539
3 515 531 528
3 539 528 531
3 510 541 533
3 506 530 541
3 514 533 530
3 541 530 533
3 512 543 535
3 510 532 543
3 511 535 532
3 543 532 535
3 513 545 527
3 512 534 545
3 505 527 534
3 545 534 527
3 546 558 560
3 557 559 558
3 551 560 559
3 558 559 560
3 546 560 562
3 551 561 560
3 547 562 561
3 560 561 562
3 546 562 564
3 547 563 562
3 553 564 563
3 562 563 564
3 546 564 566
3 553 565 564
3 556 566 565
3 564 565 566
3 546 566 558
3 556 567 566
3 557 558 567
3 566 567 558
3 547 561 569
3 551 568 561
3 555 569 568
3 561 568 569
3 551 559 571
3 557 570 559
3 550 571 570
3 559 570 571
3 557 567 573
3 556 572 567
3 548 573 572
3 567 572 573
3 556 565 575
3 553 574 565
3 552 575 574
3 565 574 575
3 553 563 577
3 547 576 563
3 554 577 576
3 563 576 577
3 549 578 580
3 555 579 578
3 550 580 579
3 578 579 580
3 549 580 582
3 550 581 580
3 548 582 581
3 580 581 582
3 549 582 584
3 548 583 582
3 552 584 583
3 582 583 584
3 549 584 586
3 552 585 584
3 554 586 585
3 584 585 586
3 549 586 578
3 554 587 586
3 555 578 587
3 586 587 578
3 550 579 571
3 555 568 579
3 551 571 568
3 579 568 571
3 548 581 573
3 550 570 581
3 557 573 570
3 581 570 573
3 552 583 575
3 548 572 583
3 556 575 572
3 583 572 575
3 554 585 577
3 552 574 585
3 553 577 574
3 585 574 577
3 555 587 569
3 554 576 587
3 547 569 576
3 587 576 569
3 588 600 602
3 599 601 600
3 593 602 601
3 600 601 602
3 588 602 604
3 593 603 602
3 589 604 603
3 602 603 604
3 588 604 606
3 589 605 604
3 595 606 605
3 604 605 606
3 588 606 608
3 595 607 606
3 598 608 607
3 606 607 608
3 588 608 600
3 598 609 608
3 599 600 609
3 608 609 600
3 589 603 611
3 593 610 603
3 597 611 610
3 603 610 611
3 593 601 613
3 599 612 601
3 592 613 612
3 601 612 613
3 599 609 615
3 598 614 609
3 590 615 614
3 609 614 615
3 598 607 617
3 595 616 607
3 594 617 616
3 607 616 617
3 595 605 619
3 589 618 605
3 596 619 618
3 605 618 619
3 591 620 622
3 597 621 620
3 592 622 621
3 620 621 622
3 591 622 624
3 592 623 622
3 590 624 623
3 622 623 624
3 591 624 626
3 590 625 624
3 594 626 625
3 624 625 626
3 591 626 628
3 594 627 626
3 596 628 627
3 626 627 628
3 591 628 620
3 596 629 628
3 597 620 629
3 628 629 620
3 592 621 613
3 597 610 621
3 593 613 610
3 621 610 613
3 590 623 615
3 592 612 623
3 599 615 612
3 623 612 615
3 594 625 617
3 590 614 625
3 598 617 614
3 625 614 617
3 596 627 619
3 594 616 627
3 595 619 616
3 627 616 619
3 597 629 611
3 596 618 629
3 589 611 618
3 629 618 611
3 630 642 644
3 641 643 642
3 635 644 643
3 642 643 644
3 630 644 646
3 635 645 644
3 631 646 645
3 644 645 646
3 630 646 648
3 631 647 646
3 637 648 647
3 646 647 648
3 630 648 650
3 637 649 648
3 640 650 649
3 648 649 650
3 630 650 642
3 640 651 650
3 641 642 651
3 650 651 642
3 631 645 653
3 635 652 645
3 639 653 652
3 645 652 653
3 635 643 655
3 641 654 643
3 634 655 654
3 643 654 655
3 641 651 657
3 640 656 651
3 632 657 656
3 651 656 657
3 640 649 659
3 637 658 649
3 636 659 658
3 649 658 659
3 637 647 661
3 631 660 647
3 638 661 660
3 647 660 661
3 633 662 664
3 639 663 662
3 634 664 663
3 662 663 664
3 633 664 666
3 634 665 664
3 632 666 665
3 664 665 666
3 633 666 668
3 632 667 666
3 636 668 667
3 666 667 668
3 633 668 670
3 636 669 668
3 638 670 669
3 668 669 670
3 633 670 662
3 638 671 670
3 639 662 671
3 670 671 662
3 634 663 655
3 639 652 663
3 635 655 652
3 663 652 655
3 632 665 657
3 634 654 665
3 641 657 654
3 665 654 657
3 636 667 659
3 632 656 667
3 640 659 656
3 667 656 659
3 638 669 661
3 636 658 669
3 637 661 658
3 669 658 661
3 639 671 653
3 638 660 671
3 631 653 660
3 671 660 653
3 672 684 686
3 683 685 684
3 677 686 685
3 684 685 686
3 672 686 688
3 677 687 686
3 673 688 687
3 686 687 688
3 672 688 690
3 673 689 688
3 679 690 689
3 688 689 690
3 672 690 692
3 679 691 690
3 682 692 691
3 690 691 692
3 672 692 684
3 682 693 692
3 683 684 693
3 692 693 684
3 673 687 695
3 677 694 687
3 681 695 694
3 687 694 695
3 677 685 697
3 683 696 685
3 676 697 696
3 685 696 697
3 683 693 699
3 682 698 693
3 674 699 698
3 693 698 699
3 682 691 701
3 679 700 691
3 678 701 700
3 691 700 701
3 679 689 703
3 673 702 689
3 680 703 702
3 689 702 703
3 675 704 706
3 681 705 704
3 676 706 705
3 704 705 706
3 675 706 708
3 676 707 706
3 674 708 707
3 706 707 708
3 675 708 710
3 674 709 708
3 678 710 709
3 708 709 710
3 675 710 712
3 678 711 710
3 680 712 711
3 710 711 712
3 675 712 704
3 680 713 712
3 681 704 713
3 712 713 704
3 676 705 697
3 681 694 705
3 677 697 694
3 705 694 697
3 674 707 699
3 676 696 707
3 683 699 696
3 707 696 699
3 678 709 701
3 674 698 709
3 682 701 698
3 709 698 701
3 680 711 703
3 678 700 711
3 679 703 700
3 711 700 703
3 681 713 695
3 680 702 713
3 673 695 702
3 713 702 695
3 714 726 728
3 725 727 726
3 719 728 727
3 726 727 728
3 714 728 730
3 719 729 728
3 715 730 729
3 728 729 730
3 714 730 732
3 715 731 730
3 721 732 731
3 730 731 732
3 714 732 734
3 721 733 732
3 724 734 733
3 732 733 734
3 714 734 726
3 724 735 734
3 725 726 735
3 734 735 726
3 715 729 737
3 719 736 729
3 723 737 736
3 729 736 737
3 719 727 739
3 725 738 727
3 718 739 738
3 727 738 739
3 725 735 741
3 724 740 735
3 716 741 740
3 735 740 741
3 724 733 743
3 721 742 733
3 720 743 742
3 733 742 743
3 721 731 745
3 715 744 731
3 722 745 744
3 731 744 745
3 717 746 748
3 723 747 746
3 718 748 747
3 746 747 748
3 717 748 750
3 718 749 748
3 716 750 749
3 748 749 750
3 717 750 752
3 716 751 750
3 720 752 751
3 750 751 752
3 717 752 754
3 720 753 752
3 722 754 753
3 752 753 754
3 717 754 746
3 722 755 754
3 723 746 755
3 754 755 746
3 718 747 739
3 723 736 747
3 719 739 736
3 747 736 739
3 716 749 741
3 718 738 749
3 725 741 738
3 749 738 741
3 720 751 743
3 716 740 751
3 724 743 740
3 751 740 743
3 722 753 745
3 720 742 753
3 721 745 742
3 753 742 745
3 723 755 737
3 722 744 755
3 715 737 744
3 755 744 737
3 756 768 770
3 767 769 768
3 761 770 769
3 768 769 770
3 756 770 772
3 761 771 770
3 757 772 771
3 770 771 772
3 756 772 774
3 757 773 772
3 763 774 773
3 772 773 774
3 756 774 776
3 763 775 774
3 766 776 775
3 774 775 776
3 756 776 768
3 766 777 776
3 767 768 777
3 776 777 768
3 757 771 779
3 761 778 771
3 765 779 778
3 771 778 779
3 761 769 781
3 767 780 769
3 760 781 780
3 769 780 781
3 767 777 783
3 766 782 777
3 758 783 782
3 777 782 783
3 766 775 785
3 763 784 775
3 762 785 784
3 775 784 785
3 763 773 787
3 757 786 773
3 764 787 786
3 773 786 787
3 759 788 790
3 765 789 788
3 760 790 789
3 788 789 790
3 759 790 792
3 760 791 790
3 758 792 791
3 790 791 792
3 759 792 794
3 758 793 792
3 762 794 793
3 792 793 794
3 759 794 796
3 762 795 794
3 764 796 795
3 794 795 796
3 759 796 788
3 764 797 796
3 765 788 797
3 796 797 788
3 760 789 781
3 765 778 789
3 761 781 778
3 789 778 781
3 758 791 783
3 760 780 791
3 767 783 780
3 791 780 783
3 762 793 785
3 758 782 793
3 766 785 782
3 793 782 785
3 764 795 787
3 762 784 795
3 763 787 784
3 795 784 787
3 765 797 779
3 764 786 797
3 757 779 786
3 797 786 779
3 798 810 812
3 809 811 810
3 803 812 811
3 810 811 812
3 798 812 814
3 803 813 812
3 799 814 813
3 812 813 814
3 798 814 816
3 799 815 814
3 805 816 815
3 814 815 816
3 798 816 818
3 805 817 816
3 808 818 817
3 816 817 818
3 798 818 810
3 808 819 818
3 809 810 819
3 818 819 810
3 799 813 821
3 803 820 813
3 807 821 820
3 813 820 821
3 803 811 823
3 809 822 811
3 802 823 822
3 811 822 823
3 809 819 825
3 808 824 819
3 800 825 824
3 819 824 825
3 808 817 827
3 805 826 817
3 804 827 826
3 817 826 827
3 805 815 829
3 799 828 815
3 806 829 828
3 815 828 829
3 801 830 832
3 807 831 830
3 802 832 831
3 830 831 832
3 801 832 834
3 802 833 832
3 800 834 833
3 832 833 834
3 801 834 836
3 800 835 834
3 804 836 835
3 834 835 836
3 801 836 838
3 804 837 836
3 806 838 837
3 836 837 838
3 801 838 830
3 806 839 838
3 807 830 839
3 838 839 830
3 802 831 823
3 807 820 831
3 803 823 820
3 831 820 823
3 800 833 825
3 802 822 833
3 809 825 822
3 833 822 825
3 804 835 827
3 800 824 835
3 808 827 824
3 835 824 827
3 806 837 829
3 804 826 837
3 805 829 826
3 837 826 829
3 807 839 821
3 806 828 839
3 799 821 828
3 839 828 821
3 840 852 854
3 851 853 852
3 845 854 853
3 852 853 854
3 840 854 856
3 845 855 854
3 841 856 855
3 854 855 856
3 840 856 858
3 841 857 856
3 847 858 857
3 856 857 858
3 840 858 860
3 847 859 858
3 850 860 859
3 858 859 860
3 840 860 852
3 850 861 860
3 851 852 861
3 860 861 852
3 841 855 863
3 845 862 855
3 849 863 862
3 855 862 863
3 845 853 865
3 851 864 853
3 844 865 864
3 853 864 865
3 851 861 867
3 850 866 861
3 842 867 866
3 861 866 867
3 850 859 869
3 847 868 859
3 846 869 868
3 859 868 869
3 847 857 871
3 841 870 857
3 848 871 870
3 857 870 871
3 843 872 874
3 849 873 872
3 844 874 873
3 872 873 874
3 843 874 876
3 844 875 874
3 842 876 875
3 874 875 876
3 843 876 878
3 842 877 876
3 846 878 877
3 876 877 878
3 843 878 880
3 846 879 878
3 848 880 879
3 878 879 880
3 843 880 872
3 848 881 880
3 849 872 881
3 880 881 872
3 844 873 865
3 849 862 873
3 845 865 862
3 873 862 865
3 842 875 867
3 844 864 875
3 851 867 864
3 875 864 867
3 846 877 869
3 842 866 877
3 850 869 866
3 877 866 869
3 848 879 871
3 846 868 879
3 847 871 868
3 879 868 871
3 849 881 863
3 848 870 881
3 841 863 870
3 881 870 863
3 882 894 896
3 893 895 894
3 887 896 895
3 894 895 896
3 882 896 898
3 887 897 896
3 883 898 897
3 896 897 898
3 882 898 900
3 883 899 898
3 889 900 899
3 898 899 900
3 882 900 902
3 889 901 900
3 892 902 901
3 900 901 902
3 882 902 894
3 892 903 902
3 893 894 903
3 902 903 894
3 883 897 905
3 887 904 897
3 891 905 904
3 897 904 905
3 887 895 907
3 893 906 895
3 886 907 906
3 895 906 907
3 893 903 909
3 892 908 903
3 884 909 908
3 903 908 909
3 892 901 911
3 889 910 901
3 888 911 910
3 901 910 911
3 889 899 913
3 883 912 899
3 890 913 912
3 899 912 913
3 885 914 916
3 891 915 914
3 886 916 915
3 914 915 916
3 885 916 918
3 886 917 916
3 884 918 917
3 916 917 918
3 885 918 920
3 884 919 918
3 888 920 919
3 918 919 920
3 885 920 922
3 888 921 920
3 890 922 921
3 920 921 922
3 885 922 914
3 890 923 922
3 891 914 923
3 922 923 914
3 886 915 907
3 891 904 915
3 887 907 904
3 915 904 907
3 884 917 909
3 886 906 917
3 893 909 906
3 917 906 909
3 888 919 911
3 884 908 919
3 892 911 908
3 919 908 911
3 890 921 913
3 888 910 921
3 889 913 910
3 921 910 913
3 891 923 905
3 890 912 923
3 883 905 912
3 923 912 905
3 924 936 938
3 935 937 936
3 929 938 937
3 936 937 938
3 924 938 940
3 929 939 938
3 925 940 939
3 938 939 940
3 924 940 942
3 925 941 940
3 931 942 941
3 940 941 942
3 924 942 944
3 931 943 942
3 934 944 943
3 942 943 944
3 924 944 936
3 934 945 944
3 935 936 945
3 944 945 936
3 925 939 947
3 929 946 939
3 933 947 946
3 939 946 947
3 929 937 949
3 935 948 937
3 928 949 948
3 937 948 949
3 935 945 951
3 934 950 945
3 926 951 950
3 945 950 951
3 934 943 953
3 931 952 943
3 930 953 952
3 943 952 953
3 931 941 955
3 925 954 941
3 932 955 954
3 941 954 955
3 927 956 958
3 933 957 956
3 928 958 957
3 956 957 958
3 927 958 960
3 928 959 958
3 926 960 959
3 958 959 960
3 927 960 962
3 926 961 960
3 930 962 961
3 960 961 962
3 927 962 964
3 930 963 962
3 932 964 963
3 962 963 964
3 927 964 956
3 932 965 964
3 933 956 965
3 964 965 956
3 928 957 949
3 933 946 957
3 929 949 946
3 957 946 949
3 926 959 951
3 928 948 959
3 935 951 948
3 959 948 951
3 930 961 953
3 926 950 961
3 934 953 950
3 961 950 953
3 932 963 955
3 930 952 963
3 931 955 952
3 963 952 955
3 933 965 947
3 932 954 965
3 925 947 954
3 965 954 947
3 966 978 980
3 977 979 978
3 971 980 979
3 978 979 980
3 966 980 982
3 971 981 980
3 967 982 981
3 980 981 982
3 966 982 984
3 967 983 982
3 973 984 983
3 982 983 984
3 966 984 986
3 973 985 984
3 976 986 985
3 984 985 986
3 966 986 978
3 976 987 986
3 977 978 987
3 986 987 978
3 967 981 989
3 971 988 981
3 975 989 988
3 981 988 989
3 971 979 991
3 977 990 979
3 970 991 990
3 979 990 991
3 977 987 993
3 976 992 987
3 968 993 992
3 987 992 993
3 976 985 995
3 973 994 985
3 972 995 994
3 985 994 995
3 973 983 997
3 967 996 983
3 974 997 996
3 983 996 997
3 969 998 1000
3 975 999 998
3 970 1000 999
3 998 999 1000
3 969 1000 1002
3 970 1001 1000
3 968 1002 1001
3 1000 1001 1002
3 969 1002 1004
3 968 1003 1002
3 972 1004 1003
3 1002 1003 1004
3 969 1004 1006
3 972 1005 1004
3 974 1006 1005
3 1004 1005 1006
3 969 1006 998
3 974 1007 1006
3 975 998 1007
3 1006 1007 998
3 970 999 991
3 975 988 999
3 971 991 988
3 999 988 991
3 968 1001 993
3 970 990 1001
3 977 993 990
3 1001 990 993
3 972 1003 995
3 968 992 1003
3 976 995 992
3 1003 992 995
3 974 1005 997
3 972 994 1005
3 973 997 994
3 1005 994 997
3 975 1007 989
3 974 996 1007
3 967 989 996
3 1007 996 989
3 1008 1020 1022
3 1019 1021 1020
3 1013 1022 1021
3 1020 1021 1022
3 1008 1022 1024
3 1013 1023 1022
3 1009 1024 1023
3 1022 1023 1024
3 1008 1024 1026
3 1009 1025 1024
3 1015 1026 1025
3 1024 1025 1026
3 1008 1026 1028
3 1015 1027 1026
3 1018 1028 1027
3 1026 1027 1028
3 1008 1028 1020
3 1018 1029 1028
3 1019 1020 1029
3 1028 1029 1020
3 1009 1023 1031
3 1013 1030 1023
3 1017 1031 1030
3 1023 1030 1031
3 1013 1021 1033
3 1019 1032 1021
3 1012 1033 1032
3 1021 1032 1033
3 1019 1029 1035
3 1018 1034 1029
3 1010 1035 1034
3 1029 1034 1035
3 1018 1027 1037
3 1015 1036 1027
3 1014 1037 1036
3 1027 1036 1037
3 1015 1025 1039
3 1009 1038 1025
3 1016 1039 1038
3 1025 1038 1039
3 1011 1040 1042
3 1017 1041 1040
3 1012 1042 1041
3 1040 1041 1042
3 1011 1042 1044
3 1012 1043 1042
3 1010 1044 1043
3 1042 1043 1044
3 1011 1044 1046
3 1010 1045 1044
3 1014 1046 1045
3 1044 1045 1046
3 1011 1046 1048
3 1014 1047 1046
3 1016 1048 1047
3 1046 1047 1048
3 1011 1048 1040
3 1016 1049 1048
3 1017 1040 1049
3 1048 1049 1040
3 1012 1041 1033
3 1017 1030 1041
3 1013 1033 1030
3 1041 1030 1033
3 1010 1043 1035
3 1012 1032 1043
3 1019 1035 1032
3 1043 1032 1035
3 1014 1045 1037
3 1010 1034 1045
3 1018 1037 1034
3 1045 1034 1037
3 1016 1047 1039
3 1014 1036 1047
3 1015 1039 1036
3 1047 1036 1039
3 1017 1049 1031
3 1016 1038 1049
3 1009 1031 1038
3 1049 1038 1031
3 1050 1062 1064
3 1061 1063 1062
3 1055 1064 1063
3 1062 1063 1064
3 1050 1064 1066
3 1055 1065 1064
3 1051 1066 1065
3 1064 1065 1066
3 1050 1066 1068
3 1051 1067 1066
3 1057 1068 1067
3 1066 1067 1068
3 1050 1068 1070
3 1057 1069 1068
3 1060 1070 1069
3 1068 1069 1070
3 1050 1070 1062
3 1060 1071 1070
3 1061 1062 1071
3 1070 1071 1062
3 1051 1065 1073
3 1055 1072 1065
3 1059 1073 1072
3 1065 1072 1073
3 1055 1063 1075
3 1061 1074 1063
3 1054 1075 1074
3 1063 1074 1075
3 1061 1071 1077
3 1060 1076 1071
3 1052 1077 1076
3 1071 1076 1077
3 1060 1069 1079
3 1057 1078 1069
3 1056 1079 1078
3 1069 1078 1079
3 1057 1067 1081
3 1051 1080 1067
3 1058 1081 1080
3 1067 1080 1081
3 1053 1082 1084
3 1059 1083 1082
3 1054 1084 1083
3 1082 1083 1084
3 1053 1084 1086
3 1054 1085 1084
3 1052 1086 1085
3 1084 1085 1086
3 1053 1086 1088
3 1052 1087 1086
3 1056 1088 1087
3 1086 1087 1088
3 1053 1088 1090
3 1056 1089 1088
3 1058 1090 1089
3 1088 1089 1090
3 1053 1090 1082
3 1058 1091 1090
3 1059 1082 1091
3 1090 1091 1082
3 1054 1083 1075
3 1059 1072 1083
3 1055 1075 1072
3 1083 1072 1075
3 1052 1085 1077
3 1054 1074 1085
3 1061 1077 1074
3 1085 1074 1077
3 1056 1087 1079
3 1052 1076 1087
3 1060 1079 1076
3 1087 1076 1079
3 1058 1089 1081
3 1056 1078 1089
3 1057 1081 1078
3 1089 1078 1081
3 1059 1091 1073
3 1058 1080 1091
3 1051 1073 1080
3 1091 1080 1073
3 1092 1104 1106
3 1103 1105 1104
3 1097 1106 1105
3 1104 1105 1106
3 1092 1106 1108
3 1097 1107 1106
3 1093 1108 1107
3 1106 1107 1108
3 1092 1108 1110
3 1093 1109 1108
3 1099 1110 1109
3 1108 1109 1110
3 1092 1110 1112
3 1099 1111 1110
3 1102 1112 1111
3 1110 1111 1112
3 1092 1112 1104
3 1102 1113 1112
3 1103 1104 1113
3 1112 1113 1104
3 1093 1107 1115
3 1097 1114 1107
3 1101 1115 1114
3 1107 1114 1115
3 1097 1105 1117
3 1103 1116 1105
3 1096 1117 1116
3 1105 1116 1117
3 1103 1113 1119
3 1102 1118 1113
3 1094 1119 1118
3 1113 1118 1119
3 1102 1111 1121
3 1099 1120 1111
3 1098 1121 1120
3 1111 1120 1121
3 1099 1109 1123
3 1093 1122 1109
3 1100 1123 1122
3 1109 1122 1123
3 1095 1124 1126
3 1101 1125 1124
3 1096 1126 1125
3 1124 1125 1126
3 1095 1126 1128
3 1096 1127 1126
3 1094 1128 1127
3 1126 1127 1128
3 1095 1128 1130
3 1094 1129 1128
3 1098 1130 1129
3 1128 1129 1130
3 1095 1130 1132
3 1098 1131 1130
3 1100 1132 1131
3 1130 1131 1132
3 1095 1132 1124
3 1100 1133 1132
3 1101 1124 1133
3 1132 1133 1124
3 1096 1125 1117
3 1101 1114 1125
3 1097 1117 1114
3 1125 1114 1117
3 1094 1127 1119
3 1096 1116 1127
3 1103 1119 1116
3 1127 1116 1119
3 1098 1129 1121
3 1094 1118 1129
3 1102 1121 1118
3 1129 1118 1121
3 1100 1131 1123
3 1098 1120 1131
3 1099 1123 1120
3 1131 1120 1123
3 1101 1133 1115
3 1100 1122 1133
3 1093 1115 1122
3 1133 1122 1115
3 1134 1146 1148
3 1145 1147 1146
3 1139 1148 1147
3 1146 1147 1148
3 1134 1148 1150
3 1139 1149 1148
3 1135 1150 1149
3 1148 1149 1150
3 1134 1150 1152
3 1135 1151 1150
3 1141 1152 1151
3 1150 1151 1152
3 1134 1152 1154
3 1141 1153 1152
3 1144 1154 1153
3 1152 1153 1154
3 1134 1154 1146
3 1144 1155 1154
3 1145 1146 1155
3 1154 1155 1146
3 1135 1149 1157
3 1139 1156 1149
3 1143 1157 1156
3 1149 1156 1157
3 1139 1147 1159
3 1145 1158 1147
3 1138 1159 1158
3 1147 1158 1159
3 1145 1155 1161
3 1144 1160 1155
3 1136 1161 1160
3 1155 1160 1161
3 1144 1153 1163
3 1141 1162 1153
3 1140 1163 1162
3 1153 1162 1163
3 1141 1151 1165
3 1135 1164 1151
3 1142 1165 1164
3 1151 1164 1165
3 1137 1166 1168
3 1143 1167 1166
3 1138 1168 1167
3 1166 1167 1168
3 1137 1168 1170
3 1138 1169 1168
3 1136 1170 1169
3 1168 1169 1170
3 1137 1170 1172
3 1136 1171 1170
3 1140 1172 1171
3 1170 1171 1172
3 1137 1172 1174
3 1140 1173 1172
3 1142 1174 1173
3 1172 1173 1174
3 1137 1174 1166
3 1142 1175 1174
3 1143 1166 1175
3 1174 1175 1166
3 1138 1167 1159
3 1143 1156 1167
3 1139 1159 1156
3 1167 1156 1159
3 1136 1169 1161
3 1138 1158 1169
3 1145 1161 1158
3 1169 1158 1161
3 1140 1171 1163
3 1136 1160 1171
3 1144 1163 1160
3 1171 1160 1163
3 1142 1173 1165
3 1140 1162 1173
3 1141 1165 1162
3 1173 1162 1165
3 1143 1175 1157
3 1142 1164 1175
3 1135 1157 1164
3 1175 1164 1157
3 1176 1188 1190
3 1187 1189 1188
3 1181 1190 1189
3 1188 1189 1190
3 1176 1190 1192
3 1181 1191 1190
3 1177 1192 1191
3 1190 1191 1192
3 1176 1192 1194
3 1177 1193 1192
3 1183 1194 1193
3 1192 1193 1194
3 1176 1194 1196
3 1183 1195 1194
3 1186 1196 1195
3 1194 1195 1196
3 1176 1196 1188
3 1186 1197 1196
3 1187 1188 1197
3 1196 1197 1188
3 1177 1191 1199
3 1181 1198 1191
3 1185 1199 1198
3 1191 1198 1199
3 1181 1189 1201
3 1187 1200 1189
3 1180 1201 1200
3 1189 1200 1201
3 1187 1197 1203
3 1186 1202 1197
3 1178 1203 1202
3 1197 1202 1203
3 1186 1195 1205
3 1183 1204 1195
3 1182 1205 1204
3 1195 1204 1205
3 1183 1193 1207
3 1177 1206 1193
3 1184 1207 1206
3 1193 1206 1207
3 1179 1208 1210
3 1185 1209 1208
3 1180 1210 1209
3 1208 1209 1210
3 1179 1210 1212
3 1180 1211 1210
3 1178 1212 1211
3 1210 1211 1212
3 1179 1212 1214
3 1178 1213 1212
3 1182 1214 1213
3 1212 1213 1214
3 1179 1214 1216
3 1182 1215 1214
3 1184 1216 1215
3 1214 1215 1216
3 1179 1216 1208
3 1184 1217 1216
3 1185 1208 1217
3 1216 1217 1208
3 1180 1209 1201
3 1185 1198 1209
3 1181 1201 1198
3 1209 1198 1201
3 1178 1211 1203
3 1180 1200 1211
3 1187 1203 1200
3 1211 1200 1203
3 1182 1213 1205
3 1178 1202 1213
3 1186 1205 1202
3 1213 1202 1205
3 1184 1215 1207
3 1182 1204 1215
3 1183 1207 1204
3 1215 1204 1207
3 1185 1217 1199
3 1184 1206 1217
3 1177 1199 1206
3 1217 1206 1199
3 1218 1230 1232
3 1229 1231 1230
3 1223 1232 1231
3 1230 1231 1232
3 1218 1232 1234
3 1223 1233 1232
3 1219 1234 1233
3 1232 1233 1234
3 1218 1234 1236
3 1219 1235 1234
3 1225 1236 1235
3 1234 1235 1236
3 1218 1236 1238
3 1225 1237 1236
3 1228 1238 1237
3 1236 1237 1238
3 1218 1238 1230
3 1228 1239 1238
3 1229 1230 1239
3 1238 1239 1230
3 1219 1233 1241
3 1223 1240 1233
3 1227 1241 1240
3 1233 1240 1241
3 1223 1231 1243
3 1229 1242 1231
3 1222 1243 1242
3 1231 1242 1243
3 1229 1239 1245
3 1228 1244 1239
3 1220 1245 1244
3 1239 1244 1245
3 1228 1237 1247
3 1225 1246 1237
3 1224 1247 1246
3 1237 1246 1247
3 1225 1235 1249
3 1219 1248 1235
3 1226 1249 1248
3 1235 1248 1249
3 1221 1250 1252
3 1227 1251 1250
3 1222 1252 1251
3 1250 1251 1252
3 1221 1252 1254
3 1222 1253 1252
3 1220 1254 1253
3 1252 1253 1254
3 1221 1254 1256
3 1220 1255 1254
3 1224 1256 1255
3 1254 1255 1256
3 1221 1256 1258
3 1224 1257 1256
3 1226 1258 1257
3 1256 1257 1258
3 1221 1258 1250
3 1226 1259 1258
3 1227 1250 1259
3 1258 1259 1250
3 1222 1251 1243
3 1227 1240 1251
3 1223 1243 1240
3 1251 1240 1243
3 1220 1253 1245
3 1222 1242 1253
3 1229 1245 1242
3 1253 1242 1245
3 1224 1255 1247
3 1220 1244 1255
3 1228 1247 1244
3 1255 1244 1247
3 1226 1257 1249
3 1224 1246 1257
3 1225 1249 1246
3 1257 1246 1249
3 1227 1259 1241
3 1226 1248 1259
3 1219 1241 1248
3 1259 1248 1241
3 1260 1272 1274
3 1271 1273 1272
3 1265 1274 1273
3 1272 1273 1274
3 1260 1274 1276
3 1265 1275 1274
3 1261 1276 1275
3 1274 1275 1276
3 1260 1276 1278
3 1261 1277 1276
3 1267 1278 1277
3 1276 1277 1278
3 1260 1278 1280
3 1267 1279 1278
3 1270 1280 1279
3 1278 1279 1280
3 1260 1280 1272
3 1270 1281 1280
3 1271 1272 1281
3 1280 1281 1272
3 1261 1275 1283
3 1265 1282 1275
3 1269 1283 1282
3 1275 1282 1283
3 1265 1273 1285
3 1271 1284 1273
3 1264 1285 1284
3 1273 1284 1285
3 1271 1281 1287
3 1270 1286 1281
3 1262 1287 1286
3 1281 1286 1287
3 1270 1279 1289
3 1267 1288 1279
3 1266 1289 1288
3 1279 1288 1289
3 1267 1277 1291
3 1261 1290 1277
3 1268 1291 1290
3 1277 1290 1291
3 1263 1292 1294
3 1269 1293 1292
3 1264 1294 1293
3 1292 1293 1294
3 1263 1294 1296
3 1264 1295 1294
3 1262 1296 1295
3 1294 1295 1296
3 1263 1296 1298
3 1262 1297 1296
3 1266 1298 1297
3 1296 1297 1298
3 1263 1298 1300
3 1266 1299 1298
3 1268 1300 1299
3 1298 1299 1300
3 1263 1300 1292
3 1268 1301 1300
3 1269 1292 1301
3 1300 1301 1292
3 1264 1293 1285
3 1269 1282 1293
3 1265 1285 1282
3 1293 1282 1285
3 1262 1295 1287
3 1264 1284 1295
3 1271 1287 1284
3 1295 1284 1287
3 1266 1297 1289
3 1262 1286 1297
3 1270 1289 1286
3 1297 1286 1289
3 1268 1299 1291
3 1266 1288 1299
3 1267 1291 1288
3 1299 1288 1291
3 1269 1301 1283
3 1268 1290 1301
3 1261 1283 1290
3 1301 1290 1283
3 1302 1314 1316
3 1313 1315 1314
3 1307 1316 1315
3 1314 1315 1316
3 1302 1316 1318
3 1307 1317 1316
3 1303 1318 1317
3 1316 1317 1318
3 1302 1318 1320
3 1303 1319 1318
3 1309 1320 1319
3 1318 1319 1320
3 1302 1320 1322
3 1309 1321 1320
3 1312 1322 1321
3 1320 1321 1322
3 1302 1322 1314
3 1312 1323 1322
3 1313 1314 1323
3 1322 1323 1314
3 1303 1317 1325
3 1307 1324 1317
3 1311 1325 1324
3 1317 1324 1325
3 1307 1315 1327
3 1313 1326 1315
3 1306 1327 1326
3 1315 1326 1327
3 1313 1323 1329
3 1312 1328 1323
3 1304 1329 1328
3 1323 1328 1329
3 1312 1321 1331
3 1309 1330 1321
3 1308 1331 1330
3 1321 1330 1331
3 1309 1319 1333
3 1303 1332 1319
3 1310 1333 1332
3 1319 1332 1333
3 1305 1334 1336
3 1311 1335 1334
3 1306 1336 1335
3 1334 1335 1336
3 1305 1336 1338
3 1306 1337 1336
3 1304 1338 1337
3 1336 1337 1338
3 1305 1338 1340
3 1304 1339 1338
3 1308 1340 1339
3 1338 1339 1340
3 1305 1340 1342
3 1308 1341 1340
3 1310 1342 1341
3 1340 1341 1342
3 1305 1342 1334
3 1310 1343 1342
3 1311 1334 1343
3 1342 1343 1334
3 1306 1335 1327
3 1311 1324 1335
3 1307 1327 1324
3 1335 1324 1327
3 1304 1337 1329
3 1306 1326 1337
3 1313 1329 1326
3 1337 1326 1329
3 1308 1339 1331
3 1304 1328 1339
3 1312 1331 1328
3 1339 1328 1331
3 1310 1341 1333
3 1308 1330 1341
3 1309 1333 1330
3 1341 1330 1333
3 1311 1343 1325
3 1310 1332 1343
3 1303 1325 1332
3 1343 1332 1325
3 1344 1356 1358
3 1355 1357 1356
3 1349 1358 1357
3 1356 1357 1358
3 1344 1358 1360
3 1349 1359 1358
3 1345 1360 1359
3 1358 1359 1360
3 1344 1360 1362
3 1345 1361 1360
3 1351 1362 1361
3 1360 1361 1362
3 1344 1362 1364
3 1351 1363 1362
3 1354 1364 1363
3 1362 1363 1364
3 1344 1364 1356
3 1354 1365 1364
3 1355 1356 1365
3 1364 1365 1356
3 1345 1359 1367
3 1349 1366 1359
3 1353 1367 1366
3 1359 1366 1367
3 1349 1357 1369
3 1355 1368 1357
3 1348 1369 1368
3 1357 1368 1369
3 1355 1365 1371
3 1354 1370 1365
3 1346 1371 1370
3 1365 1370 1371
3 1354 1363 1373
3 1351 1372 1363
3 1350 1373 1372
3 1363 1372 1373
3 1351 1361 1375
3 1345 1374 1361
3 1352 1375 1374
3 1361 1374 1375
3 1347 1376 1378
3 1353 1377 1376
3 1348 1378 1377
3 1376 1377 1378
3 1347 1378 1380
3 1348 1379 1378
3 1346 1380 1379
3 1378 1379 1380
3 1347 1380 1382
3 1346 1381 1380
3 1350 1382 1381
3 1380 1381 1382
3 1347 1382 1384
3 1350 1383 1382
3 1352 1384 1383
3 1382 1383 1384
3 1347 1384 1376
3 1352 1385 1384
3 1353 1376 1385
3 1384 1385 1376
3 1348 1377 1369
3 1353 1366 1377
3 1349 1369 1366
3 1377 1366 1369
3 1346 1379 1371
3 1348 1368 1379
3 1355 1371 1368
3 1379 1368 1371
3 1350 1381 1373
3 1346 1370 1381
3 1354 1373 1370
3 1381 1370 1373
3 1352 1383 1375
3 1350 1372 1383
3 1351 1375 1372
3 1383 1372 1375
3 1353 1385 1367
3 1352 1374 1385
3 1345 1367 1374
3 1385 1374 1367
3 1386 1398 1400
3 1397 1399 1398
3 1391 1400 1399
3 1398 1399 1400
3 1386 1400 1402
3 1391 1401 1400
3 1387 1402 1401
3 1400 1401 1402
3 1386 1402 1404
3 1387 1403 1402
3 1393 1404 1403
3 1402 1403 1404
3 1386 1404 1406
3 1393 1405 1404
3 1396 1406 1405
3 1404 1405 1406
3 1386 1406 1398
3 1396 1407 1406
3 1397 1398 1407
3 1406 1407 1398
3 1387 1401 1409
3 1391 1408 1401
3 1395 1409 1408
3 1401 1408 1409
3 1391 1399 1411
3 1397 1410 1399
3 1390 1411 1410
3 1399 1410 1411
3 1397 1407 1413
3 1396 1412 1407
3 1388 1413 1412
3 1407 1412 1413
3 1396 1405 1415
3 1393 1414 1405
3 1392 1415 1414
3 1405 1414 1415
3 1393 1403 1417
3 1387 1416 1403
3 1394 1417 1416
3 1403 1416 1417
3 1389 1418 1420
3 1395 1419 1418
3 1390 1420 1419
3 1418 1419 1420
3 1389 1420 1422
3 1390 1421 1420
3 1388 1422 1421
3 1420 1421 1422
3 1389 1422 1424
3 1388 1423 1422
3 1392 1424 1423
3 1422 1423 1424
3 1389 1424 1426
3 1392 1425 1424
3 1394 1426 1425
3 1424 1425 1426
3 1389 1426 1418
3 1394 1427 1426
3 1395 1418 1427
3 1426 1427 1418
3 1390 1419 1411
3 1395 1408 1419
3 1391 1411 1408
3 1419 1408 1411
3 1388 1421 1413
3 1390 1410 1421
3 1397 1413 1410
3 1421 1410 1413
3 1392 1423 1415
3 1388 1412 1423
3 1396 1415 1412
3 1423 1412 1415
3 1394 1425 1417
3 1392 1414 1425
3 1393 1417 1414
3 1425 1414 1417
3 1395 1427 1409
3 1394 1416 1427
3 1387 1409 1416
3 1427 1416 1409
3 1428 1440 1442
3 1439 1441 1440
3 1433 1442 1441
3 1440 1441 1442
3 1428 1442 1444
3 1433 1443 1442
3 1429 1444 1443
3 1442 1443 1444
3 1428 1444 1446
3 1429 1445 1444
3 1435 1446 1445
3 1444 1445 1446
3 1428 1446 1448
3 1435 1447 1446
3 1438 1448 1447
3 1446 1447 1448
3 1428 1448 1440
3 1438 1449 1448
3 1439 1440 1449
3 1448 1449 1440
3 1429 1443 1451
3 1433 1450 1443
3 1437 1451 1450
3 1443 1450 1451
3 1433 1441 1453
3 1439 1452 1441
3 1432 1453 1452
3 1441 1452 1453
3 1439 1449 1455
3 1438 1454 1449
3 1430 1455 1454
3 1449 1454 1455
3 1438 1447 1457
3 1435 1456 1447
3 1434 1457 1456
3 1447 1456 1457
3 1435 1445 1459
3 1429 1458 1445
3 1436 1459 1458
3 1445 1458 1459
3 1431 1460 1462
3 1437 1461 1460
3 1432 1462 1461
3 1460 1461 1462
3 1431 1462 1464
3 1432 1463 1462
3 1430 1464 1463
3 1462 1463 1464
3 1431 1464 1466
3 1430 1465 1464
3 1434 1466 1465
3 1464 1465 1466
3 1431 1466 1468
3 1434 1467 1466
3 1436 1468 1467
3 1466 1467 1468
3 1431 1468 1460
3 1436 1469 1468
3 1437 1460 1469
3 1468 1469 1460
3 1432 1461 1453
3 1437 1450 1461
3 1433 1453 1450
3 1461 1450 1453
3 1430 1463 1455
3 1432 1452 1463
3 1439 1455 1452
3 1463 1452 1455
3 1434 1465 1457
3 1430 1454 1465
3 1438 1457 1454
3 1465 1454 1457
3 1436 1467 1459
3 1434 1456 1467
3 1435 1459 1456
3 1467 1456 1459
3 1437 1469 1451
3 1436 1458 1469
3 1429 1451 1458
3 1469 1458 1451
3 1470 1482 1484
3 1481 1483 1482
3 1475 1484 1483
3 1482 1483 1484
3 1470 1484 1486
3 1475 1485 1484
3 1471 1486 1485
3 1484 1485 1486
3 1470 1486 1488
3 1471 1487 1486
3 1477 1488 1487
3 1486 1487 1488
3 1470 1488 1490
3 1477 1489 1488
3 1480 1490 1489
3 1488 1489 1490
3 1470 1490 1482
3 1480 1491 1490
3 1481 1482 1491
3 1490 1491 1482
3 1471 1485 1493
3 1475 1492 1485
3 1479 1493 1492
3 1485 1492 1493
3 1475 1483 1495
3 1481 1494 1483
3 1474 1495 1494
3 1483 1494 1495
3 1481 1491 1497
3 1480 1496 1491
3 1472 1497 1496
3 1491 1496 1497
3 1480 1489 1499
3 1477 1498 1489
3 1476 1499 1498
3 1489 1498 1499
3 1477 1487 1501
3 1471 1500 1487
3 1478 1501 1500
3 1487 1500 1501
3 1473 1502 1504
3 1479 1503 1502
3 1474 1504 1503
3 1502 1503 1504
3 1473 1504 1506
3 1474 1505 1504
3 1472 1506 1505
3 1504 1505 1506
3 1473 1506 1508
3 1472 1507 1506
3 1476 1508 1507
3 1506 1507 1508
3 1473 1508 1510
3 1476 1509 1508
3 1478 1510 1509
3 1508 1509 1510
3 1473 1510 1502
3 1478 1511 1510
3 1479 1502 1511
3 1510 1511 1502
3 1474 1503 1495
3 1479 1492 1503
3 1475 1495 1492
3 1503 1492 1495
3 1472 1505 1497
3 1474 1494 1505
3 1481 1497 1494
3 1505 1494 1497
3 1476 1507 1499
3 1472 1496 1507
3 1480 1499 1496
3 1507 1496 1499
3 1478 1509 1501
3 1476 1498 1509
3 1477 1501 1498
3 1509 1498 1501
3 1479 1511 1493
3 1478 1500 1511
3 1471 1493 1500
3 1511 1500 1493
3 1512 1524 1526
3 1523 1525 1524
3 1517 1526 1525
3 1524 1525 1526
3 1512 1526 1528
3 1517 1527 1526
3 1513 1528 1527
3 1526 1527 1528
3 1512 1528 1530
3 1513 1529 1528
3 1519 1530 1529
3 1528 1529 1530
3 1512 1530 1532
3 1519 1531 1530
3 1522 1532 1531
3 1530 1531 1532
3 1512 1532 1524
3 1522 1533 1532
3 1523 1524 1533
3 1532 1533 1524
3 1513 1527 1535
3 1517 1534 1527
3 1521 1535 1534
3 1527 1534 1535
3 1517 1525 1537
3 1523 1536 1525
3 1516 1537 1536
3 1525 1536 1537
3 1523 1533 1539
3 1522 1538 1533
3 1514 1539 1538
3 1533 1538 1539
3 1522 1531 1541
3 1519 1540 1531
3 1518 1541 1540
3 1531 1540 1541
3 1519 1529 1543
3 1513 1542 1529
3 1520 1543 1542
3 1529 1542 1543
3 1515 1544 1546
3 1521 1545 1544
3 1516 1546 1545
3 1544 1545 1546
3 1515 1546 1548
3 1516 1547 1546
3 1514 1548 1547
3 1546 1547 1548
3 1515 1548 1550
3 1514 1549 1548
3 1518 1550 1549
3 1548 1549 1550
3 1515 1550 1552
3 1518 1551 1550
3 1520 1552 1551
3 1550 1551 1552
3 1515 1552 1544
3 1520 1553 1552
3 1521 1544 1553
3 1552 1553 1544
3 1516 1545 1537
3 1521 1534 1545
3 1517 1537 1534
3 1545 1534 1537
3 1514 1547 1539
3 1516 1536 1547
3 1523 1539 1536
3 1547 1536 1539
3 1518 1549 1541
3 1514 1538 1549
3 1522 1541 1538
3 1549 1538 1541
3 1520 1551 1543
3 1518 1540 1551
3 1519 1543 1540
3 1551 1540 1543
3 1521 1553 1535
3 1520 1542 1553
3 1513 1535 1542
3 1553 1542 1535
3 1554 1566 1568
3 1565 1567 1566
3 1559 1568 1567
3 1566 1567 1568
3 1554 1568 1570
3 1559 1569 1568
3 1555 1570 1569
3 1568 1569 1570
3 1554 1570 1572
3 1555 1571 1570
3 1561 1572 1571
3 1570 1571 1572
3 1554 1572 1574
3 1561 1573 1572
3 1564 1574 1573
3 1572 1573 1574
3 1554 1574 1566
3 1564 1575 1574
3 1565 1566 1575
3 1574 1575 1566
3 1555 1569 1577
3 1559 1576 1569
3 1563 1577 1576
3 1569 1576 1577
3 1559 1567 1579
3 1565 1578 1567
3 1558 1579 1578
3 1567 1578 1579
3 1565 1575 1581
3 1564 1580 1575
3 1556 1581 1580
3 1575 1580 1581
3 1564 1573 1583
3 1561 1582 1573
3 1560 1583 1582
3 1573 1582 1583
3 1561 1571 1585
3 1555 1584 1571
3 1562 1585 1584
3 1571 1584 1585
3 1557 1586 1588
3 1563 1587 1586
3 1558 1588 1587
3 1586 1587 1588
3 1557 1588 1590
3 1558 1589 1588
3 1556 1590 1589
3 1588 1589 1590
3 1557 1590 1592
3 1556 1591 1590
3 1560 1592 1591
3 1590 1591 1592
3 1557 1592 1594
3 1560 1593 1592
3 1562 1594 1593
3 1592 1593 1594
3 1557 1594 1586
3 1562 1595 1594
3 1563 1586 1595
3 1594 1595 1586
3 1558 1587 1579
3 1563 1576 1587
3 1559 1579 1576
3 1587 1576 1579
3 1556 1589 1581
3 1558 1578 1589
3 1565 1581 1578
3 1589 1578 1581
3 1560 1591 1583
3 1556 1580 1591
3 1564 1583 1580
3 1591 1580 1583
3 1562 1593 1585
3 1560 1582 1593
3 1561 1585 1582
3 1593 1582 1585
3 1563 1595 1577
3 1562 1584 1595
3 1555 1577 1584
3 1595 1584 1577
3 1596 1608 1610
3 1607 1609 1608
3 1601 1610 1609
3 1608 1609 1610
3 1596 1610 1612
3 1601 1611 1610
3 1597 1612 1611
3 1610 1611 1612
3 1596 1612 1614
3 1597 1613 1612
3 1603 1614 1613
3 1612 1613 1614
3 1596 1614 1616
3 1603 1615 1614
3 1606 1616 1615
3 1614 1615 1616
3 1596 1616 1608
3 1606 1617 1616
3 1607 1608 1617
3 1616 1617 1608
3 1597 1611 1619
3 1601 1618 1611
3 1605 1619 1618
3 1611 1618 1619
3 1601 1609 1621
3 1607 1620 1609
3 1600 1621 1620
3 1609 1620 1621
3 1607 1617 1623
3 1606 1622 1617
3 1598 1623 1622
3 1617 1622 1623
3 1606 1615 1625
3 1603 1624 1615
3 1602 1625 1624
3 1615 1624 1625
3 1603 1613 1627
3 1597 1626 1613
3 1604 1627 1626
3 1613 1626 1627
3 1599 1628 1630
3 1605 1629 1628
3 1600 1630 1629
3 1628 1629 1630
3 1599 1630 1632
3 1600 1631 1630
3 1598 1632 1631
3 1630 1631 1632
3 1599 1632 1634
3 1598 1633 1632
3 1602 1634 1633
3 1632 1633 1634
3 1599 1634 1636
3 1602 1635 1634
3 1604 1636 1635
3 1634 1635 1636
3 1599 1636 1628
3 1604 1637 1636
3 1605 1628 1637
3 1636 1637 1628
3 1600 1629 1621
3 1605 1618 1629
3 1601 1621 1618
3 1629 1618 1621
3 1598 1631 1623
3 1600 1620 1631
3 1607 1623 1620
3 1631 1620 1623
3 1602 1633 1625
3 1598 1622 1633
3 1606 1625 1622
3 1633 1622 1625
3 1604 1635 1627
3 1602 1624 1635
3 1603 1627 1624
3 1635 1624 1627
3 1605 1637 1619
3 1604 1626 1637
3 1597 1619 1626
3 1637 1626 1619
3 1638 1650 1652
3 1649 1651 1650
3 1643 1652 1651
3 1650 1651 1652
3 1638 1652 1654
3 1643 1653 1652
3 1639 1654 1653
3 1652 1653 1654
3 1638 1654 1656
3 1639 1655 1654
3 1645 1656 1655
3 1654 1655 1656
3 1638 1656 1658
3 1645 1657 1656
3 1648 1658 1657
3 1656 1657 1658
3 1638 1658 1650
3 1648 1659 1658
3 1649 1650 1659
3 1658 1659 1650
3 1639 1653 1661
3 1643 1660 1653
3 1647 1661 1660
3 1653 1660 1661
3 1643 1651 1663
3 1649 1662 1651
3 1642 1663 1662
3 1651 1662 1663
3 1649 1659 1665
3 1648 1664 1659
3 1640 1665 1664
3 1659 1664 1665
3 1648 1657 1667
3 1645 1666 1657
3 1644 1667 1666
3 1657 1666 1667
3 1645 1655 1669
3 1639 1668 1655
3 1646 1669 1668
3 1655 1668 1669
3 1641 1670 1672
3 1647 1671 1670
3 1642 1672 1671
3 1670 1671 1672
3 1641 1672 1674
3 1642 1673 1672
3 1640 1674 1673
3 1672 1673 1674
3 1641 1674 1676
3 1640 1675 1674
3 1644 1676 1675
3 1674 1675 1676
3 1641 1676 1678
3 1644 1677 1676
3 1646 1678 1677
3 1676 1677 1678
3 1641 1678 1670
3 1646 1679 1678
3 1647 1670 1679
3 1678 1679 1670
3 1642 1671 1663
3 1647 1660 1671
3 1643 1663 1660
3 1671 1660 1663
3 1640 1673 1665
3 1642 1662 1673
3 1649 1665 1662
3 1673 1662 1665
3 1644 1675 1667
3 1640 1664 1675
3 1648 1667 1664
3 1675 1664 1667
3 1646 1677 1669
3 1644 1666 1677
3 1645 1669 1666
3 1677 1666 1669
3 1647 1679 1661
3 1646 1668 1679
3 1639 1661 1668
3 1679 1668 1661
3 1680 1692 1694
3 1691 1693 1692
3 1685 1694 1693
3 1692 1693 1694
3 1680 1694 1696
3 1685 1695 1694
3 1681 1696 1695
3 1694 1695 1696
3 1680 1696 1698
3 1681 1697 1696
3 1687 1698 1697
3 1696 1697 1698
3 1680 1698 1700
3 1687 1699 1698
3 1690 1700 1699
3 1698 1699 1700
3 1680 1700 1692
3 1690 1701 1700
3 1691 1692 1701
3 1700 1701 1692
3 1681 1695 1703
3 1685 1702 1695
3 1689 1703 1702
3 1695 1702 1703
3 1685 1693 1705
3 1691 1704 1693
3 1684 1705 1704
3 1693 1704 1705
3 1691 1701 1707
3 1690 1706 1701
3 1682 1707 1706
3 1701 1706 1707
3 1690 1699 1709
3 1687 1708 1699
3 1686 1709 1708
3 1699 1708 1709
3 1687 1697 1711
3 1681 1710 1697
3 1688 1711 1710
3 1697 1710 1711
3 1683 1712 1714
3 1689 1713 1712
3 1684 1714 1713
3 1712 1713 1714
3 1683 1714 1716
3 1684 1715 1714
3 1682 1716 1715
3 1714 1715 1716
3 1683 1716 1718
3 1682 1717 1716
3 1686 1718 1717
3 1716 1717 1718
3 1683 1718 1720
3 1686 1719 1718
3 1688 1720 1719
3 1718 1719 1720
3 1683 1720 1712
3 1688 1721 1720
3 1689 1712 1721
3 1720 1721 1712
3 1684 1713 1705
3 1689 1702 1713
3 1685 1705 1702
3 1713 1702 1705
3 1682 1715 1707
3 1684 1704 1715
3 1691 1707 1704
3 1715 1704 1707
3 1686 1717 1709
3 1682 1706 1717
3 1690 1709 1706
3 1717 1706 1709
3 1688 1719 1711
3 1686 1708 1719
3 1687 1711 1708
3 1719 1708 1711
3 1689 1721 1703
3 1688 1710 1721
3 1681 1703 1710
3 1721 1710 1703
3 1722 1734 1736
3 1733 1735 1734
3 1727 1736 1735
3 1734 1735 1736
3 1722 1736 1738
3 1727 1737 1736
3 1723 1738 1737
3 1736 1737 1738
3 1722 1738 1740
3 1723 1739 1738
3 1729 1740 1739
3 1738 1739 1740
3 1722 1740 1742
3 1729 1741 1740
3 1732 1742 1741
3 1740 1741 1742
3 1722 1742 1734
3 1732 1743 1742
3 1733 1734 1743
3 1742 1743 1734
3 1723 1737 1745
3 1727 1744 1737
3 1731 1745 1744
3 1737 1744 1745
3 1727 1735 1747
3 1733 1746 1735
3 1726 1747 1746
3 1735 1746 1747
3 1733 1743 1749
3 1732 1748 1743
3 1724 1749 1748
3 1743 1748 1749
3 1732 1741 1751
3 1729 1750 1741
3 1728 1751 1750
3 1741 1750 1751
3 1729 1739 1753
3 1723 1752 1739
3 1730 1753 1752
3 1739 1752 1753
3 1725 1754 1756
3 1731 1755 1754
3 1726 1756 1755
3 1754 1755 1756
3 1725 1756 1758
3 1726 1757 1756
3 1724 1758 1757
3 1756 1757 1758
3 1725 1758 1760
3 1724 1759 1758
3 1728 1760 1759
3 1758 1759 1760
3 1725 1760 1762
3 1728 1761 1760
3 1730 1762 1761
3 1760 1761 1762
3 1725 1762 1754
3 1730 1763 1762
3 1731 1754 1763
3 1762 1763 1754
3 1726 1755 1747
3 1731 1744 1755
3 1727 1747 1744
3 1755 1744 1747
3 1724 1757 1749
3 1726 1746 1757
3 1733 1749 1746
3 1757 1746 1749
3 1728 1759 1751
3 1724 1748 1759
3 1732 1751 1748
3 1759 1748 1751
3 1730 1761 1753
3 1728 1750 1761
3 1729 1753 1750
3 1761 1750 1753
3 1731 1763 1745
3 1730 1752 1763
3 1723 1745 1752
3 1763 1752 1745
3 1764 1776 1778
3 1775 1777 1776
3 1769 1778 1777
3 1776 1777 1778
3 1764 1778 1780
3 1769 1779 1778
3 1765 1780 1779
3 1778 1779 1780
3 1764 1780 1782
3 1765 1781 1780
3 1771 1782 1781
3 1780 1781 1782
3 1764 1782 1784
3 1771 1783 1782
3 1774 1784 1783
3 1782 1783 1784
3 1764 1784 1776
3 1774 1785 1784
3 1775 1776 1785
3 1784 1785 1776
3 1765 1779 1787
3 1769 1786 1779
3 1773 1787 1786
3 1779 1786 1787
3 1769 1777 1789
3 1775 1788 1777
3 1768 1789 1788
3 1777 1788 1789
3 1775 1785 1791
3 1774 1790 1785
3 1766 1791 1790
3 1785 1790 1791
3 1774 1783 1793
3 1771 1792 1783
3 1770 1793 1792
3 1783 1792 1793
3 1771 1781 1795
3 1765 1794 1781
3 1772 1795 1794
3 1781 1794 1795
3 1767 1796 1798
3 1773 1797 1796
3 1768 1798 1797
3 1796 1797 1798
3 1767 1798 1800
3 1768 1799 1798
3 1766 1800 1799
3 1798 1799 1800
3 1767 1800 1802
3 1766 1801 1800
3 1770 1802 1801
3 1800 1801 1802
3 1767 1802 1804
3 1770 1803 1802
3 1772 1804 1803
3 1802 1803 1804
3 1767 1804 1796
3 1772 1805 1804
3 1773 1796 1805
3 1804 1805 1796
3 1768 1797 1789
3 1773 1786 1797
3 1769 1789 1786
3 1797 1786 1789
3 1766 1799 1791
3 1768 1788 1799
3 1775 1791 1788
3 1799 1788 1791
3 1770 1801 1793
3 1766 1790 1801
3 1774 1793 1790
3 1801 1790 1793
3 1772 1803 1795
3 1770 1792 1803
3 1771 1795 1792
3 1803 1792 1795
3 1773 1805 1787
3 1772 1794 1805
3 1765 1787 1794
3 1805 1794 1787
3 1806 1818 1820
3 1817 1819 1818
3 1811 1820 1819
3 1818 1819 1820
3 1806 1820 1822
3 1811 1821 1820
3 1807 1822 1821
3 1820 1821 1822
3 1806 1822 1824
3 1807 1823 1822
3 1813 1824 1823
3 1822 1823 1824
3 1806 1824 1826
3 1813 1825 1824
3 1816 1826 1825
3 1824 1825 1826
3 1806 1826 1818
3 1816 1827 1826
3 1817 1818 1827
3 1826 1827 1818
3 1807 1821 1829
3 1811 1828 1821
3 1815 1829 1828
3 1821 1828 1829
3 1811 1819 1831
3 1817 1830 1819
3 1810 1831 1830
3 1819 1830 1831
3 1817 1827 1833
3 1816 1832 1827
3 1808 1833 1832
3 1827 1832 1833
3 1816 1825 1835
3 1813 1834 1825
3 1812 1835 1834
3 1825 1834 1835
3 1813 1823 1837
3 1807 1836 1823
3 1814 1837 1836
3 1823 1836 1837
3 1809 1838 1840
3 1815 1839 1838
3 1810 1840 1839
3 1838 1839 1840
3 1809 1840 1842
3 1810 1841 1840
3 1808 1842 1841
3 1840 1841 1842
3 1809 1842 1844
3 1808 1843 1842
3 1812 1844 1843
3 1842 1843 1844
3 1809 1844 1846
3 1812 1845 1844
3 1814 1846 1845
3 1844 1845 1846
3 1809 1846 1838
3 1814 1847 1846
3 1815 1838 1847
3 1846 1847 1838
3 1810 1839 1831
3 1815 1828 1839
3 1811 1831 1828
3 1839 1828 1831
3 1808 1841 1833
3 1810 1830 1841
3 1817 1833 1830
3 1841 1830 1833
3 1812 1843 1835
3 1808 1832 1843
3 1816 1835 1832
3 1843 1832 1835
3 1814 1845 1837
3 1812 1834 1845
3 1813 1837 1834
3 1845 1834 1837
3 1815 1847 1829
3 1814 1836 1847
3 1807 1829 1836
3 1847 1836 1829
3 1848 1860 1862
3 1859 1861 1860
3 1853 1862 1861
3 1860 1861 1862
3 1848 1862 1864
3 1853 1863 1862
3 1849 1864 1863
3 1862 1863 1864
3 1848 1864 1866
3 1849 1865 1864
3 1855 1866 1865
3 1864 1865 1866
3 1848 1866 1868
3 1855 1867 1866
3 1858 1868 1867
3 1866 1867 1868
3 1848 1868 1860
3 1858 1869 1868
3 1859 1860 1869
3 1868 1869 1860
3 1849 1863 1871
3 1853 1870 1863
3 1857 1871 1870
3 1863 1870 1871
3 1853 1861 1873
3 1859 1872 1861
3 1852 1873 1872
3 1861 1872 1873
3 1859 1869 1875
3 1858 1874 1869
3 1850 1875 1874
3 1869 1874 1875
3 1858 1867 1877
3 1855 1876 1867
3 1854 1877 1876
3 1867 1876 1877
3 1855 1865 1879
3 1849 1878 1865
3 1856 1879 1878
3 1865 1878 1879
3 1851 1880 1882
3 1857 1881 1880
3 1852 1882 1881
3 1880 1881 1882
3 1851 1882 1884
3 1852 1883 1882
3 1850 1884 1883
3 1882 1883 1884
3 1851 1884 1886
3 1850 1885 1884
3 1854 1886 1885
3 1884 1885 1886
3 1851 1886 1888
3 1854 1887 1886
3 1856 1888 1887
3 1886 1887 1888
3 1851 1888 1880
3 1856 1889 1888
3 1857 1880 1889
3 1888 1889 1880
3 1852 1881 1873
3 1857 1870 1881
3 1853 1873 1870
3 1881 1870 1873
3 1850 1883 1875
3 1852 1872 1883
3 1859 1875 1872
3 1883 1872 1875
3 1854 1885 1877
3 1850 1874 1885
3 1858 1877 1874
3 1885 1874 1877
3 1856 1887 1879
3 1854 1876 1887
3 1855 1879 1876
3 1887 1876 1879
3 1857 1889 1871
3 1856 1878 1889
3 1849 1871 1878
3 1889 1878 1871
3 1890 1902 1904
3 1901 1903 1902
3 1895 1904 1903
3 1902 1903 1904
3 1890 1904 1906
3 1895 1905 1904
3 1891 1906 1905
3 1904 1905 1906
3 1890 1906 1908
3 1891 1907 1906
3 1897 1908 1907
3 1906 1907 1908
3 1890 1908 1910
3 1897 1909 1908
3 1900 1910 1909
3 1908 1909 1910
3 1890 1910 1902
3 1900 1911 1910
3 1901 1902 1911
3 1910 1911 1902
3 1891 1905 1913
3 1895 1912 1905
3 1899 1913 1912
3 1905 1912 1913
3 1895 1903 1915
3 1901 1914 1903
3 1894 1915 1914
3 1903 1914 1915
3 1901 1911 1917
3 1900 1916 1911
3 1892 1917 1916
3 1911 1916 1917
3 1900 1909 1919
3 1897 1918 1909
3 1896 1919 1918
3 1909 1918 1919
3 1897 1907 1921
3 1891 1920 1907
3 1898 1921 1920
3 1907 1920 1921
3 1893 1922 1924
3 1899 1923 1922
3 1894 1924 1923
3 1922 1923 1924
3 1893 1924 1926
3 1894 1925 1924
3 1892 1926 1925
3 1924 1925 1926
3 1893 1926 1928
3 1892 1927 1926
3 1896 1928 1927
3 1926 1927 1928
3 1893 1928 1930
3 1896 1929 1928
3 1898 1930 1929
3 1928 1929 1930
3 1893 1930 1922
3 1898 1931 1930
3 1899 1922 1931
3 1930 1931 1922
3 1894 1923 1915
3 1899 1912 1923
3 1895 1915 1912
3 1923 1912 1915
3 1892 1925 1917
3 1894 1914 1925
3 1901 1917 1914
3 1925 1914 1917
3 1896 1927 1919
3 1892 1916 1927
3 1900 1919 1916
3 1927 1916 1919
3 1898 1929 1921
3 1896 1918 1929
3 1897 1921 1918
3 1929 1918 1921
3 1899 1931 1913
3 1898 1920 1931
3 1891 1913 1920
3 1931 1920 1913
3 1932 1944 1946
3 1943 1945 1944
3 1937 1946 1945
3 1944 1945 1946
3 1932 1946 1948
3 1937 1947 1946
3 1933 1948 1947
3 1946 1947 1948
3 1932 1948 1950
3 1933 1949 1948
3 1939 1950 1949
3 1948 1949 1950
3 1932 1950 1952
3 1939 1951 1950
3 1942 1952 1951
3 1950 1951 1952
3 1932 1952 1944
3 1942 1953 1952
3 1943 1944 1953
3 1952 1953 1944
3 1933 1947 1955
3 1937 1954 1947
3 1941 1955 1954
3 1947 1954 1955
3 1937 1945 1957
3 1943 1956 1945
3 1936 1957 1956
3 1945 1956 1957
3 1943 1953 1959
3 1942 1958 1953
3 1934 1959 1958
3 1953 1958 1959
3 1942 1951 1961
3 1939 1960 1951
3 1938 1961 1960
3 1951 1960 1961
3 1939 1949 1963
3 1933 1962 1949
3 1940 1963 1962
3 1949 1962 1963
3 1935 1964 1966
3 1941 1965 1964
3 1936 1966 1965
3 1964 1965 1966
3 1935 1966 1968
3 1936 1967 1966
3 1934 1968 1967
3 1966 1967 1968
3 1935 1968 1970
3 1934 1969 1968
3 1938 1970 1969
3 1968 1969 1970
3 1935 1970 1972
3 1938 1971 1970
3 1940 1972 1971
3 1970 1971 1972
3 1935 1972 1964
3 1940 1973 1972
3 1941 1964 1973
3 1972 1973 1964
3 1936 1965 1957
3 1941 1954 1965
3 1937 1957 1954
3 1965 1954 1957
3 1934 1967 1959
3 1936 1956 1967
3 1943 1959 1956
3 1967 1956 1959
3 1938 1969 1961
3 1934 1958 1969
3 1942 1961 1958
3 1969 1958 1961
3 1940 1971 1963
3 1938 1960 1971
3 1939 1963 1960
3 1971 1960 1963
3 1941 1973 1955
3 1940 1962 1973
3 1933 1955 1962
3 1973 1962 1955
3 1974 1986 1988
3 1985 1987 1986
3 1979 1988 1987
3 1986 1987 1988
3 1974 1988 1990
3 1979 1989 1988
3 1975 1990 1989
3 1988 1989 1990
3 1974 1990 1992
3 1975 1991 1990
3 1981 1992 1991
3 1990 1991 1992
3 1974 1992 1994
3 1981 1993 1992
3 1984 1994 1993
3 1992 1993 1994
3 1974 1994 1986
3 1984 1995 1994
3 1985 1986 1995
3 1994 1995 1986
3 1975 1989 1997
3 1979 1996 1989
3 1983 1997 1996
3 1989 1996 1997
3 1979 1987 1999
3 1985 1998 1987
3 1978 1999 1998
3 1987 1998 1999
3 1985 1995 2001
3 1984 2000 1995
3 1976 2001 2000
3 1995 2000 2001
3 1984 1993 2003
3 1981 2002 1993
3 1980 2003 2002
3 1993 2002 2003
3 1981 1991 2005
3 1975 2004 1991
3 1982 2005 2004
3 1991 2004 2005
3 1977 2006 2008
3 1983 2007 2006
3 1978 2008 2007
3 2006 2007 2008
3 1977 2008 2010
3 1978 2009 2008
3 1976 2010 2009
3 2008 2009 2010
3 1977 2010 2012
3 1976 2011 2010
3 1980 2012 2011
3 2010 2011 2012
3 1977 2012 2014
3 1980 2013 2012
3 1982 2014 2013
3 2012 2013 2014
3 1977 2014 2006
3 1982 2015 2014
3 1983 2006 2015
3 2014 2015 2006
3 1978 2007 1999
3 1983 1996 2007
3 1979 1999 1996
3 2007 1996 1999
3 1976 2009 2001
3 1978 1998 2009
3 1985 2001 1998
3 2009 1998 2001
3 1980 2011 2003
3 1976 2000 2011
3 1984 2003 2000
3 2011 2000 2003
3 1982 2013 2005
3 1980 2002 2013
3 1981 2005 2002
3 2013 2002 2005
3 1983 2015 1997
3 1982 2004 2015
3 1975 1997 2004
3 2015 2004 1997
3 2016 2028 2030
3 2027 2029 2028
3 2021 2030 2029
3 2028 2029 2030
3 2016 2030 2032
3 2021 2031 2030
3 2017 2032 2031
3 2030 2031 2032
3 2016 2032 2034
3 2017 2033 2032
3 2023 2034 2033
3 2032 2033 2034
3 2016 2034 2036
3 2023 2035 2034
3 2026 2036 2035
3 2034 2035 2036
3 2016 2036 2028
3 2026 2037 2036
3 2027 2028 2037
3 2036 2037 2028
3 2017 2031 2039
3 2021 2038 2031
3 2025 2039 2038
3 2031 2038 2039
3 2021 2029 2041
3 2027 2040 2029
3 2020 2041 2040
3 2029 2040 2041
3 2027 2037 2043
3 2026 2042 2037
3 2018 2043 2042
3 2037 2042 2043
3 2026 2035 2045
3 2023 2044 2035
3 2022 2045 2044
3 2035 2044 2045
3 2023 2033 2047
3 2017 2046 2033
3 2024 2047 2046
3 2033 2046 2047
3 2019 2048 2050
3 2025 2049 2048
3 2020 2050 2049
3 2048 2049 2050
3 2019 2050 2052
3 2020 2051 2050
3 2018 2052 2051
3 2050 2051 2052
3 2019 2052 2054
3 2018 2053 2052
3 2022 2054 2053
3 2052 2053 2054
3 2019 2054 2056
3 2022 2055 2054
3 2024 2056 2055
3 2054 2055 2056
3 2019 2056 2048
3 2024 2057 2056
3 2025 2048 2057
3 2056 2057 2048
3 2020 2049 2041
3 2025 2038 2049
3 2021 2041 2038
3 2049 2038 2041
3 2018 2051 2043
3 2020 2040 2051
3 2027 2043 2040
3 2051 2040 2043
3 2022 2053 2045
3 2018 2042 2053
3 2026 2045 2042
3 2053 2042 2045
3 2024 2055 2047
3 2022 2044 2055
3 2023 2047 2044
3 2055 2044 2047
3 2025 2057 2039
3 2024 2046 2057
3 2017 2039 2046
3 2057 2046 2039
3 2058 2070 2072
3 2069 2071 2070
3 2063 2072 2071
3 2070 2071 2072
3 2058 2072 2074
3 2063 2073 2072
3 2059 2074 2073
3 2072 2073 2074
3 2058 2074 2076
3 2059 2075 2074
3 2065 2076 2075
3 2074 2075 2076
3 2058 2076 2078
3 2065 2077 2076
3 2068 2078 2077
3 2076 2077 2078
3 2058 2078 2070
3 2068 2079 2078
3 2069 2070 2079
3 2078 2079 2070
3 2059 2073 2081
3 2063 2080 2073
3 2067 2081 2080
3 2073 2080 2081
3 2063 2071 2083
3 2069 2082 2071
3 2062 2083 2082
3 2071 2082 2083
3 2069 2079 2085
3 2068 2084 2079
3 2060 2085 2084
3 2079 2084 2085
3 2068 2077 2087
3 2065 2086 2077
3 2064 2087 2086
3 2077 2086 2087
3 2065 2075 2089
3 2059 2088 2075
3 2066 2089 2088
3 2075 2088 2089
3 2061 2090 2092
3 2067 2091 2090
3 2062 2092 2091
3 2090 2091 2092
3 2061 2092 2094
3 2062 2093 2092
3 2060 2094 2093
3 2092 2093 2094
3 2061 2094 2096
3 2060 2095 2094
3 2064 2096 2095
3 2094 2095 2096
3 2061 2096 2098
3 2064 2097 2096
3 2066 2098 2097
3 2096 2097 2098
3 2061 2098 2090
3 2066 2099 2098
3 2067 2090 2099
3 2098 2099 2090
3 2062 2091 2083
3 2067 2080 2091
3 2063 2083 2080
3 2091 2080 2083
3 2060 2093 2085
3 2062 2082 2093
3 2069 2085 2082
3 2093 2082 2085
3 2064 2095 2087
3 2060 2084 2095
3 2068 2087 2084
3 2095 2084 2087
3 2066 2097 2089
3 2064 2086 2097
3 2065 2089 2086
3 2097 2086 2089
3 2067 2099 2081
3 2066 2088 2099
3 2059 2081 2088
3 2099 2088 2081
3 2100 2112 2114
3 2111 2113 2112
3 2105 2114 2113
3 2112 2113 2114
3 2100 2114 2116
3 2105 2115 2114
3 2101 2116 2115
3 2114 2115 2116
3 2100 2116 2118
3 2101 2117 2116
3 2107 2118 2117
3 2116 2117 2118
3 2100 2118 2120
3 2107 2119 2118
3 2110 2120 2119
3 2118 2119 2120
3 2100 2120 2112
3 2110 2121 2120
3 2111 2112 2121
3 2120 2121 2112
3 2101 2115 2123
3 2105 2122 2115
3 2109 2123 2122
3 2115 2122 2123
3 2105 2113 2125
3 2111 2124 2113
3 2104 2125 2124
3 2113 2124 2125
3 2111 2121 2127
3 2110 2126 2121
3 2102 2127 2126
3 2121 2126 2127
3 2110 2119 2129
3 2107 2128 2119
3 2106 2129 2128
3 2119 2128 2129
3 2107 2117 2131
3 2101 2130 2117
3 2108 2131 2130
3 2117 2130 2131
3 2103 2132 2134
3 2109 2133 2132
3 2104 2134 2133
3 2132 2133 2134
3 2103 2134 2136
3 2104 2135 2134
3 2102 2136 2135
3 2134 2135 2136
3 2103 2136 2138
3 2102 2137 2136
3 2106 2138 2137
3 2136 2137 2138
3 2103 2138 2140
3 2106 2139 2138
3 2108 2140 2139
3 2138 2139 2140
3 2103 2140 2132
3 2108 2141 2140
3 2109 2132 2141
3 2140 2141 2132
3 2104 2133 2125
3 2109 2122 2133
3 2105 2125 2122
3 2133 2122 2125
3 2102 2135 2127
3 2104 2124 2135
3 2111 2127 2124
3 2135 2124 2127
3 2106 2137 2129
3 2102 2126 2137
3 2110 2129 2126
3 2137 2126 2129
3 2108 2139 2131
3 2106 2128 2139
3 2107 2131 2128
3 2139 2128 2131
3 2109 2141 2123
3 2108 2130 2141
3 2101 2123 2130
3 2141 2130 2123
3 2142 2154 2156
3 2153 2155 2154
3 2147 2156 2155
3 2154 2155 2156
3 2142 2156 2158
3 2147 2157 2156
3 2143 2158 2157
3 2156 2157 2158
3 2142 2158 2160
3 2143 2159 2158
3 2149 2160 2159
3 2158 2159 2160
3 2142 2160 2162
3 2149 2161 2160
3 2152 2162 2161
3 2160 2161 2162
3 2142 2162 2154
3 2152 2163 2162
3 2153 2154 2163
3 2162 2163 2154
3 2143 2157 2165
3 2147 2164 2157
3 2151 2165 2164
3 2157 2164 2165
3 2147 2155 2167
3 2153 2166 2155
3 2146 2167 2166
3 2155 2166 2167
3 2153 2163 2169
3 2152 2168 2163
3 2144 2169 2168
3 2163 2168 2169
3 2152 2161 2171
3 2149 2170 2161
3 2148 2171 2170
3 2161 2170 2171
3 2149 2159 2173
3 2143 2172 2159
3 2150 2173 2172
3 2159 2172 2173
3 2145 2174 2176
3 2151 2175 2174
3 2146 2176 2175
3 2174 2175 2176
3 2145 2176 2178
3 2146 2177 2176
3 2144 2178 2177
3 2176 2177 2178
3 2145 2178 2180
3 2144 2179 2178
3 2148 2180 2179
3 2178 2179 2180
3 2145 2180 2182
3 2148 2181 2180
3 2150 2182 2181
3 2180 2181 2182
3 2145 2182 2174
3 2150 2183 2182
3 2151 2174 2183
3 2182 2183 2174
3 2146 2175 2167
3 2151 2164 2175
3 2147 2167 2164
3 2175 2164 2167
3 2144 2177 2169
3 2146 2166 2177
3 2153 2169 2166
3 2177 2166 2169
3 2148 2179 2171
3 2144 2168 2179
3 2152 2171 2168
3 2179 2168 2171
3 2150 2181 2173
3 2148 2170 2181
3 2149 2173 2170
3 2181 2170 2173
3 2151 2183 2165
3 2150 2172 2183
3 2143 2165 2172
3 2183 2172 2165
3 2184 2196 2198
3 2195 2197 2196
3 2189 2198 2197
3 2196 2197 2198
3 2184 2198 2200
3 2189 2199 2198
3 2185 2200 2199
3 2198 2199 2200
3 2184 2200 2202
3 2185 2201 2200
3 2191 2202 2201
3 2200 2201 2202
3 2184 2202 2204
3 2191 2203 2202
3 2194 2204 2203
3 2202 2203 2204
3 2184 2204 2196
3 2194 2205 2204
3 2195 2196 2205
3 2204 2205 2196
3 2185 2199 2207
3 2189 2206 2199
3 2193 2207 2206
3 2199 2206 2207
3 2189 2197 2209
3 2195 2208 2197
3 2188 2209 2208
3 2197 2208 2209
3 2195 2205 2211
3 2194 2210 2205
3 2186 2211 2210
3 2205 2210 2211
3 2194 2203 2213
3 2191 2212 2203
3 2190 2213 2212
3 2203 2212 2213
3 2191 2201 2215
3 2185 2214 2201
3 2192 2215 2214
3 2201 2214 2215
3 2187 2216 2218
3 2193 2217 2216
3 2188 2218 2217
3 2216 2217 2218
3 2187 2218 2220
3 2188 2219 2218
3 2186 2220 2219
3 2218 2219 2220
3 2187 2220 2222
3 2186 2221 2220
3 2190 2222 2221
3 2220 2221 2222
3 2187 2222 2224
3 2190 2223 2222
3 2192 2224 2223
3 2222 2223 2224
3 2187 2224 2216
3 2192 2225 2224
3 2193 2216 2225
3 2224 2225 2216
3 2188 2217 2209
3 2193 2206 2217
3 2189 2209 2206
3 2217 2206 2209
3 2186 2219 2211
3 2188 2208 2219
3 2195 2211 2208
3 2219 2208 2211
3 2190 2221 2213
3 2186 2210 2221
3 2194 2213 2210
3 2221 2210 2213
3 2192 2223 2215
3 2190 2212 2223
3 2191 2215 2212
3 2223 2212 2215
3 2193 2225 2207
3 2192 2214 2225
3 2185 2207 2214
3 2225 2214 2207
3 2226 2238 2240
3 2237 2239 2238
3 2231 2240 2239
3 2238 2239 2240
3 2226 2240 2242
3 2231 2241 2240
3 2227 2242 2241
3 2240 2241 2242
3 2226 2242 2244
3 2227 2243 2242
3 2233 2244 2243
3 2242 2243 2244
3 2226 2244 2246
3 2233 2245 2244
3 2236 2246 2245
3 2244 2245 2246
3 2226 2246 2238
3 2236 2247 2246
3 2237 2238 2247
3 2246 2247 2238
3 2227 2241 2249
3 2231 2248 2241
3 2235 2249 2248
3 2241 2248 2249
3 2231 2239 2251
3 2237 2250 2239
3 2230 2251 2250
3 2239 2250 2251
3 2237 2247 2253
3 2236 2252 2247
3 2228 2253 2252
3 2247 2252 2253
3 2236 2245 2255
3 2233 2254 2245
3 2232 2255 2254
3 2245 2254 2255
3 2233 2243 2257
3 2227 2256 2243
3 2234 2257 2256
3 2243 2256 2257
3 2229 2258 2260
3 2235 2259 2258
3 2230 2260 2259
3 2258 2259 2260
3 2229 2260 2262
3 2230 2261 2260
3 2228 2262 2261
3 2260 2261 2262
3 2229 2262 2264
3 2228 2263 2262
3 2232 2264 2263
3 2262 2263 2264
3 2229 2264 2266
3 2232 2265 2264
3 2234 2266 2265
3 2264 2265 2266
3 2229 2266 2258
3 2234 2267 2266
3 2235 2258 2267
3 2266 2267 2258
3 2230 2259 2251
3 2235 2248 2259
3 2231 2251 2248
3 2259 2248 2251
3 2228 2261 2253
3 2230 2250 2261
3 2237 2253 2250
3 2261 2250 2253
3 2232 2263 2255
3 2228 2252 2263
3 2236 2255 2252
3 2263 2252 2255
3 2234 2265 2257
3 2232 2254 2265
3 2233 2257 2254
3 2265 2254 2257
3 2235 2267 2249
3 2234 2256 2267
3 2227 2249 2256
3 2267 2256 2249
3 2268 2280 2282
3 2279 2281 2280
3 2273 2282 2281
3 2280 2281 2282
3 2268 2282 2284
3 2273 2283 2282
3 2269 2284 2283
3 2282 2283 2284
3 2268 2284 2286
3 2269 2285 2284
3 2275 2286 2285
3 2284 2285 2286
3 2268 2286 2288
3 2275 2287 2286
3 2278 2288 2287
3 2286 2287 2288
3 2268 2288 2280
3 2278 2289 2288
3 2279 2280 2289
3 2288 2289 2280
3 2269 2283 2291
3 2273 2290 2283
3 2277 2291 2290
3 2283 2290 2291
3 2273 2281 2293
3 2279 2292 2281
3 2272 2293 2292
3 2281 2292 2293
3 2279 2289 2295
3 2278 2294 2289
3 2270 2295 2294
3 2289 2294 2295
3 2278 2287 2297
3 2275 2296 2287
3 2274 2297 2296
3 2287 2296 2297
3 2275 2285 2299
3 2269 2298 2285
3 2276 2299 2298
3 2285 2298 2299
3 2271 2300 2302
3 2277 2301 2300
3 2272 2302 2301
3 2300 2301 2302
3 2271 2302 2304
3 2272 2303 2302
3 2270 2304 2303
3 2302 2303 2304
3 2271 2304 2306
3 2270 2305 2304
3 2274 2306 2305
3 2304 2305 2306
3 2271 2306 2308
3 2274 2307 2306
3 2276 2308 2307
3 2306 2307 2308
3 2271 2308 2300
3 2276 2309 2308
3 2277 2300 2309
3 2308 2309 2300
3 2272 2301 2293
3 2277 2290 2301
3 2273 2293 2290
3 2301 2290 2293
3 2270 2303 2295
3 2272 2292 2303
3 2279 2295 2292
3 2303 2292 2295
3 2274 2305 2297
3 2270 2294 2305
3 2278 2297 2294
3 2305 2294 2297
3 2276 2307 2299
3 2274 2296 2307
3 2275 2299 2296
3 2307 2296 2299
3 2277 2309 2291
3 2276 2298 2309
3 2269 2291 2298
3 2309 2298 2291
3 2310 2322 2324
3 2321 2323 2322
3 2315 2324 2323
3 2322 2323 2324
3 2310 2324 2326
3 2315 2325 2324
3 2311 2326 2325
3 2324 2325 2326
3 2310 2326 2328
3 2311 2327 2326
3 2317 2328 2327
3 2326 2327 2328
3 2310 2328 2330
3 2317 2329 2328
3 2320 2330 2329
3 2328 2329 2330
3 2310 2330 2322
3 2320 2331 2330
3 2321 2322 2331
3 2330 2331 2322
3 2311 2325 2333
3 2315 2332 2325
3 2319 2333 2332
3 2325 2332 2333
3 2315 2323 2335
3 2321 2334 2323
3 2314 2335 2334
3 2323 2334 2335
3 2321 2331 2337
3 2320 2336 2331
3 2312 2337 2336
3 2331 2336 2337
3 2320 2329 2339
3 2317 2338 2329
3 2316 2339 2338
3 2329 2338 2339
3 2317 2327 2341
3 2311 2340 2327
3 2318 2341 2340
3 2327 2340 2341
3 2313 2342 2344
3 2319 2343 2342
3 2314 2344 2343
3 2342 2343 2344
3 2313 2344 2346
3 2314 2345 2344
3 2312 2346 2345
3 2344 2345 2346
3 2313 2346 2348
3 2312 2347 2346
3 2316 2348 2347
3 2346 2347 2348
3 2313 2348 2350
3 2316 2349 2348
3 2318 2350 2349
3 2348 2349 2350
3 2313 2350 2342
3 2318 2351 2350
3 2319 2342 2351
3 2350 2351 2342
3 2314 2343 2335
3 2319 2332 2343
3 2315 2335 2332
3 2343 2332 2335
3 2312 2345 2337
3 2314 2334 2345
3 2321 2337 2334
3 2345 2334 2337
3 2316 2347 2339
3 2312 2336 2347
3 2320 2339 2336
3 2347 2336 2339
3 2318 2349 2341
3 2316 2338 2349
3 2317 2341 2338
3 2349 2338 2341
3 2319 2351 2333
3 2318 2340 2351
3 2311 2333 2340
3 2351 2340 2333
3 2352 2364 2366
3 2363 2365 2364
3 2357 2366 2365
3 2364 2365 2366
3 2352 2366 2368
3 2357 2367 2366
3 2353 2368 2367
3 2366 2367 2368
3 2352 2368 2370
3 2353 2369 2368
3 2359 2370 2369
3 2368 2369 2370
3 2352 2370 2372
3 2359 2371 2370
3 2362 2372 2371
3 2370 2371 2372
3 2352 2372 2364
3 2362 2373 2372
3 2363 2364 2373
3 2372 2373 2364
3 2353 2367 2375
3 2357 2374 2367
3 2361 2375 2374
3 2367 2374 2375
3 2357 2365 2377
3 2363 2376 2365
3 2356 2377 2376
3 2365 2376 2377
3 2363 2373 2379
3 2362 2378 2373
3 2354 2379 2378
3 2373 2378 2379
3 2362 2371 2381
3 2359 2380 2371
3 2358 2381 2380
3 2371 2380 2381
3 2359 2369 2383
3 2353 2382 2369
3 2360 2383 2382
3 2369 2382 2383
3 2355 2384 2386
3 2361 2385 2384
3 2356 2386 2385
3 2384 2385 2386
3 2355 2386 2388
3 2356 2387 2386
3 2354 2388 2387
3 2386 2387 2388
3 2355 2388 2390
3 2354 2389 2388
3 2358 2390 2389
3 2388 2389 2390
3 2355 2390 2392
3 2358 2391 2390
3 2360 2392 2391
3 2390 2391 2392
3 2355 2392 2384
3 2360 2393 2392
3 2361 2384 2393
3 2392 2393 2384
3 2356 2385 2377
3 2361 2374 2385
3 2357 2377 2374
3 2385 2374 2377
3 2354 2387 2379
3 2356 2376 2387
3 2363 2379 2376
3 2387 2376 2379
3 2358 2389 2381
3 2354 2378 2389
3 2362 2381 2378
3 2389 2378 2381
3 2360 2391 2383
3 2358 2380 2391
3 2359 2383 2380
3 2391 2380 2383
3 2361 2393 2375
3 2360 2382 2393
3 2353 2375 2382
3 2393 2382 2375
3 2394 2406 2408
3 2405 2407 2406
3 2399 2408 2407
3 2406 2407 2408
3 2394 2408 2410
3 2399 2409 2408
3 2395 2410 2409
3 2408 2409 2410
3 2394 2410 2412
3 2395 2411 2410
3 2401 2412 2411
3 2410 2411 2412
3 2394 2412 2414
3 2401 2413 2412
3 2404 2414 2413
3 2412 2413 2414
3 2394 2414 2406
3 2404 2415 2414
3 2405 2406 2415
3 2414 2415 2406
3 2395 2409 2417
3 2399 2416 2409
3 2403 2417 2416
3 2409 2416 2417
3 2399 2407 2419
3 2405 2418 2407
3 2398 2419 2418
3 2407 2418 2419
3 2405 2415 2421
3 2404 2420 2415
3 2396 2421 2420
3 2415 2420 2421
3 2404 2413 2423
3 2401 2422 2413
3 2400 2423 2422
3 2413 2422 2423
3 2401 2411 2425
3 2395 2424 2411
3 2402 2425 2424
3 2411 2424 2425
3 2397 2426 2428
3 2403 2427 2426
3 2398 2428 2427
3 2426 2427 2428
3 2397 2428 2430
3 2398 2429 2428
3 2396 2430 2429
3 2428 2429 2430
3 2397 2430 2432
3 2396 2431 2430
3 2400 2432 2431
3 2430 2431 2432
3 2397 2432 2434
3 2400 2433 2432
3 2402 2434 2433
3 2432 2433 2434
3 2397 2434 2426
3 2402 2435 2434
3 2403 2426 2435
3 2434 2435 2426
3 2398 2427 2419
3 2403 2416 2427
3 2399 2419 2416
3 2427 2416 2419
3 2396 2429 2421
3 2398 2418 2429
3 2405 2421 2418
3 2429 2418 2421
3 2400 2431 2423
3 2396 2420 2431
3 2404 2423 2420
3 2431 2420 2423
3 2402 2433 2425
3 2400 2422 2433
3 2401 2425 2422
3 2433 2422 2425
3 2403 2435 2417
3 2402 2424 2435
3 2395 2417 2424
3 2435 2424 2417
3 2436 2448 2450
3 2447 2449 2448
3 2441 2450 2449
3 2448 2449 2450
3 2436 2450 2452
3 2441 2451 2450
3 2437 2452 2451
3 2450 2451 2452
3 2436 2452 2454
3 2437 2453 2452
3 2443 2454 2453
3 2452 2453 2454
3 2436 2454 2456
3 2443 2455 2454
3 2446 2456 2455
3 2454 2455 2456
3 2436 2456 2448
3 2446 2457 2456
3 2447 2448 2457
3 2456 2457 2448
3 2437 2451 2459
3 2441 2458 2451
3 2445 2459 2458
3 2451 2458 2459
3 2441 2449 2461
3 2447 2460 2449
3 2440 2461 2460
3 2449 2460 2461
3 2447 2457 2463
3 2446 2462 2457
3 2438 2463 2462
3 2457 2462 2463
3 2446 2455 2465
3 2443 2464 2455
3 2442 2465 2464
3 2455 2464 2465
3 2443 2453 2467
3 2437 2466 2453
3 2444 2467 2466
3 2453 2466 2467
3 2439 2468 2470
3 2445 2469 2468
3 2440 2470 2469
3 2468 2469 2470
3 2439 2470 2472
3 2440 2471 2470
3 2438 2472 2471
3 2470 2471 2472
3 2439 2472 2474
3 2438 2473 2472
3 2442 2474 2473
3 2472 2473 2474
3 2439 2474 2476
3 2442 2475 2474
3 2444 2476 2475
3 2474 2475 2476
3 2439 2476 2468
3 2444 2477 2476
3 2445 2468 2477
3 2476 2477 2468
3 2440 2469 2461
3 2445 2458 2469
3 2441 2461 2458
3 2469 2458 2461
3 2438 2471 2463
3 2440 2460 2471
3 2447 2463 2460
3 2471 2460 2463
3 2442 2473 2465
3 2438 2462 2473
3 2446 2465 2462
3 2473 2462 2465
3 2444 2475 2467
3 2442 2464 2475
3 2443 2467 2464
3 2475 2464 2467
3 2445 2477 2459
3 2444 2466 2477
3 2437 2459 2466
3 2477 2466 2459
3 2478 2490 2492
3 2489 2491 2490
3 2483 2492 2491
3 2490 2491 2492
3 2478 2492 2494
3 2483 2493 2492
3 2479 2494 2493
3 2492 2493 2494
3 2478 2494 2496
3 2479 2495 2494
3 2485 2496 2495
3 2494 2495 2496
3 2478 2496 2498
3 2485 2497 2496
3 2488 2498 2497
3 2496 2497 2498
3 2478 2498 2490
3 2488 2499 2498
3 2489 2490 2499
3 2498 2499 2490
3 2479 2493 2501
3 2483 2500 2493
3 2487 2501 2500
3 2493 2500 2501
3 2483 2491 2503
3 2489 2502 2491
3 2482 2503 2502
3 2491 2502 2503
3 2489 2499 2505
3 2488 2504 2499
3 2480 2505 2504
3 2499 2504 2505
3 2488 2497 2507
3 2485 2506 2497
3 2484 2507 2506
3 2497 2506 2507
3 2485 2495 2509
3 2479 2508 2495
3 2486 2509 2508
3 2495 2508 2509
3 2481 2510 2512
3 2487 2511 2510
3 2482 2512 2511
3 2510 2511 2512
3 2481 2512 2514
3 2482 2513 2512
3 2480 2514 2513
3 2512 2513 2514
3 2481 2514 2516
3 2480 2515 2514
3 2484 2516 2515
3 2514 2515 2516
3 2481 2516 2518
3 2484 2517 2516
3 2486 2518 2517
3 2516 2517 2518
3 2481 2518 2510
3 2486 2519 2518
3 2487 2510 2519
3 2518 2519 2510
3 2482 2511 2503
3 2487 2500 2511
3 2483 2503 2500
3 2511 2500 2503
3 2480 2513 2505
3 2482 2502 2513
3 2489 2505 2502
3 2513 2502 2505
3 2484 2515 2507
3 2480 2504 2515
3 2488 2507 2504
3 2515 2504 2507
3 2486 2517 2509
3 2484 2506 2517
3 2485 2509 2506
3 2517 2506 2509
3 2487 2519 2501
3 2486 2508 2519
3 2479 2501 2508
3 2519 2508 2501
3 2520 2532 2534
3 2531 2533 2532
3 2525 2534 2533
3 2532 2533 2534
3 2520 2534 2536
3 2525 2535 2534
3 2521 2536 2535
3 2534 2535 2536
3 2520 2536 2538
3 2521 2537 2536
3 2527 2538 2537
3 2536 2537 2538
3 2520 2538 2540
3 2527 2539 2538
3 2530 2540 2539
3 2538 2539 2540
3 2520 2540 2532
3 2530 2541 2540
3 2531 2532 2541
3 2540 2541 2532
3 2521 2535 2543
3 2525 2542 2535
3 2529 2543 2542
3 2535 2542 2543
3 2525 2533 2545
3 2531 2544 2533
3 2524 2545 2544
3 2533 2544 2545
3 2531 2541 2547
3 2530 2546 2541
3 2522 2547 2546
3 2541 2546 2547
3 2530 2539 2549
3 2527 2548 2539
3 2526 2549 2548
3 2539 2548 2549
3 2527 2537 2551
3 2521 2550 2537
3 2528 2551 2550
3 2537 2550 2551
3 2523 2552 2554
3 2529 2553 2552
3 2524 2554 2553
3 2552 2553 2554
3 2523 2554 2556
3 2524 2555 2554
3 2522 2556 2555
3 2554 2555 2556
3 2523 2556 2558
3 2522 2557 2556
3 2526 2558 2557
3 2556 2557 2558
3 2523 2558 2560
3 2526 2559 2558
3 2528 2560 2559
3 2558 2559 2560
3 2523 2560 2552
3 2528 2561 2560
3 2529 2552 2561
3 2560 2561 2552
3 2524 2553 2545
3 2529 2542 2553
3 2525 2545 2542
3 2553 2542 2545
3 2522 2555 2547
3 2524 2544 2555
3 2531 2547 2544
3 2555 2544 2547
3 2526 2557 2549
3 2522 2546 2557
3 2530 2549 2546
3 2557 2546 2549
3 2528 2559 2551
3 2526 2548 2559
3 2527 2551 2548
3 2559 2548 2551
3 2529 2561 2543
3 2528 2550 2561
3 2521 2543 2550
3 2561 2550 2543
3 2562 2574 2576
3 2573 2575 2574
3 2567 2576 2575
3 2574 2575 2576
3 2562 2576 2578
3 2567 2577 2576
3 2563 2578 2577
3 2576 2577 2578
3 2562 2578 2580
3 2563 2579 2578
3 2569 2580 2579
3 2578 2579 2580
3 2562 2580 2582
3 2569 2581 2580
3 2572 2582 2581
3 2580 2581 2582
3 2562 2582 2574
3 2572 2583 2582
3 2573 2574 2583
3 2582 2583 2574
3 2563 2577 2585
3 2567 2584 2577
3 2571 2585 2584
3 2577 2584 2585
3 2567 2575 2587
3 2573 2586 2575
3 2566 2587 2586
3 2575 2586 2587
3 2573 2583 2589
3 2572 2588 2583
3 2564 2589 2588
3 2583 2588 2589
3 2572 2581 2591
3 2569 2590 2581
3 2568 2591 2590
3 2581 2590 2591
3 2569 2579 2593
3 2563 2592 2579
3 2570 2593 2592
3 2579 2592 2593
3 2565 2594 2596
3 2571 2595 2594
3 2566 2596 2595
3 2594 2595 2596
3 2565 2596 2598
3 2566 2597 2596
3 2564 2598 2597
3 2596 2597 2598
3 2565 2598 2600
3 2564 2599 2598
3 2568 2600 2599
3 2598 2599 2600
3 2565 2600 2602
3 2568 2601 2600
3 2570 2602 2601
3 2600 2601 2602
3 2565 2602 2594
3 2570 2603 2602
3 2571 2594 2603
3 2602 2603 2594
3 2566 2595 2587
3 2571 2584 2595
3 2567 2587 2584
3 2595 2584 2587
3 2564 2597 2589
3 2566 2586 2597
3 2573 2589 2586
3 2597 2586 2589
3 2568 2599 2591
3 2564 2588 2599
3 2572 2591 2588
3 2599 2588 2591
3 2570 2601 2593
3 2568 2590 2601
3 2569 2593 2590
3 2601 2590 2593
3 2571 2603 2585
3 2570 2592 2603
3 2563 2585 2592
3 2603 2592 2585
3 2604 2616 2618
3 2615 2617 2616
3 2609 2618 2617
3 2616 2617 2618
3 2604 2618 2620
3 2609 2619 2618
3 2605 2620 2619
3 2618 2619 2620
3 2604 2620 2622
3 2605 2621 2620
3 2611 2622 2621
3 2620 2621 2622
3 2604 2622 2624
3 2611 2623 2622
3 2614 2624 2623
3 2622 2623 2624
3 2604 2624 2616
3 2614 2625 2624
3 2615 2616 2625
3 2624 2625 2616
3 2605 2619 2627
3 2609 2626 2619
3 2613 2627 2626
3 2619 2626 2627
3 2609 2617 2629
3 2615 2628 2617
3 2608 2629 2628
3 2617 2628 2629
3 2615 2625 2631
3 2614 2630 2625
3 2606 2631 2630
3 2625 2630 2631
3 2614 2623 2633
3 2611 2632 2623
3 2610 2633 2632
3 2623 2632 2633
3 2611 2621 2635
3 2605 2634 2621
3 2612 2635 2634
3 2621 2634 2635
3 2607 2636 2638
3 2613 2637 2636
3 2608 2638 2637
3 2636 2637 2638
3 2607 2638 2640
3 2608 2639 2638
3 2606 2640 2639
3 2638 2639 2640
3 2607 2640 2642
3 2606 2641 2640
3 2610 2642 2641
3 2640 2641 2642
3 2607 2642 2644
3 2610 2643 2642
3 2612 2644 2643
3 2642 2643 2644
3 2607 2644 2636
3 2612 2645 2644
3 2613 2636 2645
3 2644 2645 2636
3 2608 2637 2629
3 2613 2626 2637
3 2609 2629 2626
3 2637 2626 2629
3 2606 2639 2631
3 2608 2628 2639
3 2615 2631 2628
3 2639 2628 2631
3 2610 2641 2633
3 2606 2630 2641
3 2614 2633 2630
3 2641 2630 2633
3 2612 2643 2635
3 2610 2632 2643
3 2611 2635 2632
3 2643 2632 2635
3 2613 2645 2627
3 2612 2634 2645
3 2605 2627 2634
3 2645 2634 2627
3 2646 2658 2660
3 2657 2659 2658
3 2651 2660 2659
3 2658 2659 2660
3 2646 2660 2662
3 2651 2661 2660
3 2647 2662 2661
3 2660 2661 2662
3 2646 2662 2664
3 2647 2663 2662
3 2653 2664 2663
3 2662 2663 2664
3 2646 2664 2666
3 2653 2665 2664
3 2656 2666 2665
3 2664 2665 2666
3 2646 2666 2658
3 2656 2667 2666
3 2657 2658 2667
3 2666 2667 2658
3 2647 2661 2669
3 2651 2668 2661
3 2655 2669 2668
3 2661 2668 2669
3 2651 2659 2671
3 2657 2670 2659
3 2650 2671 2670
3 2659 2670 2671
3 2657 2667 2673
3 2656 2672 2667
3 2648 2673 2672
3 2667 2672 2673
3 2656 2665 2675
3 2653 2674 2665
3 2652 2675 2674
3 2665 2674 2675
3 2653 2663 2677
3 2647 2676 2663
3 2654 2677 2676
3 2663 2676 2677
3 2649 2678 2680
3 2655 2679 2678
3 2650 2680 2679
3 2678 2679 2680
3 2649 2680 2682
3 2650 2681 2680
3 2648 2682 2681
3 2680 2681 2682
3 2649 2682 2684
3 2648 2683 2682
3 2652 2684 2683
3 2682 2683 2684
3 2649 2684 2686
3 2652 2685 2684
3 2654 2686 2685
3 2684 2685 2686
3 2649 2686 2678
3 2654 2687 2686
3 2655 2678 2687
3 2686 2687 2678
3 2650 2679 2671
3 2655 2668 2679
3 2651 2671 2668
3 2679 2668 2671
3 2648 2681 2673
3 2650 2670 2681
3 2657 2673 2670
3 2681 2670 2673
3 2652 2683 2675
3 2648 2672 2683
3 2656 2675 2672
3 2683 2672 2675
3 2654 2685 2677
3 2652 2674 2685
3 2653 2677 2674
3 2685 2674 2677
3 2655 2687 2669
3 2654 2676 2687
3 2647 2669 2676
3 2687 2676 2669
3 2688 2700 2702
3 2699 2701 2700
3 2693 2702 2701
3 2700 2701 2702
3 2688 2702 2704
3 2693 2703 2702
3 2689 2704 2703
3 2702 2703 2704
3 2688 2704 2706
3 2689 2705 2704
3 2695 2706 2705
3 2704 2705 2706
3 2688 2706 2708
3 2695 2707 2706
3 2698 2708 2707
3 2706 2707 2708
3 2688 2708 2700
3 2698 2709 2708
3 2699 2700 2709
3 2708 2709 2700
3 2689 2703 2711
3 2693 2710 2703
3 2697 2711 2710
3 2703 2710 2711
3 2693 2701 2713
3 2699 2712 2701
3 2692 2713 2712
3 2701 2712 2713
3 2699 2709 2715
3 2698 2714 2709
3 2690 2715 2714
3 2709 2714 2715
3 2698 2707 2717
3 2695 2716 2707
3 2694 2717 2716
3 2707 2716 2717
3 2695 2705 2719
3 2689 2718 2705
3 2696 2719 2718
3 2705 2718 2719
3 2691 2720 2722
3 2697 2721 2720
3 2692 2722 2721
3 2720 2721 2722
3 2691 2722 2724
3 2692 2723 2722
3 2690 2724 2723
3 2722 2723 2724
3 2691 2724 2726
3 2690 2725 2724
3 2694 2726 2725
3 2724 2725 2726
3 2691 2726 2728
3 2694 2727 2726
3 2696 2728 2727
3 2726 2727 2728
3 2691 2728 2720
3 2696 2729 2728
3 2697 2720 2729
3 2728 2729 2720
3 2692 2721 2713
3 2697 2710 2721
3 2693 2713 2710
3 2721 2710 2713
3 2690 2723 2715
3 2692 2712 2723
3 2699 2715 2712
3 2723 2712 2715
3 2694 2725 2717
3 2690 2714 2725
3 2698 2717 2714
3 2725 2714 2717
3 2696 2727 2719
3 2694 2716 2727
3 2695 2719 2716
3 2727 2716 2719
3 2697 2729 2711
3 2696 2718 2729
3 2689 2711 2718
3 2729 2718 2711
3 2730 2742 2744
3 2741 2743 2742
3 2735 2744 2743
3 2742 2743 2744
3 2730 2744 2746
3 2735 2745 2744
3 2731 2746 2745
3 2744 2745 2746
3 2730 2746 2748
3 2731 2747 2746
3 2737 2748 2747
3 2746 2747 2748
3 2730 2748 2750
3 2737 2749 2748
3 2740 2750 2749
3 2748 2749 2750
3 2730 2750 2742
3 2740 2751 2750
3 2741 2742 2751
3 2750 2751 2742
3 2731 2745 2753
3 2735 2752 2745
3 2739 2753 2752
3 2745 2752 2753
3 2735 2743 2755
3 2741 2754 2743
3 2734 2755 2754
3 2743 2754 2755
3 2741 2751 2757
3 2740 2756 2751
3 2732 2757 2756
3 2751 2756 2757
3 2740 2749 2759
3 2737 2758 2749
3 2736 2759 2758
3 2749 2758 2759
3 2737 2747 2761
3 2731 2760 2747
3 2738 2761 2760
3 2747 2760 2761
3 2733 2762 2764
3 2739 2763 2762
3 2734 2764 2763
3 2762 2763 2764
3 2733 2764 2766
3 2734 2765 2764
3 2732 2766 2765
3 2764 2765 2766
3 2733 2766 2768
3 2732 2767 2766
3 2736 2768 2767
3 2766 2767 2768
3 2733 2768 2770
3 2736 2769 2768
3 2738 2770 2769
3 2768 2769 2770
3 2733 2770 2762
3 2738 2771 2770
3 2739 2762 2771
3 2770 2771 2762
3 2734 2763 2755
3 2739 2752 2763
3 2735 2755 2752
3 2763 2752 2755
3 2732 2765 2757
3 2734 2754 2765
3 2741 2757 2754
3 2765 2754 2757
3 2736 2767 2759
3 2732 2756 2767
3 2740 2759 2756
3 2767 2756 2759
3 2738 2769 2761
3 2736 2758 2769
3 2737 2761 2758
3 2769 2758 2761
3 2739 2771 2753
3 2738 2760 2771
3 2731 2753 2760
3 2771 2760 2753
3 2772 2784 2786
3 2783 2785 2784
3 2777 2786 2785
3 2784 2785 2786
3 2772 2786 2788
3 2777 2787 2786
3 2773 2788 2787
3 2786 2787 2788
3 2772 2788 2790
3 2773 2789 2788
3 2779 2790 2789
3 2788 2789 2790
3 2772 2790 2792
3 2779 2791 2790
3 2782 2792 2791
3 2790 2791 2792
3 2772 2792 2784
3 2782 2793 2792
3 2783 2784 2793
3 2792 2793 2784
3 2773 2787 2795
3 2777 2794 2787
3 2781 2795 2794
3 2787 2794 2795
3 2777 2785 2797
3 2783 2796 2785
3 2776 2797 2796
3 2785 2796 2797
3 2783 2793 2799
3 2782 2798 2793
3 2774 2799 2798
3 2793 2798 2799
3 2782 2791 2801
3 2779 2800 2791
3 2778 2801 2800
3 2791 2800 2801
3 2779 2789 2803
3 2773 2802 2789
3 2780 2803 2802
3 2789 2802 2803
3 2775 2804 2806
3 2781 2805 2804
3 2776 2806 2805
3 2804 2805 2806
3 2775 2806 2808
3 2776 2807 2806
3 2774 2808 2807
3 2806 2807 2808
3 2775 2808 2810
3 2774 2809 2808
3 2778 2810 2809
3 2808 2809 2810
3 2775 2810 2812
3 2778 2811 2810
3 2780 2812 2811
3 2810 2811 2812
3 2775 2812 2804
3 2780 2813 2812
3 2781 2804 2813
3 2812 2813 2804
3 2776 2805 2797
3 2781 2794 2805
3 2777 2797 2794
3 2805 2794 2797
3 2774 2807 2799
3 2776 2796 2807
3 2783 2799 2796
3 2807 2796 2799
3 2778 2809 2801
3 2774 2798 2809
3 2782 2801 2798
3 2809 2798 2801
3 2780 2811 2803
3 2778 2800 2811
3 2779 2803 2800
3 2811 2800 2803
3 2781 2813 2795
3 2780 2802 2813
3 2773 2795 2802
3 2813 2802 2795
3 2814 2826 2828
3 2825 2827 2826
3 2819 2828 2827
3 2826 2827 2828
3 2814 2828 2830
3 2819 2829 2828
3 2815 2830 2829
3 2828 2829 2830
3 2814 2830 2832
3 2815 2831 2830
3 2821 2832 2831
3 2830 2831 2832
3 2814 2832 2834
3 2821 2833 2832
3 2824 2834 2833
3 2832 2833 2834
3 2814 2834 2826
3 2824 2835 2834
3 2825 2826 2835
3 2834 2835 2826
3 2815 2829 2837
3 2819 2836 2829
3 2823 2837 2836
3 2829 2836 2837
3 2819 2827 2839
3 2825 2838 2827
3 2818 2839 2838
3 2827 2838 2839
3 2825 2835 2841
3 2824 2840 2835
3 2816 2841 2840
3 2835 2840 2841
3 2824 2833 2843
3 2821 2842 2833
3 2820 2843 2842
3 2833 2842 2843
3 2821 2831 2845
3 2815 2844 2831
3 2822 2845 2844
3 2831 2844 2845
3 2817 2846 2848
3 2823 2847 2846
3 2818 2848 2847
3 2846 2847 2848
3 2817 2848 2850
3 2818 2849 2848
3 2816 2850 2849
3 2848 2849 2850
3 2817 2850 2852
3 2816 2851 2850
3 2820 2852 2851
3 2850 2851 2852
3 2817 2852 2854
3 2820 2853 2852
3 2822 2854 2853
3 2852 2853 2854
3 2817 2854 2846
3 2822 2855 2854
3 2823 2846 2855
3 2854 2855 2846
3 2818 2847 2839
3 2823 2836 2847
3 2819 2839 2836
3 2847 2836 2839
3 2816 2849 2841
3 2818 2838 2849
3 2825 2841 2838
3 2849 2838 2841
3 2820 2851 2843
3 2816 2840 2851
3 2824 2843 2840
3 2851 2840 2843
3 2822 2853 2845
3 2820 2842 2853
3 2821 2845 2842
3 2853 2842 2845
3 2823 2855 2837
3 2822 2844 2855
3 2815 2837 2844
3 2855 2844 2837
3 2856 2868 2870
3 2867 2869 2868
3 2861 2870 2869
3 2868 2869 2870
3 2856 2870 2872
3 2861 2871 2870
3 2857 2872 2871
3 2870 2871 2872
3 2856 2872 2874
3 2857 2873 2872
3 2863 2874 2873
3 2872 2873 2874
3 2856 2874 2876
3 2863 2875 2874
3 2866 2876 2875
3 2874 2875 2876
3 2856 2876 2868
3 2866 2877 2876
3 2867 2868 2877
3 2876 2877 2868
3 2857 2871 2879
3 2861 2878 2871
3 2865 2879 2878
3 2871 2878 2879
3 2861 2869 2881
3 2867 2880 2869
3 2860 2881 2880
3 2869 2880 2881
3 2867 2877 2883
3 2866 2882 2877
3 2858 2883 2882
3 2877 2882 2883
3 2866 2875 2885
3 2863 2884 2875
3 2862 2885 2884
3 2875 2884 2885
3 2863 2873 2887
3 2857 2886 2873
3 2864 2887 2886
3 2873 2886 2887
3 2859 2888 2890
3 2865 2889 2888
3 2860 2890 2889
3 2888 2889 2890
3 2859 2890 2892
3 2860 2891 2890
3 2858 2892 2891
3 2890 2891 2892
3 2859 2892 2894
3 2858 2893 2892
3 2862 2894 2893
3 2892 2893 2894
3 2859 2894 2896
3 2862 2895 2894
3 2864 2896 2895
3 2894 2895 2896
3 2859 2896 2888
3 2864 2897 2896
3 2865 2888 2897
3 2896 2897 2888
3 2860 2889 2881
3 2865 2878 2889
3 2861 2881 2878
3 2889 2878 2881
3 2858 2891 2883
3 2860 2880 2891
3 2867 2883 2880
3 2891 2880 2883
3 2862 2893 2885
3 2858 2882 2893
3 2866 2885 2882
3 2893 2882 2885
3 2864 2895 2887
3 2862 2884 2895
3 2863 2887 2884
3 2895 2884 2887
3 2865 2897 2879
3 2864 2886 2897
3 2857 2879 2886
3 2897 2886 2879
3 2898 2910 2912
3 2909 2911 2910
3 2903 2912 2911
3 2910 2911 2912
3 2898 2912 2914
3 2903 2913 2912
3 2899 2914 2913
3 2912 2913 2914
3 2898 2914 2916
3 2899 2915 2914
3 2905 2916 2915
3 2914 2915 2916
3 2898 2916 2918
3 2905 2917 2916
3 2908 2918 2917
3 2916 2917 2918
3 2898 2918 2910
3 2908 2919 2918
3 2909 2910 2919
3 2918 2919 2910
3 2899 2913 2921
3 2903 2920 2913
3 2907 2921 2920
3 2913 2920 2921
3 2903 2911 2923
3 2909 2922 2911
3 2902 2923 2922
3 2911 2922 2923
3 2909 2919 2925
3 2908 2924 2919
3 2900 2925 2924
3 2919 2924 2925
3 2908 2917 2927
3 2905 2926 2917
3 2904 2927 2926
3 2917 2926 2927
3 2905 2915 2929
3 2899 2928 2915
3 2906 2929 2928
3 2915 2928 2929
3 2901 2930 2932
3 2907 2931 2930
3 2902 2932 2931
3 2930 2931 2932
3 2901 2932 2934
3 2902 2933 2932
3 2900 2934 2933
3 2932 2933 2934
3 2901 2934 2936
3 2900 2935 2934
3 2904 2936 2935
3 2934 2935 2936
3 2901 2936 2938
3 2904 2937 2936
3 2906 2938 2937
3 2936 2937 2938
3 2901 2938 2930
3 2906 2939 2938
3 2907 2930 2939
3 2938 2939 2930
3 2902 2931 2923
3 2907 2920 2931
3 2903 2923 2920
3 2931 2920 2923
3 2900 2933 2925
3 2902 2922 2933
3 2909 2925 2922
3 2933 2922 2925
3 2904 2935 2927
3 2900 2924 2935
3 2908 2927 2924
3 2935 2924 2927
3 2906 2937 2929
3 2904 2926 2937
3 2905 2929 2926
3 2937 2926 2929
3 2907 2939 2921
3 2906 2928 2939
3 2899 2921 2928
3 2939 2928 2921
3 2940 2952 2954
3 2951 2953 2952
3 2945 2954 2953
3 2952 2953 2954
3 2940 2954 2956
3 2945 2955 2954
3 2941 2956 2955
3 2954 2955 2956
3 2940 2956 2958
3 2941 2957 2956
3 2947 2958 2957
3 2956 2957 2958
3 2940 2958 2960
3 2947 2959 2958
3 2950 2960 2959
3 2958 2959 2960
3 2940 2960 2952
3 2950 2961 2960
3 2951 2952 2961
3 2960 2961 2952
3 2941 2955 2963
3 2945 2962 2955
3 2949 2963 2962
3 2955 2962 2963
3 2945 2953 2965
3 2951 2964 2953
3 2944 2965 2964
3 2953 2964 2965
3 2951 2961 2967
3 2950 2966 2961
3 2942 2967 2966
3 2961 2966 2967
3 2950 2959 2969
3 2947 2968 2959
3 2946 2969 2968
3 2959 2968 2969
3 2947 2957 2971
3 2941 2970 2957
3 2948 2971 2970
3 2957 2970 2971
3 2943 2972 2974
3 2949 2973 2972
3 2944 2974 2973
3 2972 2973 2974
3 2943 2974 2976
3 2944 2975 2974
3 2942 2976 2975
3 2974 2975 2976
3 2943 2976 2978
3 2942 2977 2976
3 2946 2978 2977
3 2976 2977 2978
3 2943 2978 2980
3 2946 2979 2978
3 2948 2980 2979
3 2978 2979 2980
3 2943 2980 2972
3 2948 2981 2980
3 2949 2972 2981
3 2980 2981 2972
3 2944 2973 2965
3 2949 2962 2973
3 2945 2965 2962
3 2973 2962 2965
3 2942 2975 2967
3 2944 2964 2975
3 2951 2967 2964
3 2975 2964 2967
3 2946 2977 2969
3 2942 2966 2977
3 2950 2969 2966
3 2977 2966 2969
3 2948 2979 2971
3 2946 2968 2979
3 2947 2971 2968
3 2979 2968 2971
3 2949 2981 2963
3 2948 2970 2981
3 2941 2963 2970
3 2981 2970 2963
3 2982 2994 2996
3 2993 2995 2994
3 2987 2996 2995
3 2994 2995 2996
3 2982 2996 2998
3 2987 2997 2996
3 2983 2998 2997
3 2996 2997 2998
3 2982 2998 3000
3 2983 2999 2998
3 2989 3000 2999
3 2998 2999 3000
3 2982 3000 3002
3 2989 3001 3000
3 2992 3002 3001
3 3000 3001 3002
3 2982 3002 2994
3 2992 3003 3002
3 2993 2994 3003
3 3002 3003 2994
3 2983 2997 3005
3 2987 3004 2997
3 2991 3005 3004
3 2997 3004 3005
3 2987 2995 3007
3 2993 3006 2995
3 2986 3007 3006
3 2995 3006 3007
3 2993 3003 3009
3 2992 3008 3003
3 2984 3009 3008
3 3003 3008 3009
3 2992 3001 3011
3 2989 3010 3001
3 2988 3011 3010
3 3001 3010 3011
3 2989 2999 3013
3 2983 3012 2999
3 2990 3013 3012
3 2999 3012 3013
3 2985 3014 3016
3 2991 3015 3014
3 2986 3016 3015
3 3014 3015 3016
3 2985 3016 3018
3 2986 3017 3016
3 2984 3018 3017
3 3016 3017 3018
3 2985 3018 3020
3 2984 3019 3018
3 2988 3020 3019
3 3018 3019 3020
3 2985 3020 3022
3 2988 3021 3020
3 2990 3022 3021
3 3020 3021 3022
3 2985 3022 3014
3 2990 3023 3022
3 2991 3014 3023
3 3022 3023 3014
3 2986 3015 3007
3 2991 3004 3015
3 2987 3007 3004
3 3015 3004 3007
3 2984 3017 3009
3 2986 3006 3017
3 2993 3009 3006
3 3017 3006 3009
3 2988 3019 3011
3 2984 3008 3019
3 2992 3011 3008
3 3019 3008 3011
3 2990 3021 3013
3 2988 3010 3021
3 2989 3013 3010
3 3021 3010 3013
3 2991 3023 3005
3 2990 3012 3023
3 2983 3005 3012
3 3023 3012 3005
3 3024 3036 3038
3 3035 3037 3036
3 3029 3038 3037
3 3036 3037 3038
3 3024 3038 3040
3 3029 3039 3038
3 3025 3040 3039
3 3038 3039 3040
3 3024 3040 3042
3 3025 3041 3040
3 3031 3042 3041
3 3040 3041 3042
3 3024 3042 3044
3 3031 3043 3042
3 3034 3044 3043
3 3042 3043 3044
3 3024 3044 3036
3 3034 3045 3044
3 3035 3036 3045
3 3044 3045 3036
3 3025 3039 3047
3 3029 3046 3039
3 3033 3047 3046
3 3039 3046 3047
3 3029 3037 3049
3 3035 3048 3037
3 3028 3049 3048
3 3037 3048 3049
3 3035 3045 3051
3 3034 3050 3045
3 3026 3051 3050
3 3045 3050 3051
3 3034 3043 3053
3 3031 3052 3043
3 3030 3053 3052
3 3043 3052 3053
3 3031 3041 3055
3 3025 3054 3041
3 3032 3055 3054
3 3041 3054 3055
3 3027 3056 3058
3 3033 3057 3056
3 3028 3058 3057
3 3056 3057 3058
3 3027 3058 3060
3 3028 3059 3058
3 3026 3060 3059
3 3058 3059 3060
3 3027 3060 3062
3 3026 3061 3060
3 3030 3062 3061
3 3060 3061 3062
3 3027 3062 3064
3 3030 3063 3062
3 3032 3064 3063
3 3062 3063 3064
3 3027 3064 3056
3 3032 3065 3064
3 3033 3056 3065
3 3064 3065 3056
3 3028 3057 3049
3 3033 3046 3057
3 3029 3049 3046
3 3057 3046 3049
3 3026 3059 3051
3 3028 3048 3059
3 3035 3051 3048
3 3059 3048 3051
3 3030 3061 3053
3 3026 3050 3061
3 3034 3053 3050
3 3061 3050 3053
3 3032 3063 3055
3 3030 3052 3063
3 3031 3055 3052
3 3063 3052 3055
3 3033 3065 3047
3 3032 3054 3065
3 3025 3047 3054
3 3065 3054 3047
3 3066 3078 3080
3 3077 3079 3078
3 3071 3080 3079
3 3078 3079 3080
3 3066 3080 3082
3 3071 3081 3080
3 3067 3082 3081
3 3080 3081 3082
3 3066 3082 3084
3 3067 3083 3082
3 3073 3084 3083
3 3082 3083 3084
3 3066 3084 3086
3 3073 3085 3084
3 3076 3086 3085
3 3084 3085 3086
3 3066 3086 3078
3 3076 3087 3086
3 3077 3078 3087
3 3086 3087 3078
3 3067 3081 3089
3 3071 3088 3081
3 3075 3089 3088
3 3081 3088 3089
3 3071 3079 3091
3 3077 3090 3079
3 3070 3091 3090
3 3079 3090 3091
3 3077 3087 3093
3 3076 3092 3087
3 3068 3093 3092
3 3087 3092 3093
3 3076 3085 3095
3 3073 3094 3085
3 3072 3095 3094
3 3085 3094 3095
3 3073 3083 3097
3 3067 3096 3083
3 3074 3097 3096
3 3083 3096 3097
3 3069 3098 3100
3 3075 3099 3098
3 3070 3100 3099
3 3098 3099 3100
3 3069 3100 3102
3 3070 3101 3100
3 3068 3102 3101
3 3100 3101 3102
3 3069 3102 3104
3 3068 3103 3102
3 3072 3104 3103
3 3102 3103 3104
3 3069 3104 3106
3 3072 3105 3104
3 3074 3106 3105
3 3104 3105 3106
3 3069 3106 3098
3 3074 3107 3106
3 3075 3098 3107
3 3106 3107 3098
3 3070 3099 3091
3 3075 3088 3099
3 3071 3091 3088
3 3099 3088 3091
3 3068 3101 3093
3 3070 3090 3101
3 3077 3093 3090
3 3101 3090 3093
3 3072 3103 3095
3 3068 3092 3103
3 3076 3095 3092
3 3103 3092 3095
3 3074 3105 3097
3 3072 3094 3105
3 3073 3097 3094
3 3105 3094 3097
3 3075 3107 3089
3 3074 3096 3107
3 3067 3089 3096
3 3107 3096 3089
3 3108 3120 3122
3 3119 3121 3120
3 3113 3122 3121
3 3120 3121 3122
3 3108 3122 3124
3 3113 3123 3122
3 3109 3124 3123
3 3122 3123 3124
3 3108 3124 3126
3 3109 3125 3124
3 3115 3126 3125
3 3124 3125 3126
3 3108 3126 3128
3 3115 3127 3126
3 3118 3128 3127
3 3126 3127 3128
3 3108 3128 3120
3 3118 3129 3128
3 3119 3120 3129
3 3128 3129 3120
3 3109 3123 3131
3 3113 3130 3123
3 3117 3131 3130
3 3123 3130 3131
3 3113 3121 3133
3 3119 3132 3121
3 3112 3133 3132
3 3121 3132 3133
3 3119 3129 3135
3 3118 3134 3129
3 3110 3135 3134
3 3129 3134 3135
3 3118 3127 3137
3 3115 3136 3127
3 3114 3137 3136
3 3127 3136 3137
3 3115 3125 3139
3 3109 3138 3125
3 3116 3139 3138
3 3125 3138 3139
3 3111 3140 3142
3 3117 3141 3140
3 3112 3142 3141
3 3140 3141 3142
3 3111 3142 3144
3 3112 3143 3142
3 3110 3144 3143
3 3142 3143 3144
3 3111 3144 3146
3 3110 3145 3144
3 3114 3146 3145
3 3144 3145 3146
3 3111 3146 3148
3 3114 3147 3146
3 3116 3148 3147
3 3146 3147 3148
3 3111 3148 3140
3 3116 3149 3148
3 3117 3140 3149
3 3148 3149 3140
3 3112 3141 3133
3 3117 3130 3141
3 3113 3133 3130
3 3141 3130 3133
3 3110 3143 3135
3 3112 3132 3143
3 3119 3135 3132
3 3143 3132 3135
3 3114 3145 3137
3 3110 3134 3145
3 3118 3137 3134
3 3145 3134 3137
3 3116 3147 3139
3 3114 3136 3147
3 3115 3139 3136
3 3147 3136 3139
3 3117 3149 3131
3 3116 3138 3149
3 3109 3131 3138
3 3149 3138 3131
3 3150 3162 3164
3 3161 3163 3162
3 3155 3164 3163
3 3162 3163 3164
3 3150 3164 3166
3 3155 3165 3164
3 3151 3166 3165
3 3164 3165 3166
3 3150 3166 3168
3 3151 3167 3166
3 3157 3168 3167
3 3166 3167 3168
3 3150 3168 3170
3 3157 3169 3168
3 3160 3170 3169
3 3168 3169 3170
3 3150 3170 3162
3 3160 3171 3170
3 3161 3162 3171
3 3170 3171 3162
3 3151 3165 3173
3 3155 3172 3165
3 3159 3173 3172
3 3165 3172 3173
3 3155 3163 3175
3 3161 3174 3163
3 3154 3175 3174
3 3163 3174 3175
3 3161 3171 3177
3 3160 3176 3171
3 3152 3177 3176
3 3171 3176 3177
3 3160 3169 3179
3 3157 3178 3169
3 3156 3179 3178
3 3169 3178 3179
3 3157 3167 3181
3 3151 3180 3167
3 3158 3181 3180
3 3167 3180 3181
3 3153 3182 3184
3 3159 3183 3182
3 3154 3184 3183
3 3182 3183 3184
3 3153 3184 3186
3 3154 3185 3184
3 3152 3186 3185
3 3184 3185 3186
3 3153 3186 3188
3 3152 3187 3186
3 3156 3188 3187
3 3186 3187 3188
3 3153 3188 3190
3 3156 3189 3188
3 3158 3190 3189
3 3188 3189 3190
3 3153 3190 3182
3 3158 3191 3190
3 3159 3182 3191
3 3190 3191 3182
3 3154 3183 3175
3 3159 3172 3183
3 3155 3175 3172
3 3183 3172 3175
3 3152 3185 3177
3 3154 3174 3185
3 3161 3177 3174
3 3185 3174 3177
3 3156 3187 3179
3 3152 3176 3187
3 3160 3179 3176
3 3187 3176 3179
3 3158 3189 3181
3 3156 3178 3189
3 3157 3181 3178
3 3189 3178 3181
3 3159 3191 3173
3 3158 3180 3191
3 3151 3173 3180
3 3191 3180 3173
3 3192 3204 3206
3 3203 3205 3204
3 3197 3206 3205
3 3204 3205 3206
3 3192 3206 3208
3 3197 3207 3206
3 3193 3208 3207
3 3206 3207 3208
3 3192 3208 3210
3 3193 3209 3208
3 3199 3210 3209
3 3208 3209 3210
3 3192 3210 3212
3 3199 3211 3210
3 3202 3212 3211
3 3210 3211 3212
3 3192 3212 3204
3 3202 3213 3212
3 3203 3204 3213
3 3212 3213 3204
3 3193 3207 3215
3 3197 3214 3207
3 3201 3215 3214
3 3207 3214 3215
3 3197 3205 3217
3 3203 3216 3205
3 3196 3217 3216
3 3205 3216 3217
3 3203 3213 3219
3 3202 3218 3213
3 3194 3219 3218
3 3213 3218 3219
3 3202 3211 3221
3 3199 3220 3211
3 3198 3221 3220
3 3211 3220 3221
3 3199 3209 3223
3 3193 3222 3209
3 3200 3223 3222
3 3209 3222 3223
3 3195 3224 3226
3 3201 3225 3224
3 3196 3226 3225
3 3224 3225 3226
3 3195 3226 3228
3 3196 3227 3226
3 3194 3228 3227
3 3226 3227 3228
3 3195 3228 3230
3 3194 3229 3228
3 3198 3230 3229
3 3228 3229 3230
3 3195 3230 3232
3 3198 3231 3230
3 3200 3232 3231
3 3230 3231 3232
3 3195 3232 3224
3 3200 3233 3232
3 3201 3224 3233
3 3232 3233 3224
3 3196 3225 3217
3 3201 3214 3225
3 3197 3217 3214
3 3225 3214 3217
3 3194 3227 3219
3 3196 3216 3227
3 3203 3219 3216
3 3227 3216 3219
3 3198 3229 3221
3 3194 3218 3229
3 3202 3221 3218
3 3229 3218 3221
3 3200 3231 3223
3 3198 3220 3231
3 3199 3223 3220
3 3231 3220 3223
3 3201 3233 3215
3 3200 3222 3233
3 3193 3215 3222
3 3233 3222 3215
3 3234 3246 3248
3 3245 3247 3246
3 3239 3248 3247
3 3246 3247 3248
3 3234 3248 3250
3 3239 3249 3248
3 3235 3250 3249
3 3248 3249 3250
3 3234 3250 3252
3 3235 3251 3250
3 3241 3252 3251
3 3250 3251 3252
3 3234 3252 3254
3 3241 3253 3252
3 3244 3254 3253
3 3252 3253 3254
3 3234 3254 3246
3 3244 3255 3254
3 3245 3246 3255
3 3254 3255 3246
3 3235 3249 3257
3 3239 3256 3249
3 3243 3257 3256
3 3249 3256 3257
3 3239 3247 3259
3 3245 3258 3247
3 3238 3259 3258
3 3247 3258 3259
3 3245 3255 3261
3 3244 3260 3255
3 3236 3261 3260
3 3255 3260 3261
3 3244 3253 3263
3 3241 3262 3253
3 3240 3263 3262
3 3253 3262 3263
3 3241 3251 3265
3 3235 3264 3251
3 3242 3265 3264
3 3251 3264 3265
3 3237 3266 3268
3 3243 3267 3266
3 3238 3268 3267
3 3266 3267 3268
3 3237 3268 3270
3 3238 3269 3268
3 3236 3270 3269
3 3268 3269 3270
3 3237 3270 3272
3 3236 3271 3270
3 3240 3272 3271
3 3270 3271 3272
3 3237 3272 3274
3 3240 3273 3272
3 3242 3274 3273
3 3272 3273 3274
3 3237 3274 3266
3 3242 3275 3274
3 3243 3266 3275
3 3274 3275 3266
3 3238 3267 3259
3 3243 3256 3267
3 3239 3259 3256
3 3267 3256 3259
3 3236 3269 3261
3 3238 3258 3269
3 3245 3261 3258
3 3269 3258 3261
3 3240 3271 3263
3 3236 3260 3271
3 3244 3263 3260
3 3271 3260 3263
3 3242 3273 3265
3 3240 3262 3273
3 3241 3265 3262
3 3273 3262 3265
3 3243 3275 3257
3 3242 3264 3275
3 3235 3257 3264
3 3275 3264 3257
3 3276 3288 3290
3 3287 3289 3288
3 3281 3290 3289
3 3288 3289 3290
3 3276 3290 3292
3 3281 3291 3290
3 3277 3292 3291
3 3290 3291 3292
3 3276 3292 3294
3 3277 3293 3292
3 3283 3294 3293
3 3292 3293 3294
3 3276 3294 3296
3 3283 3295 3294
3 3286 3296 3295
3 3294 3295 3296
3 3276 3296 3288
3 3286 3297 3296
3 3287 3288 3297
3 3296 3297 3288
3 3277 3291 3299
3 3281 3298 3291
3 3285 3299 3298
3 3291 3298 3299
3 3281 3289 3301
3 3287 3300 3289
3 3280 3301 3300
3 3289 3300 3301
3 3287 3297 3303
3 3286 3302 3297
3 3278 3303 3302
3 3297 3302 3303
3 3286 3295 3305
3 3283 3304 3295
3 3282 3305 3304
3 3295 3304 3305
3 3283 3293 3307
3 3277 3306 3293
3 3284 3307 3306
3 3293 3306 3307
3 3279 3308 3310
3 3285 3309 3308
3 3280 3310 3309
3 3308 3309 3310
3 3279 3310 3312
3 3280 3311 3310
3 3278 3312 3311
3 3310 3311 3312
3 3279 3312 3314
3 3278 3313 3312
3 3282 3314 3313
3 3312 3313 3314
3 3279 3314 3316
3 3282 3315 3314
3 3284 3316 3315
3 3314 3315 3316
3 3279 3316 3308
3 3284 3317 3316
3 3285 3308 3317
3 3316 3317 3308
3 3280 3309 3301
3 3285 3298 3309
3 3281 3301 3298
3 3309 3298 3301
3 3278 3311 3303
3 3280 3300 3311
3 3287 3303 3300
3 3311 3300 3303
3 3282 3313 3305
3 3278 3302 3313
3 3286 3305 3302
3 3313 3302 3305
3 3284 3315 3307
3 3282 3304 3315
3 3283 3307 3304
3 3315 3304 3307
3 3285 3317 3299
3 3284 3306 3317
3 3277 3299 3306
3 3317 3306 3299
3 3318 3330 3332
3 3329 3331 3330
3 3323 3332 3331
3 3330 3331 3332
3 3318 3332 3334
3 3323 3333 3332
3 3319 3334 3333
3 3332 3333 3334
3 3318 3334 3336
3 3319 3335 3334
3 3325 3336 3335
3 3334 3335 3336
3 3318 3336 3338
3 3325 3337 3336
3 3328 3338 3337
3 3336 3337 3338
3 3318 3338 3330
3 3328 3339 3338
3 3329 3330 3339
3 3338 3339 3330
3 3319 3333 3341
3 3323 3340 3333
3 3327 3341 3340
3 3333 3340 3341
3 3323 3331 3343
3 3329 3342 3331
3 3322 3343 3342
3 3331 3342 3343
3 3329 3339 3345
3 3328 3344 3339
3 3320 3345 3344
3 3339 3344 3345
3 3328 3337 3347
3 3325 3346 3337
3 3324 3347 3346
3 3337 3346 3347
3 3325 3335 3349
3 3319 3348 3335
3 3326 3349 3348
3 3335 3348 3349
3 3321 3350 3352
3 3327 3351 3350
3 3322 3352 3351
3 3350 3351 3352
3 3321 3352 3354
3 3322 3353 3352
3 3320 3354 3353
3 3352 3353 3354
3 3321 3354 3356
3 3320 3355 3354
3 3324 3356 3355
3 3354 3355 3356
3 3321 3356 3358
3 3324 3357 3356
3 3326 3358 3357
3 3356 3357 3358
3 3321 3358 3350
3 3326 3359 3358
3 3327 3350 3359
3 3358 3359 3350
3 3322 3351 3343
3 3327 3340 3351
3 3323 3343 3340
3 3351 3340 3343
3 3320 3353 3345
3 3322 3342 3353
3 3329 3345 3342
3 3353 3342 3345
3 3324 3355 3347
3 3320 3344 3355
3 3328 3347 3344
3 3355 3344 3347
3 3326 3357 3349
3 3324 3346 3357
3 3325 3349 3346
3 3357 3346 3349
3 3327 3359 3341
3 3326 3348 3359
3 3319 3341 3348
3 3359 3348 3341
3 3360 3372 3374
3 3371 3373 3372
3 3365 3374 3373
3 3372 3373 3374
3 3360 3374 3376
3 3365 3375 3374
3 3361 3376 3375
3 3374 3375 3376
3 3360 3376 3378
3 3361 3377 3376
3 3367 3378 3377
3 3376 3377 3378
3 3360 3378 3380
3 3367 3379 3378
3 3370 3380 3379
3 3378 3379 3380
3 3360 3380 3372
3 3370 3381 3380
3 3371 3372 3381
3 3380 3381 3372
3 3361 3375 3383
3 3365 3382 3375
3 3369 3383 3382
3 3375 3382 3383
3 3365 3373 3385
3 3371 3384 3373
3 3364 3385 3384
3 3373 3384 3385
3 3371 3381 3387
3 3370 3386 3381
3 3362 3387 3386
3 3381 3386 3387
3 3370 3379 3389
3 3367 3388 3379
3 3366 3389 3388
3 3379 3388 3389
3 3367 3377 3391
3 3361 3390 3377
3 3368 3391 3390
3 3377 3390 3391
3 3363 3392 3394
3 3369 3393 3392
3 3364 3394 3393
3 3392 3393 3394
3 3363 3394 3396
3 3364 3395 3394
3 3362 3396 3395
3 3394 3395 3396
3 3363 3396 3398
3 3362 3397 3396
3 3366 3398 3397
3 3396 3397 3398
3 3363 3398 3400
3 3366 3399 3398
3 3368 3400 3399
3 3398 3399 3400
3 3363 3400 3392
3 3368 3401 3400
3 3369 3392 3401
3 3400 3401 3392
3 3364 3393 3385
3 3369 3382 3393
3 3365 3385 3382
3 3393 3382 3385
3 3362 3395 3387
3 3364 3384 3395
3 3371 3387 3384
3 3395 3384 3387
3 3366 3397 3389
3 3362 3386 3397
3 3370 3389 3386
3 3397 3386 3389
3 3368 3399 3391
3 3366 3388 3399
3 3367 3391 3388
3 3399 3388 3391
3 3369 3401 3383
3 3368 3390 3401
3 3361 3383 3390
3 3401 3390 3383
3 3402 3414 3416
3 3413 3415 3414
3 3407 3416 3415
3 3414 3415 3416
3 3402 3416 3418
3 3407 3417 3416
3 3403 3418 3417
3 3416 3417 3418
3 3402 3418 3420
3 3403 3419 3418
3 3409 3420 3419
3 3418 3419 3420
3 3402 3420 3422
3 3409 3421 3420
3 3412 3422 3421
3 3420 3421 3422
3 3402 3422 3414
3 3412 3423 3422
3 3413 3414 3423
3 3422 3423 3414
3 3403 3417 3425
3 3407 3424 3417
3 3411 3425 3424
3 3417 3424 3425
3 3407 3415 3427
3 3413 3426 3415
3 3406 3427 3426
3 3415 3426 3427
3 3413 3423 3429
3 3412 3428 3423
3 3404 3429 3428
3 3423 3428 3429
3 3412 3421 3431
3 3409 3430 3421
3 3408 3431 3430
3 3421 3430 3431
3 3409 3419 3433
3 3403 3432 3419
3 3410 3433 3432
3 3419 3432 3433
3 3405 3434 3436
3 3411 3435 3434
3 3406 3436 3435
3 3434 3435 3436
3 3405 3436 3438
3 3406 3437 3436
3 3404 3438 3437
3 3436 3437 3438
3 3405 3438 3440
3 3404 3439 3438
3 3408 3440 3439
3 3438 3439 3440
3 3405 3440 3442
3 3408 3441 3440
3 3410 3442 3441
3 3440 3441 3442
3 3405 3442 3434
3 3410 3443 3442
3 3411 3434 3443
3 3442 3443 3434
3 3406 3435 3427
3 3411 3424 3435
3 3407 3427 3424
3 3435 3424 3427
3 3404 3437 3429
3 3406 3426 3437
3 3413 3429 3426
3 3437 3426 3429
3 3408 3439 3431
3 3404 3428 3439
3 3412 3431 3428
3 3439 3428 3431
3 3410 3441 3433
3 3408 3430 3441
3 3409 3433 3430
3 3441 3430 3433
3 3411 3443 3425
3 3410 3432 3443
3 3403 3425 3432
3 3443 3432 3425
3 3444 3456 3458
3 3455 3457 3456
3 3449 3458 3457
3 3456 3457 3458
3 3444 3458 3460
3 3449 3459 3458
3 3445 3460 3459
3 3458 3459 3460
3 3444 3460 3462
3 3445 3461 3460
3 3451 3462 3461
3 3460 3461 3462
3 3444 3462 3464
3 3451 3463 3462
3 3454 3464 3463
3 3462 3463 3464
3 3444 3464 3456
3 3454 3465 3464
3 3455 3456 3465
3 3464 3465 3456
3 3445 3459 3467
3 3449 3466 3459
3 3453 3467 3466
3 3459 3466 3467
3 3449 3457 3469
3 3455 3468 3457
3 3448 3469 3468
3 3457 3468 3469
3 3455 3465 3471
3 3454 3470 3465
3 3446 3471 3470
3 3465 3470 3471
3 3454 3463 3473
3 3451 3472 3463
3 3450 3473 3472
3 3463 3472 3473
3 3451 3461 3475
3 3445 3474 3461
3 3452 3475 3474
3 3461 3474 3475
3 3447 3476 3478
3 3453 3477 3476
3 3448 3478 3477
3 3476 3477 3478
3 3447 3478 3480
3 3448 3479 3478
3 3446 3480 3479
3 3478 3479 3480
3 3447 3480 3482
3 3446 3481 3480
3 3450 3482 3481
3 3480 3481 3482
3 3447 3482 3484
3 3450 3483 3482
3 3452 3484 3483
3 3482 3483 3484
3 3447 3484 3476
3 3452 3485 3484
3 3453 3476 3485
3 3484 3485 3476
3 3448 3477 3469
3 3453 3466 3477
3 3449 3469 3466
3 3477 3466 3469
3 3446 3479 3471
3 3448 3468 3479
3 3455 3471 3468
3 3479 3468 3471
3 3450 3481 3473
3 3446 3470 3481
3 3454 3473 3470
3 3481 3470 3473
3 3452 3483 3475
3 3450 3472 3483
3 3451 3475 3472
3 3483 3472 3475
3 3453 3485 3467
3 3452 3474 3485
3 3445 3467 3474
3 3485 3474 3467
3 3486 3498 3500
3 3497 3499 3498
3 3491 3500 3499
3 3498 3499 3500
3 3486 3500 3502
3 3491 3501 3500
3 3487 3502 3501
3 3500 3501 3502
3 3486 3502 3504
3 3487 3503 3502
3 3493 3504 3503
3 3502 3503 3504
3 3486 3504 3506
3 3493 3505 3504
3 3496 3506 3505
3 3504 3505 3506
3 3486 3506 3498
3 3496 3507 3506
3 3497 3498 3507
3 3506 3507 3498
3 3487 3501 3509
3 3491 3508 3501
3 3495 3509 3508
3 3501 3508 3509
3 3491 3499 3511
3 3497 3510 3499
3 3490 3511 3510
3 3499 3510 3511
3 3497 3507 3513
3 3496 3512 3507
3 3488 3513 3512
3 3507 3512 3513
3 3496 3505 3515
3 3493 3514 3505
3 3492 3515 3514
3 3505 3514 3515
3 3493 3503 3517
3 3487 3516 3503
3 3494 3517 3516
3 3503 3516 3517
3 3489 3518 3520
3 3495 3519 3518
3 3490 3520 3519
3 3518 3519 3520
3 3489 3520 3522
3 3490 3521 3520
3 3488 3522 3521
3 3520 3521 3522
3 3489 3522 3524
3 3488 3523 3522
3 3492 3524 3523
3 3522 3523 3524
3 3489 3524 3526
3 3492 3525 3524
3 3494 3526 3525
3 3524 3525 3526
3 3489 3526 3518
3 3494 3527 3526
3 3495 3518 3527
3 3526 3527 3518
3 3490 3519 3511
3 3495 3508 3519
3 3491 3511 3508
3 3519 3508 3511
3 3488 3521 3513
3 3490 3510 3521
3 3497 3513 3510
3 3521 3510 3513
3 3492 3523 3515
3 3488 3512 3523
3 3496 3515 3512
3 3523 3512 3515
3 3494 3525 3517
3 3492 3514 3525
3 3493 3517 3514
3 3525 3514 3517
3 3495 3527 3509
3 3494 3516 3527
3 3487 3509 3516
3 3527 3516 3509
3 3528 3540 3542
3 3539 3541 3540
3 3533 3542 3541
3 3540 3541 3542
3 3528 3542 3544
3 3533 3543 3542
3 3529 3544 3543
3 3542 3543 3544
3 3528 3544 3546
3 3529 3545 3544
3 3535 3546 3545
3 3544 3545 3546
3 3528 3546 3548
3 3535 3547 3546
3 3538 3548 3547
3 3546 3547 3548
3 3528 3548 3540
3 3538 3549 3548
3 3539 3540 3549
3 3548 3549 3540
3 3529 3543 3551
3 3533 3550 3543
3 3537 3551 3550
3 3543 3550 3551
3 3533 3541 3553
3 3539 3552 3541
3 3532 3553 3552
3 3541 3552 3553
3 3539 3549 3555
3 3538 3554 3549
3 3530 3555 3554
3 3549 3554 3555
3 3538 3547 3557
3 3535 3556 3547
3 3534 3557 3556
3 3547 3556 3557
3 3535 3545 3559
3 3529 3558 3545
3 3536 3559 3558
3 3545 3558 3559
3 3531 3560 3562
3 3537 3561 3560
3 3532 3562 3561
3 3560 3561 3562
3 3531 3562 3564
3 3532 3563 3562
3 3530 3564 3563
3 3562 3563 3564
3 3531 3564 3566
3 3530 3565 3564
3 3534 3566 3565
3 3564 3565 3566
3 3531 3566 3568
3 3534 3567 3566
3 3536 3568 3567
3 3566 3567 3568
3 3531 3568 3560
3 3536 3569 3568
3 3537 3560 3569
3 3568 3569 3560
3 3532 3561 3553
3 3537 3550 3561
3 3533 3553 3550
3 3561 3550 3553
3 3530 3563 3555
3 3532 3552 3563
3 3539 3555 3552
3 3563 3552 3555
3 3534 3565 3557
3 3530 3554 3565
3 3538 3557 3554
3 3565 3554 3557
3 3536 3567 3559
3 3534 3556 3567
3 3535 3559 3556
3 3567 3556 3559
3 3537 3569 3551
3 3536 3558 3569
3 3529 3551 3558
3 3569 3558 3551
3 3570 3582 3584
3 3581 3583 3582
3 3575 3584 3583
3 3582 3583 3584
3 3570 3584 3586
3 3575 3585 3584
3 3571 3586 3585
3 3584 3585 3586
3 3570 3586 3588
3 3571 3587 3586
3 3577 3588 3587
3 3586 3587 3588
3 3570 3588 3590
3 3577 3589 3588
3 3580 3590 3589
3 3588 3589 3590
3 3570 3590 3582
3 3580 3591 3590
3 3581 3582 3591
3 3590 3591 3582
3 3571 3585 3593
3 3575 3592 3585
3 3579 3593 3592
3 3585 3592 3593
3 3575 3583 3595
3 3581 3594 3583
3 3574 3595 3594
3 3583 3594 3595
3 3581 3591 3597
3 3580 3596 3591
3 3572 3597 3596
3 3591 3596 3597
3 3580 3589 3599
3 3577 3598 3589
3 3576 3599 3598
3 3589 3598 3599
3 3577 3587 3601
3 3571 3600 3587
3 3578 3601 3600
3 3587 3600 3601
3 3573 3602 3604
3 3579 3603 3602
3 3574 3604 3603
3 3602 3603 3604
3 3573 3604 3606
3 3574 3605 3604
3 3572 3606 3605
3 3604 3605 3606
3 3573 3606 3608
3 3572 3607 3606
3 3576 3608 3607
3 3606 3607 3608
3 3573 3608 3610
3 3576 3609 3608
3 3578 3610 3609
3 3608 3609 3610
3 3573 3610 3602
3 3578 3611 3610
3 3579 3602 3611
3 3610 3611 3602
3 3574 3603 3595
3 3579 3592 3603
3 3575 3595 3592
3 3603 3592 3595
3 3572 3605 3597
3 3574 3594 3605
3 3581 3597 3594
3 3605 3594 3597
3 3576 3607 3599
3 3572 3596 3607
3 3580 3599 3596
3 3607 3596 3599
3 3578 3609 3601
3 3576 3598 3609
3 3577 3601 3598
3 3609 3598 3601
3 3579 3611 3593
3 3578 3600 3611
3 3571 3593 3600
3 3611 3600 3593
3 3612 3624 3626
3 3623 3625 3624
3 3617 3626 3625
3 3624 3625 3626
3 3612 3626 3628
3 3617 3627 3626
3 3613 3628 3627
3 3626 3627 3628
3 3612 3628 3630
3 3613 3629 3628
3 3619 3630 3629
3 3628 3629 3630
3 3612 3630 3632
3 3619 3631 3630
3 3622 3632 3631
3 3630 3631 3632
3 3612 3632 3624
3 3622 3633 3632
3 3623 3624 3633
3 3632 3633 3624
3 3613 3627 3635
3 3617 3634 3627
3 3621 3635 3634
3 3627 3634 3635
3 3617 3625 3637
3 3623 3636 3625
3 3616 3637 3636
3 3625 3636 3637
3 3623 3633 3639
3 3622 3638 3633
3 3614 3639 3638
3 3633 3638 3639
3 3622 3631 3641
3 3619 3640 3631
3 3618 3641 3640
3 3631 3640 3641
3 3619 3629 3643
3 3613 3642 3629
3 3620 3643 3642
3 3629 3642 3643
3 3615 3644 3646
3 3621 3645 3644
3 3616 3646 3645
3 3644 3645 3646
3 3615 3646 3648
3 3616 3647 3646
3 3614 3648 3647
3 3646 3647 3648
3 3615 3648 3650
3 3614 3649 3648
3 3618 3650 3649
3 3648 3649 3650
3 3615 3650 3652
3 3618 3651 3650
3 3620 3652 3651
3 3650 3651 3652
3 3615 3652 3644
3 3620 3653 3652
3 3621 3644 3653
3 3652 3653 3644
3 3616 3645 3637
3 3621 3634 3645
3 3617 3637 3634
3 3645 3634 3637
3 3614 3647 3639
3 3616 3636 3647
3 3623 3639 3636
3 3647 3636 3639
3 3618 3649 3641
3 3614 3638 3649
3 3622 3641 3638
3 3649 3638 3641
3 3620 3651 3643
3 3618 3640 3651
3 3619 3643 3640
3 3651 3640 3643
3 3621 3653 3635
3 3620 3642 3653
3 3613 3635 3642
3 3653 3642 3635
3 3654 3666 3668
3 3665 3667 3666
3 3659 3668 3667
3 3666 3667 3668
3 3654 3668 3670
3 3659 3669 3668
3 3655 3670 3669
3 3668 3669 3670
3 3654 3670 3672
3 3655 3671 3670
3 3661 3672 3671
3 3670 3671 3672
3 3654 3672 3674
3 3661 3673 3672
3 3664 3674 3673
3 3672 3673 3674
3 3654 3674 3666
3 3664 3675 3674
3 3665 3666 3675
3 3674 3675 3666
3 3655 3669 3677
3 3659 3676 3669
3 3663 3677 3676
3 3669 3676 3677
3 3659 3667 3679
3 3665 3678 3667
3 3658 3679 3678
3 3667 3678 3679
3 3665 3675 3681
3 3664 3680 3675
3 3656 3681 3680
3 3675 3680 3681
3 3664 3673 3683
3 3661 3682 3673
3 3660 3683 3682
3 3673 3682 3683
3 3661 3671 3685
3 3655 3684 3671
3 3662 3685 3684
3 3671 3684 3685
3 3657 3686 3688
3 3663 3687 3686
3 3658 3688 3687
3 3686 3687 3688
3 3657 3688 3690
3 3658 3689 3688
3 3656 3690 3689
3 3688 3689 3690
3 3657 3690 3692
3 3656 3691 3690
3 3660 3692 3691
3 3690 3691 3692
3 3657 3692 3694
3 3660 3693 3692
3 3662 3694 3693
3 3692 3693 3694
3 3657 3694 3686
3 3662 3695 3694
3 3663 3686 3695
3 3694 3695 3686
3 3658 3687 3679
3 3663 3676 3687
3 3659 3679 3676
3 3687 3676 3679
3 3656 3689 3681
3 3658 3678 3689
3 3665 3681 3678
3 3689 3678 3681
3 3660 3691 3683
3 3656 3680 3691
3 3664 3683 3680
3 3691 3680 3683
3 3662 3693 3685
3 3660 3682 3693
3 3661 3685 3682
3 3693 3682 3685
3 3663 3695 3677
3 3662 3684 3695
3 3655 3677 3684
3 3695 3684 3677
3 3696 3708 3710
3 3707 3709 3708
3 3701 3710 3709
3 3708 3709 3710
3 3696 3710 3712
3 3701 3711 3710
3 3697 3712 3711
3 3710 3711 3712
3 3696 3712 3714
3 3697 3713 3712
3 3703 3714 3713
3 3712 3713 3714
3 3696 3714 3716
3 3703 3715 3714
3 3706 3716 3715
3 3714 3715 3716
3 3696 3716 3708
3 3706 3717 3716
3 3707 3708 3717
3 3716 3717 3708
3 3697 3711 3719
3 3701 3718 3711
3 3705 3719 3718
3 3711 3718 3719
3 3701 3709 3721
3 3707 3720 3709
3 3700 3721 3720
3 3709 3720 3721
3 3707 3717 3723
3 3706 3722 3717
3 3698 3723 3722
3 3717 3722 3723
3 3706 3715 3725
3 3703 3724 3715
3 3702 3725 3724
3 3715 3724 3725
3 3703 3713 3727
3 3697 3726 3713
3 3704 3727 3726
3 3713 3726 3727
3 3699 3728 3730
3 3705 3729 3728
3 3700 3730 3729
3 3728 3729 3730
3 3699 3730 3732
3 3700 3731 3730
3 3698 3732 3731
3 3730 3731 3732
3 3699 3732 3734
3 3698 3733 3732
3 3702 3734 3733
3 3732 3733 3734
3 3699 3734 3736
3 3702 3735 3734
3 3704 3736 3735
3 3734 3735 3736
3 3699 3736 3728
3 3704 3737 3736
3 3705 3728 3737
3 3736 3737 3728
3 3700 3729 3721
3 3705 3718 3729
3 3701 3721 3718
3 3729 3718 3721
3 3698 3731 3723
3 3700 3720 3731
3 3707 3723 3720
3 3731 3720 3723
3 3702 3733 3725
3 3698 3722 3733
3 3706 3725 3722
3 3733 3722 3725
3 3704 3735 3727
3 3702 3724 3735
3 3703 3727 3724
3 3735 3724 3727
3 3705 3737 3719
3 3704 3726 3737
3 3697 3719 3726
3 3737 3726 3719
3 3738 3750 3752
3 3749 3751 3750
3 3743 3752 3751
3 3750 3751 3752
3 3738 3752 3754
3 3743 3753 3752
3 3739 3754 3753
3 3752 3753 3754
3 3738 3754 3756
3 3739 3755 3754
3 3745 3756 3755
3 3754 3755 3756
3 3738 3756 3758
3 3745 3757 3756
3 3748 3758 3757
3 3756 3757 3758
3 3738 3758 3750
3 3748 3759 3758
3 3749 3750 3759
3 3758 3759 3750
3 3739 3753 3761
3 3743 3760 3753
3 3747 3761 3760
3 3753 3760 3761
3 3743 3751 3763
3 3749 3762 3751
3 3742 3763 3762
3 3751 3762 3763
3 3749 3759 3765
3 3748 3764 3759
3 3740 3765 3764
3 3759 3764 3765
3 3748 3757 3767
3 3745 3766 3757
3 3744 3767 3766
3 3757 3766 3767
3 3745 3755 3769
3 3739 3768 3755
3 3746 3769 3768
3 3755 3768 3769
3 3741 3770 3772
3 3747 3771 3770
3 3742 3772 3771
3 3770 3771 3772
3 3741 3772 3774
3 3742 3773 3772
3 3740 3774 3773
3 3772 3773 3774
3 3741 3774 3776
3 3740 3775 3774
3 3744 3776 3775
3 3774 3775 3776
3 3741 3776 3778
3 3744 3777 3776
3 3746 3778 3777
3 3776 3777 3778
3 3741 3778 3770
3 3746 3779 3778
3 3747 3770 3779
3 3778 3779 3770
3 3742 3771 3763
3 3747 3760 3771
3 3743 3763 3760
3 3771 3760 3763
3 3740 3773 3765
3 3742 3762 3773
3 3749 3765 3762
3 3773 3762 3765
3 3744 3775 3767
3 3740 3764 3775
3 3748 3767 3764
3 3775 3764 3767
3 3746 3777 3769
3 3744 3766 3777
3 3745 3769 3766
3 3777 3766 3769
3 3747 3779 3761
3 3746 3768 3779
3 3739 3761 3768
3 3779 3768 3761
3 3780 3792 3794
3 3791 3793 3792
3 3785 3794 3793
3 3792 3793 3794
3 3780 3794 3796
3 3785 3795 3794
3 3781 3796 3795
3 3794 3795 3796
3 3780 3796 3798
3 3781 3797 3796
3 3787 3798 3797
3 3796 3797 3798
3 3780 3798 3800
3 3787 3799 3798
3 3790 3800 3799
3 3798 3799 3800
3 3780 3800 3792
3 3790 3801 3800
3 3791 3792 3801
3 3800 3801 3792
3 3781 3795 3803
3 3785 3802 3795
3 3789 3803 3802
3 3795 3802 3803
3 3785 3793 3805
3 3791 3804 3793
3 3784 3805 3804
3 3793 3804 3805
3 3791 3801 3807
3 3790 3806 3801
3 3782 3807 3806
3 3801 3806 3807
3 3790 3799 3809
3 3787 3808 3799
3 3786 3809 3808
3 3799 3808 3809
3 3787 3797 3811
3 3781 3810 3797
3 3788 3811 3810
3 3797 3810 3811
3 3783 3812 3814
3 3789 3813 3812
3 3784 3814 3813
3 3812 3813 3814
3 3783 3814 3816
3 3784 3815 3814
3 3782 3816 3815
3 3814 3815 3816
3 3783 3816 3818
3 3782 3817 3816
3 3786 3818 3817
3 3816 3817 3818
3 3783 3818 3820
3 3786 3819 3818
3 3788 3820 3819
3 3818 3819 3820
3 3783 3820 3812
3 3788 3821 3820
3 3789 3812 3821
3 3820 3821 3812
3 3784 3813 3805
3 3789 3802 3813
3 3785 3805 3802
3 3813 3802 3805
3 3782 3815 3807
3 3784 3804 3815
3 3791 3807 3804
3 3815 3804 3807
3 3786 3817 3809
3 3782 3806 3817
3 3790 3809 3806
3 3817 3806 3809
3 3788 3819 3811
3 3786 3808 3819
3 3787 3811 3808
3 3819 3808 3811
3 3789 3821 3803
3 3788 3810 3821
3 3781 3803 3810
3 3821 3810 3803
3 3822 3834 3836
3 3833 3835 3834
3 3827 3836 3835
3 3834 3835 3836
3 3822 3836 3838
3 3827 3837 3836
3 3823 3838 3837
3 3836 3837 3838
3 3822 3838 3840
3 3823 3839 3838
3 3829 3840 3839
3 3838 3839 3840
3 3822 3840 3842
3 3829 3841 3840
3 3832 3842 3841
3 3840 3841 3842
3 3822 3842 3834
3 3832 3843 3842
3 3833 3834 3843
3 3842 3843 3834
3 3823 3837 3845
3 3827 3844 3837
3 3831 3845 3844
3 3837 3844 3845
3 3827 3835 3847
3 3833 3846 3835
3 3826 3847 3846
3 3835 3846 3847
3 3833 3843 3849
3 3832 3848 3843
3 3824 3849 3848
3 3843 3848 3849
3 3832 3841 3851
3 3829 3850 3841
3 3828 3851 3850
3 3841 3850 3851
3 3829 3839 3853
3 3823 3852 3839
3 3830 3853 3852
3 3839 3852 3853
3 3825 3854 3856
3 3831 3855 3854
3 3826 3856 3855
3 3854 3855 3856
3 3825 3856 3858
3 3826 3857 3856
3 3824 3858 3857
3 3856 3857 3858
3 3825 3858 3860
3 3824 3859 3858
3 3828 3860 3859
3 3858 3859 3860
3 3825 3860 3862
3 3828 3861 3860
3 3830 3862 3861
3 3860 3861 3862
3 3825 3862 3854
3 3830 3863 3862
3 3831 3854 3863
3 3862 3863 3854
3 3826 3855 3847
3 3831 3844 3855
3 3827 3847 3844
3 3855 3844 3847
3 3824 3857 3849
3 3826 3846 3857
3 3833 3849 3846
3 3857 3846 3849
3 3828 3859 3851
3 3824 3848 3859
3 3832 3851 3848
3 3859 3848 3851
3 3830 3861 3853
3 3828 3850 3861
3 3829 3853 3850
3 3861 3850 3853
3 3831 3863 3845
3 3830 3852 3863
3 3823 3845 3852
3 3863 3852 3845
3 3864 3876 3878
3 3875 3877 3876
3 3869 3878 3877
3 3876 3877 3878
3 3864 3878 3880
3 3869 3879 3878
3 3865 3880 3879
3 3878 3879 3880
3 3864 3880 3882
3 3865 3881 3880
3 3871 3882 3881
3 3880 3881 3882
3 3864 3882 3884
3 3871 3883 3882
3 3874 3884 3883
3 3882 3883 3884
3 3864 3884 3876
3 3874 3885 3884
3 3875 3876 3885
3 3884 3885 3876
3 3865 3879 3887
3 3869 3886 3879
3 3873 3887 3886
3 3879 3886 3887
3 3869 3877 3889
3 3875 3888 3877
3 3868 3889 3888
3 3877 3888 3889
3 3875 3885 3891
3 3874 3890 3885
3 3866 3891 3890
3 3885 3890 3891
3 3874 3883 3893
3 3871 3892 3883
3 3870 3893 3892
3 3883 3892 3893
3 3871 3881 3895
3 3865 3894 3881
3 3872 3895 3894
3 3881 3894 3895
3 3867 3896 3898
3 3873 3897 3896
3 3868 3898 3897
3 3896 3897 3898
3 3867 3898 3900
3 3868 3899 3898
3 3866 3900 3899
3 3898 3899 3900
3 3867 3900 3902
3 3866 3901 3900
3 3870 3902 3901
3 3900 3901 3902
3 3867 3902 3904
3 3870 3903 3902
3 3872 3904 3903
3 3902 3903 3904
3 3867 3904 3896
3 3872 3905 3904
3 3873 3896 3905
3 3904 3905 3896
3 3868 3897 3889
3 3873 3886 3897
3 3869 3889 3886
3 3897 3886 3889
3 3866 3899 3891
3 3868 3888 3899
3 3875 3891 3888
3 3899 3888 3891
3 3870 3901 3893
3 3866 3890 3901
3 3874 3893 3890
3 3901 3890 3893
3 3872 3903 3895
3 3870 3892 3903
3 3871 3895 3892
3 3903 3892 3895
3 3873 3905 3887
3 3872 3894 3905
3 3865 3887 3894
3 3905 3894 3887
3 3906 3918 3920
3 3917 3919 3918
3 3911 3920 3919
3 3918 3919 3920
3 3906 3920 3922
3 3911 3921 3920
3 3907 3922 3921
3 3920 3921 3922
3 3906 3922 3924
3 3907 3923 3922
3 3913 3924 3923
3 3922 3923 3924
3 3906 3924 3926
3 3913 3925 3924
3 3916 3926 3925
3 3924 3925 3926
3 3906 3926 3918
3 3916 3927 3926
3 3917 3918 3927
3 3926 3927 3918
3 3907 3921 3929
3 3911 3928 3921
3 3915 3929 3928
3 3921 3928 3929
3 3911 3919 3931
3 3917 3930 3919
3 3910 3931 3930
3 3919 3930 3931
3 3917 3927 3933
3 3916 3932 3927
3 3908 3933 3932
3 3927 3932 3933
3 3916 3925 3935
3 3913 3934 3925
3 3912 3935 3934
3 3925 3934 3935
3 3913 3923 3937
3 3907 3936 3923
3 3914 3937 3936
3 3923 3936 3937
3 3909 3938 3940
3 3915 3939 3938
3 3910 3940 3939
3 3938 3939 3940
3 3909 3940 3942
3 3910 3941 3940
3 3908 3942 3941
3 3940 3941 3942
3 3909 3942 3944
3 3908 3943 3942
3 3912 3944 3943
3 3942 3943 3944
3 3909 3944 3946
3 3912 3945 3944
3 3914 3946 3945
3 3944 3945 3946
3 3909 3946 3938
3 3914 3947 3946
3 3915 3938 3947
3 3946 3947 3938
3 3910 3939 3931
3 3915 3928 3939
3 3911 3931 3928
3 3939 3928 3931
3 3908 3941 3933
3 3910 3930 3941
3 3917 3933 3930
3 3941 3930 3933
3 3912 3943 3935
3 3908 3932 3943
3 3916 3935 3932
3 3943 3932 3935
3 3914 3945 3937
3 3912 3934 3945
3 3913 3937 3934
3 3945 3934 3937
3 3915 3947 3929
3 3914 3936 3947
3 3907 3929 3936
3 3947 3936 3929
3 3948 3960 3962
3 3959 3961 3960
3 3953 3962 3961
3 3960 3961 3962
3 3948 3962 3964
3 3953 3963 3962
3 3949 3964 3963
3 3962 3963 3964
3 3948 3964 3966
3 3949 3965 3964
3 3955 3966 3965
3 3964 3965 3966
3 3948 3966 3968
3 3955 3967 3966
3 3958 3968 3967
3 3966 3967 3968
3 3948 3968 3960
3 3958 3969 3968
3 3959 3960 3969
3 3968 3969 3960
3 3949 3963 3971
3 3953 3970 3963
3 3957 3971 3970
3 3963 3970 3971
3 3953 3961 3973
3 3959 3972 3961
3 3952 3973 3972
3 3961 3972 3973
3 3959 3969 3975
3 3958 3974 3969
3 3950 3975 3974
3 3969 3974 3975
3 3958 3967 3977
3 3955 3976 3967
3 3954 3977 3976
3 3967 3976 3977
3 3955 3965 3979
3 3949 3978 3965
3 3956 3979 3978
3 3965 3978 3979
3 3951 3980 3982
3 3957 3981 3980
3 3952 3982 3981
3 3980 3981 3982
3 3951 3982 3984
3 3952 3983 3982
3 3950 3984 3983
3 3982 3983 3984
3 3951 3984 3986
3 3950 3985 3984
3 3954 3986 3985
3 3984 3985 3986
3 3951 3986 3988
3 3954 3987 3986
3 3956 3988 3987
3 3986 3987 3988
3 3951 3988 3980
3 3956 3989 3988
3 3957 3980 3989
3 3988 3989 3980
3 3952 3981 3973
3 3957 3970 3981
3 3953 3973 3970
3 3981 3970 3973
3 3950 3983 3975
3 3952 3972 3983
3 3959 3975 3972
3 3983 3972 3975
3 3954 3985 3977
3 3950 3974 3985
3 3958 3977 3974
3 3985 3974 3977
3 3956 3987 3979
3 3954 3976 3987
3 3955 3979 3976
3 3987 3976 3979
3 3957 3989 3971
3 3956 3978 3989
3 3949 3971 3978
3 3989 3978 3971
3 3990 4002 4004
3 4001 4003 4002
3 3995 4004 4003
3 4002 4003 4004
3 3990 4004 4006
3 3995 4005 4004
3 3991 4006 4005
3 4004 4005 4006
3 3990 4006 4008
3 3991 4007 4006
3 3997 4008 4007
3 4006 4007 4008
3 3990 4008 4010
3 3997 4009 4008
3 4000 4010 4009
3 4008 4009 4010
3 3990 4010 4002
3 4000 4011 4010
3 4001 4002 4011
3 4010 4011 4002
3 3991 4005 4013
3 3995 4012 4005
3 3999 4013 4012
3 4005 4012 4013
3 3995 4003 4015
3 4001 4014 4003
3 3994 4015 4014
3 4003 4014 4015
3 4001 4011 4017
3 4000 4016 4011
3 3992 4017 4016
3 4011 4016 4017
3 4000 4009 4019
3 3997 4018 4009
3 3996 4019 4018
3 4009 4018 4019
3 3997 4007 4021
3 3991 4020 4007
3 3998 4021 4020
3 4007 4020 4021
3 3993 4022 4024
3 3999 4023 4022
3 3994 4024 4023
3 4022 4023 4024
3 3993 4024 4026
3 3994 4025 4024
3 3992 4026 4025
3 4024 4025 4026
3 3993 4026 4028
3 3992 4027 4026
3 3996 4028 4027
3 4026 4027 4028
3 3993 4028 4030
3 3996 4029 4028
3 3998 4030 4029
3 4028 4029 4030
3 3993 4030 4022
3 3998 4031 4030
3 3999 4022 4031
3 4030 4031 4022
3 3994 4023 4015
3 3999 4012 4023
3 3995 4015 4012
3 4023 4012 4015
3 3992 4025 4017
3 3994 4014 4025
3 4001 4017 4014
3 4025 4014 4017
3 3996 4027 4019
3 3992 4016 4027
3 4000 4019 4016
3 4027 4016 4019
3 3998 4029 4021
3 3996 4018 4029
3 3997 4021 4018
3 4029 4018 4021
3 3999 4031 4013
3 3998 4020 4031
3 3991 4013 4020
3 4031 4020 4013
3 4032 4044 4046
3 4043 4045 4044
3 4037 4046 4045
3 4044 4045 4046
3 4032 4046 4048
3 4037 4047 4046
3 4033 4048 4047
3 4046 4047 4048
3 4032 4048 4050
3 4033 4049 4048
3 4039 4050 4049
3 4048 4049 4050
3 4032 4050 4052
3 4039 4051 4050
3 4042 4052 4051
3 4050 4051 4052
3 4032 4052 4044
3 4042 4053 4052
3 4043 4044 4053
3 4052 4053 4044
3 4033 4047 4055
3 4037 4054 4047
3 4041 4055 4054
3 4047 4054 4055
3 4037 4045 4057
3 4043 4056 4045
3 4036 4057 4056
3 4045 4056 4057
3 4043 4053 4059
3 4042 4058 4053
3 4034 4059 4058
3 4053 4058 4059
3 4042 4051 4061
3 4039 4060 4051
3 4038 4061 4060
3 4051 4060 4061
3 4039 4049 4063
3 4033 4062 4049
3 4040 4063 4062
3 4049 4062 4063
3 4035 4064 4066
3 4041 4065 4064
3 4036 4066 4065
3 4064 4065 4066
3 4035 4066 4068
3 4036 4067 4066
3 4034 4068 4067
3 4066 4067 4068
3 4035 4068 4070
3 4034 4069 4068
3 4038 4070 4069
3 4068 4069 4070
3 4035 4070 4072
3 4038 4071 4070
3 4040 4072 4071
3 4070 4071 4072
3 4035 4072 4064
3 4040 4073 4072
3 4041 4064 4073
3 4072 4073 4064
3 4036 4065 4057
3 4041 4054 4065
3 4037 4057 4054
3 4065 4054 4057
3 4034 4067 4059
3 4036 4056 4067
3 4043 4059 4056
3 4067 4056 4059
3 4038 4069 4061
3 4034 4058 4069
3 4042 4061 4058
3 4069 4058 4061
3 4040 4071 4063
3 4038 4060 4071
3 4039 4063 4060
3 4071 4060 4063
3 4041 4073 4055
3 4040 4062 4073
3 4033 4055 4062
3 4073 4062 4055
3 4074 4086 4088
3 4085 4087 4086
3 4079 4088 4087
3 4086 4087 4088
3 4074 4088 4090
3 4079 4089 4088
3 4075 4090 4089
3 4088 4089 4090
3 4074 4090 4092
3 4075 4091 4090
3 4081 4092 4091
3 4090 4091 4092
3 4074 4092 4094
3 4081 4093 4092
3 4084 4094 4093
3 4092 4093 4094
3 4074 4094 4086
3 4084 4095 4094
3 4085 4086 4095
3 4094 4095 4086
3 4075 4089 4097
3 4079 4096 4089
3 4083 4097 4096
3 4089 4096 4097
3 4079 4087 4099
3 4085 4098 4087
3 4078 4099 4098
3 4087 4098 4099
3 4085 4095 4101
3 4084 4100 4095
3 4076 4101 4100
3 4095 4100 4101
3 4084 4093 4103
3 4081 4102 4093
3 4080 4103 4102
3 4093 4102 4103
3 4081 4091 4105
3 4075 4104 4091
3 4082 4105 4104
3 4091 4104 4105
3 4077 4106 4108
3 4083 4107 4106
3 4078 4108 4107
3 4106 4107 4108
3 4077 4108 4110
3 4078 4109 4108
3 4076 4110 4109
3 4108 4109 4110
3 4077 4110 4112
3 4076 4111 4110
3 4080 4112 4111
3 4110 4111 4112
3 4077 4112 4114
3 4080 4113 4112
3 4082 4114 4113
3 4112 4113 4114
3 4077 4114 4106
3 4082 4115 4114
3 4083 4106 4115
3 4114 4115 4106
3 4078 4107 4099
3 4083 4096 4107
3 4079 4099 4096
3 4107 4096 4099
3 4076 4109 4101
3 4078 4098 4109
3 4085 4101 4098
3 4109 4098 4101
3 4080 4111 4103
3 4076 4100 4111
3 4084 4103 4100
3 4111 4100 4103
3 4082 4113 4105
3 4080 4102 4113
3 4081 4105 4102
3 4113 4102 4105
3 4083 4115 4097
3 4082 4104 4115
3 4075 4097 4104
3 4115 4104 4097
3 4116 4128 4130
3 4127 4129 4128
3 4121 4130 4129
3 4128 4129 4130
3 4116 4130 4132
3 4121 4131 4130
3 4117 4132 4131
3 4130 4131 4132
3 4116 4132 4134
3 4117 4133 4132
3 4123 4134 4133
3 4132 4133 4134
3 4116 4134 4136
3 4123 4135 4134
3 4126 4136 4135
3 4134 4135 4136
3 4116 4136 4128
3 4126 4137 4136
3 4127 4128 4137
3 4136 4137 4128
3 4117 4131 4139
3 4121 4138 4131
3 4125 4139 4138
3 4131 4138 4139
3 4121 4129 4141
3 4127 4140 4129
3 4120 4141 4140
3 4129 4140 4141
3 4127 4137 4143
3 4126 4142 4137
3 4118 4143 4142
3 4137 4142 4143
3 4126 4135 4145
3 4123 4144 4135
3 4122 4145 4144
3 4135 4144 4145
3 4123 4133 4147
3 4117 4146 4133
3 4124 4147 4146
3 4133 4146 4147
3 4119 4148 4150
3 4125 4149 4148
3 4120 4150 4149
3 4148 4149 4150
3 4119 4150 4152
3 4120 4151 4150
3 4118 4152 4151
3 4150 4151 4152
3 4119 4152 4154
3 4118 4153 4152
3 4122 4154 4153
3 4152 4153 4154
3 4119 4154 4156
3 4122 4155 4154
3 4124 4156 4155
3 4154 4155 4156
3 4119 4156 4148
3 4124 4157 4156
3 4125 4148 4157
3 4156 4157 4148
3 4120 4149 4141
3 4125 4138 4149
3 4121 4141 4138
3 4149 4138 4141
3 4118 4151 4143
3 4120 4140 4151
3 4127 4143 4140
3 4151 4140 4143
3 4122 4153 4145
3 4118 4142 4153
3 4126 4145 4142
3 4153 4142 4145
3 4124 4155 4147
3 4122 4144 4155
3 4123 4147 4144
3 4155 4144 4147
3 4125 4157 4139
3 4124 4146 4157
3 4117 4139 4146
3 4157 4146 4139
3 4158 4170 4172
3 4169 4171 4170
3 4163 4172 4171
3 4170 4171 4172
3 4158 4172 4174
3 4163 4173 4172
3 4159 4174 4173
3 4172 4173 4174
3 4158 4174 4176
3 4159 4175 4174
3 4165 4176 4175
3 4174 4175 4176
3 4158 4176 4178
3 4165 4177 4176
3 4168 4178 4177
3 4176 4177 4178
3 4158 4178 4170
3 4168 4179 4178
3 4169 4170 4179
3 4178 4179 4170
3 4159 4173 4181
3 4163 4180 4173
3 4167 4181 4180
3 4173 4180 4181
3 4163 4171 4183
3 4169 4182 4171
3 4162 4183 4182
3 4171 4182 4183
3 4169 4179 4185
3 4168 4184 4179
3 4160 4185 4184
3 4179 4184 4185
3 4168 4177 4187
3 4165 4186 4177
3 4164 4187 4186
3 4177 4186 4187
3 4165 4175 4189
3 4159 4188 4175
3 4166 4189 4188
3 4175 4188 4189
3 4161 4190 4192
3 4167 4191 4190
3 4162 4192 4191
3 4190 4191 4192
3 4161 4192 4194
3 4162 4193 4192
3 4160 4194 4193
3 4192 4193 4194
3 4161 4194 4196
3 4160 4195 4194
3 4164 4196 4195
3 4194 4195 4196
3 4161 4196 4198
3 4164 4197 4196
3 4166 4198 4197
3 4196 4197 4198
3 4161 4198 4190
3 4166 4199 4198
3 4167 4190 4199
3 4198 4199 4190
3 4162 4191 4183
3 4167 4180 4191
3 4163 4183 4180
3 4191 4180 4183
3 4160 4193 4185
3 4162 4182 4193
3 4169 4185 4182
3 4193 4182 4185
3 4164 4195 4187
3 4160 4184 4195
3 4168 4187 4184
3 4195 4184 4187
3 4166 4197 4189
3 4164 4186 4197
3 4165 4189 4186
3 4197 4186 4189
3 4167 4199 4181
3 4166 4188 4199
3 4159 4181 4188
3 4199 4188 4181
3 4200 4212 4214
3 4211 4213 4212
3 4205 4214 4213
3 4212 4213 4214
3 4200 4214 4216
3 4205 4215 4214
3 4201 4216 4215
3 4214 4215 4216
3 4200 4216 4218
3 4201 4217 4216
3 4207 4218 4217
3 4216 4217 4218
3 4200 4218 4220
3 4207 4219 4218
3 4210 4220 4219
3 4218 4219 4220
3 4200 4220 4212
3 4210 4221 4220
3 4211 4212 4221
3 4220 4221 4212
3 4201 4215 4223
3 4205 4222 4215
3 4209 4223 4222
3 4215 4222 4223
3 4205 4213 4225
3 4211 4224 4213
3 4204 4225 4224
3 4213 4224 4225
3 4211 4221 4227
3 4210 4226 4221
3 4202 4227 4226
3 4221 4226 4227
3 4210 4219 4229
3 4207 4228 4219
3 4206 4229 4228
3 4219 4228 4229
3 4207 4217 4231
3 4201 4230 4217
3 4208 4231 4230
3 4217 4230 4231
3 4203 4232 4234
3 4209 4233 4232
3 4204 4234 4233
3 4232 4233 4234
3 4203 4234 4236
3 4204 4235 4234
3 4202 4236 4235
3 4234 4235 4236
3 4203 4236 4238
3 4202 4237 4236
3 4206 4238 4237
3 4236 4237 4238
3 4203 4238 4240
3 4206 4239 4238
3 4208 4240 4239
3 4238 4239 4240
3 4203 4240 4232
3 4208 4241 4240
3 4209 4232 4241
3 4240 4241 4232
3 4204 4233 4225
3 4209 4222 4233
3 4205 4225 4222
3 4233 4222 4225
3 4202 4235 4227
3 4204 4224 4235
3 4211 4227 4224
3 4235 4224 4227
3 4206 4237 4229
3 4202 4226 4237
3 4210 4229 4226
3 4237 4226 4229
3 4208 4239 4231
3 4206 4228 4239
3 4207 4231 4228
3 4239 4228 4231
3 4209 4241 4223
3 4208 4230 4241
3 4201 4223 4230
3 4241 4230 4223
3 4242 4254 4256
3 4253 4255 4254
3 4247 4256 4255
3 4254 4255 4256
3 4242 4256 4258
3 4247 4257 4256
3 4243 4258 4257
3 4256 4257 4258
3 4242 4258 4260
3 4243 4259 4258
3 4249 4260 4259
3 4258 4259 4260
3 4242 4260 4262
3 4249 4261 4260
3 4252 4262 4261
3 4260 4261 4262
3 4242 4262 4254
3 4252 4263 4262
3 4253 4254 4263
3 4262 4263 4254
3 4243 4257 4265
3 4247 4264 4257
3 4251 4265 4264
3 4257 4264 4265
3 4247 4255 4267
3 4253 4266 4255
3 4246 4267 4266
3 4255 4266 4267
3 4253 4263 4269
3 4252 4268 4263
3 4244 4269 4268
3 4263 4268 4269
3 4252 4261 4271
3 4249 4270 4261
3 4248 4271 4270
3 4261 4270 4271
3 4249 4259 4273
3 4243 4272 4259
3 4250 4273 4272
3 4259 4272 4273
3 4245 4274 4276
3 4251 4275 4274
3 4246 4276 4275
3 4274 4275 4276
3 4245 4276 4278
3 4246 4277 4276
3 4244 4278 4277
3 4276 4277 4278
3 4245 4278 4280
3 4244 4279 4278
3 4248 4280 4279
3 4278 4279 4280
3 4245 4280 4282
3 4248 4281 4280
3 4250 4282 4281
3 4280 4281 4282
3 4245 4282 4274
3 4250 4283 4282
3 4251 4274 4283
3 4282 4283 4274
3 4246 4275 4267
3 4251 4264 4275
3 4247 4267 4264
3 4275 4264 4267
3 4244 4277 4269
3 4246 4266 4277
3 4253 4269 4266
3 4277 4266 4269
3 4248 4279 4271
3 4244 4268 4279
3 4252 4271 4268
3 4279 4268 4271
3 4250 4281 4273
3 4248 4270 4281
3 4249 4273 4270
3 4281 4270 4273
3 4251 4283 4265
3 4250 4272 4283
3 4243 4265 4272
3 4283 4272 4265
3 4284 4296 4298
3 4295 4297 4296
3 4289 4298 4297
3 4296 4297 4298
3 4284 4298 4300
3 4289 4299 4298
3 4285 4300 4299
3 4298 4299 4300
3 4284 4300 4302
3 4285 4301 4300
3 4291 4302 4301
3 4300 4301 4302
3 4284 4302 4304
3 4291 4303 4302
3 4294 4304 4303
3 4302 4303 4304
3 4284 4304 4296
3 4294 4305 4304
3 4295 4296 4305
3 4304 4305 4296
3 4285 4299 4307
3 4289 4306 4299
3 4293 4307 4306
3 4299 4306 4307
3 4289 4297 4309
3 4295 4308 4297
3 4288 4309 4308
3 4297 4308 4309
3 4295 4305 4311
3 4294 4310 4305
3 4286 4311 4310
3 4305 4310 4311
3 4294 4303 4313
3 4291 4312 4303
3 4290 4313 4312
3 4303 4312 4313
3 4291 4301 4315
3 4285 4314 4301
3 4292 4315 4314
3 4301 4314 4315
3 4287 4316 4318
3 4293 4317 4316
3 4288 4318 4317
3 4316 4317 4318
3 4287 4318 4320
3 4288 4319 4318
3 4286 4320 4319
3 4318 4319 4320
3 4287 4320 4322
3 4286 4321 4320
3 4290 4322 4321
3 4320 4321 4322
3 4287 4322 4324
3 4290 4323 4322
3 4292 4324 4323
3 4322 4323 4324
3 4287 4324 4316
3 4292 4325 4324
3 4293 4316 4325
3 4324 4325 4316
3 4288 4317 4309
3 4293 4306 4317
3 4289 4309 4306
3 4317 4306 4309
3 4286 4319 4311
3 4288 4308 4319
3 4295 4311 4308
3 4319 4308 4311
3 4290 4321 4313
3 4286 4310 4321
3 4294 4313 4310
3 4321 4310 4313
3 4292 4323 4315
3 4290 4312 4323
3 4291 4315 4312
3 4323 4312 4315
3 4293 4325 4307
3 4292 4314 4325
3 4285 4307 4314
3 4325 4314 4307
3 4326 4338 4340
3 4337 4339 4338
3 4331 4340 4339
3 4338 4339 4340
3 4326 4340 4342
3 4331 4341 4340
3 4327 4342 4341
3 4340 4341 4342
3 4326 4342 4344
3 4327 4343 4342
3 4333 4344 4343
3 4342 4343 4344
3 4326 4344 4346
3 4333 4345 4344
3 4336 4346 4345
3 4344 4345 4346
3 4326 4346 4338
3 4336 4347 4346
3 4337 4338 4347
3 4346 4347 4338
3 4327 4341 4349
3 4331 4348 4341
3 4335 4349 4348
3 4341 4348 4349
3 4331 4339 4351
3 4337 4350 4339
3 4330 4351 4350
3 4339 4350 4351
3 4337 4347 4353
3 4336 4352 4347
3 4328 4353 4352
3 4347 4352 4353
3 4336 4345 4355
3 4333 4354 4345
3 4332 4355 4354
3 4345 4354 4355
3 4333 4343 4357
3 4327 4356 4343
3 4334 4357 4356
3 4343 4356 4357
3 4329 4358 4360
3 4335 4359 4358
3 4330 4360 4359
3 4358 4359 4360
3 4329 4360 4362
3 4330 4361 4360
3 4328 4362 4361
3 4360 4361 4362
3 4329 4362 4364
3 4328 4363 4362
3 4332 4364 4363
3 4362 4363 4364
3 4329 4364 4366
3 4332 4365 4364
3 4334 4366 4365
3 4364 4365 4366
3 4329 4366 4358
3 4334 4367 4366
3 4335 4358 4367
3 4366 4367 4358
3 4330 4359 4351
3 4335 4348 4359
3 4331 4351 4348
3 4359 4348 4351
3 4328 4361 4353
3 4330 4350 4361
3 4337 4353 4350
3 4361 4350 4353
3 4332 4363 4355
3 4328 4352 4363
3 4336 4355 4352
3 4363 4352 4355
3 4334 4365 4357
3 4332 4354 4365
3 4333 4357 4354
3 4365 4354 4357
3 4335 4367 4349
3 4334 4356 4367
3 4327 4349 4356
3 4367 4356 4349
3 4368 4380 4382
3 4379 4381 4380
3 4373 4382 4381
3 4380 4381 4382
3 4368 4382 4384
3 4373 4383 4382
3 4369 4384 4383
3 4382 4383 4384
3 4368 4384 4386
3 4369 4385 4384
3 4375 4386 4385
3 4384 4385 4386
3 4368 4386 4388
3 4375 4387 4386
3 4378 4388 4387
3 4386 4387 4388
3 4368 4388 4380
3 4378 4389 4388
3 4379 4380 4389
3 4388 4389 4380
3 4369 4383 4391
3 4373 4390 4383
3 4377 4391 4390
3 4383 4390 4391
3 4373 4381 4393
3 4379 4392 4381
3 4372 4393 4392
3 4381 4392 4393
3 4379 4389 4395
3 4378 4394 4389
3 4370 4395 4394
3 4389 4394 4395
3 4378 4387 4397
3 4375 4396 4387
3 4374 4397 4396
3 4387 4396 4397
3 4375 4385 4399
3 4369 4398 4385
3 4376 4399 4398
3 4385 4398 4399
3 4371 4400 4402
3 4377 4401 4400
3 4372 4402 4401
3 4400 4401 4402
3 4371 4402 4404
3 4372 4403 4402
3 4370 4404 4403
3 4402 4403 4404
3 4371 4404 4406
3 4370 4405 4404
3 4374 4406 4405
3 4404 4405 4406
3 4371 4406 4408
3 4374 4407 4406
3 4376 4408 4407
3 4406 4407 4408
3 4371 4408 4400
3 4376 4409 4408
3 4377 4400 4409
3 4408 4409 4400
3 4372 4401 4393
3 4377 4390 4401
3 4373 4393 4390
3 4401 4390 4393
3 4370 4403 4395
3 4372 4392 4403
3 4379 4395 4392
3 4403 4392 4395
3 4374 4405 4397
3 4370 4394 4405
3 4378 4397 4394
3 4405 4394 4397
3 4376 4407 4399
3 4374 4396 4407
3 4375 4399 4396
3 4407 4396 4399
3 4377 4409 4391
3 4376 4398 4409
3 4369 4391 4398
3 4409 4398 4391
3 4410 4422 4424
3 4421 4423 4422
3 4415 4424 4423
3 4422 4423 4424
3 4410 4424 4426
3 4415 4425 4424
3 4411 4426 4425
3 4424 4425 4426
3 4410 4426 4428
3 4411 4427 4426
3 4417 4428 4427
3 4426 4427 4428
3 4410 4428 4430
3 4417 4429 4428
3 4420 4430 4429
3 4428 4429 4430
3 4410 4430 4422
3 4420 4431 4430
3 4421 4422 4431
3 4430 4431 4422
3 4411 4425 4433
3 4415 4432 4425
3 4419 4433 4432
3 4425 4432 4433
3 4415 4423 4435
3 4421 4434 4423
3 4414 4435 4434
3 4423 4434 4435
3 4421 4431 4437
3 4420 4436 4431
3 4412 4437 4436
3 4431 4436 4437
3 4420 4429 4439
3 4417 4438 4429
3 4416 4439 4438
3 4429 4438 4439
3 4417 4427 4441
3 4411 4440 4427
3 4418 4441 4440
3 4427 4440 4441
3 4413 4442 4444
3 4419 4443 4442
3 4414 4444 4443
3 4442 4443 4444
3 4413 4444 4446
3 4414 4445 4444
3 4412 4446 4445
3 4444 4445 4446
3 4413 4446 4448
3 4412 4447 4446
3 4416 4448 4447
3 4446 4447 4448
3 4413 4448 4450
3 4416 4449 4448
3 4418 4450 4449
3 4448 4449 4450
3 4413 4450 4442
3 4418 4451 4450
3 4419 4442 4451
3 4450 4451 4442
3 4414 4443 4435
3 4419 4432 4443
3 4415 4435 4432
3 4443 4432 4435
3 4412 4445 4437
3 4414 4434 4445
3 4421 4437 4434
3 4445 4434 4437
3 4416 4447 4439
3 4412 4436 4447
3 4420 4439 4436
3 4447 4436 4439
3 4418 4449 4441
3 4416 4438 4449
3 4417 4441 4438
3 4449 4438 4441
3 4419 4451 4433
3 4418 4440 4451
3 4411 4433 4440
3 4451 4440 4433
3 4452 4464 4466
3 4463 4465 4464
3 4457 4466 4465
3 4464 4465 4466
3 4452 4466 4468
3 4457 4467 4466
3 4453 4468 4467
3 4466 4467 4468
3 4452 4468 4470
3 4453 4469 4468
3 4459 4470 4469
3 4468 4469 4470
3 4452 4470 4472
3 4459 4471 4470
3 4462 4472 4471
3 4470 4471 4472
3 4452 4472 4464
3 4462 4473 4472
3 4463 4464 4473
3 4472 4473 4464
3 4453 4467 4475
3 4457 4474 4467
3 4461 4475 4474
3 4467 4474 4475
3 4457 4465 4477
3 4463 4476 4465
3 4456 4477 4476
3 4465 4476 4477
3 4463 4473 4479
3 4462 4478 4473
3 4454 4479 4478
3 4473 4478 4479
3 4462 4471 4481
3 4459 4480 4471
3 4458 4481 4480
3 4471 4480 4481
3 4459 4469 4483
3 4453 4482 4469
3 4460 4483 4482
3 4469 4482 4483
3 4455 4484 4486
3 4461 4485 4484
3 4456 4486 4485
3 4484 4485 4486
3 4455 4486 4488
3 4456 4487 4486
3 4454 4488 4487
3 4486 4487 4488
3 4455 4488 4490
3 4454 4489 4488
3 4458 4490 4489
3 4488 4489 4490
3 4455 4490 4492
3 4458 4491 4490
3 4460 4492 4491
3 4490 4491 4492
3 4455 4492 4484
3 4460 4493 4492
3 4461 4484 4493
3 4492 4493 4484
3 4456 4485 4477
3 4461 4474 4485
3 4457 4477 4474
3 4485 4474 4477
3 4454 4487 4479
3 4456 4476 4487
3 4463 4479 4476
3 4487 4476 4479
3 4458 4489 4481
3 4454 4478 4489
3 4462 4481 4478
3 4489 4478 4481
3 4460 4491 4483
3 4458 4480 4491
3 4459 4483 4480
3 4491 4480 4483
3 4461 4493 4475
3 4460 4482 4493
3 4453 4475 4482
3 4493 4482 4475
