ply
format ascii 1.0
element vertex 12054
property float x
property float y
property float z
property uchar red
property uchar green
property uchar blue
element face 22960
property list uchar int vertex_indices
end_header
0.174051 -0.050334 0.495648 255 0 0
0.184566 -0.050334 0.495648 255 0 0
0.174051 -0.067347 0.495648 255 0 0
0.184566 -0.067347 0.495648 255 0 0
0.179308 -0.064098 0.504155 255 0 0
0.179308 -0.053583 0.504155 255 0 0
0.179308 -0.064098 0.487142 255 0 0
0.179308 -0.053583 0.487142 255 0 0
0.187815 -0.058840 0.490391 255 0 0
0.187815 -0.058840 0.500906 255 0 0
0.170802 -0.058840 0.490391 255 0 0
0.170802 -0.058840 0.500906 255 0 0
0.171218 -0.053840 0.498738 255 0 0
0.174308 -0.055750 0.503738 255 0 0
0.176218 -0.050750 0.500648 255 0 0
0.182398 -0.050750 0.500648 255 0 0
0.179308 -0.048840 0.495648 255 0 0
0.182398 -0.050750 0.490648 255 0 0
0.176218 -0.050750 0.490648 255 0 0
0.174308 -0.055750 0.487558 255 0 0
0.171218 -0.053840 0.492558 255 0 0
0.169308 -0.058840 0.495648 255 0 0
0.184308 -0.055750 0.503738 255 0 0
0.187398 -0.053840 0.498738 255 0 0
0.174308 -0.061930 0.503738 255 0 0
0.179308 -0.058840 0.505648 255 0 0
0.171218 -0.063840 0.492558 255 0 0
0.171218 -0.063840 0.498738 255 0 0
0.179308 -0.058840 0.485648 255 0 0
0.174308 -0.061930 0.487558 255 0 0
0.187398 -0.053840 0.492558 255 0 0
0.184308 -0.055750 0.487558 255 0 0
0.187398 -0.063840 0.498738 255 0 0
0.184308 -0.061930 0.503738 255 0 0
0.182398 -0.066930 0.500648 255 0 0
0.176218 -0.066930 0.500648 255 0 0
0.179308 -0.068840 0.495648 255 0 0
0.176218 -0.066930 0.490648 255 0 0
0.182398 -0.066930 0.490648 255 0 0
0.184308 -0.061930 0.487558 255 0 0
0.187398 -0.063840 0.492558 255 0 0
0.189308 -0.058840 0.495648 255 0 0
0.168060 -0.047470 0.489760 255 0 0
0.178575 -0.047470 0.489760 255 0 0
0.168060 -0.064483 0.489760 255 0 0
0.178575 -0.064483 0.489760 255 0 0
0.173318 -0.061234 0.498266 255 0 0
0.173318 -0.050719 0.498266 255 0 0
0.173318 -0.061234 0.481253 255 0 0
0.173318 -0.050719 0.481253 255 0 0
0.181824 -0.055976 0.484503 255 0 0
0.181824 -0.055976 0.495017 255 0 0
0.164811 -0.055976 0.484503 255 0 0
0.164811 -0.055976 0.495017 255 0 0
0.165228 -0.050976 0.492850 255 0 0
0.168318 -0.052886 0.497850 255 0 0
0.170228 -0.047886 0.494760 255 0 0
0.176408 -0.047886 0.494760 255 0 0
0.173318 -0.045976 0.489760 255 0 0
0.176408 -0.047886 0.484760 255 0 0
0.170228 -0.047886 0.484760 255 0 0
0.168318 -0.052886 0.481670 255 0 0
0.165228 -0.050976 0.486670 255 0 0
0.163318 -0.055976 0.489760 255 0 0
0.178318 -0.052886 0.497850 255 0 0
0.181408 -0.050976 0.492850 255 0 0
0.168318 -0.059066 0.497850 255 0 0
0.173318 -0.055976 0.499760 255 0 0
0.165228 -0.060976 0.486670 255 0 0
0.165228 -0.060976 0.492850 255 0 0
0.173318 -0.055976 0.479760 255 0 0
0.168318 -0.059066 0.481670 255 0 0
0.181408 -0.050976 0.486670 255 0 0
0.178318 -0.052886 0.481670 255 0 0
0.181408 -0.060976 0.492850 255 0 0
0.178318 -0.059066 0.497850 255 0 0
0.176408 -0.064066 0.494760 255 0 0
0.170228 -0.064066 0.494760 255 0 0
0.173318 -0.065976 0.489760 255 0 0
0.170228 -0.064066 0.484760 255 0 0
0.176408 -0.064066 0.484760 255 0 0
0.178318 -0.059066 0.481670 255 0 0
0.181408 -0.060976 0.486670 255 0 0
0.183318 -0.055976 0.489760 255 0 0
0.194038 0.047413 0.530813 255 0 0
0.204553 0.047413 0.530813 255 0 0
0.194038 0.030400 0.530813 255 0 0
0.204553 0.030400 0.530813 255 0 0
0.199295 0.033649 0.539319 255 0 0
0.199295 0.044163 0.539319 255 0 0
0.199295 0.033649 0.522306 255 0 0
0.199295 0.044163 0.522306 255 0 0
0.207802 0.038906 0.525555 255 0 0
0.207802 0.038906 0.536070 255 0 0
0.190789 0.038906 0.525555 255 0 0
0.190789 0.038906 0.536070 255 0 0
0.191205 0.043906 0.533903 255 0 0
0.194295 0.041996 0.538903 255 0 0
0.196205 0.046996 0.535812 255 0 0
0.202386 0.046996 0.535812 255 0 0
0.199295 0.048906 0.530813 255 0 0
0.202386 0.046996 0.525813 255 0 0
0.196205 0.046996 0.525813 255 0 0
0.194295 0.041996 0.522722 255 0 0
0.191205 0.043906 0.527722 255 0 0
0.189295 0.038906 0.530813 255 0 0
0.204295 0.041996 0.538903 255 0 0
0.207386 0.043906 0.533903 255 0 0
0.194295 0.035816 0.538903 255 0 0
0.199295 0.038906 0.540812 255 0 0
0.191205 0.033906 0.527722 255 0 0
0.191205 0.033906 0.533903 255 0 0
0.199295 0.038906 0.520813 255 0 0
0.194295 0.035816 0.522722 255 0 0
0.207386 0.043906 0.527722 255 0 0
0.204295 0.041996 0.522722 255 0 0
0.207386 0.033906 0.533903 255 0 0
0.204295 0.035816 0.538903 255 0 0
0.202386 0.030816 0.535812 255 0 0
0.196205 0.030816 0.535812 255 0 0
0.199295 0.028906 0.530813 255 0 0
0.196205 0.030816 0.525813 255 0 0
0.202386 0.030816 0.525813 255 0 0
0.204295 0.035816 0.522722 255 0 0
0.207386 0.033906 0.527722 255 0 0
0.209295 0.038906 0.530813 255 0 0
0.148339 -0.079787 0.487269 255 0 0
0.158854 -0.079787 0.487269 255 0 0
0.148339 -0.096800 0.487269 255 0 0
0.158854 -0.096800 0.487269 255 0 0
0.153597 -0.093551 0.495776 255 0 0
0.153597 -0.083036 0.495776 255 0 0
0.153597 -0.093551 0.478763 255 0 0
0.153597 -0.083036 0.478763 255 0 0
0.162103 -0.088293 0.482012 255 0 0
0.162103 -0.088293 0.492527 255 0 0
0.145090 -0.088293 0.482012 255 0 0
0.145090 -0.088293 0.492527 255 0 0
0.145507 -0.083293 0.490360 255 0 0
0.148597 -0.085203 0.495360 255 0 0
0.150507 -0.080203 0.492269 255 0 0
0.156687 -0.080203 0.492269 255 0 0
0.153597 -0.078293 0.487269 255 0 0
0.156687 -0.080203 0.482269 255 0 0
0.150507 -0.080203 0.482269 255 0 0
0.148597 -0.085203 0.479179 255 0 0
0.145507 -0.083293 0.484179 255 0 0
0.143597 -0.088293 0.487269 255 0 0
0.158597 -0.085203 0.495360 255 0 0
0.161687 -0.083293 0.490360 255 0 0
0.148597 -0.091384 0.495360 255 0 0
0.153597 -0.088293 0.497269 255 0 0
0.145507 -0.093293 0.484179 255 0 0
0.145507 -0.093293 0.490360 255 0 0
0.153597 -0.088293 0.477269 255 0 0
0.148597 -0.091384 0.479179 255 0 0
0.161687 -0.083293 0.484179 255 0 0
0.158597 -0.085203 0.479179 255 0 0
0.161687 -0.093293 0.490360 255 0 0
0.158597 -0.091384 0.495360 255 0 0
0.156687 -0.096384 0.492269 255 0 0
0.150507 -0.096384 0.492269 255 0 0
0.153597 -0.098293 0.487269 255 0 0
0.150507 -0.096384 0.482269 255 0 0
0.156687 -0.096384 0.482269 255 0 0
0.158597 -0.091384 0.479179 255 0 0
0.161687 -0.093293 0.484179 255 0 0
0.163597 -0.088293 0.487269 255 0 0
0.150634 0.063283 0.481595 255 0 0
0.161149 0.063283 0.481595 255 0 0
0.150634 0.046270 0.481595 255 0 0
0.161149 0.046270 0.481595 255 0 0
0.155892 0.049519 0.490102 255 0 0
0.155892 0.060034 0.490102 255 0 0
0.155892 0.049519 0.473089 255 0 0
0.155892 0.060034 0.473089 255 0 0
0.164398 0.054776 0.476338 255 0 0
0.164398 0.054776 0.486852 255 0 0
0.147385 0.054776 0.476338 255 0 0
0.147385 0.054776 0.486852 255 0 0
0.147802 0.059776 0.484685 255 0 0
0.150892 0.057866 0.489685 255 0 0
0.152801 0.062866 0.486595 255 0 0
0.158982 0.062866 0.486595 255 0 0
0.155892 0.064776 0.481595 255 0 0
0.158982 0.062866 0.476595 255 0 0
0.152801 0.062866 0.476595 255 0 0
0.150892 0.057866 0.473505 255 0 0
0.147802 0.059776 0.478505 255 0 0
0.145892 0.054776 0.481595 255 0 0
0.160892 0.057866 0.489685 255 0 0
0.163982 0.059776 0.484685 255 0 0
0.150892 0.051686 0.489685 255 0 0
0.155892 0.054776 0.491595 255 0 0
0.147802 0.049776 0.478505 255 0 0
0.147802 0.049776 0.484685 255 0 0
0.155892 0.054776 0.471595 255 0 0
0.150892 0.051686 0.473505 255 0 0
0.163982 0.059776 0.478505 255 0 0
0.160892 0.057866 0.473505 255 0 0
0.163982 0.049776 0.484685 255 0 0
0.160892 0.051686 0.489685 255 0 0
0.158982 0.046686 0.486595 255 0 0
0.152801 0.046686 0.486595 255 0 0
0.155892 0.044776 0.481595 255 0 0
0.152801 0.046686 0.476595 255 0 0
0.158982 0.046686 0.476595 255 0 0
0.160892 0.051686 0.473505 255 0 0
0.163982 0.049776 0.478505 255 0 0
0.165892 0.054776 0.481595 255 0 0
0.136859 0.069767 0.475704 255 0 0
0.147374 0.069767 0.475704 255 0 0
0.136859 0.052754 0.475704 255 0 0
0.147374 0.052754 0.475704 255 0 0
0.142116 0.056003 0.484210 255 0 0
0.142116 0.066518 0.484210 255 0 0
0.142116 0.056003 0.467197 255 0 0
0.142116 0.066518 0.467197 255 0 0
0.150623 0.061260 0.470446 255 0 0
0.150623 0.061260 0.480961 255 0 0
0.133610 0.061260 0.470446 255 0 0
0.133610 0.061260 0.480961 255 0 0
0.134026 0.066260 0.478794 255 0 0
0.137116 0.064350 0.483794 255 0 0
0.139026 0.069350 0.480704 255 0 0
0.145207 0.069350 0.480704 255 0 0
0.142116 0.071260 0.475704 255 0 0
0.145207 0.069350 0.470704 255 0 0
0.139026 0.069350 0.470704 255 0 0
0.137116 0.064350 0.467614 255 0 0
0.134026 0.066260 0.472614 255 0 0
0.132116 0.061260 0.475704 255 0 0
0.147116 0.064350 0.483794 255 0 0
0.150207 0.066260 0.478794 255 0 0
0.137116 0.058170 0.483794 255 0 0
0.142116 0.061260 0.485704 255 0 0
0.134026 0.056260 0.472614 255 0 0
0.134026 0.056260 0.478794 255 0 0
0.142116 0.061260 0.465704 255 0 0
0.137116 0.058170 0.467614 255 0 0
0.150207 0.066260 0.472614 255 0 0
0.147116 0.064350 0.467614 255 0 0
0.150207 0.056260 0.478794 255 0 0
0.147116 0.058170 0.483794 255 0 0
0.145207 0.053170 0.480704 255 0 0
0.139026 0.053170 0.480704 255 0 0
0.142116 0.051260 0.475704 255 0 0
0.139026 0.053170 0.470704 255 0 0
0.145207 0.053170 0.470704 255 0 0
0.147116 0.058170 0.467614 255 0 0
0.150207 0.056260 0.472614 255 0 0
0.152116 0.061260 0.475704 255 0 0
0.144157 0.083216 0.476747 255 0 0
0.154672 0.083216 0.476747 255 0 0
0.144157 0.066203 0.476747 255 0 0
0.154672 0.066203 0.476747 255 0 0
0.149414 0.069452 0.485253 255 0 0
0.149414 0.079967 0.485253 255 0 0
0.149414 0.069452 0.468240 255 0 0
0.149414 0.079967 0.468240 255 0 0
0.157921 0.074709 0.471489 255 0 0
0.157921 0.074709 0.482004 255 0 0
0.140908 0.074709 0.471489 255 0 0
0.140908 0.074709 0.482004 255 0 0
0.141324 0.079709 0.479837 255 0 0
0.144414 0.077800 0.484837 255 0 0
0.146324 0.082800 0.481747 255 0 0
0.152504 0.082800 0.481747 255 0 0
0.149414 0.084709 0.476747 255 0 0
0.152504 0.082800 0.471747 255 0 0
0.146324 0.082800 0.471747 255 0 0
0.144414 0.077800 0.468656 255 0 0
0.141324 0.079709 0.473656 255 0 0
0.139414 0.074709 0.476747 255 0 0
0.154414 0.077800 0.484837 255 0 0
0.157504 0.079709 0.479837 255 0 0
0.144414 0.071619 0.484837 255 0 0
0.149414 0.074709 0.486747 255 0 0
0.141324 0.069709 0.473656 255 0 0
0.141324 0.069709 0.479837 255 0 0
0.149414 0.074709 0.466747 255 0 0
0.144414 0.071619 0.468656 255 0 0
0.157504 0.079709 0.473656 255 0 0
0.154414 0.077800 0.468656 255 0 0
0.157504 0.069709 0.479837 255 0 0
0.154414 0.071619 0.484837 255 0 0
0.152504 0.066619 0.481747 255 0 0
0.146324 0.066619 0.481747 255 0 0
0.149414 0.064709 0.476747 255 0 0
0.146324 0.066619 0.471747 255 0 0
0.152504 0.066619 0.471747 255 0 0
0.154414 0.071619 0.468656 255 0 0
0.157504 0.069709 0.473656 255 0 0
0.159414 0.074709 0.476747 255 0 0
0.145416 0.084740 0.470860 255 0 0
0.155930 0.084740 0.470860 255 0 0
0.145416 0.067727 0.470860 255 0 0
0.155930 0.067727 0.470860 255 0 0
0.150673 0.070976 0.479367 255 0 0
0.150673 0.081491 0.479367 255 0 0
0.150673 0.070976 0.462353 255 0 0
0.150673 0.081491 0.462353 255 0 0
0.159179 0.076234 0.465603 255 0 0
0.159179 0.076234 0.476117 255 0 0
0.142166 0.076234 0.465603 255 0 0
0.142166 0.076234 0.476117 255 0 0
0.142583 0.081234 0.473950 255 0 0
0.145673 0.079324 0.478950 255 0 0
0.147583 0.084324 0.475860 255 0 0
0.153763 0.084324 0.475860 255 0 0
0.150673 0.086234 0.470860 255 0 0
0.153763 0.084324 0.465860 255 0 0
0.147583 0.084324 0.465860 255 0 0
0.145673 0.079324 0.462770 255 0 0
0.142583 0.081234 0.467770 255 0 0
0.140673 0.076234 0.470860 255 0 0
0.155673 0.079324 0.478950 255 0 0
0.158763 0.081234 0.473950 255 0 0
0.145673 0.073143 0.478950 255 0 0
0.150673 0.076234 0.480860 255 0 0
0.142583 0.071234 0.467770 255 0 0
0.142583 0.071234 0.473950 255 0 0
0.150673 0.076234 0.460860 255 0 0
0.145673 0.073143 0.462770 255 0 0
0.158763 0.081234 0.467770 255 0 0
0.155673 0.079324 0.462770 255 0 0
0.158763 0.071234 0.473950 255 0 0
0.155673 0.073143 0.478950 255 0 0
0.153763 0.068143 0.475860 255 0 0
0.147583 0.068143 0.475860 255 0 0
0.150673 0.066234 0.470860 255 0 0
0.147583 0.068143 0.465860 255 0 0
0.153763 0.068143 0.465860 255 0 0
0.155673 0.073143 0.462770 255 0 0
0.158763 0.071234 0.467770 255 0 0
0.160673 0.076234 0.470860 255 0 0
0.174779 -0.099956 0.485467 255 0 0
0.185294 -0.099956 0.485467 255 0 0
0.174779 -0.116969 0.485467 255 0 0
0.185294 -0.116969 0.485467 255 0 0
0.180037 -0.113720 0.493974 255 0 0
0.180037 -0.103205 0.493974 255 0 0
0.180037 -0.113720 0.476961 255 0 0
0.180037 -0.103205 0.476961 255 0 0
0.188543 -0.108463 0.480210 255 0 0
0.188543 -0.108463 0.490724 255 0 0
0.171530 -0.108463 0.480210 255 0 0
0.171530 -0.108463 0.490724 255 0 0
0.171946 -0.103463 0.488557 255 0 0
0.175037 -0.105372 0.493557 255 0 0
0.176946 -0.100372 0.490467 255 0 0
0.183127 -0.100372 0.490467 255 0 0
0.180037 -0.098463 0.485467 255 0 0
0.183127 -0.100372 0.480467 255 0 0
0.176946 -0.100372 0.480467 255 0 0
0.175037 -0.105372 0.477377 255 0 0
0.171946 -0.103463 0.482377 255 0 0
0.170037 -0.108463 0.485467 255 0 0
0.185037 -0.105372 0.493557 255 0 0
0.188127 -0.103463 0.488557 255 0 0
0.175037 -0.111553 0.493557 255 0 0
0.180037 -0.108463 0.495467 255 0 0
0.171946 -0.113463 0.482377 255 0 0
0.171946 -0.113463 0.488557 255 0 0
0.180037 -0.108463 0.475467 255 0 0
0.175037 -0.111553 0.477377 255 0 0
0.188127 -0.103463 0.482377 255 0 0
0.185037 -0.105372 0.477377 255 0 0
0.188127 -0.113463 0.488557 255 0 0
0.185037 -0.111553 0.493557 255 0 0
0.183127 -0.116553 0.490467 255 0 0
0.176946 -0.116553 0.490467 255 0 0
0.180037 -0.118463 0.485467 255 0 0
0.176946 -0.116553 0.480467 255 0 0
0.183127 -0.116553 0.480467 255 0 0
0.185037 -0.111553 0.477377 255 0 0
0.188127 -0.113463 0.482377 255 0 0
0.190037 -0.108463 0.485467 255 0 0
0.167778 -0.095213 0.482999 255 0 0
0.178293 -0.095213 0.482999 255 0 0
0.167778 -0.112226 0.482999 255 0 0
0.178293 -0.112226 0.482999 255 0 0
0.173036 -0.108977 0.491505 255 0 0
0.173036 -0.098462 0.491505 255 0 0
0.173036 -0.108977 0.474492 255 0 0
0.173036 -0.098462 0.474492 255 0 0
0.181542 -0.103719 0.477742 255 0 0
0.181542 -0.103719 0.488256 255 0 0
0.164529 -0.103719 0.477742 255 0 0
0.164529 -0.103719 0.488256 255 0 0
0.164946 -0.098719 0.486089 255 0 0
0.168036 -0.100629 0.491089 255 0 0
0.169946 -0.095629 0.487999 255 0 0
0.176126 -0.095629 0.487999 255 0 0
0.173036 -0.093719 0.482999 255 0 0
0.176126 -0.095629 0.477999 255 0 0
0.169946 -0.095629 0.477999 255 0 0
0.168036 -0.100629 0.474909 255 0 0
0.164946 -0.098719 0.479909 255 0 0
0.163036 -0.103719 0.482999 255 0 0
0.178036 -0.100629 0.491089 255 0 0
0.181126 -0.098719 0.486089 255 0 0
0.168036 -0.106809 0.491089 255 0 0
0.173036 -0.103719 0.492999 255 0 0
0.164946 -0.108719 0.479909 255 0 0
0.164946 -0.108719 0.486089 255 0 0
0.173036 -0.103719 0.472999 255 0 0
0.168036 -0.106809 0.474909 255 0 0
0.181126 -0.098719 0.479909 255 0 0
0.178036 -0.100629 0.474909 255 0 0
0.181126 -0.108719 0.486089 255 0 0
0.178036 -0.106809 0.491089 255 0 0
0.176126 -0.111809 0.487999 255 0 0
0.169946 -0.111809 0.487999 255 0 0
0.173036 -0.113719 0.482999 255 0 0
0.169946 -0.111809 0.477999 255 0 0
0.176126 -0.111809 0.477999 255 0 0
0.178036 -0.106809 0.474909 255 0 0
0.181126 -0.108719 0.479909 255 0 0
0.183036 -0.103719 0.482999 255 0 0
0.166723 0.094313 0.491722 255 0 0
0.177238 0.094313 0.491722 255 0 0
0.166723 0.077300 0.491722 255 0 0
0.177238 0.077300 0.491722 255 0 0
0.171980 0.080550 0.500228 255 0 0
0.171980 0.091064 0.500228 255 0 0
0.171980 0.080550 0.483215 255 0 0
0.171980 0.091064 0.483215 255 0 0
0.180487 0.085807 0.486465 255 0 0
0.180487 0.085807 0.496979 255 0 0
0.163474 0.085807 0.486465 255 0 0
0.163474 0.085807 0.496979 255 0 0
0.163890 0.090807 0.494812 255 0 0
0.166980 0.088897 0.499812 255 0 0
0.168890 0.093897 0.496722 255 0 0
0.175071 0.093897 0.496722 255 0 0
0.171980 0.095807 0.491722 255 0 0
0.175071 0.093897 0.486722 255 0 0
0.168890 0.093897 0.486722 255 0 0
0.166980 0.088897 0.483632 255 0 0
0.163890 0.090807 0.488632 255 0 0
0.161980 0.085807 0.491722 255 0 0
0.176980 0.088897 0.499812 255 0 0
0.180071 0.090807 0.494812 255 0 0
0.166980 0.082717 0.499812 255 0 0
0.171980 0.085807 0.501722 255 0 0
0.163890 0.080807 0.488632 255 0 0
0.163890 0.080807 0.494812 255 0 0
0.171980 0.085807 0.481722 255 0 0
0.166980 0.082717 0.483632 255 0 0
0.180071 0.090807 0.488632 255 0 0
0.176980 0.088897 0.483632 255 0 0
0.180071 0.080807 0.494812 255 0 0
0.176980 0.082717 0.499812 255 0 0
0.175071 0.077717 0.496722 255 0 0
0.168890 0.077717 0.496722 255 0 0
0.171980 0.075807 0.491722 255 0 0
0.168890 0.077717 0.486722 255 0 0
0.175071 0.077717 0.486722 255 0 0
0.176980 0.082717 0.483632 255 0 0
0.180071 0.080807 0.488632 255 0 0
0.181980 0.085807 0.491722 255 0 0
0.146800 0.109545 0.470143 255 0 0
0.157315 0.109545 0.470143 255 0 0
0.146800 0.092532 0.470143 255 0 0
0.157315 0.092532 0.470143 255 0 0
0.152058 0.095781 0.478650 255 0 0
0.152058 0.106295 0.478650 255 0 0
0.152058 0.095781 0.461637 255 0 0
0.152058 0.106295 0.461637 255 0 0
0.160564 0.101038 0.464886 255 0 0
0.160564 0.101038 0.475400 255 0 0
0.143551 0.101038 0.464886 255 0 0
0.143551 0.101038 0.475400 255 0 0
0.143967 0.106038 0.473233 255 0 0
0.147058 0.104128 0.478233 255 0 0
0.148967 0.109128 0.475143 255 0 0
0.155148 0.109128 0.475143 255 0 0
0.152058 0.111038 0.470143 255 0 0
0.155148 0.109128 0.465143 255 0 0
0.148967 0.109128 0.465143 255 0 0
0.147058 0.104128 0.462053 255 0 0
0.143967 0.106038 0.467053 255 0 0
0.142058 0.101038 0.470143 255 0 0
0.157058 0.104128 0.478233 255 0 0
0.160148 0.106038 0.473233 255 0 0
0.147058 0.097948 0.478233 255 0 0
0.152058 0.101038 0.480143 255 0 0
0.143967 0.096038 0.467053 255 0 0
0.143967 0.096038 0.473233 255 0 0
0.152058 0.101038 0.460143 255 0 0
0.147058 0.097948 0.462053 255 0 0
0.160148 0.106038 0.467053 255 0 0
0.157058 0.104128 0.462053 255 0 0
0.160148 0.096038 0.473233 255 0 0
0.157058 0.097948 0.478233 255 0 0
0.155148 0.092948 0.475143 255 0 0
0.148967 0.092948 0.475143 255 0 0
0.152058 0.091038 0.470143 255 0 0
0.148967 0.092948 0.465143 255 0 0
0.155148 0.092948 0.465143 255 0 0
0.157058 0.097948 0.462053 255 0 0
0.160148 0.096038 0.467053 255 0 0
0.162058 0.101038 0.470143 255 0 0
0.101492 0.095855 0.444656 255 0 0
0.112006 0.095855 0.444656 255 0 0
0.101492 0.078842 0.444656 255 0 0
0.112006 0.078842 0.444656 255 0 0
0.106749 0.082091 0.453163 255 0 0
0.106749 0.092606 0.453163 255 0 0
0.106749 0.082091 0.436150 255 0 0
0.106749 0.092606 0.436150 255 0 0
0.115256 0.087348 0.439399 255 0 0
0.115256 0.087348 0.449913 255 0 0
0.098243 0.087348 0.439399 255 0 0
0.098243 0.087348 0.449913 255 0 0
0.098659 0.092348 0.447746 255 0 0
0.101749 0.090438 0.452746 255 0 0
0.103659 0.095438 0.449656 255 0 0
0.109839 0.095438 0.449656 255 0 0
0.106749 0.097348 0.444656 255 0 0
0.109839 0.095438 0.439656 255 0 0
0.103659 0.095438 0.439656 255 0 0
0.101749 0.090438 0.436566 255 0 0
0.098659 0.092348 0.441566 255 0 0
0.096749 0.087348 0.444656 255 0 0
0.111749 0.090438 0.452746 255 0 0
0.114839 0.092348 0.447746 255 0 0
0.101749 0.084258 0.452746 255 0 0
0.106749 0.087348 0.454656 255 0 0
0.098659 0.082348 0.441566 255 0 0
0.098659 0.082348 0.447746 255 0 0
0.106749 0.087348 0.434656 255 0 0
0.101749 0.084258 0.436566 255 0 0
0.114839 0.092348 0.441566 255 0 0
0.111749 0.090438 0.436566 255 0 0
0.114839 0.082348 0.447746 255 0 0
0.111749 0.084258 0.452746 255 0 0
0.109839 0.079258 0.449656 255 0 0
0.103659 0.079258 0.449656 255 0 0
0.106749 0.077348 0.444656 255 0 0
0.103659 0.079258 0.439656 255 0 0
0.109839 0.079258 0.439656 255 0 0
0.111749 0.084258 0.436566 255 0 0
0.114839 0.082348 0.441566 255 0 0
0.116749 0.087348 0.444656 255 0 0
0.088286 0.107028 0.449857 255 0 0
0.098801 0.107028 0.449857 255 0 0
0.088286 0.090015 0.449857 255 0 0
0.098801 0.090015 0.449857 255 0 0
0.093543 0.093264 0.458364 255 0 0
0.093543 0.103779 0.458364 255 0 0
0.093543 0.093264 0.441351 255 0 0
0.093543 0.103779 0.441351 255 0 0
0.102050 0.098521 0.444600 255 0 0
0.102050 0.098521 0.455114 255 0 0
0.085037 0.098521 0.444600 255 0 0
0.085037 0.098521 0.455114 255 0 0
0.085453 0.103521 0.452947 255 0 0
0.088543 0.101611 0.457947 255 0 0
0.090453 0.106611 0.454857 255 0 0
0.096634 0.106611 0.454857 255 0 0
0.093543 0.108521 0.449857 255 0 0
0.096634 0.106611 0.444857 255 0 0
0.090453 0.106611 0.444857 255 0 0
0.088543 0.101611 0.441767 255 0 0
0.085453 0.103521 0.446767 255 0 0
0.083543 0.098521 0.449857 255 0 0
0.098543 0.101611 0.457947 255 0 0
0.101634 0.103521 0.452947 255 0 0
0.088543 0.095431 0.457947 255 0 0
0.093543 0.098521 0.459857 255 0 0
0.085453 0.093521 0.446767 255 0 0
0.085453 0.093521 0.452947 255 0 0
0.093543 0.098521 0.439857 255 0 0
0.088543 0.095431 0.441767 255 0 0
0.101634 0.103521 0.446767 255 0 0
0.098543 0.101611 0.441767 255 0 0
0.101634 0.093521 0.452947 255 0 0
0.098543 0.095431 0.457947 255 0 0
0.096634 0.090431 0.454857 255 0 0
0.090453 0.090431 0.454857 255 0 0
0.093543 0.088521 0.449857 255 0 0
0.090453 0.090431 0.444857 255 0 0
0.096634 0.090431 0.444857 255 0 0
0.098543 0.095431 0.441767 255 0 0
0.101634 0.093521 0.446767 255 0 0
0.103543 0.098521 0.449857 255 0 0
0.127650 0.099310 0.452719 255 0 0
0.138165 0.099310 0.452719 255 0 0
0.127650 0.082297 0.452719 255 0 0
0.138165 0.082297 0.452719 255 0 0
0.132907 0.085546 0.461225 255 0 0
0.132907 0.096061 0.461225 255 0 0
0.132907 0.085546 0.444212 255 0 0
0.132907 0.096061 0.444212 255 0 0
0.141414 0.090804 0.447462 255 0 0
0.141414 0.090804 0.457976 255 0 0
0.124401 0.090804 0.447462 255 0 0
0.124401 0.090804 0.457976 255 0 0
0.124817 0.095804 0.455809 255 0 0
0.127907 0.093894 0.460809 255 0 0
0.129817 0.098894 0.457719 255 0 0
0.135998 0.098894 0.457719 255 0 0
0.132907 0.100804 0.452719 255 0 0
0.135998 0.098894 0.447719 255 0 0
0.129817 0.098894 0.447719 255 0 0
0.127907 0.093894 0.444629 255 0 0
0.124817 0.095804 0.449629 255 0 0
0.122907 0.090804 0.452719 255 0 0
0.137907 0.093894 0.460809 255 0 0
0.140998 0.095804 0.455809 255 0 0
0.127907 0.087714 0.460809 255 0 0
0.132907 0.090804 0.462719 255 0 0
0.124817 0.085804 0.449629 255 0 0
0.124817 0.085804 0.455809 255 0 0
0.132907 0.090804 0.442719 255 0 0
0.127907 0.087714 0.444629 255 0 0
0.140998 0.095804 0.449629 255 0 0
0.137907 0.093894 0.444629 255 0 0
0.140998 0.085804 0.455809 255 0 0
0.137907 0.087714 0.460809 255 0 0
0.135998 0.082714 0.457719 255 0 0
0.129817 0.082714 0.457719 255 0 0
0.132907 0.080804 0.452719 255 0 0
0.129817 0.082714 0.447719 255 0 0
0.135998 0.082714 0.447719 255 0 0
0.137907 0.087714 0.444629 255 0 0
0.140998 0.085804 0.449629 255 0 0
0.142907 0.090804 0.452719 255 0 0
0.111435 0.007340 0.461573 255 0 0
0.121949 0.007340 0.461573 255 0 0
0.111435 -0.009673 0.461573 255 0 0
0.121949 -0.009673 0.461573 255 0 0
0.116692 -0.006424 0.470080 255 0 0
0.116692 0.004091 0.470080 255 0 0
0.116692 -0.006424 0.453067 255 0 0
0.116692 0.004091 0.453067 255 0 0
0.125198 -0.001166 0.456316 255 0 0
0.125198 -0.001166 0.466831 255 0 0
0.108185 -0.001166 0.456316 255 0 0
0.108185 -0.001166 0.466831 255 0 0
0.108602 0.003834 0.464664 255 0 0
0.111692 0.001924 0.469664 255 0 0
0.113602 0.006924 0.466573 255 0 0
0.119782 0.006924 0.466573 255 0 0
0.116692 0.008834 0.461573 255 0 0
0.119782 0.006924 0.456573 255 0 0
0.113602 0.006924 0.456573 255 0 0
0.111692 0.001924 0.453483 255 0 0
0.108602 0.003834 0.458483 255 0 0
0.106692 -0.001166 0.461573 255 0 0
0.121692 0.001924 0.469664 255 0 0
0.124782 0.003834 0.464664 255 0 0
0.111692 -0.004257 0.469664 255 0 0
0.116692 -0.001166 0.471573 255 0 0
0.108602 -0.006166 0.458483 255 0 0
0.108602 -0.006166 0.464664 255 0 0
0.116692 -0.001166 0.451573 255 0 0
0.111692 -0.004257 0.453483 255 0 0
0.124782 0.003834 0.458483 255 0 0
0.121692 0.001924 0.453483 255 0 0
0.124782 -0.006166 0.464664 255 0 0
0.121692 -0.004257 0.469664 255 0 0
0.119782 -0.009257 0.466573 255 0 0
0.113602 -0.009257 0.466573 255 0 0
0.116692 -0.011166 0.461573 255 0 0
0.113602 -0.009257 0.456573 255 0 0
0.119782 -0.009257 0.456573 255 0 0
0.121692 -0.004257 0.453483 255 0 0
0.124782 -0.006166 0.458483 255 0 0
0.126692 -0.001166 0.461573 255 0 0
0.115970 -0.002554 0.463788 255 0 0
0.126485 -0.002554 0.463788 255 0 0
0.115970 -0.019567 0.463788 255 0 0
0.126485 -0.019567 0.463788 255 0 0
0.121227 -0.016318 0.472295 255 0 0
0.121227 -0.005803 0.472295 255 0 0
0.121227 -0.016318 0.455282 255 0 0
0.121227 -0.005803 0.455282 255 0 0
0.129734 -0.011060 0.458531 255 0 0
0.129734 -0.011060 0.469046 255 0 0
0.112721 -0.011060 0.458531 255 0 0
0.112721 -0.011060 0.469046 255 0 0
0.113137 -0.006060 0.466879 255 0 0
0.116227 -0.007970 0.471879 255 0 0
0.118137 -0.002970 0.468788 255 0 0
0.124318 -0.002970 0.468788 255 0 0
0.121227 -0.001060 0.463788 255 0 0
0.124318 -0.002970 0.458788 255 0 0
0.118137 -0.002970 0.458788 255 0 0
0.116227 -0.007970 0.455698 255 0 0
0.113137 -0.006060 0.460698 255 0 0
0.111227 -0.011060 0.463788 255 0 0
0.126227 -0.007970 0.471879 255 0 0
0.129318 -0.006060 0.466879 255 0 0
0.116227 -0.014150 0.471879 255 0 0
0.121227 -0.011060 0.473788 255 0 0
0.113137 -0.016060 0.460698 255 0 0
0.113137 -0.016060 0.466879 255 0 0
0.121227 -0.011060 0.453788 255 0 0
0.116227 -0.014150 0.455698 255 0 0
0.129318 -0.006060 0.460698 255 0 0
0.126227 -0.007970 0.455698 255 0 0
0.129318 -0.016060 0.466879 255 0 0
0.126227 -0.014150 0.471879 255 0 0
0.124318 -0.019150 0.468788 255 0 0
0.118137 -0.019150 0.468788 255 0 0
0.121227 -0.021060 0.463788 255 0 0
0.118137 -0.019150 0.458788 255 0 0
0.124318 -0.019150 0.458788 255 0 0
0.126227 -0.014150 0.455698 255 0 0
0.129318 -0.016060 0.460698 255 0 0
0.131227 -0.011060 0.463788 255 0 0
0.118644 -0.031806 0.460428 255 0 0
0.129159 -0.031806 0.460428 255 0 0
0.118644 -0.048819 0.460428 255 0 0
0.129159 -0.048819 0.460428 255 0 0
0.123902 -0.045570 0.468934 255 0 0
0.123902 -0.035056 0.468934 255 0 0
0.123902 -0.045570 0.451921 255 0 0
0.123902 -0.035056 0.451921 255 0 0
0.132408 -0.040313 0.455170 255 0 0
0.132408 -0.040313 0.465685 255 0 0
0.115395 -0.040313 0.455170 255 0 0
0.115395 -0.040313 0.465685 255 0 0
0.115812 -0.035313 0.463518 255 0 0
0.118902 -0.037223 0.468518 255 0 0
0.120812 -0.032223 0.465428 255 0 0
0.126992 -0.032223 0.465428 255 0 0
0.123902 -0.030313 0.460428 255 0 0
0.126992 -0.032223 0.455428 255 0 0
0.120812 -0.032223 0.455428 255 0 0
0.118902 -0.037223 0.452338 255 0 0
0.115812 -0.035313 0.457338 255 0 0
0.113902 -0.040313 0.460428 255 0 0
0.128902 -0.037223 0.468518 255 0 0
0.131992 -0.035313 0.463518 255 0 0
0.118902 -0.043403 0.468518 255 0 0
0.123902 -0.040313 0.470428 255 0 0
0.115812 -0.045313 0.457338 255 0 0
0.115812 -0.045313 0.463518 255 0 0
0.123902 -0.040313 0.450428 255 0 0
0.118902 -0.043403 0.452338 255 0 0
0.131992 -0.035313 0.457338 255 0 0
0.128902 -0.037223 0.452338 255 0 0
0.131992 -0.045313 0.463518 255 0 0
0.128902 -0.043403 0.468518 255 0 0
0.126992 -0.048403 0.465428 255 0 0
0.120812 -0.048403 0.465428 255 0 0
0.123902 -0.050313 0.460428 255 0 0
0.120812 -0.048403 0.455428 255 0 0
0.126992 -0.048403 0.455428 255 0 0
0.128902 -0.043403 0.452338 255 0 0
0.131992 -0.045313 0.457338 255 0 0
0.133902 -0.040313 0.460428 255 0 0
0.110884 -0.026380 0.466721 255 0 0
0.121399 -0.026380 0.466721 255 0 0
0.110884 -0.043393 0.466721 255 0 0
0.121399 -0.043393 0.466721 255 0 0
0.116142 -0.040143 0.475228 255 0 0
0.116142 -0.029629 0.475228 255 0 0
0.116142 -0.040143 0.458215 255 0 0
0.116142 -0.029629 0.458215 255 0 0
0.124648 -0.034886 0.461464 255 0 0
0.124648 -0.034886 0.471979 255 0 0
0.107635 -0.034886 0.461464 255 0 0
0.107635 -0.034886 0.471979 255 0 0
0.108052 -0.029886 0.469811 255 0 0
0.111142 -0.031796 0.474811 255 0 0
0.113052 -0.026796 0.471721 255 0 0
0.119232 -0.026796 0.471721 255 0 0
0.116142 -0.024886 0.466721 255 0 0
0.119232 -0.026796 0.461721 255 0 0
0.113052 -0.026796 0.461721 255 0 0
0.111142 -0.031796 0.458631 255 0 0
0.108052 -0.029886 0.463631 255 0 0
0.106142 -0.034886 0.466721 255 0 0
0.121142 -0.031796 0.474811 255 0 0
0.124232 -0.029886 0.469811 255 0 0
0.111142 -0.037976 0.474811 255 0 0
0.116142 -0.034886 0.476721 255 0 0
0.108052 -0.039886 0.463631 255 0 0
0.108052 -0.039886 0.469811 255 0 0
0.116142 -0.034886 0.456721 255 0 0
0.111142 -0.037976 0.458631 255 0 0
0.124232 -0.029886 0.463631 255 0 0
0.121142 -0.031796 0.458631 255 0 0
0.124232 -0.039886 0.469811 255 0 0
0.121142 -0.037976 0.474811 255 0 0
0.119232 -0.042976 0.471721 255 0 0
0.113052 -0.042976 0.471721 255 0 0
0.116142 -0.044886 0.466721 255 0 0
0.113052 -0.042976 0.461721 255 0 0
0.119232 -0.042976 0.461721 255 0 0
0.121142 -0.037976 0.458631 255 0 0
0.124232 -0.039886 0.463631 255 0 0
0.126142 -0.034886 0.466721 255 0 0
0.123791 -0.085626 0.474463 255 0 0
0.134305 -0.085626 0.474463 255 0 0
0.123791 -0.102639 0.474463 255 0 0
0.134305 -0.102639 0.474463 255 0 0
0.129048 -0.099390 0.482970 255 0 0
0.129048 -0.088875 0.482970 255 0 0
0.129048 -0.099390 0.465957 255 0 0
0.129048 -0.088875 0.465957 255 0 0
0.137555 -0.094133 0.469206 255 0 0
0.137555 -0.094133 0.479721 255 0 0
0.120542 -0.094133 0.469206 255 0 0
0.120542 -0.094133 0.479721 255 0 0
0.120958 -0.089133 0.477554 255 0 0
0.124048 -0.091043 0.482554 255 0 0
0.125958 -0.086043 0.479463 255 0 0
0.132138 -0.086043 0.479463 255 0 0
0.129048 -0.084133 0.474463 255 0 0
0.132138 -0.086043 0.469463 255 0 0
0.125958 -0.086043 0.469463 255 0 0
0.124048 -0.091043 0.466373 255 0 0
0.120958 -0.089133 0.471373 255 0 0
0.119048 -0.094133 0.474463 255 0 0
0.134048 -0.091043 0.482554 255 0 0
0.137138 -0.089133 0.477554 255 0 0
0.124048 -0.097223 0.482554 255 0 0
0.129048 -0.094133 0.484463 255 0 0
0.120958 -0.099133 0.471373 255 0 0
0.120958 -0.099133 0.477554 255 0 0
0.129048 -0.094133 0.464463 255 0 0
0.124048 -0.097223 0.466373 255 0 0
0.137138 -0.089133 0.471373 255 0 0
0.134048 -0.091043 0.466373 255 0 0
0.137138 -0.099133 0.477554 255 0 0
0.134048 -0.097223 0.482554 255 0 0
0.132138 -0.102223 0.479463 255 0 0
0.125958 -0.102223 0.479463 255 0 0
0.129048 -0.104133 0.474463 255 0 0
0.125958 -0.102223 0.469463 255 0 0
0.132138 -0.102223 0.469463 255 0 0
0.134048 -0.097223 0.466373 255 0 0
0.137138 -0.099133 0.471373 255 0 0
0.139048 -0.094133 0.474463 255 0 0
0.113925 -0.097163 0.465705 255 0 0
0.124439 -0.097163 0.465705 255 0 0
0.113925 -0.114176 0.465705 255 0 0
0.124439 -0.114176 0.465705 255 0 0
0.119182 -0.110927 0.474211 255 0 0
0.119182 -0.100412 0.474211 255 0 0
0.119182 -0.110927 0.457198 255 0 0
0.119182 -0.100412 0.457198 255 0 0
0.127688 -0.105669 0.460447 255 0 0
0.127688 -0.105669 0.470962 255 0 0
0.110675 -0.105669 0.460447 255 0 0
0.110675 -0.105669 0.470962 255 0 0
0.111092 -0.100669 0.468795 255 0 0
0.114182 -0.102579 0.473795 255 0 0
0.116092 -0.097579 0.470705 255 0 0
0.122272 -0.097579 0.470705 255 0 0
0.119182 -0.095669 0.465705 255 0 0
0.122272 -0.097579 0.460705 255 0 0
0.116092 -0.097579 0.460705 255 0 0
0.114182 -0.102579 0.457615 255 0 0
0.111092 -0.100669 0.462615 255 0 0
0.109182 -0.105669 0.465705 255 0 0
0.124182 -0.102579 0.473795 255 0 0
0.127272 -0.100669 0.468795 255 0 0
0.114182 -0.108760 0.473795 255 0 0
0.119182 -0.105669 0.475705 255 0 0
0.111092 -0.110669 0.462615 255 0 0
0.111092 -0.110669 0.468795 255 0 0
0.119182 -0.105669 0.455705 255 0 0
0.114182 -0.108760 0.457615 255 0 0
0.127272 -0.100669 0.462615 255 0 0
0.124182 -0.102579 0.457615 255 0 0
0.127272 -0.110669 0.468795 255 0 0
0.124182 -0.108760 0.473795 255 0 0
0.122272 -0.113760 0.470705 255 0 0
0.116092 -0.113760 0.470705 255 0 0
0.119182 -0.115669 0.465705 255 0 0
0.116092 -0.113760 0.460705 255 0 0
0.122272 -0.113760 0.460705 255 0 0
0.124182 -0.108760 0.457615 255 0 0
0.127272 -0.110669 0.462615 255 0 0
0.129182 -0.105669 0.465705 255 0 0
0.112014 -0.072622 0.475458 255 0 0
0.122529 -0.072622 0.475458 255 0 0
0.112014 -0.089635 0.475458 255 0 0
0.122529 -0.089635 0.475458 255 0 0
0.117271 -0.086386 0.483965 255 0 0
0.117271 -0.075871 0.483965 255 0 0
0.117271 -0.086386 0.466952 255 0 0
0.117271 -0.075871 0.466952 255 0 0
0.125778 -0.081129 0.470201 255 0 0
0.125778 -0.081129 0.480715 255 0 0
0.108765 -0.081129 0.470201 255 0 0
0.108765 -0.081129 0.480715 255 0 0
0.109181 -0.076129 0.478548 255 0 0
0.112271 -0.078038 0.483548 255 0 0
0.114181 -0.073038 0.480458 255 0 0
0.120362 -0.073038 0.480458 255 0 0
0.117271 -0.071129 0.475458 255 0 0
0.120362 -0.073038 0.470458 255 0 0
0.114181 -0.073038 0.470458 255 0 0
0.112271 -0.078038 0.467368 255 0 0
0.109181 -0.076129 0.472368 255 0 0
0.107271 -0.081129 0.475458 255 0 0
0.122271 -0.078038 0.483548 255 0 0
0.125362 -0.076129 0.478548 255 0 0
0.112271 -0.084219 0.483548 255 0 0
0.117271 -0.081129 0.485458 255 0 0
0.109181 -0.086129 0.472368 255 0 0
0.109181 -0.086129 0.478548 255 0 0
0.117271 -0.081129 0.465458 255 0 0
0.112271 -0.084219 0.467368 255 0 0
0.125362 -0.076129 0.472368 255 0 0
0.122271 -0.078038 0.467368 255 0 0
0.125362 -0.086129 0.478548 255 0 0
0.122271 -0.084219 0.483548 255 0 0
0.120362 -0.089219 0.480458 255 0 0
0.114181 -0.089219 0.480458 255 0 0
0.117271 -0.091129 0.475458 255 0 0
0.114181 -0.089219 0.470458 255 0 0
0.120362 -0.089219 0.470458 255 0 0
0.122271 -0.084219 0.467368 255 0 0
0.125362 -0.086129 0.472368 255 0 0
0.127271 -0.081129 0.475458 255 0 0
0.100847 -0.061236 0.468127 255 0 0
0.111361 -0.061236 0.468127 255 0 0
0.100847 -0.078249 0.468127 255 0 0
0.111361 -0.078249 0.468127 255 0 0
0.106104 -0.074999 0.476634 255 0 0
0.106104 -0.064485 0.476634 255 0 0
0.106104 -0.074999 0.459621 255 0 0
0.106104 -0.064485 0.459621 255 0 0
0.114610 -0.069742 0.462870 255 0 0
0.114610 -0.069742 0.473384 255 0 0
0.097597 -0.069742 0.462870 255 0 0
0.097597 -0.069742 0.473384 255 0 0
0.098014 -0.064742 0.471217 255 0 0
0.101104 -0.066652 0.476217 255 0 0
0.103014 -0.061652 0.473127 255 0 0
0.109194 -0.061652 0.473127 255 0 0
0.106104 -0.059742 0.468127 255 0 0
0.109194 -0.061652 0.463127 255 0 0
0.103014 -0.061652 0.463127 255 0 0
0.101104 -0.066652 0.460037 255 0 0
0.098014 -0.064742 0.465037 255 0 0
0.096104 -0.069742 0.468127 255 0 0
0.111104 -0.066652 0.476217 255 0 0
0.114194 -0.064742 0.471217 255 0 0
0.101104 -0.072832 0.476217 255 0 0
0.106104 -0.069742 0.478127 255 0 0
0.098014 -0.074742 0.465037 255 0 0
0.098014 -0.074742 0.471217 255 0 0
0.106104 -0.069742 0.458127 255 0 0
0.101104 -0.072832 0.460037 255 0 0
0.114194 -0.064742 0.465037 255 0 0
0.111104 -0.066652 0.460037 255 0 0
0.114194 -0.074742 0.471217 255 0 0
0.111104 -0.072832 0.476217 255 0 0
0.109194 -0.077832 0.473127 255 0 0
0.103014 -0.077832 0.473127 255 0 0
0.106104 -0.079742 0.468127 255 0 0
0.103014 -0.077832 0.463127 255 0 0
0.109194 -0.077832 0.463127 255 0 0
0.111104 -0.072832 0.460037 255 0 0
0.114194 -0.074742 0.465037 255 0 0
0.116104 -0.069742 0.468127 255 0 0
0.064188 -0.000699 0.451013 255 0 0
0.074703 -0.000699 0.451013 255 0 0
0.064188 -0.017712 0.451013 255 0 0
0.074703 -0.017712 0.451013 255 0 0
0.069446 -0.014463 0.459520 255 0 0
0.069446 -0.003948 0.459520 255 0 0
0.069446 -0.014463 0.442507 255 0 0
0.069446 -0.003948 0.442507 255 0 0
0.077952 -0.009206 0.445756 255 0 0
0.077952 -0.009206 0.456271 255 0 0
0.060939 -0.009206 0.445756 255 0 0
0.060939 -0.009206 0.456271 255 0 0
0.061356 -0.004206 0.454103 255 0 0
0.064446 -0.006115 0.459103 255 0 0
0.066356 -0.001115 0.456013 255 0 0
0.072536 -0.001115 0.456013 255 0 0
0.069446 0.000794 0.451013 255 0 0
0.072536 -0.001115 0.446013 255 0 0
0.066356 -0.001115 0.446013 255 0 0
0.064446 -0.006115 0.442923 255 0 0
0.061356 -0.004206 0.447923 255 0 0
0.059446 -0.009206 0.451013 255 0 0
0.074446 -0.006115 0.459103 255 0 0
0.077536 -0.004206 0.454103 255 0 0
0.064446 -0.012296 0.459103 255 0 0
0.069446 -0.009206 0.461013 255 0 0
0.061356 -0.014206 0.447923 255 0 0
0.061356 -0.014206 0.454103 255 0 0
0.069446 -0.009206 0.441013 255 0 0
0.064446 -0.012296 0.442923 255 0 0
0.077536 -0.004206 0.447923 255 0 0
0.074446 -0.006115 0.442923 255 0 0
0.077536 -0.014206 0.454103 255 0 0
0.074446 -0.012296 0.459103 255 0 0
0.072536 -0.017296 0.456013 255 0 0
0.066356 -0.017296 0.456013 255 0 0
0.069446 -0.019206 0.451013 255 0 0
0.066356 -0.017296 0.446013 255 0 0
0.072536 -0.017296 0.446013 255 0 0
0.074446 -0.012296 0.442923 255 0 0
0.077536 -0.014206 0.447923 255 0 0
0.079446 -0.009206 0.451013 255 0 0
0.077202 -0.006140 0.457204 255 0 0
0.087716 -0.006140 0.457204 255 0 0
0.077202 -0.023153 0.457204 255 0 0
0.087716 -0.023153 0.457204 255 0 0
0.082459 -0.019903 0.465711 255 0 0
0.082459 -0.009389 0.465711 255 0 0
0.082459 -0.019903 0.448698 255 0 0
0.082459 -0.009389 0.448698 255 0 0
0.090966 -0.014646 0.451947 255 0 0
0.090966 -0.014646 0.462462 255 0 0
0.073953 -0.014646 0.451947 255 0 0
0.073953 -0.014646 0.462462 255 0 0
0.074369 -0.009646 0.460295 255 0 0
0.077459 -0.011556 0.465295 255 0 0
0.079369 -0.006556 0.462204 255 0 0
0.085549 -0.006556 0.462204 255 0 0
0.082459 -0.004646 0.457204 255 0 0
0.085549 -0.006556 0.452204 255 0 0
0.079369 -0.006556 0.452204 255 0 0
0.077459 -0.011556 0.449114 255 0 0
0.074369 -0.009646 0.454114 255 0 0
0.072459 -0.014646 0.457204 255 0 0
0.087459 -0.011556 0.465295 255 0 0
0.090549 -0.009646 0.460295 255 0 0
0.077459 -0.017736 0.465295 255 0 0
0.082459 -0.014646 0.467204 255 0 0
0.074369 -0.019646 0.454114 255 0 0
0.074369 -0.019646 0.460295 255 0 0
0.082459 -0.014646 0.447204 255 0 0
0.077459 -0.017736 0.449114 255 0 0
0.090549 -0.009646 0.454114 255 0 0
0.087459 -0.011556 0.449114 255 0 0
0.090549 -0.019646 0.460295 255 0 0
0.087459 -0.017736 0.465295 255 0 0
0.085549 -0.022736 0.462204 255 0 0
0.079369 -0.022736 0.462204 255 0 0
0.082459 -0.024646 0.457204 255 0 0
0.079369 -0.022736 0.452204 255 0 0
0.085549 -0.022736 0.452204 255 0 0
0.087459 -0.017736 0.449114 255 0 0
0.090549 -0.019646 0.454114 255 0 0
0.092459 -0.014646 0.457204 255 0 0
0.075081 -0.058625 0.461378 255 0 0
0.085596 -0.058625 0.461378 255 0 0
0.075081 -0.075638 0.461378 255 0 0
0.085596 -0.075638 0.461378 255 0 0
0.080338 -0.072389 0.469885 255 0 0
0.080338 -0.061874 0.469885 255 0 0
0.080338 -0.072389 0.452872 255 0 0
0.080338 -0.061874 0.452872 255 0 0
0.088845 -0.067131 0.456121 255 0 0
0.088845 -0.067131 0.466635 255 0 0
0.071832 -0.067131 0.456121 255 0 0
0.071832 -0.067131 0.466635 255 0 0
0.072248 -0.062131 0.464468 255 0 0
0.075338 -0.064041 0.469468 255 0 0
0.077248 -0.059041 0.466378 255 0 0
0.083428 -0.059041 0.466378 255 0 0
0.080338 -0.057131 0.461378 255 0 0
0.083428 -0.059041 0.456378 255 0 0
0.077248 -0.059041 0.456378 255 0 0
0.075338 -0.064041 0.453288 255 0 0
0.072248 -0.062131 0.458288 255 0 0
0.070338 -0.067131 0.461378 255 0 0
0.085338 -0.064041 0.469468 255 0 0
0.088428 -0.062131 0.464468 255 0 0
0.075338 -0.070222 0.469468 255 0 0
0.080338 -0.067131 0.471378 255 0 0
0.072248 -0.072131 0.458288 255 0 0
0.072248 -0.072131 0.464468 255 0 0
0.080338 -0.067131 0.451378 255 0 0
0.075338 -0.070222 0.453288 255 0 0
0.088428 -0.062131 0.458288 255 0 0
0.085338 -0.064041 0.453288 255 0 0
0.088428 -0.072131 0.464468 255 0 0
0.085338 -0.070222 0.469468 255 0 0
0.083428 -0.075222 0.466378 255 0 0
0.077248 -0.075222 0.466378 255 0 0
0.080338 -0.077131 0.461378 255 0 0
0.077248 -0.075222 0.456378 255 0 0
0.083428 -0.075222 0.456378 255 0 0
0.085338 -0.070222 0.453288 255 0 0
0.088428 -0.072131 0.458288 255 0 0
0.090338 -0.067131 0.461378 255 0 0
0.087413 -0.067443 0.467835 255 0 0
0.097927 -0.067443 0.467835 255 0 0
0.087413 -0.084456 0.467835 255 0 0
0.097927 -0.084456 0.467835 255 0 0
0.092670 -0.081207 0.476342 255 0 0
0.092670 -0.070692 0.476342 255 0 0
0.092670 -0.081207 0.459329 255 0 0
0.092670 -0.070692 0.459329 255 0 0
0.101177 -0.075949 0.462578 255 0 0
0.101177 -0.075949 0.473093 255 0 0
0.084163 -0.075949 0.462578 255 0 0
0.084163 -0.075949 0.473093 255 0 0
0.084580 -0.070949 0.470926 255 0 0
0.087670 -0.072859 0.475926 255 0 0
0.089580 -0.067859 0.472835 255 0 0
0.095760 -0.067859 0.472835 255 0 0
0.092670 -0.065949 0.467835 255 0 0
0.095760 -0.067859 0.462835 255 0 0
0.089580 -0.067859 0.462835 255 0 0
0.087670 -0.072859 0.459745 255 0 0
0.084580 -0.070949 0.464745 255 0 0
0.082670 -0.075949 0.467835 255 0 0
0.097670 -0.072859 0.475926 255 0 0
0.100760 -0.070949 0.470926 255 0 0
0.087670 -0.079040 0.475926 255 0 0
0.092670 -0.075949 0.477835 255 0 0
0.084580 -0.080949 0.464745 255 0 0
0.084580 -0.080949 0.470926 255 0 0
0.092670 -0.075949 0.457835 255 0 0
0.087670 -0.079040 0.459745 255 0 0
0.100760 -0.070949 0.464745 255 0 0
0.097670 -0.072859 0.459745 255 0 0
0.100760 -0.080949 0.470926 255 0 0
0.097670 -0.079040 0.475926 255 0 0
0.095760 -0.084040 0.472835 255 0 0
0.089580 -0.084040 0.472835 255 0 0
0.092670 -0.085949 0.467835 255 0 0
0.089580 -0.084040 0.462835 255 0 0
0.095760 -0.084040 0.462835 255 0 0
0.097670 -0.079040 0.459745 255 0 0
0.100760 -0.080949 0.464745 255 0 0
0.102670 -0.075949 0.467835 255 0 0
0.085760 0.044646 0.452450 255 0 0
0.096275 0.044646 0.452450 255 0 0
0.085760 0.027633 0.452450 255 0 0
0.096275 0.027633 0.452450 255 0 0
0.091017 0.030882 0.460957 255 0 0
0.091017 0.041397 0.460957 255 0 0
0.091017 0.030882 0.443944 255 0 0
0.091017 0.041397 0.443944 255 0 0
0.099524 0.036139 0.447193 255 0 0
0.099524 0.036139 0.457708 255 0 0
0.082511 0.036139 0.447193 255 0 0
0.082511 0.036139 0.457708 255 0 0
0.082927 0.041139 0.455541 255 0 0
0.086017 0.039230 0.460541 255 0 0
0.087927 0.044230 0.457450 255 0 0
0.094107 0.044230 0.457450 255 0 0
0.091017 0.046139 0.452450 255 0 0
0.094107 0.044230 0.447450 255 0 0
0.087927 0.044230 0.447450 255 0 0
0.086017 0.039230 0.444360 255 0 0
0.082927 0.041139 0.449360 255 0 0
0.081017 0.036139 0.452450 255 0 0
0.096017 0.039230 0.460541 255 0 0
0.099107 0.041139 0.455541 255 0 0
0.086017 0.033049 0.460541 255 0 0
0.091017 0.036139 0.462450 255 0 0
0.082927 0.031139 0.449360 255 0 0
0.082927 0.031139 0.455541 255 0 0
0.091017 0.036139 0.442450 255 0 0
0.086017 0.033049 0.444360 255 0 0
0.099107 0.041139 0.449360 255 0 0
0.096017 0.039230 0.444360 255 0 0
0.099107 0.031139 0.455541 255 0 0
0.096017 0.033049 0.460541 255 0 0
0.094107 0.028049 0.457450 255 0 0
0.087927 0.028049 0.457450 255 0 0
0.091017 0.026139 0.452450 255 0 0
0.087927 0.028049 0.447450 255 0 0
0.094107 0.028049 0.447450 255 0 0
0.096017 0.033049 0.444360 255 0 0
0.099107 0.031139 0.449360 255 0 0
0.101017 0.036139 0.452450 255 0 0
0.078379 0.046958 0.451289 255 0 0
0.088894 0.046958 0.451289 255 0 0
0.078379 0.029945 0.451289 255 0 0
0.088894 0.029945 0.451289 255 0 0
0.083636 0.033195 0.459796 255 0 0
0.083636 0.043709 0.459796 255 0 0
0.083636 0.033195 0.442783 255 0 0
0.083636 0.043709 0.442783 255 0 0
0.092143 0.038452 0.446032 255 0 0
0.092143 0.038452 0.456547 255 0 0
0.075130 0.038452 0.446032 255 0 0
0.075130 0.038452 0.456547 255 0 0
0.075546 0.043452 0.454379 255 0 0
0.078636 0.041542 0.459379 255 0 0
0.080546 0.046542 0.456289 255 0 0
0.086727 0.046542 0.456289 255 0 0
0.083636 0.048452 0.451289 255 0 0
0.086727 0.046542 0.446289 255 0 0
0.080546 0.046542 0.446289 255 0 0
0.078636 0.041542 0.443199 255 0 0
0.075546 0.043452 0.448199 255 0 0
0.073636 0.038452 0.451289 255 0 0
0.088636 0.041542 0.459379 255 0 0
0.091727 0.043452 0.454379 255 0 0
0.078636 0.035362 0.459379 255 0 0
0.083636 0.038452 0.461289 255 0 0
0.075546 0.033452 0.448199 255 0 0
0.075546 0.033452 0.454379 255 0 0
0.083636 0.038452 0.441289 255 0 0
0.078636 0.035362 0.443199 255 0 0
0.091727 0.043452 0.448199 255 0 0
0.088636 0.041542 0.443199 255 0 0
0.091727 0.033452 0.454379 255 0 0
0.088636 0.035362 0.459379 255 0 0
0.086727 0.030362 0.456289 255 0 0
0.080546 0.030362 0.456289 255 0 0
0.083636 0.028452 0.451289 255 0 0
0.080546 0.030362 0.446289 255 0 0
0.086727 0.030362 0.446289 255 0 0
0.088636 0.035362 0.443199 255 0 0
0.091727 0.033452 0.448199 255 0 0
0.093636 0.038452 0.451289 255 0 0
0.073898 0.095468 0.447190 255 0 0
0.084413 0.095468 0.447190 255 0 0
0.073898 0.078455 0.447190 255 0 0
0.084413 0.078455 0.447190 255 0 0
0.079155 0.081704 0.455697 255 0 0
0.079155 0.092219 0.455697 255 0 0
0.079155 0.081704 0.438684 255 0 0
0.079155 0.092219 0.438684 255 0 0
0.087662 0.086962 0.441933 255 0 0
0.087662 0.086962 0.452447 255 0 0
0.070649 0.086962 0.441933 255 0 0
0.070649 0.086962 0.452447 255 0 0
0.071065 0.091962 0.450280 255 0 0
0.074155 0.090052 0.455280 255 0 0
0.076065 0.095052 0.452190 255 0 0
0.082245 0.095052 0.452190 255 0 0
0.079155 0.096962 0.447190 255 0 0
0.082245 0.095052 0.442190 255 0 0
0.076065 0.095052 0.442190 255 0 0
0.074155 0.090052 0.439100 255 0 0
0.071065 0.091962 0.444100 255 0 0
0.069155 0.086962 0.447190 255 0 0
0.084155 0.090052 0.455280 255 0 0
0.087245 0.091962 0.450280 255 0 0
0.074155 0.083871 0.455280 255 0 0
0.079155 0.086962 0.457190 255 0 0
0.071065 0.081962 0.444100 255 0 0
0.071065 0.081962 0.450280 255 0 0
0.079155 0.086962 0.437190 255 0 0
0.074155 0.083871 0.439100 255 0 0
0.087245 0.091962 0.444100 255 0 0
0.084155 0.090052 0.439100 255 0 0
0.087245 0.081962 0.450280 255 0 0
0.084155 0.083871 0.455280 255 0 0
0.082245 0.078871 0.452190 255 0 0
0.076065 0.078871 0.452190 255 0 0
0.079155 0.076962 0.447190 255 0 0
0.076065 0.078871 0.442190 255 0 0
0.082245 0.078871 0.442190 255 0 0
0.084155 0.083871 0.439100 255 0 0
0.087245 0.081962 0.444100 255 0 0
0.089155 0.086962 0.447190 255 0 0
0.077557 0.102086 0.445629 255 0 0
0.088072 0.102086 0.445629 255 0 0
0.077557 0.085073 0.445629 255 0 0
0.088072 0.085073 0.445629 255 0 0
0.082814 0.088322 0.454135 255 0 0
0.082814 0.098836 0.454135 255 0 0
0.082814 0.088322 0.437122 255 0 0
0.082814 0.098836 0.437122 255 0 0
0.091321 0.093579 0.440371 255 0 0
0.091321 0.093579 0.450886 255 0 0
0.074308 0.093579 0.440371 255 0 0
0.074308 0.093579 0.450886 255 0 0
0.074724 0.098579 0.448719 255 0 0
0.077814 0.096669 0.453719 255 0 0
0.079724 0.101669 0.450629 255 0 0
0.085904 0.101669 0.450629 255 0 0
0.082814 0.103579 0.445629 255 0 0
0.085904 0.101669 0.440629 255 0 0
0.079724 0.101669 0.440629 255 0 0
0.077814 0.096669 0.437538 255 0 0
0.074724 0.098579 0.442538 255 0 0
0.072814 0.093579 0.445629 255 0 0
0.087814 0.096669 0.453719 255 0 0
0.090904 0.098579 0.448719 255 0 0
0.077814 0.090489 0.453719 255 0 0
0.082814 0.093579 0.455629 255 0 0
0.074724 0.088579 0.442538 255 0 0
0.074724 0.088579 0.448719 255 0 0
0.082814 0.093579 0.435629 255 0 0
0.077814 0.090489 0.437538 255 0 0
0.090904 0.098579 0.442538 255 0 0
0.087814 0.096669 0.437538 255 0 0
0.090904 0.088579 0.448719 255 0 0
0.087814 0.090489 0.453719 255 0 0
0.085904 0.085489 0.450629 255 0 0
0.079724 0.085489 0.450629 255 0 0
0.082814 0.083579 0.445629 255 0 0
0.079724 0.085489 0.440629 255 0 0
0.085904 0.085489 0.440629 255 0 0
0.087814 0.090489 0.437538 255 0 0
0.090904 0.088579 0.442538 255 0 0
0.092814 0.093579 0.445629 255 0 0
0.136339 0.063795 0.470288 255 0 0
0.146854 0.063795 0.470288 255 0 0
0.136339 0.046782 0.470288 255 0 0
0.146854 0.046782 0.470288 255 0 0
0.141597 0.050031 0.478794 255 0 0
0.141597 0.060546 0.478794 255 0 0
0.141597 0.050031 0.461781 255 0 0
0.141597 0.060546 0.461781 255 0 0
0.150103 0.055289 0.465030 255 0 0
0.150103 0.055289 0.475545 255 0 0
0.133090 0.055289 0.465030 255 0 0
0.133090 0.055289 0.475545 255 0 0
0.133506 0.060289 0.473378 255 0 0
0.136597 0.058379 0.478378 255 0 0
0.138506 0.063379 0.475288 255 0 0
0.144687 0.063379 0.475288 255 0 0
0.141597 0.065289 0.470288 255 0 0
0.144687 0.063379 0.465288 255 0 0
0.138506 0.063379 0.465288 255 0 0
0.136597 0.058379 0.462197 255 0 0
0.133506 0.060289 0.467197 255 0 0
0.131597 0.055289 0.470288 255 0 0
0.146597 0.058379 0.478378 255 0 0
0.149687 0.060289 0.473378 255 0 0
0.136597 0.052199 0.478378 255 0 0
0.141597 0.055289 0.480288 255 0 0
0.133506 0.050289 0.467197 255 0 0
0.133506 0.050289 0.473378 255 0 0
0.141597 0.055289 0.460288 255 0 0
0.136597 0.052199 0.462197 255 0 0
0.149687 0.060289 0.467197 255 0 0
0.146597 0.058379 0.462197 255 0 0
0.149687 0.050289 0.473378 255 0 0
0.146597 0.052199 0.478378 255 0 0
0.144687 0.047199 0.475288 255 0 0
0.138506 0.047199 0.475288 255 0 0
0.141597 0.045289 0.470288 255 0 0
0.138506 0.047199 0.465288 255 0 0
0.144687 0.047199 0.465288 255 0 0
0.146597 0.052199 0.462197 255 0 0
0.149687 0.050289 0.467197 255 0 0
0.151597 0.055289 0.470288 255 0 0
0.103927 -0.091175 0.476554 255 0 0
0.114441 -0.091175 0.476554 255 0 0
0.103927 -0.108188 0.476554 255 0 0
0.114441 -0.108188 0.476554 255 0 0
0.109184 -0.104939 0.485060 255 0 0
0.109184 -0.094424 0.485060 255 0 0
0.109184 -0.104939 0.468047 255 0 0
0.109184 -0.094424 0.468047 255 0 0
0.117690 -0.099682 0.471296 255 0 0
0.117690 -0.099682 0.481811 255 0 0
0.100677 -0.099682 0.471296 255 0 0
0.100677 -0.099682 0.481811 255 0 0
0.101094 -0.094682 0.479644 255 0 0
0.104184 -0.096591 0.484644 255 0 0
0.106094 -0.091591 0.481554 255 0 0
0.112274 -0.091591 0.481554 255 0 0
0.109184 -0.089682 0.476554 255 0 0
0.112274 -0.091591 0.471554 255 0 0
0.106094 -0.091591 0.471554 255 0 0
0.104184 -0.096591 0.468464 255 0 0
0.101094 -0.094682 0.473464 255 0 0
0.099184 -0.099682 0.476554 255 0 0
0.114184 -0.096591 0.484644 255 0 0
0.117274 -0.094682 0.479644 255 0 0
0.104184 -0.102772 0.484644 255 0 0
0.109184 -0.099682 0.486554 255 0 0
0.101094 -0.104682 0.473464 255 0 0
0.101094 -0.104682 0.479644 255 0 0
0.109184 -0.099682 0.466554 255 0 0
0.104184 -0.102772 0.468464 255 0 0
0.117274 -0.094682 0.473464 255 0 0
0.114184 -0.096591 0.468464 255 0 0
0.117274 -0.104682 0.479644 255 0 0
0.114184 -0.102772 0.484644 255 0 0
0.112274 -0.107772 0.481554 255 0 0
0.106094 -0.107772 0.481554 255 0 0
0.109184 -0.109682 0.476554 255 0 0
0.106094 -0.107772 0.471554 255 0 0
0.112274 -0.107772 0.471554 255 0 0
0.114184 -0.102772 0.468464 255 0 0
0.117274 -0.104682 0.473464 255 0 0
0.119184 -0.099682 0.476554 255 0 0
0.149035 -0.069513 0.480431 255 0 0
0.159550 -0.069513 0.480431 255 0 0
0.149035 -0.086526 0.480431 255 0 0
0.159550 -0.086526 0.480431 255 0 0
0.154293 -0.083277 0.488938 255 0 0
0.154293 -0.072762 0.488938 255 0 0
0.154293 -0.083277 0.471925 255 0 0
0.154293 -0.072762 0.471925 255 0 0
0.162799 -0.078019 0.475174 255 0 0
0.162799 -0.078019 0.485689 255 0 0
0.145786 -0.078019 0.475174 255 0 0
0.145786 -0.078019 0.485689 255 0 0
0.146202 -0.073019 0.483521 255 0 0
0.149293 -0.074929 0.488521 255 0 0
0.151202 -0.069929 0.485431 255 0 0
0.157383 -0.069929 0.485431 255 0 0
0.154293 -0.068019 0.480431 255 0 0
0.157383 -0.069929 0.475431 255 0 0
0.151202 -0.069929 0.475431 255 0 0
0.149293 -0.074929 0.472341 255 0 0
0.146202 -0.073019 0.477341 255 0 0
0.144293 -0.078019 0.480431 255 0 0
0.159293 -0.074929 0.488521 255 0 0
0.162383 -0.073019 0.483521 255 0 0
0.149293 -0.081109 0.488521 255 0 0
0.154293 -0.078019 0.490431 255 0 0
0.146202 -0.083019 0.477341 255 0 0
0.146202 -0.083019 0.483521 255 0 0
0.154293 -0.078019 0.470431 255 0 0
0.149293 -0.081109 0.472341 255 0 0
0.162383 -0.073019 0.477341 255 0 0
0.159293 -0.074929 0.472341 255 0 0
0.162383 -0.083019 0.483521 255 0 0
0.159293 -0.081109 0.488521 255 0 0
0.157383 -0.086109 0.485431 255 0 0
0.151202 -0.086109 0.485431 255 0 0
0.154293 -0.088019 0.480431 255 0 0
0.151202 -0.086109 0.475431 255 0 0
0.157383 -0.086109 0.475431 255 0 0
0.159293 -0.081109 0.472341 255 0 0
0.162383 -0.083019 0.477341 255 0 0
0.164293 -0.078019 0.480431 255 0 0
0.154990 -0.073574 0.484320 255 0 0
0.165505 -0.073574 0.484320 255 0 0
0.154990 -0.090587 0.484320 255 0 0
0.165505 -0.090587 0.484320 255 0 0
0.160248 -0.087337 0.492826 255 0 0
0.160248 -0.076823 0.492826 255 0 0
0.160248 -0.087337 0.475813 255 0 0
0.160248 -0.076823 0.475813 255 0 0
0.168754 -0.082080 0.479062 255 0 0
0.168754 -0.082080 0.489577 255 0 0
0.151741 -0.082080 0.479062 255 0 0
0.151741 -0.082080 0.489577 255 0 0
0.152158 -0.077080 0.487410 255 0 0
0.155248 -0.078990 0.492410 255 0 0
0.157158 -0.073990 0.489320 255 0 0
0.163338 -0.073990 0.489320 255 0 0
0.160248 -0.072080 0.484320 255 0 0
0.163338 -0.073990 0.479320 255 0 0
0.157158 -0.073990 0.479320 255 0 0
0.155248 -0.078990 0.476229 255 0 0
0.152158 -0.077080 0.481229 255 0 0
0.150248 -0.082080 0.484320 255 0 0
0.165248 -0.078990 0.492410 255 0 0
0.168338 -0.077080 0.487410 255 0 0
0.155248 -0.085170 0.492410 255 0 0
0.160248 -0.082080 0.494320 255 0 0
0.152158 -0.087080 0.481229 255 0 0
0.152158 -0.087080 0.487410 255 0 0
0.160248 -0.082080 0.474320 255 0 0
0.155248 -0.085170 0.476229 255 0 0
0.168338 -0.077080 0.481229 255 0 0
0.165248 -0.078990 0.476229 255 0 0
0.168338 -0.087080 0.487410 255 0 0
0.165248 -0.085170 0.492410 255 0 0
0.163338 -0.090170 0.489320 255 0 0
0.157158 -0.090170 0.489320 255 0 0
0.160248 -0.092080 0.484320 255 0 0
0.157158 -0.090170 0.479320 255 0 0
0.163338 -0.090170 0.479320 255 0 0
0.165248 -0.085170 0.476229 255 0 0
0.168338 -0.087080 0.481229 255 0 0
0.170248 -0.082080 0.484320 255 0 0
0.167760 0.102576 0.493080 255 0 0
0.178275 0.102576 0.493080 255 0 0
0.167760 0.085562 0.493080 255 0 0
0.178275 0.085562 0.493080 255 0 0
0.173017 0.088812 0.501587 255 0 0
0.173017 0.099326 0.501587 255 0 0
0.173017 0.088812 0.484574 255 0 0
0.173017 0.099326 0.484574 255 0 0
0.181524 0.094069 0.487823 255 0 0
0.181524 0.094069 0.498338 255 0 0
0.164511 0.094069 0.487823 255 0 0
0.164511 0.094069 0.498338 255 0 0
0.164927 0.099069 0.496171 255 0 0
0.168017 0.097159 0.501171 255 0 0
0.169927 0.102159 0.498080 255 0 0
0.176108 0.102159 0.498080 255 0 0
0.173017 0.104069 0.493080 255 0 0
0.176108 0.102159 0.488081 255 0 0
0.169927 0.102159 0.488081 255 0 0
0.168017 0.097159 0.484990 255 0 0
0.164927 0.099069 0.489990 255 0 0
0.163017 0.094069 0.493080 255 0 0
0.178017 0.097159 0.501171 255 0 0
0.181108 0.099069 0.496171 255 0 0
0.168017 0.090979 0.501171 255 0 0
0.173017 0.094069 0.503080 255 0 0
0.164927 0.089069 0.489990 255 0 0
0.164927 0.089069 0.496171 255 0 0
0.173017 0.094069 0.483081 255 0 0
0.168017 0.090979 0.484990 255 0 0
0.181108 0.099069 0.489990 255 0 0
0.178017 0.097159 0.484990 255 0 0
0.181108 0.089069 0.496171 255 0 0
0.178017 0.090979 0.501171 255 0 0
0.176108 0.085979 0.498080 255 0 0
0.169927 0.085979 0.498080 255 0 0
0.173017 0.084069 0.493080 255 0 0
0.169927 0.085979 0.488081 255 0 0
0.176108 0.085979 0.488081 255 0 0
0.178017 0.090979 0.484990 255 0 0
0.181108 0.089069 0.489990 255 0 0
0.183017 0.094069 0.493080 255 0 0
0.181530 0.099363 0.499133 255 0 0
0.192045 0.099363 0.499133 255 0 0
0.181530 0.082350 0.499133 255 0 0
0.192045 0.082350 0.499133 255 0 0
0.186788 0.085599 0.507639 255 0 0
0.186788 0.096114 0.507639 255 0 0
0.186788 0.085599 0.490626 255 0 0
0.186788 0.096114 0.490626 255 0 0
0.195294 0.090857 0.493875 255 0 0
0.195294 0.090857 0.504390 255 0 0
0.178281 0.090857 0.493875 255 0 0
0.178281 0.090857 0.504390 255 0 0
0.178697 0.095857 0.502223 255 0 0
0.181788 0.093947 0.507223 255 0 0
0.183697 0.098947 0.504133 255 0 0
0.189878 0.098947 0.504133 255 0 0
0.186788 0.100857 0.499133 255 0 0
0.189878 0.098947 0.494133 255 0 0
0.183697 0.098947 0.494133 255 0 0
0.181788 0.093947 0.491043 255 0 0
0.178697 0.095857 0.496043 255 0 0
0.176788 0.090857 0.499133 255 0 0
0.191788 0.093947 0.507223 255 0 0
0.194878 0.095857 0.502223 255 0 0
0.181788 0.087766 0.507223 255 0 0
0.186788 0.090857 0.509133 255 0 0
0.178697 0.085857 0.496043 255 0 0
0.178697 0.085857 0.502223 255 0 0
0.186788 0.090857 0.489133 255 0 0
0.181788 0.087766 0.491043 255 0 0
0.194878 0.095857 0.496043 255 0 0
0.191788 0.093947 0.491043 255 0 0
0.194878 0.085857 0.502223 255 0 0
0.191788 0.087766 0.507223 255 0 0
0.189878 0.082766 0.504133 255 0 0
0.183697 0.082766 0.504133 255 0 0
0.186788 0.080857 0.499133 255 0 0
0.183697 0.082766 0.494133 255 0 0
0.189878 0.082766 0.494133 255 0 0
0.191788 0.087766 0.491043 255 0 0
0.194878 0.085857 0.496043 255 0 0
0.196788 0.090857 0.499133 255 0 0
0.178177 -0.001557 0.503043 255 0 0
0.188691 -0.001557 0.503043 255 0 0
0.178177 -0.018570 0.503043 255 0 0
0.188691 -0.018570 0.503043 255 0 0
0.183434 -0.015321 0.511550 255 0 0
0.183434 -0.004807 0.511550 255 0 0
0.183434 -0.015321 0.494537 255 0 0
0.183434 -0.004807 0.494537 255 0 0
0.191941 -0.010064 0.497786 255 0 0
0.191941 -0.010064 0.508301 255 0 0
0.174928 -0.010064 0.497786 255 0 0
0.174928 -0.010064 0.508301 255 0 0
0.175344 -0.005064 0.506134 255 0 0
0.178434 -0.006974 0.511134 255 0 0
0.180344 -0.001974 0.508043 255 0 0
0.186524 -0.001974 0.508043 255 0 0
0.183434 -0.000064 0.503043 255 0 0
0.186524 -0.001974 0.498043 255 0 0
0.180344 -0.001974 0.498043 255 0 0
0.178434 -0.006974 0.494953 255 0 0
0.175344 -0.005064 0.499953 255 0 0
0.173434 -0.010064 0.503043 255 0 0
0.188434 -0.006974 0.511134 255 0 0
0.191524 -0.005064 0.506134 255 0 0
0.178434 -0.013154 0.511134 255 0 0
0.183434 -0.010064 0.513043 255 0 0
0.175344 -0.015064 0.499953 255 0 0
0.175344 -0.015064 0.506134 255 0 0
0.183434 -0.010064 0.493043 255 0 0
0.178434 -0.013154 0.494953 255 0 0
0.191524 -0.005064 0.499953 255 0 0
0.188434 -0.006974 0.494953 255 0 0
0.191524 -0.015064 0.506134 255 0 0
0.188434 -0.013154 0.511134 255 0 0
0.186524 -0.018154 0.508043 255 0 0
0.180344 -0.018154 0.508043 255 0 0
0.183434 -0.020064 0.503043 255 0 0
0.180344 -0.018154 0.498043 255 0 0
0.186524 -0.018154 0.498043 255 0 0
0.188434 -0.013154 0.494953 255 0 0
0.191524 -0.015064 0.499953 255 0 0
0.193434 -0.010064 0.503043 255 0 0
0.179808 -0.013546 0.510027 255 0 0
0.190323 -0.013546 0.510027 255 0 0
0.179808 -0.030559 0.510027 255 0 0
0.190323 -0.030559 0.510027 255 0 0
0.185066 -0.027310 0.518533 255 0 0
0.185066 -0.016795 0.518533 255 0 0
0.185066 -0.027310 0.501520 255 0 0
0.185066 -0.016795 0.501520 255 0 0
0.193572 -0.022053 0.504770 255 0 0
0.193572 -0.022053 0.515284 255 0 0
0.176559 -0.022053 0.504770 255 0 0
0.176559 -0.022053 0.515284 255 0 0
0.176975 -0.017053 0.513117 255 0 0
0.180066 -0.018963 0.518117 255 0 0
0.181975 -0.013963 0.515027 255 0 0
0.188156 -0.013963 0.515027 255 0 0
0.185066 -0.012053 0.510027 255 0 0
0.188156 -0.013963 0.505027 255 0 0
0.181975 -0.013963 0.505027 255 0 0
0.180066 -0.018963 0.501937 255 0 0
0.176975 -0.017053 0.506937 255 0 0
0.175066 -0.022053 0.510027 255 0 0
0.190066 -0.018963 0.518117 255 0 0
0.193156 -0.017053 0.513117 255 0 0
0.180066 -0.025143 0.518117 255 0 0
0.185066 -0.022053 0.520027 255 0 0
0.176975 -0.027053 0.506937 255 0 0
0.176975 -0.027053 0.513117 255 0 0
0.185066 -0.022053 0.500027 255 0 0
0.180066 -0.025143 0.501937 255 0 0
0.193156 -0.017053 0.506937 255 0 0
0.190066 -0.018963 0.501937 255 0 0
0.193156 -0.027053 0.513117 255 0 0
0.190066 -0.025143 0.518117 255 0 0
0.188156 -0.030143 0.515027 255 0 0
0.181975 -0.030143 0.515027 255 0 0
0.185066 -0.032053 0.510027 255 0 0
0.181975 -0.030143 0.505027 255 0 0
0.188156 -0.030143 0.505027 255 0 0
0.190066 -0.025143 0.501937 255 0 0
0.193156 -0.027053 0.506937 255 0 0
0.195066 -0.022053 0.510027 255 0 0
0.090030 0.062981 0.447064 255 0 0
0.100545 0.062981 0.447064 255 0 0
0.090030 0.045968 0.447064 255 0 0
0.100545 0.045968 0.447064 255 0 0
0.095288 0.049217 0.455571 255 0 0
0.095288 0.059732 0.455571 255 0 0
0.095288 0.049217 0.438558 255 0 0
0.095288 0.059732 0.438558 255 0 0
0.103794 0.054475 0.441807 255 0 0
0.103794 0.054475 0.452321 255 0 0
0.086781 0.054475 0.441807 255 0 0
0.086781 0.054475 0.452321 255 0 0
0.087198 0.059475 0.450154 255 0 0
0.090288 0.057565 0.455154 255 0 0
0.092198 0.062565 0.452064 255 0 0
0.098378 0.062565 0.452064 255 0 0
0.095288 0.064475 0.447064 255 0 0
0.098378 0.062565 0.442064 255 0 0
0.092198 0.062565 0.442064 255 0 0
0.090288 0.057565 0.438974 255 0 0
0.087198 0.059475 0.443974 255 0 0
0.085288 0.054475 0.447064 255 0 0
0.100288 0.057565 0.455154 255 0 0
0.103378 0.059475 0.450154 255 0 0
0.090288 0.051384 0.455154 255 0 0
0.095288 0.054475 0.457064 255 0 0
0.087198 0.049475 0.443974 255 0 0
0.087198 0.049475 0.450154 255 0 0
0.095288 0.054475 0.437064 255 0 0
0.090288 0.051384 0.438974 255 0 0
0.103378 0.059475 0.443974 255 0 0
0.100288 0.057565 0.438974 255 0 0
0.103378 0.049475 0.450154 255 0 0
0.100288 0.051384 0.455154 255 0 0
0.098378 0.046384 0.452064 255 0 0
0.092198 0.046384 0.452064 255 0 0
0.095288 0.044475 0.447064 255 0 0
0.092198 0.046384 0.442064 255 0 0
0.098378 0.046384 0.442064 255 0 0
0.100288 0.051384 0.438974 255 0 0
0.103378 0.049475 0.443974 255 0 0
0.105288 0.054475 0.447064 255 0 0
0.182198 -0.090611 0.507379 255 0 0
0.192713 -0.090611 0.507379 255 0 0
0.182198 -0.107624 0.507379 255 0 0
0.192713 -0.107624 0.507379 255 0 0
0.187456 -0.104375 0.515885 255 0 0
0.187456 -0.093861 0.515885 255 0 0
0.187456 -0.104375 0.498872 255 0 0
0.187456 -0.093861 0.498872 255 0 0
0.195962 -0.099118 0.502121 255 0 0
0.195962 -0.099118 0.512636 255 0 0
0.178949 -0.099118 0.502121 255 0 0
0.178949 -0.099118 0.512636 255 0 0
0.179366 -0.094118 0.510469 255 0 0
0.182456 -0.096028 0.515469 255 0 0
0.184366 -0.091028 0.512379 255 0 0
0.190546 -0.091028 0.512379 255 0 0
0.187456 -0.089118 0.507379 255 0 0
0.190546 -0.091028 0.502379 255 0 0
0.184366 -0.091028 0.502379 255 0 0
0.182456 -0.096028 0.499289 255 0 0
0.179366 -0.094118 0.504289 255 0 0
0.177456 -0.099118 0.507379 255 0 0
0.192456 -0.096028 0.515469 255 0 0
0.195546 -0.094118 0.510469 255 0 0
0.182456 -0.102208 0.515469 255 0 0
0.187456 -0.099118 0.517379 255 0 0
0.179366 -0.104118 0.504289 255 0 0
0.179366 -0.104118 0.510469 255 0 0
0.187456 -0.099118 0.497379 255 0 0
0.182456 -0.102208 0.499289 255 0 0
0.195546 -0.094118 0.504289 255 0 0
0.192456 -0.096028 0.499289 255 0 0
0.195546 -0.104118 0.510469 255 0 0
0.192456 -0.102208 0.515469 255 0 0
0.190546 -0.107208 0.512379 255 0 0
0.184366 -0.107208 0.512379 255 0 0
0.187456 -0.109118 0.507379 255 0 0
0.184366 -0.107208 0.502379 255 0 0
0.190546 -0.107208 0.502379 255 0 0
0.192456 -0.102208 0.499289 255 0 0
0.195546 -0.104118 0.504289 255 0 0
0.197456 -0.099118 0.507379 255 0 0
0.180277 -0.092987 0.503938 255 0 0
0.190792 -0.092987 0.503938 255 0 0
0.180277 -0.110000 0.503938 255 0 0
0.190792 -0.110000 0.503938 255 0 0
0.185535 -0.106750 0.512444 255 0 0
0.185535 -0.096236 0.512444 255 0 0
0.185535 -0.106750 0.495431 255 0 0
0.185535 -0.096236 0.495431 255 0 0
0.194041 -0.101493 0.498681 255 0 0
0.194041 -0.101493 0.509195 255 0 0
0.177028 -0.101493 0.498681 255 0 0
0.177028 -0.101493 0.509195 255 0 0
0.177445 -0.096493 0.507028 255 0 0
0.180535 -0.098403 0.512028 255 0 0
0.182445 -0.093403 0.508938 255 0 0
0.188625 -0.093403 0.508938 255 0 0
0.185535 -0.091493 0.503938 255 0 0
0.188625 -0.093403 0.498938 255 0 0
0.182445 -0.093403 0.498938 255 0 0
0.180535 -0.098403 0.495848 255 0 0
0.177445 -0.096493 0.500848 255 0 0
0.175535 -0.101493 0.503938 255 0 0
0.190535 -0.098403 0.512028 255 0 0
0.193625 -0.096493 0.507028 255 0 0
0.180535 -0.104583 0.512028 255 0 0
0.185535 -0.101493 0.513938 255 0 0
0.177445 -0.106493 0.500848 255 0 0
0.177445 -0.106493 0.507028 255 0 0
0.185535 -0.101493 0.493938 255 0 0
0.180535 -0.104583 0.495848 255 0 0
0.193625 -0.096493 0.500848 255 0 0
0.190535 -0.098403 0.495848 255 0 0
0.193625 -0.106493 0.507028 255 0 0
0.190535 -0.104583 0.512028 255 0 0
0.188625 -0.109583 0.508938 255 0 0
0.182445 -0.109583 0.508938 255 0 0
0.185535 -0.111493 0.503938 255 0 0
0.182445 -0.109583 0.498938 255 0 0
0.188625 -0.109583 0.498938 255 0 0
0.190535 -0.104583 0.495848 255 0 0
0.193625 -0.106493 0.500848 255 0 0
0.195535 -0.101493 0.503938 255 0 0
0.068174 0.087109 0.449315 255 0 0
0.078689 0.087109 0.449315 255 0 0
0.068174 0.070096 0.449315 255 0 0
0.078689 0.070096 0.449315 255 0 0
0.073432 0.073345 0.457822 255 0 0
0.073432 0.083860 0.457822 255 0 0
0.073432 0.073345 0.440809 255 0 0
0.073432 0.083860 0.440809 255 0 0
0.081938 0.078602 0.444058 255 0 0
0.081938 0.078602 0.454573 255 0 0
0.064925 0.078602 0.444058 255 0 0
0.064925 0.078602 0.454573 255 0 0
0.065341 0.083602 0.452405 255 0 0
0.068432 0.081692 0.457405 255 0 0
0.070341 0.086692 0.454315 255 0 0
0.076522 0.086692 0.454315 255 0 0
0.073432 0.088602 0.449315 255 0 0
0.076522 0.086692 0.444315 255 0 0
0.070341 0.086692 0.444315 255 0 0
0.068432 0.081692 0.441225 255 0 0
0.065341 0.083602 0.446225 255 0 0
0.063432 0.078602 0.449315 255 0 0
0.078432 0.081692 0.457405 255 0 0
0.081522 0.083602 0.452405 255 0 0
0.068432 0.075512 0.457405 255 0 0
0.073432 0.078602 0.459315 255 0 0
0.065341 0.073602 0.446225 255 0 0
0.065341 0.073602 0.452405 255 0 0
0.073432 0.078602 0.439315 255 0 0
0.068432 0.075512 0.441225 255 0 0
0.081522 0.083602 0.446225 255 0 0
0.078432 0.081692 0.441225 255 0 0
0.081522 0.073602 0.452405 255 0 0
0.078432 0.075512 0.457405 255 0 0
0.076522 0.070512 0.454315 255 0 0
0.070341 0.070512 0.454315 255 0 0
0.073432 0.068602 0.449315 255 0 0
0.070341 0.070512 0.444315 255 0 0
0.076522 0.070512 0.444315 255 0 0
0.078432 0.075512 0.441225 255 0 0
0.081522 0.073602 0.446225 255 0 0
0.083432 0.078602 0.449315 255 0 0
0.067462 0.072114 0.442550 255 0 0
0.077976 0.072114 0.442550 255 0 0
0.067462 0.055101 0.442550 255 0 0
0.077976 0.055101 0.442550 255 0 0
0.072719 0.058351 0.451056 255 0 0
0.072719 0.068865 0.451056 255 0 0
0.072719 0.058351 0.434043 255 0 0
0.072719 0.068865 0.434043 255 0 0
0.081226 0.063608 0.437293 255 0 0
0.081226 0.063608 0.447807 255 0 0
0.064213 0.063608 0.437293 255 0 0
0.064213 0.063608 0.447807 255 0 0
0.064629 0.068608 0.445640 255 0 0
0.067719 0.066698 0.450640 255 0 0
0.069629 0.071698 0.447550 255 0 0
0.075809 0.071698 0.447550 255 0 0
0.072719 0.073608 0.442550 255 0 0
0.075809 0.071698 0.437550 255 0 0
0.069629 0.071698 0.437550 255 0 0
0.067719 0.066698 0.434460 255 0 0
0.064629 0.068608 0.439460 255 0 0
0.062719 0.063608 0.442550 255 0 0
0.077719 0.066698 0.450640 255 0 0
0.080809 0.068608 0.445640 255 0 0
0.067719 0.060518 0.450640 255 0 0
0.072719 0.063608 0.452550 255 0 0
0.064629 0.058608 0.439460 255 0 0
0.064629 0.058608 0.445640 255 0 0
0.072719 0.063608 0.432550 255 0 0
0.067719 0.060518 0.434460 255 0 0
0.080809 0.068608 0.439460 255 0 0
0.077719 0.066698 0.434460 255 0 0
0.080809 0.058608 0.445640 255 0 0
0.077719 0.060518 0.450640 255 0 0
0.075809 0.055518 0.447550 255 0 0
0.069629 0.055518 0.447550 255 0 0
0.072719 0.053608 0.442550 255 0 0
0.069629 0.055518 0.437550 255 0 0
0.075809 0.055518 0.437550 255 0 0
0.077719 0.060518 0.434460 255 0 0
0.080809 0.058608 0.439460 255 0 0
0.082719 0.063608 0.442550 255 0 0
0.056179 0.106171 0.448639 255 0 0
0.066693 0.106171 0.448639 255 0 0
0.056179 0.089158 0.448639 255 0 0
0.066693 0.089158 0.448639 255 0 0
0.061436 0.092408 0.457145 255 0 0
0.061436 0.102922 0.457145 255 0 0
0.061436 0.092408 0.440132 255 0 0
0.061436 0.102922 0.440132 255 0 0
0.069942 0.097665 0.443382 255 0 0
0.069942 0.097665 0.453896 255 0 0
0.052929 0.097665 0.443382 255 0 0
0.052929 0.097665 0.453896 255 0 0
0.053346 0.102665 0.451729 255 0 0
0.056436 0.100755 0.456729 255 0 0
0.058346 0.105755 0.453639 255 0 0
0.064526 0.105755 0.453639 255 0 0
0.061436 0.107665 0.448639 255 0 0
0.064526 0.105755 0.443639 255 0 0
0.058346 0.105755 0.443639 255 0 0
0.056436 0.100755 0.440549 255 0 0
0.053346 0.102665 0.445549 255 0 0
0.051436 0.097665 0.448639 255 0 0
0.066436 0.100755 0.456729 255 0 0
0.069526 0.102665 0.451729 255 0 0
0.056436 0.094575 0.456729 255 0 0
0.061436 0.097665 0.458639 255 0 0
0.053346 0.092665 0.445549 255 0 0
0.053346 0.092665 0.451729 255 0 0
0.061436 0.097665 0.438639 255 0 0
0.056436 0.094575 0.440549 255 0 0
0.069526 0.102665 0.445549 255 0 0
0.066436 0.100755 0.440549 255 0 0
0.069526 0.092665 0.451729 255 0 0
0.066436 0.094575 0.456729 255 0 0
0.064526 0.089575 0.453639 255 0 0
0.058346 0.089575 0.453639 255 0 0
0.061436 0.087665 0.448639 255 0 0
0.058346 0.089575 0.443639 255 0 0
0.064526 0.089575 0.443639 255 0 0
0.066436 0.094575 0.440549 255 0 0
0.069526 0.092665 0.445549 255 0 0
0.071436 0.097665 0.448639 255 0 0
0.103605 0.024224 0.459587 255 0 0
0.114120 0.024224 0.459587 255 0 0
0.103605 0.007211 0.459587 255 0 0
0.114120 0.007211 0.459587 255 0 0
0.108862 0.010460 0.468094 255 0 0
0.108862 0.020975 0.468094 255 0 0
0.108862 0.010460 0.451081 255 0 0
0.108862 0.020975 0.451081 255 0 0
0.117369 0.015718 0.454330 255 0 0
0.117369 0.015718 0.464844 255 0 0
0.100356 0.015718 0.454330 255 0 0
0.100356 0.015718 0.464844 255 0 0
0.100772 0.020718 0.462677 255 0 0
0.103862 0.018808 0.467677 255 0 0
0.105772 0.023808 0.464587 255 0 0
0.111952 0.023808 0.464587 255 0 0
0.108862 0.025718 0.459587 255 0 0
0.111952 0.023808 0.454587 255 0 0
0.105772 0.023808 0.454587 255 0 0
0.103862 0.018808 0.451497 255 0 0
0.100772 0.020718 0.456497 255 0 0
0.098862 0.015718 0.459587 255 0 0
0.113862 0.018808 0.467677 255 0 0
0.116952 0.020718 0.462677 255 0 0
0.103862 0.012628 0.467677 255 0 0
0.108862 0.015718 0.469587 255 0 0
0.100772 0.010718 0.456497 255 0 0
0.100772 0.010718 0.462677 255 0 0
0.108862 0.015718 0.449587 255 0 0
0.103862 0.012628 0.451497 255 0 0
0.116952 0.020718 0.456497 255 0 0
0.113862 0.018808 0.451497 255 0 0
0.116952 0.010718 0.462677 255 0 0
0.113862 0.012628 0.467677 255 0 0
0.111952 0.007628 0.464587 255 0 0
0.105772 0.007628 0.464587 255 0 0
0.108862 0.005718 0.459587 255 0 0
0.105772 0.007628 0.454587 255 0 0
0.111952 0.007628 0.454587 255 0 0
0.113862 0.012628 0.451497 255 0 0
0.116952 0.010718 0.456497 255 0 0
0.118862 0.015718 0.459587 255 0 0
0.116088 0.020287 0.462016 255 0 0
0.126602 0.020287 0.462016 255 0 0
0.116088 0.003274 0.462016 255 0 0
0.126602 0.003274 0.462016 255 0 0
0.121345 0.006523 0.470522 255 0 0
0.121345 0.017038 0.470522 255 0 0
0.121345 0.006523 0.453509 255 0 0
0.121345 0.017038 0.453509 255 0 0
0.129851 0.011781 0.456758 255 0 0
0.129851 0.011781 0.467273 255 0 0
0.112838 0.011781 0.456758 255 0 0
0.112838 0.011781 0.467273 255 0 0
0.113255 0.016780 0.465106 255 0 0
0.116345 0.014871 0.470106 255 0 0
0.118255 0.019871 0.467016 255 0 0
0.124435 0.019871 0.467016 255 0 0
0.121345 0.021781 0.462016 255 0 0
0.124435 0.019871 0.457016 255 0 0
0.118255 0.019871 0.457016 255 0 0
0.116345 0.014871 0.453926 255 0 0
0.113255 0.016780 0.458926 255 0 0
0.111345 0.011781 0.462016 255 0 0
0.126345 0.014871 0.470106 255 0 0
0.129435 0.016780 0.465106 255 0 0
0.116345 0.008690 0.470106 255 0 0
0.121345 0.011781 0.472016 255 0 0
0.113255 0.006781 0.458926 255 0 0
0.113255 0.006781 0.465106 255 0 0
0.121345 0.011781 0.452016 255 0 0
0.116345 0.008690 0.453926 255 0 0
0.129435 0.016780 0.458926 255 0 0
0.126345 0.014871 0.453926 255 0 0
0.129435 0.006781 0.465106 255 0 0
0.126345 0.008690 0.470106 255 0 0
0.124435 0.003690 0.467016 255 0 0
0.118255 0.003690 0.467016 255 0 0
0.121345 0.001781 0.462016 255 0 0
0.118255 0.003690 0.457016 255 0 0
0.124435 0.003690 0.457016 255 0 0
0.126345 0.008690 0.453926 255 0 0
0.129435 0.006781 0.458926 255 0 0
0.131345 0.011781 0.462016 255 0 0
0.097261 -0.003906 0.467244 255 0 0
0.107776 -0.003906 0.467244 255 0 0
0.097261 -0.020919 0.467244 255 0 0
0.107776 -0.020919 0.467244 255 0 0
0.102518 -0.017670 0.475751 255 0 0
0.102518 -0.007156 0.475751 255 0 0
0.102518 -0.017670 0.458738 255 0 0
0.102518 -0.007156 0.458738 255 0 0
0.111025 -0.012413 0.461987 255 0 0
0.111025 -0.012413 0.472502 255 0 0
0.094012 -0.012413 0.461987 255 0 0
0.094012 -0.012413 0.472502 255 0 0
0.094428 -0.007413 0.470335 255 0 0
0.097518 -0.009323 0.475335 255 0 0
0.099428 -0.004323 0.472244 255 0 0
0.105609 -0.004323 0.472244 255 0 0
0.102518 -0.002413 0.467244 255 0 0
0.105609 -0.004323 0.462244 255 0 0
0.099428 -0.004323 0.462244 255 0 0
0.097518 -0.009323 0.459154 255 0 0
0.094428 -0.007413 0.464154 255 0 0
0.092519 -0.012413 0.467244 255 0 0
0.107519 -0.009323 0.475335 255 0 0
0.110609 -0.007413 0.470335 255 0 0
0.097518 -0.015503 0.475335 255 0 0
0.102518 -0.012413 0.477244 255 0 0
0.094428 -0.017413 0.464154 255 0 0
0.094428 -0.017413 0.470335 255 0 0
0.102518 -0.012413 0.457244 255 0 0
0.097518 -0.015503 0.459154 255 0 0
0.110609 -0.007413 0.464154 255 0 0
0.107519 -0.009323 0.459154 255 0 0
0.110609 -0.017413 0.470335 255 0 0
0.107519 -0.015503 0.475335 255 0 0
0.105609 -0.020503 0.472244 255 0 0
0.099428 -0.020503 0.472244 255 0 0
0.102518 -0.022413 0.467244 255 0 0
0.099428 -0.020503 0.462244 255 0 0
0.105609 -0.020503 0.462244 255 0 0
0.107519 -0.015503 0.459154 255 0 0
0.110609 -0.017413 0.464154 255 0 0
0.112518 -0.012413 0.467244 255 0 0
0.091958 0.002660 0.456003 255 0 0
0.102473 0.002660 0.456003 255 0 0
0.091958 -0.014353 0.456003 255 0 0
0.102473 -0.014353 0.456003 255 0 0
0.097216 -0.011104 0.464509 255 0 0
0.097216 -0.000589 0.464509 255 0 0
0.097216 -0.011104 0.447496 255 0 0
0.097216 -0.000589 0.447496 255 0 0
0.105722 -0.005847 0.450745 255 0 0
0.105722 -0.005847 0.461260 255 0 0
0.088709 -0.005847 0.450745 255 0 0
0.088709 -0.005847 0.461260 255 0 0
0.089126 -0.000847 0.459093 255 0 0
0.092216 -0.002756 0.464093 255 0 0
0.094126 0.002244 0.461003 255 0 0
0.100306 0.002244 0.461003 255 0 0
0.097216 0.004153 0.456003 255 0 0
0.100306 0.002244 0.451003 255 0 0
0.094126 0.002244 0.451003 255 0 0
0.092216 -0.002756 0.447913 255 0 0
0.089126 -0.000847 0.452913 255 0 0
0.087216 -0.005847 0.456003 255 0 0
0.102216 -0.002756 0.464093 255 0 0
0.105306 -0.000847 0.459093 255 0 0
0.092216 -0.008937 0.464093 255 0 0
0.097216 -0.005847 0.466003 255 0 0
0.089126 -0.010847 0.452913 255 0 0
0.089126 -0.010847 0.459093 255 0 0
0.097216 -0.005847 0.446003 255 0 0
0.092216 -0.008937 0.447913 255 0 0
0.105306 -0.000847 0.452913 255 0 0
0.102216 -0.002756 0.447913 255 0 0
0.105306 -0.010847 0.459093 255 0 0
0.102216 -0.008937 0.464093 255 0 0
0.100306 -0.013937 0.461003 255 0 0
0.094126 -0.013937 0.461003 255 0 0
0.097216 -0.015847 0.456003 255 0 0
0.094126 -0.013937 0.451003 255 0 0
0.100306 -0.013937 0.451003 255 0 0
0.102216 -0.008937 0.447913 255 0 0
0.105306 -0.010847 0.452913 255 0 0
0.107216 -0.005847 0.456003 255 0 0
0.165414 -0.005702 0.490545 255 0 0
0.175929 -0.005702 0.490545 255 0 0
0.165414 -0.022715 0.490545 255 0 0
0.175929 -0.022715 0.490545 255 0 0
0.170672 -0.019466 0.499052 255 0 0
0.170672 -0.008952 0.499052 255 0 0
0.170672 -0.019466 0.482039 255 0 0
0.170672 -0.008952 0.482039 255 0 0
0.179178 -0.014209 0.485288 255 0 0
0.179178 -0.014209 0.495803 255 0 0
0.162165 -0.014209 0.485288 255 0 0
0.162165 -0.014209 0.495803 255 0 0
0.162582 -0.009209 0.493635 255 0 0
0.165672 -0.011119 0.498635 255 0 0
0.167582 -0.006119 0.495545 255 0 0
0.173762 -0.006119 0.495545 255 0 0
0.170672 -0.004209 0.490545 255 0 0
0.173762 -0.006119 0.485545 255 0 0
0.167582 -0.006119 0.485545 255 0 0
0.165672 -0.011119 0.482455 255 0 0
0.162582 -0.009209 0.487455 255 0 0
0.160672 -0.014209 0.490545 255 0 0
0.175672 -0.011119 0.498635 255 0 0
0.178762 -0.009209 0.493635 255 0 0
0.165672 -0.017299 0.498635 255 0 0
0.170672 -0.014209 0.500545 255 0 0
0.162582 -0.019209 0.487455 255 0 0
0.162582 -0.019209 0.493635 255 0 0
0.170672 -0.014209 0.480545 255 0 0
0.165672 -0.017299 0.482455 255 0 0
0.178762 -0.009209 0.487455 255 0 0
0.175672 -0.011119 0.482455 255 0 0
0.178762 -0.019209 0.493635 255 0 0
0.175672 -0.017299 0.498635 255 0 0
0.173762 -0.022299 0.495545 255 0 0
0.167582 -0.022299 0.495545 255 0 0
0.170672 -0.024209 0.490545 255 0 0
0.167582 -0.022299 0.485545 255 0 0
0.173762 -0.022299 0.485545 255 0 0
0.175672 -0.017299 0.482455 255 0 0
0.178762 -0.019209 0.487455 255 0 0
0.180672 -0.014209 0.490545 255 0 0
0.162920 0.007150 0.490376 255 0 0
0.173434 0.007150 0.490376 255 0 0
0.162920 -0.009863 0.490376 255 0 0
0.173434 -0.009863 0.490376 255 0 0
0.168177 -0.006614 0.498882 255 0 0
0.168177 0.003900 0.498882 255 0 0
0.168177 -0.006614 0.481869 255 0 0
0.168177 0.003900 0.481869 255 0 0
0.176684 -0.001357 0.485119 255 0 0
0.176684 -0.001357 0.495633 255 0 0
0.159671 -0.001357 0.485119 255 0 0
0.159671 -0.001357 0.495633 255 0 0
0.160087 0.003643 0.493466 255 0 0
0.163177 0.001733 0.498466 255 0 0
0.165087 0.006733 0.495376 255 0 0
0.171267 0.006733 0.495376 255 0 0
0.168177 0.008643 0.490376 255 0 0
0.171267 0.006733 0.485376 255 0 0
0.165087 0.006733 0.485376 255 0 0
0.163177 0.001733 0.482286 255 0 0
0.160087 0.003643 0.487286 255 0 0
0.158177 -0.001357 0.490376 255 0 0
0.173177 0.001733 0.498466 255 0 0
0.176267 0.003643 0.493466 255 0 0
0.163177 -0.004447 0.498466 255 0 0
0.168177 -0.001357 0.500376 255 0 0
0.160087 -0.006357 0.487286 255 0 0
0.160087 -0.006357 0.493466 255 0 0
0.168177 -0.001357 0.480376 255 0 0
0.163177 -0.004447 0.482286 255 0 0
0.176267 0.003643 0.487286 255 0 0
0.173177 0.001733 0.482286 255 0 0
0.176267 -0.006357 0.493466 255 0 0
0.173177 -0.004447 0.498466 255 0 0
0.171267 -0.009447 0.495376 255 0 0
0.165087 -0.009447 0.495376 255 0 0
0.168177 -0.011357 0.490376 255 0 0
0.165087 -0.009447 0.485376 255 0 0
0.171267 -0.009447 0.485376 255 0 0
0.173177 -0.004447 0.482286 255 0 0
0.176267 -0.006357 0.487286 255 0 0
0.178177 -0.001357 0.490376 255 0 0
0.168896 0.018537 0.497709 255 0 0
0.179411 0.018537 0.497709 255 0 0
0.168896 0.001524 0.497709 255 0 0
0.179411 0.001524 0.497709 255 0 0
0.174154 0.004773 0.506215 255 0 0
0.174154 0.015288 0.506215 255 0 0
0.174154 0.004773 0.489202 255 0 0
0.174154 0.015288 0.489202 255 0 0
0.182660 0.010031 0.492451 255 0 0
0.182660 0.010031 0.502966 255 0 0
0.165647 0.010031 0.492451 255 0 0
0.165647 0.010031 0.502966 255 0 0
0.166064 0.015031 0.500799 255 0 0
0.169154 0.013121 0.505799 255 0 0
0.171064 0.018121 0.502709 255 0 0
0.177244 0.018121 0.502709 255 0 0
0.174154 0.020031 0.497709 255 0 0
0.177244 0.018121 0.492709 255 0 0
0.171064 0.018121 0.492709 255 0 0
0.169154 0.013121 0.489619 255 0 0
0.166064 0.015031 0.494619 255 0 0
0.164154 0.010031 0.497709 255 0 0
0.179154 0.013121 0.505799 255 0 0
0.182244 0.015031 0.500799 255 0 0
0.169154 0.006941 0.505799 255 0 0
0.174154 0.010031 0.507709 255 0 0
0.166064 0.005031 0.494619 255 0 0
0.166064 0.005031 0.500799 255 0 0
0.174154 0.010031 0.487709 255 0 0
0.169154 0.006941 0.489619 255 0 0
0.182244 0.015031 0.494619 255 0 0
0.179154 0.013121 0.489619 255 0 0
0.182244 0.005031 0.500799 255 0 0
0.179154 0.006941 0.505799 255 0 0
0.177244 0.001941 0.502709 255 0 0
0.171064 0.001941 0.502709 255 0 0
0.174154 0.000031 0.497709 255 0 0
0.171064 0.001941 0.492709 255 0 0
0.177244 0.001941 0.492709 255 0 0
0.179154 0.006941 0.489619 255 0 0
0.182244 0.005031 0.494619 255 0 0
0.184154 0.010031 0.497709 255 0 0
0.139119 -0.061076 0.469553 255 0 0
0.149633 -0.061076 0.469553 255 0 0
0.139119 -0.078089 0.469553 255 0 0
0.149633 -0.078089 0.469553 255 0 0
0.144376 -0.074840 0.478059 255 0 0
0.144376 -0.064325 0.478059 255 0 0
0.144376 -0.074840 0.461046 255 0 0
0.144376 -0.064325 0.461046 255 0 0
0.152882 -0.069582 0.464296 255 0 0
0.152882 -0.069582 0.474810 255 0 0
0.135869 -0.069582 0.464296 255 0 0
0.135869 -0.069582 0.474810 255 0 0
0.136286 -0.064582 0.472643 255 0 0
0.139376 -0.066492 0.477643 255 0 0
0.141286 -0.061492 0.474553 255 0 0
0.147466 -0.061492 0.474553 255 0 0
0.144376 -0.059582 0.469553 255 0 0
0.147466 -0.061492 0.464553 255 0 0
0.141286 -0.061492 0.464553 255 0 0
0.139376 -0.066492 0.461463 255 0 0
0.136286 -0.064582 0.466463 255 0 0
0.134376 -0.069582 0.469553 255 0 0
0.149376 -0.066492 0.477643 255 0 0
0.152466 -0.064582 0.472643 255 0 0
0.139376 -0.072672 0.477643 255 0 0
0.144376 -0.069582 0.479553 255 0 0
0.136286 -0.074582 0.466463 255 0 0
0.136286 -0.074582 0.472643 255 0 0
0.144376 -0.069582 0.459553 255 0 0
0.139376 -0.072672 0.461463 255 0 0
0.152466 -0.064582 0.466463 255 0 0
0.149376 -0.066492 0.461463 255 0 0
0.152466 -0.074582 0.472643 255 0 0
0.149376 -0.072672 0.477643 255 0 0
0.147466 -0.077672 0.474553 255 0 0
0.141286 -0.077672 0.474553 255 0 0
0.144376 -0.079582 0.469553 255 0 0
0.141286 -0.077672 0.464553 255 0 0
0.147466 -0.077672 0.464553 255 0 0
0.149376 -0.072672 0.461463 255 0 0
0.152466 -0.074582 0.466463 255 0 0
0.154376 -0.069582 0.469553 255 0 0
0.132405 -0.049536 0.465610 255 0 0
0.142919 -0.049536 0.465610 255 0 0
0.132405 -0.066549 0.465610 255 0 0
0.142919 -0.066549 0.465610 255 0 0
0.137662 -0.063300 0.474116 255 0 0
0.137662 -0.052785 0.474116 255 0 0
0.137662 -0.063300 0.457103 255 0 0
0.137662 -0.052785 0.457103 255 0 0
0.146168 -0.058042 0.460352 255 0 0
0.146168 -0.058042 0.470867 255 0 0
0.129155 -0.058042 0.460352 255 0 0
0.129155 -0.058042 0.470867 255 0 0
0.129572 -0.053042 0.468700 255 0 0
0.132662 -0.054952 0.473700 255 0 0
0.134572 -0.049952 0.470610 255 0 0
0.140752 -0.049952 0.470610 255 0 0
0.137662 -0.048042 0.465610 255 0 0
0.140752 -0.049952 0.460610 255 0 0
0.134572 -0.049952 0.460610 255 0 0
0.132662 -0.054952 0.457520 255 0 0
0.129572 -0.053042 0.462520 255 0 0
0.127662 -0.058042 0.465610 255 0 0
0.142662 -0.054952 0.473700 255 0 0
0.145752 -0.053042 0.468700 255 0 0
0.132662 -0.061133 0.473700 255 0 0
0.137662 -0.058042 0.475610 255 0 0
0.129572 -0.063042 0.462520 255 0 0
0.129572 -0.063042 0.468700 255 0 0
0.137662 -0.058042 0.455610 255 0 0
0.132662 -0.061133 0.457520 255 0 0
0.145752 -0.053042 0.462520 255 0 0
0.142662 -0.054952 0.457520 255 0 0
0.145752 -0.063042 0.468700 255 0 0
0.142662 -0.061133 0.473700 255 0 0
0.140752 -0.066133 0.470610 255 0 0
0.134572 -0.066133 0.470610 255 0 0
0.137662 -0.068042 0.465610 255 0 0
0.134572 -0.066133 0.460610 255 0 0
0.140752 -0.066133 0.460610 255 0 0
0.142662 -0.061133 0.457520 255 0 0
0.145752 -0.063042 0.462520 255 0 0
0.147662 -0.058042 0.465610 255 0 0
0.092514 -0.017470 0.465124 255 0 0
0.103028 -0.017470 0.465124 255 0 0
0.092514 -0.034483 0.465124 255 0 0
0.103028 -0.034483 0.465124 255 0 0
0.097771 -0.031234 0.473630 255 0 0
0.097771 -0.020719 0.473630 255 0 0
0.097771 -0.031234 0.456617 255 0 0
0.097771 -0.020719 0.456617 255 0 0
0.106278 -0.025976 0.459866 255 0 0
0.106278 -0.025976 0.470381 255 0 0
0.089265 -0.025976 0.459866 255 0 0
0.089265 -0.025976 0.470381 255 0 0
0.089681 -0.020976 0.468214 255 0 0
0.092771 -0.022886 0.473214 255 0 0
0.094681 -0.017886 0.470124 255 0 0
0.100861 -0.017886 0.470124 255 0 0
0.097771 -0.015976 0.465124 255 0 0
0.100861 -0.017886 0.460124 255 0 0
0.094681 -0.017886 0.460124 255 0 0
0.092771 -0.022886 0.457034 255 0 0
0.089681 -0.020976 0.462034 255 0 0
0.087771 -0.025976 0.465124 255 0 0
0.102771 -0.022886 0.473214 255 0 0
0.105861 -0.020976 0.468214 255 0 0
0.092771 -0.029067 0.473214 255 0 0
0.097771 -0.025976 0.475124 255 0 0
0.089681 -0.030976 0.462034 255 0 0
0.089681 -0.030976 0.468214 255 0 0
0.097771 -0.025976 0.455124 255 0 0
0.092771 -0.029067 0.457034 255 0 0
0.105861 -0.020976 0.462034 255 0 0
0.102771 -0.022886 0.457034 255 0 0
0.105861 -0.030976 0.468214 255 0 0
0.102771 -0.029067 0.473214 255 0 0
0.100861 -0.034067 0.470124 255 0 0
0.094681 -0.034067 0.470124 255 0 0
0.097771 -0.035976 0.465124 255 0 0
0.094681 -0.034067 0.460124 255 0 0
0.100861 -0.034067 0.460124 255 0 0
0.102771 -0.029067 0.457034 255 0 0
0.105861 -0.030976 0.462034 255 0 0
0.107771 -0.025976 0.465124 255 0 0
0.101602 -0.030049 0.462385 255 0 0
0.112116 -0.030049 0.462385 255 0 0
0.101602 -0.047062 0.462385 255 0 0
0.112116 -0.047062 0.462385 255 0 0
0.106859 -0.043813 0.470892 255 0 0
0.106859 -0.033298 0.470892 255 0 0
0.106859 -0.043813 0.453879 255 0 0
0.106859 -0.033298 0.453879 255 0 0
0.115365 -0.038556 0.457128 255 0 0
0.115365 -0.038556 0.467643 255 0 0
0.098352 -0.038556 0.457128 255 0 0
0.098352 -0.038556 0.467643 255 0 0
0.098769 -0.033556 0.465476 255 0 0
0.101859 -0.035465 0.470476 255 0 0
0.103769 -0.030465 0.467385 255 0 0
0.109949 -0.030465 0.467385 255 0 0
0.106859 -0.028556 0.462385 255 0 0
0.109949 -0.030465 0.457385 255 0 0
0.103769 -0.030465 0.457385 255 0 0
0.101859 -0.035465 0.454295 255 0 0
0.098769 -0.033556 0.459295 255 0 0
0.096859 -0.038556 0.462385 255 0 0
0.111859 -0.035465 0.470476 255 0 0
0.114949 -0.033556 0.465476 255 0 0
0.101859 -0.041646 0.470476 255 0 0
0.106859 -0.038556 0.472385 255 0 0
0.098769 -0.043556 0.459295 255 0 0
0.098769 -0.043556 0.465476 255 0 0
0.106859 -0.038556 0.452385 255 0 0
0.101859 -0.041646 0.454295 255 0 0
0.114949 -0.033556 0.459295 255 0 0
0.111859 -0.035465 0.454295 255 0 0
0.114949 -0.043556 0.465476 255 0 0
0.111859 -0.041646 0.470476 255 0 0
0.109949 -0.046646 0.467385 255 0 0
0.103769 -0.046646 0.467385 255 0 0
0.106859 -0.048556 0.462385 255 0 0
0.103769 -0.046646 0.457385 255 0 0
0.109949 -0.046646 0.457385 255 0 0
0.111859 -0.041646 0.454295 255 0 0
0.114949 -0.043556 0.459295 255 0 0
0.116859 -0.038556 0.462385 255 0 0
0.093679 -0.039923 0.454627 255 0 0
0.104194 -0.039923 0.454627 255 0 0
0.093679 -0.056937 0.454627 255 0 0
0.104194 -0.056937 0.454627 255 0 0
0.098937 -0.053687 0.463134 255 0 0
0.098937 -0.043173 0.463134 255 0 0
0.098937 -0.053687 0.446121 255 0 0
0.098937 -0.043173 0.446121 255 0 0
0.107443 -0.048430 0.449370 255 0 0
0.107443 -0.048430 0.459885 255 0 0
0.090430 -0.048430 0.449370 255 0 0
0.090430 -0.048430 0.459885 255 0 0
0.090846 -0.043430 0.457718 255 0 0
0.093937 -0.045340 0.462718 255 0 0
0.095846 -0.040340 0.459627 255 0 0
0.102027 -0.040340 0.459627 255 0 0
0.098937 -0.038430 0.454627 255 0 0
0.102027 -0.040340 0.449627 255 0 0
0.095846 -0.040340 0.449627 255 0 0
0.093937 -0.045340 0.446537 255 0 0
0.090846 -0.043430 0.451537 255 0 0
0.088937 -0.048430 0.454627 255 0 0
0.103937 -0.045340 0.462718 255 0 0
0.107027 -0.043430 0.457718 255 0 0
0.093937 -0.051520 0.462718 255 0 0
0.098937 -0.048430 0.464627 255 0 0
0.090846 -0.053430 0.451537 255 0 0
0.090846 -0.053430 0.457718 255 0 0
0.098937 -0.048430 0.444627 255 0 0
0.093937 -0.051520 0.446537 255 0 0
0.107027 -0.043430 0.451537 255 0 0
0.103937 -0.045340 0.446537 255 0 0
0.107027 -0.053430 0.457718 255 0 0
0.103937 -0.051520 0.462718 255 0 0
0.102027 -0.056520 0.459627 255 0 0
0.095846 -0.056520 0.459627 255 0 0
0.098937 -0.058430 0.454627 255 0 0
0.095846 -0.056520 0.449627 255 0 0
0.102027 -0.056520 0.449627 255 0 0
0.103937 -0.051520 0.446537 255 0 0
0.107027 -0.053430 0.451537 255 0 0
0.108937 -0.048430 0.454627 255 0 0
0.101909 -0.048308 0.462600 255 0 0
0.112424 -0.048308 0.462600 255 0 0
0.101909 -0.065321 0.462600 255 0 0
0.112424 -0.065321 0.462600 255 0 0
0.107166 -0.062071 0.471107 255 0 0
0.107166 -0.051557 0.471107 255 0 0
0.107166 -0.062071 0.454094 255 0 0
0.107166 -0.051557 0.454094 255 0 0
0.115673 -0.056814 0.457343 255 0 0
0.115673 -0.056814 0.467857 255 0 0
0.098660 -0.056814 0.457343 255 0 0
0.098660 -0.056814 0.467857 255 0 0
0.099076 -0.051814 0.465690 255 0 0
0.102166 -0.053724 0.470690 255 0 0
0.104076 -0.048724 0.467600 255 0 0
0.110256 -0.048724 0.467600 255 0 0
0.107166 -0.046814 0.462600 255 0 0
0.110256 -0.048724 0.457600 255 0 0
0.104076 -0.048724 0.457600 255 0 0
0.102166 -0.053724 0.454510 255 0 0
0.099076 -0.051814 0.459510 255 0 0
0.097166 -0.056814 0.462600 255 0 0
0.112166 -0.053724 0.470690 255 0 0
0.115256 -0.051814 0.465690 255 0 0
0.102166 -0.059904 0.470690 255 0 0
0.107166 -0.056814 0.472600 255 0 0
0.099076 -0.061814 0.459510 255 0 0
0.099076 -0.061814 0.465690 255 0 0
0.107166 -0.056814 0.452600 255 0 0
0.102166 -0.059904 0.454510 255 0 0
0.115256 -0.051814 0.459510 255 0 0
0.112166 -0.053724 0.454510 255 0 0
0.115256 -0.061814 0.465690 255 0 0
0.112166 -0.059904 0.470690 255 0 0
0.110256 -0.064904 0.467600 255 0 0
0.104076 -0.064904 0.467600 255 0 0
0.107166 -0.066814 0.462600 255 0 0
0.104076 -0.064904 0.457600 255 0 0
0.110256 -0.064904 0.457600 255 0 0
0.112166 -0.059904 0.454510 255 0 0
0.115256 -0.061814 0.459510 255 0 0
0.117166 -0.056814 0.462600 255 0 0
0.192993 -0.085671 0.520446 255 0 0
0.203508 -0.085671 0.520446 255 0 0
0.192993 -0.102684 0.520446 255 0 0
0.203508 -0.102684 0.520446 255 0 0
0.198251 -0.099435 0.528953 255 0 0
0.198251 -0.088920 0.528953 255 0 0
0.198251 -0.099435 0.511940 255 0 0
0.198251 -0.088920 0.511940 255 0 0
0.206757 -0.094177 0.515189 255 0 0
0.206757 -0.094177 0.525704 255 0 0
0.189744 -0.094177 0.515189 255 0 0
0.189744 -0.094177 0.525704 255 0 0
0.190160 -0.089177 0.523537 255 0 0
0.193251 -0.091087 0.528537 255 0 0
0.195160 -0.086087 0.525446 255 0 0
0.201341 -0.086087 0.525446 255 0 0
0.198251 -0.084177 0.520446 255 0 0
0.201341 -0.086087 0.515446 255 0 0
0.195160 -0.086087 0.515446 255 0 0
0.193251 -0.091087 0.512356 255 0 0
0.190160 -0.089177 0.517356 255 0 0
0.188251 -0.094177 0.520446 255 0 0
0.203251 -0.091087 0.528537 255 0 0
0.206341 -0.089177 0.523537 255 0 0
0.193251 -0.097268 0.528537 255 0 0
0.198251 -0.094177 0.530446 255 0 0
0.190160 -0.099177 0.517356 255 0 0
0.190160 -0.099177 0.523537 255 0 0
0.198251 -0.094177 0.510446 255 0 0
0.193251 -0.097268 0.512356 255 0 0
0.206341 -0.089177 0.517356 255 0 0
0.203251 -0.091087 0.512356 255 0 0
0.206341 -0.099177 0.523537 255 0 0
0.203251 -0.097268 0.528537 255 0 0
0.201341 -0.102268 0.525446 255 0 0
0.195160 -0.102268 0.525446 255 0 0
0.198251 -0.104177 0.520446 255 0 0
0.195160 -0.102268 0.515446 255 0 0
0.201341 -0.102268 0.515446 255 0 0
0.203251 -0.097268 0.512356 255 0 0
0.206341 -0.099177 0.517356 255 0 0
0.208251 -0.094177 0.520446 255 0 0
0.192602 -0.070814 0.515817 255 0 0
0.203117 -0.070814 0.515817 255 0 0
0.192602 -0.087827 0.515817 255 0 0
0.203117 -0.087827 0.515817 255 0 0
0.197860 -0.084577 0.524323 255 0 0
0.197860 -0.074063 0.524323 255 0 0
0.197860 -0.084577 0.507310 255 0 0
0.197860 -0.074063 0.507310 255 0 0
0.206366 -0.079320 0.510560 255 0 0
0.206366 -0.079320 0.521074 255 0 0
0.189353 -0.079320 0.510560 255 0 0
0.189353 -0.079320 0.521074 255 0 0
0.189769 -0.074320 0.518907 255 0 0
0.192860 -0.076230 0.523907 255 0 0
0.194769 -0.071230 0.520817 255 0 0
0.200950 -0.071230 0.520817 255 0 0
0.197860 -0.069320 0.515817 255 0 0
0.200950 -0.071230 0.510817 255 0 0
0.194769 -0.071230 0.510817 255 0 0
0.192860 -0.076230 0.507727 255 0 0
0.189769 -0.074320 0.512727 255 0 0
0.187860 -0.079320 0.515817 255 0 0
0.202860 -0.076230 0.523907 255 0 0
0.205950 -0.074320 0.518907 255 0 0
0.192860 -0.082410 0.523907 255 0 0
0.197860 -0.079320 0.525817 255 0 0
0.189769 -0.084320 0.512727 255 0 0
0.189769 -0.084320 0.518907 255 0 0
0.197860 -0.079320 0.505817 255 0 0
0.192860 -0.082410 0.507727 255 0 0
0.205950 -0.074320 0.512727 255 0 0
0.202860 -0.076230 0.507727 255 0 0
0.205950 -0.084320 0.518907 255 0 0
0.202860 -0.082410 0.523907 255 0 0
0.200950 -0.087410 0.520817 255 0 0
0.194769 -0.087410 0.520817 255 0 0
0.197860 -0.089320 0.515817 255 0 0
0.194769 -0.087410 0.510817 255 0 0
0.200950 -0.087410 0.510817 255 0 0
0.202860 -0.082410 0.507727 255 0 0
0.205950 -0.084320 0.512727 255 0 0
0.207860 -0.079320 0.515817 255 0 0
0.138725 -0.074300 0.479314 255 0 0
0.149240 -0.074300 0.479314 255 0 0
0.138725 -0.091313 0.479314 255 0 0
0.149240 -0.091313 0.479314 255 0 0
0.143982 -0.088064 0.487820 255 0 0
0.143982 -0.077549 0.487820 255 0 0
0.143982 -0.088064 0.470807 255 0 0
0.143982 -0.077549 0.470807 255 0 0
0.152489 -0.082806 0.474056 255 0 0
0.152489 -0.082806 0.484571 255 0 0
0.135476 -0.082806 0.474056 255 0 0
0.135476 -0.082806 0.484571 255 0 0
0.135892 -0.077806 0.482404 255 0 0
0.138982 -0.079716 0.487404 255 0 0
0.140892 -0.074716 0.484314 255 0 0
0.147073 -0.074716 0.484314 255 0 0
0.143982 -0.072806 0.479314 255 0 0
0.147073 -0.074716 0.474314 255 0 0
0.140892 -0.074716 0.474314 255 0 0
0.138982 -0.079716 0.471224 255 0 0
0.135892 -0.077806 0.476224 255 0 0
0.133982 -0.082806 0.479314 255 0 0
0.148982 -0.079716 0.487404 255 0 0
0.152073 -0.077806 0.482404 255 0 0
0.138982 -0.085896 0.487404 255 0 0
0.143982 -0.082806 0.489314 255 0 0
0.135892 -0.087806 0.476224 255 0 0
0.135892 -0.087806 0.482404 255 0 0
0.143982 -0.082806 0.469314 255 0 0
0.138982 -0.085896 0.471224 255 0 0
0.152073 -0.077806 0.476224 255 0 0
0.148982 -0.079716 0.471224 255 0 0
0.152073 -0.087806 0.482404 255 0 0
0.148982 -0.085896 0.487404 255 0 0
0.147073 -0.090896 0.484314 255 0 0
0.140892 -0.090896 0.484314 255 0 0
0.143982 -0.092806 0.479314 255 0 0
0.140892 -0.090896 0.474314 255 0 0
0.147073 -0.090896 0.474314 255 0 0
0.148982 -0.085896 0.471224 255 0 0
0.152073 -0.087806 0.476224 255 0 0
0.153982 -0.082806 0.479314 255 0 0
0.135865 -0.073328 0.472243 255 0 0
0.146380 -0.073328 0.472243 255 0 0
0.135865 -0.090341 0.472243 255 0 0
0.146380 -0.090341 0.472243 255 0 0
0.141123 -0.087092 0.480749 255 0 0
0.141123 -0.076577 0.480749 255 0 0
0.141123 -0.087092 0.463736 255 0 0
0.141123 -0.076577 0.463736 255 0 0
0.149629 -0.081835 0.466986 255 0 0
0.149629 -0.081835 0.477500 255 0 0
0.132616 -0.081835 0.466986 255 0 0
0.132616 -0.081835 0.477500 255 0 0
0.133032 -0.076835 0.475333 255 0 0
0.136123 -0.078744 0.480333 255 0 0
0.138032 -0.073744 0.477243 255 0 0
0.144213 -0.073744 0.477243 255 0 0
0.141123 -0.071835 0.472243 255 0 0
0.144213 -0.073744 0.467243 255 0 0
0.138032 -0.073744 0.467243 255 0 0
0.136123 -0.078744 0.464153 255 0 0
0.133032 -0.076835 0.469153 255 0 0
0.131123 -0.081835 0.472243 255 0 0
0.146123 -0.078744 0.480333 255 0 0
0.149213 -0.076835 0.475333 255 0 0
0.136123 -0.084925 0.480333 255 0 0
0.141123 -0.081835 0.482243 255 0 0
0.133032 -0.086835 0.469153 255 0 0
0.133032 -0.086835 0.475333 255 0 0
0.141123 -0.081835 0.462243 255 0 0
0.136123 -0.084925 0.464153 255 0 0
0.149213 -0.076835 0.469153 255 0 0
0.146123 -0.078744 0.464153 255 0 0
0.149213 -0.086835 0.475333 255 0 0
0.146123 -0.084925 0.480333 255 0 0
0.144213 -0.089925 0.477243 255 0 0
0.138032 -0.089925 0.477243 255 0 0
0.141123 -0.091835 0.472243 255 0 0
0.138032 -0.089925 0.467243 255 0 0
0.144213 -0.089925 0.467243 255 0 0
0.146123 -0.084925 0.464153 255 0 0
0.149213 -0.086835 0.469153 255 0 0
0.151123 -0.081835 0.472243 255 0 0
0.203938 0.110614 0.531372 255 0 0
0.214452 0.110614 0.531372 255 0 0
0.203938 0.093601 0.531372 255 0 0
0.214452 0.093601 0.531372 255 0 0
0.209195 0.096850 0.539879 255 0 0
0.209195 0.107365 0.539879 255 0 0
0.209195 0.096850 0.522866 255 0 0
0.209195 0.107365 0.522866 255 0 0
0.217701 0.102108 0.526115 255 0 0
0.217701 0.102108 0.536629 255 0 0
0.200688 0.102108 0.526115 255 0 0
0.200688 0.102108 0.536629 255 0 0
0.201105 0.107108 0.534462 255 0 0
0.204195 0.105198 0.539462 255 0 0
0.206105 0.110198 0.536372 255 0 0
0.212285 0.110198 0.536372 255 0 0
0.209195 0.112108 0.531372 255 0 0
0.212285 0.110198 0.526372 255 0 0
0.206105 0.110198 0.526372 255 0 0
0.204195 0.105198 0.523282 255 0 0
0.201105 0.107108 0.528282 255 0 0
0.199195 0.102108 0.531372 255 0 0
0.214195 0.105198 0.539462 255 0 0
0.217285 0.107108 0.534462 255 0 0
0.204195 0.099018 0.539462 255 0 0
0.209195 0.102108 0.541372 255 0 0
0.201105 0.097108 0.528282 255 0 0
0.201105 0.097108 0.534462 255 0 0
0.209195 0.102108 0.521372 255 0 0
0.204195 0.099018 0.523282 255 0 0
0.217285 0.107108 0.528282 255 0 0
0.214195 0.105198 0.523282 255 0 0
0.217285 0.097108 0.534462 255 0 0
0.214195 0.099018 0.539462 255 0 0
0.212285 0.094018 0.536372 255 0 0
0.206105 0.094018 0.536372 255 0 0
0.209195 0.092108 0.531372 255 0 0
0.206105 0.094018 0.526372 255 0 0
0.212285 0.094018 0.526372 255 0 0
0.214195 0.099018 0.523282 255 0 0
0.217285 0.097108 0.528282 255 0 0
0.219195 0.102108 0.531372 255 0 0
0.212858 0.105811 0.544439 255 0 0
0.223373 0.105811 0.544439 255 0 0
0.212858 0.088798 0.544439 255 0 0
0.223373 0.088798 0.544439 255 0 0
0.218116 0.092047 0.552945 255 0 0
0.218116 0.102562 0.552945 255 0 0
0.218116 0.092047 0.535932 255 0 0
0.218116 0.102562 0.535932 255 0 0
0.226622 0.097305 0.539182 255 0 0
0.226622 0.097305 0.549696 255 0 0
0.209609 0.097305 0.539182 255 0 0
0.209609 0.097305 0.549696 255 0 0
0.210026 0.102305 0.547529 255 0 0
0.213116 0.100395 0.552529 255 0 0
0.215026 0.105395 0.549439 255 0 0
0.221206 0.105395 0.549439 255 0 0
0.218116 0.107305 0.544439 255 0 0
0.221206 0.105395 0.539439 255 0 0
0.215026 0.105395 0.539439 255 0 0
0.213116 0.100395 0.536349 255 0 0
0.210026 0.102305 0.541349 255 0 0
0.208116 0.097305 0.544439 255 0 0
0.223116 0.100395 0.552529 255 0 0
0.226206 0.102305 0.547529 255 0 0
0.213116 0.094215 0.552529 255 0 0
0.218116 0.097305 0.554439 255 0 0
0.210026 0.092305 0.541349 255 0 0
0.210026 0.092305 0.547529 255 0 0
0.218116 0.097305 0.534439 255 0 0
0.213116 0.094215 0.536349 255 0 0
0.226206 0.102305 0.541349 255 0 0
0.223116 0.100395 0.536349 255 0 0
0.226206 0.092305 0.547529 255 0 0
0.223116 0.094215 0.552529 255 0 0
0.221206 0.089215 0.549439 255 0 0
0.215026 0.089215 0.549439 255 0 0
0.218116 0.087305 0.544439 255 0 0
0.215026 0.089215 0.539439 255 0 0
0.221206 0.089215 0.539439 255 0 0
0.223116 0.094215 0.536349 255 0 0
0.226206 0.092305 0.541349 255 0 0
0.228116 0.097305 0.544439 255 0 0
0.173667 0.114762 0.498618 255 0 0
0.184182 0.114762 0.498618 255 0 0
0.173667 0.097749 0.498618 255 0 0
0.184182 0.097749 0.498618 255 0 0
0.178924 0.100999 0.507124 255 0 0
0.178924 0.111513 0.507124 255 0 0
0.178924 0.100999 0.490111 255 0 0
0.178924 0.111513 0.490111 255 0 0
0.187431 0.106256 0.493360 255 0 0
0.187431 0.106256 0.503875 255 0 0
0.170418 0.106256 0.493360 255 0 0
0.170418 0.106256 0.503875 255 0 0
0.170834 0.111256 0.501708 255 0 0
0.173924 0.109346 0.506708 255 0 0
0.175834 0.114346 0.503618 255 0 0
0.182015 0.114346 0.503618 255 0 0
0.178924 0.116256 0.498618 255 0 0
0.182015 0.114346 0.493618 255 0 0
0.175834 0.114346 0.493618 255 0 0
0.173924 0.109346 0.490527 255 0 0
0.170834 0.111256 0.495527 255 0 0
0.168924 0.106256 0.498618 255 0 0
0.183924 0.109346 0.506708 255 0 0
0.187015 0.111256 0.501708 255 0 0
0.173924 0.103166 0.506708 255 0 0
0.178924 0.106256 0.508618 255 0 0
0.170834 0.101256 0.495527 255 0 0
0.170834 0.101256 0.501708 255 0 0
0.178924 0.106256 0.488618 255 0 0
0.173924 0.103166 0.490527 255 0 0
0.187015 0.111256 0.495527 255 0 0
0.183924 0.109346 0.490527 255 0 0
0.187015 0.101256 0.501708 255 0 0
0.183924 0.103166 0.506708 255 0 0
0.182015 0.098166 0.503618 255 0 0
0.175834 0.098166 0.503618 255 0 0
0.178924 0.096256 0.498618 255 0 0
0.175834 0.098166 0.493618 255 0 0
0.182015 0.098166 0.493618 255 0 0
0.183924 0.103166 0.490527 255 0 0
0.187015 0.101256 0.495527 255 0 0
0.188924 0.106256 0.498618 255 0 0
0.083399 -0.082183 0.477434 255 0 0
0.093913 -0.082183 0.477434 255 0 0
0.083399 -0.099196 0.477434 255 0 0
0.093913 -0.099196 0.477434 255 0 0
0.088656 -0.095947 0.485941 255 0 0
0.088656 -0.085432 0.485941 255 0 0
0.088656 -0.095947 0.468928 255 0 0
0.088656 -0.085432 0.468928 255 0 0
0.097162 -0.090690 0.472177 255 0 0
0.097162 -0.090690 0.482692 255 0 0
0.080149 -0.090690 0.472177 255 0 0
0.080149 -0.090690 0.482692 255 0 0
0.080566 -0.085690 0.480524 255 0 0
0.083656 -0.087600 0.485524 255 0 0
0.085566 -0.082600 0.482434 255 0 0
0.091746 -0.082600 0.482434 255 0 0
0.088656 -0.080690 0.477434 255 0 0
0.091746 -0.082600 0.472434 255 0 0
0.085566 -0.082600 0.472434 255 0 0
0.083656 -0.087600 0.469344 255 0 0
0.080566 -0.085690 0.474344 255 0 0
0.078656 -0.090690 0.477434 255 0 0
0.093656 -0.087600 0.485524 255 0 0
0.096746 -0.085690 0.480524 255 0 0
0.083656 -0.093780 0.485524 255 0 0
0.088656 -0.090690 0.487434 255 0 0
0.080566 -0.095690 0.474344 255 0 0
0.080566 -0.095690 0.480524 255 0 0
0.088656 -0.090690 0.467434 255 0 0
0.083656 -0.093780 0.469344 255 0 0
0.096746 -0.085690 0.474344 255 0 0
0.093656 -0.087600 0.469344 255 0 0
0.096746 -0.095690 0.480524 255 0 0
0.093656 -0.093780 0.485524 255 0 0
0.091746 -0.098780 0.482434 255 0 0
0.085566 -0.098780 0.482434 255 0 0
0.088656 -0.100690 0.477434 255 0 0
0.085566 -0.098780 0.472434 255 0 0
0.091746 -0.098780 0.472434 255 0 0
0.093656 -0.093780 0.469344 255 0 0
0.096746 -0.095690 0.474344 255 0 0
0.098656 -0.090690 0.477434 255 0 0
0.088745 -0.094529 0.478822 255 0 0
0.099260 -0.094529 0.478822 255 0 0
0.088745 -0.111542 0.478822 255 0 0
0.099260 -0.111542 0.478822 255 0 0
0.094002 -0.108293 0.487328 255 0 0
0.094002 -0.097778 0.487328 255 0 0
0.094002 -0.108293 0.470315 255 0 0
0.094002 -0.097778 0.470315 255 0 0
0.102509 -0.103035 0.473564 255 0 0
0.102509 -0.103035 0.484079 255 0 0
0.085496 -0.103035 0.473564 255 0 0
0.085496 -0.103035 0.484079 255 0 0
0.085912 -0.098035 0.481912 255 0 0
0.089002 -0.099945 0.486912 255 0 0
0.090912 -0.094945 0.483822 255 0 0
0.097092 -0.094945 0.483822 255 0 0
0.094002 -0.093035 0.478822 255 0 0
0.097092 -0.094945 0.473822 255 0 0
0.090912 -0.094945 0.473822 255 0 0
0.089002 -0.099945 0.470731 255 0 0
0.085912 -0.098035 0.475731 255 0 0
0.084002 -0.103035 0.478822 255 0 0
0.099002 -0.099945 0.486912 255 0 0
0.102092 -0.098035 0.481912 255 0 0
0.089002 -0.106126 0.486912 255 0 0
0.094002 -0.103035 0.488822 255 0 0
0.085912 -0.108035 0.475731 255 0 0
0.085912 -0.108035 0.481912 255 0 0
0.094002 -0.103035 0.468822 255 0 0
0.089002 -0.106126 0.470731 255 0 0
0.102092 -0.098035 0.475731 255 0 0
0.099002 -0.099945 0.470731 255 0 0
0.102092 -0.108035 0.481912 255 0 0
0.099002 -0.106126 0.486912 255 0 0
0.097092 -0.111126 0.483822 255 0 0
0.090912 -0.111126 0.483822 255 0 0
0.094002 -0.113035 0.478822 255 0 0
0.090912 -0.111126 0.473822 255 0 0
0.097092 -0.111126 0.473822 255 0 0
0.099002 -0.106126 0.470731 255 0 0
0.102092 -0.108035 0.475731 255 0 0
0.104002 -0.103035 0.478822 255 0 0
0.212945 0.120319 0.538662 255 0 0
0.223459 0.120319 0.538662 255 0 0
0.212945 0.103306 0.538662 255 0 0
0.223459 0.103306 0.538662 255 0 0
0.218202 0.106555 0.547169 255 0 0
0.218202 0.117069 0.547169 255 0 0
0.218202 0.106555 0.530156 255 0 0
0.218202 0.117069 0.530156 255 0 0
0.226708 0.111812 0.533405 255 0 0
0.226708 0.111812 0.543920 255 0 0
0.209695 0.111812 0.533405 255 0 0
0.209695 0.111812 0.543920 255 0 0
0.210112 0.116812 0.541752 255 0 0
0.213202 0.114902 0.546752 255 0 0
0.215112 0.119902 0.543662 255 0 0
0.221292 0.119902 0.543662 255 0 0
0.218202 0.121812 0.538662 255 0 0
0.221292 0.119902 0.533662 255 0 0
0.215112 0.119902 0.533662 255 0 0
0.213202 0.114902 0.530572 255 0 0
0.210112 0.116812 0.535572 255 0 0
0.208202 0.111812 0.538662 255 0 0
0.223202 0.114902 0.546752 255 0 0
0.226292 0.116812 0.541752 255 0 0
0.213202 0.108722 0.546752 255 0 0
0.218202 0.111812 0.548662 255 0 0
0.210112 0.106812 0.535572 255 0 0
0.210112 0.106812 0.541752 255 0 0
0.218202 0.111812 0.528662 255 0 0
0.213202 0.108722 0.530572 255 0 0
0.226292 0.116812 0.535572 255 0 0
0.223202 0.114902 0.530572 255 0 0
0.226292 0.106812 0.541752 255 0 0
0.223202 0.108722 0.546752 255 0 0
0.221292 0.103722 0.543662 255 0 0
0.215112 0.103722 0.543662 255 0 0
0.218202 0.101812 0.538662 255 0 0
0.215112 0.103722 0.533662 255 0 0
0.221292 0.103722 0.533662 255 0 0
0.223202 0.108722 0.530572 255 0 0
0.226292 0.106812 0.535572 255 0 0
0.228202 0.111812 0.538662 255 0 0
0.180121 0.122935 0.498004 255 0 0
0.190636 0.122935 0.498004 255 0 0
0.180121 0.105922 0.498004 255 0 0
0.190636 0.105922 0.498004 255 0 0
0.185378 0.109171 0.506511 255 0 0
0.185378 0.119686 0.506511 255 0 0
0.185378 0.109171 0.489498 255 0 0
0.185378 0.119686 0.489498 255 0 0
0.193885 0.114428 0.492747 255 0 0
0.193885 0.114428 0.503262 255 0 0
0.176872 0.114428 0.492747 255 0 0
0.176872 0.114428 0.503262 255 0 0
0.177288 0.119428 0.501094 255 0 0
0.180378 0.117518 0.506094 255 0 0
0.182288 0.122518 0.503004 255 0 0
0.188469 0.122518 0.503004 255 0 0
0.185378 0.124428 0.498004 255 0 0
0.188469 0.122518 0.493004 255 0 0
0.182288 0.122518 0.493004 255 0 0
0.180378 0.117518 0.489914 255 0 0
0.177288 0.119428 0.494914 255 0 0
0.175378 0.114428 0.498004 255 0 0
0.190378 0.117518 0.506094 255 0 0
0.193469 0.119428 0.501094 255 0 0
0.180378 0.111338 0.506094 255 0 0
0.185378 0.114428 0.508004 255 0 0
0.177288 0.109428 0.494914 255 0 0
0.177288 0.109428 0.501094 255 0 0
0.185378 0.114428 0.488004 255 0 0
0.180378 0.111338 0.489914 255 0 0
0.193469 0.119428 0.494914 255 0 0
0.190378 0.117518 0.489914 255 0 0
0.193469 0.109428 0.501094 255 0 0
0.190378 0.111338 0.506094 255 0 0
0.188469 0.106338 0.503004 255 0 0
0.182288 0.106338 0.503004 255 0 0
0.185378 0.104428 0.498004 255 0 0
0.182288 0.106338 0.493004 255 0 0
0.188469 0.106338 0.493004 255 0 0
0.190378 0.111338 0.489914 255 0 0
0.193469 0.109428 0.494914 255 0 0
0.195378 0.114428 0.498004 255 0 0
0.179152 0.117414 0.502037 255 0 0
0.189667 0.117414 0.502037 255 0 0
0.179152 0.100401 0.502037 255 0 0
0.189667 0.100401 0.502037 255 0 0
0.184410 0.103650 0.510544 255 0 0
0.184410 0.114165 0.510544 255 0 0
0.184410 0.103650 0.493531 255 0 0
0.184410 0.114165 0.493531 255 0 0
0.192916 0.108907 0.496780 255 0 0
0.192916 0.108907 0.507294 255 0 0
0.175903 0.108907 0.496780 255 0 0
0.175903 0.108907 0.507294 255 0 0
0.176320 0.113907 0.505127 255 0 0
0.179410 0.111998 0.510127 255 0 0
0.181320 0.116998 0.507037 255 0 0
0.187500 0.116998 0.507037 255 0 0
0.184410 0.118907 0.502037 255 0 0
0.187500 0.116998 0.497037 255 0 0
0.181320 0.116998 0.497037 255 0 0
0.179410 0.111998 0.493947 255 0 0
0.176320 0.113907 0.498947 255 0 0
0.174410 0.108907 0.502037 255 0 0
0.189410 0.111998 0.510127 255 0 0
0.192500 0.113907 0.505127 255 0 0
0.179410 0.105817 0.510127 255 0 0
0.184410 0.108907 0.512037 255 0 0
0.176320 0.103907 0.498947 255 0 0
0.176320 0.103907 0.505127 255 0 0
0.184410 0.108907 0.492037 255 0 0
0.179410 0.105817 0.493947 255 0 0
0.192500 0.113907 0.498947 255 0 0
0.189410 0.111998 0.493947 255 0 0
0.192500 0.103907 0.505127 255 0 0
0.189410 0.105817 0.510127 255 0 0
0.187500 0.100817 0.507037 255 0 0
0.181320 0.100817 0.507037 255 0 0
0.184410 0.098907 0.502037 255 0 0
0.181320 0.100817 0.497037 255 0 0
0.187500 0.100817 0.497037 255 0 0
0.189410 0.105817 0.493947 255 0 0
0.192500 0.103907 0.498947 255 0 0
0.194410 0.108907 0.502037 255 0 0
0.093649 0.017844 0.447903 255 0 0
0.104164 0.017844 0.447903 255 0 0
0.093649 0.000831 0.447903 255 0 0
0.104164 0.000831 0.447903 255 0 0
0.098906 0.004080 0.456409 255 0 0
0.098906 0.014594 0.456409 255 0 0
0.098906 0.004080 0.439396 255 0 0
0.098906 0.014594 0.439396 255 0 0
0.107413 0.009337 0.442646 255 0 0
0.107413 0.009337 0.453160 255 0 0
0.090400 0.009337 0.442646 255 0 0
0.090400 0.009337 0.453160 255 0 0
0.090816 0.014337 0.450993 255 0 0
0.093906 0.012427 0.455993 255 0 0
0.095816 0.017427 0.452903 255 0 0
0.101997 0.017427 0.452903 255 0 0
0.098906 0.019337 0.447903 255 0 0
0.101997 0.017427 0.442903 255 0 0
0.095816 0.017427 0.442903 255 0 0
0.093906 0.012427 0.439813 255 0 0
0.090816 0.014337 0.444813 255 0 0
0.088906 0.009337 0.447903 255 0 0
0.103906 0.012427 0.455993 255 0 0
0.106997 0.014337 0.450993 255 0 0
0.093906 0.006247 0.455993 255 0 0
0.098906 0.009337 0.457903 255 0 0
0.090816 0.004337 0.444813 255 0 0
0.090816 0.004337 0.450993 255 0 0
0.098906 0.009337 0.437903 255 0 0
0.093906 0.006247 0.439813 255 0 0
0.106997 0.014337 0.444813 255 0 0
0.103906 0.012427 0.439813 255 0 0
0.106997 0.004337 0.450993 255 0 0
0.103906 0.006247 0.455993 255 0 0
0.101997 0.001247 0.452903 255 0 0
0.095816 0.001247 0.452903 255 0 0
0.098906 -0.000663 0.447903 255 0 0
0.095816 0.001247 0.442903 255 0 0
0.101997 0.001247 0.442903 255 0 0
0.103906 0.006247 0.439813 255 0 0
0.106997 0.004337 0.444813 255 0 0
0.108906 0.009337 0.447903 255 0 0
0.082763 0.024985 0.446189 255 0 0
0.093277 0.024985 0.446189 255 0 0
0.082763 0.007972 0.446189 255 0 0
0.093277 0.007972 0.446189 255 0 0
0.088020 0.011221 0.454696 255 0 0
0.088020 0.021736 0.454696 255 0 0
0.088020 0.011221 0.437683 255 0 0
0.088020 0.021736 0.437683 255 0 0
0.096526 0.016479 0.440932 255 0 0
0.096526 0.016479 0.451447 255 0 0
0.079513 0.016479 0.440932 255 0 0
0.079513 0.016479 0.451447 255 0 0
0.079930 0.021479 0.449280 255 0 0
0.083020 0.019569 0.454280 255 0 0
0.084930 0.024569 0.451189 255 0 0
0.091110 0.024569 0.451189 255 0 0
0.088020 0.026479 0.446189 255 0 0
0.091110 0.024569 0.441189 255 0 0
0.084930 0.024569 0.441189 255 0 0
0.083020 0.019569 0.438099 255 0 0
0.079930 0.021479 0.443099 255 0 0
0.078020 0.016479 0.446189 255 0 0
0.093020 0.019569 0.454280 255 0 0
0.096110 0.021479 0.449280 255 0 0
0.083020 0.013388 0.454280 255 0 0
0.088020 0.016479 0.456189 255 0 0
0.079930 0.011479 0.443099 255 0 0
0.079930 0.011479 0.449280 255 0 0
0.088020 0.016479 0.436190 255 0 0
0.083020 0.013388 0.438099 255 0 0
0.096110 0.021479 0.443099 255 0 0
0.093020 0.019569 0.438099 255 0 0
0.096110 0.011479 0.449280 255 0 0
0.093020 0.013388 0.454280 255 0 0
0.091110 0.008388 0.451189 255 0 0
0.084930 0.008388 0.451189 255 0 0
0.088020 0.006479 0.446189 255 0 0
0.084930 0.008388 0.441189 255 0 0
0.091110 0.008388 0.441189 255 0 0
0.093020 0.013388 0.438099 255 0 0
0.096110 0.011479 0.443099 255 0 0
0.098020 0.016479 0.446189 255 0 0
0.157278 0.015090 0.489319 255 0 0
0.167793 0.015090 0.489319 255 0 0
0.157278 -0.001923 0.489319 255 0 0
0.167793 -0.001923 0.489319 255 0 0
0.162536 0.001326 0.497826 255 0 0
0.162536 0.011841 0.497826 255 0 0
0.162536 0.001326 0.480813 255 0 0
0.162536 0.011841 0.480813 255 0 0
0.171042 0.006584 0.484062 255 0 0
0.171042 0.006584 0.494577 255 0 0
0.154029 0.006584 0.484062 255 0 0
0.154029 0.006584 0.494577 255 0 0
0.154446 0.011584 0.492409 255 0 0
0.157536 0.009674 0.497409 255 0 0
0.159446 0.014674 0.494319 255 0 0
0.165626 0.014674 0.494319 255 0 0
0.162536 0.016584 0.489319 255 0 0
0.165626 0.014674 0.484319 255 0 0
0.159446 0.014674 0.484319 255 0 0
0.157536 0.009674 0.481229 255 0 0
0.154446 0.011584 0.486229 255 0 0
0.152536 0.006584 0.489319 255 0 0
0.167536 0.009674 0.497409 255 0 0
0.170626 0.011584 0.492409 255 0 0
0.157536 0.003493 0.497409 255 0 0
0.162536 0.006584 0.499319 255 0 0
0.154446 0.001584 0.486229 255 0 0
0.154446 0.001584 0.492409 255 0 0
0.162536 0.006584 0.479319 255 0 0
0.157536 0.003493 0.481229 255 0 0
0.170626 0.011584 0.486229 255 0 0
0.167536 0.009674 0.481229 255 0 0
0.170626 0.001584 0.492409 255 0 0
0.167536 0.003493 0.497409 255 0 0
0.165626 -0.001507 0.494319 255 0 0
0.159446 -0.001507 0.494319 255 0 0
0.162536 -0.003416 0.489319 255 0 0
0.159446 -0.001507 0.484319 255 0 0
0.165626 -0.001507 0.484319 255 0 0
0.167536 0.003493 0.481229 255 0 0
0.170626 0.001584 0.486229 255 0 0
0.172536 0.006584 0.489319 255 0 0
0.156389 0.024112 0.483676 255 0 0
0.166904 0.024112 0.483676 255 0 0
0.156389 0.007099 0.483676 255 0 0
0.166904 0.007099 0.483676 255 0 0
0.161646 0.010348 0.492183 255 0 0
0.161646 0.020863 0.492183 255 0 0
0.161646 0.010348 0.475170 255 0 0
0.161646 0.020863 0.475170 255 0 0
0.170153 0.015605 0.478419 255 0 0
0.170153 0.015605 0.488934 255 0 0
0.153140 0.015605 0.478419 255 0 0
0.153140 0.015605 0.488934 255 0 0
0.153556 0.020605 0.486767 255 0 0
0.156646 0.018695 0.491767 255 0 0
0.158556 0.023695 0.488676 255 0 0
0.164737 0.023695 0.488676 255 0 0
0.161646 0.025605 0.483676 255 0 0
0.164737 0.023695 0.478676 255 0 0
0.158556 0.023695 0.478676 255 0 0
0.156646 0.018695 0.475586 255 0 0
0.153556 0.020605 0.480586 255 0 0
0.151646 0.015605 0.483676 255 0 0
0.166646 0.018695 0.491767 255 0 0
0.169737 0.020605 0.486767 255 0 0
0.156646 0.012515 0.491767 255 0 0
0.161646 0.015605 0.493676 255 0 0
0.153556 0.010605 0.480586 255 0 0
0.153556 0.010605 0.486767 255 0 0
0.161646 0.015605 0.473676 255 0 0
0.156646 0.012515 0.475586 255 0 0
0.169737 0.020605 0.480586 255 0 0
0.166646 0.018695 0.475586 255 0 0
0.169737 0.010605 0.486767 255 0 0
0.166646 0.012515 0.491767 255 0 0
0.164737 0.007515 0.488676 255 0 0
0.158556 0.007515 0.488676 255 0 0
0.161646 0.005605 0.483676 255 0 0
0.158556 0.007515 0.478676 255 0 0
0.164737 0.007515 0.478676 255 0 0
0.166646 0.012515 0.475586 255 0 0
0.169737 0.010605 0.480586 255 0 0
0.171646 0.015605 0.483676 255 0 0
0.102230 0.052682 0.454484 255 0 0
0.112745 0.052682 0.454484 255 0 0
0.102230 0.035669 0.454484 255 0 0
0.112745 0.035669 0.454484 255 0 0
0.107487 0.038918 0.462991 255 0 0
0.107487 0.049433 0.462991 255 0 0
0.107487 0.038918 0.445978 255 0 0
0.107487 0.049433 0.445978 255 0 0
0.115994 0.044175 0.449227 255 0 0
0.115994 0.044175 0.459741 255 0 0
0.098981 0.044175 0.449227 255 0 0
0.098981 0.044175 0.459741 255 0 0
0.099397 0.049175 0.457574 255 0 0
0.102487 0.047266 0.462574 255 0 0
0.104397 0.052266 0.459484 255 0 0
0.110578 0.052266 0.459484 255 0 0
0.107487 0.054175 0.454484 255 0 0
0.110578 0.052266 0.449484 255 0 0
0.104397 0.052266 0.449484 255 0 0
0.102487 0.047266 0.446394 255 0 0
0.099397 0.049175 0.451394 255 0 0
0.097487 0.044175 0.454484 255 0 0
0.112487 0.047266 0.462574 255 0 0
0.115578 0.049175 0.457574 255 0 0
0.102487 0.041085 0.462574 255 0 0
0.107487 0.044175 0.464484 255 0 0
0.099397 0.039175 0.451394 255 0 0
0.099397 0.039175 0.457574 255 0 0
0.107487 0.044175 0.444484 255 0 0
0.102487 0.041085 0.446394 255 0 0
0.115578 0.049175 0.451394 255 0 0
0.112487 0.047266 0.446394 255 0 0
0.115578 0.039175 0.457574 255 0 0
0.112487 0.041085 0.462574 255 0 0
0.110578 0.036085 0.459484 255 0 0
0.104397 0.036085 0.459484 255 0 0
0.107487 0.034175 0.454484 255 0 0
0.104397 0.036085 0.449484 255 0 0
0.110578 0.036085 0.449484 255 0 0
0.112487 0.041085 0.446394 255 0 0
0.115578 0.039175 0.451394 255 0 0
0.117487 0.044175 0.454484 255 0 0
0.109189 0.039402 0.459907 255 0 0
0.119703 0.039402 0.459907 255 0 0
0.109189 0.022389 0.459907 255 0 0
0.119703 0.022389 0.459907 255 0 0
0.114446 0.025638 0.468414 255 0 0
0.114446 0.036153 0.468414 255 0 0
0.114446 0.025638 0.451401 255 0 0
0.114446 0.036153 0.451401 255 0 0
0.122952 0.030895 0.454650 255 0 0
0.122952 0.030895 0.465165 255 0 0
0.105939 0.030895 0.454650 255 0 0
0.105939 0.030895 0.465165 255 0 0
0.106356 0.035895 0.462998 255 0 0
0.109446 0.033985 0.467998 255 0 0
0.111356 0.038985 0.464907 255 0 0
0.117536 0.038985 0.464907 255 0 0
0.114446 0.040895 0.459907 255 0 0
0.117536 0.038985 0.454907 255 0 0
0.111356 0.038985 0.454907 255 0 0
0.109446 0.033985 0.451817 255 0 0
0.106356 0.035895 0.456817 255 0 0
0.104446 0.030895 0.459907 255 0 0
0.119446 0.033985 0.467998 255 0 0
0.122536 0.035895 0.462998 255 0 0
0.109446 0.027805 0.467998 255 0 0
0.114446 0.030895 0.469907 255 0 0
0.106356 0.025895 0.456817 255 0 0
0.106356 0.025895 0.462998 255 0 0
0.114446 0.030895 0.449907 255 0 0
0.109446 0.027805 0.451817 255 0 0
0.122536 0.035895 0.456817 255 0 0
0.119446 0.033985 0.451817 255 0 0
0.122536 0.025895 0.462998 255 0 0
0.119446 0.027805 0.467998 255 0 0
0.117536 0.022805 0.464907 255 0 0
0.111356 0.022805 0.464907 255 0 0
0.114446 0.020895 0.459907 255 0 0
0.111356 0.022805 0.454907 255 0 0
0.117536 0.022805 0.454907 255 0 0
0.119446 0.027805 0.451817 255 0 0
0.122536 0.025895 0.456817 255 0 0
0.124446 0.030895 0.459907 255 0 0
0.169006 0.037663 0.498270 255 0 0
0.179520 0.037663 0.498270 255 0 0
0.169006 0.020650 0.498270 255 0 0
0.179520 0.020650 0.498270 255 0 0
0.174263 0.023899 0.506776 255 0 0
0.174263 0.034414 0.506776 255 0 0
0.174263 0.023899 0.489763 255 0 0
0.174263 0.034414 0.489763 255 0 0
0.182770 0.029156 0.493012 255 0 0
0.182770 0.029156 0.503527 255 0 0
0.165757 0.029156 0.493012 255 0 0
0.165757 0.029156 0.503527 255 0 0
0.166173 0.034156 0.501360 255 0 0
0.169263 0.032247 0.506360 255 0 0
0.171173 0.037247 0.503270 255 0 0
0.177353 0.037247 0.503270 255 0 0
0.174263 0.039156 0.498270 255 0 0
0.177353 0.037247 0.493270 255 0 0
0.171173 0.037247 0.493270 255 0 0
0.169263 0.032247 0.490179 255 0 0
0.166173 0.034156 0.495179 255 0 0
0.164263 0.029156 0.498270 255 0 0
0.179263 0.032247 0.506360 255 0 0
0.182353 0.034156 0.501360 255 0 0
0.169263 0.026066 0.506360 255 0 0
0.174263 0.029156 0.508270 255 0 0
0.166173 0.024156 0.495179 255 0 0
0.166173 0.024156 0.501360 255 0 0
0.174263 0.029156 0.488270 255 0 0
0.169263 0.026066 0.490179 255 0 0
0.182353 0.034156 0.495179 255 0 0
0.179263 0.032247 0.490179 255 0 0
0.182353 0.024156 0.501360 255 0 0
0.179263 0.026066 0.506360 255 0 0
0.177353 0.021066 0.503270 255 0 0
0.171173 0.021066 0.503270 255 0 0
0.174263 0.019156 0.498270 255 0 0
0.171173 0.021066 0.493270 255 0 0
0.177353 0.021066 0.493270 255 0 0
0.179263 0.026066 0.490179 255 0 0
0.182353 0.024156 0.495179 255 0 0
0.184263 0.029156 0.498270 255 0 0
0.174188 0.030851 0.509241 255 0 0
0.184702 0.030851 0.509241 255 0 0
0.174188 0.013838 0.509241 255 0 0
0.184702 0.013838 0.509241 255 0 0
0.179445 0.017087 0.517747 255 0 0
0.179445 0.027602 0.517747 255 0 0
0.179445 0.017087 0.500734 255 0 0
0.179445 0.027602 0.500734 255 0 0
0.187951 0.022344 0.503983 255 0 0
0.187951 0.022344 0.514498 255 0 0
0.170938 0.022344 0.503983 255 0 0
0.170938 0.022344 0.514498 255 0 0
0.171355 0.027344 0.512331 255 0 0
0.174445 0.025435 0.517331 255 0 0
0.176355 0.030435 0.514241 255 0 0
0.182535 0.030435 0.514241 255 0 0
0.179445 0.032344 0.509241 255 0 0
0.182535 0.030435 0.504241 255 0 0
0.176355 0.030435 0.504241 255 0 0
0.174445 0.025435 0.501150 255 0 0
0.171355 0.027344 0.506150 255 0 0
0.169445 0.022344 0.509241 255 0 0
0.184445 0.025435 0.517331 255 0 0
0.187535 0.027344 0.512331 255 0 0
0.174445 0.019254 0.517331 255 0 0
0.179445 0.022344 0.519241 255 0 0
0.171355 0.017344 0.506150 255 0 0
0.171355 0.017344 0.512331 255 0 0
0.179445 0.022344 0.499241 255 0 0
0.174445 0.019254 0.501150 255 0 0
0.187535 0.027344 0.506150 255 0 0
0.184445 0.025435 0.501150 255 0 0
0.187535 0.017344 0.512331 255 0 0
0.184445 0.019254 0.517331 255 0 0
0.182535 0.014254 0.514241 255 0 0
0.176355 0.014254 0.514241 255 0 0
0.179445 0.012344 0.509241 255 0 0
0.176355 0.014254 0.504241 255 0 0
0.182535 0.014254 0.504241 255 0 0
0.184445 0.019254 0.501150 255 0 0
0.187535 0.017344 0.506150 255 0 0
0.189445 0.022344 0.509241 255 0 0
0.140915 0.067509 0.473758 255 0 0
0.151429 0.067509 0.473758 255 0 0
0.140915 0.050496 0.473758 255 0 0
0.151429 0.050496 0.473758 255 0 0
0.146172 0.053745 0.482265 255 0 0
0.146172 0.064260 0.482265 255 0 0
0.146172 0.053745 0.465252 255 0 0
0.146172 0.064260 0.465252 255 0 0
0.154679 0.059002 0.468501 255 0 0
0.154679 0.059002 0.479015 255 0 0
0.137666 0.059002 0.468501 255 0 0
0.137666 0.059002 0.479015 255 0 0
0.138082 0.064002 0.476848 255 0 0
0.141172 0.062092 0.481848 255 0 0
0.143082 0.067092 0.478758 255 0 0
0.149262 0.067092 0.478758 255 0 0
0.146172 0.069002 0.473758 255 0 0
0.149262 0.067092 0.468758 255 0 0
0.143082 0.067092 0.468758 255 0 0
0.141172 0.062092 0.465668 255 0 0
0.138082 0.064002 0.470668 255 0 0
0.136172 0.059002 0.473758 255 0 0
0.151172 0.062092 0.481848 255 0 0
0.154262 0.064002 0.476848 255 0 0
0.141172 0.055912 0.481848 255 0 0
0.146172 0.059002 0.483758 255 0 0
0.138082 0.054002 0.470668 255 0 0
0.138082 0.054002 0.476848 255 0 0
0.146172 0.059002 0.463758 255 0 0
0.141172 0.055912 0.465668 255 0 0
0.154262 0.064002 0.470668 255 0 0
0.151172 0.062092 0.465668 255 0 0
0.154262 0.054002 0.476848 255 0 0
0.151172 0.055912 0.481848 255 0 0
0.149262 0.050912 0.478758 255 0 0
0.143082 0.050912 0.478758 255 0 0
0.146172 0.049002 0.473758 255 0 0
0.143082 0.050912 0.468758 255 0 0
0.149262 0.050912 0.468758 255 0 0
0.151172 0.055912 0.465668 255 0 0
0.154262 0.054002 0.470668 255 0 0
0.156172 0.059002 0.473758 255 0 0
0.144487 0.080152 0.465458 255 0 0
0.155002 0.080152 0.465458 255 0 0
0.144487 0.063139 0.465458 255 0 0
0.155002 0.063139 0.465458 255 0 0
0.149744 0.066388 0.473964 255 0 0
0.149744 0.076902 0.473964 255 0 0
0.149744 0.066388 0.456951 255 0 0
0.149744 0.076902 0.456951 255 0 0
0.158251 0.071645 0.460200 255 0 0
0.158251 0.071645 0.470715 255 0 0
0.141238 0.071645 0.460200 255 0 0
0.141238 0.071645 0.470715 255 0 0
0.141654 0.076645 0.468548 255 0 0
0.144744 0.074735 0.473548 255 0 0
0.146654 0.079735 0.470458 255 0 0
0.152835 0.079735 0.470458 255 0 0
0.149744 0.081645 0.465458 255 0 0
0.152835 0.079735 0.460458 255 0 0
0.146654 0.079735 0.460458 255 0 0
0.144744 0.074735 0.457368 255 0 0
0.141654 0.076645 0.462368 255 0 0
0.139744 0.071645 0.465458 255 0 0
0.154744 0.074735 0.473548 255 0 0
0.157835 0.076645 0.468548 255 0 0
0.144744 0.068555 0.473548 255 0 0
0.149744 0.071645 0.475458 255 0 0
0.141654 0.066645 0.462368 255 0 0
0.141654 0.066645 0.468548 255 0 0
0.149744 0.071645 0.455458 255 0 0
0.144744 0.068555 0.457368 255 0 0
0.157835 0.076645 0.462368 255 0 0
0.154744 0.074735 0.457368 255 0 0
0.157835 0.066645 0.468548 255 0 0
0.154744 0.068555 0.473548 255 0 0
0.152835 0.063555 0.470458 255 0 0
0.146654 0.063555 0.470458 255 0 0
0.149744 0.061645 0.465458 255 0 0
0.146654 0.063555 0.460458 255 0 0
0.152835 0.063555 0.460458 255 0 0
0.154744 0.068555 0.457368 255 0 0
0.157835 0.066645 0.462368 255 0 0
0.159744 0.071645 0.465458 255 0 0
0.154212 0.099050 0.479783 255 0 0
0.164726 0.099050 0.479783 255 0 0
0.154212 0.082037 0.479783 255 0 0
0.164726 0.082037 0.479783 255 0 0
0.159469 0.085286 0.488290 255 0 0
0.159469 0.095801 0.488290 255 0 0
0.159469 0.085286 0.471277 255 0 0
0.159469 0.095801 0.471277 255 0 0
0.167975 0.090543 0.474526 255 0 0
0.167975 0.090543 0.485041 255 0 0
0.150962 0.090543 0.474526 255 0 0
0.150962 0.090543 0.485041 255 0 0
0.151379 0.095543 0.482873 255 0 0
0.154469 0.093634 0.487873 255 0 0
0.156379 0.098634 0.484783 255 0 0
0.162559 0.098634 0.484783 255 0 0
0.159469 0.100543 0.479783 255 0 0
0.162559 0.098634 0.474783 255 0 0
0.156379 0.098634 0.474783 255 0 0
0.154469 0.093634 0.471693 255 0 0
0.151379 0.095543 0.476693 255 0 0
0.149469 0.090543 0.479783 255 0 0
0.164469 0.093634 0.487873 255 0 0
0.167559 0.095543 0.482873 255 0 0
0.154469 0.087453 0.487873 255 0 0
0.159469 0.090543 0.489783 255 0 0
0.151379 0.085543 0.476693 255 0 0
0.151379 0.085543 0.482873 255 0 0
0.159469 0.090543 0.469783 255 0 0
0.154469 0.087453 0.471693 255 0 0
0.167559 0.095543 0.476693 255 0 0
0.164469 0.093634 0.471693 255 0 0
0.167559 0.085543 0.482873 255 0 0
0.164469 0.087453 0.487873 255 0 0
0.162559 0.082453 0.484783 255 0 0
0.156379 0.082453 0.484783 255 0 0
0.159469 0.080543 0.479783 255 0 0
0.156379 0.082453 0.474783 255 0 0
0.162559 0.082453 0.474783 255 0 0
0.164469 0.087453 0.471693 255 0 0
0.167559 0.085543 0.476693 255 0 0
0.169469 0.090543 0.479783 255 0 0
0.151212 0.111530 0.479443 255 0 0
0.161727 0.111530 0.479443 255 0 0
0.151212 0.094517 0.479443 255 0 0
0.161727 0.094517 0.479443 255 0 0
0.156469 0.097766 0.487950 255 0 0
0.156469 0.108281 0.487950 255 0 0
0.156469 0.097766 0.470937 255 0 0
0.156469 0.108281 0.470937 255 0 0
0.164976 0.103024 0.474186 255 0 0
0.164976 0.103024 0.484700 255 0 0
0.147963 0.103024 0.474186 255 0 0
0.147963 0.103024 0.484700 255 0 0
0.148379 0.108024 0.482533 255 0 0
0.151469 0.106114 0.487533 255 0 0
0.153379 0.111114 0.484443 255 0 0
0.159560 0.111114 0.484443 255 0 0
0.156469 0.113024 0.479443 255 0 0
0.159560 0.111114 0.474443 255 0 0
0.153379 0.111114 0.474443 255 0 0
0.151469 0.106114 0.471353 255 0 0
0.148379 0.108024 0.476353 255 0 0
0.146469 0.103024 0.479443 255 0 0
0.161469 0.106114 0.487533 255 0 0
0.164560 0.108024 0.482533 255 0 0
0.151469 0.099933 0.487533 255 0 0
0.156469 0.103024 0.489443 255 0 0
0.148379 0.098024 0.476353 255 0 0
0.148379 0.098024 0.482533 255 0 0
0.156469 0.103024 0.469443 255 0 0
0.151469 0.099933 0.471353 255 0 0
0.164560 0.108024 0.476353 255 0 0
0.161469 0.106114 0.471353 255 0 0
0.164560 0.098024 0.482533 255 0 0
0.161469 0.099933 0.487533 255 0 0
0.159560 0.094933 0.484443 255 0 0
0.153379 0.094933 0.484443 255 0 0
0.156469 0.093024 0.479443 255 0 0
0.153379 0.094933 0.474443 255 0 0
0.159560 0.094933 0.474443 255 0 0
0.161469 0.099933 0.471353 255 0 0
0.164560 0.098024 0.476353 255 0 0
0.166469 0.103024 0.479443 255 0 0
0.139506 0.042681 0.474735 255 0 0
0.150021 0.042681 0.474735 255 0 0
0.139506 0.025668 0.474735 255 0 0
0.150021 0.025668 0.474735 255 0 0
0.144763 0.028917 0.483241 255 0 0
0.144763 0.039432 0.483241 255 0 0
0.144763 0.028917 0.466228 255 0 0
0.144763 0.039432 0.466228 255 0 0
0.153270 0.034175 0.469477 255 0 0
0.153270 0.034175 0.479992 255 0 0
0.136257 0.034175 0.469477 255 0 0
0.136257 0.034175 0.479992 255 0 0
0.136673 0.039175 0.477825 255 0 0
0.139763 0.037265 0.482825 255 0 0
0.141673 0.042265 0.479735 255 0 0
0.147853 0.042265 0.479735 255 0 0
0.144763 0.044175 0.474735 255 0 0
0.147853 0.042265 0.469735 255 0 0
0.141673 0.042265 0.469735 255 0 0
0.139763 0.037265 0.466645 255 0 0
0.136673 0.039175 0.471645 255 0 0
0.134763 0.034175 0.474735 255 0 0
0.149763 0.037265 0.482825 255 0 0
0.152853 0.039175 0.477825 255 0 0
0.139763 0.031085 0.482825 255 0 0
0.144763 0.034175 0.484735 255 0 0
0.136673 0.029175 0.471645 255 0 0
0.136673 0.029175 0.477825 255 0 0
0.144763 0.034175 0.464735 255 0 0
0.139763 0.031085 0.466645 255 0 0
0.152853 0.039175 0.471645 255 0 0
0.149763 0.037265 0.466645 255 0 0
0.152853 0.029175 0.477825 255 0 0
0.149763 0.031085 0.482825 255 0 0
0.147853 0.026085 0.479735 255 0 0
0.141673 0.026085 0.479735 255 0 0
0.144763 0.024175 0.474735 255 0 0
0.141673 0.026085 0.469735 255 0 0
0.147853 0.026085 0.469735 255 0 0
0.149763 0.031085 0.466645 255 0 0
0.152853 0.029175 0.471645 255 0 0
0.154763 0.034175 0.474735 255 0 0
0.150832 0.012713 0.476862 255 0 0
0.161347 0.012713 0.476862 255 0 0
0.150832 -0.004300 0.476862 255 0 0
0.161347 -0.004300 0.476862 255 0 0
0.156090 -0.001051 0.485369 255 0 0
0.156090 0.009464 0.485369 255 0 0
0.156090 -0.001051 0.468356 255 0 0
0.156090 0.009464 0.468356 255 0 0
0.164596 0.004206 0.471605 255 0 0
0.164596 0.004206 0.482119 255 0 0
0.147583 0.004206 0.471605 255 0 0
0.147583 0.004206 0.482119 255 0 0
0.148000 0.009206 0.479952 255 0 0
0.151090 0.007297 0.484952 255 0 0
0.153000 0.012297 0.481862 255 0 0
0.159180 0.012297 0.481862 255 0 0
0.156090 0.014206 0.476862 255 0 0
0.159180 0.012297 0.471862 255 0 0
0.153000 0.012297 0.471862 255 0 0
0.151090 0.007297 0.468772 255 0 0
0.148000 0.009206 0.473772 255 0 0
0.146090 0.004206 0.476862 255 0 0
0.161090 0.007297 0.484952 255 0 0
0.164180 0.009206 0.479952 255 0 0
0.151090 0.001116 0.484952 255 0 0
0.156090 0.004206 0.486862 255 0 0
0.148000 -0.000794 0.473772 255 0 0
0.148000 -0.000794 0.479952 255 0 0
0.156090 0.004206 0.466862 255 0 0
0.151090 0.001116 0.468772 255 0 0
0.164180 0.009206 0.473772 255 0 0
0.161090 0.007297 0.468772 255 0 0
0.164180 -0.000794 0.479952 255 0 0
0.161090 0.001116 0.484952 255 0 0
0.159180 -0.003884 0.481862 255 0 0
0.153000 -0.003884 0.481862 255 0 0
0.156090 -0.005794 0.476862 255 0 0
0.153000 -0.003884 0.471862 255 0 0
0.159180 -0.003884 0.471862 255 0 0
0.161090 0.001116 0.468772 255 0 0
0.164180 -0.000794 0.473772 255 0 0
0.166090 0.004206 0.476862 255 0 0
0.158600 0.001279 0.483047 255 0 0
0.169115 0.001279 0.483047 255 0 0
0.158600 -0.015734 0.483047 255 0 0
0.169115 -0.015734 0.483047 255 0 0
0.163858 -0.012485 0.491553 255 0 0
0.163858 -0.001971 0.491553 255 0 0
0.163858 -0.012485 0.474540 255 0 0
0.163858 -0.001971 0.474540 255 0 0
0.172364 -0.007228 0.477790 255 0 0
0.172364 -0.007228 0.488304 255 0 0
0.155351 -0.007228 0.477790 255 0 0
0.155351 -0.007228 0.488304 255 0 0
0.155767 -0.002228 0.486137 255 0 0
0.158858 -0.004138 0.491137 255 0 0
0.160767 0.000862 0.488047 255 0 0
0.166948 0.000862 0.488047 255 0 0
0.163858 0.002772 0.483047 255 0 0
0.166948 0.000862 0.478047 255 0 0
0.160767 0.000862 0.478047 255 0 0
0.158858 -0.004138 0.474957 255 0 0
0.155767 -0.002228 0.479957 255 0 0
0.153858 -0.007228 0.483047 255 0 0
0.168858 -0.004138 0.491137 255 0 0
0.171948 -0.002228 0.486137 255 0 0
0.158858 -0.010318 0.491137 255 0 0
0.163858 -0.007228 0.493047 255 0 0
0.155767 -0.012228 0.479957 255 0 0
0.155767 -0.012228 0.486137 255 0 0
0.163858 -0.007228 0.473047 255 0 0
0.158858 -0.010318 0.474957 255 0 0
0.171948 -0.002228 0.479957 255 0 0
0.168858 -0.004138 0.474957 255 0 0
0.171948 -0.012228 0.486137 255 0 0
0.168858 -0.010318 0.491137 255 0 0
0.166948 -0.015318 0.488047 255 0 0
0.160767 -0.015318 0.488047 255 0 0
0.163858 -0.017228 0.483047 255 0 0
0.160767 -0.015318 0.478047 255 0 0
0.166948 -0.015318 0.478047 255 0 0
0.168858 -0.010318 0.474957 255 0 0
0.171948 -0.012228 0.479957 255 0 0
0.173858 -0.007228 0.483047 255 0 0
0.158207 0.115067 0.484569 255 0 0
0.168722 0.115067 0.484569 255 0 0
0.158207 0.098054 0.484569 255 0 0
0.168722 0.098054 0.484569 255 0 0
0.163464 0.101303 0.493076 255 0 0
0.163464 0.111818 0.493076 255 0 0
0.163464 0.101303 0.476063 255 0 0
0.163464 0.111818 0.476063 255 0 0
0.171971 0.106560 0.479312 255 0 0
0.171971 0.106560 0.489827 255 0 0
0.154958 0.106560 0.479312 255 0 0
0.154958 0.106560 0.489827 255 0 0
0.155374 0.111560 0.487659 255 0 0
0.158464 0.109650 0.492659 255 0 0
0.160374 0.114650 0.489569 255 0 0
0.166555 0.114650 0.489569 255 0 0
0.163464 0.116560 0.484569 255 0 0
0.166555 0.114650 0.479569 255 0 0
0.160374 0.114650 0.479569 255 0 0
0.158464 0.109650 0.476479 255 0 0
0.155374 0.111560 0.481479 255 0 0
0.153464 0.106560 0.484569 255 0 0
0.168464 0.109650 0.492659 255 0 0
0.171555 0.111560 0.487659 255 0 0
0.158464 0.103470 0.492659 255 0 0
0.163464 0.106560 0.494569 255 0 0
0.155374 0.101560 0.481479 255 0 0
0.155374 0.101560 0.487659 255 0 0
0.163464 0.106560 0.474569 255 0 0
0.158464 0.103470 0.476479 255 0 0
0.171555 0.111560 0.481479 255 0 0
0.168464 0.109650 0.476479 255 0 0
0.171555 0.101560 0.487659 255 0 0
0.168464 0.103470 0.492659 255 0 0
0.166555 0.098470 0.489569 255 0 0
0.160374 0.098470 0.489569 255 0 0
0.163464 0.096560 0.484569 255 0 0
0.160374 0.098470 0.479569 255 0 0
0.166555 0.098470 0.479569 255 0 0
0.168464 0.103470 0.476479 255 0 0
0.171555 0.101560 0.481479 255 0 0
0.173464 0.106560 0.484569 255 0 0
0.142126 0.033766 0.472565 255 0 0
0.152640 0.033766 0.472565 255 0 0
0.142126 0.016753 0.472565 255 0 0
0.152640 0.016753 0.472565 255 0 0
0.147383 0.020002 0.481072 255 0 0
0.147383 0.030517 0.481072 255 0 0
0.147383 0.020002 0.464059 255 0 0
0.147383 0.030517 0.464059 255 0 0
0.155890 0.025260 0.467308 255 0 0
0.155890 0.025260 0.477823 255 0 0
0.138877 0.025260 0.467308 255 0 0
0.138877 0.025260 0.477823 255 0 0
0.139293 0.030260 0.475656 255 0 0
0.142383 0.028350 0.480656 255 0 0
0.144293 0.033350 0.477565 255 0 0
0.150473 0.033350 0.477565 255 0 0
0.147383 0.035260 0.472565 255 0 0
0.150473 0.033350 0.467565 255 0 0
0.144293 0.033350 0.467565 255 0 0
0.142383 0.028350 0.464475 255 0 0
0.139293 0.030260 0.469475 255 0 0
0.137383 0.025260 0.472565 255 0 0
0.152383 0.028350 0.480656 255 0 0
0.155473 0.030260 0.475656 255 0 0
0.142383 0.022169 0.480656 255 0 0
0.147383 0.025260 0.482565 255 0 0
0.139293 0.020260 0.469475 255 0 0
0.139293 0.020260 0.475656 255 0 0
0.147383 0.025260 0.462565 255 0 0
0.142383 0.022169 0.464475 255 0 0
0.155473 0.030260 0.469475 255 0 0
0.152383 0.028350 0.464475 255 0 0
0.155473 0.020260 0.475656 255 0 0
0.152383 0.022169 0.480656 255 0 0
0.150473 0.017169 0.477565 255 0 0
0.144293 0.017169 0.477565 255 0 0
0.147383 0.015260 0.472565 255 0 0
0.144293 0.017169 0.467565 255 0 0
0.150473 0.017169 0.467565 255 0 0
0.152383 0.022169 0.464475 255 0 0
0.155473 0.020260 0.469475 255 0 0
0.157383 0.025260 0.472565 255 0 0
0.163517 0.072166 0.495744 255 0 0
0.174032 0.072166 0.495744 255 0 0
0.163517 0.055153 0.495744 255 0 0
0.174032 0.055153 0.495744 255 0 0
0.168775 0.058402 0.504251 255 0 0
0.168775 0.068917 0.504251 255 0 0
0.168775 0.058402 0.487238 255 0 0
0.168775 0.068917 0.487238 255 0 0
0.177281 0.063660 0.490487 255 0 0
0.177281 0.063660 0.501002 255 0 0
0.160268 0.063660 0.490487 255 0 0
0.160268 0.063660 0.501002 255 0 0
0.160685 0.068660 0.498835 255 0 0
0.163775 0.066750 0.503835 255 0 0
0.165685 0.071750 0.500744 255 0 0
0.171865 0.071750 0.500744 255 0 0
0.168775 0.073660 0.495744 255 0 0
0.171865 0.071750 0.490744 255 0 0
0.165685 0.071750 0.490744 255 0 0
0.163775 0.066750 0.487654 255 0 0
0.160685 0.068660 0.492654 255 0 0
0.158775 0.063660 0.495744 255 0 0
0.173775 0.066750 0.503835 255 0 0
0.176865 0.068660 0.498835 255 0 0
0.163775 0.060569 0.503835 255 0 0
0.168775 0.063660 0.505744 255 0 0
0.160685 0.058660 0.492654 255 0 0
0.160685 0.058660 0.498835 255 0 0
0.168775 0.063660 0.485744 255 0 0
0.163775 0.060569 0.487654 255 0 0
0.176865 0.068660 0.492654 255 0 0
0.173775 0.066750 0.487654 255 0 0
0.176865 0.058660 0.498835 255 0 0
0.173775 0.060569 0.503835 255 0 0
0.171865 0.055569 0.500744 255 0 0
0.165685 0.055569 0.500744 255 0 0
0.168775 0.053660 0.495744 255 0 0
0.165685 0.055569 0.490744 255 0 0
0.171865 0.055569 0.490744 255 0 0
0.173775 0.060569 0.487654 255 0 0
0.176865 0.058660 0.492654 255 0 0
0.178775 0.063660 0.495744 255 0 0
0.177143 0.058955 0.509460 255 0 0
0.187657 0.058955 0.509460 255 0 0
0.177143 0.041942 0.509460 255 0 0
0.187657 0.041942 0.509460 255 0 0
0.182400 0.045191 0.517967 255 0 0
0.182400 0.055706 0.517967 255 0 0
0.182400 0.045191 0.500953 255 0 0
0.182400 0.055706 0.500953 255 0 0
0.190906 0.050449 0.504203 255 0 0
0.190906 0.050449 0.514717 255 0 0
0.173893 0.050449 0.504203 255 0 0
0.173893 0.050449 0.514717 255 0 0
0.174310 0.055449 0.512550 255 0 0
0.177400 0.053539 0.517550 255 0 0
0.179310 0.058539 0.514460 255 0 0
0.185490 0.058539 0.514460 255 0 0
0.182400 0.060449 0.509460 255 0 0
0.185490 0.058539 0.504460 255 0 0
0.179310 0.058539 0.504460 255 0 0
0.177400 0.053539 0.501370 255 0 0
0.174310 0.055449 0.506370 255 0 0
0.172400 0.050449 0.509460 255 0 0
0.187400 0.053539 0.517550 255 0 0
0.190490 0.055449 0.512550 255 0 0
0.177400 0.047358 0.517550 255 0 0
0.182400 0.050449 0.519460 255 0 0
0.174310 0.045449 0.506370 255 0 0
0.174310 0.045449 0.512550 255 0 0
0.182400 0.050449 0.499460 255 0 0
0.177400 0.047358 0.501370 255 0 0
0.190490 0.055449 0.506370 255 0 0
0.187400 0.053539 0.501370 255 0 0
0.190490 0.045449 0.512550 255 0 0
0.187400 0.047358 0.517550 255 0 0
0.185490 0.042358 0.514460 255 0 0
0.179310 0.042358 0.514460 255 0 0
0.182400 0.040449 0.509460 255 0 0
0.179310 0.042358 0.504460 255 0 0
0.185490 0.042358 0.504460 255 0 0
0.187400 0.047358 0.501370 255 0 0
0.190490 0.045449 0.506370 255 0 0
0.192400 0.050449 0.509460 255 0 0
0.193450 0.072379 0.523763 255 0 0
0.203965 0.072379 0.523763 255 0 0
0.193450 0.055366 0.523763 255 0 0
0.203965 0.055366 0.523763 255 0 0
0.198708 0.058616 0.532269 255 0 0
0.198708 0.069130 0.532269 255 0 0
0.198708 0.058616 0.515256 255 0 0
0.198708 0.069130 0.515256 255 0 0
0.207214 0.063873 0.518505 255 0 0
0.207214 0.063873 0.529020 255 0 0
0.190201 0.063873 0.518505 255 0 0
0.190201 0.063873 0.529020 255 0 0
0.190618 0.068873 0.526853 255 0 0
0.193708 0.066963 0.531853 255 0 0
0.195618 0.071963 0.528763 255 0 0
0.201798 0.071963 0.528763 255 0 0
0.198708 0.073873 0.523763 255 0 0
0.201798 0.071963 0.518763 255 0 0
0.195618 0.071963 0.518763 255 0 0
0.193708 0.066963 0.515673 255 0 0
0.190618 0.068873 0.520673 255 0 0
0.188708 0.063873 0.523763 255 0 0
0.203708 0.066963 0.531853 255 0 0
0.206798 0.068873 0.526853 255 0 0
0.193708 0.060783 0.531853 255 0 0
0.198708 0.063873 0.533763 255 0 0
0.190618 0.058873 0.520673 255 0 0
0.190618 0.058873 0.526853 255 0 0
0.198708 0.063873 0.513763 255 0 0
0.193708 0.060783 0.515673 255 0 0
0.206798 0.068873 0.520673 255 0 0
0.203708 0.066963 0.515673 255 0 0
0.206798 0.058873 0.526853 255 0 0
0.203708 0.060783 0.531853 255 0 0
0.201798 0.055783 0.528763 255 0 0
0.195618 0.055783 0.528763 255 0 0
0.198708 0.053873 0.523763 255 0 0
0.195618 0.055783 0.518763 255 0 0
0.201798 0.055783 0.518763 255 0 0
0.203708 0.060783 0.515673 255 0 0
0.206798 0.058873 0.520673 255 0 0
0.208708 0.063873 0.523763 255 0 0
0.195219 0.087601 0.518306 255 0 0
0.205734 0.087601 0.518306 255 0 0
0.195219 0.070588 0.518306 255 0 0
0.205734 0.070588 0.518306 255 0 0
0.200476 0.073837 0.526813 255 0 0
0.200476 0.084352 0.526813 255 0 0
0.200476 0.073837 0.509800 255 0 0
0.200476 0.084352 0.509800 255 0 0
0.208983 0.079094 0.513049 255 0 0
0.208983 0.079094 0.523563 255 0 0
0.191970 0.079094 0.513049 255 0 0
0.191970 0.079094 0.523563 255 0 0
0.192386 0.084094 0.521396 255 0 0
0.195476 0.082184 0.526396 255 0 0
0.197386 0.087184 0.523306 255 0 0
0.203567 0.087184 0.523306 255 0 0
0.200476 0.089094 0.518306 255 0 0
0.203567 0.087184 0.513306 255 0 0
0.197386 0.087184 0.513306 255 0 0
0.195476 0.082184 0.510216 255 0 0
0.192386 0.084094 0.515216 255 0 0
0.190476 0.079094 0.518306 255 0 0
0.205476 0.082184 0.526396 255 0 0
0.208567 0.084094 0.521396 255 0 0
0.195476 0.076004 0.526396 255 0 0
0.200476 0.079094 0.528306 255 0 0
0.192386 0.074094 0.515216 255 0 0
0.192386 0.074094 0.521396 255 0 0
0.200476 0.079094 0.508306 255 0 0
0.195476 0.076004 0.510216 255 0 0
0.208567 0.084094 0.515216 255 0 0
0.205476 0.082184 0.510216 255 0 0
0.208567 0.074094 0.521396 255 0 0
0.205476 0.076004 0.526396 255 0 0
0.203567 0.071004 0.523306 255 0 0
0.197386 0.071004 0.523306 255 0 0
0.200476 0.069094 0.518306 255 0 0
0.197386 0.071004 0.513306 255 0 0
0.203567 0.071004 0.513306 255 0 0
0.205476 0.076004 0.510216 255 0 0
0.208567 0.074094 0.515216 255 0 0
0.210476 0.079094 0.518306 255 0 0
0.199168 0.099840 0.518772 255 0 0
0.209682 0.099840 0.518772 255 0 0
0.199168 0.082827 0.518772 255 0 0
0.209682 0.082827 0.518772 255 0 0
0.204425 0.086076 0.527278 255 0 0
0.204425 0.096590 0.527278 255 0 0
0.204425 0.086076 0.510265 255 0 0
0.204425 0.096590 0.510265 255 0 0
0.212931 0.091333 0.513514 255 0 0
0.212931 0.091333 0.524029 255 0 0
0.195918 0.091333 0.513514 255 0 0
0.195918 0.091333 0.524029 255 0 0
0.196335 0.096333 0.521862 255 0 0
0.199425 0.094423 0.526862 255 0 0
0.201335 0.099423 0.523772 255 0 0
0.207515 0.099423 0.523772 255 0 0
0.204425 0.101333 0.518772 255 0 0
0.207515 0.099423 0.513772 255 0 0
0.201335 0.099423 0.513772 255 0 0
0.199425 0.094423 0.510681 255 0 0
0.196335 0.096333 0.515681 255 0 0
0.194425 0.091333 0.518772 255 0 0
0.209425 0.094423 0.526862 255 0 0
0.212515 0.096333 0.521862 255 0 0
0.199425 0.088243 0.526862 255 0 0
0.204425 0.091333 0.528772 255 0 0
0.196335 0.086333 0.515681 255 0 0
0.196335 0.086333 0.521862 255 0 0
0.204425 0.091333 0.508772 255 0 0
0.199425 0.088243 0.510681 255 0 0
0.212515 0.096333 0.515681 255 0 0
0.209425 0.094423 0.510681 255 0 0
0.212515 0.086333 0.521862 255 0 0
0.209425 0.088243 0.526862 255 0 0
0.207515 0.083243 0.523772 255 0 0
0.201335 0.083243 0.523772 255 0 0
0.204425 0.081333 0.518772 255 0 0
0.201335 0.083243 0.513772 255 0 0
0.207515 0.083243 0.513772 255 0 0
0.209425 0.088243 0.510681 255 0 0
0.212515 0.086333 0.515681 255 0 0
0.214425 0.091333 0.518772 255 0 0
0.193464 -0.000394 0.523951 255 0 0
0.203978 -0.000394 0.523951 255 0 0
0.193464 -0.017407 0.523951 255 0 0
0.203978 -0.017407 0.523951 255 0 0
0.198721 -0.014157 0.532458 255 0 0
0.198721 -0.003643 0.532458 255 0 0
0.198721 -0.014157 0.515445 255 0 0
0.198721 -0.003643 0.515445 255 0 0
0.207228 -0.008900 0.518694 255 0 0
0.207228 -0.008900 0.529208 255 0 0
0.190215 -0.008900 0.518694 255 0 0
0.190215 -0.008900 0.529208 255 0 0
0.190631 -0.003900 0.527041 255 0 0
0.193721 -0.005810 0.532041 255 0 0
0.195631 -0.000810 0.528951 255 0 0
0.201811 -0.000810 0.528951 255 0 0
0.198721 0.001100 0.523951 255 0 0
0.201811 -0.000810 0.518951 255 0 0
0.195631 -0.000810 0.518951 255 0 0
0.193721 -0.005810 0.515861 255 0 0
0.190631 -0.003900 0.520861 255 0 0
0.188721 -0.008900 0.523951 255 0 0
0.203721 -0.005810 0.532041 255 0 0
0.206811 -0.003900 0.527041 255 0 0
0.193721 -0.011990 0.532041 255 0 0
0.198721 -0.008900 0.533951 255 0 0
0.190631 -0.013900 0.520861 255 0 0
0.190631 -0.013900 0.527041 255 0 0
0.198721 -0.008900 0.513951 255 0 0
0.193721 -0.011990 0.515861 255 0 0
0.206811 -0.003900 0.520861 255 0 0
0.203721 -0.005810 0.515861 255 0 0
0.206811 -0.013900 0.527041 255 0 0
0.203721 -0.011990 0.532041 255 0 0
0.201811 -0.016990 0.528951 255 0 0
0.195631 -0.016990 0.528951 255 0 0
0.198721 -0.018900 0.523951 255 0 0
0.195631 -0.016990 0.518951 255 0 0
0.201811 -0.016990 0.518951 255 0 0
0.203721 -0.011990 0.515861 255 0 0
0.206811 -0.013900 0.520861 255 0 0
0.208721 -0.008900 0.523951 255 0 0
0.198583 0.109781 0.521048 255 0 0
0.209097 0.109781 0.521048 255 0 0
0.198583 0.092768 0.521048 255 0 0
0.209097 0.092768 0.521048 255 0 0
0.203840 0.096017 0.529555 255 0 0
0.203840 0.106532 0.529555 255 0 0
0.203840 0.096017 0.512542 255 0 0
0.203840 0.106532 0.512542 255 0 0
0.212346 0.101274 0.515791 255 0 0
0.212346 0.101274 0.526305 255 0 0
0.195333 0.101274 0.515791 255 0 0
0.195333 0.101274 0.526305 255 0 0
0.195750 0.106274 0.524138 255 0 0
0.198840 0.104365 0.529138 255 0 0
0.200750 0.109365 0.526048 255 0 0
0.206930 0.109365 0.526048 255 0 0
0.203840 0.111274 0.521048 255 0 0
0.206930 0.109365 0.516048 255 0 0
0.200750 0.109365 0.516048 255 0 0
0.198840 0.104365 0.512958 255 0 0
0.195750 0.106274 0.517958 255 0 0
0.193840 0.101274 0.521048 255 0 0
0.208840 0.104365 0.529138 255 0 0
0.211930 0.106274 0.524138 255 0 0
0.198840 0.098184 0.529138 255 0 0
0.203840 0.101274 0.531048 255 0 0
0.195750 0.096274 0.517958 255 0 0
0.195750 0.096274 0.524138 255 0 0
0.203840 0.101274 0.511048 255 0 0
0.198840 0.098184 0.512958 255 0 0
0.211930 0.106274 0.517958 255 0 0
0.208840 0.104365 0.512958 255 0 0
0.211930 0.096274 0.524138 255 0 0
0.208840 0.098184 0.529138 255 0 0
0.206930 0.093184 0.526048 255 0 0
0.200750 0.093184 0.526048 255 0 0
0.203840 0.091274 0.521048 255 0 0
0.200750 0.093184 0.516048 255 0 0
0.206930 0.093184 0.516048 255 0 0
0.208840 0.098184 0.512958 255 0 0
0.211930 0.096274 0.517958 255 0 0
0.213840 0.101274 0.521048 255 0 0
0.193406 0.121480 0.515118 255 0 0
0.203920 0.121480 0.515118 255 0 0
0.193406 0.104467 0.515118 255 0 0
0.203920 0.104467 0.515118 255 0 0
0.198663 0.107717 0.523624 255 0 0
0.198663 0.118231 0.523624 255 0 0
0.198663 0.107717 0.506611 255 0 0
0.198663 0.118231 0.506611 255 0 0
0.207170 0.112974 0.509860 255 0 0
0.207170 0.112974 0.520375 255 0 0
0.190157 0.112974 0.509860 255 0 0
0.190157 0.112974 0.520375 255 0 0
0.190573 0.117974 0.518208 255 0 0
0.193663 0.116064 0.523208 255 0 0
0.195573 0.121064 0.520118 255 0 0
0.201753 0.121064 0.520118 255 0 0
0.198663 0.122974 0.515118 255 0 0
0.201753 0.121064 0.510118 255 0 0
0.195573 0.121064 0.510118 255 0 0
0.193663 0.116064 0.507027 255 0 0
0.190573 0.117974 0.512028 255 0 0
0.188663 0.112974 0.515118 255 0 0
0.203663 0.116064 0.523208 255 0 0
0.206753 0.117974 0.518208 255 0 0
0.193663 0.109884 0.523208 255 0 0
0.198663 0.112974 0.525118 255 0 0
0.190573 0.107974 0.512028 255 0 0
0.190573 0.107974 0.518208 255 0 0
0.198663 0.112974 0.505118 255 0 0
0.193663 0.109884 0.507027 255 0 0
0.206753 0.117974 0.512028 255 0 0
0.203663 0.116064 0.507027 255 0 0
0.206753 0.107974 0.518208 255 0 0
0.203663 0.109884 0.523208 255 0 0
0.201753 0.104884 0.520118 255 0 0
0.195573 0.104884 0.520118 255 0 0
0.198663 0.102974 0.515118 255 0 0
0.195573 0.104884 0.510118 255 0 0
0.201753 0.104884 0.510118 255 0 0
0.203663 0.109884 0.507027 255 0 0
0.206753 0.107974 0.512028 255 0 0
0.208663 0.112974 0.515118 255 0 0
0.192198 0.038240 0.527243 255 0 0
0.202712 0.038240 0.527243 255 0 0
0.192198 0.021227 0.527243 255 0 0
0.202712 0.021227 0.527243 255 0 0
0.197455 0.024477 0.535749 255 0 0
0.197455 0.034991 0.535749 255 0 0
0.197455 0.024477 0.518736 255 0 0
0.197455 0.034991 0.518736 255 0 0
0.205962 0.029734 0.521986 255 0 0
0.205962 0.029734 0.532500 255 0 0
0.188949 0.029734 0.521986 255 0 0
0.188949 0.029734 0.532500 255 0 0
0.189365 0.034734 0.530333 255 0 0
0.192455 0.032824 0.535333 255 0 0
0.194365 0.037824 0.532243 255 0 0
0.200545 0.037824 0.532243 255 0 0
0.197455 0.039734 0.527243 255 0 0
0.200545 0.037824 0.522243 255 0 0
0.194365 0.037824 0.522243 255 0 0
0.192455 0.032824 0.519153 255 0 0
0.189365 0.034734 0.524153 255 0 0
0.187455 0.029734 0.527243 255 0 0
0.202455 0.032824 0.535333 255 0 0
0.205545 0.034734 0.530333 255 0 0
0.192455 0.026644 0.535333 255 0 0
0.197455 0.029734 0.537243 255 0 0
0.189365 0.024734 0.524153 255 0 0
0.189365 0.024734 0.530333 255 0 0
0.197455 0.029734 0.517243 255 0 0
0.192455 0.026644 0.519153 255 0 0
0.205545 0.034734 0.524153 255 0 0
0.202455 0.032824 0.519153 255 0 0
0.205545 0.024734 0.530333 255 0 0
0.202455 0.026644 0.535333 255 0 0
0.200545 0.021644 0.532243 255 0 0
0.194365 0.021644 0.532243 255 0 0
0.197455 0.019734 0.527243 255 0 0
0.194365 0.021644 0.522243 255 0 0
0.200545 0.021644 0.522243 255 0 0
0.202455 0.026644 0.519153 255 0 0
0.205545 0.024734 0.524153 255 0 0
0.207455 0.029734 0.527243 255 0 0
0.152506 -0.017595 0.476981 255 0 0
0.163021 -0.017595 0.476981 255 0 0
0.152506 -0.034608 0.476981 255 0 0
0.163021 -0.034608 0.476981 255 0 0
0.157763 -0.031359 0.485488 255 0 0
0.157763 -0.020844 0.485488 255 0 0
0.157763 -0.031359 0.468475 255 0 0
0.157763 -0.020844 0.468475 255 0 0
0.166270 -0.026102 0.471724 255 0 0
0.166270 -0.026102 0.482239 255 0 0
0.149257 -0.026102 0.471724 255 0 0
0.149257 -0.026102 0.482239 255 0 0
0.149673 -0.021102 0.480072 255 0 0
0.152763 -0.023011 0.485072 255 0 0
0.154673 -0.018011 0.481981 255 0 0
0.160853 -0.018011 0.481981 255 0 0
0.157763 -0.016102 0.476981 255 0 0
0.160853 -0.018011 0.471981 255 0 0
0.154673 -0.018011 0.471981 255 0 0
0.152763 -0.023011 0.468891 255 0 0
0.149673 -0.021102 0.473891 255 0 0
0.147763 -0.026102 0.476981 255 0 0
0.162763 -0.023011 0.485072 255 0 0
0.165853 -0.021102 0.480072 255 0 0
0.152763 -0.029192 0.485072 255 0 0
0.157763 -0.026102 0.486981 255 0 0
0.149673 -0.031102 0.473891 255 0 0
0.149673 -0.031102 0.480072 255 0 0
0.157763 -0.026102 0.466981 255 0 0
0.152763 -0.029192 0.468891 255 0 0
0.165853 -0.021102 0.473891 255 0 0
0.162763 -0.023011 0.468891 255 0 0
0.165853 -0.031102 0.480072 255 0 0
0.162763 -0.029192 0.485072 255 0 0
0.160853 -0.034192 0.481981 255 0 0
0.154673 -0.034192 0.481981 255 0 0
0.157763 -0.036102 0.476981 255 0 0
0.154673 -0.034192 0.471981 255 0 0
0.160853 -0.034192 0.471981 255 0 0
0.162763 -0.029192 0.468891 255 0 0
0.165853 -0.031102 0.473891 255 0 0
0.167763 -0.026102 0.476981 255 0 0
0.151807 -0.034709 0.481862 255 0 0
0.162322 -0.034709 0.481862 255 0 0
0.151807 -0.051722 0.481862 255 0 0
0.162322 -0.051722 0.481862 255 0 0
0.157064 -0.048473 0.490368 255 0 0
0.157064 -0.037959 0.490368 255 0 0
0.157064 -0.048473 0.473355 255 0 0
0.157064 -0.037959 0.473355 255 0 0
0.165571 -0.043216 0.476605 255 0 0
0.165571 -0.043216 0.487119 255 0 0
0.148558 -0.043216 0.476605 255 0 0
0.148558 -0.043216 0.487119 255 0 0
0.148974 -0.038216 0.484952 255 0 0
0.152064 -0.040126 0.489952 255 0 0
0.153974 -0.035126 0.486862 255 0 0
0.160154 -0.035126 0.486862 255 0 0
0.157064 -0.033216 0.481862 255 0 0
0.160154 -0.035126 0.476862 255 0 0
0.153974 -0.035126 0.476862 255 0 0
0.152064 -0.040126 0.473772 255 0 0
0.148974 -0.038216 0.478772 255 0 0
0.147064 -0.043216 0.481862 255 0 0
0.162064 -0.040126 0.489952 255 0 0
0.165154 -0.038216 0.484952 255 0 0
0.152064 -0.046306 0.489952 255 0 0
0.157064 -0.043216 0.491862 255 0 0
0.148974 -0.048216 0.478772 255 0 0
0.148974 -0.048216 0.484952 255 0 0
0.157064 -0.043216 0.471862 255 0 0
0.152064 -0.046306 0.473772 255 0 0
0.165154 -0.038216 0.478772 255 0 0
0.162064 -0.040126 0.473772 255 0 0
0.165154 -0.048216 0.484952 255 0 0
0.162064 -0.046306 0.489952 255 0 0
0.160154 -0.051306 0.486862 255 0 0
0.153974 -0.051306 0.486862 255 0 0
0.157064 -0.053216 0.481862 255 0 0
0.153974 -0.051306 0.476862 255 0 0
0.160154 -0.051306 0.476862 255 0 0
0.162064 -0.046306 0.473772 255 0 0
0.165154 -0.048216 0.478772 255 0 0
0.167064 -0.043216 0.481862 255 0 0
0.160396 -0.028688 0.488097 255 0 0
0.170910 -0.028688 0.488097 255 0 0
0.160396 -0.045701 0.488097 255 0 0
0.170910 -0.045701 0.488097 255 0 0
0.165653 -0.042452 0.496603 255 0 0
0.165653 -0.031937 0.496603 255 0 0
0.165653 -0.042452 0.479590 255 0 0
0.165653 -0.031937 0.479590 255 0 0
0.174160 -0.037194 0.482840 255 0 0
0.174160 -0.037194 0.493354 255 0 0
0.157147 -0.037194 0.482840 255 0 0
0.157147 -0.037194 0.493354 255 0 0
0.157563 -0.032194 0.491187 255 0 0
0.160653 -0.034104 0.496187 255 0 0
0.162563 -0.029104 0.493097 255 0 0
0.168743 -0.029104 0.493097 255 0 0
0.165653 -0.027194 0.488097 255 0 0
0.168743 -0.029104 0.483097 255 0 0
0.162563 -0.029104 0.483097 255 0 0
0.160653 -0.034104 0.480007 255 0 0
0.157563 -0.032194 0.485007 255 0 0
0.155653 -0.037194 0.488097 255 0 0
0.170653 -0.034104 0.496187 255 0 0
0.173743 -0.032194 0.491187 255 0 0
0.160653 -0.040284 0.496187 255 0 0
0.165653 -0.037194 0.498097 255 0 0
0.157563 -0.042194 0.485007 255 0 0
0.157563 -0.042194 0.491187 255 0 0
0.165653 -0.037194 0.478097 255 0 0
0.160653 -0.040284 0.480007 255 0 0
0.173743 -0.032194 0.485007 255 0 0
0.170653 -0.034104 0.480007 255 0 0
0.173743 -0.042194 0.491187 255 0 0
0.170653 -0.040284 0.496187 255 0 0
0.168743 -0.045284 0.493097 255 0 0
0.162563 -0.045284 0.493097 255 0 0
0.165653 -0.047194 0.488097 255 0 0
0.162563 -0.045284 0.483097 255 0 0
0.168743 -0.045284 0.483097 255 0 0
0.170653 -0.040284 0.480007 255 0 0
0.173743 -0.042194 0.485007 255 0 0
0.175653 -0.037194 0.488097 255 0 0
0.169592 -0.033983 0.492187 255 0 0
0.180107 -0.033983 0.492187 255 0 0
0.169592 -0.050996 0.492187 255 0 0
0.180107 -0.050996 0.492187 255 0 0
0.174850 -0.047747 0.500694 255 0 0
0.174850 -0.037232 0.500694 255 0 0
0.174850 -0.047747 0.483681 255 0 0
0.174850 -0.037232 0.483681 255 0 0
0.183356 -0.042489 0.486930 255 0 0
0.183356 -0.042489 0.497445 255 0 0
0.166343 -0.042489 0.486930 255 0 0
0.166343 -0.042489 0.497445 255 0 0
0.166759 -0.037489 0.495277 255 0 0
0.169850 -0.039399 0.500277 255 0 0
0.171759 -0.034399 0.497187 255 0 0
0.177940 -0.034399 0.497187 255 0 0
0.174850 -0.032489 0.492187 255 0 0
0.177940 -0.034399 0.487187 255 0 0
0.171759 -0.034399 0.487187 255 0 0
0.169850 -0.039399 0.484097 255 0 0
0.166759 -0.037489 0.489097 255 0 0
0.164850 -0.042489 0.492187 255 0 0
0.179850 -0.039399 0.500277 255 0 0
0.182940 -0.037489 0.495277 255 0 0
0.169850 -0.045579 0.500277 255 0 0
0.174850 -0.042489 0.502187 255 0 0
0.166759 -0.047489 0.489097 255 0 0
0.166759 -0.047489 0.495277 255 0 0
0.174850 -0.042489 0.482187 255 0 0
0.169850 -0.045579 0.484097 255 0 0
0.182940 -0.037489 0.489097 255 0 0
0.179850 -0.039399 0.484097 255 0 0
0.182940 -0.047489 0.495277 255 0 0
0.179850 -0.045579 0.500277 255 0 0
0.177940 -0.050579 0.497187 255 0 0
0.171759 -0.050579 0.497187 255 0 0
0.174850 -0.052489 0.492187 255 0 0
0.171759 -0.050579 0.487187 255 0 0
0.177940 -0.050579 0.487187 255 0 0
0.179850 -0.045579 0.484097 255 0 0
0.182940 -0.047489 0.489097 255 0 0
0.184850 -0.042489 0.492187 255 0 0
0.176242 -0.022986 0.501619 255 0 0
0.186757 -0.022986 0.501619 255 0 0
0.176242 -0.039999 0.501619 255 0 0
0.186757 -0.039999 0.501619 255 0 0
0.181500 -0.036750 0.510126 255 0 0
0.181500 -0.026235 0.510126 255 0 0
0.181500 -0.036750 0.493113 255 0 0
0.181500 -0.026235 0.493113 255 0 0
0.190006 -0.031493 0.496362 255 0 0
0.190006 -0.031493 0.506877 255 0 0
0.172993 -0.031493 0.496362 255 0 0
0.172993 -0.031493 0.506877 255 0 0
0.173409 -0.026493 0.504709 255 0 0
0.176500 -0.028403 0.509710 255 0 0
0.178409 -0.023403 0.506619 255 0 0
0.184590 -0.023403 0.506619 255 0 0
0.181500 -0.021493 0.501619 255 0 0
0.184590 -0.023403 0.496619 255 0 0
0.178409 -0.023403 0.496619 255 0 0
0.176500 -0.028403 0.493529 255 0 0
0.173409 -0.026493 0.498529 255 0 0
0.171500 -0.031493 0.501619 255 0 0
0.186500 -0.028403 0.509710 255 0 0
0.189590 -0.026493 0.504709 255 0 0
0.176500 -0.034583 0.509710 255 0 0
0.181500 -0.031493 0.511619 255 0 0
0.173409 -0.036493 0.498529 255 0 0
0.173409 -0.036493 0.504709 255 0 0
0.181500 -0.031493 0.491619 255 0 0
0.176500 -0.034583 0.493529 255 0 0
0.189590 -0.026493 0.498529 255 0 0
0.186500 -0.028403 0.493529 255 0 0
0.189590 -0.036493 0.504709 255 0 0
0.186500 -0.034583 0.509710 255 0 0
0.184590 -0.039583 0.506619 255 0 0
0.178409 -0.039583 0.506619 255 0 0
0.181500 -0.041493 0.501619 255 0 0
0.178409 -0.039583 0.496619 255 0 0
0.184590 -0.039583 0.496619 255 0 0
0.186500 -0.034583 0.493529 255 0 0
0.189590 -0.036493 0.498529 255 0 0
0.191500 -0.031493 0.501619 255 0 0
0.106498 0.103032 0.444036 255 0 0
0.117012 0.103032 0.444036 255 0 0
0.106498 0.086019 0.444036 255 0 0
0.117012 0.086019 0.444036 255 0 0
0.111755 0.089268 0.452542 255 0 0
0.111755 0.099782 0.452542 255 0 0
0.111755 0.089268 0.435529 255 0 0
0.111755 0.099782 0.435529 255 0 0
0.120262 0.094525 0.438778 255 0 0
0.120262 0.094525 0.449293 255 0 0
0.103249 0.094525 0.438778 255 0 0
0.103249 0.094525 0.449293 255 0 0
0.103665 0.099525 0.447126 255 0 0
0.106755 0.097615 0.452126 255 0 0
0.108665 0.102615 0.449036 255 0 0
0.114845 0.102615 0.449036 255 0 0
0.111755 0.104525 0.444036 255 0 0
0.114845 0.102615 0.439036 255 0 0
0.108665 0.102615 0.439036 255 0 0
0.106755 0.097615 0.435946 255 0 0
0.103665 0.099525 0.440946 255 0 0
0.101755 0.094525 0.444036 255 0 0
0.116755 0.097615 0.452126 255 0 0
0.119845 0.099525 0.447126 255 0 0
0.106755 0.091435 0.452126 255 0 0
0.111755 0.094525 0.454036 255 0 0
0.103665 0.089525 0.440946 255 0 0
0.103665 0.089525 0.447126 255 0 0
0.111755 0.094525 0.434036 255 0 0
0.106755 0.091435 0.435946 255 0 0
0.119845 0.099525 0.440946 255 0 0
0.116755 0.097615 0.435946 255 0 0
0.119845 0.089525 0.447126 255 0 0
0.116755 0.091435 0.452126 255 0 0
0.114845 0.086435 0.449036 255 0 0
0.108665 0.086435 0.449036 255 0 0
0.111755 0.084525 0.444036 255 0 0
0.108665 0.086435 0.439036 255 0 0
0.114845 0.086435 0.439036 255 0 0
0.116755 0.091435 0.435946 255 0 0
0.119845 0.089525 0.440946 255 0 0
0.121755 0.094525 0.444036 255 0 0
0.137870 0.000671 0.466813 255 0 0
0.148384 0.000671 0.466813 255 0 0
0.137870 -0.016342 0.466813 255 0 0
0.148384 -0.016342 0.466813 255 0 0
0.143127 -0.013093 0.475320 255 0 0
0.143127 -0.002578 0.475320 255 0 0
0.143127 -0.013093 0.458307 255 0 0
0.143127 -0.002578 0.458307 255 0 0
0.151634 -0.007835 0.461556 255 0 0
0.151634 -0.007835 0.472071 255 0 0
0.134621 -0.007835 0.461556 255 0 0
0.134621 -0.007835 0.472071 255 0 0
0.135037 -0.002835 0.469903 255 0 0
0.138127 -0.004745 0.474903 255 0 0
0.140037 0.000255 0.471813 255 0 0
0.146217 0.000255 0.471813 255 0 0
0.143127 0.002165 0.466813 255 0 0
0.146217 0.000255 0.461813 255 0 0
0.140037 0.000255 0.461813 255 0 0
0.138127 -0.004745 0.458723 255 0 0
0.135037 -0.002835 0.463723 255 0 0
0.133127 -0.007835 0.466813 255 0 0
0.148127 -0.004745 0.474903 255 0 0
0.151217 -0.002835 0.469903 255 0 0
0.138127 -0.010926 0.474903 255 0 0
0.143127 -0.007835 0.476813 255 0 0
0.135037 -0.012835 0.463723 255 0 0
0.135037 -0.012835 0.469903 255 0 0
0.143127 -0.007835 0.456813 255 0 0
0.138127 -0.010926 0.458723 255 0 0
0.151217 -0.002835 0.463723 255 0 0
0.148127 -0.004745 0.458723 255 0 0
0.151217 -0.012835 0.469903 255 0 0
0.148127 -0.010926 0.474903 255 0 0
0.146217 -0.015926 0.471813 255 0 0
0.140037 -0.015926 0.471813 255 0 0
0.143127 -0.017835 0.466813 255 0 0
0.140037 -0.015926 0.461813 255 0 0
0.146217 -0.015926 0.461813 255 0 0
0.148127 -0.010926 0.458723 255 0 0
0.151217 -0.012835 0.463723 255 0 0
0.153127 -0.007835 0.466813 255 0 0
0.126185 0.010116 0.459649 255 0 0
0.136699 0.010116 0.459649 255 0 0
0.126185 -0.006897 0.459649 255 0 0
0.136699 -0.006897 0.459649 255 0 0
0.131442 -0.003648 0.468155 255 0 0
0.131442 0.006867 0.468155 255 0 0
0.131442 -0.003648 0.451142 255 0 0
0.131442 0.006867 0.451142 255 0 0
0.139948 0.001610 0.454391 255 0 0
0.139948 0.001610 0.464906 255 0 0
0.122935 0.001610 0.454391 255 0 0
0.122935 0.001610 0.464906 255 0 0
0.123352 0.006610 0.462739 255 0 0
0.126442 0.004700 0.467739 255 0 0
0.128352 0.009700 0.464649 255 0 0
0.134532 0.009700 0.464649 255 0 0
0.131442 0.011610 0.459649 255 0 0
0.134532 0.009700 0.454649 255 0 0
0.128352 0.009700 0.454649 255 0 0
0.126442 0.004700 0.451558 255 0 0
0.123352 0.006610 0.456558 255 0 0
0.121442 0.001610 0.459649 255 0 0
0.136442 0.004700 0.467739 255 0 0
0.139532 0.006610 0.462739 255 0 0
0.126442 -0.001481 0.467739 255 0 0
0.131442 0.001610 0.469649 255 0 0
0.123352 -0.003390 0.456558 255 0 0
0.123352 -0.003390 0.462739 255 0 0
0.131442 0.001610 0.449649 255 0 0
0.126442 -0.001481 0.451558 255 0 0
0.139532 0.006610 0.456558 255 0 0
0.136442 0.004700 0.451558 255 0 0
0.139532 -0.003390 0.462739 255 0 0
0.136442 -0.001481 0.467739 255 0 0
0.134532 -0.006481 0.464649 255 0 0
0.128352 -0.006481 0.464649 255 0 0
0.131442 -0.008390 0.459649 255 0 0
0.128352 -0.006481 0.454649 255 0 0
0.134532 -0.006481 0.454649 255 0 0
0.136442 -0.001481 0.451558 255 0 0
0.139532 -0.003390 0.456558 255 0 0
0.141442 0.001610 0.459649 255 0 0
0.142283 -0.024258 0.468643 255 0 0
0.152798 -0.024258 0.468643 255 0 0
0.142283 -0.041271 0.468643 255 0 0
0.152798 -0.041271 0.468643 255 0 0
0.147541 -0.038021 0.477149 255 0 0
0.147541 -0.027507 0.477149 255 0 0
0.147541 -0.038021 0.460136 255 0 0
0.147541 -0.027507 0.460136 255 0 0
0.156047 -0.032764 0.463386 255 0 0
0.156047 -0.032764 0.473900 255 0 0
0.139034 -0.032764 0.463386 255 0 0
0.139034 -0.032764 0.473900 255 0 0
0.139451 -0.027764 0.471733 255 0 0
0.142541 -0.029674 0.476733 255 0 0
0.144451 -0.024674 0.473643 255 0 0
0.150631 -0.024674 0.473643 255 0 0
0.147541 -0.022764 0.468643 255 0 0
0.150631 -0.024674 0.463643 255 0 0
0.144451 -0.024674 0.463643 255 0 0
0.142541 -0.029674 0.460553 255 0 0
0.139451 -0.027764 0.465553 255 0 0
0.137541 -0.032764 0.468643 255 0 0
0.152541 -0.029674 0.476733 255 0 0
0.155631 -0.027764 0.471733 255 0 0
0.142541 -0.035854 0.476733 255 0 0
0.147541 -0.032764 0.478643 255 0 0
0.139451 -0.037764 0.465553 255 0 0
0.139451 -0.037764 0.471733 255 0 0
0.147541 -0.032764 0.458643 255 0 0
0.142541 -0.035854 0.460553 255 0 0
0.155631 -0.027764 0.465553 255 0 0
0.152541 -0.029674 0.460553 255 0 0
0.155631 -0.037764 0.471733 255 0 0
0.152541 -0.035854 0.476733 255 0 0
0.150631 -0.040854 0.473643 255 0 0
0.144451 -0.040854 0.473643 255 0 0
0.147541 -0.042764 0.468643 255 0 0
0.144451 -0.040854 0.463643 255 0 0
0.150631 -0.040854 0.463643 255 0 0
0.152541 -0.035854 0.460553 255 0 0
0.155631 -0.037764 0.465553 255 0 0
0.157541 -0.032764 0.468643 255 0 0
0.135415 -0.017426 0.464660 255 0 0
0.145930 -0.017426 0.464660 255 0 0
0.135415 -0.034439 0.464660 255 0 0
0.145930 -0.034439 0.464660 255 0 0
0.140673 -0.031190 0.473166 255 0 0
0.140673 -0.020675 0.473166 255 0 0
0.140673 -0.031190 0.456153 255 0 0
0.140673 -0.020675 0.456153 255 0 0
0.149179 -0.025932 0.459402 255 0 0
0.149179 -0.025932 0.469917 255 0 0
0.132166 -0.025932 0.459402 255 0 0
0.132166 -0.025932 0.469917 255 0 0
0.132582 -0.020932 0.467750 255 0 0
0.135673 -0.022842 0.472750 255 0 0
0.137582 -0.017842 0.469660 255 0 0
0.143763 -0.017842 0.469660 255 0 0
0.140673 -0.015932 0.464660 255 0 0
0.143763 -0.017842 0.459660 255 0 0
0.137582 -0.017842 0.459660 255 0 0
0.135673 -0.022842 0.456569 255 0 0
0.132582 -0.020932 0.461569 255 0 0
0.130673 -0.025932 0.464660 255 0 0
0.145673 -0.022842 0.472750 255 0 0
0.148763 -0.020932 0.467750 255 0 0
0.135673 -0.029022 0.472750 255 0 0
0.140673 -0.025932 0.474660 255 0 0
0.132582 -0.030932 0.461569 255 0 0
0.132582 -0.030932 0.467750 255 0 0
0.140673 -0.025932 0.454660 255 0 0
0.135673 -0.029022 0.456569 255 0 0
0.148763 -0.020932 0.461569 255 0 0
0.145673 -0.022842 0.456569 255 0 0
0.148763 -0.030932 0.467750 255 0 0
0.145673 -0.029022 0.472750 255 0 0
0.143763 -0.034022 0.469660 255 0 0
0.137582 -0.034022 0.469660 255 0 0
0.140673 -0.035932 0.464660 255 0 0
0.137582 -0.034022 0.459660 255 0 0
0.143763 -0.034022 0.459660 255 0 0
0.145673 -0.029022 0.456569 255 0 0
0.148763 -0.030932 0.461569 255 0 0
0.150673 -0.025932 0.464660 255 0 0
0.138355 -0.083644 0.486697 255 0 0
0.148870 -0.083644 0.486697 255 0 0
0.138355 -0.100657 0.486697 255 0 0
0.148870 -0.100657 0.486697 255 0 0
0.143613 -0.097407 0.495203 255 0 0
0.143613 -0.086893 0.495203 255 0 0
0.143613 -0.097407 0.478190 255 0 0
0.143613 -0.086893 0.478190 255 0 0
0.152119 -0.092150 0.481440 255 0 0
0.152119 -0.092150 0.491954 255 0 0
0.135106 -0.092150 0.481440 255 0 0
0.135106 -0.092150 0.491954 255 0 0
0.135523 -0.087150 0.489787 255 0 0
0.138613 -0.089060 0.494787 255 0 0
0.140523 -0.084060 0.491697 255 0 0
0.146703 -0.084060 0.491697 255 0 0
0.143613 -0.082150 0.486697 255 0 0
0.146703 -0.084060 0.481697 255 0 0
0.140523 -0.084060 0.481697 255 0 0
0.138613 -0.089060 0.478607 255 0 0
0.135523 -0.087150 0.483607 255 0 0
0.133613 -0.092150 0.486697 255 0 0
0.148613 -0.089060 0.494787 255 0 0
0.151703 -0.087150 0.489787 255 0 0
0.138613 -0.095240 0.494787 255 0 0
0.143613 -0.092150 0.496697 255 0 0
0.135523 -0.097150 0.483607 255 0 0
0.135523 -0.097150 0.489787 255 0 0
0.143613 -0.092150 0.476697 255 0 0
0.138613 -0.095240 0.478607 255 0 0
0.151703 -0.087150 0.483607 255 0 0
0.148613 -0.089060 0.478607 255 0 0
0.151703 -0.097150 0.489787 255 0 0
0.148613 -0.095240 0.494787 255 0 0
0.146703 -0.100240 0.491697 255 0 0
0.140523 -0.100240 0.491697 255 0 0
0.143613 -0.102150 0.486697 255 0 0
0.140523 -0.100240 0.481697 255 0 0
0.146703 -0.100240 0.481697 255 0 0
0.148613 -0.095240 0.478607 255 0 0
0.151703 -0.097150 0.483607 255 0 0
0.153613 -0.092150 0.486697 255 0 0
0.134650 -0.090676 0.479923 255 0 0
0.145164 -0.090676 0.479923 255 0 0
0.134650 -0.107689 0.479923 255 0 0
0.145164 -0.107689 0.479923 255 0 0
0.139907 -0.104440 0.488430 255 0 0
0.139907 -0.093925 0.488430 255 0 0
0.139907 -0.104440 0.471417 255 0 0
0.139907 -0.093925 0.471417 255 0 0
0.148414 -0.099183 0.474666 255 0 0
0.148414 -0.099183 0.485180 255 0 0
0.131401 -0.099183 0.474666 255 0 0
0.131401 -0.099183 0.485180 255 0 0
0.131817 -0.094183 0.483013 255 0 0
0.134907 -0.096092 0.488013 255 0 0
0.136817 -0.091092 0.484923 255 0 0
0.142997 -0.091092 0.484923 255 0 0
0.139907 -0.089183 0.479923 255 0 0
0.142997 -0.091092 0.474923 255 0 0
0.136817 -0.091092 0.474923 255 0 0
0.134907 -0.096092 0.471833 255 0 0
0.131817 -0.094183 0.476833 255 0 0
0.129907 -0.099183 0.479923 255 0 0
0.144907 -0.096092 0.488013 255 0 0
0.147997 -0.094183 0.483013 255 0 0
0.134907 -0.102273 0.488013 255 0 0
0.139907 -0.099183 0.489923 255 0 0
0.131817 -0.104183 0.476833 255 0 0
0.131817 -0.104183 0.483013 255 0 0
0.139907 -0.099183 0.469923 255 0 0
0.134907 -0.102273 0.471833 255 0 0
0.147997 -0.094183 0.476833 255 0 0
0.144907 -0.096092 0.471833 255 0 0
0.147997 -0.104183 0.483013 255 0 0
0.144907 -0.102273 0.488013 255 0 0
0.142997 -0.107273 0.484923 255 0 0
0.136817 -0.107273 0.484923 255 0 0
0.139907 -0.109183 0.479923 255 0 0
0.136817 -0.107273 0.474923 255 0 0
0.142997 -0.107273 0.474923 255 0 0
0.144907 -0.102273 0.471833 255 0 0
0.147997 -0.104183 0.476833 255 0 0
0.149907 -0.099183 0.479923 255 0 0
0.129371 0.111789 0.457172 255 0 0
0.139886 0.111789 0.457172 255 0 0
0.129371 0.094776 0.457172 255 0 0
0.139886 0.094776 0.457172 255 0 0
0.134629 0.098025 0.465678 255 0 0
0.134629 0.108540 0.465678 255 0 0
0.134629 0.098025 0.448665 255 0 0
0.134629 0.108540 0.448665 255 0 0
0.143135 0.103283 0.451914 255 0 0
0.143135 0.103283 0.462429 255 0 0
0.126122 0.103283 0.451914 255 0 0
0.126122 0.103283 0.462429 255 0 0
0.126539 0.108283 0.460262 255 0 0
0.129629 0.106373 0.465262 255 0 0
0.131539 0.111373 0.462172 255 0 0
0.137719 0.111373 0.462172 255 0 0
0.134629 0.113283 0.457172 255 0 0
0.137719 0.111373 0.452172 255 0 0
0.131539 0.111373 0.452172 255 0 0
0.129629 0.106373 0.449082 255 0 0
0.126539 0.108283 0.454082 255 0 0
0.124629 0.103283 0.457172 255 0 0
0.139629 0.106373 0.465262 255 0 0
0.142719 0.108283 0.460262 255 0 0
0.129629 0.100192 0.465262 255 0 0
0.134629 0.103283 0.467172 255 0 0
0.126539 0.098283 0.454082 255 0 0
0.126539 0.098283 0.460262 255 0 0
0.134629 0.103283 0.447172 255 0 0
0.129629 0.100192 0.449082 255 0 0
0.142719 0.108283 0.454082 255 0 0
0.139629 0.106373 0.449082 255 0 0
0.142719 0.098283 0.460262 255 0 0
0.139629 0.100192 0.465262 255 0 0
0.137719 0.095192 0.462172 255 0 0
0.131539 0.095192 0.462172 255 0 0
0.134629 0.093283 0.457172 255 0 0
0.131539 0.095192 0.452172 255 0 0
0.137719 0.095192 0.452172 255 0 0
0.139629 0.100192 0.449082 255 0 0
0.142719 0.098283 0.454082 255 0 0
0.144629 0.103283 0.457172 255 0 0
0.108917 0.075578 0.450564 255 0 0
0.119431 0.075578 0.450564 255 0 0
0.108917 0.058565 0.450564 255 0 0
0.119431 0.058565 0.450564 255 0 0
0.114174 0.061814 0.459071 255 0 0
0.114174 0.072329 0.459071 255 0 0
0.114174 0.061814 0.442058 255 0 0
0.114174 0.072329 0.442058 255 0 0
0.122680 0.067071 0.445307 255 0 0
0.122680 0.067071 0.455822 255 0 0
0.105667 0.067071 0.445307 255 0 0
0.105667 0.067071 0.455822 255 0 0
0.106084 0.072071 0.453655 255 0 0
0.109174 0.070162 0.458655 255 0 0
0.111084 0.075162 0.455564 255 0 0
0.117264 0.075162 0.455564 255 0 0
0.114174 0.077071 0.450564 255 0 0
0.117264 0.075162 0.445564 255 0 0
0.111084 0.075162 0.445564 255 0 0
0.109174 0.070162 0.442474 255 0 0
0.106084 0.072071 0.447474 255 0 0
0.104174 0.067071 0.450564 255 0 0
0.119174 0.070162 0.458655 255 0 0
0.122264 0.072071 0.453655 255 0 0
0.109174 0.063981 0.458655 255 0 0
0.114174 0.067071 0.460564 255 0 0
0.106084 0.062071 0.447474 255 0 0
0.106084 0.062071 0.453655 255 0 0
0.114174 0.067071 0.440564 255 0 0
0.109174 0.063981 0.442474 255 0 0
0.122264 0.072071 0.447474 255 0 0
0.119174 0.070162 0.442474 255 0 0
0.122264 0.062071 0.453655 255 0 0
0.119174 0.063981 0.458655 255 0 0
0.117264 0.058981 0.455564 255 0 0
0.111084 0.058981 0.455564 255 0 0
0.114174 0.057071 0.450564 255 0 0
0.111084 0.058981 0.445564 255 0 0
0.117264 0.058981 0.445564 255 0 0
0.119174 0.063981 0.442474 255 0 0
0.122264 0.062071 0.447474 255 0 0
0.124174 0.067071 0.450564 255 0 0
0.113735 0.067591 0.456823 255 0 0
0.124250 0.067591 0.456823 255 0 0
0.113735 0.050578 0.456823 255 0 0
0.124250 0.050578 0.456823 255 0 0
0.118993 0.053827 0.465330 255 0 0
0.118993 0.064342 0.465330 255 0 0
0.118993 0.053827 0.448317 255 0 0
0.118993 0.064342 0.448317 255 0 0
0.127499 0.059085 0.451566 255 0 0
0.127499 0.059085 0.462081 255 0 0
0.110486 0.059085 0.451566 255 0 0
0.110486 0.059085 0.462081 255 0 0
0.110903 0.064085 0.459913 255 0 0
0.113993 0.062175 0.464913 255 0 0
0.115903 0.067175 0.461823 255 0 0
0.122083 0.067175 0.461823 255 0 0
0.118993 0.069085 0.456823 255 0 0
0.122083 0.067175 0.451823 255 0 0
0.115903 0.067175 0.451823 255 0 0
0.113993 0.062175 0.448733 255 0 0
0.110903 0.064085 0.453733 255 0 0
0.108993 0.059085 0.456823 255 0 0
0.123993 0.062175 0.464913 255 0 0
0.127083 0.064085 0.459913 255 0 0
0.113993 0.055995 0.464913 255 0 0
0.118993 0.059085 0.466823 255 0 0
0.110903 0.054085 0.453733 255 0 0
0.110903 0.054085 0.459913 255 0 0
0.118993 0.059085 0.446823 255 0 0
0.113993 0.055995 0.448733 255 0 0
0.127083 0.064085 0.453733 255 0 0
0.123993 0.062175 0.448733 255 0 0
0.127083 0.054085 0.459913 255 0 0
0.123993 0.055995 0.464913 255 0 0
0.122083 0.050995 0.461823 255 0 0
0.115903 0.050995 0.461823 255 0 0
0.118993 0.049085 0.456823 255 0 0
0.115903 0.050995 0.451823 255 0 0
0.122083 0.050995 0.451823 255 0 0
0.123993 0.055995 0.448733 255 0 0
0.127083 0.054085 0.453733 255 0 0
0.128993 0.059085 0.456823 255 0 0
0.127010 0.028319 0.463715 255 0 0
0.137525 0.028319 0.463715 255 0 0
0.127010 0.011306 0.463715 255 0 0
0.137525 0.011306 0.463715 255 0 0
0.132268 0.014555 0.472221 255 0 0
0.132268 0.025069 0.472221 255 0 0
0.132268 0.014555 0.455208 255 0 0
0.132268 0.025069 0.455208 255 0 0
0.140774 0.019812 0.458457 255 0 0
0.140774 0.019812 0.468972 255 0 0
0.123761 0.019812 0.458457 255 0 0
0.123761 0.019812 0.468972 255 0 0
0.124178 0.024812 0.466805 255 0 0
0.127268 0.022902 0.471805 255 0 0
0.129178 0.027902 0.468715 255 0 0
0.135358 0.027902 0.468715 255 0 0
0.132268 0.029812 0.463715 255 0 0
0.135358 0.027902 0.458715 255 0 0
0.129178 0.027902 0.458715 255 0 0
0.127268 0.022902 0.455625 255 0 0
0.124178 0.024812 0.460625 255 0 0
0.122268 0.019812 0.463715 255 0 0
0.137268 0.022902 0.471805 255 0 0
0.140358 0.024812 0.466805 255 0 0
0.127268 0.016722 0.471805 255 0 0
0.132268 0.019812 0.473715 255 0 0
0.124178 0.014812 0.460625 255 0 0
0.124178 0.014812 0.466805 255 0 0
0.132268 0.019812 0.453715 255 0 0
0.127268 0.016722 0.455625 255 0 0
0.140358 0.024812 0.460625 255 0 0
0.137268 0.022902 0.455625 255 0 0
0.140358 0.014812 0.466805 255 0 0
0.137268 0.016722 0.471805 255 0 0
0.135358 0.011722 0.468715 255 0 0
0.129178 0.011722 0.468715 255 0 0
0.132268 0.009812 0.463715 255 0 0
0.129178 0.011722 0.458715 255 0 0
0.135358 0.011722 0.458715 255 0 0
0.137268 0.016722 0.455625 255 0 0
0.140358 0.014812 0.460625 255 0 0
0.142268 0.019812 0.463715 255 0 0
0.121449 0.028596 0.468297 255 0 0
0.131963 0.028596 0.468297 255 0 0
0.121449 0.011582 0.468297 255 0 0
0.131963 0.011582 0.468297 255 0 0
0.126706 0.014832 0.476803 255 0 0
0.126706 0.025346 0.476803 255 0 0
0.126706 0.014832 0.459790 255 0 0
0.126706 0.025346 0.459790 255 0 0
0.135213 0.020089 0.463040 255 0 0
0.135213 0.020089 0.473554 255 0 0
0.118200 0.020089 0.463040 255 0 0
0.118200 0.020089 0.473554 255 0 0
0.118616 0.025089 0.471387 255 0 0
0.121706 0.023179 0.476387 255 0 0
0.123616 0.028179 0.473297 255 0 0
0.129796 0.028179 0.473297 255 0 0
0.126706 0.030089 0.468297 255 0 0
0.129796 0.028179 0.463297 255 0 0
0.123616 0.028179 0.463297 255 0 0
0.121706 0.023179 0.460207 255 0 0
0.118616 0.025089 0.465207 255 0 0
0.116706 0.020089 0.468297 255 0 0
0.131706 0.023179 0.476387 255 0 0
0.134796 0.025089 0.471387 255 0 0
0.121706 0.016999 0.476387 255 0 0
0.126706 0.020089 0.478297 255 0 0
0.118616 0.015089 0.465207 255 0 0
0.118616 0.015089 0.471387 255 0 0
0.126706 0.020089 0.458297 255 0 0
0.121706 0.016999 0.460207 255 0 0
0.134796 0.025089 0.465207 255 0 0
0.131706 0.023179 0.460207 255 0 0
0.134796 0.015089 0.471387 255 0 0
0.131706 0.016999 0.476387 255 0 0
0.129796 0.011999 0.473297 255 0 0
0.123616 0.011999 0.473297 255 0 0
0.126706 0.010089 0.468297 255 0 0
0.123616 0.011999 0.463297 255 0 0
0.129796 0.011999 0.463297 255 0 0
0.131706 0.016999 0.460207 255 0 0
0.134796 0.015089 0.465207 255 0 0
0.136706 0.020089 0.468297 255 0 0
0.117591 -0.043860 0.464065 255 0 0
0.128106 -0.043860 0.464065 255 0 0
0.117591 -0.060873 0.464065 255 0 0
0.128106 -0.060873 0.464065 255 0 0
0.122849 -0.057624 0.472571 255 0 0
0.122849 -0.047109 0.472571 255 0 0
0.122849 -0.057624 0.455558 255 0 0
0.122849 -0.047109 0.455558 255 0 0
0.131355 -0.052367 0.458807 255 0 0
0.131355 -0.052367 0.469322 255 0 0
0.114342 -0.052367 0.458807 255 0 0
0.114342 -0.052367 0.469322 255 0 0
0.114758 -0.047367 0.467155 255 0 0
0.117849 -0.049277 0.472155 255 0 0
0.119758 -0.044277 0.469065 255 0 0
0.125939 -0.044277 0.469065 255 0 0
0.122849 -0.042367 0.464065 255 0 0
0.125939 -0.044277 0.459065 255 0 0
0.119758 -0.044277 0.459065 255 0 0
0.117849 -0.049277 0.455975 255 0 0
0.114758 -0.047367 0.460975 255 0 0
0.112849 -0.052367 0.464065 255 0 0
0.127849 -0.049277 0.472155 255 0 0
0.130939 -0.047367 0.467155 255 0 0
0.117849 -0.055457 0.472155 255 0 0
0.122849 -0.052367 0.474065 255 0 0
0.114758 -0.057367 0.460975 255 0 0
0.114758 -0.057367 0.467155 255 0 0
0.122849 -0.052367 0.454065 255 0 0
0.117849 -0.055457 0.455975 255 0 0
0.130939 -0.047367 0.460975 255 0 0
0.127849 -0.049277 0.455975 255 0 0
0.130939 -0.057367 0.467155 255 0 0
0.127849 -0.055457 0.472155 255 0 0
0.125939 -0.060457 0.469065 255 0 0
0.119758 -0.060457 0.469065 255 0 0
0.122849 -0.062367 0.464065 255 0 0
0.119758 -0.060457 0.459065 255 0 0
0.125939 -0.060457 0.459065 255 0 0
0.127849 -0.055457 0.455975 255 0 0
0.130939 -0.057367 0.460975 255 0 0
0.132849 -0.052367 0.464065 255 0 0
0.124483 -0.054758 0.465263 255 0 0
0.134998 -0.054758 0.465263 255 0 0
0.124483 -0.071771 0.465263 255 0 0
0.134998 -0.071771 0.465263 255 0 0
0.129740 -0.068522 0.473770 255 0 0
0.129740 -0.058007 0.473770 255 0 0
0.129740 -0.068522 0.456757 255 0 0
0.129740 -0.058007 0.456757 255 0 0
0.138247 -0.063264 0.460006 255 0 0
0.138247 -0.063264 0.470521 255 0 0
0.121234 -0.063264 0.460006 255 0 0
0.121234 -0.063264 0.470521 255 0 0
0.121650 -0.058264 0.468354 255 0 0
0.124740 -0.060174 0.473354 255 0 0
0.126650 -0.055174 0.470263 255 0 0
0.132831 -0.055174 0.470263 255 0 0
0.129740 -0.053264 0.465263 255 0 0
0.132831 -0.055174 0.460263 255 0 0
0.126650 -0.055174 0.460263 255 0 0
0.124740 -0.060174 0.457173 255 0 0
0.121650 -0.058264 0.462173 255 0 0
0.119740 -0.063264 0.465263 255 0 0
0.134740 -0.060174 0.473354 255 0 0
0.137831 -0.058264 0.468354 255 0 0
0.124740 -0.066354 0.473354 255 0 0
0.129740 -0.063264 0.475263 255 0 0
0.121650 -0.068264 0.462173 255 0 0
0.121650 -0.068264 0.468354 255 0 0
0.129740 -0.063264 0.455263 255 0 0
0.124740 -0.066354 0.457173 255 0 0
0.137831 -0.058264 0.462173 255 0 0
0.134740 -0.060174 0.457173 255 0 0
0.137831 -0.068264 0.468354 255 0 0
0.134740 -0.066354 0.473354 255 0 0
0.132831 -0.071354 0.470263 255 0 0
0.126650 -0.071354 0.470263 255 0 0
0.129740 -0.073264 0.465263 255 0 0
0.126650 -0.071354 0.460263 255 0 0
0.132831 -0.071354 0.460263 255 0 0
0.134740 -0.066354 0.457173 255 0 0
0.137831 -0.068264 0.462173 255 0 0
0.139740 -0.063264 0.465263 255 0 0
0.124637 -0.077622 0.474166 255 0 0
0.135151 -0.077622 0.474166 255 0 0
0.124637 -0.094635 0.474166 255 0 0
0.135151 -0.094635 0.474166 255 0 0
0.129894 -0.091386 0.482673 255 0 0
0.129894 -0.080871 0.482673 255 0 0
0.129894 -0.091386 0.465660 255 0 0
0.129894 -0.080871 0.465660 255 0 0
0.138400 -0.086129 0.468909 255 0 0
0.138400 -0.086129 0.479424 255 0 0
0.121387 -0.086129 0.468909 255 0 0
0.121387 -0.086129 0.479424 255 0 0
0.121804 -0.081129 0.477256 255 0 0
0.124894 -0.083038 0.482256 255 0 0
0.126804 -0.078038 0.479166 255 0 0
0.132984 -0.078038 0.479166 255 0 0
0.129894 -0.076129 0.474166 255 0 0
0.132984 -0.078038 0.469166 255 0 0
0.126804 -0.078038 0.469166 255 0 0
0.124894 -0.083038 0.466076 255 0 0
0.121804 -0.081129 0.471076 255 0 0
0.119894 -0.086129 0.474166 255 0 0
0.134894 -0.083038 0.482256 255 0 0
0.137984 -0.081129 0.477256 255 0 0
0.124894 -0.089219 0.482256 255 0 0
0.129894 -0.086129 0.484166 255 0 0
0.121804 -0.091129 0.471076 255 0 0
0.121804 -0.091129 0.477256 255 0 0
0.129894 -0.086129 0.464166 255 0 0
0.124894 -0.089219 0.466076 255 0 0
0.137984 -0.081129 0.471076 255 0 0
0.134894 -0.083038 0.466076 255 0 0
0.137984 -0.091129 0.477256 255 0 0
0.134894 -0.089219 0.482256 255 0 0
0.132984 -0.094219 0.479166 255 0 0
0.126804 -0.094219 0.479166 255 0 0
0.129894 -0.096129 0.474166 255 0 0
0.126804 -0.094219 0.469166 255 0 0
0.132984 -0.094219 0.469166 255 0 0
0.134894 -0.089219 0.466076 255 0 0
0.137984 -0.091129 0.471076 255 0 0
0.139894 -0.086129 0.474166 255 0 0
0.119968 -0.070592 0.471130 255 0 0
0.130483 -0.070592 0.471130 255 0 0
0.119968 -0.087605 0.471130 255 0 0
0.130483 -0.087605 0.471130 255 0 0
0.125226 -0.084355 0.479636 255 0 0
0.125226 -0.073841 0.479636 255 0 0
0.125226 -0.084355 0.462623 255 0 0
0.125226 -0.073841 0.462623 255 0 0
0.133732 -0.079098 0.465873 255 0 0
0.133732 -0.079098 0.476387 255 0 0
0.116719 -0.079098 0.465873 255 0 0
0.116719 -0.079098 0.476387 255 0 0
0.117135 -0.074098 0.474220 255 0 0
0.120226 -0.076008 0.479220 255 0 0
0.122135 -0.071008 0.476130 255 0 0
0.128316 -0.071008 0.476130 255 0 0
0.125226 -0.069098 0.471130 255 0 0
0.128316 -0.071008 0.466130 255 0 0
0.122135 -0.071008 0.466130 255 0 0
0.120226 -0.076008 0.463040 255 0 0
0.117135 -0.074098 0.468040 255 0 0
0.115226 -0.079098 0.471130 255 0 0
0.130226 -0.076008 0.479220 255 0 0
0.133316 -0.074098 0.474220 255 0 0
0.120226 -0.082188 0.479220 255 0 0
0.125226 -0.079098 0.481130 255 0 0
0.117135 -0.084098 0.468040 255 0 0
0.117135 -0.084098 0.474220 255 0 0
0.125226 -0.079098 0.461130 255 0 0
0.120226 -0.082188 0.463040 255 0 0
0.133316 -0.074098 0.468040 255 0 0
0.130226 -0.076008 0.463040 255 0 0
0.133316 -0.084098 0.474220 255 0 0
0.130226 -0.082188 0.479220 255 0 0
0.128316 -0.087188 0.476130 255 0 0
0.122135 -0.087188 0.476130 255 0 0
0.125226 -0.089098 0.471130 255 0 0
0.122135 -0.087188 0.466130 255 0 0
0.128316 -0.087188 0.466130 255 0 0
0.130226 -0.082188 0.463040 255 0 0
0.133316 -0.084098 0.468040 255 0 0
0.135226 -0.079098 0.471130 255 0 0
0.171667 -0.083492 0.493240 255 0 0
0.182182 -0.083492 0.493240 255 0 0
0.171667 -0.100505 0.493240 255 0 0
0.182182 -0.100505 0.493240 255 0 0
0.176925 -0.097256 0.501746 255 0 0
0.176925 -0.086741 0.501746 255 0 0
0.176925 -0.097256 0.484733 255 0 0
0.176925 -0.086741 0.484733 255 0 0
0.185431 -0.091998 0.487982 255 0 0
0.185431 -0.091998 0.498497 255 0 0
0.168418 -0.091998 0.487982 255 0 0
0.168418 -0.091998 0.498497 255 0 0
0.168834 -0.086998 0.496330 255 0 0
0.171925 -0.088908 0.501330 255 0 0
0.173834 -0.083908 0.498240 255 0 0
0.180015 -0.083908 0.498240 255 0 0
0.176925 -0.081998 0.493240 255 0 0
0.180015 -0.083908 0.488240 255 0 0
0.173834 -0.083908 0.488240 255 0 0
0.171925 -0.088908 0.485150 255 0 0
0.168834 -0.086998 0.490150 255 0 0
0.166925 -0.091998 0.493240 255 0 0
0.181925 -0.088908 0.501330 255 0 0
0.185015 -0.086998 0.496330 255 0 0
0.171925 -0.095089 0.501330 255 0 0
0.176925 -0.091998 0.503240 255 0 0
0.168834 -0.096998 0.490150 255 0 0
0.168834 -0.096998 0.496330 255 0 0
0.176925 -0.091998 0.483240 255 0 0
0.171925 -0.095089 0.485150 255 0 0
0.185015 -0.086998 0.490150 255 0 0
0.181925 -0.088908 0.485150 255 0 0
0.185015 -0.096998 0.496330 255 0 0
0.181925 -0.095089 0.501330 255 0 0
0.180015 -0.100089 0.498240 255 0 0
0.173834 -0.100089 0.498240 255 0 0
0.176925 -0.101998 0.493240 255 0 0
0.173834 -0.100089 0.488240 255 0 0
0.180015 -0.100089 0.488240 255 0 0
0.181925 -0.095089 0.485150 255 0 0
0.185015 -0.096998 0.490150 255 0 0
0.186925 -0.091998 0.493240 255 0 0
0.161457 -0.081870 0.488995 255 0 0
0.171972 -0.081870 0.488995 255 0 0
0.161457 -0.098883 0.488995 255 0 0
0.171972 -0.098883 0.488995 255 0 0
0.166714 -0.095634 0.497501 255 0 0
0.166714 -0.085120 0.497501 255 0 0
0.166714 -0.095634 0.480488 255 0 0
0.166714 -0.085120 0.480488 255 0 0
0.175221 -0.090377 0.483737 255 0 0
0.175221 -0.090377 0.494252 255 0 0
0.158208 -0.090377 0.483737 255 0 0
0.158208 -0.090377 0.494252 255 0 0
0.158624 -0.085377 0.492085 255 0 0
0.161714 -0.087287 0.497085 255 0 0
0.163624 -0.082287 0.493995 255 0 0
0.169805 -0.082287 0.493995 255 0 0
0.166714 -0.080377 0.488995 255 0 0
0.169805 -0.082287 0.483995 255 0 0
0.163624 -0.082287 0.483995 255 0 0
0.161714 -0.087287 0.480905 255 0 0
0.158624 -0.085377 0.485905 255 0 0
0.156714 -0.090377 0.488995 255 0 0
0.171714 -0.087287 0.497085 255 0 0
0.174805 -0.085377 0.492085 255 0 0
0.161714 -0.093467 0.497085 255 0 0
0.166714 -0.090377 0.498995 255 0 0
0.158624 -0.095377 0.485905 255 0 0
0.158624 -0.095377 0.492085 255 0 0
0.166714 -0.090377 0.478995 255 0 0
0.161714 -0.093467 0.480905 255 0 0
0.174805 -0.085377 0.485905 255 0 0
0.171714 -0.087287 0.480905 255 0 0
0.174805 -0.095377 0.492085 255 0 0
0.171714 -0.093467 0.497085 255 0 0
0.169805 -0.098467 0.493995 255 0 0
0.163624 -0.098467 0.493995 255 0 0
0.166714 -0.100377 0.488995 255 0 0
0.163624 -0.098467 0.483995 255 0 0
0.169805 -0.098467 0.483995 255 0 0
0.171714 -0.093467 0.480905 255 0 0
0.174805 -0.095377 0.485905 255 0 0
0.176714 -0.090377 0.488995 255 0 0
0.168642 -0.103607 0.481558 255 0 0
0.179157 -0.103607 0.481558 255 0 0
0.168642 -0.120620 0.481558 255 0 0
0.179157 -0.120620 0.481558 255 0 0
0.173900 -0.117371 0.490064 255 0 0
0.173900 -0.106856 0.490064 255 0 0
0.173900 -0.117371 0.473051 255 0 0
0.173900 -0.106856 0.473051 255 0 0
0.182406 -0.112114 0.476300 255 0 0
0.182406 -0.112114 0.486815 255 0 0
0.165393 -0.112114 0.476300 255 0 0
0.165393 -0.112114 0.486815 255 0 0
0.165809 -0.107114 0.484648 255 0 0
0.168900 -0.109024 0.489648 255 0 0
0.170809 -0.104024 0.486558 255 0 0
0.176990 -0.104024 0.486558 255 0 0
0.173900 -0.102114 0.481558 255 0 0
0.176990 -0.104024 0.476558 255 0 0
0.170809 -0.104024 0.476558 255 0 0
0.168900 -0.109024 0.473467 255 0 0
0.165809 -0.107114 0.478467 255 0 0
0.163900 -0.112114 0.481558 255 0 0
0.178900 -0.109024 0.489648 255 0 0
0.181990 -0.107114 0.484648 255 0 0
0.168900 -0.115204 0.489648 255 0 0
0.173900 -0.112114 0.491558 255 0 0
0.165809 -0.117114 0.478467 255 0 0
0.165809 -0.117114 0.484648 255 0 0
0.173900 -0.112114 0.471558 255 0 0
0.168900 -0.115204 0.473467 255 0 0
0.181990 -0.107114 0.478467 255 0 0
0.178900 -0.109024 0.473467 255 0 0
0.181990 -0.117114 0.484648 255 0 0
0.178900 -0.115204 0.489648 255 0 0
0.176990 -0.120204 0.486558 255 0 0
0.170809 -0.120204 0.486558 255 0 0
0.173900 -0.122114 0.481558 255 0 0
0.170809 -0.120204 0.476558 255 0 0
0.176990 -0.120204 0.476558 255 0 0
0.178900 -0.115204 0.473467 255 0 0
0.181990 -0.117114 0.478467 255 0 0
0.183900 -0.112114 0.481558 255 0 0
0.185765 -0.102269 0.493936 255 0 0
0.196280 -0.102269 0.493936 255 0 0
0.185765 -0.119282 0.493936 255 0 0
0.196280 -0.119282 0.493936 255 0 0
0.191023 -0.116032 0.502442 255 0 0
0.191023 -0.105518 0.502442 255 0 0
0.191023 -0.116032 0.485429 255 0 0
0.191023 -0.105518 0.485429 255 0 0
0.199529 -0.110775 0.488679 255 0 0
0.199529 -0.110775 0.499193 255 0 0
0.182516 -0.110775 0.488679 255 0 0
0.182516 -0.110775 0.499193 255 0 0
0.182932 -0.105775 0.497026 255 0 0
0.186023 -0.107685 0.502026 255 0 0
0.187932 -0.102685 0.498936 255 0 0
0.194113 -0.102685 0.498936 255 0 0
0.191023 -0.100775 0.493936 255 0 0
0.194113 -0.102685 0.488936 255 0 0
0.187932 -0.102685 0.488936 255 0 0
0.186023 -0.107685 0.485846 255 0 0
0.182932 -0.105775 0.490846 255 0 0
0.181023 -0.110775 0.493936 255 0 0
0.196023 -0.107685 0.502026 255 0 0
0.199113 -0.105775 0.497026 255 0 0
0.186023 -0.113865 0.502026 255 0 0
0.191023 -0.110775 0.503936 255 0 0
0.182932 -0.115775 0.490846 255 0 0
0.182932 -0.115775 0.497026 255 0 0
0.191023 -0.110775 0.483936 255 0 0
0.186023 -0.113865 0.485846 255 0 0
0.199113 -0.105775 0.490846 255 0 0
0.196023 -0.107685 0.485846 255 0 0
0.199113 -0.115775 0.497026 255 0 0
0.196023 -0.113865 0.502026 255 0 0
0.194113 -0.118865 0.498936 255 0 0
0.187932 -0.118865 0.498936 255 0 0
0.191023 -0.120775 0.493936 255 0 0
0.187932 -0.118865 0.488936 255 0 0
0.194113 -0.118865 0.488936 255 0 0
0.196023 -0.113865 0.485846 255 0 0
0.199113 -0.115775 0.490846 255 0 0
0.201023 -0.110775 0.493936 255 0 0
0.170860 -0.075137 0.498245 255 0 0
0.181375 -0.075137 0.498245 255 0 0
0.170860 -0.092150 0.498245 255 0 0
0.181375 -0.092150 0.498245 255 0 0
0.176118 -0.088900 0.506752 255 0 0
0.176118 -0.078386 0.506752 255 0 0
0.176118 -0.088900 0.489739 255 0 0
0.176118 -0.078386 0.489739 255 0 0
0.184624 -0.083643 0.492988 255 0 0
0.184624 -0.083643 0.503503 255 0 0
0.167611 -0.083643 0.492988 255 0 0
0.167611 -0.083643 0.503503 255 0 0
0.168027 -0.078643 0.501336 255 0 0
0.171118 -0.080553 0.506336 255 0 0
0.173027 -0.075553 0.503245 255 0 0
0.179208 -0.075553 0.503245 255 0 0
0.176118 -0.073643 0.498245 255 0 0
0.179208 -0.075553 0.493245 255 0 0
0.173027 -0.075553 0.493245 255 0 0
0.171118 -0.080553 0.490155 255 0 0
0.168027 -0.078643 0.495155 255 0 0
0.166118 -0.083643 0.498245 255 0 0
0.181118 -0.080553 0.506336 255 0 0
0.184208 -0.078643 0.501336 255 0 0
0.171118 -0.086733 0.506336 255 0 0
0.176118 -0.083643 0.508245 255 0 0
0.168027 -0.088643 0.495155 255 0 0
0.168027 -0.088643 0.501336 255 0 0
0.176118 -0.083643 0.488245 255 0 0
0.171118 -0.086733 0.490155 255 0 0
0.184208 -0.078643 0.495155 255 0 0
0.181118 -0.080553 0.490155 255 0 0
0.184208 -0.088643 0.501336 255 0 0
0.181118 -0.086733 0.506336 255 0 0
0.179208 -0.091733 0.503245 255 0 0
0.173027 -0.091733 0.503245 255 0 0
0.176118 -0.093643 0.498245 255 0 0
0.173027 -0.091733 0.493245 255 0 0
0.179208 -0.091733 0.493245 255 0 0
0.181118 -0.086733 0.490155 255 0 0
0.184208 -0.088643 0.495155 255 0 0
0.186118 -0.083643 0.498245 255 0 0
0.167301 -0.067302 0.491051 255 0 0
0.177816 -0.067302 0.491051 255 0 0
0.167301 -0.084315 0.491051 255 0 0
0.177816 -0.084315 0.491051 255 0 0
0.172559 -0.081066 0.499557 255 0 0
0.172559 -0.070551 0.499557 255 0 0
0.172559 -0.081066 0.482544 255 0 0
0.172559 -0.070551 0.482544 255 0 0
0.181065 -0.075808 0.485793 255 0 0
0.181065 -0.075808 0.496308 255 0 0
0.164052 -0.075808 0.485793 255 0 0
0.164052 -0.075808 0.496308 255 0 0
0.164468 -0.070808 0.494141 255 0 0
0.167559 -0.072718 0.499141 255 0 0
0.169468 -0.067718 0.496051 255 0 0
0.175649 -0.067718 0.496051 255 0 0
0.172559 -0.065808 0.491051 255 0 0
0.175649 -0.067718 0.486051 255 0 0
0.169468 -0.067718 0.486051 255 0 0
0.167559 -0.072718 0.482960 255 0 0
0.164468 -0.070808 0.487960 255 0 0
0.162559 -0.075808 0.491051 255 0 0
0.177559 -0.072718 0.499141 255 0 0
0.180649 -0.070808 0.494141 255 0 0
0.167559 -0.078899 0.499141 255 0 0
0.172559 -0.075808 0.501051 255 0 0
0.164468 -0.080808 0.487960 255 0 0
0.164468 -0.080808 0.494141 255 0 0
0.172559 -0.075808 0.481051 255 0 0
0.167559 -0.078899 0.482960 255 0 0
0.180649 -0.070808 0.487960 255 0 0
0.177559 -0.072718 0.482960 255 0 0
0.180649 -0.080808 0.494141 255 0 0
0.177559 -0.078899 0.499141 255 0 0
0.175649 -0.083899 0.496051 255 0 0
0.169468 -0.083899 0.496051 255 0 0
0.172559 -0.085808 0.491051 255 0 0
0.169468 -0.083899 0.486051 255 0 0
0.175649 -0.083899 0.486051 255 0 0
0.177559 -0.078899 0.482960 255 0 0
0.180649 -0.080808 0.487960 255 0 0
0.182559 -0.075808 0.491051 255 0 0
0.188869 -0.091316 0.508799 255 0 0
0.199383 -0.091316 0.508799 255 0 0
0.188869 -0.108329 0.508799 255 0 0
0.199383 -0.108329 0.508799 255 0 0
0.194126 -0.105080 0.517305 255 0 0
0.194126 -0.094565 0.517305 255 0 0
0.194126 -0.105080 0.500292 255 0 0
0.194126 -0.094565 0.500292 255 0 0
0.202632 -0.099822 0.503541 255 0 0
0.202632 -0.099822 0.514056 255 0 0
0.185619 -0.099822 0.503541 255 0 0
0.185619 -0.099822 0.514056 255 0 0
0.186036 -0.094822 0.511889 255 0 0
0.189126 -0.096732 0.516889 255 0 0
0.191036 -0.091732 0.513799 255 0 0
0.197216 -0.091732 0.513799 255 0 0
0.194126 -0.089822 0.508799 255 0 0
0.197216 -0.091732 0.503799 255 0 0
0.191036 -0.091732 0.503799 255 0 0
0.189126 -0.096732 0.500708 255 0 0
0.186036 -0.094822 0.505709 255 0 0
0.184126 -0.099822 0.508799 255 0 0
0.199126 -0.096732 0.516889 255 0 0
0.202216 -0.094822 0.511889 255 0 0
0.189126 -0.102913 0.516889 255 0 0
0.194126 -0.099822 0.518799 255 0 0
0.186036 -0.104822 0.505709 255 0 0
0.186036 -0.104822 0.511889 255 0 0
0.194126 -0.099822 0.498799 255 0 0
0.189126 -0.102913 0.500708 255 0 0
0.202216 -0.094822 0.505709 255 0 0
0.199126 -0.096732 0.500708 255 0 0
0.202216 -0.104822 0.511889 255 0 0
0.199126 -0.102913 0.516889 255 0 0
0.197216 -0.107913 0.513799 255 0 0
0.191036 -0.107913 0.513799 255 0 0
0.194126 -0.109822 0.508799 255 0 0
0.191036 -0.107913 0.503799 255 0 0
0.197216 -0.107913 0.503799 255 0 0
0.199126 -0.102913 0.500708 255 0 0
0.202216 -0.104822 0.505709 255 0 0
0.204126 -0.099822 0.508799 255 0 0
0.185365 -0.094940 0.505689 255 0 0
0.195879 -0.094940 0.505689 255 0 0
0.185365 -0.111953 0.505689 255 0 0
0.195879 -0.111953 0.505689 255 0 0
0.190622 -0.108704 0.514196 255 0 0
0.190622 -0.098189 0.514196 255 0 0
0.190622 -0.108704 0.497183 255 0 0
0.190622 -0.098189 0.497183 255 0 0
0.199128 -0.103447 0.500432 255 0 0
0.199128 -0.103447 0.510946 255 0 0
0.182115 -0.103447 0.500432 255 0 0
0.182115 -0.103447 0.510946 255 0 0
0.182532 -0.098447 0.508779 255 0 0
0.185622 -0.100357 0.513779 255 0 0
0.187532 -0.095357 0.510689 255 0 0
0.193712 -0.095357 0.510689 255 0 0
0.190622 -0.093447 0.505689 255 0 0
0.193712 -0.095357 0.500689 255 0 0
0.187532 -0.095357 0.500689 255 0 0
0.185622 -0.100357 0.497599 255 0 0
0.182532 -0.098447 0.502599 255 0 0
0.180622 -0.103447 0.505689 255 0 0
0.195622 -0.100357 0.513779 255 0 0
0.198712 -0.098447 0.508779 255 0 0
0.185622 -0.106537 0.513779 255 0 0
0.190622 -0.103447 0.515689 255 0 0
0.182532 -0.108447 0.502599 255 0 0
0.182532 -0.108447 0.508779 255 0 0
0.190622 -0.103447 0.495689 255 0 0
0.185622 -0.106537 0.497599 255 0 0
0.198712 -0.098447 0.502599 255 0 0
0.195622 -0.100357 0.497599 255 0 0
0.198712 -0.108447 0.508779 255 0 0
0.195622 -0.106537 0.513779 255 0 0
0.193712 -0.111537 0.510689 255 0 0
0.187532 -0.111537 0.510689 255 0 0
0.190622 -0.113447 0.505689 255 0 0
0.187532 -0.111537 0.500689 255 0 0
0.193712 -0.111537 0.500689 255 0 0
0.195622 -0.106537 0.497599 255 0 0
0.198712 -0.108447 0.502599 255 0 0
0.200622 -0.103447 0.505689 255 0 0
0.182583 -0.066150 0.507424 255 0 0
0.193098 -0.066150 0.507424 255 0 0
0.182583 -0.083163 0.507424 255 0 0
0.193098 -0.083163 0.507424 255 0 0
0.187841 -0.079913 0.515930 255 0 0
0.187841 -0.069399 0.515930 255 0 0
0.187841 -0.079913 0.498917 255 0 0
0.187841 -0.069399 0.498917 255 0 0
0.196347 -0.074656 0.502166 255 0 0
0.196347 -0.074656 0.512681 255 0 0
0.179334 -0.074656 0.502166 255 0 0
0.179334 -0.074656 0.512681 255 0 0
0.179751 -0.069656 0.510514 255 0 0
0.182841 -0.071566 0.515514 255 0 0
0.184751 -0.066566 0.512424 255 0 0
0.190931 -0.066566 0.512424 255 0 0
0.187841 -0.064656 0.507424 255 0 0
0.190931 -0.066566 0.502424 255 0 0
0.184751 -0.066566 0.502424 255 0 0
0.182841 -0.071566 0.499334 255 0 0
0.179751 -0.069656 0.504334 255 0 0
0.177841 -0.074656 0.507424 255 0 0
0.192841 -0.071566 0.515514 255 0 0
0.195931 -0.069656 0.510514 255 0 0
0.182841 -0.077746 0.515514 255 0 0
0.187841 -0.074656 0.517424 255 0 0
0.179751 -0.079656 0.504334 255 0 0
0.179751 -0.079656 0.510514 255 0 0
0.187841 -0.074656 0.497424 255 0 0
0.182841 -0.077746 0.499334 255 0 0
0.195931 -0.069656 0.504334 255 0 0
0.192841 -0.071566 0.499334 255 0 0
0.195931 -0.079656 0.510514 255 0 0
0.192841 -0.077746 0.515514 255 0 0
0.190931 -0.082746 0.512424 255 0 0
0.184751 -0.082746 0.512424 255 0 0
0.187841 -0.084656 0.507424 255 0 0
0.184751 -0.082746 0.502424 255 0 0
0.190931 -0.082746 0.502424 255 0 0
0.192841 -0.077746 0.499334 255 0 0
0.195931 -0.079656 0.504334 255 0 0
0.197841 -0.074656 0.507424 255 0 0
0.185311 -0.072130 0.505859 255 0 0
0.195826 -0.072130 0.505859 255 0 0
0.185311 -0.089143 0.505859 255 0 0
0.195826 -0.089143 0.505859 255 0 0
0.190569 -0.085893 0.514366 255 0 0
0.190569 -0.075379 0.514366 255 0 0
0.190569 -0.085893 0.497353 255 0 0
0.190569 -0.075379 0.497353 255 0 0
0.199075 -0.080636 0.500602 255 0 0
0.199075 -0.080636 0.511116 255 0 0
0.182062 -0.080636 0.500602 255 0 0
0.182062 -0.080636 0.511116 255 0 0
0.182479 -0.075636 0.508949 255 0 0
0.185569 -0.077546 0.513949 255 0 0
0.187479 -0.072546 0.510859 255 0 0
0.193659 -0.072546 0.510859 255 0 0
0.190569 -0.070636 0.505859 255 0 0
0.193659 -0.072546 0.500859 255 0 0
0.187479 -0.072546 0.500859 255 0 0
0.185569 -0.077546 0.497769 255 0 0
0.182479 -0.075636 0.502769 255 0 0
0.180569 -0.080636 0.505859 255 0 0
0.195569 -0.077546 0.513949 255 0 0
0.198659 -0.075636 0.508949 255 0 0
0.185569 -0.083726 0.513949 255 0 0
0.190569 -0.080636 0.515859 255 0 0
0.182479 -0.085636 0.502769 255 0 0
0.182479 -0.085636 0.508949 255 0 0
0.190569 -0.080636 0.495859 255 0 0
0.185569 -0.083726 0.497769 255 0 0
0.198659 -0.075636 0.502769 255 0 0
0.195569 -0.077546 0.497769 255 0 0
0.198659 -0.085636 0.508949 255 0 0
0.195569 -0.083726 0.513949 255 0 0
0.193659 -0.088726 0.510859 255 0 0
0.187479 -0.088726 0.510859 255 0 0
0.190569 -0.090636 0.505859 255 0 0
0.187479 -0.088726 0.500859 255 0 0
0.193659 -0.088726 0.500859 255 0 0
0.195569 -0.083726 0.497769 255 0 0
0.198659 -0.085636 0.502769 255 0 0
0.200569 -0.080636 0.505859 255 0 0
0.148298 -0.052912 0.477466 255 0 0
0.158813 -0.052912 0.477466 255 0 0
0.148298 -0.069925 0.477466 255 0 0
0.158813 -0.069925 0.477466 255 0 0
0.153556 -0.066676 0.485973 255 0 0
0.153556 -0.056161 0.485973 255 0 0
0.153556 -0.066676 0.468960 255 0 0
0.153556 -0.056161 0.468960 255 0 0
0.162062 -0.061418 0.472209 255 0 0
0.162062 -0.061418 0.482724 255 0 0
0.145049 -0.061418 0.472209 255 0 0
0.145049 -0.061418 0.482724 255 0 0
0.145466 -0.056418 0.480557 255 0 0
0.148556 -0.058328 0.485557 255 0 0
0.150466 -0.053328 0.482466 255 0 0
0.156646 -0.053328 0.482466 255 0 0
0.153556 -0.051418 0.477466 255 0 0
0.156646 -0.053328 0.472466 255 0 0
0.150466 -0.053328 0.472466 255 0 0
0.148556 -0.058328 0.469376 255 0 0
0.145466 -0.056418 0.474376 255 0 0
0.143556 -0.061418 0.477466 255 0 0
0.158556 -0.058328 0.485557 255 0 0
0.161646 -0.056418 0.480557 255 0 0
0.148556 -0.064508 0.485557 255 0 0
0.153556 -0.061418 0.487466 255 0 0
0.145466 -0.066418 0.474376 255 0 0
0.145466 -0.066418 0.480557 255 0 0
0.153556 -0.061418 0.467466 255 0 0
0.148556 -0.064508 0.469376 255 0 0
0.161646 -0.056418 0.474376 255 0 0
0.158556 -0.058328 0.469376 255 0 0
0.161646 -0.066418 0.480557 255 0 0
0.158556 -0.064508 0.485557 255 0 0
0.156646 -0.069508 0.482466 255 0 0
0.150466 -0.069508 0.482466 255 0 0
0.153556 -0.071418 0.477466 255 0 0
0.150466 -0.069508 0.472466 255 0 0
0.156646 -0.069508 0.472466 255 0 0
0.158556 -0.064508 0.469376 255 0 0
0.161646 -0.066418 0.474376 255 0 0
0.163556 -0.061418 0.477466 255 0 0
0.155356 -0.060377 0.481274 255 0 0
0.165870 -0.060377 0.481274 255 0 0
0.155356 -0.077390 0.481274 255 0 0
0.165870 -0.077390 0.481274 255 0 0
0.160613 -0.074141 0.489781 255 0 0
0.160613 -0.063626 0.489781 255 0 0
0.160613 -0.074141 0.472768 255 0 0
0.160613 -0.063626 0.472768 255 0 0
0.169119 -0.068884 0.476017 255 0 0
0.169119 -0.068884 0.486531 255 0 0
0.152106 -0.068884 0.476017 255 0 0
0.152106 -0.068884 0.486531 255 0 0
0.152523 -0.063884 0.484364 255 0 0
0.155613 -0.065793 0.489364 255 0 0
0.157523 -0.060793 0.486274 255 0 0
0.163703 -0.060793 0.486274 255 0 0
0.160613 -0.058884 0.481274 255 0 0
0.163703 -0.060793 0.476274 255 0 0
0.157523 -0.060793 0.476274 255 0 0
0.155613 -0.065793 0.473184 255 0 0
0.152523 -0.063884 0.478184 255 0 0
0.150613 -0.068884 0.481274 255 0 0
0.165613 -0.065793 0.489364 255 0 0
0.168703 -0.063884 0.484364 255 0 0
0.155613 -0.071974 0.489364 255 0 0
0.160613 -0.068884 0.491274 255 0 0
0.152523 -0.073884 0.478184 255 0 0
0.152523 -0.073884 0.484364 255 0 0
0.160613 -0.068884 0.471274 255 0 0
0.155613 -0.071974 0.473184 255 0 0
0.168703 -0.063884 0.478184 255 0 0
0.165613 -0.065793 0.473184 255 0 0
0.168703 -0.073884 0.484364 255 0 0
0.165613 -0.071974 0.489364 255 0 0
0.163703 -0.076974 0.486274 255 0 0
0.157523 -0.076974 0.486274 255 0 0
0.160613 -0.078884 0.481274 255 0 0
0.157523 -0.076974 0.476274 255 0 0
0.163703 -0.076974 0.476274 255 0 0
0.165613 -0.071974 0.473184 255 0 0
0.168703 -0.073884 0.478184 255 0 0
0.170613 -0.068884 0.481274 255 0 0
0.056586 0.084770 0.450189 255 0 0
0.067100 0.084770 0.450189 255 0 0
0.056586 0.067757 0.450189 255 0 0
0.067100 0.067757 0.450189 255 0 0
0.061843 0.071006 0.458696 255 0 0
0.061843 0.081521 0.458696 255 0 0
0.061843 0.071006 0.441683 255 0 0
0.061843 0.081521 0.441683 255 0 0
0.070349 0.076263 0.444932 255 0 0
0.070349 0.076263 0.455446 255 0 0
0.053336 0.076263 0.444932 255 0 0
0.053336 0.076263 0.455446 255 0 0
0.053753 0.081263 0.453279 255 0 0
0.056843 0.079353 0.458279 255 0 0
0.058753 0.084353 0.455189 255 0 0
0.064933 0.084353 0.455189 255 0 0
0.061843 0.086263 0.450189 255 0 0
0.064933 0.084353 0.445189 255 0 0
0.058753 0.084353 0.445189 255 0 0
0.056843 0.079353 0.442099 255 0 0
0.053753 0.081263 0.447099 255 0 0
0.051843 0.076263 0.450189 255 0 0
0.066843 0.079353 0.458279 255 0 0
0.069933 0.081263 0.453279 255 0 0
0.056843 0.073173 0.458279 255 0 0
0.061843 0.076263 0.460189 255 0 0
0.053753 0.071263 0.447099 255 0 0
0.053753 0.071263 0.453279 255 0 0
0.061843 0.076263 0.440189 255 0 0
0.056843 0.073173 0.442099 255 0 0
0.069933 0.081263 0.447099 255 0 0
0.066843 0.079353 0.442099 255 0 0
0.069933 0.071263 0.453279 255 0 0
0.066843 0.073173 0.458279 255 0 0
0.064933 0.068173 0.455189 255 0 0
0.058753 0.068173 0.455189 255 0 0
0.061843 0.066263 0.450189 255 0 0
0.058753 0.068173 0.445189 255 0 0
0.064933 0.068173 0.445189 255 0 0
0.066843 0.073173 0.442099 255 0 0
0.069933 0.071263 0.447099 255 0 0
0.071843 0.076263 0.450189 255 0 0
0.058810 0.080889 0.451730 255 0 0
0.069325 0.080889 0.451730 255 0 0
0.058810 0.063875 0.451730 255 0 0
0.069325 0.063875 0.451730 255 0 0
0.064068 0.067125 0.460237 255 0 0
0.064068 0.077639 0.460237 255 0 0
0.064068 0.067125 0.443224 255 0 0
0.064068 0.077639 0.443224 255 0 0
0.072574 0.072382 0.446473 255 0 0
0.072574 0.072382 0.456988 255 0 0
0.055561 0.072382 0.446473 255 0 0
0.055561 0.072382 0.456988 255 0 0
0.055977 0.077382 0.454821 255 0 0
0.059068 0.075472 0.459821 255 0 0
0.060977 0.080472 0.456730 255 0 0
0.067158 0.080472 0.456730 255 0 0
0.064068 0.082382 0.451730 255 0 0
0.067158 0.080472 0.446730 255 0 0
0.060977 0.080472 0.446730 255 0 0
0.059068 0.075472 0.443640 255 0 0
0.055977 0.077382 0.448640 255 0 0
0.054068 0.072382 0.451730 255 0 0
0.069068 0.075472 0.459821 255 0 0
0.072158 0.077382 0.454821 255 0 0
0.059068 0.069292 0.459821 255 0 0
0.064068 0.072382 0.461730 255 0 0
0.055977 0.067382 0.448640 255 0 0
0.055977 0.067382 0.454821 255 0 0
0.064068 0.072382 0.441730 255 0 0
0.059068 0.069292 0.443640 255 0 0
0.072158 0.077382 0.448640 255 0 0
0.069068 0.075472 0.443640 255 0 0
0.072158 0.067382 0.454821 255 0 0
0.069068 0.069292 0.459821 255 0 0
0.067158 0.064292 0.456730 255 0 0
0.060977 0.064292 0.456730 255 0 0
0.064068 0.062382 0.451730 255 0 0
0.060977 0.064292 0.446730 255 0 0
0.067158 0.064292 0.446730 255 0 0
0.069068 0.069292 0.443640 255 0 0
0.072158 0.067382 0.448640 255 0 0
0.074068 0.072382 0.451730 255 0 0
0.053356 0.066706 0.447492 255 0 0
0.063871 0.066706 0.447492 255 0 0
0.053356 0.049693 0.447492 255 0 0
0.063871 0.049693 0.447492 255 0 0
0.058614 0.052942 0.455999 255 0 0
0.058614 0.063456 0.455999 255 0 0
0.058614 0.052942 0.438986 255 0 0
0.058614 0.063456 0.438986 255 0 0
0.067120 0.058199 0.442235 255 0 0
0.067120 0.058199 0.452750 255 0 0
0.050107 0.058199 0.442235 255 0 0
0.050107 0.058199 0.452750 255 0 0
0.050524 0.063199 0.450582 255 0 0
0.053614 0.061289 0.455582 255 0 0
0.055524 0.066289 0.452492 255 0 0
0.061704 0.066289 0.452492 255 0 0
0.058614 0.068199 0.447492 255 0 0
0.061704 0.066289 0.442492 255 0 0
0.055524 0.066289 0.442492 255 0 0
0.053614 0.061289 0.439402 255 0 0
0.050524 0.063199 0.444402 255 0 0
0.048614 0.058199 0.447492 255 0 0
0.063614 0.061289 0.455582 255 0 0
0.066704 0.063199 0.450582 255 0 0
0.053614 0.055109 0.455582 255 0 0
0.058614 0.058199 0.457492 255 0 0
0.050524 0.053199 0.444402 255 0 0
0.050524 0.053199 0.450582 255 0 0
0.058614 0.058199 0.437492 255 0 0
0.053614 0.055109 0.439402 255 0 0
0.066704 0.063199 0.444402 255 0 0
0.063614 0.061289 0.439402 255 0 0
0.066704 0.053199 0.450582 255 0 0
0.063614 0.055109 0.455582 255 0 0
0.061704 0.050109 0.452492 255 0 0
0.055524 0.050109 0.452492 255 0 0
0.058614 0.048199 0.447492 255 0 0
0.055524 0.050109 0.442492 255 0 0
0.061704 0.050109 0.442492 255 0 0
0.063614 0.055109 0.439402 255 0 0
0.066704 0.053199 0.444402 255 0 0
0.068614 0.058199 0.447492 255 0 0
0.056294 0.077819 0.455799 255 0 0
0.066808 0.077819 0.455799 255 0 0
0.056294 0.060806 0.455799 255 0 0
0.066808 0.060806 0.455799 255 0 0
0.061551 0.064055 0.464305 255 0 0
0.061551 0.074569 0.464305 255 0 0
0.061551 0.064055 0.447292 255 0 0
0.061551 0.074569 0.447292 255 0 0
0.070057 0.069312 0.450542 255 0 0
0.070057 0.069312 0.461056 255 0 0
0.053044 0.069312 0.450542 255 0 0
0.053044 0.069312 0.461056 255 0 0
0.053461 0.074312 0.458889 255 0 0
0.056551 0.072402 0.463889 255 0 0
0.058461 0.077402 0.460799 255 0 0
0.064641 0.077402 0.460799 255 0 0
0.061551 0.079312 0.455799 255 0 0
0.064641 0.077402 0.450799 255 0 0
0.058461 0.077402 0.450799 255 0 0
0.056551 0.072402 0.447709 255 0 0
0.053461 0.074312 0.452709 255 0 0
0.051551 0.069312 0.455799 255 0 0
0.066551 0.072402 0.463889 255 0 0
0.069641 0.074312 0.458889 255 0 0
0.056551 0.066222 0.463889 255 0 0
0.061551 0.069312 0.465799 255 0 0
0.053461 0.064312 0.452709 255 0 0
0.053461 0.064312 0.458889 255 0 0
0.061551 0.069312 0.445799 255 0 0
0.056551 0.066222 0.447709 255 0 0
0.069641 0.074312 0.452709 255 0 0
0.066551 0.072402 0.447709 255 0 0
0.069641 0.064312 0.458889 255 0 0
0.066551 0.066222 0.463889 255 0 0
0.064641 0.061222 0.460799 255 0 0
0.058461 0.061222 0.460799 255 0 0
0.061551 0.059312 0.455799 255 0 0
0.058461 0.061222 0.450799 255 0 0
0.064641 0.061222 0.450799 255 0 0
0.066551 0.066222 0.447709 255 0 0
0.069641 0.064312 0.452709 255 0 0
0.071551 0.069312 0.455799 255 0 0
0.062309 0.093129 0.448064 255 0 0
0.072824 0.093129 0.448064 255 0 0
0.062309 0.076116 0.448064 255 0 0
0.072824 0.076116 0.448064 255 0 0
0.067567 0.079365 0.456570 255 0 0
0.067567 0.089880 0.456570 255 0 0
0.067567 0.079365 0.439557 255 0 0
0.067567 0.089880 0.439557 255 0 0
0.076073 0.084623 0.442807 255 0 0
0.076073 0.084623 0.453321 255 0 0
0.059060 0.084623 0.442807 255 0 0
0.059060 0.084623 0.453321 255 0 0
0.059476 0.089623 0.451154 255 0 0
0.062567 0.087713 0.456154 255 0 0
0.064476 0.092713 0.453064 255 0 0
0.070657 0.092713 0.453064 255 0 0
0.067567 0.094623 0.448064 255 0 0
0.070657 0.092713 0.443064 255 0 0
0.064476 0.092713 0.443064 255 0 0
0.062567 0.087713 0.439974 255 0 0
0.059476 0.089623 0.444974 255 0 0
0.057567 0.084623 0.448064 255 0 0
0.072567 0.087713 0.456154 255 0 0
0.075657 0.089623 0.451154 255 0 0
0.062567 0.081532 0.456154 255 0 0
0.067567 0.084623 0.458064 255 0 0
0.059476 0.079623 0.444974 255 0 0
0.059476 0.079623 0.451154 255 0 0
0.067567 0.084623 0.438064 255 0 0
0.062567 0.081532 0.439974 255 0 0
0.075657 0.089623 0.444974 255 0 0
0.072567 0.087713 0.439974 255 0 0
0.075657 0.079623 0.451154 255 0 0
0.072567 0.081532 0.456154 255 0 0
0.070657 0.076532 0.453064 255 0 0
0.064476 0.076532 0.453064 255 0 0
0.067567 0.074623 0.448064 255 0 0
0.064476 0.076532 0.443064 255 0 0
0.070657 0.076532 0.443064 255 0 0
0.072567 0.081532 0.439974 255 0 0
0.075657 0.079623 0.444974 255 0 0
0.077567 0.084623 0.448064 255 0 0
0.057744 0.092137 0.444404 255 0 0
0.068258 0.092137 0.444404 255 0 0
0.057744 0.075124 0.444404 255 0 0
0.068258 0.075124 0.444404 255 0 0
0.063001 0.078373 0.452910 255 0 0
0.063001 0.088888 0.452910 255 0 0
0.063001 0.078373 0.435897 255 0 0
0.063001 0.088888 0.435897 255 0 0
0.071508 0.083630 0.439146 255 0 0
0.071508 0.083630 0.449661 255 0 0
0.054495 0.083630 0.439146 255 0 0
0.054495 0.083630 0.449661 255 0 0
0.054911 0.088630 0.447494 255 0 0
0.058001 0.086721 0.452494 255 0 0
0.059911 0.091721 0.449404 255 0 0
0.066091 0.091721 0.449404 255 0 0
0.063001 0.093630 0.444404 255 0 0
0.066091 0.091721 0.439404 255 0 0
0.059911 0.091721 0.439404 255 0 0
0.058001 0.086721 0.436313 255 0 0
0.054911 0.088630 0.441313 255 0 0
0.053001 0.083630 0.444404 255 0 0
0.068001 0.086721 0.452494 255 0 0
0.071091 0.088630 0.447494 255 0 0
0.058001 0.080540 0.452494 255 0 0
0.063001 0.083630 0.454404 255 0 0
0.054911 0.078630 0.441313 255 0 0
0.054911 0.078630 0.447494 255 0 0
0.063001 0.083630 0.434404 255 0 0
0.058001 0.080540 0.436313 255 0 0
0.071091 0.088630 0.441313 255 0 0
0.068001 0.086721 0.436313 255 0 0
0.071091 0.078630 0.447494 255 0 0
0.068001 0.080540 0.452494 255 0 0
0.066091 0.075540 0.449404 255 0 0
0.059911 0.075540 0.449404 255 0 0
0.063001 0.073630 0.444404 255 0 0
0.059911 0.075540 0.439404 255 0 0
0.066091 0.075540 0.439404 255 0 0
0.068001 0.080540 0.436313 255 0 0
0.071091 0.078630 0.441313 255 0 0
0.073001 0.083630 0.444404 255 0 0
0.082273 0.022062 0.451521 255 0 0
0.092788 0.022062 0.451521 255 0 0
0.082273 0.005049 0.451521 255 0 0
0.092788 0.005049 0.451521 255 0 0
0.087530 0.008298 0.460028 255 0 0
0.087530 0.018813 0.460028 255 0 0
0.087530 0.008298 0.443015 255 0 0
0.087530 0.018813 0.443015 255 0 0
0.096037 0.013556 0.446264 255 0 0
0.096037 0.013556 0.456779 255 0 0
0.079024 0.013556 0.446264 255 0 0
0.079024 0.013556 0.456779 255 0 0
0.079440 0.018556 0.454612 255 0 0
0.082530 0.016646 0.459612 255 0 0
0.084440 0.021646 0.456521 255 0 0
0.090621 0.021646 0.456521 255 0 0
0.087530 0.023556 0.451521 255 0 0
0.090621 0.021646 0.446521 255 0 0
0.084440 0.021646 0.446521 255 0 0
0.082530 0.016646 0.443431 255 0 0
0.079440 0.018556 0.448431 255 0 0
0.077530 0.013556 0.451521 255 0 0
0.092530 0.016646 0.459612 255 0 0
0.095621 0.018556 0.454612 255 0 0
0.082530 0.010466 0.459612 255 0 0
0.087530 0.013556 0.461521 255 0 0
0.079440 0.008556 0.448431 255 0 0
0.079440 0.008556 0.454612 255 0 0
0.087530 0.013556 0.441521 255 0 0
0.082530 0.010466 0.443431 255 0 0
0.095621 0.018556 0.448431 255 0 0
0.092530 0.016646 0.443431 255 0 0
0.095621 0.008556 0.454612 255 0 0
0.092530 0.010466 0.459612 255 0 0
0.090621 0.005466 0.456521 255 0 0
0.084440 0.005466 0.456521 255 0 0
0.087530 0.003556 0.451521 255 0 0
0.084440 0.005466 0.446521 255 0 0
0.090621 0.005466 0.446521 255 0 0
0.092530 0.010466 0.443431 255 0 0
0.095621 0.008556 0.448431 255 0 0
0.097530 0.013556 0.451521 255 0 0
0.069024 0.015590 0.450363 255 0 0
0.079539 0.015590 0.450363 255 0 0
0.069024 -0.001423 0.450363 255 0 0
0.079539 -0.001423 0.450363 255 0 0
0.074281 0.001827 0.458870 255 0 0
0.074281 0.012341 0.458870 255 0 0
0.074281 0.001827 0.441857 255 0 0
0.074281 0.012341 0.441857 255 0 0
0.082788 0.007084 0.445106 255 0 0
0.082788 0.007084 0.455620 255 0 0
0.065775 0.007084 0.445106 255 0 0
0.065775 0.007084 0.455620 255 0 0
0.066191 0.012084 0.453453 255 0 0
0.069281 0.010174 0.458453 255 0 0
0.071191 0.015174 0.455363 255 0 0
0.077372 0.015174 0.455363 255 0 0
0.074281 0.017084 0.450363 255 0 0
0.077372 0.015174 0.445363 255 0 0
0.071191 0.015174 0.445363 255 0 0
0.069281 0.010174 0.442273 255 0 0
0.066191 0.012084 0.447273 255 0 0
0.064281 0.007084 0.450363 255 0 0
0.079281 0.010174 0.458453 255 0 0
0.082372 0.012084 0.453453 255 0 0
0.069281 0.003994 0.458453 255 0 0
0.074281 0.007084 0.460363 255 0 0
0.066191 0.002084 0.447273 255 0 0
0.066191 0.002084 0.453453 255 0 0
0.074281 0.007084 0.440363 255 0 0
0.069281 0.003994 0.442273 255 0 0
0.082372 0.012084 0.447273 255 0 0
0.079281 0.010174 0.442273 255 0 0
0.082372 0.002084 0.453453 255 0 0
0.079281 0.003994 0.458453 255 0 0
0.077372 -0.001006 0.455363 255 0 0
0.071191 -0.001006 0.455363 255 0 0
0.074281 -0.002916 0.450363 255 0 0
0.071191 -0.001006 0.445363 255 0 0
0.077372 -0.001006 0.445363 255 0 0
0.079281 0.003994 0.442273 255 0 0
0.082372 0.002084 0.447273 255 0 0
0.084281 0.007084 0.450363 255 0 0
0.064223 0.050054 0.449654 255 0 0
0.074737 0.050054 0.449654 255 0 0
0.064223 0.033041 0.449654 255 0 0
0.074737 0.033041 0.449654 255 0 0
0.069480 0.036290 0.458160 255 0 0
0.069480 0.046804 0.458160 255 0 0
0.069480 0.036290 0.441147 255 0 0
0.069480 0.046804 0.441147 255 0 0
0.077987 0.041547 0.444397 255 0 0
0.077987 0.041547 0.454911 255 0 0
0.060974 0.041547 0.444397 255 0 0
0.060974 0.041547 0.454911 255 0 0
0.061390 0.046547 0.452744 255 0 0
0.064480 0.044637 0.457744 255 0 0
0.066390 0.049637 0.454654 255 0 0
0.072570 0.049637 0.454654 255 0 0
0.069480 0.051547 0.449654 255 0 0
0.072570 0.049637 0.444654 255 0 0
0.066390 0.049637 0.444654 255 0 0
0.064480 0.044637 0.441564 255 0 0
0.061390 0.046547 0.446564 255 0 0
0.059480 0.041547 0.449654 255 0 0
0.074480 0.044637 0.457744 255 0 0
0.077570 0.046547 0.452744 255 0 0
0.064480 0.038457 0.457744 255 0 0
0.069480 0.041547 0.459654 255 0 0
0.061390 0.036547 0.446564 255 0 0
0.061390 0.036547 0.452744 255 0 0
0.069480 0.041547 0.439654 255 0 0
0.064480 0.038457 0.441564 255 0 0
0.077570 0.046547 0.446564 255 0 0
0.074480 0.044637 0.441564 255 0 0
0.077570 0.036547 0.452744 255 0 0
0.074480 0.038457 0.457744 255 0 0
0.072570 0.033457 0.454654 255 0 0
0.066390 0.033457 0.454654 255 0 0
0.069480 0.031547 0.449654 255 0 0
0.066390 0.033457 0.444654 255 0 0
0.072570 0.033457 0.444654 255 0 0
0.074480 0.038457 0.441564 255 0 0
0.077570 0.036547 0.446564 255 0 0
0.079480 0.041547 0.449654 255 0 0
0.071114 0.044818 0.456147 255 0 0
0.081629 0.044818 0.456147 255 0 0
0.071114 0.027805 0.456147 255 0 0
0.081629 0.027805 0.456147 255 0 0
0.076372 0.031054 0.464653 255 0 0
0.076372 0.041569 0.464653 255 0 0
0.076372 0.031054 0.447640 255 0 0
0.076372 0.041569 0.447640 255 0 0
0.084878 0.036312 0.450890 255 0 0
0.084878 0.036312 0.461404 255 0 0
0.067865 0.036312 0.450890 255 0 0
0.067865 0.036312 0.461404 255 0 0
0.068281 0.041312 0.459237 255 0 0
0.071372 0.039402 0.464237 255 0 0
0.073281 0.044402 0.461147 255 0 0
0.079462 0.044402 0.461147 255 0 0
0.076372 0.046312 0.456147 255 0 0
0.079462 0.044402 0.451147 255 0 0
0.073281 0.044402 0.451147 255 0 0
0.071372 0.039402 0.448057 255 0 0
0.068281 0.041312 0.453057 255 0 0
0.066372 0.036312 0.456147 255 0 0
0.081372 0.039402 0.464237 255 0 0
0.084462 0.041312 0.459237 255 0 0
0.071372 0.033222 0.464237 255 0 0
0.076372 0.036312 0.466147 255 0 0
0.068281 0.031312 0.453057 255 0 0
0.068281 0.031312 0.459237 255 0 0
0.076372 0.036312 0.446147 255 0 0
0.071372 0.033222 0.448057 255 0 0
0.084462 0.041312 0.453057 255 0 0
0.081372 0.039402 0.448057 255 0 0
0.084462 0.031312 0.459237 255 0 0
0.081372 0.033222 0.464237 255 0 0
0.079462 0.028222 0.461147 255 0 0
0.073281 0.028222 0.461147 255 0 0
0.076372 0.026312 0.456147 255 0 0
0.073281 0.028222 0.451147 255 0 0
0.079462 0.028222 0.451147 255 0 0
0.081372 0.033222 0.448057 255 0 0
0.084462 0.031312 0.453057 255 0 0
0.086372 0.036312 0.456147 255 0 0
0.084270 -0.026082 0.463292 255 0 0
0.094785 -0.026082 0.463292 255 0 0
0.084270 -0.043095 0.463292 255 0 0
0.094785 -0.043095 0.463292 255 0 0
0.089527 -0.039846 0.471799 255 0 0
0.089527 -0.029331 0.471799 255 0 0
0.089527 -0.039846 0.454786 255 0 0
0.089527 -0.029331 0.454786 255 0 0
0.098034 -0.034588 0.458035 255 0 0
0.098034 -0.034588 0.468549 255 0 0
0.081021 -0.034588 0.458035 255 0 0
0.081021 -0.034588 0.468549 255 0 0
0.081437 -0.029588 0.466382 255 0 0
0.084527 -0.031498 0.471382 255 0 0
0.086437 -0.026498 0.468292 255 0 0
0.092617 -0.026498 0.468292 255 0 0
0.089527 -0.024588 0.463292 255 0 0
0.092617 -0.026498 0.458292 255 0 0
0.086437 -0.026498 0.458292 255 0 0
0.084527 -0.031498 0.455202 255 0 0
0.081437 -0.029588 0.460202 255 0 0
0.079527 -0.034588 0.463292 255 0 0
0.094527 -0.031498 0.471382 255 0 0
0.097617 -0.029588 0.466382 255 0 0
0.084527 -0.037678 0.471382 255 0 0
0.089527 -0.034588 0.473292 255 0 0
0.081437 -0.039588 0.460202 255 0 0
0.081437 -0.039588 0.466382 255 0 0
0.089527 -0.034588 0.453292 255 0 0
0.084527 -0.037678 0.455202 255 0 0
0.097617 -0.029588 0.460202 255 0 0
0.094527 -0.031498 0.455202 255 0 0
0.097617 -0.039588 0.466382 255 0 0
0.094527 -0.037678 0.471382 255 0 0
0.092617 -0.042678 0.468292 255 0 0
0.086437 -0.042678 0.468292 255 0 0
0.089527 -0.044588 0.463292 255 0 0
0.086437 -0.042678 0.458292 255 0 0
0.092617 -0.042678 0.458292 255 0 0
0.094527 -0.037678 0.455202 255 0 0
0.097617 -0.039588 0.460202 255 0 0
0.099527 -0.034588 0.463292 255 0 0
0.074261 -0.021318 0.466615 255 0 0
0.084775 -0.021318 0.466615 255 0 0
0.074261 -0.038331 0.466615 255 0 0
0.084775 -0.038331 0.466615 255 0 0
0.079518 -0.035082 0.475121 255 0 0
0.079518 -0.024567 0.475121 255 0 0
0.079518 -0.035082 0.458108 255 0 0
0.079518 -0.024567 0.458108 255 0 0
0.088024 -0.029824 0.461357 255 0 0
0.088024 -0.029824 0.471872 255 0 0
0.071011 -0.029824 0.461357 255 0 0
0.071011 -0.029824 0.471872 255 0 0
0.071428 -0.024824 0.469705 255 0 0
0.074518 -0.026734 0.474705 255 0 0
0.076428 -0.021734 0.471615 255 0 0
0.082608 -0.021734 0.471615 255 0 0
0.079518 -0.019824 0.466615 255 0 0
0.082608 -0.021734 0.461615 255 0 0
0.076428 -0.021734 0.461615 255 0 0
0.074518 -0.026734 0.458524 255 0 0
0.071428 -0.024824 0.463524 255 0 0
0.069518 -0.029824 0.466615 255 0 0
0.084518 -0.026734 0.474705 255 0 0
0.087608 -0.024824 0.469705 255 0 0
0.074518 -0.032914 0.474705 255 0 0
0.079518 -0.029824 0.476615 255 0 0
0.071428 -0.034824 0.463524 255 0 0
0.071428 -0.034824 0.469705 255 0 0
0.079518 -0.029824 0.456615 255 0 0
0.074518 -0.032914 0.458524 255 0 0
0.087608 -0.024824 0.463524 255 0 0
0.084518 -0.026734 0.458524 255 0 0
0.087608 -0.034824 0.469705 255 0 0
0.084518 -0.032914 0.474705 255 0 0
0.082608 -0.037914 0.471615 255 0 0
0.076428 -0.037914 0.471615 255 0 0
0.079518 -0.039824 0.466615 255 0 0
0.076428 -0.037914 0.461615 255 0 0
0.082608 -0.037914 0.461615 255 0 0
0.084518 -0.032914 0.458524 255 0 0
0.087608 -0.034824 0.463524 255 0 0
0.089518 -0.029824 0.466615 255 0 0
0.080285 -0.044034 0.453697 255 0 0
0.090800 -0.044034 0.453697 255 0 0
0.080285 -0.061047 0.453697 255 0 0
0.090800 -0.061047 0.453697 255 0 0
0.085542 -0.057797 0.462203 255 0 0
0.085542 -0.047283 0.462203 255 0 0
0.085542 -0.057797 0.445190 255 0 0
0.085542 -0.047283 0.445190 255 0 0
0.094049 -0.052540 0.448440 255 0 0
0.094049 -0.052540 0.458954 255 0 0
0.077036 -0.052540 0.448440 255 0 0
0.077036 -0.052540 0.458954 255 0 0
0.077452 -0.047540 0.456787 255 0 0
0.080542 -0.049450 0.461787 255 0 0
0.082452 -0.044450 0.458697 255 0 0
0.088633 -0.044450 0.458697 255 0 0
0.085542 -0.042540 0.453697 255 0 0
0.088633 -0.044450 0.448697 255 0 0
0.082452 -0.044450 0.448697 255 0 0
0.080542 -0.049450 0.445607 255 0 0
0.077452 -0.047540 0.450607 255 0 0
0.075542 -0.052540 0.453697 255 0 0
0.090542 -0.049450 0.461787 255 0 0
0.093633 -0.047540 0.456787 255 0 0
0.080542 -0.055630 0.461787 255 0 0
0.085542 -0.052540 0.463697 255 0 0
0.077452 -0.057540 0.450607 255 0 0
0.077452 -0.057540 0.456787 255 0 0
0.085542 -0.052540 0.443697 255 0 0
0.080542 -0.055630 0.445607 255 0 0
0.093633 -0.047540 0.450607 255 0 0
0.090542 -0.049450 0.445607 255 0 0
0.093633 -0.057540 0.456787 255 0 0
0.090542 -0.055630 0.461787 255 0 0
0.088633 -0.060630 0.458697 255 0 0
0.082452 -0.060630 0.458697 255 0 0
0.085542 -0.062540 0.453697 255 0 0
0.082452 -0.060630 0.448697 255 0 0
0.088633 -0.060630 0.448697 255 0 0
0.090542 -0.055630 0.445607 255 0 0
0.093633 -0.057540 0.450607 255 0 0
0.095542 -0.052540 0.453697 255 0 0
0.079964 -0.042771 0.459623 255 0 0
0.090478 -0.042771 0.459623 255 0 0
0.079964 -0.059784 0.459623 255 0 0
0.090478 -0.059784 0.459623 255 0 0
0.085221 -0.056535 0.468130 255 0 0
0.085221 -0.046020 0.468130 255 0 0
0.085221 -0.056535 0.451117 255 0 0
0.085221 -0.046020 0.451117 255 0 0
0.093727 -0.051278 0.454366 255 0 0
0.093727 -0.051278 0.464881 255 0 0
0.076714 -0.051278 0.454366 255 0 0
0.076714 -0.051278 0.464881 255 0 0
0.077131 -0.046278 0.462714 255 0 0
0.080221 -0.048187 0.467714 255 0 0
0.082131 -0.043187 0.464623 255 0 0
0.088311 -0.043187 0.464623 255 0 0
0.085221 -0.041278 0.459623 255 0 0
0.088311 -0.043187 0.454623 255 0 0
0.082131 -0.043187 0.454623 255 0 0
0.080221 -0.048187 0.451533 255 0 0
0.077131 -0.046278 0.456533 255 0 0
0.075221 -0.051278 0.459623 255 0 0
0.090221 -0.048187 0.467714 255 0 0
0.093311 -0.046278 0.462714 255 0 0
0.080221 -0.054368 0.467714 255 0 0
0.085221 -0.051278 0.469623 255 0 0
0.077131 -0.056278 0.456533 255 0 0
0.077131 -0.056278 0.462714 255 0 0
0.085221 -0.051278 0.449623 255 0 0
0.080221 -0.054368 0.451533 255 0 0
0.093311 -0.046278 0.456533 255 0 0
0.090221 -0.048187 0.451533 255 0 0
0.093311 -0.056278 0.462714 255 0 0
0.090221 -0.054368 0.467714 255 0 0
0.088311 -0.059368 0.464623 255 0 0
0.082131 -0.059368 0.464623 255 0 0
0.085221 -0.061278 0.459623 255 0 0
0.082131 -0.059368 0.454623 255 0 0
0.088311 -0.059368 0.454623 255 0 0
0.090221 -0.054368 0.451533 255 0 0
0.093311 -0.056278 0.456533 255 0 0
0.095221 -0.051278 0.459623 255 0 0
-0.012778 -0.080229 0.506941 255 0 0
-0.002263 -0.080229 0.506941 255 0 0
-0.012778 -0.097242 0.506941 255 0 0
-0.002263 -0.097242 0.506941 255 0 0
-0.007520 -0.093993 0.515448 255 0 0
-0.007520 -0.083478 0.515448 255 0 0
-0.007520 -0.093993 0.498435 255 0 0
-0.007520 -0.083478 0.498435 255 0 0
0.000986 -0.088735 0.501684 255 0 0
0.000986 -0.088735 0.512199 255 0 0
-0.016027 -0.088735 0.501684 255 0 0
-0.016027 -0.088735 0.512199 255 0 0
-0.015611 -0.083735 0.510032 255 0 0
-0.012520 -0.085645 0.515032 255 0 0
-0.010611 -0.080645 0.511941 255 0 0
-0.004430 -0.080645 0.511941 255 0 0
-0.007520 -0.078735 0.506941 255 0 0
-0.004430 -0.080645 0.501942 255 0 0
-0.010611 -0.080645 0.501942 255 0 0
-0.012520 -0.085645 0.498851 255 0 0
-0.015611 -0.083735 0.503851 255 0 0
-0.017520 -0.088735 0.506941 255 0 0
-0.002520 -0.085645 0.515032 255 0 0
0.000570 -0.083735 0.510032 255 0 0
-0.012520 -0.091825 0.515032 255 0 0
-0.007520 -0.088735 0.516941 255 0 0
-0.015611 -0.093735 0.503851 255 0 0
-0.015611 -0.093735 0.510032 255 0 0
-0.007520 -0.088735 0.496942 255 0 0
-0.012520 -0.091825 0.498851 255 0 0
0.000570 -0.083735 0.503851 255 0 0
-0.002520 -0.085645 0.498851 255 0 0
0.000570 -0.093735 0.510032 255 0 0
-0.002520 -0.091825 0.515032 255 0 0
-0.004430 -0.096825 0.511941 255 0 0
-0.010611 -0.096825 0.511941 255 0 0
-0.007520 -0.098735 0.506941 255 0 0
-0.010611 -0.096825 0.501942 255 0 0
-0.004430 -0.096825 0.501942 255 0 0
-0.002520 -0.091825 0.498851 255 0 0
0.000570 -0.093735 0.503851 255 0 0
0.002480 -0.088735 0.506941 255 0 0
-0.016268 -0.071339 0.513666 255 0 0
-0.005753 -0.071339 0.513666 255 0 0
-0.016268 -0.088353 0.513666 255 0 0
-0.005753 -0.088353 0.513666 255 0 0
-0.011011 -0.085103 0.522172 255 0 0
-0.011011 -0.074589 0.522172 255 0 0
-0.011011 -0.085103 0.505159 255 0 0
-0.011011 -0.074589 0.505159 255 0 0
-0.002504 -0.079846 0.508408 255 0 0
-0.002504 -0.079846 0.518923 255 0 0
-0.019517 -0.079846 0.508408 255 0 0
-0.019517 -0.079846 0.518923 255 0 0
-0.019101 -0.074846 0.516756 255 0 0
-0.016011 -0.076756 0.521756 255 0 0
-0.014101 -0.071756 0.518666 255 0 0
-0.007920 -0.071756 0.518666 255 0 0
-0.011011 -0.069846 0.513666 255 0 0
-0.007920 -0.071756 0.508666 255 0 0
-0.014101 -0.071756 0.508666 255 0 0
-0.016011 -0.076756 0.505575 255 0 0
-0.019101 -0.074846 0.510575 255 0 0
-0.021011 -0.079846 0.513666 255 0 0
-0.006011 -0.076756 0.521756 255 0 0
-0.002920 -0.074846 0.516756 255 0 0
-0.016011 -0.082936 0.521756 255 0 0
-0.011011 -0.079846 0.523666 255 0 0
-0.019101 -0.084846 0.510575 255 0 0
-0.019101 -0.084846 0.516756 255 0 0
-0.011011 -0.079846 0.503666 255 0 0
-0.016011 -0.082936 0.505575 255 0 0
-0.002920 -0.074846 0.510575 255 0 0
-0.006011 -0.076756 0.505575 255 0 0
-0.002920 -0.084846 0.516756 255 0 0
-0.006011 -0.082936 0.521756 255 0 0
-0.007920 -0.087936 0.518666 255 0 0
-0.014101 -0.087936 0.518666 255 0 0
-0.011011 -0.089846 0.513666 255 0 0
-0.014101 -0.087936 0.508666 255 0 0
-0.007920 -0.087936 0.508666 255 0 0
-0.006011 -0.082936 0.505575 255 0 0
-0.002920 -0.084846 0.510575 255 0 0
-0.001011 -0.079846 0.513666 255 0 0
-0.032023 0.059448 0.514494 255 0 0
-0.021508 0.059448 0.514494 255 0 0
-0.032023 0.042435 0.514494 255 0 0
-0.021508 0.042435 0.514494 255 0 0
-0.026765 0.045685 0.523001 255 0 0
-0.026765 0.056199 0.523001 255 0 0
-0.026765 0.045685 0.505988 255 0 0
-0.026765 0.056199 0.505988 255 0 0
-0.018259 0.050942 0.509237 255 0 0
-0.018259 0.050942 0.519751 255 0 0
-0.035272 0.050942 0.509237 255 0 0
-0.035272 0.050942 0.519751 255 0 0
-0.034855 0.055942 0.517584 255 0 0
-0.031765 0.054032 0.522584 255 0 0
-0.029855 0.059032 0.519494 255 0 0
-0.023675 0.059032 0.519494 255 0 0
-0.026765 0.060942 0.514494 255 0 0
-0.023675 0.059032 0.509494 255 0 0
-0.029855 0.059032 0.509494 255 0 0
-0.031765 0.054032 0.506404 255 0 0
-0.034855 0.055942 0.511404 255 0 0
-0.036765 0.050942 0.514494 255 0 0
-0.021765 0.054032 0.522584 255 0 0
-0.018675 0.055942 0.517584 255 0 0
-0.031765 0.047852 0.522584 255 0 0
-0.026765 0.050942 0.524494 255 0 0
-0.034855 0.045942 0.511404 255 0 0
-0.034855 0.045942 0.517584 255 0 0
-0.026765 0.050942 0.504494 255 0 0
-0.031765 0.047852 0.506404 255 0 0
-0.018675 0.055942 0.511404 255 0 0
-0.021765 0.054032 0.506404 255 0 0
-0.018675 0.045942 0.517584 255 0 0
-0.021765 0.047852 0.522584 255 0 0
-0.023675 0.042852 0.519494 255 0 0
-0.029855 0.042852 0.519494 255 0 0
-0.026765 0.040942 0.514494 255 0 0
-0.029855 0.042852 0.509494 255 0 0
-0.023675 0.042852 0.509494 255 0 0
-0.021765 0.047852 0.506404 255 0 0
-0.018675 0.045942 0.511404 255 0 0
-0.016765 0.050942 0.514494 255 0 0
-0.040653 0.074660 0.510436 255 0 0
-0.030138 0.074660 0.510436 255 0 0
-0.040653 0.057647 0.510436 255 0 0
-0.030138 0.057647 0.510436 255 0 0
-0.035395 0.060897 0.518943 255 0 0
-0.035395 0.071411 0.518943 255 0 0
-0.035395 0.060897 0.501930 255 0 0
-0.035395 0.071411 0.501930 255 0 0
-0.026889 0.066154 0.505179 255 0 0
-0.026889 0.066154 0.515694 255 0 0
-0.043902 0.066154 0.505179 255 0 0
-0.043902 0.066154 0.515694 255 0 0
-0.043485 0.071154 0.513526 255 0 0
-0.040395 0.069244 0.518526 255 0 0
-0.038485 0.074244 0.515436 255 0 0
-0.032305 0.074244 0.515436 255 0 0
-0.035395 0.076154 0.510436 255 0 0
-0.032305 0.074244 0.505436 255 0 0
-0.038485 0.074244 0.505436 255 0 0
-0.040395 0.069244 0.502346 255 0 0
-0.043485 0.071154 0.507346 255 0 0
-0.045395 0.066154 0.510436 255 0 0
-0.030395 0.069244 0.518526 255 0 0
-0.027305 0.071154 0.513526 255 0 0
-0.040395 0.063064 0.518526 255 0 0
-0.035395 0.066154 0.520436 255 0 0
-0.043485 0.061154 0.507346 255 0 0
-0.043485 0.061154 0.513526 255 0 0
-0.035395 0.066154 0.500436 255 0 0
-0.040395 0.063064 0.502346 255 0 0
-0.027305 0.071154 0.507346 255 0 0
-0.030395 0.069244 0.502346 255 0 0
-0.027305 0.061154 0.513526 255 0 0
-0.030395 0.063064 0.518526 255 0 0
-0.032305 0.058064 0.515436 255 0 0
-0.038485 0.058064 0.515436 255 0 0
-0.035395 0.056154 0.510436 255 0 0
-0.038485 0.058064 0.505436 255 0 0
-0.032305 0.058064 0.505436 255 0 0
-0.030395 0.063064 0.502346 255 0 0
-0.027305 0.061154 0.507346 255 0 0
-0.025395 0.066154 0.510436 255 0 0
-0.025116 -0.097540 0.507058 255 0 0
-0.014601 -0.097540 0.507058 255 0 0
-0.025116 -0.114553 0.507058 255 0 0
-0.014601 -0.114553 0.507058 255 0 0
-0.019858 -0.111304 0.515565 255 0 0
-0.019858 -0.100789 0.515565 255 0 0
-0.019858 -0.111304 0.498552 255 0 0
-0.019858 -0.100789 0.498552 255 0 0
-0.011352 -0.106046 0.501801 255 0 0
-0.011352 -0.106046 0.512315 255 0 0
-0.028365 -0.106046 0.501801 255 0 0
-0.028365 -0.106046 0.512315 255 0 0
-0.027949 -0.101046 0.510148 255 0 0
-0.024858 -0.102956 0.515148 255 0 0
-0.022949 -0.097956 0.512058 255 0 0
-0.016768 -0.097956 0.512058 255 0 0
-0.019858 -0.096046 0.507058 255 0 0
-0.016768 -0.097956 0.502058 255 0 0
-0.022949 -0.097956 0.502058 255 0 0
-0.024858 -0.102956 0.498968 255 0 0
-0.027949 -0.101046 0.503968 255 0 0
-0.029858 -0.106046 0.507058 255 0 0
-0.014858 -0.102956 0.515148 255 0 0
-0.011768 -0.101046 0.510148 255 0 0
-0.024858 -0.109136 0.515148 255 0 0
-0.019858 -0.106046 0.517058 255 0 0
-0.027949 -0.111046 0.503968 255 0 0
-0.027949 -0.111046 0.510148 255 0 0
-0.019858 -0.106046 0.497058 255 0 0
-0.024858 -0.109136 0.498968 255 0 0
-0.011768 -0.101046 0.503968 255 0 0
-0.014858 -0.102956 0.498968 255 0 0
-0.011768 -0.111046 0.510148 255 0 0
-0.014858 -0.109136 0.515148 255 0 0
-0.016768 -0.114136 0.512058 255 0 0
-0.022949 -0.114136 0.512058 255 0 0
-0.019858 -0.116046 0.507058 255 0 0
-0.022949 -0.114136 0.502058 255 0 0
-0.016768 -0.114136 0.502058 255 0 0
-0.014858 -0.109136 0.498968 255 0 0
-0.011768 -0.111046 0.503968 255 0 0
-0.009858 -0.106046 0.507058 255 0 0
-0.049789 0.077453 0.522377 255 0 0
-0.039274 0.077453 0.522377 255 0 0
-0.049789 0.060440 0.522377 255 0 0
-0.039274 0.060440 0.522377 255 0 0
-0.044531 0.063690 0.530883 255 0 0
-0.044531 0.074204 0.530883 255 0 0
-0.044531 0.063690 0.513870 255 0 0
-0.044531 0.074204 0.513870 255 0 0
-0.036025 0.068947 0.517119 255 0 0
-0.036025 0.068947 0.527634 255 0 0
-0.053038 0.068947 0.517119 255 0 0
-0.053038 0.068947 0.527634 255 0 0
-0.052622 0.073947 0.525467 255 0 0
-0.049531 0.072037 0.530467 255 0 0
-0.047622 0.077037 0.527377 255 0 0
-0.041441 0.077037 0.527377 255 0 0
-0.044531 0.078947 0.522377 255 0 0
-0.041441 0.077037 0.517377 255 0 0
-0.047622 0.077037 0.517377 255 0 0
-0.049531 0.072037 0.514287 255 0 0
-0.052622 0.073947 0.519287 255 0 0
-0.054531 0.068947 0.522377 255 0 0
-0.039531 0.072037 0.530467 255 0 0
-0.036441 0.073947 0.525467 255 0 0
-0.049531 0.065857 0.530467 255 0 0
-0.044531 0.068947 0.532377 255 0 0
-0.052622 0.063947 0.519287 255 0 0
-0.052622 0.063947 0.525467 255 0 0
-0.044531 0.068947 0.512377 255 0 0
-0.049531 0.065857 0.514287 255 0 0
-0.036441 0.073947 0.519287 255 0 0
-0.039531 0.072037 0.514287 255 0 0
-0.036441 0.063947 0.525467 255 0 0
-0.039531 0.065857 0.530467 255 0 0
-0.041441 0.060857 0.527377 255 0 0
-0.047622 0.060857 0.527377 255 0 0
-0.044531 0.058947 0.522377 255 0 0
-0.047622 0.060857 0.517377 255 0 0
-0.041441 0.060857 0.517377 255 0 0
-0.039531 0.065857 0.514287 255 0 0
-0.036441 0.063947 0.519287 255 0 0
-0.034531 0.068947 0.522377 255 0 0
-0.032592 0.101017 0.500906 255 0 0
-0.022077 0.101017 0.500906 255 0 0
-0.032592 0.084004 0.500906 255 0 0
-0.022077 0.084004 0.500906 255 0 0
-0.027335 0.087253 0.509412 255 0 0
-0.027335 0.097768 0.509412 255 0 0
-0.027335 0.087253 0.492399 255 0 0
-0.027335 0.097768 0.492399 255 0 0
-0.018828 0.092510 0.495649 255 0 0
-0.018828 0.092510 0.506163 255 0 0
-0.035841 0.092510 0.495649 255 0 0
-0.035841 0.092510 0.506163 255 0 0
-0.035425 0.097510 0.503996 255 0 0
-0.032335 0.095601 0.508996 255 0 0
-0.030425 0.100601 0.505906 255 0 0
-0.024245 0.100601 0.505906 255 0 0
-0.027335 0.102510 0.500906 255 0 0
-0.024245 0.100601 0.495906 255 0 0
-0.030425 0.100601 0.495906 255 0 0
-0.032335 0.095601 0.492816 255 0 0
-0.035425 0.097510 0.497816 255 0 0
-0.037335 0.092510 0.500906 255 0 0
-0.022335 0.095601 0.508996 255 0 0
-0.019245 0.097510 0.503996 255 0 0
-0.032335 0.089420 0.508996 255 0 0
-0.027335 0.092510 0.510906 255 0 0
-0.035425 0.087510 0.497816 255 0 0
-0.035425 0.087510 0.503996 255 0 0
-0.027335 0.092510 0.490906 255 0 0
-0.032335 0.089420 0.492816 255 0 0
-0.019245 0.097510 0.497816 255 0 0
-0.022335 0.095601 0.492816 255 0 0
-0.019245 0.087510 0.503996 255 0 0
-0.022335 0.089420 0.508996 255 0 0
-0.024245 0.084420 0.505906 255 0 0
-0.030425 0.084420 0.505906 255 0 0
-0.027335 0.082510 0.500906 255 0 0
-0.030425 0.084420 0.495906 255 0 0
-0.024245 0.084420 0.495906 255 0 0
-0.022335 0.089420 0.492816 255 0 0
-0.019245 0.087510 0.497816 255 0 0
-0.017335 0.092510 0.500906 255 0 0
0.011333 0.114733 0.458732 255 0 0
0.021848 0.114733 0.458732 255 0 0
0.011333 0.097720 0.458732 255 0 0
0.021848 0.097720 0.458732 255 0 0
0.016591 0.100969 0.467239 255 0 0
0.016591 0.111483 0.467239 255 0 0
0.016591 0.100969 0.450226 255 0 0
0.016591 0.111483 0.450226 255 0 0
0.025097 0.106226 0.453475 255 0 0
0.025097 0.106226 0.463990 255 0 0
0.008084 0.106226 0.453475 255 0 0
0.008084 0.106226 0.463990 255 0 0
0.008500 0.111226 0.461823 255 0 0
0.011591 0.109316 0.466823 255 0 0
0.013500 0.114316 0.463732 255 0 0
0.019681 0.114316 0.463732 255 0 0
0.016591 0.116226 0.458732 255 0 0
0.019681 0.114316 0.453732 255 0 0
0.013500 0.114316 0.453732 255 0 0
0.011591 0.109316 0.450642 255 0 0
0.008500 0.111226 0.455642 255 0 0
0.006591 0.106226 0.458732 255 0 0
0.021591 0.109316 0.466823 255 0 0
0.024681 0.111226 0.461823 255 0 0
0.011591 0.103136 0.466823 255 0 0
0.016591 0.106226 0.468732 255 0 0
0.008500 0.101226 0.455642 255 0 0
0.008500 0.101226 0.461823 255 0 0
0.016591 0.106226 0.448732 255 0 0
0.011591 0.103136 0.450642 255 0 0
0.024681 0.111226 0.455642 255 0 0
0.021591 0.109316 0.450642 255 0 0
0.024681 0.101226 0.461823 255 0 0
0.021591 0.103136 0.466823 255 0 0
0.019681 0.098136 0.463732 255 0 0
0.013500 0.098136 0.463732 255 0 0
0.016591 0.096226 0.458732 255 0 0
0.013500 0.098136 0.453732 255 0 0
0.019681 0.098136 0.453732 255 0 0
0.021591 0.103136 0.450642 255 0 0
0.024681 0.101226 0.455642 255 0 0
0.026591 0.106226 0.458732 255 0 0
0.011609 0.106523 0.455304 255 0 0
0.022124 0.106523 0.455304 255 0 0
0.011609 0.089510 0.455304 255 0 0
0.022124 0.089510 0.455304 255 0 0
0.016866 0.092759 0.463811 255 0 0
0.016866 0.103273 0.463811 255 0 0
0.016866 0.092759 0.446798 255 0 0
0.016866 0.103273 0.446798 255 0 0
0.025373 0.098016 0.450047 255 0 0
0.025373 0.098016 0.460562 255 0 0
0.008360 0.098016 0.450047 255 0 0
0.008360 0.098016 0.460562 255 0 0
0.008776 0.103016 0.458395 255 0 0
0.011866 0.101106 0.463395 255 0 0
0.013776 0.106106 0.460304 255 0 0
0.019956 0.106106 0.460304 255 0 0
0.016866 0.108016 0.455304 255 0 0
0.019956 0.106106 0.450304 255 0 0
0.013776 0.106106 0.450304 255 0 0
0.011866 0.101106 0.447214 255 0 0
0.008776 0.103016 0.452214 255 0 0
0.006866 0.098016 0.455304 255 0 0
0.021866 0.101106 0.463395 255 0 0
0.024956 0.103016 0.458395 255 0 0
0.011866 0.094926 0.463395 255 0 0
0.016866 0.098016 0.465304 255 0 0
0.008776 0.093016 0.452214 255 0 0
0.008776 0.093016 0.458395 255 0 0
0.016866 0.098016 0.445304 255 0 0
0.011866 0.094926 0.447214 255 0 0
0.024956 0.103016 0.452214 255 0 0
0.021866 0.101106 0.447214 255 0 0
0.024956 0.093016 0.458395 255 0 0
0.021866 0.094926 0.463395 255 0 0
0.019956 0.089926 0.460304 255 0 0
0.013776 0.089926 0.460304 255 0 0
0.016866 0.088016 0.455304 255 0 0
0.013776 0.089926 0.450304 255 0 0
0.019956 0.089926 0.450304 255 0 0
0.021866 0.094926 0.447214 255 0 0
0.024956 0.093016 0.452214 255 0 0
0.026866 0.098016 0.455304 255 0 0
0.004342 0.096321 0.458187 255 0 0
0.014857 0.096321 0.458187 255 0 0
0.004342 0.079308 0.458187 255 0 0
0.014857 0.079308 0.458187 255 0 0
0.009599 0.082557 0.466694 255 0 0
0.009599 0.093072 0.466694 255 0 0
0.009599 0.082557 0.449681 255 0 0
0.009599 0.093072 0.449681 255 0 0
0.018106 0.087814 0.452930 255 0 0
0.018106 0.087814 0.463444 255 0 0
0.001093 0.087814 0.452930 255 0 0
0.001093 0.087814 0.463444 255 0 0
0.001509 0.092814 0.461277 255 0 0
0.004599 0.090904 0.466277 255 0 0
0.006509 0.095904 0.463187 255 0 0
0.012690 0.095904 0.463187 255 0 0
0.009599 0.097814 0.458187 255 0 0
0.012690 0.095904 0.453187 255 0 0
0.006509 0.095904 0.453187 255 0 0
0.004599 0.090904 0.450097 255 0 0
0.001509 0.092814 0.455097 255 0 0
-0.000401 0.087814 0.458187 255 0 0
0.014599 0.090904 0.466277 255 0 0
0.017690 0.092814 0.461277 255 0 0
0.004599 0.084724 0.466277 255 0 0
0.009599 0.087814 0.468187 255 0 0
0.001509 0.082814 0.455097 255 0 0
0.001509 0.082814 0.461277 255 0 0
0.009599 0.087814 0.448187 255 0 0
0.004599 0.084724 0.450097 255 0 0
0.017690 0.092814 0.455097 255 0 0
0.014599 0.090904 0.450097 255 0 0
0.017690 0.082814 0.461277 255 0 0
0.014599 0.084724 0.466277 255 0 0
0.012690 0.079724 0.463187 255 0 0
0.006509 0.079724 0.463187 255 0 0
0.009599 0.077814 0.458187 255 0 0
0.006509 0.079724 0.453187 255 0 0
0.012690 0.079724 0.453187 255 0 0
0.014599 0.084724 0.450097 255 0 0
0.017690 0.082814 0.455097 255 0 0
0.019599 0.087814 0.458187 255 0 0
-0.008854 0.095807 0.473408 255 0 0
0.001660 0.095807 0.473408 255 0 0
-0.008854 0.078794 0.473408 255 0 0
0.001660 0.078794 0.473408 255 0 0
-0.003597 0.082043 0.481915 255 0 0
-0.003597 0.092558 0.481915 255 0 0
-0.003597 0.082043 0.464902 255 0 0
-0.003597 0.092558 0.464902 255 0 0
0.004910 0.087301 0.468151 255 0 0
0.004910 0.087301 0.478665 255 0 0
-0.012104 0.087301 0.468151 255 0 0
-0.012104 0.087301 0.478665 255 0 0
-0.011687 0.092301 0.476498 255 0 0
-0.008597 0.090391 0.481498 255 0 0
-0.006687 0.095391 0.478408 255 0 0
-0.000507 0.095391 0.478408 255 0 0
-0.003597 0.097301 0.473408 255 0 0
-0.000507 0.095391 0.468408 255 0 0
-0.006687 0.095391 0.468408 255 0 0
-0.008597 0.090391 0.465318 255 0 0
-0.011687 0.092301 0.470318 255 0 0
-0.013597 0.087301 0.473408 255 0 0
0.001403 0.090391 0.481498 255 0 0
0.004493 0.092301 0.476498 255 0 0
-0.008597 0.084211 0.481498 255 0 0
-0.003597 0.087301 0.483408 255 0 0
-0.011687 0.082301 0.470318 255 0 0
-0.011687 0.082301 0.476498 255 0 0
-0.003597 0.087301 0.463408 255 0 0
-0.008597 0.084211 0.465318 255 0 0
0.004493 0.092301 0.470318 255 0 0
0.001403 0.090391 0.465318 255 0 0
0.004493 0.082301 0.476498 255 0 0
0.001403 0.084211 0.481498 255 0 0
-0.000507 0.079211 0.478408 255 0 0
-0.006687 0.079211 0.478408 255 0 0
-0.003597 0.077301 0.473408 255 0 0
-0.006687 0.079211 0.468408 255 0 0
-0.000507 0.079211 0.468408 255 0 0
0.001403 0.084211 0.465318 255 0 0
0.004493 0.082301 0.470318 255 0 0
0.006403 0.087301 0.473408 255 0 0
-0.013082 0.084472 0.474153 255 0 0
-0.002567 0.084472 0.474153 255 0 0
-0.013082 0.067459 0.474153 255 0 0
-0.002567 0.067459 0.474153 255 0 0
-0.007825 0.070709 0.482660 255 0 0
-0.007825 0.081223 0.482660 255 0 0
-0.007825 0.070709 0.465647 255 0 0
-0.007825 0.081223 0.465647 255 0 0
0.000682 0.075966 0.468896 255 0 0
0.000682 0.075966 0.479411 255 0 0
-0.016331 0.075966 0.468896 255 0 0
-0.016331 0.075966 0.479411 255 0 0
-0.015915 0.080966 0.477243 255 0 0
-0.012825 0.079056 0.482243 255 0 0
-0.010915 0.084056 0.479153 255 0 0
-0.004734 0.084056 0.479153 255 0 0
-0.007825 0.085966 0.474153 255 0 0
-0.004734 0.084056 0.469153 255 0 0
-0.010915 0.084056 0.469153 255 0 0
-0.012825 0.079056 0.466063 255 0 0
-0.015915 0.080966 0.471063 255 0 0
-0.017825 0.075966 0.474153 255 0 0
-0.002825 0.079056 0.482243 255 0 0
0.000266 0.080966 0.477243 255 0 0
-0.012825 0.072876 0.482243 255 0 0
-0.007825 0.075966 0.484153 255 0 0
-0.015915 0.070966 0.471063 255 0 0
-0.015915 0.070966 0.477243 255 0 0
-0.007825 0.075966 0.464153 255 0 0
-0.012825 0.072876 0.466063 255 0 0
0.000266 0.080966 0.471063 255 0 0
-0.002825 0.079056 0.466063 255 0 0
0.000266 0.070966 0.477243 255 0 0
-0.002825 0.072876 0.482243 255 0 0
-0.004734 0.067876 0.479153 255 0 0
-0.010915 0.067876 0.479153 255 0 0
-0.007825 0.065966 0.474153 255 0 0
-0.010915 0.067876 0.469153 255 0 0
-0.004734 0.067876 0.469153 255 0 0
-0.002825 0.072876 0.466063 255 0 0
0.000266 0.070966 0.471063 255 0 0
0.002175 0.075966 0.474153 255 0 0
0.009680 0.000015 0.477067 255 0 0
0.020194 0.000015 0.477067 255 0 0
0.009680 -0.016998 0.477067 255 0 0
0.020194 -0.016998 0.477067 255 0 0
0.014937 -0.013748 0.485574 255 0 0
0.014937 -0.003234 0.485574 255 0 0
0.014937 -0.013748 0.468561 255 0 0
0.014937 -0.003234 0.468561 255 0 0
0.023443 -0.008491 0.471810 255 0 0
0.023443 -0.008491 0.482324 255 0 0
0.006430 -0.008491 0.471810 255 0 0
0.006430 -0.008491 0.482324 255 0 0
0.006847 -0.003491 0.480157 255 0 0
0.009937 -0.005401 0.485157 255 0 0
0.011847 -0.000401 0.482067 255 0 0
0.018027 -0.000401 0.482067 255 0 0
0.014937 0.001509 0.477067 255 0 0
0.018027 -0.000401 0.472067 255 0 0
0.011847 -0.000401 0.472067 255 0 0
0.009937 -0.005401 0.468977 255 0 0
0.006847 -0.003491 0.473977 255 0 0
0.004937 -0.008491 0.477067 255 0 0
0.019937 -0.005401 0.485157 255 0 0
0.023027 -0.003491 0.480157 255 0 0
0.009937 -0.011581 0.485157 255 0 0
0.014937 -0.008491 0.487067 255 0 0
0.006847 -0.013491 0.473977 255 0 0
0.006847 -0.013491 0.480157 255 0 0
0.014937 -0.008491 0.467067 255 0 0
0.009937 -0.011581 0.468977 255 0 0
0.023027 -0.003491 0.473977 255 0 0
0.019937 -0.005401 0.468977 255 0 0
0.023027 -0.013491 0.480157 255 0 0
0.019937 -0.011581 0.485157 255 0 0
0.018027 -0.016581 0.482067 255 0 0
0.011847 -0.016581 0.482067 255 0 0
0.014937 -0.018491 0.477067 255 0 0
0.011847 -0.016581 0.472067 255 0 0
0.018027 -0.016581 0.472067 255 0 0
0.019937 -0.011581 0.468977 255 0 0
0.023027 -0.013491 0.473977 255 0 0
0.024937 -0.008491 0.477067 255 0 0
0.020196 0.000476 0.476728 255 0 0
0.030711 0.000476 0.476728 255 0 0
0.020196 -0.016537 0.476728 255 0 0
0.030711 -0.016537 0.476728 255 0 0
0.025453 -0.013288 0.485234 255 0 0
0.025453 -0.002773 0.485234 255 0 0
0.025453 -0.013288 0.468221 255 0 0
0.025453 -0.002773 0.468221 255 0 0
0.033960 -0.008030 0.471471 255 0 0
0.033960 -0.008030 0.481985 255 0 0
0.016947 -0.008030 0.471471 255 0 0
0.016947 -0.008030 0.481985 255 0 0
0.017363 -0.003030 0.479818 255 0 0
0.020453 -0.004940 0.484818 255 0 0
0.022363 0.000060 0.481728 255 0 0
0.028544 0.000060 0.481728 255 0 0
0.025453 0.001970 0.476728 255 0 0
0.028544 0.000060 0.471728 255 0 0
0.022363 0.000060 0.471728 255 0 0
0.020453 -0.004940 0.468638 255 0 0
0.017363 -0.003030 0.473638 255 0 0
0.015453 -0.008030 0.476728 255 0 0
0.030453 -0.004940 0.484818 255 0 0
0.033544 -0.003030 0.479818 255 0 0
0.020453 -0.011120 0.484818 255 0 0
0.025453 -0.008030 0.486728 255 0 0
0.017363 -0.013030 0.473638 255 0 0
0.017363 -0.013030 0.479818 255 0 0
0.025453 -0.008030 0.466728 255 0 0
0.020453 -0.011120 0.468638 255 0 0
0.033544 -0.003030 0.473638 255 0 0
0.030453 -0.004940 0.468638 255 0 0
0.033544 -0.013030 0.479818 255 0 0
0.030453 -0.011120 0.484818 255 0 0
0.028544 -0.016120 0.481728 255 0 0
0.022363 -0.016120 0.481728 255 0 0
0.025453 -0.018030 0.476728 255 0 0
0.022363 -0.016120 0.471728 255 0 0
0.028544 -0.016120 0.471728 255 0 0
0.030453 -0.011120 0.468638 255 0 0
0.033544 -0.013030 0.473638 255 0 0
0.035453 -0.008030 0.476728 255 0 0
0.017269 -0.021428 0.473610 255 0 0
0.027783 -0.021428 0.473610 255 0 0
0.017269 -0.038441 0.473610 255 0 0
0.027783 -0.038441 0.473610 255 0 0
0.022526 -0.035192 0.482116 255 0 0
0.022526 -0.024677 0.482116 255 0 0
0.022526 -0.035192 0.465103 255 0 0
0.022526 -0.024677 0.465103 255 0 0
0.031033 -0.029935 0.468352 255 0 0
0.031033 -0.029935 0.478867 255 0 0
0.014020 -0.029935 0.468352 255 0 0
0.014020 -0.029935 0.478867 255 0 0
0.014436 -0.024935 0.476700 255 0 0
0.017526 -0.026844 0.481700 255 0 0
0.019436 -0.021844 0.478610 255 0 0
0.025616 -0.021844 0.478610 255 0 0
0.022526 -0.019935 0.473610 255 0 0
0.025616 -0.021844 0.468610 255 0 0
0.019436 -0.021844 0.468610 255 0 0
0.017526 -0.026844 0.465520 255 0 0
0.014436 -0.024935 0.470520 255 0 0
0.012526 -0.029935 0.473610 255 0 0
0.027526 -0.026844 0.481700 255 0 0
0.030616 -0.024935 0.476700 255 0 0
0.017526 -0.033025 0.481700 255 0 0
0.022526 -0.029935 0.483610 255 0 0
0.014436 -0.034935 0.470520 255 0 0
0.014436 -0.034935 0.476700 255 0 0
0.022526 -0.029935 0.463610 255 0 0
0.017526 -0.033025 0.465520 255 0 0
0.030616 -0.024935 0.470520 255 0 0
0.027526 -0.026844 0.465520 255 0 0
0.030616 -0.034935 0.476700 255 0 0
0.027526 -0.033025 0.481700 255 0 0
0.025616 -0.038025 0.478610 255 0 0
0.019436 -0.038025 0.478610 255 0 0
0.022526 -0.039935 0.473610 255 0 0
0.019436 -0.038025 0.468610 255 0 0
0.025616 -0.038025 0.468610 255 0 0
0.027526 -0.033025 0.465520 255 0 0
0.030616 -0.034935 0.470520 255 0 0
0.032526 -0.029935 0.473610 255 0 0
0.007971 -0.026542 0.474047 255 0 0
0.018486 -0.026542 0.474047 255 0 0
0.007971 -0.043555 0.474047 255 0 0
0.018486 -0.043555 0.474047 255 0 0
0.013228 -0.040306 0.482553 255 0 0
0.013228 -0.029792 0.482553 255 0 0
0.013228 -0.040306 0.465540 255 0 0
0.013228 -0.029792 0.465540 255 0 0
0.021735 -0.035049 0.468789 255 0 0
0.021735 -0.035049 0.479304 255 0 0
0.004722 -0.035049 0.468789 255 0 0
0.004722 -0.035049 0.479304 255 0 0
0.005138 -0.030049 0.477137 255 0 0
0.008228 -0.031959 0.482137 255 0 0
0.010138 -0.026959 0.479047 255 0 0
0.016319 -0.026959 0.479047 255 0 0
0.013228 -0.025049 0.474047 255 0 0
0.016319 -0.026959 0.469047 255 0 0
0.010138 -0.026959 0.469047 255 0 0
0.008228 -0.031959 0.465956 255 0 0
0.005138 -0.030049 0.470956 255 0 0
0.003228 -0.035049 0.474047 255 0 0
0.018228 -0.031959 0.482137 255 0 0
0.021319 -0.030049 0.477137 255 0 0
0.008228 -0.038139 0.482137 255 0 0
0.013228 -0.035049 0.484047 255 0 0
0.005138 -0.040049 0.470956 255 0 0
0.005138 -0.040049 0.477137 255 0 0
0.013228 -0.035049 0.464047 255 0 0
0.008228 -0.038139 0.465956 255 0 0
0.021319 -0.030049 0.470956 255 0 0
0.018228 -0.031959 0.465956 255 0 0
0.021319 -0.040049 0.477137 255 0 0
0.018228 -0.038139 0.482137 255 0 0
0.016319 -0.043139 0.479047 255 0 0
0.010138 -0.043139 0.479047 255 0 0
0.013228 -0.045049 0.474047 255 0 0
0.010138 -0.043139 0.469047 255 0 0
0.016319 -0.043139 0.469047 255 0 0
0.018228 -0.038139 0.465956 255 0 0
0.021319 -0.040049 0.470956 255 0 0
0.023228 -0.035049 0.474047 255 0 0
0.022740 -0.088245 0.478570 255 0 0
0.033254 -0.088245 0.478570 255 0 0
0.022740 -0.105258 0.478570 255 0 0
0.033254 -0.105258 0.478570 255 0 0
0.027997 -0.102009 0.487077 255 0 0
0.027997 -0.091494 0.487077 255 0 0
0.027997 -0.102009 0.470064 255 0 0
0.027997 -0.091494 0.470064 255 0 0
0.036503 -0.096751 0.473313 255 0 0
0.036503 -0.096751 0.483827 255 0 0
0.019490 -0.096751 0.473313 255 0 0
0.019490 -0.096751 0.483827 255 0 0
0.019907 -0.091751 0.481660 255 0 0
0.022997 -0.093661 0.486660 255 0 0
0.024907 -0.088661 0.483570 255 0 0
0.031087 -0.088661 0.483570 255 0 0
0.027997 -0.086751 0.478570 255 0 0
0.031087 -0.088661 0.473570 255 0 0
0.024907 -0.088661 0.473570 255 0 0
0.022997 -0.093661 0.470480 255 0 0
0.019907 -0.091751 0.475480 255 0 0
0.017997 -0.096751 0.478570 255 0 0
0.032997 -0.093661 0.486660 255 0 0
0.036087 -0.091751 0.481660 255 0 0
0.022997 -0.099842 0.486660 255 0 0
0.027997 -0.096751 0.488570 255 0 0
0.019907 -0.101751 0.475480 255 0 0
0.019907 -0.101751 0.481660 255 0 0
0.027997 -0.096751 0.468570 255 0 0
0.022997 -0.099842 0.470480 255 0 0
0.036087 -0.091751 0.475480 255 0 0
0.032997 -0.093661 0.470480 255 0 0
0.036087 -0.101751 0.481660 255 0 0
0.032997 -0.099842 0.486660 255 0 0
0.031087 -0.104842 0.483570 255 0 0
0.024907 -0.104842 0.483570 255 0 0
0.027997 -0.106751 0.478570 255 0 0
0.024907 -0.104842 0.473570 255 0 0
0.031087 -0.104842 0.473570 255 0 0
0.032997 -0.099842 0.470480 255 0 0
0.036087 -0.101751 0.475480 255 0 0
0.037997 -0.096751 0.478570 255 0 0
0.014766 -0.081278 0.488716 255 0 0
0.025280 -0.081278 0.488716 255 0 0
0.014766 -0.098291 0.488716 255 0 0
0.025280 -0.098291 0.488716 255 0 0
0.020023 -0.095042 0.497223 255 0 0
0.020023 -0.084528 0.497223 255 0 0
0.020023 -0.095042 0.480210 255 0 0
0.020023 -0.084528 0.480210 255 0 0
0.028530 -0.089785 0.483459 255 0 0
0.028530 -0.089785 0.493973 255 0 0
0.011517 -0.089785 0.483459 255 0 0
0.011517 -0.089785 0.493973 255 0 0
0.011933 -0.084785 0.491806 255 0 0
0.015023 -0.086695 0.496806 255 0 0
0.016933 -0.081695 0.493716 255 0 0
0.023113 -0.081695 0.493716 255 0 0
0.020023 -0.079785 0.488716 255 0 0
0.023113 -0.081695 0.483716 255 0 0
0.016933 -0.081695 0.483716 255 0 0
0.015023 -0.086695 0.480626 255 0 0
0.011933 -0.084785 0.485626 255 0 0
0.010023 -0.089785 0.488716 255 0 0
0.025023 -0.086695 0.496806 255 0 0
0.028113 -0.084785 0.491806 255 0 0
0.015023 -0.092875 0.496806 255 0 0
0.020023 -0.089785 0.498716 255 0 0
0.011933 -0.094785 0.485626 255 0 0
0.011933 -0.094785 0.491806 255 0 0
0.020023 -0.089785 0.478716 255 0 0
0.015023 -0.092875 0.480626 255 0 0
0.028113 -0.084785 0.485626 255 0 0
0.025023 -0.086695 0.480626 255 0 0
0.028113 -0.094785 0.491806 255 0 0
0.025023 -0.092875 0.496806 255 0 0
0.023113 -0.097875 0.493716 255 0 0
0.016933 -0.097875 0.493716 255 0 0
0.020023 -0.099785 0.488716 255 0 0
0.016933 -0.097875 0.483716 255 0 0
0.023113 -0.097875 0.483716 255 0 0
0.025023 -0.092875 0.480626 255 0 0
0.028113 -0.094785 0.485626 255 0 0
0.030023 -0.089785 0.488716 255 0 0
-0.079472 0.087342 0.579799 255 0 0
-0.068957 0.087342 0.579799 255 0 0
-0.079472 0.070329 0.579799 255 0 0
-0.068957 0.070329 0.579799 255 0 0
-0.074214 0.073579 0.588305 255 0 0
-0.074214 0.084093 0.588305 255 0 0
-0.074214 0.073579 0.571292 255 0 0
-0.074214 0.084093 0.571292 255 0 0
-0.065708 0.078836 0.574542 255 0 0
-0.065708 0.078836 0.585056 255 0 0
-0.082721 0.078836 0.574542 255 0 0
-0.082721 0.078836 0.585056 255 0 0
-0.082305 0.083836 0.582889 255 0 0
-0.079214 0.081926 0.587889 255 0 0
-0.077305 0.086926 0.584799 255 0 0
-0.071124 0.086926 0.584799 255 0 0
-0.074214 0.088836 0.579799 255 0 0
-0.071124 0.086926 0.574799 255 0 0
-0.077305 0.086926 0.574799 255 0 0
-0.079214 0.081926 0.571709 255 0 0
-0.082305 0.083836 0.576709 255 0 0
-0.084214 0.078836 0.579799 255 0 0
-0.069214 0.081926 0.587889 255 0 0
-0.066124 0.083836 0.582889 255 0 0
-0.079214 0.075746 0.587889 255 0 0
-0.074214 0.078836 0.589799 255 0 0
-0.082305 0.073836 0.576709 255 0 0
-0.082305 0.073836 0.582889 255 0 0
-0.074214 0.078836 0.569799 255 0 0
-0.079214 0.075746 0.571709 255 0 0
-0.066124 0.083836 0.576709 255 0 0
-0.069214 0.081926 0.571709 255 0 0
-0.066124 0.073836 0.582889 255 0 0
-0.069214 0.075746 0.587889 255 0 0
-0.071124 0.070746 0.584799 255 0 0
-0.077305 0.070746 0.584799 255 0 0
-0.074214 0.068836 0.579799 255 0 0
-0.077305 0.070746 0.574799 255 0 0
-0.071124 0.070746 0.574799 255 0 0
-0.069214 0.075746 0.571709 255 0 0
-0.066124 0.073836 0.576709 255 0 0
-0.064214 0.078836 0.579799 255 0 0
0.042915 -0.068135 0.476488 255 0 0
0.053429 -0.068135 0.476488 255 0 0
0.042915 -0.085148 0.476488 255 0 0
0.053429 -0.085148 0.476488 255 0 0
0.048172 -0.081899 0.484995 255 0 0
0.048172 -0.071384 0.484995 255 0 0
0.048172 -0.081899 0.467982 255 0 0
0.048172 -0.071384 0.467982 255 0 0
0.056679 -0.076642 0.471231 255 0 0
0.056679 -0.076642 0.481745 255 0 0
0.039666 -0.076642 0.471231 255 0 0
0.039666 -0.076642 0.481745 255 0 0
0.040082 -0.071642 0.479578 255 0 0
0.043172 -0.073552 0.484578 255 0 0
0.045082 -0.068552 0.481488 255 0 0
0.051262 -0.068552 0.481488 255 0 0
0.048172 -0.066642 0.476488 255 0 0
0.051262 -0.068552 0.471488 255 0 0
0.045082 -0.068552 0.471488 255 0 0
0.043172 -0.073552 0.468398 255 0 0
0.040082 -0.071642 0.473398 255 0 0
0.038172 -0.076642 0.476488 255 0 0
0.053172 -0.073552 0.484578 255 0 0
0.056262 -0.071642 0.479578 255 0 0
0.043172 -0.079732 0.484578 255 0 0
0.048172 -0.076642 0.486488 255 0 0
0.040082 -0.081642 0.473398 255 0 0
0.040082 -0.081642 0.479578 255 0 0
0.048172 -0.076642 0.466488 255 0 0
0.043172 -0.079732 0.468398 255 0 0
0.056262 -0.071642 0.473398 255 0 0
0.053172 -0.073552 0.468398 255 0 0
0.056262 -0.081642 0.479578 255 0 0
0.053172 -0.079732 0.484578 255 0 0
0.051262 -0.084732 0.481488 255 0 0
0.045082 -0.084732 0.481488 255 0 0
0.048172 -0.086642 0.476488 255 0 0
0.045082 -0.084732 0.471488 255 0 0
0.051262 -0.084732 0.471488 255 0 0
0.053172 -0.079732 0.468398 255 0 0
0.056262 -0.081642 0.473398 255 0 0
0.058172 -0.076642 0.476488 255 0 0
-0.002344 0.116571 0.471458 255 0 0
0.008170 0.116571 0.471458 255 0 0
-0.002344 0.099558 0.471458 255 0 0
0.008170 0.099558 0.471458 255 0 0
0.002913 0.102808 0.479964 255 0 0
0.002913 0.113322 0.479964 255 0 0
0.002913 0.102808 0.462951 255 0 0
0.002913 0.113322 0.462951 255 0 0
0.011419 0.108065 0.466201 255 0 0
0.011419 0.108065 0.476715 255 0 0
-0.005594 0.108065 0.466201 255 0 0
-0.005594 0.108065 0.476715 255 0 0
-0.005177 0.113065 0.474548 255 0 0
-0.002087 0.111155 0.479548 255 0 0
-0.000177 0.116155 0.476458 255 0 0
0.006003 0.116155 0.476458 255 0 0
0.002913 0.118065 0.471458 255 0 0
0.006003 0.116155 0.466458 255 0 0
-0.000177 0.116155 0.466458 255 0 0
-0.002087 0.111155 0.463368 255 0 0
-0.005177 0.113065 0.468368 255 0 0
-0.007087 0.108065 0.471458 255 0 0
0.007913 0.111155 0.479548 255 0 0
0.011003 0.113065 0.474548 255 0 0
-0.002087 0.104975 0.479548 255 0 0
0.002913 0.108065 0.481458 255 0 0
-0.005177 0.103065 0.468368 255 0 0
-0.005177 0.103065 0.474548 255 0 0
0.002913 0.108065 0.461458 255 0 0
-0.002087 0.104975 0.463368 255 0 0
0.011003 0.113065 0.468368 255 0 0
0.007913 0.111155 0.463368 255 0 0
0.011003 0.103065 0.474548 255 0 0
0.007913 0.104975 0.479548 255 0 0
0.006003 0.099975 0.476458 255 0 0
-0.000177 0.099975 0.476458 255 0 0
0.002913 0.098065 0.471458 255 0 0
-0.000177 0.099975 0.466458 255 0 0
0.006003 0.099975 0.466458 255 0 0
0.007913 0.104975 0.463368 255 0 0
0.011003 0.103065 0.468368 255 0 0
0.012913 0.108065 0.471458 255 0 0
0.051157 -0.006089 0.464304 255 0 0
0.061672 -0.006089 0.464304 255 0 0
0.051157 -0.023102 0.464304 255 0 0
0.061672 -0.023102 0.464304 255 0 0
0.056415 -0.019852 0.472811 255 0 0
0.056415 -0.009338 0.472811 255 0 0
0.056415 -0.019852 0.455798 255 0 0
0.056415 -0.009338 0.455798 255 0 0
0.064921 -0.014595 0.459047 255 0 0
0.064921 -0.014595 0.469562 255 0 0
0.047908 -0.014595 0.459047 255 0 0
0.047908 -0.014595 0.469562 255 0 0
0.048325 -0.009595 0.467395 255 0 0
0.051415 -0.011505 0.472395 255 0 0
0.053325 -0.006505 0.469304 255 0 0
0.059505 -0.006505 0.469304 255 0 0
0.056415 -0.004595 0.464304 255 0 0
0.059505 -0.006505 0.459304 255 0 0
0.053325 -0.006505 0.459304 255 0 0
0.051415 -0.011505 0.456214 255 0 0
0.048325 -0.009595 0.461214 255 0 0
0.046415 -0.014595 0.464304 255 0 0
0.061415 -0.011505 0.472395 255 0 0
0.064505 -0.009595 0.467395 255 0 0
0.051415 -0.017685 0.472395 255 0 0
0.056415 -0.014595 0.474304 255 0 0
0.048325 -0.019595 0.461214 255 0 0
0.048325 -0.019595 0.467395 255 0 0
0.056415 -0.014595 0.454304 255 0 0
0.051415 -0.017685 0.456214 255 0 0
0.064505 -0.009595 0.461214 255 0 0
0.061415 -0.011505 0.456214 255 0 0
0.064505 -0.019595 0.467395 255 0 0
0.061415 -0.017685 0.472395 255 0 0
0.059505 -0.022685 0.469304 255 0 0
0.053325 -0.022685 0.469304 255 0 0
0.056415 -0.024595 0.464304 255 0 0
0.053325 -0.022685 0.459304 255 0 0
0.059505 -0.022685 0.459304 255 0 0
0.061415 -0.017685 0.456214 255 0 0
0.064505 -0.019595 0.461214 255 0 0
0.066415 -0.014595 0.464304 255 0 0
0.047105 -0.000147 0.461001 255 0 0
0.057620 -0.000147 0.461001 255 0 0
0.047105 -0.017160 0.461001 255 0 0
0.057620 -0.017160 0.461001 255 0 0
0.052362 -0.013911 0.469507 255 0 0
0.052362 -0.003396 0.469507 255 0 0
0.052362 -0.013911 0.452494 255 0 0
0.052362 -0.003396 0.452494 255 0 0
0.060869 -0.008653 0.455743 255 0 0
0.060869 -0.008653 0.466258 255 0 0
0.043856 -0.008653 0.455743 255 0 0
0.043856 -0.008653 0.466258 255 0 0
0.044272 -0.003653 0.464091 255 0 0
0.047362 -0.005563 0.469091 255 0 0
0.049272 -0.000563 0.466001 255 0 0
0.055453 -0.000563 0.466001 255 0 0
0.052362 0.001347 0.461001 255 0 0
0.055453 -0.000563 0.456001 255 0 0
0.049272 -0.000563 0.456001 255 0 0
0.047362 -0.005563 0.452911 255 0 0
0.044272 -0.003653 0.457911 255 0 0
0.042362 -0.008653 0.461001 255 0 0
0.057362 -0.005563 0.469091 255 0 0
0.060453 -0.003653 0.464091 255 0 0
0.047362 -0.011743 0.469091 255 0 0
0.052362 -0.008653 0.471001 255 0 0
0.044272 -0.013653 0.457911 255 0 0
0.044272 -0.013653 0.464091 255 0 0
0.052362 -0.008653 0.451001 255 0 0
0.047362 -0.011743 0.452911 255 0 0
0.060453 -0.003653 0.457911 255 0 0
0.057362 -0.005563 0.452911 255 0 0
0.060453 -0.013653 0.464091 255 0 0
0.057362 -0.011743 0.469091 255 0 0
0.055453 -0.016743 0.466001 255 0 0
0.049272 -0.016743 0.466001 255 0 0
0.052362 -0.018653 0.461001 255 0 0
0.049272 -0.016743 0.456001 255 0 0
0.055453 -0.016743 0.456001 255 0 0
0.057362 -0.011743 0.452911 255 0 0
0.060453 -0.013653 0.457911 255 0 0
0.062362 -0.008653 0.461001 255 0 0
0.070291 -0.071212 0.466960 255 0 0
0.080805 -0.071212 0.466960 255 0 0
0.070291 -0.088225 0.466960 255 0 0
0.080805 -0.088225 0.466960 255 0 0
0.075548 -0.084976 0.475466 255 0 0
0.075548 -0.074461 0.475466 255 0 0
0.075548 -0.084976 0.458453 255 0 0
0.075548 -0.074461 0.458453 255 0 0
0.084054 -0.079719 0.461703 255 0 0
0.084054 -0.079719 0.472217 255 0 0
0.067041 -0.079719 0.461703 255 0 0
0.067041 -0.079719 0.472217 255 0 0
0.067458 -0.074719 0.470050 255 0 0
0.070548 -0.076629 0.475050 255 0 0
0.072458 -0.071629 0.471960 255 0 0
0.078638 -0.071629 0.471960 255 0 0
0.075548 -0.069719 0.466960 255 0 0
0.078638 -0.071629 0.461960 255 0 0
0.072458 -0.071629 0.461960 255 0 0
0.070548 -0.076629 0.458870 255 0 0
0.067458 -0.074719 0.463870 255 0 0
0.065548 -0.079719 0.466960 255 0 0
0.080548 -0.076629 0.475050 255 0 0
0.083638 -0.074719 0.470050 255 0 0
0.070548 -0.082809 0.475050 255 0 0
0.075548 -0.079719 0.476960 255 0 0
0.067458 -0.084719 0.463870 255 0 0
0.067458 -0.084719 0.470050 255 0 0
0.075548 -0.079719 0.456960 255 0 0
0.070548 -0.082809 0.458870 255 0 0
0.083638 -0.074719 0.463870 255 0 0
0.080548 -0.076629 0.458870 255 0 0
0.083638 -0.084719 0.470050 255 0 0
0.080548 -0.082809 0.475050 255 0 0
0.078638 -0.087809 0.471960 255 0 0
0.072458 -0.087809 0.471960 255 0 0
0.075548 -0.089719 0.466960 255 0 0
0.072458 -0.087809 0.461960 255 0 0
0.078638 -0.087809 0.461960 255 0 0
0.080548 -0.082809 0.458870 255 0 0
0.083638 -0.084719 0.463870 255 0 0
0.085548 -0.079719 0.466960 255 0 0
0.066744 -0.067101 0.465558 255 0 0
0.077259 -0.067101 0.465558 255 0 0
0.066744 -0.084114 0.465558 255 0 0
0.077259 -0.084114 0.465558 255 0 0
0.072002 -0.080865 0.474065 255 0 0
0.072002 -0.070351 0.474065 255 0 0
0.072002 -0.080865 0.457052 255 0 0
0.072002 -0.070351 0.457052 255 0 0
0.080508 -0.075608 0.460301 255 0 0
0.080508 -0.075608 0.470816 255 0 0
0.063495 -0.075608 0.460301 255 0 0
0.063495 -0.075608 0.470816 255 0 0
0.063911 -0.070608 0.468648 255 0 0
0.067002 -0.072518 0.473648 255 0 0
0.068911 -0.067518 0.470558 255 0 0
0.075092 -0.067518 0.470558 255 0 0
0.072002 -0.065608 0.465558 255 0 0
0.075092 -0.067518 0.460558 255 0 0
0.068911 -0.067518 0.460558 255 0 0
0.067002 -0.072518 0.457468 255 0 0
0.063911 -0.070608 0.462468 255 0 0
0.062002 -0.075608 0.465558 255 0 0
0.077002 -0.072518 0.473648 255 0 0
0.080092 -0.070608 0.468648 255 0 0
0.067002 -0.078698 0.473648 255 0 0
0.072002 -0.075608 0.475558 255 0 0
0.063911 -0.080608 0.462468 255 0 0
0.063911 -0.080608 0.468648 255 0 0
0.072002 -0.075608 0.455558 255 0 0
0.067002 -0.078698 0.457468 255 0 0
0.080092 -0.070608 0.462468 255 0 0
0.077002 -0.072518 0.457468 255 0 0
0.080092 -0.080608 0.468648 255 0 0
0.077002 -0.078698 0.473648 255 0 0
0.075092 -0.083698 0.470558 255 0 0
0.068911 -0.083698 0.470558 255 0 0
0.072002 -0.085608 0.465558 255 0 0
0.068911 -0.083698 0.460558 255 0 0
0.075092 -0.083698 0.460558 255 0 0
0.077002 -0.078698 0.457468 255 0 0
0.080092 -0.080608 0.462468 255 0 0
0.082002 -0.075608 0.465558 255 0 0
0.026371 0.054225 0.457745 255 0 0
0.036886 0.054225 0.457745 255 0 0
0.026371 0.037212 0.457745 255 0 0
0.036886 0.037212 0.457745 255 0 0
0.031629 0.040461 0.466251 255 0 0
0.031629 0.050976 0.466251 255 0 0
0.031629 0.040461 0.449238 255 0 0
0.031629 0.050976 0.449238 255 0 0
0.040135 0.045718 0.452488 255 0 0
0.040135 0.045718 0.463002 255 0 0
0.023122 0.045718 0.452488 255 0 0
0.023122 0.045718 0.463002 255 0 0
0.023539 0.050718 0.460835 255 0 0
0.026629 0.048808 0.465835 255 0 0
0.028539 0.053808 0.462745 255 0 0
0.034719 0.053808 0.462745 255 0 0
0.031629 0.055718 0.457745 255 0 0
0.034719 0.053808 0.452745 255 0 0
0.028539 0.053808 0.452745 255 0 0
0.026629 0.048808 0.449655 255 0 0
0.023539 0.050718 0.454655 255 0 0
0.021629 0.045718 0.457745 255 0 0
0.036629 0.048808 0.465835 255 0 0
0.039719 0.050718 0.460835 255 0 0
0.026629 0.042628 0.465835 255 0 0
0.031629 0.045718 0.467745 255 0 0
0.023539 0.040718 0.454655 255 0 0
0.023539 0.040718 0.460835 255 0 0
0.031629 0.045718 0.447745 255 0 0
0.026629 0.042628 0.449655 255 0 0
0.039719 0.050718 0.454655 255 0 0
0.036629 0.048808 0.449655 255 0 0
0.039719 0.040718 0.460835 255 0 0
0.036629 0.042628 0.465835 255 0 0
0.034719 0.037628 0.462745 255 0 0
0.028539 0.037628 0.462745 255 0 0
0.031629 0.035718 0.457745 255 0 0
0.028539 0.037628 0.452745 255 0 0
0.034719 0.037628 0.452745 255 0 0
0.036629 0.042628 0.449655 255 0 0
0.039719 0.040718 0.454655 255 0 0
0.041629 0.045718 0.457745 255 0 0
0.016247 0.039770 0.461668 255 0 0
0.026762 0.039770 0.461668 255 0 0
0.016247 0.022757 0.461668 255 0 0
0.026762 0.022757 0.461668 255 0 0
0.021504 0.026006 0.470175 255 0 0
0.021504 0.036521 0.470175 255 0 0
0.021504 0.026006 0.453162 255 0 0
0.021504 0.036521 0.453162 255 0 0
0.030011 0.031263 0.456411 255 0 0
0.030011 0.031263 0.466925 255 0 0
0.012998 0.031263 0.456411 255 0 0
0.012998 0.031263 0.466925 255 0 0
0.013414 0.036263 0.464758 255 0 0
0.016504 0.034354 0.469758 255 0 0
0.018414 0.039354 0.466668 255 0 0
0.024595 0.039354 0.466668 255 0 0
0.021504 0.041263 0.461668 255 0 0
0.024595 0.039354 0.456668 255 0 0
0.018414 0.039354 0.456668 255 0 0
0.016504 0.034354 0.453578 255 0 0
0.013414 0.036263 0.458578 255 0 0
0.011504 0.031263 0.461668 255 0 0
0.026504 0.034354 0.469758 255 0 0
0.029595 0.036263 0.464758 255 0 0
0.016504 0.028173 0.469758 255 0 0
0.021504 0.031263 0.471668 255 0 0
0.013414 0.026263 0.458578 255 0 0
0.013414 0.026263 0.464758 255 0 0
0.021504 0.031263 0.451668 255 0 0
0.016504 0.028173 0.453578 255 0 0
0.029595 0.036263 0.458578 255 0 0
0.026504 0.034354 0.453578 255 0 0
0.029595 0.026263 0.464758 255 0 0
0.026504 0.028173 0.469758 255 0 0
0.024595 0.023173 0.466668 255 0 0
0.018414 0.023173 0.466668 255 0 0
0.021504 0.021263 0.461668 255 0 0
0.018414 0.023173 0.456668 255 0 0
0.024595 0.023173 0.456668 255 0 0
0.026504 0.028173 0.453578 255 0 0
0.029595 0.026263 0.458578 255 0 0
0.031504 0.031263 0.461668 255 0 0
0.021990 0.100293 0.458315 255 0 0
0.032504 0.100293 0.458315 255 0 0
0.021990 0.083280 0.458315 255 0 0
0.032504 0.083280 0.458315 255 0 0
0.027247 0.086529 0.466822 255 0 0
0.027247 0.097043 0.466822 255 0 0
0.027247 0.086529 0.449809 255 0 0
0.027247 0.097043 0.449809 255 0 0
0.035754 0.091786 0.453058 255 0 0
0.035754 0.091786 0.463573 255 0 0
0.018740 0.091786 0.453058 255 0 0
0.018740 0.091786 0.463573 255 0 0
0.019157 0.096786 0.461406 255 0 0
0.022247 0.094876 0.466406 255 0 0
0.024157 0.099876 0.463315 255 0 0
0.030337 0.099876 0.463315 255 0 0
0.027247 0.101786 0.458315 255 0 0
0.030337 0.099876 0.453315 255 0 0
0.024157 0.099876 0.453315 255 0 0
0.022247 0.094876 0.450225 255 0 0
0.019157 0.096786 0.455225 255 0 0
0.017247 0.091786 0.458315 255 0 0
0.032247 0.094876 0.466406 255 0 0
0.035337 0.096786 0.461406 255 0 0
0.022247 0.088696 0.466406 255 0 0
0.027247 0.091786 0.468315 255 0 0
0.019157 0.086786 0.455225 255 0 0
0.019157 0.086786 0.461406 255 0 0
0.027247 0.091786 0.448315 255 0 0
0.022247 0.088696 0.450225 255 0 0
0.035337 0.096786 0.455225 255 0 0
0.032247 0.094876 0.450225 255 0 0
0.035337 0.086786 0.461406 255 0 0
0.032247 0.088696 0.466406 255 0 0
0.030337 0.083696 0.463315 255 0 0
0.024157 0.083696 0.463315 255 0 0
0.027247 0.081786 0.458315 255 0 0
0.024157 0.083696 0.453315 255 0 0
0.030337 0.083696 0.453315 255 0 0
0.032247 0.088696 0.450225 255 0 0
0.035337 0.086786 0.455225 255 0 0
0.037247 0.091786 0.458315 255 0 0
0.024669 0.111136 0.455609 255 0 0
0.035184 0.111136 0.455609 255 0 0
0.024669 0.094123 0.455609 255 0 0
0.035184 0.094123 0.455609 255 0 0
0.029926 0.097372 0.464115 255 0 0
0.029926 0.107887 0.464115 255 0 0
0.029926 0.097372 0.447102 255 0 0
0.029926 0.107887 0.447102 255 0 0
0.038433 0.102630 0.450352 255 0 0
0.038433 0.102630 0.460866 255 0 0
0.021420 0.102630 0.450352 255 0 0
0.021420 0.102630 0.460866 255 0 0
0.021836 0.107630 0.458699 255 0 0
0.024926 0.105720 0.463699 255 0 0
0.026836 0.110720 0.460609 255 0 0
0.033017 0.110720 0.460609 255 0 0
0.029926 0.112630 0.455609 255 0 0
0.033017 0.110720 0.450609 255 0 0
0.026836 0.110720 0.450609 255 0 0
0.024926 0.105720 0.447519 255 0 0
0.021836 0.107630 0.452519 255 0 0
0.019926 0.102630 0.455609 255 0 0
0.034926 0.105720 0.463699 255 0 0
0.038017 0.107630 0.458699 255 0 0
0.024926 0.099539 0.463699 255 0 0
0.029926 0.102630 0.465609 255 0 0
0.021836 0.097630 0.452519 255 0 0
0.021836 0.097630 0.458699 255 0 0
0.029926 0.102630 0.445609 255 0 0
0.024926 0.099539 0.447519 255 0 0
0.038017 0.107630 0.452519 255 0 0
0.034926 0.105720 0.447519 255 0 0
0.038017 0.097630 0.458699 255 0 0
0.034926 0.099539 0.463699 255 0 0
0.033017 0.094539 0.460609 255 0 0
0.026836 0.094539 0.460609 255 0 0
0.029926 0.092630 0.455609 255 0 0
0.026836 0.094539 0.450609 255 0 0
0.033017 0.094539 0.450609 255 0 0
0.034926 0.099539 0.447519 255 0 0
0.038017 0.097630 0.452519 255 0 0
0.039926 0.102630 0.455609 255 0 0
-0.004537 0.065094 0.470336 255 0 0
0.005978 0.065094 0.470336 255 0 0
-0.004537 0.048081 0.470336 255 0 0
0.005978 0.048081 0.470336 255 0 0
0.000720 0.051330 0.478842 255 0 0
0.000720 0.061845 0.478842 255 0 0
0.000720 0.051330 0.461829 255 0 0
0.000720 0.061845 0.461829 255 0 0
0.009227 0.056587 0.465078 255 0 0
0.009227 0.056587 0.475593 255 0 0
-0.007786 0.056587 0.465078 255 0 0
-0.007786 0.056587 0.475593 255 0 0
-0.007370 0.061587 0.473426 255 0 0
-0.004280 0.059678 0.478426 255 0 0
-0.002370 0.064678 0.475336 255 0 0
0.003811 0.064678 0.475336 255 0 0
0.000720 0.066587 0.470336 255 0 0
0.003811 0.064678 0.465336 255 0 0
-0.002370 0.064678 0.465336 255 0 0
-0.004280 0.059678 0.462245 255 0 0
-0.007370 0.061587 0.467245 255 0 0
-0.009280 0.056587 0.470336 255 0 0
0.005720 0.059678 0.478426 255 0 0
0.008811 0.061587 0.473426 255 0 0
-0.004280 0.053497 0.478426 255 0 0
0.000720 0.056587 0.480336 255 0 0
-0.007370 0.051587 0.467245 255 0 0
-0.007370 0.051587 0.473426 255 0 0
0.000720 0.056587 0.460336 255 0 0
-0.004280 0.053497 0.462245 255 0 0
0.008811 0.061587 0.467245 255 0 0
0.005720 0.059678 0.462245 255 0 0
0.008811 0.051587 0.473426 255 0 0
0.005720 0.053497 0.478426 255 0 0
0.003811 0.048497 0.475336 255 0 0
-0.002370 0.048497 0.475336 255 0 0
0.000720 0.046587 0.470336 255 0 0
-0.002370 0.048497 0.465336 255 0 0
0.003811 0.048497 0.465336 255 0 0
0.005720 0.053497 0.462245 255 0 0
0.008811 0.051587 0.467245 255 0 0
0.010720 0.056587 0.470336 255 0 0
-0.014794 0.060334 0.485721 255 0 0
-0.004279 0.060334 0.485721 255 0 0
-0.014794 0.043321 0.485721 255 0 0
-0.004279 0.043321 0.485721 255 0 0
-0.009537 0.046570 0.494227 255 0 0
-0.009537 0.057084 0.494227 255 0 0
-0.009537 0.046570 0.477214 255 0 0
-0.009537 0.057084 0.477214 255 0 0
-0.001030 0.051827 0.480463 255 0 0
-0.001030 0.051827 0.490978 255 0 0
-0.018043 0.051827 0.480463 255 0 0
-0.018043 0.051827 0.490978 255 0 0
-0.017627 0.056827 0.488811 255 0 0
-0.014537 0.054917 0.493811 255 0 0
-0.012627 0.059917 0.490721 255 0 0
-0.006446 0.059917 0.490721 255 0 0
-0.009537 0.061827 0.485721 255 0 0
-0.006446 0.059917 0.480721 255 0 0
-0.012627 0.059917 0.480721 255 0 0
-0.014537 0.054917 0.477631 255 0 0
-0.017627 0.056827 0.482631 255 0 0
-0.019537 0.051827 0.485721 255 0 0
-0.004537 0.054917 0.493811 255 0 0
-0.001446 0.056827 0.488811 255 0 0
-0.014537 0.048737 0.493811 255 0 0
-0.009537 0.051827 0.495721 255 0 0
-0.017627 0.046827 0.482631 255 0 0
-0.017627 0.046827 0.488811 255 0 0
-0.009537 0.051827 0.475721 255 0 0
-0.014537 0.048737 0.477631 255 0 0
-0.001446 0.056827 0.482631 255 0 0
-0.004537 0.054917 0.477631 255 0 0
-0.001446 0.046827 0.488811 255 0 0
-0.004537 0.048737 0.493811 255 0 0
-0.006446 0.043737 0.490721 255 0 0
-0.012627 0.043737 0.490721 255 0 0
-0.009537 0.041827 0.485721 255 0 0
-0.012627 0.043737 0.480721 255 0 0
-0.006446 0.043737 0.480721 255 0 0
-0.004537 0.048737 0.477631 255 0 0
-0.001446 0.046827 0.482631 255 0 0
0.000463 0.051827 0.485721 255 0 0
0.037946 -0.085052 0.484366 255 0 0
0.048461 -0.085052 0.484366 255 0 0
0.037946 -0.102065 0.484366 255 0 0
0.048461 -0.102065 0.484366 255 0 0
0.043203 -0.098816 0.492872 255 0 0
0.043203 -0.088302 0.492872 255 0 0
0.043203 -0.098816 0.475859 255 0 0
0.043203 -0.088302 0.475859 255 0 0
0.051710 -0.093559 0.479108 255 0 0
0.051710 -0.093559 0.489623 255 0 0
0.034697 -0.093559 0.479108 255 0 0
0.034697 -0.093559 0.489623 255 0 0
0.035113 -0.088559 0.487456 255 0 0
0.038203 -0.090469 0.492456 255 0 0
0.040113 -0.085469 0.489366 255 0 0
0.046294 -0.085469 0.489366 255 0 0
0.043203 -0.083559 0.484366 255 0 0
0.046294 -0.085469 0.479366 255 0 0
0.040113 -0.085469 0.479366 255 0 0
0.038203 -0.090469 0.476276 255 0 0
0.035113 -0.088559 0.481276 255 0 0
0.033203 -0.093559 0.484366 255 0 0
0.048203 -0.090469 0.492456 255 0 0
0.051294 -0.088559 0.487456 255 0 0
0.038203 -0.096649 0.492456 255 0 0
0.043203 -0.093559 0.494366 255 0 0
0.035113 -0.098559 0.481276 255 0 0
0.035113 -0.098559 0.487456 255 0 0
0.043203 -0.093559 0.474366 255 0 0
0.038203 -0.096649 0.476276 255 0 0
0.051294 -0.088559 0.481276 255 0 0
0.048203 -0.090469 0.476276 255 0 0
0.051294 -0.098559 0.487456 255 0 0
0.048203 -0.096649 0.492456 255 0 0
0.046294 -0.101649 0.489366 255 0 0
0.040113 -0.101649 0.489366 255 0 0
0.043203 -0.103559 0.484366 255 0 0
0.040113 -0.101649 0.479366 255 0 0
0.046294 -0.101649 0.479366 255 0 0
0.048203 -0.096649 0.476276 255 0 0
0.051294 -0.098559 0.481276 255 0 0
0.053203 -0.093559 0.484366 255 0 0
0.053653 -0.078902 0.485305 255 0 0
0.064167 -0.078902 0.485305 255 0 0
0.053653 -0.095915 0.485305 255 0 0
0.064167 -0.095915 0.485305 255 0 0
0.058910 -0.092666 0.493812 255 0 0
0.058910 -0.082152 0.493812 255 0 0
0.058910 -0.092666 0.476799 255 0 0
0.058910 -0.082152 0.476799 255 0 0
0.067417 -0.087409 0.480048 255 0 0
0.067417 -0.087409 0.490562 255 0 0
0.050404 -0.087409 0.480048 255 0 0
0.050404 -0.087409 0.490562 255 0 0
0.050820 -0.082409 0.488395 255 0 0
0.053910 -0.084319 0.493395 255 0 0
0.055820 -0.079319 0.490305 255 0 0
0.062000 -0.079319 0.490305 255 0 0
0.058910 -0.077409 0.485305 255 0 0
0.062000 -0.079319 0.480305 255 0 0
0.055820 -0.079319 0.480305 255 0 0
0.053910 -0.084319 0.477215 255 0 0
0.050820 -0.082409 0.482215 255 0 0
0.048910 -0.087409 0.485305 255 0 0
0.063910 -0.084319 0.493395 255 0 0
0.067000 -0.082409 0.488395 255 0 0
0.053910 -0.090499 0.493395 255 0 0
0.058910 -0.087409 0.495305 255 0 0
0.050820 -0.092409 0.482215 255 0 0
0.050820 -0.092409 0.488395 255 0 0
0.058910 -0.087409 0.475305 255 0 0
0.053910 -0.090499 0.477215 255 0 0
0.067000 -0.082409 0.482215 255 0 0
0.063910 -0.084319 0.477215 255 0 0
0.067000 -0.092409 0.488395 255 0 0
0.063910 -0.090499 0.493395 255 0 0
0.062000 -0.095499 0.490305 255 0 0
0.055820 -0.095499 0.490305 255 0 0
0.058910 -0.097409 0.485305 255 0 0
0.055820 -0.095499 0.480305 255 0 0
0.062000 -0.095499 0.480305 255 0 0
0.063910 -0.090499 0.477215 255 0 0
0.067000 -0.092409 0.482215 255 0 0
0.068910 -0.087409 0.485305 255 0 0
-0.002107 -0.104595 0.486820 255 0 0
0.008407 -0.104595 0.486820 255 0 0
-0.002107 -0.121608 0.486820 255 0 0
0.008407 -0.121608 0.486820 255 0 0
0.003150 -0.118359 0.495326 255 0 0
0.003150 -0.107844 0.495326 255 0 0
0.003150 -0.118359 0.478313 255 0 0
0.003150 -0.107844 0.478313 255 0 0
0.011657 -0.113101 0.481563 255 0 0
0.011657 -0.113101 0.492077 255 0 0
-0.005356 -0.113101 0.481563 255 0 0
-0.005356 -0.113101 0.492077 255 0 0
-0.004940 -0.108101 0.489910 255 0 0
-0.001850 -0.110011 0.494910 255 0 0
0.000060 -0.105011 0.491820 255 0 0
0.006240 -0.105011 0.491820 255 0 0
0.003150 -0.103101 0.486820 255 0 0
0.006240 -0.105011 0.481820 255 0 0
0.000060 -0.105011 0.481820 255 0 0
-0.001850 -0.110011 0.478730 255 0 0
-0.004940 -0.108101 0.483730 255 0 0
-0.006850 -0.113101 0.486820 255 0 0
0.008150 -0.110011 0.494910 255 0 0
0.011240 -0.108101 0.489910 255 0 0
-0.001850 -0.116192 0.494910 255 0 0
0.003150 -0.113101 0.496820 255 0 0
-0.004940 -0.118101 0.483730 255 0 0
-0.004940 -0.118101 0.489910 255 0 0
0.003150 -0.113101 0.476820 255 0 0
-0.001850 -0.116192 0.478730 255 0 0
0.011240 -0.108101 0.483730 255 0 0
0.008150 -0.110011 0.478730 255 0 0
0.011240 -0.118101 0.489910 255 0 0
0.008150 -0.116192 0.494910 255 0 0
0.006240 -0.121192 0.491820 255 0 0
0.000060 -0.121192 0.491820 255 0 0
0.003150 -0.123101 0.486820 255 0 0
0.000060 -0.121192 0.481820 255 0 0
0.006240 -0.121192 0.481820 255 0 0
0.008150 -0.116192 0.478730 255 0 0
0.011240 -0.118101 0.483730 255 0 0
0.013150 -0.113101 0.486820 255 0 0
-0.004844 -0.096635 0.489801 255 0 0
0.005671 -0.096635 0.489801 255 0 0
-0.004844 -0.113648 0.489801 255 0 0
0.005671 -0.113648 0.489801 255 0 0
0.000413 -0.110399 0.498308 255 0 0
0.000413 -0.099884 0.498308 255 0 0
0.000413 -0.110399 0.481295 255 0 0
0.000413 -0.099884 0.481295 255 0 0
0.008920 -0.105142 0.484544 255 0 0
0.008920 -0.105142 0.495058 255 0 0
-0.008093 -0.105142 0.484544 255 0 0
-0.008093 -0.105142 0.495058 255 0 0
-0.007677 -0.100142 0.492891 255 0 0
-0.004587 -0.102051 0.497891 255 0 0
-0.002677 -0.097051 0.494801 255 0 0
0.003503 -0.097051 0.494801 255 0 0
0.000413 -0.095142 0.489801 255 0 0
0.003503 -0.097051 0.484801 255 0 0
-0.002677 -0.097051 0.484801 255 0 0
-0.004587 -0.102051 0.481711 255 0 0
-0.007677 -0.100142 0.486711 255 0 0
-0.009587 -0.105142 0.489801 255 0 0
0.005413 -0.102051 0.497891 255 0 0
0.008503 -0.100142 0.492891 255 0 0
-0.004587 -0.108232 0.497891 255 0 0
0.000413 -0.105142 0.499801 255 0 0
-0.007677 -0.110142 0.486711 255 0 0
-0.007677 -0.110142 0.492891 255 0 0
0.000413 -0.105142 0.479801 255 0 0
-0.004587 -0.108232 0.481711 255 0 0
0.008503 -0.100142 0.486711 255 0 0
0.005413 -0.102051 0.481711 255 0 0
0.008503 -0.110142 0.492891 255 0 0
0.005413 -0.108232 0.497891 255 0 0
0.003503 -0.113232 0.494801 255 0 0
-0.002677 -0.113232 0.494801 255 0 0
0.000413 -0.115142 0.489801 255 0 0
-0.002677 -0.113232 0.484801 255 0 0
0.003503 -0.113232 0.484801 255 0 0
0.005413 -0.108232 0.481711 255 0 0
0.008503 -0.110142 0.486711 255 0 0
0.010413 -0.105142 0.489801 255 0 0
-0.046715 -0.111951 0.516601 255 0 0
-0.036200 -0.111951 0.516601 255 0 0
-0.046715 -0.128964 0.516601 255 0 0
-0.036200 -0.128964 0.516601 255 0 0
-0.041458 -0.125715 0.525108 255 0 0
-0.041458 -0.115200 0.525108 255 0 0
-0.041458 -0.125715 0.508095 255 0 0
-0.041458 -0.115200 0.508095 255 0 0
-0.032951 -0.120457 0.511344 255 0 0
-0.032951 -0.120457 0.521858 255 0 0
-0.049964 -0.120457 0.511344 255 0 0
-0.049964 -0.120457 0.521858 255 0 0
-0.049548 -0.115457 0.519691 255 0 0
-0.046458 -0.117367 0.524691 255 0 0
-0.044548 -0.112367 0.521601 255 0 0
-0.038367 -0.112367 0.521601 255 0 0
-0.041458 -0.110457 0.516601 255 0 0
-0.038367 -0.112367 0.511601 255 0 0
-0.044548 -0.112367 0.511601 255 0 0
-0.046458 -0.117367 0.508511 255 0 0
-0.049548 -0.115457 0.513511 255 0 0
-0.051458 -0.120457 0.516601 255 0 0
-0.036458 -0.117367 0.524691 255 0 0
-0.033367 -0.115457 0.519691 255 0 0
-0.046458 -0.123547 0.524691 255 0 0
-0.041458 -0.120457 0.526601 255 0 0
-0.049548 -0.125457 0.513511 255 0 0
-0.049548 -0.125457 0.519691 255 0 0
-0.041458 -0.120457 0.506601 255 0 0
-0.046458 -0.123547 0.508511 255 0 0
-0.033367 -0.115457 0.513511 255 0 0
-0.036458 -0.117367 0.508511 255 0 0
-0.033367 -0.125457 0.519691 255 0 0
-0.036458 -0.123547 0.524691 255 0 0
-0.038367 -0.128547 0.521601 255 0 0
-0.044548 -0.128547 0.521601 255 0 0
-0.041458 -0.130457 0.516601 255 0 0
-0.044548 -0.128547 0.511601 255 0 0
-0.038367 -0.128547 0.511601 255 0 0
-0.036458 -0.123547 0.508511 255 0 0
-0.033367 -0.125457 0.513511 255 0 0
-0.031458 -0.120457 0.516601 255 0 0
-0.005600 -0.058556 0.511803 255 0 0
0.004915 -0.058556 0.511803 255 0 0
-0.005600 -0.075569 0.511803 255 0 0
0.004915 -0.075569 0.511803 255 0 0
-0.000343 -0.072320 0.520309 255 0 0
-0.000343 -0.061805 0.520309 255 0 0
-0.000343 -0.072320 0.503296 255 0 0
-0.000343 -0.061805 0.503296 255 0 0
0.008164 -0.067062 0.506546 255 0 0
0.008164 -0.067062 0.517060 255 0 0
-0.008849 -0.067062 0.506546 255 0 0
-0.008849 -0.067062 0.517060 255 0 0
-0.008433 -0.062062 0.514893 255 0 0
-0.005343 -0.063972 0.519893 255 0 0
-0.003433 -0.058972 0.516803 255 0 0
0.002748 -0.058972 0.516803 255 0 0
-0.000343 -0.057062 0.511803 255 0 0
0.002748 -0.058972 0.506803 255 0 0
-0.003433 -0.058972 0.506803 255 0 0
-0.005343 -0.063972 0.503713 255 0 0
-0.008433 -0.062062 0.508713 255 0 0
-0.010343 -0.067062 0.511803 255 0 0
0.004657 -0.063972 0.519893 255 0 0
0.007748 -0.062062 0.514893 255 0 0
-0.005343 -0.070152 0.519893 255 0 0
-0.000343 -0.067062 0.521803 255 0 0
-0.008433 -0.072062 0.508713 255 0 0
-0.008433 -0.072062 0.514893 255 0 0
-0.000343 -0.067062 0.501803 255 0 0
-0.005343 -0.070152 0.503713 255 0 0
0.007748 -0.062062 0.508713 255 0 0
0.004657 -0.063972 0.503713 255 0 0
0.007748 -0.072062 0.514893 255 0 0
0.004657 -0.070152 0.519893 255 0 0
0.002748 -0.075152 0.516803 255 0 0
-0.003433 -0.075152 0.516803 255 0 0
-0.000343 -0.077062 0.511803 255 0 0
-0.003433 -0.075152 0.506803 255 0 0
0.002748 -0.075152 0.506803 255 0 0
0.004657 -0.070152 0.503713 255 0 0
0.007748 -0.072062 0.508713 255 0 0
0.009657 -0.067062 0.511803 255 0 0
-0.045120 -0.099372 0.521305 255 0 0
-0.034606 -0.099372 0.521305 255 0 0
-0.045120 -0.116385 0.521305 255 0 0
-0.034606 -0.116385 0.521305 255 0 0
-0.039863 -0.113136 0.529811 255 0 0
-0.039863 -0.102621 0.529811 255 0 0
-0.039863 -0.113136 0.512798 255 0 0
-0.039863 -0.102621 0.512798 255 0 0
-0.031356 -0.107879 0.516047 255 0 0
-0.031356 -0.107879 0.526562 255 0 0
-0.048369 -0.107879 0.516047 255 0 0
-0.048369 -0.107879 0.526562 255 0 0
-0.047953 -0.102879 0.524395 255 0 0
-0.044863 -0.104789 0.529395 255 0 0
-0.042953 -0.099789 0.526305 255 0 0
-0.036773 -0.099789 0.526305 255 0 0
-0.039863 -0.097879 0.521305 255 0 0
-0.036773 -0.099789 0.516305 255 0 0
-0.042953 -0.099789 0.516305 255 0 0
-0.044863 -0.104789 0.513214 255 0 0
-0.047953 -0.102879 0.518214 255 0 0
-0.049863 -0.107879 0.521305 255 0 0
-0.034863 -0.104789 0.529395 255 0 0
-0.031773 -0.102879 0.524395 255 0 0
-0.044863 -0.110969 0.529395 255 0 0
-0.039863 -0.107879 0.531305 255 0 0
-0.047953 -0.112879 0.518214 255 0 0
-0.047953 -0.112879 0.524395 255 0 0
-0.039863 -0.107879 0.511305 255 0 0
-0.044863 -0.110969 0.513214 255 0 0
-0.031773 -0.102879 0.518214 255 0 0
-0.034863 -0.104789 0.513214 255 0 0
-0.031773 -0.112879 0.524395 255 0 0
-0.034863 -0.110969 0.529395 255 0 0
-0.036773 -0.115969 0.526305 255 0 0
-0.042953 -0.115969 0.526305 255 0 0
-0.039863 -0.117879 0.521305 255 0 0
-0.042953 -0.115969 0.516305 255 0 0
-0.036773 -0.115969 0.516305 255 0 0
-0.034863 -0.110969 0.513214 255 0 0
-0.031773 -0.112879 0.518214 255 0 0
-0.029863 -0.107879 0.521305 255 0 0
-0.057337 0.092571 0.527991 255 0 0
-0.046823 0.092571 0.527991 255 0 0
-0.057337 0.075558 0.527991 255 0 0
-0.046823 0.075558 0.527991 255 0 0
-0.052080 0.078807 0.536498 255 0 0
-0.052080 0.089322 0.536498 255 0 0
-0.052080 0.078807 0.519484 255 0 0
-0.052080 0.089322 0.519484 255 0 0
-0.043573 0.084065 0.522734 255 0 0
-0.043573 0.084065 0.533248 255 0 0
-0.060586 0.084065 0.522734 255 0 0
-0.060586 0.084065 0.533248 255 0 0
-0.060170 0.089065 0.531081 255 0 0
-0.057080 0.087155 0.536081 255 0 0
-0.055170 0.092155 0.532991 255 0 0
-0.048990 0.092155 0.532991 255 0 0
-0.052080 0.094065 0.527991 255 0 0
-0.048990 0.092155 0.522991 255 0 0
-0.055170 0.092155 0.522991 255 0 0
-0.057080 0.087155 0.519901 255 0 0
-0.060170 0.089065 0.524901 255 0 0
-0.062080 0.084065 0.527991 255 0 0
-0.047080 0.087155 0.536081 255 0 0
-0.043990 0.089065 0.531081 255 0 0
-0.057080 0.080974 0.536081 255 0 0
-0.052080 0.084065 0.537991 255 0 0
-0.060170 0.079065 0.524901 255 0 0
-0.060170 0.079065 0.531081 255 0 0
-0.052080 0.084065 0.517991 255 0 0
-0.057080 0.080974 0.519901 255 0 0
-0.043990 0.089065 0.524901 255 0 0
-0.047080 0.087155 0.519901 255 0 0
-0.043990 0.079065 0.531081 255 0 0
-0.047080 0.080974 0.536081 255 0 0
-0.048990 0.075974 0.532991 255 0 0
-0.055170 0.075974 0.532991 255 0 0
-0.052080 0.074065 0.527991 255 0 0
-0.055170 0.075974 0.522991 255 0 0
-0.048990 0.075974 0.522991 255 0 0
-0.047080 0.080974 0.519901 255 0 0
-0.043990 0.079065 0.524901 255 0 0
-0.042080 0.084065 0.527991 255 0 0
-0.066132 0.055330 0.566968 255 0 0
-0.055618 0.055330 0.566968 255 0 0
-0.066132 0.038316 0.566968 255 0 0
-0.055618 0.038316 0.566968 255 0 0
-0.060875 0.041566 0.575475 255 0 0
-0.060875 0.052080 0.575475 255 0 0
-0.060875 0.041566 0.558462 255 0 0
-0.060875 0.052080 0.558462 255 0 0
-0.052369 0.046823 0.561711 255 0 0
-0.052369 0.046823 0.572226 255 0 0
-0.069382 0.046823 0.561711 255 0 0
-0.069382 0.046823 0.572226 255 0 0
-0.068965 0.051823 0.570058 255 0 0
-0.065875 0.049913 0.575058 255 0 0
-0.063965 0.054913 0.571968 255 0 0
-0.057785 0.054913 0.571968 255 0 0
-0.060875 0.056823 0.566968 255 0 0
-0.057785 0.054913 0.561968 255 0 0
-0.063965 0.054913 0.561968 255 0 0
-0.065875 0.049913 0.558878 255 0 0
-0.068965 0.051823 0.563878 255 0 0
-0.070875 0.046823 0.566968 255 0 0
-0.055875 0.049913 0.575058 255 0 0
-0.052785 0.051823 0.570058 255 0 0
-0.065875 0.043733 0.575058 255 0 0
-0.060875 0.046823 0.576968 255 0 0
-0.068965 0.041823 0.563878 255 0 0
-0.068965 0.041823 0.570058 255 0 0
-0.060875 0.046823 0.556968 255 0 0
-0.065875 0.043733 0.558878 255 0 0
-0.052785 0.051823 0.563878 255 0 0
-0.055875 0.049913 0.558878 255 0 0
-0.052785 0.041823 0.570058 255 0 0
-0.055875 0.043733 0.575058 255 0 0
-0.057785 0.038733 0.571968 255 0 0
-0.063965 0.038733 0.571968 255 0 0
-0.060875 0.036823 0.566968 255 0 0
-0.063965 0.038733 0.561968 255 0 0
-0.057785 0.038733 0.561968 255 0 0
-0.055875 0.043733 0.558878 255 0 0
-0.052785 0.041823 0.563878 255 0 0
-0.050875 0.046823 0.566968 255 0 0
-0.068901 0.046813 0.583862 255 0 0
-0.058386 0.046813 0.583862 255 0 0
-0.068901 0.029800 0.583862 255 0 0
-0.058386 0.029800 0.583862 255 0 0
-0.063644 0.033049 0.592369 255 0 0
-0.063644 0.043564 0.592369 255 0 0
-0.063644 0.033049 0.575356 255 0 0
-0.063644 0.043564 0.575356 255 0 0
-0.055137 0.038306 0.578605 255 0 0
-0.055137 0.038306 0.589120 255 0 0
-0.072150 0.038306 0.578605 255 0 0
-0.072150 0.038306 0.589120 255 0 0
-0.071734 0.043306 0.586953 255 0 0
-0.068644 0.041396 0.591953 255 0 0
-0.066734 0.046396 0.588862 255 0 0
-0.060553 0.046396 0.588862 255 0 0
-0.063644 0.048306 0.583862 255 0 0
-0.060553 0.046396 0.578862 255 0 0
-0.066734 0.046396 0.578862 255 0 0
-0.068644 0.041396 0.575772 255 0 0
-0.071734 0.043306 0.580772 255 0 0
-0.073644 0.038306 0.583862 255 0 0
-0.058644 0.041396 0.591953 255 0 0
-0.055553 0.043306 0.586953 255 0 0
-0.068644 0.035216 0.591953 255 0 0
-0.063644 0.038306 0.593862 255 0 0
-0.071734 0.033306 0.580772 255 0 0
-0.071734 0.033306 0.586953 255 0 0
-0.063644 0.038306 0.573862 255 0 0
-0.068644 0.035216 0.575772 255 0 0
-0.055553 0.043306 0.580772 255 0 0
-0.058644 0.041396 0.575772 255 0 0
-0.055553 0.033306 0.586953 255 0 0
-0.058644 0.035216 0.591953 255 0 0
-0.060553 0.030216 0.588862 255 0 0
-0.066734 0.030216 0.588862 255 0 0
-0.063644 0.028306 0.583862 255 0 0
-0.066734 0.030216 0.578862 255 0 0
-0.060553 0.030216 0.578862 255 0 0
-0.058644 0.035216 0.575772 255 0 0
-0.055553 0.033306 0.580772 255 0 0
-0.053644 0.038306 0.583862 255 0 0
-0.025564 0.048964 0.508689 255 0 0
-0.015049 0.048964 0.508689 255 0 0
-0.025564 0.031951 0.508689 255 0 0
-0.015049 0.031951 0.508689 255 0 0
-0.020307 0.035201 0.517195 255 0 0
-0.020307 0.045715 0.517195 255 0 0
-0.020307 0.035201 0.500182 255 0 0
-0.020307 0.045715 0.500182 255 0 0
-0.011800 0.040458 0.503431 255 0 0
-0.011800 0.040458 0.513946 255 0 0
-0.028813 0.040458 0.503431 255 0 0
-0.028813 0.040458 0.513946 255 0 0
-0.028397 0.045458 0.511779 255 0 0
-0.025307 0.043548 0.516779 255 0 0
-0.023397 0.048548 0.513689 255 0 0
-0.017216 0.048548 0.513689 255 0 0
-0.020307 0.050458 0.508689 255 0 0
-0.017216 0.048548 0.503689 255 0 0
-0.023397 0.048548 0.503689 255 0 0
-0.025307 0.043548 0.500598 255 0 0
-0.028397 0.045458 0.505599 255 0 0
-0.030307 0.040458 0.508689 255 0 0
-0.015307 0.043548 0.516779 255 0 0
-0.012216 0.045458 0.511779 255 0 0
-0.025307 0.037368 0.516779 255 0 0
-0.020307 0.040458 0.518689 255 0 0
-0.028397 0.035458 0.505599 255 0 0
-0.028397 0.035458 0.511779 255 0 0
-0.020307 0.040458 0.498689 255 0 0
-0.025307 0.037368 0.500598 255 0 0
-0.012216 0.045458 0.505599 255 0 0
-0.015307 0.043548 0.500598 255 0 0
-0.012216 0.035458 0.511779 255 0 0
-0.015307 0.037368 0.516779 255 0 0
-0.017216 0.032368 0.513689 255 0 0
-0.023397 0.032368 0.513689 255 0 0
-0.020307 0.030458 0.508689 255 0 0
-0.023397 0.032368 0.503689 255 0 0
-0.017216 0.032368 0.503689 255 0 0
-0.015307 0.037368 0.500598 255 0 0
-0.012216 0.035458 0.505599 255 0 0
-0.010307 0.040458 0.508689 255 0 0
-0.037244 0.031508 0.518230 255 0 0
-0.026730 0.031508 0.518230 255 0 0
-0.037244 0.014495 0.518230 255 0 0
-0.026730 0.014495 0.518230 255 0 0
-0.031987 0.017745 0.526737 255 0 0
-0.031987 0.028259 0.526737 255 0 0
-0.031987 0.017745 0.509724 255 0 0
-0.031987 0.028259 0.509724 255 0 0
-0.023481 0.023002 0.512973 255 0 0
-0.023481 0.023002 0.523488 255 0 0
-0.040494 0.023002 0.512973 255 0 0
-0.040494 0.023002 0.523488 255 0 0
-0.040077 0.028002 0.521321 255 0 0
-0.036987 0.026092 0.526321 255 0 0
-0.035077 0.031092 0.523230 255 0 0
-0.028897 0.031092 0.523230 255 0 0
-0.031987 0.033002 0.518230 255 0 0
-0.028897 0.031092 0.513230 255 0 0
-0.035077 0.031092 0.513230 255 0 0
-0.036987 0.026092 0.510140 255 0 0
-0.040077 0.028002 0.515140 255 0 0
-0.041987 0.023002 0.518230 255 0 0
-0.026987 0.026092 0.526321 255 0 0
-0.023897 0.028002 0.521321 255 0 0
-0.036987 0.019912 0.526321 255 0 0
-0.031987 0.023002 0.528230 255 0 0
-0.040077 0.018002 0.515140 255 0 0
-0.040077 0.018002 0.521321 255 0 0
-0.031987 0.023002 0.508230 255 0 0
-0.036987 0.019912 0.510140 255 0 0
-0.023897 0.028002 0.515140 255 0 0
-0.026987 0.026092 0.510140 255 0 0
-0.023897 0.018002 0.521321 255 0 0
-0.026987 0.019912 0.526321 255 0 0
-0.028897 0.014912 0.523230 255 0 0
-0.035077 0.014912 0.523230 255 0 0
-0.031987 0.013002 0.518230 255 0 0
-0.035077 0.014912 0.513230 255 0 0
-0.028897 0.014912 0.513230 255 0 0
-0.026987 0.019912 0.510140 255 0 0
-0.023897 0.018002 0.515140 255 0 0
-0.021987 0.023002 0.518230 255 0 0
-0.044458 -0.004580 0.546427 255 0 0
-0.033944 -0.004580 0.546427 255 0 0
-0.044458 -0.021593 0.546427 255 0 0
-0.033944 -0.021593 0.546427 255 0 0
-0.039201 -0.018343 0.554934 255 0 0
-0.039201 -0.007829 0.554934 255 0 0
-0.039201 -0.018343 0.537921 255 0 0
-0.039201 -0.007829 0.537921 255 0 0
-0.030694 -0.013086 0.541170 255 0 0
-0.030694 -0.013086 0.551685 255 0 0
-0.047707 -0.013086 0.541170 255 0 0
-0.047707 -0.013086 0.551685 255 0 0
-0.047291 -0.008086 0.549518 255 0 0
-0.044201 -0.009996 0.554518 255 0 0
-0.042291 -0.004996 0.551427 255 0 0
-0.036111 -0.004996 0.551427 255 0 0
-0.039201 -0.003086 0.546427 255 0 0
-0.036111 -0.004996 0.541427 255 0 0
-0.042291 -0.004996 0.541427 255 0 0
-0.044201 -0.009996 0.538337 255 0 0
-0.047291 -0.008086 0.543337 255 0 0
-0.049201 -0.013086 0.546427 255 0 0
-0.034201 -0.009996 0.554518 255 0 0
-0.031111 -0.008086 0.549518 255 0 0
-0.044201 -0.016176 0.554518 255 0 0
-0.039201 -0.013086 0.556427 255 0 0
-0.047291 -0.018086 0.543337 255 0 0
-0.047291 -0.018086 0.549518 255 0 0
-0.039201 -0.013086 0.536427 255 0 0
-0.044201 -0.016176 0.538337 255 0 0
-0.031111 -0.008086 0.543337 255 0 0
-0.034201 -0.009996 0.538337 255 0 0
-0.031111 -0.018086 0.549518 255 0 0
-0.034201 -0.016176 0.554518 255 0 0
-0.036111 -0.021176 0.551427 255 0 0
-0.042291 -0.021176 0.551427 255 0 0
-0.039201 -0.023086 0.546427 255 0 0
-0.042291 -0.021176 0.541427 255 0 0
-0.036111 -0.021176 0.541427 255 0 0
-0.034201 -0.016176 0.538337 255 0 0
-0.031111 -0.018086 0.543337 255 0 0
-0.029201 -0.013086 0.546427 255 0 0
-0.044365 0.000886 0.540001 255 0 0
-0.033850 0.000886 0.540001 255 0 0
-0.044365 -0.016127 0.540001 255 0 0
-0.033850 -0.016127 0.540001 255 0 0
-0.039108 -0.012878 0.548507 255 0 0
-0.039108 -0.002363 0.548507 255 0 0
-0.039108 -0.012878 0.531494 255 0 0
-0.039108 -0.002363 0.531494 255 0 0
-0.030601 -0.007620 0.534743 255 0 0
-0.030601 -0.007620 0.545258 255 0 0
-0.047614 -0.007620 0.534743 255 0 0
-0.047614 -0.007620 0.545258 255 0 0
-0.047198 -0.002620 0.543091 255 0 0
-0.044108 -0.004530 0.548091 255 0 0
-0.042198 0.000470 0.545001 255 0 0
-0.036017 0.000470 0.545001 255 0 0
-0.039108 0.002380 0.540001 255 0 0
-0.036017 0.000470 0.535001 255 0 0
-0.042198 0.000470 0.535001 255 0 0
-0.044108 -0.004530 0.531911 255 0 0
-0.047198 -0.002620 0.536911 255 0 0
-0.049108 -0.007620 0.540001 255 0 0
-0.034108 -0.004530 0.548091 255 0 0
-0.031017 -0.002620 0.543091 255 0 0
-0.044108 -0.010711 0.548091 255 0 0
-0.039108 -0.007620 0.550001 255 0 0
-0.047198 -0.012620 0.536911 255 0 0
-0.047198 -0.012620 0.543091 255 0 0
-0.039108 -0.007620 0.530001 255 0 0
-0.044108 -0.010711 0.531911 255 0 0
-0.031017 -0.002620 0.536911 255 0 0
-0.034108 -0.004530 0.531911 255 0 0
-0.031017 -0.012620 0.543091 255 0 0
-0.034108 -0.010711 0.548091 255 0 0
-0.036017 -0.015711 0.545001 255 0 0
-0.042198 -0.015711 0.545001 255 0 0
-0.039108 -0.017620 0.540001 255 0 0
-0.042198 -0.015711 0.535001 255 0 0
-0.036017 -0.015711 0.535001 255 0 0
-0.034108 -0.010711 0.531911 255 0 0
-0.031017 -0.012620 0.536911 255 0 0
-0.029108 -0.007620 0.540001 255 0 0
0.016691 0.070815 0.453314 255 0 0
0.027206 0.070815 0.453314 255 0 0
0.016691 0.053802 0.453314 255 0 0
0.027206 0.053802 0.453314 255 0 0
0.021948 0.057051 0.461820 255 0 0
0.021948 0.067566 0.461820 255 0 0
0.021948 0.057051 0.444807 255 0 0
0.021948 0.067566 0.444807 255 0 0
0.030455 0.062309 0.448056 255 0 0
0.030455 0.062309 0.458571 255 0 0
0.013442 0.062309 0.448056 255 0 0
0.013442 0.062309 0.458571 255 0 0
0.013858 0.067309 0.456404 255 0 0
0.016948 0.065399 0.461404 255 0 0
0.018858 0.070399 0.458314 255 0 0
0.025038 0.070399 0.458314 255 0 0
0.021948 0.072309 0.453314 255 0 0
0.025038 0.070399 0.448314 255 0 0
0.018858 0.070399 0.448314 255 0 0
0.016948 0.065399 0.445224 255 0 0
0.013858 0.067309 0.450224 255 0 0
0.011948 0.062309 0.453314 255 0 0
0.026948 0.065399 0.461404 255 0 0
0.030038 0.067309 0.456404 255 0 0
0.016948 0.059219 0.461404 255 0 0
0.021948 0.062309 0.463314 255 0 0
0.013858 0.057309 0.450224 255 0 0
0.013858 0.057309 0.456404 255 0 0
0.021948 0.062309 0.443314 255 0 0
0.016948 0.059219 0.445224 255 0 0
0.030038 0.067309 0.450224 255 0 0
0.026948 0.065399 0.445224 255 0 0
0.030038 0.057309 0.456404 255 0 0
0.026948 0.059219 0.461404 255 0 0
0.025038 0.054219 0.458314 255 0 0
0.018858 0.054219 0.458314 255 0 0
0.021948 0.052309 0.453314 255 0 0
0.018858 0.054219 0.448314 255 0 0
0.025038 0.054219 0.448314 255 0 0
0.026948 0.059219 0.445224 255 0 0
0.030038 0.057309 0.450224 255 0 0
0.031948 0.062309 0.453314 255 0 0
0.016531 0.087028 0.454891 255 0 0
0.027046 0.087028 0.454891 255 0 0
0.016531 0.070015 0.454891 255 0 0
0.027046 0.070015 0.454891 255 0 0
0.021788 0.073264 0.463397 255 0 0
0.021788 0.083779 0.463397 255 0 0
0.021788 0.073264 0.446384 255 0 0
0.021788 0.083779 0.446384 255 0 0
0.030295 0.078521 0.449634 255 0 0
0.030295 0.078521 0.460148 255 0 0
0.013282 0.078521 0.449634 255 0 0
0.013282 0.078521 0.460148 255 0 0
0.013698 0.083521 0.457981 255 0 0
0.016788 0.081612 0.462981 255 0 0
0.018698 0.086612 0.459891 255 0 0
0.024878 0.086612 0.459891 255 0 0
0.021788 0.088521 0.454891 255 0 0
0.024878 0.086612 0.449891 255 0 0
0.018698 0.086612 0.449891 255 0 0
0.016788 0.081612 0.446801 255 0 0
0.013698 0.083521 0.451801 255 0 0
0.011788 0.078521 0.454891 255 0 0
0.026788 0.081612 0.462981 255 0 0
0.029878 0.083521 0.457981 255 0 0
0.016788 0.075431 0.462981 255 0 0
0.021788 0.078521 0.464891 255 0 0
0.013698 0.073521 0.451801 255 0 0
0.013698 0.073521 0.457981 255 0 0
0.021788 0.078521 0.444891 255 0 0
0.016788 0.075431 0.446801 255 0 0
0.029878 0.083521 0.451801 255 0 0
0.026788 0.081612 0.446801 255 0 0
0.029878 0.073521 0.457981 255 0 0
0.026788 0.075431 0.462981 255 0 0
0.024878 0.070431 0.459891 255 0 0
0.018698 0.070431 0.459891 255 0 0
0.021788 0.068521 0.454891 255 0 0
0.018698 0.070431 0.449891 255 0 0
0.024878 0.070431 0.449891 255 0 0
0.026788 0.075431 0.446801 255 0 0
0.029878 0.073521 0.451801 255 0 0
0.031788 0.078521 0.454891 255 0 0
-0.057346 -0.075938 0.572727 255 0 0
-0.046831 -0.075938 0.572727 255 0 0
-0.057346 -0.092951 0.572727 255 0 0
-0.046831 -0.092951 0.572727 255 0 0
-0.052088 -0.089702 0.581234 255 0 0
-0.052088 -0.079187 0.581234 255 0 0
-0.052088 -0.089702 0.564221 255 0 0
-0.052088 -0.079187 0.564221 255 0 0
-0.043582 -0.084444 0.567470 255 0 0
-0.043582 -0.084444 0.577984 255 0 0
-0.060595 -0.084444 0.567470 255 0 0
-0.060595 -0.084444 0.577984 255 0 0
-0.060178 -0.079444 0.575817 255 0 0
-0.057088 -0.081354 0.580817 255 0 0
-0.055178 -0.076354 0.577727 255 0 0
-0.048998 -0.076354 0.577727 255 0 0
-0.052088 -0.074444 0.572727 255 0 0
-0.048998 -0.076354 0.567727 255 0 0
-0.055178 -0.076354 0.567727 255 0 0
-0.057088 -0.081354 0.564637 255 0 0
-0.060178 -0.079444 0.569637 255 0 0
-0.062088 -0.084444 0.572727 255 0 0
-0.047088 -0.081354 0.580817 255 0 0
-0.043998 -0.079444 0.575817 255 0 0
-0.057088 -0.087535 0.580817 255 0 0
-0.052088 -0.084444 0.582727 255 0 0
-0.060178 -0.089444 0.569637 255 0 0
-0.060178 -0.089444 0.575817 255 0 0
-0.052088 -0.084444 0.562727 255 0 0
-0.057088 -0.087535 0.564637 255 0 0
-0.043998 -0.079444 0.569637 255 0 0
-0.047088 -0.081354 0.564637 255 0 0
-0.043998 -0.089444 0.575817 255 0 0
-0.047088 -0.087535 0.580817 255 0 0
-0.048998 -0.092535 0.577727 255 0 0
-0.055178 -0.092535 0.577727 255 0 0
-0.052088 -0.094444 0.572727 255 0 0
-0.055178 -0.092535 0.567727 255 0 0
-0.048998 -0.092535 0.567727 255 0 0
-0.047088 -0.087535 0.564637 255 0 0
-0.043998 -0.089444 0.569637 255 0 0
-0.042088 -0.084444 0.572727 255 0 0
-0.024414 -0.074959 0.527060 255 0 0
-0.013899 -0.074959 0.527060 255 0 0
-0.024414 -0.091972 0.527060 255 0 0
-0.013899 -0.091972 0.527060 255 0 0
-0.019156 -0.088723 0.535566 255 0 0
-0.019156 -0.078208 0.535566 255 0 0
-0.019156 -0.088723 0.518553 255 0 0
-0.019156 -0.078208 0.518553 255 0 0
-0.010650 -0.083466 0.521802 255 0 0
-0.010650 -0.083466 0.532317 255 0 0
-0.027663 -0.083466 0.521802 255 0 0
-0.027663 -0.083466 0.532317 255 0 0
-0.027247 -0.078466 0.530150 255 0 0
-0.024156 -0.080376 0.535150 255 0 0
-0.022247 -0.075376 0.532060 255 0 0
-0.016066 -0.075376 0.532060 255 0 0
-0.019156 -0.073466 0.527060 255 0 0
-0.016066 -0.075376 0.522060 255 0 0
-0.022247 -0.075376 0.522060 255 0 0
-0.024156 -0.080376 0.518969 255 0 0
-0.027247 -0.078466 0.523969 255 0 0
-0.029156 -0.083466 0.527060 255 0 0
-0.014156 -0.080376 0.535150 255 0 0
-0.011066 -0.078466 0.530150 255 0 0
-0.024156 -0.086556 0.535150 255 0 0
-0.019156 -0.083466 0.537060 255 0 0
-0.027247 -0.088466 0.523969 255 0 0
-0.027247 -0.088466 0.530150 255 0 0
-0.019156 -0.083466 0.517060 255 0 0
-0.024156 -0.086556 0.518969 255 0 0
-0.011066 -0.078466 0.523969 255 0 0
-0.014156 -0.080376 0.518969 255 0 0
-0.011066 -0.088466 0.530150 255 0 0
-0.014156 -0.086556 0.535150 255 0 0
-0.016066 -0.091556 0.532060 255 0 0
-0.022247 -0.091556 0.532060 255 0 0
-0.019156 -0.093466 0.527060 255 0 0
-0.022247 -0.091556 0.522060 255 0 0
-0.016066 -0.091556 0.522060 255 0 0
-0.014156 -0.086556 0.518969 255 0 0
-0.011066 -0.088466 0.523969 255 0 0
-0.009156 -0.083466 0.527060 255 0 0
-0.032144 -0.067505 0.533571 255 0 0
-0.021629 -0.067505 0.533571 255 0 0
-0.032144 -0.084518 0.533571 255 0 0
-0.021629 -0.084518 0.533571 255 0 0
-0.026887 -0.081268 0.542078 255 0 0
-0.026887 -0.070754 0.542078 255 0 0
-0.026887 -0.081268 0.525065 255 0 0
-0.026887 -0.070754 0.525065 255 0 0
-0.018380 -0.076011 0.528314 255 0 0
-0.018380 -0.076011 0.538828 255 0 0
-0.035393 -0.076011 0.528314 255 0 0
-0.035393 -0.076011 0.538828 255 0 0
-0.034977 -0.071011 0.536661 255 0 0
-0.031887 -0.072921 0.541661 255 0 0
-0.029977 -0.067921 0.538571 255 0 0
-0.023796 -0.067921 0.538571 255 0 0
-0.026887 -0.066011 0.533571 255 0 0
-0.023796 -0.067921 0.528571 255 0 0
-0.029977 -0.067921 0.528571 255 0 0
-0.031887 -0.072921 0.525481 255 0 0
-0.034977 -0.071011 0.530481 255 0 0
-0.036887 -0.076011 0.533571 255 0 0
-0.021887 -0.072921 0.541661 255 0 0
-0.018796 -0.071011 0.536661 255 0 0
-0.031887 -0.079101 0.541661 255 0 0
-0.026887 -0.076011 0.543571 255 0 0
-0.034977 -0.081011 0.530481 255 0 0
-0.034977 -0.081011 0.536661 255 0 0
-0.026887 -0.076011 0.523571 255 0 0
-0.031887 -0.079101 0.525481 255 0 0
-0.018796 -0.071011 0.530481 255 0 0
-0.021887 -0.072921 0.525481 255 0 0
-0.018796 -0.081011 0.536661 255 0 0
-0.021887 -0.079101 0.541661 255 0 0
-0.023796 -0.084101 0.538571 255 0 0
-0.029977 -0.084101 0.538571 255 0 0
-0.026887 -0.086011 0.533571 255 0 0
-0.029977 -0.084101 0.528571 255 0 0
-0.023796 -0.084101 0.528571 255 0 0
-0.021887 -0.079101 0.525481 255 0 0
-0.018796 -0.081011 0.530481 255 0 0
-0.016887 -0.076011 0.533571 255 0 0
0.029964 0.075606 0.454560 255 0 0
0.040479 0.075606 0.454560 255 0 0
0.029964 0.058593 0.454560 255 0 0
0.040479 0.058593 0.454560 255 0 0
0.035222 0.061842 0.463066 255 0 0
0.035222 0.072357 0.463066 255 0 0
0.035222 0.061842 0.446053 255 0 0
0.035222 0.072357 0.446053 255 0 0
0.043728 0.067099 0.449303 255 0 0
0.043728 0.067099 0.459817 255 0 0
0.026715 0.067099 0.449303 255 0 0
0.026715 0.067099 0.459817 255 0 0
0.027131 0.072099 0.457650 255 0 0
0.030222 0.070189 0.462650 255 0 0
0.032131 0.075189 0.459560 255 0 0
0.038312 0.075189 0.459560 255 0 0
0.035222 0.077099 0.454560 255 0 0
0.038312 0.075189 0.449560 255 0 0
0.032131 0.075189 0.449560 255 0 0
0.030222 0.070189 0.446470 255 0 0
0.027131 0.072099 0.451470 255 0 0
0.025222 0.067099 0.454560 255 0 0
0.040222 0.070189 0.462650 255 0 0
0.043312 0.072099 0.457650 255 0 0
0.030222 0.064009 0.462650 255 0 0
0.035222 0.067099 0.464560 255 0 0
0.027131 0.062099 0.451470 255 0 0
0.027131 0.062099 0.457650 255 0 0
0.035222 0.067099 0.444560 255 0 0
0.030222 0.064009 0.446470 255 0 0
0.043312 0.072099 0.451470 255 0 0
0.040222 0.070189 0.446470 255 0 0
0.043312 0.062099 0.457650 255 0 0
0.040222 0.064009 0.462650 255 0 0
0.038312 0.059009 0.459560 255 0 0
0.032131 0.059009 0.459560 255 0 0
0.035222 0.057099 0.454560 255 0 0
0.032131 0.059009 0.449560 255 0 0
0.038312 0.059009 0.449560 255 0 0
0.040222 0.064009 0.446470 255 0 0
0.043312 0.062099 0.451470 255 0 0
0.045222 0.067099 0.454560 255 0 0
0.023214 0.078665 0.457783 255 0 0
0.033728 0.078665 0.457783 255 0 0
0.023214 0.061652 0.457783 255 0 0
0.033728 0.061652 0.457783 255 0 0
0.028471 0.064901 0.466289 255 0 0
0.028471 0.075416 0.466289 255 0 0
0.028471 0.064901 0.449276 255 0 0
0.028471 0.075416 0.449276 255 0 0
0.036977 0.070159 0.452526 255 0 0
0.036977 0.070159 0.463040 255 0 0
0.019964 0.070159 0.452526 255 0 0
0.019964 0.070159 0.463040 255 0 0
0.020381 0.075159 0.460873 255 0 0
0.023471 0.073249 0.465873 255 0 0
0.025381 0.078249 0.462783 255 0 0
0.031561 0.078249 0.462783 255 0 0
0.028471 0.080159 0.457783 255 0 0
0.031561 0.078249 0.452783 255 0 0
0.025381 0.078249 0.452783 255 0 0
0.023471 0.073249 0.449693 255 0 0
0.020381 0.075159 0.454693 255 0 0
0.018471 0.070159 0.457783 255 0 0
0.033471 0.073249 0.465873 255 0 0
0.036561 0.075159 0.460873 255 0 0
0.023471 0.067069 0.465873 255 0 0
0.028471 0.070159 0.467783 255 0 0
0.020381 0.065159 0.454693 255 0 0
0.020381 0.065159 0.460873 255 0 0
0.028471 0.070159 0.447783 255 0 0
0.023471 0.067069 0.449693 255 0 0
0.036561 0.075159 0.454693 255 0 0
0.033471 0.073249 0.449693 255 0 0
0.036561 0.065159 0.460873 255 0 0
0.033471 0.067069 0.465873 255 0 0
0.031561 0.062069 0.462783 255 0 0
0.025381 0.062069 0.462783 255 0 0
0.028471 0.060159 0.457783 255 0 0
0.025381 0.062069 0.452783 255 0 0
0.031561 0.062069 0.452783 255 0 0
0.033471 0.067069 0.449693 255 0 0
0.036561 0.065159 0.454693 255 0 0
0.038471 0.070159 0.457783 255 0 0
0.049430 0.109665 0.453824 255 0 0
0.059944 0.109665 0.453824 255 0 0
0.049430 0.092652 0.453824 255 0 0
0.059944 0.092652 0.453824 255 0 0
0.054687 0.095901 0.462331 255 0 0
0.054687 0.106416 0.462331 255 0 0
0.054687 0.095901 0.445318 255 0 0
0.054687 0.106416 0.445318 255 0 0
0.063193 0.101159 0.448567 255 0 0
0.063193 0.101159 0.459082 255 0 0
0.046180 0.101159 0.448567 255 0 0
0.046180 0.101159 0.459082 255 0 0
0.046597 0.106159 0.456914 255 0 0
0.049687 0.104249 0.461914 255 0 0
0.051597 0.109249 0.458824 255 0 0
0.057777 0.109249 0.458824 255 0 0
0.054687 0.111159 0.453824 255 0 0
0.057777 0.109249 0.448824 255 0 0
0.051597 0.109249 0.448824 255 0 0
0.049687 0.104249 0.445734 255 0 0
0.046597 0.106159 0.450734 255 0 0
0.044687 0.101159 0.453824 255 0 0
0.059687 0.104249 0.461914 255 0 0
0.062777 0.106159 0.456914 255 0 0
0.049687 0.098068 0.461914 255 0 0
0.054687 0.101159 0.463824 255 0 0
0.046597 0.096159 0.450734 255 0 0
0.046597 0.096159 0.456914 255 0 0
0.054687 0.101159 0.443824 255 0 0
0.049687 0.098068 0.445734 255 0 0
0.062777 0.106159 0.450734 255 0 0
0.059687 0.104249 0.445734 255 0 0
0.062777 0.096159 0.456914 255 0 0
0.059687 0.098068 0.461914 255 0 0
0.057777 0.093068 0.458824 255 0 0
0.051597 0.093068 0.458824 255 0 0
0.054687 0.091159 0.453824 255 0 0
0.051597 0.093068 0.448824 255 0 0
0.057777 0.093068 0.448824 255 0 0
0.059687 0.098068 0.445734 255 0 0
0.062777 0.096159 0.450734 255 0 0
0.064687 0.101159 0.453824 255 0 0
-0.099161 0.138906 0.587978 255 0 0
-0.088646 0.138906 0.587978 255 0 0
-0.099161 0.121893 0.587978 255 0 0
-0.088646 0.121893 0.587978 255 0 0
-0.093903 0.125143 0.596485 255 0 0
-0.093903 0.135657 0.596485 255 0 0
-0.093903 0.125143 0.579472 255 0 0
-0.093903 0.135657 0.579472 255 0 0
-0.085397 0.130400 0.582721 255 0 0
-0.085397 0.130400 0.593236 255 0 0
-0.102410 0.130400 0.582721 255 0 0
-0.102410 0.130400 0.593236 255 0 0
-0.101994 0.135400 0.591069 255 0 0
-0.098903 0.133490 0.596069 255 0 0
-0.096994 0.138490 0.592978 255 0 0
-0.090813 0.138490 0.592978 255 0 0
-0.093903 0.140400 0.587978 255 0 0
-0.090813 0.138490 0.582978 255 0 0
-0.096994 0.138490 0.582978 255 0 0
-0.098903 0.133490 0.579888 255 0 0
-0.101994 0.135400 0.584888 255 0 0
-0.103903 0.130400 0.587978 255 0 0
-0.088903 0.133490 0.596069 255 0 0
-0.085813 0.135400 0.591069 255 0 0
-0.098903 0.127310 0.596069 255 0 0
-0.093903 0.130400 0.597978 255 0 0
-0.101994 0.125400 0.584888 255 0 0
-0.101994 0.125400 0.591069 255 0 0
-0.093903 0.130400 0.577978 255 0 0
-0.098903 0.127310 0.579888 255 0 0
-0.085813 0.135400 0.584888 255 0 0
-0.088903 0.133490 0.579888 255 0 0
-0.085813 0.125400 0.591069 255 0 0
-0.088903 0.127310 0.596069 255 0 0
-0.090813 0.122310 0.592978 255 0 0
-0.096994 0.122310 0.592978 255 0 0
-0.093903 0.120400 0.587978 255 0 0
-0.096994 0.122310 0.582978 255 0 0
-0.090813 0.122310 0.582978 255 0 0
-0.088903 0.127310 0.579888 255 0 0
-0.085813 0.125400 0.584888 255 0 0
-0.083903 0.130400 0.587978 255 0 0
0.016480 0.020251 0.480773 255 0 0
0.026995 0.020251 0.480773 255 0 0
0.016480 0.003238 0.480773 255 0 0
0.026995 0.003238 0.480773 255 0 0
0.021737 0.006487 0.489279 255 0 0
0.021737 0.017002 0.489279 255 0 0
0.021737 0.006487 0.472266 255 0 0
0.021737 0.017002 0.472266 255 0 0
0.030244 0.011744 0.475516 255 0 0
0.030244 0.011744 0.486030 255 0 0
0.013231 0.011744 0.475516 255 0 0
0.013231 0.011744 0.486030 255 0 0
0.013647 0.016744 0.483863 255 0 0
0.016737 0.014834 0.488863 255 0 0
0.018647 0.019834 0.485773 255 0 0
0.024827 0.019834 0.485773 255 0 0
0.021737 0.021744 0.480773 255 0 0
0.024827 0.019834 0.475773 255 0 0
0.018647 0.019834 0.475773 255 0 0
0.016737 0.014834 0.472683 255 0 0
0.013647 0.016744 0.477683 255 0 0
0.011737 0.011744 0.480773 255 0 0
0.026737 0.014834 0.488863 255 0 0
0.029827 0.016744 0.483863 255 0 0
0.016737 0.008654 0.488863 255 0 0
0.021737 0.011744 0.490773 255 0 0
0.013647 0.006744 0.477683 255 0 0
0.013647 0.006744 0.483863 255 0 0
0.021737 0.011744 0.470773 255 0 0
0.016737 0.008654 0.472683 255 0 0
0.029827 0.016744 0.477683 255 0 0
0.026737 0.014834 0.472683 255 0 0
0.029827 0.006744 0.483863 255 0 0
0.026737 0.008654 0.488863 255 0 0
0.024827 0.003654 0.485773 255 0 0
0.018647 0.003654 0.485773 255 0 0
0.021737 0.001744 0.480773 255 0 0
0.018647 0.003654 0.475773 255 0 0
0.024827 0.003654 0.475773 255 0 0
0.026737 0.008654 0.472683 255 0 0
0.029827 0.006744 0.477683 255 0 0
0.031737 0.011744 0.480773 255 0 0
0.017144 0.022904 0.472110 255 0 0
0.027658 0.022904 0.472110 255 0 0
0.017144 0.005891 0.472110 255 0 0
0.027658 0.005891 0.472110 255 0 0
0.022401 0.009140 0.480616 255 0 0
0.022401 0.019655 0.480616 255 0 0
0.022401 0.009140 0.463603 255 0 0
0.022401 0.019655 0.463603 255 0 0
0.030907 0.014397 0.466852 255 0 0
0.030907 0.014397 0.477367 255 0 0
0.013894 0.014397 0.466852 255 0 0
0.013894 0.014397 0.477367 255 0 0
0.014311 0.019397 0.475200 255 0 0
0.017401 0.017488 0.480200 255 0 0
0.019311 0.022488 0.477110 255 0 0
0.025491 0.022488 0.477110 255 0 0
0.022401 0.024397 0.472110 255 0 0
0.025491 0.022488 0.467110 255 0 0
0.019311 0.022488 0.467110 255 0 0
0.017401 0.017488 0.464020 255 0 0
0.014311 0.019397 0.469020 255 0 0
0.012401 0.014397 0.472110 255 0 0
0.027401 0.017488 0.480200 255 0 0
0.030491 0.019397 0.475200 255 0 0
0.017401 0.011307 0.480200 255 0 0
0.022401 0.014397 0.482110 255 0 0
0.014311 0.009397 0.469020 255 0 0
0.014311 0.009397 0.475200 255 0 0
0.022401 0.014397 0.462110 255 0 0
0.017401 0.011307 0.464020 255 0 0
0.030491 0.019397 0.469020 255 0 0
0.027401 0.017488 0.464020 255 0 0
0.030491 0.009397 0.475200 255 0 0
0.027401 0.011307 0.480200 255 0 0
0.025491 0.006307 0.477110 255 0 0
0.019311 0.006307 0.477110 255 0 0
0.022401 0.004397 0.472110 255 0 0
0.019311 0.006307 0.467110 255 0 0
0.025491 0.006307 0.467110 255 0 0
0.027401 0.011307 0.464020 255 0 0
0.030491 0.009397 0.469020 255 0 0
0.032401 0.014397 0.472110 255 0 0
0.040061 0.000064 0.470149 255 0 0
0.050576 0.000064 0.470149 255 0 0
0.040061 -0.016949 0.470149 255 0 0
0.050576 -0.016949 0.470149 255 0 0
0.045318 -0.013700 0.478655 255 0 0
0.045318 -0.003185 0.478655 255 0 0
0.045318 -0.013700 0.461642 255 0 0
0.045318 -0.003185 0.461642 255 0 0
0.053825 -0.008442 0.464892 255 0 0
0.053825 -0.008442 0.475406 255 0 0
0.036812 -0.008442 0.464892 255 0 0
0.036812 -0.008442 0.475406 255 0 0
0.037228 -0.003442 0.473239 255 0 0
0.040318 -0.005352 0.478239 255 0 0
0.042228 -0.000352 0.475149 255 0 0
0.048409 -0.000352 0.475149 255 0 0
0.045318 0.001558 0.470149 255 0 0
0.048409 -0.000352 0.465149 255 0 0
0.042228 -0.000352 0.465149 255 0 0
0.040318 -0.005352 0.462059 255 0 0
0.037228 -0.003442 0.467059 255 0 0
0.035318 -0.008442 0.470149 255 0 0
0.050318 -0.005352 0.478239 255 0 0
0.053409 -0.003442 0.473239 255 0 0
0.040318 -0.011533 0.478239 255 0 0
0.045318 -0.008442 0.480149 255 0 0
0.037228 -0.013442 0.467059 255 0 0
0.037228 -0.013442 0.473239 255 0 0
0.045318 -0.008442 0.460149 255 0 0
0.040318 -0.011533 0.462059 255 0 0
0.053409 -0.003442 0.467059 255 0 0
0.050318 -0.005352 0.462059 255 0 0
0.053409 -0.013442 0.473239 255 0 0
0.050318 -0.011533 0.478239 255 0 0
0.048409 -0.016533 0.475149 255 0 0
0.042228 -0.016533 0.475149 255 0 0
0.045318 -0.018442 0.470149 255 0 0
0.042228 -0.016533 0.465149 255 0 0
0.048409 -0.016533 0.465149 255 0 0
0.050318 -0.011533 0.462059 255 0 0
0.053409 -0.013442 0.467059 255 0 0
0.055318 -0.008442 0.470149 255 0 0
0.034550 -0.009428 0.468989 255 0 0
0.045065 -0.009428 0.468989 255 0 0
0.034550 -0.026441 0.468989 255 0 0
0.045065 -0.026441 0.468989 255 0 0
0.039808 -0.023192 0.477496 255 0 0
0.039808 -0.012677 0.477496 255 0 0
0.039808 -0.023192 0.460483 255 0 0
0.039808 -0.012677 0.460483 255 0 0
0.048314 -0.017935 0.463732 255 0 0
0.048314 -0.017935 0.474247 255 0 0
0.031301 -0.017935 0.463732 255 0 0
0.031301 -0.017935 0.474247 255 0 0
0.031717 -0.012935 0.472079 255 0 0
0.034808 -0.014845 0.477079 255 0 0
0.036717 -0.009845 0.473989 255 0 0
0.042898 -0.009845 0.473989 255 0 0
0.039808 -0.007935 0.468989 255 0 0
0.042898 -0.009845 0.463989 255 0 0
0.036717 -0.009845 0.463989 255 0 0
0.034808 -0.014845 0.460899 255 0 0
0.031717 -0.012935 0.465899 255 0 0
0.029808 -0.017935 0.468989 255 0 0
0.044808 -0.014845 0.477079 255 0 0
0.047898 -0.012935 0.472079 255 0 0
0.034808 -0.021025 0.477079 255 0 0
0.039808 -0.017935 0.478989 255 0 0
0.031717 -0.022935 0.465899 255 0 0
0.031717 -0.022935 0.472079 255 0 0
0.039808 -0.017935 0.458989 255 0 0
0.034808 -0.021025 0.460899 255 0 0
0.047898 -0.012935 0.465899 255 0 0
0.044808 -0.014845 0.460899 255 0 0
0.047898 -0.022935 0.472079 255 0 0
0.044808 -0.021025 0.477079 255 0 0
0.042898 -0.026025 0.473989 255 0 0
0.036717 -0.026025 0.473989 255 0 0
0.039808 -0.027935 0.468989 255 0 0
0.036717 -0.026025 0.463989 255 0 0
0.042898 -0.026025 0.463989 255 0 0
0.044808 -0.021025 0.460899 255 0 0
0.047898 -0.022935 0.465899 255 0 0
0.049808 -0.017935 0.468989 255 0 0
0.028241 -0.029715 0.471886 255 0 0
0.038756 -0.029715 0.471886 255 0 0
0.028241 -0.046728 0.471886 255 0 0
0.038756 -0.046728 0.471886 255 0 0
0.033498 -0.043479 0.480392 255 0 0
0.033498 -0.032965 0.480392 255 0 0
0.033498 -0.043479 0.463379 255 0 0
0.033498 -0.032965 0.463379 255 0 0
0.042005 -0.038222 0.466628 255 0 0
0.042005 -0.038222 0.477143 255 0 0
0.024992 -0.038222 0.466628 255 0 0
0.024992 -0.038222 0.477143 255 0 0
0.025408 -0.033222 0.474976 255 0 0
0.028498 -0.035132 0.479976 255 0 0
0.030408 -0.030132 0.476886 255 0 0
0.036589 -0.030132 0.476886 255 0 0
0.033498 -0.028222 0.471886 255 0 0
0.036589 -0.030132 0.466886 255 0 0
0.030408 -0.030132 0.466886 255 0 0
0.028498 -0.035132 0.463795 255 0 0
0.025408 -0.033222 0.468795 255 0 0
0.023498 -0.038222 0.471886 255 0 0
0.038498 -0.035132 0.479976 255 0 0
0.041589 -0.033222 0.474976 255 0 0
0.028498 -0.041312 0.479976 255 0 0
0.033498 -0.038222 0.481886 255 0 0
0.025408 -0.043222 0.468795 255 0 0
0.025408 -0.043222 0.474976 255 0 0
0.033498 -0.038222 0.461886 255 0 0
0.028498 -0.041312 0.463795 255 0 0
0.041589 -0.033222 0.468795 255 0 0
0.038498 -0.035132 0.463795 255 0 0
0.041589 -0.043222 0.474976 255 0 0
0.038498 -0.041312 0.479976 255 0 0
0.036589 -0.046312 0.476886 255 0 0
0.030408 -0.046312 0.476886 255 0 0
0.033498 -0.048222 0.471886 255 0 0
0.030408 -0.046312 0.466886 255 0 0
0.036589 -0.046312 0.466886 255 0 0
0.038498 -0.041312 0.463795 255 0 0
0.041589 -0.043222 0.468795 255 0 0
0.043498 -0.038222 0.471886 255 0 0
0.035006 -0.018176 0.467604 255 0 0
0.045521 -0.018176 0.467604 255 0 0
0.035006 -0.035189 0.467604 255 0 0
0.045521 -0.035189 0.467604 255 0 0
0.040264 -0.031940 0.476111 255 0 0
0.040264 -0.021426 0.476111 255 0 0
0.040264 -0.031940 0.459098 255 0 0
0.040264 -0.021426 0.459098 255 0 0
0.048770 -0.026683 0.462347 255 0 0
0.048770 -0.026683 0.472862 255 0 0
0.031757 -0.026683 0.462347 255 0 0
0.031757 -0.026683 0.472862 255 0 0
0.032173 -0.021683 0.470695 255 0 0
0.035264 -0.023593 0.475695 255 0 0
0.037173 -0.018593 0.472604 255 0 0
0.043354 -0.018593 0.472604 255 0 0
0.040264 -0.016683 0.467604 255 0 0
0.043354 -0.018593 0.462604 255 0 0
0.037173 -0.018593 0.462604 255 0 0
0.035264 -0.023593 0.459514 255 0 0
0.032173 -0.021683 0.464514 255 0 0
0.030264 -0.026683 0.467604 255 0 0
0.045264 -0.023593 0.475695 255 0 0
0.048354 -0.021683 0.470695 255 0 0
0.035264 -0.029773 0.475695 255 0 0
0.040264 -0.026683 0.477604 255 0 0
0.032173 -0.031683 0.464514 255 0 0
0.032173 -0.031683 0.470695 255 0 0
0.040264 -0.026683 0.457604 255 0 0
0.035264 -0.029773 0.459514 255 0 0
0.048354 -0.021683 0.464514 255 0 0
0.045264 -0.023593 0.459514 255 0 0
0.048354 -0.031683 0.470695 255 0 0
0.045264 -0.029773 0.475695 255 0 0
0.043354 -0.034773 0.472604 255 0 0
0.037173 -0.034773 0.472604 255 0 0
0.040264 -0.036683 0.467604 255 0 0
0.037173 -0.034773 0.462604 255 0 0
0.043354 -0.034773 0.462604 255 0 0
0.045264 -0.029773 0.459514 255 0 0
0.048354 -0.031683 0.464514 255 0 0
0.050264 -0.026683 0.467604 255 0 0
-0.054713 -0.037594 0.582598 255 0 0
-0.044199 -0.037594 0.582598 255 0 0
-0.054713 -0.054607 0.582598 255 0 0
-0.044199 -0.054607 0.582598 255 0 0
-0.049456 -0.051358 0.591104 255 0 0
-0.049456 -0.040843 0.591104 255 0 0
-0.049456 -0.051358 0.574091 255 0 0
-0.049456 -0.040843 0.574091 255 0 0
-0.040949 -0.046101 0.577340 255 0 0
-0.040949 -0.046101 0.587855 255 0 0
-0.057962 -0.046101 0.577340 255 0 0
-0.057962 -0.046101 0.587855 255 0 0
-0.057546 -0.041101 0.585688 255 0 0
-0.054456 -0.043010 0.590688 255 0 0
-0.052546 -0.038010 0.587598 255 0 0
-0.046366 -0.038010 0.587598 255 0 0
-0.049456 -0.036101 0.582598 255 0 0
-0.046366 -0.038010 0.577598 255 0 0
-0.052546 -0.038010 0.577598 255 0 0
-0.054456 -0.043010 0.574508 255 0 0
-0.057546 -0.041101 0.579508 255 0 0
-0.059456 -0.046101 0.582598 255 0 0
-0.044456 -0.043010 0.590688 255 0 0
-0.041366 -0.041101 0.585688 255 0 0
-0.054456 -0.049191 0.590688 255 0 0
-0.049456 -0.046101 0.592598 255 0 0
-0.057546 -0.051101 0.579508 255 0 0
-0.057546 -0.051101 0.585688 255 0 0
-0.049456 -0.046101 0.572598 255 0 0
-0.054456 -0.049191 0.574508 255 0 0
-0.041366 -0.041101 0.579508 255 0 0
-0.044456 -0.043010 0.574508 255 0 0
-0.041366 -0.051101 0.585688 255 0 0
-0.044456 -0.049191 0.590688 255 0 0
-0.046366 -0.054191 0.587598 255 0 0
-0.052546 -0.054191 0.587598 255 0 0
-0.049456 -0.056101 0.582598 255 0 0
-0.052546 -0.054191 0.577598 255 0 0
-0.046366 -0.054191 0.577598 255 0 0
-0.044456 -0.049191 0.574508 255 0 0
-0.041366 -0.051101 0.579508 255 0 0
-0.039456 -0.046101 0.582598 255 0 0
0.039879 -0.045693 0.470722 255 0 0
0.050394 -0.045693 0.470722 255 0 0
0.039879 -0.062706 0.470722 255 0 0
0.050394 -0.062706 0.470722 255 0 0
0.045136 -0.059456 0.479228 255 0 0
0.045136 -0.048942 0.479228 255 0 0
0.045136 -0.059456 0.462215 255 0 0
0.045136 -0.048942 0.462215 255 0 0
0.053643 -0.054199 0.465464 255 0 0
0.053643 -0.054199 0.475979 255 0 0
0.036630 -0.054199 0.465464 255 0 0
0.036630 -0.054199 0.475979 255 0 0
0.037046 -0.049199 0.473812 255 0 0
0.040136 -0.051109 0.478812 255 0 0
0.042046 -0.046109 0.475722 255 0 0
0.048227 -0.046109 0.475722 255 0 0
0.045136 -0.044199 0.470722 255 0 0
0.048227 -0.046109 0.465722 255 0 0
0.042046 -0.046109 0.465722 255 0 0
0.040136 -0.051109 0.462631 255 0 0
0.037046 -0.049199 0.467631 255 0 0
0.035136 -0.054199 0.470722 255 0 0
0.050136 -0.051109 0.478812 255 0 0
0.053227 -0.049199 0.473812 255 0 0
0.040136 -0.057289 0.478812 255 0 0
0.045136 -0.054199 0.480722 255 0 0
0.037046 -0.059199 0.467631 255 0 0
0.037046 -0.059199 0.473812 255 0 0
0.045136 -0.054199 0.460722 255 0 0
0.040136 -0.057289 0.462631 255 0 0
0.053227 -0.049199 0.467631 255 0 0
0.050136 -0.051109 0.462631 255 0 0
0.053227 -0.059199 0.473812 255 0 0
0.050136 -0.057289 0.478812 255 0 0
0.048227 -0.062289 0.475722 255 0 0
0.042046 -0.062289 0.475722 255 0 0
0.045136 -0.064199 0.470722 255 0 0
0.042046 -0.062289 0.465722 255 0 0
0.048227 -0.062289 0.465722 255 0 0
0.050136 -0.057289 0.462631 255 0 0
0.053227 -0.059199 0.467631 255 0 0
0.055136 -0.054199 0.470722 255 0 0
0.037711 -0.058586 0.469060 255 0 0
0.048225 -0.058586 0.469060 255 0 0
0.037711 -0.075599 0.469060 255 0 0
0.048225 -0.075599 0.469060 255 0 0
0.042968 -0.072349 0.477567 255 0 0
0.042968 -0.061835 0.477567 255 0 0
0.042968 -0.072349 0.460554 255 0 0
0.042968 -0.061835 0.460554 255 0 0
0.051474 -0.067092 0.463803 255 0 0
0.051474 -0.067092 0.474318 255 0 0
0.034461 -0.067092 0.463803 255 0 0
0.034461 -0.067092 0.474318 255 0 0
0.034878 -0.062092 0.472151 255 0 0
0.037968 -0.064002 0.477151 255 0 0
0.039878 -0.059002 0.474060 255 0 0
0.046058 -0.059002 0.474060 255 0 0
0.042968 -0.057092 0.469060 255 0 0
0.046058 -0.059002 0.464060 255 0 0
0.039878 -0.059002 0.464060 255 0 0
0.037968 -0.064002 0.460970 255 0 0
0.034878 -0.062092 0.465970 255 0 0
0.032968 -0.067092 0.469060 255 0 0
0.047968 -0.064002 0.477151 255 0 0
0.051058 -0.062092 0.472151 255 0 0
0.037968 -0.070182 0.477151 255 0 0
0.042968 -0.067092 0.479060 255 0 0
0.034878 -0.072092 0.465970 255 0 0
0.034878 -0.072092 0.472151 255 0 0
0.042968 -0.067092 0.459060 255 0 0
0.037968 -0.070182 0.460970 255 0 0
0.051058 -0.062092 0.465970 255 0 0
0.047968 -0.064002 0.460970 255 0 0
0.051058 -0.072092 0.472151 255 0 0
0.047968 -0.070182 0.477151 255 0 0
0.046058 -0.075182 0.474060 255 0 0
0.039878 -0.075182 0.474060 255 0 0
0.042968 -0.077092 0.469060 255 0 0
0.039878 -0.075182 0.464060 255 0 0
0.046058 -0.075182 0.464060 255 0 0
0.047968 -0.070182 0.460970 255 0 0
0.051058 -0.072092 0.465970 255 0 0
0.052968 -0.067092 0.469060 255 0 0
-0.049253 -0.061545 0.561635 255 0 0
-0.038738 -0.061545 0.561635 255 0 0
-0.049253 -0.078559 0.561635 255 0 0
-0.038738 -0.078559 0.561635 255 0 0
-0.043996 -0.075309 0.570141 255 0 0
-0.043996 -0.064795 0.570141 255 0 0
-0.043996 -0.075309 0.553128 255 0 0
-0.043996 -0.064795 0.553128 255 0 0
-0.035489 -0.070052 0.556378 255 0 0
-0.035489 -0.070052 0.566892 255 0 0
-0.052502 -0.070052 0.556378 255 0 0
-0.052502 -0.070052 0.566892 255 0 0
-0.052086 -0.065052 0.564725 255 0 0
-0.048996 -0.066962 0.569725 255 0 0
-0.047086 -0.061962 0.566635 255 0 0
-0.040906 -0.061962 0.566635 255 0 0
-0.043996 -0.060052 0.561635 255 0 0
-0.040906 -0.061962 0.556635 255 0 0
-0.047086 -0.061962 0.556635 255 0 0
-0.048996 -0.066962 0.553545 255 0 0
-0.052086 -0.065052 0.558545 255 0 0
-0.053996 -0.070052 0.561635 255 0 0
-0.038996 -0.066962 0.569725 255 0 0
-0.035906 -0.065052 0.564725 255 0 0
-0.048996 -0.073142 0.569725 255 0 0
-0.043996 -0.070052 0.571635 255 0 0
-0.052086 -0.075052 0.558545 255 0 0
-0.052086 -0.075052 0.564725 255 0 0
-0.043996 -0.070052 0.551635 255 0 0
-0.048996 -0.073142 0.553545 255 0 0
-0.035906 -0.065052 0.558545 255 0 0
-0.038996 -0.066962 0.553545 255 0 0
-0.035906 -0.075052 0.564725 255 0 0
-0.038996 -0.073142 0.569725 255 0 0
-0.040906 -0.078142 0.566635 255 0 0
-0.047086 -0.078142 0.566635 255 0 0
-0.043996 -0.080052 0.561635 255 0 0
-0.047086 -0.078142 0.556635 255 0 0
-0.040906 -0.078142 0.556635 255 0 0
-0.038996 -0.073142 0.553545 255 0 0
-0.035906 -0.075052 0.558545 255 0 0
-0.033996 -0.070052 0.561635 255 0 0
-0.004869 -0.066041 0.500289 255 0 0
0.005646 -0.066041 0.500289 255 0 0
-0.004869 -0.083054 0.500289 255 0 0
0.005646 -0.083054 0.500289 255 0 0
0.000389 -0.079805 0.508795 255 0 0
0.000389 -0.069290 0.508795 255 0 0
0.000389 -0.079805 0.491782 255 0 0
0.000389 -0.069290 0.491782 255 0 0
0.008895 -0.074548 0.495031 255 0 0
0.008895 -0.074548 0.505546 255 0 0
-0.008118 -0.074548 0.495031 255 0 0
-0.008118 -0.074548 0.505546 255 0 0
-0.007702 -0.069548 0.503379 255 0 0
-0.004611 -0.071458 0.508379 255 0 0
-0.002702 -0.066458 0.505289 255 0 0
0.003479 -0.066458 0.505289 255 0 0
0.000389 -0.064548 0.500289 255 0 0
0.003479 -0.066458 0.495289 255 0 0
-0.002702 -0.066458 0.495289 255 0 0
-0.004611 -0.071458 0.492198 255 0 0
-0.007702 -0.069548 0.497198 255 0 0
-0.009611 -0.074548 0.500289 255 0 0
0.005389 -0.071458 0.508379 255 0 0
0.008479 -0.069548 0.503379 255 0 0
-0.004611 -0.077638 0.508379 255 0 0
0.000389 -0.074548 0.510289 255 0 0
-0.007702 -0.079548 0.497198 255 0 0
-0.007702 -0.079548 0.503379 255 0 0
0.000389 -0.074548 0.490289 255 0 0
-0.004611 -0.077638 0.492198 255 0 0
0.008479 -0.069548 0.497198 255 0 0
0.005389 -0.071458 0.492198 255 0 0
0.008479 -0.079548 0.503379 255 0 0
0.005389 -0.077638 0.508379 255 0 0
0.003479 -0.082638 0.505289 255 0 0
-0.002702 -0.082638 0.505289 255 0 0
0.000389 -0.084548 0.500289 255 0 0
-0.002702 -0.082638 0.495289 255 0 0
0.003479 -0.082638 0.495289 255 0 0
0.005389 -0.077638 0.492198 255 0 0
0.008479 -0.079548 0.497198 255 0 0
0.010389 -0.074548 0.500289 255 0 0
-0.081398 0.097886 0.580177 255 0 0
-0.070883 0.097886 0.580177 255 0 0
-0.081398 0.080873 0.580177 255 0 0
-0.070883 0.080873 0.580177 255 0 0
-0.076141 0.084122 0.588683 255 0 0
-0.076141 0.094637 0.588683 255 0 0
-0.076141 0.084122 0.571670 255 0 0
-0.076141 0.094637 0.571670 255 0 0
-0.067634 0.089380 0.574919 255 0 0
-0.067634 0.089380 0.585434 255 0 0
-0.084647 0.089380 0.574919 255 0 0
-0.084647 0.089380 0.585434 255 0 0
-0.084231 0.094380 0.583267 255 0 0
-0.081141 0.092470 0.588267 255 0 0
-0.079231 0.097470 0.585177 255 0 0
-0.073051 0.097470 0.585177 255 0 0
-0.076141 0.099380 0.580177 255 0 0
-0.073051 0.097470 0.575177 255 0 0
-0.079231 0.097470 0.575177 255 0 0
-0.081141 0.092470 0.572087 255 0 0
-0.084231 0.094380 0.577087 255 0 0
-0.086141 0.089380 0.580177 255 0 0
-0.071141 0.092470 0.588267 255 0 0
-0.068051 0.094380 0.583267 255 0 0
-0.081141 0.086289 0.588267 255 0 0
-0.076141 0.089380 0.590177 255 0 0
-0.084231 0.084380 0.577087 255 0 0
-0.084231 0.084380 0.583267 255 0 0
-0.076141 0.089380 0.570177 255 0 0
-0.081141 0.086289 0.572087 255 0 0
-0.068051 0.094380 0.577087 255 0 0
-0.071141 0.092470 0.572087 255 0 0
-0.068051 0.084380 0.583267 255 0 0
-0.071141 0.086289 0.588267 255 0 0
-0.073051 0.081289 0.585177 255 0 0
-0.079231 0.081289 0.585177 255 0 0
-0.076141 0.079380 0.580177 255 0 0
-0.079231 0.081289 0.575177 255 0 0
-0.073051 0.081289 0.575177 255 0 0
-0.071141 0.086289 0.572087 255 0 0
-0.068051 0.084380 0.577087 255 0 0
-0.066141 0.089380 0.580177 255 0 0
-0.081827 0.098727 0.569991 255 0 0
-0.071312 0.098727 0.569991 255 0 0
-0.081827 0.081714 0.569991 255 0 0
-0.071312 0.081714 0.569991 255 0 0
-0.076569 0.084964 0.578497 255 0 0
-0.076569 0.095478 0.578497 255 0 0
-0.076569 0.084964 0.561484 255 0 0
-0.076569 0.095478 0.561484 255 0 0
-0.068063 0.090221 0.564734 255 0 0
-0.068063 0.090221 0.575248 255 0 0
-0.085076 0.090221 0.564734 255 0 0
-0.085076 0.090221 0.575248 255 0 0
-0.084660 0.095221 0.573081 255 0 0
-0.081569 0.093311 0.578081 255 0 0
-0.079660 0.098311 0.574991 255 0 0
-0.073479 0.098311 0.574991 255 0 0
-0.076569 0.100221 0.569991 255 0 0
-0.073479 0.098311 0.564991 255 0 0
-0.079660 0.098311 0.564991 255 0 0
-0.081569 0.093311 0.561901 255 0 0
-0.084660 0.095221 0.566901 255 0 0
-0.086569 0.090221 0.569991 255 0 0
-0.071569 0.093311 0.578081 255 0 0
-0.068479 0.095221 0.573081 255 0 0
-0.081569 0.087131 0.578081 255 0 0
-0.076569 0.090221 0.579991 255 0 0
-0.084660 0.085221 0.566901 255 0 0
-0.084660 0.085221 0.573081 255 0 0
-0.076569 0.090221 0.559991 255 0 0
-0.081569 0.087131 0.561901 255 0 0
-0.068479 0.095221 0.566901 255 0 0
-0.071569 0.093311 0.561901 255 0 0
-0.068479 0.085221 0.573081 255 0 0
-0.071569 0.087131 0.578081 255 0 0
-0.073479 0.082131 0.574991 255 0 0
-0.079660 0.082131 0.574991 255 0 0
-0.076569 0.080221 0.569991 255 0 0
-0.079660 0.082131 0.564991 255 0 0
-0.073479 0.082131 0.564991 255 0 0
-0.071569 0.087131 0.561901 255 0 0
-0.068479 0.085221 0.566901 255 0 0
-0.066569 0.090221 0.569991 255 0 0
-0.064577 0.112657 0.534401 255 0 0
-0.054062 0.112657 0.534401 255 0 0
-0.064577 0.095644 0.534401 255 0 0
-0.054062 0.095644 0.534401 255 0 0
-0.059320 0.098893 0.542907 255 0 0
-0.059320 0.109408 0.542907 255 0 0
-0.059320 0.098893 0.525894 255 0 0
-0.059320 0.109408 0.525894 255 0 0
-0.050813 0.104151 0.529143 255 0 0
-0.050813 0.104151 0.539658 255 0 0
-0.067826 0.104151 0.529143 255 0 0
-0.067826 0.104151 0.539658 255 0 0
-0.067410 0.109151 0.537491 255 0 0
-0.064320 0.107241 0.542491 255 0 0
-0.062410 0.112241 0.539401 255 0 0
-0.056229 0.112241 0.539401 255 0 0
-0.059320 0.114151 0.534401 255 0 0
-0.056229 0.112241 0.529401 255 0 0
-0.062410 0.112241 0.529401 255 0 0
-0.064320 0.107241 0.526310 255 0 0
-0.067410 0.109151 0.531310 255 0 0
-0.069320 0.104151 0.534401 255 0 0
-0.054320 0.107241 0.542491 255 0 0
-0.051229 0.109151 0.537491 255 0 0
-0.064320 0.101061 0.542491 255 0 0
-0.059320 0.104151 0.544401 255 0 0
-0.067410 0.099151 0.531310 255 0 0
-0.067410 0.099151 0.537491 255 0 0
-0.059320 0.104151 0.524401 255 0 0
-0.064320 0.101061 0.526310 255 0 0
-0.051229 0.109151 0.531310 255 0 0
-0.054320 0.107241 0.526310 255 0 0
-0.051229 0.099151 0.537491 255 0 0
-0.054320 0.101061 0.542491 255 0 0
-0.056229 0.096061 0.539401 255 0 0
-0.062410 0.096061 0.539401 255 0 0
-0.059320 0.094151 0.534401 255 0 0
-0.062410 0.096061 0.529401 255 0 0
-0.056229 0.096061 0.529401 255 0 0
-0.054320 0.101061 0.526310 255 0 0
-0.051229 0.099151 0.531310 255 0 0
-0.049320 0.104151 0.534401 255 0 0
-0.061313 -0.096327 0.563840 255 0 0
-0.050799 -0.096327 0.563840 255 0 0
-0.061313 -0.113340 0.563840 255 0 0
-0.050799 -0.113340 0.563840 255 0 0
-0.056056 -0.110090 0.572346 255 0 0
-0.056056 -0.099576 0.572346 255 0 0
-0.056056 -0.110090 0.555333 255 0 0
-0.056056 -0.099576 0.555333 255 0 0
-0.047550 -0.104833 0.558582 255 0 0
-0.047550 -0.104833 0.569097 255 0 0
-0.064563 -0.104833 0.558582 255 0 0
-0.064563 -0.104833 0.569097 255 0 0
-0.064146 -0.099833 0.566930 255 0 0
-0.061056 -0.101743 0.571930 255 0 0
-0.059146 -0.096743 0.568840 255 0 0
-0.052966 -0.096743 0.568840 255 0 0
-0.056056 -0.094833 0.563840 255 0 0
-0.052966 -0.096743 0.558840 255 0 0
-0.059146 -0.096743 0.558840 255 0 0
-0.061056 -0.101743 0.555749 255 0 0
-0.064146 -0.099833 0.560749 255 0 0
-0.066056 -0.104833 0.563840 255 0 0
-0.051056 -0.101743 0.571930 255 0 0
-0.047966 -0.099833 0.566930 255 0 0
-0.061056 -0.107923 0.571930 255 0 0
-0.056056 -0.104833 0.573840 255 0 0
-0.064146 -0.109833 0.560749 255 0 0
-0.064146 -0.109833 0.566930 255 0 0
-0.056056 -0.104833 0.553840 255 0 0
-0.061056 -0.107923 0.555749 255 0 0
-0.047966 -0.099833 0.560749 255 0 0
-0.051056 -0.101743 0.555749 255 0 0
-0.047966 -0.109833 0.566930 255 0 0
-0.051056 -0.107923 0.571930 255 0 0
-0.052966 -0.112923 0.568840 255 0 0
-0.059146 -0.112923 0.568840 255 0 0
-0.056056 -0.114833 0.563840 255 0 0
-0.059146 -0.112923 0.558840 255 0 0
-0.052966 -0.112923 0.558840 255 0 0
-0.051056 -0.107923 0.555749 255 0 0
-0.047966 -0.109833 0.560749 255 0 0
-0.046056 -0.104833 0.563840 255 0 0
-0.068206 -0.099631 0.582192 255 0 0
-0.057691 -0.099631 0.582192 255 0 0
-0.068206 -0.116644 0.582192 255 0 0
-0.057691 -0.116644 0.582192 255 0 0
-0.062949 -0.113395 0.590699 255 0 0
-0.062949 -0.102881 0.590699 255 0 0
-0.062949 -0.113395 0.573686 255 0 0
-0.062949 -0.102881 0.573686 255 0 0
-0.054442 -0.108138 0.576935 255 0 0
-0.054442 -0.108138 0.587450 255 0 0
-0.071455 -0.108138 0.576935 255 0 0
-0.071455 -0.108138 0.587450 255 0 0
-0.071039 -0.103138 0.585283 255 0 0
-0.067949 -0.105048 0.590283 255 0 0
-0.066039 -0.100048 0.587192 255 0 0
-0.059858 -0.100048 0.587192 255 0 0
-0.062949 -0.098138 0.582192 255 0 0
-0.059858 -0.100048 0.577192 255 0 0
-0.066039 -0.100048 0.577192 255 0 0
-0.067949 -0.105048 0.574102 255 0 0
-0.071039 -0.103138 0.579102 255 0 0
-0.072949 -0.108138 0.582192 255 0 0
-0.057949 -0.105048 0.590283 255 0 0
-0.054858 -0.103138 0.585283 255 0 0
-0.067949 -0.111228 0.590283 255 0 0
-0.062949 -0.108138 0.592192 255 0 0
-0.071039 -0.113138 0.579102 255 0 0
-0.071039 -0.113138 0.585283 255 0 0
-0.062949 -0.108138 0.572192 255 0 0
-0.067949 -0.111228 0.574102 255 0 0
-0.054858 -0.103138 0.579102 255 0 0
-0.057949 -0.105048 0.574102 255 0 0
-0.054858 -0.113138 0.585283 255 0 0
-0.057949 -0.111228 0.590283 255 0 0
-0.059858 -0.116228 0.587192 255 0 0
-0.066039 -0.116228 0.587192 255 0 0
-0.062949 -0.118138 0.582192 255 0 0
-0.066039 -0.116228 0.577192 255 0 0
-0.059858 -0.116228 0.577192 255 0 0
-0.057949 -0.111228 0.574102 255 0 0
-0.054858 -0.113138 0.579102 255 0 0
-0.052949 -0.108138 0.582192 255 0 0
0.061260 -0.099554 0.487815 255 0 0
0.071775 -0.099554 0.487815 255 0 0
0.061260 -0.116567 0.487815 255 0 0
0.071775 -0.116567 0.487815 255 0 0
0.066518 -0.113318 0.496322 255 0 0
0.066518 -0.102804 0.496322 255 0 0
0.066518 -0.113318 0.479309 255 0 0
0.066518 -0.102804 0.479309 255 0 0
0.075024 -0.108061 0.482558 255 0 0
0.075024 -0.108061 0.493072 255 0 0
0.058011 -0.108061 0.482558 255 0 0
0.058011 -0.108061 0.493072 255 0 0
0.058428 -0.103061 0.490905 255 0 0
0.061518 -0.104971 0.495905 255 0 0
0.063428 -0.099971 0.492815 255 0 0
0.069608 -0.099971 0.492815 255 0 0
0.066518 -0.098061 0.487815 255 0 0
0.069608 -0.099971 0.482815 255 0 0
0.063428 -0.099971 0.482815 255 0 0
0.061518 -0.104971 0.479725 255 0 0
0.058428 -0.103061 0.484725 255 0 0
0.056518 -0.108061 0.487815 255 0 0
0.071518 -0.104971 0.495905 255 0 0
0.074608 -0.103061 0.490905 255 0 0
0.061518 -0.111151 0.495905 255 0 0
0.066518 -0.108061 0.497815 255 0 0
0.058428 -0.113061 0.484725 255 0 0
0.058428 -0.113061 0.490905 255 0 0
0.066518 -0.108061 0.477815 255 0 0
0.061518 -0.111151 0.479725 255 0 0
0.074608 -0.103061 0.484725 255 0 0
0.071518 -0.104971 0.479725 255 0 0
0.074608 -0.113061 0.490905 255 0 0
0.071518 -0.111151 0.495905 255 0 0
0.069608 -0.116151 0.492815 255 0 0
0.063428 -0.116151 0.492815 255 0 0
0.066518 -0.118061 0.487815 255 0 0
0.063428 -0.116151 0.482815 255 0 0
0.069608 -0.116151 0.482815 255 0 0
0.071518 -0.111151 0.479725 255 0 0
0.074608 -0.113061 0.484725 255 0 0
0.076518 -0.108061 0.487815 255 0 0
0.067737 -0.084376 0.479635 255 0 0
0.078252 -0.084376 0.479635 255 0 0
0.067737 -0.101389 0.479635 255 0 0
0.078252 -0.101389 0.479635 255 0 0
0.072995 -0.098140 0.488142 255 0 0
0.072995 -0.087625 0.488142 255 0 0
0.072995 -0.098140 0.471129 255 0 0
0.072995 -0.087625 0.471129 255 0 0
0.081501 -0.092883 0.474378 255 0 0
0.081501 -0.092883 0.484893 255 0 0
0.064488 -0.092883 0.474378 255 0 0
0.064488 -0.092883 0.484893 255 0 0
0.064904 -0.087883 0.482726 255 0 0
0.067995 -0.089792 0.487726 255 0 0
0.069904 -0.084792 0.484635 255 0 0
0.076085 -0.084792 0.484635 255 0 0
0.072995 -0.082883 0.479635 255 0 0
0.076085 -0.084792 0.474635 255 0 0
0.069904 -0.084792 0.474635 255 0 0
0.067995 -0.089792 0.471545 255 0 0
0.064904 -0.087883 0.476545 255 0 0
0.062995 -0.092883 0.479635 255 0 0
0.077995 -0.089792 0.487726 255 0 0
0.081085 -0.087883 0.482726 255 0 0
0.067995 -0.095973 0.487726 255 0 0
0.072995 -0.092883 0.489635 255 0 0
0.064904 -0.097883 0.476545 255 0 0
0.064904 -0.097883 0.482726 255 0 0
0.072995 -0.092883 0.469635 255 0 0
0.067995 -0.095973 0.471545 255 0 0
0.081085 -0.087883 0.476545 255 0 0
0.077995 -0.089792 0.471545 255 0 0
0.081085 -0.097883 0.482726 255 0 0
0.077995 -0.095973 0.487726 255 0 0
0.076085 -0.100973 0.484635 255 0 0
0.069904 -0.100973 0.484635 255 0 0
0.072995 -0.102883 0.479635 255 0 0
0.069904 -0.100973 0.474635 255 0 0
0.076085 -0.100973 0.474635 255 0 0
0.077995 -0.095973 0.471545 255 0 0
0.081085 -0.097883 0.476545 255 0 0
0.082995 -0.092883 0.479635 255 0 0
0.074613 -0.077476 0.472379 255 0 0
0.085128 -0.077476 0.472379 255 0 0
0.074613 -0.094489 0.472379 255 0 0
0.085128 -0.094489 0.472379 255 0 0
0.079870 -0.091240 0.480885 255 0 0
0.079870 -0.080725 0.480885 255 0 0
0.079870 -0.091240 0.463872 255 0 0
0.079870 -0.080725 0.463872 255 0 0
0.088377 -0.085983 0.467121 255 0 0
0.088377 -0.085983 0.477636 255 0 0
0.071364 -0.085983 0.467121 255 0 0
0.071364 -0.085983 0.477636 255 0 0
0.071780 -0.080983 0.475469 255 0 0
0.074870 -0.082892 0.480469 255 0 0
0.076780 -0.077892 0.477379 255 0 0
0.082961 -0.077892 0.477379 255 0 0
0.079870 -0.075983 0.472379 255 0 0
0.082961 -0.077892 0.467379 255 0 0
0.076780 -0.077892 0.467379 255 0 0
0.074870 -0.082892 0.464289 255 0 0
0.071780 -0.080983 0.469289 255 0 0
0.069870 -0.085983 0.472379 255 0 0
0.084870 -0.082892 0.480469 255 0 0
0.087961 -0.080983 0.475469 255 0 0
0.074870 -0.089073 0.480469 255 0 0
0.079870 -0.085983 0.482379 255 0 0
0.071780 -0.090983 0.469289 255 0 0
0.071780 -0.090983 0.475469 255 0 0
0.079870 -0.085983 0.462379 255 0 0
0.074870 -0.089073 0.464289 255 0 0
0.087961 -0.080983 0.469289 255 0 0
0.084870 -0.082892 0.464289 255 0 0
0.087961 -0.090983 0.475469 255 0 0
0.084870 -0.089073 0.480469 255 0 0
0.082961 -0.094073 0.477379 255 0 0
0.076780 -0.094073 0.477379 255 0 0
0.079870 -0.095983 0.472379 255 0 0
0.076780 -0.094073 0.467379 255 0 0
0.082961 -0.094073 0.467379 255 0 0
0.084870 -0.089073 0.464289 255 0 0
0.087961 -0.090983 0.469289 255 0 0
0.089870 -0.085983 0.472379 255 0 0
0.026916 0.024119 0.465593 255 0 0
0.037431 0.024119 0.465593 255 0 0
0.026916 0.007106 0.465593 255 0 0
0.037431 0.007106 0.465593 255 0 0
0.032174 0.010355 0.474099 255 0 0
0.032174 0.020870 0.474099 255 0 0
0.032174 0.010355 0.457086 255 0 0
0.032174 0.020870 0.457086 255 0 0
0.040680 0.015613 0.460336 255 0 0
0.040680 0.015613 0.470850 255 0 0
0.023667 0.015613 0.460336 255 0 0
0.023667 0.015613 0.470850 255 0 0
0.024084 0.020613 0.468683 255 0 0
0.027174 0.018703 0.473683 255 0 0
0.029084 0.023703 0.470593 255 0 0
0.035264 0.023703 0.470593 255 0 0
0.032174 0.025613 0.465593 255 0 0
0.035264 0.023703 0.460593 255 0 0
0.029084 0.023703 0.460593 255 0 0
0.027174 0.018703 0.457503 255 0 0
0.024084 0.020613 0.462503 255 0 0
0.022174 0.015613 0.465593 255 0 0
0.037174 0.018703 0.473683 255 0 0
0.040264 0.020613 0.468683 255 0 0
0.027174 0.012523 0.473683 255 0 0
0.032174 0.015613 0.475593 255 0 0
0.024084 0.010613 0.462503 255 0 0
0.024084 0.010613 0.468683 255 0 0
0.032174 0.015613 0.455593 255 0 0
0.027174 0.012523 0.457503 255 0 0
0.040264 0.020613 0.462503 255 0 0
0.037174 0.018703 0.457503 255 0 0
0.040264 0.010613 0.468683 255 0 0
0.037174 0.012523 0.473683 255 0 0
0.035264 0.007523 0.470593 255 0 0
0.029084 0.007523 0.470593 255 0 0
0.032174 0.005613 0.465593 255 0 0
0.029084 0.007523 0.460593 255 0 0
0.035264 0.007523 0.460593 255 0 0
0.037174 0.012523 0.457503 255 0 0
0.040264 0.010613 0.462503 255 0 0
0.042174 0.015613 0.465593 255 0 0
0.026371 0.012622 0.469224 255 0 0
0.036885 0.012622 0.469224 255 0 0
0.026371 -0.004391 0.469224 255 0 0
0.036885 -0.004391 0.469224 255 0 0
0.031628 -0.001142 0.477731 255 0 0
0.031628 0.009373 0.477731 255 0 0
0.031628 -0.001142 0.460718 255 0 0
0.031628 0.009373 0.460718 255 0 0
0.040134 0.004115 0.463967 255 0 0
0.040134 0.004115 0.474482 255 0 0
0.023121 0.004115 0.463967 255 0 0
0.023121 0.004115 0.474482 255 0 0
0.023538 0.009115 0.472315 255 0 0
0.026628 0.007205 0.477315 255 0 0
0.028538 0.012205 0.474224 255 0 0
0.034718 0.012205 0.474224 255 0 0
0.031628 0.014115 0.469224 255 0 0
0.034718 0.012205 0.464224 255 0 0
0.028538 0.012205 0.464224 255 0 0
0.026628 0.007205 0.461134 255 0 0
0.023538 0.009115 0.466134 255 0 0
0.021628 0.004115 0.469224 255 0 0
0.036628 0.007205 0.477315 255 0 0
0.039718 0.009115 0.472315 255 0 0
0.026628 0.001025 0.477315 255 0 0
0.031628 0.004115 0.479224 255 0 0
0.023538 -0.000885 0.466134 255 0 0
0.023538 -0.000885 0.472315 255 0 0
0.031628 0.004115 0.459224 255 0 0
0.026628 0.001025 0.461134 255 0 0
0.039718 0.009115 0.466134 255 0 0
0.036628 0.007205 0.461134 255 0 0
0.039718 -0.000885 0.472315 255 0 0
0.036628 0.001025 0.477315 255 0 0
0.034718 -0.003975 0.474224 255 0 0
0.028538 -0.003975 0.474224 255 0 0
0.031628 -0.005885 0.469224 255 0 0
0.028538 -0.003975 0.464224 255 0 0
0.034718 -0.003975 0.464224 255 0 0
0.036628 0.001025 0.461134 255 0 0
0.039718 -0.000885 0.466134 255 0 0
0.041628 0.004115 0.469224 255 0 0
-0.037430 0.016930 0.518776 255 0 0
-0.026915 0.016930 0.518776 255 0 0
-0.037430 -0.000083 0.518776 255 0 0
-0.026915 -0.000083 0.518776 255 0 0
-0.032173 0.003166 0.527283 255 0 0
-0.032173 0.013681 0.527283 255 0 0
-0.032173 0.003166 0.510270 255 0 0
-0.032173 0.013681 0.510270 255 0 0
-0.023666 0.008423 0.513519 255 0 0
-0.023666 0.008423 0.524033 255 0 0
-0.040679 0.008423 0.513519 255 0 0
-0.040679 0.008423 0.524033 255 0 0
-0.040263 0.013423 0.521866 255 0 0
-0.037173 0.011514 0.526866 255 0 0
-0.035263 0.016514 0.523776 255 0 0
-0.029083 0.016514 0.523776 255 0 0
-0.032173 0.018423 0.518776 255 0 0
-0.029083 0.016514 0.513776 255 0 0
-0.035263 0.016514 0.513776 255 0 0
-0.037173 0.011514 0.510686 255 0 0
-0.040263 0.013423 0.515686 255 0 0
-0.042173 0.008423 0.518776 255 0 0
-0.027173 0.011514 0.526866 255 0 0
-0.024083 0.013423 0.521866 255 0 0
-0.037173 0.005333 0.526866 255 0 0
-0.032173 0.008423 0.528776 255 0 0
-0.040263 0.003423 0.515686 255 0 0
-0.040263 0.003423 0.521866 255 0 0
-0.032173 0.008423 0.508776 255 0 0
-0.037173 0.005333 0.510686 255 0 0
-0.024083 0.013423 0.515686 255 0 0
-0.027173 0.011514 0.510686 255 0 0
-0.024083 0.003423 0.521866 255 0 0
-0.027173 0.005333 0.526866 255 0 0
-0.029083 0.000333 0.523776 255 0 0
-0.035263 0.000333 0.523776 255 0 0
-0.032173 -0.001577 0.518776 255 0 0
-0.035263 0.000333 0.513776 255 0 0
-0.029083 0.000333 0.513776 255 0 0
-0.027173 0.005333 0.510686 255 0 0
-0.024083 0.003423 0.515686 255 0 0
-0.022173 0.008423 0.518776 255 0 0
0.008266 0.038265 0.471069 255 0 0
0.018781 0.038265 0.471069 255 0 0
0.008266 0.021252 0.471069 255 0 0
0.018781 0.021252 0.471069 255 0 0
0.013524 0.024501 0.479576 255 0 0
0.013524 0.035015 0.479576 255 0 0
0.013524 0.024501 0.462563 255 0 0
0.013524 0.035015 0.462563 255 0 0
0.022030 0.029758 0.465812 255 0 0
0.022030 0.029758 0.476327 255 0 0
0.005017 0.029758 0.465812 255 0 0
0.005017 0.029758 0.476327 255 0 0
0.005433 0.034758 0.474160 255 0 0
0.008524 0.032848 0.479160 255 0 0
0.010433 0.037848 0.476069 255 0 0
0.016614 0.037848 0.476069 255 0 0
0.013524 0.039758 0.471069 255 0 0
0.016614 0.037848 0.466069 255 0 0
0.010433 0.037848 0.466069 255 0 0
0.008524 0.032848 0.462979 255 0 0
0.005433 0.034758 0.467979 255 0 0
0.003524 0.029758 0.471069 255 0 0
0.018524 0.032848 0.479160 255 0 0
0.021614 0.034758 0.474160 255 0 0
0.008524 0.026668 0.479160 255 0 0
0.013524 0.029758 0.481069 255 0 0
0.005433 0.024758 0.467979 255 0 0
0.005433 0.024758 0.474160 255 0 0
0.013524 0.029758 0.461069 255 0 0
0.008524 0.026668 0.462979 255 0 0
0.021614 0.034758 0.467979 255 0 0
0.018524 0.032848 0.462979 255 0 0
0.021614 0.024758 0.474160 255 0 0
0.018524 0.026668 0.479160 255 0 0
0.016614 0.021668 0.476069 255 0 0
0.010433 0.021668 0.476069 255 0 0
0.013524 0.019758 0.471069 255 0 0
0.010433 0.021668 0.466069 255 0 0
0.016614 0.021668 0.466069 255 0 0
0.018524 0.026668 0.462979 255 0 0
0.021614 0.024758 0.467979 255 0 0
0.023524 0.029758 0.471069 255 0 0
0.006824 0.043633 0.464259 255 0 0
0.017339 0.043633 0.464259 255 0 0
0.006824 0.026620 0.464259 255 0 0
0.017339 0.026620 0.464259 255 0 0
0.012081 0.029869 0.472766 255 0 0
0.012081 0.040384 0.472766 255 0 0
0.012081 0.029869 0.455753 255 0 0
0.012081 0.040384 0.455753 255 0 0
0.020588 0.035127 0.459002 255 0 0
0.020588 0.035127 0.469517 255 0 0
0.003575 0.035127 0.459002 255 0 0
0.003575 0.035127 0.469517 255 0 0
0.003991 0.040127 0.467349 255 0 0
0.007081 0.038217 0.472349 255 0 0
0.008991 0.043217 0.469259 255 0 0
0.015171 0.043217 0.469259 255 0 0
0.012081 0.045127 0.464259 255 0 0
0.015171 0.043217 0.459259 255 0 0
0.008991 0.043217 0.459259 255 0 0
0.007081 0.038217 0.456169 255 0 0
0.003991 0.040127 0.461169 255 0 0
0.002081 0.035127 0.464259 255 0 0
0.017081 0.038217 0.472349 255 0 0
0.020171 0.040127 0.467349 255 0 0
0.007081 0.032036 0.472349 255 0 0
0.012081 0.035127 0.474259 255 0 0
0.003991 0.030127 0.461169 255 0 0
0.003991 0.030127 0.467349 255 0 0
0.012081 0.035127 0.454259 255 0 0
0.007081 0.032036 0.456169 255 0 0
0.020171 0.040127 0.461169 255 0 0
0.017081 0.038217 0.456169 255 0 0
0.020171 0.030127 0.467349 255 0 0
0.017081 0.032036 0.472349 255 0 0
0.015171 0.027036 0.469259 255 0 0
0.008991 0.027036 0.469259 255 0 0
0.012081 0.025127 0.464259 255 0 0
0.008991 0.027036 0.459259 255 0 0
0.015171 0.027036 0.459259 255 0 0
0.017081 0.032036 0.456169 255 0 0
0.020171 0.030127 0.461169 255 0 0
0.022081 0.035127 0.464259 255 0 0
-0.052955 0.032523 0.544774 255 0 0
-0.042441 0.032523 0.544774 255 0 0
-0.052955 0.015510 0.544774 255 0 0
-0.042441 0.015510 0.544774 255 0 0
-0.047698 0.018759 0.553281 255 0 0
-0.047698 0.029274 0.553281 255 0 0
-0.047698 0.018759 0.536268 255 0 0
-0.047698 0.029274 0.536268 255 0 0
-0.039191 0.024017 0.539517 255 0 0
-0.039191 0.024017 0.550031 255 0 0
-0.056204 0.024017 0.539517 255 0 0
-0.056204 0.024017 0.550031 255 0 0
-0.055788 0.029017 0.547864 255 0 0
-0.052698 0.027107 0.552864 255 0 0
-0.050788 0.032107 0.549774 255 0 0
-0.044608 0.032107 0.549774 255 0 0
-0.047698 0.034017 0.544774 255 0 0
-0.044608 0.032107 0.539774 255 0 0
-0.050788 0.032107 0.539774 255 0 0
-0.052698 0.027107 0.536684 255 0 0
-0.055788 0.029017 0.541684 255 0 0
-0.057698 0.024017 0.544774 255 0 0
-0.042698 0.027107 0.552864 255 0 0
-0.039608 0.029017 0.547864 255 0 0
-0.052698 0.020926 0.552864 255 0 0
-0.047698 0.024017 0.554774 255 0 0
-0.055788 0.019017 0.541684 255 0 0
-0.055788 0.019017 0.547864 255 0 0
-0.047698 0.024017 0.534774 255 0 0
-0.052698 0.020926 0.536684 255 0 0
-0.039608 0.029017 0.541684 255 0 0
-0.042698 0.027107 0.536684 255 0 0
-0.039608 0.019017 0.547864 255 0 0
-0.042698 0.020926 0.552864 255 0 0
-0.044608 0.015926 0.549774 255 0 0
-0.050788 0.015926 0.549774 255 0 0
-0.047698 0.014017 0.544774 255 0 0
-0.050788 0.015926 0.539774 255 0 0
-0.044608 0.015926 0.539774 255 0 0
-0.042698 0.020926 0.536684 255 0 0
-0.039608 0.019017 0.541684 255 0 0
-0.037698 0.024017 0.544774 255 0 0
-0.047761 0.035927 0.535223 255 0 0
-0.037246 0.035927 0.535223 255 0 0
-0.047761 0.018914 0.535223 255 0 0
-0.037246 0.018914 0.535223 255 0 0
-0.042503 0.022164 0.543730 255 0 0
-0.042503 0.032678 0.543730 255 0 0
-0.042503 0.022164 0.526717 255 0 0
-0.042503 0.032678 0.526717 255 0 0
-0.033997 0.027421 0.529966 255 0 0
-0.033997 0.027421 0.540481 255 0 0
-0.051010 0.027421 0.529966 255 0 0
-0.051010 0.027421 0.540481 255 0 0
-0.050594 0.032421 0.538314 255 0 0
-0.047503 0.030511 0.543314 255 0 0
-0.045594 0.035511 0.540223 255 0 0
-0.039413 0.035511 0.540223 255 0 0
-0.042503 0.037421 0.535223 255 0 0
-0.039413 0.035511 0.530223 255 0 0
-0.045594 0.035511 0.530223 255 0 0
-0.047503 0.030511 0.527133 255 0 0
-0.050594 0.032421 0.532133 255 0 0
-0.052503 0.027421 0.535223 255 0 0
-0.037503 0.030511 0.543314 255 0 0
-0.034413 0.032421 0.538314 255 0 0
-0.047503 0.024331 0.543314 255 0 0
-0.042503 0.027421 0.545223 255 0 0
-0.050594 0.022421 0.532133 255 0 0
-0.050594 0.022421 0.538314 255 0 0
-0.042503 0.027421 0.525223 255 0 0
-0.047503 0.024331 0.527133 255 0 0
-0.034413 0.032421 0.532133 255 0 0
-0.037503 0.030511 0.527133 255 0 0
-0.034413 0.022421 0.538314 255 0 0
-0.037503 0.024331 0.543314 255 0 0
-0.039413 0.019331 0.540223 255 0 0
-0.045594 0.019331 0.540223 255 0 0
-0.042503 0.017421 0.535223 255 0 0
-0.045594 0.019331 0.530223 255 0 0
-0.039413 0.019331 0.530223 255 0 0
-0.037503 0.024331 0.527133 255 0 0
-0.034413 0.022421 0.532133 255 0 0
-0.032503 0.027421 0.535223 255 0 0
-0.027894 0.065012 0.505775 255 0 0
-0.017379 0.065012 0.505775 255 0 0
-0.027894 0.047999 0.505775 255 0 0
-0.017379 0.047999 0.505775 255 0 0
-0.022637 0.051249 0.514281 255 0 0
-0.022637 0.061763 0.514281 255 0 0
-0.022637 0.051249 0.497268 255 0 0
-0.022637 0.061763 0.497268 255 0 0
-0.014130 0.056506 0.500518 255 0 0
-0.014130 0.056506 0.511032 255 0 0
-0.031143 0.056506 0.500518 255 0 0
-0.031143 0.056506 0.511032 255 0 0
-0.030727 0.061506 0.508865 255 0 0
-0.027637 0.059596 0.513865 255 0 0
-0.025727 0.064596 0.510775 255 0 0
-0.019547 0.064596 0.510775 255 0 0
-0.022637 0.066506 0.505775 255 0 0
-0.019547 0.064596 0.500775 255 0 0
-0.025727 0.064596 0.500775 255 0 0
-0.027637 0.059596 0.497685 255 0 0
-0.030727 0.061506 0.502685 255 0 0
-0.032637 0.056506 0.505775 255 0 0
-0.017637 0.059596 0.513865 255 0 0
-0.014547 0.061506 0.508865 255 0 0
-0.027637 0.053416 0.513865 255 0 0
-0.022637 0.056506 0.515775 255 0 0
-0.030727 0.051506 0.502685 255 0 0
-0.030727 0.051506 0.508865 255 0 0
-0.022637 0.056506 0.495775 255 0 0
-0.027637 0.053416 0.497685 255 0 0
-0.014547 0.061506 0.502685 255 0 0
-0.017637 0.059596 0.497685 255 0 0
-0.014547 0.051506 0.508865 255 0 0
-0.017637 0.053416 0.513865 255 0 0
-0.019547 0.048416 0.510775 255 0 0
-0.025727 0.048416 0.510775 255 0 0
-0.022637 0.046506 0.505775 255 0 0
-0.025727 0.048416 0.500775 255 0 0
-0.019547 0.048416 0.500775 255 0 0
-0.017637 0.053416 0.497685 255 0 0
-0.014547 0.051506 0.502685 255 0 0
-0.012637 0.056506 0.505775 255 0 0
-0.028160 0.068488 0.499042 255 0 0
-0.017646 0.068488 0.499042 255 0 0
-0.028160 0.051475 0.499042 255 0 0
-0.017646 0.051475 0.499042 255 0 0
-0.022903 0.054724 0.507548 255 0 0
-0.022903 0.065239 0.507548 255 0 0
-0.022903 0.054724 0.490535 255 0 0
-0.022903 0.065239 0.490535 255 0 0
-0.014396 0.059981 0.493785 255 0 0
-0.014396 0.059981 0.504299 255 0 0
-0.031409 0.059981 0.493785 255 0 0
-0.031409 0.059981 0.504299 255 0 0
-0.030993 0.064981 0.502132 255 0 0
-0.027903 0.063072 0.507132 255 0 0
-0.025993 0.068072 0.504042 255 0 0
-0.019813 0.068072 0.504042 255 0 0
-0.022903 0.069981 0.499042 255 0 0
-0.019813 0.068072 0.494042 255 0 0
-0.025993 0.068072 0.494042 255 0 0
-0.027903 0.063072 0.490952 255 0 0
-0.030993 0.064981 0.495952 255 0 0
-0.032903 0.059981 0.499042 255 0 0
-0.017903 0.063072 0.507132 255 0 0
-0.014813 0.064981 0.502132 255 0 0
-0.027903 0.056891 0.507132 255 0 0
-0.022903 0.059981 0.509042 255 0 0
-0.030993 0.054981 0.495952 255 0 0
-0.030993 0.054981 0.502132 255 0 0
-0.022903 0.059981 0.489042 255 0 0
-0.027903 0.056891 0.490952 255 0 0
-0.014813 0.064981 0.495952 255 0 0
-0.017903 0.063072 0.490952 255 0 0
-0.014813 0.054981 0.502132 255 0 0
-0.017903 0.056891 0.507132 255 0 0
-0.019813 0.051891 0.504042 255 0 0
-0.025993 0.051891 0.504042 255 0 0
-0.022903 0.049981 0.499042 255 0 0
-0.025993 0.051891 0.494042 255 0 0
-0.019813 0.051891 0.494042 255 0 0
-0.017903 0.056891 0.490952 255 0 0
-0.014813 0.054981 0.495952 255 0 0
-0.012903 0.059981 0.499042 255 0 0
-0.038672 0.077101 0.497746 255 0 0
-0.028157 0.077101 0.497746 255 0 0
-0.038672 0.060088 0.497746 255 0 0
-0.028157 0.060088 0.497746 255 0 0
-0.033415 0.063337 0.506253 255 0 0
-0.033415 0.073852 0.506253 255 0 0
-0.033415 0.063337 0.489240 255 0 0
-0.033415 0.073852 0.489240 255 0 0
-0.024908 0.068595 0.492489 255 0 0
-0.024908 0.068595 0.503004 255 0 0
-0.041921 0.068595 0.492489 255 0 0
-0.041921 0.068595 0.503004 255 0 0
-0.041505 0.073595 0.500836 255 0 0
-0.038415 0.071685 0.505836 255 0 0
-0.036505 0.076685 0.502746 255 0 0
-0.030324 0.076685 0.502746 255 0 0
-0.033415 0.078595 0.497746 255 0 0
-0.030324 0.076685 0.492746 255 0 0
-0.036505 0.076685 0.492746 255 0 0
-0.038415 0.071685 0.489656 255 0 0
-0.041505 0.073595 0.494656 255 0 0
-0.043415 0.068595 0.497746 255 0 0
-0.028415 0.071685 0.505836 255 0 0
-0.025324 0.073595 0.500836 255 0 0
-0.038415 0.065504 0.505836 255 0 0
-0.033415 0.068595 0.507746 255 0 0
-0.041505 0.063595 0.494656 255 0 0
-0.041505 0.063595 0.500836 255 0 0
-0.033415 0.068595 0.487746 255 0 0
-0.038415 0.065504 0.489656 255 0 0
-0.025324 0.073595 0.494656 255 0 0
-0.028415 0.071685 0.489656 255 0 0
-0.025324 0.063595 0.500836 255 0 0
-0.028415 0.065504 0.505836 255 0 0
-0.030324 0.060504 0.502746 255 0 0
-0.036505 0.060504 0.502746 255 0 0
-0.033415 0.058595 0.497746 255 0 0
-0.036505 0.060504 0.492746 255 0 0
-0.030324 0.060504 0.492746 255 0 0
-0.028415 0.065504 0.489656 255 0 0
-0.025324 0.063595 0.494656 255 0 0
-0.023415 0.068595 0.497746 255 0 0
-0.046689 0.101613 0.510872 255 0 0
-0.036175 0.101613 0.510872 255 0 0
-0.046689 0.084600 0.510872 255 0 0
-0.036175 0.084600 0.510872 255 0 0
-0.041432 0.087849 0.519378 255 0 0
-0.041432 0.098363 0.519378 255 0 0
-0.041432 0.087849 0.502365 255 0 0
-0.041432 0.098363 0.502365 255 0 0
-0.032925 0.093106 0.505614 255 0 0
-0.032925 0.093106 0.516129 255 0 0
-0.049938 0.093106 0.505614 255 0 0
-0.049938 0.093106 0.516129 255 0 0
-0.049522 0.098106 0.513962 255 0 0
-0.046432 0.096196 0.518962 255 0 0
-0.044522 0.101196 0.515872 255 0 0
-0.038342 0.101196 0.515872 255 0 0
-0.041432 0.103106 0.510872 255 0 0
-0.038342 0.101196 0.505872 255 0 0
-0.044522 0.101196 0.505872 255 0 0
-0.046432 0.096196 0.502782 255 0 0
-0.049522 0.098106 0.507782 255 0 0
-0.051432 0.093106 0.510872 255 0 0
-0.036432 0.096196 0.518962 255 0 0
-0.033342 0.098106 0.513962 255 0 0
-0.046432 0.090016 0.518962 255 0 0
-0.041432 0.093106 0.520872 255 0 0
-0.049522 0.088106 0.507782 255 0 0
-0.049522 0.088106 0.513962 255 0 0
-0.041432 0.093106 0.500872 255 0 0
-0.046432 0.090016 0.502782 255 0 0
-0.033342 0.098106 0.507782 255 0 0
-0.036432 0.096196 0.502782 255 0 0
-0.033342 0.088106 0.513962 255 0 0
-0.036432 0.090016 0.518962 255 0 0
-0.038342 0.085016 0.515872 255 0 0
-0.044522 0.085016 0.515872 255 0 0
-0.041432 0.083106 0.510872 255 0 0
-0.044522 0.085016 0.505872 255 0 0
-0.038342 0.085016 0.505872 255 0 0
-0.036432 0.090016 0.502782 255 0 0
-0.033342 0.088106 0.507782 255 0 0
-0.031432 0.093106 0.510872 255 0 0
-0.014144 0.042669 0.501871 255 0 0
-0.003629 0.042669 0.501871 255 0 0
-0.014144 0.025656 0.501871 255 0 0
-0.003629 0.025656 0.501871 255 0 0
-0.008887 0.028905 0.510378 255 0 0
-0.008887 0.039420 0.510378 255 0 0
-0.008887 0.028905 0.493365 255 0 0
-0.008887 0.039420 0.493365 255 0 0
-0.000380 0.034163 0.496614 255 0 0
-0.000380 0.034163 0.507128 255 0 0
-0.017393 0.034163 0.496614 255 0 0
-0.017393 0.034163 0.507128 255 0 0
-0.016977 0.039163 0.504961 255 0 0
-0.013887 0.037253 0.509961 255 0 0
-0.011977 0.042253 0.506871 255 0 0
-0.005797 0.042253 0.506871 255 0 0
-0.008887 0.044163 0.501871 255 0 0
-0.005797 0.042253 0.496871 255 0 0
-0.011977 0.042253 0.496871 255 0 0
-0.013887 0.037253 0.493781 255 0 0
-0.016977 0.039163 0.498781 255 0 0
-0.018887 0.034163 0.501871 255 0 0
-0.003887 0.037253 0.509961 255 0 0
-0.000797 0.039163 0.504961 255 0 0
-0.013887 0.031072 0.509961 255 0 0
-0.008887 0.034163 0.511871 255 0 0
-0.016977 0.029163 0.498781 255 0 0
-0.016977 0.029163 0.504961 255 0 0
-0.008887 0.034163 0.491871 255 0 0
-0.013887 0.031072 0.493781 255 0 0
-0.000797 0.039163 0.498781 255 0 0
-0.003887 0.037253 0.493781 255 0 0
-0.000797 0.029163 0.504961 255 0 0
-0.003887 0.031072 0.509961 255 0 0
-0.005797 0.026072 0.506871 255 0 0
-0.011977 0.026072 0.506871 255 0 0
-0.008887 0.024163 0.501871 255 0 0
-0.011977 0.026072 0.496871 255 0 0
-0.005797 0.026072 0.496871 255 0 0
-0.003887 0.031072 0.493781 255 0 0
-0.000797 0.029163 0.498781 255 0 0
0.001113 0.034163 0.501871 255 0 0
-0.018877 0.048697 0.499752 255 0 0
-0.008363 0.048697 0.499752 255 0 0
-0.018877 0.031684 0.499752 255 0 0
-0.008363 0.031684 0.499752 255 0 0
-0.013620 0.034933 0.508259 255 0 0
-0.013620 0.045448 0.508259 255 0 0
-0.013620 0.034933 0.491246 255 0 0
-0.013620 0.045448 0.491246 255 0 0
-0.005113 0.040190 0.494495 255 0 0
-0.005113 0.040190 0.505010 255 0 0
-0.022126 0.040190 0.494495 255 0 0
-0.022126 0.040190 0.505010 255 0 0
-0.021710 0.045190 0.502842 255 0 0
-0.018620 0.043281 0.507842 255 0 0
-0.016710 0.048281 0.504752 255 0 0
-0.010530 0.048281 0.504752 255 0 0
-0.013620 0.050190 0.499752 255 0 0
-0.010530 0.048281 0.494752 255 0 0
-0.016710 0.048281 0.494752 255 0 0
-0.018620 0.043281 0.491662 255 0 0
-0.021710 0.045190 0.496662 255 0 0
-0.023620 0.040190 0.499752 255 0 0
-0.008620 0.043281 0.507842 255 0 0
-0.005530 0.045190 0.502842 255 0 0
-0.018620 0.037100 0.507842 255 0 0
-0.013620 0.040190 0.509752 255 0 0
-0.021710 0.035190 0.496662 255 0 0
-0.021710 0.035190 0.502842 255 0 0
-0.013620 0.040190 0.489752 255 0 0
-0.018620 0.037100 0.491662 255 0 0
-0.005530 0.045190 0.496662 255 0 0
-0.008620 0.043281 0.491662 255 0 0
-0.005530 0.035190 0.502842 255 0 0
-0.008620 0.037100 0.507842 255 0 0
-0.010530 0.032100 0.504752 255 0 0
-0.016710 0.032100 0.504752 255 0 0
-0.013620 0.030190 0.499752 255 0 0
-0.016710 0.032100 0.494752 255 0 0
-0.010530 0.032100 0.494752 255 0 0
-0.008620 0.037100 0.491662 255 0 0
-0.005530 0.035190 0.496662 255 0 0
-0.003620 0.040190 0.499752 255 0 0
-0.026442 0.002615 0.508552 255 0 0
-0.015927 0.002615 0.508552 255 0 0
-0.026442 -0.014398 0.508552 255 0 0
-0.015927 -0.014398 0.508552 255 0 0
-0.021185 -0.011149 0.517059 255 0 0
-0.021185 -0.000635 0.517059 255 0 0
-0.021185 -0.011149 0.500046 255 0 0
-0.021185 -0.000635 0.500046 255 0 0
-0.012678 -0.005892 0.503295 255 0 0
-0.012678 -0.005892 0.513809 255 0 0
-0.029691 -0.005892 0.503295 255 0 0
-0.029691 -0.005892 0.513809 255 0 0
-0.029275 -0.000892 0.511642 255 0 0
-0.026185 -0.002802 0.516642 255 0 0
-0.024275 0.002198 0.513552 255 0 0
-0.018095 0.002198 0.513552 255 0 0
-0.021185 0.004108 0.508552 255 0 0
-0.018095 0.002198 0.503552 255 0 0
-0.024275 0.002198 0.503552 255 0 0
-0.026185 -0.002802 0.500462 255 0 0
-0.029275 -0.000892 0.505462 255 0 0
-0.031185 -0.005892 0.508552 255 0 0
-0.016185 -0.002802 0.516642 255 0 0
-0.013095 -0.000892 0.511642 255 0 0
-0.026185 -0.008982 0.516642 255 0 0
-0.021185 -0.005892 0.518552 255 0 0
-0.029275 -0.010892 0.505462 255 0 0
-0.029275 -0.010892 0.511642 255 0 0
-0.021185 -0.005892 0.498552 255 0 0
-0.026185 -0.008982 0.500462 255 0 0
-0.013095 -0.000892 0.505462 255 0 0
-0.016185 -0.002802 0.500462 255 0 0
-0.013095 -0.010892 0.511642 255 0 0
-0.016185 -0.008982 0.516642 255 0 0
-0.018095 -0.013982 0.513552 255 0 0
-0.024275 -0.013982 0.513552 255 0 0
-0.021185 -0.015892 0.508552 255 0 0
-0.024275 -0.013982 0.503552 255 0 0
-0.018095 -0.013982 0.503552 255 0 0
-0.016185 -0.008982 0.500462 255 0 0
-0.013095 -0.010892 0.505462 255 0 0
-0.011185 -0.005892 0.508552 255 0 0
-0.048206 0.119864 0.515810 255 0 0
-0.037691 0.119864 0.515810 255 0 0
-0.048206 0.102851 0.515810 255 0 0
-0.037691 0.102851 0.515810 255 0 0
-0.042949 0.106100 0.524317 255 0 0
-0.042949 0.116615 0.524317 255 0 0
-0.042949 0.106100 0.507304 255 0 0
-0.042949 0.116615 0.507304 255 0 0
-0.034442 0.111357 0.510553 255 0 0
-0.034442 0.111357 0.521068 255 0 0
-0.051455 0.111357 0.510553 255 0 0
-0.051455 0.111357 0.521068 255 0 0
-0.051039 0.116357 0.518901 255 0 0
-0.047949 0.114448 0.523901 255 0 0
-0.046039 0.119448 0.520810 255 0 0
-0.039858 0.119448 0.520810 255 0 0
-0.042949 0.121357 0.515810 255 0 0
-0.039858 0.119448 0.510810 255 0 0
-0.046039 0.119448 0.510810 255 0 0
-0.047949 0.114448 0.507720 255 0 0
-0.051039 0.116357 0.512720 255 0 0
-0.052949 0.111357 0.515810 255 0 0
-0.037949 0.114448 0.523901 255 0 0
-0.034858 0.116357 0.518901 255 0 0
-0.047949 0.108267 0.523901 255 0 0
-0.042949 0.111357 0.525810 255 0 0
-0.051039 0.106357 0.512720 255 0 0
-0.051039 0.106357 0.518901 255 0 0
-0.042949 0.111357 0.505810 255 0 0
-0.047949 0.108267 0.507720 255 0 0
-0.034858 0.116357 0.512720 255 0 0
-0.037949 0.114448 0.507720 255 0 0
-0.034858 0.106357 0.518901 255 0 0
-0.037949 0.108267 0.523901 255 0 0
-0.039858 0.103267 0.520810 255 0 0
-0.046039 0.103267 0.520810 255 0 0
-0.042949 0.101357 0.515810 255 0 0
-0.046039 0.103267 0.510810 255 0 0
-0.039858 0.103267 0.510810 255 0 0
-0.037949 0.108267 0.507720 255 0 0
-0.034858 0.106357 0.512720 255 0 0
-0.032949 0.111357 0.515810 255 0 0
-0.025068 0.015441 0.507508 255 0 0
-0.014553 0.015441 0.507508 255 0 0
-0.025068 -0.001572 0.507508 255 0 0
-0.014553 -0.001572 0.507508 255 0 0
-0.019810 0.001677 0.516015 255 0 0
-0.019810 0.012192 0.516015 255 0 0
-0.019810 0.001677 0.499001 255 0 0
-0.019810 0.012192 0.499001 255 0 0
-0.011304 0.006934 0.502251 255 0 0
-0.011304 0.006934 0.512765 255 0 0
-0.028317 0.006934 0.502251 255 0 0
-0.028317 0.006934 0.512765 255 0 0
-0.027900 0.011934 0.510598 255 0 0
-0.024810 0.010024 0.515598 255 0 0
-0.022900 0.015024 0.512508 255 0 0
-0.016720 0.015024 0.512508 255 0 0
-0.019810 0.016934 0.507508 255 0 0
-0.016720 0.015024 0.502508 255 0 0
-0.022900 0.015024 0.502508 255 0 0
-0.024810 0.010024 0.499418 255 0 0
-0.027900 0.011934 0.504418 255 0 0
-0.029810 0.006934 0.507508 255 0 0
-0.014810 0.010024 0.515598 255 0 0
-0.011720 0.011934 0.510598 255 0 0
-0.024810 0.003844 0.515598 255 0 0
-0.019810 0.006934 0.517508 255 0 0
-0.027900 0.001934 0.504418 255 0 0
-0.027900 0.001934 0.510598 255 0 0
-0.019810 0.006934 0.497508 255 0 0
-0.024810 0.003844 0.499418 255 0 0
-0.011720 0.011934 0.504418 255 0 0
-0.014810 0.010024 0.499418 255 0 0
-0.011720 0.001934 0.510598 255 0 0
-0.014810 0.003844 0.515598 255 0 0
-0.016720 -0.001156 0.512508 255 0 0
-0.022900 -0.001156 0.512508 255 0 0
-0.019810 -0.003066 0.507508 255 0 0
-0.022900 -0.001156 0.502508 255 0 0
-0.016720 -0.001156 0.502508 255 0 0
-0.014810 0.003844 0.499418 255 0 0
-0.011720 0.001934 0.504418 255 0 0
-0.009810 0.006934 0.507508 255 0 0
-0.013462 0.023724 0.500145 255 0 0
-0.002948 0.023724 0.500145 255 0 0
-0.013462 0.006711 0.500145 255 0 0
-0.002948 0.006711 0.500145 255 0 0
-0.008205 0.009960 0.508651 255 0 0
-0.008205 0.020475 0.508651 255 0 0
-0.008205 0.009960 0.491638 255 0 0
-0.008205 0.020475 0.491638 255 0 0
0.000302 0.015218 0.494887 255 0 0
0.000302 0.015218 0.505402 255 0 0
-0.016711 0.015218 0.494887 255 0 0
-0.016711 0.015218 0.505402 255 0 0
-0.016295 0.020218 0.503235 255 0 0
-0.013205 0.018308 0.508235 255 0 0
-0.011295 0.023308 0.505145 255 0 0
-0.005115 0.023308 0.505145 255 0 0
-0.008205 0.025218 0.500145 255 0 0
-0.005115 0.023308 0.495145 255 0 0
-0.011295 0.023308 0.495145 255 0 0
-0.013205 0.018308 0.492054 255 0 0
-0.016295 0.020218 0.497054 255 0 0
-0.018205 0.015218 0.500145 255 0 0
-0.003205 0.018308 0.508235 255 0 0
-0.000115 0.020218 0.503235 255 0 0
-0.013205 0.012127 0.508235 255 0 0
-0.008205 0.015218 0.510145 255 0 0
-0.016295 0.010218 0.497054 255 0 0
-0.016295 0.010218 0.503235 255 0 0
-0.008205 0.015218 0.490145 255 0 0
-0.013205 0.012127 0.492054 255 0 0
-0.000115 0.020218 0.497054 255 0 0
-0.003205 0.018308 0.492054 255 0 0
-0.000115 0.010218 0.503235 255 0 0
-0.003205 0.012127 0.508235 255 0 0
-0.005115 0.007127 0.505145 255 0 0
-0.011295 0.007127 0.505145 255 0 0
-0.008205 0.005218 0.500145 255 0 0
-0.011295 0.007127 0.495145 255 0 0
-0.005115 0.007127 0.495145 255 0 0
-0.003205 0.012127 0.492054 255 0 0
-0.000115 0.010218 0.497054 255 0 0
0.001795 0.015218 0.500145 255 0 0
-0.052510 0.056271 0.542046 255 0 0
-0.041995 0.056271 0.542046 255 0 0
-0.052510 0.039258 0.542046 255 0 0
-0.041995 0.039258 0.542046 255 0 0
-0.047252 0.042507 0.550553 255 0 0
-0.047252 0.053022 0.550553 255 0 0
-0.047252 0.042507 0.533540 255 0 0
-0.047252 0.053022 0.533540 255 0 0
-0.038746 0.047764 0.536789 255 0 0
-0.038746 0.047764 0.547303 255 0 0
-0.055759 0.047764 0.536789 255 0 0
-0.055759 0.047764 0.547303 255 0 0
-0.055343 0.052764 0.545136 255 0 0
-0.052252 0.050855 0.550136 255 0 0
-0.050343 0.055854 0.547046 255 0 0
-0.044162 0.055854 0.547046 255 0 0
-0.047252 0.057764 0.542046 255 0 0
-0.044162 0.055854 0.537046 255 0 0
-0.050343 0.055854 0.537046 255 0 0
-0.052252 0.050855 0.533956 255 0 0
-0.055343 0.052764 0.538956 255 0 0
-0.057252 0.047764 0.542046 255 0 0
-0.042252 0.050855 0.550136 255 0 0
-0.039162 0.052764 0.545136 255 0 0
-0.052252 0.044674 0.550136 255 0 0
-0.047252 0.047764 0.552046 255 0 0
-0.055343 0.042764 0.538956 255 0 0
-0.055343 0.042764 0.545136 255 0 0
-0.047252 0.047764 0.532046 255 0 0
-0.052252 0.044674 0.533956 255 0 0
-0.039162 0.052764 0.538956 255 0 0
-0.042252 0.050855 0.533956 255 0 0
-0.039162 0.042764 0.545136 255 0 0
-0.042252 0.044674 0.550136 255 0 0
-0.044162 0.039674 0.547046 255 0 0
-0.050343 0.039674 0.547046 255 0 0
-0.047252 0.037764 0.542046 255 0 0
-0.050343 0.039674 0.537046 255 0 0
-0.044162 0.039674 0.537046 255 0 0
-0.042252 0.044674 0.533956 255 0 0
-0.039162 0.042764 0.538956 255 0 0
-0.037252 0.047764 0.542046 255 0 0
-0.048452 0.062336 0.530859 255 0 0
-0.037937 0.062336 0.530859 255 0 0
-0.048452 0.045323 0.530859 255 0 0
-0.037937 0.045323 0.530859 255 0 0
-0.043195 0.048572 0.539365 255 0 0
-0.043195 0.059087 0.539365 255 0 0
-0.043195 0.048572 0.522352 255 0 0
-0.043195 0.059087 0.522352 255 0 0
-0.034688 0.053829 0.525601 255 0 0
-0.034688 0.053829 0.536116 255 0 0
-0.051701 0.053829 0.525601 255 0 0
-0.051701 0.053829 0.536116 255 0 0
-0.051285 0.058829 0.533949 255 0 0
-0.048195 0.056920 0.538949 255 0 0
-0.046285 0.061920 0.535859 255 0 0
-0.040105 0.061920 0.535859 255 0 0
-0.043195 0.063829 0.530859 255 0 0
-0.040105 0.061920 0.525859 255 0 0
-0.046285 0.061920 0.525859 255 0 0
-0.048195 0.056920 0.522768 255 0 0
-0.051285 0.058829 0.527768 255 0 0
-0.053195 0.053829 0.530859 255 0 0
-0.038195 0.056920 0.538949 255 0 0
-0.035105 0.058829 0.533949 255 0 0
-0.048195 0.050739 0.538949 255 0 0
-0.043195 0.053829 0.540859 255 0 0
-0.051285 0.048829 0.527768 255 0 0
-0.051285 0.048829 0.533949 255 0 0
-0.043195 0.053829 0.520859 255 0 0
-0.048195 0.050739 0.522768 255 0 0
-0.035105 0.058829 0.527768 255 0 0
-0.038195 0.056920 0.522768 255 0 0
-0.035105 0.048829 0.533949 255 0 0
-0.038195 0.050739 0.538949 255 0 0
-0.040105 0.045739 0.535859 255 0 0
-0.046285 0.045739 0.535859 255 0 0
-0.043195 0.043829 0.530859 255 0 0
-0.046285 0.045739 0.525859 255 0 0
-0.040105 0.045739 0.525859 255 0 0
-0.038195 0.050739 0.522768 255 0 0
-0.035105 0.048829 0.527768 255 0 0
-0.033195 0.053829 0.530859 255 0 0
-0.068586 0.093060 0.552618 255 0 0
-0.058071 0.093060 0.552618 255 0 0
-0.068586 0.076047 0.552618 255 0 0
-0.058071 0.076047 0.552618 255 0 0
-0.063329 0.079297 0.561124 255 0 0
-0.063329 0.089811 0.561124 255 0 0
-0.063329 0.079297 0.544111 255 0 0
-0.063329 0.089811 0.544111 255 0 0
-0.054822 0.084554 0.547360 255 0 0
-0.054822 0.084554 0.557875 255 0 0
-0.071835 0.084554 0.547360 255 0 0
-0.071835 0.084554 0.557875 255 0 0
-0.071419 0.089554 0.555708 255 0 0
-0.068329 0.087644 0.560708 255 0 0
-0.066419 0.092644 0.557618 255 0 0
-0.060239 0.092644 0.557618 255 0 0
-0.063329 0.094554 0.552618 255 0 0
-0.060239 0.092644 0.547618 255 0 0
-0.066419 0.092644 0.547618 255 0 0
-0.068329 0.087644 0.544527 255 0 0
-0.071419 0.089554 0.549527 255 0 0
-0.073329 0.084554 0.552618 255 0 0
-0.058329 0.087644 0.560708 255 0 0
-0.055239 0.089554 0.555708 255 0 0
-0.068329 0.081464 0.560708 255 0 0
-0.063329 0.084554 0.562618 255 0 0
-0.071419 0.079554 0.549527 255 0 0
-0.071419 0.079554 0.555708 255 0 0
-0.063329 0.084554 0.542618 255 0 0
-0.068329 0.081464 0.544527 255 0 0
-0.055239 0.089554 0.549527 255 0 0
-0.058329 0.087644 0.544527 255 0 0
-0.055239 0.079554 0.555708 255 0 0
-0.058329 0.081464 0.560708 255 0 0
-0.060239 0.076464 0.557618 255 0 0
-0.066419 0.076464 0.557618 255 0 0
-0.063329 0.074554 0.552618 255 0 0
-0.066419 0.076464 0.547618 255 0 0
-0.060239 0.076464 0.547618 255 0 0
-0.058329 0.081464 0.544527 255 0 0
-0.055239 0.079554 0.549527 255 0 0
-0.053329 0.084554 0.552618 255 0 0
-0.071910 0.082354 0.566534 255 0 0
-0.061395 0.082354 0.566534 255 0 0
-0.071910 0.065341 0.566534 255 0 0
-0.061395 0.065341 0.566534 255 0 0
-0.066652 0.068591 0.575040 255 0 0
-0.066652 0.079105 0.575040 255 0 0
-0.066652 0.068591 0.558027 255 0 0
-0.066652 0.079105 0.558027 255 0 0
-0.058146 0.073848 0.561276 255 0 0
-0.058146 0.073848 0.571791 255 0 0
-0.075159 0.073848 0.561276 255 0 0
-0.075159 0.073848 0.571791 255 0 0
-0.074742 0.078848 0.569624 255 0 0
-0.071652 0.076938 0.574624 255 0 0
-0.069742 0.081938 0.571534 255 0 0
-0.063562 0.081938 0.571534 255 0 0
-0.066652 0.083848 0.566534 255 0 0
-0.063562 0.081938 0.561534 255 0 0
-0.069742 0.081938 0.561534 255 0 0
-0.071652 0.076938 0.558443 255 0 0
-0.074742 0.078848 0.563443 255 0 0
-0.076652 0.073848 0.566534 255 0 0
-0.061652 0.076938 0.574624 255 0 0
-0.058562 0.078848 0.569624 255 0 0
-0.071652 0.070758 0.574624 255 0 0
-0.066652 0.073848 0.576534 255 0 0
-0.074742 0.068848 0.563443 255 0 0
-0.074742 0.068848 0.569624 255 0 0
-0.066652 0.073848 0.556534 255 0 0
-0.071652 0.070758 0.558443 255 0 0
-0.058562 0.078848 0.563443 255 0 0
-0.061652 0.076938 0.558443 255 0 0
-0.058562 0.068848 0.569624 255 0 0
-0.061652 0.070758 0.574624 255 0 0
-0.063562 0.065758 0.571534 255 0 0
-0.069742 0.065758 0.571534 255 0 0
-0.066652 0.063848 0.566534 255 0 0
-0.069742 0.065758 0.561534 255 0 0
-0.063562 0.065758 0.561534 255 0 0
-0.061652 0.070758 0.558443 255 0 0
-0.058562 0.068848 0.563443 255 0 0
-0.056652 0.073848 0.566534 255 0 0
-0.058894 0.024392 0.558875 255 0 0
-0.048380 0.024392 0.558875 255 0 0
-0.058894 0.007379 0.558875 255 0 0
-0.048380 0.007379 0.558875 255 0 0
-0.053637 0.010629 0.567382 255 0 0
-0.053637 0.021143 0.567382 255 0 0
-0.053637 0.010629 0.550368 255 0 0
-0.053637 0.021143 0.550368 255 0 0
-0.045130 0.015886 0.553618 255 0 0
-0.045130 0.015886 0.564132 255 0 0
-0.062143 0.015886 0.553618 255 0 0
-0.062143 0.015886 0.564132 255 0 0
-0.061727 0.020886 0.561965 255 0 0
-0.058637 0.018976 0.566965 255 0 0
-0.056727 0.023976 0.563875 255 0 0
-0.050547 0.023976 0.563875 255 0 0
-0.053637 0.025886 0.558875 255 0 0
-0.050547 0.023976 0.553875 255 0 0
-0.056727 0.023976 0.553875 255 0 0
-0.058637 0.018976 0.550785 255 0 0
-0.061727 0.020886 0.555785 255 0 0
-0.063637 0.015886 0.558875 255 0 0
-0.048637 0.018976 0.566965 255 0 0
-0.045547 0.020886 0.561965 255 0 0
-0.058637 0.012796 0.566965 255 0 0
-0.053637 0.015886 0.568875 255 0 0
-0.061727 0.010886 0.555785 255 0 0
-0.061727 0.010886 0.561965 255 0 0
-0.053637 0.015886 0.548875 255 0 0
-0.058637 0.012796 0.550785 255 0 0
-0.045547 0.020886 0.555785 255 0 0
-0.048637 0.018976 0.550785 255 0 0
-0.045547 0.010886 0.561965 255 0 0
-0.048637 0.012796 0.566965 255 0 0
-0.050547 0.007796 0.563875 255 0 0
-0.056727 0.007796 0.563875 255 0 0
-0.053637 0.005886 0.558875 255 0 0
-0.056727 0.007796 0.553875 255 0 0
-0.050547 0.007796 0.553875 255 0 0
-0.048637 0.012796 0.550785 255 0 0
-0.045547 0.010886 0.555785 255 0 0
-0.043637 0.015886 0.558875 255 0 0
-0.072428 0.109460 0.548958 255 0 0
-0.061913 0.109460 0.548958 255 0 0
-0.072428 0.092447 0.548958 255 0 0
-0.061913 0.092447 0.548958 255 0 0
-0.067171 0.095696 0.557465 255 0 0
-0.067171 0.106210 0.557465 255 0 0
-0.067171 0.095696 0.540452 255 0 0
-0.067171 0.106210 0.540452 255 0 0
-0.058664 0.100953 0.543701 255 0 0
-0.058664 0.100953 0.554215 255 0 0
-0.075677 0.100953 0.543701 255 0 0
-0.075677 0.100953 0.554215 255 0 0
-0.075261 0.105953 0.552048 255 0 0
-0.072171 0.104043 0.557048 255 0 0
-0.070261 0.109043 0.553958 255 0 0
-0.064080 0.109043 0.553958 255 0 0
-0.067171 0.110953 0.548958 255 0 0
-0.064080 0.109043 0.543958 255 0 0
-0.070261 0.109043 0.543958 255 0 0
-0.072171 0.104043 0.540868 255 0 0
-0.075261 0.105953 0.545868 255 0 0
-0.077171 0.100953 0.548958 255 0 0
-0.062171 0.104043 0.557048 255 0 0
-0.059080 0.105953 0.552048 255 0 0
-0.072171 0.097863 0.557048 255 0 0
-0.067171 0.100953 0.558958 255 0 0
-0.075261 0.095953 0.545868 255 0 0
-0.075261 0.095953 0.552048 255 0 0
-0.067171 0.100953 0.538958 255 0 0
-0.072171 0.097863 0.540868 255 0 0
-0.059080 0.105953 0.545868 255 0 0
-0.062171 0.104043 0.540868 255 0 0
-0.059080 0.095953 0.552048 255 0 0
-0.062171 0.097863 0.557048 255 0 0
-0.064080 0.092863 0.553958 255 0 0
-0.070261 0.092863 0.553958 255 0 0
-0.067171 0.090953 0.548958 255 0 0
-0.070261 0.092863 0.543958 255 0 0
-0.064080 0.092863 0.543958 255 0 0
-0.062171 0.097863 0.540868 255 0 0
-0.059080 0.095953 0.545868 255 0 0
-0.057171 0.100953 0.548958 255 0 0
-0.076577 0.098890 0.555697 255 0 0
-0.066062 0.098890 0.555697 255 0 0
-0.076577 0.081877 0.555697 255 0 0
-0.066062 0.081877 0.555697 255 0 0
-0.071319 0.085126 0.564204 255 0 0
-0.071319 0.095640 0.564204 255 0 0
-0.071319 0.085126 0.547190 255 0 0
-0.071319 0.095640 0.547190 255 0 0
-0.062813 0.090383 0.550440 255 0 0
-0.062813 0.090383 0.560954 255 0 0
-0.079826 0.090383 0.550440 255 0 0
-0.079826 0.090383 0.560954 255 0 0
-0.079410 0.095383 0.558787 255 0 0
-0.076319 0.093473 0.563787 255 0 0
-0.074410 0.098473 0.560697 255 0 0
-0.068229 0.098473 0.560697 255 0 0
-0.071319 0.100383 0.555697 255 0 0
-0.068229 0.098473 0.550697 255 0 0
-0.074410 0.098473 0.550697 255 0 0
-0.076319 0.093473 0.547607 255 0 0
-0.079410 0.095383 0.552607 255 0 0
-0.081319 0.090383 0.555697 255 0 0
-0.066319 0.093473 0.563787 255 0 0
-0.063229 0.095383 0.558787 255 0 0
-0.076319 0.087293 0.563787 255 0 0
-0.071319 0.090383 0.565697 255 0 0
-0.079410 0.085383 0.552607 255 0 0
-0.079410 0.085383 0.558787 255 0 0
-0.071319 0.090383 0.545697 255 0 0
-0.076319 0.087293 0.547607 255 0 0
-0.063229 0.095383 0.552607 255 0 0
-0.066319 0.093473 0.547607 255 0 0
-0.063229 0.085383 0.558787 255 0 0
-0.066319 0.087293 0.563787 255 0 0
-0.068229 0.082293 0.560697 255 0 0
-0.074410 0.082293 0.560697 255 0 0
-0.071319 0.080383 0.555697 255 0 0
-0.074410 0.082293 0.550697 255 0 0
-0.068229 0.082293 0.550697 255 0 0
-0.066319 0.087293 0.547607 255 0 0
-0.063229 0.085383 0.552607 255 0 0
-0.061319 0.090383 0.555697 255 0 0
-0.077930 0.115936 0.557655 255 0 0
-0.067415 0.115936 0.557655 255 0 0
-0.077930 0.098923 0.557655 255 0 0
-0.067415 0.098923 0.557655 255 0 0
-0.072673 0.102172 0.566162 255 0 0
-0.072673 0.112686 0.566162 255 0 0
-0.072673 0.102172 0.549149 255 0 0
-0.072673 0.112686 0.549149 255 0 0
-0.064166 0.107429 0.552398 255 0 0
-0.064166 0.107429 0.562912 255 0 0
-0.081179 0.107429 0.552398 255 0 0
-0.081179 0.107429 0.562912 255 0 0
-0.080763 0.112429 0.560745 255 0 0
-0.077673 0.110519 0.565745 255 0 0
-0.075763 0.115519 0.562655 255 0 0
-0.069582 0.115519 0.562655 255 0 0
-0.072673 0.117429 0.557655 255 0 0
-0.069582 0.115519 0.552655 255 0 0
-0.075763 0.115519 0.552655 255 0 0
-0.077673 0.110519 0.549565 255 0 0
-0.080763 0.112429 0.554565 255 0 0
-0.082673 0.107429 0.557655 255 0 0
-0.067673 0.110519 0.565745 255 0 0
-0.064582 0.112429 0.560745 255 0 0
-0.077673 0.104339 0.565745 255 0 0
-0.072673 0.107429 0.567655 255 0 0
-0.080763 0.102429 0.554565 255 0 0
-0.080763 0.102429 0.560745 255 0 0
-0.072673 0.107429 0.547655 255 0 0
-0.077673 0.104339 0.549565 255 0 0
-0.064582 0.112429 0.554565 255 0 0
-0.067673 0.110519 0.549565 255 0 0
-0.064582 0.102429 0.560745 255 0 0
-0.067673 0.104339 0.565745 255 0 0
-0.069582 0.099339 0.562655 255 0 0
-0.075763 0.099339 0.562655 255 0 0
-0.072673 0.097429 0.557655 255 0 0
-0.075763 0.099339 0.552655 255 0 0
-0.069582 0.099339 0.552655 255 0 0
-0.067673 0.104339 0.549565 255 0 0
-0.064582 0.102429 0.554565 255 0 0
-0.062673 0.107429 0.557655 255 0 0
-0.056443 0.040921 0.553835 255 0 0
-0.045928 0.040921 0.553835 255 0 0
-0.056443 0.023908 0.553835 255 0 0
-0.045928 0.023908 0.553835 255 0 0
-0.051185 0.027157 0.562341 255 0 0
-0.051185 0.037672 0.562341 255 0 0
-0.051185 0.027157 0.545328 255 0 0
-0.051185 0.037672 0.545328 255 0 0
-0.042679 0.032415 0.548577 255 0 0
-0.042679 0.032415 0.559092 255 0 0
-0.059692 0.032415 0.548577 255 0 0
-0.059692 0.032415 0.559092 255 0 0
-0.059275 0.037415 0.556925 255 0 0
-0.056185 0.035505 0.561925 255 0 0
-0.054275 0.040505 0.558835 255 0 0
-0.048095 0.040505 0.558835 255 0 0
-0.051185 0.042415 0.553835 255 0 0
-0.048095 0.040505 0.548835 255 0 0
-0.054275 0.040505 0.548835 255 0 0
-0.056185 0.035505 0.545744 255 0 0
-0.059275 0.037415 0.550744 255 0 0
-0.061185 0.032415 0.553835 255 0 0
-0.046185 0.035505 0.561925 255 0 0
-0.043095 0.037415 0.556925 255 0 0
-0.056185 0.029324 0.561925 255 0 0
-0.051185 0.032415 0.563835 255 0 0
-0.059275 0.027415 0.550744 255 0 0
-0.059275 0.027415 0.556925 255 0 0
-0.051185 0.032415 0.543835 255 0 0
-0.056185 0.029324 0.545744 255 0 0
-0.043095 0.037415 0.550744 255 0 0
-0.046185 0.035505 0.545744 255 0 0
-0.043095 0.027415 0.556925 255 0 0
-0.046185 0.029324 0.561925 255 0 0
-0.048095 0.024324 0.558835 255 0 0
-0.054275 0.024324 0.558835 255 0 0
-0.051185 0.022415 0.553835 255 0 0
-0.054275 0.024324 0.548835 255 0 0
-0.048095 0.024324 0.548835 255 0 0
-0.046185 0.029324 0.545744 255 0 0
-0.043095 0.027415 0.550744 255 0 0
-0.041185 0.032415 0.553835 255 0 0
-0.031396 -0.039200 0.542609 255 0 0
-0.020881 -0.039200 0.542609 255 0 0
-0.031396 -0.056213 0.542609 255 0 0
-0.020881 -0.056213 0.542609 255 0 0
-0.026138 -0.052964 0.551115 255 0 0
-0.026138 -0.042449 0.551115 255 0 0
-0.026138 -0.052964 0.534102 255 0 0
-0.026138 -0.042449 0.534102 255 0 0
-0.017632 -0.047707 0.537351 255 0 0
-0.017632 -0.047707 0.547866 255 0 0
-0.034645 -0.047707 0.537351 255 0 0
-0.034645 -0.047707 0.547866 255 0 0
-0.034229 -0.042707 0.545699 255 0 0
-0.031138 -0.044616 0.550699 255 0 0
-0.029229 -0.039616 0.547609 255 0 0
-0.023048 -0.039616 0.547609 255 0 0
-0.026138 -0.037707 0.542609 255 0 0
-0.023048 -0.039616 0.537609 255 0 0
-0.029229 -0.039616 0.537609 255 0 0
-0.031138 -0.044616 0.534518 255 0 0
-0.034229 -0.042707 0.539518 255 0 0
-0.036138 -0.047707 0.542609 255 0 0
-0.021138 -0.044616 0.550699 255 0 0
-0.018048 -0.042707 0.545699 255 0 0
-0.031138 -0.050797 0.550699 255 0 0
-0.026138 -0.047707 0.552609 255 0 0
-0.034229 -0.052707 0.539518 255 0 0
-0.034229 -0.052707 0.545699 255 0 0
-0.026138 -0.047707 0.532609 255 0 0
-0.031138 -0.050797 0.534518 255 0 0
-0.018048 -0.042707 0.539518 255 0 0
-0.021138 -0.044616 0.534518 255 0 0
-0.018048 -0.052707 0.545699 255 0 0
-0.021138 -0.050797 0.550699 255 0 0
-0.023048 -0.055797 0.547609 255 0 0
-0.029229 -0.055797 0.547609 255 0 0
-0.026138 -0.057707 0.542609 255 0 0
-0.029229 -0.055797 0.537609 255 0 0
-0.023048 -0.055797 0.537609 255 0 0
-0.021138 -0.050797 0.534518 255 0 0
-0.018048 -0.052707 0.539518 255 0 0
-0.016138 -0.047707 0.542609 255 0 0
-0.036244 -0.051531 0.544586 255 0 0
-0.025729 -0.051531 0.544586 255 0 0
-0.036244 -0.068544 0.544586 255 0 0
-0.025729 -0.068544 0.544586 255 0 0
-0.030986 -0.065294 0.553093 255 0 0
-0.030986 -0.054780 0.553093 255 0 0
-0.030986 -0.065294 0.536080 255 0 0
-0.030986 -0.054780 0.536080 255 0 0
-0.022480 -0.060037 0.539329 255 0 0
-0.022480 -0.060037 0.549843 255 0 0
-0.039493 -0.060037 0.539329 255 0 0
-0.039493 -0.060037 0.549843 255 0 0
-0.039077 -0.055037 0.547676 255 0 0
-0.035986 -0.056947 0.552676 255 0 0
-0.034077 -0.051947 0.549586 255 0 0
-0.027896 -0.051947 0.549586 255 0 0
-0.030986 -0.050037 0.544586 255 0 0
-0.027896 -0.051947 0.539586 255 0 0
-0.034077 -0.051947 0.539586 255 0 0
-0.035986 -0.056947 0.536496 255 0 0
-0.039077 -0.055037 0.541496 255 0 0
-0.040986 -0.060037 0.544586 255 0 0
-0.025986 -0.056947 0.552676 255 0 0
-0.022896 -0.055037 0.547676 255 0 0
-0.035986 -0.063127 0.552676 255 0 0
-0.030986 -0.060037 0.554586 255 0 0
-0.039077 -0.065037 0.541496 255 0 0
-0.039077 -0.065037 0.547676 255 0 0
-0.030986 -0.060037 0.534586 255 0 0
-0.035986 -0.063127 0.536496 255 0 0
-0.022896 -0.055037 0.541496 255 0 0
-0.025986 -0.056947 0.536496 255 0 0
-0.022896 -0.065037 0.547676 255 0 0
-0.025986 -0.063127 0.552676 255 0 0
-0.027896 -0.068127 0.549586 255 0 0
-0.034077 -0.068127 0.549586 255 0 0
-0.030986 -0.070037 0.544586 255 0 0
-0.034077 -0.068127 0.539586 255 0 0
-0.027896 -0.068127 0.539586 255 0 0
-0.025986 -0.063127 0.536496 255 0 0
-0.022896 -0.065037 0.541496 255 0 0
-0.020986 -0.060037 0.544586 255 0 0
-0.027605 -0.020874 0.524799 255 0 0
-0.017091 -0.020874 0.524799 255 0 0
-0.027605 -0.037887 0.524799 255 0 0
-0.017091 -0.037887 0.524799 255 0 0
-0.022348 -0.034638 0.533306 255 0 0
-0.022348 -0.024123 0.533306 255 0 0
-0.022348 -0.034638 0.516293 255 0 0
-0.022348 -0.024123 0.516293 255 0 0
-0.013841 -0.029380 0.519542 255 0 0
-0.013841 -0.029380 0.530057 255 0 0
-0.030854 -0.029380 0.519542 255 0 0
-0.030854 -0.029380 0.530057 255 0 0
-0.030438 -0.024380 0.527889 255 0 0
-0.027348 -0.026290 0.532889 255 0 0
-0.025438 -0.021290 0.529799 255 0 0
-0.019258 -0.021290 0.529799 255 0 0
-0.022348 -0.019380 0.524799 255 0 0
-0.019258 -0.021290 0.519799 255 0 0
-0.025438 -0.021290 0.519799 255 0 0
-0.027348 -0.026290 0.516709 255 0 0
-0.030438 -0.024380 0.521709 255 0 0
-0.032348 -0.029380 0.524799 255 0 0
-0.017348 -0.026290 0.532889 255 0 0
-0.014258 -0.024380 0.527889 255 0 0
-0.027348 -0.032471 0.532889 255 0 0
-0.022348 -0.029380 0.534799 255 0 0
-0.030438 -0.034380 0.521709 255 0 0
-0.030438 -0.034380 0.527889 255 0 0
-0.022348 -0.029380 0.514799 255 0 0
-0.027348 -0.032471 0.516709 255 0 0
-0.014258 -0.024380 0.521709 255 0 0
-0.017348 -0.026290 0.516709 255 0 0
-0.014258 -0.034380 0.527889 255 0 0
-0.017348 -0.032471 0.532889 255 0 0
-0.019258 -0.037471 0.529799 255 0 0
-0.025438 -0.037471 0.529799 255 0 0
-0.022348 -0.039380 0.524799 255 0 0
-0.025438 -0.037471 0.519799 255 0 0
-0.019258 -0.037471 0.519799 255 0 0
-0.017348 -0.032471 0.516709 255 0 0
-0.014258 -0.034380 0.521709 255 0 0
-0.012348 -0.029380 0.524799 255 0 0
-0.039191 -0.012780 0.539885 255 0 0
-0.028676 -0.012780 0.539885 255 0 0
-0.039191 -0.029793 0.539885 255 0 0
-0.028676 -0.029793 0.539885 255 0 0
-0.033934 -0.026544 0.548392 255 0 0
-0.033934 -0.016029 0.548392 255 0 0
-0.033934 -0.026544 0.531379 255 0 0
-0.033934 -0.016029 0.531379 255 0 0
-0.025427 -0.021287 0.534628 255 0 0
-0.025427 -0.021287 0.545143 255 0 0
-0.042440 -0.021287 0.534628 255 0 0
-0.042440 -0.021287 0.545143 255 0 0
-0.042024 -0.016287 0.542976 255 0 0
-0.038934 -0.018197 0.547976 255 0 0
-0.037024 -0.013197 0.544885 255 0 0
-0.030844 -0.013197 0.544885 255 0 0
-0.033934 -0.011287 0.539885 255 0 0
-0.030844 -0.013197 0.534885 255 0 0
-0.037024 -0.013197 0.534885 255 0 0
-0.038934 -0.018197 0.531795 255 0 0
-0.042024 -0.016287 0.536795 255 0 0
-0.043934 -0.021287 0.539885 255 0 0
-0.028934 -0.018197 0.547976 255 0 0
-0.025844 -0.016287 0.542976 255 0 0
-0.038934 -0.024377 0.547976 255 0 0
-0.033934 -0.021287 0.549885 255 0 0
-0.042024 -0.026287 0.536795 255 0 0
-0.042024 -0.026287 0.542976 255 0 0
-0.033934 -0.021287 0.529885 255 0 0
-0.038934 -0.024377 0.531795 255 0 0
-0.025844 -0.016287 0.536795 255 0 0
-0.028934 -0.018197 0.531795 255 0 0
-0.025844 -0.026287 0.542976 255 0 0
-0.028934 -0.024377 0.547976 255 0 0
-0.030844 -0.029377 0.544885 255 0 0
-0.037024 -0.029377 0.544885 255 0 0
-0.033934 -0.031287 0.539885 255 0 0
-0.037024 -0.029377 0.534885 255 0 0
-0.030844 -0.029377 0.534885 255 0 0
-0.028934 -0.024377 0.531795 255 0 0
-0.025844 -0.026287 0.536795 255 0 0
-0.023934 -0.021287 0.539885 255 0 0
-0.043909 -0.027228 0.545714 255 0 0
-0.033394 -0.027228 0.545714 255 0 0
-0.043909 -0.044241 0.545714 255 0 0
-0.033394 -0.044241 0.545714 255 0 0
-0.038651 -0.040992 0.554221 255 0 0
-0.038651 -0.030477 0.554221 255 0 0
-0.038651 -0.040992 0.537208 255 0 0
-0.038651 -0.030477 0.537208 255 0 0
-0.030145 -0.035735 0.540457 255 0 0
-0.030145 -0.035735 0.550972 255 0 0
-0.047158 -0.035735 0.540457 255 0 0
-0.047158 -0.035735 0.550972 255 0 0
-0.046741 -0.030735 0.548805 255 0 0
-0.043651 -0.032645 0.553805 255 0 0
-0.041741 -0.027645 0.550714 255 0 0
-0.035561 -0.027645 0.550714 255 0 0
-0.038651 -0.025735 0.545714 255 0 0
-0.035561 -0.027645 0.540714 255 0 0
-0.041741 -0.027645 0.540714 255 0 0
-0.043651 -0.032645 0.537624 255 0 0
-0.046741 -0.030735 0.542624 255 0 0
-0.048651 -0.035735 0.545714 255 0 0
-0.033651 -0.032645 0.553805 255 0 0
-0.030561 -0.030735 0.548805 255 0 0
-0.043651 -0.038825 0.553805 255 0 0
-0.038651 -0.035735 0.555714 255 0 0
-0.046741 -0.040735 0.542624 255 0 0
-0.046741 -0.040735 0.548805 255 0 0
-0.038651 -0.035735 0.535714 255 0 0
-0.043651 -0.038825 0.537624 255 0 0
-0.030561 -0.030735 0.542624 255 0 0
-0.033651 -0.032645 0.537624 255 0 0
-0.030561 -0.040735 0.548805 255 0 0
-0.033651 -0.038825 0.553805 255 0 0
-0.035561 -0.043825 0.550714 255 0 0
-0.041741 -0.043825 0.550714 255 0 0
-0.038651 -0.045735 0.545714 255 0 0
-0.041741 -0.043825 0.540714 255 0 0
-0.035561 -0.043825 0.540714 255 0 0
-0.033651 -0.038825 0.537624 255 0 0
-0.030561 -0.040735 0.542624 255 0 0
-0.028651 -0.035735 0.545714 255 0 0
-0.000567 0.089156 0.462568 255 0 0
0.009948 0.089156 0.462568 255 0 0
-0.000567 0.072143 0.462568 255 0 0
0.009948 0.072143 0.462568 255 0 0
0.004691 0.075392 0.471075 255 0 0
0.004691 0.085907 0.471075 255 0 0
0.004691 0.075392 0.454062 255 0 0
0.004691 0.085907 0.454062 255 0 0
0.013197 0.080650 0.457311 255 0 0
0.013197 0.080650 0.467825 255 0 0
-0.003816 0.080650 0.457311 255 0 0
-0.003816 0.080650 0.467825 255 0 0
-0.003399 0.085650 0.465658 255 0 0
-0.000309 0.083740 0.470658 255 0 0
0.001601 0.088740 0.467568 255 0 0
0.007781 0.088740 0.467568 255 0 0
0.004691 0.090650 0.462568 255 0 0
0.007781 0.088740 0.457568 255 0 0
0.001601 0.088740 0.457568 255 0 0
-0.000309 0.083740 0.454478 255 0 0
-0.003399 0.085650 0.459478 255 0 0
-0.005309 0.080650 0.462568 255 0 0
0.009691 0.083740 0.470658 255 0 0
0.012781 0.085650 0.465658 255 0 0
-0.000309 0.077559 0.470658 255 0 0
0.004691 0.080650 0.472568 255 0 0
-0.003399 0.075650 0.459478 255 0 0
-0.003399 0.075650 0.465658 255 0 0
0.004691 0.080650 0.452568 255 0 0
-0.000309 0.077559 0.454478 255 0 0
0.012781 0.085650 0.459478 255 0 0
0.009691 0.083740 0.454478 255 0 0
0.012781 0.075650 0.465658 255 0 0
0.009691 0.077559 0.470658 255 0 0
0.007781 0.072559 0.467568 255 0 0
0.001601 0.072559 0.467568 255 0 0
0.004691 0.070650 0.462568 255 0 0
0.001601 0.072559 0.457568 255 0 0
0.007781 0.072559 0.457568 255 0 0
0.009691 0.077559 0.454478 255 0 0
0.012781 0.075650 0.459478 255 0 0
0.014691 0.080650 0.462568 255 0 0
0.001309 0.100725 0.462319 255 0 0
0.011824 0.100725 0.462319 255 0 0
0.001309 0.083712 0.462319 255 0 0
0.011824 0.083712 0.462319 255 0 0
0.006566 0.086961 0.470825 255 0 0
0.006566 0.097476 0.470825 255 0 0
0.006566 0.086961 0.453812 255 0 0
0.006566 0.097476 0.453812 255 0 0
0.015073 0.092219 0.457061 255 0 0
0.015073 0.092219 0.467576 255 0 0
-0.001940 0.092219 0.457061 255 0 0
-0.001940 0.092219 0.467576 255 0 0
-0.001524 0.097219 0.465409 255 0 0
0.001566 0.095309 0.470409 255 0 0
0.003476 0.100309 0.467319 255 0 0
0.009657 0.100309 0.467319 255 0 0
0.006566 0.102219 0.462319 255 0 0
0.009657 0.100309 0.457319 255 0 0
0.003476 0.100309 0.457319 255 0 0
0.001566 0.095309 0.454228 255 0 0
-0.001524 0.097219 0.459228 255 0 0
-0.003434 0.092219 0.462319 255 0 0
0.011566 0.095309 0.470409 255 0 0
0.014657 0.097219 0.465409 255 0 0
0.001566 0.089128 0.470409 255 0 0
0.006566 0.092219 0.472319 255 0 0
-0.001524 0.087219 0.459228 255 0 0
-0.001524 0.087219 0.465409 255 0 0
0.006566 0.092219 0.452319 255 0 0
0.001566 0.089128 0.454228 255 0 0
0.014657 0.097219 0.459228 255 0 0
0.011566 0.095309 0.454228 255 0 0
0.014657 0.087219 0.465409 255 0 0
0.011566 0.089128 0.470409 255 0 0
0.009657 0.084128 0.467319 255 0 0
0.003476 0.084128 0.467319 255 0 0
0.006566 0.082219 0.462319 255 0 0
0.003476 0.084128 0.457319 255 0 0
0.009657 0.084128 0.457319 255 0 0
0.011566 0.089128 0.454228 255 0 0
0.014657 0.087219 0.459228 255 0 0
0.016566 0.092219 0.462319 255 0 0
-0.001952 0.012020 0.485762 255 0 0
0.008563 0.012020 0.485762 255 0 0
-0.001952 -0.004993 0.485762 255 0 0
0.008563 -0.004993 0.485762 255 0 0
0.003306 -0.001744 0.494269 255 0 0
0.003306 0.008771 0.494269 255 0 0
0.003306 -0.001744 0.477256 255 0 0
0.003306 0.008771 0.477256 255 0 0
0.011812 0.003513 0.480505 255 0 0
0.011812 0.003513 0.491020 255 0 0
-0.005201 0.003513 0.480505 255 0 0
-0.005201 0.003513 0.491020 255 0 0
-0.004784 0.008513 0.488853 255 0 0
-0.001694 0.006604 0.493852 255 0 0
0.000216 0.011604 0.490762 255 0 0
0.006396 0.011604 0.490762 255 0 0
0.003306 0.013513 0.485762 255 0 0
0.006396 0.011604 0.480762 255 0 0
0.000216 0.011604 0.480762 255 0 0
-0.001694 0.006604 0.477672 255 0 0
-0.004784 0.008513 0.482672 255 0 0
-0.006694 0.003513 0.485762 255 0 0
0.008306 0.006604 0.493852 255 0 0
0.011396 0.008513 0.488853 255 0 0
-0.001694 0.000423 0.493852 255 0 0
0.003306 0.003513 0.495762 255 0 0
-0.004784 -0.001487 0.482672 255 0 0
-0.004784 -0.001487 0.488853 255 0 0
0.003306 0.003513 0.475762 255 0 0
-0.001694 0.000423 0.477672 255 0 0
0.011396 0.008513 0.482672 255 0 0
0.008306 0.006604 0.477672 255 0 0
0.011396 -0.001487 0.488853 255 0 0
0.008306 0.000423 0.493852 255 0 0
0.006396 -0.004577 0.490762 255 0 0
0.000216 -0.004577 0.490762 255 0 0
0.003306 -0.006487 0.485762 255 0 0
0.000216 -0.004577 0.480762 255 0 0
0.006396 -0.004577 0.480762 255 0 0
0.008306 0.000423 0.477672 255 0 0
0.011396 -0.001487 0.482672 255 0 0
0.013306 0.003513 0.485762 255 0 0
-0.012126 0.003238 0.495270 255 0 0
-0.001612 0.003238 0.495270 255 0 0
-0.012126 -0.013775 0.495270 255 0 0
-0.001612 -0.013775 0.495270 255 0 0
-0.006869 -0.010526 0.503776 255 0 0
-0.006869 -0.000012 0.503776 255 0 0
-0.006869 -0.010526 0.486763 255 0 0
-0.006869 -0.000012 0.486763 255 0 0
0.001637 -0.005269 0.490012 255 0 0
0.001637 -0.005269 0.500527 255 0 0
-0.015376 -0.005269 0.490012 255 0 0
-0.015376 -0.005269 0.500527 255 0 0
-0.014959 -0.000269 0.498360 255 0 0
-0.011869 -0.002179 0.503360 255 0 0
-0.009959 0.002821 0.500270 255 0 0
-0.003779 0.002821 0.500270 255 0 0
-0.006869 0.004731 0.495270 255 0 0
-0.003779 0.002821 0.490270 255 0 0
-0.009959 0.002821 0.490270 255 0 0
-0.011869 -0.002179 0.487180 255 0 0
-0.014959 -0.000269 0.492180 255 0 0
-0.016869 -0.005269 0.495270 255 0 0
-0.001869 -0.002179 0.503360 255 0 0
0.001221 -0.000269 0.498360 255 0 0
-0.011869 -0.008359 0.503360 255 0 0
-0.006869 -0.005269 0.505270 255 0 0
-0.014959 -0.010269 0.492180 255 0 0
-0.014959 -0.010269 0.498360 255 0 0
-0.006869 -0.005269 0.485270 255 0 0
-0.011869 -0.008359 0.487180 255 0 0
0.001221 -0.000269 0.492180 255 0 0
-0.001869 -0.002179 0.487180 255 0 0
0.001221 -0.010269 0.498360 255 0 0
-0.001869 -0.008359 0.503360 255 0 0
-0.003779 -0.013359 0.500270 255 0 0
-0.009959 -0.013359 0.500270 255 0 0
-0.006869 -0.015269 0.495270 255 0 0
-0.009959 -0.013359 0.490270 255 0 0
-0.003779 -0.013359 0.490270 255 0 0
-0.001869 -0.008359 0.487180 255 0 0
0.001221 -0.010269 0.492180 255 0 0
0.003131 -0.005269 0.495270 255 0 0
0.004676 -0.083339 0.487306 255 0 0
0.015190 -0.083339 0.487306 255 0 0
0.004676 -0.100352 0.487306 255 0 0
0.015190 -0.100352 0.487306 255 0 0
0.009933 -0.097103 0.495812 255 0 0
0.009933 -0.086588 0.495812 255 0 0
0.009933 -0.097103 0.478799 255 0 0
0.009933 -0.086588 0.478799 255 0 0
0.018439 -0.091845 0.482048 255 0 0
0.018439 -0.091845 0.492563 255 0 0
0.001426 -0.091845 0.482048 255 0 0
0.001426 -0.091845 0.492563 255 0 0
0.001843 -0.086845 0.490396 255 0 0
0.004933 -0.088755 0.495396 255 0 0
0.006843 -0.083755 0.492306 255 0 0
0.013023 -0.083755 0.492306 255 0 0
0.009933 -0.081845 0.487306 255 0 0
0.013023 -0.083755 0.482306 255 0 0
0.006843 -0.083755 0.482306 255 0 0
0.004933 -0.088755 0.479215 255 0 0
0.001843 -0.086845 0.484215 255 0 0
-0.000067 -0.091845 0.487306 255 0 0
0.014933 -0.088755 0.495396 255 0 0
0.018023 -0.086845 0.490396 255 0 0
0.004933 -0.094935 0.495396 255 0 0
0.009933 -0.091845 0.497306 255 0 0
0.001843 -0.096845 0.484215 255 0 0
0.001843 -0.096845 0.490396 255 0 0
0.009933 -0.091845 0.477306 255 0 0
0.004933 -0.094935 0.479215 255 0 0
0.018023 -0.086845 0.484215 255 0 0
0.014933 -0.088755 0.479215 255 0 0
0.018023 -0.096845 0.490396 255 0 0
0.014933 -0.094935 0.495396 255 0 0
0.013023 -0.099935 0.492306 255 0 0
0.006843 -0.099935 0.492306 255 0 0
0.009933 -0.101845 0.487306 255 0 0
0.006843 -0.099935 0.482306 255 0 0
0.013023 -0.099935 0.482306 255 0 0
0.014933 -0.094935 0.479215 255 0 0
0.018023 -0.096845 0.484215 255 0 0
0.019933 -0.091845 0.487306 255 0 0
-0.000305 -0.072593 0.496310 255 0 0
0.010210 -0.072593 0.496310 255 0 0
-0.000305 -0.089606 0.496310 255 0 0
0.010210 -0.089606 0.496310 255 0 0
0.004952 -0.086356 0.504817 255 0 0
0.004952 -0.075842 0.504817 255 0 0
0.004952 -0.086356 0.487804 255 0 0
0.004952 -0.075842 0.487804 255 0 0
0.013459 -0.081099 0.491053 255 0 0
0.013459 -0.081099 0.501567 255 0 0
-0.003554 -0.081099 0.491053 255 0 0
-0.003554 -0.081099 0.501567 255 0 0
-0.003138 -0.076099 0.499400 255 0 0
-0.000048 -0.078009 0.504400 255 0 0
0.001862 -0.073009 0.501310 255 0 0
0.008042 -0.073009 0.501310 255 0 0
0.004952 -0.071099 0.496310 255 0 0
0.008042 -0.073009 0.491310 255 0 0
0.001862 -0.073009 0.491310 255 0 0
-0.000048 -0.078009 0.488220 255 0 0
-0.003138 -0.076099 0.493220 255 0 0
-0.005048 -0.081099 0.496310 255 0 0
0.009952 -0.078009 0.504400 255 0 0
0.013042 -0.076099 0.499400 255 0 0
-0.000048 -0.084189 0.504400 255 0 0
0.004952 -0.081099 0.506310 255 0 0
-0.003138 -0.086099 0.493220 255 0 0
-0.003138 -0.086099 0.499400 255 0 0
0.004952 -0.081099 0.486310 255 0 0
-0.000048 -0.084189 0.488220 255 0 0
0.013042 -0.076099 0.493220 255 0 0
0.009952 -0.078009 0.488220 255 0 0
0.013042 -0.086099 0.499400 255 0 0
0.009952 -0.084189 0.504400 255 0 0
0.008042 -0.089189 0.501310 255 0 0
0.001862 -0.089189 0.501310 255 0 0
0.004952 -0.091099 0.496310 255 0 0
0.001862 -0.089189 0.491310 255 0 0
0.008042 -0.089189 0.491310 255 0 0
0.009952 -0.084189 0.488220 255 0 0
0.013042 -0.086099 0.493220 255 0 0
0.014952 -0.081099 0.496310 255 0 0
-0.011977 0.120006 0.485750 255 0 0
-0.001462 0.120006 0.485750 255 0 0
-0.011977 0.102993 0.485750 255 0 0
-0.001462 0.102993 0.485750 255 0 0
-0.006720 0.106242 0.494257 255 0 0
-0.006720 0.116757 0.494257 255 0 0
-0.006720 0.106242 0.477244 255 0 0
-0.006720 0.116757 0.477244 255 0 0
0.001787 0.111499 0.480493 255 0 0
0.001787 0.111499 0.491007 255 0 0
-0.015226 0.111499 0.480493 255 0 0
-0.015226 0.111499 0.491007 255 0 0
-0.014810 0.116499 0.488840 255 0 0
-0.011720 0.114590 0.493840 255 0 0
-0.009810 0.119590 0.490750 255 0 0
-0.003629 0.119590 0.490750 255 0 0
-0.006720 0.121499 0.485750 255 0 0
-0.003629 0.119590 0.480750 255 0 0
-0.009810 0.119590 0.480750 255 0 0
-0.011720 0.114590 0.477660 255 0 0
-0.014810 0.116499 0.482660 255 0 0
-0.016720 0.111499 0.485750 255 0 0
-0.001720 0.114590 0.493840 255 0 0
0.001371 0.116499 0.488840 255 0 0
-0.011720 0.108409 0.493840 255 0 0
-0.006720 0.111499 0.495750 255 0 0
-0.014810 0.106499 0.482660 255 0 0
-0.014810 0.106499 0.488840 255 0 0
-0.006720 0.111499 0.475750 255 0 0
-0.011720 0.108409 0.477660 255 0 0
0.001371 0.116499 0.482660 255 0 0
-0.001720 0.114590 0.477660 255 0 0
0.001371 0.106499 0.488840 255 0 0
-0.001720 0.108409 0.493840 255 0 0
-0.003629 0.103409 0.490750 255 0 0
-0.009810 0.103409 0.490750 255 0 0
-0.006720 0.101499 0.485750 255 0 0
-0.009810 0.103409 0.480750 255 0 0
-0.003629 0.103409 0.480750 255 0 0
-0.001720 0.108409 0.477660 255 0 0
0.001371 0.106499 0.482660 255 0 0
0.003280 0.111499 0.485750 255 0 0
-0.016611 0.110811 0.487451 255 0 0
-0.006096 0.110811 0.487451 255 0 0
-0.016611 0.093798 0.487451 255 0 0
-0.006096 0.093798 0.487451 255 0 0
-0.011354 0.097047 0.495957 255 0 0
-0.011354 0.107562 0.495957 255 0 0
-0.011354 0.097047 0.478944 255 0 0
-0.011354 0.107562 0.478944 255 0 0
-0.002847 0.102304 0.482194 255 0 0
-0.002847 0.102304 0.492708 255 0 0
-0.019860 0.102304 0.482194 255 0 0
-0.019860 0.102304 0.492708 255 0 0
-0.019444 0.107304 0.490541 255 0 0
-0.016354 0.105394 0.495541 255 0 0
-0.014444 0.110394 0.492451 255 0 0
-0.008264 0.110394 0.492451 255 0 0
-0.011354 0.112304 0.487451 255 0 0
-0.008264 0.110394 0.482451 255 0 0
-0.014444 0.110394 0.482451 255 0 0
-0.016354 0.105394 0.479361 255 0 0
-0.019444 0.107304 0.484361 255 0 0
-0.021354 0.102304 0.487451 255 0 0
-0.006354 0.105394 0.495541 255 0 0
-0.003264 0.107304 0.490541 255 0 0
-0.016354 0.099214 0.495541 255 0 0
-0.011354 0.102304 0.497451 255 0 0
-0.019444 0.097304 0.484361 255 0 0
-0.019444 0.097304 0.490541 255 0 0
-0.011354 0.102304 0.477451 255 0 0
-0.016354 0.099214 0.479361 255 0 0
-0.003264 0.107304 0.484361 255 0 0
-0.006354 0.105394 0.479361 255 0 0
-0.003264 0.097304 0.490541 255 0 0
-0.006354 0.099214 0.495541 255 0 0
-0.008264 0.094214 0.492451 255 0 0
-0.014444 0.094214 0.492451 255 0 0
-0.011354 0.092304 0.487451 255 0 0
-0.014444 0.094214 0.482451 255 0 0
-0.008264 0.094214 0.482451 255 0 0
-0.006354 0.099214 0.479361 255 0 0
-0.003264 0.097304 0.484361 255 0 0
-0.001354 0.102304 0.487451 255 0 0
0.002884 0.055812 0.463882 255 0 0
0.013398 0.055812 0.463882 255 0 0
0.002884 0.038799 0.463882 255 0 0
0.013398 0.038799 0.463882 255 0 0
0.008141 0.042048 0.472388 255 0 0
0.008141 0.052563 0.472388 255 0 0
0.008141 0.042048 0.455375 255 0 0
0.008141 0.052563 0.455375 255 0 0
0.016647 0.047305 0.458624 255 0 0
0.016647 0.047305 0.469139 255 0 0
-0.000366 0.047305 0.458624 255 0 0
-0.000366 0.047305 0.469139 255 0 0
0.000051 0.052305 0.466972 255 0 0
0.003141 0.050395 0.471972 255 0 0
0.005051 0.055395 0.468882 255 0 0
0.011231 0.055395 0.468882 255 0 0
0.008141 0.057305 0.463882 255 0 0
0.011231 0.055395 0.458882 255 0 0
0.005051 0.055395 0.458882 255 0 0
0.003141 0.050395 0.455792 255 0 0
0.000051 0.052305 0.460791 255 0 0
-0.001859 0.047305 0.463882 255 0 0
0.013141 0.050395 0.471972 255 0 0
0.016231 0.052305 0.466972 255 0 0
0.003141 0.044215 0.471972 255 0 0
0.008141 0.047305 0.473882 255 0 0
0.000051 0.042305 0.460791 255 0 0
0.000051 0.042305 0.466972 255 0 0
0.008141 0.047305 0.453882 255 0 0
0.003141 0.044215 0.455792 255 0 0
0.016231 0.052305 0.460791 255 0 0
0.013141 0.050395 0.455792 255 0 0
0.016231 0.042305 0.466972 255 0 0
0.013141 0.044215 0.471972 255 0 0
0.011231 0.039215 0.468882 255 0 0
0.005051 0.039215 0.468882 255 0 0
0.008141 0.037305 0.463882 255 0 0
0.005051 0.039215 0.458882 255 0 0
0.011231 0.039215 0.458882 255 0 0
0.013141 0.044215 0.455792 255 0 0
0.016231 0.042305 0.460791 255 0 0
0.018141 0.047305 0.463882 255 0 0
0.015386 -0.098265 0.474178 255 0 0
0.025901 -0.098265 0.474178 255 0 0
0.015386 -0.115278 0.474178 255 0 0
0.025901 -0.115278 0.474178 255 0 0
0.020643 -0.112029 0.482685 255 0 0
0.020643 -0.101514 0.482685 255 0 0
0.020643 -0.112029 0.465672 255 0 0
0.020643 -0.101514 0.465672 255 0 0
0.029150 -0.106771 0.468921 255 0 0
0.029150 -0.106771 0.479436 255 0 0
0.012137 -0.106771 0.468921 255 0 0
0.012137 -0.106771 0.479436 255 0 0
0.012553 -0.101771 0.477269 255 0 0
0.015643 -0.103681 0.482269 255 0 0
0.017553 -0.098681 0.479178 255 0 0
0.023734 -0.098681 0.479178 255 0 0
0.020643 -0.096771 0.474178 255 0 0
0.023734 -0.098681 0.469178 255 0 0
0.017553 -0.098681 0.469178 255 0 0
0.015643 -0.103681 0.466088 255 0 0
0.012553 -0.101771 0.471088 255 0 0
0.010643 -0.106771 0.474178 255 0 0
0.025643 -0.103681 0.482269 255 0 0
0.028734 -0.101771 0.477269 255 0 0
0.015643 -0.109862 0.482269 255 0 0
0.020643 -0.106771 0.484178 255 0 0
0.012553 -0.111771 0.471088 255 0 0
0.012553 -0.111771 0.477269 255 0 0
0.020643 -0.106771 0.464178 255 0 0
0.015643 -0.109862 0.466088 255 0 0
0.028734 -0.101771 0.471088 255 0 0
0.025643 -0.103681 0.466088 255 0 0
0.028734 -0.111771 0.477269 255 0 0
0.025643 -0.109862 0.482269 255 0 0
0.023734 -0.114862 0.479178 255 0 0
0.017553 -0.114862 0.479178 255 0 0
0.020643 -0.116771 0.474178 255 0 0
0.017553 -0.114862 0.469178 255 0 0
0.023734 -0.114862 0.469178 255 0 0
0.025643 -0.109862 0.466088 255 0 0
0.028734 -0.111771 0.471088 255 0 0
0.030643 -0.106771 0.474178 255 0 0
0.003253 0.027450 0.487031 255 0 0
0.013768 0.027450 0.487031 255 0 0
0.003253 0.010437 0.487031 255 0 0
0.013768 0.010437 0.487031 255 0 0
0.008511 0.013686 0.495538 255 0 0
0.008511 0.024201 0.495538 255 0 0
0.008511 0.013686 0.478525 255 0 0
0.008511 0.024201 0.478525 255 0 0
0.017017 0.018944 0.481774 255 0 0
0.017017 0.018944 0.492288 255 0 0
0.000004 0.018944 0.481774 255 0 0
0.000004 0.018944 0.492288 255 0 0
0.000420 0.023944 0.490121 255 0 0
0.003511 0.022034 0.495121 255 0 0
0.005420 0.027034 0.492031 255 0 0
0.011601 0.027034 0.492031 255 0 0
0.008511 0.028944 0.487031 255 0 0
0.011601 0.027034 0.482031 255 0 0
0.005420 0.027034 0.482031 255 0 0
0.003511 0.022034 0.478941 255 0 0
0.000420 0.023944 0.483941 255 0 0
-0.001489 0.018944 0.487031 255 0 0
0.013511 0.022034 0.495121 255 0 0
0.016601 0.023944 0.490121 255 0 0
0.003511 0.015854 0.495121 255 0 0
0.008511 0.018944 0.497031 255 0 0
0.000420 0.013944 0.483941 255 0 0
0.000420 0.013944 0.490121 255 0 0
0.008511 0.018944 0.477031 255 0 0
0.003511 0.015854 0.478941 255 0 0
0.016601 0.023944 0.483941 255 0 0
0.013511 0.022034 0.478941 255 0 0
0.016601 0.013944 0.490121 255 0 0
0.013511 0.015854 0.495121 255 0 0
0.011601 0.010854 0.492031 255 0 0
0.005420 0.010854 0.492031 255 0 0
0.008511 0.008944 0.487031 255 0 0
0.005420 0.010854 0.482031 255 0 0
0.011601 0.010854 0.482031 255 0 0
0.013511 0.015854 0.478941 255 0 0
0.016601 0.013944 0.483941 255 0 0
0.018511 0.018944 0.487031 255 0 0
-0.004662 0.019680 0.491681 255 0 0
0.005853 0.019680 0.491681 255 0 0
-0.004662 0.002667 0.491681 255 0 0
0.005853 0.002667 0.491681 255 0 0
0.000596 0.005916 0.500188 255 0 0
0.000596 0.016431 0.500188 255 0 0
0.000596 0.005916 0.483175 255 0 0
0.000596 0.016431 0.483175 255 0 0
0.009102 0.011174 0.486424 255 0 0
0.009102 0.011174 0.496939 255 0 0
-0.007911 0.011174 0.486424 255 0 0
-0.007911 0.011174 0.496939 255 0 0
-0.007495 0.016174 0.494772 255 0 0
-0.004404 0.014264 0.499772 255 0 0
-0.002495 0.019264 0.496681 255 0 0
0.003686 0.019264 0.496681 255 0 0
0.000596 0.021174 0.491681 255 0 0
0.003686 0.019264 0.486681 255 0 0
-0.002495 0.019264 0.486681 255 0 0
-0.004404 0.014264 0.483591 255 0 0
-0.007495 0.016174 0.488591 255 0 0
-0.009404 0.011174 0.491681 255 0 0
0.005596 0.014264 0.499772 255 0 0
0.008686 0.016174 0.494772 255 0 0
-0.004404 0.008083 0.499772 255 0 0
0.000596 0.011174 0.501681 255 0 0
-0.007495 0.006174 0.488591 255 0 0
-0.007495 0.006174 0.494772 255 0 0
0.000596 0.011174 0.481681 255 0 0
-0.004404 0.008083 0.483591 255 0 0
0.008686 0.016174 0.488591 255 0 0
0.005596 0.014264 0.483591 255 0 0
0.008686 0.006174 0.494772 255 0 0
0.005596 0.008083 0.499772 255 0 0
0.003686 0.003083 0.496681 255 0 0
-0.002495 0.003083 0.496681 255 0 0
0.000596 0.001174 0.491681 255 0 0
-0.002495 0.003083 0.486681 255 0 0
0.003686 0.003083 0.486681 255 0 0
0.005596 0.008083 0.483591 255 0 0
0.008686 0.006174 0.488591 255 0 0
0.010596 0.011174 0.491681 255 0 0
0.014949 -0.069853 0.490756 255 0 0
0.025464 -0.069853 0.490756 255 0 0
0.014949 -0.086866 0.490756 255 0 0
0.025464 -0.086866 0.490756 255 0 0
0.020207 -0.083617 0.499263 255 0 0
0.020207 -0.073102 0.499263 255 0 0
0.020207 -0.083617 0.482250 255 0 0
0.020207 -0.073102 0.482250 255 0 0
0.028713 -0.078359 0.485499 255 0 0
0.028713 -0.078359 0.496014 255 0 0
0.011700 -0.078359 0.485499 255 0 0
0.011700 -0.078359 0.496014 255 0 0
0.012116 -0.073359 0.493846 255 0 0
0.015207 -0.075269 0.498846 255 0 0
0.017116 -0.070269 0.495756 255 0 0
0.023297 -0.070269 0.495756 255 0 0
0.020207 -0.068359 0.490756 255 0 0
0.023297 -0.070269 0.485756 255 0 0
0.017116 -0.070269 0.485756 255 0 0
0.015207 -0.075269 0.482666 255 0 0
0.012116 -0.073359 0.487666 255 0 0
0.010207 -0.078359 0.490756 255 0 0
0.025207 -0.075269 0.498846 255 0 0
0.028297 -0.073359 0.493846 255 0 0
0.015207 -0.081450 0.498846 255 0 0
0.020207 -0.078359 0.500756 255 0 0
0.012116 -0.083359 0.487666 255 0 0
0.012116 -0.083359 0.493846 255 0 0
0.020207 -0.078359 0.480756 255 0 0
0.015207 -0.081450 0.482666 255 0 0
0.028297 -0.073359 0.487666 255 0 0
0.025207 -0.075269 0.482666 255 0 0
0.028297 -0.083359 0.493846 255 0 0
0.025207 -0.081450 0.498846 255 0 0
0.023297 -0.086450 0.495756 255 0 0
0.017116 -0.086450 0.495756 255 0 0
0.020207 -0.088359 0.490756 255 0 0
0.017116 -0.086450 0.485756 255 0 0
0.023297 -0.086450 0.485756 255 0 0
0.025207 -0.081450 0.482666 255 0 0
0.028297 -0.083359 0.487666 255 0 0
0.030207 -0.078359 0.490756 255 0 0
0.022946 -0.069386 0.484497 255 0 0
0.033461 -0.069386 0.484497 255 0 0
0.022946 -0.086399 0.484497 255 0 0
0.033461 -0.086399 0.484497 255 0 0
0.028204 -0.083150 0.493004 255 0 0
0.028204 -0.072635 0.493004 255 0 0
0.028204 -0.083150 0.475991 255 0 0
0.028204 -0.072635 0.475991 255 0 0
0.036710 -0.077893 0.479240 255 0 0
0.036710 -0.077893 0.489755 255 0 0
0.019697 -0.077893 0.479240 255 0 0
0.019697 -0.077893 0.489755 255 0 0
0.020113 -0.072893 0.487587 255 0 0
0.023204 -0.074803 0.492587 255 0 0
0.025114 -0.069803 0.489497 255 0 0
0.031294 -0.069803 0.489497 255 0 0
0.028204 -0.067893 0.484497 255 0 0
0.031294 -0.069803 0.479497 255 0 0
0.025114 -0.069803 0.479497 255 0 0
0.023204 -0.074803 0.476407 255 0 0
0.020113 -0.072893 0.481407 255 0 0
0.018204 -0.077893 0.484497 255 0 0
0.033204 -0.074803 0.492587 255 0 0
0.036294 -0.072893 0.487587 255 0 0
0.023204 -0.080983 0.492587 255 0 0
0.028204 -0.077893 0.494497 255 0 0
0.020113 -0.082893 0.481407 255 0 0
0.020113 -0.082893 0.487587 255 0 0
0.028204 -0.077893 0.474497 255 0 0
0.023204 -0.080983 0.476407 255 0 0
0.036294 -0.072893 0.481407 255 0 0
0.033204 -0.074803 0.476407 255 0 0
0.036294 -0.082893 0.487587 255 0 0
0.033204 -0.080983 0.492587 255 0 0
0.031294 -0.085983 0.489497 255 0 0
0.025114 -0.085983 0.489497 255 0 0
0.028204 -0.087893 0.484497 255 0 0
0.025114 -0.085983 0.479497 255 0 0
0.031294 -0.085983 0.479497 255 0 0
0.033204 -0.080983 0.476407 255 0 0
0.036294 -0.082893 0.481407 255 0 0
0.038204 -0.077893 0.484497 255 0 0
-0.005931 0.045683 0.486077 255 0 0
0.004584 0.045683 0.486077 255 0 0
-0.005931 0.028670 0.486077 255 0 0
0.004584 0.028670 0.486077 255 0 0
-0.000674 0.031919 0.494583 255 0 0
-0.000674 0.042434 0.494583 255 0 0
-0.000674 0.031919 0.477570 255 0 0
-0.000674 0.042434 0.477570 255 0 0
0.007833 0.037177 0.480820 255 0 0
0.007833 0.037177 0.491334 255 0 0
-0.009180 0.037177 0.480820 255 0 0
-0.009180 0.037177 0.491334 255 0 0
-0.008764 0.042177 0.489167 255 0 0
-0.005674 0.040267 0.494167 255 0 0
-0.003764 0.045267 0.491077 255 0 0
0.002417 0.045267 0.491077 255 0 0
-0.000674 0.047177 0.486077 255 0 0
0.002417 0.045267 0.481077 255 0 0
-0.003764 0.045267 0.481077 255 0 0
-0.005674 0.040267 0.477987 255 0 0
-0.008764 0.042177 0.482987 255 0 0
-0.010674 0.037177 0.486077 255 0 0
0.004326 0.040267 0.494167 255 0 0
0.007417 0.042177 0.489167 255 0 0
-0.005674 0.034086 0.494167 255 0 0
-0.000674 0.037177 0.496077 255 0 0
-0.008764 0.032177 0.482987 255 0 0
-0.008764 0.032177 0.489167 255 0 0
-0.000674 0.037177 0.476077 255 0 0
-0.005674 0.034086 0.477987 255 0 0
0.007417 0.042177 0.482987 255 0 0
0.004326 0.040267 0.477987 255 0 0
0.007417 0.032177 0.489167 255 0 0
0.004326 0.034086 0.494167 255 0 0
0.002417 0.029086 0.491077 255 0 0
-0.003764 0.029086 0.491077 255 0 0
-0.000674 0.027177 0.486077 255 0 0
-0.003764 0.029086 0.481077 255 0 0
0.002417 0.029086 0.481077 255 0 0
0.004326 0.034086 0.477987 255 0 0
0.007417 0.032177 0.482987 255 0 0
0.009326 0.037177 0.486077 255 0 0
-0.010280 0.037522 0.493375 255 0 0
0.000234 0.037522 0.493375 255 0 0
-0.010280 0.020509 0.493375 255 0 0
0.000234 0.020509 0.493375 255 0 0
-0.005023 0.023758 0.501882 255 0 0
-0.005023 0.034273 0.501882 255 0 0
-0.005023 0.023758 0.484869 255 0 0
-0.005023 0.034273 0.484869 255 0 0
0.003483 0.029015 0.488118 255 0 0
0.003483 0.029015 0.498633 255 0 0
-0.013530 0.029015 0.488118 255 0 0
-0.013530 0.029015 0.498633 255 0 0
-0.013113 0.034015 0.496466 255 0 0
-0.010023 0.032105 0.501466 255 0 0
-0.008113 0.037105 0.498375 255 0 0
-0.001933 0.037105 0.498375 255 0 0
-0.005023 0.039015 0.493375 255 0 0
-0.001933 0.037105 0.488375 255 0 0
-0.008113 0.037105 0.488375 255 0 0
-0.010023 0.032105 0.485285 255 0 0
-0.013113 0.034015 0.490285 255 0 0
-0.015023 0.029015 0.493375 255 0 0
-0.000023 0.032105 0.501466 255 0 0
0.003067 0.034015 0.496466 255 0 0
-0.010023 0.025925 0.501466 255 0 0
-0.005023 0.029015 0.503375 255 0 0
-0.013113 0.024015 0.490285 255 0 0
-0.013113 0.024015 0.496466 255 0 0
-0.005023 0.029015 0.483375 255 0 0
-0.010023 0.025925 0.485285 255 0 0
0.003067 0.034015 0.490285 255 0 0
-0.000023 0.032105 0.485285 255 0 0
0.003067 0.024015 0.496466 255 0 0
-0.000023 0.025925 0.501466 255 0 0
-0.001933 0.020925 0.498375 255 0 0
-0.008113 0.020925 0.498375 255 0 0
-0.005023 0.019015 0.493375 255 0 0
-0.008113 0.020925 0.488375 255 0 0
-0.001933 0.020925 0.488375 255 0 0
-0.000023 0.025925 0.485285 255 0 0
0.003067 0.024015 0.490285 255 0 0
0.004977 0.029015 0.493375 255 0 0
-0.023641 -0.074210 0.515117 255 0 0
-0.013126 -0.074210 0.515117 255 0 0
-0.023641 -0.091223 0.515117 255 0 0
-0.013126 -0.091223 0.515117 255 0 0
-0.018384 -0.087973 0.523624 255 0 0
-0.018384 -0.077459 0.523624 255 0 0
-0.018384 -0.087973 0.506611 255 0 0
-0.018384 -0.077459 0.506611 255 0 0
-0.009877 -0.082716 0.509860 255 0 0
-0.009877 -0.082716 0.520375 255 0 0
-0.026890 -0.082716 0.509860 255 0 0
-0.026890 -0.082716 0.520375 255 0 0
-0.026474 -0.077716 0.518207 255 0 0
-0.023384 -0.079626 0.523207 255 0 0
-0.021474 -0.074626 0.520117 255 0 0
-0.015294 -0.074626 0.520117 255 0 0
-0.018384 -0.072716 0.515117 255 0 0
-0.015294 -0.074626 0.510117 255 0 0
-0.021474 -0.074626 0.510117 255 0 0
-0.023384 -0.079626 0.507027 255 0 0
-0.026474 -0.077716 0.512027 255 0 0
-0.028384 -0.082716 0.515117 255 0 0
-0.013384 -0.079626 0.523207 255 0 0
-0.010294 -0.077716 0.518207 255 0 0
-0.023384 -0.085806 0.523207 255 0 0
-0.018384 -0.082716 0.525117 255 0 0
-0.026474 -0.087716 0.512027 255 0 0
-0.026474 -0.087716 0.518207 255 0 0
-0.018384 -0.082716 0.505117 255 0 0
-0.023384 -0.085806 0.507027 255 0 0
-0.010294 -0.077716 0.512027 255 0 0
-0.013384 -0.079626 0.507027 255 0 0
-0.010294 -0.087716 0.518207 255 0 0
-0.013384 -0.085806 0.523207 255 0 0
-0.015294 -0.090806 0.520117 255 0 0
-0.021474 -0.090806 0.520117 255 0 0
-0.018384 -0.092716 0.515117 255 0 0
-0.021474 -0.090806 0.510117 255 0 0
-0.015294 -0.090806 0.510117 255 0 0
-0.013384 -0.085806 0.507027 255 0 0
-0.010294 -0.087716 0.512027 255 0 0
-0.008384 -0.082716 0.515117 255 0 0
-0.021706 -0.063228 0.517213 255 0 0
-0.011191 -0.063228 0.517213 255 0 0
-0.021706 -0.080241 0.517213 255 0 0
-0.011191 -0.080241 0.517213 255 0 0
-0.016449 -0.076992 0.525720 255 0 0
-0.016449 -0.066477 0.525720 255 0 0
-0.016449 -0.076992 0.508707 255 0 0
-0.016449 -0.066477 0.508707 255 0 0
-0.007942 -0.071735 0.511956 255 0 0
-0.007942 -0.071735 0.522470 255 0 0
-0.024955 -0.071735 0.511956 255 0 0
-0.024955 -0.071735 0.522470 255 0 0
-0.024539 -0.066735 0.520303 255 0 0
-0.021449 -0.068645 0.525303 255 0 0
-0.019539 -0.063645 0.522213 255 0 0
-0.013358 -0.063645 0.522213 255 0 0
-0.016449 -0.061735 0.517213 255 0 0
-0.013358 -0.063645 0.512213 255 0 0
-0.019539 -0.063645 0.512213 255 0 0
-0.021449 -0.068645 0.509123 255 0 0
-0.024539 -0.066735 0.514123 255 0 0
-0.026449 -0.071735 0.517213 255 0 0
-0.011449 -0.068645 0.525303 255 0 0
-0.008358 -0.066735 0.520303 255 0 0
-0.021449 -0.074825 0.525303 255 0 0
-0.016449 -0.071735 0.527213 255 0 0
-0.024539 -0.076735 0.514123 255 0 0
-0.024539 -0.076735 0.520303 255 0 0
-0.016449 -0.071735 0.507213 255 0 0
-0.021449 -0.074825 0.509123 255 0 0
-0.008358 -0.066735 0.514123 255 0 0
-0.011449 -0.068645 0.509123 255 0 0
-0.008358 -0.076735 0.520303 255 0 0
-0.011449 -0.074825 0.525303 255 0 0
-0.013358 -0.079825 0.522213 255 0 0
-0.019539 -0.079825 0.522213 255 0 0
-0.016449 -0.081735 0.517213 255 0 0
-0.019539 -0.079825 0.512213 255 0 0
-0.013358 -0.079825 0.512213 255 0 0
-0.011449 -0.074825 0.509123 255 0 0
-0.008358 -0.076735 0.514123 255 0 0
-0.006449 -0.071735 0.517213 255 0 0
-0.020492 -0.092896 0.496840 255 0 0
-0.009978 -0.092896 0.496840 255 0 0
-0.020492 -0.109909 0.496840 255 0 0
-0.009978 -0.109909 0.496840 255 0 0
-0.015235 -0.106660 0.505346 255 0 0
-0.015235 -0.096145 0.505346 255 0 0
-0.015235 -0.106660 0.488333 255 0 0
-0.015235 -0.096145 0.488333 255 0 0
-0.006729 -0.101403 0.491583 255 0 0
-0.006729 -0.101403 0.502097 255 0 0
-0.023742 -0.101403 0.491583 255 0 0
-0.023742 -0.101403 0.502097 255 0 0
-0.023325 -0.096403 0.499930 255 0 0
-0.020235 -0.098313 0.504930 255 0 0
-0.018325 -0.093313 0.501840 255 0 0
-0.012145 -0.093313 0.501840 255 0 0
-0.015235 -0.091403 0.496840 255 0 0
-0.012145 -0.093313 0.491840 255 0 0
-0.018325 -0.093313 0.491840 255 0 0
-0.020235 -0.098313 0.488750 255 0 0
-0.023325 -0.096403 0.493750 255 0 0
-0.025235 -0.101403 0.496840 255 0 0
-0.010235 -0.098313 0.504930 255 0 0
-0.007145 -0.096403 0.499930 255 0 0
-0.020235 -0.104493 0.504930 255 0 0
-0.015235 -0.101403 0.506840 255 0 0
-0.023325 -0.106403 0.493750 255 0 0
-0.023325 -0.106403 0.499930 255 0 0
-0.015235 -0.101403 0.486840 255 0 0
-0.020235 -0.104493 0.488750 255 0 0
-0.007145 -0.096403 0.493750 255 0 0
-0.010235 -0.098313 0.488750 255 0 0
-0.007145 -0.106403 0.499930 255 0 0
-0.010235 -0.104493 0.504930 255 0 0
-0.012145 -0.109493 0.501840 255 0 0
-0.018325 -0.109493 0.501840 255 0 0
-0.015235 -0.111403 0.496840 255 0 0
-0.018325 -0.109493 0.491840 255 0 0
-0.012145 -0.109493 0.491840 255 0 0
-0.010235 -0.104493 0.488750 255 0 0
-0.007145 -0.106403 0.493750 255 0 0
-0.005235 -0.101403 0.496840 255 0 0
-0.017539 -0.098556 0.488704 255 0 0
-0.007025 -0.098556 0.488704 255 0 0
-0.017539 -0.115569 0.488704 255 0 0
-0.007025 -0.115569 0.488704 255 0 0
-0.012282 -0.112320 0.497211 255 0 0
-0.012282 -0.101806 0.497211 255 0 0
-0.012282 -0.112320 0.480197 255 0 0
-0.012282 -0.101806 0.480197 255 0 0
-0.003776 -0.107063 0.483447 255 0 0
-0.003776 -0.107063 0.493961 255 0 0
-0.020789 -0.107063 0.483447 255 0 0
-0.020789 -0.107063 0.493961 255 0 0
-0.020372 -0.102063 0.491794 255 0 0
-0.017282 -0.103973 0.496794 255 0 0
-0.015372 -0.098973 0.493704 255 0 0
-0.009192 -0.098973 0.493704 255 0 0
-0.012282 -0.097063 0.488704 255 0 0
-0.009192 -0.098973 0.483704 255 0 0
-0.015372 -0.098973 0.483704 255 0 0
-0.017282 -0.103973 0.480614 255 0 0
-0.020372 -0.102063 0.485614 255 0 0
-0.022282 -0.107063 0.488704 255 0 0
-0.007282 -0.103973 0.496794 255 0 0
-0.004192 -0.102063 0.491794 255 0 0
-0.017282 -0.110153 0.496794 255 0 0
-0.012282 -0.107063 0.498704 255 0 0
-0.020372 -0.112063 0.485614 255 0 0
-0.020372 -0.112063 0.491794 255 0 0
-0.012282 -0.107063 0.478704 255 0 0
-0.017282 -0.110153 0.480614 255 0 0
-0.004192 -0.102063 0.485614 255 0 0
-0.007282 -0.103973 0.480614 255 0 0
-0.004192 -0.112063 0.491794 255 0 0
-0.007282 -0.110153 0.496794 255 0 0
-0.009192 -0.115153 0.493704 255 0 0
-0.015372 -0.115153 0.493704 255 0 0
-0.012282 -0.117063 0.488704 255 0 0
-0.015372 -0.115153 0.483704 255 0 0
-0.009192 -0.115153 0.483704 255 0 0
-0.007282 -0.110153 0.480614 255 0 0
-0.004192 -0.112063 0.485614 255 0 0
-0.002282 -0.107063 0.488704 255 0 0
-0.027619 -0.085831 0.518960 255 0 0
-0.017104 -0.085831 0.518960 255 0 0
-0.027619 -0.102844 0.518960 255 0 0
-0.017104 -0.102844 0.518960 255 0 0
-0.022361 -0.099594 0.527467 255 0 0
-0.022361 -0.089080 0.527467 255 0 0
-0.022361 -0.099594 0.510454 255 0 0
-0.022361 -0.089080 0.510454 255 0 0
-0.013855 -0.094337 0.513703 255 0 0
-0.013855 -0.094337 0.524218 255 0 0
-0.030868 -0.094337 0.513703 255 0 0
-0.030868 -0.094337 0.524218 255 0 0
-0.030451 -0.089337 0.522050 255 0 0
-0.027361 -0.091247 0.527051 255 0 0
-0.025451 -0.086247 0.523960 255 0 0
-0.019271 -0.086247 0.523960 255 0 0
-0.022361 -0.084337 0.518960 255 0 0
-0.019271 -0.086247 0.513960 255 0 0
-0.025451 -0.086247 0.513960 255 0 0
-0.027361 -0.091247 0.510870 255 0 0
-0.030451 -0.089337 0.515870 255 0 0
-0.032361 -0.094337 0.518960 255 0 0
-0.017361 -0.091247 0.527051 255 0 0
-0.014271 -0.089337 0.522050 255 0 0
-0.027361 -0.097427 0.527051 255 0 0
-0.022361 -0.094337 0.528960 255 0 0
-0.030451 -0.099337 0.515870 255 0 0
-0.030451 -0.099337 0.522050 255 0 0
-0.022361 -0.094337 0.508960 255 0 0
-0.027361 -0.097427 0.510870 255 0 0
-0.014271 -0.089337 0.515870 255 0 0
-0.017361 -0.091247 0.510870 255 0 0
-0.014271 -0.099337 0.522050 255 0 0
-0.017361 -0.097427 0.527051 255 0 0
-0.019271 -0.102427 0.523960 255 0 0
-0.025451 -0.102427 0.523960 255 0 0
-0.022361 -0.104337 0.518960 255 0 0
-0.025451 -0.102427 0.513960 255 0 0
-0.019271 -0.102427 0.513960 255 0 0
-0.017361 -0.097427 0.510870 255 0 0
-0.014271 -0.099337 0.515870 255 0 0
-0.012361 -0.094337 0.518960 255 0 0
-0.020579 -0.054765 0.524817 255 0 0
-0.010065 -0.054765 0.524817 255 0 0
-0.020579 -0.071778 0.524817 255 0 0
-0.010065 -0.071778 0.524817 255 0 0
-0.015322 -0.068529 0.533324 255 0 0
-0.015322 -0.058014 0.533324 255 0 0
-0.015322 -0.068529 0.516311 255 0 0
-0.015322 -0.058014 0.516311 255 0 0
-0.006816 -0.063272 0.519560 255 0 0
-0.006816 -0.063272 0.530074 255 0 0
-0.023829 -0.063272 0.519560 255 0 0
-0.023829 -0.063272 0.530074 255 0 0
-0.023412 -0.058272 0.527907 255 0 0
-0.020322 -0.060182 0.532907 255 0 0
-0.018412 -0.055182 0.529817 255 0 0
-0.012232 -0.055182 0.529817 255 0 0
-0.015322 -0.053272 0.524817 255 0 0
-0.012232 -0.055182 0.519817 255 0 0
-0.018412 -0.055182 0.519817 255 0 0
-0.020322 -0.060182 0.516727 255 0 0
-0.023412 -0.058272 0.521727 255 0 0
-0.025322 -0.063272 0.524817 255 0 0
-0.010322 -0.060182 0.532907 255 0 0
-0.007232 -0.058272 0.527907 255 0 0
-0.020322 -0.066362 0.532907 255 0 0
-0.015322 -0.063272 0.534817 255 0 0
-0.023412 -0.068272 0.521727 255 0 0
-0.023412 -0.068272 0.527907 255 0 0
-0.015322 -0.063272 0.514817 255 0 0
-0.020322 -0.066362 0.516727 255 0 0
-0.007232 -0.058272 0.521727 255 0 0
-0.010322 -0.060182 0.516727 255 0 0
-0.007232 -0.068272 0.527907 255 0 0
-0.010322 -0.066362 0.532907 255 0 0
-0.012232 -0.071362 0.529817 255 0 0
-0.018412 -0.071362 0.529817 255 0 0
-0.015322 -0.073272 0.524817 255 0 0
-0.018412 -0.071362 0.519817 255 0 0
-0.012232 -0.071362 0.519817 255 0 0
-0.010322 -0.066362 0.516727 255 0 0
-0.007232 -0.068272 0.521727 255 0 0
-0.005322 -0.063272 0.524817 255 0 0
-0.057080 -0.114797 0.531167 255 0 0
-0.046566 -0.114797 0.531167 255 0 0
-0.057080 -0.131810 0.531167 255 0 0
-0.046566 -0.131810 0.531167 255 0 0
-0.051823 -0.128560 0.539674 255 0 0
-0.051823 -0.118046 0.539674 255 0 0
-0.051823 -0.128560 0.522661 255 0 0
-0.051823 -0.118046 0.522661 255 0 0
-0.043317 -0.123303 0.525910 255 0 0
-0.043317 -0.123303 0.536424 255 0 0
-0.060330 -0.123303 0.525910 255 0 0
-0.060330 -0.123303 0.536424 255 0 0
-0.059913 -0.118303 0.534257 255 0 0
-0.056823 -0.120213 0.539257 255 0 0
-0.054913 -0.115213 0.536167 255 0 0
-0.048733 -0.115213 0.536167 255 0 0
-0.051823 -0.113303 0.531167 255 0 0
-0.048733 -0.115213 0.526167 255 0 0
-0.054913 -0.115213 0.526167 255 0 0
-0.056823 -0.120213 0.523077 255 0 0
-0.059913 -0.118303 0.528077 255 0 0
-0.061823 -0.123303 0.531167 255 0 0
-0.046823 -0.120213 0.539257 255 0 0
-0.043733 -0.118303 0.534257 255 0 0
-0.056823 -0.126393 0.539257 255 0 0
-0.051823 -0.123303 0.541167 255 0 0
-0.059913 -0.128303 0.528077 255 0 0
-0.059913 -0.128303 0.534257 255 0 0
-0.051823 -0.123303 0.521167 255 0 0
-0.056823 -0.126393 0.523077 255 0 0
-0.043733 -0.118303 0.528077 255 0 0
-0.046823 -0.120213 0.523077 255 0 0
-0.043733 -0.128303 0.534257 255 0 0
-0.046823 -0.126393 0.539257 255 0 0
-0.048733 -0.131393 0.536167 255 0 0
-0.054913 -0.131393 0.536167 255 0 0
-0.051823 -0.133303 0.531167 255 0 0
-0.054913 -0.131393 0.526167 255 0 0
-0.048733 -0.131393 0.526167 255 0 0
-0.046823 -0.126393 0.523077 255 0 0
-0.043733 -0.128303 0.528077 255 0 0
-0.041823 -0.123303 0.531167 255 0 0
-0.031243 -0.053800 0.534777 255 0 0
-0.020729 -0.053800 0.534777 255 0 0
-0.031243 -0.070813 0.534777 255 0 0
-0.020729 -0.070813 0.534777 255 0 0
-0.025986 -0.067564 0.543284 255 0 0
-0.025986 -0.057049 0.543284 255 0 0
-0.025986 -0.067564 0.526271 255 0 0
-0.025986 -0.057049 0.526271 255 0 0
-0.017480 -0.062306 0.529520 255 0 0
-0.017480 -0.062306 0.540034 255 0 0
-0.034493 -0.062306 0.529520 255 0 0
-0.034493 -0.062306 0.540034 255 0 0
-0.034076 -0.057306 0.537867 255 0 0
-0.030986 -0.059216 0.542867 255 0 0
-0.029076 -0.054216 0.539777 255 0 0
-0.022896 -0.054216 0.539777 255 0 0
-0.025986 -0.052306 0.534777 255 0 0
-0.022896 -0.054216 0.529777 255 0 0
-0.029076 -0.054216 0.529777 255 0 0
-0.030986 -0.059216 0.526687 255 0 0
-0.034076 -0.057306 0.531687 255 0 0
-0.035986 -0.062306 0.534777 255 0 0
-0.020986 -0.059216 0.542867 255 0 0
-0.017896 -0.057306 0.537867 255 0 0
-0.030986 -0.065397 0.542867 255 0 0
-0.025986 -0.062306 0.544777 255 0 0
-0.034076 -0.067306 0.531687 255 0 0
-0.034076 -0.067306 0.537867 255 0 0
-0.025986 -0.062306 0.524777 255 0 0
-0.030986 -0.065397 0.526687 255 0 0
-0.017896 -0.057306 0.531687 255 0 0
-0.020986 -0.059216 0.526687 255 0 0
-0.017896 -0.067306 0.537867 255 0 0
-0.020986 -0.065397 0.542867 255 0 0
-0.022896 -0.070397 0.539777 255 0 0
-0.029076 -0.070397 0.539777 255 0 0
-0.025986 -0.072306 0.534777 255 0 0
-0.029076 -0.070397 0.529777 255 0 0
-0.022896 -0.070397 0.529777 255 0 0
-0.020986 -0.065397 0.526687 255 0 0
-0.017896 -0.067306 0.531687 255 0 0
-0.015986 -0.062306 0.534777 255 0 0
-0.069585 -0.117823 0.586055 255 0 0
-0.059071 -0.117823 0.586055 255 0 0
-0.069585 -0.134836 0.586055 255 0 0
-0.059071 -0.134836 0.586055 255 0 0
-0.064328 -0.131587 0.594562 255 0 0
-0.064328 -0.121072 0.594562 255 0 0
-0.064328 -0.131587 0.577549 255 0 0
-0.064328 -0.121072 0.577549 255 0 0
-0.055821 -0.126329 0.580798 255 0 0
-0.055821 -0.126329 0.591313 255 0 0
-0.072834 -0.126329 0.580798 255 0 0
-0.072834 -0.126329 0.591313 255 0 0
-0.072418 -0.121329 0.589145 255 0 0
-0.069328 -0.123239 0.594145 255 0 0
-0.067418 -0.118239 0.591055 255 0 0
-0.061238 -0.118239 0.591055 255 0 0
-0.064328 -0.116329 0.586055 255 0 0
-0.061238 -0.118239 0.581055 255 0 0
-0.067418 -0.118239 0.581055 255 0 0
-0.069328 -0.123239 0.577965 255 0 0
-0.072418 -0.121329 0.582965 255 0 0
-0.074328 -0.126329 0.586055 255 0 0
-0.059328 -0.123239 0.594145 255 0 0
-0.056238 -0.121329 0.589145 255 0 0
-0.069328 -0.129420 0.594145 255 0 0
-0.064328 -0.126329 0.596055 255 0 0
-0.072418 -0.131329 0.582965 255 0 0
-0.072418 -0.131329 0.589145 255 0 0
-0.064328 -0.126329 0.576055 255 0 0
-0.069328 -0.129420 0.577965 255 0 0
-0.056238 -0.121329 0.582965 255 0 0
-0.059328 -0.123239 0.577965 255 0 0
-0.056238 -0.131329 0.589145 255 0 0
-0.059328 -0.129420 0.594145 255 0 0
-0.061238 -0.134420 0.591055 255 0 0
-0.067418 -0.134420 0.591055 255 0 0
-0.064328 -0.136329 0.586055 255 0 0
-0.067418 -0.134420 0.581055 255 0 0
-0.061238 -0.134420 0.581055 255 0 0
-0.059328 -0.129420 0.577965 255 0 0
-0.056238 -0.131329 0.582965 255 0 0
-0.054328 -0.126329 0.586055 255 0 0
-0.011850 -0.046318 0.520361 255 0 0
-0.001336 -0.046318 0.520361 255 0 0
-0.011850 -0.063331 0.520361 255 0 0
-0.001336 -0.063331 0.520361 255 0 0
-0.006593 -0.060082 0.528868 255 0 0
-0.006593 -0.049567 0.528868 255 0 0
-0.006593 -0.060082 0.511855 255 0 0
-0.006593 -0.049567 0.511855 255 0 0
0.001913 -0.054824 0.515104 255 0 0
0.001913 -0.054824 0.525619 255 0 0
-0.015100 -0.054824 0.515104 255 0 0
-0.015100 -0.054824 0.525619 255 0 0
-0.014683 -0.049824 0.523451 255 0 0
-0.011593 -0.051734 0.528451 255 0 0
-0.009683 -0.046734 0.525361 255 0 0
-0.003503 -0.046734 0.525361 255 0 0
-0.006593 -0.044824 0.520361 255 0 0
-0.003503 -0.046734 0.515361 255 0 0
-0.009683 -0.046734 0.515361 255 0 0
-0.011593 -0.051734 0.512271 255 0 0
-0.014683 -0.049824 0.517271 255 0 0
-0.016593 -0.054824 0.520361 255 0 0
-0.001593 -0.051734 0.528451 255 0 0
0.001497 -0.049824 0.523451 255 0 0
-0.011593 -0.057915 0.528451 255 0 0
-0.006593 -0.054824 0.530361 255 0 0
-0.014683 -0.059824 0.517271 255 0 0
-0.014683 -0.059824 0.523451 255 0 0
-0.006593 -0.054824 0.510361 255 0 0
-0.011593 -0.057915 0.512271 255 0 0
0.001497 -0.049824 0.517271 255 0 0
-0.001593 -0.051734 0.512271 255 0 0
0.001497 -0.059824 0.523451 255 0 0
-0.001593 -0.057915 0.528451 255 0 0
-0.003503 -0.062915 0.525361 255 0 0
-0.009683 -0.062915 0.525361 255 0 0
-0.006593 -0.064824 0.520361 255 0 0
-0.009683 -0.062915 0.515361 255 0 0
-0.003503 -0.062915 0.515361 255 0 0
-0.001593 -0.057915 0.512271 255 0 0
0.001497 -0.059824 0.517271 255 0 0
0.003407 -0.054824 0.520361 255 0 0
0.059009 0.071114 0.454258 255 0 0
0.069524 0.071114 0.454258 255 0 0
0.059009 0.054101 0.454258 255 0 0
0.069524 0.054101 0.454258 255 0 0
0.064266 0.057350 0.462764 255 0 0
0.064266 0.067865 0.462764 255 0 0
0.064266 0.057350 0.445751 255 0 0
0.064266 0.067865 0.445751 255 0 0
0.072773 0.062608 0.449001 255 0 0
0.072773 0.062608 0.459515 255 0 0
0.055760 0.062608 0.449001 255 0 0
0.055760 0.062608 0.459515 255 0 0
0.056176 0.067608 0.457348 255 0 0
0.059266 0.065698 0.462348 255 0 0
0.061176 0.070698 0.459258 255 0 0
0.067356 0.070698 0.459258 255 0 0
0.064266 0.072608 0.454258 255 0 0
0.067356 0.070698 0.449258 255 0 0
0.061176 0.070698 0.449258 255 0 0
0.059266 0.065698 0.446168 255 0 0
0.056176 0.067608 0.451168 255 0 0
0.054266 0.062608 0.454258 255 0 0
0.069266 0.065698 0.462348 255 0 0
0.072356 0.067608 0.457348 255 0 0
0.059266 0.059517 0.462348 255 0 0
0.064266 0.062608 0.464258 255 0 0
0.056176 0.057608 0.451168 255 0 0
0.056176 0.057608 0.457348 255 0 0
0.064266 0.062608 0.444258 255 0 0
0.059266 0.059517 0.446168 255 0 0
0.072356 0.067608 0.451168 255 0 0
0.069266 0.065698 0.446168 255 0 0
0.072356 0.057608 0.457348 255 0 0
0.069266 0.059517 0.462348 255 0 0
0.067356 0.054517 0.459258 255 0 0
0.061176 0.054517 0.459258 255 0 0
0.064266 0.052608 0.454258 255 0 0
0.061176 0.054517 0.449258 255 0 0
0.067356 0.054517 0.449258 255 0 0
0.069266 0.059517 0.446168 255 0 0
0.072356 0.057608 0.451168 255 0 0
0.074266 0.062608 0.454258 255 0 0
0.042484 0.072075 0.450700 255 0 0
0.052999 0.072075 0.450700 255 0 0
0.042484 0.055062 0.450700 255 0 0
0.052999 0.055062 0.450700 255 0 0
0.047741 0.058312 0.459206 255 0 0
0.047741 0.068826 0.459206 255 0 0
0.047741 0.058312 0.442193 255 0 0
0.047741 0.068826 0.442193 255 0 0
0.056248 0.063569 0.445443 255 0 0
0.056248 0.063569 0.455957 255 0 0
0.039235 0.063569 0.445443 255 0 0
0.039235 0.063569 0.455957 255 0 0
0.039651 0.068569 0.453790 255 0 0
0.042741 0.066659 0.458790 255 0 0
0.044651 0.071659 0.455700 255 0 0
0.050832 0.071659 0.455700 255 0 0
0.047741 0.073569 0.450700 255 0 0
0.050832 0.071659 0.445700 255 0 0
0.044651 0.071659 0.445700 255 0 0
0.042741 0.066659 0.442610 255 0 0
0.039651 0.068569 0.447610 255 0 0
0.037741 0.063569 0.450700 255 0 0
0.052741 0.066659 0.458790 255 0 0
0.055832 0.068569 0.453790 255 0 0
0.042741 0.060479 0.458790 255 0 0
0.047741 0.063569 0.460700 255 0 0
0.039651 0.058569 0.447610 255 0 0
0.039651 0.058569 0.453790 255 0 0
0.047741 0.063569 0.440700 255 0 0
0.042741 0.060479 0.442610 255 0 0
0.055832 0.068569 0.447610 255 0 0
0.052741 0.066659 0.442610 255 0 0
0.055832 0.058569 0.453790 255 0 0
0.052741 0.060479 0.458790 255 0 0
0.050832 0.055479 0.455700 255 0 0
0.044651 0.055479 0.455700 255 0 0
0.047741 0.053569 0.450700 255 0 0
0.044651 0.055479 0.445700 255 0 0
0.050832 0.055479 0.445700 255 0 0
0.052741 0.060479 0.442610 255 0 0
0.055832 0.058569 0.447610 255 0 0
0.057741 0.063569 0.450700 255 0 0
0.056492 0.068044 0.458326 255 0 0
0.067007 0.068044 0.458326 255 0 0
0.056492 0.051031 0.458326 255 0 0
0.067007 0.051031 0.458326 255 0 0
0.061750 0.054280 0.466833 255 0 0
0.061750 0.064795 0.466833 255 0 0
0.061750 0.054280 0.449820 255 0 0
0.061750 0.064795 0.449820 255 0 0
0.070256 0.059538 0.453069 255 0 0
0.070256 0.059538 0.463584 255 0 0
0.053243 0.059538 0.453069 255 0 0
0.053243 0.059538 0.463584 255 0 0
0.053659 0.064538 0.461417 255 0 0
0.056750 0.062628 0.466417 255 0 0
0.058659 0.067628 0.463326 255 0 0
0.064840 0.067628 0.463326 255 0 0
0.061750 0.069538 0.458326 255 0 0
0.064840 0.067628 0.453326 255 0 0
0.058659 0.067628 0.453326 255 0 0
0.056750 0.062628 0.450236 255 0 0
0.053659 0.064538 0.455236 255 0 0
0.051750 0.059538 0.458326 255 0 0
0.066750 0.062628 0.466417 255 0 0
0.069840 0.064538 0.461417 255 0 0
0.056750 0.056448 0.466417 255 0 0
0.061750 0.059538 0.468326 255 0 0
0.053659 0.054538 0.455236 255 0 0
0.053659 0.054538 0.461417 255 0 0
0.061750 0.059538 0.448326 255 0 0
0.056750 0.056448 0.450236 255 0 0
0.069840 0.064538 0.455236 255 0 0
0.066750 0.062628 0.450236 255 0 0
0.069840 0.054538 0.461417 255 0 0
0.066750 0.056448 0.466417 255 0 0
0.064840 0.051448 0.463326 255 0 0
0.058659 0.051448 0.463326 255 0 0
0.061750 0.049538 0.458326 255 0 0
0.058659 0.051448 0.453326 255 0 0
0.064840 0.051448 0.453326 255 0 0
0.066750 0.056448 0.450236 255 0 0
0.069840 0.054538 0.455236 255 0 0
0.071750 0.059538 0.458326 255 0 0
0.046718 0.065946 0.451545 255 0 0
0.057233 0.065946 0.451545 255 0 0
0.046718 0.048933 0.451545 255 0 0
0.057233 0.048933 0.451545 255 0 0
0.051975 0.052182 0.460052 255 0 0
0.051975 0.062697 0.460052 255 0 0
0.051975 0.052182 0.443039 255 0 0
0.051975 0.062697 0.443039 255 0 0
0.060482 0.057440 0.446288 255 0 0
0.060482 0.057440 0.456803 255 0 0
0.043469 0.057440 0.446288 255 0 0
0.043469 0.057440 0.456803 255 0 0
0.043885 0.062440 0.454636 255 0 0
0.046975 0.060530 0.459636 255 0 0
0.048885 0.065530 0.456545 255 0 0
0.055066 0.065530 0.456545 255 0 0
0.051975 0.067440 0.451545 255 0 0
0.055066 0.065530 0.446545 255 0 0
0.048885 0.065530 0.446545 255 0 0
0.046975 0.060530 0.443455 255 0 0
0.043885 0.062440 0.448455 255 0 0
0.041975 0.057440 0.451545 255 0 0
0.056975 0.060530 0.459636 255 0 0
0.060066 0.062440 0.454636 255 0 0
0.046975 0.054350 0.459636 255 0 0
0.051975 0.057440 0.461545 255 0 0
0.043885 0.052440 0.448455 255 0 0
0.043885 0.052440 0.454636 255 0 0
0.051975 0.057440 0.441545 255 0 0
0.046975 0.054350 0.443455 255 0 0
0.060066 0.062440 0.448455 255 0 0
0.056975 0.060530 0.443455 255 0 0
0.060066 0.052440 0.454636 255 0 0
0.056975 0.054350 0.459636 255 0 0
0.055066 0.049350 0.456545 255 0 0
0.048885 0.049350 0.456545 255 0 0
0.051975 0.047440 0.451545 255 0 0
0.048885 0.049350 0.446545 255 0 0
0.055066 0.049350 0.446545 255 0 0
0.056975 0.054350 0.443455 255 0 0
0.060066 0.052440 0.448455 255 0 0
0.061975 0.057440 0.451545 255 0 0
0.050995 0.095631 0.449589 255 0 0
0.061509 0.095631 0.449589 255 0 0
0.050995 0.078618 0.449589 255 0 0
0.061509 0.078618 0.449589 255 0 0
0.056252 0.081867 0.458095 255 0 0
0.056252 0.092381 0.458095 255 0 0
0.056252 0.081867 0.441082 255 0 0
0.056252 0.092381 0.441082 255 0 0
0.064759 0.087124 0.444332 255 0 0
0.064759 0.087124 0.454846 255 0 0
0.047746 0.087124 0.444332 255 0 0
0.047746 0.087124 0.454846 255 0 0
0.048162 0.092124 0.452679 255 0 0
0.051252 0.090214 0.457679 255 0 0
0.053162 0.095214 0.454589 255 0 0
0.059342 0.095214 0.454589 255 0 0
0.056252 0.097124 0.449589 255 0 0
0.059342 0.095214 0.444589 255 0 0
0.053162 0.095214 0.444589 255 0 0
0.051252 0.090214 0.441499 255 0 0
0.048162 0.092124 0.446499 255 0 0
0.046252 0.087124 0.449589 255 0 0
0.061252 0.090214 0.457679 255 0 0
0.064342 0.092124 0.452679 255 0 0
0.051252 0.084034 0.457679 255 0 0
0.056252 0.087124 0.459589 255 0 0
0.048162 0.082124 0.446499 255 0 0
0.048162 0.082124 0.452679 255 0 0
0.056252 0.087124 0.439589 255 0 0
0.051252 0.084034 0.441499 255 0 0
0.064342 0.092124 0.446499 255 0 0
0.061252 0.090214 0.441499 255 0 0
0.064342 0.082124 0.452679 255 0 0
0.061252 0.084034 0.457679 255 0 0
0.059342 0.079034 0.454589 255 0 0
0.053162 0.079034 0.454589 255 0 0
0.056252 0.077124 0.449589 255 0 0
0.053162 0.079034 0.444589 255 0 0
0.059342 0.079034 0.444589 255 0 0
0.061252 0.084034 0.441499 255 0 0
0.064342 0.082124 0.446499 255 0 0
0.066252 0.087124 0.449589 255 0 0
0.041260 0.093703 0.451233 255 0 0
0.051775 0.093703 0.451233 255 0 0
0.041260 0.076690 0.451233 255 0 0
0.051775 0.076690 0.451233 255 0 0
0.046517 0.079939 0.459739 255 0 0
0.046517 0.090454 0.459739 255 0 0
0.046517 0.079939 0.442726 255 0 0
0.046517 0.090454 0.442726 255 0 0
0.055024 0.085196 0.445975 255 0 0
0.055024 0.085196 0.456490 255 0 0
0.038011 0.085196 0.445975 255 0 0
0.038011 0.085196 0.456490 255 0 0
0.038427 0.090196 0.454323 255 0 0
0.041517 0.088287 0.459323 255 0 0
0.043427 0.093287 0.456233 255 0 0
0.049608 0.093287 0.456233 255 0 0
0.046517 0.095196 0.451233 255 0 0
0.049608 0.093287 0.446233 255 0 0
0.043427 0.093287 0.446233 255 0 0
0.041517 0.088287 0.443142 255 0 0
0.038427 0.090196 0.448142 255 0 0
0.036517 0.085196 0.451233 255 0 0
0.051517 0.088287 0.459323 255 0 0
0.054608 0.090196 0.454323 255 0 0
0.041517 0.082106 0.459323 255 0 0
0.046517 0.085196 0.461233 255 0 0
0.038427 0.080196 0.448142 255 0 0
0.038427 0.080196 0.454323 255 0 0
0.046517 0.085196 0.441233 255 0 0
0.041517 0.082106 0.443142 255 0 0
0.054608 0.090196 0.448142 255 0 0
0.051517 0.088287 0.443142 255 0 0
0.054608 0.080196 0.454323 255 0 0
0.051517 0.082106 0.459323 255 0 0
0.049608 0.077106 0.456233 255 0 0
0.043427 0.077106 0.456233 255 0 0
0.046517 0.075196 0.451233 255 0 0
0.043427 0.077106 0.446233 255 0 0
0.049608 0.077106 0.446233 255 0 0
0.051517 0.082106 0.443142 255 0 0
0.054608 0.080196 0.448142 255 0 0
0.056517 0.085196 0.451233 255 0 0
0.051941 0.016143 0.460351 255 0 0
0.062455 0.016143 0.460351 255 0 0
0.051941 -0.000870 0.460351 255 0 0
0.062455 -0.000870 0.460351 255 0 0
0.057198 0.002379 0.468857 255 0 0
0.057198 0.012893 0.468857 255 0 0
0.057198 0.002379 0.451844 255 0 0
0.057198 0.012893 0.451844 255 0 0
0.065705 0.007636 0.455093 255 0 0
0.065705 0.007636 0.465608 255 0 0
0.048692 0.007636 0.455093 255 0 0
0.048692 0.007636 0.465608 255 0 0
0.049108 0.012636 0.463441 255 0 0
0.052198 0.010726 0.468441 255 0 0
0.054108 0.015726 0.465351 255 0 0
0.060288 0.015726 0.465351 255 0 0
0.057198 0.017636 0.460351 255 0 0
0.060288 0.015726 0.455351 255 0 0
0.054108 0.015726 0.455351 255 0 0
0.052198 0.010726 0.452260 255 0 0
0.049108 0.012636 0.457260 255 0 0
0.047198 0.007636 0.460351 255 0 0
0.062198 0.010726 0.468441 255 0 0
0.065288 0.012636 0.463441 255 0 0
0.052198 0.004546 0.468441 255 0 0
0.057198 0.007636 0.470351 255 0 0
0.049108 0.002636 0.457260 255 0 0
0.049108 0.002636 0.463441 255 0 0
0.057198 0.007636 0.450351 255 0 0
0.052198 0.004546 0.452260 255 0 0
0.065288 0.012636 0.457260 255 0 0
0.062198 0.010726 0.452260 255 0 0
0.065288 0.002636 0.463441 255 0 0
0.062198 0.004546 0.468441 255 0 0
0.060288 -0.000454 0.465351 255 0 0
0.054108 -0.000454 0.465351 255 0 0
0.057198 -0.002364 0.460351 255 0 0
0.054108 -0.000454 0.455351 255 0 0
0.060288 -0.000454 0.455351 255 0 0
0.062198 0.004546 0.452260 255 0 0
0.065288 0.002636 0.457260 255 0 0
0.067198 0.007636 0.460351 255 0 0
0.050769 0.024324 0.466637 255 0 0
0.061284 0.024324 0.466637 255 0 0
0.050769 0.007311 0.466637 255 0 0
0.061284 0.007311 0.466637 255 0 0
0.056027 0.010560 0.475143 255 0 0
0.056027 0.021075 0.475143 255 0 0
0.056027 0.010560 0.458130 255 0 0
0.056027 0.021075 0.458130 255 0 0
0.064533 0.015818 0.461380 255 0 0
0.064533 0.015818 0.471894 255 0 0
0.047520 0.015818 0.461380 255 0 0
0.047520 0.015818 0.471894 255 0 0
0.047936 0.020818 0.469727 255 0 0
0.051027 0.018908 0.474727 255 0 0
0.052936 0.023908 0.471637 255 0 0
0.059117 0.023908 0.471637 255 0 0
0.056027 0.025818 0.466637 255 0 0
0.059117 0.023908 0.461637 255 0 0
0.052936 0.023908 0.461637 255 0 0
0.051027 0.018908 0.458547 255 0 0
0.047936 0.020818 0.463547 255 0 0
0.046027 0.015818 0.466637 255 0 0
0.061027 0.018908 0.474727 255 0 0
0.064117 0.020818 0.469727 255 0 0
0.051027 0.012727 0.474727 255 0 0
0.056027 0.015818 0.476637 255 0 0
0.047936 0.010818 0.463547 255 0 0
0.047936 0.010818 0.469727 255 0 0
0.056027 0.015818 0.456637 255 0 0
0.051027 0.012727 0.458547 255 0 0
0.064117 0.020818 0.463547 255 0 0
0.061027 0.018908 0.458547 255 0 0
0.064117 0.010818 0.469727 255 0 0
0.061027 0.012727 0.474727 255 0 0
0.059117 0.007727 0.471637 255 0 0
0.052936 0.007727 0.471637 255 0 0
0.056027 0.005818 0.466637 255 0 0
0.052936 0.007727 0.461637 255 0 0
0.059117 0.007727 0.461637 255 0 0
0.061027 0.012727 0.458547 255 0 0
0.064117 0.010818 0.463547 255 0 0
0.066027 0.015818 0.466637 255 0 0
0.056694 0.046528 0.461275 255 0 0
0.067208 0.046528 0.461275 255 0 0
0.056694 0.029515 0.461275 255 0 0
0.067208 0.029515 0.461275 255 0 0
0.061951 0.032764 0.469781 255 0 0
0.061951 0.043278 0.469781 255 0 0
0.061951 0.032764 0.452768 255 0 0
0.061951 0.043278 0.452768 255 0 0
0.070458 0.038021 0.456018 255 0 0
0.070458 0.038021 0.466532 255 0 0
0.053445 0.038021 0.456018 255 0 0
0.053445 0.038021 0.466532 255 0 0
0.053861 0.043021 0.464365 255 0 0
0.056951 0.041111 0.469365 255 0 0
0.058861 0.046111 0.466275 255 0 0
0.065041 0.046111 0.466275 255 0 0
0.061951 0.048021 0.461275 255 0 0
0.065041 0.046111 0.456275 255 0 0
0.058861 0.046111 0.456275 255 0 0
0.056951 0.041111 0.453185 255 0 0
0.053861 0.043021 0.458185 255 0 0
0.051951 0.038021 0.461275 255 0 0
0.066951 0.041111 0.469365 255 0 0
0.070041 0.043021 0.464365 255 0 0
0.056951 0.034931 0.469365 255 0 0
0.061951 0.038021 0.471275 255 0 0
0.053861 0.033021 0.458185 255 0 0
0.053861 0.033021 0.464365 255 0 0
0.061951 0.038021 0.451275 255 0 0
0.056951 0.034931 0.453185 255 0 0
0.070041 0.043021 0.458185 255 0 0
0.066951 0.041111 0.453185 255 0 0
0.070041 0.033021 0.464365 255 0 0
0.066951 0.034931 0.469365 255 0 0
0.065041 0.029931 0.466275 255 0 0
0.058861 0.029931 0.466275 255 0 0
0.061951 0.028021 0.461275 255 0 0
0.058861 0.029931 0.456275 255 0 0
0.065041 0.029931 0.456275 255 0 0
0.066951 0.034931 0.453185 255 0 0
0.070041 0.033021 0.458185 255 0 0
0.071951 0.038021 0.461275 255 0 0
0.042965 0.060778 0.456308 255 0 0
0.053480 0.060778 0.456308 255 0 0
0.042965 0.043765 0.456308 255 0 0
0.053480 0.043765 0.456308 255 0 0
0.048223 0.047014 0.464814 255 0 0
0.048223 0.057529 0.464814 255 0 0
0.048223 0.047014 0.447801 255 0 0
0.048223 0.057529 0.447801 255 0 0
0.056729 0.052271 0.451050 255 0 0
0.056729 0.052271 0.461565 255 0 0
0.039716 0.052271 0.451050 255 0 0
0.039716 0.052271 0.461565 255 0 0
0.040132 0.057271 0.459398 255 0 0
0.043223 0.055362 0.464398 255 0 0
0.045132 0.060362 0.461308 255 0 0
0.051313 0.060362 0.461308 255 0 0
0.048223 0.062271 0.456308 255 0 0
0.051313 0.060362 0.451308 255 0 0
0.045132 0.060362 0.451308 255 0 0
0.043223 0.055362 0.448217 255 0 0
0.040132 0.057271 0.453217 255 0 0
0.038223 0.052271 0.456308 255 0 0
0.053223 0.055362 0.464398 255 0 0
0.056313 0.057271 0.459398 255 0 0
0.043223 0.049181 0.464398 255 0 0
0.048223 0.052271 0.466308 255 0 0
0.040132 0.047271 0.453217 255 0 0
0.040132 0.047271 0.459398 255 0 0
0.048223 0.052271 0.446308 255 0 0
0.043223 0.049181 0.448217 255 0 0
0.056313 0.057271 0.453217 255 0 0
0.053223 0.055362 0.448217 255 0 0
0.056313 0.047271 0.459398 255 0 0
0.053223 0.049181 0.464398 255 0 0
0.051313 0.044181 0.461308 255 0 0
0.045132 0.044181 0.461308 255 0 0
0.048223 0.042271 0.456308 255 0 0
0.045132 0.044181 0.451308 255 0 0
0.051313 0.044181 0.451308 255 0 0
0.053223 0.049181 0.448217 255 0 0
0.056313 0.047271 0.453217 255 0 0
0.058223 0.052271 0.456308 255 0 0
0.065300 -0.021819 0.463727 255 0 0
0.075814 -0.021819 0.463727 255 0 0
0.065300 -0.038832 0.463727 255 0 0
0.075814 -0.038832 0.463727 255 0 0
0.070557 -0.035583 0.472234 255 0 0
0.070557 -0.025068 0.472234 255 0 0
0.070557 -0.035583 0.455221 255 0 0
0.070557 -0.025068 0.455221 255 0 0
0.079063 -0.030326 0.458470 255 0 0
0.079063 -0.030326 0.468984 255 0 0
0.062050 -0.030326 0.458470 255 0 0
0.062050 -0.030326 0.468984 255 0 0
0.062467 -0.025326 0.466817 255 0 0
0.065557 -0.027235 0.471817 255 0 0
0.067467 -0.022235 0.468727 255 0 0
0.073647 -0.022235 0.468727 255 0 0
0.070557 -0.020326 0.463727 255 0 0
0.073647 -0.022235 0.458727 255 0 0
0.067467 -0.022235 0.458727 255 0 0
0.065557 -0.027235 0.455637 255 0 0
0.062467 -0.025326 0.460637 255 0 0
0.060557 -0.030326 0.463727 255 0 0
0.075557 -0.027235 0.471817 255 0 0
0.078647 -0.025326 0.466817 255 0 0
0.065557 -0.033416 0.471817 255 0 0
0.070557 -0.030326 0.473727 255 0 0
0.062467 -0.035326 0.460637 255 0 0
0.062467 -0.035326 0.466817 255 0 0
0.070557 -0.030326 0.453727 255 0 0
0.065557 -0.033416 0.455637 255 0 0
0.078647 -0.025326 0.460637 255 0 0
0.075557 -0.027235 0.455637 255 0 0
0.078647 -0.035326 0.466817 255 0 0
0.075557 -0.033416 0.471817 255 0 0
0.073647 -0.038416 0.468727 255 0 0
0.067467 -0.038416 0.468727 255 0 0
0.070557 -0.040326 0.463727 255 0 0
0.067467 -0.038416 0.458727 255 0 0
0.073647 -0.038416 0.458727 255 0 0
0.075557 -0.033416 0.455637 255 0 0
0.078647 -0.035326 0.460637 255 0 0
0.080557 -0.030326 0.463727 255 0 0
0.054659 -0.024414 0.468187 255 0 0
0.065174 -0.024414 0.468187 255 0 0
0.054659 -0.041427 0.468187 255 0 0
0.065174 -0.041427 0.468187 255 0 0
0.059917 -0.038178 0.476693 255 0 0
0.059917 -0.027664 0.476693 255 0 0
0.059917 -0.038178 0.459680 255 0 0
0.059917 -0.027664 0.459680 255 0 0
0.068423 -0.032921 0.462929 255 0 0
0.068423 -0.032921 0.473444 255 0 0
0.051410 -0.032921 0.462929 255 0 0
0.051410 -0.032921 0.473444 255 0 0
0.051826 -0.027921 0.471277 255 0 0
0.054917 -0.029831 0.476277 255 0 0
0.056826 -0.024831 0.473187 255 0 0
0.063007 -0.024831 0.473187 255 0 0
0.059917 -0.022921 0.468187 255 0 0
0.063007 -0.024831 0.463187 255 0 0
0.056826 -0.024831 0.463187 255 0 0
0.054917 -0.029831 0.460096 255 0 0
0.051826 -0.027921 0.465096 255 0 0
0.049917 -0.032921 0.468187 255 0 0
0.064917 -0.029831 0.476277 255 0 0
0.068007 -0.027921 0.471277 255 0 0
0.054917 -0.036011 0.476277 255 0 0
0.059917 -0.032921 0.478187 255 0 0
0.051826 -0.037921 0.465096 255 0 0
0.051826 -0.037921 0.471277 255 0 0
0.059917 -0.032921 0.458187 255 0 0
0.054917 -0.036011 0.460096 255 0 0
0.068007 -0.027921 0.465096 255 0 0
0.064917 -0.029831 0.460096 255 0 0
0.068007 -0.037921 0.471277 255 0 0
0.064917 -0.036011 0.476277 255 0 0
0.063007 -0.041011 0.473187 255 0 0
0.056826 -0.041011 0.473187 255 0 0
0.059917 -0.042921 0.468187 255 0 0
0.056826 -0.041011 0.463187 255 0 0
0.063007 -0.041011 0.463187 255 0 0
0.064917 -0.036011 0.460096 255 0 0
0.068007 -0.037921 0.465096 255 0 0
0.069917 -0.032921 0.468187 255 0 0
0.059314 -0.040602 0.467405 255 0 0
0.069828 -0.040602 0.467405 255 0 0
0.059314 -0.057615 0.467405 255 0 0
0.069828 -0.057615 0.467405 255 0 0
0.064571 -0.054366 0.475912 255 0 0
0.064571 -0.043852 0.475912 255 0 0
0.064571 -0.054366 0.458899 255 0 0
0.064571 -0.043852 0.458899 255 0 0
0.073078 -0.049109 0.462148 255 0 0
0.073078 -0.049109 0.472663 255 0 0
0.056065 -0.049109 0.462148 255 0 0
0.056065 -0.049109 0.472663 255 0 0
0.056481 -0.044109 0.470496 255 0 0
0.059571 -0.046019 0.475496 255 0 0
0.061481 -0.041019 0.472405 255 0 0
0.067661 -0.041019 0.472405 255 0 0
0.064571 -0.039109 0.467405 255 0 0
0.067661 -0.041019 0.462405 255 0 0
0.061481 -0.041019 0.462405 255 0 0
0.059571 -0.046019 0.459315 255 0 0
0.056481 -0.044109 0.464315 255 0 0
0.054571 -0.049109 0.467405 255 0 0
0.069571 -0.046019 0.475496 255 0 0
0.072661 -0.044109 0.470496 255 0 0
0.059571 -0.052199 0.475496 255 0 0
0.064571 -0.049109 0.477405 255 0 0
0.056481 -0.054109 0.464315 255 0 0
0.056481 -0.054109 0.470496 255 0 0
0.064571 -0.049109 0.457405 255 0 0
0.059571 -0.052199 0.459315 255 0 0
0.072661 -0.044109 0.464315 255 0 0
0.069571 -0.046019 0.459315 255 0 0
0.072661 -0.054109 0.470496 255 0 0
0.069571 -0.052199 0.475496 255 0 0
0.067661 -0.057199 0.472405 255 0 0
0.061481 -0.057199 0.472405 255 0 0
0.064571 -0.059109 0.467405 255 0 0
0.061481 -0.057199 0.462405 255 0 0
0.067661 -0.057199 0.462405 255 0 0
0.069571 -0.052199 0.459315 255 0 0
0.072661 -0.054109 0.464315 255 0 0
0.074571 -0.049109 0.467405 255 0 0
0.051299 -0.050341 0.465659 255 0 0
0.061813 -0.050341 0.465659 255 0 0
0.051299 -0.067354 0.465659 255 0 0
0.061813 -0.067354 0.465659 255 0 0
0.056556 -0.064105 0.474166 255 0 0
0.056556 -0.053591 0.474166 255 0 0
0.056556 -0.064105 0.457153 255 0 0
0.056556 -0.053591 0.457153 255 0 0
0.065063 -0.058848 0.460402 255 0 0
0.065063 -0.058848 0.470916 255 0 0
0.048050 -0.058848 0.460402 255 0 0
0.048050 -0.058848 0.470916 255 0 0
0.048466 -0.053848 0.468749 255 0 0
0.051556 -0.055758 0.473749 255 0 0
0.053466 -0.050758 0.470659 255 0 0
0.059646 -0.050758 0.470659 255 0 0
0.056556 -0.048848 0.465659 255 0 0
0.059646 -0.050758 0.460659 255 0 0
0.053466 -0.050758 0.460659 255 0 0
0.051556 -0.055758 0.457569 255 0 0
0.048466 -0.053848 0.462569 255 0 0
0.046556 -0.058848 0.465659 255 0 0
0.061556 -0.055758 0.473749 255 0 0
0.064646 -0.053848 0.468749 255 0 0
0.051556 -0.061938 0.473749 255 0 0
0.056556 -0.058848 0.475659 255 0 0
0.048466 -0.063848 0.462569 255 0 0
0.048466 -0.063848 0.468749 255 0 0
0.056556 -0.058848 0.455659 255 0 0
0.051556 -0.061938 0.457569 255 0 0
0.064646 -0.053848 0.462569 255 0 0
0.061556 -0.055758 0.457569 255 0 0
0.064646 -0.063848 0.468749 255 0 0
0.061556 -0.061938 0.473749 255 0 0
0.059646 -0.066938 0.470659 255 0 0
0.053466 -0.066938 0.470659 255 0 0
0.056556 -0.068848 0.465659 255 0 0
0.053466 -0.066938 0.460659 255 0 0
0.059646 -0.066938 0.460659 255 0 0
0.061556 -0.061938 0.457569 255 0 0
0.064646 -0.063848 0.462569 255 0 0
0.066556 -0.058848 0.465659 255 0 0
3 0 12 14
3 11 13 12
3 5 14 13
3 12 13 14
3 0 14 16
3 5 15 14
3 1 16 15
3 14 15 16
3 0 16 18
3 1 17 16
3 7 18 17
3 16 17 18
3 0 18 20
3 7 19 18
3 10 20 19
3 18 19 20
3 0 20 12
3 10 21 20
3 11 12 21
3 20 21 12
3 1 15 23
3 5 22 15
3 9 23 22
3 15 22 23
3 5 13 25
3 11 24 13
3 4 25 24
3 13 24 25
3 11 21 27
3 10 26 21
3 2 27 26
3 21 26 27
3 10 19 29
3 7 28 19
3 6 29 28
3 19 28 29
3 7 17 31
3 1 30 17
3 8 31 30
3 17 30 31
3 3 32 34
3 9 33 32
3 4 34 33
3 32 33 34
3 3 34 36
3 4 35 34
3 2 36 35
3 34 35 36
3 3 36 38
3 2 37 36
3 6 38 37
3 36 37 38
3 3 38 40
3 6 39 38
3 8 40 39
3 38 39 40
3 3 40 32
3 8 41 40
3 9 32 41
3 40 41 32
3 4 33 25
3 9 22 33
3 5 25 22
3 33 22 25
3 2 35 27
3 4 24 35
3 11 27 24
3 35 24 27
3 6 37 29
3 2 26 37
3 10 29 26
3 37 26 29
3 8 39 31
3 6 28 39
3 7 31 28
3 39 28 31
3 9 41 23
3 8 30 41
3 1 23 30
3 41 30 23
3 42 54 56
3 53 55 54
3 47 56 55
3 54 55 56
3 42 56 58
3 47 57 56
3 43 58 57
3 56 57 58
3 42 58 60
3 43 59 58
3 49 60 59
3 58 59 60
3 42 60 62
3 49 61 60
3 52 62 61
3 60 61 62
3 42 62 54
3 52 63 62
3 53 54 63
3 62 63 54
3 43 57 65
3 47 64 57
3 51 65 64
3 57 64 65
3 47 55 67
3 53 66 55
3 46 67 66
3 55 66 67
3 53 63 69
3 52 68 63
3 44 69 68
3 63 68 69
3 52 61 71
3 49 70 61
3 48 71 70
3 61 70 71
3 49 59 73
3 43 72 59
3 50 73 72
3 59 72 73
3 45 74 76
3 51 75 74
3 46 76 75
3 74 75 76
3 45 76 78
3 46 77 76
3 44 78 77
3 76 77 78
3 45 78 80
3 44 79 78
3 48 80 79
3 78 79 80
3 45 80 82
3 48 81 80
3 50 82 81
3 80 81 82
3 45 82 74
3 50 83 82
3 51 74 83
3 82 83 74
3 46 75 67
3 51 64 75
3 47 67 64
3 75 64 67
3 44 77 69
3 46 66 77
3 53 69 66
3 77 66 69
3 48 79 71
3 44 68 79
3 52 71 68
3 79 68 71
3 50 81 73
3 48 70 81
3 49 73 70
3 81 70 73
3 51 83 65
3 50 72 83
3 43 65 72
3 83 72 65
3 84 96 98
3 95 97 96
3 89 98 97
3 96 97 98
3 84 98 100
3 89 99 98
3 85 100 99
3 98 99 100
3 84 100 102
3 85 101 100
3 91 102 101
3 100 101 102
3 84 102 104
3 91 103 102
3 94 104 103
3 102 103 104
3 84 104 96
3 94 105 104
3 95 96 105
3 104 105 96
3 85 99 107
3 89 106 99
3 93 107 106
3 99 106 107
3 89 97 109
3 95 108 97
3 88 109 108
3 97 108 109
3 95 105 111
3 94 110 105
3 86 111 110
3 105 110 111
3 94 103 113
3 91 112 103
3 90 113 112
3 103 112 113
3 91 101 115
3 85 114 101
3 92 115 114
3 101 114 115
3 87 116 118
3 93 117 116
3 88 118 117
3 116 117 118
3 87 118 120
3 88 119 118
3 86 120 119
3 118 119 120
3 87 120 122
3 86 121 120
3 90 122 121
3 120 121 122
3 87 122 124
3 90 123 122
3 92 124 123
3 122 123 124
3 87 124 116
3 92 125 124
3 93 116 125
3 124 125 116
3 88 117 109
3 93 106 117
3 89 109 106
3 117 106 109
3 86 119 111
3 88 108 119
3 95 111 108
3 119 108 111
3 90 121 113
3 86 110 121
3 94 113 110
3 121 110 113
3 92 123 115
3 90 112 123
3 91 115 112
3 123 112 115
3 93 125 107
3 92 114 125
3 85 107 114
3 125 114 107
3 126 138 140
3 137 139 138
3 131 140 139
3 138 139 140
3 126 140 142
3 131 141 140
3 127 142 141
3 140 141 142
3 126 142 144
3 127 143 142
3 133 144 143
3 142 143 144
3 126 144 146
3 133 145 144
3 136 146 145
3 144 145 146
3 126 146 138
3 136 147 146
3 137 138 147
3 146 147 138
3 127 141 149
3 131 148 141
3 135 149 148
3 141 148 149
3 131 139 151
3 137 150 139
3 130 151 150
3 139 150 151
3 137 147 153
3 136 152 147
3 128 153 152
3 147 152 153
3 136 145 155
3 133 154 145
3 132 155 154
3 145 154 155
3 133 143 157
3 127 156 143
3 134 157 156
3 143 156 157
3 129 158 160
3 135 159 158
3 130 160 159
3 158 159 160
3 129 160 162
3 130 161 160
3 128 162 161
3 160 161 162
3 129 162 164
3 128 163 162
3 132 164 163
3 162 163 164
3 129 164 166
3 132 165 164
3 134 166 165
3 164 165 166
3 129 166 158
3 134 167 166
3 135 158 167
3 166 167 158
3 130 159 151
3 135 148 159
3 131 151 148
3 159 148 151
3 128 161 153
3 130 150 161
3 137 153 150
3 161 150 153
3 132 163 155
3 128 152 163
3 136 155 152
3 163 152 155
3 134 165 157
3 132 154 165
3 133 157 154
3 165 154 157
3 135 167 149
3 134 156 167
3 127 149 156
3 167 156 149
3 168 180 182
3 179 181 180
3 173 182 181
3 180 181 182
3 168 182 184
3 173 183 182
3 169 184 183
3 182 183 184
3 168 184 186
3 169 185 184
3 175 186 185
3 184 185 186
3 168 186 188
3 175 187 186
3 178 188 187
3 186 187 188
3 168 188 180
3 178 189 188
3 179 180 189
3 188 189 180
3 169 183 191
3 173 190 183
3 177 191 190
3 183 190 191
3 173 181 193
3 179 192 181
3 172 193 192
3 181 192 193
3 179 189 195
3 178 194 189
3 170 195 194
3 189 194 195
3 178 187 197
3 175 196 187
3 174 197 196
3 187 196 197
3 175 185 199
3 169 198 185
3 176 199 198
3 185 198 199
3 171 200 202
3 177 201 200
3 172 202 201
3 200 201 202
3 171 202 204
3 172 203 202
3 170 204 203
3 202 203 204
3 171 204 206
3 170 205 204
3 174 206 205
3 204 205 206
3 171 206 208
3 174 207 206
3 176 208 207
3 206 207 208
3 171 208 200
3 176 209 208
3 177 200 209
3 208 209 200
3 172 201 193
3 177 190 201
3 173 193 190
3 201 190 193
3 170 203 195
3 172 192 203
3 179 195 192
3 203 192 195
3 174 205 197
3 170 194 205
3 178 197 194
3 205 194 197
3 176 207 199
3 174 196 207
3 175 199 196
3 207 196 199
3 177 209 191
3 176 198 209
3 169 191 198
3 209 198 191
3 210 222 224
3 221 223 222
3 215 224 223
3 222 223 224
3 210 224 226
3 215 225 224
3 211 226 225
3 224 225 226
3 210 226 228
3 211 227 226
3 217 228 227
3 226 227 228
3 210 228 230
3 217 229 228
3 220 230 229
3 228 229 230
3 210 230 222
3 220 231 230
3 221 222 231
3 230 231 222
3 211 225 233
3 215 232 225
3 219 233 232
3 225 232 233
3 215 223 235
3 221 234 223
3 214 235 234
3 223 234 235
3 221 231 237
3 220 236 231
3 212 237 236
3 231 236 237
3 220 229 239
3 217 238 229
3 216 239 238
3 229 238 239
3 217 227 241
3 211 240 227
3 218 241 240
3 227 240 241
3 213 242 244
3 219 243 242
3 214 244 243
3 242 243 244
3 213 244 246
3 214 245 244
3 212 246 245
3 244 245 246
3 213 246 248
3 212 247 246
3 216 248 247
3 246 247 248
3 213 248 250
3 216 249 248
3 218 250 249
3 248 249 250
3 213 250 242
3 218 251 250
3 219 242 251
3 250 251 242
3 214 243 235
3 219 232 243
3 215 235 232
3 243 232 235
3 212 245 237
3 214 234 245
3 221 237 234
3 245 234 237
3 216 247 239
3 212 236 247
3 220 239 236
3 247 236 239
3 218 249 241
3 216 238 249
3 217 241 238
3 249 238 241
3 219 251 233
3 218 240 251
3 211 233 240
3 251 240 233
3 252 264 266
3 263 265 264
3 257 266 265
3 264 265 266
3 252 266 268
3 257 267 266
3 253 268 267
3 266 267 268
3 252 268 270
3 253 269 268
3 259 270 269
3 268 269 270
3 252 270 272
3 259 271 270
3 262 272 271
3 270 271 272
3 252 272 264
3 262 273 272
3 263 264 273
3 272 273 264
3 253 267 275
3 257 274 267
3 261 275 274
3 267 274 275
3 257 265 277
3 263 276 265
3 256 277 276
3 265 276 277
3 263 273 279
3 262 278 273
3 254 279 278
3 273 278 279
3 262 271 281
3 259 280 271
3 258 281 280
3 271 280 281
3 259 269 283
3 253 282 269
3 260 283 282
3 269 282 283
3 255 284 286
3 261 285 284
3 256 286 285
3 284 285 286
3 255 286 288
3 256 287 286
3 254 288 287
3 286 287 288
3 255 288 290
3 254 289 288
3 258 290 289
3 288 289 290
3 255 290 292
3 258 291 290
3 260 292 291
3 290 291 292
3 255 292 284
3 260 293 292
3 261 284 293
3 292 293 284
3 256 285 277
3 261 274 285
3 257 277 274
3 285 274 277
3 254 287 279
3 256 276 287
3 263 279 276
3 287 276 279
3 258 289 281
3 254 278 289
3 262 281 278
3 289 278 281
3 260 291 283
3 258 280 291
3 259 283 280
3 291 280 283
3 261 293 275
3 260 282 293
3 253 275 282
3 293 282 275
3 294 306 308
3 305 307 306
3 299 308 307
3 306 307 308
3 294 308 310
3 299 309 308
3 295 310 309
3 308 309 310
3 294 310 312
3 295 311 310
3 301 312 311
3 310 311 312
3 294 312 314
3 301 313 312
3 304 314 313
3 312 313 314
3 294 314 306
3 304 315 314
3 305 306 315
3 314 315 306
3 295 309 317
3 299 316 309
3 303 317 316
3 309 316 317
3 299 307 319
3 305 318 307
3 298 319 318
3 307 318 319
3 305 315 321
3 304 320 315
3 296 321 320
3 315 320 321
3 304 313 323
3 301 322 313
3 300 323 322
3 313 322 323
3 301 311 325
3 295 324 311
3 302 325 324
3 311 324 325
3 297 326 328
3 303 327 326
3 298 328 327
3 326 327 328
3 297 328 330
3 298 329 328
3 296 330 329
3 328 329 330
3 297 330 332
3 296 331 330
3 300 332 331
3 330 331 332
3 297 332 334
3 300 333 332
3 302 334 333
3 332 333 334
3 297 334 326
3 302 335 334
3 303 326 335
3 334 335 326
3 298 327 319
3 303 316 327
3 299 319 316
3 327 316 319
3 296 329 321
3 298 318 329
3 305 321 318
3 329 318 321
3 300 331 323
3 296 320 331
3 304 323 320
3 331 320 323
3 302 333 325
3 300 322 333
3 301 325 322
3 333 322 325
3 303 335 317
3 302 324 335
3 295 317 324
3 335 324 317
3 336 348 350
3 347 349 348
3 341 350 349
3 348 349 350
3 336 350 352
3 341 351 350
3 337 352 351
3 350 351 352
3 336 352 354
3 337 353 352
3 343 354 353
3 352 353 354
3 336 354 356
3 343 355 354
3 346 356 355
3 354 355 356
3 336 356 348
3 346 357 356
3 347 348 357
3 356 357 348
3 337 351 359
3 341 358 351
3 345 359 358
3 351 358 359
3 341 349 361
3 347 360 349
3 340 361 360
3 349 360 361
3 347 357 363
3 346 362 357
3 338 363 362
3 357 362 363
3 346 355 365
3 343 364 355
3 342 365 364
3 355 364 365
3 343 353 367
3 337 366 353
3 344 367 366
3 353 366 367
3 339 368 370
3 345 369 368
3 340 370 369
3 368 369 370
3 339 370 372
3 340 371 370
3 338 372 371
3 370 371 372
3 339 372 374
3 338 373 372
3 342 374 373
3 372 373 374
3 339 374 376
3 342 375 374
3 344 376 375
3 374 375 376
3 339 376 368
3 344 377 376
3 345 368 377
3 376 377 368
3 340 369 361
3 345 358 369
3 341 361 358
3 369 358 361
3 338 371 363
3 340 360 371
3 347 363 360
3 371 360 363
3 342 373 365
3 338 362 373
3 346 365 362
3 373 362 365
3 344 375 367
3 342 364 375
3 343 367 364
3 375 364 367
3 345 377 359
3 344 366 377
3 337 359 366
3 377 366 359
3 378 390 392
3 389 391 390
3 383 392 391
3 390 391 392
3 378 392 394
3 383 393 392
3 379 394 393
3 392 393 394
3 378 394 396
3 379 395 394
3 385 396 395
3 394 395 396
3 378 396 398
3 385 397 396
3 388 398 397
3 396 397 398
3 378 398 390
3 388 399 398
3 389 390 399
3 398 399 390
3 379 393 401
3 383 400 393
3 387 401 400
3 393 400 401
3 383 391 403
3 389 402 391
3 382 403 402
3 391 402 403
3 389 399 405
3 388 404 399
3 380 405 404
3 399 404 405
3 388 397 407
3 385 406 397
3 384 407 406
3 397 406 407
3 385 395 409
3 379 408 395
3 386 409 408
3 395 408 409
3 381 410 412
3 387 411 410
3 382 412 411
3 410 411 412
3 381 412 414
3 382 413 412
3 380 414 413
3 412 413 414
3 381 414 416
3 380 415 414
3 384 416 415
3 414 415 416
3 381 416 418
3 384 417 416
3 386 418 417
3 416 417 418
3 381 418 410
3 386 419 418
3 387 410 419
3 418 419 410
3 382 411 403
3 387 400 411
3 383 403 400
3 411 400 403
3 380 413 405
3 382 402 413
3 389 405 402
3 413 402 405
3 384 415 407
3 380 404 415
3 388 407 404
3 415 404 407
3 386 417 409
3 384 406 417
3 385 409 406
3 417 406 409
3 387 419 401
3 386 408 419
3 379 401 408
3 419 408 401
3 420 432 434
3 431 433 432
3 425 434 433
3 432 433 434
3 420 434 436
3 425 435 434
3 421 436 435
3 434 435 436
3 420 436 438
3 421 437 436
3 427 438 437
3 436 437 438
3 420 438 440
3 427 439 438
3 430 440 439
3 438 439 440
3 420 440 432
3 430 441 440
3 431 432 441
3 440 441 432
3 421 435 443
3 425 442 435
3 429 443 442
3 435 442 443
3 425 433 445
3 431 444 433
3 424 445 444
3 433 444 445
3 431 441 447
3 430 446 441
3 422 447 446
3 441 446 447
3 430 439 449
3 427 448 439
3 426 449 448
3 439 448 449
3 427 437 451
3 421 450 437
3 428 451 450
3 437 450 451
3 423 452 454
3 429 453 452
3 424 454 453
3 452 453 454
3 423 454 456
3 424 455 454
3 422 456 455
3 454 455 456
3 423 456 458
3 422 457 456
3 426 458 457
3 456 457 458
3 423 458 460
3 426 459 458
3 428 460 459
3 458 459 460
3 423 460 452
3 428 461 460
3 429 452 461
3 460 461 452
3 424 453 445
3 429 442 453
3 425 445 442
3 453 442 445
3 422 455 447
3 424 444 455
3 431 447 444
3 455 444 447
3 426 457 449
3 422 446 457
3 430 449 446
3 457 446 449
3 428 459 451
3 426 448 459
3 427 451 448
3 459 448 451
3 429 461 443
3 428 450 461
3 421 443 450
3 461 450 443
3 462 474 476
3 473 475 474
3 467 476 475
3 474 475 476
3 462 476 478
3 467 477 476
3 463 478 477
3 476 477 478
3 462 478 480
3 463 479 478
3 469 480 479
3 478 479 480
3 462 480 482
3 469 481 480
3 472 482 481
3 480 481 482
3 462 482 474
3 472 483 482
3 473 474 483
3 482 483 474
3 463 477 485
3 467 484 477
3 471 485 484
3 477 484 485
3 467 475 487
3 473 486 475
3 466 487 486
3 475 486 487
3 473 483 489
3 472 488 483
3 464 489 488
3 483 488 489
3 472 481 491
3 469 490 481
3 468 491 490
3 481 490 491
3 469 479 493
3 463 492 479
3 470 493 492
3 479 492 493
3 465 494 496
3 471 495 494
3 466 496 495
3 494 495 496
3 465 496 498
3 466 497 496
3 464 498 497
3 496 497 498
3 465 498 500
3 464 499 498
3 468 500 499
3 498 499 500
3 465 500 502
3 468 501 500
3 470 502 501
3 500 501 502
3 465 502 494
3 470 503 502
3 471 494 503
3 502 503 494
3 466 495 487
3 471 484 495
3 467 487 484
3 495 484 487
3 464 497 489
3 466 486 497
3 473 489 486
3 497 486 489
3 468 499 491
3 464 488 499
3 472 491 488
3 499 488 491
3 470 501 493
3 468 490 501
3 469 493 490
3 501 490 493
3 471 503 485
3 470 492 503
3 463 485 492
3 503 492 485
3 504 516 518
3 515 517 516
3 509 518 517
3 516 517 518
3 504 518 520
3 509 519 518
3 505 520 519
3 518 519 520
3 504 520 522
3 505 521 520
3 511 522 521
3 520 521 522
3 504 522 524
3 511 523 522
3 514 524 523
3 522 523 524
3 504 524 516
3 514 525 524
3 515 516 525
3 524 525 516
3 505 519 527
3 509 526 519
3 513 527 526
3 519 526 527
3 509 517 529
3 515 528 517
3 508 529 528
3 517 528 529
3 515 525 531
3 514 530 525
3 506 531 530
3 525 530 531
3 514 523 533
3 511 532 523
3 510 533 532
3 523 532 533
3 511 521 535
3 505 534 521
3 512 535 534
3 521 534 535
3 507 536 538
3 513 537 536
3 508 538 537
3 536 537 538
3 507 538 540
3 508 539 538
3 506 540 539
3 538 539 540
3 507 540 542
3 506 541 540
3 510 542 541
3 540 541 542
3 507 542 544
3 510 543 542
3 512 544 543
3 542 543 544
3 507 544 536
3 512 545 544
3 513 536 545
3 544 545 536
3 508 537 529
3 513 526 537
3 509 529 526
3 537 526 529
3 506 539 531
3 508 528 539
3 515 531 528
3 539 528 531
3 510 541 533
3 506 530 541
3 514 533 530
3 541 530 533
3 512 543 535
3 510 532 543
3 511 535 532
3 543 532 535
3 513 545 527
3 512 534 545
3 505 527 534
3 545 534 527
3 546 558 560
3 557 559 558
3 551 560 559
3 558 559 560
3 546 560 562
3 551 561 560
3 547 562 561
3 560 561 562
3 546 562 564
3 547 563 562
3 553 564 563
3 562 563 564
3 546 564 566
3 553 565 564
3 556 566 565
3 564 565 566
3 546 566 558
3 556 567 566
3 557 558 567
3 566 567 558
3 547 561 569
3 551 568 561
3 555 569 568
3 561 568 569
3 551 559 571
3 557 570 559
3 550 571 570
3 559 570 571
3 557 567 573
3 556 572 567
3 548 573 572
3 567 572 573
3 556 565 575
3 553 574 565
3 552 575 574
3 565 574 575
3 553 563 577
3 547 576 563
3 554 577 576
3 563 576 577
3 549 578 580
3 555 579 578
3 550 580 579
3 578 579 580
3 549 580 582
3 550 581 580
3 548 582 581
3 580 581 582
3 549 582 584
3 548 583 582
3 552 584 583
3 582 583 584
3 549 584 586
3 552 585 584
3 554 586 585
3 584 585 586
3 549 586 578
3 554 587 586
3 555 578 587
3 586 587 578
3 550 579 571
3 555 568 579
3 551 571 568
3 579 568 571
3 548 581 573
3 550 570 581
3 557 573 570
3 581 570 573
3 552 583 575
3 548 572 583
3 556 575 572
3 583 572 575
3 554 585 577
3 552 574 585
3 553 577 574
3 585 574 577
3 555 587 569
3 554 576 587
3 547 569 576
3 587 576 569
3 588 600 602
3 599 601 600
3 593 602 601
3 600 601 602
3 588 602 604
3 593 603 602
3 589 604 603
3 602 603 604
3 588 604 606
3 589 605 604
3 595 606 605
3 604 605 606
3 588 606 608
3 595 607 606
3 598 608 607
3 606 607 608
3 588 608 600
3 598 609 608
3 599 600 609
3 608 609 600
3 589 603 611
3 593 610 603
3 597 611 610
3 603 610 611
3 593 601 613
3 599 612 601
3 592 613 612
3 601 612 613
3 599 609 615
3 598 614 609
3 590 615 614
3 609 614 615
3 598 607 617
3 595 616 607
3 594 617 616
3 607 616 617
3 595 605 619
3 589 618 605
3 596 619 618
3 605 618 619
3 591 620 622
3 597 621 620
3 592 622 621
3 620 621 622
3 591 622 624
3 592 623 622
3 590 624 623
3 622 623 624
3 591 624 626
3 590 625 624
3 594 626 625
3 624 625 626
3 591 626 628
3 594 627 626
3 596 628 627
3 626 627 628
3 591 628 620
3 596 629 628
3 597 620 629
3 628 629 620
3 592 621 613
3 597 610 621
3 593 613 610
3 621 610 613
3 590 623 615
3 592 612 623
3 599 615 612
3 623 612 615
3 594 625 617
3 590 614 625
3 598 617 614
3 625 614 617
3 596 627 619
3 594 616 627
3 595 619 616
3 627 616 619
3 597 629 611
3 596 618 629
3 589 611 618
3 629 618 611
3 630 642 644
3 641 643 642
3 635 644 643
3 642 643 644
3 630 644 646
3 635 645 644
3 631 646 645
3 644 645 646
3 630 646 648
3 631 647 646
3 637 648 647
3 646 647 648
3 630 648 650
3 637 649 648
3 640 650 649
3 648 649 650
3 630 650 642
3 640 651 650
3 641 642 651
3 650 651 642
3 631 645 653
3 635 652 645
3 639 653 652
3 645 652 653
3 635 643 655
3 641 654 643
3 634 655 654
3 643 654 655
3 641 651 657
3 640 656 651
3 632 657 656
3 651 656 657
3 640 649 659
3 637 658 649
3 636 659 658
3 649 658 659
3 637 647 661
3 631 660 647
3 638 661 660
3 647 660 661
3 633 662 664
3 639 663 662
3 634 664 663
3 662 663 664
3 633 664 666
3 634 665 664
3 632 666 665
3 664 665 666
3 633 666 668
3 632 667 666
3 636 668 667
3 666 667 668
3 633 668 670
3 636 669 668
3 638 670 669
3 668 669 670
3 633 670 662
3 638 671 670
3 639 662 671
3 670 671 662
3 634 663 655
3 639 652 663
3 635 655 652
3 663 652 655
3 632 665 657
3 634 654 665
3 641 657 654
3 665 654 657
3 636 667 659
3 632 656 667
3 640 659 656
3 667 656 659
3 638 669 661
3 636 658 669
3 637 661 658
3 669 658 661
3 639 671 653
3 638 660 671
3 631 653 660
3 671 660 653
3 672 684 686
3 683 685 684
3 677 686 685
3 684 685 686
3 672 686 688
3 677 687 686
3 673 688 687
3 686 687 688
3 672 688 690
3 673 689 688
3 679 690 689
3 688 689 690
3 672 690 692
3 679 691 690
3 682 692 691
3 690 691 692
3 672 692 684
3 682 693 692
3 683 684 693
3 692 693 684
3 673 687 695
3 677 694 687
3 681 695 694
3 687 694 695
3 677 685 697
3 683 696 685
3 676 697 696
3 685 696 697
3 683 693 699
3 682 698 693
3 674 699 698
3 693 698 699
3 682 691 701
3 679 700 691
3 678 701 700
3 691 700 701
3 679 689 703
3 673 702 689
3 680 703 702
3 689 702 703
3 675 704 706
3 681 705 704
3 676 706 705
3 704 705 706
3 675 706 708
3 676 707 706
3 674 708 707
3 706 707 708
3 675 708 710
3 674 709 708
3 678 710 709
3 708 709 710
3 675 710 712
3 678 711 710
3 680 712 711
3 710 711 712
3 675 712 704
3 680 713 712
3 681 704 713
3 712 713 704
3 676 705 697
3 681 694 705
3 677 697 694
3 705 694 697
3 674 707 699
3 676 696 707
3 683 699 696
3 707 696 699
3 678 709 701
3 674 698 709
3 682 701 698
3 709 698 701
3 680 711 703
3 678 700 711
3 679 703 700
3 711 700 703
3 681 713 695
3 680 702 713
3 673 695 702
3 713 702 695
3 714 726 728
3 725 727 726
3 719 728 727
3 726 727 728
3 714 728 730
3 719 729 728
3 715 730 729
3 728 729 730
3 714 730 732
3 715 731 730
3 721 732 731
3 730 731 732
3 714 732 734
3 721 733 732
3 724 734 733
3 732 733 734
3 714 734 726
3 724 735 734
3 725 726 735
3 734 735 726
3 715 729 737
3 719 736 729
3 723 737 736
3 729 736 737
3 719 727 739
3 725 738 727
3 718 739 738
3 727 738 739
3 725 735 741
3 724 740 735
3 716 741 740
3 735 740 741
3 724 733 743
3 721 742 733
3 720 743 742
3 733 742 743
3 721 731 745
3 715 744 731
3 722 745 744
3 731 744 745
3 717 746 748
3 723 747 746
3 718 748 747
3 746 747 748
3 717 748 750
3 718 749 748
3 716 750 749
3 748 749 750
3 717 750 752
3 716 751 750
3 720 752 751
3 750 751 752
3 717 752 754
3 720 753 752
3 722 754 753
3 752 753 754
3 717 754 746
3 722 755 754
3 723 746 755
3 754 755 746
3 718 747 739
3 723 736 747
3 719 739 736
3 747 736 739
3 716 749 741
3 718 738 749
3 725 741 738
3 749 738 741
3 720 751 743
3 716 740 751
3 724 743 740
3 751 740 743
3 722 753 745
3 720 742 753
3 721 745 742
3 753 742 745
3 723 755 737
3 722 744 755
3 715 737 744
3 755 744 737
3 756 768 770
3 767 769 768
3 761 770 769
3 768 769 770
3 756 770 772
3 761 771 770
3 757 772 771
3 770 771 772
3 756 772 774
3 757 773 772
3 763 774 773
3 772 773 774
3 756 774 776
3 763 775 774
3 766 776 775
3 774 775 776
3 756 776 768
3 766 777 776
3 767 768 777
3 776 777 768
3 757 771 779
3 761 778 771
3 765 779 778
3 771 778 779
3 761 769 781
3 767 780 769
3 760 781 780
3 769 780 781
3 767 777 783
3 766 782 777
3 758 783 782
3 777 782 783
3 766 775 785
3 763 784 775
3 762 785 784
3 775 784 785
3 763 773 787
3 757 786 773
3 764 787 786
3 773 786 787
3 759 788 790
3 765 789 788
3 760 790 789
3 788 789 790
3 759 790 792
3 760 791 790
3 758 792 791
3 790 791 792
3 759 792 794
3 758 793 792
3 762 794 793
3 792 793 794
3 759 794 796
3 762 795 794
3 764 796 795
3 794 795 796
3 759 796 788
3 764 797 796
3 765 788 797
3 796 797 788
3 760 789 781
3 765 778 789
3 761 781 778
3 789 778 781
3 758 791 783
3 760 780 791
3 767 783 780
3 791 780 783
3 762 793 785
3 758 782 793
3 766 785 782
3 793 782 785
3 764 795 787
3 762 784 795
3 763 787 784
3 795 784 787
3 765 797 779
3 764 786 797
3 757 779 786
3 797 786 779
3 798 810 812
3 809 811 810
3 803 812 811
3 810 811 812
3 798 812 814
3 803 813 812
3 799 814 813
3 812 813 814
3 798 814 816
3 799 815 814
3 805 816 815
3 814 815 816
3 798 816 818
3 805 817 816
3 808 818 817
3 816 817 818
3 798 818 810
3 808 819 818
3 809 810 819
3 818 819 810
3 799 813 821
3 803 820 813
3 807 821 820
3 813 820 821
3 803 811 823
3 809 822 811
3 802 823 822
3 811 822 823
3 809 819 825
3 808 824 819
3 800 825 824
3 819 824 825
3 808 817 827
3 805 826 817
3 804 827 826
3 817 826 827
3 805 815 829
3 799 828 815
3 806 829 828
3 815 828 829
3 801 830 832
3 807 831 830
3 802 832 831
3 830 831 832
3 801 832 834
3 802 833 832
3 800 834 833
3 832 833 834
3 801 834 836
3 800 835 834
3 804 836 835
3 834 835 836
3 801 836 838
3 804 837 836
3 806 838 837
3 836 837 838
3 801 838 830
3 806 839 838
3 807 830 839
3 838 839 830
3 802 831 823
3 807 820 831
3 803 823 820
3 831 820 823
3 800 833 825
3 802 822 833
3 809 825 822
3 833 822 825
3 804 835 827
3 800 824 835
3 808 827 824
3 835 824 827
3 806 837 829
3 804 826 837
3 805 829 826
3 837 826 829
3 807 839 821
3 806 828 839
3 799 821 828
3 839 828 821
3 840 852 854
3 851 853 852
3 845 854 853
3 852 853 854
3 840 854 856
3 845 855 854
3 841 856 855
3 854 855 856
3 840 856 858
3 841 857 856
3 847 858 857
3 856 857 858
3 840 858 860
3 847 859 858
3 850 860 859
3 858 859 860
3 840 860 852
3 850 861 860
3 851 852 861
3 860 861 852
3 841 855 863
3 845 862 855
3 849 863 862
3 855 862 863
3 845 853 865
3 851 864 853
3 844 865 864
3 853 864 865
3 851 861 867
3 850 866 861
3 842 867 866
3 861 866 867
3 850 859 869
3 847 868 859
3 846 869 868
3 859 868 869
3 847 857 871
3 841 870 857
3 848 871 870
3 857 870 871
3 843 872 874
3 849 873 872
3 844 874 873
3 872 873 874
3 843 874 876
3 844 875 874
3 842 876 875
3 874 875 876
3 843 876 878
3 842 877 876
3 846 878 877
3 876 877 878
3 843 878 880
3 846 879 878
3 848 880 879
3 878 879 880
3 843 880 872
3 848 881 880
3 849 872 881
3 880 881 872
3 844 873 865
3 849 862 873
3 845 865 862
3 873 862 865
3 842 875 867
3 844 864 875
3 851 867 864
3 875 864 867
3 846 877 869
3 842 866 877
3 850 869 866
3 877 866 869
3 848 879 871
3 846 868 879
3 847 871 868
3 879 868 871
3 849 881 863
3 848 870 881
3 841 863 870
3 881 870 863
3 882 894 896
3 893 895 894
3 887 896 895
3 894 895 896
3 882 896 898
3 887 897 896
3 883 898 897
3 896 897 898
3 882 898 900
3 883 899 898
3 889 900 899
3 898 899 900
3 882 900 902
3 889 901 900
3 892 902 901
3 900 901 902
3 882 902 894
3 892 903 902
3 893 894 903
3 902 903 894
3 883 897 905
3 887 904 897
3 891 905 904
3 897 904 905
3 887 895 907
3 893 906 895
3 886 907 906
3 895 906 907
3 893 903 909
3 892 908 903
3 884 909 908
3 903 908 909
3 892 901 911
3 889 910 901
3 888 911 910
3 901 910 911
3 889 899 913
3 883 912 899
3 890 913 912
3 899 912 913
3 885 914 916
3 891 915 914
3 886 916 915
3 914 915 916
3 885 916 918
3 886 917 916
3 884 918 917
3 916 917 918
3 885 918 920
3 884 919 918
3 888 920 919
3 918 919 920
3 885 920 922
3 888 921 920
3 890 922 921
3 920 921 922
3 885 922 914
3 890 923 922
3 891 914 923
3 922 923 914
3 886 915 907
3 891 904 915
3 887 907 904
3 915 904 907
3 884 917 909
3 886 906 917
3 893 909 906
3 917 906 909
3 888 919 911
3 884 908 919
3 892 911 908
3 919 908 911
3 890 921 913
3 888 910 921
3 889 913 910
3 921 910 913
3 891 923 905
3 890 912 923
3 883 905 912
3 923 912 905
3 924 936 938
3 935 937 936
3 929 938 937
3 936 937 938
3 924 938 940
3 929 939 938
3 925 940 939
3 938 939 940
3 924 940 942
3 925 941 940
3 931 942 941
3 940 941 942
3 924 942 944
3 931 943 942
3 934 944 943
3 942 943 944
3 924 944 936
3 934 945 944
3 935 936 945
3 944 945 936
3 925 939 947
3 929 946 939
3 933 947 946
3 939 946 947
3 929 937 949
3 935 948 937
3 928 949 948
3 937 948 949
3 935 945 951
3 934 950 945
3 926 951 950
3 945 950 951
3 934 943 953
3 931 952 943
3 930 953 952
3 943 952 953
3 931 941 955
3 925 954 941
3 932 955 954
3 941 954 955
3 927 956 958
3 933 957 956
3 928 958 957
3 956 957 958
3 927 958 960
3 928 959 958
3 926 960 959
3 958 959 960
3 927 960 962
3 926 961 960
3 930 962 961
3 960 961 962
3 927 962 964
3 930 963 962
3 932 964 963
3 962 963 964
3 927 964 956
3 932 965 964
3 933 956 965
3 964 965 956
3 928 957 949
3 933 946 957
3 929 949 946
3 957 946 949
3 926 959 951
3 928 948 959
3 935 951 948
3 959 948 951
3 930 961 953
3 926 950 961
3 934 953 950
3 961 950 953
3 932 963 955
3 930 952 963
3 931 955 952
3 963 952 955
3 933 965 947
3 932 954 965
3 925 947 954
3 965 954 947
3 966 978 980
3 977 979 978
3 971 980 979
3 978 979 980
3 966 980 982
3 971 981 980
3 967 982 981
3 980 981 982
3 966 982 984
3 967 983 982
3 973 984 983
3 982 983 984
3 966 984 986
3 973 985 984
3 976 986 985
3 984 985 986
3 966 986 978
3 976 987 986
3 977 978 987
3 986 987 978
3 967 981 989
3 971 988 981
3 975 989 988
3 981 988 989
3 971 979 991
3 977 990 979
3 970 991 990
3 979 990 991
3 977 987 993
3 976 992 987
3 968 993 992
3 987 992 993
3 976 985 995
3 973 994 985
3 972 995 994
3 985 994 995
3 973 983 997
3 967 996 983
3 974 997 996
3 983 996 997
3 969 998 1000
3 975 999 998
3 970 1000 999
3 998 999 1000
3 969 1000 1002
3 970 1001 1000
3 968 1002 1001
3 1000 1001 1002
3 969 1002 1004
3 968 1003 1002
3 972 1004 1003
3 1002 1003 1004
3 969 1004 1006
3 972 1005 1004
3 974 1006 1005
3 1004 1005 1006
3 969 1006 998
3 974 1007 1006
3 975 998 1007
3 1006 1007 998
3 970 999 991
3 975 988 999
3 971 991 988
3 999 988 991
3 968 1001 993
3 970 990 1001
3 977 993 990
3 1001 990 993
3 972 1003 995
3 968 992 1003
3 976 995 992
3 1003 992 995
3 974 1005 997
3 972 994 1005
3 973 997 994
3 1005 994 997
3 975 1007 989
3 974 996 1007
3 967 989 996
3 1007 996 989
3 1008 1020 1022
3 1019 1021 1020
3 1013 1022 1021
3 1020 1021 1022
3 1008 1022 1024
3 1013 1023 1022
3 1009 1024 1023
3 1022 1023 1024
3 1008 1024 1026
3 1009 1025 1024
3 1015 1026 1025
3 1024 1025 1026
3 1008 1026 1028
3 1015 1027 1026
3 1018 1028 1027
3 1026 1027 1028
3 1008 1028 1020
3 1018 1029 1028
3 1019 1020 1029
3 1028 1029 1020
3 1009 1023 1031
3 1013 1030 1023
3 1017 1031 1030
3 1023 1030 1031
3 1013 1021 1033
3 1019 1032 1021
3 1012 1033 1032
3 1021 1032 1033
3 1019 1029 1035
3 1018 1034 1029
3 1010 1035 1034
3 1029 1034 1035
3 1018 1027 1037
3 1015 1036 1027
3 1014 1037 1036
3 1027 1036 1037
3 1015 1025 1039
3 1009 1038 1025
3 1016 1039 1038
3 1025 1038 1039
3 1011 1040 1042
3 1017 1041 1040
3 1012 1042 1041
3 1040 1041 1042
3 1011 1042 1044
3 1012 1043 1042
3 1010 1044 1043
3 1042 1043 1044
3 1011 1044 1046
3 1010 1045 1044
3 1014 1046 1045
3 1044 1045 1046
3 1011 1046 1048
3 1014 1047 1046
3 1016 1048 1047
3 1046 1047 1048
3 1011 1048 1040
3 1016 1049 1048
3 1017 1040 1049
3 1048 1049 1040
3 1012 1041 1033
3 1017 1030 1041
3 1013 1033 1030
3 1041 1030 1033
3 1010 1043 1035
3 1012 1032 1043
3 1019 1035 1032
3 1043 1032 1035
3 1014 1045 1037
3 1010 1034 1045
3 1018 1037 1034
3 1045 1034 1037
3 1016 1047 1039
3 1014 1036 1047
3 1015 1039 1036
3 1047 1036 1039
3 1017 1049 1031
3 1016 1038 1049
3 1009 1031 1038
3 1049 1038 1031
3 1050 1062 1064
3 1061 1063 1062
3 1055 1064 1063
3 1062 1063 1064
3 1050 1064 1066
3 1055 1065 1064
3 1051 1066 1065
3 1064 1065 1066
3 1050 1066 1068
3 1051 1067 1066
3 1057 1068 1067
3 1066 1067 1068
3 1050 1068 1070
3 1057 1069 1068
3 1060 1070 1069
3 1068 1069 1070
3 1050 1070 1062
3 1060 1071 1070
3 1061 1062 1071
3 1070 1071 1062
3 1051 1065 1073
3 1055 1072 1065
3 1059 1073 1072
3 1065 1072 1073
3 1055 1063 1075
3 1061 1074 1063
3 1054 1075 1074
3 1063 1074 1075
3 1061 1071 1077
3 1060 1076 1071
3 1052 1077 1076
3 1071 1076 1077
3 1060 1069 1079
3 1057 1078 1069
3 1056 1079 1078
3 1069 1078 1079
3 1057 1067 1081
3 1051 1080 1067
3 1058 1081 1080
3 1067 1080 1081
3 1053 1082 1084
3 1059 1083 1082
3 1054 1084 1083
3 1082 1083 1084
3 1053 1084 1086
3 1054 1085 1084
3 1052 1086 1085
3 1084 1085 1086
3 1053 1086 1088
3 1052 1087 1086
3 1056 1088 1087
3 1086 1087 1088
3 1053 1088 1090
3 1056 1089 1088
3 1058 1090 1089
3 1088 1089 1090
3 1053 1090 1082
3 1058 1091 1090
3 1059 1082 1091
3 1090 1091 1082
3 1054 1083 1075
3 1059 1072 1083
3 1055 1075 1072
3 1083 1072 1075
3 1052 1085 1077
3 1054 1074 1085
3 1061 1077 1074
3 1085 1074 1077
3 1056 1087 1079
3 1052 1076 1087
3 1060 1079 1076
3 1087 1076 1079
3 1058 1089 1081
3 1056 1078 1089
3 1057 1081 1078
3 1089 1078 1081
3 1059 1091 1073
3 1058 1080 1091
3 1051 1073 1080
3 1091 1080 1073
3 1092 1104 1106
3 1103 1105 1104
3 1097 1106 1105
3 1104 1105 1106
3 1092 1106 1108
3 1097 1107 1106
3 1093 1108 1107
3 1106 1107 1108
3 1092 1108 1110
3 1093 1109 1108
3 1099 1110 1109
3 1108 1109 1110
3 1092 1110 1112
3 1099 1111 1110
3 1102 1112 1111
3 1110 1111 1112
3 1092 1112 1104
3 1102 1113 1112
3 1103 1104 1113
3 1112 1113 1104
3 1093 1107 1115
3 1097 1114 1107
3 1101 1115 1114
3 1107 1114 1115
3 1097 1105 1117
3 1103 1116 1105
3 1096 1117 1116
3 1105 1116 1117
3 1103 1113 1119
3 1102 1118 1113
3 1094 1119 1118
3 1113 1118 1119
3 1102 1111 1121
3 1099 1120 1111
3 1098 1121 1120
3 1111 1120 1121
3 1099 1109 1123
3 1093 1122 1109
3 1100 1123 1122
3 1109 1122 1123
3 1095 1124 1126
3 1101 1125 1124
3 1096 1126 1125
3 1124 1125 1126
3 1095 1126 1128
3 1096 1127 1126
3 1094 1128 1127
3 1126 1127 1128
3 1095 1128 1130
3 1094 1129 1128
3 1098 1130 1129
3 1128 1129 1130
3 1095 1130 1132
3 1098 1131 1130
3 1100 1132 1131
3 1130 1131 1132
3 1095 1132 1124
3 1100 1133 1132
3 1101 1124 1133
3 1132 1133 1124
3 1096 1125 1117
3 1101 1114 1125
3 1097 1117 1114
3 1125 1114 1117
3 1094 1127 1119
3 1096 1116 1127
3 1103 1119 1116
3 1127 1116 1119
3 1098 1129 1121
3 1094 1118 1129
3 1102 1121 1118
3 1129 1118 1121
3 1100 1131 1123
3 1098 1120 1131
3 1099 1123 1120
3 1131 1120 1123
3 1101 1133 1115
3 1100 1122 1133
3 1093 1115 1122
3 1133 1122 1115
3 1134 1146 1148
3 1145 1147 1146
3 1139 1148 1147
3 1146 1147 1148
3 1134 1148 1150
3 1139 1149 1148
3 1135 1150 1149
3 1148 1149 1150
3 1134 1150 1152
3 1135 1151 1150
3 1141 1152 1151
3 1150 1151 1152
3 1134 1152 1154
3 1141 1153 1152
3 1144 1154 1153
3 1152 1153 1154
3 1134 1154 1146
3 1144 1155 1154
3 1145 1146 1155
3 1154 1155 1146
3 1135 1149 1157
3 1139 1156 1149
3 1143 1157 1156
3 1149 1156 1157
3 1139 1147 1159
3 1145 1158 1147
3 1138 1159 1158
3 1147 1158 1159
3 1145 1155 1161
3 1144 1160 1155
3 1136 1161 1160
3 1155 1160 1161
3 1144 1153 1163
3 1141 1162 1153
3 1140 1163 1162
3 1153 1162 1163
3 1141 1151 1165
3 1135 1164 1151
3 1142 1165 1164
3 1151 1164 1165
3 1137 1166 1168
3 1143 1167 1166
3 1138 1168 1167
3 1166 1167 1168
3 1137 1168 1170
3 1138 1169 1168
3 1136 1170 1169
3 1168 1169 1170
3 1137 1170 1172
3 1136 1171 1170
3 1140 1172 1171
3 1170 1171 1172
3 1137 1172 1174
3 1140 1173 1172
3 1142 1174 1173
3 1172 1173 1174
3 1137 1174 1166
3 1142 1175 1174
3 1143 1166 1175
3 1174 1175 1166
3 1138 1167 1159
3 1143 1156 1167
3 1139 1159 1156
3 1167 1156 1159
3 1136 1169 1161
3 1138 1158 1169
3 1145 1161 1158
3 1169 1158 1161
3 1140 1171 1163
3 1136 1160 1171
3 1144 1163 1160
3 1171 1160 1163
3 1142 1173 1165
3 1140 1162 1173
3 1141 1165 1162
3 1173 1162 1165
3 1143 1175 1157
3 1142 1164 1175
3 1135 1157 1164
3 1175 1164 1157
3 1176 1188 1190
3 1187 1189 1188
3 1181 1190 1189
3 1188 1189 1190
3 1176 1190 1192
3 1181 1191 1190
3 1177 1192 1191
3 1190 1191 1192
3 1176 1192 1194
3 1177 1193 1192
3 1183 1194 1193
3 1192 1193 1194
3 1176 1194 1196
3 1183 1195 1194
3 1186 1196 1195
3 1194 1195 1196
3 1176 1196 1188
3 1186 1197 1196
3 1187 1188 1197
3 1196 1197 1188
3 1177 1191 1199
3 1181 1198 1191
3 1185 1199 1198
3 1191 1198 1199
3 1181 1189 1201
3 1187 1200 1189
3 1180 1201 1200
3 1189 1200 1201
3 1187 1197 1203
3 1186 1202 1197
3 1178 1203 1202
3 1197 1202 1203
3 1186 1195 1205
3 1183 1204 1195
3 1182 1205 1204
3 1195 1204 1205
3 1183 1193 1207
3 1177 1206 1193
3 1184 1207 1206
3 1193 1206 1207
3 1179 1208 1210
3 1185 1209 1208
3 1180 1210 1209
3 1208 1209 1210
3 1179 1210 1212
3 1180 1211 1210
3 1178 1212 1211
3 1210 1211 1212
3 1179 1212 1214
3 1178 1213 1212
3 1182 1214 1213
3 1212 1213 1214
3 1179 1214 1216
3 1182 1215 1214
3 1184 1216 1215
3 1214 1215 1216
3 1179 1216 1208
3 1184 1217 1216
3 1185 1208 1217
3 1216 1217 1208
3 1180 1209 1201
3 1185 1198 1209
3 1181 1201 1198
3 1209 1198 1201
3 1178 1211 1203
3 1180 1200 1211
3 1187 1203 1200
3 1211 1200 1203
3 1182 1213 1205
3 1178 1202 1213
3 1186 1205 1202
3 1213 1202 1205
3 1184 1215 1207
3 1182 1204 1215
3 1183 1207 1204
3 1215 1204 1207
3 1185 1217 1199
3 1184 1206 1217
3 1177 1199 1206
3 1217 1206 1199
3 1218 1230 1232
3 1229 1231 1230
3 1223 1232 1231
3 1230 1231 1232
3 1218 1232 1234
3 1223 1233 1232
3 1219 1234 1233
3 1232 1233 1234
3 1218 1234 1236
3 1219 1235 1234
3 1225 1236 1235
3 1234 1235 1236
3 1218 1236 1238
3 1225 1237 1236
3 1228 1238 1237
3 1236 1237 1238
3 1218 1238 1230
3 1228 1239 1238
3 1229 1230 1239
3 1238 1239 1230
3 1219 1233 1241
3 1223 1240 1233
3 1227 1241 1240
3 1233 1240 1241
3 1223 1231 1243
3 1229 1242 1231
3 1222 1243 1242
3 1231 1242 1243
3 1229 1239 1245
3 1228 1244 1239
3 1220 1245 1244
3 1239 1244 1245
3 1228 1237 1247
3 1225 1246 1237
3 1224 1247 1246
3 1237 1246 1247
3 1225 1235 1249
3 1219 1248 1235
3 1226 1249 1248
3 1235 1248 1249
3 1221 1250 1252
3 1227 1251 1250
3 1222 1252 1251
3 1250 1251 1252
3 1221 1252 1254
3 1222 1253 1252
3 1220 1254 1253
3 1252 1253 1254
3 1221 1254 1256
3 1220 1255 1254
3 1224 1256 1255
3 1254 1255 1256
3 1221 1256 1258
3 1224 1257 1256
3 1226 1258 1257
3 1256 1257 1258
3 1221 1258 1250
3 1226 1259 1258
3 1227 1250 1259
3 1258 1259 1250
3 1222 1251 1243
3 1227 1240 1251
3 1223 1243 1240
3 1251 1240 1243
3 1220 1253 1245
3 1222 1242 1253
3 1229 1245 1242
3 1253 1242 1245
3 1224 1255 1247
3 1220 1244 1255
3 1228 1247 1244
3 1255 1244 1247
3 1226 1257 1249
3 1224 1246 1257
3 1225 1249 1246
3 1257 1246 1249
3 1227 1259 1241
3 1226 1248 1259
3 1219 1241 1248
3 1259 1248 1241
3 1260 1272 1274
3 1271 1273 1272
3 1265 1274 1273
3 1272 1273 1274
3 1260 1274 1276
3 1265 1275 1274
3 1261 1276 1275
3 1274 1275 1276
3 1260 1276 1278
3 1261 1277 1276
3 1267 1278 1277
3 1276 1277 1278
3 1260 1278 1280
3 1267 1279 1278
3 1270 1280 1279
3 1278 1279 1280
3 1260 1280 1272
3 1270 1281 1280
3 1271 1272 1281
3 1280 1281 1272
3 1261 1275 1283
3 1265 1282 1275
3 1269 1283 1282
3 1275 1282 1283
3 1265 1273 1285
3 1271 1284 1273
3 1264 1285 1284
3 1273 1284 1285
3 1271 1281 1287
3 1270 1286 1281
3 1262 1287 1286
3 1281 1286 1287
3 1270 1279 1289
3 1267 1288 1279
3 1266 1289 1288
3 1279 1288 1289
3 1267 1277 1291
3 1261 1290 1277
3 1268 1291 1290
3 1277 1290 1291
3 1263 1292 1294
3 1269 1293 1292
3 1264 1294 1293
3 1292 1293 1294
3 1263 1294 1296
3 1264 1295 1294
3 1262 1296 1295
3 1294 1295 1296
3 1263 1296 1298
3 1262 1297 1296
3 1266 1298 1297
3 1296 1297 1298
3 1263 1298 1300
3 1266 1299 1298
3 1268 1300 1299
3 1298 1299 1300
3 1263 1300 1292
3 1268 1301 1300
3 1269 1292 1301
3 1300 1301 1292
3 1264 1293 1285
3 1269 1282 1293
3 1265 1285 1282
3 1293 1282 1285
3 1262 1295 1287
3 1264 1284 1295
3 1271 1287 1284
3 1295 1284 1287
3 1266 1297 1289
3 1262 1286 1297
3 1270 1289 1286
3 1297 1286 1289
3 1268 1299 1291
3 1266 1288 1299
3 1267 1291 1288
3 1299 1288 1291
3 1269 1301 1283
3 1268 1290 1301
3 1261 1283 1290
3 1301 1290 1283
3 1302 1314 1316
3 1313 1315 1314
3 1307 1316 1315
3 1314 1315 1316
3 1302 1316 1318
3 1307 1317 1316
3 1303 1318 1317
3 1316 1317 1318
3 1302 1318 1320
3 1303 1319 1318
3 1309 1320 1319
3 1318 1319 1320
3 1302 1320 1322
3 1309 1321 1320
3 1312 1322 1321
3 1320 1321 1322
3 1302 1322 1314
3 1312 1323 1322
3 1313 1314 1323
3 1322 1323 1314
3 1303 1317 1325
3 1307 1324 1317
3 1311 1325 1324
3 1317 1324 1325
3 1307 1315 1327
3 1313 1326 1315
3 1306 1327 1326
3 1315 1326 1327
3 1313 1323 1329
3 1312 1328 1323
3 1304 1329 1328
3 1323 1328 1329
3 1312 1321 1331
3 1309 1330 1321
3 1308 1331 1330
3 1321 1330 1331
3 1309 1319 1333
3 1303 1332 1319
3 1310 1333 1332
3 1319 1332 1333
3 1305 1334 1336
3 1311 1335 1334
3 1306 1336 1335
3 1334 1335 1336
3 1305 1336 1338
3 1306 1337 1336
3 1304 1338 1337
3 1336 1337 1338
3 1305 1338 1340
3 1304 1339 1338
3 1308 1340 1339
3 1338 1339 1340
3 1305 1340 1342
3 1308 1341 1340
3 1310 1342 1341
3 1340 1341 1342
3 1305 1342 1334
3 1310 1343 1342
3 1311 1334 1343
3 1342 1343 1334
3 1306 1335 1327
3 1311 1324 1335
3 1307 1327 1324
3 1335 1324 1327
3 1304 1337 1329
3 1306 1326 1337
3 1313 1329 1326
3 1337 1326 1329
3 1308 1339 1331
3 1304 1328 1339
3 1312 1331 1328
3 1339 1328 1331
3 1310 1341 1333
3 1308 1330 1341
3 1309 1333 1330
3 1341 1330 1333
3 1311 1343 1325
3 1310 1332 1343
3 1303 1325 1332
3 1343 1332 1325
3 1344 1356 1358
3 1355 1357 1356
3 1349 1358 1357
3 1356 1357 1358
3 1344 1358 1360
3 1349 1359 1358
3 1345 1360 1359
3 1358 1359 1360
3 1344 1360 1362
3 1345 1361 1360
3 1351 1362 1361
3 1360 1361 1362
3 1344 1362 1364
3 1351 1363 1362
3 1354 1364 1363
3 1362 1363 1364
3 1344 1364 1356
3 1354 1365 1364
3 1355 1356 1365
3 1364 1365 1356
3 1345 1359 1367
3 1349 1366 1359
3 1353 1367 1366
3 1359 1366 1367
3 1349 1357 1369
3 1355 1368 1357
3 1348 1369 1368
3 1357 1368 1369
3 1355 1365 1371
3 1354 1370 1365
3 1346 1371 1370
3 1365 1370 1371
3 1354 1363 1373
3 1351 1372 1363
3 1350 1373 1372
3 1363 1372 1373
3 1351 1361 1375
3 1345 1374 1361
3 1352 1375 1374
3 1361 1374 1375
3 1347 1376 1378
3 1353 1377 1376
3 1348 1378 1377
3 1376 1377 1378
3 1347 1378 1380
3 1348 1379 1378
3 1346 1380 1379
3 1378 1379 1380
3 1347 1380 1382
3 1346 1381 1380
3 1350 1382 1381
3 1380 1381 1382
3 1347 1382 1384
3 1350 1383 1382
3 1352 1384 1383
3 1382 1383 1384
3 1347 1384 1376
3 1352 1385 1384
3 1353 1376 1385
3 1384 1385 1376
3 1348 1377 1369
3 1353 1366 1377
3 1349 1369 1366
3 1377 1366 1369
3 1346 1379 1371
3 1348 1368 1379
3 1355 1371 1368
3 1379 1368 1371
3 1350 1381 1373
3 1346 1370 1381
3 1354 1373 1370
3 1381 1370 1373
3 1352 1383 1375
3 1350 1372 1383
3 1351 1375 1372
3 1383 1372 1375
3 1353 1385 1367
3 1352 1374 1385
3 1345 1367 1374
3 1385 1374 1367
3 1386 1398 1400
3 1397 1399 1398
3 1391 1400 1399
3 1398 1399 1400
3 1386 1400 1402
3 1391 1401 1400
3 1387 1402 1401
3 1400 1401 1402
3 1386 1402 1404
3 1387 1403 1402
3 1393 1404 1403
3 1402 1403 1404
3 1386 1404 1406
3 1393 1405 1404
3 1396 1406 1405
3 1404 1405 1406
3 1386 1406 1398
3 1396 1407 1406
3 1397 1398 1407
3 1406 1407 1398
3 1387 1401 1409
3 1391 1408 1401
3 1395 1409 1408
3 1401 1408 1409
3 1391 1399 1411
3 1397 1410 1399
3 1390 1411 1410
3 1399 1410 1411
3 1397 1407 1413
3 1396 1412 1407
3 1388 1413 1412
3 1407 1412 1413
3 1396 1405 1415
3 1393 1414 1405
3 1392 1415 1414
3 1405 1414 1415
3 1393 1403 1417
3 1387 1416 1403
3 1394 1417 1416
3 1403 1416 1417
3 1389 1418 1420
3 1395 1419 1418
3 1390 1420 1419
3 1418 1419 1420
3 1389 1420 1422
3 1390 1421 1420
3 1388 1422 1421
3 1420 1421 1422
3 1389 1422 1424
3 1388 1423 1422
3 1392 1424 1423
3 1422 1423 1424
3 1389 1424 1426
3 1392 1425 1424
3 1394 1426 1425
3 1424 1425 1426
3 1389 1426 1418
3 1394 1427 1426
3 1395 1418 1427
3 1426 1427 1418
3 1390 1419 1411
3 1395 1408 1419
3 1391 1411 1408
3 1419 1408 1411
3 1388 1421 1413
3 1390 1410 1421
3 1397 1413 1410
3 1421 1410 1413
3 1392 1423 1415
3 1388 1412 1423
3 1396 1415 1412
3 1423 1412 1415
3 1394 1425 1417
3 1392 1414 1425
3 1393 1417 1414
3 1425 1414 1417
3 1395 1427 1409
3 1394 1416 1427
3 1387 1409 1416
3 1427 1416 1409
3 1428 1440 1442
3 1439 1441 1440
3 1433 1442 1441
3 1440 1441 1442
3 1428 1442 1444
3 1433 1443 1442
3 1429 1444 1443
3 1442 1443 1444
3 1428 1444 1446
3 1429 1445 1444
3 1435 1446 1445
3 1444 1445 1446
3 1428 1446 1448
3 1435 1447 1446
3 1438 1448 1447
3 1446 1447 1448
3 1428 1448 1440
3 1438 1449 1448
3 1439 1440 1449
3 1448 1449 1440
3 1429 1443 1451
3 1433 1450 1443
3 1437 1451 1450
3 1443 1450 1451
3 1433 1441 1453
3 1439 1452 1441
3 1432 1453 1452
3 1441 1452 1453
3 1439 1449 1455
3 1438 1454 1449
3 1430 1455 1454
3 1449 1454 1455
3 1438 1447 1457
3 1435 1456 1447
3 1434 1457 1456
3 1447 1456 1457
3 1435 1445 1459
3 1429 1458 1445
3 1436 1459 1458
3 1445 1458 1459
3 1431 1460 1462
3 1437 1461 1460
3 1432 1462 1461
3 1460 1461 1462
3 1431 1462 1464
3 1432 1463 1462
3 1430 1464 1463
3 1462 1463 1464
3 1431 1464 1466
3 1430 1465 1464
3 1434 1466 1465
3 1464 1465 1466
3 1431 1466 1468
3 1434 1467 1466
3 1436 1468 1467
3 1466 1467 1468
3 1431 1468 1460
3 1436 1469 1468
3 1437 1460 1469
3 1468 1469 1460
3 1432 1461 1453
3 1437 1450 1461
3 1433 1453 1450
3 1461 1450 1453
3 1430 1463 1455
3 1432 1452 1463
3 1439 1455 1452
3 1463 1452 1455
3 1434 1465 1457
3 1430 1454 1465
3 1438 1457 1454
3 1465 1454 1457
3 1436 1467 1459
3 1434 1456 1467
3 1435 1459 1456
3 1467 1456 1459
3 1437 1469 1451
3 1436 1458 1469
3 1429 1451 1458
3 1469 1458 1451
3 1470 1482 1484
3 1481 1483 1482
3 1475 1484 1483
3 1482 1483 1484
3 1470 1484 1486
3 1475 1485 1484
3 1471 1486 1485
3 1484 1485 1486
3 1470 1486 1488
3 1471 1487 1486
3 1477 1488 1487
3 1486 1487 1488
3 1470 1488 1490
3 1477 1489 1488
3 1480 1490 1489
3 1488 1489 1490
3 1470 1490 1482
3 1480 1491 1490
3 1481 1482 1491
3 1490 1491 1482
3 1471 1485 1493
3 1475 1492 1485
3 1479 1493 1492
3 1485 1492 1493
3 1475 1483 1495
3 1481 1494 1483
3 1474 1495 1494
3 1483 1494 1495
3 1481 1491 1497
3 1480 1496 1491
3 1472 1497 1496
3 1491 1496 1497
3 1480 1489 1499
3 1477 1498 1489
3 1476 1499 1498
3 1489 1498 1499
3 1477 1487 1501
3 1471 1500 1487
3 1478 1501 1500
3 1487 1500 1501
3 1473 1502 1504
3 1479 1503 1502
3 1474 1504 1503
3 1502 1503 1504
3 1473 1504 1506
3 1474 1505 1504
3 1472 1506 1505
3 1504 1505 1506
3 1473 1506 1508
3 1472 1507 1506
3 1476 1508 1507
3 1506 1507 1508
3 1473 1508 1510
3 1476 1509 1508
3 1478 1510 1509
3 1508 1509 1510
3 1473 1510 1502
3 1478 1511 1510
3 1479 1502 1511
3 1510 1511 1502
3 1474 1503 1495
3 1479 1492 1503
3 1475 1495 1492
3 1503 1492 1495
3 1472 1505 1497
3 1474 1494 1505
3 1481 1497 1494
3 1505 1494 1497
3 1476 1507 1499
3 1472 1496 1507
3 1480 1499 1496
3 1507 1496 1499
3 1478 1509 1501
3 1476 1498 1509
3 1477 1501 1498
3 1509 1498 1501
3 1479 1511 1493
3 1478 1500 1511
3 1471 1493 1500
3 1511 1500 1493
3 1512 1524 1526
3 1523 1525 1524
3 1517 1526 1525
3 1524 1525 1526
3 1512 1526 1528
3 1517 1527 1526
3 1513 1528 1527
3 1526 1527 1528
3 1512 1528 1530
3 1513 1529 1528
3 1519 1530 1529
3 1528 1529 1530
3 1512 1530 1532
3 1519 1531 1530
3 1522 1532 1531
3 1530 1531 1532
3 1512 1532 1524
3 1522 1533 1532
3 1523 1524 1533
3 1532 1533 1524
3 1513 1527 1535
3 1517 1534 1527
3 1521 1535 1534
3 1527 1534 1535
3 1517 1525 1537
3 1523 1536 1525
3 1516 1537 1536
3 1525 1536 1537
3 1523 1533 1539
3 1522 1538 1533
3 1514 1539 1538
3 1533 1538 1539
3 1522 1531 1541
3 1519 1540 1531
3 1518 1541 1540
3 1531 1540 1541
3 1519 1529 1543
3 1513 1542 1529
3 1520 1543 1542
3 1529 1542 1543
3 1515 1544 1546
3 1521 1545 1544
3 1516 1546 1545
3 1544 1545 1546
3 1515 1546 1548
3 1516 1547 1546
3 1514 1548 1547
3 1546 1547 1548
3 1515 1548 1550
3 1514 1549 1548
3 1518 1550 1549
3 1548 1549 1550
3 1515 1550 1552
3 1518 1551 1550
3 1520 1552 1551
3 1550 1551 1552
3 1515 1552 1544
3 1520 1553 1552
3 1521 1544 1553
3 1552 1553 1544
3 1516 1545 1537
3 1521 1534 1545
3 1517 1537 1534
3 1545 1534 1537
3 1514 1547 1539
3 1516 1536 1547
3 1523 1539 1536
3 1547 1536 1539
3 1518 1549 1541
3 1514 1538 1549
3 1522 1541 1538
3 1549 1538 1541
3 1520 1551 1543
3 1518 1540 1551
3 1519 1543 1540
3 1551 1540 1543
3 1521 1553 1535
3 1520 1542 1553
3 1513 1535 1542
3 1553 1542 1535
3 1554 1566 1568
3 1565 1567 1566
3 1559 1568 1567
3 1566 1567 1568
3 1554 1568 1570
3 1559 1569 1568
3 1555 1570 1569
3 1568 1569 1570
3 1554 1570 1572
3 1555 1571 1570
3 1561 1572 1571
3 1570 1571 1572
3 1554 1572 1574
3 1561 1573 1572
3 1564 1574 1573
3 1572 1573 1574
3 1554 1574 1566
3 1564 1575 1574
3 1565 1566 1575
3 1574 1575 1566
3 1555 1569 1577
3 1559 1576 1569
3 1563 1577 1576
3 1569 1576 1577
3 1559 1567 1579
3 1565 1578 1567
3 1558 1579 1578
3 1567 1578 1579
3 1565 1575 1581
3 1564 1580 1575
3 1556 1581 1580
3 1575 1580 1581
3 1564 1573 1583
3 1561 1582 1573
3 1560 1583 1582
3 1573 1582 1583
3 1561 1571 1585
3 1555 1584 1571
3 1562 1585 1584
3 1571 1584 1585
3 1557 1586 1588
3 1563 1587 1586
3 1558 1588 1587
3 1586 1587 1588
3 1557 1588 1590
3 1558 1589 1588
3 1556 1590 1589
3 1588 1589 1590
3 1557 1590 1592
3 1556 1591 1590
3 1560 1592 1591
3 1590 1591 1592
3 1557 1592 1594
3 1560 1593 1592
3 1562 1594 1593
3 1592 1593 1594
3 1557 1594 1586
3 1562 1595 1594
3 1563 1586 1595
3 1594 1595 1586
3 1558 1587 1579
3 1563 1576 1587
3 1559 1579 1576
3 1587 1576 1579
3 1556 1589 1581
3 1558 1578 1589
3 1565 1581 1578
3 1589 1578 1581
3 1560 1591 1583
3 1556 1580 1591
3 1564 1583 1580
3 1591 1580 1583
3 1562 1593 1585
3 1560 1582 1593
3 1561 1585 1582
3 1593 1582 1585
3 1563 1595 1577
3 1562 1584 1595
3 1555 1577 1584
3 1595 1584 1577
3 1596 1608 1610
3 1607 1609 1608
3 1601 1610 1609
3 1608 1609 1610
3 1596 1610 1612
3 1601 1611 1610
3 1597 1612 1611
3 1610 1611 1612
3 1596 1612 1614
3 1597 1613 1612
3 1603 1614 1613
3 1612 1613 1614
3 1596 1614 1616
3 1603 1615 1614
3 1606 1616 1615
3 1614 1615 1616
3 1596 1616 1608
3 1606 1617 1616
3 1607 1608 1617
3 1616 1617 1608
3 1597 1611 1619
3 1601 1618 1611
3 1605 1619 1618
3 1611 1618 1619
3 1601 1609 1621
3 1607 1620 1609
3 1600 1621 1620
3 1609 1620 1621
3 1607 1617 1623
3 1606 1622 1617
3 1598 1623 1622
3 1617 1622 1623
3 1606 1615 1625
3 1603 1624 1615
3 1602 1625 1624
3 1615 1624 1625
3 1603 1613 1627
3 1597 1626 1613
3 1604 1627 1626
3 1613 1626 1627
3 1599 1628 1630
3 1605 1629 1628
3 1600 1630 1629
3 1628 1629 1630
3 1599 1630 1632
3 1600 1631 1630
3 1598 1632 1631
3 1630 1631 1632
3 1599 1632 1634
3 1598 1633 1632
3 1602 1634 1633
3 1632 1633 1634
3 1599 1634 1636
3 1602 1635 1634
3 1604 1636 1635
3 1634 1635 1636
3 1599 1636 1628
3 1604 1637 1636
3 1605 1628 1637
3 1636 1637 1628
3 1600 1629 1621
3 1605 1618 1629
3 1601 1621 1618
3 1629 1618 1621
3 1598 1631 1623
3 1600 1620 1631
3 1607 1623 1620
3 1631 1620 1623
3 1602 1633 1625
3 1598 1622 1633
3 1606 1625 1622
3 1633 1622 1625
3 1604 1635 1627
3 1602 1624 1635
3 1603 1627 1624
3 1635 1624 1627
3 1605 1637 1619
3 1604 1626 1637
3 1597 1619 1626
3 1637 1626 1619
3 1638 1650 1652
3 1649 1651 1650
3 1643 1652 1651
3 1650 1651 1652
3 1638 1652 1654
3 1643 1653 1652
3 1639 1654 1653
3 1652 1653 1654
3 1638 1654 1656
3 1639 1655 1654
3 1645 1656 1655
3 1654 1655 1656
3 1638 1656 1658
3 1645 1657 1656
3 1648 1658 1657
3 1656 1657 1658
3 1638 1658 1650
3 1648 1659 1658
3 1649 1650 1659
3 1658 1659 1650
3 1639 1653 1661
3 1643 1660 1653
3 1647 1661 1660
3 1653 1660 1661
3 1643 1651 1663
3 1649 1662 1651
3 1642 1663 1662
3 1651 1662 1663
3 1649 1659 1665
3 1648 1664 1659
3 1640 1665 1664
3 1659 1664 1665
3 1648 1657 1667
3 1645 1666 1657
3 1644 1667 1666
3 1657 1666 1667
3 1645 1655 1669
3 1639 1668 1655
3 1646 1669 1668
3 1655 1668 1669
3 1641 1670 1672
3 1647 1671 1670
3 1642 1672 1671
3 1670 1671 1672
3 1641 1672 1674
3 1642 1673 1672
3 1640 1674 1673
3 1672 1673 1674
3 1641 1674 1676
3 1640 1675 1674
3 1644 1676 1675
3 1674 1675 1676
3 1641 1676 1678
3 1644 1677 1676
3 1646 1678 1677
3 1676 1677 1678
3 1641 1678 1670
3 1646 1679 1678
3 1647 1670 1679
3 1678 1679 1670
3 1642 1671 1663
3 1647 1660 1671
3 1643 1663 1660
3 1671 1660 1663
3 1640 1673 1665
3 1642 1662 1673
3 1649 1665 1662
3 1673 1662 1665
3 1644 1675 1667
3 1640 1664 1675
3 1648 1667 1664
3 1675 1664 1667
3 1646 1677 1669
3 1644 1666 1677
3 1645 1669 1666
3 1677 1666 1669
3 1647 1679 1661
3 1646 1668 1679
3 1639 1661 1668
3 1679 1668 1661
3 1680 1692 1694
3 1691 1693 1692
3 1685 1694 1693
3 1692 1693 1694
3 1680 1694 1696
3 1685 1695 1694
3 1681 1696 1695
3 1694 1695 1696
3 1680 1696 1698
3 1681 1697 1696
3 1687 1698 1697
3 1696 1697 1698
3 1680 1698 1700
3 1687 1699 1698
3 1690 1700 1699
3 1698 1699 1700
3 1680 1700 1692
3 1690 1701 1700
3 1691 1692 1701
3 1700 1701 1692
3 1681 1695 1703
3 1685 1702 1695
3 1689 1703 1702
3 1695 1702 1703
3 1685 1693 1705
3 1691 1704 1693
3 1684 1705 1704
3 1693 1704 1705
3 1691 1701 1707
3 1690 1706 1701
3 1682 1707 1706
3 1701 1706 1707
3 1690 1699 1709
3 1687 1708 1699
3 1686 1709 1708
3 1699 1708 1709
3 1687 1697 1711
3 1681 1710 1697
3 1688 1711 1710
3 1697 1710 1711
3 1683 1712 1714
3 1689 1713 1712
3 1684 1714 1713
3 1712 1713 1714
3 1683 1714 1716
3 1684 1715 1714
3 1682 1716 1715
3 1714 1715 1716
3 1683 1716 1718
3 1682 1717 1716
3 1686 1718 1717
3 1716 1717 1718
3 1683 1718 1720
3 1686 1719 1718
3 1688 1720 1719
3 1718 1719 1720
3 1683 1720 1712
3 1688 1721 1720
3 1689 1712 1721
3 1720 1721 1712
3 1684 1713 1705
3 1689 1702 1713
3 1685 1705 1702
3 1713 1702 1705
3 1682 1715 1707
3 1684 1704 1715
3 1691 1707 1704
3 1715 1704 1707
3 1686 1717 1709
3 1682 1706 1717
3 1690 1709 1706
3 1717 1706 1709
3 1688 1719 1711
3 1686 1708 1719
3 1687 1711 1708
3 1719 1708 1711
3 1689 1721 1703
3 1688 1710 1721
3 1681 1703 1710
3 1721 1710 1703
3 1722 1734 1736
3 1733 1735 1734
3 1727 1736 1735
3 1734 1735 1736
3 1722 1736 1738
3 1727 1737 1736
3 1723 1738 1737
3 1736 1737 1738
3 1722 1738 1740
3 1723 1739 1738
3 1729 1740 1739
3 1738 1739 1740
3 1722 1740 1742
3 1729 1741 1740
3 1732 1742 1741
3 1740 1741 1742
3 1722 1742 1734
3 1732 1743 1742
3 1733 1734 1743
3 1742 1743 1734
3 1723 1737 1745
3 1727 1744 1737
3 1731 1745 1744
3 1737 1744 1745
3 1727 1735 1747
3 1733 1746 1735
3 1726 1747 1746
3 1735 1746 1747
3 1733 1743 1749
3 1732 1748 1743
3 1724 1749 1748
3 1743 1748 1749
3 1732 1741 1751
3 1729 1750 1741
3 1728 1751 1750
3 1741 1750 1751
3 1729 1739 1753
3 1723 1752 1739
3 1730 1753 1752
3 1739 1752 1753
3 1725 1754 1756
3 1731 1755 1754
3 1726 1756 1755
3 1754 1755 1756
3 1725 1756 1758
3 1726 1757 1756
3 1724 1758 1757
3 1756 1757 1758
3 1725 1758 1760
3 1724 1759 1758
3 1728 1760 1759
3 1758 1759 1760
3 1725 1760 1762
3 1728 1761 1760
3 1730 1762 1761
3 1760 1761 1762
3 1725 1762 1754
3 1730 1763 1762
3 1731 1754 1763
3 1762 1763 1754
3 1726 1755 1747
3 1731 1744 1755
3 1727 1747 1744
3 1755 1744 1747
3 1724 1757 1749
3 1726 1746 1757
3 1733 1749 1746
3 1757 1746 1749
3 1728 1759 1751
3 1724 1748 1759
3 1732 1751 1748
3 1759 1748 1751
3 1730 1761 1753
3 1728 1750 1761
3 1729 1753 1750
3 1761 1750 1753
3 1731 1763 1745
3 1730 1752 1763
3 1723 1745 1752
3 1763 1752 1745
3 1764 1776 1778
3 1775 1777 1776
3 1769 1778 1777
3 1776 1777 1778
3 1764 1778 1780
3 1769 1779 1778
3 1765 1780 1779
3 1778 1779 1780
3 1764 1780 1782
3 1765 1781 1780
3 1771 1782 1781
3 1780 1781 1782
3 1764 1782 1784
3 1771 1783 1782
3 1774 1784 1783
3 1782 1783 1784
3 1764 1784 1776
3 1774 1785 1784
3 1775 1776 1785
3 1784 1785 1776
3 1765 1779 1787
3 1769 1786 1779
3 1773 1787 1786
3 1779 1786 1787
3 1769 1777 1789
3 1775 1788 1777
3 1768 1789 1788
3 1777 1788 1789
3 1775 1785 1791
3 1774 1790 1785
3 1766 1791 1790
3 1785 1790 1791
3 1774 1783 1793
3 1771 1792 1783
3 1770 1793 1792
3 1783 1792 1793
3 1771 1781 1795
3 1765 1794 1781
3 1772 1795 1794
3 1781 1794 1795
3 1767 1796 1798
3 1773 1797 1796
3 1768 1798 1797
3 1796 1797 1798
3 1767 1798 1800
3 1768 1799 1798
3 1766 1800 1799
3 1798 1799 1800
3 1767 1800 1802
3 1766 1801 1800
3 1770 1802 1801
3 1800 1801 1802
3 1767 1802 1804
3 1770 1803 1802
3 1772 1804 1803
3 1802 1803 1804
3 1767 1804 1796
3 1772 1805 1804
3 1773 1796 1805
3 1804 1805 1796
3 1768 1797 1789
3 1773 1786 1797
3 1769 1789 1786
3 1797 1786 1789
3 1766 1799 1791
3 1768 1788 1799
3 1775 1791 1788
3 1799 1788 1791
3 1770 1801 1793
3 1766 1790 1801
3 1774 1793 1790
3 1801 1790 1793
3 1772 1803 1795
3 1770 1792 1803
3 1771 1795 1792
3 1803 1792 1795
3 1773 1805 1787
3 1772 1794 1805
3 1765 1787 1794
3 1805 1794 1787
3 1806 1818 1820
3 1817 1819 1818
3 1811 1820 1819
3 1818 1819 1820
3 1806 1820 1822
3 1811 1821 1820
3 1807 1822 1821
3 1820 1821 1822
3 1806 1822 1824
3 1807 1823 1822
3 1813 1824 1823
3 1822 1823 1824
3 1806 1824 1826
3 1813 1825 1824
3 1816 1826 1825
3 1824 1825 1826
3 1806 1826 1818
3 1816 1827 1826
3 1817 1818 1827
3 1826 1827 1818
3 1807 1821 1829
3 1811 1828 1821
3 1815 1829 1828
3 1821 1828 1829
3 1811 1819 1831
3 1817 1830 1819
3 1810 1831 1830
3 1819 1830 1831
3 1817 1827 1833
3 1816 1832 1827
3 1808 1833 1832
3 1827 1832 1833
3 1816 1825 1835
3 1813 1834 1825
3 1812 1835 1834
3 1825 1834 1835
3 1813 1823 1837
3 1807 1836 1823
3 1814 1837 1836
3 1823 1836 1837
3 1809 1838 1840
3 1815 1839 1838
3 1810 1840 1839
3 1838 1839 1840
3 1809 1840 1842
3 1810 1841 1840
3 1808 1842 1841
3 1840 1841 1842
3 1809 1842 1844
3 1808 1843 1842
3 1812 1844 1843
3 1842 1843 1844
3 1809 1844 1846
3 1812 1845 1844
3 1814 1846 1845
3 1844 1845 1846
3 1809 1846 1838
3 1814 1847 1846
3 1815 1838 1847
3 1846 1847 1838
3 1810 1839 1831
3 1815 1828 1839
3 1811 1831 1828
3 1839 1828 1831
3 1808 1841 1833
3 1810 1830 1841
3 1817 1833 1830
3 1841 1830 1833
3 1812 1843 1835
3 1808 1832 1843
3 1816 1835 1832
3 1843 1832 1835
3 1814 1845 1837
3 1812 1834 1845
3 1813 1837 1834
3 1845 1834 1837
3 1815 1847 1829
3 1814 1836 1847
3 1807 1829 1836
3 1847 1836 1829
3 1848 1860 1862
3 1859 1861 1860
3 1853 1862 1861
3 1860 1861 1862
3 1848 1862 1864
3 1853 1863 1862
3 1849 1864 1863
3 1862 1863 1864
3 1848 1864 1866
3 1849 1865 1864
3 1855 1866 1865
3 1864 1865 1866
3 1848 1866 1868
3 1855 1867 1866
3 1858 1868 1867
3 1866 1867 1868
3 1848 1868 1860
3 1858 1869 1868
3 1859 1860 1869
3 1868 1869 1860
3 1849 1863 1871
3 1853 1870 1863
3 1857 1871 1870
3 1863 1870 1871
3 1853 1861 1873
3 1859 1872 1861
3 1852 1873 1872
3 1861 1872 1873
3 1859 1869 1875
3 1858 1874 1869
3 1850 1875 1874
3 1869 1874 1875
3 1858 1867 1877
3 1855 1876 1867
3 1854 1877 1876
3 1867 1876 1877
3 1855 1865 1879
3 1849 1878 1865
3 1856 1879 1878
3 1865 1878 1879
3 1851 1880 1882
3 1857 1881 1880
3 1852 1882 1881
3 1880 1881 1882
3 1851 1882 1884
3 1852 1883 1882
3 1850 1884 1883
3 1882 1883 1884
3 1851 1884 1886
3 1850 1885 1884
3 1854 1886 1885
3 1884 1885 1886
3 1851 1886 1888
3 1854 1887 1886
3 1856 1888 1887
3 1886 1887 1888
3 1851 1888 1880
3 1856 1889 1888
3 1857 1880 1889
3 1888 1889 1880
3 1852 1881 1873
3 1857 1870 1881
3 1853 1873 1870
3 1881 1870 1873
3 1850 1883 1875
3 1852 1872 1883
3 1859 1875 1872
3 1883 1872 1875
3 1854 1885 1877
3 1850 1874 1885
3 1858 1877 1874
3 1885 1874 1877
3 1856 1887 1879
3 1854 1876 1887
3 1855 1879 1876
3 1887 1876 1879
3 1857 1889 1871
3 1856 1878 1889
3 1849 1871 1878
3 1889 1878 1871
3 1890 1902 1904
3 1901 1903 1902
3 1895 1904 1903
3 1902 1903 1904
3 1890 1904 1906
3 1895 1905 1904
3 1891 1906 1905
3 1904 1905 1906
3 1890 1906 1908
3 1891 1907 1906
3 1897 1908 1907
3 1906 1907 1908
3 1890 1908 1910
3 1897 1909 1908
3 1900 1910 1909
3 1908 1909 1910
3 1890 1910 1902
3 1900 1911 1910
3 1901 1902 1911
3 1910 1911 1902
3 1891 1905 1913
3 1895 1912 1905
3 1899 1913 1912
3 1905 1912 1913
3 1895 1903 1915
3 1901 1914 1903
3 1894 1915 1914
3 1903 1914 1915
3 1901 1911 1917
3 1900 1916 1911
3 1892 1917 1916
3 1911 1916 1917
3 1900 1909 1919
3 1897 1918 1909
3 1896 1919 1918
3 1909 1918 1919
3 1897 1907 1921
3 1891 1920 1907
3 1898 1921 1920
3 1907 1920 1921
3 1893 1922 1924
3 1899 1923 1922
3 1894 1924 1923
3 1922 1923 1924
3 1893 1924 1926
3 1894 1925 1924
3 1892 1926 1925
3 1924 1925 1926
3 1893 1926 1928
3 1892 1927 1926
3 1896 1928 1927
3 1926 1927 1928
3 1893 1928 1930
3 1896 1929 1928
3 1898 1930 1929
3 1928 1929 1930
3 1893 1930 1922
3 1898 1931 1930
3 1899 1922 1931
3 1930 1931 1922
3 1894 1923 1915
3 1899 1912 1923
3 1895 1915 1912
3 1923 1912 1915
3 1892 1925 1917
3 1894 1914 1925
3 1901 1917 1914
3 1925 1914 1917
3 1896 1927 1919
3 1892 1916 1927
3 1900 1919 1916
3 1927 1916 1919
3 1898 1929 1921
3 1896 1918 1929
3 1897 1921 1918
3 1929 1918 1921
3 1899 1931 1913
3 1898 1920 1931
3 1891 1913 1920
3 1931 1920 1913
3 1932 1944 1946
3 1943 1945 1944
3 1937 1946 1945
3 1944 1945 1946
3 1932 1946 1948
3 1937 1947 1946
3 1933 1948 1947
3 1946 1947 1948
3 1932 1948 1950
3 1933 1949 1948
3 1939 1950 1949
3 1948 1949 1950
3 1932 1950 1952
3 1939 1951 1950
3 1942 1952 1951
3 1950 1951 1952
3 1932 1952 1944
3 1942 1953 1952
3 1943 1944 1953
3 1952 1953 1944
3 1933 1947 1955
3 1937 1954 1947
3 1941 1955 1954
3 1947 1954 1955
3 1937 1945 1957
3 1943 1956 1945
3 1936 1957 1956
3 1945 1956 1957
3 1943 1953 1959
3 1942 1958 1953
3 1934 1959 1958
3 1953 1958 1959
3 1942 1951 1961
3 1939 1960 1951
3 1938 1961 1960
3 1951 1960 1961
3 1939 1949 1963
3 1933 1962 1949
3 1940 1963 1962
3 1949 1962 1963
3 1935 1964 1966
3 1941 1965 1964
3 1936 1966 1965
3 1964 1965 1966
3 1935 1966 1968
3 1936 1967 1966
3 1934 1968 1967
3 1966 1967 1968
3 1935 1968 1970
3 1934 1969 1968
3 1938 1970 1969
3 1968 1969 1970
3 1935 1970 1972
3 1938 1971 1970
3 1940 1972 1971
3 1970 1971 1972
3 1935 1972 1964
3 1940 1973 1972
3 1941 1964 1973
3 1972 1973 1964
3 1936 1965 1957
3 1941 1954 1965
3 1937 1957 1954
3 1965 1954 1957
3 1934 1967 1959
3 1936 1956 1967
3 1943 1959 1956
3 1967 1956 1959
3 1938 1969 1961
3 1934 1958 1969
3 1942 1961 1958
3 1969 1958 1961
3 1940 1971 1963
3 1938 1960 1971
3 1939 1963 1960
3 1971 1960 1963
3 1941 1973 1955
3 1940 1962 1973
3 1933 1955 1962
3 1973 1962 1955
3 1974 1986 1988
3 1985 1987 1986
3 1979 1988 1987
3 1986 1987 1988
3 1974 1988 1990
3 1979 1989 1988
3 1975 1990 1989
3 1988 1989 1990
3 1974 1990 1992
3 1975 1991 1990
3 1981 1992 1991
3 1990 1991 1992
3 1974 1992 1994
3 1981 1993 1992
3 1984 1994 1993
3 1992 1993 1994
3 1974 1994 1986
3 1984 1995 1994
3 1985 1986 1995
3 1994 1995 1986
3 1975 1989 1997
3 1979 1996 1989
3 1983 1997 1996
3 1989 1996 1997
3 1979 1987 1999
3 1985 1998 1987
3 1978 1999 1998
3 1987 1998 1999
3 1985 1995 2001
3 1984 2000 1995
3 1976 2001 2000
3 1995 2000 2001
3 1984 1993 2003
3 1981 2002 1993
3 1980 2003 2002
3 1993 2002 2003
3 1981 1991 2005
3 1975 2004 1991
3 1982 2005 2004
3 1991 2004 2005
3 1977 2006 2008
3 1983 2007 2006
3 1978 2008 2007
3 2006 2007 2008
3 1977 2008 2010
3 1978 2009 2008
3 1976 2010 2009
3 2008 2009 2010
3 1977 2010 2012
3 1976 2011 2010
3 1980 2012 2011
3 2010 2011 2012
3 1977 2012 2014
3 1980 2013 2012
3 1982 2014 2013
3 2012 2013 2014
3 1977 2014 2006
3 1982 2015 2014
3 1983 2006 2015
3 2014 2015 2006
3 1978 2007 1999
3 1983 1996 2007
3 1979 1999 1996
3 2007 1996 1999
3 1976 2009 2001
3 1978 1998 2009
3 1985 2001 1998
3 2009 1998 2001
3 1980 2011 2003
3 1976 2000 2011
3 1984 2003 2000
3 2011 2000 2003
3 1982 2013 2005
3 1980 2002 2013
3 1981 2005 2002
3 2013 2002 2005
3 1983 2015 1997
3 1982 2004 2015
3 1975 1997 2004
3 2015 2004 1997
3 2016 2028 2030
3 2027 2029 2028
3 2021 2030 2029
3 2028 2029 2030
3 2016 2030 2032
3 2021 2031 2030
3 2017 2032 2031
3 2030 2031 2032
3 2016 2032 2034
3 2017 2033 2032
3 2023 2034 2033
3 2032 2033 2034
3 2016 2034 2036
3 2023 2035 2034
3 2026 2036 2035
3 2034 2035 2036
3 2016 2036 2028
3 2026 2037 2036
3 2027 2028 2037
3 2036 2037 2028
3 2017 2031 2039
3 2021 2038 2031
3 2025 2039 2038
3 2031 2038 2039
3 2021 2029 2041
3 2027 2040 2029
3 2020 2041 2040
3 2029 2040 2041
3 2027 2037 2043
3 2026 2042 2037
3 2018 2043 2042
3 2037 2042 2043
3 2026 2035 2045
3 2023 2044 2035
3 2022 2045 2044
3 2035 2044 2045
3 2023 2033 2047
3 2017 2046 2033
3 2024 2047 2046
3 2033 2046 2047
3 2019 2048 2050
3 2025 2049 2048
3 2020 2050 2049
3 2048 2049 2050
3 2019 2050 2052
3 2020 2051 2050
3 2018 2052 2051
3 2050 2051 2052
3 2019 2052 2054
3 2018 2053 2052
3 2022 2054 2053
3 2052 2053 2054
3 2019 2054 2056
3 2022 2055 2054
3 2024 2056 2055
3 2054 2055 2056
3 2019 2056 2048
3 2024 2057 2056
3 2025 2048 2057
3 2056 2057 2048
3 2020 2049 2041
3 2025 2038 2049
3 2021 2041 2038
3 2049 2038 2041
3 2018 2051 2043
3 2020 2040 2051
3 2027 2043 2040
3 2051 2040 2043
3 2022 2053 2045
3 2018 2042 2053
3 2026 2045 2042
3 2053 2042 2045
3 2024 2055 2047
3 2022 2044 2055
3 2023 2047 2044
3 2055 2044 2047
3 2025 2057 2039
3 2024 2046 2057
3 2017 2039 2046
3 2057 2046 2039
3 2058 2070 2072
3 2069 2071 2070
3 2063 2072 2071
3 2070 2071 2072
3 2058 2072 2074
3 2063 2073 2072
3 2059 2074 2073
3 2072 2073 2074
3 2058 2074 2076
3 2059 2075 2074
3 2065 2076 2075
3 2074 2075 2076
3 2058 2076 2078
3 2065 2077 2076
3 2068 2078 2077
3 2076 2077 2078
3 2058 2078 2070
3 2068 2079 2078
3 2069 2070 2079
3 2078 2079 2070
3 2059 2073 2081
3 2063 2080 2073
3 2067 2081 2080
3 2073 2080 2081
3 2063 2071 2083
3 2069 2082 2071
3 2062 2083 2082
3 2071 2082 2083
3 2069 2079 2085
3 2068 2084 2079
3 2060 2085 2084
3 2079 2084 2085
3 2068 2077 2087
3 2065 2086 2077
3 2064 2087 2086
3 2077 2086 2087
3 2065 2075 2089
3 2059 2088 2075
3 2066 2089 2088
3 2075 2088 2089
3 2061 2090 2092
3 2067 2091 2090
3 2062 2092 2091
3 2090 2091 2092
3 2061 2092 2094
3 2062 2093 2092
3 2060 2094 2093
3 2092 2093 2094
3 2061 2094 2096
3 2060 2095 2094
3 2064 2096 2095
3 2094 2095 2096
3 2061 2096 2098
3 2064 2097 2096
3 2066 2098 2097
3 2096 2097 2098
3 2061 2098 2090
3 2066 2099 2098
3 2067 2090 2099
3 2098 2099 2090
3 2062 2091 2083
3 2067 2080 2091
3 2063 2083 2080
3 2091 2080 2083
3 2060 2093 2085
3 2062 2082 2093
3 2069 2085 2082
3 2093 2082 2085
3 2064 2095 2087
3 2060 2084 2095
3 2068 2087 2084
3 2095 2084 2087
3 2066 2097 2089
3 2064 2086 2097
3 2065 2089 2086
3 2097 2086 2089
3 2067 2099 2081
3 2066 2088 2099
3 2059 2081 2088
3 2099 2088 2081
3 2100 2112 2114
3 2111 2113 2112
3 2105 2114 2113
3 2112 2113 2114
3 2100 2114 2116
3 2105 2115 2114
3 2101 2116 2115
3 2114 2115 2116
3 2100 2116 2118
3 2101 2117 2116
3 2107 2118 2117
3 2116 2117 2118
3 2100 2118 2120
3 2107 2119 2118
3 2110 2120 2119
3 2118 2119 2120
3 2100 2120 2112
3 2110 2121 2120
3 2111 2112 2121
3 2120 2121 2112
3 2101 2115 2123
3 2105 2122 2115
3 2109 2123 2122
3 2115 2122 2123
3 2105 2113 2125
3 2111 2124 2113
3 2104 2125 2124
3 2113 2124 2125
3 2111 2121 2127
3 2110 2126 2121
3 2102 2127 2126
3 2121 2126 2127
3 2110 2119 2129
3 2107 2128 2119
3 2106 2129 2128
3 2119 2128 2129
3 2107 2117 2131
3 2101 2130 2117
3 2108 2131 2130
3 2117 2130 2131
3 2103 2132 2134
3 2109 2133 2132
3 2104 2134 2133
3 2132 2133 2134
3 2103 2134 2136
3 2104 2135 2134
3 2102 2136 2135
3 2134 2135 2136
3 2103 2136 2138
3 2102 2137 2136
3 2106 2138 2137
3 2136 2137 2138
3 2103 2138 2140
3 2106 2139 2138
3 2108 2140 2139
3 2138 2139 2140
3 2103 2140 2132
3 2108 2141 2140
3 2109 2132 2141
3 2140 2141 2132
3 2104 2133 2125
3 2109 2122 2133
3 2105 2125 2122
3 2133 2122 2125
3 2102 2135 2127
3 2104 2124 2135
3 2111 2127 2124
3 2135 2124 2127
3 2106 2137 2129
3 2102 2126 2137
3 2110 2129 2126
3 2137 2126 2129
3 2108 2139 2131
3 2106 2128 2139
3 2107 2131 2128
3 2139 2128 2131
3 2109 2141 2123
3 2108 2130 2141
3 2101 2123 2130
3 2141 2130 2123
3 2142 2154 2156
3 2153 2155 2154
3 2147 2156 2155
3 2154 2155 2156
3 2142 2156 2158
3 2147 2157 2156
3 2143 2158 2157
3 2156 2157 2158
3 2142 2158 2160
3 2143 2159 2158
3 2149 2160 2159
3 2158 2159 2160
3 2142 2160 2162
3 2149 2161 2160
3 2152 2162 2161
3 2160 2161 2162
3 2142 2162 2154
3 2152 2163 2162
3 2153 2154 2163
3 2162 2163 2154
3 2143 2157 2165
3 2147 2164 2157
3 2151 2165 2164
3 2157 2164 2165
3 2147 2155 2167
3 2153 2166 2155
3 2146 2167 2166
3 2155 2166 2167
3 2153 2163 2169
3 2152 2168 2163
3 2144 2169 2168
3 2163 2168 2169
3 2152 2161 2171
3 2149 2170 2161
3 2148 2171 2170
3 2161 2170 2171
3 2149 2159 2173
3 2143 2172 2159
3 2150 2173 2172
3 2159 2172 2173
3 2145 2174 2176
3 2151 2175 2174
3 2146 2176 2175
3 2174 2175 2176
3 2145 2176 2178
3 2146 2177 2176
3 2144 2178 2177
3 2176 2177 2178
3 2145 2178 2180
3 2144 2179 2178
3 2148 2180 2179
3 2178 2179 2180
3 2145 2180 2182
3 2148 2181 2180
3 2150 2182 2181
3 2180 2181 2182
3 2145 2182 2174
3 2150 2183 2182
3 2151 2174 2183
3 2182 2183 2174
3 2146 2175 2167
3 2151 2164 2175
3 2147 2167 2164
3 2175 2164 2167
3 2144 2177 2169
3 2146 2166 2177
3 2153 2169 2166
3 2177 2166 2169
3 2148 2179 2171
3 2144 2168 2179
3 2152 2171 2168
3 2179 2168 2171
3 2150 2181 2173
3 2148 2170 2181
3 2149 2173 2170
3 2181 2170 2173
3 2151 2183 2165
3 2150 2172 2183
3 2143 2165 2172
3 2183 2172 2165
3 2184 2196 2198
3 2195 2197 2196
3 2189 2198 2197
3 2196 2197 2198
3 2184 2198 2200
3 2189 2199 2198
3 2185 2200 2199
3 2198 2199 2200
3 2184 2200 2202
3 2185 2201 2200
3 2191 2202 2201
3 2200 2201 2202
3 2184 2202 2204
3 2191 2203 2202
3 2194 2204 2203
3 2202 2203 2204
3 2184 2204 2196
3 2194 2205 2204
3 2195 2196 2205
3 2204 2205 2196
3 2185 2199 2207
3 2189 2206 2199
3 2193 2207 2206
3 2199 2206 2207
3 2189 2197 2209
3 2195 2208 2197
3 2188 2209 2208
3 2197 2208 2209
3 2195 2205 2211
3 2194 2210 2205
3 2186 2211 2210
3 2205 2210 2211
3 2194 2203 2213
3 2191 2212 2203
3 2190 2213 2212
3 2203 2212 2213
3 2191 2201 2215
3 2185 2214 2201
3 2192 2215 2214
3 2201 2214 2215
3 2187 2216 2218
3 2193 2217 2216
3 2188 2218 2217
3 2216 2217 2218
3 2187 2218 2220
3 2188 2219 2218
3 2186 2220 2219
3 2218 2219 2220
3 2187 2220 2222
3 2186 2221 2220
3 2190 2222 2221
3 2220 2221 2222
3 2187 2222 2224
3 2190 2223 2222
3 2192 2224 2223
3 2222 2223 2224
3 2187 2224 2216
3 2192 2225 2224
3 2193 2216 2225
3 2224 2225 2216
3 2188 2217 2209
3 2193 2206 2217
3 2189 2209 2206
3 2217 2206 2209
3 2186 2219 2211
3 2188 2208 2219
3 2195 2211 2208
3 2219 2208 2211
3 2190 2221 2213
3 2186 2210 2221
3 2194 2213 2210
3 2221 2210 2213
3 2192 2223 2215
3 2190 2212 2223
3 2191 2215 2212
3 2223 2212 2215
3 2193 2225 2207
3 2192 2214 2225
3 2185 2207 2214
3 2225 2214 2207
3 2226 2238 2240
3 2237 2239 2238
3 2231 2240 2239
3 2238 2239 2240
3 2226 2240 2242
3 2231 2241 2240
3 2227 2242 2241
3 2240 2241 2242
3 2226 2242 2244
3 2227 2243 2242
3 2233 2244 2243
3 2242 2243 2244
3 2226 2244 2246
3 2233 2245 2244
3 2236 2246 2245
3 2244 2245 2246
3 2226 2246 2238
3 2236 2247 2246
3 2237 2238 2247
3 2246 2247 2238
3 2227 2241 2249
3 2231 2248 2241
3 2235 2249 2248
3 2241 2248 2249
3 2231 2239 2251
3 2237 2250 2239
3 2230 2251 2250
3 2239 2250 2251
3 2237 2247 2253
3 2236 2252 2247
3 2228 2253 2252
3 2247 2252 2253
3 2236 2245 2255
3 2233 2254 2245
3 2232 2255 2254
3 2245 2254 2255
3 2233 2243 2257
3 2227 2256 2243
3 2234 2257 2256
3 2243 2256 2257
3 2229 2258 2260
3 2235 2259 2258
3 2230 2260 2259
3 2258 2259 2260
3 2229 2260 2262
3 2230 2261 2260
3 2228 2262 2261
3 2260 2261 2262
3 2229 2262 2264
3 2228 2263 2262
3 2232 2264 2263
3 2262 2263 2264
3 2229 2264 2266
3 2232 2265 2264
3 2234 2266 2265
3 2264 2265 2266
3 2229 2266 2258
3 2234 2267 2266
3 2235 2258 2267
3 2266 2267 2258
3 2230 2259 2251
3 2235 2248 2259
3 2231 2251 2248
3 2259 2248 2251
3 2228 2261 2253
3 2230 2250 2261
3 2237 2253 2250
3 2261 2250 2253
3 2232 2263 2255
3 2228 2252 2263
3 2236 2255 2252
3 2263 2252 2255
3 2234 2265 2257
3 2232 2254 2265
3 2233 2257 2254
3 2265 2254 2257
3 2235 2267 2249
3 2234 2256 2267
3 2227 2249 2256
3 2267 2256 2249
3 2268 2280 2282
3 2279 2281 2280
3 2273 2282 2281
3 2280 2281 2282
3 2268 2282 2284
3 2273 2283 2282
3 2269 2284 2283
3 2282 2283 2284
3 2268 2284 2286
3 2269 2285 2284
3 2275 2286 2285
3 2284 2285 2286
3 2268 2286 2288
3 2275 2287 2286
3 2278 2288 2287
3 2286 2287 2288
3 2268 2288 2280
3 2278 2289 2288
3 2279 2280 2289
3 2288 2289 2280
3 2269 2283 2291
3 2273 2290 2283
3 2277 2291 2290
3 2283 2290 2291
3 2273 2281 2293
3 2279 2292 2281
3 2272 2293 2292
3 2281 2292 2293
3 2279 2289 2295
3 2278 2294 2289
3 2270 2295 2294
3 2289 2294 2295
3 2278 2287 2297
3 2275 2296 2287
3 2274 2297 2296
3 2287 2296 2297
3 2275 2285 2299
3 2269 2298 2285
3 2276 2299 2298
3 2285 2298 2299
3 2271 2300 2302
3 2277 2301 2300
3 2272 2302 2301
3 2300 2301 2302
3 2271 2302 2304
3 2272 2303 2302
3 2270 2304 2303
3 2302 2303 2304
3 2271 2304 2306
3 2270 2305 2304
3 2274 2306 2305
3 2304 2305 2306
3 2271 2306 2308
3 2274 2307 2306
3 2276 2308 2307
3 2306 2307 2308
3 2271 2308 2300
3 2276 2309 2308
3 2277 2300 2309
3 2308 2309 2300
3 2272 2301 2293
3 2277 2290 2301
3 2273 2293 2290
3 2301 2290 2293
3 2270 2303 2295
3 2272 2292 2303
3 2279 2295 2292
3 2303 2292 2295
3 2274 2305 2297
3 2270 2294 2305
3 2278 2297 2294
3 2305 2294 2297
3 2276 2307 2299
3 2274 2296 2307
3 2275 2299 2296
3 2307 2296 2299
3 2277 2309 2291
3 2276 2298 2309
3 2269 2291 2298
3 2309 2298 2291
3 2310 2322 2324
3 2321 2323 2322
3 2315 2324 2323
3 2322 2323 2324
3 2310 2324 2326
3 2315 2325 2324
3 2311 2326 2325
3 2324 2325 2326
3 2310 2326 2328
3 2311 2327 2326
3 2317 2328 2327
3 2326 2327 2328
3 2310 2328 2330
3 2317 2329 2328
3 2320 2330 2329
3 2328 2329 2330
3 2310 2330 2322
3 2320 2331 2330
3 2321 2322 2331
3 2330 2331 2322
3 2311 2325 2333
3 2315 2332 2325
3 2319 2333 2332
3 2325 2332 2333
3 2315 2323 2335
3 2321 2334 2323
3 2314 2335 2334
3 2323 2334 2335
3 2321 2331 2337
3 2320 2336 2331
3 2312 2337 2336
3 2331 2336 2337
3 2320 2329 2339
3 2317 2338 2329
3 2316 2339 2338
3 2329 2338 2339
3 2317 2327 2341
3 2311 2340 2327
3 2318 2341 2340
3 2327 2340 2341
3 2313 2342 2344
3 2319 2343 2342
3 2314 2344 2343
3 2342 2343 2344
3 2313 2344 2346
3 2314 2345 2344
3 2312 2346 2345
3 2344 2345 2346
3 2313 2346 2348
3 2312 2347 2346
3 2316 2348 2347
3 2346 2347 2348
3 2313 2348 2350
3 2316 2349 2348
3 2318 2350 2349
3 2348 2349 2350
3 2313 2350 2342
3 2318 2351 2350
3 2319 2342 2351
3 2350 2351 2342
3 2314 2343 2335
3 2319 2332 2343
3 2315 2335 2332
3 2343 2332 2335
3 2312 2345 2337
3 2314 2334 2345
3 2321 2337 2334
3 2345 2334 2337
3 2316 2347 2339
3 2312 2336 2347
3 2320 2339 2336
3 2347 2336 2339
3 2318 2349 2341
3 2316 2338 2349
3 2317 2341 2338
3 2349 2338 2341
3 2319 2351 2333
3 2318 2340 2351
3 2311 2333 2340
3 2351 2340 2333
3 2352 2364 2366
3 2363 2365 2364
3 2357 2366 2365
3 2364 2365 2366
3 2352 2366 2368
3 2357 2367 2366
3 2353 2368 2367
3 2366 2367 2368
3 2352 2368 2370
3 2353 2369 2368
3 2359 2370 2369
3 2368 2369 2370
3 2352 2370 2372
3 2359 2371 2370
3 2362 2372 2371
3 2370 2371 2372
3 2352 2372 2364
3 2362 2373 2372
3 2363 2364 2373
3 2372 2373 2364
3 2353 2367 2375
3 2357 2374 2367
3 2361 2375 2374
3 2367 2374 2375
3 2357 2365 2377
3 2363 2376 2365
3 2356 2377 2376
3 2365 2376 2377
3 2363 2373 2379
3 2362 2378 2373
3 2354 2379 2378
3 2373 2378 2379
3 2362 2371 2381
3 2359 2380 2371
3 2358 2381 2380
3 2371 2380 2381
3 2359 2369 2383
3 2353 2382 2369
3 2360 2383 2382
3 2369 2382 2383
3 2355 2384 2386
3 2361 2385 2384
3 2356 2386 2385
3 2384 2385 2386
3 2355 2386 2388
3 2356 2387 2386
3 2354 2388 2387
3 2386 2387 2388
3 2355 2388 2390
3 2354 2389 2388
3 2358 2390 2389
3 2388 2389 2390
3 2355 2390 2392
3 2358 2391 2390
3 2360 2392 2391
3 2390 2391 2392
3 2355 2392 2384
3 2360 2393 2392
3 2361 2384 2393
3 2392 2393 2384
3 2356 2385 2377
3 2361 2374 2385
3 2357 2377 2374
3 2385 2374 2377
3 2354 2387 2379
3 2356 2376 2387
3 2363 2379 2376
3 2387 2376 2379
3 2358 2389 2381
3 2354 2378 2389
3 2362 2381 2378
3 2389 2378 2381
3 2360 2391 2383
3 2358 2380 2391
3 2359 2383 2380
3 2391 2380 2383
3 2361 2393 2375
3 2360 2382 2393
3 2353 2375 2382
3 2393 2382 2375
3 2394 2406 2408
3 2405 2407 2406
3 2399 2408 2407
3 2406 2407 2408
3 2394 2408 2410
3 2399 2409 2408
3 2395 2410 2409
3 2408 2409 2410
3 2394 2410 2412
3 2395 2411 2410
3 2401 2412 2411
3 2410 2411 2412
3 2394 2412 2414
3 2401 2413 2412
3 2404 2414 2413
3 2412 2413 2414
3 2394 2414 2406
3 2404 2415 2414
3 2405 2406 2415
3 2414 2415 2406
3 2395 2409 2417
3 2399 2416 2409
3 2403 2417 2416
3 2409 2416 2417
3 2399 2407 2419
3 2405 2418 2407
3 2398 2419 2418
3 2407 2418 2419
3 2405 2415 2421
3 2404 2420 2415
3 2396 2421 2420
3 2415 2420 2421
3 2404 2413 2423
3 2401 2422 2413
3 2400 2423 2422
3 2413 2422 2423
3 2401 2411 2425
3 2395 2424 2411
3 2402 2425 2424
3 2411 2424 2425
3 2397 2426 2428
3 2403 2427 2426
3 2398 2428 2427
3 2426 2427 2428
3 2397 2428 2430
3 2398 2429 2428
3 2396 2430 2429
3 2428 2429 2430
3 2397 2430 2432
3 2396 2431 2430
3 2400 2432 2431
3 2430 2431 2432
3 2397 2432 2434
3 2400 2433 2432
3 2402 2434 2433
3 2432 2433 2434
3 2397 2434 2426
3 2402 2435 2434
3 2403 2426 2435
3 2434 2435 2426
3 2398 2427 2419
3 2403 2416 2427
3 2399 2419 2416
3 2427 2416 2419
3 2396 2429 2421
3 2398 2418 2429
3 2405 2421 2418
3 2429 2418 2421
3 2400 2431 2423
3 2396 2420 2431
3 2404 2423 2420
3 2431 2420 2423
3 2402 2433 2425
3 2400 2422 2433
3 2401 2425 2422
3 2433 2422 2425
3 2403 2435 2417
3 2402 2424 2435
3 2395 2417 2424
3 2435 2424 2417
3 2436 2448 2450
3 2447 2449 2448
3 2441 2450 2449
3 2448 2449 2450
3 2436 2450 2452
3 2441 2451 2450
3 2437 2452 2451
3 2450 2451 2452
3 2436 2452 2454
3 2437 2453 2452
3 2443 2454 2453
3 2452 2453 2454
3 2436 2454 2456
3 2443 2455 2454
3 2446 2456 2455
3 2454 2455 2456
3 2436 2456 2448
3 2446 2457 2456
3 2447 2448 2457
3 2456 2457 2448
3 2437 2451 2459
3 2441 2458 2451
3 2445 2459 2458
3 2451 2458 2459
3 2441 2449 2461
3 2447 2460 2449
3 2440 2461 2460
3 2449 2460 2461
3 2447 2457 2463
3 2446 2462 2457
3 2438 2463 2462
3 2457 2462 2463
3 2446 2455 2465
3 2443 2464 2455
3 2442 2465 2464
3 2455 2464 2465
3 2443 2453 2467
3 2437 2466 2453
3 2444 2467 2466
3 2453 2466 2467
3 2439 2468 2470
3 2445 2469 2468
3 2440 2470 2469
3 2468 2469 2470
3 2439 2470 2472
3 2440 2471 2470
3 2438 2472 2471
3 2470 2471 2472
3 2439 2472 2474
3 2438 2473 2472
3 2442 2474 2473
3 2472 2473 2474
3 2439 2474 2476
3 2442 2475 2474
3 2444 2476 2475
3 2474 2475 2476
3 2439 2476 2468
3 2444 2477 2476
3 2445 2468 2477
3 2476 2477 2468
3 2440 2469 2461
3 2445 2458 2469
3 2441 2461 2458
3 2469 2458 2461
3 2438 2471 2463
3 2440 2460 2471
3 2447 2463 2460
3 2471 2460 2463
3 2442 2473 2465
3 2438 2462 2473
3 2446 2465 2462
3 2473 2462 2465
3 2444 2475 2467
3 2442 2464 2475
3 2443 2467 2464
3 2475 2464 2467
3 2445 2477 2459
3 2444 2466 2477
3 2437 2459 2466
3 2477 2466 2459
3 2478 2490 2492
3 2489 2491 2490
3 2483 2492 2491
3 2490 2491 2492
3 2478 2492 2494
3 2483 2493 2492
3 2479 2494 2493
3 2492 2493 2494
3 2478 2494 2496
3 2479 2495 2494
3 2485 2496 2495
3 2494 2495 2496
3 2478 2496 2498
3 2485 2497 2496
3 2488 2498 2497
3 2496 2497 2498
3 2478 2498 2490
3 2488 2499 2498
3 2489 2490 2499
3 2498 2499 2490
3 2479 2493 2501
3 2483 2500 2493
3 2487 2501 2500
3 2493 2500 2501
3 2483 2491 2503
3 2489 2502 2491
3 2482 2503 2502
3 2491 2502 2503
3 2489 2499 2505
3 2488 2504 2499
3 2480 2505 2504
3 2499 2504 2505
3 2488 2497 2507
3 2485 2506 2497
3 2484 2507 2506
3 2497 2506 2507
3 2485 2495 2509
3 2479 2508 2495
3 2486 2509 2508
3 2495 2508 2509
3 2481 2510 2512
3 2487 2511 2510
3 2482 2512 2511
3 2510 2511 2512
3 2481 2512 2514
3 2482 2513 2512
3 2480 2514 2513
3 2512 2513 2514
3 2481 2514 2516
3 2480 2515 2514
3 2484 2516 2515
3 2514 2515 2516
3 2481 2516 2518
3 2484 2517 2516
3 2486 2518 2517
3 2516 2517 2518
3 2481 2518 2510
3 2486 2519 2518
3 2487 2510 2519
3 2518 2519 2510
3 2482 2511 2503
3 2487 2500 2511
3 2483 2503 2500
3 2511 2500 2503
3 2480 2513 2505
3 2482 2502 2513
3 2489 2505 2502
3 2513 2502 2505
3 2484 2515 2507
3 2480 2504 2515
3 2488 2507 2504
3 2515 2504 2507
3 2486 2517 2509
3 2484 2506 2517
3 2485 2509 2506
3 2517 2506 2509
3 2487 2519 2501
3 2486 2508 2519
3 2479 2501 2508
3 2519 2508 2501
3 2520 2532 2534
3 2531 2533 2532
3 2525 2534 2533
3 2532 2533 2534
3 2520 2534 2536
3 2525 2535 2534
3 2521 2536 2535
3 2534 2535 2536
3 2520 2536 2538
3 2521 2537 2536
3 2527 2538 2537
3 2536 2537 2538
3 2520 2538 2540
3 2527 2539 2538
3 2530 2540 2539
3 2538 2539 2540
3 2520 2540 2532
3 2530 2541 2540
3 2531 2532 2541
3 2540 2541 2532
3 2521 2535 2543
3 2525 2542 2535
3 2529 2543 2542
3 2535 2542 2543
3 2525 2533 2545
3 2531 2544 2533
3 2524 2545 2544
3 2533 2544 2545
3 2531 2541 2547
3 2530 2546 2541
3 2522 2547 2546
3 2541 2546 2547
3 2530 2539 2549
3 2527 2548 2539
3 2526 2549 2548
3 2539 2548 2549
3 2527 2537 2551
3 2521 2550 2537
3 2528 2551 2550
3 2537 2550 2551
3 2523 2552 2554
3 2529 2553 2552
3 2524 2554 2553
3 2552 2553 2554
3 2523 2554 2556
3 2524 2555 2554
3 2522 2556 2555
3 2554 2555 2556
3 2523 2556 2558
3 2522 2557 2556
3 2526 2558 2557
3 2556 2557 2558
3 2523 2558 2560
3 2526 2559 2558
3 2528 2560 2559
3 2558 2559 2560
3 2523 2560 2552
3 2528 2561 2560
3 2529 2552 2561
3 2560 2561 2552
3 2524 2553 2545
3 2529 2542 2553
3 2525 2545 2542
3 2553 2542 2545
3 2522 2555 2547
3 2524 2544 2555
3 2531 2547 2544
3 2555 2544 2547
3 2526 2557 2549
3 2522 2546 2557
3 2530 2549 2546
3 2557 2546 2549
3 2528 2559 2551
3 2526 2548 2559
3 2527 2551 2548
3 2559 2548 2551
3 2529 2561 2543
3 2528 2550 2561
3 2521 2543 2550
3 2561 2550 2543
3 2562 2574 2576
3 2573 2575 2574
3 2567 2576 2575
3 2574 2575 2576
3 2562 2576 2578
3 2567 2577 2576
3 2563 2578 2577
3 2576 2577 2578
3 2562 2578 2580
3 2563 2579 2578
3 2569 2580 2579
3 2578 2579 2580
3 2562 2580 2582
3 2569 2581 2580
3 2572 2582 2581
3 2580 2581 2582
3 2562 2582 2574
3 2572 2583 2582
3 2573 2574 2583
3 2582 2583 2574
3 2563 2577 2585
3 2567 2584 2577
3 2571 2585 2584
3 2577 2584 2585
3 2567 2575 2587
3 2573 2586 2575
3 2566 2587 2586
3 2575 2586 2587
3 2573 2583 2589
3 2572 2588 2583
3 2564 2589 2588
3 2583 2588 2589
3 2572 2581 2591
3 2569 2590 2581
3 2568 2591 2590
3 2581 2590 2591
3 2569 2579 2593
3 2563 2592 2579
3 2570 2593 2592
3 2579 2592 2593
3 2565 2594 2596
3 2571 2595 2594
3 2566 2596 2595
3 2594 2595 2596
3 2565 2596 2598
3 2566 2597 2596
3 2564 2598 2597
3 2596 2597 2598
3 2565 2598 2600
3 2564 2599 2598
3 2568 2600 2599
3 2598 2599 2600
3 2565 2600 2602
3 2568 2601 2600
3 2570 2602 2601
3 2600 2601 2602
3 2565 2602 2594
3 2570 2603 2602
3 2571 2594 2603
3 2602 2603 2594
3 2566 2595 2587
3 2571 2584 2595
3 2567 2587 2584
3 2595 2584 2587
3 2564 2597 2589
3 2566 2586 2597
3 2573 2589 2586
3 2597 2586 2589
3 2568 2599 2591
3 2564 2588 2599
3 2572 2591 2588
3 2599 2588 2591
3 2570 2601 2593
3 2568 2590 2601
3 2569 2593 2590
3 2601 2590 2593
3 2571 2603 2585
3 2570 2592 2603
3 2563 2585 2592
3 2603 2592 2585
3 2604 2616 2618
3 2615 2617 2616
3 2609 2618 2617
3 2616 2617 2618
3 2604 2618 2620
3 2609 2619 2618
3 2605 2620 2619
3 2618 2619 2620
3 2604 2620 2622
3 2605 2621 2620
3 2611 2622 2621
3 2620 2621 2622
3 2604 2622 2624
3 2611 2623 2622
3 2614 2624 2623
3 2622 2623 2624
3 2604 2624 2616
3 2614 2625 2624
3 2615 2616 2625
3 2624 2625 2616
3 2605 2619 2627
3 2609 2626 2619
3 2613 2627 2626
3 2619 2626 2627
3 2609 2617 2629
3 2615 2628 2617
3 2608 2629 2628
3 2617 2628 2629
3 2615 2625 2631
3 2614 2630 2625
3 2606 2631 2630
3 2625 2630 2631
3 2614 2623 2633
3 2611 2632 2623
3 2610 2633 2632
3 2623 2632 2633
3 2611 2621 2635
3 2605 2634 2621
3 2612 2635 2634
3 2621 2634 2635
3 2607 2636 2638
3 2613 2637 2636
3 2608 2638 2637
3 2636 2637 2638
3 2607 2638 2640
3 2608 2639 2638
3 2606 2640 2639
3 2638 2639 2640
3 2607 2640 2642
3 2606 2641 2640
3 2610 2642 2641
3 2640 2641 2642
3 2607 2642 2644
3 2610 2643 2642
3 2612 2644 2643
3 2642 2643 2644
3 2607 2644 2636
3 2612 2645 2644
3 2613 2636 2645
3 2644 2645 2636
3 2608 2637 2629
3 2613 2626 2637
3 2609 2629 2626
3 2637 2626 2629
3 2606 2639 2631
3 2608 2628 2639
3 2615 2631 2628
3 2639 2628 2631
3 2610 2641 2633
3 2606 2630 2641
3 2614 2633 2630
3 2641 2630 2633
3 2612 2643 2635
3 2610 2632 2643
3 2611 2635 2632
3 2643 2632 2635
3 2613 2645 2627
3 2612 2634 2645
3 2605 2627 2634
3 2645 2634 2627
3 2646 2658 2660
3 2657 2659 2658
3 2651 2660 2659
3 2658 2659 2660
3 2646 2660 2662
3 2651 2661 2660
3 2647 2662 2661
3 2660 2661 2662
3 2646 2662 2664
3 2647 2663 2662
3 2653 2664 2663
3 2662 2663 2664
3 2646 2664 2666
3 2653 2665 2664
3 2656 2666 2665
3 2664 2665 2666
3 2646 2666 2658
3 2656 2667 2666
3 2657 2658 2667
3 2666 2667 2658
3 2647 2661 2669
3 2651 2668 2661
3 2655 2669 2668
3 2661 2668 2669
3 2651 2659 2671
3 2657 2670 2659
3 2650 2671 2670
3 2659 2670 2671
3 2657 2667 2673
3 2656 2672 2667
3 2648 2673 2672
3 2667 2672 2673
3 2656 2665 2675
3 2653 2674 2665
3 2652 2675 2674
3 2665 2674 2675
3 2653 2663 2677
3 2647 2676 2663
3 2654 2677 2676
3 2663 2676 2677
3 2649 2678 2680
3 2655 2679 2678
3 2650 2680 2679
3 2678 2679 2680
3 2649 2680 2682
3 2650 2681 2680
3 2648 2682 2681
3 2680 2681 2682
3 2649 2682 2684
3 2648 2683 2682
3 2652 2684 2683
3 2682 2683 2684
3 2649 2684 2686
3 2652 2685 2684
3 2654 2686 2685
3 2684 2685 2686
3 2649 2686 2678
3 2654 2687 2686
3 2655 2678 2687
3 2686 2687 2678
3 2650 2679 2671
3 2655 2668 2679
3 2651 2671 2668
3 2679 2668 2671
3 2648 2681 2673
3 2650 2670 2681
3 2657 2673 2670
3 2681 2670 2673
3 2652 2683 2675
3 2648 2672 2683
3 2656 2675 2672
3 2683 2672 2675
3 2654 2685 2677
3 2652 2674 2685
3 2653 2677 2674
3 2685 2674 2677
3 2655 2687 2669
3 2654 2676 2687
3 2647 2669 2676
3 2687 2676 2669
3 2688 2700 2702
3 2699 2701 2700
3 2693 2702 2701
3 2700 2701 2702
3 2688 2702 2704
3 2693 2703 2702
3 2689 2704 2703
3 2702 2703 2704
3 2688 2704 2706
3 2689 2705 2704
3 2695 2706 2705
3 2704 2705 2706
3 2688 2706 2708
3 2695 2707 2706
3 2698 2708 2707
3 2706 2707 2708
3 2688 2708 2700
3 2698 2709 2708
3 2699 2700 2709
3 2708 2709 2700
3 2689 2703 2711
3 2693 2710 2703
3 2697 2711 2710
3 2703 2710 2711
3 2693 2701 2713
3 2699 2712 2701
3 2692 2713 2712
3 2701 2712 2713
3 2699 2709 2715
3 2698 2714 2709
3 2690 2715 2714
3 2709 2714 2715
3 2698 2707 2717
3 2695 2716 2707
3 2694 2717 2716
3 2707 2716 2717
3 2695 2705 2719
3 2689 2718 2705
3 2696 2719 2718
3 2705 2718 2719
3 2691 2720 2722
3 2697 2721 2720
3 2692 2722 2721
3 2720 2721 2722
3 2691 2722 2724
3 2692 2723 2722
3 2690 2724 2723
3 2722 2723 2724
3 2691 2724 2726
3 2690 2725 2724
3 2694 2726 2725
3 2724 2725 2726
3 2691 2726 2728
3 2694 2727 2726
3 2696 2728 2727
3 2726 2727 2728
3 2691 2728 2720
3 2696 2729 2728
3 2697 2720 2729
3 2728 2729 2720
3 2692 2721 2713
3 2697 2710 2721
3 2693 2713 2710
3 2721 2710 2713
3 2690 2723 2715
3 2692 2712 2723
3 2699 2715 2712
3 2723 2712 2715
3 2694 2725 2717
3 2690 2714 2725
3 2698 2717 2714
3 2725 2714 2717
3 2696 2727 2719
3 2694 2716 2727
3 2695 2719 2716
3 2727 2716 2719
3 2697 2729 2711
3 2696 2718 2729
3 2689 2711 2718
3 2729 2718 2711
3 2730 2742 2744
3 2741 2743 2742
3 2735 2744 2743
3 2742 2743 2744
3 2730 2744 2746
3 2735 2745 2744
3 2731 2746 2745
3 2744 2745 2746
3 2730 2746 2748
3 2731 2747 2746
3 2737 2748 2747
3 2746 2747 2748
3 2730 2748 2750
3 2737 2749 2748
3 2740 2750 2749
3 2748 2749 2750
3 2730 2750 2742
3 2740 2751 2750
3 2741 2742 2751
3 2750 2751 2742
3 2731 2745 2753
3 2735 2752 2745
3 2739 2753 2752
3 2745 2752 2753
3 2735 2743 2755
3 2741 2754 2743
3 2734 2755 2754
3 2743 2754 2755
3 2741 2751 2757
3 2740 2756 2751
3 2732 2757 2756
3 2751 2756 2757
3 2740 2749 2759
3 2737 2758 2749
3 2736 2759 2758
3 2749 2758 2759
3 2737 2747 2761
3 2731 2760 2747
3 2738 2761 2760
3 2747 2760 2761
3 2733 2762 2764
3 2739 2763 2762
3 2734 2764 2763
3 2762 2763 2764
3 2733 2764 2766
3 2734 2765 2764
3 2732 2766 2765
3 2764 2765 2766
3 2733 2766 2768
3 2732 2767 2766
3 2736 2768 2767
3 2766 2767 2768
3 2733 2768 2770
3 2736 2769 2768
3 2738 2770 2769
3 2768 2769 2770
3 2733 2770 2762
3 2738 2771 2770
3 2739 2762 2771
3 2770 2771 2762
3 2734 2763 2755
3 2739 2752 2763
3 2735 2755 2752
3 2763 2752 2755
3 2732 2765 2757
3 2734 2754 2765
3 2741 2757 2754
3 2765 2754 2757
3 2736 2767 2759
3 2732 2756 2767
3 2740 2759 2756
3 2767 2756 2759
3 2738 2769 2761
3 2736 2758 2769
3 2737 2761 2758
3 2769 2758 2761
3 2739 2771 2753
3 2738 2760 2771
3 2731 2753 2760
3 2771 2760 2753
3 2772 2784 2786
3 2783 2785 2784
3 2777 2786 2785
3 2784 2785 2786
3 2772 2786 2788
3 2777 2787 2786
3 2773 2788 2787
3 2786 2787 2788
3 2772 2788 2790
3 2773 2789 2788
3 2779 2790 2789
3 2788 2789 2790
3 2772 2790 2792
3 2779 2791 2790
3 2782 2792 2791
3 2790 2791 2792
3 2772 2792 2784
3 2782 2793 2792
3 2783 2784 2793
3 2792 2793 2784
3 2773 2787 2795
3 2777 2794 2787
3 2781 2795 2794
3 2787 2794 2795
3 2777 2785 2797
3 2783 2796 2785
3 2776 2797 2796
3 2785 2796 2797
3 2783 2793 2799
3 2782 2798 2793
3 2774 2799 2798
3 2793 2798 2799
3 2782 2791 2801
3 2779 2800 2791
3 2778 2801 2800
3 2791 2800 2801
3 2779 2789 2803
3 2773 2802 2789
3 2780 2803 2802
3 2789 2802 2803
3 2775 2804 2806
3 2781 2805 2804
3 2776 2806 2805
3 2804 2805 2806
3 2775 2806 2808
3 2776 2807 2806
3 2774 2808 2807
3 2806 2807 2808
3 2775 2808 2810
3 2774 2809 2808
3 2778 2810 2809
3 2808 2809 2810
3 2775 2810 2812
3 2778 2811 2810
3 2780 2812 2811
3 2810 2811 2812
3 2775 2812 2804
3 2780 2813 2812
3 2781 2804 2813
3 2812 2813 2804
3 2776 2805 2797
3 2781 2794 2805
3 2777 2797 2794
3 2805 2794 2797
3 2774 2807 2799
3 2776 2796 2807
3 2783 2799 2796
3 2807 2796 2799
3 2778 2809 2801
3 2774 2798 2809
3 2782 2801 2798
3 2809 2798 2801
3 2780 2811 2803
3 2778 2800 2811
3 2779 2803 2800
3 2811 2800 2803
3 2781 2813 2795
3 2780 2802 2813
3 2773 2795 2802
3 2813 2802 2795
3 2814 2826 2828
3 2825 2827 2826
3 2819 2828 2827
3 2826 2827 2828
3 2814 2828 2830
3 2819 2829 2828
3 2815 2830 2829
3 2828 2829 2830
3 2814 2830 2832
3 2815 2831 2830
3 2821 2832 2831
3 2830 2831 2832
3 2814 2832 2834
3 2821 2833 2832
3 2824 2834 2833
3 2832 2833 2834
3 2814 2834 2826
3 2824 2835 2834
3 2825 2826 2835
3 2834 2835 2826
3 2815 2829 2837
3 2819 2836 2829
3 2823 2837 2836
3 2829 2836 2837
3 2819 2827 2839
3 2825 2838 2827
3 2818 2839 2838
3 2827 2838 2839
3 2825 2835 2841
3 2824 2840 2835
3 2816 2841 2840
3 2835 2840 2841
3 2824 2833 2843
3 2821 2842 2833
3 2820 2843 2842
3 2833 2842 2843
3 2821 2831 2845
3 2815 2844 2831
3 2822 2845 2844
3 2831 2844 2845
3 2817 2846 2848
3 2823 2847 2846
3 2818 2848 2847
3 2846 2847 2848
3 2817 2848 2850
3 2818 2849 2848
3 2816 2850 2849
3 2848 2849 2850
3 2817 2850 2852
3 2816 2851 2850
3 2820 2852 2851
3 2850 2851 2852
3 2817 2852 2854
3 2820 2853 2852
3 2822 2854 2853
3 2852 2853 2854
3 2817 2854 2846
3 2822 2855 2854
3 2823 2846 2855
3 2854 2855 2846
3 2818 2847 2839
3 2823 2836 2847
3 2819 2839 2836
3 2847 2836 2839
3 2816 2849 2841
3 2818 2838 2849
3 2825 2841 2838
3 2849 2838 2841
3 2820 2851 2843
3 2816 2840 2851
3 2824 2843 2840
3 2851 2840 2843
3 2822 2853 2845
3 2820 2842 2853
3 2821 2845 2842
3 2853 2842 2845
3 2823 2855 2837
3 2822 2844 2855
3 2815 2837 2844
3 2855 2844 2837
3 2856 2868 2870
3 2867 2869 2868
3 2861 2870 2869
3 2868 2869 2870
3 2856 2870 2872
3 2861 2871 2870
3 2857 2872 2871
3 2870 2871 2872
3 2856 2872 2874
3 2857 2873 2872
3 2863 2874 2873
3 2872 2873 2874
3 2856 2874 2876
3 2863 2875 2874
3 2866 2876 2875
3 2874 2875 2876
3 2856 2876 2868
3 2866 2877 2876
3 2867 2868 2877
3 2876 2877 2868
3 2857 2871 2879
3 2861 2878 2871
3 2865 2879 2878
3 2871 2878 2879
3 2861 2869 2881
3 2867 2880 2869
3 2860 2881 2880
3 2869 2880 2881
3 2867 2877 2883
3 2866 2882 2877
3 2858 2883 2882
3 2877 2882 2883
3 2866 2875 2885
3 2863 2884 2875
3 2862 2885 2884
3 2875 2884 2885
3 2863 2873 2887
3 2857 2886 2873
3 2864 2887 2886
3 2873 2886 2887
3 2859 2888 2890
3 2865 2889 2888
3 2860 2890 2889
3 2888 2889 2890
3 2859 2890 2892
3 2860 2891 2890
3 2858 2892 2891
3 2890 2891 2892
3 2859 2892 2894
3 2858 2893 2892
3 2862 2894 2893
3 2892 2893 2894
3 2859 2894 2896
3 2862 2895 2894
3 2864 2896 2895
3 2894 2895 2896
3 2859 2896 2888
3 2864 2897 2896
3 2865 2888 2897
3 2896 2897 2888
3 2860 2889 2881
3 2865 2878 2889
3 2861 2881 2878
3 2889 2878 2881
3 2858 2891 2883
3 2860 2880 2891
3 2867 2883 2880
3 2891 2880 2883
3 2862 2893 2885
3 2858 2882 2893
3 2866 2885 2882
3 2893 2882 2885
3 2864 2895 2887
3 2862 2884 2895
3 2863 2887 2884
3 2895 2884 2887
3 2865 2897 2879
3 2864 2886 2897
3 2857 2879 2886
3 2897 2886 2879
3 2898 2910 2912
3 2909 2911 2910
3 2903 2912 2911
3 2910 2911 2912
3 2898 2912 2914
3 2903 2913 2912
3 2899 2914 2913
3 2912 2913 2914
3 2898 2914 2916
3 2899 2915 2914
3 2905 2916 2915
3 2914 2915 2916
3 2898 2916 2918
3 2905 2917 2916
3 2908 2918 2917
3 2916 2917 2918
3 2898 2918 2910
3 2908 2919 2918
3 2909 2910 2919
3 2918 2919 2910
3 2899 2913 2921
3 2903 2920 2913
3 2907 2921 2920
3 2913 2920 2921
3 2903 2911 2923
3 2909 2922 2911
3 2902 2923 2922
3 2911 2922 2923
3 2909 2919 2925
3 2908 2924 2919
3 2900 2925 2924
3 2919 2924 2925
3 2908 2917 2927
3 2905 2926 2917
3 2904 2927 2926
3 2917 2926 2927
3 2905 2915 2929
3 2899 2928 2915
3 2906 2929 2928
3 2915 2928 2929
3 2901 2930 2932
3 2907 2931 2930
3 2902 2932 2931
3 2930 2931 2932
3 2901 2932 2934
3 2902 2933 2932
3 2900 2934 2933
3 2932 2933 2934
3 2901 2934 2936
3 2900 2935 2934
3 2904 2936 2935
3 2934 2935 2936
3 2901 2936 2938
3 2904 2937 2936
3 2906 2938 2937
3 2936 2937 2938
3 2901 2938 2930
3 2906 2939 2938
3 2907 2930 2939
3 2938 2939 2930
3 2902 2931 2923
3 2907 2920 2931
3 2903 2923 2920
3 2931 2920 2923
3 2900 2933 2925
3 2902 2922 2933
3 2909 2925 2922
3 2933 2922 2925
3 2904 2935 2927
3 2900 2924 2935
3 2908 2927 2924
3 2935 2924 2927
3 2906 2937 2929
3 2904 2926 2937
3 2905 2929 2926
3 2937 2926 2929
3 2907 2939 2921
3 2906 2928 2939
3 2899 2921 2928
3 2939 2928 2921
3 2940 2952 2954
3 2951 2953 2952
3 2945 2954 2953
3 2952 2953 2954
3 2940 2954 2956
3 2945 2955 2954
3 2941 2956 2955
3 2954 2955 2956
3 2940 2956 2958
3 2941 2957 2956
3 2947 2958 2957
3 2956 2957 2958
3 2940 2958 2960
3 2947 2959 2958
3 2950 2960 2959
3 2958 2959 2960
3 2940 2960 2952
3 2950 2961 2960
3 2951 2952 2961
3 2960 2961 2952
3 2941 2955 2963
3 2945 2962 2955
3 2949 2963 2962
3 2955 2962 2963
3 2945 2953 2965
3 2951 2964 2953
3 2944 2965 2964
3 2953 2964 2965
3 2951 2961 2967
3 2950 2966 2961
3 2942 2967 2966
3 2961 2966 2967
3 2950 2959 2969
3 2947 2968 2959
3 2946 2969 2968
3 2959 2968 2969
3 2947 2957 2971
3 2941 2970 2957
3 2948 2971 2970
3 2957 2970 2971
3 2943 2972 2974
3 2949 2973 2972
3 2944 2974 2973
3 2972 2973 2974
3 2943 2974 2976
3 2944 2975 2974
3 2942 2976 2975
3 2974 2975 2976
3 2943 2976 2978
3 2942 2977 2976
3 2946 2978 2977
3 2976 2977 2978
3 2943 2978 2980
3 2946 2979 2978
3 2948 2980 2979
3 2978 2979 2980
3 2943 2980 2972
3 2948 2981 2980
3 2949 2972 2981
3 2980 2981 2972
3 2944 2973 2965
3 2949 2962 2973
3 2945 2965 2962
3 2973 2962 2965
3 2942 2975 2967
3 2944 2964 2975
3 2951 2967 2964
3 2975 2964 2967
3 2946 2977 2969
3 2942 2966 2977
3 2950 2969 2966
3 2977 2966 2969
3 2948 2979 2971
3 2946 2968 2979
3 2947 2971 2968
3 2979 2968 2971
3 2949 2981 2963
3 2948 2970 2981
3 2941 2963 2970
3 2981 2970 2963
3 2982 2994 2996
3 2993 2995 2994
3 2987 2996 2995
3 2994 2995 2996
3 2982 2996 2998
3 2987 2997 2996
3 2983 2998 2997
3 2996 2997 2998
3 2982 2998 3000
3 2983 2999 2998
3 2989 3000 2999
3 2998 2999 3000
3 2982 3000 3002
3 2989 3001 3000
3 2992 3002 3001
3 3000 3001 3002
3 2982 3002 2994
3 2992 3003 3002
3 2993 2994 3003
3 3002 3003 2994
3 2983 2997 3005
3 2987 3004 2997
3 2991 3005 3004
3 2997 3004 3005
3 2987 2995 3007
3 2993 3006 2995
3 2986 3007 3006
3 2995 3006 3007
3 2993 3003 3009
3 2992 3008 3003
3 2984 3009 3008
3 3003 3008 3009
3 2992 3001 3011
3 2989 3010 3001
3 2988 3011 3010
3 3001 3010 3011
3 2989 2999 3013
3 2983 3012 2999
3 2990 3013 3012
3 2999 3012 3013
3 2985 3014 3016
3 2991 3015 3014
3 2986 3016 3015
3 3014 3015 3016
3 2985 3016 3018
3 2986 3017 3016
3 2984 3018 3017
3 3016 3017 3018
3 2985 3018 3020
3 2984 3019 3018
3 2988 3020 3019
3 3018 3019 3020
3 2985 3020 3022
3 2988 3021 3020
3 2990 3022 3021
3 3020 3021 3022
3 2985 3022 3014
3 2990 3023 3022
3 2991 3014 3023
3 3022 3023 3014
3 2986 3015 3007
3 2991 3004 3015
3 2987 3007 3004
3 3015 3004 3007
3 2984 3017 3009
3 2986 3006 3017
3 2993 3009 3006
3 3017 3006 3009
3 2988 3019 3011
3 2984 3008 3019
3 2992 3011 3008
3 3019 3008 3011
3 2990 3021 3013
3 2988 3010 3021
3 2989 3013 3010
3 3021 3010 3013
3 2991 3023 3005
3 2990 3012 3023
3 2983 3005 3012
3 3023 3012 3005
3 3024 3036 3038
3 3035 3037 3036
3 3029 3038 3037
3 3036 3037 3038
3 3024 3038 3040
3 3029 3039 3038
3 3025 3040 3039
3 3038 3039 3040
3 3024 3040 3042
3 3025 3041 3040
3 3031 3042 3041
3 3040 3041 3042
3 3024 3042 3044
3 3031 3043 3042
3 3034 3044 3043
3 3042 3043 3044
3 3024 3044 3036
3 3034 3045 3044
3 3035 3036 3045
3 3044 3045 3036
3 3025 3039 3047
3 3029 3046 3039
3 3033 3047 3046
3 3039 3046 3047
3 3029 3037 3049
3 3035 3048 3037
3 3028 3049 3048
3 3037 3048 3049
3 3035 3045 3051
3 3034 3050 3045
3 3026 3051 3050
3 3045 3050 3051
3 3034 3043 3053
3 3031 3052 3043
3 3030 3053 3052
3 3043 3052 3053
3 3031 3041 3055
3 3025 3054 3041
3 3032 3055 3054
3 3041 3054 3055
3 3027 3056 3058
3 3033 3057 3056
3 3028 3058 3057
3 3056 3057 3058
3 3027 3058 3060
3 3028 3059 3058
3 3026 3060 3059
3 3058 3059 3060
3 3027 3060 3062
3 3026 3061 3060
3 3030 3062 3061
3 3060 3061 3062
3 3027 3062 3064
3 3030 3063 3062
3 3032 3064 3063
3 3062 3063 3064
3 3027 3064 3056
3 3032 3065 3064
3 3033 3056 3065
3 3064 3065 3056
3 3028 3057 3049
3 3033 3046 3057
3 3029 3049 3046
3 3057 3046 3049
3 3026 3059 3051
3 3028 3048 3059
3 3035 3051 3048
3 3059 3048 3051
3 3030 3061 3053
3 3026 3050 3061
3 3034 3053 3050
3 3061 3050 3053
3 3032 3063 3055
3 3030 3052 3063
3 3031 3055 3052
3 3063 3052 3055
3 3033 3065 3047
3 3032 3054 3065
3 3025 3047 3054
3 3065 3054 3047
3 3066 3078 3080
3 3077 3079 3078
3 3071 3080 3079
3 3078 3079 3080
3 3066 3080 3082
3 3071 3081 3080
3 3067 3082 3081
3 3080 3081 3082
3 3066 3082 3084
3 3067 3083 3082
3 3073 3084 3083
3 3082 3083 3084
3 3066 3084 3086
3 3073 3085 3084
3 3076 3086 3085
3 3084 3085 3086
3 3066 3086 3078
3 3076 3087 3086
3 3077 3078 3087
3 3086 3087 3078
3 3067 3081 3089
3 3071 3088 3081
3 3075 3089 3088
3 3081 3088 3089
3 3071 3079 3091
3 3077 3090 3079
3 3070 3091 3090
3 3079 3090 3091
3 3077 3087 3093
3 3076 3092 3087
3 3068 3093 3092
3 3087 3092 3093
3 3076 3085 3095
3 3073 3094 3085
3 3072 3095 3094
3 3085 3094 3095
3 3073 3083 3097
3 3067 3096 3083
3 3074 3097 3096
3 3083 3096 3097
3 3069 3098 3100
3 3075 3099 3098
3 3070 3100 3099
3 3098 3099 3100
3 3069 3100 3102
3 3070 3101 3100
3 3068 3102 3101
3 3100 3101 3102
3 3069 3102 3104
3 3068 3103 3102
3 3072 3104 3103
3 3102 3103 3104
3 3069 3104 3106
3 3072 3105 3104
3 3074 3106 3105
3 3104 3105 3106
3 3069 3106 3098
3 3074 3107 3106
3 3075 3098 3107
3 3106 3107 3098
3 3070 3099 3091
3 3075 3088 3099
3 3071 3091 3088
3 3099 3088 3091
3 3068 3101 3093
3 3070 3090 3101
3 3077 3093 3090
3 3101 3090 3093
3 3072 3103 3095
3 3068 3092 3103
3 3076 3095 3092
3 3103 3092 3095
3 3074 3105 3097
3 3072 3094 3105
3 3073 3097 3094
3 3105 3094 3097
3 3075 3107 3089
3 3074 3096 3107
3 3067 3089 3096
3 3107 3096 3089
3 3108 3120 3122
3 3119 3121 3120
3 3113 3122 3121
3 3120 3121 3122
3 3108 3122 3124
3 3113 3123 3122
3 3109 3124 3123
3 3122 3123 3124
3 3108 3124 3126
3 3109 3125 3124
3 3115 3126 3125
3 3124 3125 3126
3 3108 3126 3128
3 3115 3127 3126
3 3118 3128 3127
3 3126 3127 3128
3 3108 3128 3120
3 3118 3129 3128
3 3119 3120 3129
3 3128 3129 3120
3 3109 3123 3131
3 3113 3130 3123
3 3117 3131 3130
3 3123 3130 3131
3 3113 3121 3133
3 3119 3132 3121
3 3112 3133 3132
3 3121 3132 3133
3 3119 3129 3135
3 3118 3134 3129
3 3110 3135 3134
3 3129 3134 3135
3 3118 3127 3137
3 3115 3136 3127
3 3114 3137 3136
3 3127 3136 3137
3 3115 3125 3139
3 3109 3138 3125
3 3116 3139 3138
3 3125 3138 3139
3 3111 3140 3142
3 3117 3141 3140
3 3112 3142 3141
3 3140 3141 3142
3 3111 3142 3144
3 3112 3143 3142
3 3110 3144 3143
3 3142 3143 3144
3 3111 3144 3146
3 3110 3145 3144
3 3114 3146 3145
3 3144 3145 3146
3 3111 3146 3148
3 3114 3147 3146
3 3116 3148 3147
3 3146 3147 3148
3 3111 3148 3140
3 3116 3149 3148
3 3117 3140 3149
3 3148 3149 3140
3 3112 3141 3133
3 3117 3130 3141
3 3113 3133 3130
3 3141 3130 3133
3 3110 3143 3135
3 3112 3132 3143
3 3119 3135 3132
3 3143 3132 3135
3 3114 3145 3137
3 3110 3134 3145
3 3118 3137 3134
3 3145 3134 3137
3 3116 3147 3139
3 3114 3136 3147
3 3115 3139 3136
3 3147 3136 3139
3 3117 3149 3131
3 3116 3138 3149
3 3109 3131 3138
3 3149 3138 3131
3 3150 3162 3164
3 3161 3163 3162
3 3155 3164 3163
3 3162 3163 3164
3 3150 3164 3166
3 3155 3165 3164
3 3151 3166 3165
3 3164 3165 3166
3 3150 3166 3168
3 3151 3167 3166
3 3157 3168 3167
3 3166 3167 3168
3 3150 3168 3170
3 3157 3169 3168
3 3160 3170 3169
3 3168 3169 3170
3 3150 3170 3162
3 3160 3171 3170
3 3161 3162 3171
3 3170 3171 3162
3 3151 3165 3173
3 3155 3172 3165
3 3159 3173 3172
3 3165 3172 3173
3 3155 3163 3175
3 3161 3174 3163
3 3154 3175 3174
3 3163 3174 3175
3 3161 3171 3177
3 3160 3176 3171
3 3152 3177 3176
3 3171 3176 3177
3 3160 3169 3179
3 3157 3178 3169
3 3156 3179 3178
3 3169 3178 3179
3 3157 3167 3181
3 3151 3180 3167
3 3158 3181 3180
3 3167 3180 3181
3 3153 3182 3184
3 3159 3183 3182
3 3154 3184 3183
3 3182 3183 3184
3 3153 3184 3186
3 3154 3185 3184
3 3152 3186 3185
3 3184 3185 3186
3 3153 3186 3188
3 3152 3187 3186
3 3156 3188 3187
3 3186 3187 3188
3 3153 3188 3190
3 3156 3189 3188
3 3158 3190 3189
3 3188 3189 3190
3 3153 3190 3182
3 3158 3191 3190
3 3159 3182 3191
3 3190 3191 3182
3 3154 3183 3175
3 3159 3172 3183
3 3155 3175 3172
3 3183 3172 3175
3 3152 3185 3177
3 3154 3174 3185
3 3161 3177 3174
3 3185 3174 3177
3 3156 3187 3179
3 3152 3176 3187
3 3160 3179 3176
3 3187 3176 3179
3 3158 3189 3181
3 3156 3178 3189
3 3157 3181 3178
3 3189 3178 3181
3 3159 3191 3173
3 3158 3180 3191
3 3151 3173 3180
3 3191 3180 3173
3 3192 3204 3206
3 3203 3205 3204
3 3197 3206 3205
3 3204 3205 3206
3 3192 3206 3208
3 3197 3207 3206
3 3193 3208 3207
3 3206 3207 3208
3 3192 3208 3210
3 3193 3209 3208
3 3199 3210 3209
3 3208 3209 3210
3 3192 3210 3212
3 3199 3211 3210
3 3202 3212 3211
3 3210 3211 3212
3 3192 3212 3204
3 3202 3213 3212
3 3203 3204 3213
3 3212 3213 3204
3 3193 3207 3215
3 3197 3214 3207
3 3201 3215 3214
3 3207 3214 3215
3 3197 3205 3217
3 3203 3216 3205
3 3196 3217 3216
3 3205 3216 3217
3 3203 3213 3219
3 3202 3218 3213
3 3194 3219 3218
3 3213 3218 3219
3 3202 3211 3221
3 3199 3220 3211
3 3198 3221 3220
3 3211 3220 3221
3 3199 3209 3223
3 3193 3222 3209
3 3200 3223 3222
3 3209 3222 3223
3 3195 3224 3226
3 3201 3225 3224
3 3196 3226 3225
3 3224 3225 3226
3 3195 3226 3228
3 3196 3227 3226
3 3194 3228 3227
3 3226 3227 3228
3 3195 3228 3230
3 3194 3229 3228
3 3198 3230 3229
3 3228 3229 3230
3 3195 3230 3232
3 3198 3231 3230
3 3200 3232 3231
3 3230 3231 3232
3 3195 3232 3224
3 3200 3233 3232
3 3201 3224 3233
3 3232 3233 3224
3 3196 3225 3217
3 3201 3214 3225
3 3197 3217 3214
3 3225 3214 3217
3 3194 3227 3219
3 3196 3216 3227
3 3203 3219 3216
3 3227 3216 3219
3 3198 3229 3221
3 3194 3218 3229
3 3202 3221 3218
3 3229 3218 3221
3 3200 3231 3223
3 3198 3220 3231
3 3199 3223 3220
3 3231 3220 3223
3 3201 3233 3215
3 3200 3222 3233
3 3193 3215 3222
3 3233 3222 3215
3 3234 3246 3248
3 3245 3247 3246
3 3239 3248 3247
3 3246 3247 3248
3 3234 3248 3250
3 3239 3249 3248
3 3235 3250 3249
3 3248 3249 3250
3 3234 3250 3252
3 3235 3251 3250
3 3241 3252 3251
3 3250 3251 3252
3 3234 3252 3254
3 3241 3253 3252
3 3244 3254 3253
3 3252 3253 3254
3 3234 3254 3246
3 3244 3255 3254
3 3245 3246 3255
3 3254 3255 3246
3 3235 3249 3257
3 3239 3256 3249
3 3243 3257 3256
3 3249 3256 3257
3 3239 3247 3259
3 3245 3258 3247
3 3238 3259 3258
3 3247 3258 3259
3 3245 3255 3261
3 3244 3260 3255
3 3236 3261 3260
3 3255 3260 3261
3 3244 3253 3263
3 3241 3262 3253
3 3240 3263 3262
3 3253 3262 3263
3 3241 3251 3265
3 3235 3264 3251
3 3242 3265 3264
3 3251 3264 3265
3 3237 3266 3268
3 3243 3267 3266
3 3238 3268 3267
3 3266 3267 3268
3 3237 3268 3270
3 3238 3269 3268
3 3236 3270 3269
3 3268 3269 3270
3 3237 3270 3272
3 3236 3271 3270
3 3240 3272 3271
3 3270 3271 3272
3 3237 3272 3274
3 3240 3273 3272
3 3242 3274 3273
3 3272 3273 3274
3 3237 3274 3266
3 3242 3275 3274
3 3243 3266 3275
3 3274 3275 3266
3 3238 3267 3259
3 3243 3256 3267
3 3239 3259 3256
3 3267 3256 3259
3 3236 3269 3261
3 3238 3258 3269
3 3245 3261 3258
3 3269 3258 3261
3 3240 3271 3263
3 3236 3260 3271
3 3244 3263 3260
3 3271 3260 3263
3 3242 3273 3265
3 3240 3262 3273
3 3241 3265 3262
3 3273 3262 3265
3 3243 3275 3257
3 3242 3264 3275
3 3235 3257 3264
3 3275 3264 3257
3 3276 3288 3290
3 3287 3289 3288
3 3281 3290 3289
3 3288 3289 3290
3 3276 3290 3292
3 3281 3291 3290
3 3277 3292 3291
3 3290 3291 3292
3 3276 3292 3294
3 3277 3293 3292
3 3283 3294 3293
3 3292 3293 3294
3 3276 3294 3296
3 3283 3295 3294
3 3286 3296 3295
3 3294 3295 3296
3 3276 3296 3288
3 3286 3297 3296
3 3287 3288 3297
3 3296 3297 3288
3 3277 3291 3299
3 3281 3298 3291
3 3285 3299 3298
3 3291 3298 3299
3 3281 3289 3301
3 3287 3300 3289
3 3280 3301 3300
3 3289 3300 3301
3 3287 3297 3303
3 3286 3302 3297
3 3278 3303 3302
3 3297 3302 3303
3 3286 3295 3305
3 3283 3304 3295
3 3282 3305 3304
3 3295 3304 3305
3 3283 3293 3307
3 3277 3306 3293
3 3284 3307 3306
3 3293 3306 3307
3 3279 3308 3310
3 3285 3309 3308
3 3280 3310 3309
3 3308 3309 3310
3 3279 3310 3312
3 3280 3311 3310
3 3278 3312 3311
3 3310 3311 3312
3 3279 3312 3314
3 3278 3313 3312
3 3282 3314 3313
3 3312 3313 3314
3 3279 3314 3316
3 3282 3315 3314
3 3284 3316 3315
3 3314 3315 3316
3 3279 3316 3308
3 3284 3317 3316
3 3285 3308 3317
3 3316 3317 3308
3 3280 3309 3301
3 3285 3298 3309
3 3281 3301 3298
3 3309 3298 3301
3 3278 3311 3303
3 3280 3300 3311
3 3287 3303 3300
3 3311 3300 3303
3 3282 3313 3305
3 3278 3302 3313
3 3286 3305 3302
3 3313 3302 3305
3 3284 3315 3307
3 3282 3304 3315
3 3283 3307 3304
3 3315 3304 3307
3 3285 3317 3299
3 3284 3306 3317
3 3277 3299 3306
3 3317 3306 3299
3 3318 3330 3332
3 3329 3331 3330
3 3323 3332 3331
3 3330 3331 3332
3 3318 3332 3334
3 3323 3333 3332
3 3319 3334 3333
3 3332 3333 3334
3 3318 3334 3336
3 3319 3335 3334
3 3325 3336 3335
3 3334 3335 3336
3 3318 3336 3338
3 3325 3337 3336
3 3328 3338 3337
3 3336 3337 3338
3 3318 3338 3330
3 3328 3339 3338
3 3329 3330 3339
3 3338 3339 3330
3 3319 3333 3341
3 3323 3340 3333
3 3327 3341 3340
3 3333 3340 3341
3 3323 3331 3343
3 3329 3342 3331
3 3322 3343 3342
3 3331 3342 3343
3 3329 3339 3345
3 3328 3344 3339
3 3320 3345 3344
3 3339 3344 3345
3 3328 3337 3347
3 3325 3346 3337
3 3324 3347 3346
3 3337 3346 3347
3 3325 3335 3349
3 3319 3348 3335
3 3326 3349 3348
3 3335 3348 3349
3 3321 3350 3352
3 3327 3351 3350
3 3322 3352 3351
3 3350 3351 3352
3 3321 3352 3354
3 3322 3353 3352
3 3320 3354 3353
3 3352 3353 3354
3 3321 3354 3356
3 3320 3355 3354
3 3324 3356 3355
3 3354 3355 3356
3 3321 3356 3358
3 3324 3357 3356
3 3326 3358 3357
3 3356 3357 3358
3 3321 3358 3350
3 3326 3359 3358
3 3327 3350 3359
3 3358 3359 3350
3 3322 3351 3343
3 3327 3340 3351
3 3323 3343 3340
3 3351 3340 3343
3 3320 3353 3345
3 3322 3342 3353
3 3329 3345 3342
3 3353 3342 3345
3 3324 3355 3347
3 3320 3344 3355
3 3328 3347 3344
3 3355 3344 3347
3 3326 3357 3349
3 3324 3346 3357
3 3325 3349 3346
3 3357 3346 3349
3 3327 3359 3341
3 3326 3348 3359
3 3319 3341 3348
3 3359 3348 3341
3 3360 3372 3374
3 3371 3373 3372
3 3365 3374 3373
3 3372 3373 3374
3 3360 3374 3376
3 3365 3375 3374
3 3361 3376 3375
3 3374 3375 3376
3 3360 3376 3378
3 3361 3377 3376
3 3367 3378 3377
3 3376 3377 3378
3 3360 3378 3380
3 3367 3379 3378
3 3370 3380 3379
3 3378 3379 3380
3 3360 3380 3372
3 3370 3381 3380
3 3371 3372 3381
3 3380 3381 3372
3 3361 3375 3383
3 3365 3382 3375
3 3369 3383 3382
3 3375 3382 3383
3 3365 3373 3385
3 3371 3384 3373
3 3364 3385 3384
3 3373 3384 3385
3 3371 3381 3387
3 3370 3386 3381
3 3362 3387 3386
3 3381 3386 3387
3 3370 3379 3389
3 3367 3388 3379
3 3366 3389 3388
3 3379 3388 3389
3 3367 3377 3391
3 3361 3390 3377
3 3368 3391 3390
3 3377 3390 3391
3 3363 3392 3394
3 3369 3393 3392
3 3364 3394 3393
3 3392 3393 3394
3 3363 3394 3396
3 3364 3395 3394
3 3362 3396 3395
3 3394 3395 3396
3 3363 3396 3398
3 3362 3397 3396
3 3366 3398 3397
3 3396 3397 3398
3 3363 3398 3400
3 3366 3399 3398
3 3368 3400 3399
3 3398 3399 3400
3 3363 3400 3392
3 3368 3401 3400
3 3369 3392 3401
3 3400 3401 3392
3 3364 3393 3385
3 3369 3382 3393
3 3365 3385 3382
3 3393 3382 3385
3 3362 3395 3387
3 3364 3384 3395
3 3371 3387 3384
3 3395 3384 3387
3 3366 3397 3389
3 3362 3386 3397
3 3370 3389 3386
3 3397 3386 3389
3 3368 3399 3391
3 3366 3388 3399
3 3367 3391 3388
3 3399 3388 3391
3 3369 3401 3383
3 3368 3390 3401
3 3361 3383 3390
3 3401 3390 3383
3 3402 3414 3416
3 3413 3415 3414
3 3407 3416 3415
3 3414 3415 3416
3 3402 3416 3418
3 3407 3417 3416
3 3403 3418 3417
3 3416 3417 3418
3 3402 3418 3420
3 3403 3419 3418
3 3409 3420 3419
3 3418 3419 3420
3 3402 3420 3422
3 3409 3421 3420
3 3412 3422 3421
3 3420 3421 3422
3 3402 3422 3414
3 3412 3423 3422
3 3413 3414 3423
3 3422 3423 3414
3 3403 3417 3425
3 3407 3424 3417
3 3411 3425 3424
3 3417 3424 3425
3 3407 3415 3427
3 3413 3426 3415
3 3406 3427 3426
3 3415 3426 3427
3 3413 3423 3429
3 3412 3428 3423
3 3404 3429 3428
3 3423 3428 3429
3 3412 3421 3431
3 3409 3430 3421
3 3408 3431 3430
3 3421 3430 3431
3 3409 3419 3433
3 3403 3432 3419
3 3410 3433 3432
3 3419 3432 3433
3 3405 3434 3436
3 3411 3435 3434
3 3406 3436 3435
3 3434 3435 3436
3 3405 3436 3438
3 3406 3437 3436
3 3404 3438 3437
3 3436 3437 3438
3 3405 3438 3440
3 3404 3439 3438
3 3408 3440 3439
3 3438 3439 3440
3 3405 3440 3442
3 3408 3441 3440
3 3410 3442 3441
3 3440 3441 3442
3 3405 3442 3434
3 3410 3443 3442
3 3411 3434 3443
3 3442 3443 3434
3 3406 3435 3427
3 3411 3424 3435
3 3407 3427 3424
3 3435 3424 3427
3 3404 3437 3429
3 3406 3426 3437
3 3413 3429 3426
3 3437 3426 3429
3 3408 3439 3431
3 3404 3428 3439
3 3412 3431 3428
3 3439 3428 3431
3 3410 3441 3433
3 3408 3430 3441
3 3409 3433 3430
3 3441 3430 3433
3 3411 3443 3425
3 3410 3432 3443
3 3403 3425 3432
3 3443 3432 3425
3 3444 3456 3458
3 3455 3457 3456
3 3449 3458 3457
3 3456 3457 3458
3 3444 3458 3460
3 3449 3459 3458
3 3445 3460 3459
3 3458 3459 3460
3 3444 3460 3462
3 3445 3461 3460
3 3451 3462 3461
3 3460 3461 3462
3 3444 3462 3464
3 3451 3463 3462
3 3454 3464 3463
3 3462 3463 3464
3 3444 3464 3456
3 3454 3465 3464
3 3455 3456 3465
3 3464 3465 3456
3 3445 3459 3467
3 3449 3466 3459
3 3453 3467 3466
3 3459 3466 3467
3 3449 3457 3469
3 3455 3468 3457
3 3448 3469 3468
3 3457 3468 3469
3 3455 3465 3471
3 3454 3470 3465
3 3446 3471 3470
3 3465 3470 3471
3 3454 3463 3473
3 3451 3472 3463
3 3450 3473 3472
3 3463 3472 3473
3 3451 3461 3475
3 3445 3474 3461
3 3452 3475 3474
3 3461 3474 3475
3 3447 3476 3478
3 3453 3477 3476
3 3448 3478 3477
3 3476 3477 3478
3 3447 3478 3480
3 3448 3479 3478
3 3446 3480 3479
3 3478 3479 3480
3 3447 3480 3482
3 3446 3481 3480
3 3450 3482 3481
3 3480 3481 3482
3 3447 3482 3484
3 3450 3483 3482
3 3452 3484 3483
3 3482 3483 3484
3 3447 3484 3476
3 3452 3485 3484
3 3453 3476 3485
3 3484 3485 3476
3 3448 3477 3469
3 3453 3466 3477
3 3449 3469 3466
3 3477 3466 3469
3 3446 3479 3471
3 3448 3468 3479
3 3455 3471 3468
3 3479 3468 3471
3 3450 3481 3473
3 3446 3470 3481
3 3454 3473 3470
3 3481 3470 3473
3 3452 3483 3475
3 3450 3472 3483
3 3451 3475 3472
3 3483 3472 3475
3 3453 3485 3467
3 3452 3474 3485
3 3445 3467 3474
3 3485 3474 3467
3 3486 3498 3500
3 3497 3499 3498
3 3491 3500 3499
3 3498 3499 3500
3 3486 3500 3502
3 3491 3501 3500
3 3487 3502 3501
3 3500 3501 3502
3 3486 3502 3504
3 3487 3503 3502
3 3493 3504 3503
3 3502 3503 3504
3 3486 3504 3506
3 3493 3505 3504
3 3496 3506 3505
3 3504 3505 3506
3 3486 3506 3498
3 3496 3507 3506
3 3497 3498 3507
3 3506 3507 3498
3 3487 3501 3509
3 3491 3508 3501
3 3495 3509 3508
3 3501 3508 3509
3 3491 3499 3511
3 3497 3510 3499
3 3490 3511 3510
3 3499 3510 3511
3 3497 3507 3513
3 3496 3512 3507
3 3488 3513 3512
3 3507 3512 3513
3 3496 3505 3515
3 3493 3514 3505
3 3492 3515 3514
3 3505 3514 3515
3 3493 3503 3517
3 3487 3516 3503
3 3494 3517 3516
3 3503 3516 3517
3 3489 3518 3520
3 3495 3519 3518
3 3490 3520 3519
3 3518 3519 3520
3 3489 3520 3522
3 3490 3521 3520
3 3488 3522 3521
3 3520 3521 3522
3 3489 3522 3524
3 3488 3523 3522
3 3492 3524 3523
3 3522 3523 3524
3 3489 3524 3526
3 3492 3525 3524
3 3494 3526 3525
3 3524 3525 3526
3 3489 3526 3518
3 3494 3527 3526
3 3495 3518 3527
3 3526 3527 3518
3 3490 3519 3511
3 3495 3508 3519
3 3491 3511 3508
3 3519 3508 3511
3 3488 3521 3513
3 3490 3510 3521
3 3497 3513 3510
3 3521 3510 3513
3 3492 3523 3515
3 3488 3512 3523
3 3496 3515 3512
3 3523 3512 3515
3 3494 3525 3517
3 3492 3514 3525
3 3493 3517 3514
3 3525 3514 3517
3 3495 3527 3509
3 3494 3516 3527
3 3487 3509 3516
3 3527 3516 3509
3 3528 3540 3542
3 3539 3541 3540
3 3533 3542 3541
3 3540 3541 3542
3 3528 3542 3544
3 3533 3543 3542
3 3529 3544 3543
3 3542 3543 3544
3 3528 3544 3546
3 3529 3545 3544
3 3535 3546 3545
3 3544 3545 3546
3 3528 3546 3548
3 3535 3547 3546
3 3538 3548 3547
3 3546 3547 3548
3 3528 3548 3540
3 3538 3549 3548
3 3539 3540 3549
3 3548 3549 3540
3 3529 3543 3551
3 3533 3550 3543
3 3537 3551 3550
3 3543 3550 3551
3 3533 3541 3553
3 3539 3552 3541
3 3532 3553 3552
3 3541 3552 3553
3 3539 3549 3555
3 3538 3554 3549
3 3530 3555 3554
3 3549 3554 3555
3 3538 3547 3557
3 3535 3556 3547
3 3534 3557 3556
3 3547 3556 3557
3 3535 3545 3559
3 3529 3558 3545
3 3536 3559 3558
3 3545 3558 3559
3 3531 3560 3562
3 3537 3561 3560
3 3532 3562 3561
3 3560 3561 3562
3 3531 3562 3564
3 3532 3563 3562
3 3530 3564 3563
3 3562 3563 3564
3 3531 3564 3566
3 3530 3565 3564
3 3534 3566 3565
3 3564 3565 3566
3 3531 3566 3568
3 3534 3567 3566
3 3536 3568 3567
3 3566 3567 3568
3 3531 3568 3560
3 3536 3569 3568
3 3537 3560 3569
3 3568 3569 3560
3 3532 3561 3553
3 3537 3550 3561
3 3533 3553 3550
3 3561 3550 3553
3 3530 3563 3555
3 3532 3552 3563
3 3539 3555 3552
3 3563 3552 3555
3 3534 3565 3557
3 3530 3554 3565
3 3538 3557 3554
3 3565 3554 3557
3 3536 3567 3559
3 3534 3556 3567
3 3535 3559 3556
3 3567 3556 3559
3 3537 3569 3551
3 3536 3558 3569
3 3529 3551 3558
3 3569 3558 3551
3 3570 3582 3584
3 3581 3583 3582
3 3575 3584 3583
3 3582 3583 3584
3 3570 3584 3586
3 3575 3585 3584
3 3571 3586 3585
3 3584 3585 3586
3 3570 3586 3588
3 3571 3587 3586
3 3577 3588 3587
3 3586 3587 3588
3 3570 3588 3590
3 3577 3589 3588
3 3580 3590 3589
3 3588 3589 3590
3 3570 3590 3582
3 3580 3591 3590
3 3581 3582 3591
3 3590 3591 3582
3 3571 3585 3593
3 3575 3592 3585
3 3579 3593 3592
3 3585 3592 3593
3 3575 3583 3595
3 3581 3594 3583
3 3574 3595 3594
3 3583 3594 3595
3 3581 3591 3597
3 3580 3596 3591
3 3572 3597 3596
3 3591 3596 3597
3 3580 3589 3599
3 3577 3598 3589
3 3576 3599 3598
3 3589 3598 3599
3 3577 3587 3601
3 3571 3600 3587
3 3578 3601 3600
3 3587 3600 3601
3 3573 3602 3604
3 3579 3603 3602
3 3574 3604 3603
3 3602 3603 3604
3 3573 3604 3606
3 3574 3605 3604
3 3572 3606 3605
3 3604 3605 3606
3 3573 3606 3608
3 3572 3607 3606
3 3576 3608 3607
3 3606 3607 3608
3 3573 3608 3610
3 3576 3609 3608
3 3578 3610 3609
3 3608 3609 3610
3 3573 3610 3602
3 3578 3611 3610
3 3579 3602 3611
3 3610 3611 3602
3 3574 3603 3595
3 3579 3592 3603
3 3575 3595 3592
3 3603 3592 3595
3 3572 3605 3597
3 3574 3594 3605
3 3581 3597 3594
3 3605 3594 3597
3 3576 3607 3599
3 3572 3596 3607
3 3580 3599 3596
3 3607 3596 3599
3 3578 3609 3601
3 3576 3598 3609
3 3577 3601 3598
3 3609 3598 3601
3 3579 3611 3593
3 3578 3600 3611
3 3571 3593 3600
3 3611 3600 3593
3 3612 3624 3626
3 3623 3625 3624
3 3617 3626 3625
3 3624 3625 3626
3 3612 3626 3628
3 3617 3627 3626
3 3613 3628 3627
3 3626 3627 3628
3 3612 3628 3630
3 3613 3629 3628
3 3619 3630 3629
3 3628 3629 3630
3 3612 3630 3632
3 3619 3631 3630
3 3622 3632 3631
3 3630 3631 3632
3 3612 3632 3624
3 3622 3633 3632
3 3623 3624 3633
3 3632 3633 3624
3 3613 3627 3635
3 3617 3634 3627
3 3621 3635 3634
3 3627 3634 3635
3 3617 3625 3637
3 3623 3636 3625
3 3616 3637 3636
3 3625 3636 3637
3 3623 3633 3639
3 3622 3638 3633
3 3614 3639 3638
3 3633 3638 3639
3 3622 3631 3641
3 3619 3640 3631
3 3618 3641 3640
3 3631 3640 3641
3 3619 3629 3643
3 3613 3642 3629
3 3620 3643 3642
3 3629 3642 3643
3 3615 3644 3646
3 3621 3645 3644
3 3616 3646 3645
3 3644 3645 3646
3 3615 3646 3648
3 3616 3647 3646
3 3614 3648 3647
3 3646 3647 3648
3 3615 3648 3650
3 3614 3649 3648
3 3618 3650 3649
3 3648 3649 3650
3 3615 3650 3652
3 3618 3651 3650
3 3620 3652 3651
3 3650 3651 3652
3 3615 3652 3644
3 3620 3653 3652
3 3621 3644 3653
3 3652 3653 3644
3 3616 3645 3637
3 3621 3634 3645
3 3617 3637 3634
3 3645 3634 3637
3 3614 3647 3639
3 3616 3636 3647
3 3623 3639 3636
3 3647 3636 3639
3 3618 3649 3641
3 3614 3638 3649
3 3622 3641 3638
3 3649 3638 3641
3 3620 3651 3643
3 3618 3640 3651
3 3619 3643 3640
3 3651 3640 3643
3 3621 3653 3635
3 3620 3642 3653
3 3613 3635 3642
3 3653 3642 3635
3 3654 3666 3668
3 3665 3667 3666
3 3659 3668 3667
3 3666 3667 3668
3 3654 3668 3670
3 3659 3669 3668
3 3655 3670 3669
3 3668 3669 3670
3 3654 3670 3672
3 3655 3671 3670
3 3661 3672 3671
3 3670 3671 3672
3 3654 3672 3674
3 3661 3673 3672
3 3664 3674 3673
3 3672 3673 3674
3 3654 3674 3666
3 3664 3675 3674
3 3665 3666 3675
3 3674 3675 3666
3 3655 3669 3677
3 3659 3676 3669
3 3663 3677 3676
3 3669 3676 3677
3 3659 3667 3679
3 3665 3678 3667
3 3658 3679 3678
3 3667 3678 3679
3 3665 3675 3681
3 3664 3680 3675
3 3656 3681 3680
3 3675 3680 3681
3 3664 3673 3683
3 3661 3682 3673
3 3660 3683 3682
3 3673 3682 3683
3 3661 3671 3685
3 3655 3684 3671
3 3662 3685 3684
3 3671 3684 3685
3 3657 3686 3688
3 3663 3687 3686
3 3658 3688 3687
3 3686 3687 3688
3 3657 3688 3690
3 3658 3689 3688
3 3656 3690 3689
3 3688 3689 3690
3 3657 3690 3692
3 3656 3691 3690
3 3660 3692 3691
3 3690 3691 3692
3 3657 3692 3694
3 3660 3693 3692
3 3662 3694 3693
3 3692 3693 3694
3 3657 3694 3686
3 3662 3695 3694
3 3663 3686 3695
3 3694 3695 3686
3 3658 3687 3679
3 3663 3676 3687
3 3659 3679 3676
3 3687 3676 3679
3 3656 3689 3681
3 3658 3678 3689
3 3665 3681 3678
3 3689 3678 3681
3 3660 3691 3683
3 3656 3680 3691
3 3664 3683 3680
3 3691 3680 3683
3 3662 3693 3685
3 3660 3682 3693
3 3661 3685 3682
3 3693 3682 3685
3 3663 3695 3677
3 3662 3684 3695
3 3655 3677 3684
3 3695 3684 3677
3 3696 3708 3710
3 3707 3709 3708
3 3701 3710 3709
3 3708 3709 3710
3 3696 3710 3712
3 3701 3711 3710
3 3697 3712 3711
3 3710 3711 3712
3 3696 3712 3714
3 3697 3713 3712
3 3703 3714 3713
3 3712 3713 3714
3 3696 3714 3716
3 3703 3715 3714
3 3706 3716 3715
3 3714 3715 3716
3 3696 3716 3708
3 3706 3717 3716
3 3707 3708 3717
3 3716 3717 3708
3 3697 3711 3719
3 3701 3718 3711
3 3705 3719 3718
3 3711 3718 3719
3 3701 3709 3721
3 3707 3720 3709
3 3700 3721 3720
3 3709 3720 3721
3 3707 3717 3723
3 3706 3722 3717
3 3698 3723 3722
3 3717 3722 3723
3 3706 3715 3725
3 3703 3724 3715
3 3702 3725 3724
3 3715 3724 3725
3 3703 3713 3727
3 3697 3726 3713
3 3704 3727 3726
3 3713 3726 3727
3 3699 3728 3730
3 3705 3729 3728
3 3700 3730 3729
3 3728 3729 3730
3 3699 3730 3732
3 3700 3731 3730
3 3698 3732 3731
3 3730 3731 3732
3 3699 3732 3734
3 3698 3733 3732
3 3702 3734 3733
3 3732 3733 3734
3 3699 3734 3736
3 3702 3735 3734
3 3704 3736 3735
3 3734 3735 3736
3 3699 3736 3728
3 3704 3737 3736
3 3705 3728 3737
3 3736 3737 3728
3 3700 3729 3721
3 3705 3718 3729
3 3701 3721 3718
3 3729 3718 3721
3 3698 3731 3723
3 3700 3720 3731
3 3707 3723 3720
3 3731 3720 3723
3 3702 3733 3725
3 3698 3722 3733
3 3706 3725 3722
3 3733 3722 3725
3 3704 3735 3727
3 3702 3724 3735
3 3703 3727 3724
3 3735 3724 3727
3 3705 3737 3719
3 3704 3726 3737
3 3697 3719 3726
3 3737 3726 3719
3 3738 3750 3752
3 3749 3751 3750
3 3743 3752 3751
3 3750 3751 3752
3 3738 3752 3754
3 3743 3753 3752
3 3739 3754 3753
3 3752 3753 3754
3 3738 3754 3756
3 3739 3755 3754
3 3745 3756 3755
3 3754 3755 3756
3 3738 3756 3758
3 3745 3757 3756
3 3748 3758 3757
3 3756 3757 3758
3 3738 3758 3750
3 3748 3759 3758
3 3749 3750 3759
3 3758 3759 3750
3 3739 3753 3761
3 3743 3760 3753
3 3747 3761 3760
3 3753 3760 3761
3 3743 3751 3763
3 3749 3762 3751
3 3742 3763 3762
3 3751 3762 3763
3 3749 3759 3765
3 3748 3764 3759
3 3740 3765 3764
3 3759 3764 3765
3 3748 3757 3767
3 3745 3766 3757
3 3744 3767 3766
3 3757 3766 3767
3 3745 3755 3769
3 3739 3768 3755
3 3746 3769 3768
3 3755 3768 3769
3 3741 3770 3772
3 3747 3771 3770
3 3742 3772 3771
3 3770 3771 3772
3 3741 3772 3774
3 3742 3773 3772
3 3740 3774 3773
3 3772 3773 3774
3 3741 3774 3776
3 3740 3775 3774
3 3744 3776 3775
3 3774 3775 3776
3 3741 3776 3778
3 3744 3777 3776
3 3746 3778 3777
3 3776 3777 3778
3 3741 3778 3770
3 3746 3779 3778
3 3747 3770 3779
3 3778 3779 3770
3 3742 3771 3763
3 3747 3760 3771
3 3743 3763 3760
3 3771 3760 3763
3 3740 3773 3765
3 3742 3762 3773
3 3749 3765 3762
3 3773 3762 3765
3 3744 3775 3767
3 3740 3764 3775
3 3748 3767 3764
3 3775 3764 3767
3 3746 3777 3769
3 3744 3766 3777
3 3745 3769 3766
3 3777 3766 3769
3 3747 3779 3761
3 3746 3768 3779
3 3739 3761 3768
3 3779 3768 3761
3 3780 3792 3794
3 3791 3793 3792
3 3785 3794 3793
3 3792 3793 3794
3 3780 3794 3796
3 3785 3795 3794
3 3781 3796 3795
3 3794 3795 3796
3 3780 3796 3798
3 3781 3797 3796
3 3787 3798 3797
3 3796 3797 3798
3 3780 3798 3800
3 3787 3799 3798
3 3790 3800 3799
3 3798 3799 3800
3 3780 3800 3792
3 3790 3801 3800
3 3791 3792 3801
3 3800 3801 3792
3 3781 3795 3803
3 3785 3802 3795
3 3789 3803 3802
3 3795 3802 3803
3 3785 3793 3805
3 3791 3804 3793
3 3784 3805 3804
3 3793 3804 3805
3 3791 3801 3807
3 3790 3806 3801
3 3782 3807 3806
3 3801 3806 3807
3 3790 3799 3809
3 3787 3808 3799
3 3786 3809 3808
3 3799 3808 3809
3 3787 3797 3811
3 3781 3810 3797
3 3788 3811 3810
3 3797 3810 3811
3 3783 3812 3814
3 3789 3813 3812
3 3784 3814 3813
3 3812 3813 3814
3 3783 3814 3816
3 3784 3815 3814
3 3782 3816 3815
3 3814 3815 3816
3 3783 3816 3818
3 3782 3817 3816
3 3786 3818 3817
3 3816 3817 3818
3 3783 3818 3820
3 3786 3819 3818
3 3788 3820 3819
3 3818 3819 3820
3 3783 3820 3812
3 3788 3821 3820
3 3789 3812 3821
3 3820 3821 3812
3 3784 3813 3805
3 3789 3802 3813
3 3785 3805 3802
3 3813 3802 3805
3 3782 3815 3807
3 3784 3804 3815
3 3791 3807 3804
3 3815 3804 3807
3 3786 3817 3809
3 3782 3806 3817
3 3790 3809 3806
3 3817 3806 3809
3 3788 3819 3811
3 3786 3808 3819
3 3787 3811 3808
3 3819 3808 3811
3 3789 3821 3803
3 3788 3810 3821
3 3781 3803 3810
3 3821 3810 3803
3 3822 3834 3836
3 3833 3835 3834
3 3827 3836 3835
3 3834 3835 3836
3 3822 3836 3838
3 3827 3837 3836
3 3823 3838 3837
3 3836 3837 3838
3 3822 3838 3840
3 3823 3839 3838
3 3829 3840 3839
3 3838 3839 3840
3 3822 3840 3842
3 3829 3841 3840
3 3832 3842 3841
3 3840 3841 3842
3 3822 3842 3834
3 3832 3843 3842
3 3833 3834 3843
3 3842 3843 3834
3 3823 3837 3845
3 3827 3844 3837
3 3831 3845 3844
3 3837 3844 3845
3 3827 3835 3847
3 3833 3846 3835
3 3826 3847 3846
3 3835 3846 3847
3 3833 3843 3849
3 3832 3848 3843
3 3824 3849 3848
3 3843 3848 3849
3 3832 3841 3851
3 3829 3850 3841
3 3828 3851 3850
3 3841 3850 3851
3 3829 3839 3853
3 3823 3852 3839
3 3830 3853 3852
3 3839 3852 3853
3 3825 3854 3856
3 3831 3855 3854
3 3826 3856 3855
3 3854 3855 3856
3 3825 3856 3858
3 3826 3857 3856
3 3824 3858 3857
3 3856 3857 3858
3 3825 3858 3860
3 3824 3859 3858
3 3828 3860 3859
3 3858 3859 3860
3 3825 3860 3862
3 3828 3861 3860
3 3830 3862 3861
3 3860 3861 3862
3 3825 3862 3854
3 3830 3863 3862
3 3831 3854 3863
3 3862 3863 3854
3 3826 3855 3847
3 3831 3844 3855
3 3827 3847 3844
3 3855 3844 3847
3 3824 3857 3849
3 3826 3846 3857
3 3833 3849 3846
3 3857 3846 3849
3 3828 3859 3851
3 3824 3848 3859
3 3832 3851 3848
3 3859 3848 3851
3 3830 3861 3853
3 3828 3850 3861
3 3829 3853 3850
3 3861 3850 3853
3 3831 3863 3845
3 3830 3852 3863
3 3823 3845 3852
3 3863 3852 3845
3 3864 3876 3878
3 3875 3877 3876
3 3869 3878 3877
3 3876 3877 3878
3 3864 3878 3880
3 3869 3879 3878
3 3865 3880 3879
3 3878 3879 3880
3 3864 3880 3882
3 3865 3881 3880
3 3871 3882 3881
3 3880 3881 3882
3 3864 3882 3884
3 3871 3883 3882
3 3874 3884 3883
3 3882 3883 3884
3 3864 3884 3876
3 3874 3885 3884
3 3875 3876 3885
3 3884 3885 3876
3 3865 3879 3887
3 3869 3886 3879
3 3873 3887 3886
3 3879 3886 3887
3 3869 3877 3889
3 3875 3888 3877
3 3868 3889 3888
3 3877 3888 3889
3 3875 3885 3891
3 3874 3890 3885
3 3866 3891 3890
3 3885 3890 3891
3 3874 3883 3893
3 3871 3892 3883
3 3870 3893 3892
3 3883 3892 3893
3 3871 3881 3895
3 3865 3894 3881
3 3872 3895 3894
3 3881 3894 3895
3 3867 3896 3898
3 3873 3897 3896
3 3868 3898 3897
3 3896 3897 3898
3 3867 3898 3900
3 3868 3899 3898
3 3866 3900 3899
3 3898 3899 3900
3 3867 3900 3902
3 3866 3901 3900
3 3870 3902 3901
3 3900 3901 3902
3 3867 3902 3904
3 3870 3903 3902
3 3872 3904 3903
3 3902 3903 3904
3 3867 3904 3896
3 3872 3905 3904
3 3873 3896 3905
3 3904 3905 3896
3 3868 3897 3889
3 3873 3886 3897
3 3869 3889 3886
3 3897 3886 3889
3 3866 3899 3891
3 3868 3888 3899
3 3875 3891 3888
3 3899 3888 3891
3 3870 3901 3893
3 3866 3890 3901
3 3874 3893 3890
3 3901 3890 3893
3 3872 3903 3895
3 3870 3892 3903
3 3871 3895 3892
3 3903 3892 3895
3 3873 3905 3887
3 3872 3894 3905
3 3865 3887 3894
3 3905 3894 3887
3 3906 3918 3920
3 3917 3919 3918
3 3911 3920 3919
3 3918 3919 3920
3 3906 3920 3922
3 3911 3921 3920
3 3907 3922 3921
3 3920 3921 3922
3 3906 3922 3924
3 3907 3923 3922
3 3913 3924 3923
3 3922 3923 3924
3 3906 3924 3926
3 3913 3925 3924
3 3916 3926 3925
3 3924 3925 3926
3 3906 3926 3918
3 3916 3927 3926
3 3917 3918 3927
3 3926 3927 3918
3 3907 3921 3929
3 3911 3928 3921
3 3915 3929 3928
3 3921 3928 3929
3 3911 3919 3931
3 3917 3930 3919
3 3910 3931 3930
3 3919 3930 3931
3 3917 3927 3933
3 3916 3932 3927
3 3908 3933 3932
3 3927 3932 3933
3 3916 3925 3935
3 3913 3934 3925
3 3912 3935 3934
3 3925 3934 3935
3 3913 3923 3937
3 3907 3936 3923
3 3914 3937 3936
3 3923 3936 3937
3 3909 3938 3940
3 3915 3939 3938
3 3910 3940 3939
3 3938 3939 3940
3 3909 3940 3942
3 3910 3941 3940
3 3908 3942 3941
3 3940 3941 3942
3 3909 3942 3944
3 3908 3943 3942
3 3912 3944 3943
3 3942 3943 3944
3 3909 3944 3946
3 3912 3945 3944
3 3914 3946 3945
3 3944 3945 3946
3 3909 3946 3938
3 3914 3947 3946
3 3915 3938 3947
3 3946 3947 3938
3 3910 3939 3931
3 3915 3928 3939
3 3911 3931 3928
3 3939 3928 3931
3 3908 3941 3933
3 3910 3930 3941
3 3917 3933 3930
3 3941 3930 3933
3 3912 3943 3935
3 3908 3932 3943
3 3916 3935 3932
3 3943 3932 3935
3 3914 3945 3937
3 3912 3934 3945
3 3913 3937 3934
3 3945 3934 3937
3 3915 3947 3929
3 3914 3936 3947
3 3907 3929 3936
3 3947 3936 3929
3 3948 3960 3962
3 3959 3961 3960
3 3953 3962 3961
3 3960 3961 3962
3 3948 3962 3964
3 3953 3963 3962
3 3949 3964 3963
3 3962 3963 3964
3 3948 3964 3966
3 3949 3965 3964
3 3955 3966 3965
3 3964 3965 3966
3 3948 3966 3968
3 3955 3967 3966
3 3958 3968 3967
3 3966 3967 3968
3 3948 3968 3960
3 3958 3969 3968
3 3959 3960 3969
3 3968 3969 3960
3 3949 3963 3971
3 3953 3970 3963
3 3957 3971 3970
3 3963 3970 3971
3 3953 3961 3973
3 3959 3972 3961
3 3952 3973 3972
3 3961 3972 3973
3 3959 3969 3975
3 3958 3974 3969
3 3950 3975 3974
3 3969 3974 3975
3 3958 3967 3977
3 3955 3976 3967
3 3954 3977 3976
3 3967 3976 3977
3 3955 3965 3979
3 3949 3978 3965
3 3956 3979 3978
3 3965 3978 3979
3 3951 3980 3982
3 3957 3981 3980
3 3952 3982 3981
3 3980 3981 3982
3 3951 3982 3984
3 3952 3983 3982
3 3950 3984 3983
3 3982 3983 3984
3 3951 3984 3986
3 3950 3985 3984
3 3954 3986 3985
3 3984 3985 3986
3 3951 3986 3988
3 3954 3987 3986
3 3956 3988 3987
3 3986 3987 3988
3 3951 3988 3980
3 3956 3989 3988
3 3957 3980 3989
3 3988 3989 3980
3 3952 3981 3973
3 3957 3970 3981
3 3953 3973 3970
3 3981 3970 3973
3 3950 3983 3975
3 3952 3972 3983
3 3959 3975 3972
3 3983 3972 3975
3 3954 3985 3977
3 3950 3974 3985
3 3958 3977 3974
3 3985 3974 3977
3 3956 3987 3979
3 3954 3976 3987
3 3955 3979 3976
3 3987 3976 3979
3 3957 3989 3971
3 3956 3978 3989
3 3949 3971 3978
3 3989 3978 3971
3 3990 4002 4004
3 4001 4003 4002
3 3995 4004 4003
3 4002 4003 4004
3 3990 4004 4006
3 3995 4005 4004
3 3991 4006 4005
3 4004 4005 4006
3 3990 4006 4008
3 3991 4007 4006
3 3997 4008 4007
3 4006 4007 4008
3 3990 4008 4010
3 3997 4009 4008
3 4000 4010 4009
3 4008 4009 4010
3 3990 4010 4002
3 4000 4011 4010
3 4001 4002 4011
3 4010 4011 4002
3 3991 4005 4013
3 3995 4012 4005
3 3999 4013 4012
3 4005 4012 4013
3 3995 4003 4015
3 4001 4014 4003
3 3994 4015 4014
3 4003 4014 4015
3 4001 4011 4017
3 4000 4016 4011
3 3992 4017 4016
3 4011 4016 4017
3 4000 4009 4019
3 3997 4018 4009
3 3996 4019 4018
3 4009 4018 4019
3 3997 4007 4021
3 3991 4020 4007
3 3998 4021 4020
3 4007 4020 4021
3 3993 4022 4024
3 3999 4023 4022
3 3994 4024 4023
3 4022 4023 4024
3 3993 4024 4026
3 3994 4025 4024
3 3992 4026 4025
3 4024 4025 4026
3 3993 4026 4028
3 3992 4027 4026
3 3996 4028 4027
3 4026 4027 4028
3 3993 4028 4030
3 3996 4029 4028
3 3998 4030 4029
3 4028 4029 4030
3 3993 4030 4022
3 3998 4031 4030
3 3999 4022 4031
3 4030 4031 4022
3 3994 4023 4015
3 3999 4012 4023
3 3995 4015 4012
3 4023 4012 4015
3 3992 4025 4017
3 3994 4014 4025
3 4001 4017 4014
3 4025 4014 4017
3 3996 4027 4019
3 3992 4016 4027
3 4000 4019 4016
3 4027 4016 4019
3 3998 4029 4021
3 3996 4018 4029
3 3997 4021 4018
3 4029 4018 4021
3 3999 4031 4013
3 3998 4020 4031
3 3991 4013 4020
3 4031 4020 4013
3 4032 4044 4046
3 4043 4045 4044
3 4037 4046 4045
3 4044 4045 4046
3 4032 4046 4048
3 4037 4047 4046
3 4033 4048 4047
3 4046 4047 4048
3 4032 4048 4050
3 4033 4049 4048
3 4039 4050 4049
3 4048 4049 4050
3 4032 4050 4052
3 4039 4051 4050
3 4042 4052 4051
3 4050 4051 4052
3 4032 4052 4044
3 4042 4053 4052
3 4043 4044 4053
3 4052 4053 4044
3 4033 4047 4055
3 4037 4054 4047
3 4041 4055 4054
3 4047 4054 4055
3 4037 4045 4057
3 4043 4056 4045
3 4036 4057 4056
3 4045 4056 4057
3 4043 4053 4059
3 4042 4058 4053
3 4034 4059 4058
3 4053 4058 4059
3 4042 4051 4061
3 4039 4060 4051
3 4038 4061 4060
3 4051 4060 4061
3 4039 4049 4063
3 4033 4062 4049
3 4040 4063 4062
3 4049 4062 4063
3 4035 4064 4066
3 4041 4065 4064
3 4036 4066 4065
3 4064 4065 4066
3 4035 4066 4068
3 4036 4067 4066
3 4034 4068 4067
3 4066 4067 4068
3 4035 4068 4070
3 4034 4069 4068
3 4038 4070 4069
3 4068 4069 4070
3 4035 4070 4072
3 4038 4071 4070
3 4040 4072 4071
3 4070 4071 4072
3 4035 4072 4064
3 4040 4073 4072
3 4041 4064 4073
3 4072 4073 4064
3 4036 4065 4057
3 4041 4054 4065
3 4037 4057 4054
3 4065 4054 4057
3 4034 4067 4059
3 4036 4056 4067
3 4043 4059 4056
3 4067 4056 4059
3 4038 4069 4061
3 4034 4058 4069
3 4042 4061 4058
3 4069 4058 4061
3 4040 4071 4063
3 4038 4060 4071
3 4039 4063 4060
3 4071 4060 4063
3 4041 4073 4055
3 4040 4062 4073
3 4033 4055 4062
3 4073 4062 4055
3 4074 4086 4088
3 4085 4087 4086
3 4079 4088 4087
3 4086 4087 4088
3 4074 4088 4090
3 4079 4089 4088
3 4075 4090 4089
3 4088 4089 4090
3 4074 4090 4092
3 4075 4091 4090
3 4081 4092 4091
3 4090 4091 4092
3 4074 4092 4094
3 4081 4093 4092
3 4084 4094 4093
3 4092 4093 4094
3 4074 4094 4086
3 4084 4095 4094
3 4085 4086 4095
3 4094 4095 4086
3 4075 4089 4097
3 4079 4096 4089
3 4083 4097 4096
3 4089 4096 4097
3 4079 4087 4099
3 4085 4098 4087
3 4078 4099 4098
3 4087 4098 4099
3 4085 4095 4101
3 4084 4100 4095
3 4076 4101 4100
3 4095 4100 4101
3 4084 4093 4103
3 4081 4102 4093
3 4080 4103 4102
3 4093 4102 4103
3 4081 4091 4105
3 4075 4104 4091
3 4082 4105 4104
3 4091 4104 4105
3 4077 4106 4108
3 4083 4107 4106
3 4078 4108 4107
3 4106 4107 4108
3 4077 4108 4110
3 4078 4109 4108
3 4076 4110 4109
3 4108 4109 4110
3 4077 4110 4112
3 4076 4111 4110
3 4080 4112 4111
3 4110 4111 4112
3 4077 4112 4114
3 4080 4113 4112
3 4082 4114 4113
3 4112 4113 4114
3 4077 4114 4106
3 4082 4115 4114
3 4083 4106 4115
3 4114 4115 4106
3 4078 4107 4099
3 4083 4096 4107
3 4079 4099 4096
3 4107 4096 4099
3 4076 4109 4101
3 4078 4098 4109
3 4085 4101 4098
3 4109 4098 4101
3 4080 4111 4103
3 4076 4100 4111
3 4084 4103 4100
3 4111 4100 4103
3 4082 4113 4105
3 4080 4102 4113
3 4081 4105 4102
3 4113 4102 4105
3 4083 4115 4097
3 4082 4104 4115
3 4075 4097 4104
3 4115 4104 4097
3 4116 4128 4130
3 4127 4129 4128
3 4121 4130 4129
3 4128 4129 4130
3 4116 4130 4132
3 4121 4131 4130
3 4117 4132 4131
3 4130 4131 4132
3 4116 4132 4134
3 4117 4133 4132
3 4123 4134 4133
3 4132 4133 4134
3 4116 4134 4136
3 4123 4135 4134
3 4126 4136 4135
3 4134 4135 4136
3 4116 4136 4128
3 4126 4137 4136
3 4127 4128 4137
3 4136 4137 4128
3 4117 4131 4139
3 4121 4138 4131
3 4125 4139 4138
3 4131 4138 4139
3 4121 4129 4141
3 4127 4140 4129
3 4120 4141 4140
3 4129 4140 4141
3 4127 4137 4143
3 4126 4142 4137
3 4118 4143 4142
3 4137 4142 4143
3 4126 4135 4145
3 4123 4144 4135
3 4122 4145 4144
3 4135 4144 4145
3 4123 4133 4147
3 4117 4146 4133
3 4124 4147 4146
3 4133 4146 4147
3 4119 4148 4150
3 4125 4149 4148
3 4120 4150 4149
3 4148 4149 4150
3 4119 4150 4152
3 4120 4151 4150
3 4118 4152 4151
3 4150 4151 4152
3 4119 4152 4154
3 4118 4153 4152
3 4122 4154 4153
3 4152 4153 4154
3 4119 4154 4156
3 4122 4155 4154
3 4124 4156 4155
3 4154 4155 4156
3 4119 4156 4148
3 4124 4157 4156
3 4125 4148 4157
3 4156 4157 4148
3 4120 4149 4141
3 4125 4138 4149
3 4121 4141 4138
3 4149 4138 4141
3 4118 4151 4143
3 4120 4140 4151
3 4127 4143 4140
3 4151 4140 4143
3 4122 4153 4145
3 4118 4142 4153
3 4126 4145 4142
3 4153 4142 4145
3 4124 4155 4147
3 4122 4144 4155
3 4123 4147 4144
3 4155 4144 4147
3 4125 4157 4139
3 4124 4146 4157
3 4117 4139 4146
3 4157 4146 4139
3 4158 4170 4172
3 4169 4171 4170
3 4163 4172 4171
3 4170 4171 4172
3 4158 4172 4174
3 4163 4173 4172
3 4159 4174 4173
3 4172 4173 4174
3 4158 4174 4176
3 4159 4175 4174
3 4165 4176 4175
3 4174 4175 4176
3 4158 4176 4178
3 4165 4177 4176
3 4168 4178 4177
3 4176 4177 4178
3 4158 4178 4170
3 4168 4179 4178
3 4169 4170 4179
3 4178 4179 4170
3 4159 4173 4181
3 4163 4180 4173
3 4167 4181 4180
3 4173 4180 4181
3 4163 4171 4183
3 4169 4182 4171
3 4162 4183 4182
3 4171 4182 4183
3 4169 4179 4185
3 4168 4184 4179
3 4160 4185 4184
3 4179 4184 4185
3 4168 4177 4187
3 4165 4186 4177
3 4164 4187 4186
3 4177 4186 4187
3 4165 4175 4189
3 4159 4188 4175
3 4166 4189 4188
3 4175 4188 4189
3 4161 4190 4192
3 4167 4191 4190
3 4162 4192 4191
3 4190 4191 4192
3 4161 4192 4194
3 4162 4193 4192
3 4160 4194 4193
3 4192 4193 4194
3 4161 4194 4196
3 4160 4195 4194
3 4164 4196 4195
3 4194 4195 4196
3 4161 4196 4198
3 4164 4197 4196
3 4166 4198 4197
3 4196 4197 4198
3 4161 4198 4190
3 4166 4199 4198
3 4167 4190 4199
3 4198 4199 4190
3 4162 4191 4183
3 4167 4180 4191
3 4163 4183 4180
3 4191 4180 4183
3 4160 4193 4185
3 4162 4182 4193
3 4169 4185 4182
3 4193 4182 4185
3 4164 4195 4187
3 4160 4184 4195
3 4168 4187 4184
3 4195 4184 4187
3 4166 4197 4189
3 4164 4186 4197
3 4165 4189 4186
3 4197 4186 4189
3 4167 4199 4181
3 4166 4188 4199
3 4159 4181 4188
3 4199 4188 4181
3 4200 4212 4214
3 4211 4213 4212
3 4205 4214 4213
3 4212 4213 4214
3 4200 4214 4216
3 4205 4215 4214
3 4201 4216 4215
3 4214 4215 4216
3 4200 4216 4218
3 4201 4217 4216
3 4207 4218 4217
3 4216 4217 4218
3 4200 4218 4220
3 4207 4219 4218
3 4210 4220 4219
3 4218 4219 4220
3 4200 4220 4212
3 4210 4221 4220
3 4211 4212 4221
3 4220 4221 4212
3 4201 4215 4223
3 4205 4222 4215
3 4209 4223 4222
3 4215 4222 4223
3 4205 4213 4225
3 4211 4224 4213
3 4204 4225 4224
3 4213 4224 4225
3 4211 4221 4227
3 4210 4226 4221
3 4202 4227 4226
3 4221 4226 4227
3 4210 4219 4229
3 4207 4228 4219
3 4206 4229 4228
3 4219 4228 4229
3 4207 4217 4231
3 4201 4230 4217
3 4208 4231 4230
3 4217 4230 4231
3 4203 4232 4234
3 4209 4233 4232
3 4204 4234 4233
3 4232 4233 4234
3 4203 4234 4236
3 4204 4235 4234
3 4202 4236 4235
3 4234 4235 4236
3 4203 4236 4238
3 4202 4237 4236
3 4206 4238 4237
3 4236 4237 4238
3 4203 4238 4240
3 4206 4239 4238
3 4208 4240 4239
3 4238 4239 4240
3 4203 4240 4232
3 4208 4241 4240
3 4209 4232 4241
3 4240 4241 4232
3 4204 4233 4225
3 4209 4222 4233
3 4205 4225 4222
3 4233 4222 4225
3 4202 4235 4227
3 4204 4224 4235
3 4211 4227 4224
3 4235 4224 4227
3 4206 4237 4229
3 4202 4226 4237
3 4210 4229 4226
3 4237 4226 4229
3 4208 4239 4231
3 4206 4228 4239
3 4207 4231 4228
3 4239 4228 4231
3 4209 4241 4223
3 4208 4230 4241
3 4201 4223 4230
3 4241 4230 4223
3 4242 4254 4256
3 4253 4255 4254
3 4247 4256 4255
3 4254 4255 4256
3 4242 4256 4258
3 4247 4257 4256
3 4243 4258 4257
3 4256 4257 4258
3 4242 4258 4260
3 4243 4259 4258
3 4249 4260 4259
3 4258 4259 4260
3 4242 4260 4262
3 4249 4261 4260
3 4252 4262 4261
3 4260 4261 4262
3 4242 4262 4254
3 4252 4263 4262
3 4253 4254 4263
3 4262 4263 4254
3 4243 4257 4265
3 4247 4264 4257
3 4251 4265 4264
3 4257 4264 4265
3 4247 4255 4267
3 4253 4266 4255
3 4246 4267 4266
3 4255 4266 4267
3 4253 4263 4269
3 4252 4268 4263
3 4244 4269 4268
3 4263 4268 4269
3 4252 4261 4271
3 4249 4270 4261
3 4248 4271 4270
3 4261 4270 4271
3 4249 4259 4273
3 4243 4272 4259
3 4250 4273 4272
3 4259 4272 4273
3 4245 4274 4276
3 4251 4275 4274
3 4246 4276 4275
3 4274 4275 4276
3 4245 4276 4278
3 4246 4277 4276
3 4244 4278 4277
3 4276 4277 4278
3 4245 4278 4280
3 4244 4279 4278
3 4248 4280 4279
3 4278 4279 4280
3 4245 4280 4282
3 4248 4281 4280
3 4250 4282 4281
3 4280 4281 4282
3 4245 4282 4274
3 4250 4283 4282
3 4251 4274 4283
3 4282 4283 4274
3 4246 4275 4267
3 4251 4264 4275
3 4247 4267 4264
3 4275 4264 4267
3 4244 4277 4269
3 4246 4266 4277
3 4253 4269 4266
3 4277 4266 4269
3 4248 4279 4271
3 4244 4268 4279
3 4252 4271 4268
3 4279 4268 4271
3 4250 4281 4273
3 4248 4270 4281
3 4249 4273 4270
3 4281 4270 4273
3 4251 4283 4265
3 4250 4272 4283
3 4243 4265 4272
3 4283 4272 4265
3 4284 4296 4298
3 4295 4297 4296
3 4289 4298 4297
3 4296 4297 4298
3 4284 4298 4300
3 4289 4299 4298
3 4285 4300 4299
3 4298 4299 4300
3 4284 4300 4302
3 4285 4301 4300
3 4291 4302 4301
3 4300 4301 4302
3 4284 4302 4304
3 4291 4303 4302
3 4294 4304 4303
3 4302 4303 4304
3 4284 4304 4296
3 4294 4305 4304
3 4295 4296 4305
3 4304 4305 4296
3 4285 4299 4307
3 4289 4306 4299
3 4293 4307 4306
3 4299 4306 4307
3 4289 4297 4309
3 4295 4308 4297
3 4288 4309 4308
3 4297 4308 4309
3 4295 4305 4311
3 4294 4310 4305
3 4286 4311 4310
3 4305 4310 4311
3 4294 4303 4313
3 4291 4312 4303
3 4290 4313 4312
3 4303 4312 4313
3 4291 4301 4315
3 4285 4314 4301
3 4292 4315 4314
3 4301 4314 4315
3 4287 4316 4318
3 4293 4317 4316
3 4288 4318 4317
3 4316 4317 4318
3 4287 4318 4320
3 4288 4319 4318
3 4286 4320 4319
3 4318 4319 4320
3 4287 4320 4322
3 4286 4321 4320
3 4290 4322 4321
3 4320 4321 4322
3 4287 4322 4324
3 4290 4323 4322
3 4292 4324 4323
3 4322 4323 4324
3 4287 4324 4316
3 4292 4325 4324
3 4293 4316 4325
3 4324 4325 4316
3 4288 4317 4309
3 4293 4306 4317
3 4289 4309 4306
3 4317 4306 4309
3 4286 4319 4311
3 4288 4308 4319
3 4295 4311 4308
3 4319 4308 4311
3 4290 4321 4313
3 4286 4310 4321
3 4294 4313 4310
3 4321 4310 4313
3 4292 4323 4315
3 4290 4312 4323
3 4291 4315 4312
3 4323 4312 4315
3 4293 4325 4307
3 4292 4314 4325
3 4285 4307 4314
3 4325 4314 4307
3 4326 4338 4340
3 4337 4339 4338
3 4331 4340 4339
3 4338 4339 4340
3 4326 4340 4342
3 4331 4341 4340
3 4327 4342 4341
3 4340 4341 4342
3 4326 4342 4344
3 4327 4343 4342
3 4333 4344 4343
3 4342 4343 4344
3 4326 4344 4346
3 4333 4345 4344
3 4336 4346 4345
3 4344 4345 4346
3 4326 4346 4338
3 4336 4347 4346
3 4337 4338 4347
3 4346 4347 4338
3 4327 4341 4349
3 4331 4348 4341
3 4335 4349 4348
3 4341 4348 4349
3 4331 4339 4351
3 4337 4350 4339
3 4330 4351 4350
3 4339 4350 4351
3 4337 4347 4353
3 4336 4352 4347
3 4328 4353 4352
3 4347 4352 4353
3 4336 4345 4355
3 4333 4354 4345
3 4332 4355 4354
3 4345 4354 4355
3 4333 4343 4357
3 4327 4356 4343
3 4334 4357 4356
3 4343 4356 4357
3 4329 4358 4360
3 4335 4359 4358
3 4330 4360 4359
3 4358 4359 4360
3 4329 4360 4362
3 4330 4361 4360
3 4328 4362 4361
3 4360 4361 4362
3 4329 4362 4364
3 4328 4363 4362
3 4332 4364 4363
3 4362 4363 4364
3 4329 4364 4366
3 4332 4365 4364
3 4334 4366 4365
3 4364 4365 4366
3 4329 4366 4358
3 4334 4367 4366
3 4335 4358 4367
3 4366 4367 4358
3 4330 4359 4351
3 4335 4348 4359
3 4331 4351 4348
3 4359 4348 4351
3 4328 4361 4353
3 4330 4350 4361
3 4337 4353 4350
3 4361 4350 4353
3 4332 4363 4355
3 4328 4352 4363
3 4336 4355 4352
3 4363 4352 4355
3 4334 4365 4357
3 4332 4354 4365
3 4333 4357 4354
3 4365 4354 4357
3 4335 4367 4349
3 4334 4356 4367
3 4327 4349 4356
3 4367 4356 4349
3 4368 4380 4382
3 4379 4381 4380
3 4373 4382 4381
3 4380 4381 4382
3 4368 4382 4384
3 4373 4383 4382
3 4369 4384 4383
3 4382 4383 4384
3 4368 4384 4386
3 4369 4385 4384
3 4375 4386 4385
3 4384 4385 4386
3 4368 4386 4388
3 4375 4387 4386
3 4378 4388 4387
3 4386 4387 4388
3 4368 4388 4380
3 4378 4389 4388
3 4379 4380 4389
3 4388 4389 4380
3 4369 4383 4391
3 4373 4390 4383
3 4377 4391 4390
3 4383 4390 4391
3 4373 4381 4393
3 4379 4392 4381
3 4372 4393 4392
3 4381 4392 4393
3 4379 4389 4395
3 4378 4394 4389
3 4370 4395 4394
3 4389 4394 4395
3 4378 4387 4397
3 4375 4396 4387
3 4374 4397 4396
3 4387 4396 4397
3 4375 4385 4399
3 4369 4398 4385
3 4376 4399 4398
3 4385 4398 4399
3 4371 4400 4402
3 4377 4401 4400
3 4372 4402 4401
3 4400 4401 4402
3 4371 4402 4404
3 4372 4403 4402
3 4370 4404 4403
3 4402 4403 4404
3 4371 4404 4406
3 4370 4405 4404
3 4374 4406 4405
3 4404 4405 4406
3 4371 4406 4408
3 4374 4407 4406
3 4376 4408 4407
3 4406 4407 4408
3 4371 4408 4400
3 4376 4409 4408
3 4377 4400 4409
3 4408 4409 4400
3 4372 4401 4393
3 4377 4390 4401
3 4373 4393 4390
3 4401 4390 4393
3 4370 4403 4395
3 4372 4392 4403
3 4379 4395 4392
3 4403 4392 4395
3 4374 4405 4397
3 4370 4394 4405
3 4378 4397 4394
3 4405 4394 4397
3 4376 4407 4399
3 4374 4396 4407
3 4375 4399 4396
3 4407 4396 4399
3 4377 4409 4391
3 4376 4398 4409
3 4369 4391 4398
3 4409 4398 4391
3 4410 4422 4424
3 4421 4423 4422
3 4415 4424 4423
3 4422 4423 4424
3 4410 4424 4426
3 4415 4425 4424
3 4411 4426 4425
3 4424 4425 4426
3 4410 4426 4428
3 4411 4427 4426
3 4417 4428 4427
3 4426 4427 4428
3 4410 4428 4430
3 4417 4429 4428
3 4420 4430 4429
3 4428 4429 4430
3 4410 4430 4422
3 4420 4431 4430
3 4421 4422 4431
3 4430 4431 4422
3 4411 4425 4433
3 4415 4432 4425
3 4419 4433 4432
3 4425 4432 4433
3 4415 4423 4435
3 4421 4434 4423
3 4414 4435 4434
3 4423 4434 4435
3 4421 4431 4437
3 4420 4436 4431
3 4412 4437 4436
3 4431 4436 4437
3 4420 4429 4439
3 4417 4438 4429
3 4416 4439 4438
3 4429 4438 4439
3 4417 4427 4441
3 4411 4440 4427
3 4418 4441 4440
3 4427 4440 4441
3 4413 4442 4444
3 4419 4443 4442
3 4414 4444 4443
3 4442 4443 4444
3 4413 4444 4446
3 4414 4445 4444
3 4412 4446 4445
3 4444 4445 4446
3 4413 4446 4448
3 4412 4447 4446
3 4416 4448 4447
3 4446 4447 4448
3 4413 4448 4450
3 4416 4449 4448
3 4418 4450 4449
3 4448 4449 4450
3 4413 4450 4442
3 4418 4451 4450
3 4419 4442 4451
3 4450 4451 4442
3 4414 4443 4435
3 4419 4432 4443
3 4415 4435 4432
3 4443 4432 4435
3 4412 4445 4437
3 4414 4434 4445
3 4421 4437 4434
3 4445 4434 4437
3 4416 4447 4439
3 4412 4436 4447
3 4420 4439 4436
3 4447 4436 4439
3 4418 4449 4441
3 4416 4438 4449
3 4417 4441 4438
3 4449 4438 4441
3 4419 4451 4433
3 4418 4440 4451
3 4411 4433 4440
3 4451 4440 4433
3 4452 4464 4466
3 4463 4465 4464
3 4457 4466 4465
3 4464 4465 4466
3 4452 4466 4468
3 4457 4467 4466
3 4453 4468 4467
3 4466 4467 4468
3 4452 4468 4470
3 4453 4469 4468
3 4459 4470 4469
3 4468 4469 4470
3 4452 4470 4472
3 4459 4471 4470
3 4462 4472 4471
3 4470 4471 4472
3 4452 4472 4464
3 4462 4473 4472
3 4463 4464 4473
3 4472 4473 4464
3 4453 4467 4475
3 4457 4474 4467
3 4461 4475 4474
3 4467 4474 4475
3 4457 4465 4477
3 4463 4476 4465
3 4456 4477 4476
3 4465 4476 4477
3 4463 4473 4479
3 4462 4478 4473
3 4454 4479 4478
3 4473 4478 4479
3 4462 4471 4481
3 4459 4480 4471
3 4458 4481 4480
3 4471 4480 4481
3 4459 4469 4483
3 4453 4482 4469
3 4460 4483 4482
3 4469 4482 4483
3 4455 4484 4486
3 4461 4485 4484
3 4456 4486 4485
3 4484 4485 4486
3 4455 4486 4488
3 4456 4487 4486
3 4454 4488 4487
3 4486 4487 4488
3 4455 4488 4490
3 4454 4489 4488
3 4458 4490 4489
3 4488 4489 4490
3 4455 4490 4492
3 4458 4491 4490
3 4460 4492 4491
3 4490 4491 4492
3 4455 4492 4484
3 4460 4493 4492
3 4461 4484 4493
3 4492 4493 4484
3 4456 4485 4477
3 4461 4474 4485
3 4457 4477 4474
3 4485 4474 4477
3 4454 4487 4479
3 4456 4476 4487
3 4463 4479 4476
3 4487 4476 4479
3 4458 4489 4481
3 4454 4478 4489
3 4462 4481 4478
3 4489 4478 4481
3 4460 4491 4483
3 4458 4480 4491
3 4459 4483 4480
3 4491 4480 4483
3 4461 4493 4475
3 4460 4482 4493
3 4453 4475 4482
3 4493 4482 4475
3 4494 4506 4508
3 4505 4507 4506
3 4499 4508 4507
3 4506 4507 4508
3 4494 4508 4510
3 4499 4509 4508
3 4495 4510 4509
3 4508 4509 4510
3 4494 4510 4512
3 4495 4511 4510
3 4501 4512 4511
3 4510 4511 4512
3 4494 4512 4514
3 4501 4513 4512
3 4504 4514 4513
3 4512 4513 4514
3 4494 4514 4506
3 4504 4515 4514
3 4505 4506 4515
3 4514 4515 4506
3 4495 4509 4517
3 4499 4516 4509
3 4503 4517 4516
3 4509 4516 4517
3 4499 4507 4519
3 4505 4518 4507
3 4498 4519 4518
3 4507 4518 4519
3 4505 4515 4521
3 4504 4520 4515
3 4496 4521 4520
3 4515 4520 4521
3 4504 4513 4523
3 4501 4522 4513
3 4500 4523 4522
3 4513 4522 4523
3 4501 4511 4525
3 4495 4524 4511
3 4502 4525 4524
3 4511 4524 4525
3 4497 4526 4528
3 4503 4527 4526
3 4498 4528 4527
3 4526 4527 4528
3 4497 4528 4530
3 4498 4529 4528
3 4496 4530 4529
3 4528 4529 4530
3 4497 4530 4532
3 4496 4531 4530
3 4500 4532 4531
3 4530 4531 4532
3 4497 4532 4534
3 4500 4533 4532
3 4502 4534 4533
3 4532 4533 4534
3 4497 4534 4526
3 4502 4535 4534
3 4503 4526 4535
3 4534 4535 4526
3 4498 4527 4519
3 4503 4516 4527
3 4499 4519 4516
3 4527 4516 4519
3 4496 4529 4521
3 4498 4518 4529
3 4505 4521 4518
3 4529 4518 4521
3 4500 4531 4523
3 4496 4520 4531
3 4504 4523 4520
3 4531 4520 4523
3 4502 4533 4525
3 4500 4522 4533
3 4501 4525 4522
3 4533 4522 4525
3 4503 4535 4517
3 4502 4524 4535
3 4495 4517 4524
3 4535 4524 4517
3 4536 4548 4550
3 4547 4549 4548
3 4541 4550 4549
3 4548 4549 4550
3 4536 4550 4552
3 4541 4551 4550
3 4537 4552 4551
3 4550 4551 4552
3 4536 4552 4554
3 4537 4553 4552
3 4543 4554 4553
3 4552 4553 4554
3 4536 4554 4556
3 4543 4555 4554
3 4546 4556 4555
3 4554 4555 4556
3 4536 4556 4548
3 4546 4557 4556
3 4547 4548 4557
3 4556 4557 4548
3 4537 4551 4559
3 4541 4558 4551
3 4545 4559 4558
3 4551 4558 4559
3 4541 4549 4561
3 4547 4560 4549
3 4540 4561 4560
3 4549 4560 4561
3 4547 4557 4563
3 4546 4562 4557
3 4538 4563 4562
3 4557 4562 4563
3 4546 4555 4565
3 4543 4564 4555
3 4542 4565 4564
3 4555 4564 4565
3 4543 4553 4567
3 4537 4566 4553
3 4544 4567 4566
3 4553 4566 4567
3 4539 4568 4570
3 4545 4569 4568
3 4540 4570 4569
3 4568 4569 4570
3 4539 4570 4572
3 4540 4571 4570
3 4538 4572 4571
3 4570 4571 4572
3 4539 4572 4574
3 4538 4573 4572
3 4542 4574 4573
3 4572 4573 4574
3 4539 4574 4576
3 4542 4575 4574
3 4544 4576 4575
3 4574 4575 4576
3 4539 4576 4568
3 4544 4577 4576
3 4545 4568 4577
3 4576 4577 4568
3 4540 4569 4561
3 4545 4558 4569
3 4541 4561 4558
3 4569 4558 4561
3 4538 4571 4563
3 4540 4560 4571
3 4547 4563 4560
3 4571 4560 4563
3 4542 4573 4565
3 4538 4562 4573
3 4546 4565 4562
3 4573 4562 4565
3 4544 4575 4567
3 4542 4564 4575
3 4543 4567 4564
3 4575 4564 4567
3 4545 4577 4559
3 4544 4566 4577
3 4537 4559 4566
3 4577 4566 4559
3 4578 4590 4592
3 4589 4591 4590
3 4583 4592 4591
3 4590 4591 4592
3 4578 4592 4594
3 4583 4593 4592
3 4579 4594 4593
3 4592 4593 4594
3 4578 4594 4596
3 4579 4595 4594
3 4585 4596 4595
3 4594 4595 4596
3 4578 4596 4598
3 4585 4597 4596
3 4588 4598 4597
3 4596 4597 4598
3 4578 4598 4590
3 4588 4599 4598
3 4589 4590 4599
3 4598 4599 4590
3 4579 4593 4601
3 4583 4600 4593
3 4587 4601 4600
3 4593 4600 4601
3 4583 4591 4603
3 4589 4602 4591
3 4582 4603 4602
3 4591 4602 4603
3 4589 4599 4605
3 4588 4604 4599
3 4580 4605 4604
3 4599 4604 4605
3 4588 4597 4607
3 4585 4606 4597
3 4584 4607 4606
3 4597 4606 4607
3 4585 4595 4609
3 4579 4608 4595
3 4586 4609 4608
3 4595 4608 4609
3 4581 4610 4612
3 4587 4611 4610
3 4582 4612 4611
3 4610 4611 4612
3 4581 4612 4614
3 4582 4613 4612
3 4580 4614 4613
3 4612 4613 4614
3 4581 4614 4616
3 4580 4615 4614
3 4584 4616 4615
3 4614 4615 4616
3 4581 4616 4618
3 4584 4617 4616
3 4586 4618 4617
3 4616 4617 4618
3 4581 4618 4610
3 4586 4619 4618
3 4587 4610 4619
3 4618 4619 4610
3 4582 4611 4603
3 4587 4600 4611
3 4583 4603 4600
3 4611 4600 4603
3 4580 4613 4605
3 4582 4602 4613
3 4589 4605 4602
3 4613 4602 4605
3 4584 4615 4607
3 4580 4604 4615
3 4588 4607 4604
3 4615 4604 4607
3 4586 4617 4609
3 4584 4606 4617
3 4585 4609 4606
3 4617 4606 4609
3 4587 4619 4601
3 4586 4608 4619
3 4579 4601 4608
3 4619 4608 4601
3 4620 4632 4634
3 4631 4633 4632
3 4625 4634 4633
3 4632 4633 4634
3 4620 4634 4636
3 4625 4635 4634
3 4621 4636 4635
3 4634 4635 4636
3 4620 4636 4638
3 4621 4637 4636
3 4627 4638 4637
3 4636 4637 4638
3 4620 4638 4640
3 4627 4639 4638
3 4630 4640 4639
3 4638 4639 4640
3 4620 4640 4632
3 4630 4641 4640
3 4631 4632 4641
3 4640 4641 4632
3 4621 4635 4643
3 4625 4642 4635
3 4629 4643 4642
3 4635 4642 4643
3 4625 4633 4645
3 4631 4644 4633
3 4624 4645 4644
3 4633 4644 4645
3 4631 4641 4647
3 4630 4646 4641
3 4622 4647 4646
3 4641 4646 4647
3 4630 4639 4649
3 4627 4648 4639
3 4626 4649 4648
3 4639 4648 4649
3 4627 4637 4651
3 4621 4650 4637
3 4628 4651 4650
3 4637 4650 4651
3 4623 4652 4654
3 4629 4653 4652
3 4624 4654 4653
3 4652 4653 4654
3 4623 4654 4656
3 4624 4655 4654
3 4622 4656 4655
3 4654 4655 4656
3 4623 4656 4658
3 4622 4657 4656
3 4626 4658 4657
3 4656 4657 4658
3 4623 4658 4660
3 4626 4659 4658
3 4628 4660 4659
3 4658 4659 4660
3 4623 4660 4652
3 4628 4661 4660
3 4629 4652 4661
3 4660 4661 4652
3 4624 4653 4645
3 4629 4642 4653
3 4625 4645 4642
3 4653 4642 4645
3 4622 4655 4647
3 4624 4644 4655
3 4631 4647 4644
3 4655 4644 4647
3 4626 4657 4649
3 4622 4646 4657
3 4630 4649 4646
3 4657 4646 4649
3 4628 4659 4651
3 4626 4648 4659
3 4627 4651 4648
3 4659 4648 4651
3 4629 4661 4643
3 4628 4650 4661
3 4621 4643 4650
3 4661 4650 4643
3 4662 4674 4676
3 4673 4675 4674
3 4667 4676 4675
3 4674 4675 4676
3 4662 4676 4678
3 4667 4677 4676
3 4663 4678 4677
3 4676 4677 4678
3 4662 4678 4680
3 4663 4679 4678
3 4669 4680 4679
3 4678 4679 4680
3 4662 4680 4682
3 4669 4681 4680
3 4672 4682 4681
3 4680 4681 4682
3 4662 4682 4674
3 4672 4683 4682
3 4673 4674 4683
3 4682 4683 4674
3 4663 4677 4685
3 4667 4684 4677
3 4671 4685 4684
3 4677 4684 4685
3 4667 4675 4687
3 4673 4686 4675
3 4666 4687 4686
3 4675 4686 4687
3 4673 4683 4689
3 4672 4688 4683
3 4664 4689 4688
3 4683 4688 4689
3 4672 4681 4691
3 4669 4690 4681
3 4668 4691 4690
3 4681 4690 4691
3 4669 4679 4693
3 4663 4692 4679
3 4670 4693 4692
3 4679 4692 4693
3 4665 4694 4696
3 4671 4695 4694
3 4666 4696 4695
3 4694 4695 4696
3 4665 4696 4698
3 4666 4697 4696
3 4664 4698 4697
3 4696 4697 4698
3 4665 4698 4700
3 4664 4699 4698
3 4668 4700 4699
3 4698 4699 4700
3 4665 4700 4702
3 4668 4701 4700
3 4670 4702 4701
3 4700 4701 4702
3 4665 4702 4694
3 4670 4703 4702
3 4671 4694 4703
3 4702 4703 4694
3 4666 4695 4687
3 4671 4684 4695
3 4667 4687 4684
3 4695 4684 4687
3 4664 4697 4689
3 4666 4686 4697
3 4673 4689 4686
3 4697 4686 4689
3 4668 4699 4691
3 4664 4688 4699
3 4672 4691 4688
3 4699 4688 4691
3 4670 4701 4693
3 4668 4690 4701
3 4669 4693 4690
3 4701 4690 4693
3 4671 4703 4685
3 4670 4692 4703
3 4663 4685 4692
3 4703 4692 4685
3 4704 4716 4718
3 4715 4717 4716
3 4709 4718 4717
3 4716 4717 4718
3 4704 4718 4720
3 4709 4719 4718
3 4705 4720 4719
3 4718 4719 4720
3 4704 4720 4722
3 4705 4721 4720
3 4711 4722 4721
3 4720 4721 4722
3 4704 4722 4724
3 4711 4723 4722
3 4714 4724 4723
3 4722 4723 4724
3 4704 4724 4716
3 4714 4725 4724
3 4715 4716 4725
3 4724 4725 4716
3 4705 4719 4727
3 4709 4726 4719
3 4713 4727 4726
3 4719 4726 4727
3 4709 4717 4729
3 4715 4728 4717
3 4708 4729 4728
3 4717 4728 4729
3 4715 4725 4731
3 4714 4730 4725
3 4706 4731 4730
3 4725 4730 4731
3 4714 4723 4733
3 4711 4732 4723
3 4710 4733 4732
3 4723 4732 4733
3 4711 4721 4735
3 4705 4734 4721
3 4712 4735 4734
3 4721 4734 4735
3 4707 4736 4738
3 4713 4737 4736
3 4708 4738 4737
3 4736 4737 4738
3 4707 4738 4740
3 4708 4739 4738
3 4706 4740 4739
3 4738 4739 4740
3 4707 4740 4742
3 4706 4741 4740
3 4710 4742 4741
3 4740 4741 4742
3 4707 4742 4744
3 4710 4743 4742
3 4712 4744 4743
3 4742 4743 4744
3 4707 4744 4736
3 4712 4745 4744
3 4713 4736 4745
3 4744 4745 4736
3 4708 4737 4729
3 4713 4726 4737
3 4709 4729 4726
3 4737 4726 4729
3 4706 4739 4731
3 4708 4728 4739
3 4715 4731 4728
3 4739 4728 4731
3 4710 4741 4733
3 4706 4730 4741
3 4714 4733 4730
3 4741 4730 4733
3 4712 4743 4735
3 4710 4732 4743
3 4711 4735 4732
3 4743 4732 4735
3 4713 4745 4727
3 4712 4734 4745
3 4705 4727 4734
3 4745 4734 4727
3 4746 4758 4760
3 4757 4759 4758
3 4751 4760 4759
3 4758 4759 4760
3 4746 4760 4762
3 4751 4761 4760
3 4747 4762 4761
3 4760 4761 4762
3 4746 4762 4764
3 4747 4763 4762
3 4753 4764 4763
3 4762 4763 4764
3 4746 4764 4766
3 4753 4765 4764
3 4756 4766 4765
3 4764 4765 4766
3 4746 4766 4758
3 4756 4767 4766
3 4757 4758 4767
3 4766 4767 4758
3 4747 4761 4769
3 4751 4768 4761
3 4755 4769 4768
3 4761 4768 4769
3 4751 4759 4771
3 4757 4770 4759
3 4750 4771 4770
3 4759 4770 4771
3 4757 4767 4773
3 4756 4772 4767
3 4748 4773 4772
3 4767 4772 4773
3 4756 4765 4775
3 4753 4774 4765
3 4752 4775 4774
3 4765 4774 4775
3 4753 4763 4777
3 4747 4776 4763
3 4754 4777 4776
3 4763 4776 4777
3 4749 4778 4780
3 4755 4779 4778
3 4750 4780 4779
3 4778 4779 4780
3 4749 4780 4782
3 4750 4781 4780
3 4748 4782 4781
3 4780 4781 4782
3 4749 4782 4784
3 4748 4783 4782
3 4752 4784 4783
3 4782 4783 4784
3 4749 4784 4786
3 4752 4785 4784
3 4754 4786 4785
3 4784 4785 4786
3 4749 4786 4778
3 4754 4787 4786
3 4755 4778 4787
3 4786 4787 4778
3 4750 4779 4771
3 4755 4768 4779
3 4751 4771 4768
3 4779 4768 4771
3 4748 4781 4773
3 4750 4770 4781
3 4757 4773 4770
3 4781 4770 4773
3 4752 4783 4775
3 4748 4772 4783
3 4756 4775 4772
3 4783 4772 4775
3 4754 4785 4777
3 4752 4774 4785
3 4753 4777 4774
3 4785 4774 4777
3 4755 4787 4769
3 4754 4776 4787
3 4747 4769 4776
3 4787 4776 4769
3 4788 4800 4802
3 4799 4801 4800
3 4793 4802 4801
3 4800 4801 4802
3 4788 4802 4804
3 4793 4803 4802
3 4789 4804 4803
3 4802 4803 4804
3 4788 4804 4806
3 4789 4805 4804
3 4795 4806 4805
3 4804 4805 4806
3 4788 4806 4808
3 4795 4807 4806
3 4798 4808 4807
3 4806 4807 4808
3 4788 4808 4800
3 4798 4809 4808
3 4799 4800 4809
3 4808 4809 4800
3 4789 4803 4811
3 4793 4810 4803
3 4797 4811 4810
3 4803 4810 4811
3 4793 4801 4813
3 4799 4812 4801
3 4792 4813 4812
3 4801 4812 4813
3 4799 4809 4815
3 4798 4814 4809
3 4790 4815 4814
3 4809 4814 4815
3 4798 4807 4817
3 4795 4816 4807
3 4794 4817 4816
3 4807 4816 4817
3 4795 4805 4819
3 4789 4818 4805
3 4796 4819 4818
3 4805 4818 4819
3 4791 4820 4822
3 4797 4821 4820
3 4792 4822 4821
3 4820 4821 4822
3 4791 4822 4824
3 4792 4823 4822
3 4790 4824 4823
3 4822 4823 4824
3 4791 4824 4826
3 4790 4825 4824
3 4794 4826 4825
3 4824 4825 4826
3 4791 4826 4828
3 4794 4827 4826
3 4796 4828 4827
3 4826 4827 4828
3 4791 4828 4820
3 4796 4829 4828
3 4797 4820 4829
3 4828 4829 4820
3 4792 4821 4813
3 4797 4810 4821
3 4793 4813 4810
3 4821 4810 4813
3 4790 4823 4815
3 4792 4812 4823
3 4799 4815 4812
3 4823 4812 4815
3 4794 4825 4817
3 4790 4814 4825
3 4798 4817 4814
3 4825 4814 4817
3 4796 4827 4819
3 4794 4816 4827
3 4795 4819 4816
3 4827 4816 4819
3 4797 4829 4811
3 4796 4818 4829
3 4789 4811 4818
3 4829 4818 4811
3 4830 4842 4844
3 4841 4843 4842
3 4835 4844 4843
3 4842 4843 4844
3 4830 4844 4846
3 4835 4845 4844
3 4831 4846 4845
3 4844 4845 4846
3 4830 4846 4848
3 4831 4847 4846
3 4837 4848 4847
3 4846 4847 4848
3 4830 4848 4850
3 4837 4849 4848
3 4840 4850 4849
3 4848 4849 4850
3 4830 4850 4842
3 4840 4851 4850
3 4841 4842 4851
3 4850 4851 4842
3 4831 4845 4853
3 4835 4852 4845
3 4839 4853 4852
3 4845 4852 4853
3 4835 4843 4855
3 4841 4854 4843
3 4834 4855 4854
3 4843 4854 4855
3 4841 4851 4857
3 4840 4856 4851
3 4832 4857 4856
3 4851 4856 4857
3 4840 4849 4859
3 4837 4858 4849
3 4836 4859 4858
3 4849 4858 4859
3 4837 4847 4861
3 4831 4860 4847
3 4838 4861 4860
3 4847 4860 4861
3 4833 4862 4864
3 4839 4863 4862
3 4834 4864 4863
3 4862 4863 4864
3 4833 4864 4866
3 4834 4865 4864
3 4832 4866 4865
3 4864 4865 4866
3 4833 4866 4868
3 4832 4867 4866
3 4836 4868 4867
3 4866 4867 4868
3 4833 4868 4870
3 4836 4869 4868
3 4838 4870 4869
3 4868 4869 4870
3 4833 4870 4862
3 4838 4871 4870
3 4839 4862 4871
3 4870 4871 4862
3 4834 4863 4855
3 4839 4852 4863
3 4835 4855 4852
3 4863 4852 4855
3 4832 4865 4857
3 4834 4854 4865
3 4841 4857 4854
3 4865 4854 4857
3 4836 4867 4859
3 4832 4856 4867
3 4840 4859 4856
3 4867 4856 4859
3 4838 4869 4861
3 4836 4858 4869
3 4837 4861 4858
3 4869 4858 4861
3 4839 4871 4853
3 4838 4860 4871
3 4831 4853 4860
3 4871 4860 4853
3 4872 4884 4886
3 4883 4885 4884
3 4877 4886 4885
3 4884 4885 4886
3 4872 4886 4888
3 4877 4887 4886
3 4873 4888 4887
3 4886 4887 4888
3 4872 4888 4890
3 4873 4889 4888
3 4879 4890 4889
3 4888 4889 4890
3 4872 4890 4892
3 4879 4891 4890
3 4882 4892 4891
3 4890 4891 4892
3 4872 4892 4884
3 4882 4893 4892
3 4883 4884 4893
3 4892 4893 4884
3 4873 4887 4895
3 4877 4894 4887
3 4881 4895 4894
3 4887 4894 4895
3 4877 4885 4897
3 4883 4896 4885
3 4876 4897 4896
3 4885 4896 4897
3 4883 4893 4899
3 4882 4898 4893
3 4874 4899 4898
3 4893 4898 4899
3 4882 4891 4901
3 4879 4900 4891
3 4878 4901 4900
3 4891 4900 4901
3 4879 4889 4903
3 4873 4902 4889
3 4880 4903 4902
3 4889 4902 4903
3 4875 4904 4906
3 4881 4905 4904
3 4876 4906 4905
3 4904 4905 4906
3 4875 4906 4908
3 4876 4907 4906
3 4874 4908 4907
3 4906 4907 4908
3 4875 4908 4910
3 4874 4909 4908
3 4878 4910 4909
3 4908 4909 4910
3 4875 4910 4912
3 4878 4911 4910
3 4880 4912 4911
3 4910 4911 4912
3 4875 4912 4904
3 4880 4913 4912
3 4881 4904 4913
3 4912 4913 4904
3 4876 4905 4897
3 4881 4894 4905
3 4877 4897 4894
3 4905 4894 4897
3 4874 4907 4899
3 4876 4896 4907
3 4883 4899 4896
3 4907 4896 4899
3 4878 4909 4901
3 4874 4898 4909
3 4882 4901 4898
3 4909 4898 4901
3 4880 4911 4903
3 4878 4900 4911
3 4879 4903 4900
3 4911 4900 4903
3 4881 4913 4895
3 4880 4902 4913
3 4873 4895 4902
3 4913 4902 4895
3 4914 4926 4928
3 4925 4927 4926
3 4919 4928 4927
3 4926 4927 4928
3 4914 4928 4930
3 4919 4929 4928
3 4915 4930 4929
3 4928 4929 4930
3 4914 4930 4932
3 4915 4931 4930
3 4921 4932 4931
3 4930 4931 4932
3 4914 4932 4934
3 4921 4933 4932
3 4924 4934 4933
3 4932 4933 4934
3 4914 4934 4926
3 4924 4935 4934
3 4925 4926 4935
3 4934 4935 4926
3 4915 4929 4937
3 4919 4936 4929
3 4923 4937 4936
3 4929 4936 4937
3 4919 4927 4939
3 4925 4938 4927
3 4918 4939 4938
3 4927 4938 4939
3 4925 4935 4941
3 4924 4940 4935
3 4916 4941 4940
3 4935 4940 4941
3 4924 4933 4943
3 4921 4942 4933
3 4920 4943 4942
3 4933 4942 4943
3 4921 4931 4945
3 4915 4944 4931
3 4922 4945 4944
3 4931 4944 4945
3 4917 4946 4948
3 4923 4947 4946
3 4918 4948 4947
3 4946 4947 4948
3 4917 4948 4950
3 4918 4949 4948
3 4916 4950 4949
3 4948 4949 4950
3 4917 4950 4952
3 4916 4951 4950
3 4920 4952 4951
3 4950 4951 4952
3 4917 4952 4954
3 4920 4953 4952
3 4922 4954 4953
3 4952 4953 4954
3 4917 4954 4946
3 4922 4955 4954
3 4923 4946 4955
3 4954 4955 4946
3 4918 4947 4939
3 4923 4936 4947
3 4919 4939 4936
3 4947 4936 4939
3 4916 4949 4941
3 4918 4938 4949
3 4925 4941 4938
3 4949 4938 4941
3 4920 4951 4943
3 4916 4940 4951
3 4924 4943 4940
3 4951 4940 4943
3 4922 4953 4945
3 4920 4942 4953
3 4921 4945 4942
3 4953 4942 4945
3 4923 4955 4937
3 4922 4944 4955
3 4915 4937 4944
3 4955 4944 4937
3 4956 4968 4970
3 4967 4969 4968
3 4961 4970 4969
3 4968 4969 4970
3 4956 4970 4972
3 4961 4971 4970
3 4957 4972 4971
3 4970 4971 4972
3 4956 4972 4974
3 4957 4973 4972
3 4963 4974 4973
3 4972 4973 4974
3 4956 4974 4976
3 4963 4975 4974
3 4966 4976 4975
3 4974 4975 4976
3 4956 4976 4968
3 4966 4977 4976
3 4967 4968 4977
3 4976 4977 4968
3 4957 4971 4979
3 4961 4978 4971
3 4965 4979 4978
3 4971 4978 4979
3 4961 4969 4981
3 4967 4980 4969
3 4960 4981 4980
3 4969 4980 4981
3 4967 4977 4983
3 4966 4982 4977
3 4958 4983 4982
3 4977 4982 4983
3 4966 4975 4985
3 4963 4984 4975
3 4962 4985 4984
3 4975 4984 4985
3 4963 4973 4987
3 4957 4986 4973
3 4964 4987 4986
3 4973 4986 4987
3 4959 4988 4990
3 4965 4989 4988
3 4960 4990 4989
3 4988 4989 4990
3 4959 4990 4992
3 4960 4991 4990
3 4958 4992 4991
3 4990 4991 4992
3 4959 4992 4994
3 4958 4993 4992
3 4962 4994 4993
3 4992 4993 4994
3 4959 4994 4996
3 4962 4995 4994
3 4964 4996 4995
3 4994 4995 4996
3 4959 4996 4988
3 4964 4997 4996
3 4965 4988 4997
3 4996 4997 4988
3 4960 4989 4981
3 4965 4978 4989
3 4961 4981 4978
3 4989 4978 4981
3 4958 4991 4983
3 4960 4980 4991
3 4967 4983 4980
3 4991 4980 4983
3 4962 4993 4985
3 4958 4982 4993
3 4966 4985 4982
3 4993 4982 4985
3 4964 4995 4987
3 4962 4984 4995
3 4963 4987 4984
3 4995 4984 4987
3 4965 4997 4979
3 4964 4986 4997
3 4957 4979 4986
3 4997 4986 4979
3 4998 5010 5012
3 5009 5011 5010
3 5003 5012 5011
3 5010 5011 5012
3 4998 5012 5014
3 5003 5013 5012
3 4999 5014 5013
3 5012 5013 5014
3 4998 5014 5016
3 4999 5015 5014
3 5005 5016 5015
3 5014 5015 5016
3 4998 5016 5018
3 5005 5017 5016
3 5008 5018 5017
3 5016 5017 5018
3 4998 5018 5010
3 5008 5019 5018
3 5009 5010 5019
3 5018 5019 5010
3 4999 5013 5021
3 5003 5020 5013
3 5007 5021 5020
3 5013 5020 5021
3 5003 5011 5023
3 5009 5022 5011
3 5002 5023 5022
3 5011 5022 5023
3 5009 5019 5025
3 5008 5024 5019
3 5000 5025 5024
3 5019 5024 5025
3 5008 5017 5027
3 5005 5026 5017
3 5004 5027 5026
3 5017 5026 5027
3 5005 5015 5029
3 4999 5028 5015
3 5006 5029 5028
3 5015 5028 5029
3 5001 5030 5032
3 5007 5031 5030
3 5002 5032 5031
3 5030 5031 5032
3 5001 5032 5034
3 5002 5033 5032
3 5000 5034 5033
3 5032 5033 5034
3 5001 5034 5036
3 5000 5035 5034
3 5004 5036 5035
3 5034 5035 5036
3 5001 5036 5038
3 5004 5037 5036
3 5006 5038 5037
3 5036 5037 5038
3 5001 5038 5030
3 5006 5039 5038
3 5007 5030 5039
3 5038 5039 5030
3 5002 5031 5023
3 5007 5020 5031
3 5003 5023 5020
3 5031 5020 5023
3 5000 5033 5025
3 5002 5022 5033
3 5009 5025 5022
3 5033 5022 5025
3 5004 5035 5027
3 5000 5024 5035
3 5008 5027 5024
3 5035 5024 5027
3 5006 5037 5029
3 5004 5026 5037
3 5005 5029 5026
3 5037 5026 5029
3 5007 5039 5021
3 5006 5028 5039
3 4999 5021 5028
3 5039 5028 5021
3 5040 5052 5054
3 5051 5053 5052
3 5045 5054 5053
3 5052 5053 5054
3 5040 5054 5056
3 5045 5055 5054
3 5041 5056 5055
3 5054 5055 5056
3 5040 5056 5058
3 5041 5057 5056
3 5047 5058 5057
3 5056 5057 5058
3 5040 5058 5060
3 5047 5059 5058
3 5050 5060 5059
3 5058 5059 5060
3 5040 5060 5052
3 5050 5061 5060
3 5051 5052 5061
3 5060 5061 5052
3 5041 5055 5063
3 5045 5062 5055
3 5049 5063 5062
3 5055 5062 5063
3 5045 5053 5065
3 5051 5064 5053
3 5044 5065 5064
3 5053 5064 5065
3 5051 5061 5067
3 5050 5066 5061
3 5042 5067 5066
3 5061 5066 5067
3 5050 5059 5069
3 5047 5068 5059
3 5046 5069 5068
3 5059 5068 5069
3 5047 5057 5071
3 5041 5070 5057
3 5048 5071 5070
3 5057 5070 5071
3 5043 5072 5074
3 5049 5073 5072
3 5044 5074 5073
3 5072 5073 5074
3 5043 5074 5076
3 5044 5075 5074
3 5042 5076 5075
3 5074 5075 5076
3 5043 5076 5078
3 5042 5077 5076
3 5046 5078 5077
3 5076 5077 5078
3 5043 5078 5080
3 5046 5079 5078
3 5048 5080 5079
3 5078 5079 5080
3 5043 5080 5072
3 5048 5081 5080
3 5049 5072 5081
3 5080 5081 5072
3 5044 5073 5065
3 5049 5062 5073
3 5045 5065 5062
3 5073 5062 5065
3 5042 5075 5067
3 5044 5064 5075
3 5051 5067 5064
3 5075 5064 5067
3 5046 5077 5069
3 5042 5066 5077
3 5050 5069 5066
3 5077 5066 5069
3 5048 5079 5071
3 5046 5068 5079
3 5047 5071 5068
3 5079 5068 5071
3 5049 5081 5063
3 5048 5070 5081
3 5041 5063 5070
3 5081 5070 5063
3 5082 5094 5096
3 5093 5095 5094
3 5087 5096 5095
3 5094 5095 5096
3 5082 5096 5098
3 5087 5097 5096
3 5083 5098 5097
3 5096 5097 5098
3 5082 5098 5100
3 5083 5099 5098
3 5089 5100 5099
3 5098 5099 5100
3 5082 5100 5102
3 5089 5101 5100
3 5092 5102 5101
3 5100 5101 5102
3 5082 5102 5094
3 5092 5103 5102
3 5093 5094 5103
3 5102 5103 5094
3 5083 5097 5105
3 5087 5104 5097
3 5091 5105 5104
3 5097 5104 5105
3 5087 5095 5107
3 5093 5106 5095
3 5086 5107 5106
3 5095 5106 5107
3 5093 5103 5109
3 5092 5108 5103
3 5084 5109 5108
3 5103 5108 5109
3 5092 5101 5111
3 5089 5110 5101
3 5088 5111 5110
3 5101 5110 5111
3 5089 5099 5113
3 5083 5112 5099
3 5090 5113 5112
3 5099 5112 5113
3 5085 5114 5116
3 5091 5115 5114
3 5086 5116 5115
3 5114 5115 5116
3 5085 5116 5118
3 5086 5117 5116
3 5084 5118 5117
3 5116 5117 5118
3 5085 5118 5120
3 5084 5119 5118
3 5088 5120 5119
3 5118 5119 5120
3 5085 5120 5122
3 5088 5121 5120
3 5090 5122 5121
3 5120 5121 5122
3 5085 5122 5114
3 5090 5123 5122
3 5091 5114 5123
3 5122 5123 5114
3 5086 5115 5107
3 5091 5104 5115
3 5087 5107 5104
3 5115 5104 5107
3 5084 5117 5109
3 5086 5106 5117
3 5093 5109 5106
3 5117 5106 5109
3 5088 5119 5111
3 5084 5108 5119
3 5092 5111 5108
3 5119 5108 5111
3 5090 5121 5113
3 5088 5110 5121
3 5089 5113 5110
3 5121 5110 5113
3 5091 5123 5105
3 5090 5112 5123
3 5083 5105 5112
3 5123 5112 5105
3 5124 5136 5138
3 5135 5137 5136
3 5129 5138 5137
3 5136 5137 5138
3 5124 5138 5140
3 5129 5139 5138
3 5125 5140 5139
3 5138 5139 5140
3 5124 5140 5142
3 5125 5141 5140
3 5131 5142 5141
3 5140 5141 5142
3 5124 5142 5144
3 5131 5143 5142
3 5134 5144 5143
3 5142 5143 5144
3 5124 5144 5136
3 5134 5145 5144
3 5135 5136 5145
3 5144 5145 5136
3 5125 5139 5147
3 5129 5146 5139
3 5133 5147 5146
3 5139 5146 5147
3 5129 5137 5149
3 5135 5148 5137
3 5128 5149 5148
3 5137 5148 5149
3 5135 5145 5151
3 5134 5150 5145
3 5126 5151 5150
3 5145 5150 5151
3 5134 5143 5153
3 5131 5152 5143
3 5130 5153 5152
3 5143 5152 5153
3 5131 5141 5155
3 5125 5154 5141
3 5132 5155 5154
3 5141 5154 5155
3 5127 5156 5158
3 5133 5157 5156
3 5128 5158 5157
3 5156 5157 5158
3 5127 5158 5160
3 5128 5159 5158
3 5126 5160 5159
3 5158 5159 5160
3 5127 5160 5162
3 5126 5161 5160
3 5130 5162 5161
3 5160 5161 5162
3 5127 5162 5164
3 5130 5163 5162
3 5132 5164 5163
3 5162 5163 5164
3 5127 5164 5156
3 5132 5165 5164
3 5133 5156 5165
3 5164 5165 5156
3 5128 5157 5149
3 5133 5146 5157
3 5129 5149 5146
3 5157 5146 5149
3 5126 5159 5151
3 5128 5148 5159
3 5135 5151 5148
3 5159 5148 5151
3 5130 5161 5153
3 5126 5150 5161
3 5134 5153 5150
3 5161 5150 5153
3 5132 5163 5155
3 5130 5152 5163
3 5131 5155 5152
3 5163 5152 5155
3 5133 5165 5147
3 5132 5154 5165
3 5125 5147 5154
3 5165 5154 5147
3 5166 5178 5180
3 5177 5179 5178
3 5171 5180 5179
3 5178 5179 5180
3 5166 5180 5182
3 5171 5181 5180
3 5167 5182 5181
3 5180 5181 5182
3 5166 5182 5184
3 5167 5183 5182
3 5173 5184 5183
3 5182 5183 5184
3 5166 5184 5186
3 5173 5185 5184
3 5176 5186 5185
3 5184 5185 5186
3 5166 5186 5178
3 5176 5187 5186
3 5177 5178 5187
3 5186 5187 5178
3 5167 5181 5189
3 5171 5188 5181
3 5175 5189 5188
3 5181 5188 5189
3 5171 5179 5191
3 5177 5190 5179
3 5170 5191 5190
3 5179 5190 5191
3 5177 5187 5193
3 5176 5192 5187
3 5168 5193 5192
3 5187 5192 5193
3 5176 5185 5195
3 5173 5194 5185
3 5172 5195 5194
3 5185 5194 5195
3 5173 5183 5197
3 5167 5196 5183
3 5174 5197 5196
3 5183 5196 5197
3 5169 5198 5200
3 5175 5199 5198
3 5170 5200 5199
3 5198 5199 5200
3 5169 5200 5202
3 5170 5201 5200
3 5168 5202 5201
3 5200 5201 5202
3 5169 5202 5204
3 5168 5203 5202
3 5172 5204 5203
3 5202 5203 5204
3 5169 5204 5206
3 5172 5205 5204
3 5174 5206 5205
3 5204 5205 5206
3 5169 5206 5198
3 5174 5207 5206
3 5175 5198 5207
3 5206 5207 5198
3 5170 5199 5191
3 5175 5188 5199
3 5171 5191 5188
3 5199 5188 5191
3 5168 5201 5193
3 5170 5190 5201
3 5177 5193 5190
3 5201 5190 5193
3 5172 5203 5195
3 5168 5192 5203
3 5176 5195 5192
3 5203 5192 5195
3 5174 5205 5197
3 5172 5194 5205
3 5173 5197 5194
3 5205 5194 5197
3 5175 5207 5189
3 5174 5196 5207
3 5167 5189 5196
3 5207 5196 5189
3 5208 5220 5222
3 5219 5221 5220
3 5213 5222 5221
3 5220 5221 5222
3 5208 5222 5224
3 5213 5223 5222
3 5209 5224 5223
3 5222 5223 5224
3 5208 5224 5226
3 5209 5225 5224
3 5215 5226 5225
3 5224 5225 5226
3 5208 5226 5228
3 5215 5227 5226
3 5218 5228 5227
3 5226 5227 5228
3 5208 5228 5220
3 5218 5229 5228
3 5219 5220 5229
3 5228 5229 5220
3 5209 5223 5231
3 5213 5230 5223
3 5217 5231 5230
3 5223 5230 5231
3 5213 5221 5233
3 5219 5232 5221
3 5212 5233 5232
3 5221 5232 5233
3 5219 5229 5235
3 5218 5234 5229
3 5210 5235 5234
3 5229 5234 5235
3 5218 5227 5237
3 5215 5236 5227
3 5214 5237 5236
3 5227 5236 5237
3 5215 5225 5239
3 5209 5238 5225
3 5216 5239 5238
3 5225 5238 5239
3 5211 5240 5242
3 5217 5241 5240
3 5212 5242 5241
3 5240 5241 5242
3 5211 5242 5244
3 5212 5243 5242
3 5210 5244 5243
3 5242 5243 5244
3 5211 5244 5246
3 5210 5245 5244
3 5214 5246 5245
3 5244 5245 5246
3 5211 5246 5248
3 5214 5247 5246
3 5216 5248 5247
3 5246 5247 5248
3 5211 5248 5240
3 5216 5249 5248
3 5217 5240 5249
3 5248 5249 5240
3 5212 5241 5233
3 5217 5230 5241
3 5213 5233 5230
3 5241 5230 5233
3 5210 5243 5235
3 5212 5232 5243
3 5219 5235 5232
3 5243 5232 5235
3 5214 5245 5237
3 5210 5234 5245
3 5218 5237 5234
3 5245 5234 5237
3 5216 5247 5239
3 5214 5236 5247
3 5215 5239 5236
3 5247 5236 5239
3 5217 5249 5231
3 5216 5238 5249
3 5209 5231 5238
3 5249 5238 5231
3 5250 5262 5264
3 5261 5263 5262
3 5255 5264 5263
3 5262 5263 5264
3 5250 5264 5266
3 5255 5265 5264
3 5251 5266 5265
3 5264 5265 5266
3 5250 5266 5268
3 5251 5267 5266
3 5257 5268 5267
3 5266 5267 5268
3 5250 5268 5270
3 5257 5269 5268
3 5260 5270 5269
3 5268 5269 5270
3 5250 5270 5262
3 5260 5271 5270
3 5261 5262 5271
3 5270 5271 5262
3 5251 5265 5273
3 5255 5272 5265
3 5259 5273 5272
3 5265 5272 5273
3 5255 5263 5275
3 5261 5274 5263
3 5254 5275 5274
3 5263 5274 5275
3 5261 5271 5277
3 5260 5276 5271
3 5252 5277 5276
3 5271 5276 5277
3 5260 5269 5279
3 5257 5278 5269
3 5256 5279 5278
3 5269 5278 5279
3 5257 5267 5281
3 5251 5280 5267
3 5258 5281 5280
3 5267 5280 5281
3 5253 5282 5284
3 5259 5283 5282
3 5254 5284 5283
3 5282 5283 5284
3 5253 5284 5286
3 5254 5285 5284
3 5252 5286 5285
3 5284 5285 5286
3 5253 5286 5288
3 5252 5287 5286
3 5256 5288 5287
3 5286 5287 5288
3 5253 5288 5290
3 5256 5289 5288
3 5258 5290 5289
3 5288 5289 5290
3 5253 5290 5282
3 5258 5291 5290
3 5259 5282 5291
3 5290 5291 5282
3 5254 5283 5275
3 5259 5272 5283
3 5255 5275 5272
3 5283 5272 5275
3 5252 5285 5277
3 5254 5274 5285
3 5261 5277 5274
3 5285 5274 5277
3 5256 5287 5279
3 5252 5276 5287
3 5260 5279 5276
3 5287 5276 5279
3 5258 5289 5281
3 5256 5278 5289
3 5257 5281 5278
3 5289 5278 5281
3 5259 5291 5273
3 5258 5280 5291
3 5251 5273 5280
3 5291 5280 5273
3 5292 5304 5306
3 5303 5305 5304
3 5297 5306 5305
3 5304 5305 5306
3 5292 5306 5308
3 5297 5307 5306
3 5293 5308 5307
3 5306 5307 5308
3 5292 5308 5310
3 5293 5309 5308
3 5299 5310 5309
3 5308 5309 5310
3 5292 5310 5312
3 5299 5311 5310
3 5302 5312 5311
3 5310 5311 5312
3 5292 5312 5304
3 5302 5313 5312
3 5303 5304 5313
3 5312 5313 5304
3 5293 5307 5315
3 5297 5314 5307
3 5301 5315 5314
3 5307 5314 5315
3 5297 5305 5317
3 5303 5316 5305
3 5296 5317 5316
3 5305 5316 5317
3 5303 5313 5319
3 5302 5318 5313
3 5294 5319 5318
3 5313 5318 5319
3 5302 5311 5321
3 5299 5320 5311
3 5298 5321 5320
3 5311 5320 5321
3 5299 5309 5323
3 5293 5322 5309
3 5300 5323 5322
3 5309 5322 5323
3 5295 5324 5326
3 5301 5325 5324
3 5296 5326 5325
3 5324 5325 5326
3 5295 5326 5328
3 5296 5327 5326
3 5294 5328 5327
3 5326 5327 5328
3 5295 5328 5330
3 5294 5329 5328
3 5298 5330 5329
3 5328 5329 5330
3 5295 5330 5332
3 5298 5331 5330
3 5300 5332 5331
3 5330 5331 5332
3 5295 5332 5324
3 5300 5333 5332
3 5301 5324 5333
3 5332 5333 5324
3 5296 5325 5317
3 5301 5314 5325
3 5297 5317 5314
3 5325 5314 5317
3 5294 5327 5319
3 5296 5316 5327
3 5303 5319 5316
3 5327 5316 5319
3 5298 5329 5321
3 5294 5318 5329
3 5302 5321 5318
3 5329 5318 5321
3 5300 5331 5323
3 5298 5320 5331
3 5299 5323 5320
3 5331 5320 5323
3 5301 5333 5315
3 5300 5322 5333
3 5293 5315 5322
3 5333 5322 5315
3 5334 5346 5348
3 5345 5347 5346
3 5339 5348 5347
3 5346 5347 5348
3 5334 5348 5350
3 5339 5349 5348
3 5335 5350 5349
3 5348 5349 5350
3 5334 5350 5352
3 5335 5351 5350
3 5341 5352 5351
3 5350 5351 5352
3 5334 5352 5354
3 5341 5353 5352
3 5344 5354 5353
3 5352 5353 5354
3 5334 5354 5346
3 5344 5355 5354
3 5345 5346 5355
3 5354 5355 5346
3 5335 5349 5357
3 5339 5356 5349
3 5343 5357 5356
3 5349 5356 5357
3 5339 5347 5359
3 5345 5358 5347
3 5338 5359 5358
3 5347 5358 5359
3 5345 5355 5361
3 5344 5360 5355
3 5336 5361 5360
3 5355 5360 5361
3 5344 5353 5363
3 5341 5362 5353
3 5340 5363 5362
3 5353 5362 5363
3 5341 5351 5365
3 5335 5364 5351
3 5342 5365 5364
3 5351 5364 5365
3 5337 5366 5368
3 5343 5367 5366
3 5338 5368 5367
3 5366 5367 5368
3 5337 5368 5370
3 5338 5369 5368
3 5336 5370 5369
3 5368 5369 5370
3 5337 5370 5372
3 5336 5371 5370
3 5340 5372 5371
3 5370 5371 5372
3 5337 5372 5374
3 5340 5373 5372
3 5342 5374 5373
3 5372 5373 5374
3 5337 5374 5366
3 5342 5375 5374
3 5343 5366 5375
3 5374 5375 5366
3 5338 5367 5359
3 5343 5356 5367
3 5339 5359 5356
3 5367 5356 5359
3 5336 5369 5361
3 5338 5358 5369
3 5345 5361 5358
3 5369 5358 5361
3 5340 5371 5363
3 5336 5360 5371
3 5344 5363 5360
3 5371 5360 5363
3 5342 5373 5365
3 5340 5362 5373
3 5341 5365 5362
3 5373 5362 5365
3 5343 5375 5357
3 5342 5364 5375
3 5335 5357 5364
3 5375 5364 5357
3 5376 5388 5390
3 5387 5389 5388
3 5381 5390 5389
3 5388 5389 5390
3 5376 5390 5392
3 5381 5391 5390
3 5377 5392 5391
3 5390 5391 5392
3 5376 5392 5394
3 5377 5393 5392
3 5383 5394 5393
3 5392 5393 5394
3 5376 5394 5396
3 5383 5395 5394
3 5386 5396 5395
3 5394 5395 5396
3 5376 5396 5388
3 5386 5397 5396
3 5387 5388 5397
3 5396 5397 5388
3 5377 5391 5399
3 5381 5398 5391
3 5385 5399 5398
3 5391 5398 5399
3 5381 5389 5401
3 5387 5400 5389
3 5380 5401 5400
3 5389 5400 5401
3 5387 5397 5403
3 5386 5402 5397
3 5378 5403 5402
3 5397 5402 5403
3 5386 5395 5405
3 5383 5404 5395
3 5382 5405 5404
3 5395 5404 5405
3 5383 5393 5407
3 5377 5406 5393
3 5384 5407 5406
3 5393 5406 5407
3 5379 5408 5410
3 5385 5409 5408
3 5380 5410 5409
3 5408 5409 5410
3 5379 5410 5412
3 5380 5411 5410
3 5378 5412 5411
3 5410 5411 5412
3 5379 5412 5414
3 5378 5413 5412
3 5382 5414 5413
3 5412 5413 5414
3 5379 5414 5416
3 5382 5415 5414
3 5384 5416 5415
3 5414 5415 5416
3 5379 5416 5408
3 5384 5417 5416
3 5385 5408 5417
3 5416 5417 5408
3 5380 5409 5401
3 5385 5398 5409
3 5381 5401 5398
3 5409 5398 5401
3 5378 5411 5403
3 5380 5400 5411
3 5387 5403 5400
3 5411 5400 5403
3 5382 5413 5405
3 5378 5402 5413
3 5386 5405 5402
3 5413 5402 5405
3 5384 5415 5407
3 5382 5404 5415
3 5383 5407 5404
3 5415 5404 5407
3 5385 5417 5399
3 5384 5406 5417
3 5377 5399 5406
3 5417 5406 5399
3 5418 5430 5432
3 5429 5431 5430
3 5423 5432 5431
3 5430 5431 5432
3 5418 5432 5434
3 5423 5433 5432
3 5419 5434 5433
3 5432 5433 5434
3 5418 5434 5436
3 5419 5435 5434
3 5425 5436 5435
3 5434 5435 5436
3 5418 5436 5438
3 5425 5437 5436
3 5428 5438 5437
3 5436 5437 5438
3 5418 5438 5430
3 5428 5439 5438
3 5429 5430 5439
3 5438 5439 5430
3 5419 5433 5441
3 5423 5440 5433
3 5427 5441 5440
3 5433 5440 5441
3 5423 5431 5443
3 5429 5442 5431
3 5422 5443 5442
3 5431 5442 5443
3 5429 5439 5445
3 5428 5444 5439
3 5420 5445 5444
3 5439 5444 5445
3 5428 5437 5447
3 5425 5446 5437
3 5424 5447 5446
3 5437 5446 5447
3 5425 5435 5449
3 5419 5448 5435
3 5426 5449 5448
3 5435 5448 5449
3 5421 5450 5452
3 5427 5451 5450
3 5422 5452 5451
3 5450 5451 5452
3 5421 5452 5454
3 5422 5453 5452
3 5420 5454 5453
3 5452 5453 5454
3 5421 5454 5456
3 5420 5455 5454
3 5424 5456 5455
3 5454 5455 5456
3 5421 5456 5458
3 5424 5457 5456
3 5426 5458 5457
3 5456 5457 5458
3 5421 5458 5450
3 5426 5459 5458
3 5427 5450 5459
3 5458 5459 5450
3 5422 5451 5443
3 5427 5440 5451
3 5423 5443 5440
3 5451 5440 5443
3 5420 5453 5445
3 5422 5442 5453
3 5429 5445 5442
3 5453 5442 5445
3 5424 5455 5447
3 5420 5444 5455
3 5428 5447 5444
3 5455 5444 5447
3 5426 5457 5449
3 5424 5446 5457
3 5425 5449 5446
3 5457 5446 5449
3 5427 5459 5441
3 5426 5448 5459
3 5419 5441 5448
3 5459 5448 5441
3 5460 5472 5474
3 5471 5473 5472
3 5465 5474 5473
3 5472 5473 5474
3 5460 5474 5476
3 5465 5475 5474
3 5461 5476 5475
3 5474 5475 5476
3 5460 5476 5478
3 5461 5477 5476
3 5467 5478 5477
3 5476 5477 5478
3 5460 5478 5480
3 5467 5479 5478
3 5470 5480 5479
3 5478 5479 5480
3 5460 5480 5472
3 5470 5481 5480
3 5471 5472 5481
3 5480 5481 5472
3 5461 5475 5483
3 5465 5482 5475
3 5469 5483 5482
3 5475 5482 5483
3 5465 5473 5485
3 5471 5484 5473
3 5464 5485 5484
3 5473 5484 5485
3 5471 5481 5487
3 5470 5486 5481
3 5462 5487 5486
3 5481 5486 5487
3 5470 5479 5489
3 5467 5488 5479
3 5466 5489 5488
3 5479 5488 5489
3 5467 5477 5491
3 5461 5490 5477
3 5468 5491 5490
3 5477 5490 5491
3 5463 5492 5494
3 5469 5493 5492
3 5464 5494 5493
3 5492 5493 5494
3 5463 5494 5496
3 5464 5495 5494
3 5462 5496 5495
3 5494 5495 5496
3 5463 5496 5498
3 5462 5497 5496
3 5466 5498 5497
3 5496 5497 5498
3 5463 5498 5500
3 5466 5499 5498
3 5468 5500 5499
3 5498 5499 5500
3 5463 5500 5492
3 5468 5501 5500
3 5469 5492 5501
3 5500 5501 5492
3 5464 5493 5485
3 5469 5482 5493
3 5465 5485 5482
3 5493 5482 5485
3 5462 5495 5487
3 5464 5484 5495
3 5471 5487 5484
3 5495 5484 5487
3 5466 5497 5489
3 5462 5486 5497
3 5470 5489 5486
3 5497 5486 5489
3 5468 5499 5491
3 5466 5488 5499
3 5467 5491 5488
3 5499 5488 5491
3 5469 5501 5483
3 5468 5490 5501
3 5461 5483 5490
3 5501 5490 5483
3 5502 5514 5516
3 5513 5515 5514
3 5507 5516 5515
3 5514 5515 5516
3 5502 5516 5518
3 5507 5517 5516
3 5503 5518 5517
3 5516 5517 5518
3 5502 5518 5520
3 5503 5519 5518
3 5509 5520 5519
3 5518 5519 5520
3 5502 5520 5522
3 5509 5521 5520
3 5512 5522 5521
3 5520 5521 5522
3 5502 5522 5514
3 5512 5523 5522
3 5513 5514 5523
3 5522 5523 5514
3 5503 5517 5525
3 5507 5524 5517
3 5511 5525 5524
3 5517 5524 5525
3 5507 5515 5527
3 5513 5526 5515
3 5506 5527 5526
3 5515 5526 5527
3 5513 5523 5529
3 5512 5528 5523
3 5504 5529 5528
3 5523 5528 5529
3 5512 5521 5531
3 5509 5530 5521
3 5508 5531 5530
3 5521 5530 5531
3 5509 5519 5533
3 5503 5532 5519
3 5510 5533 5532
3 5519 5532 5533
3 5505 5534 5536
3 5511 5535 5534
3 5506 5536 5535
3 5534 5535 5536
3 5505 5536 5538
3 5506 5537 5536
3 5504 5538 5537
3 5536 5537 5538
3 5505 5538 5540
3 5504 5539 5538
3 5508 5540 5539
3 5538 5539 5540
3 5505 5540 5542
3 5508 5541 5540
3 5510 5542 5541
3 5540 5541 5542
3 5505 5542 5534
3 5510 5543 5542
3 5511 5534 5543
3 5542 5543 5534
3 5506 5535 5527
3 5511 5524 5535
3 5507 5527 5524
3 5535 5524 5527
3 5504 5537 5529
3 5506 5526 5537
3 5513 5529 5526
3 5537 5526 5529
3 5508 5539 5531
3 5504 5528 5539
3 5512 5531 5528
3 5539 5528 5531
3 5510 5541 5533
3 5508 5530 5541
3 5509 5533 5530
3 5541 5530 5533
3 5511 5543 5525
3 5510 5532 5543
3 5503 5525 5532
3 5543 5532 5525
3 5544 5556 5558
3 5555 5557 5556
3 5549 5558 5557
3 5556 5557 5558
3 5544 5558 5560
3 5549 5559 5558
3 5545 5560 5559
3 5558 5559 5560
3 5544 5560 5562
3 5545 5561 5560
3 5551 5562 5561
3 5560 5561 5562
3 5544 5562 5564
3 5551 5563 5562
3 5554 5564 5563
3 5562 5563 5564
3 5544 5564 5556
3 5554 5565 5564
3 5555 5556 5565
3 5564 5565 5556
3 5545 5559 5567
3 5549 5566 5559
3 5553 5567 5566
3 5559 5566 5567
3 5549 5557 5569
3 5555 5568 5557
3 5548 5569 5568
3 5557 5568 5569
3 5555 5565 5571
3 5554 5570 5565
3 5546 5571 5570
3 5565 5570 5571
3 5554 5563 5573
3 5551 5572 5563
3 5550 5573 5572
3 5563 5572 5573
3 5551 5561 5575
3 5545 5574 5561
3 5552 5575 5574
3 5561 5574 5575
3 5547 5576 5578
3 5553 5577 5576
3 5548 5578 5577
3 5576 5577 5578
3 5547 5578 5580
3 5548 5579 5578
3 5546 5580 5579
3 5578 5579 5580
3 5547 5580 5582
3 5546 5581 5580
3 5550 5582 5581
3 5580 5581 5582
3 5547 5582 5584
3 5550 5583 5582
3 5552 5584 5583
3 5582 5583 5584
3 5547 5584 5576
3 5552 5585 5584
3 5553 5576 5585
3 5584 5585 5576
3 5548 5577 5569
3 5553 5566 5577
3 5549 5569 5566
3 5577 5566 5569
3 5546 5579 5571
3 5548 5568 5579
3 5555 5571 5568
3 5579 5568 5571
3 5550 5581 5573
3 5546 5570 5581
3 5554 5573 5570
3 5581 5570 5573
3 5552 5583 5575
3 5550 5572 5583
3 5551 5575 5572
3 5583 5572 5575
3 5553 5585 5567
3 5552 5574 5585
3 5545 5567 5574
3 5585 5574 5567
3 5586 5598 5600
3 5597 5599 5598
3 5591 5600 5599
3 5598 5599 5600
3 5586 5600 5602
3 5591 5601 5600
3 5587 5602 5601
3 5600 5601 5602
3 5586 5602 5604
3 5587 5603 5602
3 5593 5604 5603
3 5602 5603 5604
3 5586 5604 5606
3 5593 5605 5604
3 5596 5606 5605
3 5604 5605 5606
3 5586 5606 5598
3 5596 5607 5606
3 5597 5598 5607
3 5606 5607 5598
3 5587 5601 5609
3 5591 5608 5601
3 5595 5609 5608
3 5601 5608 5609
3 5591 5599 5611
3 5597 5610 5599
3 5590 5611 5610
3 5599 5610 5611
3 5597 5607 5613
3 5596 5612 5607
3 5588 5613 5612
3 5607 5612 5613
3 5596 5605 5615
3 5593 5614 5605
3 5592 5615 5614
3 5605 5614 5615
3 5593 5603 5617
3 5587 5616 5603
3 5594 5617 5616
3 5603 5616 5617
3 5589 5618 5620
3 5595 5619 5618
3 5590 5620 5619
3 5618 5619 5620
3 5589 5620 5622
3 5590 5621 5620
3 5588 5622 5621
3 5620 5621 5622
3 5589 5622 5624
3 5588 5623 5622
3 5592 5624 5623
3 5622 5623 5624
3 5589 5624 5626
3 5592 5625 5624
3 5594 5626 5625
3 5624 5625 5626
3 5589 5626 5618
3 5594 5627 5626
3 5595 5618 5627
3 5626 5627 5618
3 5590 5619 5611
3 5595 5608 5619
3 5591 5611 5608
3 5619 5608 5611
3 5588 5621 5613
3 5590 5610 5621
3 5597 5613 5610
3 5621 5610 5613
3 5592 5623 5615
3 5588 5612 5623
3 5596 5615 5612
3 5623 5612 5615
3 5594 5625 5617
3 5592 5614 5625
3 5593 5617 5614
3 5625 5614 5617
3 5595 5627 5609
3 5594 5616 5627
3 5587 5609 5616
3 5627 5616 5609
3 5628 5640 5642
3 5639 5641 5640
3 5633 5642 5641
3 5640 5641 5642
3 5628 5642 5644
3 5633 5643 5642
3 5629 5644 5643
3 5642 5643 5644
3 5628 5644 5646
3 5629 5645 5644
3 5635 5646 5645
3 5644 5645 5646
3 5628 5646 5648
3 5635 5647 5646
3 5638 5648 5647
3 5646 5647 5648
3 5628 5648 5640
3 5638 5649 5648
3 5639 5640 5649
3 5648 5649 5640
3 5629 5643 5651
3 5633 5650 5643
3 5637 5651 5650
3 5643 5650 5651
3 5633 5641 5653
3 5639 5652 5641
3 5632 5653 5652
3 5641 5652 5653
3 5639 5649 5655
3 5638 5654 5649
3 5630 5655 5654
3 5649 5654 5655
3 5638 5647 5657
3 5635 5656 5647
3 5634 5657 5656
3 5647 5656 5657
3 5635 5645 5659
3 5629 5658 5645
3 5636 5659 5658
3 5645 5658 5659
3 5631 5660 5662
3 5637 5661 5660
3 5632 5662 5661
3 5660 5661 5662
3 5631 5662 5664
3 5632 5663 5662
3 5630 5664 5663
3 5662 5663 5664
3 5631 5664 5666
3 5630 5665 5664
3 5634 5666 5665
3 5664 5665 5666
3 5631 5666 5668
3 5634 5667 5666
3 5636 5668 5667
3 5666 5667 5668
3 5631 5668 5660
3 5636 5669 5668
3 5637 5660 5669
3 5668 5669 5660
3 5632 5661 5653
3 5637 5650 5661
3 5633 5653 5650
3 5661 5650 5653
3 5630 5663 5655
3 5632 5652 5663
3 5639 5655 5652
3 5663 5652 5655
3 5634 5665 5657
3 5630 5654 5665
3 5638 5657 5654
3 5665 5654 5657
3 5636 5667 5659
3 5634 5656 5667
3 5635 5659 5656
3 5667 5656 5659
3 5637 5669 5651
3 5636 5658 5669
3 5629 5651 5658
3 5669 5658 5651
3 5670 5682 5684
3 5681 5683 5682
3 5675 5684 5683
3 5682 5683 5684
3 5670 5684 5686
3 5675 5685 5684
3 5671 5686 5685
3 5684 5685 5686
3 5670 5686 5688
3 5671 5687 5686
3 5677 5688 5687
3 5686 5687 5688
3 5670 5688 5690
3 5677 5689 5688
3 5680 5690 5689
3 5688 5689 5690
3 5670 5690 5682
3 5680 5691 5690
3 5681 5682 5691
3 5690 5691 5682
3 5671 5685 5693
3 5675 5692 5685
3 5679 5693 5692
3 5685 5692 5693
3 5675 5683 5695
3 5681 5694 5683
3 5674 5695 5694
3 5683 5694 5695
3 5681 5691 5697
3 5680 5696 5691
3 5672 5697 5696
3 5691 5696 5697
3 5680 5689 5699
3 5677 5698 5689
3 5676 5699 5698
3 5689 5698 5699
3 5677 5687 5701
3 5671 5700 5687
3 5678 5701 5700
3 5687 5700 5701
3 5673 5702 5704
3 5679 5703 5702
3 5674 5704 5703
3 5702 5703 5704
3 5673 5704 5706
3 5674 5705 5704
3 5672 5706 5705
3 5704 5705 5706
3 5673 5706 5708
3 5672 5707 5706
3 5676 5708 5707
3 5706 5707 5708
3 5673 5708 5710
3 5676 5709 5708
3 5678 5710 5709
3 5708 5709 5710
3 5673 5710 5702
3 5678 5711 5710
3 5679 5702 5711
3 5710 5711 5702
3 5674 5703 5695
3 5679 5692 5703
3 5675 5695 5692
3 5703 5692 5695
3 5672 5705 5697
3 5674 5694 5705
3 5681 5697 5694
3 5705 5694 5697
3 5676 5707 5699
3 5672 5696 5707
3 5680 5699 5696
3 5707 5696 5699
3 5678 5709 5701
3 5676 5698 5709
3 5677 5701 5698
3 5709 5698 5701
3 5679 5711 5693
3 5678 5700 5711
3 5671 5693 5700
3 5711 5700 5693
3 5712 5724 5726
3 5723 5725 5724
3 5717 5726 5725
3 5724 5725 5726
3 5712 5726 5728
3 5717 5727 5726
3 5713 5728 5727
3 5726 5727 5728
3 5712 5728 5730
3 5713 5729 5728
3 5719 5730 5729
3 5728 5729 5730
3 5712 5730 5732
3 5719 5731 5730
3 5722 5732 5731
3 5730 5731 5732
3 5712 5732 5724
3 5722 5733 5732
3 5723 5724 5733
3 5732 5733 5724
3 5713 5727 5735
3 5717 5734 5727
3 5721 5735 5734
3 5727 5734 5735
3 5717 5725 5737
3 5723 5736 5725
3 5716 5737 5736
3 5725 5736 5737
3 5723 5733 5739
3 5722 5738 5733
3 5714 5739 5738
3 5733 5738 5739
3 5722 5731 5741
3 5719 5740 5731
3 5718 5741 5740
3 5731 5740 5741
3 5719 5729 5743
3 5713 5742 5729
3 5720 5743 5742
3 5729 5742 5743
3 5715 5744 5746
3 5721 5745 5744
3 5716 5746 5745
3 5744 5745 5746
3 5715 5746 5748
3 5716 5747 5746
3 5714 5748 5747
3 5746 5747 5748
3 5715 5748 5750
3 5714 5749 5748
3 5718 5750 5749
3 5748 5749 5750
3 5715 5750 5752
3 5718 5751 5750
3 5720 5752 5751
3 5750 5751 5752
3 5715 5752 5744
3 5720 5753 5752
3 5721 5744 5753
3 5752 5753 5744
3 5716 5745 5737
3 5721 5734 5745
3 5717 5737 5734
3 5745 5734 5737
3 5714 5747 5739
3 5716 5736 5747
3 5723 5739 5736
3 5747 5736 5739
3 5718 5749 5741
3 5714 5738 5749
3 5722 5741 5738
3 5749 5738 5741
3 5720 5751 5743
3 5718 5740 5751
3 5719 5743 5740
3 5751 5740 5743
3 5721 5753 5735
3 5720 5742 5753
3 5713 5735 5742
3 5753 5742 5735
3 5754 5766 5768
3 5765 5767 5766
3 5759 5768 5767
3 5766 5767 5768
3 5754 5768 5770
3 5759 5769 5768
3 5755 5770 5769
3 5768 5769 5770
3 5754 5770 5772
3 5755 5771 5770
3 5761 5772 5771
3 5770 5771 5772
3 5754 5772 5774
3 5761 5773 5772
3 5764 5774 5773
3 5772 5773 5774
3 5754 5774 5766
3 5764 5775 5774
3 5765 5766 5775
3 5774 5775 5766
3 5755 5769 5777
3 5759 5776 5769
3 5763 5777 5776
3 5769 5776 5777
3 5759 5767 5779
3 5765 5778 5767
3 5758 5779 5778
3 5767 5778 5779
3 5765 5775 5781
3 5764 5780 5775
3 5756 5781 5780
3 5775 5780 5781
3 5764 5773 5783
3 5761 5782 5773
3 5760 5783 5782
3 5773 5782 5783
3 5761 5771 5785
3 5755 5784 5771
3 5762 5785 5784
3 5771 5784 5785
3 5757 5786 5788
3 5763 5787 5786
3 5758 5788 5787
3 5786 5787 5788
3 5757 5788 5790
3 5758 5789 5788
3 5756 5790 5789
3 5788 5789 5790
3 5757 5790 5792
3 5756 5791 5790
3 5760 5792 5791
3 5790 5791 5792
3 5757 5792 5794
3 5760 5793 5792
3 5762 5794 5793
3 5792 5793 5794
3 5757 5794 5786
3 5762 5795 5794
3 5763 5786 5795
3 5794 5795 5786
3 5758 5787 5779
3 5763 5776 5787
3 5759 5779 5776
3 5787 5776 5779
3 5756 5789 5781
3 5758 5778 5789
3 5765 5781 5778
3 5789 5778 5781
3 5760 5791 5783
3 5756 5780 5791
3 5764 5783 5780
3 5791 5780 5783
3 5762 5793 5785
3 5760 5782 5793
3 5761 5785 5782
3 5793 5782 5785
3 5763 5795 5777
3 5762 5784 5795
3 5755 5777 5784
3 5795 5784 5777
3 5796 5808 5810
3 5807 5809 5808
3 5801 5810 5809
3 5808 5809 5810
3 5796 5810 5812
3 5801 5811 5810
3 5797 5812 5811
3 5810 5811 5812
3 5796 5812 5814
3 5797 5813 5812
3 5803 5814 5813
3 5812 5813 5814
3 5796 5814 5816
3 5803 5815 5814
3 5806 5816 5815
3 5814 5815 5816
3 5796 5816 5808
3 5806 5817 5816
3 5807 5808 5817
3 5816 5817 5808
3 5797 5811 5819
3 5801 5818 5811
3 5805 5819 5818
3 5811 5818 5819
3 5801 5809 5821
3 5807 5820 5809
3 5800 5821 5820
3 5809 5820 5821
3 5807 5817 5823
3 5806 5822 5817
3 5798 5823 5822
3 5817 5822 5823
3 5806 5815 5825
3 5803 5824 5815
3 5802 5825 5824
3 5815 5824 5825
3 5803 5813 5827
3 5797 5826 5813
3 5804 5827 5826
3 5813 5826 5827
3 5799 5828 5830
3 5805 5829 5828
3 5800 5830 5829
3 5828 5829 5830
3 5799 5830 5832
3 5800 5831 5830
3 5798 5832 5831
3 5830 5831 5832
3 5799 5832 5834
3 5798 5833 5832
3 5802 5834 5833
3 5832 5833 5834
3 5799 5834 5836
3 5802 5835 5834
3 5804 5836 5835
3 5834 5835 5836
3 5799 5836 5828
3 5804 5837 5836
3 5805 5828 5837
3 5836 5837 5828
3 5800 5829 5821
3 5805 5818 5829
3 5801 5821 5818
3 5829 5818 5821
3 5798 5831 5823
3 5800 5820 5831
3 5807 5823 5820
3 5831 5820 5823
3 5802 5833 5825
3 5798 5822 5833
3 5806 5825 5822
3 5833 5822 5825
3 5804 5835 5827
3 5802 5824 5835
3 5803 5827 5824
3 5835 5824 5827
3 5805 5837 5819
3 5804 5826 5837
3 5797 5819 5826
3 5837 5826 5819
3 5838 5850 5852
3 5849 5851 5850
3 5843 5852 5851
3 5850 5851 5852
3 5838 5852 5854
3 5843 5853 5852
3 5839 5854 5853
3 5852 5853 5854
3 5838 5854 5856
3 5839 5855 5854
3 5845 5856 5855
3 5854 5855 5856
3 5838 5856 5858
3 5845 5857 5856
3 5848 5858 5857
3 5856 5857 5858
3 5838 5858 5850
3 5848 5859 5858
3 5849 5850 5859
3 5858 5859 5850
3 5839 5853 5861
3 5843 5860 5853
3 5847 5861 5860
3 5853 5860 5861
3 5843 5851 5863
3 5849 5862 5851
3 5842 5863 5862
3 5851 5862 5863
3 5849 5859 5865
3 5848 5864 5859
3 5840 5865 5864
3 5859 5864 5865
3 5848 5857 5867
3 5845 5866 5857
3 5844 5867 5866
3 5857 5866 5867
3 5845 5855 5869
3 5839 5868 5855
3 5846 5869 5868
3 5855 5868 5869
3 5841 5870 5872
3 5847 5871 5870
3 5842 5872 5871
3 5870 5871 5872
3 5841 5872 5874
3 5842 5873 5872
3 5840 5874 5873
3 5872 5873 5874
3 5841 5874 5876
3 5840 5875 5874
3 5844 5876 5875
3 5874 5875 5876
3 5841 5876 5878
3 5844 5877 5876
3 5846 5878 5877
3 5876 5877 5878
3 5841 5878 5870
3 5846 5879 5878
3 5847 5870 5879
3 5878 5879 5870
3 5842 5871 5863
3 5847 5860 5871
3 5843 5863 5860
3 5871 5860 5863
3 5840 5873 5865
3 5842 5862 5873
3 5849 5865 5862
3 5873 5862 5865
3 5844 5875 5867
3 5840 5864 5875
3 5848 5867 5864
3 5875 5864 5867
3 5846 5877 5869
3 5844 5866 5877
3 5845 5869 5866
3 5877 5866 5869
3 5847 5879 5861
3 5846 5868 5879
3 5839 5861 5868
3 5879 5868 5861
3 5880 5892 5894
3 5891 5893 5892
3 5885 5894 5893
3 5892 5893 5894
3 5880 5894 5896
3 5885 5895 5894
3 5881 5896 5895
3 5894 5895 5896
3 5880 5896 5898
3 5881 5897 5896
3 5887 5898 5897
3 5896 5897 5898
3 5880 5898 5900
3 5887 5899 5898
3 5890 5900 5899
3 5898 5899 5900
3 5880 5900 5892
3 5890 5901 5900
3 5891 5892 5901
3 5900 5901 5892
3 5881 5895 5903
3 5885 5902 5895
3 5889 5903 5902
3 5895 5902 5903
3 5885 5893 5905
3 5891 5904 5893
3 5884 5905 5904
3 5893 5904 5905
3 5891 5901 5907
3 5890 5906 5901
3 5882 5907 5906
3 5901 5906 5907
3 5890 5899 5909
3 5887 5908 5899
3 5886 5909 5908
3 5899 5908 5909
3 5887 5897 5911
3 5881 5910 5897
3 5888 5911 5910
3 5897 5910 5911
3 5883 5912 5914
3 5889 5913 5912
3 5884 5914 5913
3 5912 5913 5914
3 5883 5914 5916
3 5884 5915 5914
3 5882 5916 5915
3 5914 5915 5916
3 5883 5916 5918
3 5882 5917 5916
3 5886 5918 5917
3 5916 5917 5918
3 5883 5918 5920
3 5886 5919 5918
3 5888 5920 5919
3 5918 5919 5920
3 5883 5920 5912
3 5888 5921 5920
3 5889 5912 5921
3 5920 5921 5912
3 5884 5913 5905
3 5889 5902 5913
3 5885 5905 5902
3 5913 5902 5905
3 5882 5915 5907
3 5884 5904 5915
3 5891 5907 5904
3 5915 5904 5907
3 5886 5917 5909
3 5882 5906 5917
3 5890 5909 5906
3 5917 5906 5909
3 5888 5919 5911
3 5886 5908 5919
3 5887 5911 5908
3 5919 5908 5911
3 5889 5921 5903
3 5888 5910 5921
3 5881 5903 5910
3 5921 5910 5903
3 5922 5934 5936
3 5933 5935 5934
3 5927 5936 5935
3 5934 5935 5936
3 5922 5936 5938
3 5927 5937 5936
3 5923 5938 5937
3 5936 5937 5938
3 5922 5938 5940
3 5923 5939 5938
3 5929 5940 5939
3 5938 5939 5940
3 5922 5940 5942
3 5929 5941 5940
3 5932 5942 5941
3 5940 5941 5942
3 5922 5942 5934
3 5932 5943 5942
3 5933 5934 5943
3 5942 5943 5934
3 5923 5937 5945
3 5927 5944 5937
3 5931 5945 5944
3 5937 5944 5945
3 5927 5935 5947
3 5933 5946 5935
3 5926 5947 5946
3 5935 5946 5947
3 5933 5943 5949
3 5932 5948 5943
3 5924 5949 5948
3 5943 5948 5949
3 5932 5941 5951
3 5929 5950 5941
3 5928 5951 5950
3 5941 5950 5951
3 5929 5939 5953
3 5923 5952 5939
3 5930 5953 5952
3 5939 5952 5953
3 5925 5954 5956
3 5931 5955 5954
3 5926 5956 5955
3 5954 5955 5956
3 5925 5956 5958
3 5926 5957 5956
3 5924 5958 5957
3 5956 5957 5958
3 5925 5958 5960
3 5924 5959 5958
3 5928 5960 5959
3 5958 5959 5960
3 5925 5960 5962
3 5928 5961 5960
3 5930 5962 5961
3 5960 5961 5962
3 5925 5962 5954
3 5930 5963 5962
3 5931 5954 5963
3 5962 5963 5954
3 5926 5955 5947
3 5931 5944 5955
3 5927 5947 5944
3 5955 5944 5947
3 5924 5957 5949
3 5926 5946 5957
3 5933 5949 5946
3 5957 5946 5949
3 5928 5959 5951
3 5924 5948 5959
3 5932 5951 5948
3 5959 5948 5951
3 5930 5961 5953
3 5928 5950 5961
3 5929 5953 5950
3 5961 5950 5953
3 5931 5963 5945
3 5930 5952 5963
3 5923 5945 5952
3 5963 5952 5945
3 5964 5976 5978
3 5975 5977 5976
3 5969 5978 5977
3 5976 5977 5978
3 5964 5978 5980
3 5969 5979 5978
3 5965 5980 5979
3 5978 5979 5980
3 5964 5980 5982
3 5965 5981 5980
3 5971 5982 5981
3 5980 5981 5982
3 5964 5982 5984
3 5971 5983 5982
3 5974 5984 5983
3 5982 5983 5984
3 5964 5984 5976
3 5974 5985 5984
3 5975 5976 5985
3 5984 5985 5976
3 5965 5979 5987
3 5969 5986 5979
3 5973 5987 5986
3 5979 5986 5987
3 5969 5977 5989
3 5975 5988 5977
3 5968 5989 5988
3 5977 5988 5989
3 5975 5985 5991
3 5974 5990 5985
3 5966 5991 5990
3 5985 5990 5991
3 5974 5983 5993
3 5971 5992 5983
3 5970 5993 5992
3 5983 5992 5993
3 5971 5981 5995
3 5965 5994 5981
3 5972 5995 5994
3 5981 5994 5995
3 5967 5996 5998
3 5973 5997 5996
3 5968 5998 5997
3 5996 5997 5998
3 5967 5998 6000
3 5968 5999 5998
3 5966 6000 5999
3 5998 5999 6000
3 5967 6000 6002
3 5966 6001 6000
3 5970 6002 6001
3 6000 6001 6002
3 5967 6002 6004
3 5970 6003 6002
3 5972 6004 6003
3 6002 6003 6004
3 5967 6004 5996
3 5972 6005 6004
3 5973 5996 6005
3 6004 6005 5996
3 5968 5997 5989
3 5973 5986 5997
3 5969 5989 5986
3 5997 5986 5989
3 5966 5999 5991
3 5968 5988 5999
3 5975 5991 5988
3 5999 5988 5991
3 5970 6001 5993
3 5966 5990 6001
3 5974 5993 5990
3 6001 5990 5993
3 5972 6003 5995
3 5970 5992 6003
3 5971 5995 5992
3 6003 5992 5995
3 5973 6005 5987
3 5972 5994 6005
3 5965 5987 5994
3 6005 5994 5987
3 6006 6018 6020
3 6017 6019 6018
3 6011 6020 6019
3 6018 6019 6020
3 6006 6020 6022
3 6011 6021 6020
3 6007 6022 6021
3 6020 6021 6022
3 6006 6022 6024
3 6007 6023 6022
3 6013 6024 6023
3 6022 6023 6024
3 6006 6024 6026
3 6013 6025 6024
3 6016 6026 6025
3 6024 6025 6026
3 6006 6026 6018
3 6016 6027 6026
3 6017 6018 6027
3 6026 6027 6018
3 6007 6021 6029
3 6011 6028 6021
3 6015 6029 6028
3 6021 6028 6029
3 6011 6019 6031
3 6017 6030 6019
3 6010 6031 6030
3 6019 6030 6031
3 6017 6027 6033
3 6016 6032 6027
3 6008 6033 6032
3 6027 6032 6033
3 6016 6025 6035
3 6013 6034 6025
3 6012 6035 6034
3 6025 6034 6035
3 6013 6023 6037
3 6007 6036 6023
3 6014 6037 6036
3 6023 6036 6037
3 6009 6038 6040
3 6015 6039 6038
3 6010 6040 6039
3 6038 6039 6040
3 6009 6040 6042
3 6010 6041 6040
3 6008 6042 6041
3 6040 6041 6042
3 6009 6042 6044
3 6008 6043 6042
3 6012 6044 6043
3 6042 6043 6044
3 6009 6044 6046
3 6012 6045 6044
3 6014 6046 6045
3 6044 6045 6046
3 6009 6046 6038
3 6014 6047 6046
3 6015 6038 6047
3 6046 6047 6038
3 6010 6039 6031
3 6015 6028 6039
3 6011 6031 6028
3 6039 6028 6031
3 6008 6041 6033
3 6010 6030 6041
3 6017 6033 6030
3 6041 6030 6033
3 6012 6043 6035
3 6008 6032 6043
3 6016 6035 6032
3 6043 6032 6035
3 6014 6045 6037
3 6012 6034 6045
3 6013 6037 6034
3 6045 6034 6037
3 6015 6047 6029
3 6014 6036 6047
3 6007 6029 6036
3 6047 6036 6029
3 6048 6060 6062
3 6059 6061 6060
3 6053 6062 6061
3 6060 6061 6062
3 6048 6062 6064
3 6053 6063 6062
3 6049 6064 6063
3 6062 6063 6064
3 6048 6064 6066
3 6049 6065 6064
3 6055 6066 6065
3 6064 6065 6066
3 6048 6066 6068
3 6055 6067 6066
3 6058 6068 6067
3 6066 6067 6068
3 6048 6068 6060
3 6058 6069 6068
3 6059 6060 6069
3 6068 6069 6060
3 6049 6063 6071
3 6053 6070 6063
3 6057 6071 6070
3 6063 6070 6071
3 6053 6061 6073
3 6059 6072 6061
3 6052 6073 6072
3 6061 6072 6073
3 6059 6069 6075
3 6058 6074 6069
3 6050 6075 6074
3 6069 6074 6075
3 6058 6067 6077
3 6055 6076 6067
3 6054 6077 6076
3 6067 6076 6077
3 6055 6065 6079
3 6049 6078 6065
3 6056 6079 6078
3 6065 6078 6079
3 6051 6080 6082
3 6057 6081 6080
3 6052 6082 6081
3 6080 6081 6082
3 6051 6082 6084
3 6052 6083 6082
3 6050 6084 6083
3 6082 6083 6084
3 6051 6084 6086
3 6050 6085 6084
3 6054 6086 6085
3 6084 6085 6086
3 6051 6086 6088
3 6054 6087 6086
3 6056 6088 6087
3 6086 6087 6088
3 6051 6088 6080
3 6056 6089 6088
3 6057 6080 6089
3 6088 6089 6080
3 6052 6081 6073
3 6057 6070 6081
3 6053 6073 6070
3 6081 6070 6073
3 6050 6083 6075
3 6052 6072 6083
3 6059 6075 6072
3 6083 6072 6075
3 6054 6085 6077
3 6050 6074 6085
3 6058 6077 6074
3 6085 6074 6077
3 6056 6087 6079
3 6054 6076 6087
3 6055 6079 6076
3 6087 6076 6079
3 6057 6089 6071
3 6056 6078 6089
3 6049 6071 6078
3 6089 6078 6071
3 6090 6102 6104
3 6101 6103 6102
3 6095 6104 6103
3 6102 6103 6104
3 6090 6104 6106
3 6095 6105 6104
3 6091 6106 6105
3 6104 6105 6106
3 6090 6106 6108
3 6091 6107 6106
3 6097 6108 6107
3 6106 6107 6108
3 6090 6108 6110
3 6097 6109 6108
3 6100 6110 6109
3 6108 6109 6110
3 6090 6110 6102
3 6100 6111 6110
3 6101 6102 6111
3 6110 6111 6102
3 6091 6105 6113
3 6095 6112 6105
3 6099 6113 6112
3 6105 6112 6113
3 6095 6103 6115
3 6101 6114 6103
3 6094 6115 6114
3 6103 6114 6115
3 6101 6111 6117
3 6100 6116 6111
3 6092 6117 6116
3 6111 6116 6117
3 6100 6109 6119
3 6097 6118 6109
3 6096 6119 6118
3 6109 6118 6119
3 6097 6107 6121
3 6091 6120 6107
3 6098 6121 6120
3 6107 6120 6121
3 6093 6122 6124
3 6099 6123 6122
3 6094 6124 6123
3 6122 6123 6124
3 6093 6124 6126
3 6094 6125 6124
3 6092 6126 6125
3 6124 6125 6126
3 6093 6126 6128
3 6092 6127 6126
3 6096 6128 6127
3 6126 6127 6128
3 6093 6128 6130
3 6096 6129 6128
3 6098 6130 6129
3 6128 6129 6130
3 6093 6130 6122
3 6098 6131 6130
3 6099 6122 6131
3 6130 6131 6122
3 6094 6123 6115
3 6099 6112 6123
3 6095 6115 6112
3 6123 6112 6115
3 6092 6125 6117
3 6094 6114 6125
3 6101 6117 6114
3 6125 6114 6117
3 6096 6127 6119
3 6092 6116 6127
3 6100 6119 6116
3 6127 6116 6119
3 6098 6129 6121
3 6096 6118 6129
3 6097 6121 6118
3 6129 6118 6121
3 6099 6131 6113
3 6098 6120 6131
3 6091 6113 6120
3 6131 6120 6113
3 6132 6144 6146
3 6143 6145 6144
3 6137 6146 6145
3 6144 6145 6146
3 6132 6146 6148
3 6137 6147 6146
3 6133 6148 6147
3 6146 6147 6148
3 6132 6148 6150
3 6133 6149 6148
3 6139 6150 6149
3 6148 6149 6150
3 6132 6150 6152
3 6139 6151 6150
3 6142 6152 6151
3 6150 6151 6152
3 6132 6152 6144
3 6142 6153 6152
3 6143 6144 6153
3 6152 6153 6144
3 6133 6147 6155
3 6137 6154 6147
3 6141 6155 6154
3 6147 6154 6155
3 6137 6145 6157
3 6143 6156 6145
3 6136 6157 6156
3 6145 6156 6157
3 6143 6153 6159
3 6142 6158 6153
3 6134 6159 6158
3 6153 6158 6159
3 6142 6151 6161
3 6139 6160 6151
3 6138 6161 6160
3 6151 6160 6161
3 6139 6149 6163
3 6133 6162 6149
3 6140 6163 6162
3 6149 6162 6163
3 6135 6164 6166
3 6141 6165 6164
3 6136 6166 6165
3 6164 6165 6166
3 6135 6166 6168
3 6136 6167 6166
3 6134 6168 6167
3 6166 6167 6168
3 6135 6168 6170
3 6134 6169 6168
3 6138 6170 6169
3 6168 6169 6170
3 6135 6170 6172
3 6138 6171 6170
3 6140 6172 6171
3 6170 6171 6172
3 6135 6172 6164
3 6140 6173 6172
3 6141 6164 6173
3 6172 6173 6164
3 6136 6165 6157
3 6141 6154 6165
3 6137 6157 6154
3 6165 6154 6157
3 6134 6167 6159
3 6136 6156 6167
3 6143 6159 6156
3 6167 6156 6159
3 6138 6169 6161
3 6134 6158 6169
3 6142 6161 6158
3 6169 6158 6161
3 6140 6171 6163
3 6138 6160 6171
3 6139 6163 6160
3 6171 6160 6163
3 6141 6173 6155
3 6140 6162 6173
3 6133 6155 6162
3 6173 6162 6155
3 6174 6186 6188
3 6185 6187 6186
3 6179 6188 6187
3 6186 6187 6188
3 6174 6188 6190
3 6179 6189 6188
3 6175 6190 6189
3 6188 6189 6190
3 6174 6190 6192
3 6175 6191 6190
3 6181 6192 6191
3 6190 6191 6192
3 6174 6192 6194
3 6181 6193 6192
3 6184 6194 6193
3 6192 6193 6194
3 6174 6194 6186
3 6184 6195 6194
3 6185 6186 6195
3 6194 6195 6186
3 6175 6189 6197
3 6179 6196 6189
3 6183 6197 6196
3 6189 6196 6197
3 6179 6187 6199
3 6185 6198 6187
3 6178 6199 6198
3 6187 6198 6199
3 6185 6195 6201
3 6184 6200 6195
3 6176 6201 6200
3 6195 6200 6201
3 6184 6193 6203
3 6181 6202 6193
3 6180 6203 6202
3 6193 6202 6203
3 6181 6191 6205
3 6175 6204 6191
3 6182 6205 6204
3 6191 6204 6205
3 6177 6206 6208
3 6183 6207 6206
3 6178 6208 6207
3 6206 6207 6208
3 6177 6208 6210
3 6178 6209 6208
3 6176 6210 6209
3 6208 6209 6210
3 6177 6210 6212
3 6176 6211 6210
3 6180 6212 6211
3 6210 6211 6212
3 6177 6212 6214
3 6180 6213 6212
3 6182 6214 6213
3 6212 6213 6214
3 6177 6214 6206
3 6182 6215 6214
3 6183 6206 6215
3 6214 6215 6206
3 6178 6207 6199
3 6183 6196 6207
3 6179 6199 6196
3 6207 6196 6199
3 6176 6209 6201
3 6178 6198 6209
3 6185 6201 6198
3 6209 6198 6201
3 6180 6211 6203
3 6176 6200 6211
3 6184 6203 6200
3 6211 6200 6203
3 6182 6213 6205
3 6180 6202 6213
3 6181 6205 6202
3 6213 6202 6205
3 6183 6215 6197
3 6182 6204 6215
3 6175 6197 6204
3 6215 6204 6197
3 6216 6228 6230
3 6227 6229 6228
3 6221 6230 6229
3 6228 6229 6230
3 6216 6230 6232
3 6221 6231 6230
3 6217 6232 6231
3 6230 6231 6232
3 6216 6232 6234
3 6217 6233 6232
3 6223 6234 6233
3 6232 6233 6234
3 6216 6234 6236
3 6223 6235 6234
3 6226 6236 6235
3 6234 6235 6236
3 6216 6236 6228
3 6226 6237 6236
3 6227 6228 6237
3 6236 6237 6228
3 6217 6231 6239
3 6221 6238 6231
3 6225 6239 6238
3 6231 6238 6239
3 6221 6229 6241
3 6227 6240 6229
3 6220 6241 6240
3 6229 6240 6241
3 6227 6237 6243
3 6226 6242 6237
3 6218 6243 6242
3 6237 6242 6243
3 6226 6235 6245
3 6223 6244 6235
3 6222 6245 6244
3 6235 6244 6245
3 6223 6233 6247
3 6217 6246 6233
3 6224 6247 6246
3 6233 6246 6247
3 6219 6248 6250
3 6225 6249 6248
3 6220 6250 6249
3 6248 6249 6250
3 6219 6250 6252
3 6220 6251 6250
3 6218 6252 6251
3 6250 6251 6252
3 6219 6252 6254
3 6218 6253 6252
3 6222 6254 6253
3 6252 6253 6254
3 6219 6254 6256
3 6222 6255 6254
3 6224 6256 6255
3 6254 6255 6256
3 6219 6256 6248
3 6224 6257 6256
3 6225 6248 6257
3 6256 6257 6248
3 6220 6249 6241
3 6225 6238 6249
3 6221 6241 6238
3 6249 6238 6241
3 6218 6251 6243
3 6220 6240 6251
3 6227 6243 6240
3 6251 6240 6243
3 6222 6253 6245
3 6218 6242 6253
3 6226 6245 6242
3 6253 6242 6245
3 6224 6255 6247
3 6222 6244 6255
3 6223 6247 6244
3 6255 6244 6247
3 6225 6257 6239
3 6224 6246 6257
3 6217 6239 6246
3 6257 6246 6239
3 6258 6270 6272
3 6269 6271 6270
3 6263 6272 6271
3 6270 6271 6272
3 6258 6272 6274
3 6263 6273 6272
3 6259 6274 6273
3 6272 6273 6274
3 6258 6274 6276
3 6259 6275 6274
3 6265 6276 6275
3 6274 6275 6276
3 6258 6276 6278
3 6265 6277 6276
3 6268 6278 6277
3 6276 6277 6278
3 6258 6278 6270
3 6268 6279 6278
3 6269 6270 6279
3 6278 6279 6270
3 6259 6273 6281
3 6263 6280 6273
3 6267 6281 6280
3 6273 6280 6281
3 6263 6271 6283
3 6269 6282 6271
3 6262 6283 6282
3 6271 6282 6283
3 6269 6279 6285
3 6268 6284 6279
3 6260 6285 6284
3 6279 6284 6285
3 6268 6277 6287
3 6265 6286 6277
3 6264 6287 6286
3 6277 6286 6287
3 6265 6275 6289
3 6259 6288 6275
3 6266 6289 6288
3 6275 6288 6289
3 6261 6290 6292
3 6267 6291 6290
3 6262 6292 6291
3 6290 6291 6292
3 6261 6292 6294
3 6262 6293 6292
3 6260 6294 6293
3 6292 6293 6294
3 6261 6294 6296
3 6260 6295 6294
3 6264 6296 6295
3 6294 6295 6296
3 6261 6296 6298
3 6264 6297 6296
3 6266 6298 6297
3 6296 6297 6298
3 6261 6298 6290
3 6266 6299 6298
3 6267 6290 6299
3 6298 6299 6290
3 6262 6291 6283
3 6267 6280 6291
3 6263 6283 6280
3 6291 6280 6283
3 6260 6293 6285
3 6262 6282 6293
3 6269 6285 6282
3 6293 6282 6285
3 6264 6295 6287
3 6260 6284 6295
3 6268 6287 6284
3 6295 6284 6287
3 6266 6297 6289
3 6264 6286 6297
3 6265 6289 6286
3 6297 6286 6289
3 6267 6299 6281
3 6266 6288 6299
3 6259 6281 6288
3 6299 6288 6281
3 6300 6312 6314
3 6311 6313 6312
3 6305 6314 6313
3 6312 6313 6314
3 6300 6314 6316
3 6305 6315 6314
3 6301 6316 6315
3 6314 6315 6316
3 6300 6316 6318
3 6301 6317 6316
3 6307 6318 6317
3 6316 6317 6318
3 6300 6318 6320
3 6307 6319 6318
3 6310 6320 6319
3 6318 6319 6320
3 6300 6320 6312
3 6310 6321 6320
3 6311 6312 6321
3 6320 6321 6312
3 6301 6315 6323
3 6305 6322 6315
3 6309 6323 6322
3 6315 6322 6323
3 6305 6313 6325
3 6311 6324 6313
3 6304 6325 6324
3 6313 6324 6325
3 6311 6321 6327
3 6310 6326 6321
3 6302 6327 6326
3 6321 6326 6327
3 6310 6319 6329
3 6307 6328 6319
3 6306 6329 6328
3 6319 6328 6329
3 6307 6317 6331
3 6301 6330 6317
3 6308 6331 6330
3 6317 6330 6331
3 6303 6332 6334
3 6309 6333 6332
3 6304 6334 6333
3 6332 6333 6334
3 6303 6334 6336
3 6304 6335 6334
3 6302 6336 6335
3 6334 6335 6336
3 6303 6336 6338
3 6302 6337 6336
3 6306 6338 6337
3 6336 6337 6338
3 6303 6338 6340
3 6306 6339 6338
3 6308 6340 6339
3 6338 6339 6340
3 6303 6340 6332
3 6308 6341 6340
3 6309 6332 6341
3 6340 6341 6332
3 6304 6333 6325
3 6309 6322 6333
3 6305 6325 6322
3 6333 6322 6325
3 6302 6335 6327
3 6304 6324 6335
3 6311 6327 6324
3 6335 6324 6327
3 6306 6337 6329
3 6302 6326 6337
3 6310 6329 6326
3 6337 6326 6329
3 6308 6339 6331
3 6306 6328 6339
3 6307 6331 6328
3 6339 6328 6331
3 6309 6341 6323
3 6308 6330 6341
3 6301 6323 6330
3 6341 6330 6323
3 6342 6354 6356
3 6353 6355 6354
3 6347 6356 6355
3 6354 6355 6356
3 6342 6356 6358
3 6347 6357 6356
3 6343 6358 6357
3 6356 6357 6358
3 6342 6358 6360
3 6343 6359 6358
3 6349 6360 6359
3 6358 6359 6360
3 6342 6360 6362
3 6349 6361 6360
3 6352 6362 6361
3 6360 6361 6362
3 6342 6362 6354
3 6352 6363 6362
3 6353 6354 6363
3 6362 6363 6354
3 6343 6357 6365
3 6347 6364 6357
3 6351 6365 6364
3 6357 6364 6365
3 6347 6355 6367
3 6353 6366 6355
3 6346 6367 6366
3 6355 6366 6367
3 6353 6363 6369
3 6352 6368 6363
3 6344 6369 6368
3 6363 6368 6369
3 6352 6361 6371
3 6349 6370 6361
3 6348 6371 6370
3 6361 6370 6371
3 6349 6359 6373
3 6343 6372 6359
3 6350 6373 6372
3 6359 6372 6373
3 6345 6374 6376
3 6351 6375 6374
3 6346 6376 6375
3 6374 6375 6376
3 6345 6376 6378
3 6346 6377 6376
3 6344 6378 6377
3 6376 6377 6378
3 6345 6378 6380
3 6344 6379 6378
3 6348 6380 6379
3 6378 6379 6380
3 6345 6380 6382
3 6348 6381 6380
3 6350 6382 6381
3 6380 6381 6382
3 6345 6382 6374
3 6350 6383 6382
3 6351 6374 6383
3 6382 6383 6374
3 6346 6375 6367
3 6351 6364 6375
3 6347 6367 6364
3 6375 6364 6367
3 6344 6377 6369
3 6346 6366 6377
3 6353 6369 6366
3 6377 6366 6369
3 6348 6379 6371
3 6344 6368 6379
3 6352 6371 6368
3 6379 6368 6371
3 6350 6381 6373
3 6348 6370 6381
3 6349 6373 6370
3 6381 6370 6373
3 6351 6383 6365
3 6350 6372 6383
3 6343 6365 6372
3 6383 6372 6365
3 6384 6396 6398
3 6395 6397 6396
3 6389 6398 6397
3 6396 6397 6398
3 6384 6398 6400
3 6389 6399 6398
3 6385 6400 6399
3 6398 6399 6400
3 6384 6400 6402
3 6385 6401 6400
3 6391 6402 6401
3 6400 6401 6402
3 6384 6402 6404
3 6391 6403 6402
3 6394 6404 6403
3 6402 6403 6404
3 6384 6404 6396
3 6394 6405 6404
3 6395 6396 6405
3 6404 6405 6396
3 6385 6399 6407
3 6389 6406 6399
3 6393 6407 6406
3 6399 6406 6407
3 6389 6397 6409
3 6395 6408 6397
3 6388 6409 6408
3 6397 6408 6409
3 6395 6405 6411
3 6394 6410 6405
3 6386 6411 6410
3 6405 6410 6411
3 6394 6403 6413
3 6391 6412 6403
3 6390 6413 6412
3 6403 6412 6413
3 6391 6401 6415
3 6385 6414 6401
3 6392 6415 6414
3 6401 6414 6415
3 6387 6416 6418
3 6393 6417 6416
3 6388 6418 6417
3 6416 6417 6418
3 6387 6418 6420
3 6388 6419 6418
3 6386 6420 6419
3 6418 6419 6420
3 6387 6420 6422
3 6386 6421 6420
3 6390 6422 6421
3 6420 6421 6422
3 6387 6422 6424
3 6390 6423 6422
3 6392 6424 6423
3 6422 6423 6424
3 6387 6424 6416
3 6392 6425 6424
3 6393 6416 6425
3 6424 6425 6416
3 6388 6417 6409
3 6393 6406 6417
3 6389 6409 6406
3 6417 6406 6409
3 6386 6419 6411
3 6388 6408 6419
3 6395 6411 6408
3 6419 6408 6411
3 6390 6421 6413
3 6386 6410 6421
3 6394 6413 6410
3 6421 6410 6413
3 6392 6423 6415
3 6390 6412 6423
3 6391 6415 6412
3 6423 6412 6415
3 6393 6425 6407
3 6392 6414 6425
3 6385 6407 6414
3 6425 6414 6407
3 6426 6438 6440
3 6437 6439 6438
3 6431 6440 6439
3 6438 6439 6440
3 6426 6440 6442
3 6431 6441 6440
3 6427 6442 6441
3 6440 6441 6442
3 6426 6442 6444
3 6427 6443 6442
3 6433 6444 6443
3 6442 6443 6444
3 6426 6444 6446
3 6433 6445 6444
3 6436 6446 6445
3 6444 6445 6446
3 6426 6446 6438
3 6436 6447 6446
3 6437 6438 6447
3 6446 6447 6438
3 6427 6441 6449
3 6431 6448 6441
3 6435 6449 6448
3 6441 6448 6449
3 6431 6439 6451
3 6437 6450 6439
3 6430 6451 6450
3 6439 6450 6451
3 6437 6447 6453
3 6436 6452 6447
3 6428 6453 6452
3 6447 6452 6453
3 6436 6445 6455
3 6433 6454 6445
3 6432 6455 6454
3 6445 6454 6455
3 6433 6443 6457
3 6427 6456 6443
3 6434 6457 6456
3 6443 6456 6457
3 6429 6458 6460
3 6435 6459 6458
3 6430 6460 6459
3 6458 6459 6460
3 6429 6460 6462
3 6430 6461 6460
3 6428 6462 6461
3 6460 6461 6462
3 6429 6462 6464
3 6428 6463 6462
3 6432 6464 6463
3 6462 6463 6464
3 6429 6464 6466
3 6432 6465 6464
3 6434 6466 6465
3 6464 6465 6466
3 6429 6466 6458
3 6434 6467 6466
3 6435 6458 6467
3 6466 6467 6458
3 6430 6459 6451
3 6435 6448 6459
3 6431 6451 6448
3 6459 6448 6451
3 6428 6461 6453
3 6430 6450 6461
3 6437 6453 6450
3 6461 6450 6453
3 6432 6463 6455
3 6428 6452 6463
3 6436 6455 6452
3 6463 6452 6455
3 6434 6465 6457
3 6432 6454 6465
3 6433 6457 6454
3 6465 6454 6457
3 6435 6467 6449
3 6434 6456 6467
3 6427 6449 6456
3 6467 6456 6449
3 6468 6480 6482
3 6479 6481 6480
3 6473 6482 6481
3 6480 6481 6482
3 6468 6482 6484
3 6473 6483 6482
3 6469 6484 6483
3 6482 6483 6484
3 6468 6484 6486
3 6469 6485 6484
3 6475 6486 6485
3 6484 6485 6486
3 6468 6486 6488
3 6475 6487 6486
3 6478 6488 6487
3 6486 6487 6488
3 6468 6488 6480
3 6478 6489 6488
3 6479 6480 6489
3 6488 6489 6480
3 6469 6483 6491
3 6473 6490 6483
3 6477 6491 6490
3 6483 6490 6491
3 6473 6481 6493
3 6479 6492 6481
3 6472 6493 6492
3 6481 6492 6493
3 6479 6489 6495
3 6478 6494 6489
3 6470 6495 6494
3 6489 6494 6495
3 6478 6487 6497
3 6475 6496 6487
3 6474 6497 6496
3 6487 6496 6497
3 6475 6485 6499
3 6469 6498 6485
3 6476 6499 6498
3 6485 6498 6499
3 6471 6500 6502
3 6477 6501 6500
3 6472 6502 6501
3 6500 6501 6502
3 6471 6502 6504
3 6472 6503 6502
3 6470 6504 6503
3 6502 6503 6504
3 6471 6504 6506
3 6470 6505 6504
3 6474 6506 6505
3 6504 6505 6506
3 6471 6506 6508
3 6474 6507 6506
3 6476 6508 6507
3 6506 6507 6508
3 6471 6508 6500
3 6476 6509 6508
3 6477 6500 6509
3 6508 6509 6500
3 6472 6501 6493
3 6477 6490 6501
3 6473 6493 6490
3 6501 6490 6493
3 6470 6503 6495
3 6472 6492 6503
3 6479 6495 6492
3 6503 6492 6495
3 6474 6505 6497
3 6470 6494 6505
3 6478 6497 6494
3 6505 6494 6497
3 6476 6507 6499
3 6474 6496 6507
3 6475 6499 6496
3 6507 6496 6499
3 6477 6509 6491
3 6476 6498 6509
3 6469 6491 6498
3 6509 6498 6491
3 6510 6522 6524
3 6521 6523 6522
3 6515 6524 6523
3 6522 6523 6524
3 6510 6524 6526
3 6515 6525 6524
3 6511 6526 6525
3 6524 6525 6526
3 6510 6526 6528
3 6511 6527 6526
3 6517 6528 6527
3 6526 6527 6528
3 6510 6528 6530
3 6517 6529 6528
3 6520 6530 6529
3 6528 6529 6530
3 6510 6530 6522
3 6520 6531 6530
3 6521 6522 6531
3 6530 6531 6522
3 6511 6525 6533
3 6515 6532 6525
3 6519 6533 6532
3 6525 6532 6533
3 6515 6523 6535
3 6521 6534 6523
3 6514 6535 6534
3 6523 6534 6535
3 6521 6531 6537
3 6520 6536 6531
3 6512 6537 6536
3 6531 6536 6537
3 6520 6529 6539
3 6517 6538 6529
3 6516 6539 6538
3 6529 6538 6539
3 6517 6527 6541
3 6511 6540 6527
3 6518 6541 6540
3 6527 6540 6541
3 6513 6542 6544
3 6519 6543 6542
3 6514 6544 6543
3 6542 6543 6544
3 6513 6544 6546
3 6514 6545 6544
3 6512 6546 6545
3 6544 6545 6546
3 6513 6546 6548
3 6512 6547 6546
3 6516 6548 6547
3 6546 6547 6548
3 6513 6548 6550
3 6516 6549 6548
3 6518 6550 6549
3 6548 6549 6550
3 6513 6550 6542
3 6518 6551 6550
3 6519 6542 6551
3 6550 6551 6542
3 6514 6543 6535
3 6519 6532 6543
3 6515 6535 6532
3 6543 6532 6535
3 6512 6545 6537
3 6514 6534 6545
3 6521 6537 6534
3 6545 6534 6537
3 6516 6547 6539
3 6512 6536 6547
3 6520 6539 6536
3 6547 6536 6539
3 6518 6549 6541
3 6516 6538 6549
3 6517 6541 6538
3 6549 6538 6541
3 6519 6551 6533
3 6518 6540 6551
3 6511 6533 6540
3 6551 6540 6533
3 6552 6564 6566
3 6563 6565 6564
3 6557 6566 6565
3 6564 6565 6566
3 6552 6566 6568
3 6557 6567 6566
3 6553 6568 6567
3 6566 6567 6568
3 6552 6568 6570
3 6553 6569 6568
3 6559 6570 6569
3 6568 6569 6570
3 6552 6570 6572
3 6559 6571 6570
3 6562 6572 6571
3 6570 6571 6572
3 6552 6572 6564
3 6562 6573 6572
3 6563 6564 6573
3 6572 6573 6564
3 6553 6567 6575
3 6557 6574 6567
3 6561 6575 6574
3 6567 6574 6575
3 6557 6565 6577
3 6563 6576 6565
3 6556 6577 6576
3 6565 6576 6577
3 6563 6573 6579
3 6562 6578 6573
3 6554 6579 6578
3 6573 6578 6579
3 6562 6571 6581
3 6559 6580 6571
3 6558 6581 6580
3 6571 6580 6581
3 6559 6569 6583
3 6553 6582 6569
3 6560 6583 6582
3 6569 6582 6583
3 6555 6584 6586
3 6561 6585 6584
3 6556 6586 6585
3 6584 6585 6586
3 6555 6586 6588
3 6556 6587 6586
3 6554 6588 6587
3 6586 6587 6588
3 6555 6588 6590
3 6554 6589 6588
3 6558 6590 6589
3 6588 6589 6590
3 6555 6590 6592
3 6558 6591 6590
3 6560 6592 6591
3 6590 6591 6592
3 6555 6592 6584
3 6560 6593 6592
3 6561 6584 6593
3 6592 6593 6584
3 6556 6585 6577
3 6561 6574 6585
3 6557 6577 6574
3 6585 6574 6577
3 6554 6587 6579
3 6556 6576 6587
3 6563 6579 6576
3 6587 6576 6579
3 6558 6589 6581
3 6554 6578 6589
3 6562 6581 6578
3 6589 6578 6581
3 6560 6591 6583
3 6558 6580 6591
3 6559 6583 6580
3 6591 6580 6583
3 6561 6593 6575
3 6560 6582 6593
3 6553 6575 6582
3 6593 6582 6575
3 6594 6606 6608
3 6605 6607 6606
3 6599 6608 6607
3 6606 6607 6608
3 6594 6608 6610
3 6599 6609 6608
3 6595 6610 6609
3 6608 6609 6610
3 6594 6610 6612
3 6595 6611 6610
3 6601 6612 6611
3 6610 6611 6612
3 6594 6612 6614
3 6601 6613 6612
3 6604 6614 6613
3 6612 6613 6614
3 6594 6614 6606
3 6604 6615 6614
3 6605 6606 6615
3 6614 6615 6606
3 6595 6609 6617
3 6599 6616 6609
3 6603 6617 6616
3 6609 6616 6617
3 6599 6607 6619
3 6605 6618 6607
3 6598 6619 6618
3 6607 6618 6619
3 6605 6615 6621
3 6604 6620 6615
3 6596 6621 6620
3 6615 6620 6621
3 6604 6613 6623
3 6601 6622 6613
3 6600 6623 6622
3 6613 6622 6623
3 6601 6611 6625
3 6595 6624 6611
3 6602 6625 6624
3 6611 6624 6625
3 6597 6626 6628
3 6603 6627 6626
3 6598 6628 6627
3 6626 6627 6628
3 6597 6628 6630
3 6598 6629 6628
3 6596 6630 6629
3 6628 6629 6630
3 6597 6630 6632
3 6596 6631 6630
3 6600 6632 6631
3 6630 6631 6632
3 6597 6632 6634
3 6600 6633 6632
3 6602 6634 6633
3 6632 6633 6634
3 6597 6634 6626
3 6602 6635 6634
3 6603 6626 6635
3 6634 6635 6626
3 6598 6627 6619
3 6603 6616 6627
3 6599 6619 6616
3 6627 6616 6619
3 6596 6629 6621
3 6598 6618 6629
3 6605 6621 6618
3 6629 6618 6621
3 6600 6631 6623
3 6596 6620 6631
3 6604 6623 6620
3 6631 6620 6623
3 6602 6633 6625
3 6600 6622 6633
3 6601 6625 6622
3 6633 6622 6625
3 6603 6635 6617
3 6602 6624 6635
3 6595 6617 6624
3 6635 6624 6617
3 6636 6648 6650
3 6647 6649 6648
3 6641 6650 6649
3 6648 6649 6650
3 6636 6650 6652
3 6641 6651 6650
3 6637 6652 6651
3 6650 6651 6652
3 6636 6652 6654
3 6637 6653 6652
3 6643 6654 6653
3 6652 6653 6654
3 6636 6654 6656
3 6643 6655 6654
3 6646 6656 6655
3 6654 6655 6656
3 6636 6656 6648
3 6646 6657 6656
3 6647 6648 6657
3 6656 6657 6648
3 6637 6651 6659
3 6641 6658 6651
3 6645 6659 6658
3 6651 6658 6659
3 6641 6649 6661
3 6647 6660 6649
3 6640 6661 6660
3 6649 6660 6661
3 6647 6657 6663
3 6646 6662 6657
3 6638 6663 6662
3 6657 6662 6663
3 6646 6655 6665
3 6643 6664 6655
3 6642 6665 6664
3 6655 6664 6665
3 6643 6653 6667
3 6637 6666 6653
3 6644 6667 6666
3 6653 6666 6667
3 6639 6668 6670
3 6645 6669 6668
3 6640 6670 6669
3 6668 6669 6670
3 6639 6670 6672
3 6640 6671 6670
3 6638 6672 6671
3 6670 6671 6672
3 6639 6672 6674
3 6638 6673 6672
3 6642 6674 6673
3 6672 6673 6674
3 6639 6674 6676
3 6642 6675 6674
3 6644 6676 6675
3 6674 6675 6676
3 6639 6676 6668
3 6644 6677 6676
3 6645 6668 6677
3 6676 6677 6668
3 6640 6669 6661
3 6645 6658 6669
3 6641 6661 6658
3 6669 6658 6661
3 6638 6671 6663
3 6640 6660 6671
3 6647 6663 6660
3 6671 6660 6663
3 6642 6673 6665
3 6638 6662 6673
3 6646 6665 6662
3 6673 6662 6665
3 6644 6675 6667
3 6642 6664 6675
3 6643 6667 6664
3 6675 6664 6667
3 6645 6677 6659
3 6644 6666 6677
3 6637 6659 6666
3 6677 6666 6659
3 6678 6690 6692
3 6689 6691 6690
3 6683 6692 6691
3 6690 6691 6692
3 6678 6692 6694
3 6683 6693 6692
3 6679 6694 6693
3 6692 6693 6694
3 6678 6694 6696
3 6679 6695 6694
3 6685 6696 6695
3 6694 6695 6696
3 6678 6696 6698
3 6685 6697 6696
3 6688 6698 6697
3 6696 6697 6698
3 6678 6698 6690
3 6688 6699 6698
3 6689 6690 6699
3 6698 6699 6690
3 6679 6693 6701
3 6683 6700 6693
3 6687 6701 6700
3 6693 6700 6701
3 6683 6691 6703
3 6689 6702 6691
3 6682 6703 6702
3 6691 6702 6703
3 6689 6699 6705
3 6688 6704 6699
3 6680 6705 6704
3 6699 6704 6705
3 6688 6697 6707
3 6685 6706 6697
3 6684 6707 6706
3 6697 6706 6707
3 6685 6695 6709
3 6679 6708 6695
3 6686 6709 6708
3 6695 6708 6709
3 6681 6710 6712
3 6687 6711 6710
3 6682 6712 6711
3 6710 6711 6712
3 6681 6712 6714
3 6682 6713 6712
3 6680 6714 6713
3 6712 6713 6714
3 6681 6714 6716
3 6680 6715 6714
3 6684 6716 6715
3 6714 6715 6716
3 6681 6716 6718
3 6684 6717 6716
3 6686 6718 6717
3 6716 6717 6718
3 6681 6718 6710
3 6686 6719 6718
3 6687 6710 6719
3 6718 6719 6710
3 6682 6711 6703
3 6687 6700 6711
3 6683 6703 6700
3 6711 6700 6703
3 6680 6713 6705
3 6682 6702 6713
3 6689 6705 6702
3 6713 6702 6705
3 6684 6715 6707
3 6680 6704 6715
3 6688 6707 6704
3 6715 6704 6707
3 6686 6717 6709
3 6684 6706 6717
3 6685 6709 6706
3 6717 6706 6709
3 6687 6719 6701
3 6686 6708 6719
3 6679 6701 6708
3 6719 6708 6701
3 6720 6732 6734
3 6731 6733 6732
3 6725 6734 6733
3 6732 6733 6734
3 6720 6734 6736
3 6725 6735 6734
3 6721 6736 6735
3 6734 6735 6736
3 6720 6736 6738
3 6721 6737 6736
3 6727 6738 6737
3 6736 6737 6738
3 6720 6738 6740
3 6727 6739 6738
3 6730 6740 6739
3 6738 6739 6740
3 6720 6740 6732
3 6730 6741 6740
3 6731 6732 6741
3 6740 6741 6732
3 6721 6735 6743
3 6725 6742 6735
3 6729 6743 6742
3 6735 6742 6743
3 6725 6733 6745
3 6731 6744 6733
3 6724 6745 6744
3 6733 6744 6745
3 6731 6741 6747
3 6730 6746 6741
3 6722 6747 6746
3 6741 6746 6747
3 6730 6739 6749
3 6727 6748 6739
3 6726 6749 6748
3 6739 6748 6749
3 6727 6737 6751
3 6721 6750 6737
3 6728 6751 6750
3 6737 6750 6751
3 6723 6752 6754
3 6729 6753 6752
3 6724 6754 6753
3 6752 6753 6754
3 6723 6754 6756
3 6724 6755 6754
3 6722 6756 6755
3 6754 6755 6756
3 6723 6756 6758
3 6722 6757 6756
3 6726 6758 6757
3 6756 6757 6758
3 6723 6758 6760
3 6726 6759 6758
3 6728 6760 6759
3 6758 6759 6760
3 6723 6760 6752
3 6728 6761 6760
3 6729 6752 6761
3 6760 6761 6752
3 6724 6753 6745
3 6729 6742 6753
3 6725 6745 6742
3 6753 6742 6745
3 6722 6755 6747
3 6724 6744 6755
3 6731 6747 6744
3 6755 6744 6747
3 6726 6757 6749
3 6722 6746 6757
3 6730 6749 6746
3 6757 6746 6749
3 6728 6759 6751
3 6726 6748 6759
3 6727 6751 6748
3 6759 6748 6751
3 6729 6761 6743
3 6728 6750 6761
3 6721 6743 6750
3 6761 6750 6743
3 6762 6774 6776
3 6773 6775 6774
3 6767 6776 6775
3 6774 6775 6776
3 6762 6776 6778
3 6767 6777 6776
3 6763 6778 6777
3 6776 6777 6778
3 6762 6778 6780
3 6763 6779 6778
3 6769 6780 6779
3 6778 6779 6780
3 6762 6780 6782
3 6769 6781 6780
3 6772 6782 6781
3 6780 6781 6782
3 6762 6782 6774
3 6772 6783 6782
3 6773 6774 6783
3 6782 6783 6774
3 6763 6777 6785
3 6767 6784 6777
3 6771 6785 6784
3 6777 6784 6785
3 6767 6775 6787
3 6773 6786 6775
3 6766 6787 6786
3 6775 6786 6787
3 6773 6783 6789
3 6772 6788 6783
3 6764 6789 6788
3 6783 6788 6789
3 6772 6781 6791
3 6769 6790 6781
3 6768 6791 6790
3 6781 6790 6791
3 6769 6779 6793
3 6763 6792 6779
3 6770 6793 6792
3 6779 6792 6793
3 6765 6794 6796
3 6771 6795 6794
3 6766 6796 6795
3 6794 6795 6796
3 6765 6796 6798
3 6766 6797 6796
3 6764 6798 6797
3 6796 6797 6798
3 6765 6798 6800
3 6764 6799 6798
3 6768 6800 6799
3 6798 6799 6800
3 6765 6800 6802
3 6768 6801 6800
3 6770 6802 6801
3 6800 6801 6802
3 6765 6802 6794
3 6770 6803 6802
3 6771 6794 6803
3 6802 6803 6794
3 6766 6795 6787
3 6771 6784 6795
3 6767 6787 6784
3 6795 6784 6787
3 6764 6797 6789
3 6766 6786 6797
3 6773 6789 6786
3 6797 6786 6789
3 6768 6799 6791
3 6764 6788 6799
3 6772 6791 6788
3 6799 6788 6791
3 6770 6801 6793
3 6768 6790 6801
3 6769 6793 6790
3 6801 6790 6793
3 6771 6803 6785
3 6770 6792 6803
3 6763 6785 6792
3 6803 6792 6785
3 6804 6816 6818
3 6815 6817 6816
3 6809 6818 6817
3 6816 6817 6818
3 6804 6818 6820
3 6809 6819 6818
3 6805 6820 6819
3 6818 6819 6820
3 6804 6820 6822
3 6805 6821 6820
3 6811 6822 6821
3 6820 6821 6822
3 6804 6822 6824
3 6811 6823 6822
3 6814 6824 6823
3 6822 6823 6824
3 6804 6824 6816
3 6814 6825 6824
3 6815 6816 6825
3 6824 6825 6816
3 6805 6819 6827
3 6809 6826 6819
3 6813 6827 6826
3 6819 6826 6827
3 6809 6817 6829
3 6815 6828 6817
3 6808 6829 6828
3 6817 6828 6829
3 6815 6825 6831
3 6814 6830 6825
3 6806 6831 6830
3 6825 6830 6831
3 6814 6823 6833
3 6811 6832 6823
3 6810 6833 6832
3 6823 6832 6833
3 6811 6821 6835
3 6805 6834 6821
3 6812 6835 6834
3 6821 6834 6835
3 6807 6836 6838
3 6813 6837 6836
3 6808 6838 6837
3 6836 6837 6838
3 6807 6838 6840
3 6808 6839 6838
3 6806 6840 6839
3 6838 6839 6840
3 6807 6840 6842
3 6806 6841 6840
3 6810 6842 6841
3 6840 6841 6842
3 6807 6842 6844
3 6810 6843 6842
3 6812 6844 6843
3 6842 6843 6844
3 6807 6844 6836
3 6812 6845 6844
3 6813 6836 6845
3 6844 6845 6836
3 6808 6837 6829
3 6813 6826 6837
3 6809 6829 6826
3 6837 6826 6829
3 6806 6839 6831
3 6808 6828 6839
3 6815 6831 6828
3 6839 6828 6831
3 6810 6841 6833
3 6806 6830 6841
3 6814 6833 6830
3 6841 6830 6833
3 6812 6843 6835
3 6810 6832 6843
3 6811 6835 6832
3 6843 6832 6835
3 6813 6845 6827
3 6812 6834 6845
3 6805 6827 6834
3 6845 6834 6827
3 6846 6858 6860
3 6857 6859 6858
3 6851 6860 6859
3 6858 6859 6860
3 6846 6860 6862
3 6851 6861 6860
3 6847 6862 6861
3 6860 6861 6862
3 6846 6862 6864
3 6847 6863 6862
3 6853 6864 6863
3 6862 6863 6864
3 6846 6864 6866
3 6853 6865 6864
3 6856 6866 6865
3 6864 6865 6866
3 6846 6866 6858
3 6856 6867 6866
3 6857 6858 6867
3 6866 6867 6858
3 6847 6861 6869
3 6851 6868 6861
3 6855 6869 6868
3 6861 6868 6869
3 6851 6859 6871
3 6857 6870 6859
3 6850 6871 6870
3 6859 6870 6871
3 6857 6867 6873
3 6856 6872 6867
3 6848 6873 6872
3 6867 6872 6873
3 6856 6865 6875
3 6853 6874 6865
3 6852 6875 6874
3 6865 6874 6875
3 6853 6863 6877
3 6847 6876 6863
3 6854 6877 6876
3 6863 6876 6877
3 6849 6878 6880
3 6855 6879 6878
3 6850 6880 6879
3 6878 6879 6880
3 6849 6880 6882
3 6850 6881 6880
3 6848 6882 6881
3 6880 6881 6882
3 6849 6882 6884
3 6848 6883 6882
3 6852 6884 6883
3 6882 6883 6884
3 6849 6884 6886
3 6852 6885 6884
3 6854 6886 6885
3 6884 6885 6886
3 6849 6886 6878
3 6854 6887 6886
3 6855 6878 6887
3 6886 6887 6878
3 6850 6879 6871
3 6855 6868 6879
3 6851 6871 6868
3 6879 6868 6871
3 6848 6881 6873
3 6850 6870 6881
3 6857 6873 6870
3 6881 6870 6873
3 6852 6883 6875
3 6848 6872 6883
3 6856 6875 6872
3 6883 6872 6875
3 6854 6885 6877
3 6852 6874 6885
3 6853 6877 6874
3 6885 6874 6877
3 6855 6887 6869
3 6854 6876 6887
3 6847 6869 6876
3 6887 6876 6869
3 6888 6900 6902
3 6899 6901 6900
3 6893 6902 6901
3 6900 6901 6902
3 6888 6902 6904
3 6893 6903 6902
3 6889 6904 6903
3 6902 6903 6904
3 6888 6904 6906
3 6889 6905 6904
3 6895 6906 6905
3 6904 6905 6906
3 6888 6906 6908
3 6895 6907 6906
3 6898 6908 6907
3 6906 6907 6908
3 6888 6908 6900
3 6898 6909 6908
3 6899 6900 6909
3 6908 6909 6900
3 6889 6903 6911
3 6893 6910 6903
3 6897 6911 6910
3 6903 6910 6911
3 6893 6901 6913
3 6899 6912 6901
3 6892 6913 6912
3 6901 6912 6913
3 6899 6909 6915
3 6898 6914 6909
3 6890 6915 6914
3 6909 6914 6915
3 6898 6907 6917
3 6895 6916 6907
3 6894 6917 6916
3 6907 6916 6917
3 6895 6905 6919
3 6889 6918 6905
3 6896 6919 6918
3 6905 6918 6919
3 6891 6920 6922
3 6897 6921 6920
3 6892 6922 6921
3 6920 6921 6922
3 6891 6922 6924
3 6892 6923 6922
3 6890 6924 6923
3 6922 6923 6924
3 6891 6924 6926
3 6890 6925 6924
3 6894 6926 6925
3 6924 6925 6926
3 6891 6926 6928
3 6894 6927 6926
3 6896 6928 6927
3 6926 6927 6928
3 6891 6928 6920
3 6896 6929 6928
3 6897 6920 6929
3 6928 6929 6920
3 6892 6921 6913
3 6897 6910 6921
3 6893 6913 6910
3 6921 6910 6913
3 6890 6923 6915
3 6892 6912 6923
3 6899 6915 6912
3 6923 6912 6915
3 6894 6925 6917
3 6890 6914 6925
3 6898 6917 6914
3 6925 6914 6917
3 6896 6927 6919
3 6894 6916 6927
3 6895 6919 6916
3 6927 6916 6919
3 6897 6929 6911
3 6896 6918 6929
3 6889 6911 6918
3 6929 6918 6911
3 6930 6942 6944
3 6941 6943 6942
3 6935 6944 6943
3 6942 6943 6944
3 6930 6944 6946
3 6935 6945 6944
3 6931 6946 6945
3 6944 6945 6946
3 6930 6946 6948
3 6931 6947 6946
3 6937 6948 6947
3 6946 6947 6948
3 6930 6948 6950
3 6937 6949 6948
3 6940 6950 6949
3 6948 6949 6950
3 6930 6950 6942
3 6940 6951 6950
3 6941 6942 6951
3 6950 6951 6942
3 6931 6945 6953
3 6935 6952 6945
3 6939 6953 6952
3 6945 6952 6953
3 6935 6943 6955
3 6941 6954 6943
3 6934 6955 6954
3 6943 6954 6955
3 6941 6951 6957
3 6940 6956 6951
3 6932 6957 6956
3 6951 6956 6957
3 6940 6949 6959
3 6937 6958 6949
3 6936 6959 6958
3 6949 6958 6959
3 6937 6947 6961
3 6931 6960 6947
3 6938 6961 6960
3 6947 6960 6961
3 6933 6962 6964
3 6939 6963 6962
3 6934 6964 6963
3 6962 6963 6964
3 6933 6964 6966
3 6934 6965 6964
3 6932 6966 6965
3 6964 6965 6966
3 6933 6966 6968
3 6932 6967 6966
3 6936 6968 6967
3 6966 6967 6968
3 6933 6968 6970
3 6936 6969 6968
3 6938 6970 6969
3 6968 6969 6970
3 6933 6970 6962
3 6938 6971 6970
3 6939 6962 6971
3 6970 6971 6962
3 6934 6963 6955
3 6939 6952 6963
3 6935 6955 6952
3 6963 6952 6955
3 6932 6965 6957
3 6934 6954 6965
3 6941 6957 6954
3 6965 6954 6957
3 6936 6967 6959
3 6932 6956 6967
3 6940 6959 6956
3 6967 6956 6959
3 6938 6969 6961
3 6936 6958 6969
3 6937 6961 6958
3 6969 6958 6961
3 6939 6971 6953
3 6938 6960 6971
3 6931 6953 6960
3 6971 6960 6953
3 6972 6984 6986
3 6983 6985 6984
3 6977 6986 6985
3 6984 6985 6986
3 6972 6986 6988
3 6977 6987 6986
3 6973 6988 6987
3 6986 6987 6988
3 6972 6988 6990
3 6973 6989 6988
3 6979 6990 6989
3 6988 6989 6990
3 6972 6990 6992
3 6979 6991 6990
3 6982 6992 6991
3 6990 6991 6992
3 6972 6992 6984
3 6982 6993 6992
3 6983 6984 6993
3 6992 6993 6984
3 6973 6987 6995
3 6977 6994 6987
3 6981 6995 6994
3 6987 6994 6995
3 6977 6985 6997
3 6983 6996 6985
3 6976 6997 6996
3 6985 6996 6997
3 6983 6993 6999
3 6982 6998 6993
3 6974 6999 6998
3 6993 6998 6999
3 6982 6991 7001
3 6979 7000 6991
3 6978 7001 7000
3 6991 7000 7001
3 6979 6989 7003
3 6973 7002 6989
3 6980 7003 7002
3 6989 7002 7003
3 6975 7004 7006
3 6981 7005 7004
3 6976 7006 7005
3 7004 7005 7006
3 6975 7006 7008
3 6976 7007 7006
3 6974 7008 7007
3 7006 7007 7008
3 6975 7008 7010
3 6974 7009 7008
3 6978 7010 7009
3 7008 7009 7010
3 6975 7010 7012
3 6978 7011 7010
3 6980 7012 7011
3 7010 7011 7012
3 6975 7012 7004
3 6980 7013 7012
3 6981 7004 7013
3 7012 7013 7004
3 6976 7005 6997
3 6981 6994 7005
3 6977 6997 6994
3 7005 6994 6997
3 6974 7007 6999
3 6976 6996 7007
3 6983 6999 6996
3 7007 6996 6999
3 6978 7009 7001
3 6974 6998 7009
3 6982 7001 6998
3 7009 6998 7001
3 6980 7011 7003
3 6978 7000 7011
3 6979 7003 7000
3 7011 7000 7003
3 6981 7013 6995
3 6980 7002 7013
3 6973 6995 7002
3 7013 7002 6995
3 7014 7026 7028
3 7025 7027 7026
3 7019 7028 7027
3 7026 7027 7028
3 7014 7028 7030
3 7019 7029 7028
3 7015 7030 7029
3 7028 7029 7030
3 7014 7030 7032
3 7015 7031 7030
3 7021 7032 7031
3 7030 7031 7032
3 7014 7032 7034
3 7021 7033 7032
3 7024 7034 7033
3 7032 7033 7034
3 7014 7034 7026
3 7024 7035 7034
3 7025 7026 7035
3 7034 7035 7026
3 7015 7029 7037
3 7019 7036 7029
3 7023 7037 7036
3 7029 7036 7037
3 7019 7027 7039
3 7025 7038 7027
3 7018 7039 7038
3 7027 7038 7039
3 7025 7035 7041
3 7024 7040 7035
3 7016 7041 7040
3 7035 7040 7041
3 7024 7033 7043
3 7021 7042 7033
3 7020 7043 7042
3 7033 7042 7043
3 7021 7031 7045
3 7015 7044 7031
3 7022 7045 7044
3 7031 7044 7045
3 7017 7046 7048
3 7023 7047 7046
3 7018 7048 7047
3 7046 7047 7048
3 7017 7048 7050
3 7018 7049 7048
3 7016 7050 7049
3 7048 7049 7050
3 7017 7050 7052
3 7016 7051 7050
3 7020 7052 7051
3 7050 7051 7052
3 7017 7052 7054
3 7020 7053 7052
3 7022 7054 7053
3 7052 7053 7054
3 7017 7054 7046
3 7022 7055 7054
3 7023 7046 7055
3 7054 7055 7046
3 7018 7047 7039
3 7023 7036 7047
3 7019 7039 7036
3 7047 7036 7039
3 7016 7049 7041
3 7018 7038 7049
3 7025 7041 7038
3 7049 7038 7041
3 7020 7051 7043
3 7016 7040 7051
3 7024 7043 7040
3 7051 7040 7043
3 7022 7053 7045
3 7020 7042 7053
3 7021 7045 7042
3 7053 7042 7045
3 7023 7055 7037
3 7022 7044 7055
3 7015 7037 7044
3 7055 7044 7037
3 7056 7068 7070
3 7067 7069 7068
3 7061 7070 7069
3 7068 7069 7070
3 7056 7070 7072
3 7061 7071 7070
3 7057 7072 7071
3 7070 7071 7072
3 7056 7072 7074
3 7057 7073 7072
3 7063 7074 7073
3 7072 7073 7074
3 7056 7074 7076
3 7063 7075 7074
3 7066 7076 7075
3 7074 7075 7076
3 7056 7076 7068
3 7066 7077 7076
3 7067 7068 7077
3 7076 7077 7068
3 7057 7071 7079
3 7061 7078 7071
3 7065 7079 7078
3 7071 7078 7079
3 7061 7069 7081
3 7067 7080 7069
3 7060 7081 7080
3 7069 7080 7081
3 7067 7077 7083
3 7066 7082 7077
3 7058 7083 7082
3 7077 7082 7083
3 7066 7075 7085
3 7063 7084 7075
3 7062 7085 7084
3 7075 7084 7085
3 7063 7073 7087
3 7057 7086 7073
3 7064 7087 7086
3 7073 7086 7087
3 7059 7088 7090
3 7065 7089 7088
3 7060 7090 7089
3 7088 7089 7090
3 7059 7090 7092
3 7060 7091 7090
3 7058 7092 7091
3 7090 7091 7092
3 7059 7092 7094
3 7058 7093 7092
3 7062 7094 7093
3 7092 7093 7094
3 7059 7094 7096
3 7062 7095 7094
3 7064 7096 7095
3 7094 7095 7096
3 7059 7096 7088
3 7064 7097 7096
3 7065 7088 7097
3 7096 7097 7088
3 7060 7089 7081
3 7065 7078 7089
3 7061 7081 7078
3 7089 7078 7081
3 7058 7091 7083
3 7060 7080 7091
3 7067 7083 7080
3 7091 7080 7083
3 7062 7093 7085
3 7058 7082 7093
3 7066 7085 7082
3 7093 7082 7085
3 7064 7095 7087
3 7062 7084 7095
3 7063 7087 7084
3 7095 7084 7087
3 7065 7097 7079
3 7064 7086 7097
3 7057 7079 7086
3 7097 7086 7079
3 7098 7110 7112
3 7109 7111 7110
3 7103 7112 7111
3 7110 7111 7112
3 7098 7112 7114
3 7103 7113 7112
3 7099 7114 7113
3 7112 7113 7114
3 7098 7114 7116
3 7099 7115 7114
3 7105 7116 7115
3 7114 7115 7116
3 7098 7116 7118
3 7105 7117 7116
3 7108 7118 7117
3 7116 7117 7118
3 7098 7118 7110
3 7108 7119 7118
3 7109 7110 7119
3 7118 7119 7110
3 7099 7113 7121
3 7103 7120 7113
3 7107 7121 7120
3 7113 7120 7121
3 7103 7111 7123
3 7109 7122 7111
3 7102 7123 7122
3 7111 7122 7123
3 7109 7119 7125
3 7108 7124 7119
3 7100 7125 7124
3 7119 7124 7125
3 7108 7117 7127
3 7105 7126 7117
3 7104 7127 7126
3 7117 7126 7127
3 7105 7115 7129
3 7099 7128 7115
3 7106 7129 7128
3 7115 7128 7129
3 7101 7130 7132
3 7107 7131 7130
3 7102 7132 7131
3 7130 7131 7132
3 7101 7132 7134
3 7102 7133 7132
3 7100 7134 7133
3 7132 7133 7134
3 7101 7134 7136
3 7100 7135 7134
3 7104 7136 7135
3 7134 7135 7136
3 7101 7136 7138
3 7104 7137 7136
3 7106 7138 7137
3 7136 7137 7138
3 7101 7138 7130
3 7106 7139 7138
3 7107 7130 7139
3 7138 7139 7130
3 7102 7131 7123
3 7107 7120 7131
3 7103 7123 7120
3 7131 7120 7123
3 7100 7133 7125
3 7102 7122 7133
3 7109 7125 7122
3 7133 7122 7125
3 7104 7135 7127
3 7100 7124 7135
3 7108 7127 7124
3 7135 7124 7127
3 7106 7137 7129
3 7104 7126 7137
3 7105 7129 7126
3 7137 7126 7129
3 7107 7139 7121
3 7106 7128 7139
3 7099 7121 7128
3 7139 7128 7121
3 7140 7152 7154
3 7151 7153 7152
3 7145 7154 7153
3 7152 7153 7154
3 7140 7154 7156
3 7145 7155 7154
3 7141 7156 7155
3 7154 7155 7156
3 7140 7156 7158
3 7141 7157 7156
3 7147 7158 7157
3 7156 7157 7158
3 7140 7158 7160
3 7147 7159 7158
3 7150 7160 7159
3 7158 7159 7160
3 7140 7160 7152
3 7150 7161 7160
3 7151 7152 7161
3 7160 7161 7152
3 7141 7155 7163
3 7145 7162 7155
3 7149 7163 7162
3 7155 7162 7163
3 7145 7153 7165
3 7151 7164 7153
3 7144 7165 7164
3 7153 7164 7165
3 7151 7161 7167
3 7150 7166 7161
3 7142 7167 7166
3 7161 7166 7167
3 7150 7159 7169
3 7147 7168 7159
3 7146 7169 7168
3 7159 7168 7169
3 7147 7157 7171
3 7141 7170 7157
3 7148 7171 7170
3 7157 7170 7171
3 7143 7172 7174
3 7149 7173 7172
3 7144 7174 7173
3 7172 7173 7174
3 7143 7174 7176
3 7144 7175 7174
3 7142 7176 7175
3 7174 7175 7176
3 7143 7176 7178
3 7142 7177 7176
3 7146 7178 7177
3 7176 7177 7178
3 7143 7178 7180
3 7146 7179 7178
3 7148 7180 7179
3 7178 7179 7180
3 7143 7180 7172
3 7148 7181 7180
3 7149 7172 7181
3 7180 7181 7172
3 7144 7173 7165
3 7149 7162 7173
3 7145 7165 7162
3 7173 7162 7165
3 7142 7175 7167
3 7144 7164 7175
3 7151 7167 7164
3 7175 7164 7167
3 7146 7177 7169
3 7142 7166 7177
3 7150 7169 7166
3 7177 7166 7169
3 7148 7179 7171
3 7146 7168 7179
3 7147 7171 7168
3 7179 7168 7171
3 7149 7181 7163
3 7148 7170 7181
3 7141 7163 7170
3 7181 7170 7163
3 7182 7194 7196
3 7193 7195 7194
3 7187 7196 7195
3 7194 7195 7196
3 7182 7196 7198
3 7187 7197 7196
3 7183 7198 7197
3 7196 7197 7198
3 7182 7198 7200
3 7183 7199 7198
3 7189 7200 7199
3 7198 7199 7200
3 7182 7200 7202
3 7189 7201 7200
3 7192 7202 7201
3 7200 7201 7202
3 7182 7202 7194
3 7192 7203 7202
3 7193 7194 7203
3 7202 7203 7194
3 7183 7197 7205
3 7187 7204 7197
3 7191 7205 7204
3 7197 7204 7205
3 7187 7195 7207
3 7193 7206 7195
3 7186 7207 7206
3 7195 7206 7207
3 7193 7203 7209
3 7192 7208 7203
3 7184 7209 7208
3 7203 7208 7209
3 7192 7201 7211
3 7189 7210 7201
3 7188 7211 7210
3 7201 7210 7211
3 7189 7199 7213
3 7183 7212 7199
3 7190 7213 7212
3 7199 7212 7213
3 7185 7214 7216
3 7191 7215 7214
3 7186 7216 7215
3 7214 7215 7216
3 7185 7216 7218
3 7186 7217 7216
3 7184 7218 7217
3 7216 7217 7218
3 7185 7218 7220
3 7184 7219 7218
3 7188 7220 7219
3 7218 7219 7220
3 7185 7220 7222
3 7188 7221 7220
3 7190 7222 7221
3 7220 7221 7222
3 7185 7222 7214
3 7190 7223 7222
3 7191 7214 7223
3 7222 7223 7214
3 7186 7215 7207
3 7191 7204 7215
3 7187 7207 7204
3 7215 7204 7207
3 7184 7217 7209
3 7186 7206 7217
3 7193 7209 7206
3 7217 7206 7209
3 7188 7219 7211
3 7184 7208 7219
3 7192 7211 7208
3 7219 7208 7211
3 7190 7221 7213
3 7188 7210 7221
3 7189 7213 7210
3 7221 7210 7213
3 7191 7223 7205
3 7190 7212 7223
3 7183 7205 7212
3 7223 7212 7205
3 7224 7236 7238
3 7235 7237 7236
3 7229 7238 7237
3 7236 7237 7238
3 7224 7238 7240
3 7229 7239 7238
3 7225 7240 7239
3 7238 7239 7240
3 7224 7240 7242
3 7225 7241 7240
3 7231 7242 7241
3 7240 7241 7242
3 7224 7242 7244
3 7231 7243 7242
3 7234 7244 7243
3 7242 7243 7244
3 7224 7244 7236
3 7234 7245 7244
3 7235 7236 7245
3 7244 7245 7236
3 7225 7239 7247
3 7229 7246 7239
3 7233 7247 7246
3 7239 7246 7247
3 7229 7237 7249
3 7235 7248 7237
3 7228 7249 7248
3 7237 7248 7249
3 7235 7245 7251
3 7234 7250 7245
3 7226 7251 7250
3 7245 7250 7251
3 7234 7243 7253
3 7231 7252 7243
3 7230 7253 7252
3 7243 7252 7253
3 7231 7241 7255
3 7225 7254 7241
3 7232 7255 7254
3 7241 7254 7255
3 7227 7256 7258
3 7233 7257 7256
3 7228 7258 7257
3 7256 7257 7258
3 7227 7258 7260
3 7228 7259 7258
3 7226 7260 7259
3 7258 7259 7260
3 7227 7260 7262
3 7226 7261 7260
3 7230 7262 7261
3 7260 7261 7262
3 7227 7262 7264
3 7230 7263 7262
3 7232 7264 7263
3 7262 7263 7264
3 7227 7264 7256
3 7232 7265 7264
3 7233 7256 7265
3 7264 7265 7256
3 7228 7257 7249
3 7233 7246 7257
3 7229 7249 7246
3 7257 7246 7249
3 7226 7259 7251
3 7228 7248 7259
3 7235 7251 7248
3 7259 7248 7251
3 7230 7261 7253
3 7226 7250 7261
3 7234 7253 7250
3 7261 7250 7253
3 7232 7263 7255
3 7230 7252 7263
3 7231 7255 7252
3 7263 7252 7255
3 7233 7265 7247
3 7232 7254 7265
3 7225 7247 7254
3 7265 7254 7247
3 7266 7278 7280
3 7277 7279 7278
3 7271 7280 7279
3 7278 7279 7280
3 7266 7280 7282
3 7271 7281 7280
3 7267 7282 7281
3 7280 7281 7282
3 7266 7282 7284
3 7267 7283 7282
3 7273 7284 7283
3 7282 7283 7284
3 7266 7284 7286
3 7273 7285 7284
3 7276 7286 7285
3 7284 7285 7286
3 7266 7286 7278
3 7276 7287 7286
3 7277 7278 7287
3 7286 7287 7278
3 7267 7281 7289
3 7271 7288 7281
3 7275 7289 7288
3 7281 7288 7289
3 7271 7279 7291
3 7277 7290 7279
3 7270 7291 7290
3 7279 7290 7291
3 7277 7287 7293
3 7276 7292 7287
3 7268 7293 7292
3 7287 7292 7293
3 7276 7285 7295
3 7273 7294 7285
3 7272 7295 7294
3 7285 7294 7295
3 7273 7283 7297
3 7267 7296 7283
3 7274 7297 7296
3 7283 7296 7297
3 7269 7298 7300
3 7275 7299 7298
3 7270 7300 7299
3 7298 7299 7300
3 7269 7300 7302
3 7270 7301 7300
3 7268 7302 7301
3 7300 7301 7302
3 7269 7302 7304
3 7268 7303 7302
3 7272 7304 7303
3 7302 7303 7304
3 7269 7304 7306
3 7272 7305 7304
3 7274 7306 7305
3 7304 7305 7306
3 7269 7306 7298
3 7274 7307 7306
3 7275 7298 7307
3 7306 7307 7298
3 7270 7299 7291
3 7275 7288 7299
3 7271 7291 7288
3 7299 7288 7291
3 7268 7301 7293
3 7270 7290 7301
3 7277 7293 7290
3 7301 7290 7293
3 7272 7303 7295
3 7268 7292 7303
3 7276 7295 7292
3 7303 7292 7295
3 7274 7305 7297
3 7272 7294 7305
3 7273 7297 7294
3 7305 7294 7297
3 7275 7307 7289
3 7274 7296 7307
3 7267 7289 7296
3 7307 7296 7289
3 7308 7320 7322
3 7319 7321 7320
3 7313 7322 7321
3 7320 7321 7322
3 7308 7322 7324
3 7313 7323 7322
3 7309 7324 7323
3 7322 7323 7324
3 7308 7324 7326
3 7309 7325 7324
3 7315 7326 7325
3 7324 7325 7326
3 7308 7326 7328
3 7315 7327 7326
3 7318 7328 7327
3 7326 7327 7328
3 7308 7328 7320
3 7318 7329 7328
3 7319 7320 7329
3 7328 7329 7320
3 7309 7323 7331
3 7313 7330 7323
3 7317 7331 7330
3 7323 7330 7331
3 7313 7321 7333
3 7319 7332 7321
3 7312 7333 7332
3 7321 7332 7333
3 7319 7329 7335
3 7318 7334 7329
3 7310 7335 7334
3 7329 7334 7335
3 7318 7327 7337
3 7315 7336 7327
3 7314 7337 7336
3 7327 7336 7337
3 7315 7325 7339
3 7309 7338 7325
3 7316 7339 7338
3 7325 7338 7339
3 7311 7340 7342
3 7317 7341 7340
3 7312 7342 7341
3 7340 7341 7342
3 7311 7342 7344
3 7312 7343 7342
3 7310 7344 7343
3 7342 7343 7344
3 7311 7344 7346
3 7310 7345 7344
3 7314 7346 7345
3 7344 7345 7346
3 7311 7346 7348
3 7314 7347 7346
3 7316 7348 7347
3 7346 7347 7348
3 7311 7348 7340
3 7316 7349 7348
3 7317 7340 7349
3 7348 7349 7340
3 7312 7341 7333
3 7317 7330 7341
3 7313 7333 7330
3 7341 7330 7333
3 7310 7343 7335
3 7312 7332 7343
3 7319 7335 7332
3 7343 7332 7335
3 7314 7345 7337
3 7310 7334 7345
3 7318 7337 7334
3 7345 7334 7337
3 7316 7347 7339
3 7314 7336 7347
3 7315 7339 7336
3 7347 7336 7339
3 7317 7349 7331
3 7316 7338 7349
3 7309 7331 7338
3 7349 7338 7331
3 7350 7362 7364
3 7361 7363 7362
3 7355 7364 7363
3 7362 7363 7364
3 7350 7364 7366
3 7355 7365 7364
3 7351 7366 7365
3 7364 7365 7366
3 7350 7366 7368
3 7351 7367 7366
3 7357 7368 7367
3 7366 7367 7368
3 7350 7368 7370
3 7357 7369 7368
3 7360 7370 7369
3 7368 7369 7370
3 7350 7370 7362
3 7360 7371 7370
3 7361 7362 7371
3 7370 7371 7362
3 7351 7365 7373
3 7355 7372 7365
3 7359 7373 7372
3 7365 7372 7373
3 7355 7363 7375
3 7361 7374 7363
3 7354 7375 7374
3 7363 7374 7375
3 7361 7371 7377
3 7360 7376 7371
3 7352 7377 7376
3 7371 7376 7377
3 7360 7369 7379
3 7357 7378 7369
3 7356 7379 7378
3 7369 7378 7379
3 7357 7367 7381
3 7351 7380 7367
3 7358 7381 7380
3 7367 7380 7381
3 7353 7382 7384
3 7359 7383 7382
3 7354 7384 7383
3 7382 7383 7384
3 7353 7384 7386
3 7354 7385 7384
3 7352 7386 7385
3 7384 7385 7386
3 7353 7386 7388
3 7352 7387 7386
3 7356 7388 7387
3 7386 7387 7388
3 7353 7388 7390
3 7356 7389 7388
3 7358 7390 7389
3 7388 7389 7390
3 7353 7390 7382
3 7358 7391 7390
3 7359 7382 7391
3 7390 7391 7382
3 7354 7383 7375
3 7359 7372 7383
3 7355 7375 7372
3 7383 7372 7375
3 7352 7385 7377
3 7354 7374 7385
3 7361 7377 7374
3 7385 7374 7377
3 7356 7387 7379
3 7352 7376 7387
3 7360 7379 7376
3 7387 7376 7379
3 7358 7389 7381
3 7356 7378 7389
3 7357 7381 7378
3 7389 7378 7381
3 7359 7391 7373
3 7358 7380 7391
3 7351 7373 7380
3 7391 7380 7373
3 7392 7404 7406
3 7403 7405 7404
3 7397 7406 7405
3 7404 7405 7406
3 7392 7406 7408
3 7397 7407 7406
3 7393 7408 7407
3 7406 7407 7408
3 7392 7408 7410
3 7393 7409 7408
3 7399 7410 7409
3 7408 7409 7410
3 7392 7410 7412
3 7399 7411 7410
3 7402 7412 7411
3 7410 7411 7412
3 7392 7412 7404
3 7402 7413 7412
3 7403 7404 7413
3 7412 7413 7404
3 7393 7407 7415
3 7397 7414 7407
3 7401 7415 7414
3 7407 7414 7415
3 7397 7405 7417
3 7403 7416 7405
3 7396 7417 7416
3 7405 7416 7417
3 7403 7413 7419
3 7402 7418 7413
3 7394 7419 7418
3 7413 7418 7419
3 7402 7411 7421
3 7399 7420 7411
3 7398 7421 7420
3 7411 7420 7421
3 7399 7409 7423
3 7393 7422 7409
3 7400 7423 7422
3 7409 7422 7423
3 7395 7424 7426
3 7401 7425 7424
3 7396 7426 7425
3 7424 7425 7426
3 7395 7426 7428
3 7396 7427 7426
3 7394 7428 7427
3 7426 7427 7428
3 7395 7428 7430
3 7394 7429 7428
3 7398 7430 7429
3 7428 7429 7430
3 7395 7430 7432
3 7398 7431 7430
3 7400 7432 7431
3 7430 7431 7432
3 7395 7432 7424
3 7400 7433 7432
3 7401 7424 7433
3 7432 7433 7424
3 7396 7425 7417
3 7401 7414 7425
3 7397 7417 7414
3 7425 7414 7417
3 7394 7427 7419
3 7396 7416 7427
3 7403 7419 7416
3 7427 7416 7419
3 7398 7429 7421
3 7394 7418 7429
3 7402 7421 7418
3 7429 7418 7421
3 7400 7431 7423
3 7398 7420 7431
3 7399 7423 7420
3 7431 7420 7423
3 7401 7433 7415
3 7400 7422 7433
3 7393 7415 7422
3 7433 7422 7415
3 7434 7446 7448
3 7445 7447 7446
3 7439 7448 7447
3 7446 7447 7448
3 7434 7448 7450
3 7439 7449 7448
3 7435 7450 7449
3 7448 7449 7450
3 7434 7450 7452
3 7435 7451 7450
3 7441 7452 7451
3 7450 7451 7452
3 7434 7452 7454
3 7441 7453 7452
3 7444 7454 7453
3 7452 7453 7454
3 7434 7454 7446
3 7444 7455 7454
3 7445 7446 7455
3 7454 7455 7446
3 7435 7449 7457
3 7439 7456 7449
3 7443 7457 7456
3 7449 7456 7457
3 7439 7447 7459
3 7445 7458 7447
3 7438 7459 7458
3 7447 7458 7459
3 7445 7455 7461
3 7444 7460 7455
3 7436 7461 7460
3 7455 7460 7461
3 7444 7453 7463
3 7441 7462 7453
3 7440 7463 7462
3 7453 7462 7463
3 7441 7451 7465
3 7435 7464 7451
3 7442 7465 7464
3 7451 7464 7465
3 7437 7466 7468
3 7443 7467 7466
3 7438 7468 7467
3 7466 7467 7468
3 7437 7468 7470
3 7438 7469 7468
3 7436 7470 7469
3 7468 7469 7470
3 7437 7470 7472
3 7436 7471 7470
3 7440 7472 7471
3 7470 7471 7472
3 7437 7472 7474
3 7440 7473 7472
3 7442 7474 7473
3 7472 7473 7474
3 7437 7474 7466
3 7442 7475 7474
3 7443 7466 7475
3 7474 7475 7466
3 7438 7467 7459
3 7443 7456 7467
3 7439 7459 7456
3 7467 7456 7459
3 7436 7469 7461
3 7438 7458 7469
3 7445 7461 7458
3 7469 7458 7461
3 7440 7471 7463
3 7436 7460 7471
3 7444 7463 7460
3 7471 7460 7463
3 7442 7473 7465
3 7440 7462 7473
3 7441 7465 7462
3 7473 7462 7465
3 7443 7475 7457
3 7442 7464 7475
3 7435 7457 7464
3 7475 7464 7457
3 7476 7488 7490
3 7487 7489 7488
3 7481 7490 7489
3 7488 7489 7490
3 7476 7490 7492
3 7481 7491 7490
3 7477 7492 7491
3 7490 7491 7492
3 7476 7492 7494
3 7477 7493 7492
3 7483 7494 7493
3 7492 7493 7494
3 7476 7494 7496
3 7483 7495 7494
3 7486 7496 7495
3 7494 7495 7496
3 7476 7496 7488
3 7486 7497 7496
3 7487 7488 7497
3 7496 7497 7488
3 7477 7491 7499
3 7481 7498 7491
3 7485 7499 7498
3 7491 7498 7499
3 7481 7489 7501
3 7487 7500 7489
3 7480 7501 7500
3 7489 7500 7501
3 7487 7497 7503
3 7486 7502 7497
3 7478 7503 7502
3 7497 7502 7503
3 7486 7495 7505
3 7483 7504 7495
3 7482 7505 7504
3 7495 7504 7505
3 7483 7493 7507
3 7477 7506 7493
3 7484 7507 7506
3 7493 7506 7507
3 7479 7508 7510
3 7485 7509 7508
3 7480 7510 7509
3 7508 7509 7510
3 7479 7510 7512
3 7480 7511 7510
3 7478 7512 7511
3 7510 7511 7512
3 7479 7512 7514
3 7478 7513 7512
3 7482 7514 7513
3 7512 7513 7514
3 7479 7514 7516
3 7482 7515 7514
3 7484 7516 7515
3 7514 7515 7516
3 7479 7516 7508
3 7484 7517 7516
3 7485 7508 7517
3 7516 7517 7508
3 7480 7509 7501
3 7485 7498 7509
3 7481 7501 7498
3 7509 7498 7501
3 7478 7511 7503
3 7480 7500 7511
3 7487 7503 7500
3 7511 7500 7503
3 7482 7513 7505
3 7478 7502 7513
3 7486 7505 7502
3 7513 7502 7505
3 7484 7515 7507
3 7482 7504 7515
3 7483 7507 7504
3 7515 7504 7507
3 7485 7517 7499
3 7484 7506 7517
3 7477 7499 7506
3 7517 7506 7499
3 7518 7530 7532
3 7529 7531 7530
3 7523 7532 7531
3 7530 7531 7532
3 7518 7532 7534
3 7523 7533 7532
3 7519 7534 7533
3 7532 7533 7534
3 7518 7534 7536
3 7519 7535 7534
3 7525 7536 7535
3 7534 7535 7536
3 7518 7536 7538
3 7525 7537 7536
3 7528 7538 7537
3 7536 7537 7538
3 7518 7538 7530
3 7528 7539 7538
3 7529 7530 7539
3 7538 7539 7530
3 7519 7533 7541
3 7523 7540 7533
3 7527 7541 7540
3 7533 7540 7541
3 7523 7531 7543
3 7529 7542 7531
3 7522 7543 7542
3 7531 7542 7543
3 7529 7539 7545
3 7528 7544 7539
3 7520 7545 7544
3 7539 7544 7545
3 7528 7537 7547
3 7525 7546 7537
3 7524 7547 7546
3 7537 7546 7547
3 7525 7535 7549
3 7519 7548 7535
3 7526 7549 7548
3 7535 7548 7549
3 7521 7550 7552
3 7527 7551 7550
3 7522 7552 7551
3 7550 7551 7552
3 7521 7552 7554
3 7522 7553 7552
3 7520 7554 7553
3 7552 7553 7554
3 7521 7554 7556
3 7520 7555 7554
3 7524 7556 7555
3 7554 7555 7556
3 7521 7556 7558
3 7524 7557 7556
3 7526 7558 7557
3 7556 7557 7558
3 7521 7558 7550
3 7526 7559 7558
3 7527 7550 7559
3 7558 7559 7550
3 7522 7551 7543
3 7527 7540 7551
3 7523 7543 7540
3 7551 7540 7543
3 7520 7553 7545
3 7522 7542 7553
3 7529 7545 7542
3 7553 7542 7545
3 7524 7555 7547
3 7520 7544 7555
3 7528 7547 7544
3 7555 7544 7547
3 7526 7557 7549
3 7524 7546 7557
3 7525 7549 7546
3 7557 7546 7549
3 7527 7559 7541
3 7526 7548 7559
3 7519 7541 7548
3 7559 7548 7541
3 7560 7572 7574
3 7571 7573 7572
3 7565 7574 7573
3 7572 7573 7574
3 7560 7574 7576
3 7565 7575 7574
3 7561 7576 7575
3 7574 7575 7576
3 7560 7576 7578
3 7561 7577 7576
3 7567 7578 7577
3 7576 7577 7578
3 7560 7578 7580
3 7567 7579 7578
3 7570 7580 7579
3 7578 7579 7580
3 7560 7580 7572
3 7570 7581 7580
3 7571 7572 7581
3 7580 7581 7572
3 7561 7575 7583
3 7565 7582 7575
3 7569 7583 7582
3 7575 7582 7583
3 7565 7573 7585
3 7571 7584 7573
3 7564 7585 7584
3 7573 7584 7585
3 7571 7581 7587
3 7570 7586 7581
3 7562 7587 7586
3 7581 7586 7587
3 7570 7579 7589
3 7567 7588 7579
3 7566 7589 7588
3 7579 7588 7589
3 7567 7577 7591
3 7561 7590 7577
3 7568 7591 7590
3 7577 7590 7591
3 7563 7592 7594
3 7569 7593 7592
3 7564 7594 7593
3 7592 7593 7594
3 7563 7594 7596
3 7564 7595 7594
3 7562 7596 7595
3 7594 7595 7596
3 7563 7596 7598
3 7562 7597 7596
3 7566 7598 7597
3 7596 7597 7598
3 7563 7598 7600
3 7566 7599 7598
3 7568 7600 7599
3 7598 7599 7600
3 7563 7600 7592
3 7568 7601 7600
3 7569 7592 7601
3 7600 7601 7592
3 7564 7593 7585
3 7569 7582 7593
3 7565 7585 7582
3 7593 7582 7585
3 7562 7595 7587
3 7564 7584 7595
3 7571 7587 7584
3 7595 7584 7587
3 7566 7597 7589
3 7562 7586 7597
3 7570 7589 7586
3 7597 7586 7589
3 7568 7599 7591
3 7566 7588 7599
3 7567 7591 7588
3 7599 7588 7591
3 7569 7601 7583
3 7568 7590 7601
3 7561 7583 7590
3 7601 7590 7583
3 7602 7614 7616
3 7613 7615 7614
3 7607 7616 7615
3 7614 7615 7616
3 7602 7616 7618
3 7607 7617 7616
3 7603 7618 7617
3 7616 7617 7618
3 7602 7618 7620
3 7603 7619 7618
3 7609 7620 7619
3 7618 7619 7620
3 7602 7620 7622
3 7609 7621 7620
3 7612 7622 7621
3 7620 7621 7622
3 7602 7622 7614
3 7612 7623 7622
3 7613 7614 7623
3 7622 7623 7614
3 7603 7617 7625
3 7607 7624 7617
3 7611 7625 7624
3 7617 7624 7625
3 7607 7615 7627
3 7613 7626 7615
3 7606 7627 7626
3 7615 7626 7627
3 7613 7623 7629
3 7612 7628 7623
3 7604 7629 7628
3 7623 7628 7629
3 7612 7621 7631
3 7609 7630 7621
3 7608 7631 7630
3 7621 7630 7631
3 7609 7619 7633
3 7603 7632 7619
3 7610 7633 7632
3 7619 7632 7633
3 7605 7634 7636
3 7611 7635 7634
3 7606 7636 7635
3 7634 7635 7636
3 7605 7636 7638
3 7606 7637 7636
3 7604 7638 7637
3 7636 7637 7638
3 7605 7638 7640
3 7604 7639 7638
3 7608 7640 7639
3 7638 7639 7640
3 7605 7640 7642
3 7608 7641 7640
3 7610 7642 7641
3 7640 7641 7642
3 7605 7642 7634
3 7610 7643 7642
3 7611 7634 7643
3 7642 7643 7634
3 7606 7635 7627
3 7611 7624 7635
3 7607 7627 7624
3 7635 7624 7627
3 7604 7637 7629
3 7606 7626 7637
3 7613 7629 7626
3 7637 7626 7629
3 7608 7639 7631
3 7604 7628 7639
3 7612 7631 7628
3 7639 7628 7631
3 7610 7641 7633
3 7608 7630 7641
3 7609 7633 7630
3 7641 7630 7633
3 7611 7643 7625
3 7610 7632 7643
3 7603 7625 7632
3 7643 7632 7625
3 7644 7656 7658
3 7655 7657 7656
3 7649 7658 7657
3 7656 7657 7658
3 7644 7658 7660
3 7649 7659 7658
3 7645 7660 7659
3 7658 7659 7660
3 7644 7660 7662
3 7645 7661 7660
3 7651 7662 7661
3 7660 7661 7662
3 7644 7662 7664
3 7651 7663 7662
3 7654 7664 7663
3 7662 7663 7664
3 7644 7664 7656
3 7654 7665 7664
3 7655 7656 7665
3 7664 7665 7656
3 7645 7659 7667
3 7649 7666 7659
3 7653 7667 7666
3 7659 7666 7667
3 7649 7657 7669
3 7655 7668 7657
3 7648 7669 7668
3 7657 7668 7669
3 7655 7665 7671
3 7654 7670 7665
3 7646 7671 7670
3 7665 7670 7671
3 7654 7663 7673
3 7651 7672 7663
3 7650 7673 7672
3 7663 7672 7673
3 7651 7661 7675
3 7645 7674 7661
3 7652 7675 7674
3 7661 7674 7675
3 7647 7676 7678
3 7653 7677 7676
3 7648 7678 7677
3 7676 7677 7678
3 7647 7678 7680
3 7648 7679 7678
3 7646 7680 7679
3 7678 7679 7680
3 7647 7680 7682
3 7646 7681 7680
3 7650 7682 7681
3 7680 7681 7682
3 7647 7682 7684
3 7650 7683 7682
3 7652 7684 7683
3 7682 7683 7684
3 7647 7684 7676
3 7652 7685 7684
3 7653 7676 7685
3 7684 7685 7676
3 7648 7677 7669
3 7653 7666 7677
3 7649 7669 7666
3 7677 7666 7669
3 7646 7679 7671
3 7648 7668 7679
3 7655 7671 7668
3 7679 7668 7671
3 7650 7681 7673
3 7646 7670 7681
3 7654 7673 7670
3 7681 7670 7673
3 7652 7683 7675
3 7650 7672 7683
3 7651 7675 7672
3 7683 7672 7675
3 7653 7685 7667
3 7652 7674 7685
3 7645 7667 7674
3 7685 7674 7667
3 7686 7698 7700
3 7697 7699 7698
3 7691 7700 7699
3 7698 7699 7700
3 7686 7700 7702
3 7691 7701 7700
3 7687 7702 7701
3 7700 7701 7702
3 7686 7702 7704
3 7687 7703 7702
3 7693 7704 7703
3 7702 7703 7704
3 7686 7704 7706
3 7693 7705 7704
3 7696 7706 7705
3 7704 7705 7706
3 7686 7706 7698
3 7696 7707 7706
3 7697 7698 7707
3 7706 7707 7698
3 7687 7701 7709
3 7691 7708 7701
3 7695 7709 7708
3 7701 7708 7709
3 7691 7699 7711
3 7697 7710 7699
3 7690 7711 7710
3 7699 7710 7711
3 7697 7707 7713
3 7696 7712 7707
3 7688 7713 7712
3 7707 7712 7713
3 7696 7705 7715
3 7693 7714 7705
3 7692 7715 7714
3 7705 7714 7715
3 7693 7703 7717
3 7687 7716 7703
3 7694 7717 7716
3 7703 7716 7717
3 7689 7718 7720
3 7695 7719 7718
3 7690 7720 7719
3 7718 7719 7720
3 7689 7720 7722
3 7690 7721 7720
3 7688 7722 7721
3 7720 7721 7722
3 7689 7722 7724
3 7688 7723 7722
3 7692 7724 7723
3 7722 7723 7724
3 7689 7724 7726
3 7692 7725 7724
3 7694 7726 7725
3 7724 7725 7726
3 7689 7726 7718
3 7694 7727 7726
3 7695 7718 7727
3 7726 7727 7718
3 7690 7719 7711
3 7695 7708 7719
3 7691 7711 7708
3 7719 7708 7711
3 7688 7721 7713
3 7690 7710 7721
3 7697 7713 7710
3 7721 7710 7713
3 7692 7723 7715
3 7688 7712 7723
3 7696 7715 7712
3 7723 7712 7715
3 7694 7725 7717
3 7692 7714 7725
3 7693 7717 7714
3 7725 7714 7717
3 7695 7727 7709
3 7694 7716 7727
3 7687 7709 7716
3 7727 7716 7709
3 7728 7740 7742
3 7739 7741 7740
3 7733 7742 7741
3 7740 7741 7742
3 7728 7742 7744
3 7733 7743 7742
3 7729 7744 7743
3 7742 7743 7744
3 7728 7744 7746
3 7729 7745 7744
3 7735 7746 7745
3 7744 7745 7746
3 7728 7746 7748
3 7735 7747 7746
3 7738 7748 7747
3 7746 7747 7748
3 7728 7748 7740
3 7738 7749 7748
3 7739 7740 7749
3 7748 7749 7740
3 7729 7743 7751
3 7733 7750 7743
3 7737 7751 7750
3 7743 7750 7751
3 7733 7741 7753
3 7739 7752 7741
3 7732 7753 7752
3 7741 7752 7753
3 7739 7749 7755
3 7738 7754 7749
3 7730 7755 7754
3 7749 7754 7755
3 7738 7747 7757
3 7735 7756 7747
3 7734 7757 7756
3 7747 7756 7757
3 7735 7745 7759
3 7729 7758 7745
3 7736 7759 7758
3 7745 7758 7759
3 7731 7760 7762
3 7737 7761 7760
3 7732 7762 7761
3 7760 7761 7762
3 7731 7762 7764
3 7732 7763 7762
3 7730 7764 7763
3 7762 7763 7764
3 7731 7764 7766
3 7730 7765 7764
3 7734 7766 7765
3 7764 7765 7766
3 7731 7766 7768
3 7734 7767 7766
3 7736 7768 7767
3 7766 7767 7768
3 7731 7768 7760
3 7736 7769 7768
3 7737 7760 7769
3 7768 7769 7760
3 7732 7761 7753
3 7737 7750 7761
3 7733 7753 7750
3 7761 7750 7753
3 7730 7763 7755
3 7732 7752 7763
3 7739 7755 7752
3 7763 7752 7755
3 7734 7765 7757
3 7730 7754 7765
3 7738 7757 7754
3 7765 7754 7757
3 7736 7767 7759
3 7734 7756 7767
3 7735 7759 7756
3 7767 7756 7759
3 7737 7769 7751
3 7736 7758 7769
3 7729 7751 7758
3 7769 7758 7751
3 7770 7782 7784
3 7781 7783 7782
3 7775 7784 7783
3 7782 7783 7784
3 7770 7784 7786
3 7775 7785 7784
3 7771 7786 7785
3 7784 7785 7786
3 7770 7786 7788
3 7771 7787 7786
3 7777 7788 7787
3 7786 7787 7788
3 7770 7788 7790
3 7777 7789 7788
3 7780 7790 7789
3 7788 7789 7790
3 7770 7790 7782
3 7780 7791 7790
3 7781 7782 7791
3 7790 7791 7782
3 7771 7785 7793
3 7775 7792 7785
3 7779 7793 7792
3 7785 7792 7793
3 7775 7783 7795
3 7781 7794 7783
3 7774 7795 7794
3 7783 7794 7795
3 7781 7791 7797
3 7780 7796 7791
3 7772 7797 7796
3 7791 7796 7797
3 7780 7789 7799
3 7777 7798 7789
3 7776 7799 7798
3 7789 7798 7799
3 7777 7787 7801
3 7771 7800 7787
3 7778 7801 7800
3 7787 7800 7801
3 7773 7802 7804
3 7779 7803 7802
3 7774 7804 7803
3 7802 7803 7804
3 7773 7804 7806
3 7774 7805 7804
3 7772 7806 7805
3 7804 7805 7806
3 7773 7806 7808
3 7772 7807 7806
3 7776 7808 7807
3 7806 7807 7808
3 7773 7808 7810
3 7776 7809 7808
3 7778 7810 7809
3 7808 7809 7810
3 7773 7810 7802
3 7778 7811 7810
3 7779 7802 7811
3 7810 7811 7802
3 7774 7803 7795
3 7779 7792 7803
3 7775 7795 7792
3 7803 7792 7795
3 7772 7805 7797
3 7774 7794 7805
3 7781 7797 7794
3 7805 7794 7797
3 7776 7807 7799
3 7772 7796 7807
3 7780 7799 7796
3 7807 7796 7799
3 7778 7809 7801
3 7776 7798 7809
3 7777 7801 7798
3 7809 7798 7801
3 7779 7811 7793
3 7778 7800 7811
3 7771 7793 7800
3 7811 7800 7793
3 7812 7824 7826
3 7823 7825 7824
3 7817 7826 7825
3 7824 7825 7826
3 7812 7826 7828
3 7817 7827 7826
3 7813 7828 7827
3 7826 7827 7828
3 7812 7828 7830
3 7813 7829 7828
3 7819 7830 7829
3 7828 7829 7830
3 7812 7830 7832
3 7819 7831 7830
3 7822 7832 7831
3 7830 7831 7832
3 7812 7832 7824
3 7822 7833 7832
3 7823 7824 7833
3 7832 7833 7824
3 7813 7827 7835
3 7817 7834 7827
3 7821 7835 7834
3 7827 7834 7835
3 7817 7825 7837
3 7823 7836 7825
3 7816 7837 7836
3 7825 7836 7837
3 7823 7833 7839
3 7822 7838 7833
3 7814 7839 7838
3 7833 7838 7839
3 7822 7831 7841
3 7819 7840 7831
3 7818 7841 7840
3 7831 7840 7841
3 7819 7829 7843
3 7813 7842 7829
3 7820 7843 7842
3 7829 7842 7843
3 7815 7844 7846
3 7821 7845 7844
3 7816 7846 7845
3 7844 7845 7846
3 7815 7846 7848
3 7816 7847 7846
3 7814 7848 7847
3 7846 7847 7848
3 7815 7848 7850
3 7814 7849 7848
3 7818 7850 7849
3 7848 7849 7850
3 7815 7850 7852
3 7818 7851 7850
3 7820 7852 7851
3 7850 7851 7852
3 7815 7852 7844
3 7820 7853 7852
3 7821 7844 7853
3 7852 7853 7844
3 7816 7845 7837
3 7821 7834 7845
3 7817 7837 7834
3 7845 7834 7837
3 7814 7847 7839
3 7816 7836 7847
3 7823 7839 7836
3 7847 7836 7839
3 7818 7849 7841
3 7814 7838 7849
3 7822 7841 7838
3 7849 7838 7841
3 7820 7851 7843
3 7818 7840 7851
3 7819 7843 7840
3 7851 7840 7843
3 7821 7853 7835
3 7820 7842 7853
3 7813 7835 7842
3 7853 7842 7835
3 7854 7866 7868
3 7865 7867 7866
3 7859 7868 7867
3 7866 7867 7868
3 7854 7868 7870
3 7859 7869 7868
3 7855 7870 7869
3 7868 7869 7870
3 7854 7870 7872
3 7855 7871 7870
3 7861 7872 7871
3 7870 7871 7872
3 7854 7872 7874
3 7861 7873 7872
3 7864 7874 7873
3 7872 7873 7874
3 7854 7874 7866
3 7864 7875 7874
3 7865 7866 7875
3 7874 7875 7866
3 7855 7869 7877
3 7859 7876 7869
3 7863 7877 7876
3 7869 7876 7877
3 7859 7867 7879
3 7865 7878 7867
3 7858 7879 7878
3 7867 7878 7879
3 7865 7875 7881
3 7864 7880 7875
3 7856 7881 7880
3 7875 7880 7881
3 7864 7873 7883
3 7861 7882 7873
3 7860 7883 7882
3 7873 7882 7883
3 7861 7871 7885
3 7855 7884 7871
3 7862 7885 7884
3 7871 7884 7885
3 7857 7886 7888
3 7863 7887 7886
3 7858 7888 7887
3 7886 7887 7888
3 7857 7888 7890
3 7858 7889 7888
3 7856 7890 7889
3 7888 7889 7890
3 7857 7890 7892
3 7856 7891 7890
3 7860 7892 7891
3 7890 7891 7892
3 7857 7892 7894
3 7860 7893 7892
3 7862 7894 7893
3 7892 7893 7894
3 7857 7894 7886
3 7862 7895 7894
3 7863 7886 7895
3 7894 7895 7886
3 7858 7887 7879
3 7863 7876 7887
3 7859 7879 7876
3 7887 7876 7879
3 7856 7889 7881
3 7858 7878 7889
3 7865 7881 7878
3 7889 7878 7881
3 7860 7891 7883
3 7856 7880 7891
3 7864 7883 7880
3 7891 7880 7883
3 7862 7893 7885
3 7860 7882 7893
3 7861 7885 7882
3 7893 7882 7885
3 7863 7895 7877
3 7862 7884 7895
3 7855 7877 7884
3 7895 7884 7877
3 7896 7908 7910
3 7907 7909 7908
3 7901 7910 7909
3 7908 7909 7910
3 7896 7910 7912
3 7901 7911 7910
3 7897 7912 7911
3 7910 7911 7912
3 7896 7912 7914
3 7897 7913 7912
3 7903 7914 7913
3 7912 7913 7914
3 7896 7914 7916
3 7903 7915 7914
3 7906 7916 7915
3 7914 7915 7916
3 7896 7916 7908
3 7906 7917 7916
3 7907 7908 7917
3 7916 7917 7908
3 7897 7911 7919
3 7901 7918 7911
3 7905 7919 7918
3 7911 7918 7919
3 7901 7909 7921
3 7907 7920 7909
3 7900 7921 7920
3 7909 7920 7921
3 7907 7917 7923
3 7906 7922 7917
3 7898 7923 7922
3 7917 7922 7923
3 7906 7915 7925
3 7903 7924 7915
3 7902 7925 7924
3 7915 7924 7925
3 7903 7913 7927
3 7897 7926 7913
3 7904 7927 7926
3 7913 7926 7927
3 7899 7928 7930
3 7905 7929 7928
3 7900 7930 7929
3 7928 7929 7930
3 7899 7930 7932
3 7900 7931 7930
3 7898 7932 7931
3 7930 7931 7932
3 7899 7932 7934
3 7898 7933 7932
3 7902 7934 7933
3 7932 7933 7934
3 7899 7934 7936
3 7902 7935 7934
3 7904 7936 7935
3 7934 7935 7936
3 7899 7936 7928
3 7904 7937 7936
3 7905 7928 7937
3 7936 7937 7928
3 7900 7929 7921
3 7905 7918 7929
3 7901 7921 7918
3 7929 7918 7921
3 7898 7931 7923
3 7900 7920 7931
3 7907 7923 7920
3 7931 7920 7923
3 7902 7933 7925
3 7898 7922 7933
3 7906 7925 7922
3 7933 7922 7925
3 7904 7935 7927
3 7902 7924 7935
3 7903 7927 7924
3 7935 7924 7927
3 7905 7937 7919
3 7904 7926 7937
3 7897 7919 7926
3 7937 7926 7919
3 7938 7950 7952
3 7949 7951 7950
3 7943 7952 7951
3 7950 7951 7952
3 7938 7952 7954
3 7943 7953 7952
3 7939 7954 7953
3 7952 7953 7954
3 7938 7954 7956
3 7939 7955 7954
3 7945 7956 7955
3 7954 7955 7956
3 7938 7956 7958
3 7945 7957 7956
3 7948 7958 7957
3 7956 7957 7958
3 7938 7958 7950
3 7948 7959 7958
3 7949 7950 7959
3 7958 7959 7950
3 7939 7953 7961
3 7943 7960 7953
3 7947 7961 7960
3 7953 7960 7961
3 7943 7951 7963
3 7949 7962 7951
3 7942 7963 7962
3 7951 7962 7963
3 7949 7959 7965
3 7948 7964 7959
3 7940 7965 7964
3 7959 7964 7965
3 7948 7957 7967
3 7945 7966 7957
3 7944 7967 7966
3 7957 7966 7967
3 7945 7955 7969
3 7939 7968 7955
3 7946 7969 7968
3 7955 7968 7969
3 7941 7970 7972
3 7947 7971 7970
3 7942 7972 7971
3 7970 7971 7972
3 7941 7972 7974
3 7942 7973 7972
3 7940 7974 7973
3 7972 7973 7974
3 7941 7974 7976
3 7940 7975 7974
3 7944 7976 7975
3 7974 7975 7976
3 7941 7976 7978
3 7944 7977 7976
3 7946 7978 7977
3 7976 7977 7978
3 7941 7978 7970
3 7946 7979 7978
3 7947 7970 7979
3 7978 7979 7970
3 7942 7971 7963
3 7947 7960 7971
3 7943 7963 7960
3 7971 7960 7963
3 7940 7973 7965
3 7942 7962 7973
3 7949 7965 7962
3 7973 7962 7965
3 7944 7975 7967
3 7940 7964 7975
3 7948 7967 7964
3 7975 7964 7967
3 7946 7977 7969
3 7944 7966 7977
3 7945 7969 7966
3 7977 7966 7969
3 7947 7979 7961
3 7946 7968 7979
3 7939 7961 7968
3 7979 7968 7961
3 7980 7992 7994
3 7991 7993 7992
3 7985 7994 7993
3 7992 7993 7994
3 7980 7994 7996
3 7985 7995 7994
3 7981 7996 7995
3 7994 7995 7996
3 7980 7996 7998
3 7981 7997 7996
3 7987 7998 7997
3 7996 7997 7998
3 7980 7998 8000
3 7987 7999 7998
3 7990 8000 7999
3 7998 7999 8000
3 7980 8000 7992
3 7990 8001 8000
3 7991 7992 8001
3 8000 8001 7992
3 7981 7995 8003
3 7985 8002 7995
3 7989 8003 8002
3 7995 8002 8003
3 7985 7993 8005
3 7991 8004 7993
3 7984 8005 8004
3 7993 8004 8005
3 7991 8001 8007
3 7990 8006 8001
3 7982 8007 8006
3 8001 8006 8007
3 7990 7999 8009
3 7987 8008 7999
3 7986 8009 8008
3 7999 8008 8009
3 7987 7997 8011
3 7981 8010 7997
3 7988 8011 8010
3 7997 8010 8011
3 7983 8012 8014
3 7989 8013 8012
3 7984 8014 8013
3 8012 8013 8014
3 7983 8014 8016
3 7984 8015 8014
3 7982 8016 8015
3 8014 8015 8016
3 7983 8016 8018
3 7982 8017 8016
3 7986 8018 8017
3 8016 8017 8018
3 7983 8018 8020
3 7986 8019 8018
3 7988 8020 8019
3 8018 8019 8020
3 7983 8020 8012
3 7988 8021 8020
3 7989 8012 8021
3 8020 8021 8012
3 7984 8013 8005
3 7989 8002 8013
3 7985 8005 8002
3 8013 8002 8005
3 7982 8015 8007
3 7984 8004 8015
3 7991 8007 8004
3 8015 8004 8007
3 7986 8017 8009
3 7982 8006 8017
3 7990 8009 8006
3 8017 8006 8009
3 7988 8019 8011
3 7986 8008 8019
3 7987 8011 8008
3 8019 8008 8011
3 7989 8021 8003
3 7988 8010 8021
3 7981 8003 8010
3 8021 8010 8003
3 8022 8034 8036
3 8033 8035 8034
3 8027 8036 8035
3 8034 8035 8036
3 8022 8036 8038
3 8027 8037 8036
3 8023 8038 8037
3 8036 8037 8038
3 8022 8038 8040
3 8023 8039 8038
3 8029 8040 8039
3 8038 8039 8040
3 8022 8040 8042
3 8029 8041 8040
3 8032 8042 8041
3 8040 8041 8042
3 8022 8042 8034
3 8032 8043 8042
3 8033 8034 8043
3 8042 8043 8034
3 8023 8037 8045
3 8027 8044 8037
3 8031 8045 8044
3 8037 8044 8045
3 8027 8035 8047
3 8033 8046 8035
3 8026 8047 8046
3 8035 8046 8047
3 8033 8043 8049
3 8032 8048 8043
3 8024 8049 8048
3 8043 8048 8049
3 8032 8041 8051
3 8029 8050 8041
3 8028 8051 8050
3 8041 8050 8051
3 8029 8039 8053
3 8023 8052 8039
3 8030 8053 8052
3 8039 8052 8053
3 8025 8054 8056
3 8031 8055 8054
3 8026 8056 8055
3 8054 8055 8056
3 8025 8056 8058
3 8026 8057 8056
3 8024 8058 8057
3 8056 8057 8058
3 8025 8058 8060
3 8024 8059 8058
3 8028 8060 8059
3 8058 8059 8060
3 8025 8060 8062
3 8028 8061 8060
3 8030 8062 8061
3 8060 8061 8062
3 8025 8062 8054
3 8030 8063 8062
3 8031 8054 8063
3 8062 8063 8054
3 8026 8055 8047
3 8031 8044 8055
3 8027 8047 8044
3 8055 8044 8047
3 8024 8057 8049
3 8026 8046 8057
3 8033 8049 8046
3 8057 8046 8049
3 8028 8059 8051
3 8024 8048 8059
3 8032 8051 8048
3 8059 8048 8051
3 8030 8061 8053
3 8028 8050 8061
3 8029 8053 8050
3 8061 8050 8053
3 8031 8063 8045
3 8030 8052 8063
3 8023 8045 8052
3 8063 8052 8045
3 8064 8076 8078
3 8075 8077 8076
3 8069 8078 8077
3 8076 8077 8078
3 8064 8078 8080
3 8069 8079 8078
3 8065 8080 8079
3 8078 8079 8080
3 8064 8080 8082
3 8065 8081 8080
3 8071 8082 8081
3 8080 8081 8082
3 8064 8082 8084
3 8071 8083 8082
3 8074 8084 8083
3 8082 8083 8084
3 8064 8084 8076
3 8074 8085 8084
3 8075 8076 8085
3 8084 8085 8076
3 8065 8079 8087
3 8069 8086 8079
3 8073 8087 8086
3 8079 8086 8087
3 8069 8077 8089
3 8075 8088 8077
3 8068 8089 8088
3 8077 8088 8089
3 8075 8085 8091
3 8074 8090 8085
3 8066 8091 8090
3 8085 8090 8091
3 8074 8083 8093
3 8071 8092 8083
3 8070 8093 8092
3 8083 8092 8093
3 8071 8081 8095
3 8065 8094 8081
3 8072 8095 8094
3 8081 8094 8095
3 8067 8096 8098
3 8073 8097 8096
3 8068 8098 8097
3 8096 8097 8098
3 8067 8098 8100
3 8068 8099 8098
3 8066 8100 8099
3 8098 8099 8100
3 8067 8100 8102
3 8066 8101 8100
3 8070 8102 8101
3 8100 8101 8102
3 8067 8102 8104
3 8070 8103 8102
3 8072 8104 8103
3 8102 8103 8104
3 8067 8104 8096
3 8072 8105 8104
3 8073 8096 8105
3 8104 8105 8096
3 8068 8097 8089
3 8073 8086 8097
3 8069 8089 8086
3 8097 8086 8089
3 8066 8099 8091
3 8068 8088 8099
3 8075 8091 8088
3 8099 8088 8091
3 8070 8101 8093
3 8066 8090 8101
3 8074 8093 8090
3 8101 8090 8093
3 8072 8103 8095
3 8070 8092 8103
3 8071 8095 8092
3 8103 8092 8095
3 8073 8105 8087
3 8072 8094 8105
3 8065 8087 8094
3 8105 8094 8087
3 8106 8118 8120
3 8117 8119 8118
3 8111 8120 8119
3 8118 8119 8120
3 8106 8120 8122
3 8111 8121 8120
3 8107 8122 8121
3 8120 8121 8122
3 8106 8122 8124
3 8107 8123 8122
3 8113 8124 8123
3 8122 8123 8124
3 8106 8124 8126
3 8113 8125 8124
3 8116 8126 8125
3 8124 8125 8126
3 8106 8126 8118
3 8116 8127 8126
3 8117 8118 8127
3 8126 8127 8118
3 8107 8121 8129
3 8111 8128 8121
3 8115 8129 8128
3 8121 8128 8129
3 8111 8119 8131
3 8117 8130 8119
3 8110 8131 8130
3 8119 8130 8131
3 8117 8127 8133
3 8116 8132 8127
3 8108 8133 8132
3 8127 8132 8133
3 8116 8125 8135
3 8113 8134 8125
3 8112 8135 8134
3 8125 8134 8135
3 8113 8123 8137
3 8107 8136 8123
3 8114 8137 8136
3 8123 8136 8137
3 8109 8138 8140
3 8115 8139 8138
3 8110 8140 8139
3 8138 8139 8140
3 8109 8140 8142
3 8110 8141 8140
3 8108 8142 8141
3 8140 8141 8142
3 8109 8142 8144
3 8108 8143 8142
3 8112 8144 8143
3 8142 8143 8144
3 8109 8144 8146
3 8112 8145 8144
3 8114 8146 8145
3 8144 8145 8146
3 8109 8146 8138
3 8114 8147 8146
3 8115 8138 8147
3 8146 8147 8138
3 8110 8139 8131
3 8115 8128 8139
3 8111 8131 8128
3 8139 8128 8131
3 8108 8141 8133
3 8110 8130 8141
3 8117 8133 8130
3 8141 8130 8133
3 8112 8143 8135
3 8108 8132 8143
3 8116 8135 8132
3 8143 8132 8135
3 8114 8145 8137
3 8112 8134 8145
3 8113 8137 8134
3 8145 8134 8137
3 8115 8147 8129
3 8114 8136 8147
3 8107 8129 8136
3 8147 8136 8129
3 8148 8160 8162
3 8159 8161 8160
3 8153 8162 8161
3 8160 8161 8162
3 8148 8162 8164
3 8153 8163 8162
3 8149 8164 8163
3 8162 8163 8164
3 8148 8164 8166
3 8149 8165 8164
3 8155 8166 8165
3 8164 8165 8166
3 8148 8166 8168
3 8155 8167 8166
3 8158 8168 8167
3 8166 8167 8168
3 8148 8168 8160
3 8158 8169 8168
3 8159 8160 8169
3 8168 8169 8160
3 8149 8163 8171
3 8153 8170 8163
3 8157 8171 8170
3 8163 8170 8171
3 8153 8161 8173
3 8159 8172 8161
3 8152 8173 8172
3 8161 8172 8173
3 8159 8169 8175
3 8158 8174 8169
3 8150 8175 8174
3 8169 8174 8175
3 8158 8167 8177
3 8155 8176 8167
3 8154 8177 8176
3 8167 8176 8177
3 8155 8165 8179
3 8149 8178 8165
3 8156 8179 8178
3 8165 8178 8179
3 8151 8180 8182
3 8157 8181 8180
3 8152 8182 8181
3 8180 8181 8182
3 8151 8182 8184
3 8152 8183 8182
3 8150 8184 8183
3 8182 8183 8184
3 8151 8184 8186
3 8150 8185 8184
3 8154 8186 8185
3 8184 8185 8186
3 8151 8186 8188
3 8154 8187 8186
3 8156 8188 8187
3 8186 8187 8188
3 8151 8188 8180
3 8156 8189 8188
3 8157 8180 8189
3 8188 8189 8180
3 8152 8181 8173
3 8157 8170 8181
3 8153 8173 8170
3 8181 8170 8173
3 8150 8183 8175
3 8152 8172 8183
3 8159 8175 8172
3 8183 8172 8175
3 8154 8185 8177
3 8150 8174 8185
3 8158 8177 8174
3 8185 8174 8177
3 8156 8187 8179
3 8154 8176 8187
3 8155 8179 8176
3 8187 8176 8179
3 8157 8189 8171
3 8156 8178 8189
3 8149 8171 8178
3 8189 8178 8171
3 8190 8202 8204
3 8201 8203 8202
3 8195 8204 8203
3 8202 8203 8204
3 8190 8204 8206
3 8195 8205 8204
3 8191 8206 8205
3 8204 8205 8206
3 8190 8206 8208
3 8191 8207 8206
3 8197 8208 8207
3 8206 8207 8208
3 8190 8208 8210
3 8197 8209 8208
3 8200 8210 8209
3 8208 8209 8210
3 8190 8210 8202
3 8200 8211 8210
3 8201 8202 8211
3 8210 8211 8202
3 8191 8205 8213
3 8195 8212 8205
3 8199 8213 8212
3 8205 8212 8213
3 8195 8203 8215
3 8201 8214 8203
3 8194 8215 8214
3 8203 8214 8215
3 8201 8211 8217
3 8200 8216 8211
3 8192 8217 8216
3 8211 8216 8217
3 8200 8209 8219
3 8197 8218 8209
3 8196 8219 8218
3 8209 8218 8219
3 8197 8207 8221
3 8191 8220 8207
3 8198 8221 8220
3 8207 8220 8221
3 8193 8222 8224
3 8199 8223 8222
3 8194 8224 8223
3 8222 8223 8224
3 8193 8224 8226
3 8194 8225 8224
3 8192 8226 8225
3 8224 8225 8226
3 8193 8226 8228
3 8192 8227 8226
3 8196 8228 8227
3 8226 8227 8228
3 8193 8228 8230
3 8196 8229 8228
3 8198 8230 8229
3 8228 8229 8230
3 8193 8230 8222
3 8198 8231 8230
3 8199 8222 8231
3 8230 8231 8222
3 8194 8223 8215
3 8199 8212 8223
3 8195 8215 8212
3 8223 8212 8215
3 8192 8225 8217
3 8194 8214 8225
3 8201 8217 8214
3 8225 8214 8217
3 8196 8227 8219
3 8192 8216 8227
3 8200 8219 8216
3 8227 8216 8219
3 8198 8229 8221
3 8196 8218 8229
3 8197 8221 8218
3 8229 8218 8221
3 8199 8231 8213
3 8198 8220 8231
3 8191 8213 8220
3 8231 8220 8213
3 8232 8244 8246
3 8243 8245 8244
3 8237 8246 8245
3 8244 8245 8246
3 8232 8246 8248
3 8237 8247 8246
3 8233 8248 8247
3 8246 8247 8248
3 8232 8248 8250
3 8233 8249 8248
3 8239 8250 8249
3 8248 8249 8250
3 8232 8250 8252
3 8239 8251 8250
3 8242 8252 8251
3 8250 8251 8252
3 8232 8252 8244
3 8242 8253 8252
3 8243 8244 8253
3 8252 8253 8244
3 8233 8247 8255
3 8237 8254 8247
3 8241 8255 8254
3 8247 8254 8255
3 8237 8245 8257
3 8243 8256 8245
3 8236 8257 8256
3 8245 8256 8257
3 8243 8253 8259
3 8242 8258 8253
3 8234 8259 8258
3 8253 8258 8259
3 8242 8251 8261
3 8239 8260 8251
3 8238 8261 8260
3 8251 8260 8261
3 8239 8249 8263
3 8233 8262 8249
3 8240 8263 8262
3 8249 8262 8263
3 8235 8264 8266
3 8241 8265 8264
3 8236 8266 8265
3 8264 8265 8266
3 8235 8266 8268
3 8236 8267 8266
3 8234 8268 8267
3 8266 8267 8268
3 8235 8268 8270
3 8234 8269 8268
3 8238 8270 8269
3 8268 8269 8270
3 8235 8270 8272
3 8238 8271 8270
3 8240 8272 8271
3 8270 8271 8272
3 8235 8272 8264
3 8240 8273 8272
3 8241 8264 8273
3 8272 8273 8264
3 8236 8265 8257
3 8241 8254 8265
3 8237 8257 8254
3 8265 8254 8257
3 8234 8267 8259
3 8236 8256 8267
3 8243 8259 8256
3 8267 8256 8259
3 8238 8269 8261
3 8234 8258 8269
3 8242 8261 8258
3 8269 8258 8261
3 8240 8271 8263
3 8238 8260 8271
3 8239 8263 8260
3 8271 8260 8263
3 8241 8273 8255
3 8240 8262 8273
3 8233 8255 8262
3 8273 8262 8255
3 8274 8286 8288
3 8285 8287 8286
3 8279 8288 8287
3 8286 8287 8288
3 8274 8288 8290
3 8279 8289 8288
3 8275 8290 8289
3 8288 8289 8290
3 8274 8290 8292
3 8275 8291 8290
3 8281 8292 8291
3 8290 8291 8292
3 8274 8292 8294
3 8281 8293 8292
3 8284 8294 8293
3 8292 8293 8294
3 8274 8294 8286
3 8284 8295 8294
3 8285 8286 8295
3 8294 8295 8286
3 8275 8289 8297
3 8279 8296 8289
3 8283 8297 8296
3 8289 8296 8297
3 8279 8287 8299
3 8285 8298 8287
3 8278 8299 8298
3 8287 8298 8299
3 8285 8295 8301
3 8284 8300 8295
3 8276 8301 8300
3 8295 8300 8301
3 8284 8293 8303
3 8281 8302 8293
3 8280 8303 8302
3 8293 8302 8303
3 8281 8291 8305
3 8275 8304 8291
3 8282 8305 8304
3 8291 8304 8305
3 8277 8306 8308
3 8283 8307 8306
3 8278 8308 8307
3 8306 8307 8308
3 8277 8308 8310
3 8278 8309 8308
3 8276 8310 8309
3 8308 8309 8310
3 8277 8310 8312
3 8276 8311 8310
3 8280 8312 8311
3 8310 8311 8312
3 8277 8312 8314
3 8280 8313 8312
3 8282 8314 8313
3 8312 8313 8314
3 8277 8314 8306
3 8282 8315 8314
3 8283 8306 8315
3 8314 8315 8306
3 8278 8307 8299
3 8283 8296 8307
3 8279 8299 8296
3 8307 8296 8299
3 8276 8309 8301
3 8278 8298 8309
3 8285 8301 8298
3 8309 8298 8301
3 8280 8311 8303
3 8276 8300 8311
3 8284 8303 8300
3 8311 8300 8303
3 8282 8313 8305
3 8280 8302 8313
3 8281 8305 8302
3 8313 8302 8305
3 8283 8315 8297
3 8282 8304 8315
3 8275 8297 8304
3 8315 8304 8297
3 8316 8328 8330
3 8327 8329 8328
3 8321 8330 8329
3 8328 8329 8330
3 8316 8330 8332
3 8321 8331 8330
3 8317 8332 8331
3 8330 8331 8332
3 8316 8332 8334
3 8317 8333 8332
3 8323 8334 8333
3 8332 8333 8334
3 8316 8334 8336
3 8323 8335 8334
3 8326 8336 8335
3 8334 8335 8336
3 8316 8336 8328
3 8326 8337 8336
3 8327 8328 8337
3 8336 8337 8328
3 8317 8331 8339
3 8321 8338 8331
3 8325 8339 8338
3 8331 8338 8339
3 8321 8329 8341
3 8327 8340 8329
3 8320 8341 8340
3 8329 8340 8341
3 8327 8337 8343
3 8326 8342 8337
3 8318 8343 8342
3 8337 8342 8343
3 8326 8335 8345
3 8323 8344 8335
3 8322 8345 8344
3 8335 8344 8345
3 8323 8333 8347
3 8317 8346 8333
3 8324 8347 8346
3 8333 8346 8347
3 8319 8348 8350
3 8325 8349 8348
3 8320 8350 8349
3 8348 8349 8350
3 8319 8350 8352
3 8320 8351 8350
3 8318 8352 8351
3 8350 8351 8352
3 8319 8352 8354
3 8318 8353 8352
3 8322 8354 8353
3 8352 8353 8354
3 8319 8354 8356
3 8322 8355 8354
3 8324 8356 8355
3 8354 8355 8356
3 8319 8356 8348
3 8324 8357 8356
3 8325 8348 8357
3 8356 8357 8348
3 8320 8349 8341
3 8325 8338 8349
3 8321 8341 8338
3 8349 8338 8341
3 8318 8351 8343
3 8320 8340 8351
3 8327 8343 8340
3 8351 8340 8343
3 8322 8353 8345
3 8318 8342 8353
3 8326 8345 8342
3 8353 8342 8345
3 8324 8355 8347
3 8322 8344 8355
3 8323 8347 8344
3 8355 8344 8347
3 8325 8357 8339
3 8324 8346 8357
3 8317 8339 8346
3 8357 8346 8339
3 8358 8370 8372
3 8369 8371 8370
3 8363 8372 8371
3 8370 8371 8372
3 8358 8372 8374
3 8363 8373 8372
3 8359 8374 8373
3 8372 8373 8374
3 8358 8374 8376
3 8359 8375 8374
3 8365 8376 8375
3 8374 8375 8376
3 8358 8376 8378
3 8365 8377 8376
3 8368 8378 8377
3 8376 8377 8378
3 8358 8378 8370
3 8368 8379 8378
3 8369 8370 8379
3 8378 8379 8370
3 8359 8373 8381
3 8363 8380 8373
3 8367 8381 8380
3 8373 8380 8381
3 8363 8371 8383
3 8369 8382 8371
3 8362 8383 8382
3 8371 8382 8383
3 8369 8379 8385
3 8368 8384 8379
3 8360 8385 8384
3 8379 8384 8385
3 8368 8377 8387
3 8365 8386 8377
3 8364 8387 8386
3 8377 8386 8387
3 8365 8375 8389
3 8359 8388 8375
3 8366 8389 8388
3 8375 8388 8389
3 8361 8390 8392
3 8367 8391 8390
3 8362 8392 8391
3 8390 8391 8392
3 8361 8392 8394
3 8362 8393 8392
3 8360 8394 8393
3 8392 8393 8394
3 8361 8394 8396
3 8360 8395 8394
3 8364 8396 8395
3 8394 8395 8396
3 8361 8396 8398
3 8364 8397 8396
3 8366 8398 8397
3 8396 8397 8398
3 8361 8398 8390
3 8366 8399 8398
3 8367 8390 8399
3 8398 8399 8390
3 8362 8391 8383
3 8367 8380 8391
3 8363 8383 8380
3 8391 8380 8383
3 8360 8393 8385
3 8362 8382 8393
3 8369 8385 8382
3 8393 8382 8385
3 8364 8395 8387
3 8360 8384 8395
3 8368 8387 8384
3 8395 8384 8387
3 8366 8397 8389
3 8364 8386 8397
3 8365 8389 8386
3 8397 8386 8389
3 8367 8399 8381
3 8366 8388 8399
3 8359 8381 8388
3 8399 8388 8381
3 8400 8412 8414
3 8411 8413 8412
3 8405 8414 8413
3 8412 8413 8414
3 8400 8414 8416
3 8405 8415 8414
3 8401 8416 8415
3 8414 8415 8416
3 8400 8416 8418
3 8401 8417 8416
3 8407 8418 8417
3 8416 8417 8418
3 8400 8418 8420
3 8407 8419 8418
3 8410 8420 8419
3 8418 8419 8420
3 8400 8420 8412
3 8410 8421 8420
3 8411 8412 8421
3 8420 8421 8412
3 8401 8415 8423
3 8405 8422 8415
3 8409 8423 8422
3 8415 8422 8423
3 8405 8413 8425
3 8411 8424 8413
3 8404 8425 8424
3 8413 8424 8425
3 8411 8421 8427
3 8410 8426 8421
3 8402 8427 8426
3 8421 8426 8427
3 8410 8419 8429
3 8407 8428 8419
3 8406 8429 8428
3 8419 8428 8429
3 8407 8417 8431
3 8401 8430 8417
3 8408 8431 8430
3 8417 8430 8431
3 8403 8432 8434
3 8409 8433 8432
3 8404 8434 8433
3 8432 8433 8434
3 8403 8434 8436
3 8404 8435 8434
3 8402 8436 8435
3 8434 8435 8436
3 8403 8436 8438
3 8402 8437 8436
3 8406 8438 8437
3 8436 8437 8438
3 8403 8438 8440
3 8406 8439 8438
3 8408 8440 8439
3 8438 8439 8440
3 8403 8440 8432
3 8408 8441 8440
3 8409 8432 8441
3 8440 8441 8432
3 8404 8433 8425
3 8409 8422 8433
3 8405 8425 8422
3 8433 8422 8425
3 8402 8435 8427
3 8404 8424 8435
3 8411 8427 8424
3 8435 8424 8427
3 8406 8437 8429
3 8402 8426 8437
3 8410 8429 8426
3 8437 8426 8429
3 8408 8439 8431
3 8406 8428 8439
3 8407 8431 8428
3 8439 8428 8431
3 8409 8441 8423
3 8408 8430 8441
3 8401 8423 8430
3 8441 8430 8423
3 8442 8454 8456
3 8453 8455 8454
3 8447 8456 8455
3 8454 8455 8456
3 8442 8456 8458
3 8447 8457 8456
3 8443 8458 8457
3 8456 8457 8458
3 8442 8458 8460
3 8443 8459 8458
3 8449 8460 8459
3 8458 8459 8460
3 8442 8460 8462
3 8449 8461 8460
3 8452 8462 8461
3 8460 8461 8462
3 8442 8462 8454
3 8452 8463 8462
3 8453 8454 8463
3 8462 8463 8454
3 8443 8457 8465
3 8447 8464 8457
3 8451 8465 8464
3 8457 8464 8465
3 8447 8455 8467
3 8453 8466 8455
3 8446 8467 8466
3 8455 8466 8467
3 8453 8463 8469
3 8452 8468 8463
3 8444 8469 8468
3 8463 8468 8469
3 8452 8461 8471
3 8449 8470 8461
3 8448 8471 8470
3 8461 8470 8471
3 8449 8459 8473
3 8443 8472 8459
3 8450 8473 8472
3 8459 8472 8473
3 8445 8474 8476
3 8451 8475 8474
3 8446 8476 8475
3 8474 8475 8476
3 8445 8476 8478
3 8446 8477 8476
3 8444 8478 8477
3 8476 8477 8478
3 8445 8478 8480
3 8444 8479 8478
3 8448 8480 8479
3 8478 8479 8480
3 8445 8480 8482
3 8448 8481 8480
3 8450 8482 8481
3 8480 8481 8482
3 8445 8482 8474
3 8450 8483 8482
3 8451 8474 8483
3 8482 8483 8474
3 8446 8475 8467
3 8451 8464 8475
3 8447 8467 8464
3 8475 8464 8467
3 8444 8477 8469
3 8446 8466 8477
3 8453 8469 8466
3 8477 8466 8469
3 8448 8479 8471
3 8444 8468 8479
3 8452 8471 8468
3 8479 8468 8471
3 8450 8481 8473
3 8448 8470 8481
3 8449 8473 8470
3 8481 8470 8473
3 8451 8483 8465
3 8450 8472 8483
3 8443 8465 8472
3 8483 8472 8465
3 8484 8496 8498
3 8495 8497 8496
3 8489 8498 8497
3 8496 8497 8498
3 8484 8498 8500
3 8489 8499 8498
3 8485 8500 8499
3 8498 8499 8500
3 8484 8500 8502
3 8485 8501 8500
3 8491 8502 8501
3 8500 8501 8502
3 8484 8502 8504
3 8491 8503 8502
3 8494 8504 8503
3 8502 8503 8504
3 8484 8504 8496
3 8494 8505 8504
3 8495 8496 8505
3 8504 8505 8496
3 8485 8499 8507
3 8489 8506 8499
3 8493 8507 8506
3 8499 8506 8507
3 8489 8497 8509
3 8495 8508 8497
3 8488 8509 8508
3 8497 8508 8509
3 8495 8505 8511
3 8494 8510 8505
3 8486 8511 8510
3 8505 8510 8511
3 8494 8503 8513
3 8491 8512 8503
3 8490 8513 8512
3 8503 8512 8513
3 8491 8501 8515
3 8485 8514 8501
3 8492 8515 8514
3 8501 8514 8515
3 8487 8516 8518
3 8493 8517 8516
3 8488 8518 8517
3 8516 8517 8518
3 8487 8518 8520
3 8488 8519 8518
3 8486 8520 8519
3 8518 8519 8520
3 8487 8520 8522
3 8486 8521 8520
3 8490 8522 8521
3 8520 8521 8522
3 8487 8522 8524
3 8490 8523 8522
3 8492 8524 8523
3 8522 8523 8524
3 8487 8524 8516
3 8492 8525 8524
3 8493 8516 8525
3 8524 8525 8516
3 8488 8517 8509
3 8493 8506 8517
3 8489 8509 8506
3 8517 8506 8509
3 8486 8519 8511
3 8488 8508 8519
3 8495 8511 8508
3 8519 8508 8511
3 8490 8521 8513
3 8486 8510 8521
3 8494 8513 8510
3 8521 8510 8513
3 8492 8523 8515
3 8490 8512 8523
3 8491 8515 8512
3 8523 8512 8515
3 8493 8525 8507
3 8492 8514 8525
3 8485 8507 8514
3 8525 8514 8507
3 8526 8538 8540
3 8537 8539 8538
3 8531 8540 8539
3 8538 8539 8540
3 8526 8540 8542
3 8531 8541 8540
3 8527 8542 8541
3 8540 8541 8542
3 8526 8542 8544
3 8527 8543 8542
3 8533 8544 8543
3 8542 8543 8544
3 8526 8544 8546
3 8533 8545 8544
3 8536 8546 8545
3 8544 8545 8546
3 8526 8546 8538
3 8536 8547 8546
3 8537 8538 8547
3 8546 8547 8538
3 8527 8541 8549
3 8531 8548 8541
3 8535 8549 8548
3 8541 8548 8549
3 8531 8539 8551
3 8537 8550 8539
3 8530 8551 8550
3 8539 8550 8551
3 8537 8547 8553
3 8536 8552 8547
3 8528 8553 8552
3 8547 8552 8553
3 8536 8545 8555
3 8533 8554 8545
3 8532 8555 8554
3 8545 8554 8555
3 8533 8543 8557
3 8527 8556 8543
3 8534 8557 8556
3 8543 8556 8557
3 8529 8558 8560
3 8535 8559 8558
3 8530 8560 8559
3 8558 8559 8560
3 8529 8560 8562
3 8530 8561 8560
3 8528 8562 8561
3 8560 8561 8562
3 8529 8562 8564
3 8528 8563 8562
3 8532 8564 8563
3 8562 8563 8564
3 8529 8564 8566
3 8532 8565 8564
3 8534 8566 8565
3 8564 8565 8566
3 8529 8566 8558
3 8534 8567 8566
3 8535 8558 8567
3 8566 8567 8558
3 8530 8559 8551
3 8535 8548 8559
3 8531 8551 8548
3 8559 8548 8551
3 8528 8561 8553
3 8530 8550 8561
3 8537 8553 8550
3 8561 8550 8553
3 8532 8563 8555
3 8528 8552 8563
3 8536 8555 8552
3 8563 8552 8555
3 8534 8565 8557
3 8532 8554 8565
3 8533 8557 8554
3 8565 8554 8557
3 8535 8567 8549
3 8534 8556 8567
3 8527 8549 8556
3 8567 8556 8549
3 8568 8580 8582
3 8579 8581 8580
3 8573 8582 8581
3 8580 8581 8582
3 8568 8582 8584
3 8573 8583 8582
3 8569 8584 8583
3 8582 8583 8584
3 8568 8584 8586
3 8569 8585 8584
3 8575 8586 8585
3 8584 8585 8586
3 8568 8586 8588
3 8575 8587 8586
3 8578 8588 8587
3 8586 8587 8588
3 8568 8588 8580
3 8578 8589 8588
3 8579 8580 8589
3 8588 8589 8580
3 8569 8583 8591
3 8573 8590 8583
3 8577 8591 8590
3 8583 8590 8591
3 8573 8581 8593
3 8579 8592 8581
3 8572 8593 8592
3 8581 8592 8593
3 8579 8589 8595
3 8578 8594 8589
3 8570 8595 8594
3 8589 8594 8595
3 8578 8587 8597
3 8575 8596 8587
3 8574 8597 8596
3 8587 8596 8597
3 8575 8585 8599
3 8569 8598 8585
3 8576 8599 8598
3 8585 8598 8599
3 8571 8600 8602
3 8577 8601 8600
3 8572 8602 8601
3 8600 8601 8602
3 8571 8602 8604
3 8572 8603 8602
3 8570 8604 8603
3 8602 8603 8604
3 8571 8604 8606
3 8570 8605 8604
3 8574 8606 8605
3 8604 8605 8606
3 8571 8606 8608
3 8574 8607 8606
3 8576 8608 8607
3 8606 8607 8608
3 8571 8608 8600
3 8576 8609 8608
3 8577 8600 8609
3 8608 8609 8600
3 8572 8601 8593
3 8577 8590 8601
3 8573 8593 8590
3 8601 8590 8593
3 8570 8603 8595
3 8572 8592 8603
3 8579 8595 8592
3 8603 8592 8595
3 8574 8605 8597
3 8570 8594 8605
3 8578 8597 8594
3 8605 8594 8597
3 8576 8607 8599
3 8574 8596 8607
3 8575 8599 8596
3 8607 8596 8599
3 8577 8609 8591
3 8576 8598 8609
3 8569 8591 8598
3 8609 8598 8591
3 8610 8622 8624
3 8621 8623 8622
3 8615 8624 8623
3 8622 8623 8624
3 8610 8624 8626
3 8615 8625 8624
3 8611 8626 8625
3 8624 8625 8626
3 8610 8626 8628
3 8611 8627 8626
3 8617 8628 8627
3 8626 8627 8628
3 8610 8628 8630
3 8617 8629 8628
3 8620 8630 8629
3 8628 8629 8630
3 8610 8630 8622
3 8620 8631 8630
3 8621 8622 8631
3 8630 8631 8622
3 8611 8625 8633
3 8615 8632 8625
3 8619 8633 8632
3 8625 8632 8633
3 8615 8623 8635
3 8621 8634 8623
3 8614 8635 8634
3 8623 8634 8635
3 8621 8631 8637
3 8620 8636 8631
3 8612 8637 8636
3 8631 8636 8637
3 8620 8629 8639
3 8617 8638 8629
3 8616 8639 8638
3 8629 8638 8639
3 8617 8627 8641
3 8611 8640 8627
3 8618 8641 8640
3 8627 8640 8641
3 8613 8642 8644
3 8619 8643 8642
3 8614 8644 8643
3 8642 8643 8644
3 8613 8644 8646
3 8614 8645 8644
3 8612 8646 8645
3 8644 8645 8646
3 8613 8646 8648
3 8612 8647 8646
3 8616 8648 8647
3 8646 8647 8648
3 8613 8648 8650
3 8616 8649 8648
3 8618 8650 8649
3 8648 8649 8650
3 8613 8650 8642
3 8618 8651 8650
3 8619 8642 8651
3 8650 8651 8642
3 8614 8643 8635
3 8619 8632 8643
3 8615 8635 8632
3 8643 8632 8635
3 8612 8645 8637
3 8614 8634 8645
3 8621 8637 8634
3 8645 8634 8637
3 8616 8647 8639
3 8612 8636 8647
3 8620 8639 8636
3 8647 8636 8639
3 8618 8649 8641
3 8616 8638 8649
3 8617 8641 8638
3 8649 8638 8641
3 8619 8651 8633
3 8618 8640 8651
3 8611 8633 8640
3 8651 8640 8633
3 8652 8664 8666
3 8663 8665 8664
3 8657 8666 8665
3 8664 8665 8666
3 8652 8666 8668
3 8657 8667 8666
3 8653 8668 8667
3 8666 8667 8668
3 8652 8668 8670
3 8653 8669 8668
3 8659 8670 8669
3 8668 8669 8670
3 8652 8670 8672
3 8659 8671 8670
3 8662 8672 8671
3 8670 8671 8672
3 8652 8672 8664
3 8662 8673 8672
3 8663 8664 8673
3 8672 8673 8664
3 8653 8667 8675
3 8657 8674 8667
3 8661 8675 8674
3 8667 8674 8675
3 8657 8665 8677
3 8663 8676 8665
3 8656 8677 8676
3 8665 8676 8677
3 8663 8673 8679
3 8662 8678 8673
3 8654 8679 8678
3 8673 8678 8679
3 8662 8671 8681
3 8659 8680 8671
3 8658 8681 8680
3 8671 8680 8681
3 8659 8669 8683
3 8653 8682 8669
3 8660 8683 8682
3 8669 8682 8683
3 8655 8684 8686
3 8661 8685 8684
3 8656 8686 8685
3 8684 8685 8686
3 8655 8686 8688
3 8656 8687 8686
3 8654 8688 8687
3 8686 8687 8688
3 8655 8688 8690
3 8654 8689 8688
3 8658 8690 8689
3 8688 8689 8690
3 8655 8690 8692
3 8658 8691 8690
3 8660 8692 8691
3 8690 8691 8692
3 8655 8692 8684
3 8660 8693 8692
3 8661 8684 8693
3 8692 8693 8684
3 8656 8685 8677
3 8661 8674 8685
3 8657 8677 8674
3 8685 8674 8677
3 8654 8687 8679
3 8656 8676 8687
3 8663 8679 8676
3 8687 8676 8679
3 8658 8689 8681
3 8654 8678 8689
3 8662 8681 8678
3 8689 8678 8681
3 8660 8691 8683
3 8658 8680 8691
3 8659 8683 8680
3 8691 8680 8683
3 8661 8693 8675
3 8660 8682 8693
3 8653 8675 8682
3 8693 8682 8675
3 8694 8706 8708
3 8705 8707 8706
3 8699 8708 8707
3 8706 8707 8708
3 8694 8708 8710
3 8699 8709 8708
3 8695 8710 8709
3 8708 8709 8710
3 8694 8710 8712
3 8695 8711 8710
3 8701 8712 8711
3 8710 8711 8712
3 8694 8712 8714
3 8701 8713 8712
3 8704 8714 8713
3 8712 8713 8714
3 8694 8714 8706
3 8704 8715 8714
3 8705 8706 8715
3 8714 8715 8706
3 8695 8709 8717
3 8699 8716 8709
3 8703 8717 8716
3 8709 8716 8717
3 8699 8707 8719
3 8705 8718 8707
3 8698 8719 8718
3 8707 8718 8719
3 8705 8715 8721
3 8704 8720 8715
3 8696 8721 8720
3 8715 8720 8721
3 8704 8713 8723
3 8701 8722 8713
3 8700 8723 8722
3 8713 8722 8723
3 8701 8711 8725
3 8695 8724 8711
3 8702 8725 8724
3 8711 8724 8725
3 8697 8726 8728
3 8703 8727 8726
3 8698 8728 8727
3 8726 8727 8728
3 8697 8728 8730
3 8698 8729 8728
3 8696 8730 8729
3 8728 8729 8730
3 8697 8730 8732
3 8696 8731 8730
3 8700 8732 8731
3 8730 8731 8732
3 8697 8732 8734
3 8700 8733 8732
3 8702 8734 8733
3 8732 8733 8734
3 8697 8734 8726
3 8702 8735 8734
3 8703 8726 8735
3 8734 8735 8726
3 8698 8727 8719
3 8703 8716 8727
3 8699 8719 8716
3 8727 8716 8719
3 8696 8729 8721
3 8698 8718 8729
3 8705 8721 8718
3 8729 8718 8721
3 8700 8731 8723
3 8696 8720 8731
3 8704 8723 8720
3 8731 8720 8723
3 8702 8733 8725
3 8700 8722 8733
3 8701 8725 8722
3 8733 8722 8725
3 8703 8735 8717
3 8702 8724 8735
3 8695 8717 8724
3 8735 8724 8717
3 8736 8748 8750
3 8747 8749 8748
3 8741 8750 8749
3 8748 8749 8750
3 8736 8750 8752
3 8741 8751 8750
3 8737 8752 8751
3 8750 8751 8752
3 8736 8752 8754
3 8737 8753 8752
3 8743 8754 8753
3 8752 8753 8754
3 8736 8754 8756
3 8743 8755 8754
3 8746 8756 8755
3 8754 8755 8756
3 8736 8756 8748
3 8746 8757 8756
3 8747 8748 8757
3 8756 8757 8748
3 8737 8751 8759
3 8741 8758 8751
3 8745 8759 8758
3 8751 8758 8759
3 8741 8749 8761
3 8747 8760 8749
3 8740 8761 8760
3 8749 8760 8761
3 8747 8757 8763
3 8746 8762 8757
3 8738 8763 8762
3 8757 8762 8763
3 8746 8755 8765
3 8743 8764 8755
3 8742 8765 8764
3 8755 8764 8765
3 8743 8753 8767
3 8737 8766 8753
3 8744 8767 8766
3 8753 8766 8767
3 8739 8768 8770
3 8745 8769 8768
3 8740 8770 8769
3 8768 8769 8770
3 8739 8770 8772
3 8740 8771 8770
3 8738 8772 8771
3 8770 8771 8772
3 8739 8772 8774
3 8738 8773 8772
3 8742 8774 8773
3 8772 8773 8774
3 8739 8774 8776
3 8742 8775 8774
3 8744 8776 8775
3 8774 8775 8776
3 8739 8776 8768
3 8744 8777 8776
3 8745 8768 8777
3 8776 8777 8768
3 8740 8769 8761
3 8745 8758 8769
3 8741 8761 8758
3 8769 8758 8761
3 8738 8771 8763
3 8740 8760 8771
3 8747 8763 8760
3 8771 8760 8763
3 8742 8773 8765
3 8738 8762 8773
3 8746 8765 8762
3 8773 8762 8765
3 8744 8775 8767
3 8742 8764 8775
3 8743 8767 8764
3 8775 8764 8767
3 8745 8777 8759
3 8744 8766 8777
3 8737 8759 8766
3 8777 8766 8759
3 8778 8790 8792
3 8789 8791 8790
3 8783 8792 8791
3 8790 8791 8792
3 8778 8792 8794
3 8783 8793 8792
3 8779 8794 8793
3 8792 8793 8794
3 8778 8794 8796
3 8779 8795 8794
3 8785 8796 8795
3 8794 8795 8796
3 8778 8796 8798
3 8785 8797 8796
3 8788 8798 8797
3 8796 8797 8798
3 8778 8798 8790
3 8788 8799 8798
3 8789 8790 8799
3 8798 8799 8790
3 8779 8793 8801
3 8783 8800 8793
3 8787 8801 8800
3 8793 8800 8801
3 8783 8791 8803
3 8789 8802 8791
3 8782 8803 8802
3 8791 8802 8803
3 8789 8799 8805
3 8788 8804 8799
3 8780 8805 8804
3 8799 8804 8805
3 8788 8797 8807
3 8785 8806 8797
3 8784 8807 8806
3 8797 8806 8807
3 8785 8795 8809
3 8779 8808 8795
3 8786 8809 8808
3 8795 8808 8809
3 8781 8810 8812
3 8787 8811 8810
3 8782 8812 8811
3 8810 8811 8812
3 8781 8812 8814
3 8782 8813 8812
3 8780 8814 8813
3 8812 8813 8814
3 8781 8814 8816
3 8780 8815 8814
3 8784 8816 8815
3 8814 8815 8816
3 8781 8816 8818
3 8784 8817 8816
3 8786 8818 8817
3 8816 8817 8818
3 8781 8818 8810
3 8786 8819 8818
3 8787 8810 8819
3 8818 8819 8810
3 8782 8811 8803
3 8787 8800 8811
3 8783 8803 8800
3 8811 8800 8803
3 8780 8813 8805
3 8782 8802 8813
3 8789 8805 8802
3 8813 8802 8805
3 8784 8815 8807
3 8780 8804 8815
3 8788 8807 8804
3 8815 8804 8807
3 8786 8817 8809
3 8784 8806 8817
3 8785 8809 8806
3 8817 8806 8809
3 8787 8819 8801
3 8786 8808 8819
3 8779 8801 8808
3 8819 8808 8801
3 8820 8832 8834
3 8831 8833 8832
3 8825 8834 8833
3 8832 8833 8834
3 8820 8834 8836
3 8825 8835 8834
3 8821 8836 8835
3 8834 8835 8836
3 8820 8836 8838
3 8821 8837 8836
3 8827 8838 8837
3 8836 8837 8838
3 8820 8838 8840
3 8827 8839 8838
3 8830 8840 8839
3 8838 8839 8840
3 8820 8840 8832
3 8830 8841 8840
3 8831 8832 8841
3 8840 8841 8832
3 8821 8835 8843
3 8825 8842 8835
3 8829 8843 8842
3 8835 8842 8843
3 8825 8833 8845
3 8831 8844 8833
3 8824 8845 8844
3 8833 8844 8845
3 8831 8841 8847
3 8830 8846 8841
3 8822 8847 8846
3 8841 8846 8847
3 8830 8839 8849
3 8827 8848 8839
3 8826 8849 8848
3 8839 8848 8849
3 8827 8837 8851
3 8821 8850 8837
3 8828 8851 8850
3 8837 8850 8851
3 8823 8852 8854
3 8829 8853 8852
3 8824 8854 8853
3 8852 8853 8854
3 8823 8854 8856
3 8824 8855 8854
3 8822 8856 8855
3 8854 8855 8856
3 8823 8856 8858
3 8822 8857 8856
3 8826 8858 8857
3 8856 8857 8858
3 8823 8858 8860
3 8826 8859 8858
3 8828 8860 8859
3 8858 8859 8860
3 8823 8860 8852
3 8828 8861 8860
3 8829 8852 8861
3 8860 8861 8852
3 8824 8853 8845
3 8829 8842 8853
3 8825 8845 8842
3 8853 8842 8845
3 8822 8855 8847
3 8824 8844 8855
3 8831 8847 8844
3 8855 8844 8847
3 8826 8857 8849
3 8822 8846 8857
3 8830 8849 8846
3 8857 8846 8849
3 8828 8859 8851
3 8826 8848 8859
3 8827 8851 8848
3 8859 8848 8851
3 8829 8861 8843
3 8828 8850 8861
3 8821 8843 8850
3 8861 8850 8843
3 8862 8874 8876
3 8873 8875 8874
3 8867 8876 8875
3 8874 8875 8876
3 8862 8876 8878
3 8867 8877 8876
3 8863 8878 8877
3 8876 8877 8878
3 8862 8878 8880
3 8863 8879 8878
3 8869 8880 8879
3 8878 8879 8880
3 8862 8880 8882
3 8869 8881 8880
3 8872 8882 8881
3 8880 8881 8882
3 8862 8882 8874
3 8872 8883 8882
3 8873 8874 8883
3 8882 8883 8874
3 8863 8877 8885
3 8867 8884 8877
3 8871 8885 8884
3 8877 8884 8885
3 8867 8875 8887
3 8873 8886 8875
3 8866 8887 8886
3 8875 8886 8887
3 8873 8883 8889
3 8872 8888 8883
3 8864 8889 8888
3 8883 8888 8889
3 8872 8881 8891
3 8869 8890 8881
3 8868 8891 8890
3 8881 8890 8891
3 8869 8879 8893
3 8863 8892 8879
3 8870 8893 8892
3 8879 8892 8893
3 8865 8894 8896
3 8871 8895 8894
3 8866 8896 8895
3 8894 8895 8896
3 8865 8896 8898
3 8866 8897 8896
3 8864 8898 8897
3 8896 8897 8898
3 8865 8898 8900
3 8864 8899 8898
3 8868 8900 8899
3 8898 8899 8900
3 8865 8900 8902
3 8868 8901 8900
3 8870 8902 8901
3 8900 8901 8902
3 8865 8902 8894
3 8870 8903 8902
3 8871 8894 8903
3 8902 8903 8894
3 8866 8895 8887
3 8871 8884 8895
3 8867 8887 8884
3 8895 8884 8887
3 8864 8897 8889
3 8866 8886 8897
3 8873 8889 8886
3 8897 8886 8889
3 8868 8899 8891
3 8864 8888 8899
3 8872 8891 8888
3 8899 8888 8891
3 8870 8901 8893
3 8868 8890 8901
3 8869 8893 8890
3 8901 8890 8893
3 8871 8903 8885
3 8870 8892 8903
3 8863 8885 8892
3 8903 8892 8885
3 8904 8916 8918
3 8915 8917 8916
3 8909 8918 8917
3 8916 8917 8918
3 8904 8918 8920
3 8909 8919 8918
3 8905 8920 8919
3 8918 8919 8920
3 8904 8920 8922
3 8905 8921 8920
3 8911 8922 8921
3 8920 8921 8922
3 8904 8922 8924
3 8911 8923 8922
3 8914 8924 8923
3 8922 8923 8924
3 8904 8924 8916
3 8914 8925 8924
3 8915 8916 8925
3 8924 8925 8916
3 8905 8919 8927
3 8909 8926 8919
3 8913 8927 8926
3 8919 8926 8927
3 8909 8917 8929
3 8915 8928 8917
3 8908 8929 8928
3 8917 8928 8929
3 8915 8925 8931
3 8914 8930 8925
3 8906 8931 8930
3 8925 8930 8931
3 8914 8923 8933
3 8911 8932 8923
3 8910 8933 8932
3 8923 8932 8933
3 8911 8921 8935
3 8905 8934 8921
3 8912 8935 8934
3 8921 8934 8935
3 8907 8936 8938
3 8913 8937 8936
3 8908 8938 8937
3 8936 8937 8938
3 8907 8938 8940
3 8908 8939 8938
3 8906 8940 8939
3 8938 8939 8940
3 8907 8940 8942
3 8906 8941 8940
3 8910 8942 8941
3 8940 8941 8942
3 8907 8942 8944
3 8910 8943 8942
3 8912 8944 8943
3 8942 8943 8944
3 8907 8944 8936
3 8912 8945 8944
3 8913 8936 8945
3 8944 8945 8936
3 8908 8937 8929
3 8913 8926 8937
3 8909 8929 8926
3 8937 8926 8929
3 8906 8939 8931
3 8908 8928 8939
3 8915 8931 8928
3 8939 8928 8931
3 8910 8941 8933
3 8906 8930 8941
3 8914 8933 8930
3 8941 8930 8933
3 8912 8943 8935
3 8910 8932 8943
3 8911 8935 8932
3 8943 8932 8935
3 8913 8945 8927
3 8912 8934 8945
3 8905 8927 8934
3 8945 8934 8927
3 8946 8958 8960
3 8957 8959 8958
3 8951 8960 8959
3 8958 8959 8960
3 8946 8960 8962
3 8951 8961 8960
3 8947 8962 8961
3 8960 8961 8962
3 8946 8962 8964
3 8947 8963 8962
3 8953 8964 8963
3 8962 8963 8964
3 8946 8964 8966
3 8953 8965 8964
3 8956 8966 8965
3 8964 8965 8966
3 8946 8966 8958
3 8956 8967 8966
3 8957 8958 8967
3 8966 8967 8958
3 8947 8961 8969
3 8951 8968 8961
3 8955 8969 8968
3 8961 8968 8969
3 8951 8959 8971
3 8957 8970 8959
3 8950 8971 8970
3 8959 8970 8971
3 8957 8967 8973
3 8956 8972 8967
3 8948 8973 8972
3 8967 8972 8973
3 8956 8965 8975
3 8953 8974 8965
3 8952 8975 8974
3 8965 8974 8975
3 8953 8963 8977
3 8947 8976 8963
3 8954 8977 8976
3 8963 8976 8977
3 8949 8978 8980
3 8955 8979 8978
3 8950 8980 8979
3 8978 8979 8980
3 8949 8980 8982
3 8950 8981 8980
3 8948 8982 8981
3 8980 8981 8982
3 8949 8982 8984
3 8948 8983 8982
3 8952 8984 8983
3 8982 8983 8984
3 8949 8984 8986
3 8952 8985 8984
3 8954 8986 8985
3 8984 8985 8986
3 8949 8986 8978
3 8954 8987 8986
3 8955 8978 8987
3 8986 8987 8978
3 8950 8979 8971
3 8955 8968 8979
3 8951 8971 8968
3 8979 8968 8971
3 8948 8981 8973
3 8950 8970 8981
3 8957 8973 8970
3 8981 8970 8973
3 8952 8983 8975
3 8948 8972 8983
3 8956 8975 8972
3 8983 8972 8975
3 8954 8985 8977
3 8952 8974 8985
3 8953 8977 8974
3 8985 8974 8977
3 8955 8987 8969
3 8954 8976 8987
3 8947 8969 8976
3 8987 8976 8969
3 8988 9000 9002
3 8999 9001 9000
3 8993 9002 9001
3 9000 9001 9002
3 8988 9002 9004
3 8993 9003 9002
3 8989 9004 9003
3 9002 9003 9004
3 8988 9004 9006
3 8989 9005 9004
3 8995 9006 9005
3 9004 9005 9006
3 8988 9006 9008
3 8995 9007 9006
3 8998 9008 9007
3 9006 9007 9008
3 8988 9008 9000
3 8998 9009 9008
3 8999 9000 9009
3 9008 9009 9000
3 8989 9003 9011
3 8993 9010 9003
3 8997 9011 9010
3 9003 9010 9011
3 8993 9001 9013
3 8999 9012 9001
3 8992 9013 9012
3 9001 9012 9013
3 8999 9009 9015
3 8998 9014 9009
3 8990 9015 9014
3 9009 9014 9015
3 8998 9007 9017
3 8995 9016 9007
3 8994 9017 9016
3 9007 9016 9017
3 8995 9005 9019
3 8989 9018 9005
3 8996 9019 9018
3 9005 9018 9019
3 8991 9020 9022
3 8997 9021 9020
3 8992 9022 9021
3 9020 9021 9022
3 8991 9022 9024
3 8992 9023 9022
3 8990 9024 9023
3 9022 9023 9024
3 8991 9024 9026
3 8990 9025 9024
3 8994 9026 9025
3 9024 9025 9026
3 8991 9026 9028
3 8994 9027 9026
3 8996 9028 9027
3 9026 9027 9028
3 8991 9028 9020
3 8996 9029 9028
3 8997 9020 9029
3 9028 9029 9020
3 8992 9021 9013
3 8997 9010 9021
3 8993 9013 9010
3 9021 9010 9013
3 8990 9023 9015
3 8992 9012 9023
3 8999 9015 9012
3 9023 9012 9015
3 8994 9025 9017
3 8990 9014 9025
3 8998 9017 9014
3 9025 9014 9017
3 8996 9027 9019
3 8994 9016 9027
3 8995 9019 9016
3 9027 9016 9019
3 8997 9029 9011
3 8996 9018 9029
3 8989 9011 9018
3 9029 9018 9011
3 9030 9042 9044
3 9041 9043 9042
3 9035 9044 9043
3 9042 9043 9044
3 9030 9044 9046
3 9035 9045 9044
3 9031 9046 9045
3 9044 9045 9046
3 9030 9046 9048
3 9031 9047 9046
3 9037 9048 9047
3 9046 9047 9048
3 9030 9048 9050
3 9037 9049 9048
3 9040 9050 9049
3 9048 9049 9050
3 9030 9050 9042
3 9040 9051 9050
3 9041 9042 9051
3 9050 9051 9042
3 9031 9045 9053
3 9035 9052 9045
3 9039 9053 9052
3 9045 9052 9053
3 9035 9043 9055
3 9041 9054 9043
3 9034 9055 9054
3 9043 9054 9055
3 9041 9051 9057
3 9040 9056 9051
3 9032 9057 9056
3 9051 9056 9057
3 9040 9049 9059
3 9037 9058 9049
3 9036 9059 9058
3 9049 9058 9059
3 9037 9047 9061
3 9031 9060 9047
3 9038 9061 9060
3 9047 9060 9061
3 9033 9062 9064
3 9039 9063 9062
3 9034 9064 9063
3 9062 9063 9064
3 9033 9064 9066
3 9034 9065 9064
3 9032 9066 9065
3 9064 9065 9066
3 9033 9066 9068
3 9032 9067 9066
3 9036 9068 9067
3 9066 9067 9068
3 9033 9068 9070
3 9036 9069 9068
3 9038 9070 9069
3 9068 9069 9070
3 9033 9070 9062
3 9038 9071 9070
3 9039 9062 9071
3 9070 9071 9062
3 9034 9063 9055
3 9039 9052 9063
3 9035 9055 9052
3 9063 9052 9055
3 9032 9065 9057
3 9034 9054 9065
3 9041 9057 9054
3 9065 9054 9057
3 9036 9067 9059
3 9032 9056 9067
3 9040 9059 9056
3 9067 9056 9059
3 9038 9069 9061
3 9036 9058 9069
3 9037 9061 9058
3 9069 9058 9061
3 9039 9071 9053
3 9038 9060 9071
3 9031 9053 9060
3 9071 9060 9053
3 9072 9084 9086
3 9083 9085 9084
3 9077 9086 9085
3 9084 9085 9086
3 9072 9086 9088
3 9077 9087 9086
3 9073 9088 9087
3 9086 9087 9088
3 9072 9088 9090
3 9073 9089 9088
3 9079 9090 9089
3 9088 9089 9090
3 9072 9090 9092
3 9079 9091 9090
3 9082 9092 9091
3 9090 9091 9092
3 9072 9092 9084
3 9082 9093 9092
3 9083 9084 9093
3 9092 9093 9084
3 9073 9087 9095
3 9077 9094 9087
3 9081 9095 9094
3 9087 9094 9095
3 9077 9085 9097
3 9083 9096 9085
3 9076 9097 9096
3 9085 9096 9097
3 9083 9093 9099
3 9082 9098 9093
3 9074 9099 9098
3 9093 9098 9099
3 9082 9091 9101
3 9079 9100 9091
3 9078 9101 9100
3 9091 9100 9101
3 9079 9089 9103
3 9073 9102 9089
3 9080 9103 9102
3 9089 9102 9103
3 9075 9104 9106
3 9081 9105 9104
3 9076 9106 9105
3 9104 9105 9106
3 9075 9106 9108
3 9076 9107 9106
3 9074 9108 9107
3 9106 9107 9108
3 9075 9108 9110
3 9074 9109 9108
3 9078 9110 9109
3 9108 9109 9110
3 9075 9110 9112
3 9078 9111 9110
3 9080 9112 9111
3 9110 9111 9112
3 9075 9112 9104
3 9080 9113 9112
3 9081 9104 9113
3 9112 9113 9104
3 9076 9105 9097
3 9081 9094 9105
3 9077 9097 9094
3 9105 9094 9097
3 9074 9107 9099
3 9076 9096 9107
3 9083 9099 9096
3 9107 9096 9099
3 9078 9109 9101
3 9074 9098 9109
3 9082 9101 9098
3 9109 9098 9101
3 9080 9111 9103
3 9078 9100 9111
3 9079 9103 9100
3 9111 9100 9103
3 9081 9113 9095
3 9080 9102 9113
3 9073 9095 9102
3 9113 9102 9095
3 9114 9126 9128
3 9125 9127 9126
3 9119 9128 9127
3 9126 9127 9128
3 9114 9128 9130
3 9119 9129 9128
3 9115 9130 9129
3 9128 9129 9130
3 9114 9130 9132
3 9115 9131 9130
3 9121 9132 9131
3 9130 9131 9132
3 9114 9132 9134
3 9121 9133 9132
3 9124 9134 9133
3 9132 9133 9134
3 9114 9134 9126
3 9124 9135 9134
3 9125 9126 9135
3 9134 9135 9126
3 9115 9129 9137
3 9119 9136 9129
3 9123 9137 9136
3 9129 9136 9137
3 9119 9127 9139
3 9125 9138 9127
3 9118 9139 9138
3 9127 9138 9139
3 9125 9135 9141
3 9124 9140 9135
3 9116 9141 9140
3 9135 9140 9141
3 9124 9133 9143
3 9121 9142 9133
3 9120 9143 9142
3 9133 9142 9143
3 9121 9131 9145
3 9115 9144 9131
3 9122 9145 9144
3 9131 9144 9145
3 9117 9146 9148
3 9123 9147 9146
3 9118 9148 9147
3 9146 9147 9148
3 9117 9148 9150
3 9118 9149 9148
3 9116 9150 9149
3 9148 9149 9150
3 9117 9150 9152
3 9116 9151 9150
3 9120 9152 9151
3 9150 9151 9152
3 9117 9152 9154
3 9120 9153 9152
3 9122 9154 9153
3 9152 9153 9154
3 9117 9154 9146
3 9122 9155 9154
3 9123 9146 9155
3 9154 9155 9146
3 9118 9147 9139
3 9123 9136 9147
3 9119 9139 9136
3 9147 9136 9139
3 9116 9149 9141
3 9118 9138 9149
3 9125 9141 9138
3 9149 9138 9141
3 9120 9151 9143
3 9116 9140 9151
3 9124 9143 9140
3 9151 9140 9143
3 9122 9153 9145
3 9120 9142 9153
3 9121 9145 9142
3 9153 9142 9145
3 9123 9155 9137
3 9122 9144 9155
3 9115 9137 9144
3 9155 9144 9137
3 9156 9168 9170
3 9167 9169 9168
3 9161 9170 9169
3 9168 9169 9170
3 9156 9170 9172
3 9161 9171 9170
3 9157 9172 9171
3 9170 9171 9172
3 9156 9172 9174
3 9157 9173 9172
3 9163 9174 9173
3 9172 9173 9174
3 9156 9174 9176
3 9163 9175 9174
3 9166 9176 9175
3 9174 9175 9176
3 9156 9176 9168
3 9166 9177 9176
3 9167 9168 9177
3 9176 9177 9168
3 9157 9171 9179
3 9161 9178 9171
3 9165 9179 9178
3 9171 9178 9179
3 9161 9169 9181
3 9167 9180 9169
3 9160 9181 9180
3 9169 9180 9181
3 9167 9177 9183
3 9166 9182 9177
3 9158 9183 9182
3 9177 9182 9183
3 9166 9175 9185
3 9163 9184 9175
3 9162 9185 9184
3 9175 9184 9185
3 9163 9173 9187
3 9157 9186 9173
3 9164 9187 9186
3 9173 9186 9187
3 9159 9188 9190
3 9165 9189 9188
3 9160 9190 9189
3 9188 9189 9190
3 9159 9190 9192
3 9160 9191 9190
3 9158 9192 9191
3 9190 9191 9192
3 9159 9192 9194
3 9158 9193 9192
3 9162 9194 9193
3 9192 9193 9194
3 9159 9194 9196
3 9162 9195 9194
3 9164 9196 9195
3 9194 9195 9196
3 9159 9196 9188
3 9164 9197 9196
3 9165 9188 9197
3 9196 9197 9188
3 9160 9189 9181
3 9165 9178 9189
3 9161 9181 9178
3 9189 9178 9181
3 9158 9191 9183
3 9160 9180 9191
3 9167 9183 9180
3 9191 9180 9183
3 9162 9193 9185
3 9158 9182 9193
3 9166 9185 9182
3 9193 9182 9185
3 9164 9195 9187
3 9162 9184 9195
3 9163 9187 9184
3 9195 9184 9187
3 9165 9197 9179
3 9164 9186 9197
3 9157 9179 9186
3 9197 9186 9179
3 9198 9210 9212
3 9209 9211 9210
3 9203 9212 9211
3 9210 9211 9212
3 9198 9212 9214
3 9203 9213 9212
3 9199 9214 9213
3 9212 9213 9214
3 9198 9214 9216
3 9199 9215 9214
3 9205 9216 9215
3 9214 9215 9216
3 9198 9216 9218
3 9205 9217 9216
3 9208 9218 9217
3 9216 9217 9218
3 9198 9218 9210
3 9208 9219 9218
3 9209 9210 9219
3 9218 9219 9210
3 9199 9213 9221
3 9203 9220 9213
3 9207 9221 9220
3 9213 9220 9221
3 9203 9211 9223
3 9209 9222 9211
3 9202 9223 9222
3 9211 9222 9223
3 9209 9219 9225
3 9208 9224 9219
3 9200 9225 9224
3 9219 9224 9225
3 9208 9217 9227
3 9205 9226 9217
3 9204 9227 9226
3 9217 9226 9227
3 9205 9215 9229
3 9199 9228 9215
3 9206 9229 9228
3 9215 9228 9229
3 9201 9230 9232
3 9207 9231 9230
3 9202 9232 9231
3 9230 9231 9232
3 9201 9232 9234
3 9202 9233 9232
3 9200 9234 9233
3 9232 9233 9234
3 9201 9234 9236
3 9200 9235 9234
3 9204 9236 9235
3 9234 9235 9236
3 9201 9236 9238
3 9204 9237 9236
3 9206 9238 9237
3 9236 9237 9238
3 9201 9238 9230
3 9206 9239 9238
3 9207 9230 9239
3 9238 9239 9230
3 9202 9231 9223
3 9207 9220 9231
3 9203 9223 9220
3 9231 9220 9223
3 9200 9233 9225
3 9202 9222 9233
3 9209 9225 9222
3 9233 9222 9225
3 9204 9235 9227
3 9200 9224 9235
3 9208 9227 9224
3 9235 9224 9227
3 9206 9237 9229
3 9204 9226 9237
3 9205 9229 9226
3 9237 9226 9229
3 9207 9239 9221
3 9206 9228 9239
3 9199 9221 9228
3 9239 9228 9221
3 9240 9252 9254
3 9251 9253 9252
3 9245 9254 9253
3 9252 9253 9254
3 9240 9254 9256
3 9245 9255 9254
3 9241 9256 9255
3 9254 9255 9256
3 9240 9256 9258
3 9241 9257 9256
3 9247 9258 9257
3 9256 9257 9258
3 9240 9258 9260
3 9247 9259 9258
3 9250 9260 9259
3 9258 9259 9260
3 9240 9260 9252
3 9250 9261 9260
3 9251 9252 9261
3 9260 9261 9252
3 9241 9255 9263
3 9245 9262 9255
3 9249 9263 9262
3 9255 9262 9263
3 9245 9253 9265
3 9251 9264 9253
3 9244 9265 9264
3 9253 9264 9265
3 9251 9261 9267
3 9250 9266 9261
3 9242 9267 9266
3 9261 9266 9267
3 9250 9259 9269
3 9247 9268 9259
3 9246 9269 9268
3 9259 9268 9269
3 9247 9257 9271
3 9241 9270 9257
3 9248 9271 9270
3 9257 9270 9271
3 9243 9272 9274
3 9249 9273 9272
3 9244 9274 9273
3 9272 9273 9274
3 9243 9274 9276
3 9244 9275 9274
3 9242 9276 9275
3 9274 9275 9276
3 9243 9276 9278
3 9242 9277 9276
3 9246 9278 9277
3 9276 9277 9278
3 9243 9278 9280
3 9246 9279 9278
3 9248 9280 9279
3 9278 9279 9280
3 9243 9280 9272
3 9248 9281 9280
3 9249 9272 9281
3 9280 9281 9272
3 9244 9273 9265
3 9249 9262 9273
3 9245 9265 9262
3 9273 9262 9265
3 9242 9275 9267
3 9244 9264 9275
3 9251 9267 9264
3 9275 9264 9267
3 9246 9277 9269
3 9242 9266 9277
3 9250 9269 9266
3 9277 9266 9269
3 9248 9279 9271
3 9246 9268 9279
3 9247 9271 9268
3 9279 9268 9271
3 9249 9281 9263
3 9248 9270 9281
3 9241 9263 9270
3 9281 9270 9263
3 9282 9294 9296
3 9293 9295 9294
3 9287 9296 9295
3 9294 9295 9296
3 9282 9296 9298
3 9287 9297 9296
3 9283 9298 9297
3 9296 9297 9298
3 9282 9298 9300
3 9283 9299 9298
3 9289 9300 9299
3 9298 9299 9300
3 9282 9300 9302
3 9289 9301 9300
3 9292 9302 9301
3 9300 9301 9302
3 9282 9302 9294
3 9292 9303 9302
3 9293 9294 9303
3 9302 9303 9294
3 9283 9297 9305
3 9287 9304 9297
3 9291 9305 9304
3 9297 9304 9305
3 9287 9295 9307
3 9293 9306 9295
3 9286 9307 9306
3 9295 9306 9307
3 9293 9303 9309
3 9292 9308 9303
3 9284 9309 9308
3 9303 9308 9309
3 9292 9301 9311
3 9289 9310 9301
3 9288 9311 9310
3 9301 9310 9311
3 9289 9299 9313
3 9283 9312 9299
3 9290 9313 9312
3 9299 9312 9313
3 9285 9314 9316
3 9291 9315 9314
3 9286 9316 9315
3 9314 9315 9316
3 9285 9316 9318
3 9286 9317 9316
3 9284 9318 9317
3 9316 9317 9318
3 9285 9318 9320
3 9284 9319 9318
3 9288 9320 9319
3 9318 9319 9320
3 9285 9320 9322
3 9288 9321 9320
3 9290 9322 9321
3 9320 9321 9322
3 9285 9322 9314
3 9290 9323 9322
3 9291 9314 9323
3 9322 9323 9314
3 9286 9315 9307
3 9291 9304 9315
3 9287 9307 9304
3 9315 9304 9307
3 9284 9317 9309
3 9286 9306 9317
3 9293 9309 9306
3 9317 9306 9309
3 9288 9319 9311
3 9284 9308 9319
3 9292 9311 9308
3 9319 9308 9311
3 9290 9321 9313
3 9288 9310 9321
3 9289 9313 9310
3 9321 9310 9313
3 9291 9323 9305
3 9290 9312 9323
3 9283 9305 9312
3 9323 9312 9305
3 9324 9336 9338
3 9335 9337 9336
3 9329 9338 9337
3 9336 9337 9338
3 9324 9338 9340
3 9329 9339 9338
3 9325 9340 9339
3 9338 9339 9340
3 9324 9340 9342
3 9325 9341 9340
3 9331 9342 9341
3 9340 9341 9342
3 9324 9342 9344
3 9331 9343 9342
3 9334 9344 9343
3 9342 9343 9344
3 9324 9344 9336
3 9334 9345 9344
3 9335 9336 9345
3 9344 9345 9336
3 9325 9339 9347
3 9329 9346 9339
3 9333 9347 9346
3 9339 9346 9347
3 9329 9337 9349
3 9335 9348 9337
3 9328 9349 9348
3 9337 9348 9349
3 9335 9345 9351
3 9334 9350 9345
3 9326 9351 9350
3 9345 9350 9351
3 9334 9343 9353
3 9331 9352 9343
3 9330 9353 9352
3 9343 9352 9353
3 9331 9341 9355
3 9325 9354 9341
3 9332 9355 9354
3 9341 9354 9355
3 9327 9356 9358
3 9333 9357 9356
3 9328 9358 9357
3 9356 9357 9358
3 9327 9358 9360
3 9328 9359 9358
3 9326 9360 9359
3 9358 9359 9360
3 9327 9360 9362
3 9326 9361 9360
3 9330 9362 9361
3 9360 9361 9362
3 9327 9362 9364
3 9330 9363 9362
3 9332 9364 9363
3 9362 9363 9364
3 9327 9364 9356
3 9332 9365 9364
3 9333 9356 9365
3 9364 9365 9356
3 9328 9357 9349
3 9333 9346 9357
3 9329 9349 9346
3 9357 9346 9349
3 9326 9359 9351
3 9328 9348 9359
3 9335 9351 9348
3 9359 9348 9351
3 9330 9361 9353
3 9326 9350 9361
3 9334 9353 9350
3 9361 9350 9353
3 9332 9363 9355
3 9330 9352 9363
3 9331 9355 9352
3 9363 9352 9355
3 9333 9365 9347
3 9332 9354 9365
3 9325 9347 9354
3 9365 9354 9347
3 9366 9378 9380
3 9377 9379 9378
3 9371 9380 9379
3 9378 9379 9380
3 9366 9380 9382
3 9371 9381 9380
3 9367 9382 9381
3 9380 9381 9382
3 9366 9382 9384
3 9367 9383 9382
3 9373 9384 9383
3 9382 9383 9384
3 9366 9384 9386
3 9373 9385 9384
3 9376 9386 9385
3 9384 9385 9386
3 9366 9386 9378
3 9376 9387 9386
3 9377 9378 9387
3 9386 9387 9378
3 9367 9381 9389
3 9371 9388 9381
3 9375 9389 9388
3 9381 9388 9389
3 9371 9379 9391
3 9377 9390 9379
3 9370 9391 9390
3 9379 9390 9391
3 9377 9387 9393
3 9376 9392 9387
3 9368 9393 9392
3 9387 9392 9393
3 9376 9385 9395
3 9373 9394 9385
3 9372 9395 9394
3 9385 9394 9395
3 9373 9383 9397
3 9367 9396 9383
3 9374 9397 9396
3 9383 9396 9397
3 9369 9398 9400
3 9375 9399 9398
3 9370 9400 9399
3 9398 9399 9400
3 9369 9400 9402
3 9370 9401 9400
3 9368 9402 9401
3 9400 9401 9402
3 9369 9402 9404
3 9368 9403 9402
3 9372 9404 9403
3 9402 9403 9404
3 9369 9404 9406
3 9372 9405 9404
3 9374 9406 9405
3 9404 9405 9406
3 9369 9406 9398
3 9374 9407 9406
3 9375 9398 9407
3 9406 9407 9398
3 9370 9399 9391
3 9375 9388 9399
3 9371 9391 9388
3 9399 9388 9391
3 9368 9401 9393
3 9370 9390 9401
3 9377 9393 9390
3 9401 9390 9393
3 9372 9403 9395
3 9368 9392 9403
3 9376 9395 9392
3 9403 9392 9395
3 9374 9405 9397
3 9372 9394 9405
3 9373 9397 9394
3 9405 9394 9397
3 9375 9407 9389
3 9374 9396 9407
3 9367 9389 9396
3 9407 9396 9389
3 9408 9420 9422
3 9419 9421 9420
3 9413 9422 9421
3 9420 9421 9422
3 9408 9422 9424
3 9413 9423 9422
3 9409 9424 9423
3 9422 9423 9424
3 9408 9424 9426
3 9409 9425 9424
3 9415 9426 9425
3 9424 9425 9426
3 9408 9426 9428
3 9415 9427 9426
3 9418 9428 9427
3 9426 9427 9428
3 9408 9428 9420
3 9418 9429 9428
3 9419 9420 9429
3 9428 9429 9420
3 9409 9423 9431
3 9413 9430 9423
3 9417 9431 9430
3 9423 9430 9431
3 9413 9421 9433
3 9419 9432 9421
3 9412 9433 9432
3 9421 9432 9433
3 9419 9429 9435
3 9418 9434 9429
3 9410 9435 9434
3 9429 9434 9435
3 9418 9427 9437
3 9415 9436 9427
3 9414 9437 9436
3 9427 9436 9437
3 9415 9425 9439
3 9409 9438 9425
3 9416 9439 9438
3 9425 9438 9439
3 9411 9440 9442
3 9417 9441 9440
3 9412 9442 9441
3 9440 9441 9442
3 9411 9442 9444
3 9412 9443 9442
3 9410 9444 9443
3 9442 9443 9444
3 9411 9444 9446
3 9410 9445 9444
3 9414 9446 9445
3 9444 9445 9446
3 9411 9446 9448
3 9414 9447 9446
3 9416 9448 9447
3 9446 9447 9448
3 9411 9448 9440
3 9416 9449 9448
3 9417 9440 9449
3 9448 9449 9440
3 9412 9441 9433
3 9417 9430 9441
3 9413 9433 9430
3 9441 9430 9433
3 9410 9443 9435
3 9412 9432 9443
3 9419 9435 9432
3 9443 9432 9435
3 9414 9445 9437
3 9410 9434 9445
3 9418 9437 9434
3 9445 9434 9437
3 9416 9447 9439
3 9414 9436 9447
3 9415 9439 9436
3 9447 9436 9439
3 9417 9449 9431
3 9416 9438 9449
3 9409 9431 9438
3 9449 9438 9431
3 9450 9462 9464
3 9461 9463 9462
3 9455 9464 9463
3 9462 9463 9464
3 9450 9464 9466
3 9455 9465 9464
3 9451 9466 9465
3 9464 9465 9466
3 9450 9466 9468
3 9451 9467 9466
3 9457 9468 9467
3 9466 9467 9468
3 9450 9468 9470
3 9457 9469 9468
3 9460 9470 9469
3 9468 9469 9470
3 9450 9470 9462
3 9460 9471 9470
3 9461 9462 9471
3 9470 9471 9462
3 9451 9465 9473
3 9455 9472 9465
3 9459 9473 9472
3 9465 9472 9473
3 9455 9463 9475
3 9461 9474 9463
3 9454 9475 9474
3 9463 9474 9475
3 9461 9471 9477
3 9460 9476 9471
3 9452 9477 9476
3 9471 9476 9477
3 9460 9469 9479
3 9457 9478 9469
3 9456 9479 9478
3 9469 9478 9479
3 9457 9467 9481
3 9451 9480 9467
3 9458 9481 9480
3 9467 9480 9481
3 9453 9482 9484
3 9459 9483 9482
3 9454 9484 9483
3 9482 9483 9484
3 9453 9484 9486
3 9454 9485 9484
3 9452 9486 9485
3 9484 9485 9486
3 9453 9486 9488
3 9452 9487 9486
3 9456 9488 9487
3 9486 9487 9488
3 9453 9488 9490
3 9456 9489 9488
3 9458 9490 9489
3 9488 9489 9490
3 9453 9490 9482
3 9458 9491 9490
3 9459 9482 9491
3 9490 9491 9482
3 9454 9483 9475
3 9459 9472 9483
3 9455 9475 9472
3 9483 9472 9475
3 9452 9485 9477
3 9454 9474 9485
3 9461 9477 9474
3 9485 9474 9477
3 9456 9487 9479
3 9452 9476 9487
3 9460 9479 9476
3 9487 9476 9479
3 9458 9489 9481
3 9456 9478 9489
3 9457 9481 9478
3 9489 9478 9481
3 9459 9491 9473
3 9458 9480 9491
3 9451 9473 9480
3 9491 9480 9473
3 9492 9504 9506
3 9503 9505 9504
3 9497 9506 9505
3 9504 9505 9506
3 9492 9506 9508
3 9497 9507 9506
3 9493 9508 9507
3 9506 9507 9508
3 9492 9508 9510
3 9493 9509 9508
3 9499 9510 9509
3 9508 9509 9510
3 9492 9510 9512
3 9499 9511 9510
3 9502 9512 9511
3 9510 9511 9512
3 9492 9512 9504
3 9502 9513 9512
3 9503 9504 9513
3 9512 9513 9504
3 9493 9507 9515
3 9497 9514 9507
3 9501 9515 9514
3 9507 9514 9515
3 9497 9505 9517
3 9503 9516 9505
3 9496 9517 9516
3 9505 9516 9517
3 9503 9513 9519
3 9502 9518 9513
3 9494 9519 9518
3 9513 9518 9519
3 9502 9511 9521
3 9499 9520 9511
3 9498 9521 9520
3 9511 9520 9521
3 9499 9509 9523
3 9493 9522 9509
3 9500 9523 9522
3 9509 9522 9523
3 9495 9524 9526
3 9501 9525 9524
3 9496 9526 9525
3 9524 9525 9526
3 9495 9526 9528
3 9496 9527 9526
3 9494 9528 9527
3 9526 9527 9528
3 9495 9528 9530
3 9494 9529 9528
3 9498 9530 9529
3 9528 9529 9530
3 9495 9530 9532
3 9498 9531 9530
3 9500 9532 9531
3 9530 9531 9532
3 9495 9532 9524
3 9500 9533 9532
3 9501 9524 9533
3 9532 9533 9524
3 9496 9525 9517
3 9501 9514 9525
3 9497 9517 9514
3 9525 9514 9517
3 9494 9527 9519
3 9496 9516 9527
3 9503 9519 9516
3 9527 9516 9519
3 9498 9529 9521
3 9494 9518 9529
3 9502 9521 9518
3 9529 9518 9521
3 9500 9531 9523
3 9498 9520 9531
3 9499 9523 9520
3 9531 9520 9523
3 9501 9533 9515
3 9500 9522 9533
3 9493 9515 9522
3 9533 9522 9515
3 9534 9546 9548
3 9545 9547 9546
3 9539 9548 9547
3 9546 9547 9548
3 9534 9548 9550
3 9539 9549 9548
3 9535 9550 9549
3 9548 9549 9550
3 9534 9550 9552
3 9535 9551 9550
3 9541 9552 9551
3 9550 9551 9552
3 9534 9552 9554
3 9541 9553 9552
3 9544 9554 9553
3 9552 9553 9554
3 9534 9554 9546
3 9544 9555 9554
3 9545 9546 9555
3 9554 9555 9546
3 9535 9549 9557
3 9539 9556 9549
3 9543 9557 9556
3 9549 9556 9557
3 9539 9547 9559
3 9545 9558 9547
3 9538 9559 9558
3 9547 9558 9559
3 9545 9555 9561
3 9544 9560 9555
3 9536 9561 9560
3 9555 9560 9561
3 9544 9553 9563
3 9541 9562 9553
3 9540 9563 9562
3 9553 9562 9563
3 9541 9551 9565
3 9535 9564 9551
3 9542 9565 9564
3 9551 9564 9565
3 9537 9566 9568
3 9543 9567 9566
3 9538 9568 9567
3 9566 9567 9568
3 9537 9568 9570
3 9538 9569 9568
3 9536 9570 9569
3 9568 9569 9570
3 9537 9570 9572
3 9536 9571 9570
3 9540 9572 9571
3 9570 9571 9572
3 9537 9572 9574
3 9540 9573 9572
3 9542 9574 9573
3 9572 9573 9574
3 9537 9574 9566
3 9542 9575 9574
3 9543 9566 9575
3 9574 9575 9566
3 9538 9567 9559
3 9543 9556 9567
3 9539 9559 9556
3 9567 9556 9559
3 9536 9569 9561
3 9538 9558 9569
3 9545 9561 9558
3 9569 9558 9561
3 9540 9571 9563
3 9536 9560 9571
3 9544 9563 9560
3 9571 9560 9563
3 9542 9573 9565
3 9540 9562 9573
3 9541 9565 9562
3 9573 9562 9565
3 9543 9575 9557
3 9542 9564 9575
3 9535 9557 9564
3 9575 9564 9557
3 9576 9588 9590
3 9587 9589 9588
3 9581 9590 9589
3 9588 9589 9590
3 9576 9590 9592
3 9581 9591 9590
3 9577 9592 9591
3 9590 9591 9592
3 9576 9592 9594
3 9577 9593 9592
3 9583 9594 9593
3 9592 9593 9594
3 9576 9594 9596
3 9583 9595 9594
3 9586 9596 9595
3 9594 9595 9596
3 9576 9596 9588
3 9586 9597 9596
3 9587 9588 9597
3 9596 9597 9588
3 9577 9591 9599
3 9581 9598 9591
3 9585 9599 9598
3 9591 9598 9599
3 9581 9589 9601
3 9587 9600 9589
3 9580 9601 9600
3 9589 9600 9601
3 9587 9597 9603
3 9586 9602 9597
3 9578 9603 9602
3 9597 9602 9603
3 9586 9595 9605
3 9583 9604 9595
3 9582 9605 9604
3 9595 9604 9605
3 9583 9593 9607
3 9577 9606 9593
3 9584 9607 9606
3 9593 9606 9607
3 9579 9608 9610
3 9585 9609 9608
3 9580 9610 9609
3 9608 9609 9610
3 9579 9610 9612
3 9580 9611 9610
3 9578 9612 9611
3 9610 9611 9612
3 9579 9612 9614
3 9578 9613 9612
3 9582 9614 9613
3 9612 9613 9614
3 9579 9614 9616
3 9582 9615 9614
3 9584 9616 9615
3 9614 9615 9616
3 9579 9616 9608
3 9584 9617 9616
3 9585 9608 9617
3 9616 9617 9608
3 9580 9609 9601
3 9585 9598 9609
3 9581 9601 9598
3 9609 9598 9601
3 9578 9611 9603
3 9580 9600 9611
3 9587 9603 9600
3 9611 9600 9603
3 9582 9613 9605
3 9578 9602 9613
3 9586 9605 9602
3 9613 9602 9605
3 9584 9615 9607
3 9582 9604 9615
3 9583 9607 9604
3 9615 9604 9607
3 9585 9617 9599
3 9584 9606 9617
3 9577 9599 9606
3 9617 9606 9599
3 9618 9630 9632
3 9629 9631 9630
3 9623 9632 9631
3 9630 9631 9632
3 9618 9632 9634
3 9623 9633 9632
3 9619 9634 9633
3 9632 9633 9634
3 9618 9634 9636
3 9619 9635 9634
3 9625 9636 9635
3 9634 9635 9636
3 9618 9636 9638
3 9625 9637 9636
3 9628 9638 9637
3 9636 9637 9638
3 9618 9638 9630
3 9628 9639 9638
3 9629 9630 9639
3 9638 9639 9630
3 9619 9633 9641
3 9623 9640 9633
3 9627 9641 9640
3 9633 9640 9641
3 9623 9631 9643
3 9629 9642 9631
3 9622 9643 9642
3 9631 9642 9643
3 9629 9639 9645
3 9628 9644 9639
3 9620 9645 9644
3 9639 9644 9645
3 9628 9637 9647
3 9625 9646 9637
3 9624 9647 9646
3 9637 9646 9647
3 9625 9635 9649
3 9619 9648 9635
3 9626 9649 9648
3 9635 9648 9649
3 9621 9650 9652
3 9627 9651 9650
3 9622 9652 9651
3 9650 9651 9652
3 9621 9652 9654
3 9622 9653 9652
3 9620 9654 9653
3 9652 9653 9654
3 9621 9654 9656
3 9620 9655 9654
3 9624 9656 9655
3 9654 9655 9656
3 9621 9656 9658
3 9624 9657 9656
3 9626 9658 9657
3 9656 9657 9658
3 9621 9658 9650
3 9626 9659 9658
3 9627 9650 9659
3 9658 9659 9650
3 9622 9651 9643
3 9627 9640 9651
3 9623 9643 9640
3 9651 9640 9643
3 9620 9653 9645
3 9622 9642 9653
3 9629 9645 9642
3 9653 9642 9645
3 9624 9655 9647
3 9620 9644 9655
3 9628 9647 9644
3 9655 9644 9647
3 9626 9657 9649
3 9624 9646 9657
3 9625 9649 9646
3 9657 9646 9649
3 9627 9659 9641
3 9626 9648 9659
3 9619 9641 9648
3 9659 9648 9641
3 9660 9672 9674
3 9671 9673 9672
3 9665 9674 9673
3 9672 9673 9674
3 9660 9674 9676
3 9665 9675 9674
3 9661 9676 9675
3 9674 9675 9676
3 9660 9676 9678
3 9661 9677 9676
3 9667 9678 9677
3 9676 9677 9678
3 9660 9678 9680
3 9667 9679 9678
3 9670 9680 9679
3 9678 9679 9680
3 9660 9680 9672
3 9670 9681 9680
3 9671 9672 9681
3 9680 9681 9672
3 9661 9675 9683
3 9665 9682 9675
3 9669 9683 9682
3 9675 9682 9683
3 9665 9673 9685
3 9671 9684 9673
3 9664 9685 9684
3 9673 9684 9685
3 9671 9681 9687
3 9670 9686 9681
3 9662 9687 9686
3 9681 9686 9687
3 9670 9679 9689
3 9667 9688 9679
3 9666 9689 9688
3 9679 9688 9689
3 9667 9677 9691
3 9661 9690 9677
3 9668 9691 9690
3 9677 9690 9691
3 9663 9692 9694
3 9669 9693 9692
3 9664 9694 9693
3 9692 9693 9694
3 9663 9694 9696
3 9664 9695 9694
3 9662 9696 9695
3 9694 9695 9696
3 9663 9696 9698
3 9662 9697 9696
3 9666 9698 9697
3 9696 9697 9698
3 9663 9698 9700
3 9666 9699 9698
3 9668 9700 9699
3 9698 9699 9700
3 9663 9700 9692
3 9668 9701 9700
3 9669 9692 9701
3 9700 9701 9692
3 9664 9693 9685
3 9669 9682 9693
3 9665 9685 9682
3 9693 9682 9685
3 9662 9695 9687
3 9664 9684 9695
3 9671 9687 9684
3 9695 9684 9687
3 9666 9697 9689
3 9662 9686 9697
3 9670 9689 9686
3 9697 9686 9689
3 9668 9699 9691
3 9666 9688 9699
3 9667 9691 9688
3 9699 9688 9691
3 9669 9701 9683
3 9668 9690 9701
3 9661 9683 9690
3 9701 9690 9683
3 9702 9714 9716
3 9713 9715 9714
3 9707 9716 9715
3 9714 9715 9716
3 9702 9716 9718
3 9707 9717 9716
3 9703 9718 9717
3 9716 9717 9718
3 9702 9718 9720
3 9703 9719 9718
3 9709 9720 9719
3 9718 9719 9720
3 9702 9720 9722
3 9709 9721 9720
3 9712 9722 9721
3 9720 9721 9722
3 9702 9722 9714
3 9712 9723 9722
3 9713 9714 9723
3 9722 9723 9714
3 9703 9717 9725
3 9707 9724 9717
3 9711 9725 9724
3 9717 9724 9725
3 9707 9715 9727
3 9713 9726 9715
3 9706 9727 9726
3 9715 9726 9727
3 9713 9723 9729
3 9712 9728 9723
3 9704 9729 9728
3 9723 9728 9729
3 9712 9721 9731
3 9709 9730 9721
3 9708 9731 9730
3 9721 9730 9731
3 9709 9719 9733
3 9703 9732 9719
3 9710 9733 9732
3 9719 9732 9733
3 9705 9734 9736
3 9711 9735 9734
3 9706 9736 9735
3 9734 9735 9736
3 9705 9736 9738
3 9706 9737 9736
3 9704 9738 9737
3 9736 9737 9738
3 9705 9738 9740
3 9704 9739 9738
3 9708 9740 9739
3 9738 9739 9740
3 9705 9740 9742
3 9708 9741 9740
3 9710 9742 9741
3 9740 9741 9742
3 9705 9742 9734
3 9710 9743 9742
3 9711 9734 9743
3 9742 9743 9734
3 9706 9735 9727
3 9711 9724 9735
3 9707 9727 9724
3 9735 9724 9727
3 9704 9737 9729
3 9706 9726 9737
3 9713 9729 9726
3 9737 9726 9729
3 9708 9739 9731
3 9704 9728 9739
3 9712 9731 9728
3 9739 9728 9731
3 9710 9741 9733
3 9708 9730 9741
3 9709 9733 9730
3 9741 9730 9733
3 9711 9743 9725
3 9710 9732 9743
3 9703 9725 9732
3 9743 9732 9725
3 9744 9756 9758
3 9755 9757 9756
3 9749 9758 9757
3 9756 9757 9758
3 9744 9758 9760
3 9749 9759 9758
3 9745 9760 9759
3 9758 9759 9760
3 9744 9760 9762
3 9745 9761 9760
3 9751 9762 9761
3 9760 9761 9762
3 9744 9762 9764
3 9751 9763 9762
3 9754 9764 9763
3 9762 9763 9764
3 9744 9764 9756
3 9754 9765 9764
3 9755 9756 9765
3 9764 9765 9756
3 9745 9759 9767
3 9749 9766 9759
3 9753 9767 9766
3 9759 9766 9767
3 9749 9757 9769
3 9755 9768 9757
3 9748 9769 9768
3 9757 9768 9769
3 9755 9765 9771
3 9754 9770 9765
3 9746 9771 9770
3 9765 9770 9771
3 9754 9763 9773
3 9751 9772 9763
3 9750 9773 9772
3 9763 9772 9773
3 9751 9761 9775
3 9745 9774 9761
3 9752 9775 9774
3 9761 9774 9775
3 9747 9776 9778
3 9753 9777 9776
3 9748 9778 9777
3 9776 9777 9778
3 9747 9778 9780
3 9748 9779 9778
3 9746 9780 9779
3 9778 9779 9780
3 9747 9780 9782
3 9746 9781 9780
3 9750 9782 9781
3 9780 9781 9782
3 9747 9782 9784
3 9750 9783 9782
3 9752 9784 9783
3 9782 9783 9784
3 9747 9784 9776
3 9752 9785 9784
3 9753 9776 9785
3 9784 9785 9776
3 9748 9777 9769
3 9753 9766 9777
3 9749 9769 9766
3 9777 9766 9769
3 9746 9779 9771
3 9748 9768 9779
3 9755 9771 9768
3 9779 9768 9771
3 9750 9781 9773
3 9746 9770 9781
3 9754 9773 9770
3 9781 9770 9773
3 9752 9783 9775
3 9750 9772 9783
3 9751 9775 9772
3 9783 9772 9775
3 9753 9785 9767
3 9752 9774 9785
3 9745 9767 9774
3 9785 9774 9767
3 9786 9798 9800
3 9797 9799 9798
3 9791 9800 9799
3 9798 9799 9800
3 9786 9800 9802
3 9791 9801 9800
3 9787 9802 9801
3 9800 9801 9802
3 9786 9802 9804
3 9787 9803 9802
3 9793 9804 9803
3 9802 9803 9804
3 9786 9804 9806
3 9793 9805 9804
3 9796 9806 9805
3 9804 9805 9806
3 9786 9806 9798
3 9796 9807 9806
3 9797 9798 9807
3 9806 9807 9798
3 9787 9801 9809
3 9791 9808 9801
3 9795 9809 9808
3 9801 9808 9809
3 9791 9799 9811
3 9797 9810 9799
3 9790 9811 9810
3 9799 9810 9811
3 9797 9807 9813
3 9796 9812 9807
3 9788 9813 9812
3 9807 9812 9813
3 9796 9805 9815
3 9793 9814 9805
3 9792 9815 9814
3 9805 9814 9815
3 9793 9803 9817
3 9787 9816 9803
3 9794 9817 9816
3 9803 9816 9817
3 9789 9818 9820
3 9795 9819 9818
3 9790 9820 9819
3 9818 9819 9820
3 9789 9820 9822
3 9790 9821 9820
3 9788 9822 9821
3 9820 9821 9822
3 9789 9822 9824
3 9788 9823 9822
3 9792 9824 9823
3 9822 9823 9824
3 9789 9824 9826
3 9792 9825 9824
3 9794 9826 9825
3 9824 9825 9826
3 9789 9826 9818
3 9794 9827 9826
3 9795 9818 9827
3 9826 9827 9818
3 9790 9819 9811
3 9795 9808 9819
3 9791 9811 9808
3 9819 9808 9811
3 9788 9821 9813
3 9790 9810 9821
3 9797 9813 9810
3 9821 9810 9813
3 9792 9823 9815
3 9788 9812 9823
3 9796 9815 9812
3 9823 9812 9815
3 9794 9825 9817
3 9792 9814 9825
3 9793 9817 9814
3 9825 9814 9817
3 9795 9827 9809
3 9794 9816 9827
3 9787 9809 9816
3 9827 9816 9809
3 9828 9840 9842
3 9839 9841 9840
3 9833 9842 9841
3 9840 9841 9842
3 9828 9842 9844
3 9833 9843 9842
3 9829 9844 9843
3 9842 9843 9844
3 9828 9844 9846
3 9829 9845 9844
3 9835 9846 9845
3 9844 9845 9846
3 9828 9846 9848
3 9835 9847 9846
3 9838 9848 9847
3 9846 9847 9848
3 9828 9848 9840
3 9838 9849 9848
3 9839 9840 9849
3 9848 9849 9840
3 9829 9843 9851
3 9833 9850 9843
3 9837 9851 9850
3 9843 9850 9851
3 9833 9841 9853
3 9839 9852 9841
3 9832 9853 9852
3 9841 9852 9853
3 9839 9849 9855
3 9838 9854 9849
3 9830 9855 9854
3 9849 9854 9855
3 9838 9847 9857
3 9835 9856 9847
3 9834 9857 9856
3 9847 9856 9857
3 9835 9845 9859
3 9829 9858 9845
3 9836 9859 9858
3 9845 9858 9859
3 9831 9860 9862
3 9837 9861 9860
3 9832 9862 9861
3 9860 9861 9862
3 9831 9862 9864
3 9832 9863 9862
3 9830 9864 9863
3 9862 9863 9864
3 9831 9864 9866
3 9830 9865 9864
3 9834 9866 9865
3 9864 9865 9866
3 9831 9866 9868
3 9834 9867 9866
3 9836 9868 9867
3 9866 9867 9868
3 9831 9868 9860
3 9836 9869 9868
3 9837 9860 9869
3 9868 9869 9860
3 9832 9861 9853
3 9837 9850 9861
3 9833 9853 9850
3 9861 9850 9853
3 9830 9863 9855
3 9832 9852 9863
3 9839 9855 9852
3 9863 9852 9855
3 9834 9865 9857
3 9830 9854 9865
3 9838 9857 9854
3 9865 9854 9857
3 9836 9867 9859
3 9834 9856 9867
3 9835 9859 9856
3 9867 9856 9859
3 9837 9869 9851
3 9836 9858 9869
3 9829 9851 9858
3 9869 9858 9851
3 9870 9882 9884
3 9881 9883 9882
3 9875 9884 9883
3 9882 9883 9884
3 9870 9884 9886
3 9875 9885 9884
3 9871 9886 9885
3 9884 9885 9886
3 9870 9886 9888
3 9871 9887 9886
3 9877 9888 9887
3 9886 9887 9888
3 9870 9888 9890
3 9877 9889 9888
3 9880 9890 9889
3 9888 9889 9890
3 9870 9890 9882
3 9880 9891 9890
3 9881 9882 9891
3 9890 9891 9882
3 9871 9885 9893
3 9875 9892 9885
3 9879 9893 9892
3 9885 9892 9893
3 9875 9883 9895
3 9881 9894 9883
3 9874 9895 9894
3 9883 9894 9895
3 9881 9891 9897
3 9880 9896 9891
3 9872 9897 9896
3 9891 9896 9897
3 9880 9889 9899
3 9877 9898 9889
3 9876 9899 9898
3 9889 9898 9899
3 9877 9887 9901
3 9871 9900 9887
3 9878 9901 9900
3 9887 9900 9901
3 9873 9902 9904
3 9879 9903 9902
3 9874 9904 9903
3 9902 9903 9904
3 9873 9904 9906
3 9874 9905 9904
3 9872 9906 9905
3 9904 9905 9906
3 9873 9906 9908
3 9872 9907 9906
3 9876 9908 9907
3 9906 9907 9908
3 9873 9908 9910
3 9876 9909 9908
3 9878 9910 9909
3 9908 9909 9910
3 9873 9910 9902
3 9878 9911 9910
3 9879 9902 9911
3 9910 9911 9902
3 9874 9903 9895
3 9879 9892 9903
3 9875 9895 9892
3 9903 9892 9895
3 9872 9905 9897
3 9874 9894 9905
3 9881 9897 9894
3 9905 9894 9897
3 9876 9907 9899
3 9872 9896 9907
3 9880 9899 9896
3 9907 9896 9899
3 9878 9909 9901
3 9876 9898 9909
3 9877 9901 9898
3 9909 9898 9901
3 9879 9911 9893
3 9878 9900 9911
3 9871 9893 9900
3 9911 9900 9893
3 9912 9924 9926
3 9923 9925 9924
3 9917 9926 9925
3 9924 9925 9926
3 9912 9926 9928
3 9917 9927 9926
3 9913 9928 9927
3 9926 9927 9928
3 9912 9928 9930
3 9913 9929 9928
3 9919 9930 9929
3 9928 9929 9930
3 9912 9930 9932
3 9919 9931 9930
3 9922 9932 9931
3 9930 9931 9932
3 9912 9932 9924
3 9922 9933 9932
3 9923 9924 9933
3 9932 9933 9924
3 9913 9927 9935
3 9917 9934 9927
3 9921 9935 9934
3 9927 9934 9935
3 9917 9925 9937
3 9923 9936 9925
3 9916 9937 9936
3 9925 9936 9937
3 9923 9933 9939
3 9922 9938 9933
3 9914 9939 9938
3 9933 9938 9939
3 9922 9931 9941
3 9919 9940 9931
3 9918 9941 9940
3 9931 9940 9941
3 9919 9929 9943
3 9913 9942 9929
3 9920 9943 9942
3 9929 9942 9943
3 9915 9944 9946
3 9921 9945 9944
3 9916 9946 9945
3 9944 9945 9946
3 9915 9946 9948
3 9916 9947 9946
3 9914 9948 9947
3 9946 9947 9948
3 9915 9948 9950
3 9914 9949 9948
3 9918 9950 9949
3 9948 9949 9950
3 9915 9950 9952
3 9918 9951 9950
3 9920 9952 9951
3 9950 9951 9952
3 9915 9952 9944
3 9920 9953 9952
3 9921 9944 9953
3 9952 9953 9944
3 9916 9945 9937
3 9921 9934 9945
3 9917 9937 9934
3 9945 9934 9937
3 9914 9947 9939
3 9916 9936 9947
3 9923 9939 9936
3 9947 9936 9939
3 9918 9949 9941
3 9914 9938 9949
3 9922 9941 9938
3 9949 9938 9941
3 9920 9951 9943
3 9918 9940 9951
3 9919 9943 9940
3 9951 9940 9943
3 9921 9953 9935
3 9920 9942 9953
3 9913 9935 9942
3 9953 9942 9935
3 9954 9966 9968
3 9965 9967 9966
3 9959 9968 9967
3 9966 9967 9968
3 9954 9968 9970
3 9959 9969 9968
3 9955 9970 9969
3 9968 9969 9970
3 9954 9970 9972
3 9955 9971 9970
3 9961 9972 9971
3 9970 9971 9972
3 9954 9972 9974
3 9961 9973 9972
3 9964 9974 9973
3 9972 9973 9974
3 9954 9974 9966
3 9964 9975 9974
3 9965 9966 9975
3 9974 9975 9966
3 9955 9969 9977
3 9959 9976 9969
3 9963 9977 9976
3 9969 9976 9977
3 9959 9967 9979
3 9965 9978 9967
3 9958 9979 9978
3 9967 9978 9979
3 9965 9975 9981
3 9964 9980 9975
3 9956 9981 9980
3 9975 9980 9981
3 9964 9973 9983
3 9961 9982 9973
3 9960 9983 9982
3 9973 9982 9983
3 9961 9971 9985
3 9955 9984 9971
3 9962 9985 9984
3 9971 9984 9985
3 9957 9986 9988
3 9963 9987 9986
3 9958 9988 9987
3 9986 9987 9988
3 9957 9988 9990
3 9958 9989 9988
3 9956 9990 9989
3 9988 9989 9990
3 9957 9990 9992
3 9956 9991 9990
3 9960 9992 9991
3 9990 9991 9992
3 9957 9992 9994
3 9960 9993 9992
3 9962 9994 9993
3 9992 9993 9994
3 9957 9994 9986
3 9962 9995 9994
3 9963 9986 9995
3 9994 9995 9986
3 9958 9987 9979
3 9963 9976 9987
3 9959 9979 9976
3 9987 9976 9979
3 9956 9989 9981
3 9958 9978 9989
3 9965 9981 9978
3 9989 9978 9981
3 9960 9991 9983
3 9956 9980 9991
3 9964 9983 9980
3 9991 9980 9983
3 9962 9993 9985
3 9960 9982 9993
3 9961 9985 9982
3 9993 9982 9985
3 9963 9995 9977
3 9962 9984 9995
3 9955 9977 9984
3 9995 9984 9977
3 9996 10008 10010
3 10007 10009 10008
3 10001 10010 10009
3 10008 10009 10010
3 9996 10010 10012
3 10001 10011 10010
3 9997 10012 10011
3 10010 10011 10012
3 9996 10012 10014
3 9997 10013 10012
3 10003 10014 10013
3 10012 10013 10014
3 9996 10014 10016
3 10003 10015 10014
3 10006 10016 10015
3 10014 10015 10016
3 9996 10016 10008
3 10006 10017 10016
3 10007 10008 10017
3 10016 10017 10008
3 9997 10011 10019
3 10001 10018 10011
3 10005 10019 10018
3 10011 10018 10019
3 10001 10009 10021
3 10007 10020 10009
3 10000 10021 10020
3 10009 10020 10021
3 10007 10017 10023
3 10006 10022 10017
3 9998 10023 10022
3 10017 10022 10023
3 10006 10015 10025
3 10003 10024 10015
3 10002 10025 10024
3 10015 10024 10025
3 10003 10013 10027
3 9997 10026 10013
3 10004 10027 10026
3 10013 10026 10027
3 9999 10028 10030
3 10005 10029 10028
3 10000 10030 10029
3 10028 10029 10030
3 9999 10030 10032
3 10000 10031 10030
3 9998 10032 10031
3 10030 10031 10032
3 9999 10032 10034
3 9998 10033 10032
3 10002 10034 10033
3 10032 10033 10034
3 9999 10034 10036
3 10002 10035 10034
3 10004 10036 10035
3 10034 10035 10036
3 9999 10036 10028
3 10004 10037 10036
3 10005 10028 10037
3 10036 10037 10028
3 10000 10029 10021
3 10005 10018 10029
3 10001 10021 10018
3 10029 10018 10021
3 9998 10031 10023
3 10000 10020 10031
3 10007 10023 10020
3 10031 10020 10023
3 10002 10033 10025
3 9998 10022 10033
3 10006 10025 10022
3 10033 10022 10025
3 10004 10035 10027
3 10002 10024 10035
3 10003 10027 10024
3 10035 10024 10027
3 10005 10037 10019
3 10004 10026 10037
3 9997 10019 10026
3 10037 10026 10019
3 10038 10050 10052
3 10049 10051 10050
3 10043 10052 10051
3 10050 10051 10052
3 10038 10052 10054
3 10043 10053 10052
3 10039 10054 10053
3 10052 10053 10054
3 10038 10054 10056
3 10039 10055 10054
3 10045 10056 10055
3 10054 10055 10056
3 10038 10056 10058
3 10045 10057 10056
3 10048 10058 10057
3 10056 10057 10058
3 10038 10058 10050
3 10048 10059 10058
3 10049 10050 10059
3 10058 10059 10050
3 10039 10053 10061
3 10043 10060 10053
3 10047 10061 10060
3 10053 10060 10061
3 10043 10051 10063
3 10049 10062 10051
3 10042 10063 10062
3 10051 10062 10063
3 10049 10059 10065
3 10048 10064 10059
3 10040 10065 10064
3 10059 10064 10065
3 10048 10057 10067
3 10045 10066 10057
3 10044 10067 10066
3 10057 10066 10067
3 10045 10055 10069
3 10039 10068 10055
3 10046 10069 10068
3 10055 10068 10069
3 10041 10070 10072
3 10047 10071 10070
3 10042 10072 10071
3 10070 10071 10072
3 10041 10072 10074
3 10042 10073 10072
3 10040 10074 10073
3 10072 10073 10074
3 10041 10074 10076
3 10040 10075 10074
3 10044 10076 10075
3 10074 10075 10076
3 10041 10076 10078
3 10044 10077 10076
3 10046 10078 10077
3 10076 10077 10078
3 10041 10078 10070
3 10046 10079 10078
3 10047 10070 10079
3 10078 10079 10070
3 10042 10071 10063
3 10047 10060 10071
3 10043 10063 10060
3 10071 10060 10063
3 10040 10073 10065
3 10042 10062 10073
3 10049 10065 10062
3 10073 10062 10065
3 10044 10075 10067
3 10040 10064 10075
3 10048 10067 10064
3 10075 10064 10067
3 10046 10077 10069
3 10044 10066 10077
3 10045 10069 10066
3 10077 10066 10069
3 10047 10079 10061
3 10046 10068 10079
3 10039 10061 10068
3 10079 10068 10061
3 10080 10092 10094
3 10091 10093 10092
3 10085 10094 10093
3 10092 10093 10094
3 10080 10094 10096
3 10085 10095 10094
3 10081 10096 10095
3 10094 10095 10096
3 10080 10096 10098
3 10081 10097 10096
3 10087 10098 10097
3 10096 10097 10098
3 10080 10098 10100
3 10087 10099 10098
3 10090 10100 10099
3 10098 10099 10100
3 10080 10100 10092
3 10090 10101 10100
3 10091 10092 10101
3 10100 10101 10092
3 10081 10095 10103
3 10085 10102 10095
3 10089 10103 10102
3 10095 10102 10103
3 10085 10093 10105
3 10091 10104 10093
3 10084 10105 10104
3 10093 10104 10105
3 10091 10101 10107
3 10090 10106 10101
3 10082 10107 10106
3 10101 10106 10107
3 10090 10099 10109
3 10087 10108 10099
3 10086 10109 10108
3 10099 10108 10109
3 10087 10097 10111
3 10081 10110 10097
3 10088 10111 10110
3 10097 10110 10111
3 10083 10112 10114
3 10089 10113 10112
3 10084 10114 10113
3 10112 10113 10114
3 10083 10114 10116
3 10084 10115 10114
3 10082 10116 10115
3 10114 10115 10116
3 10083 10116 10118
3 10082 10117 10116
3 10086 10118 10117
3 10116 10117 10118
3 10083 10118 10120
3 10086 10119 10118
3 10088 10120 10119
3 10118 10119 10120
3 10083 10120 10112
3 10088 10121 10120
3 10089 10112 10121
3 10120 10121 10112
3 10084 10113 10105
3 10089 10102 10113
3 10085 10105 10102
3 10113 10102 10105
3 10082 10115 10107
3 10084 10104 10115
3 10091 10107 10104
3 10115 10104 10107
3 10086 10117 10109
3 10082 10106 10117
3 10090 10109 10106
3 10117 10106 10109
3 10088 10119 10111
3 10086 10108 10119
3 10087 10111 10108
3 10119 10108 10111
3 10089 10121 10103
3 10088 10110 10121
3 10081 10103 10110
3 10121 10110 10103
3 10122 10134 10136
3 10133 10135 10134
3 10127 10136 10135
3 10134 10135 10136
3 10122 10136 10138
3 10127 10137 10136
3 10123 10138 10137
3 10136 10137 10138
3 10122 10138 10140
3 10123 10139 10138
3 10129 10140 10139
3 10138 10139 10140
3 10122 10140 10142
3 10129 10141 10140
3 10132 10142 10141
3 10140 10141 10142
3 10122 10142 10134
3 10132 10143 10142
3 10133 10134 10143
3 10142 10143 10134
3 10123 10137 10145
3 10127 10144 10137
3 10131 10145 10144
3 10137 10144 10145
3 10127 10135 10147
3 10133 10146 10135
3 10126 10147 10146
3 10135 10146 10147
3 10133 10143 10149
3 10132 10148 10143
3 10124 10149 10148
3 10143 10148 10149
3 10132 10141 10151
3 10129 10150 10141
3 10128 10151 10150
3 10141 10150 10151
3 10129 10139 10153
3 10123 10152 10139
3 10130 10153 10152
3 10139 10152 10153
3 10125 10154 10156
3 10131 10155 10154
3 10126 10156 10155
3 10154 10155 10156
3 10125 10156 10158
3 10126 10157 10156
3 10124 10158 10157
3 10156 10157 10158
3 10125 10158 10160
3 10124 10159 10158
3 10128 10160 10159
3 10158 10159 10160
3 10125 10160 10162
3 10128 10161 10160
3 10130 10162 10161
3 10160 10161 10162
3 10125 10162 10154
3 10130 10163 10162
3 10131 10154 10163
3 10162 10163 10154
3 10126 10155 10147
3 10131 10144 10155
3 10127 10147 10144
3 10155 10144 10147
3 10124 10157 10149
3 10126 10146 10157
3 10133 10149 10146
3 10157 10146 10149
3 10128 10159 10151
3 10124 10148 10159
3 10132 10151 10148
3 10159 10148 10151
3 10130 10161 10153
3 10128 10150 10161
3 10129 10153 10150
3 10161 10150 10153
3 10131 10163 10145
3 10130 10152 10163
3 10123 10145 10152
3 10163 10152 10145
3 10164 10176 10178
3 10175 10177 10176
3 10169 10178 10177
3 10176 10177 10178
3 10164 10178 10180
3 10169 10179 10178
3 10165 10180 10179
3 10178 10179 10180
3 10164 10180 10182
3 10165 10181 10180
3 10171 10182 10181
3 10180 10181 10182
3 10164 10182 10184
3 10171 10183 10182
3 10174 10184 10183
3 10182 10183 10184
3 10164 10184 10176
3 10174 10185 10184
3 10175 10176 10185
3 10184 10185 10176
3 10165 10179 10187
3 10169 10186 10179
3 10173 10187 10186
3 10179 10186 10187
3 10169 10177 10189
3 10175 10188 10177
3 10168 10189 10188
3 10177 10188 10189
3 10175 10185 10191
3 10174 10190 10185
3 10166 10191 10190
3 10185 10190 10191
3 10174 10183 10193
3 10171 10192 10183
3 10170 10193 10192
3 10183 10192 10193
3 10171 10181 10195
3 10165 10194 10181
3 10172 10195 10194
3 10181 10194 10195
3 10167 10196 10198
3 10173 10197 10196
3 10168 10198 10197
3 10196 10197 10198
3 10167 10198 10200
3 10168 10199 10198
3 10166 10200 10199
3 10198 10199 10200
3 10167 10200 10202
3 10166 10201 10200
3 10170 10202 10201
3 10200 10201 10202
3 10167 10202 10204
3 10170 10203 10202
3 10172 10204 10203
3 10202 10203 10204
3 10167 10204 10196
3 10172 10205 10204
3 10173 10196 10205
3 10204 10205 10196
3 10168 10197 10189
3 10173 10186 10197
3 10169 10189 10186
3 10197 10186 10189
3 10166 10199 10191
3 10168 10188 10199
3 10175 10191 10188
3 10199 10188 10191
3 10170 10201 10193
3 10166 10190 10201
3 10174 10193 10190
3 10201 10190 10193
3 10172 10203 10195
3 10170 10192 10203
3 10171 10195 10192
3 10203 10192 10195
3 10173 10205 10187
3 10172 10194 10205
3 10165 10187 10194
3 10205 10194 10187
3 10206 10218 10220
3 10217 10219 10218
3 10211 10220 10219
3 10218 10219 10220
3 10206 10220 10222
3 10211 10221 10220
3 10207 10222 10221
3 10220 10221 10222
3 10206 10222 10224
3 10207 10223 10222
3 10213 10224 10223
3 10222 10223 10224
3 10206 10224 10226
3 10213 10225 10224
3 10216 10226 10225
3 10224 10225 10226
3 10206 10226 10218
3 10216 10227 10226
3 10217 10218 10227
3 10226 10227 10218
3 10207 10221 10229
3 10211 10228 10221
3 10215 10229 10228
3 10221 10228 10229
3 10211 10219 10231
3 10217 10230 10219
3 10210 10231 10230
3 10219 10230 10231
3 10217 10227 10233
3 10216 10232 10227
3 10208 10233 10232
3 10227 10232 10233
3 10216 10225 10235
3 10213 10234 10225
3 10212 10235 10234
3 10225 10234 10235
3 10213 10223 10237
3 10207 10236 10223
3 10214 10237 10236
3 10223 10236 10237
3 10209 10238 10240
3 10215 10239 10238
3 10210 10240 10239
3 10238 10239 10240
3 10209 10240 10242
3 10210 10241 10240
3 10208 10242 10241
3 10240 10241 10242
3 10209 10242 10244
3 10208 10243 10242
3 10212 10244 10243
3 10242 10243 10244
3 10209 10244 10246
3 10212 10245 10244
3 10214 10246 10245
3 10244 10245 10246
3 10209 10246 10238
3 10214 10247 10246
3 10215 10238 10247
3 10246 10247 10238
3 10210 10239 10231
3 10215 10228 10239
3 10211 10231 10228
3 10239 10228 10231
3 10208 10241 10233
3 10210 10230 10241
3 10217 10233 10230
3 10241 10230 10233
3 10212 10243 10235
3 10208 10232 10243
3 10216 10235 10232
3 10243 10232 10235
3 10214 10245 10237
3 10212 10234 10245
3 10213 10237 10234
3 10245 10234 10237
3 10215 10247 10229
3 10214 10236 10247
3 10207 10229 10236
3 10247 10236 10229
3 10248 10260 10262
3 10259 10261 10260
3 10253 10262 10261
3 10260 10261 10262
3 10248 10262 10264
3 10253 10263 10262
3 10249 10264 10263
3 10262 10263 10264
3 10248 10264 10266
3 10249 10265 10264
3 10255 10266 10265
3 10264 10265 10266
3 10248 10266 10268
3 10255 10267 10266
3 10258 10268 10267
3 10266 10267 10268
3 10248 10268 10260
3 10258 10269 10268
3 10259 10260 10269
3 10268 10269 10260
3 10249 10263 10271
3 10253 10270 10263
3 10257 10271 10270
3 10263 10270 10271
3 10253 10261 10273
3 10259 10272 10261
3 10252 10273 10272
3 10261 10272 10273
3 10259 10269 10275
3 10258 10274 10269
3 10250 10275 10274
3 10269 10274 10275
3 10258 10267 10277
3 10255 10276 10267
3 10254 10277 10276
3 10267 10276 10277
3 10255 10265 10279
3 10249 10278 10265
3 10256 10279 10278
3 10265 10278 10279
3 10251 10280 10282
3 10257 10281 10280
3 10252 10282 10281
3 10280 10281 10282
3 10251 10282 10284
3 10252 10283 10282
3 10250 10284 10283
3 10282 10283 10284
3 10251 10284 10286
3 10250 10285 10284
3 10254 10286 10285
3 10284 10285 10286
3 10251 10286 10288
3 10254 10287 10286
3 10256 10288 10287
3 10286 10287 10288
3 10251 10288 10280
3 10256 10289 10288
3 10257 10280 10289
3 10288 10289 10280
3 10252 10281 10273
3 10257 10270 10281
3 10253 10273 10270
3 10281 10270 10273
3 10250 10283 10275
3 10252 10272 10283
3 10259 10275 10272
3 10283 10272 10275
3 10254 10285 10277
3 10250 10274 10285
3 10258 10277 10274
3 10285 10274 10277
3 10256 10287 10279
3 10254 10276 10287
3 10255 10279 10276
3 10287 10276 10279
3 10257 10289 10271
3 10256 10278 10289
3 10249 10271 10278
3 10289 10278 10271
3 10290 10302 10304
3 10301 10303 10302
3 10295 10304 10303
3 10302 10303 10304
3 10290 10304 10306
3 10295 10305 10304
3 10291 10306 10305
3 10304 10305 10306
3 10290 10306 10308
3 10291 10307 10306
3 10297 10308 10307
3 10306 10307 10308
3 10290 10308 10310
3 10297 10309 10308
3 10300 10310 10309
3 10308 10309 10310
3 10290 10310 10302
3 10300 10311 10310
3 10301 10302 10311
3 10310 10311 10302
3 10291 10305 10313
3 10295 10312 10305
3 10299 10313 10312
3 10305 10312 10313
3 10295 10303 10315
3 10301 10314 10303
3 10294 10315 10314
3 10303 10314 10315
3 10301 10311 10317
3 10300 10316 10311
3 10292 10317 10316
3 10311 10316 10317
3 10300 10309 10319
3 10297 10318 10309
3 10296 10319 10318
3 10309 10318 10319
3 10297 10307 10321
3 10291 10320 10307
3 10298 10321 10320
3 10307 10320 10321
3 10293 10322 10324
3 10299 10323 10322
3 10294 10324 10323
3 10322 10323 10324
3 10293 10324 10326
3 10294 10325 10324
3 10292 10326 10325
3 10324 10325 10326
3 10293 10326 10328
3 10292 10327 10326
3 10296 10328 10327
3 10326 10327 10328
3 10293 10328 10330
3 10296 10329 10328
3 10298 10330 10329
3 10328 10329 10330
3 10293 10330 10322
3 10298 10331 10330
3 10299 10322 10331
3 10330 10331 10322
3 10294 10323 10315
3 10299 10312 10323
3 10295 10315 10312
3 10323 10312 10315
3 10292 10325 10317
3 10294 10314 10325
3 10301 10317 10314
3 10325 10314 10317
3 10296 10327 10319
3 10292 10316 10327
3 10300 10319 10316
3 10327 10316 10319
3 10298 10329 10321
3 10296 10318 10329
3 10297 10321 10318
3 10329 10318 10321
3 10299 10331 10313
3 10298 10320 10331
3 10291 10313 10320
3 10331 10320 10313
3 10332 10344 10346
3 10343 10345 10344
3 10337 10346 10345
3 10344 10345 10346
3 10332 10346 10348
3 10337 10347 10346
3 10333 10348 10347
3 10346 10347 10348
3 10332 10348 10350
3 10333 10349 10348
3 10339 10350 10349
3 10348 10349 10350
3 10332 10350 10352
3 10339 10351 10350
3 10342 10352 10351
3 10350 10351 10352
3 10332 10352 10344
3 10342 10353 10352
3 10343 10344 10353
3 10352 10353 10344
3 10333 10347 10355
3 10337 10354 10347
3 10341 10355 10354
3 10347 10354 10355
3 10337 10345 10357
3 10343 10356 10345
3 10336 10357 10356
3 10345 10356 10357
3 10343 10353 10359
3 10342 10358 10353
3 10334 10359 10358
3 10353 10358 10359
3 10342 10351 10361
3 10339 10360 10351
3 10338 10361 10360
3 10351 10360 10361
3 10339 10349 10363
3 10333 10362 10349
3 10340 10363 10362
3 10349 10362 10363
3 10335 10364 10366
3 10341 10365 10364
3 10336 10366 10365
3 10364 10365 10366
3 10335 10366 10368
3 10336 10367 10366
3 10334 10368 10367
3 10366 10367 10368
3 10335 10368 10370
3 10334 10369 10368
3 10338 10370 10369
3 10368 10369 10370
3 10335 10370 10372
3 10338 10371 10370
3 10340 10372 10371
3 10370 10371 10372
3 10335 10372 10364
3 10340 10373 10372
3 10341 10364 10373
3 10372 10373 10364
3 10336 10365 10357
3 10341 10354 10365
3 10337 10357 10354
3 10365 10354 10357
3 10334 10367 10359
3 10336 10356 10367
3 10343 10359 10356
3 10367 10356 10359
3 10338 10369 10361
3 10334 10358 10369
3 10342 10361 10358
3 10369 10358 10361
3 10340 10371 10363
3 10338 10360 10371
3 10339 10363 10360
3 10371 10360 10363
3 10341 10373 10355
3 10340 10362 10373
3 10333 10355 10362
3 10373 10362 10355
3 10374 10386 10388
3 10385 10387 10386
3 10379 10388 10387
3 10386 10387 10388
3 10374 10388 10390
3 10379 10389 10388
3 10375 10390 10389
3 10388 10389 10390
3 10374 10390 10392
3 10375 10391 10390
3 10381 10392 10391
3 10390 10391 10392
3 10374 10392 10394
3 10381 10393 10392
3 10384 10394 10393
3 10392 10393 10394
3 10374 10394 10386
3 10384 10395 10394
3 10385 10386 10395
3 10394 10395 10386
3 10375 10389 10397
3 10379 10396 10389
3 10383 10397 10396
3 10389 10396 10397
3 10379 10387 10399
3 10385 10398 10387
3 10378 10399 10398
3 10387 10398 10399
3 10385 10395 10401
3 10384 10400 10395
3 10376 10401 10400
3 10395 10400 10401
3 10384 10393 10403
3 10381 10402 10393
3 10380 10403 10402
3 10393 10402 10403
3 10381 10391 10405
3 10375 10404 10391
3 10382 10405 10404
3 10391 10404 10405
3 10377 10406 10408
3 10383 10407 10406
3 10378 10408 10407
3 10406 10407 10408
3 10377 10408 10410
3 10378 10409 10408
3 10376 10410 10409
3 10408 10409 10410
3 10377 10410 10412
3 10376 10411 10410
3 10380 10412 10411
3 10410 10411 10412
3 10377 10412 10414
3 10380 10413 10412
3 10382 10414 10413
3 10412 10413 10414
3 10377 10414 10406
3 10382 10415 10414
3 10383 10406 10415
3 10414 10415 10406
3 10378 10407 10399
3 10383 10396 10407
3 10379 10399 10396
3 10407 10396 10399
3 10376 10409 10401
3 10378 10398 10409
3 10385 10401 10398
3 10409 10398 10401
3 10380 10411 10403
3 10376 10400 10411
3 10384 10403 10400
3 10411 10400 10403
3 10382 10413 10405
3 10380 10402 10413
3 10381 10405 10402
3 10413 10402 10405
3 10383 10415 10397
3 10382 10404 10415
3 10375 10397 10404
3 10415 10404 10397
3 10416 10428 10430
3 10427 10429 10428
3 10421 10430 10429
3 10428 10429 10430
3 10416 10430 10432
3 10421 10431 10430
3 10417 10432 10431
3 10430 10431 10432
3 10416 10432 10434
3 10417 10433 10432
3 10423 10434 10433
3 10432 10433 10434
3 10416 10434 10436
3 10423 10435 10434
3 10426 10436 10435
3 10434 10435 10436
3 10416 10436 10428
3 10426 10437 10436
3 10427 10428 10437
3 10436 10437 10428
3 10417 10431 10439
3 10421 10438 10431
3 10425 10439 10438
3 10431 10438 10439
3 10421 10429 10441
3 10427 10440 10429
3 10420 10441 10440
3 10429 10440 10441
3 10427 10437 10443
3 10426 10442 10437
3 10418 10443 10442
3 10437 10442 10443
3 10426 10435 10445
3 10423 10444 10435
3 10422 10445 10444
3 10435 10444 10445
3 10423 10433 10447
3 10417 10446 10433
3 10424 10447 10446
3 10433 10446 10447
3 10419 10448 10450
3 10425 10449 10448
3 10420 10450 10449
3 10448 10449 10450
3 10419 10450 10452
3 10420 10451 10450
3 10418 10452 10451
3 10450 10451 10452
3 10419 10452 10454
3 10418 10453 10452
3 10422 10454 10453
3 10452 10453 10454
3 10419 10454 10456
3 10422 10455 10454
3 10424 10456 10455
3 10454 10455 10456
3 10419 10456 10448
3 10424 10457 10456
3 10425 10448 10457
3 10456 10457 10448
3 10420 10449 10441
3 10425 10438 10449
3 10421 10441 10438
3 10449 10438 10441
3 10418 10451 10443
3 10420 10440 10451
3 10427 10443 10440
3 10451 10440 10443
3 10422 10453 10445
3 10418 10442 10453
3 10426 10445 10442
3 10453 10442 10445
3 10424 10455 10447
3 10422 10444 10455
3 10423 10447 10444
3 10455 10444 10447
3 10425 10457 10439
3 10424 10446 10457
3 10417 10439 10446
3 10457 10446 10439
3 10458 10470 10472
3 10469 10471 10470
3 10463 10472 10471
3 10470 10471 10472
3 10458 10472 10474
3 10463 10473 10472
3 10459 10474 10473
3 10472 10473 10474
3 10458 10474 10476
3 10459 10475 10474
3 10465 10476 10475
3 10474 10475 10476
3 10458 10476 10478
3 10465 10477 10476
3 10468 10478 10477
3 10476 10477 10478
3 10458 10478 10470
3 10468 10479 10478
3 10469 10470 10479
3 10478 10479 10470
3 10459 10473 10481
3 10463 10480 10473
3 10467 10481 10480
3 10473 10480 10481
3 10463 10471 10483
3 10469 10482 10471
3 10462 10483 10482
3 10471 10482 10483
3 10469 10479 10485
3 10468 10484 10479
3 10460 10485 10484
3 10479 10484 10485
3 10468 10477 10487
3 10465 10486 10477
3 10464 10487 10486
3 10477 10486 10487
3 10465 10475 10489
3 10459 10488 10475
3 10466 10489 10488
3 10475 10488 10489
3 10461 10490 10492
3 10467 10491 10490
3 10462 10492 10491
3 10490 10491 10492
3 10461 10492 10494
3 10462 10493 10492
3 10460 10494 10493
3 10492 10493 10494
3 10461 10494 10496
3 10460 10495 10494
3 10464 10496 10495
3 10494 10495 10496
3 10461 10496 10498
3 10464 10497 10496
3 10466 10498 10497
3 10496 10497 10498
3 10461 10498 10490
3 10466 10499 10498
3 10467 10490 10499
3 10498 10499 10490
3 10462 10491 10483
3 10467 10480 10491
3 10463 10483 10480
3 10491 10480 10483
3 10460 10493 10485
3 10462 10482 10493
3 10469 10485 10482
3 10493 10482 10485
3 10464 10495 10487
3 10460 10484 10495
3 10468 10487 10484
3 10495 10484 10487
3 10466 10497 10489
3 10464 10486 10497
3 10465 10489 10486
3 10497 10486 10489
3 10467 10499 10481
3 10466 10488 10499
3 10459 10481 10488
3 10499 10488 10481
3 10500 10512 10514
3 10511 10513 10512
3 10505 10514 10513
3 10512 10513 10514
3 10500 10514 10516
3 10505 10515 10514
3 10501 10516 10515
3 10514 10515 10516
3 10500 10516 10518
3 10501 10517 10516
3 10507 10518 10517
3 10516 10517 10518
3 10500 10518 10520
3 10507 10519 10518
3 10510 10520 10519
3 10518 10519 10520
3 10500 10520 10512
3 10510 10521 10520
3 10511 10512 10521
3 10520 10521 10512
3 10501 10515 10523
3 10505 10522 10515
3 10509 10523 10522
3 10515 10522 10523
3 10505 10513 10525
3 10511 10524 10513
3 10504 10525 10524
3 10513 10524 10525
3 10511 10521 10527
3 10510 10526 10521
3 10502 10527 10526
3 10521 10526 10527
3 10510 10519 10529
3 10507 10528 10519
3 10506 10529 10528
3 10519 10528 10529
3 10507 10517 10531
3 10501 10530 10517
3 10508 10531 10530
3 10517 10530 10531
3 10503 10532 10534
3 10509 10533 10532
3 10504 10534 10533
3 10532 10533 10534
3 10503 10534 10536
3 10504 10535 10534
3 10502 10536 10535
3 10534 10535 10536
3 10503 10536 10538
3 10502 10537 10536
3 10506 10538 10537
3 10536 10537 10538
3 10503 10538 10540
3 10506 10539 10538
3 10508 10540 10539
3 10538 10539 10540
3 10503 10540 10532
3 10508 10541 10540
3 10509 10532 10541
3 10540 10541 10532
3 10504 10533 10525
3 10509 10522 10533
3 10505 10525 10522
3 10533 10522 10525
3 10502 10535 10527
3 10504 10524 10535
3 10511 10527 10524
3 10535 10524 10527
3 10506 10537 10529
3 10502 10526 10537
3 10510 10529 10526
3 10537 10526 10529
3 10508 10539 10531
3 10506 10528 10539
3 10507 10531 10528
3 10539 10528 10531
3 10509 10541 10523
3 10508 10530 10541
3 10501 10523 10530
3 10541 10530 10523
3 10542 10554 10556
3 10553 10555 10554
3 10547 10556 10555
3 10554 10555 10556
3 10542 10556 10558
3 10547 10557 10556
3 10543 10558 10557
3 10556 10557 10558
3 10542 10558 10560
3 10543 10559 10558
3 10549 10560 10559
3 10558 10559 10560
3 10542 10560 10562
3 10549 10561 10560
3 10552 10562 10561
3 10560 10561 10562
3 10542 10562 10554
3 10552 10563 10562
3 10553 10554 10563
3 10562 10563 10554
3 10543 10557 10565
3 10547 10564 10557
3 10551 10565 10564
3 10557 10564 10565
3 10547 10555 10567
3 10553 10566 10555
3 10546 10567 10566
3 10555 10566 10567
3 10553 10563 10569
3 10552 10568 10563
3 10544 10569 10568
3 10563 10568 10569
3 10552 10561 10571
3 10549 10570 10561
3 10548 10571 10570
3 10561 10570 10571
3 10549 10559 10573
3 10543 10572 10559
3 10550 10573 10572
3 10559 10572 10573
3 10545 10574 10576
3 10551 10575 10574
3 10546 10576 10575
3 10574 10575 10576
3 10545 10576 10578
3 10546 10577 10576
3 10544 10578 10577
3 10576 10577 10578
3 10545 10578 10580
3 10544 10579 10578
3 10548 10580 10579
3 10578 10579 10580
3 10545 10580 10582
3 10548 10581 10580
3 10550 10582 10581
3 10580 10581 10582
3 10545 10582 10574
3 10550 10583 10582
3 10551 10574 10583
3 10582 10583 10574
3 10546 10575 10567
3 10551 10564 10575
3 10547 10567 10564
3 10575 10564 10567
3 10544 10577 10569
3 10546 10566 10577
3 10553 10569 10566
3 10577 10566 10569
3 10548 10579 10571
3 10544 10568 10579
3 10552 10571 10568
3 10579 10568 10571
3 10550 10581 10573
3 10548 10570 10581
3 10549 10573 10570
3 10581 10570 10573
3 10551 10583 10565
3 10550 10572 10583
3 10543 10565 10572
3 10583 10572 10565
3 10584 10596 10598
3 10595 10597 10596
3 10589 10598 10597
3 10596 10597 10598
3 10584 10598 10600
3 10589 10599 10598
3 10585 10600 10599
3 10598 10599 10600
3 10584 10600 10602
3 10585 10601 10600
3 10591 10602 10601
3 10600 10601 10602
3 10584 10602 10604
3 10591 10603 10602
3 10594 10604 10603
3 10602 10603 10604
3 10584 10604 10596
3 10594 10605 10604
3 10595 10596 10605
3 10604 10605 10596
3 10585 10599 10607
3 10589 10606 10599
3 10593 10607 10606
3 10599 10606 10607
3 10589 10597 10609
3 10595 10608 10597
3 10588 10609 10608
3 10597 10608 10609
3 10595 10605 10611
3 10594 10610 10605
3 10586 10611 10610
3 10605 10610 10611
3 10594 10603 10613
3 10591 10612 10603
3 10590 10613 10612
3 10603 10612 10613
3 10591 10601 10615
3 10585 10614 10601
3 10592 10615 10614
3 10601 10614 10615
3 10587 10616 10618
3 10593 10617 10616
3 10588 10618 10617
3 10616 10617 10618
3 10587 10618 10620
3 10588 10619 10618
3 10586 10620 10619
3 10618 10619 10620
3 10587 10620 10622
3 10586 10621 10620
3 10590 10622 10621
3 10620 10621 10622
3 10587 10622 10624
3 10590 10623 10622
3 10592 10624 10623
3 10622 10623 10624
3 10587 10624 10616
3 10592 10625 10624
3 10593 10616 10625
3 10624 10625 10616
3 10588 10617 10609
3 10593 10606 10617
3 10589 10609 10606
3 10617 10606 10609
3 10586 10619 10611
3 10588 10608 10619
3 10595 10611 10608
3 10619 10608 10611
3 10590 10621 10613
3 10586 10610 10621
3 10594 10613 10610
3 10621 10610 10613
3 10592 10623 10615
3 10590 10612 10623
3 10591 10615 10612
3 10623 10612 10615
3 10593 10625 10607
3 10592 10614 10625
3 10585 10607 10614
3 10625 10614 10607
3 10626 10638 10640
3 10637 10639 10638
3 10631 10640 10639
3 10638 10639 10640
3 10626 10640 10642
3 10631 10641 10640
3 10627 10642 10641
3 10640 10641 10642
3 10626 10642 10644
3 10627 10643 10642
3 10633 10644 10643
3 10642 10643 10644
3 10626 10644 10646
3 10633 10645 10644
3 10636 10646 10645
3 10644 10645 10646
3 10626 10646 10638
3 10636 10647 10646
3 10637 10638 10647
3 10646 10647 10638
3 10627 10641 10649
3 10631 10648 10641
3 10635 10649 10648
3 10641 10648 10649
3 10631 10639 10651
3 10637 10650 10639
3 10630 10651 10650
3 10639 10650 10651
3 10637 10647 10653
3 10636 10652 10647
3 10628 10653 10652
3 10647 10652 10653
3 10636 10645 10655
3 10633 10654 10645
3 10632 10655 10654
3 10645 10654 10655
3 10633 10643 10657
3 10627 10656 10643
3 10634 10657 10656
3 10643 10656 10657
3 10629 10658 10660
3 10635 10659 10658
3 10630 10660 10659
3 10658 10659 10660
3 10629 10660 10662
3 10630 10661 10660
3 10628 10662 10661
3 10660 10661 10662
3 10629 10662 10664
3 10628 10663 10662
3 10632 10664 10663
3 10662 10663 10664
3 10629 10664 10666
3 10632 10665 10664
3 10634 10666 10665
3 10664 10665 10666
3 10629 10666 10658
3 10634 10667 10666
3 10635 10658 10667
3 10666 10667 10658
3 10630 10659 10651
3 10635 10648 10659
3 10631 10651 10648
3 10659 10648 10651
3 10628 10661 10653
3 10630 10650 10661
3 10637 10653 10650
3 10661 10650 10653
3 10632 10663 10655
3 10628 10652 10663
3 10636 10655 10652
3 10663 10652 10655
3 10634 10665 10657
3 10632 10654 10665
3 10633 10657 10654
3 10665 10654 10657
3 10635 10667 10649
3 10634 10656 10667
3 10627 10649 10656
3 10667 10656 10649
3 10668 10680 10682
3 10679 10681 10680
3 10673 10682 10681
3 10680 10681 10682
3 10668 10682 10684
3 10673 10683 10682
3 10669 10684 10683
3 10682 10683 10684
3 10668 10684 10686
3 10669 10685 10684
3 10675 10686 10685
3 10684 10685 10686
3 10668 10686 10688
3 10675 10687 10686
3 10678 10688 10687
3 10686 10687 10688
3 10668 10688 10680
3 10678 10689 10688
3 10679 10680 10689
3 10688 10689 10680
3 10669 10683 10691
3 10673 10690 10683
3 10677 10691 10690
3 10683 10690 10691
3 10673 10681 10693
3 10679 10692 10681
3 10672 10693 10692
3 10681 10692 10693
3 10679 10689 10695
3 10678 10694 10689
3 10670 10695 10694
3 10689 10694 10695
3 10678 10687 10697
3 10675 10696 10687
3 10674 10697 10696
3 10687 10696 10697
3 10675 10685 10699
3 10669 10698 10685
3 10676 10699 10698
3 10685 10698 10699
3 10671 10700 10702
3 10677 10701 10700
3 10672 10702 10701
3 10700 10701 10702
3 10671 10702 10704
3 10672 10703 10702
3 10670 10704 10703
3 10702 10703 10704
3 10671 10704 10706
3 10670 10705 10704
3 10674 10706 10705
3 10704 10705 10706
3 10671 10706 10708
3 10674 10707 10706
3 10676 10708 10707
3 10706 10707 10708
3 10671 10708 10700
3 10676 10709 10708
3 10677 10700 10709
3 10708 10709 10700
3 10672 10701 10693
3 10677 10690 10701
3 10673 10693 10690
3 10701 10690 10693
3 10670 10703 10695
3 10672 10692 10703
3 10679 10695 10692
3 10703 10692 10695
3 10674 10705 10697
3 10670 10694 10705
3 10678 10697 10694
3 10705 10694 10697
3 10676 10707 10699
3 10674 10696 10707
3 10675 10699 10696
3 10707 10696 10699
3 10677 10709 10691
3 10676 10698 10709
3 10669 10691 10698
3 10709 10698 10691
3 10710 10722 10724
3 10721 10723 10722
3 10715 10724 10723
3 10722 10723 10724
3 10710 10724 10726
3 10715 10725 10724
3 10711 10726 10725
3 10724 10725 10726
3 10710 10726 10728
3 10711 10727 10726
3 10717 10728 10727
3 10726 10727 10728
3 10710 10728 10730
3 10717 10729 10728
3 10720 10730 10729
3 10728 10729 10730
3 10710 10730 10722
3 10720 10731 10730
3 10721 10722 10731
3 10730 10731 10722
3 10711 10725 10733
3 10715 10732 10725
3 10719 10733 10732
3 10725 10732 10733
3 10715 10723 10735
3 10721 10734 10723
3 10714 10735 10734
3 10723 10734 10735
3 10721 10731 10737
3 10720 10736 10731
3 10712 10737 10736
3 10731 10736 10737
3 10720 10729 10739
3 10717 10738 10729
3 10716 10739 10738
3 10729 10738 10739
3 10717 10727 10741
3 10711 10740 10727
3 10718 10741 10740
3 10727 10740 10741
3 10713 10742 10744
3 10719 10743 10742
3 10714 10744 10743
3 10742 10743 10744
3 10713 10744 10746
3 10714 10745 10744
3 10712 10746 10745
3 10744 10745 10746
3 10713 10746 10748
3 10712 10747 10746
3 10716 10748 10747
3 10746 10747 10748
3 10713 10748 10750
3 10716 10749 10748
3 10718 10750 10749
3 10748 10749 10750
3 10713 10750 10742
3 10718 10751 10750
3 10719 10742 10751
3 10750 10751 10742
3 10714 10743 10735
3 10719 10732 10743
3 10715 10735 10732
3 10743 10732 10735
3 10712 10745 10737
3 10714 10734 10745
3 10721 10737 10734
3 10745 10734 10737
3 10716 10747 10739
3 10712 10736 10747
3 10720 10739 10736
3 10747 10736 10739
3 10718 10749 10741
3 10716 10738 10749
3 10717 10741 10738
3 10749 10738 10741
3 10719 10751 10733
3 10718 10740 10751
3 10711 10733 10740
3 10751 10740 10733
3 10752 10764 10766
3 10763 10765 10764
3 10757 10766 10765
3 10764 10765 10766
3 10752 10766 10768
3 10757 10767 10766
3 10753 10768 10767
3 10766 10767 10768
3 10752 10768 10770
3 10753 10769 10768
3 10759 10770 10769
3 10768 10769 10770
3 10752 10770 10772
3 10759 10771 10770
3 10762 10772 10771
3 10770 10771 10772
3 10752 10772 10764
3 10762 10773 10772
3 10763 10764 10773
3 10772 10773 10764
3 10753 10767 10775
3 10757 10774 10767
3 10761 10775 10774
3 10767 10774 10775
3 10757 10765 10777
3 10763 10776 10765
3 10756 10777 10776
3 10765 10776 10777
3 10763 10773 10779
3 10762 10778 10773
3 10754 10779 10778
3 10773 10778 10779
3 10762 10771 10781
3 10759 10780 10771
3 10758 10781 10780
3 10771 10780 10781
3 10759 10769 10783
3 10753 10782 10769
3 10760 10783 10782
3 10769 10782 10783
3 10755 10784 10786
3 10761 10785 10784
3 10756 10786 10785
3 10784 10785 10786
3 10755 10786 10788
3 10756 10787 10786
3 10754 10788 10787
3 10786 10787 10788
3 10755 10788 10790
3 10754 10789 10788
3 10758 10790 10789
3 10788 10789 10790
3 10755 10790 10792
3 10758 10791 10790
3 10760 10792 10791
3 10790 10791 10792
3 10755 10792 10784
3 10760 10793 10792
3 10761 10784 10793
3 10792 10793 10784
3 10756 10785 10777
3 10761 10774 10785
3 10757 10777 10774
3 10785 10774 10777
3 10754 10787 10779
3 10756 10776 10787
3 10763 10779 10776
3 10787 10776 10779
3 10758 10789 10781
3 10754 10778 10789
3 10762 10781 10778
3 10789 10778 10781
3 10760 10791 10783
3 10758 10780 10791
3 10759 10783 10780
3 10791 10780 10783
3 10761 10793 10775
3 10760 10782 10793
3 10753 10775 10782
3 10793 10782 10775
3 10794 10806 10808
3 10805 10807 10806
3 10799 10808 10807
3 10806 10807 10808
3 10794 10808 10810
3 10799 10809 10808
3 10795 10810 10809
3 10808 10809 10810
3 10794 10810 10812
3 10795 10811 10810
3 10801 10812 10811
3 10810 10811 10812
3 10794 10812 10814
3 10801 10813 10812
3 10804 10814 10813
3 10812 10813 10814
3 10794 10814 10806
3 10804 10815 10814
3 10805 10806 10815
3 10814 10815 10806
3 10795 10809 10817
3 10799 10816 10809
3 10803 10817 10816
3 10809 10816 10817
3 10799 10807 10819
3 10805 10818 10807
3 10798 10819 10818
3 10807 10818 10819
3 10805 10815 10821
3 10804 10820 10815
3 10796 10821 10820
3 10815 10820 10821
3 10804 10813 10823
3 10801 10822 10813
3 10800 10823 10822
3 10813 10822 10823
3 10801 10811 10825
3 10795 10824 10811
3 10802 10825 10824
3 10811 10824 10825
3 10797 10826 10828
3 10803 10827 10826
3 10798 10828 10827
3 10826 10827 10828
3 10797 10828 10830
3 10798 10829 10828
3 10796 10830 10829
3 10828 10829 10830
3 10797 10830 10832
3 10796 10831 10830
3 10800 10832 10831
3 10830 10831 10832
3 10797 10832 10834
3 10800 10833 10832
3 10802 10834 10833
3 10832 10833 10834
3 10797 10834 10826
3 10802 10835 10834
3 10803 10826 10835
3 10834 10835 10826
3 10798 10827 10819
3 10803 10816 10827
3 10799 10819 10816
3 10827 10816 10819
3 10796 10829 10821
3 10798 10818 10829
3 10805 10821 10818
3 10829 10818 10821
3 10800 10831 10823
3 10796 10820 10831
3 10804 10823 10820
3 10831 10820 10823
3 10802 10833 10825
3 10800 10822 10833
3 10801 10825 10822
3 10833 10822 10825
3 10803 10835 10817
3 10802 10824 10835
3 10795 10817 10824
3 10835 10824 10817
3 10836 10848 10850
3 10847 10849 10848
3 10841 10850 10849
3 10848 10849 10850
3 10836 10850 10852
3 10841 10851 10850
3 10837 10852 10851
3 10850 10851 10852
3 10836 10852 10854
3 10837 10853 10852
3 10843 10854 10853
3 10852 10853 10854
3 10836 10854 10856
3 10843 10855 10854
3 10846 10856 10855
3 10854 10855 10856
3 10836 10856 10848
3 10846 10857 10856
3 10847 10848 10857
3 10856 10857 10848
3 10837 10851 10859
3 10841 10858 10851
3 10845 10859 10858
3 10851 10858 10859
3 10841 10849 10861
3 10847 10860 10849
3 10840 10861 10860
3 10849 10860 10861
3 10847 10857 10863
3 10846 10862 10857
3 10838 10863 10862
3 10857 10862 10863
3 10846 10855 10865
3 10843 10864 10855
3 10842 10865 10864
3 10855 10864 10865
3 10843 10853 10867
3 10837 10866 10853
3 10844 10867 10866
3 10853 10866 10867
3 10839 10868 10870
3 10845 10869 10868
3 10840 10870 10869
3 10868 10869 10870
3 10839 10870 10872
3 10840 10871 10870
3 10838 10872 10871
3 10870 10871 10872
3 10839 10872 10874
3 10838 10873 10872
3 10842 10874 10873
3 10872 10873 10874
3 10839 10874 10876
3 10842 10875 10874
3 10844 10876 10875
3 10874 10875 10876
3 10839 10876 10868
3 10844 10877 10876
3 10845 10868 10877
3 10876 10877 10868
3 10840 10869 10861
3 10845 10858 10869
3 10841 10861 10858
3 10869 10858 10861
3 10838 10871 10863
3 10840 10860 10871
3 10847 10863 10860
3 10871 10860 10863
3 10842 10873 10865
3 10838 10862 10873
3 10846 10865 10862
3 10873 10862 10865
3 10844 10875 10867
3 10842 10864 10875
3 10843 10867 10864
3 10875 10864 10867
3 10845 10877 10859
3 10844 10866 10877
3 10837 10859 10866
3 10877 10866 10859
3 10878 10890 10892
3 10889 10891 10890
3 10883 10892 10891
3 10890 10891 10892
3 10878 10892 10894
3 10883 10893 10892
3 10879 10894 10893
3 10892 10893 10894
3 10878 10894 10896
3 10879 10895 10894
3 10885 10896 10895
3 10894 10895 10896
3 10878 10896 10898
3 10885 10897 10896
3 10888 10898 10897
3 10896 10897 10898
3 10878 10898 10890
3 10888 10899 10898
3 10889 10890 10899
3 10898 10899 10890
3 10879 10893 10901
3 10883 10900 10893
3 10887 10901 10900
3 10893 10900 10901
3 10883 10891 10903
3 10889 10902 10891
3 10882 10903 10902
3 10891 10902 10903
3 10889 10899 10905
3 10888 10904 10899
3 10880 10905 10904
3 10899 10904 10905
3 10888 10897 10907
3 10885 10906 10897
3 10884 10907 10906
3 10897 10906 10907
3 10885 10895 10909
3 10879 10908 10895
3 10886 10909 10908
3 10895 10908 10909
3 10881 10910 10912
3 10887 10911 10910
3 10882 10912 10911
3 10910 10911 10912
3 10881 10912 10914
3 10882 10913 10912
3 10880 10914 10913
3 10912 10913 10914
3 10881 10914 10916
3 10880 10915 10914
3 10884 10916 10915
3 10914 10915 10916
3 10881 10916 10918
3 10884 10917 10916
3 10886 10918 10917
3 10916 10917 10918
3 10881 10918 10910
3 10886 10919 10918
3 10887 10910 10919
3 10918 10919 10910
3 10882 10911 10903
3 10887 10900 10911
3 10883 10903 10900
3 10911 10900 10903
3 10880 10913 10905
3 10882 10902 10913
3 10889 10905 10902
3 10913 10902 10905
3 10884 10915 10907
3 10880 10904 10915
3 10888 10907 10904
3 10915 10904 10907
3 10886 10917 10909
3 10884 10906 10917
3 10885 10909 10906
3 10917 10906 10909
3 10887 10919 10901
3 10886 10908 10919
3 10879 10901 10908
3 10919 10908 10901
3 10920 10932 10934
3 10931 10933 10932
3 10925 10934 10933
3 10932 10933 10934
3 10920 10934 10936
3 10925 10935 10934
3 10921 10936 10935
3 10934 10935 10936
3 10920 10936 10938
3 10921 10937 10936
3 10927 10938 10937
3 10936 10937 10938
3 10920 10938 10940
3 10927 10939 10938
3 10930 10940 10939
3 10938 10939 10940
3 10920 10940 10932
3 10930 10941 10940
3 10931 10932 10941
3 10940 10941 10932
3 10921 10935 10943
3 10925 10942 10935
3 10929 10943 10942
3 10935 10942 10943
3 10925 10933 10945
3 10931 10944 10933
3 10924 10945 10944
3 10933 10944 10945
3 10931 10941 10947
3 10930 10946 10941
3 10922 10947 10946
3 10941 10946 10947
3 10930 10939 10949
3 10927 10948 10939
3 10926 10949 10948
3 10939 10948 10949
3 10927 10937 10951
3 10921 10950 10937
3 10928 10951 10950
3 10937 10950 10951
3 10923 10952 10954
3 10929 10953 10952
3 10924 10954 10953
3 10952 10953 10954
3 10923 10954 10956
3 10924 10955 10954
3 10922 10956 10955
3 10954 10955 10956
3 10923 10956 10958
3 10922 10957 10956
3 10926 10958 10957
3 10956 10957 10958
3 10923 10958 10960
3 10926 10959 10958
3 10928 10960 10959
3 10958 10959 10960
3 10923 10960 10952
3 10928 10961 10960
3 10929 10952 10961
3 10960 10961 10952
3 10924 10953 10945
3 10929 10942 10953
3 10925 10945 10942
3 10953 10942 10945
3 10922 10955 10947
3 10924 10944 10955
3 10931 10947 10944
3 10955 10944 10947
3 10926 10957 10949
3 10922 10946 10957
3 10930 10949 10946
3 10957 10946 10949
3 10928 10959 10951
3 10926 10948 10959
3 10927 10951 10948
3 10959 10948 10951
3 10929 10961 10943
3 10928 10950 10961
3 10921 10943 10950
3 10961 10950 10943
3 10962 10974 10976
3 10973 10975 10974
3 10967 10976 10975
3 10974 10975 10976
3 10962 10976 10978
3 10967 10977 10976
3 10963 10978 10977
3 10976 10977 10978
3 10962 10978 10980
3 10963 10979 10978
3 10969 10980 10979
3 10978 10979 10980
3 10962 10980 10982
3 10969 10981 10980
3 10972 10982 10981
3 10980 10981 10982
3 10962 10982 10974
3 10972 10983 10982
3 10973 10974 10983
3 10982 10983 10974
3 10963 10977 10985
3 10967 10984 10977
3 10971 10985 10984
3 10977 10984 10985
3 10967 10975 10987
3 10973 10986 10975
3 10966 10987 10986
3 10975 10986 10987
3 10973 10983 10989
3 10972 10988 10983
3 10964 10989 10988
3 10983 10988 10989
3 10972 10981 10991
3 10969 10990 10981
3 10968 10991 10990
3 10981 10990 10991
3 10969 10979 10993
3 10963 10992 10979
3 10970 10993 10992
3 10979 10992 10993
3 10965 10994 10996
3 10971 10995 10994
3 10966 10996 10995
3 10994 10995 10996
3 10965 10996 10998
3 10966 10997 10996
3 10964 10998 10997
3 10996 10997 10998
3 10965 10998 11000
3 10964 10999 10998
3 10968 11000 10999
3 10998 10999 11000
3 10965 11000 11002
3 10968 11001 11000
3 10970 11002 11001
3 11000 11001 11002
3 10965 11002 10994
3 10970 11003 11002
3 10971 10994 11003
3 11002 11003 10994
3 10966 10995 10987
3 10971 10984 10995
3 10967 10987 10984
3 10995 10984 10987
3 10964 10997 10989
3 10966 10986 10997
3 10973 10989 10986
3 10997 10986 10989
3 10968 10999 10991
3 10964 10988 10999
3 10972 10991 10988
3 10999 10988 10991
3 10970 11001 10993
3 10968 10990 11001
3 10969 10993 10990
3 11001 10990 10993
3 10971 11003 10985
3 10970 10992 11003
3 10963 10985 10992
3 11003 10992 10985
3 11004 11016 11018
3 11015 11017 11016
3 11009 11018 11017
3 11016 11017 11018
3 11004 11018 11020
3 11009 11019 11018
3 11005 11020 11019
3 11018 11019 11020
3 11004 11020 11022
3 11005 11021 11020
3 11011 11022 11021
3 11020 11021 11022
3 11004 11022 11024
3 11011 11023 11022
3 11014 11024 11023
3 11022 11023 11024
3 11004 11024 11016
3 11014 11025 11024
3 11015 11016 11025
3 11024 11025 11016
3 11005 11019 11027
3 11009 11026 11019
3 11013 11027 11026
3 11019 11026 11027
3 11009 11017 11029
3 11015 11028 11017
3 11008 11029 11028
3 11017 11028 11029
3 11015 11025 11031
3 11014 11030 11025
3 11006 11031 11030
3 11025 11030 11031
3 11014 11023 11033
3 11011 11032 11023
3 11010 11033 11032
3 11023 11032 11033
3 11011 11021 11035
3 11005 11034 11021
3 11012 11035 11034
3 11021 11034 11035
3 11007 11036 11038
3 11013 11037 11036
3 11008 11038 11037
3 11036 11037 11038
3 11007 11038 11040
3 11008 11039 11038
3 11006 11040 11039
3 11038 11039 11040
3 11007 11040 11042
3 11006 11041 11040
3 11010 11042 11041
3 11040 11041 11042
3 11007 11042 11044
3 11010 11043 11042
3 11012 11044 11043
3 11042 11043 11044
3 11007 11044 11036
3 11012 11045 11044
3 11013 11036 11045
3 11044 11045 11036
3 11008 11037 11029
3 11013 11026 11037
3 11009 11029 11026
3 11037 11026 11029
3 11006 11039 11031
3 11008 11028 11039
3 11015 11031 11028
3 11039 11028 11031
3 11010 11041 11033
3 11006 11030 11041
3 11014 11033 11030
3 11041 11030 11033
3 11012 11043 11035
3 11010 11032 11043
3 11011 11035 11032
3 11043 11032 11035
3 11013 11045 11027
3 11012 11034 11045
3 11005 11027 11034
3 11045 11034 11027
3 11046 11058 11060
3 11057 11059 11058
3 11051 11060 11059
3 11058 11059 11060
3 11046 11060 11062
3 11051 11061 11060
3 11047 11062 11061
3 11060 11061 11062
3 11046 11062 11064
3 11047 11063 11062
3 11053 11064 11063
3 11062 11063 11064
3 11046 11064 11066
3 11053 11065 11064
3 11056 11066 11065
3 11064 11065 11066
3 11046 11066 11058
3 11056 11067 11066
3 11057 11058 11067
3 11066 11067 11058
3 11047 11061 11069
3 11051 11068 11061
3 11055 11069 11068
3 11061 11068 11069
3 11051 11059 11071
3 11057 11070 11059
3 11050 11071 11070
3 11059 11070 11071
3 11057 11067 11073
3 11056 11072 11067
3 11048 11073 11072
3 11067 11072 11073
3 11056 11065 11075
3 11053 11074 11065
3 11052 11075 11074
3 11065 11074 11075
3 11053 11063 11077
3 11047 11076 11063
3 11054 11077 11076
3 11063 11076 11077
3 11049 11078 11080
3 11055 11079 11078
3 11050 11080 11079
3 11078 11079 11080
3 11049 11080 11082
3 11050 11081 11080
3 11048 11082 11081
3 11080 11081 11082
3 11049 11082 11084
3 11048 11083 11082
3 11052 11084 11083
3 11082 11083 11084
3 11049 11084 11086
3 11052 11085 11084
3 11054 11086 11085
3 11084 11085 11086
3 11049 11086 11078
3 11054 11087 11086
3 11055 11078 11087
3 11086 11087 11078
3 11050 11079 11071
3 11055 11068 11079
3 11051 11071 11068
3 11079 11068 11071
3 11048 11081 11073
3 11050 11070 11081
3 11057 11073 11070
3 11081 11070 11073
3 11052 11083 11075
3 11048 11072 11083
3 11056 11075 11072
3 11083 11072 11075
3 11054 11085 11077
3 11052 11074 11085
3 11053 11077 11074
3 11085 11074 11077
3 11055 11087 11069
3 11054 11076 11087
3 11047 11069 11076
3 11087 11076 11069
3 11088 11100 11102
3 11099 11101 11100
3 11093 11102 11101
3 11100 11101 11102
3 11088 11102 11104
3 11093 11103 11102
3 11089 11104 11103
3 11102 11103 11104
3 11088 11104 11106
3 11089 11105 11104
3 11095 11106 11105
3 11104 11105 11106
3 11088 11106 11108
3 11095 11107 11106
3 11098 11108 11107
3 11106 11107 11108
3 11088 11108 11100
3 11098 11109 11108
3 11099 11100 11109
3 11108 11109 11100
3 11089 11103 11111
3 11093 11110 11103
3 11097 11111 11110
3 11103 11110 11111
3 11093 11101 11113
3 11099 11112 11101
3 11092 11113 11112
3 11101 11112 11113
3 11099 11109 11115
3 11098 11114 11109
3 11090 11115 11114
3 11109 11114 11115
3 11098 11107 11117
3 11095 11116 11107
3 11094 11117 11116
3 11107 11116 11117
3 11095 11105 11119
3 11089 11118 11105
3 11096 11119 11118
3 11105 11118 11119
3 11091 11120 11122
3 11097 11121 11120
3 11092 11122 11121
3 11120 11121 11122
3 11091 11122 11124
3 11092 11123 11122
3 11090 11124 11123
3 11122 11123 11124
3 11091 11124 11126
3 11090 11125 11124
3 11094 11126 11125
3 11124 11125 11126
3 11091 11126 11128
3 11094 11127 11126
3 11096 11128 11127
3 11126 11127 11128
3 11091 11128 11120
3 11096 11129 11128
3 11097 11120 11129
3 11128 11129 11120
3 11092 11121 11113
3 11097 11110 11121
3 11093 11113 11110
3 11121 11110 11113
3 11090 11123 11115
3 11092 11112 11123
3 11099 11115 11112
3 11123 11112 11115
3 11094 11125 11117
3 11090 11114 11125
3 11098 11117 11114
3 11125 11114 11117
3 11096 11127 11119
3 11094 11116 11127
3 11095 11119 11116
3 11127 11116 11119
3 11097 11129 11111
3 11096 11118 11129
3 11089 11111 11118
3 11129 11118 11111
3 11130 11142 11144
3 11141 11143 11142
3 11135 11144 11143
3 11142 11143 11144
3 11130 11144 11146
3 11135 11145 11144
3 11131 11146 11145
3 11144 11145 11146
3 11130 11146 11148
3 11131 11147 11146
3 11137 11148 11147
3 11146 11147 11148
3 11130 11148 11150
3 11137 11149 11148
3 11140 11150 11149
3 11148 11149 11150
3 11130 11150 11142
3 11140 11151 11150
3 11141 11142 11151
3 11150 11151 11142
3 11131 11145 11153
3 11135 11152 11145
3 11139 11153 11152
3 11145 11152 11153
3 11135 11143 11155
3 11141 11154 11143
3 11134 11155 11154
3 11143 11154 11155
3 11141 11151 11157
3 11140 11156 11151
3 11132 11157 11156
3 11151 11156 11157
3 11140 11149 11159
3 11137 11158 11149
3 11136 11159 11158
3 11149 11158 11159
3 11137 11147 11161
3 11131 11160 11147
3 11138 11161 11160
3 11147 11160 11161
3 11133 11162 11164
3 11139 11163 11162
3 11134 11164 11163
3 11162 11163 11164
3 11133 11164 11166
3 11134 11165 11164
3 11132 11166 11165
3 11164 11165 11166
3 11133 11166 11168
3 11132 11167 11166
3 11136 11168 11167
3 11166 11167 11168
3 11133 11168 11170
3 11136 11169 11168
3 11138 11170 11169
3 11168 11169 11170
3 11133 11170 11162
3 11138 11171 11170
3 11139 11162 11171
3 11170 11171 11162
3 11134 11163 11155
3 11139 11152 11163
3 11135 11155 11152
3 11163 11152 11155
3 11132 11165 11157
3 11134 11154 11165
3 11141 11157 11154
3 11165 11154 11157
3 11136 11167 11159
3 11132 11156 11167
3 11140 11159 11156
3 11167 11156 11159
3 11138 11169 11161
3 11136 11158 11169
3 11137 11161 11158
3 11169 11158 11161
3 11139 11171 11153
3 11138 11160 11171
3 11131 11153 11160
3 11171 11160 11153
3 11172 11184 11186
3 11183 11185 11184
3 11177 11186 11185
3 11184 11185 11186
3 11172 11186 11188
3 11177 11187 11186
3 11173 11188 11187
3 11186 11187 11188
3 11172 11188 11190
3 11173 11189 11188
3 11179 11190 11189
3 11188 11189 11190
3 11172 11190 11192
3 11179 11191 11190
3 11182 11192 11191
3 11190 11191 11192
3 11172 11192 11184
3 11182 11193 11192
3 11183 11184 11193
3 11192 11193 11184
3 11173 11187 11195
3 11177 11194 11187
3 11181 11195 11194
3 11187 11194 11195
3 11177 11185 11197
3 11183 11196 11185
3 11176 11197 11196
3 11185 11196 11197
3 11183 11193 11199
3 11182 11198 11193
3 11174 11199 11198
3 11193 11198 11199
3 11182 11191 11201
3 11179 11200 11191
3 11178 11201 11200
3 11191 11200 11201
3 11179 11189 11203
3 11173 11202 11189
3 11180 11203 11202
3 11189 11202 11203
3 11175 11204 11206
3 11181 11205 11204
3 11176 11206 11205
3 11204 11205 11206
3 11175 11206 11208
3 11176 11207 11206
3 11174 11208 11207
3 11206 11207 11208
3 11175 11208 11210
3 11174 11209 11208
3 11178 11210 11209
3 11208 11209 11210
3 11175 11210 11212
3 11178 11211 11210
3 11180 11212 11211
3 11210 11211 11212
3 11175 11212 11204
3 11180 11213 11212
3 11181 11204 11213
3 11212 11213 11204
3 11176 11205 11197
3 11181 11194 11205
3 11177 11197 11194
3 11205 11194 11197
3 11174 11207 11199
3 11176 11196 11207
3 11183 11199 11196
3 11207 11196 11199
3 11178 11209 11201
3 11174 11198 11209
3 11182 11201 11198
3 11209 11198 11201
3 11180 11211 11203
3 11178 11200 11211
3 11179 11203 11200
3 11211 11200 11203
3 11181 11213 11195
3 11180 11202 11213
3 11173 11195 11202
3 11213 11202 11195
3 11214 11226 11228
3 11225 11227 11226
3 11219 11228 11227
3 11226 11227 11228
3 11214 11228 11230
3 11219 11229 11228
3 11215 11230 11229
3 11228 11229 11230
3 11214 11230 11232
3 11215 11231 11230
3 11221 11232 11231
3 11230 11231 11232
3 11214 11232 11234
3 11221 11233 11232
3 11224 11234 11233
3 11232 11233 11234
3 11214 11234 11226
3 11224 11235 11234
3 11225 11226 11235
3 11234 11235 11226
3 11215 11229 11237
3 11219 11236 11229
3 11223 11237 11236
3 11229 11236 11237
3 11219 11227 11239
3 11225 11238 11227
3 11218 11239 11238
3 11227 11238 11239
3 11225 11235 11241
3 11224 11240 11235
3 11216 11241 11240
3 11235 11240 11241
3 11224 11233 11243
3 11221 11242 11233
3 11220 11243 11242
3 11233 11242 11243
3 11221 11231 11245
3 11215 11244 11231
3 11222 11245 11244
3 11231 11244 11245
3 11217 11246 11248
3 11223 11247 11246
3 11218 11248 11247
3 11246 11247 11248
3 11217 11248 11250
3 11218 11249 11248
3 11216 11250 11249
3 11248 11249 11250
3 11217 11250 11252
3 11216 11251 11250
3 11220 11252 11251
3 11250 11251 11252
3 11217 11252 11254
3 11220 11253 11252
3 11222 11254 11253
3 11252 11253 11254
3 11217 11254 11246
3 11222 11255 11254
3 11223 11246 11255
3 11254 11255 11246
3 11218 11247 11239
3 11223 11236 11247
3 11219 11239 11236
3 11247 11236 11239
3 11216 11249 11241
3 11218 11238 11249
3 11225 11241 11238
3 11249 11238 11241
3 11220 11251 11243
3 11216 11240 11251
3 11224 11243 11240
3 11251 11240 11243
3 11222 11253 11245
3 11220 11242 11253
3 11221 11245 11242
3 11253 11242 11245
3 11223 11255 11237
3 11222 11244 11255
3 11215 11237 11244
3 11255 11244 11237
3 11256 11268 11270
3 11267 11269 11268
3 11261 11270 11269
3 11268 11269 11270
3 11256 11270 11272
3 11261 11271 11270
3 11257 11272 11271
3 11270 11271 11272
3 11256 11272 11274
3 11257 11273 11272
3 11263 11274 11273
3 11272 11273 11274
3 11256 11274 11276
3 11263 11275 11274
3 11266 11276 11275
3 11274 11275 11276
3 11256 11276 11268
3 11266 11277 11276
3 11267 11268 11277
3 11276 11277 11268
3 11257 11271 11279
3 11261 11278 11271
3 11265 11279 11278
3 11271 11278 11279
3 11261 11269 11281
3 11267 11280 11269
3 11260 11281 11280
3 11269 11280 11281
3 11267 11277 11283
3 11266 11282 11277
3 11258 11283 11282
3 11277 11282 11283
3 11266 11275 11285
3 11263 11284 11275
3 11262 11285 11284
3 11275 11284 11285
3 11263 11273 11287
3 11257 11286 11273
3 11264 11287 11286
3 11273 11286 11287
3 11259 11288 11290
3 11265 11289 11288
3 11260 11290 11289
3 11288 11289 11290
3 11259 11290 11292
3 11260 11291 11290
3 11258 11292 11291
3 11290 11291 11292
3 11259 11292 11294
3 11258 11293 11292
3 11262 11294 11293
3 11292 11293 11294
3 11259 11294 11296
3 11262 11295 11294
3 11264 11296 11295
3 11294 11295 11296
3 11259 11296 11288
3 11264 11297 11296
3 11265 11288 11297
3 11296 11297 11288
3 11260 11289 11281
3 11265 11278 11289
3 11261 11281 11278
3 11289 11278 11281
3 11258 11291 11283
3 11260 11280 11291
3 11267 11283 11280
3 11291 11280 11283
3 11262 11293 11285
3 11258 11282 11293
3 11266 11285 11282
3 11293 11282 11285
3 11264 11295 11287
3 11262 11284 11295
3 11263 11287 11284
3 11295 11284 11287
3 11265 11297 11279
3 11264 11286 11297
3 11257 11279 11286
3 11297 11286 11279
3 11298 11310 11312
3 11309 11311 11310
3 11303 11312 11311
3 11310 11311 11312
3 11298 11312 11314
3 11303 11313 11312
3 11299 11314 11313
3 11312 11313 11314
3 11298 11314 11316
3 11299 11315 11314
3 11305 11316 11315
3 11314 11315 11316
3 11298 11316 11318
3 11305 11317 11316
3 11308 11318 11317
3 11316 11317 11318
3 11298 11318 11310
3 11308 11319 11318
3 11309 11310 11319
3 11318 11319 11310
3 11299 11313 11321
3 11303 11320 11313
3 11307 11321 11320
3 11313 11320 11321
3 11303 11311 11323
3 11309 11322 11311
3 11302 11323 11322
3 11311 11322 11323
3 11309 11319 11325
3 11308 11324 11319
3 11300 11325 11324
3 11319 11324 11325
3 11308 11317 11327
3 11305 11326 11317
3 11304 11327 11326
3 11317 11326 11327
3 11305 11315 11329
3 11299 11328 11315
3 11306 11329 11328
3 11315 11328 11329
3 11301 11330 11332
3 11307 11331 11330
3 11302 11332 11331
3 11330 11331 11332
3 11301 11332 11334
3 11302 11333 11332
3 11300 11334 11333
3 11332 11333 11334
3 11301 11334 11336
3 11300 11335 11334
3 11304 11336 11335
3 11334 11335 11336
3 11301 11336 11338
3 11304 11337 11336
3 11306 11338 11337
3 11336 11337 11338
3 11301 11338 11330
3 11306 11339 11338
3 11307 11330 11339
3 11338 11339 11330
3 11302 11331 11323
3 11307 11320 11331
3 11303 11323 11320
3 11331 11320 11323
3 11300 11333 11325
3 11302 11322 11333
3 11309 11325 11322
3 11333 11322 11325
3 11304 11335 11327
3 11300 11324 11335
3 11308 11327 11324
3 11335 11324 11327
3 11306 11337 11329
3 11304 11326 11337
3 11305 11329 11326
3 11337 11326 11329
3 11307 11339 11321
3 11306 11328 11339
3 11299 11321 11328
3 11339 11328 11321
3 11340 11352 11354
3 11351 11353 11352
3 11345 11354 11353
3 11352 11353 11354
3 11340 11354 11356
3 11345 11355 11354
3 11341 11356 11355
3 11354 11355 11356
3 11340 11356 11358
3 11341 11357 11356
3 11347 11358 11357
3 11356 11357 11358
3 11340 11358 11360
3 11347 11359 11358
3 11350 11360 11359
3 11358 11359 11360
3 11340 11360 11352
3 11350 11361 11360
3 11351 11352 11361
3 11360 11361 11352
3 11341 11355 11363
3 11345 11362 11355
3 11349 11363 11362
3 11355 11362 11363
3 11345 11353 11365
3 11351 11364 11353
3 11344 11365 11364
3 11353 11364 11365
3 11351 11361 11367
3 11350 11366 11361
3 11342 11367 11366
3 11361 11366 11367
3 11350 11359 11369
3 11347 11368 11359
3 11346 11369 11368
3 11359 11368 11369
3 11347 11357 11371
3 11341 11370 11357
3 11348 11371 11370
3 11357 11370 11371
3 11343 11372 11374
3 11349 11373 11372
3 11344 11374 11373
3 11372 11373 11374
3 11343 11374 11376
3 11344 11375 11374
3 11342 11376 11375
3 11374 11375 11376
3 11343 11376 11378
3 11342 11377 11376
3 11346 11378 11377
3 11376 11377 11378
3 11343 11378 11380
3 11346 11379 11378
3 11348 11380 11379
3 11378 11379 11380
3 11343 11380 11372
3 11348 11381 11380
3 11349 11372 11381
3 11380 11381 11372
3 11344 11373 11365
3 11349 11362 11373
3 11345 11365 11362
3 11373 11362 11365
3 11342 11375 11367
3 11344 11364 11375
3 11351 11367 11364
3 11375 11364 11367
3 11346 11377 11369
3 11342 11366 11377
3 11350 11369 11366
3 11377 11366 11369
3 11348 11379 11371
3 11346 11368 11379
3 11347 11371 11368
3 11379 11368 11371
3 11349 11381 11363
3 11348 11370 11381
3 11341 11363 11370
3 11381 11370 11363
3 11382 11394 11396
3 11393 11395 11394
3 11387 11396 11395
3 11394 11395 11396
3 11382 11396 11398
3 11387 11397 11396
3 11383 11398 11397
3 11396 11397 11398
3 11382 11398 11400
3 11383 11399 11398
3 11389 11400 11399
3 11398 11399 11400
3 11382 11400 11402
3 11389 11401 11400
3 11392 11402 11401
3 11400 11401 11402
3 11382 11402 11394
3 11392 11403 11402
3 11393 11394 11403
3 11402 11403 11394
3 11383 11397 11405
3 11387 11404 11397
3 11391 11405 11404
3 11397 11404 11405
3 11387 11395 11407
3 11393 11406 11395
3 11386 11407 11406
3 11395 11406 11407
3 11393 11403 11409
3 11392 11408 11403
3 11384 11409 11408
3 11403 11408 11409
3 11392 11401 11411
3 11389 11410 11401
3 11388 11411 11410
3 11401 11410 11411
3 11389 11399 11413
3 11383 11412 11399
3 11390 11413 11412
3 11399 11412 11413
3 11385 11414 11416
3 11391 11415 11414
3 11386 11416 11415
3 11414 11415 11416
3 11385 11416 11418
3 11386 11417 11416
3 11384 11418 11417
3 11416 11417 11418
3 11385 11418 11420
3 11384 11419 11418
3 11388 11420 11419
3 11418 11419 11420
3 11385 11420 11422
3 11388 11421 11420
3 11390 11422 11421
3 11420 11421 11422
3 11385 11422 11414
3 11390 11423 11422
3 11391 11414 11423
3 11422 11423 11414
3 11386 11415 11407
3 11391 11404 11415
3 11387 11407 11404
3 11415 11404 11407
3 11384 11417 11409
3 11386 11406 11417
3 11393 11409 11406
3 11417 11406 11409
3 11388 11419 11411
3 11384 11408 11419
3 11392 11411 11408
3 11419 11408 11411
3 11390 11421 11413
3 11388 11410 11421
3 11389 11413 11410
3 11421 11410 11413
3 11391 11423 11405
3 11390 11412 11423
3 11383 11405 11412
3 11423 11412 11405
3 11424 11436 11438
3 11435 11437 11436
3 11429 11438 11437
3 11436 11437 11438
3 11424 11438 11440
3 11429 11439 11438
3 11425 11440 11439
3 11438 11439 11440
3 11424 11440 11442
3 11425 11441 11440
3 11431 11442 11441
3 11440 11441 11442
3 11424 11442 11444
3 11431 11443 11442
3 11434 11444 11443
3 11442 11443 11444
3 11424 11444 11436
3 11434 11445 11444
3 11435 11436 11445
3 11444 11445 11436
3 11425 11439 11447
3 11429 11446 11439
3 11433 11447 11446
3 11439 11446 11447
3 11429 11437 11449
3 11435 11448 11437
3 11428 11449 11448
3 11437 11448 11449
3 11435 11445 11451
3 11434 11450 11445
3 11426 11451 11450
3 11445 11450 11451
3 11434 11443 11453
3 11431 11452 11443
3 11430 11453 11452
3 11443 11452 11453
3 11431 11441 11455
3 11425 11454 11441
3 11432 11455 11454
3 11441 11454 11455
3 11427 11456 11458
3 11433 11457 11456
3 11428 11458 11457
3 11456 11457 11458
3 11427 11458 11460
3 11428 11459 11458
3 11426 11460 11459
3 11458 11459 11460
3 11427 11460 11462
3 11426 11461 11460
3 11430 11462 11461
3 11460 11461 11462
3 11427 11462 11464
3 11430 11463 11462
3 11432 11464 11463
3 11462 11463 11464
3 11427 11464 11456
3 11432 11465 11464
3 11433 11456 11465
3 11464 11465 11456
3 11428 11457 11449
3 11433 11446 11457
3 11429 11449 11446
3 11457 11446 11449
3 11426 11459 11451
3 11428 11448 11459
3 11435 11451 11448
3 11459 11448 11451
3 11430 11461 11453
3 11426 11450 11461
3 11434 11453 11450
3 11461 11450 11453
3 11432 11463 11455
3 11430 11452 11463
3 11431 11455 11452
3 11463 11452 11455
3 11433 11465 11447
3 11432 11454 11465
3 11425 11447 11454
3 11465 11454 11447
3 11466 11478 11480
3 11477 11479 11478
3 11471 11480 11479
3 11478 11479 11480
3 11466 11480 11482
3 11471 11481 11480
3 11467 11482 11481
3 11480 11481 11482
3 11466 11482 11484
3 11467 11483 11482
3 11473 11484 11483
3 11482 11483 11484
3 11466 11484 11486
3 11473 11485 11484
3 11476 11486 11485
3 11484 11485 11486
3 11466 11486 11478
3 11476 11487 11486
3 11477 11478 11487
3 11486 11487 11478
3 11467 11481 11489
3 11471 11488 11481
3 11475 11489 11488
3 11481 11488 11489
3 11471 11479 11491
3 11477 11490 11479
3 11470 11491 11490
3 11479 11490 11491
3 11477 11487 11493
3 11476 11492 11487
3 11468 11493 11492
3 11487 11492 11493
3 11476 11485 11495
3 11473 11494 11485
3 11472 11495 11494
3 11485 11494 11495
3 11473 11483 11497
3 11467 11496 11483
3 11474 11497 11496
3 11483 11496 11497
3 11469 11498 11500
3 11475 11499 11498
3 11470 11500 11499
3 11498 11499 11500
3 11469 11500 11502
3 11470 11501 11500
3 11468 11502 11501
3 11500 11501 11502
3 11469 11502 11504
3 11468 11503 11502
3 11472 11504 11503
3 11502 11503 11504
3 11469 11504 11506
3 11472 11505 11504
3 11474 11506 11505
3 11504 11505 11506
3 11469 11506 11498
3 11474 11507 11506
3 11475 11498 11507
3 11506 11507 11498
3 11470 11499 11491
3 11475 11488 11499
3 11471 11491 11488
3 11499 11488 11491
3 11468 11501 11493
3 11470 11490 11501
3 11477 11493 11490
3 11501 11490 11493
3 11472 11503 11495
3 11468 11492 11503
3 11476 11495 11492
3 11503 11492 11495
3 11474 11505 11497
3 11472 11494 11505
3 11473 11497 11494
3 11505 11494 11497
3 11475 11507 11489
3 11474 11496 11507
3 11467 11489 11496
3 11507 11496 11489
3 11508 11520 11522
3 11519 11521 11520
3 11513 11522 11521
3 11520 11521 11522
3 11508 11522 11524
3 11513 11523 11522
3 11509 11524 11523
3 11522 11523 11524
3 11508 11524 11526
3 11509 11525 11524
3 11515 11526 11525
3 11524 11525 11526
3 11508 11526 11528
3 11515 11527 11526
3 11518 11528 11527
3 11526 11527 11528
3 11508 11528 11520
3 11518 11529 11528
3 11519 11520 11529
3 11528 11529 11520
3 11509 11523 11531
3 11513 11530 11523
3 11517 11531 11530
3 11523 11530 11531
3 11513 11521 11533
3 11519 11532 11521
3 11512 11533 11532
3 11521 11532 11533
3 11519 11529 11535
3 11518 11534 11529
3 11510 11535 11534
3 11529 11534 11535
3 11518 11527 11537
3 11515 11536 11527
3 11514 11537 11536
3 11527 11536 11537
3 11515 11525 11539
3 11509 11538 11525
3 11516 11539 11538
3 11525 11538 11539
3 11511 11540 11542
3 11517 11541 11540
3 11512 11542 11541
3 11540 11541 11542
3 11511 11542 11544
3 11512 11543 11542
3 11510 11544 11543
3 11542 11543 11544
3 11511 11544 11546
3 11510 11545 11544
3 11514 11546 11545
3 11544 11545 11546
3 11511 11546 11548
3 11514 11547 11546
3 11516 11548 11547
3 11546 11547 11548
3 11511 11548 11540
3 11516 11549 11548
3 11517 11540 11549
3 11548 11549 11540
3 11512 11541 11533
3 11517 11530 11541
3 11513 11533 11530
3 11541 11530 11533
3 11510 11543 11535
3 11512 11532 11543
3 11519 11535 11532
3 11543 11532 11535
3 11514 11545 11537
3 11510 11534 11545
3 11518 11537 11534
3 11545 11534 11537
3 11516 11547 11539
3 11514 11536 11547
3 11515 11539 11536
3 11547 11536 11539
3 11517 11549 11531
3 11516 11538 11549
3 11509 11531 11538
3 11549 11538 11531
3 11550 11562 11564
3 11561 11563 11562
3 11555 11564 11563
3 11562 11563 11564
3 11550 11564 11566
3 11555 11565 11564
3 11551 11566 11565
3 11564 11565 11566
3 11550 11566 11568
3 11551 11567 11566
3 11557 11568 11567
3 11566 11567 11568
3 11550 11568 11570
3 11557 11569 11568
3 11560 11570 11569
3 11568 11569 11570
3 11550 11570 11562
3 11560 11571 11570
3 11561 11562 11571
3 11570 11571 11562
3 11551 11565 11573
3 11555 11572 11565
3 11559 11573 11572
3 11565 11572 11573
3 11555 11563 11575
3 11561 11574 11563
3 11554 11575 11574
3 11563 11574 11575
3 11561 11571 11577
3 11560 11576 11571
3 11552 11577 11576
3 11571 11576 11577
3 11560 11569 11579
3 11557 11578 11569
3 11556 11579 11578
3 11569 11578 11579
3 11557 11567 11581
3 11551 11580 11567
3 11558 11581 11580
3 11567 11580 11581
3 11553 11582 11584
3 11559 11583 11582
3 11554 11584 11583
3 11582 11583 11584
3 11553 11584 11586
3 11554 11585 11584
3 11552 11586 11585
3 11584 11585 11586
3 11553 11586 11588
3 11552 11587 11586
3 11556 11588 11587
3 11586 11587 11588
3 11553 11588 11590
3 11556 11589 11588
3 11558 11590 11589
3 11588 11589 11590
3 11553 11590 11582
3 11558 11591 11590
3 11559 11582 11591
3 11590 11591 11582
3 11554 11583 11575
3 11559 11572 11583
3 11555 11575 11572
3 11583 11572 11575
3 11552 11585 11577
3 11554 11574 11585
3 11561 11577 11574
3 11585 11574 11577
3 11556 11587 11579
3 11552 11576 11587
3 11560 11579 11576
3 11587 11576 11579
3 11558 11589 11581
3 11556 11578 11589
3 11557 11581 11578
3 11589 11578 11581
3 11559 11591 11573
3 11558 11580 11591
3 11551 11573 11580
3 11591 11580 11573
3 11592 11604 11606
3 11603 11605 11604
3 11597 11606 11605
3 11604 11605 11606
3 11592 11606 11608
3 11597 11607 11606
3 11593 11608 11607
3 11606 11607 11608
3 11592 11608 11610
3 11593 11609 11608
3 11599 11610 11609
3 11608 11609 11610
3 11592 11610 11612
3 11599 11611 11610
3 11602 11612 11611
3 11610 11611 11612
3 11592 11612 11604
3 11602 11613 11612
3 11603 11604 11613
3 11612 11613 11604
3 11593 11607 11615
3 11597 11614 11607
3 11601 11615 11614
3 11607 11614 11615
3 11597 11605 11617
3 11603 11616 11605
3 11596 11617 11616
3 11605 11616 11617
3 11603 11613 11619
3 11602 11618 11613
3 11594 11619 11618
3 11613 11618 11619
3 11602 11611 11621
3 11599 11620 11611
3 11598 11621 11620
3 11611 11620 11621
3 11599 11609 11623
3 11593 11622 11609
3 11600 11623 11622
3 11609 11622 11623
3 11595 11624 11626
3 11601 11625 11624
3 11596 11626 11625
3 11624 11625 11626
3 11595 11626 11628
3 11596 11627 11626
3 11594 11628 11627
3 11626 11627 11628
3 11595 11628 11630
3 11594 11629 11628
3 11598 11630 11629
3 11628 11629 11630
3 11595 11630 11632
3 11598 11631 11630
3 11600 11632 11631
3 11630 11631 11632
3 11595 11632 11624
3 11600 11633 11632
3 11601 11624 11633
3 11632 11633 11624
3 11596 11625 11617
3 11601 11614 11625
3 11597 11617 11614
3 11625 11614 11617
3 11594 11627 11619
3 11596 11616 11627
3 11603 11619 11616
3 11627 11616 11619
3 11598 11629 11621
3 11594 11618 11629
3 11602 11621 11618
3 11629 11618 11621
3 11600 11631 11623
3 11598 11620 11631
3 11599 11623 11620
3 11631 11620 11623
3 11601 11633 11615
3 11600 11622 11633
3 11593 11615 11622
3 11633 11622 11615
3 11634 11646 11648
3 11645 11647 11646
3 11639 11648 11647
3 11646 11647 11648
3 11634 11648 11650
3 11639 11649 11648
3 11635 11650 11649
3 11648 11649 11650
3 11634 11650 11652
3 11635 11651 11650
3 11641 11652 11651
3 11650 11651 11652
3 11634 11652 11654
3 11641 11653 11652
3 11644 11654 11653
3 11652 11653 11654
3 11634 11654 11646
3 11644 11655 11654
3 11645 11646 11655
3 11654 11655 11646
3 11635 11649 11657
3 11639 11656 11649
3 11643 11657 11656
3 11649 11656 11657
3 11639 11647 11659
3 11645 11658 11647
3 11638 11659 11658
3 11647 11658 11659
3 11645 11655 11661
3 11644 11660 11655
3 11636 11661 11660
3 11655 11660 11661
3 11644 11653 11663
3 11641 11662 11653
3 11640 11663 11662
3 11653 11662 11663
3 11641 11651 11665
3 11635 11664 11651
3 11642 11665 11664
3 11651 11664 11665
3 11637 11666 11668
3 11643 11667 11666
3 11638 11668 11667
3 11666 11667 11668
3 11637 11668 11670
3 11638 11669 11668
3 11636 11670 11669
3 11668 11669 11670
3 11637 11670 11672
3 11636 11671 11670
3 11640 11672 11671
3 11670 11671 11672
3 11637 11672 11674
3 11640 11673 11672
3 11642 11674 11673
3 11672 11673 11674
3 11637 11674 11666
3 11642 11675 11674
3 11643 11666 11675
3 11674 11675 11666
3 11638 11667 11659
3 11643 11656 11667
3 11639 11659 11656
3 11667 11656 11659
3 11636 11669 11661
3 11638 11658 11669
3 11645 11661 11658
3 11669 11658 11661
3 11640 11671 11663
3 11636 11660 11671
3 11644 11663 11660
3 11671 11660 11663
3 11642 11673 11665
3 11640 11662 11673
3 11641 11665 11662
3 11673 11662 11665
3 11643 11675 11657
3 11642 11664 11675
3 11635 11657 11664
3 11675 11664 11657
3 11676 11688 11690
3 11687 11689 11688
3 11681 11690 11689
3 11688 11689 11690
3 11676 11690 11692
3 11681 11691 11690
3 11677 11692 11691
3 11690 11691 11692
3 11676 11692 11694
3 11677 11693 11692
3 11683 11694 11693
3 11692 11693 11694
3 11676 11694 11696
3 11683 11695 11694
3 11686 11696 11695
3 11694 11695 11696
3 11676 11696 11688
3 11686 11697 11696
3 11687 11688 11697
3 11696 11697 11688
3 11677 11691 11699
3 11681 11698 11691
3 11685 11699 11698
3 11691 11698 11699
3 11681 11689 11701
3 11687 11700 11689
3 11680 11701 11700
3 11689 11700 11701
3 11687 11697 11703
3 11686 11702 11697
3 11678 11703 11702
3 11697 11702 11703
3 11686 11695 11705
3 11683 11704 11695
3 11682 11705 11704
3 11695 11704 11705
3 11683 11693 11707
3 11677 11706 11693
3 11684 11707 11706
3 11693 11706 11707
3 11679 11708 11710
3 11685 11709 11708
3 11680 11710 11709
3 11708 11709 11710
3 11679 11710 11712
3 11680 11711 11710
3 11678 11712 11711
3 11710 11711 11712
3 11679 11712 11714
3 11678 11713 11712
3 11682 11714 11713
3 11712 11713 11714
3 11679 11714 11716
3 11682 11715 11714
3 11684 11716 11715
3 11714 11715 11716
3 11679 11716 11708
3 11684 11717 11716
3 11685 11708 11717
3 11716 11717 11708
3 11680 11709 11701
3 11685 11698 11709
3 11681 11701 11698
3 11709 11698 11701
3 11678 11711 11703
3 11680 11700 11711
3 11687 11703 11700
3 11711 11700 11703
3 11682 11713 11705
3 11678 11702 11713
3 11686 11705 11702
3 11713 11702 11705
3 11684 11715 11707
3 11682 11704 11715
3 11683 11707 11704
3 11715 11704 11707
3 11685 11717 11699
3 11684 11706 11717
3 11677 11699 11706
3 11717 11706 11699
3 11718 11730 11732
3 11729 11731 11730
3 11723 11732 11731
3 11730 11731 11732
3 11718 11732 11734
3 11723 11733 11732
3 11719 11734 11733
3 11732 11733 11734
3 11718 11734 11736
3 11719 11735 11734
3 11725 11736 11735
3 11734 11735 11736
3 11718 11736 11738
3 11725 11737 11736
3 11728 11738 11737
3 11736 11737 11738
3 11718 11738 11730
3 11728 11739 11738
3 11729 11730 11739
3 11738 11739 11730
3 11719 11733 11741
3 11723 11740 11733
3 11727 11741 11740
3 11733 11740 11741
3 11723 11731 11743
3 11729 11742 11731
3 11722 11743 11742
3 11731 11742 11743
3 11729 11739 11745
3 11728 11744 11739
3 11720 11745 11744
3 11739 11744 11745
3 11728 11737 11747
3 11725 11746 11737
3 11724 11747 11746
3 11737 11746 11747
3 11725 11735 11749
3 11719 11748 11735
3 11726 11749 11748
3 11735 11748 11749
3 11721 11750 11752
3 11727 11751 11750
3 11722 11752 11751
3 11750 11751 11752
3 11721 11752 11754
3 11722 11753 11752
3 11720 11754 11753
3 11752 11753 11754
3 11721 11754 11756
3 11720 11755 11754
3 11724 11756 11755
3 11754 11755 11756
3 11721 11756 11758
3 11724 11757 11756
3 11726 11758 11757
3 11756 11757 11758
3 11721 11758 11750
3 11726 11759 11758
3 11727 11750 11759
3 11758 11759 11750
3 11722 11751 11743
3 11727 11740 11751
3 11723 11743 11740
3 11751 11740 11743
3 11720 11753 11745
3 11722 11742 11753
3 11729 11745 11742
3 11753 11742 11745
3 11724 11755 11747
3 11720 11744 11755
3 11728 11747 11744
3 11755 11744 11747
3 11726 11757 11749
3 11724 11746 11757
3 11725 11749 11746
3 11757 11746 11749
3 11727 11759 11741
3 11726 11748 11759
3 11719 11741 11748
3 11759 11748 11741
3 11760 11772 11774
3 11771 11773 11772
3 11765 11774 11773
3 11772 11773 11774
3 11760 11774 11776
3 11765 11775 11774
3 11761 11776 11775
3 11774 11775 11776
3 11760 11776 11778
3 11761 11777 11776
3 11767 11778 11777
3 11776 11777 11778
3 11760 11778 11780
3 11767 11779 11778
3 11770 11780 11779
3 11778 11779 11780
3 11760 11780 11772
3 11770 11781 11780
3 11771 11772 11781
3 11780 11781 11772
3 11761 11775 11783
3 11765 11782 11775
3 11769 11783 11782
3 11775 11782 11783
3 11765 11773 11785
3 11771 11784 11773
3 11764 11785 11784
3 11773 11784 11785
3 11771 11781 11787
3 11770 11786 11781
3 11762 11787 11786
3 11781 11786 11787
3 11770 11779 11789
3 11767 11788 11779
3 11766 11789 11788
3 11779 11788 11789
3 11767 11777 11791
3 11761 11790 11777
3 11768 11791 11790
3 11777 11790 11791
3 11763 11792 11794
3 11769 11793 11792
3 11764 11794 11793
3 11792 11793 11794
3 11763 11794 11796
3 11764 11795 11794
3 11762 11796 11795
3 11794 11795 11796
3 11763 11796 11798
3 11762 11797 11796
3 11766 11798 11797
3 11796 11797 11798
3 11763 11798 11800
3 11766 11799 11798
3 11768 11800 11799
3 11798 11799 11800
3 11763 11800 11792
3 11768 11801 11800
3 11769 11792 11801
3 11800 11801 11792
3 11764 11793 11785
3 11769 11782 11793
3 11765 11785 11782
3 11793 11782 11785
3 11762 11795 11787
3 11764 11784 11795
3 11771 11787 11784
3 11795 11784 11787
3 11766 11797 11789
3 11762 11786 11797
3 11770 11789 11786
3 11797 11786 11789
3 11768 11799 11791
3 11766 11788 11799
3 11767 11791 11788
3 11799 11788 11791
3 11769 11801 11783
3 11768 11790 11801
3 11761 11783 11790
3 11801 11790 11783
3 11802 11814 11816
3 11813 11815 11814
3 11807 11816 11815
3 11814 11815 11816
3 11802 11816 11818
3 11807 11817 11816
3 11803 11818 11817
3 11816 11817 11818
3 11802 11818 11820
3 11803 11819 11818
3 11809 11820 11819
3 11818 11819 11820
3 11802 11820 11822
3 11809 11821 11820
3 11812 11822 11821
3 11820 11821 11822
3 11802 11822 11814
3 11812 11823 11822
3 11813 11814 11823
3 11822 11823 11814
3 11803 11817 11825
3 11807 11824 11817
3 11811 11825 11824
3 11817 11824 11825
3 11807 11815 11827
3 11813 11826 11815
3 11806 11827 11826
3 11815 11826 11827
3 11813 11823 11829
3 11812 11828 11823
3 11804 11829 11828
3 11823 11828 11829
3 11812 11821 11831
3 11809 11830 11821
3 11808 11831 11830
3 11821 11830 11831
3 11809 11819 11833
3 11803 11832 11819
3 11810 11833 11832
3 11819 11832 11833
3 11805 11834 11836
3 11811 11835 11834
3 11806 11836 11835
3 11834 11835 11836
3 11805 11836 11838
3 11806 11837 11836
3 11804 11838 11837
3 11836 11837 11838
3 11805 11838 11840
3 11804 11839 11838
3 11808 11840 11839
3 11838 11839 11840
3 11805 11840 11842
3 11808 11841 11840
3 11810 11842 11841
3 11840 11841 11842
3 11805 11842 11834
3 11810 11843 11842
3 11811 11834 11843
3 11842 11843 11834
3 11806 11835 11827
3 11811 11824 11835
3 11807 11827 11824
3 11835 11824 11827
3 11804 11837 11829
3 11806 11826 11837
3 11813 11829 11826
3 11837 11826 11829
3 11808 11839 11831
3 11804 11828 11839
3 11812 11831 11828
3 11839 11828 11831
3 11810 11841 11833
3 11808 11830 11841
3 11809 11833 11830
3 11841 11830 11833
3 11811 11843 11825
3 11810 11832 11843
3 11803 11825 11832
3 11843 11832 11825
3 11844 11856 11858
3 11855 11857 11856
3 11849 11858 11857
3 11856 11857 11858
3 11844 11858 11860
3 11849 11859 11858
3 11845 11860 11859
3 11858 11859 11860
3 11844 11860 11862
3 11845 11861 11860
3 11851 11862 11861
3 11860 11861 11862
3 11844 11862 11864
3 11851 11863 11862
3 11854 11864 11863
3 11862 11863 11864
3 11844 11864 11856
3 11854 11865 11864
3 11855 11856 11865
3 11864 11865 11856
3 11845 11859 11867
3 11849 11866 11859
3 11853 11867 11866
3 11859 11866 11867
3 11849 11857 11869
3 11855 11868 11857
3 11848 11869 11868
3 11857 11868 11869
3 11855 11865 11871
3 11854 11870 11865
3 11846 11871 11870
3 11865 11870 11871
3 11854 11863 11873
3 11851 11872 11863
3 11850 11873 11872
3 11863 11872 11873
3 11851 11861 11875
3 11845 11874 11861
3 11852 11875 11874
3 11861 11874 11875
3 11847 11876 11878
3 11853 11877 11876
3 11848 11878 11877
3 11876 11877 11878
3 11847 11878 11880
3 11848 11879 11878
3 11846 11880 11879
3 11878 11879 11880
3 11847 11880 11882
3 11846 11881 11880
3 11850 11882 11881
3 11880 11881 11882
3 11847 11882 11884
3 11850 11883 11882
3 11852 11884 11883
3 11882 11883 11884
3 11847 11884 11876
3 11852 11885 11884
3 11853 11876 11885
3 11884 11885 11876
3 11848 11877 11869
3 11853 11866 11877
3 11849 11869 11866
3 11877 11866 11869
3 11846 11879 11871
3 11848 11868 11879
3 11855 11871 11868
3 11879 11868 11871
3 11850 11881 11873
3 11846 11870 11881
3 11854 11873 11870
3 11881 11870 11873
3 11852 11883 11875
3 11850 11872 11883
3 11851 11875 11872
3 11883 11872 11875
3 11853 11885 11867
3 11852 11874 11885
3 11845 11867 11874
3 11885 11874 11867
3 11886 11898 11900
3 11897 11899 11898
3 11891 11900 11899
3 11898 11899 11900
3 11886 11900 11902
3 11891 11901 11900
3 11887 11902 11901
3 11900 11901 11902
3 11886 11902 11904
3 11887 11903 11902
3 11893 11904 11903
3 11902 11903 11904
3 11886 11904 11906
3 11893 11905 11904
3 11896 11906 11905
3 11904 11905 11906
3 11886 11906 11898
3 11896 11907 11906
3 11897 11898 11907
3 11906 11907 11898
3 11887 11901 11909
3 11891 11908 11901
3 11895 11909 11908
3 11901 11908 11909
3 11891 11899 11911
3 11897 11910 11899
3 11890 11911 11910
3 11899 11910 11911
3 11897 11907 11913
3 11896 11912 11907
3 11888 11913 11912
3 11907 11912 11913
3 11896 11905 11915
3 11893 11914 11905
3 11892 11915 11914
3 11905 11914 11915
3 11893 11903 11917
3 11887 11916 11903
3 11894 11917 11916
3 11903 11916 11917
3 11889 11918 11920
3 11895 11919 11918
3 11890 11920 11919
3 11918 11919 11920
3 11889 11920 11922
3 11890 11921 11920
3 11888 11922 11921
3 11920 11921 11922
3 11889 11922 11924
3 11888 11923 11922
3 11892 11924 11923
3 11922 11923 11924
3 11889 11924 11926
3 11892 11925 11924
3 11894 11926 11925
3 11924 11925 11926
3 11889 11926 11918
3 11894 11927 11926
3 11895 11918 11927
3 11926 11927 11918
3 11890 11919 11911
3 11895 11908 11919
3 11891 11911 11908
3 11919 11908 11911
3 11888 11921 11913
3 11890 11910 11921
3 11897 11913 11910
3 11921 11910 11913
3 11892 11923 11915
3 11888 11912 11923
3 11896 11915 11912
3 11923 11912 11915
3 11894 11925 11917
3 11892 11914 11925
3 11893 11917 11914
3 11925 11914 11917
3 11895 11927 11909
3 11894 11916 11927
3 11887 11909 11916
3 11927 11916 11909
3 11928 11940 11942
3 11939 11941 11940
3 11933 11942 11941
3 11940 11941 11942
3 11928 11942 11944
3 11933 11943 11942
3 11929 11944 11943
3 11942 11943 11944
3 11928 11944 11946
3 11929 11945 11944
3 11935 11946 11945
3 11944 11945 11946
3 11928 11946 11948
3 11935 11947 11946
3 11938 11948 11947
3 11946 11947 11948
3 11928 11948 11940
3 11938 11949 11948
3 11939 11940 11949
3 11948 11949 11940
3 11929 11943 11951
3 11933 11950 11943
3 11937 11951 11950
3 11943 11950 11951
3 11933 11941 11953
3 11939 11952 11941
3 11932 11953 11952
3 11941 11952 11953
3 11939 11949 11955
3 11938 11954 11949
3 11930 11955 11954
3 11949 11954 11955
3 11938 11947 11957
3 11935 11956 11947
3 11934 11957 11956
3 11947 11956 11957
3 11935 11945 11959
3 11929 11958 11945
3 11936 11959 11958
3 11945 11958 11959
3 11931 11960 11962
3 11937 11961 11960
3 11932 11962 11961
3 11960 11961 11962
3 11931 11962 11964
3 11932 11963 11962
3 11930 11964 11963
3 11962 11963 11964
3 11931 11964 11966
3 11930 11965 11964
3 11934 11966 11965
3 11964 11965 11966
3 11931 11966 11968
3 11934 11967 11966
3 11936 11968 11967
3 11966 11967 11968
3 11931 11968 11960
3 11936 11969 11968
3 11937 11960 11969
3 11968 11969 11960
3 11932 11961 11953
3 11937 11950 11961
3 11933 11953 11950
3 11961 11950 11953
3 11930 11963 11955
3 11932 11952 11963
3 11939 11955 11952
3 11963 11952 11955
3 11934 11965 11957
3 11930 11954 11965
3 11938 11957 11954
3 11965 11954 11957
3 11936 11967 11959
3 11934 11956 11967
3 11935 11959 11956
3 11967 11956 11959
3 11937 11969 11951
3 11936 11958 11969
3 11929 11951 11958
3 11969 11958 11951
3 11970 11982 11984
3 11981 11983 11982
3 11975 11984 11983
3 11982 11983 11984
3 11970 11984 11986
3 11975 11985 11984
3 11971 11986 11985
3 11984 11985 11986
3 11970 11986 11988
3 11971 11987 11986
3 11977 11988 11987
3 11986 11987 11988
3 11970 11988 11990
3 11977 11989 11988
3 11980 11990 11989
3 11988 11989 11990
3 11970 11990 11982
3 11980 11991 11990
3 11981 11982 11991
3 11990 11991 11982
3 11971 11985 11993
3 11975 11992 11985
3 11979 11993 11992
3 11985 11992 11993
3 11975 11983 11995
3 11981 11994 11983
3 11974 11995 11994
3 11983 11994 11995
3 11981 11991 11997
3 11980 11996 11991
3 11972 11997 11996
3 11991 11996 11997
3 11980 11989 11999
3 11977 11998 11989
3 11976 11999 11998
3 11989 11998 11999
3 11977 11987 12001
3 11971 12000 11987
3 11978 12001 12000
3 11987 12000 12001
3 11973 12002 12004
3 11979 12003 12002
3 11974 12004 12003
3 12002 12003 12004
3 11973 12004 12006
3 11974 12005 12004
3 11972 12006 12005
3 12004 12005 12006
3 11973 12006 12008
3 11972 12007 12006
3 11976 12008 12007
3 12006 12007 12008
3 11973 12008 12010
3 11976 12009 12008
3 11978 12010 12009
3 12008 12009 12010
3 11973 12010 12002
3 11978 12011 12010
3 11979 12002 12011
3 12010 12011 12002
3 11974 12003 11995
3 11979 11992 12003
3 11975 11995 11992
3 12003 11992 11995
3 11972 12005 11997
3 11974 11994 12005
3 11981 11997 11994
3 12005 11994 11997
3 11976 12007 11999
3 11972 11996 12007
3 11980 11999 11996
3 12007 11996 11999
3 11978 12009 12001
3 11976 11998 12009
3 11977 12001 11998
3 12009 11998 12001
3 11979 12011 11993
3 11978 12000 12011
3 11971 11993 12000
3 12011 12000 11993
3 12012 12024 12026
3 12023 12025 12024
3 12017 12026 12025
3 12024 12025 12026
3 12012 12026 12028
3 12017 12027 12026
3 12013 12028 12027
3 12026 12027 12028
3 12012 12028 12030
3 12013 12029 12028
3 12019 12030 12029
3 12028 12029 12030
3 12012 12030 12032
3 12019 12031 12030
3 12022 12032 12031
3 12030 12031 12032
3 12012 12032 12024
3 12022 12033 12032
3 12023 12024 12033
3 12032 12033 12024
3 12013 12027 12035
3 12017 12034 12027
3 12021 12035 12034
3 12027 12034 12035
3 12017 12025 12037
3 12023 12036 12025
3 12016 12037 12036
3 12025 12036 12037
3 12023 12033 12039
3 12022 12038 12033
3 12014 12039 12038
3 12033 12038 12039
3 12022 12031 12041
3 12019 12040 12031
3 12018 12041 12040
3 12031 12040 12041
3 12019 12029 12043
3 12013 12042 12029
3 12020 12043 12042
3 12029 12042 12043
3 12015 12044 12046
3 12021 12045 12044
3 12016 12046 12045
3 12044 12045 12046
3 12015 12046 12048
3 12016 12047 12046
3 12014 12048 12047
3 12046 12047 12048
3 12015 12048 12050
3 12014 12049 12048
3 12018 12050 12049
3 12048 12049 12050
3 12015 12050 12052
3 12018 12051 12050
3 12020 12052 12051
3 12050 12051 12052
3 12015 12052 12044
3 12020 12053 12052
3 12021 12044 12053
3 12052 12053 12044
3 12016 12045 12037
3 12021 12034 12045
3 12017 12037 12034
3 12045 12034 12037
3 12014 12047 12039
3 12016 12036 12047
3 12023 12039 12036
3 12047 12036 12039
3 12018 12049 12041
3 12014 12038 12049
3 12022 12041 12038
3 12049 12038 12041
3 12020 12051 12043
3 12018 12040 12051
3 12019 12043 12040
3 12051 12040 12043
3 12021 12053 12035
3 12020 12042 12053
3 12013 12035 12042
3 12053 12042 12035
