ply
format ascii 1.0
element vertex 6890
property float x
property float y
property float z
property uchar red
property uchar green
property uchar blue
element face 1007
property list uchar int vertex_indices
end_header
0.015617 -0.508107 0.612065 0 255 0
0.020794 -0.524446 0.582681 0 255 0
0.017611 -0.493865 0.586877 0 255 0
0.020960 -0.525149 0.586671 0 255 0
0.012504 -0.496770 0.574156 0 255 0
0.004073 -0.509109 0.583160 0 255 0
0.044357 -0.488288 0.571500 0 255 0
0.043248 -0.500939 0.614779 0 255 0
0.047136 -0.481528 0.574656 0 255 0
0.051319 -0.454447 0.572926 0 255 0
0.065493 -0.472064 0.587211 0 255 0
0.047710 -0.462828 0.579441 0 255 0
0.050295 -0.442529 0.575329 0 255 0
0.035596 -0.414086 0.571432 0 255 0
0.058179 -0.413908 0.571420 0 255 0
0.052930 -0.416632 0.573762 0 255 0
-0.021692 -0.449296 0.574938 0 255 0
0.015564 -0.457564 0.566010 0 255 0
0.007943 -0.444324 0.557608 0 255 0
-0.008068 -0.433819 0.576793 0 255 0
-0.018177 -0.459729 0.588360 0 255 0
-0.018079 -0.452208 0.603138 0 255 0
-0.016635 -0.452266 0.591104 0 255 0
-0.005259 -0.458507 0.588274 0 255 0
-0.000694 -0.418973 0.569867 0 255 0
0.000707 -0.426229 0.587169 0 255 0
-0.000845 -0.444910 0.554860 0 255 0
-0.007801 -0.451187 0.578719 0 255 0
0.000552 -0.436723 0.578170 0 255 0
-0.018836 -0.453673 0.585404 0 255 0
-0.012593 -0.448168 0.580209 0 255 0
-0.045332 -0.451299 0.575615 0 255 0
-0.008204 -0.438372 0.577695 0 255 0
-0.020740 -0.449851 0.591449 0 255 0
-0.017185 -0.437970 0.561990 0 255 0
-0.023289 -0.430924 0.587316 0 255 0
-0.034500 -0.439716 0.590277 0 255 0
-0.015478 -0.452062 0.592496 0 255 0
-0.014752 -0.445745 0.584025 0 255 0
-0.014016 -0.439948 0.592672 0 255 0
0.016310 -0.440117 0.577137 0 255 0
0.008268 -0.425179 0.573816 0 255 0
0.001037 -0.420516 0.565565 0 255 0
0.024498 -0.436155 0.571506 0 255 0
-0.025427 -0.437820 0.571642 0 255 0
-0.024142 -0.400121 0.552213 0 255 0
-0.001839 -0.432027 0.569464 0 255 0
0.000431 -0.421410 0.576298 0 255 0
-0.007577 -0.408661 0.570343 0 255 0
0.024580 -0.412093 0.569985 0 255 0
0.017774 -0.414224 0.566522 0 255 0
0.038843 -0.386349 0.578114 0 255 0
0.015558 -0.427013 0.576885 0 255 0
0.010089 -0.408644 0.573713 0 255 0
0.029661 -0.387161 0.573629 0 255 0
0.035523 -0.363345 0.600157 0 255 0
0.007528 -0.388320 0.566707 0 255 0
0.021793 -0.385831 0.576156 0 255 0
0.026428 -0.376572 0.583305 0 255 0
-0.017884 -0.397797 0.583629 0 255 0
0.010855 -0.380548 0.586334 0 255 0
-0.015441 -0.373633 0.564469 0 255 0
0.011529 -0.390802 0.579506 0 255 0
0.003862 -0.418639 0.559102 0 255 0
0.005541 -0.412956 0.579746 0 255 0
0.013477 -0.416768 0.591020 0 255 0
-0.009463 -0.419961 0.571194 0 255 0
-0.003525 -0.418260 0.585566 0 255 0
0.012434 -0.407387 0.592783 0 255 0
0.024962 -0.404488 0.576710 0 255 0
-0.015530 -0.398306 0.568244 0 255 0
-0.000891 -0.404173 0.567182 0 255 0
0.001474 -0.415857 0.585343 0 255 0
0.005125 -0.414231 0.592625 0 255 0
0.008136 -0.383412 0.600539 0 255 0
-0.011297 -0.424390 0.588013 0 255 0
-0.010197 -0.396902 0.585577 0 255 0
-0.006530 -0.406663 0.584457 0 255 0
-0.017861 -0.416438 0.591305 0 255 0
-0.014071 -0.405474 0.570432 0 255 0
0.004537 -0.436926 0.582260 0 255 0
0.012072 -0.441163 0.571531 0 255 0
0.016430 -0.437541 0.584186 0 255 0
0.016675 -0.427380 0.586570 0 255 0
0.003001 -0.416224 0.584592 0 255 0
0.016487 -0.417149 0.580157 0 255 0
0.012170 -0.404588 0.583350 0 255 0
0.018039 -0.413821 0.581205 0 255 0
0.001910 -0.394467 0.577658 0 255 0
0.008704 -0.409019 0.543092 0 255 0
0.021909 -0.403529 0.585878 0 255 0
0.025040 -0.399239 0.568348 0 255 0
-0.003314 -0.427076 0.585050 0 255 0
0.006158 -0.411276 0.581453 0 255 0
0.022733 -0.397477 0.574014 0 255 0
0.016056 -0.419905 0.582857 0 255 0
0.009940 -0.422411 0.566159 0 255 0
0.015085 -0.414926 0.580329 0 255 0
0.018751 -0.405790 0.565340 0 255 0
0.015755 -0.396973 0.572315 0 255 0
0.037889 -0.392672 0.573183 0 255 0
0.005418 -0.384891 0.568665 0 255 0
-0.010741 -0.373189 0.582003 0 255 0
0.005885 -0.386123 0.574338 0 255 0
0.004409 -0.490700 0.579573 0 255 0
0.021079 -0.489020 0.582243 0 255 0
0.020852 -0.484272 0.571722 0 255 0
0.017792 -0.472633 0.577409 0 255 0
0.016564 -0.511057 0.599020 0 255 0
0.013677 -0.474393 0.579326 0 255 0
0.035108 -0.483582 0.580000 0 255 0
0.050421 -0.500947 0.587605 0 255 0
0.023331 -0.472346 0.585713 0 255 0
0.027074 -0.451141 0.592758 0 255 0
0.017955 -0.480668 0.587643 0 255 0
0.029988 -0.476822 0.581074 0 255 0
0.031678 -0.480334 0.587637 0 255 0
0.025008 -0.468376 0.598609 0 255 0
0.030470 -0.472300 0.590446 0 255 0
0.022893 -0.477222 0.591487 0 255 0
0.007995 -0.460831 0.585601 0 255 0
0.021893 -0.465476 0.572662 0 255 0
0.007823 -0.481330 0.591127 0 255 0
0.001850 -0.487033 0.603635 0 255 0
0.022447 -0.487223 0.593206 0 255 0
0.012399 -0.490670 0.588185 0 255 0
-0.011169 -0.470759 0.591883 0 255 0
0.014289 -0.476121 0.606921 0 255 0
-0.012874 -0.485616 0.588464 0 255 0
-0.004381 -0.473668 0.597118 0 255 0
0.004008 -0.469815 0.583558 0 255 0
-0.007286 -0.471302 0.590307 0 255 0
0.026663 -0.546457 0.614675 0 255 0
0.010485 -0.507583 0.601174 0 255 0
0.032553 -0.551454 0.617486 0 255 0
0.044045 -0.523619 0.601622 0 255 0
0.068508 -0.516567 0.624708 0 255 0
0.035291 -0.437842 0.552385 0 255 0
0.032869 -0.406278 0.566858 0 255 0
0.051854 -0.423814 0.582410 0 255 0
0.050657 -0.377488 0.562386 0 255 0
0.040897 -0.386674 0.577319 0 255 0
0.030052 -0.367934 0.578548 0 255 0
0.030198 -0.403630 0.582404 0 255 0
0.069829 -0.406355 0.585439 0 255 0
0.036621 -0.398599 0.580107 0 255 0
0.072016 -0.418478 0.574976 0 255 0
0.070234 -0.429214 0.597855 0 255 0
0.071685 -0.392419 0.604931 0 255 0
0.094617 -0.431144 0.626083 0 255 0
0.045694 -0.363144 0.595903 0 255 0
0.070740 -0.358631 0.589991 0 255 0
0.088836 -0.366813 0.581104 0 255 0
0.064659 -0.368176 0.578377 0 255 0
0.066245 -0.431888 0.580235 0 255 0
0.054900 -0.495910 0.601209 0 255 0
0.052682 -0.481291 0.583973 0 255 0
0.064395 -0.478519 0.612503 0 255 0
0.056363 -0.547005 0.627617 0 255 0
0.051213 -0.541222 0.614321 0 255 0
0.077399 -0.501721 0.602248 0 255 0
0.066446 -0.513328 0.625641 0 255 0
0.053833 -0.573293 0.637290 0 255 0
0.045576 -0.557481 0.616458 0 255 0
0.051608 -0.564064 0.601036 0 255 0
0.066780 -0.538927 0.632560 0 255 0
0.102937 -0.530467 0.634388 0 255 0
0.133685 -0.509628 0.646733 0 255 0
0.117332 -0.536604 0.647534 0 255 0
0.098230 -0.533665 0.652461 0 255 0
0.123578 -0.563609 0.663160 0 255 0
0.093827 -0.551435 0.653602 0 255 0
0.079877 -0.389655 0.617535 0 255 0
0.087444 -0.405182 0.607680 0 255 0
0.099520 -0.374418 0.610720 0 255 0
0.090926 -0.387913 0.620262 0 255 0
0.102586 -0.561241 0.698373 0 255 0
0.068240 -0.562302 0.675281 0 255 0
0.139831 -0.490546 0.669984 0 255 0
0.145001 -0.507252 0.676261 0 255 0
0.135946 -0.492838 0.625663 0 255 0
0.133051 -0.475474 0.641943 0 255 0
0.143147 -0.505686 0.692572 0 255 0
0.129466 -0.517828 0.684093 0 255 0
0.123980 -0.428067 0.642677 0 255 0
0.108056 -0.427702 0.639867 0 255 0
0.107917 -0.394506 0.658053 0 255 0
0.126532 -0.421688 0.674222 0 255 0
0.020752 -0.507973 0.579067 0 255 0
0.014139 -0.491900 0.578789 0 255 0
0.020797 -0.482742 0.567143 0 255 0
0.039156 -0.454033 0.571649 0 255 0
0.027425 -0.507309 0.589693 0 255 0
0.046427 -0.486236 0.594232 0 255 0
0.085258 -0.503166 0.590920 0 255 0
0.095014 -0.506174 0.621291 0 255 0
0.097159 -0.512581 0.621656 0 255 0
0.100587 -0.508487 0.624126 0 255 0
0.119271 -0.490950 0.645461 0 255 0
0.118502 -0.486687 0.641433 0 255 0
0.106273 -0.406804 0.640963 0 255 0
0.106696 -0.411780 0.637627 0 255 0
0.104501 -0.408862 0.652131 0 255 0
0.104354 -0.401836 0.644190 0 255 0
0.097787 -0.396262 0.645014 0 255 0
0.113027 -0.403717 0.650260 0 255 0
0.103053 -0.378996 0.618603 0 255 0
0.111019 -0.345528 0.618971 0 255 0
0.102399 -0.359363 0.637102 0 255 0
0.109025 -0.394324 0.644145 0 255 0
0.126225 -0.358116 0.634089 0 255 0
0.099392 -0.344229 0.647666 0 255 0
0.124288 -0.360794 0.668312 0 255 0
0.103950 -0.357952 0.635109 0 255 0
0.029623 -0.325925 0.592211 0 255 0
0.048604 -0.332024 0.606327 0 255 0
0.059137 -0.333420 0.592422 0 255 0
0.083569 -0.345643 0.578062 0 255 0
0.102649 -0.346030 0.624068 0 255 0
0.131905 -0.342434 0.644470 0 255 0
0.113528 -0.443122 0.645003 0 255 0
0.116022 -0.430946 0.621962 0 255 0
0.141382 -0.325974 0.661499 0 255 0
0.113077 -0.367860 0.643869 0 255 0
0.105422 -0.386926 0.639113 0 255 0
0.094266 -0.403097 0.684841 0 255 0
0.124777 -0.396708 0.673427 0 255 0
0.010652 -0.451559 0.586541 0 255 0
0.018049 -0.470512 0.588435 0 255 0
0.009431 -0.490909 0.604608 0 255 0
0.007072 -0.477306 0.595325 0 255 0
0.001047 -0.491962 0.605171 0 255 0
0.002381 -0.507601 0.587840 0 255 0
-0.015933 -0.498372 0.600830 0 255 0
-0.020999 -0.493244 0.575919 0 255 0
0.005332 -0.523025 0.605676 0 255 0
0.016869 -0.431265 0.577555 0 255 0
-0.000289 -0.433621 0.574340 0 255 0
-0.001567 -0.458302 0.570489 0 255 0
0.020220 -0.424663 0.581818 0 255 0
0.008852 -0.471377 0.571909 0 255 0
0.028049 -0.474613 0.562216 0 255 0
0.033036 -0.488056 0.576259 0 255 0
0.021665 -0.414686 0.557554 0 255 0
0.039605 -0.421231 0.570387 0 255 0
0.057434 -0.451854 0.593683 0 255 0
0.042763 -0.477654 0.582665 0 255 0
0.020591 -0.581045 0.658560 0 255 0
0.004521 -0.565892 0.632754 0 255 0
0.079881 -0.552642 0.702818 0 255 0
0.051443 -0.576356 0.697127 0 255 0
0.139467 -0.526404 0.710021 0 255 0
0.127007 -0.504936 0.723242 0 255 0
0.129004 -0.483183 0.730046 0 255 0
0.118053 -0.510732 0.741997 0 255 0
0.143301 -0.433386 0.698313 0 255 0
0.114616 -0.341811 0.652690 0 255 0
0.107909 -0.363541 0.657038 0 255 0
0.013848 -0.535086 0.591745 0 255 0
-0.006628 -0.533027 0.611391 0 255 0
0.047802 -0.484037 0.597246 0 255 0
0.047643 -0.462559 0.572715 0 255 0
0.025925 -0.464665 0.592305 0 255 0
0.024211 -0.467746 0.575378 0 255 0
0.042901 -0.449318 0.580226 0 255 0
0.064253 -0.458841 0.574784 0 255 0
0.063555 -0.425915 0.595354 0 255 0
0.091069 -0.429655 0.594643 0 255 0
0.082417 -0.430356 0.604281 0 255 0
0.136660 -0.520130 0.633397 0 255 0
0.124072 -0.528822 0.650430 0 255 0
0.113890 -0.536070 0.694860 0 255 0
0.111897 -0.531538 0.693442 0 255 0
0.128551 -0.506662 0.643760 0 255 0
0.119880 -0.531926 0.711174 0 255 0
-0.018887 -0.410755 0.602621 0 255 0
0.006439 -0.427008 0.579619 0 255 0
-0.000751 -0.422507 0.577755 0 255 0
-0.019262 -0.396230 0.573674 0 255 0
-0.012146 -0.403358 0.572350 0 255 0
-0.000125 -0.392142 0.564824 0 255 0
-0.003784 -0.399696 0.576623 0 255 0
0.015155 -0.368328 0.595156 0 255 0
0.034663 -0.373199 0.558674 0 255 0
0.033484 -0.342621 0.573079 0 255 0
0.048516 -0.352647 0.600663 0 255 0
-0.004406 -0.448043 0.573944 0 255 0
0.014231 -0.449211 0.583962 0 255 0
-0.022492 -0.447828 0.585504 0 255 0
-0.013233 -0.430119 0.578224 0 255 0
-0.003850 -0.427623 0.593548 0 255 0
-0.022931 -0.405152 0.586966 0 255 0
-0.003590 -0.424017 0.596419 0 255 0
-0.008926 -0.419734 0.565060 0 255 0
-0.020581 -0.418618 0.582459 0 255 0
0.048879 -0.380110 0.600026 0 255 0
0.063318 -0.366986 0.599871 0 255 0
0.112777 -0.364824 0.629354 0 255 0
0.102896 -0.371481 0.593860 0 255 0
0.109972 -0.403738 0.616037 0 255 0
0.115562 -0.378697 0.660998 0 255 0
0.108181 -0.363922 0.668056 0 255 0
0.076579 -0.367719 0.685458 0 255 0
0.106983 -0.404959 0.712374 0 255 0
0.109030 -0.387236 0.692733 0 255 0
0.108219 -0.394542 0.668553 0 255 0
0.039605 -0.387405 0.593898 0 255 0
0.009537 -0.359654 0.599907 0 255 0
0.041550 -0.371260 0.596922 0 255 0
0.046294 -0.368871 0.604423 0 255 0
-0.018696 -0.427271 0.591790 0 255 0
-0.013442 -0.445004 0.585042 0 255 0
-0.012636 -0.450462 0.582537 0 255 0
-0.046731 -0.441345 0.589392 0 255 0
-0.013557 -0.435040 0.578053 0 255 0
-0.012478 -0.422618 0.582859 0 255 0
-0.015223 -0.421830 0.587544 0 255 0
0.004131 -0.431028 0.582419 0 255 0
-0.021593 -0.420932 0.598281 0 255 0
-0.014113 -0.427380 0.583169 0 255 0
-0.016953 -0.439622 0.598570 0 255 0
-0.034088 -0.426152 0.575786 0 255 0
-0.021620 -0.443248 0.586236 0 255 0
-0.013512 -0.430340 0.575800 0 255 0
0.004472 -0.442078 0.563787 0 255 0
-0.037807 -0.421925 0.576168 0 255 0
-0.020282 -0.445329 0.578652 0 255 0
-0.018906 -0.438524 0.575045 0 255 0
-0.026499 -0.449059 0.582279 0 255 0
-0.018795 -0.454287 0.597216 0 255 0
-0.027124 -0.451090 0.582978 0 255 0
-0.037384 -0.450539 0.581904 0 255 0
-0.050771 -0.428801 0.573852 0 255 0
0.037759 -0.360235 0.598010 0 255 0
0.047368 -0.342613 0.619822 0 255 0
-0.023898 -0.530493 0.610815 0 255 0
-0.026316 -0.502864 0.622450 0 255 0
0.018324 -0.411474 0.590540 0 255 0
0.007331 -0.489686 0.579589 0 255 0
0.021948 -0.466459 0.554528 0 255 0
-0.003002 -0.460038 0.584078 0 255 0
-0.010120 -0.467806 0.581583 0 255 0
0.022945 -0.464580 0.603135 0 255 0
0.008128 -0.472085 0.576473 0 255 0
-0.019811 -0.507516 0.585350 0 255 0
-0.022401 -0.491176 0.590640 0 255 0
-0.013727 -0.490782 0.599772 0 255 0
0.005262 -0.481868 0.603851 0 255 0
-0.027336 -0.467547 0.605195 0 255 0
-0.021503 -0.476428 0.585172 0 255 0
0.008019 -0.471628 0.595431 0 255 0
0.023045 -0.493150 0.574137 0 255 0
0.011811 -0.491882 0.572538 0 255 0
0.002426 -0.455862 0.604329 0 255 0
0.001808 -0.458627 0.583408 0 255 0
-0.002263 -0.456108 0.591936 0 255 0
-0.012510 -0.454428 0.603360 0 255 0
0.010390 -0.472359 0.573993 0 255 0
0.035044 -0.473515 0.574654 0 255 0
0.020082 -0.471361 0.577018 0 255 0
0.118011 -0.470650 0.630517 0 255 0
0.104202 -0.453760 0.631636 0 255 0
0.094930 -0.435277 0.602842 0 255 0
0.094895 -0.429072 0.586244 0 255 0
0.093688 -0.430479 0.623644 0 255 0
0.082488 -0.413860 0.622844 0 255 0
0.109932 -0.491092 0.633338 0 255 0
0.110610 -0.488661 0.623358 0 255 0
0.104594 -0.485384 0.627577 0 255 0
0.104736 -0.480334 0.623700 0 255 0
0.116951 -0.490382 0.622441 0 255 0
0.119578 -0.483928 0.639831 0 255 0
0.089314 -0.486072 0.606367 0 255 0
0.097326 -0.482614 0.615054 0 255 0
0.099133 -0.480943 0.619550 0 255 0
0.085039 -0.496822 0.620726 0 255 0
0.094343 -0.495475 0.600627 0 255 0
0.057659 -0.496338 0.612397 0 255 0
0.092977 -0.454571 0.624389 0 255 0
0.096359 -0.473079 0.592492 0 255 0
0.098716 -0.494215 0.582421 0 255 0
0.088315 -0.438893 0.605582 0 255 0
0.076710 -0.425278 0.606143 0 255 0
0.094460 -0.433469 0.622525 0 255 0
0.116231 -0.494930 0.739291 0 255 0
0.096194 -0.526454 0.735113 0 255 0
0.129670 -0.472769 0.665582 0 255 0
0.148650 -0.459816 0.685820 0 255 0
0.139694 -0.472780 0.655067 0 255 0
0.138756 -0.473449 0.631035 0 255 0
0.115082 -0.480994 0.710060 0 255 0
0.123007 -0.470732 0.720147 0 255 0
0.076452 -0.467776 0.592740 0 255 0
0.101450 -0.442695 0.598396 0 255 0
0.130337 -0.448661 0.667509 0 255 0
0.148004 -0.449642 0.698238 0 255 0
0.096945 -0.447016 0.652842 0 255 0
0.113578 -0.454682 0.632184 0 255 0
0.135651 -0.434024 0.700971 0 255 0
0.135660 -0.432220 0.695739 0 255 0
0.112908 -0.441690 0.717041 0 255 0
0.078871 -0.438272 0.608387 0 255 0
0.094484 -0.442194 0.588496 0 255 0
0.081284 -0.439759 0.604054 0 255 0
0.094555 -0.443145 0.604881 0 255 0
0.066812 -0.465954 0.582730 0 255 0
0.083569 -0.456175 0.622590 0 255 0
-0.010398 -0.460368 0.594916 0 255 0
-0.018584 -0.459141 0.594138 0 255 0
-0.045684 -0.477985 0.602776 0 255 0
-0.020232 -0.475072 0.594940 0 255 0
0.037557 -0.579718 0.713234 0 255 0
0.023967 -0.552862 0.673084 0 255 0
0.085794 -0.552491 0.738177 0 255 0
0.052143 -0.566314 0.713067 0 255 0
0.000477 -0.376010 0.571310 0 255 0
-0.002870 -0.358334 0.570186 0 255 0
-0.012361 -0.427997 0.583615 0 255 0
-0.032099 -0.423054 0.578360 0 255 0
-0.014101 -0.406228 0.591091 0 255 0
-0.026480 -0.438157 0.575587 0 255 0
-0.019576 -0.488816 0.608003 0 255 0
0.097889 -0.412752 0.702110 0 255 0
0.108160 -0.364495 0.674929 0 255 0
0.117628 -0.331242 0.676137 0 255 0
0.124500 -0.331644 0.662028 0 255 0
0.125094 -0.339096 0.672312 0 255 0
-0.017516 -0.430454 0.598348 0 255 0
-0.007380 -0.420958 0.583037 0 255 0
-0.017755 -0.435252 0.589162 0 255 0
-0.010305 -0.417142 0.580567 0 255 0
-0.005921 -0.432165 0.581063 0 255 0
-0.022118 -0.449024 0.586285 0 255 0
-0.019788 -0.450466 0.559142 0 255 0
-0.027382 -0.429448 0.573895 0 255 0
0.009165 -0.478703 0.580833 0 255 0
-0.003002 -0.492516 0.572600 0 255 0
-0.012906 -0.421940 0.585504 0 255 0
-0.021367 -0.438540 0.575236 0 255 0
-0.026955 -0.437282 0.568050 0 255 0
0.083584 -0.319378 0.594097 0 255 0
0.131392 -0.335428 0.592014 0 255 0
-0.013487 -0.427474 0.577926 0 255 0
-0.008740 -0.430859 0.577806 0 255 0
-0.012969 -0.554114 0.666765 0 255 0
0.113336 -0.437937 0.724784 0 255 0
0.103788 -0.437703 0.714783 0 255 0
0.086081 -0.481638 0.605961 0 255 0
0.109162 -0.448545 0.627611 0 255 0
0.084609 -0.470425 0.620838 0 255 0
0.072883 -0.475726 0.599280 0 255 0
0.021813 -0.346496 0.623523 0 255 0
0.113217 -0.332180 0.608165 0 255 0
0.117063 -0.338645 0.679415 0 255 0
0.022136 -0.467527 0.570604 0 255 0
0.030852 -0.480704 0.604124 0 255 0
-0.004254 -0.484019 0.595198 0 255 0
0.114340 -0.479001 0.742461 0 255 0
-0.011978 -0.414751 0.571891 0 255 0
-0.003925 -0.419801 0.564465 0 255 0
0.105675 -0.352629 0.683727 0 255 0
0.013171 -0.357076 0.602159 0 255 0
-0.009113 -0.428294 0.582829 0 255 0
0.102764 -0.409522 0.717367 0 255 0
0.108245 -0.473606 0.615824 0 255 0
0.090803 -0.473819 0.628787 0 255 0
0.108235 -0.471784 0.623160 0 255 0
0.097562 -0.465889 0.606277 0 255 0
0.113281 -0.483635 0.614612 0 255 0
0.120575 -0.463309 0.619047 0 255 0
0.111923 -0.485738 0.605529 0 255 0
0.097242 -0.479722 0.599237 0 255 0
0.093367 -0.472041 0.624987 0 255 0
0.100177 -0.468635 0.606522 0 255 0
0.113492 -0.487988 0.614633 0 255 0
0.110176 -0.484750 0.605347 0 255 0
0.114861 -0.477677 0.616186 0 255 0
0.101658 -0.460749 0.615949 0 255 0
0.102840 -0.469562 0.614285 0 255 0
0.099589 -0.475748 0.604665 0 255 0
0.111293 -0.501560 0.608174 0 255 0
0.113961 -0.462330 0.615504 0 255 0
0.123404 -0.496608 0.622441 0 255 0
0.114301 -0.484850 0.620875 0 255 0
0.082945 -0.449146 0.621702 0 255 0
0.087013 -0.445863 0.613752 0 255 0
0.117488 -0.479554 0.628408 0 255 0
0.115633 -0.454441 0.611752 0 255 0
0.136238 -0.478261 0.612050 0 255 0
0.116407 -0.465798 0.635515 0 255 0
0.123179 -0.464779 0.608936 0 255 0
0.120746 -0.461409 0.617995 0 255 0
0.116885 -0.434352 0.624026 0 255 0
0.115909 -0.455233 0.609678 0 255 0
0.133367 -0.425160 0.596598 0 255 0
0.118161 -0.447767 0.610325 0 255 0
0.116238 -0.476137 0.616459 0 255 0
0.111900 -0.459686 0.621623 0 255 0
0.107405 -0.483071 0.644519 0 255 0
0.105510 -0.476937 0.603153 0 255 0
0.110883 -0.462432 0.615453 0 255 0
0.103908 -0.485164 0.627927 0 255 0
0.122990 -0.469156 0.624621 0 255 0
0.096047 -0.482650 0.614937 0 255 0
0.099410 -0.460265 0.622570 0 255 0
0.107518 -0.443631 0.615721 0 255 0
0.099284 -0.452444 0.609035 0 255 0
0.112118 -0.462255 0.611664 0 255 0
0.094442 -0.437039 0.607774 0 255 0
0.102807 -0.450587 0.595537 0 255 0
0.099756 -0.467395 0.623733 0 255 0
0.096939 -0.456546 0.620932 0 255 0
0.106153 -0.452295 0.612098 0 255 0
0.100193 -0.432292 0.602031 0 255 0
0.080513 -0.464136 0.611668 0 255 0
0.090146 -0.459704 0.618173 0 255 0
0.110720 -0.455466 0.622227 0 255 0
0.089048 -0.458692 0.619407 0 255 0
0.100707 -0.449436 0.620855 0 255 0
0.102434 -0.453485 0.624121 0 255 0
0.116324 -0.459128 0.609238 0 255 0
0.105648 -0.448153 0.613805 0 255 0
0.094269 -0.463552 0.600012 0 255 0
0.109263 -0.435450 0.609685 0 255 0
0.112018 -0.485258 0.635306 0 255 0
0.106608 -0.479871 0.640064 0 255 0
0.103527 -0.447007 0.629102 0 255 0
0.113822 -0.474365 0.627803 0 255 0
0.110622 -0.441900 0.616476 0 255 0
0.107696 -0.434628 0.624869 0 255 0
0.121355 -0.453885 0.618305 0 255 0
0.074156 -0.450649 0.600003 0 255 0
0.105905 -0.458493 0.623246 0 255 0
0.081610 -0.436762 0.632744 0 255 0
0.106163 -0.456297 0.621525 0 255 0
0.124050 -0.447419 0.610859 0 255 0
0.098123 -0.452543 0.627452 0 255 0
0.093527 -0.446402 0.636663 0 255 0
0.103729 -0.453411 0.620481 0 255 0
0.094507 -0.448537 0.619515 0 255 0
0.104575 -0.451988 0.597721 0 255 0
0.115524 -0.468788 0.623249 0 255 0
0.100647 -0.457163 0.615950 0 255 0
0.128160 -0.465727 0.607382 0 255 0
0.099912 -0.461027 0.616136 0 255 0
0.124510 -0.451361 0.620862 0 255 0
0.113955 -0.474708 0.616693 0 255 0
0.117721 -0.460392 0.623670 0 255 0
0.105015 -0.473581 0.617020 0 255 0
0.106797 -0.471569 0.602988 0 255 0
0.116064 -0.449965 0.605073 0 255 0
0.130543 -0.464782 0.616171 0 255 0
0.121221 -0.478400 0.616853 0 255 0
0.101140 -0.474158 0.612765 0 255 0
0.105235 -0.475740 0.623358 0 255 0
0.111024 -0.473639 0.633015 0 255 0
0.094833 -0.476693 0.625636 0 255 0
0.103116 -0.474263 0.624486 0 255 0
0.121420 -0.471552 0.621607 0 255 0
0.136192 -0.471227 0.619228 0 255 0
0.122568 -0.469467 0.618469 0 255 0
0.118398 -0.461235 0.616668 0 255 0
0.112496 -0.482987 0.615595 0 255 0
0.106548 -0.463893 0.619867 0 255 0
0.105199 -0.489486 0.618470 0 255 0
0.101251 -0.484308 0.612052 0 255 0
0.106647 -0.484350 0.614307 0 255 0
0.092696 -0.479224 0.613285 0 255 0
0.113109 -0.482728 0.612118 0 255 0
0.127987 -0.465346 0.591534 0 255 0
0.075041 -0.294301 0.591353 0 255 0
0.058989 -0.319590 0.609216 0 255 0
0.064410 -0.299385 0.609460 0 255 0
0.062189 -0.299969 0.583517 0 255 0
0.108767 -0.471310 0.627786 0 255 0
0.101768 -0.481977 0.608661 0 255 0
0.114382 -0.468352 0.599289 0 255 0
0.100847 -0.452880 0.617872 0 255 0
0.100915 -0.477141 0.615054 0 255 0
0.103626 -0.459264 0.606159 0 255 0
0.115992 -0.483302 0.613216 0 255 0
0.110339 -0.468378 0.621637 0 255 0
0.112496 -0.465534 0.606015 0 255 0
0.117855 -0.451795 0.623488 0 255 0
0.113894 -0.301352 0.603484 0 255 0
0.126318 -0.327054 0.622926 0 255 0
0.122856 -0.328723 0.593691 0 255 0
0.122435 -0.317062 0.587317 0 255 0
0.146546 -0.282911 0.572809 0 255 0
0.124201 -0.302785 0.577112 0 255 0
0.137571 -0.281512 0.596631 0 255 0
0.145693 -0.319872 0.598441 0 255 0
0.141941 -0.286419 0.553219 0 255 0
0.132079 -0.276049 0.550135 0 255 0
0.133043 -0.220546 0.502832 0 255 0
0.128979 -0.226232 0.530583 0 255 0
0.138524 -0.222980 0.495559 0 255 0
0.126754 -0.214493 0.500712 0 255 0
0.160245 -0.167837 0.473764 0 255 0
0.140297 -0.143261 0.451142 0 255 0
0.135694 -0.133458 0.448073 0 255 0
0.158941 -0.135659 0.459568 0 255 0
0.167864 -0.281901 0.551762 0 255 0
0.172950 -0.284828 0.553549 0 255 0
0.184003 -0.310577 0.567786 0 255 0
0.164168 -0.297739 0.569082 0 255 0
0.147882 -0.305440 0.668585 0 255 0
0.141150 -0.315964 0.645181 0 255 0
0.151976 -0.301653 0.620927 0 255 0
0.146615 -0.310325 0.624017 0 255 0
0.197541 -0.177249 0.497679 0 255 0
0.199991 -0.187520 0.480482 0 255 0
0.180558 -0.173687 0.492699 0 255 0
0.192882 -0.146170 0.487900 0 255 0
0.175971 -0.067863 0.504519 0 255 0
0.171270 -0.071593 0.487791 0 255 0
0.157999 -0.059271 0.486854 0 255 0
0.190684 -0.037065 0.494635 0 255 0
0.207206 -0.090584 0.555242 0 255 0
0.222552 -0.070288 0.574772 0 255 0
0.202294 -0.070573 0.574031 0 255 0
0.213628 -0.076296 0.567753 0 255 0
0.164303 -0.237782 0.528530 0 255 0
0.150945 -0.273798 0.551461 0 255 0
0.149703 -0.247255 0.530762 0 255 0
0.143361 -0.226985 0.508038 0 255 0
0.159060 -0.479863 0.607532 0 255 0
0.159037 -0.439466 0.605955 0 255 0
0.146231 -0.440790 0.609190 0 255 0
0.152176 -0.458957 0.579063 0 255 0
0.220224 0.032786 0.544115 0 255 0
0.222958 0.056307 0.536906 0 255 0
0.233044 0.049529 0.577043 0 255 0
0.216209 0.039620 0.564574 0 255 0
0.182199 -0.374774 0.613014 0 255 0
0.199459 -0.342452 0.618066 0 255 0
0.186204 -0.364678 0.630105 0 255 0
0.184442 -0.337362 0.631893 0 255 0
0.172893 -0.240975 0.532155 0 255 0
0.186972 -0.253893 0.530648 0 255 0
0.201149 -0.256464 0.542764 0 255 0
0.176427 -0.232430 0.529951 0 255 0
0.201959 -0.134236 0.560981 0 255 0
0.207314 -0.153934 0.576123 0 255 0
0.213788 -0.141090 0.558823 0 255 0
0.228674 -0.118078 0.545280 0 255 0
0.227738 -0.114218 0.537133 0 255 0
0.213029 -0.135101 0.557817 0 255 0
0.195076 -0.235160 0.529042 0 255 0
0.171665 -0.274923 0.549857 0 255 0
0.159638 -0.255551 0.538599 0 255 0
0.160954 -0.237039 0.528334 0 255 0
0.133673 -0.121808 0.474222 0 255 0
0.170844 -0.125364 0.456440 0 255 0
0.208757 0.045282 0.530442 0 255 0
0.200201 0.024811 0.533201 0 255 0
0.188929 0.046626 0.528795 0 255 0
0.170581 0.066519 0.512765 0 255 0
0.139039 -0.086678 0.484325 0 255 0
0.170435 -0.087969 0.480842 0 255 0
0.151317 -0.090233 0.496640 0 255 0
0.151460 -0.103818 0.491327 0 255 0
0.148053 0.086259 0.487648 0 255 0
0.187690 0.038201 0.486820 0 255 0
0.131932 0.039869 0.470317 0 255 0
0.146364 0.057653 0.469146 0 255 0
0.123911 -0.271203 0.548778 0 255 0
0.113669 -0.244436 0.554727 0 255 0
0.185740 -0.163439 0.482388 0 255 0
0.179716 -0.146336 0.461570 0 255 0
0.152423 -0.133529 0.479589 0 255 0
0.181804 -0.122760 0.481903 0 255 0
0.199384 -0.244405 0.564668 0 255 0
0.199350 -0.254383 0.563083 0 255 0
0.195138 -0.292611 0.563941 0 255 0
0.179637 -0.253376 0.545916 0 255 0
0.208887 0.084957 0.574582 0 255 0
0.223845 0.092481 0.551243 0 255 0
0.153825 0.080216 0.473446 0 255 0
0.151829 0.090831 0.469988 0 255 0
0.230950 -0.280403 0.563366 0 255 0
0.214699 -0.286863 0.567783 0 255 0
0.213156 -0.264684 0.591863 0 255 0
0.233861 -0.266514 0.570520 0 255 0
0.106423 -0.165586 0.476528 0 255 0
0.136764 -0.135805 0.444344 0 255 0
0.139709 -0.175636 0.473172 0 255 0
0.126804 -0.164138 0.450043 0 255 0
0.189399 -0.127996 0.462855 0 255 0
0.199394 -0.107159 0.496906 0 255 0
0.178392 -0.092929 0.489502 0 255 0
0.088407 -0.141137 0.459920 0 255 0
0.110740 -0.120564 0.458163 0 255 0
0.097732 -0.256897 0.541076 0 255 0
0.087732 -0.234911 0.534504 0 255 0
0.113225 -0.244329 0.558038 0 255 0
0.092587 -0.274340 0.568090 0 255 0
0.097942 -0.273204 0.543508 0 255 0
0.087259 -0.255097 0.540540 0 255 0
0.109096 -0.286191 0.573754 0 255 0
0.101372 -0.266111 0.576878 0 255 0
0.103660 -0.294531 0.594939 0 255 0
0.086908 -0.294175 0.600285 0 255 0
0.202028 -0.262531 0.548813 0 255 0
0.193700 -0.236803 0.529097 0 255 0
0.214063 0.090946 0.514072 0 255 0
0.195779 -0.231448 0.692169 0 255 0
0.222994 -0.258725 0.677816 0 255 0
0.209630 -0.229977 0.649905 0 255 0
0.193814 -0.235723 0.688519 0 255 0
0.142028 -0.330537 0.620072 0 255 0
0.169765 -0.308069 0.633956 0 255 0
0.234313 -0.261516 0.613101 0 255 0
0.233518 -0.264542 0.613681 0 255 0
0.234580 -0.229328 0.623358 0 255 0
0.237453 -0.228830 0.631107 0 255 0
0.246872 -0.287025 0.594823 0 255 0
0.243148 -0.300221 0.593255 0 255 0
0.254274 -0.336838 0.571810 0 255 0
0.236995 -0.314435 0.566734 0 255 0
0.223101 0.063413 0.593307 0 255 0
0.197149 0.023941 0.594721 0 255 0
0.211543 -0.100547 0.623791 0 255 0
0.228443 -0.102222 0.615510 0 255 0
0.232504 -0.123228 0.613379 0 255 0
0.225152 -0.090482 0.617862 0 255 0
0.105590 -0.177853 0.694045 0 255 0
0.123730 -0.206823 0.712828 0 255 0
0.123852 -0.190705 0.696215 0 255 0
0.128064 -0.191794 0.700624 0 255 0
0.173935 -0.225344 0.687768 0 255 0
0.135466 -0.230345 0.700787 0 255 0
0.126157 -0.244482 0.699735 0 255 0
0.162090 -0.246184 0.724442 0 255 0
0.173132 -0.239574 0.699551 0 255 0
0.168166 -0.218840 0.678320 0 255 0
0.239381 -0.120496 0.600935 0 255 0
0.230117 -0.135530 0.589028 0 255 0
0.227901 -0.174716 0.599498 0 255 0
0.239611 -0.181941 0.590185 0 255 0
0.220727 -0.187198 0.593247 0 255 0
0.232620 -0.189159 0.573494 0 255 0
0.140954 -0.312217 0.644215 0 255 0
0.172402 -0.318928 0.668824 0 255 0
0.155207 -0.318239 0.685695 0 255 0
0.151797 -0.264414 0.681963 0 255 0
0.138590 -0.294083 0.703734 0 255 0
0.153368 -0.289855 0.707713 0 255 0
0.145584 -0.281194 0.715352 0 255 0
0.137850 -0.126790 0.706757 0 255 0
0.133898 -0.085831 0.699409 0 255 0
0.109770 -0.134439 0.711959 0 255 0
0.130668 -0.123738 0.709372 0 255 0
0.226647 -0.211804 0.604340 0 255 0
0.242049 -0.209863 0.611790 0 255 0
0.241399 -0.233682 0.588831 0 255 0
0.246488 -0.230986 0.582152 0 255 0
0.253648 -0.199597 0.596323 0 255 0
0.241430 -0.194220 0.592788 0 255 0
0.235992 -0.191585 0.602870 0 255 0
0.235131 -0.165124 0.622022 0 255 0
0.229121 -0.129881 0.622184 0 255 0
0.229953 -0.161721 0.627852 0 255 0
0.241327 -0.153940 0.606960 0 255 0
0.218905 -0.134167 0.628934 0 255 0
0.117332 -0.062726 0.674125 0 255 0
0.109711 -0.063634 0.678247 0 255 0
0.134579 -0.072843 0.679790 0 255 0
0.156250 -0.051012 0.684066 0 255 0
0.198734 -0.316483 0.570654 0 255 0
0.223376 -0.334518 0.560863 0 255 0
0.182974 -0.359966 0.551701 0 255 0
0.180746 -0.323641 0.585517 0 255 0
0.254413 -0.342250 0.586373 0 255 0
0.248927 -0.337900 0.578120 0 255 0
0.233697 -0.365226 0.583376 0 255 0
0.253876 -0.365791 0.594091 0 255 0
0.204510 -0.373484 0.562329 0 255 0
0.212134 -0.401163 0.547279 0 255 0
0.218952 -0.386915 0.588806 0 255 0
0.188857 -0.361426 0.567695 0 255 0
0.174807 -0.311185 0.690670 0 255 0
0.178656 -0.333856 0.668648 0 255 0
0.164428 -0.330475 0.663179 0 255 0
0.239874 -0.353149 0.548187 0 255 0
0.243948 -0.349488 0.562785 0 255 0
0.247006 -0.358085 0.554503 0 255 0
0.223154 -0.361243 0.578785 0 255 0
0.145436 -0.474191 0.621211 0 255 0
0.163267 -0.439218 0.593384 0 255 0
0.225244 -0.431845 0.546745 0 255 0
0.223635 -0.418311 0.539352 0 255 0
0.224057 -0.391150 0.549139 0 255 0
0.237646 -0.452574 0.539769 0 255 0
0.199130 -0.085918 0.609573 0 255 0
0.202679 -0.070018 0.631017 0 255 0
0.189408 0.045389 0.651722 0 255 0
0.210623 0.015983 0.645576 0 255 0
0.197157 0.029724 0.626082 0 255 0
0.202921 0.056338 0.625945 0 255 0
0.212318 0.053788 0.600929 0 255 0
0.196113 0.052458 0.642477 0 255 0
0.212953 0.084157 0.622624 0 255 0
0.151005 -0.331932 0.654488 0 255 0
0.142239 -0.314283 0.671853 0 255 0
0.155014 -0.313858 0.684388 0 255 0
0.160504 -0.321226 0.685821 0 255 0
0.257034 0.181268 0.610846 0 255 0
0.225345 0.171558 0.585865 0 255 0
0.244658 0.205940 0.586578 0 255 0
0.242882 0.214526 0.627463 0 255 0
0.131770 -0.309180 0.697405 0 255 0
0.119702 -0.308427 0.687633 0 255 0
0.122352 -0.304943 0.676174 0 255 0
0.154218 -0.294526 0.676131 0 255 0
0.238726 0.156481 0.590016 0 255 0
0.229384 0.142089 0.589743 0 255 0
0.125826 -0.337630 0.634525 0 255 0
0.151914 -0.332609 0.648300 0 255 0
0.125343 -0.330537 0.612857 0 255 0
0.141562 -0.332559 0.619409 0 255 0
0.119367 -0.338462 0.624435 0 255 0
0.231354 0.188512 0.557327 0 255 0
0.252539 0.210062 0.558062 0 255 0
0.135166 -0.316649 0.660489 0 255 0
0.137755 -0.332416 0.664019 0 255 0
0.125534 -0.311302 0.672033 0 255 0
0.115392 -0.324763 0.678450 0 255 0
0.120417 -0.309599 0.672047 0 255 0
0.113893 -0.325350 0.674281 0 255 0
0.221303 0.098305 0.582122 0 255 0
0.222989 0.072223 0.620271 0 255 0
0.188493 0.324745 0.656366 0 255 0
0.181479 0.336226 0.667885 0 255 0
0.159471 0.325172 0.666521 0 255 0
0.162139 0.329930 0.677463 0 255 0
0.112230 0.286890 0.697224 0 255 0
0.122220 0.316462 0.680440 0 255 0
0.142304 0.308820 0.655395 0 255 0
0.095610 0.331342 0.654404 0 255 0
0.118899 0.183266 0.704718 0 255 0
0.108346 0.154068 0.711152 0 255 0
0.146920 0.171103 0.696978 0 255 0
0.151849 0.173636 0.708813 0 255 0
0.206917 0.081594 0.632761 0 255 0
0.201668 0.071071 0.631158 0 255 0
0.239070 0.106361 0.560102 0 255 0
0.246510 0.337907 0.521469 0 255 0
0.233565 0.390295 0.520517 0 255 0
0.239506 0.379760 0.568348 0 255 0
0.250066 0.355473 0.551013 0 255 0
0.188307 0.365709 0.608899 0 255 0
0.165064 0.387817 0.640678 0 255 0
0.173233 0.338654 0.645214 0 255 0
0.211242 0.355500 0.620588 0 255 0
0.159517 0.094627 0.468015 0 255 0
0.127273 0.114383 0.463808 0 255 0
0.144827 0.117657 0.472426 0 255 0
0.078565 0.103992 0.455561 0 255 0
0.076729 0.138306 0.452857 0 255 0
0.095043 0.118773 0.465211 0 255 0
0.099987 0.112265 0.452458 0 255 0
0.089333 0.221969 0.467945 0 255 0
0.100012 0.212713 0.466017 0 255 0
0.052923 0.196501 0.456340 0 255 0
0.065692 0.212617 0.469065 0 255 0
0.217820 0.173805 0.543557 0 255 0
0.219505 0.171005 0.519104 0 255 0
0.204051 0.151435 0.496282 0 255 0
0.200596 0.181034 0.507475 0 255 0
0.116629 0.329151 0.642028 0 255 0
0.100827 0.319923 0.632893 0 255 0
0.213242 0.326028 0.499635 0 255 0
0.213047 0.385571 0.492791 0 255 0
0.185388 0.366183 0.457905 0 255 0
0.204935 0.351104 0.471736 0 255 0
0.176965 0.345752 0.464682 0 255 0
0.138691 0.352851 0.455391 0 255 0
0.080187 0.277461 0.492410 0 255 0
0.083986 0.306553 0.503639 0 255 0
0.088038 0.292664 0.478587 0 255 0
0.078384 0.272872 0.473297 0 255 0
0.097376 0.259471 0.717414 0 255 0
0.126994 0.281248 0.699196 0 255 0
0.154004 0.302814 0.700564 0 255 0
0.117595 0.293791 0.688344 0 255 0
0.184552 0.069798 0.657360 0 255 0
0.181842 0.064197 0.659413 0 255 0
0.154178 0.051551 0.662277 0 255 0
0.162913 0.023128 0.658947 0 255 0
0.183440 0.052513 0.653528 0 255 0
0.176052 -0.078917 0.674631 0 255 0
0.187883 -0.105849 0.647802 0 255 0
0.176731 -0.119621 0.649297 0 255 0
0.183695 -0.068791 0.647212 0 255 0
0.141428 -0.224458 0.703636 0 255 0
0.162981 -0.198288 0.692188 0 255 0
0.151606 0.355815 0.652794 0 255 0
0.126131 0.388715 0.627511 0 255 0
0.104697 0.391054 0.645105 0 255 0
0.117813 0.337605 0.629285 0 255 0
0.191153 0.406597 0.641114 0 255 0
0.226410 0.393485 0.599248 0 255 0
0.217745 0.411981 0.597326 0 255 0
0.246747 0.418240 0.521296 0 255 0
0.212386 0.422600 0.554272 0 255 0
0.202349 0.406586 0.462881 0 255 0
0.148742 0.406353 0.435756 0 255 0
0.077237 0.373075 0.498571 0 255 0
0.072910 0.381701 0.478947 0 255 0
0.093238 0.386817 0.465094 0 255 0
0.096125 0.365148 0.457634 0 255 0
0.132636 0.227838 0.472867 0 255 0
0.150450 0.240074 0.455362 0 255 0
0.168772 0.240135 0.451044 0 255 0
0.145817 0.201738 0.467803 0 255 0
0.118182 0.070472 0.439958 0 255 0
0.102079 0.079307 0.441553 0 255 0
0.151040 0.066451 0.457239 0 255 0
0.122109 0.076947 0.450450 0 255 0
0.117097 0.100838 0.439692 0 255 0
0.109147 -0.024886 0.476228 0 255 0
0.115887 0.000980 0.457773 0 255 0
0.125041 0.020407 0.450718 0 255 0
0.129494 -0.028702 0.464418 0 255 0
0.132427 -0.041167 0.457348 0 255 0
0.109784 -0.051071 0.459517 0 255 0
0.118883 -0.088668 0.474947 0 255 0
0.140339 -0.085954 0.484439 0 255 0
0.127922 -0.107776 0.464004 0 255 0
0.090381 -0.245391 0.533625 0 255 0
0.093279 -0.230037 0.524659 0 255 0
0.226545 0.207040 0.539910 0 255 0
0.068123 0.341783 0.594188 0 255 0
0.064706 0.381035 0.591931 0 255 0
0.056566 0.375985 0.575588 0 255 0
0.071420 0.340731 0.569513 0 255 0
0.232919 0.163389 0.555226 0 255 0
0.216786 0.079818 0.528081 0 255 0
0.206737 0.081646 0.532362 0 255 0
0.206777 -0.105580 0.522266 0 255 0
0.203820 -0.091149 0.539249 0 255 0
0.137943 -0.168854 0.441261 0 255 0
0.145445 -0.174821 0.468421 0 255 0
0.247644 0.356624 0.618897 0 255 0
0.205628 0.443900 0.471940 0 255 0
0.158528 0.426664 0.451981 0 255 0
0.150229 0.443884 0.460013 0 255 0
0.178137 0.467210 0.465273 0 255 0
0.073839 0.407665 0.520098 0 255 0
0.072479 0.433958 0.513583 0 255 0
0.056626 0.415246 0.508472 0 255 0
0.086309 0.405760 0.508939 0 255 0
0.058104 0.472190 0.539394 0 255 0
0.064670 0.508826 0.529718 0 255 0
0.085065 0.497051 0.497704 0 255 0
0.078255 0.486254 0.489251 0 255 0
0.219600 0.415091 0.485001 0 255 0
0.203570 0.472004 0.509045 0 255 0
0.209386 0.440060 0.509331 0 255 0
0.200495 0.428407 0.490660 0 255 0
0.182559 0.459326 0.477144 0 255 0
0.171915 0.385938 0.614085 0 255 0
0.058031 0.365910 0.504354 0 255 0
0.066321 0.385742 0.519332 0 255 0
0.052526 0.437238 0.581642 0 255 0
0.040004 0.426294 0.589870 0 255 0
0.077053 0.416218 0.594210 0 255 0
0.066545 0.445022 0.598266 0 255 0
0.175830 0.472889 0.630709 0 255 0
0.200449 0.432971 0.618641 0 255 0
0.208763 0.448023 0.586760 0 255 0
0.204225 0.470815 0.584130 0 255 0
0.229291 0.424775 0.562393 0 255 0
0.203933 0.491294 0.536595 0 255 0
0.178723 0.528393 0.517545 0 255 0
0.216443 0.496307 0.521170 0 255 0
0.207411 0.486581 0.499593 0 255 0
0.172714 0.523193 0.469063 0 255 0
0.201402 0.543093 0.542556 0 255 0
0.212462 0.490974 0.543006 0 255 0
0.188454 0.512374 0.566750 0 255 0
0.207518 0.478928 0.576094 0 255 0
0.159734 0.508129 0.596988 0 255 0
0.197679 0.487828 0.596302 0 255 0
0.160653 0.505183 0.601069 0 255 0
0.169525 0.470113 0.595928 0 255 0
0.124131 0.472714 0.607896 0 255 0
0.114812 0.516239 0.602995 0 255 0
0.131859 0.513726 0.598855 0 255 0
0.106667 0.483995 0.583850 0 255 0
0.071664 0.508339 0.571912 0 255 0
0.070101 0.468941 0.571900 0 255 0
0.091840 0.464408 0.577254 0 255 0
0.091388 0.485312 0.592257 0 255 0
0.078843 0.608137 0.578972 0 255 0
0.093348 0.554338 0.584362 0 255 0
0.102351 0.566166 0.575960 0 255 0
0.093730 0.595049 0.568271 0 255 0
0.112146 0.575367 0.613101 0 255 0
0.118594 0.570379 0.582320 0 255 0
0.136256 0.582629 0.601339 0 255 0
0.125159 0.590122 0.586513 0 255 0
0.175333 0.591193 0.575229 0 255 0
0.173697 0.609988 0.571513 0 255 0
0.154254 0.584702 0.578015 0 255 0
0.150916 0.583991 0.591923 0 255 0
0.163390 0.595596 0.548089 0 255 0
0.182473 0.607145 0.552129 0 255 0
0.182880 0.586352 0.531972 0 255 0
0.166835 0.613385 0.554743 0 255 0
0.165399 0.610256 0.492784 0 255 0
0.156130 0.606628 0.503933 0 255 0
0.048304 0.576655 0.523840 0 255 0
0.048750 0.583943 0.539617 0 255 0
0.079341 0.603474 0.547094 0 255 0
0.067772 0.612850 0.519776 0 255 0
0.089359 0.600476 0.490043 0 255 0
0.080839 0.616633 0.490469 0 255 0
0.089538 0.634757 0.475629 0 255 0
0.107102 0.608011 0.478091 0 255 0
0.202406 0.556218 0.496912 0 255 0
0.208671 0.549518 0.537681 0 255 0
0.191153 0.542842 0.553455 0 255 0
0.162864 0.529477 0.573066 0 255 0
0.087838 0.498935 0.558334 0 255 0
0.077794 0.544412 0.582685 0 255 0
0.076277 0.532333 0.502367 0 255 0
0.063537 0.516649 0.537035 0 255 0
0.139827 0.581483 0.433000 0 255 0
0.164129 0.588646 0.467798 0 255 0
0.184822 0.538035 0.464071 0 255 0
0.152157 0.549192 0.451926 0 255 0
0.187201 0.563646 0.529128 0 255 0
0.201069 0.557308 0.563776 0 255 0
0.175183 0.547420 0.575283 0 255 0
0.139140 0.548866 0.583951 0 255 0
0.153184 0.543179 0.571478 0 255 0
0.122260 0.553414 0.587265 0 255 0
0.087649 0.553256 0.582584 0 255 0
0.077870 0.533551 0.566353 0 255 0
0.055725 0.560806 0.509425 0 255 0
0.058510 0.541989 0.539388 0 255 0
0.141387 0.634557 0.475199 0 255 0
0.149758 0.634893 0.491179 0 255 0
0.172958 0.601384 0.480232 0 255 0
0.148471 0.600270 0.464131 0 255 0
0.124576 0.639784 0.494579 0 255 0
0.099560 0.653079 0.502779 0 255 0
0.121861 0.617875 0.590560 0 255 0
0.106235 0.605396 0.602203 0 255 0
0.128539 0.602835 0.595207 0 255 0
0.164458 0.644022 0.544145 0 255 0
0.167081 0.619761 0.580949 0 255 0
0.166432 0.646910 0.515952 0 255 0
0.138996 0.649520 0.505989 0 255 0
0.062012 0.643914 0.581973 0 255 0
0.070250 0.645024 0.550866 0 255 0
0.065156 0.627181 0.558462 0 255 0
0.047059 0.635684 0.573462 0 255 0
0.070226 0.618396 0.612747 0 255 0
0.063757 0.626154 0.572525 0 255 0
0.096554 0.607616 0.594666 0 255 0
0.108930 0.602207 0.620622 0 255 0
0.122793 0.610735 0.596392 0 255 0
0.133905 0.610330 0.612288 0 255 0
0.145552 0.618683 0.593906 0 255 0
0.171323 0.646126 0.567984 0 255 0
0.179308 0.627701 0.591929 0 255 0
0.167590 0.611715 0.590063 0 255 0
0.150063 0.673320 0.542299 0 255 0
0.142361 0.714871 0.543648 0 255 0
0.180677 0.686903 0.568784 0 255 0
0.140426 0.703653 0.520180 0 255 0
0.113506 0.774085 0.627282 0 255 0
0.102843 0.797747 0.628736 0 255 0
0.127032 0.811676 0.619345 0 255 0
0.122016 0.799255 0.600602 0 255 0
0.058709 0.662381 0.593944 0 255 0
0.063104 0.670609 0.570108 0 255 0
0.091991 0.628415 0.631369 0 255 0
0.076798 0.643363 0.618251 0 255 0
0.163882 0.716219 0.595947 0 255 0
0.178124 0.689861 0.630638 0 255 0
0.167443 0.665672 0.598427 0 255 0
0.172363 0.663082 0.558671 0 255 0
0.038058 0.754351 0.626370 0 255 0
0.044060 0.731444 0.608010 0 255 0
0.057991 0.710660 0.644756 0 255 0
0.047639 0.755718 0.635250 0 255 0
0.096853 0.650994 0.632538 0 255 0
0.081079 0.681267 0.670635 0 255 0
0.072085 0.683048 0.669232 0 255 0
0.056627 0.670342 0.623738 0 255 0
0.155695 0.753273 0.649090 0 255 0
0.149869 0.761783 0.665219 0 255 0
0.173594 0.701138 0.637232 0 255 0
0.153605 0.724301 0.614995 0 255 0
0.134378 0.720330 0.556865 0 255 0
0.150545 0.755916 0.582676 0 255 0
0.165051 0.751000 0.605591 0 255 0
0.158474 0.726223 0.580789 0 255 0
0.120566 0.730368 0.566227 0 255 0
0.100341 0.751260 0.580630 0 255 0
0.044066 0.802078 0.673475 0 255 0
0.053059 0.819354 0.669558 0 255 0
0.049990 0.789606 0.635555 0 255 0
0.046980 0.754505 0.658908 0 255 0
0.078858 0.708424 0.671057 0 255 0
0.076309 0.756699 0.685177 0 255 0
0.067177 0.762419 0.689656 0 255 0
0.058259 0.727094 0.672044 0 255 0
0.141105 0.817879 0.668788 0 255 0
0.121676 0.817334 0.708881 0 255 0
0.125603 0.776450 0.687305 0 255 0
0.152254 0.782159 0.654463 0 255 0
0.099800 0.819876 0.635287 0 255 0
0.121944 0.829565 0.650669 0 255 0
0.139890 0.805920 0.636134 0 255 0
0.082348 0.839570 0.650260 0 255 0
0.081867 0.850101 0.658889 0 255 0
0.086589 0.872783 0.658611 0 255 0
0.041039 0.840053 0.693753 0 255 0
0.047299 0.814361 0.698098 0 255 0
0.066054 0.838304 0.724894 0 255 0
0.072004 0.780369 0.697006 0 255 0
0.082370 0.782198 0.714075 0 255 0
0.071543 0.811707 0.737368 0 255 0
0.098495 0.805977 0.707213 0 255 0
0.100030 0.840576 0.740996 0 255 0
0.083543 0.822110 0.712124 0 255 0
0.070207 0.792737 0.714501 0 255 0
0.111630 0.835742 0.711150 0 255 0
0.118628 0.822818 0.726576 0 255 0
0.128747 0.777053 0.706051 0 255 0
0.116300 0.843892 0.695136 0 255 0
0.103210 0.840816 0.691421 0 255 0
0.078846 0.315888 0.566864 0 255 0
0.068882 0.313352 0.573428 0 255 0
0.072188 0.339100 0.546127 0 255 0
0.065519 0.312622 0.539809 0 255 0
0.096634 0.442166 0.492457 0 255 0
0.085189 0.419642 0.482919 0 255 0
0.084163 0.513341 0.487576 0 255 0
0.087443 0.474408 0.465190 0 255 0
0.092117 0.536615 0.502358 0 255 0
0.067473 0.592211 0.501788 0 255 0
0.084046 0.565258 0.504099 0 255 0
0.072713 0.604515 0.511644 0 255 0
0.065626 0.635608 0.534938 0 255 0
0.080493 0.657543 0.553999 0 255 0
0.078508 0.713888 0.558910 0 255 0
0.057773 0.681930 0.552993 0 255 0
0.053160 0.693521 0.580608 0 255 0
0.052832 0.778112 0.599189 0 255 0
0.069345 0.734727 0.579360 0 255 0
0.036519 0.804629 0.647151 0 255 0
0.052849 0.777994 0.636872 0 255 0
0.058837 0.855938 0.685790 0 255 0
0.115895 0.297682 0.463145 0 255 0
0.127125 0.290616 0.481664 0 255 0
0.106225 0.288359 0.449018 0 255 0
0.109726 0.323331 0.479852 0 255 0
0.067229 0.300965 0.521463 0 255 0
0.074114 0.297573 0.524295 0 255 0
0.069703 0.301095 0.502254 0 255 0
0.081325 0.277925 0.514003 0 255 0
0.196698 0.586582 0.483469 0 255 0
0.158375 0.516819 0.561679 0 255 0
0.118272 0.522067 0.606625 0 255 0
0.105372 0.518152 0.603758 0 255 0
0.087410 0.572753 0.466792 0 255 0
0.102143 0.547493 0.460295 0 255 0
0.129099 0.547527 0.454452 0 255 0
0.078589 0.564466 0.451364 0 255 0
0.111778 0.719920 0.540724 0 255 0
0.123492 0.687602 0.554834 0 255 0
0.095151 0.728981 0.561745 0 255 0
0.114160 0.679160 0.528020 0 255 0
0.147560 0.649519 0.627942 0 255 0
0.144221 0.622015 0.629687 0 255 0
0.119608 0.658224 0.649788 0 255 0
0.126028 0.634762 0.659203 0 255 0
0.138811 0.655861 0.663626 0 255 0
0.091276 0.496950 0.450355 0 255 0
0.107046 0.517554 0.454318 0 255 0
0.118961 0.528441 0.462203 0 255 0
0.123078 0.477132 0.449338 0 255 0
0.185231 0.005478 0.626667 0 255 0
0.210910 0.029231 0.623285 0 255 0
0.181152 -0.119288 0.499189 0 255 0
0.198411 -0.122943 0.479369 0 255 0
0.196265 -0.116453 0.512937 0 255 0
0.191446 -0.108084 0.504306 0 255 0
0.210575 -0.128081 0.530239 0 255 0
0.206600 -0.151658 0.502743 0 255 0
0.208553 -0.139033 0.527572 0 255 0
0.223225 -0.157577 0.515159 0 255 0
0.199310 -0.239419 0.550759 0 255 0
0.189087 -0.254100 0.567535 0 255 0
0.106597 -0.089854 0.476098 0 255 0
0.085381 -0.054509 0.452954 0 255 0
0.126334 -0.064863 0.475329 0 255 0
0.134825 0.115768 0.456238 0 255 0
0.147271 0.193138 0.482196 0 255 0
0.090582 0.185433 0.459017 0 255 0
0.098238 0.234257 0.439606 0 255 0
0.059713 0.264657 0.489073 0 255 0
0.073089 0.257755 0.498848 0 255 0
0.058653 0.286994 0.522736 0 255 0
0.067552 0.283472 0.510560 0 255 0
0.151573 -0.043819 0.660214 0 255 0
0.132865 -0.059542 0.685393 0 255 0
0.101480 -0.217184 0.708177 0 255 0
0.149164 -0.216340 0.689054 0 255 0
0.139422 -0.250936 0.699469 0 255 0
0.129188 -0.227067 0.715384 0 255 0
0.107343 -0.240948 0.718152 0 255 0
0.104642 -0.234202 0.708768 0 255 0
0.119006 -0.286973 0.704279 0 255 0
0.109538 -0.296614 0.703022 0 255 0
0.055676 0.302627 0.532221 0 255 0
0.050277 0.304283 0.542968 0 255 0
0.071919 0.304827 0.530947 0 255 0
0.057676 0.328684 0.476493 0 255 0
0.083234 0.324948 0.490571 0 255 0
0.082919 0.321299 0.506309 0 255 0
0.057324 0.322664 0.484403 0 255 0
0.261086 0.299406 0.570227 0 255 0
0.238435 0.310126 0.524988 0 255 0
0.140062 0.347569 0.632744 0 255 0
0.218969 -0.496301 0.549794 0 255 0
0.220068 -0.452557 0.530824 0 255 0
0.229816 -0.450928 0.571631 0 255 0
0.228055 -0.499504 0.567623 0 255 0
0.158347 -0.140525 0.682939 0 255 0
0.174333 -0.105115 0.688225 0 255 0
0.140394 -0.313352 0.646135 0 255 0
0.156010 -0.324176 0.660633 0 255 0
0.172331 -0.347429 0.652157 0 255 0
0.172018 -0.316185 0.634538 0 255 0
0.146544 -0.341361 0.651878 0 255 0
0.197422 -0.292655 0.678366 0 255 0
0.194178 -0.263835 0.682841 0 255 0
0.195012 -0.278168 0.691516 0 255 0
0.204844 -0.287065 0.679664 0 255 0
0.143888 0.210187 0.719061 0 255 0
0.129186 0.200387 0.704319 0 255 0
0.143218 0.009380 0.680262 0 255 0
0.122543 -0.012411 0.675885 0 255 0
0.140920 -0.008861 0.660033 0 255 0
0.142031 0.007764 0.664651 0 255 0
0.181077 -0.136693 0.673959 0 255 0
0.203221 -0.113919 0.655621 0 255 0
0.081603 -0.166422 0.474084 0 255 0
0.107681 -0.158178 0.465129 0 255 0
0.113515 -0.186681 0.495726 0 255 0
0.102263 -0.172718 0.490104 0 255 0
0.248312 -0.427177 0.586324 0 255 0
0.240107 -0.451036 0.561271 0 255 0
0.230596 -0.416805 0.567951 0 255 0
0.259404 -0.397073 0.572334 0 255 0
0.200869 0.308944 0.624766 0 255 0
0.238410 0.303682 0.613260 0 255 0
0.214514 -0.023889 0.610248 0 255 0
0.210138 -0.014989 0.606930 0 255 0
0.206383 -0.018397 0.613886 0 255 0
0.212810 -0.017497 0.614430 0 255 0
0.217401 -0.075467 0.575293 0 255 0
0.213862 -0.073708 0.598111 0 255 0
0.223601 -0.105180 0.600134 0 255 0
0.231260 -0.272138 0.576034 0 255 0
0.231253 -0.265905 0.583213 0 255 0
0.233103 -0.244522 0.575154 0 255 0
0.096657 0.332110 0.490252 0 255 0
0.119382 0.259733 0.461516 0 255 0
0.097865 0.246485 0.474158 0 255 0
0.057704 0.282582 0.537145 0 255 0
0.072148 0.284641 0.514808 0 255 0
0.097516 -0.327477 0.615140 0 255 0
0.142171 -0.307737 0.636973 0 255 0
0.211683 -0.370694 0.551990 0 255 0
0.230794 -0.362855 0.552997 0 255 0
0.223401 -0.212975 0.565834 0 255 0
0.234200 -0.240603 0.572192 0 255 0
0.219629 -0.237965 0.579310 0 255 0
0.226557 -0.211959 0.554730 0 255 0
0.234600 -0.203836 0.596003 0 255 0
0.236244 -0.209684 0.578699 0 255 0
0.172915 -0.274338 0.558718 0 255 0
0.175404 -0.308050 0.563265 0 255 0
0.161705 -0.308594 0.580870 0 255 0
0.149016 -0.291011 0.540214 0 255 0
0.166190 -0.274893 0.535589 0 255 0
0.153202 -0.294105 0.579780 0 255 0
0.148704 -0.284724 0.552557 0 255 0
0.150127 -0.277061 0.545578 0 255 0
0.110981 -0.313784 0.606795 0 255 0
0.119670 -0.312581 0.608779 0 255 0
0.122988 -0.292237 0.558981 0 255 0
0.086432 -0.284874 0.580413 0 255 0
0.105077 -0.264259 0.716276 0 255 0
0.121679 -0.266732 0.687470 0 255 0
0.141293 -0.265149 0.724326 0 255 0
0.113668 -0.250785 0.711410 0 255 0
0.103938 -0.265806 0.708191 0 255 0
0.085910 -0.278761 0.702515 0 255 0
0.101852 -0.323581 0.605864 0 255 0
0.086847 -0.317504 0.601711 0 255 0
0.083032 -0.328566 0.595906 0 255 0
0.169002 -0.487875 0.623324 0 255 0
0.162635 -0.452035 0.623424 0 255 0
0.134439 -0.335809 0.660590 0 255 0
0.131888 -0.342199 0.648158 0 255 0
0.191118 -0.496510 0.637277 0 255 0
0.184603 -0.465219 0.632769 0 255 0
0.151212 -0.335392 0.606885 0 255 0
0.175018 -0.329570 0.605721 0 255 0
0.144182 -0.316591 0.614649 0 255 0
0.096288 -0.327148 0.609245 0 255 0
0.088394 -0.336274 0.593640 0 255 0
0.250750 0.286945 0.540823 0 255 0
0.237168 0.279469 0.509891 0 255 0
0.202468 0.022218 0.547898 0 255 0
0.208756 0.017393 0.528197 0 255 0
0.071617 -0.025418 0.461378 0 255 0
0.043481 0.002989 0.449158 0 255 0
0.093239 -0.005187 0.442503 0 255 0
0.082521 -0.013333 0.467732 0 255 0
0.086033 -0.083485 0.474454 0 255 0
0.069602 -0.063401 0.456726 0 255 0
0.045161 -0.327760 0.578766 0 255 0
0.102231 0.053795 0.461286 0 255 0
0.087593 0.032219 0.443432 0 255 0
0.083228 0.022404 0.452633 0 255 0
0.065450 0.039156 0.439949 0 255 0
0.067588 0.084139 0.460245 0 255 0
0.067799 0.097439 0.439772 0 255 0
0.097536 0.241359 0.462570 0 255 0
0.071767 0.233343 0.456678 0 255 0
0.174020 -0.388470 0.603936 0 255 0
0.160330 -0.391017 0.632018 0 255 0
0.163369 -0.377717 0.598072 0 255 0
0.170231 -0.382131 0.602985 0 255 0
0.141112 0.052903 0.494890 0 255 0
0.132638 0.046513 0.458734 0 255 0
0.203857 -0.239889 0.543702 0 255 0
0.191896 -0.229747 0.550448 0 255 0
0.102072 -0.120522 0.478616 0 255 0
0.116656 -0.179629 0.469183 0 255 0
0.125695 -0.201899 0.490189 0 255 0
0.140200 -0.182475 0.470771 0 255 0
0.130649 -0.204996 0.482563 0 255 0
0.066771 0.295003 0.532435 0 255 0
0.067326 0.303143 0.540479 0 255 0
0.258460 -0.372254 0.608700 0 255 0
0.244342 -0.365542 0.609648 0 255 0
0.246267 -0.347196 0.615005 0 255 0
0.257090 -0.359707 0.629430 0 255 0
0.061674 0.366160 0.526183 0 255 0
0.064477 0.347190 0.530189 0 255 0
0.079331 0.305931 0.597727 0 255 0
0.074633 0.308920 0.580030 0 255 0
0.073689 0.284207 0.617135 0 255 0
0.075953 0.298863 0.607983 0 255 0
0.116963 0.390727 0.449314 0 255 0
0.122923 0.351866 0.456754 0 255 0
0.120233 0.421251 0.464856 0 255 0
0.128450 0.449701 0.459302 0 255 0
0.095719 0.656852 0.523469 0 255 0
0.100360 0.668810 0.518016 0 255 0
0.083182 0.760389 0.592875 0 255 0
0.067139 0.779636 0.601636 0 255 0
0.083473 0.807980 0.630298 0 255 0
0.055826 0.833216 0.683996 0 255 0
0.062621 0.829624 0.655889 0 255 0
0.213833 -0.478988 0.616496 0 255 0
0.226450 -0.509136 0.623486 0 255 0
0.233081 -0.466157 0.601496 0 255 0
0.185082 -0.452523 0.619272 0 255 0
0.207058 -0.429044 0.531120 0 255 0
0.193087 -0.443441 0.547098 0 255 0
0.185160 -0.422928 0.548016 0 255 0
0.199319 -0.418449 0.556625 0 255 0
0.206922 -0.458492 0.565626 0 255 0
0.205069 -0.465474 0.571654 0 255 0
0.211140 -0.464893 0.539935 0 255 0
0.221508 -0.494043 0.557877 0 255 0
0.221221 -0.476228 0.572627 0 255 0
0.245334 -0.469324 0.570584 0 255 0
0.214092 -0.505696 0.570188 0 255 0
0.221910 -0.507270 0.595103 0 255 0
0.236972 -0.495656 0.575787 0 255 0
0.228975 -0.479539 0.594833 0 255 0
0.224571 -0.485877 0.610911 0 255 0
0.157828 -0.464671 0.567818 0 255 0
0.153386 -0.435906 0.563135 0 255 0
0.183340 -0.441641 0.548806 0 255 0
0.166231 -0.474868 0.551380 0 255 0
0.195636 -0.401491 0.647293 0 255 0
0.183898 -0.389760 0.639086 0 255 0
0.205054 -0.305388 0.563904 0 255 0
0.185599 -0.317383 0.577715 0 255 0
0.178098 -0.311580 0.574005 0 255 0
0.190612 -0.314467 0.548077 0 255 0
0.165035 -0.430170 0.615450 0 255 0
0.188636 -0.436622 0.626583 0 255 0
0.193587 -0.398735 0.641247 0 255 0
0.166220 -0.434335 0.648348 0 255 0
0.180898 -0.418941 0.565364 0 255 0
0.166918 -0.395419 0.569667 0 255 0
0.187295 -0.402304 0.564299 0 255 0
0.162064 -0.445696 0.562160 0 255 0
0.230695 -0.403752 0.548533 0 255 0
0.218614 -0.451940 0.555362 0 255 0
0.166591 -0.361638 0.596846 0 255 0
0.160041 -0.391663 0.584473 0 255 0
0.207686 -0.193108 0.546309 0 255 0
0.231474 -0.189907 0.567528 0 255 0
0.214227 -0.186913 0.571332 0 255 0
0.190891 -0.151412 0.463933 0 255 0
0.196805 -0.169747 0.459453 0 255 0
0.229885 -0.135721 0.544988 0 255 0
0.219564 -0.144019 0.553564 0 255 0
0.199411 -0.140411 0.500911 0 255 0
0.194913 -0.140547 0.497473 0 255 0
0.152569 -0.075786 0.469177 0 255 0
0.090840 -0.274155 0.586063 0 255 0
0.188271 -0.413111 0.579702 0 255 0
0.163535 -0.399884 0.605493 0 255 0
0.231750 -0.378794 0.565781 0 255 0
0.250754 -0.378858 0.569924 0 255 0
0.260451 -0.347451 0.569041 0 255 0
0.237455 -0.367546 0.569358 0 255 0
0.221208 -0.184042 0.664230 0 255 0
0.241318 -0.148635 0.643427 0 255 0
0.221647 -0.140599 0.656819 0 255 0
0.197372 -0.159690 0.644302 0 255 0
0.235458 -0.388282 0.621139 0 255 0
0.248808 -0.362722 0.622567 0 255 0
0.208997 -0.371506 0.659752 0 255 0
0.231410 -0.388199 0.630633 0 255 0
0.217922 -0.383458 0.641781 0 255 0
0.191091 -0.388021 0.645909 0 255 0
0.167245 -0.387401 0.649184 0 255 0
0.213874 -0.392425 0.657982 0 255 0
0.246820 0.255371 0.595825 0 255 0
0.258107 0.228911 0.616850 0 255 0
0.172752 0.100583 0.495916 0 255 0
0.192475 0.101408 0.509880 0 255 0
0.186197 0.195153 0.474532 0 255 0
0.071676 0.306385 0.502052 0 255 0
0.096473 0.287565 0.481162 0 255 0
0.075449 0.382069 0.537632 0 255 0
0.260084 0.230948 0.541122 0 255 0
0.075605 0.428759 0.567000 0 255 0
0.059715 0.416896 0.548842 0 255 0
0.100116 0.438725 0.602491 0 255 0
0.090265 0.423767 0.613083 0 255 0
0.146082 0.432416 0.628430 0 255 0
0.129056 0.451124 0.623805 0 255 0
0.167361 0.433217 0.615128 0 255 0
0.169716 0.455600 0.613170 0 255 0
0.148125 0.518264 0.475828 0 255 0
0.114010 0.675210 0.678747 0 255 0
0.122455 0.738229 0.671425 0 255 0
0.112974 0.732925 0.695747 0 255 0
0.120104 0.689176 0.669297 0 255 0
0.160347 0.678203 0.653986 0 255 0
0.172490 0.690958 0.658964 0 255 0
0.145469 0.753765 0.624201 0 255 0
0.101452 0.745592 0.681228 0 255 0
0.106121 0.750293 0.698771 0 255 0
0.140265 0.719265 0.682131 0 255 0
0.118295 0.771945 0.689885 0 255 0
0.068311 0.321658 0.524336 0 255 0
0.065790 0.306303 0.619377 0 255 0
0.225358 0.273205 0.479269 0 255 0
0.199145 0.305365 0.482358 0 255 0
0.125330 0.278164 0.486255 0 255 0
0.171755 0.248666 0.479820 0 255 0
0.146170 0.002642 0.479194 0 255 0
0.170387 0.036750 0.477270 0 255 0
0.175865 -0.031132 0.495073 0 255 0
0.173055 0.009685 0.494199 0 255 0
0.201382 -0.008744 0.519858 0 255 0
0.177949 -0.026282 0.515150 0 255 0
0.221348 -0.022372 0.559426 0 255 0
0.213673 0.016693 0.553082 0 255 0
0.223218 0.004898 0.592999 0 255 0
0.227893 -0.025261 0.583658 0 255 0
0.211962 0.000462 0.616756 0 255 0
0.198508 0.022323 0.585409 0 255 0
0.147376 -0.019306 0.660600 0 255 0
0.166117 -0.048571 0.684547 0 255 0
0.162095 -0.033092 0.652904 0 255 0
0.167128 0.000094 0.656412 0 255 0
0.107018 0.234751 0.471338 0 255 0
0.067417 0.323645 0.512058 0 255 0
0.136195 0.346078 0.469683 0 255 0
0.156863 0.319115 0.451121 0 255 0
0.192229 0.314458 0.483194 0 255 0
0.221503 -0.349115 0.572727 0 255 0
0.232054 -0.209726 0.627226 0 255 0
0.222038 -0.202840 0.627102 0 255 0
0.180245 -0.414868 0.647121 0 255 0
0.212442 -0.425737 0.629945 0 255 0
0.191658 -0.365695 0.563997 0 255 0
0.175902 -0.355772 0.612586 0 255 0
0.178677 -0.339414 0.591497 0 255 0
0.162922 -0.352544 0.603743 0 255 0
0.177749 0.204686 0.495065 0 255 0
0.182872 0.217343 0.482987 0 255 0
0.217689 0.238374 0.504937 0 255 0
0.052748 0.292709 0.573606 0 255 0
0.070925 0.278912 0.579123 0 255 0
0.111721 0.281869 0.474570 0 255 0
0.066839 0.497228 0.567689 0 255 0
0.085784 0.477763 0.554773 0 255 0
0.064262 0.513855 0.549780 0 255 0
0.076289 0.552291 0.558716 0 255 0
0.067289 0.571780 0.578733 0 255 0
0.063682 0.594673 0.583967 0 255 0
0.072886 0.606982 0.572197 0 255 0
0.074938 0.643176 0.597322 0 255 0
0.060059 0.691541 0.608665 0 255 0
0.067417 0.653443 0.594258 0 255 0
0.048966 0.687953 0.613289 0 255 0
0.056690 0.689265 0.628932 0 255 0
0.043716 0.761493 0.674064 0 255 0
0.060575 0.706841 0.678630 0 255 0
0.053812 0.781013 0.686424 0 255 0
0.050836 0.825682 0.715925 0 255 0
0.076243 0.284814 0.539749 0 255 0
0.056962 0.297462 0.551521 0 255 0
0.157374 -0.312181 0.612691 0 255 0
0.226814 -0.233824 0.563328 0 255 0
0.213257 -0.247775 0.583148 0 255 0
0.153739 -0.342913 0.586145 0 255 0
0.092631 0.291277 0.639337 0 255 0
0.091312 0.306928 0.677550 0 255 0
0.225053 -0.432902 0.613133 0 255 0
0.236762 -0.449748 0.621359 0 255 0
0.171745 -0.372074 0.570354 0 255 0
0.222579 -0.287282 0.561754 0 255 0
0.198623 -0.292061 0.574942 0 255 0
0.088916 -0.617128 0.636048 0 255 0
0.041996 -0.611586 0.653367 0 255 0
0.084060 -0.612337 0.626710 0 255 0
0.051460 -0.592303 0.651131 0 255 0
0.070186 -0.588973 0.628119 0 255 0
0.070767 -0.594141 0.615188 0 255 0
0.065981 -0.615412 0.580374 0 255 0
0.029862 -0.632224 0.582095 0 255 0
0.054368 -0.599373 0.577730 0 255 0
0.062442 -0.607248 0.576751 0 255 0
0.055611 -0.615338 0.594279 0 255 0
0.035433 -0.609756 0.632414 0 255 0
0.075004 -0.622323 0.603853 0 255 0
0.018415 -0.613395 0.603088 0 255 0
0.078091 -0.627743 0.570103 0 255 0
0.089130 -0.622540 0.564345 0 255 0
0.108451 -0.616453 0.559403 0 255 0
0.077946 -0.632002 0.603276 0 255 0
0.128440 -0.575426 0.570279 0 255 0
0.132546 -0.556941 0.550276 0 255 0
0.139886 -0.551670 0.558989 0 255 0
0.117707 -0.571629 0.533304 0 255 0
0.091322 -0.594940 0.640982 0 255 0
0.091538 -0.593582 0.630068 0 255 0
0.099323 -0.614851 0.633855 0 255 0
0.105042 -0.597920 0.642482 0 255 0
0.104842 -0.583306 0.582447 0 255 0
0.109997 -0.579112 0.607954 0 255 0
0.108565 -0.571572 0.579152 0 255 0
0.099018 -0.574641 0.584534 0 255 0
0.134103 -0.588874 0.661217 0 255 0
0.134619 -0.587534 0.653179 0 255 0
0.079844 -0.593391 0.615975 0 255 0
0.101956 -0.572800 0.624855 0 255 0
0.088934 -0.582959 0.570881 0 255 0
0.056789 -0.602135 0.600830 0 255 0
0.047421 -0.633323 0.574774 0 255 0
0.063634 -0.620987 0.578516 0 255 0
0.054206 -0.643749 0.580709 0 255 0
0.038678 -0.661129 0.589959 0 255 0
0.024014 -0.619867 0.598683 0 255 0
0.048284 -0.609088 0.599147 0 255 0
0.037480 -0.619562 0.616166 0 255 0
0.054436 -0.639869 0.637485 0 255 0
0.081527 -0.624446 0.620662 0 255 0
0.058287 -0.621351 0.632038 0 255 0
0.031307 -0.626714 0.631387 0 255 0
0.097583 -0.585834 0.556275 0 255 0
0.069603 -0.618883 0.552271 0 255 0
0.079719 -0.595996 0.561913 0 255 0
0.098618 -0.581520 0.592742 0 255 0
0.107684 -0.566996 0.624292 0 255 0
0.097391 -0.578570 0.631071 0 255 0
0.064957 -0.660252 0.650728 0 255 0
0.099962 -0.629221 0.619125 0 255 0
0.092616 -0.611030 0.634201 0 255 0
0.076433 -0.622822 0.629013 0 255 0
0.122858 -0.637365 0.588875 0 255 0
0.105690 -0.631247 0.615514 0 255 0
0.116456 -0.628717 0.608709 0 255 0
0.132408 -0.635049 0.564301 0 255 0
0.115072 -0.576034 0.565118 0 255 0
0.115807 -0.576662 0.577763 0 255 0
0.118065 -0.602573 0.571990 0 255 0
0.137875 -0.595036 0.562673 0 255 0
0.137670 -0.600707 0.561661 0 255 0
0.115409 -0.606843 0.565449 0 255 0
0.152529 -0.559504 0.604735 0 255 0
0.133791 -0.556395 0.610220 0 255 0
0.123285 -0.573672 0.631084 0 255 0
0.155837 -0.565307 0.626628 0 255 0
0.151396 -0.573146 0.626125 0 255 0
0.157817 -0.564123 0.633519 0 255 0
0.191250 -0.575613 0.624790 0 255 0
0.177139 -0.573679 0.620168 0 255 0
0.201230 -0.577177 0.607357 0 255 0
0.192101 -0.573381 0.594886 0 255 0
0.165444 -0.614614 0.585115 0 255 0
0.155598 -0.602528 0.600243 0 255 0
0.160554 -0.632133 0.577886 0 255 0
0.169785 -0.620160 0.568912 0 255 0
0.161964 -0.589844 0.542245 0 255 0
0.149581 -0.609929 0.555221 0 255 0
0.143462 -0.583166 0.548771 0 255 0
0.172159 -0.572629 0.547152 0 255 0
0.218380 -0.553469 0.551242 0 255 0
0.180642 -0.550423 0.548877 0 255 0
0.167483 -0.525935 0.537408 0 255 0
0.166672 -0.511739 0.548796 0 255 0
0.166514 -0.536085 0.551689 0 255 0
0.136104 -0.530625 0.568573 0 255 0
0.154072 -0.506368 0.573012 0 255 0
0.170759 -0.519103 0.541369 0 255 0
0.183126 -0.517916 0.622108 0 255 0
0.160524 -0.523164 0.626900 0 255 0
0.195803 -0.534415 0.634439 0 255 0
0.204771 -0.547911 0.635205 0 255 0
0.186412 -0.614656 0.584474 0 255 0
0.182030 -0.605182 0.551525 0 255 0
0.144302 -0.532734 0.533978 0 255 0
0.161040 -0.532423 0.536330 0 255 0
0.153756 -0.529392 0.563288 0 255 0
0.145829 -0.531476 0.570571 0 255 0
0.151458 -0.522462 0.604614 0 255 0
0.151869 -0.542435 0.584365 0 255 0
0.137415 -0.560565 0.604525 0 255 0
0.158670 -0.531888 0.608851 0 255 0
0.172479 -0.527748 0.609908 0 255 0
0.171483 -0.545824 0.624761 0 255 0
0.161820 -0.553301 0.626108 0 255 0
0.197269 -0.543226 0.645077 0 255 0
0.200495 -0.595302 0.564766 0 255 0
0.210826 -0.580734 0.566537 0 255 0
0.172908 -0.598779 0.595822 0 255 0
0.198036 -0.611795 0.574382 0 255 0
0.156506 -0.565257 0.543747 0 255 0
0.158261 -0.584485 0.554831 0 255 0
0.128645 -0.538189 0.605918 0 255 0
0.156277 -0.535094 0.572967 0 255 0
0.148390 -0.537496 0.583535 0 255 0
0.175754 -0.567571 0.617713 0 255 0
0.198424 -0.548847 0.543746 0 255 0
0.213800 -0.507967 0.546708 0 255 0
0.208387 -0.539200 0.558049 0 255 0
0.211210 -0.548992 0.544843 0 255 0
0.207274 -0.498053 0.544184 0 255 0
0.198863 -0.503171 0.537364 0 255 0
0.161160 -0.488157 0.572863 0 255 0
0.142035 -0.512393 0.558762 0 255 0
0.143787 -0.489681 0.580815 0 255 0
0.150294 -0.500633 0.574229 0 255 0
0.155063 -0.520797 0.585730 0 255 0
0.123321 -0.492715 0.598412 0 255 0
0.162383 -0.499746 0.609820 0 255 0
0.187207 -0.508699 0.641910 0 255 0
0.196286 -0.542344 0.616601 0 255 0
0.207766 -0.513184 0.637396 0 255 0
0.185300 -0.541164 0.538450 0 255 0
0.179098 -0.533872 0.559941 0 255 0
0.076595 -0.643537 0.623432 0 255 0
0.071739 -0.634355 0.611327 0 255 0
0.065926 -0.652435 0.602065 0 255 0
0.084868 -0.645957 0.601352 0 255 0
0.062646 -0.662555 0.589401 0 255 0
0.040537 -0.680527 0.588728 0 255 0
0.073275 -0.565852 0.602226 0 255 0
0.066333 -0.614388 0.631835 0 255 0
0.026467 -0.597913 0.651051 0 255 0
0.135373 -0.553671 0.608716 0 255 0
0.137671 -0.551718 0.598767 0 255 0
0.202569 -0.580883 0.585113 0 255 0
0.218048 -0.582925 0.606076 0 255 0
0.217291 -0.569011 0.596814 0 255 0
0.185842 -0.595656 0.587882 0 255 0
0.200639 -0.577297 0.619138 0 255 0
0.161878 -0.608514 0.607385 0 255 0
0.147840 -0.618909 0.581118 0 255 0
0.210478 -0.570761 0.565021 0 255 0
0.196378 -0.541767 0.561270 0 255 0
0.226007 -0.552103 0.593313 0 255 0
0.213611 -0.580729 0.577090 0 255 0
0.176433 -0.515615 0.610168 0 255 0
0.177538 -0.534289 0.618876 0 255 0
0.205096 -0.533157 0.585047 0 255 0
0.211975 -0.530478 0.609441 0 255 0
0.225051 -0.538855 0.631396 0 255 0
0.202267 -0.543769 0.592334 0 255 0
0.214759 -0.562810 0.616826 0 255 0
0.217741 -0.535334 0.576101 0 255 0
0.220136 -0.552627 0.567419 0 255 0
0.164604 -0.504014 0.597804 0 255 0
0.213473 -0.544512 0.565545 0 255 0
0.236493 -0.541448 0.565181 0 255 0
0.218807 -0.534976 0.568313 0 255 0
0.220384 -0.549355 0.586032 0 255 0
0.068818 -0.636930 0.608680 0 255 0
0.086813 -0.631699 0.582894 0 255 0
0.150580 -0.564838 0.527921 0 255 0
0.151101 -0.585077 0.545963 0 255 0
0.156805 -0.546982 0.584285 0 255 0
0.063016 -0.607147 0.567170 0 255 0
0.037357 -0.633235 0.567601 0 255 0
0.093786 -0.604283 0.576039 0 255 0
0.091696 -0.608428 0.559227 0 255 0
0.124501 -0.622304 0.617270 0 255 0
0.184109 -0.578360 0.542664 0 255 0
0.196880 -0.584059 0.567766 0 255 0
0.175957 -0.560711 0.546718 0 255 0
0.172103 -0.507062 0.559757 0 255 0
0.186079 -0.521393 0.555957 0 255 0
0.184082 -0.593971 0.572232 0 255 0
0.181927 -0.483977 0.564226 0 255 0
0.172668 -0.577586 0.618770 0 255 0
0.200025 -0.569793 0.622741 0 255 0
0.191901 -0.562940 0.627961 0 255 0
0.029943 -0.623048 0.629907 0 255 0
0.101523 -0.573860 0.615250 0 255 0
0.124433 -0.567410 0.615171 0 255 0
0.124328 -0.554717 0.593584 0 255 0
0.204820 -0.578693 0.545995 0 255 0
0.223675 -0.555342 0.553568 0 255 0
0.209377 -0.554694 0.548982 0 255 0
0.146675 -0.532684 0.576112 0 255 0
0.157226 -0.517798 0.587338 0 255 0
0.050704 -0.655485 0.573805 0 255 0
0.156005 -0.520899 0.571146 0 255 0
0.158626 -0.588556 0.625106 0 255 0
0.106793 -0.209339 0.705821 0 255 0
0.073549 -0.198571 0.696304 0 255 0
0.117139 -0.214545 0.701927 0 255 0
0.215355 -0.116187 0.532661 0 255 0
0.181947 -0.095097 0.509375 0 255 0
0.184155 -0.085803 0.499824 0 255 0
0.220552 -0.216534 0.560327 0 255 0
0.218109 -0.195036 0.570546 0 255 0
0.188983 -0.307424 0.572990 0 255 0
0.205720 -0.278600 0.567114 0 255 0
0.202120 -0.136813 0.521116 0 255 0
0.127994 -0.490507 0.639107 0 255 0
0.123385 -0.463722 0.623314 0 255 0
0.117008 -0.505005 0.629748 0 255 0
0.050628 0.072361 0.446148 0 255 0
0.053891 0.081162 0.449264 0 255 0
0.062617 0.114394 0.456880 0 255 0
0.109332 -0.473067 0.619142 0 255 0
0.097285 -0.456111 0.627885 0 255 0
0.113919 -0.480158 0.616843 0 255 0
0.105141 -0.473935 0.619411 0 255 0
0.102856 -0.451411 0.619710 0 255 0
0.104380 -0.507134 0.625103 0 255 0
0.115295 -0.480007 0.646983 0 255 0
0.117136 -0.441563 0.637386 0 255 0
0.101805 -0.496097 0.620664 0 255 0
0.133373 0.080734 0.680000 0 255 0
0.120792 0.117154 0.678708 0 255 0
0.102065 0.118423 0.698431 0 255 0
0.118894 0.086664 0.675319 0 255 0
0.084954 0.108747 0.698190 0 255 0
0.079233 0.094583 0.710424 0 255 0
0.132765 0.118997 0.705461 0 255 0
0.220113 0.155187 0.664413 0 255 0
0.219877 0.135230 0.661257 0 255 0
0.229938 0.120100 0.629981 0 255 0
0.247763 0.155594 0.637858 0 255 0
0.238212 0.130297 0.602312 0 255 0
0.257553 0.123354 0.592213 0 255 0
0.238208 0.097844 0.624458 0 255 0
0.239914 0.101202 0.561960 0 255 0
0.220374 0.117495 0.579815 0 255 0
0.233758 0.110758 0.554232 0 255 0
0.231801 0.144430 0.568770 0 255 0
0.217603 0.145539 0.526721 0 255 0
0.214203 0.162227 0.506353 0 255 0
0.173890 0.180886 0.494112 0 255 0
0.186195 0.152275 0.491075 0 255 0
0.170702 0.172131 0.488044 0 255 0
0.128118 0.161162 0.468165 0 255 0
0.112427 0.176877 0.474141 0 255 0
0.087228 0.153024 0.454309 0 255 0
0.083979 0.156338 0.456256 0 255 0
0.061796 0.170295 0.458091 0 255 0
0.052398 0.219901 0.464073 0 255 0
0.148761 -0.307971 0.574122 0 255 0
0.173420 -0.285725 0.671812 0 255 0
0.171401 -0.322882 0.665478 0 255 0
0.163341 -0.309671 0.665723 0 255 0
0.180820 -0.261505 0.690622 0 255 0
0.193889 -0.250298 0.694660 0 255 0
0.169136 -0.265554 0.712012 0 255 0
0.184912 -0.283166 0.704516 0 255 0
0.167402 -0.294589 0.693475 0 255 0
0.159152 -0.304381 0.694693 0 255 0
0.163411 -0.283257 0.711826 0 255 0
0.143243 -0.276562 0.705659 0 255 0
0.141069 -0.275774 0.689868 0 255 0
0.205924 -0.327378 0.656062 0 255 0
0.191166 -0.335410 0.668577 0 255 0
0.202319 -0.300170 0.666482 0 255 0
0.210099 -0.293333 0.665499 0 255 0
0.214226 -0.267286 0.684546 0 255 0
0.210546 -0.282230 0.661193 0 255 0
0.215840 -0.278567 0.657979 0 255 0
0.214431 -0.251768 0.662432 0 255 0
0.215895 -0.340696 0.644411 0 255 0
0.200787 -0.368244 0.650135 0 255 0
0.207082 -0.351028 0.658044 0 255 0
0.200855 -0.335529 0.661892 0 255 0
0.209692 -0.288865 0.684509 0 255 0
0.173578 -0.130393 0.670708 0 255 0
0.202281 -0.159381 0.698292 0 255 0
0.230697 -0.178067 0.668985 0 255 0
0.226475 -0.226716 0.643404 0 255 0
0.210263 -0.199695 0.628129 0 255 0
0.219959 -0.213222 0.627489 0 255 0
0.228907 -0.238626 0.621969 0 255 0
0.233137 -0.252844 0.611391 0 255 0
0.180001 -0.349494 0.598806 0 255 0
0.179382 -0.316553 0.569688 0 255 0
0.177737 -0.324202 0.583666 0 255 0
0.242741 -0.300091 0.595289 0 255 0
0.253392 -0.288466 0.595259 0 255 0
0.254243 -0.270318 0.605070 0 255 0
0.233653 -0.278018 0.599744 0 255 0
0.169333 -0.315330 0.669605 0 255 0
0.235517 -0.357224 0.666623 0 255 0
0.226400 -0.350040 0.649368 0 255 0
0.228717 -0.320121 0.654192 0 255 0
0.221739 -0.321503 0.661019 0 255 0
0.244578 -0.342556 0.638115 0 255 0
0.250633 -0.311669 0.639794 0 255 0
0.250949 -0.291521 0.627834 0 255 0
0.238218 -0.294863 0.634496 0 255 0
0.237668 -0.305795 0.602469 0 255 0
0.216025 -0.270391 0.597399 0 255 0
0.173083 -0.373892 0.654328 0 255 0
0.204770 -0.347968 0.627509 0 255 0
0.184370 -0.319386 0.645714 0 255 0
0.166951 -0.353978 0.613265 0 255 0
0.164944 -0.353929 0.610774 0 255 0
0.221574 -0.310241 0.565541 0 255 0
0.242210 -0.321150 0.577731 0 255 0
0.233634 -0.311418 0.566935 0 255 0
0.239333 -0.269750 0.595339 0 255 0
0.231286 -0.306858 0.555482 0 255 0
0.174991 -0.338317 0.574293 0 255 0
0.172859 -0.368732 0.568373 0 255 0
0.154518 -0.327801 0.594759 0 255 0
0.181096 -0.347208 0.600257 0 255 0
0.210462 -0.357938 0.632500 0 255 0
0.222684 -0.364535 0.663248 0 255 0
0.263948 -0.324777 0.554468 0 255 0
0.256704 -0.318598 0.583226 0 255 0
0.258085 -0.320363 0.589076 0 255 0
0.241258 -0.237690 0.601324 0 255 0
0.265320 -0.271483 0.617795 0 255 0
0.201991 -0.340623 0.659857 0 255 0
0.247156 -0.349305 0.647860 0 255 0
0.241871 -0.361872 0.644839 0 255 0
0.251924 -0.292411 0.654172 0 255 0
0.234701 -0.286603 0.637202 0 255 0
0.216761 -0.297490 0.664065 0 255 0
0.238932 -0.315918 0.655108 0 255 0
0.244002 -0.341433 0.615166 0 255 0
0.239813 -0.339824 0.632427 0 255 0
0.232851 -0.262374 0.642324 0 255 0
0.235360 -0.272717 0.642859 0 255 0
0.247263 -0.317416 0.599679 0 255 0
0.182642 -0.335509 0.594620 0 255 0
0.153430 -0.300001 0.579509 0 255 0
0.151125 -0.322233 0.583195 0 255 0
0.178693 -0.325085 0.581416 0 255 0
0.184487 -0.307493 0.578447 0 255 0
0.192154 -0.303853 0.571788 0 255 0
0.171388 -0.321713 0.579318 0 255 0
0.198390 -0.577196 0.549174 0 255 0
0.238264 -0.336331 0.577681 0 255 0
0.255287 -0.367480 0.593540 0 255 0
0.240512 -0.369931 0.567758 0 255 0
0.240055 -0.459348 0.570355 0 255 0
-0.032660 -0.421239 0.585646 0 255 0
-0.025427 -0.391688 0.600744 0 255 0
-0.031697 -0.403216 0.584310 0 255 0
-0.016530 -0.424769 0.585427 0 255 0
0.215369 -0.590564 0.572910 0 255 0
0.193550 -0.580814 0.609414 0 255 0
0.163833 -0.621124 0.604430 0 255 0
0.136676 -0.616965 0.630622 0 255 0
0.131766 -0.616887 0.627055 0 255 0
0.109167 -0.569295 0.641109 0 255 0
0.119373 -0.565034 0.621821 0 255 0
0.122346 -0.558926 0.594332 0 255 0
0.141933 -0.605321 0.554878 0 255 0
-0.003257 -0.623304 0.636288 0 255 0
-0.032679 -0.624828 0.651963 0 255 0
-0.011911 -0.650271 0.659037 0 255 0
0.001987 -0.642805 0.638168 0 255 0
-0.037874 -0.650780 0.634798 0 255 0
-0.015556 -0.616916 0.627225 0 255 0
-0.036631 -0.645591 0.627486 0 255 0
-0.011594 -0.634963 0.617276 0 255 0
-0.038699 -0.612927 0.622719 0 255 0
-0.016893 -0.649744 0.597744 0 255 0
-0.023190 -0.629243 0.599500 0 255 0
-0.024093 -0.632677 0.624858 0 255 0
-0.026338 -0.637165 0.599930 0 255 0
-0.007723 -0.630434 0.605021 0 255 0
0.002118 -0.673356 0.589783 0 255 0
-0.026948 -0.660128 0.602936 0 255 0
-0.009027 -0.671136 0.602758 0 255 0
-0.039681 -0.658857 0.604034 0 255 0
0.009148 -0.677452 0.591799 0 255 0
0.001021 -0.686213 0.606525 0 255 0
-0.024169 -0.683302 0.601495 0 255 0
0.008610 -0.676801 0.597646 0 255 0
-0.006770 -0.681335 0.643770 0 255 0
0.004385 -0.671247 0.619902 0 255 0
0.022359 -0.679143 0.607706 0 255 0
-0.025238 -0.664883 0.630161 0 255 0
-0.019060 -0.666849 0.618132 0 255 0
-0.030762 -0.693043 0.652155 0 255 0
0.008244 -0.610066 0.627923 0 255 0
0.026331 -0.618030 0.635592 0 255 0
0.030741 -0.600654 0.617531 0 255 0
0.007064 -0.628011 0.611006 0 255 0
0.011243 -0.613359 0.608031 0 255 0
0.000716 -0.605228 0.618216 0 255 0
0.015183 -0.613796 0.633317 0 255 0
0.044425 -0.626942 0.601305 0 255 0
0.013405 -0.651095 0.599958 0 255 0
0.032832 -0.625823 0.608831 0 255 0
-0.025064 -0.647661 0.622302 0 255 0
-0.007957 -0.623517 0.587649 0 255 0
0.010395 -0.654750 0.610243 0 255 0
-0.017478 -0.665805 0.606999 0 255 0
0.000470 -0.652068 0.643807 0 255 0
-0.008699 -0.661777 0.641946 0 255 0
0.008743 -0.683404 0.633025 0 255 0
0.016420 -0.638694 0.638832 0 255 0
0.020966 -0.652032 0.582842 0 255 0
0.022763 -0.652772 0.638236 0 255 0
0.019479 -0.653947 0.630320 0 255 0
0.008129 -0.652114 0.640289 0 255 0
0.033961 -0.680607 0.630524 0 255 0
-0.029737 -0.665037 0.628467 0 255 0
-0.029044 -0.639829 0.656030 0 255 0
0.025059 -0.635206 0.642068 0 255 0
0.002091 -0.664713 0.593953 0 255 0
0.026962 -0.650572 0.576476 0 255 0
0.046092 -0.652134 0.592440 0 255 0
0.014298 -0.667972 0.606860 0 255 0
0.055446 -0.650123 0.613859 0 255 0
0.024075 -0.674818 0.609248 0 255 0
0.026916 -0.651681 0.603989 0 255 0
-0.028618 -0.676433 0.594509 0 255 0
0.054210 -0.648352 0.617310 0 255 0
-0.104722 -0.665060 0.620819 0 255 0
-0.121113 -0.632586 0.650665 0 255 0
-0.111543 -0.665416 0.635251 0 255 0
-0.094946 -0.673650 0.621362 0 255 0
-0.107520 -0.643377 0.618547 0 255 0
-0.106535 -0.638290 0.636332 0 255 0
-0.113557 -0.628313 0.632451 0 255 0
-0.073562 -0.632756 0.617168 0 255 0
-0.116163 -0.651595 0.649877 0 255 0
-0.113107 -0.631712 0.626928 0 255 0
-0.100735 -0.654378 0.639140 0 255 0
-0.136021 -0.635648 0.647673 0 255 0
-0.134998 -0.637571 0.647198 0 255 0
-0.135373 -0.653281 0.657650 0 255 0
-0.107588 -0.644234 0.672582 0 255 0
-0.111517 -0.638867 0.639010 0 255 0
-0.093202 -0.682622 0.661708 0 255 0
-0.117507 -0.696008 0.660076 0 255 0
-0.113723 -0.692263 0.666938 0 255 0
-0.100358 -0.687238 0.659123 0 255 0
-0.111942 -0.715490 0.656601 0 255 0
-0.090419 -0.687448 0.641826 0 255 0
-0.101275 -0.684846 0.650060 0 255 0
-0.117910 -0.683690 0.638606 0 255 0
-0.101161 -0.667425 0.611274 0 255 0
-0.094513 -0.674044 0.626109 0 255 0
-0.085250 -0.687117 0.641523 0 255 0
-0.109799 -0.668125 0.611547 0 255 0
-0.118216 -0.639237 0.643852 0 255 0
-0.130850 -0.642777 0.639766 0 255 0
-0.110678 -0.658738 0.664358 0 255 0
-0.111946 -0.619943 0.643405 0 255 0
-0.077619 -0.700713 0.602554 0 255 0
-0.069952 -0.668786 0.614031 0 255 0
-0.071734 -0.655913 0.601561 0 255 0
-0.061869 -0.665376 0.581649 0 255 0
-0.054761 -0.641286 0.619187 0 255 0
-0.067618 -0.633290 0.608991 0 255 0
-0.068743 -0.642083 0.619195 0 255 0
-0.058992 -0.642841 0.615103 0 255 0
-0.091766 -0.627643 0.595502 0 255 0
-0.097998 -0.633896 0.635513 0 255 0
-0.074529 -0.635174 0.632120 0 255 0
-0.083285 -0.625606 0.636807 0 255 0
-0.044470 -0.674781 0.595690 0 255 0
-0.053990 -0.700732 0.600953 0 255 0
-0.159374 -0.655812 0.668877 0 255 0
-0.156853 -0.681760 0.676737 0 255 0
-0.168050 -0.659261 0.650940 0 255 0
-0.164912 -0.675764 0.661938 0 255 0
-0.044017 -0.692755 0.615363 0 255 0
-0.049452 -0.687459 0.626440 0 255 0
-0.060206 -0.695101 0.627057 0 255 0
-0.074539 -0.695922 0.624277 0 255 0
-0.057682 -0.688122 0.612922 0 255 0
-0.062586 -0.688097 0.630009 0 255 0
-0.173006 -0.662128 0.670752 0 255 0
-0.185158 -0.673544 0.676918 0 255 0
-0.184021 -0.663351 0.673901 0 255 0
-0.182522 -0.666104 0.651128 0 255 0
-0.105554 -0.671884 0.626945 0 255 0
-0.107513 -0.652330 0.646554 0 255 0
-0.150592 -0.665846 0.643738 0 255 0
-0.144109 -0.653288 0.648305 0 255 0
-0.143169 -0.648496 0.644858 0 255 0
-0.108484 -0.662195 0.645027 0 255 0
-0.116672 -0.666590 0.632187 0 255 0
-0.111466 -0.682593 0.640033 0 255 0
-0.126508 -0.680456 0.631353 0 255 0
-0.106542 -0.654816 0.631235 0 255 0
-0.093147 -0.681692 0.612119 0 255 0
-0.105462 -0.682853 0.610558 0 255 0
-0.117461 -0.704960 0.624468 0 255 0
-0.106531 -0.702403 0.622609 0 255 0
-0.131033 -0.704858 0.617297 0 255 0
-0.113225 -0.665317 0.631345 0 255 0
-0.145429 -0.700254 0.636762 0 255 0
-0.145524 -0.707091 0.633426 0 255 0
-0.028484 -0.675711 0.603040 0 255 0
-0.046457 -0.680942 0.622404 0 255 0
-0.110878 -0.728523 0.626809 0 255 0
-0.105507 -0.721358 0.629055 0 255 0
-0.097225 -0.712652 0.620220 0 255 0
-0.110239 -0.704777 0.637875 0 255 0
-0.036142 -0.693907 0.646764 0 255 0
-0.063603 -0.684991 0.628120 0 255 0
-0.153518 -0.680963 0.691620 0 255 0
-0.156669 -0.686467 0.665452 0 255 0
-0.094861 -0.651999 0.644980 0 255 0
-0.081696 -0.638596 0.645354 0 255 0
-0.078144 -0.638499 0.642525 0 255 0
-0.085999 -0.649284 0.627540 0 255 0
-0.076362 -0.612326 0.630340 0 255 0
-0.143839 -0.657324 0.643361 0 255 0
-0.108606 -0.673745 0.628042 0 255 0
-0.104635 -0.679896 0.618144 0 255 0
-0.103294 -0.717542 0.599459 0 255 0
-0.090455 -0.714190 0.606993 0 255 0
-0.097314 -0.694110 0.598105 0 255 0
-0.082879 -0.696715 0.605910 0 255 0
-0.090153 -0.698059 0.616539 0 255 0
-0.079664 -0.713773 0.602081 0 255 0
-0.113028 -0.711572 0.607744 0 255 0
-0.090123 -0.688342 0.600292 0 255 0
-0.118063 -0.627569 0.656071 0 255 0
-0.121506 -0.639072 0.653280 0 255 0
-0.072191 -0.690796 0.608340 0 255 0
-0.075903 -0.672479 0.593349 0 255 0
-0.040299 -0.673230 0.621109 0 255 0
-0.083656 -0.678395 0.611130 0 255 0
-0.084292 -0.682363 0.608675 0 255 0
-0.060431 -0.664615 0.622153 0 255 0
-0.077683 -0.660301 0.611414 0 255 0
-0.090385 -0.656466 0.618845 0 255 0
-0.100833 -0.640780 0.613462 0 255 0
-0.070114 -0.646327 0.616772 0 255 0
-0.044280 -0.660743 0.607663 0 255 0
-0.043945 -0.653776 0.606813 0 255 0
-0.071092 -0.665532 0.608637 0 255 0
-0.031871 -0.649437 0.621475 0 255 0
-0.037241 -0.667657 0.615631 0 255 0
-0.048274 -0.648913 0.606308 0 255 0
-0.057733 -0.651865 0.604963 0 255 0
-0.055065 -0.667766 0.618048 0 255 0
-0.048767 -0.687086 0.597696 0 255 0
-0.022017 -0.700603 0.633265 0 255 0
-0.040929 -0.690992 0.637532 0 255 0
-0.040059 -0.685137 0.638243 0 255 0
-0.066879 -0.634362 0.627084 0 255 0
-0.057523 -0.643939 0.596867 0 255 0
-0.051294 -0.639673 0.619636 0 255 0
-0.051080 -0.641387 0.627151 0 255 0
-0.113947 -0.630189 0.631265 0 255 0
-0.115381 -0.634524 0.619399 0 255 0
-0.133241 -0.619422 0.636515 0 255 0
-0.110685 -0.628928 0.628811 0 255 0
-0.137656 -0.631371 0.660972 0 255 0
-0.153980 -0.652898 0.650858 0 255 0
-0.135351 -0.649219 0.673100 0 255 0
-0.068024 -0.671358 0.609578 0 255 0
-0.080195 -0.673692 0.600564 0 255 0
-0.132968 -0.657095 0.635907 0 255 0
-0.174460 -0.655373 0.672499 0 255 0
-0.149339 -0.650585 0.669431 0 255 0
-0.144728 -0.674232 0.644672 0 255 0
-0.157938 -0.675112 0.677074 0 255 0
-0.142235 -0.669562 0.636286 0 255 0
-0.153078 -0.671335 0.625602 0 255 0
-0.149247 -0.672312 0.646268 0 255 0
-0.153969 -0.658921 0.628453 0 255 0
-0.136327 -0.716551 0.611281 0 255 0
-0.123947 -0.702319 0.644293 0 255 0
-0.136868 -0.669602 0.661882 0 255 0
-0.118283 -0.650999 0.663425 0 255 0
-0.137191 -0.679234 0.664012 0 255 0
-0.103596 -0.687593 0.622928 0 255 0
-0.121174 -0.683742 0.611115 0 255 0
-0.137903 -0.689859 0.630743 0 255 0
-0.128522 -0.675879 0.628802 0 255 0
-0.132867 -0.674271 0.639223 0 255 0
-0.135697 -0.694641 0.632400 0 255 0
-0.130751 -0.653686 0.634070 0 255 0
-0.070402 -0.726166 0.605506 0 255 0
-0.069151 -0.711687 0.596447 0 255 0
-0.166813 -0.672140 0.676812 0 255 0
-0.159722 -0.675665 0.640858 0 255 0
-0.035605 -0.672228 0.601546 0 255 0
-0.031675 -0.665014 0.605879 0 255 0
-0.095917 -0.681583 0.606299 0 255 0
-0.078821 -0.668271 0.647542 0 255 0
-0.110258 -0.682106 0.628165 0 255 0
-0.118160 -0.704437 0.637123 0 255 0
-0.130426 -0.720034 0.628163 0 255 0
-0.136674 -0.724637 0.614164 0 255 0
-0.123620 -0.705497 0.628328 0 255 0
-0.172559 -0.684724 0.649835 0 255 0
-0.170876 -0.674492 0.663709 0 255 0
-0.151594 -0.669216 0.654805 0 255 0
-0.175638 -0.693566 0.662297 0 255 0
-0.145455 -0.651846 0.636443 0 255 0
-0.140276 -0.653009 0.653042 0 255 0
-0.162021 -0.663014 0.654251 0 255 0
-0.136191 -0.663247 0.635636 0 255 0
-0.154330 -0.655460 0.652384 0 255 0
-0.134730 -0.662971 0.657528 0 255 0
-0.149031 -0.661859 0.655524 0 255 0
-0.143065 -0.695937 0.657709 0 255 0
-0.155769 -0.684078 0.664093 0 255 0
-0.173475 -0.686606 0.681145 0 255 0
-0.042012 -0.687892 0.647914 0 255 0
-0.073251 -0.693101 0.634456 0 255 0
-0.073215 -0.702538 0.631323 0 255 0
-0.109335 -0.714460 0.629445 0 255 0
-0.097849 -0.695336 0.663880 0 255 0
-0.104723 -0.711356 0.626634 0 255 0
-0.083490 -0.689813 0.613801 0 255 0
-0.137010 -0.659326 0.652981 0 255 0
-0.136374 -0.691513 0.660551 0 255 0
-0.138069 -0.659382 0.660042 0 255 0
-0.091881 -0.682501 0.607445 0 255 0
-0.162406 -0.657516 0.645044 0 255 0
-0.056282 -0.656472 0.658058 0 255 0
-0.075108 -0.622931 0.672370 0 255 0
-0.068811 -0.678124 0.657974 0 255 0
-0.073860 -0.678560 0.660124 0 255 0
-0.190703 -0.668804 0.637071 0 255 0
-0.147035 -0.676185 0.653153 0 255 0
-0.132242 -0.696917 0.621205 0 255 0
-0.128607 -0.693593 0.631652 0 255 0
-0.131608 -0.722673 0.639132 0 255 0
-0.147984 -0.697312 0.622590 0 255 0
-0.086256 -0.698276 0.624032 0 255 0
-0.100773 -0.709969 0.637800 0 255 0
-0.103897 -0.717279 0.614068 0 255 0
-0.061942 -0.688243 0.642925 0 255 0
-0.065673 -0.667099 0.650164 0 255 0
-0.071820 -0.688540 0.660147 0 255 0
-0.127418 -0.696623 0.646904 0 255 0
-0.089063 -0.712879 0.650924 0 255 0
-0.076633 -0.666720 0.637052 0 255 0
-0.059586 -0.685551 0.658264 0 255 0
-0.065025 -0.661504 0.628827 0 255 0
-0.058548 -0.695919 0.648449 0 255 0
-0.172656 -0.667732 0.669692 0 255 0
-0.165186 -0.687572 0.681137 0 255 0
-0.022560 -0.686335 0.629637 0 255 0
-0.041630 -0.671735 0.624495 0 255 0
-0.022340 -0.669648 0.653050 0 255 0
-0.044528 -0.680478 0.640474 0 255 0
-0.085671 -0.679416 0.663768 0 255 0
-0.083782 -0.702233 0.656055 0 255 0
-0.085396 -0.655454 0.657306 0 255 0
-0.076349 -0.677386 0.650591 0 255 0
-0.108147 -0.680305 0.662270 0 255 0
-0.168693 -0.676817 0.671134 0 255 0
-0.184404 -0.678210 0.672205 0 255 0
-0.171722 -0.690493 0.642498 0 255 0
-0.164084 -0.680150 0.648812 0 255 0
-0.155651 -0.659355 0.662487 0 255 0
-0.174093 -0.672936 0.660614 0 255 0
-0.093622 -0.661378 0.642461 0 255 0
-0.127788 -0.679893 0.649083 0 255 0
-0.085898 -0.647871 0.650996 0 255 0
-0.090953 -0.654259 0.653944 0 255 0
-0.096571 -0.653794 0.653429 0 255 0
-0.089276 -0.646386 0.633840 0 255 0
-0.070973 -0.657930 0.628880 0 255 0
-0.045388 -0.648422 0.649886 0 255 0
-0.063642 -0.644731 0.648523 0 255 0
-0.064610 -0.636680 0.645099 0 255 0
-0.081433 -0.621380 0.641586 0 255 0
-0.173310 -0.667029 0.648341 0 255 0
-0.198413 -0.682251 0.642151 0 255 0
-0.057973 -0.655678 0.643787 0 255 0
-0.049969 -0.644796 0.640442 0 255 0
-0.108756 -0.618165 0.626012 0 255 0
-0.103210 -0.681520 0.640894 0 255 0
-0.091750 -0.672137 0.612452 0 255 0
-0.084479 -0.692391 0.602945 0 255 0
-0.070142 -0.678057 0.594091 0 255 0
-0.041046 -0.668365 0.645294 0 255 0
-0.045700 -0.649618 0.604361 0 255 0
-0.052439 -0.665462 0.604714 0 255 0
-0.036336 -0.656357 0.655224 0 255 0
-0.172584 -0.676388 0.668218 0 255 0
-0.147835 -0.715699 0.620560 0 255 0
-0.123468 -0.710043 0.649109 0 255 0
-0.105694 -0.624430 0.622131 0 255 0
-0.111062 -0.615965 0.653273 0 255 0
-0.107940 -0.626600 0.650502 0 255 0
-0.088773 -0.624374 0.654392 0 255 0
-0.100537 -0.616244 0.633216 0 255 0
-0.108952 -0.615930 0.652043 0 255 0
-0.069315 -0.664644 0.637120 0 255 0
-0.088440 -0.687923 0.609647 0 255 0
-0.059273 -0.698609 0.621260 0 255 0
-0.075106 -0.707492 0.620991 0 255 0
-0.140294 -0.650963 0.650682 0 255 0
-0.133827 -0.674574 0.659455 0 255 0
-0.130087 -0.683860 0.662692 0 255 0
-0.154390 -0.664266 0.662717 0 255 0
-0.147484 -0.670211 0.655884 0 255 0
-0.149494 -0.688109 0.659367 0 255 0
-0.093317 -0.659297 0.614824 0 255 0
-0.075207 -0.660122 0.604912 0 255 0
-0.111951 -0.646445 0.626827 0 255 0
-0.100305 -0.636623 0.630227 0 255 0
-0.136595 -0.681209 0.642711 0 255 0
-0.125117 -0.685781 0.656762 0 255 0
-0.124784 -0.673451 0.654350 0 255 0
-0.124292 -0.696095 0.635721 0 255 0
-0.176620 -0.680038 0.673339 0 255 0
-0.187516 -0.642283 0.664751 0 255 0
-0.123053 -0.651209 0.649440 0 255 0
-0.134240 -0.700087 0.613153 0 255 0
-0.130246 -0.705546 0.627818 0 255 0
-0.140019 -0.700219 0.630024 0 255 0
-0.103371 -0.707810 0.629875 0 255 0
-0.047439 -0.688793 0.666929 0 255 0
-0.185177 -0.668903 0.674520 0 255 0
-0.174037 -0.691244 0.647699 0 255 0
-0.199869 -0.676968 0.690573 0 255 0
-0.203338 -0.682570 0.679179 0 255 0
-0.047544 -0.688357 0.591502 0 255 0
-0.091252 -0.666882 0.619079 0 255 0
-0.025445 -0.664438 0.603261 0 255 0
-0.089408 -0.640267 0.644827 0 255 0
-0.116935 -0.610938 0.639394 0 255 0
-0.160869 -0.679874 0.627903 0 255 0
-0.116204 -0.708286 0.635381 0 255 0
-0.131193 -0.715338 0.641350 0 255 0
-0.129124 -0.705499 0.627472 0 255 0
-0.109451 -0.725195 0.661279 0 255 0
-0.143558 -0.720766 0.660990 0 255 0
-0.182602 -0.686867 0.684606 0 255 0
-0.181401 -0.683314 0.677809 0 255 0
-0.176330 -0.669553 0.667551 0 255 0
-0.199448 -0.668018 0.657485 0 255 0
-0.177318 -0.672563 0.671056 0 255 0
-0.187216 -0.681457 0.662307 0 255 0
-0.192251 -0.674257 0.678499 0 255 0
-0.184437 -0.700420 0.658705 0 255 0
-0.187238 -0.676209 0.681145 0 255 0
-0.189506 -0.673925 0.669670 0 255 0
-0.194958 -0.697419 0.673984 0 255 0
-0.205235 -0.678486 0.681570 0 255 0
-0.223595 -0.657636 0.686045 0 255 0
-0.170362 -0.662360 0.657874 0 255 0
-0.218923 -0.687201 0.670124 0 255 0
-0.209276 -0.674803 0.674961 0 255 0
-0.200489 -0.677888 0.675443 0 255 0
-0.191697 -0.677133 0.676996 0 255 0
-0.192079 -0.685139 0.690272 0 255 0
-0.204898 -0.699831 0.675403 0 255 0
-0.196757 -0.679169 0.665136 0 255 0
-0.169766 -0.677825 0.688972 0 255 0
-0.167898 -0.692741 0.670065 0 255 0
-0.208216 -0.672398 0.691207 0 255 0
-0.202774 -0.686644 0.672675 0 255 0
-0.190478 -0.681461 0.675385 0 255 0
-0.204383 -0.678693 0.685016 0 255 0
-0.196149 -0.680287 0.673795 0 255 0
-0.213484 -0.698412 0.663115 0 255 0
-0.221335 -0.686364 0.673619 0 255 0
-0.211110 -0.678796 0.675137 0 255 0
-0.203838 -0.678719 0.657236 0 255 0
-0.207918 -0.692528 0.689254 0 255 0
-0.223903 -0.679222 0.655731 0 255 0
-0.184867 -0.686856 0.664297 0 255 0
-0.201170 -0.681768 0.679248 0 255 0
-0.194382 -0.660143 0.656980 0 255 0
-0.210586 -0.666245 0.667274 0 255 0
-0.191981 -0.664812 0.672497 0 255 0
-0.217838 -0.699647 0.666804 0 255 0
-0.215553 -0.673007 0.681886 0 255 0
-0.224163 -0.697557 0.677938 0 255 0
-0.187615 -0.674809 0.675396 0 255 0
-0.213073 -0.682480 0.670874 0 255 0
-0.220362 -0.705035 0.681054 0 255 0
-0.199038 -0.673351 0.671920 0 255 0
-0.166767 -0.662699 0.663681 0 255 0
-0.188401 -0.673013 0.679964 0 255 0
-0.181651 -0.676364 0.673466 0 255 0
-0.197074 -0.688864 0.656749 0 255 0
-0.210958 -0.673359 0.683706 0 255 0
-0.206217 -0.677881 0.676250 0 255 0
-0.191688 -0.683675 0.662928 0 255 0
-0.178005 -0.683889 0.664361 0 255 0
-0.204747 -0.685475 0.671765 0 255 0
-0.209572 -0.685643 0.669183 0 255 0
-0.192150 -0.705512 0.673857 0 255 0
-0.196763 -0.682817 0.672616 0 255 0
-0.198500 -0.693097 0.685084 0 255 0
-0.212342 -0.690311 0.678260 0 255 0
-0.206367 -0.682489 0.655968 0 255 0
-0.193067 -0.686754 0.658252 0 255 0
-0.174485 -0.700662 0.662818 0 255 0
-0.170353 -0.689052 0.636946 0 255 0
-0.186645 -0.687965 0.648985 0 255 0
-0.182338 -0.705080 0.643741 0 255 0
-0.165612 -0.674116 0.673406 0 255 0
-0.155469 -0.682494 0.649744 0 255 0
-0.164986 -0.698709 0.667204 0 255 0
-0.174389 -0.700172 0.647002 0 255 0
-0.180441 -0.714688 0.675019 0 255 0
-0.160197 -0.704697 0.668345 0 255 0
-0.152300 -0.672926 0.639972 0 255 0
-0.143423 -0.680139 0.661970 0 255 0
-0.143323 -0.683185 0.659281 0 255 0
-0.153701 -0.685403 0.668581 0 255 0
-0.144611 -0.706034 0.660107 0 255 0
-0.159147 -0.699852 0.661093 0 255 0
-0.167655 -0.706215 0.661825 0 255 0
-0.169646 -0.712614 0.650960 0 255 0
-0.155806 -0.717692 0.665124 0 255 0
-0.170846 -0.700862 0.644286 0 255 0
-0.147534 -0.700905 0.641900 0 255 0
-0.161365 -0.689062 0.662059 0 255 0
-0.158914 -0.692168 0.652038 0 255 0
-0.165475 -0.696375 0.661801 0 255 0
-0.157417 -0.670331 0.656954 0 255 0
-0.158555 -0.709782 0.642321 0 255 0
-0.140620 -0.709875 0.653074 0 255 0
-0.129301 -0.710766 0.664651 0 255 0
-0.152762 -0.698144 0.664882 0 255 0
-0.163510 -0.696831 0.646744 0 255 0
-0.154462 -0.691979 0.645391 0 255 0
-0.140750 -0.698284 0.651425 0 255 0
-0.154801 -0.708836 0.659688 0 255 0
-0.174628 -0.709409 0.655169 0 255 0
-0.173259 -0.711825 0.667585 0 255 0
-0.178739 -0.722596 0.647740 0 255 0
-0.163190 -0.719761 0.662331 0 255 0
-0.171116 -0.720228 0.645571 0 255 0
-0.157310 -0.698798 0.655975 0 255 0
-0.175517 -0.741918 0.671222 0 255 0
-0.181306 -0.702948 0.648859 0 255 0
-0.198001 -0.694224 0.642533 0 255 0
-0.193745 -0.705252 0.665549 0 255 0
-0.138035 -0.682407 0.652152 0 255 0
-0.182872 -0.707214 0.674514 0 255 0
-0.186857 -0.717069 0.661285 0 255 0
-0.181685 -0.712182 0.632343 0 255 0
-0.181748 -0.698963 0.654126 0 255 0
-0.153941 -0.723160 0.659391 0 255 0
-0.179070 -0.700867 0.667268 0 255 0
-0.196122 -0.714345 0.667331 0 255 0
-0.186380 -0.720545 0.663505 0 255 0
-0.190733 -0.690423 0.681714 0 255 0
-0.192972 -0.695916 0.647441 0 255 0
-0.176253 -0.712601 0.667257 0 255 0
-0.198421 -0.724442 0.662535 0 255 0
-0.173079 -0.713461 0.659193 0 255 0
-0.194626 -0.719019 0.654052 0 255 0
-0.190149 -0.705513 0.659039 0 255 0
-0.184303 -0.723748 0.685826 0 255 0
-0.197315 -0.717184 0.670593 0 255 0
-0.195087 -0.733933 0.683533 0 255 0
-0.215322 -0.717016 0.670455 0 255 0
-0.199685 -0.702751 0.661900 0 255 0
-0.193692 -0.705992 0.655596 0 255 0
-0.187116 -0.706158 0.672989 0 255 0
-0.201481 -0.703155 0.666869 0 255 0
-0.186248 -0.736045 0.678930 0 255 0
-0.193870 -0.729339 0.674155 0 255 0
-0.198574 -0.738651 0.675020 0 255 0
-0.220155 -0.720991 0.649175 0 255 0
-0.191229 -0.721041 0.665861 0 255 0
-0.222110 -0.716554 0.675601 0 255 0
-0.184294 -0.709201 0.672234 0 255 0
-0.186205 -0.720022 0.693003 0 255 0
-0.193581 -0.716550 0.679948 0 255 0
-0.193407 -0.696953 0.653292 0 255 0
-0.205689 -0.703044 0.682790 0 255 0
-0.204099 -0.697811 0.667292 0 255 0
-0.208978 -0.725850 0.683378 0 255 0
-0.218176 -0.707618 0.668963 0 255 0
-0.215910 -0.723320 0.667707 0 255 0
-0.192140 -0.716671 0.667017 0 255 0
-0.202499 -0.721392 0.661473 0 255 0
-0.193874 -0.696259 0.660693 0 255 0
-0.203826 -0.702240 0.654323 0 255 0
-0.211251 -0.728709 0.668655 0 255 0
-0.228490 -0.712881 0.667127 0 255 0
-0.203935 -0.718212 0.654727 0 255 0
-0.214478 -0.742763 0.678213 0 255 0
-0.184246 -0.721021 0.662321 0 255 0
-0.222096 -0.725134 0.690195 0 255 0
-0.211509 -0.727430 0.659753 0 255 0
-0.208765 -0.719220 0.680938 0 255 0
-0.206603 -0.711015 0.669054 0 255 0
-0.204477 -0.735386 0.682046 0 255 0
-0.197342 -0.707772 0.665901 0 255 0
-0.170895 -0.710113 0.661164 0 255 0
-0.197732 -0.720845 0.658712 0 255 0
-0.209453 -0.704071 0.641454 0 255 0
-0.178009 -0.735717 0.670686 0 255 0
-0.190498 -0.727826 0.650072 0 255 0
-0.197608 -0.735458 0.661081 0 255 0
-0.199055 -0.719524 0.662023 0 255 0
-0.216963 -0.732511 0.669424 0 255 0
-0.200815 -0.723046 0.676425 0 255 0
-0.224282 -0.697093 0.650817 0 255 0
-0.203085 -0.721580 0.658185 0 255 0
-0.212976 -0.712409 0.661490 0 255 0
-0.220602 -0.728351 0.661558 0 255 0
-0.211265 -0.729562 0.667611 0 255 0
-0.192628 -0.728128 0.679080 0 255 0
-0.177295 -0.707463 0.655091 0 255 0
-0.162409 -0.707915 0.642485 0 255 0
-0.169639 -0.701709 0.627387 0 255 0
-0.143814 -0.715644 0.641305 0 255 0
-0.163850 -0.717401 0.653266 0 255 0
-0.136759 -0.716158 0.650470 0 255 0
-0.151973 -0.704237 0.640018 0 255 0
-0.152323 -0.694884 0.657990 0 255 0
-0.145411 -0.729028 0.679303 0 255 0
-0.148345 -0.736360 0.663108 0 255 0
-0.147228 -0.707018 0.657356 0 255 0
-0.132786 -0.721425 0.650454 0 255 0
-0.146269 -0.730239 0.650254 0 255 0
-0.143949 -0.688552 0.650684 0 255 0
-0.161596 -0.723045 0.650992 0 255 0
-0.181802 -0.736244 0.643353 0 255 0
-0.148516 -0.734083 0.621148 0 255 0
-0.144924 -0.721522 0.641059 0 255 0
-0.162831 -0.711289 0.635348 0 255 0
-0.124852 -0.715271 0.636688 0 255 0
-0.132828 -0.714297 0.647234 0 255 0
-0.146608 -0.703094 0.639956 0 255 0
-0.148438 -0.705188 0.626629 0 255 0
-0.132663 -0.725475 0.647709 0 255 0
-0.124432 -0.718162 0.623180 0 255 0
-0.137110 -0.748711 0.638434 0 255 0
-0.143509 -0.712020 0.656544 0 255 0
-0.140103 -0.729370 0.645826 0 255 0
-0.140648 -0.704732 0.667463 0 255 0
-0.153245 -0.712378 0.629311 0 255 0
-0.148225 -0.719205 0.639671 0 255 0
-0.152134 -0.720792 0.627945 0 255 0
-0.167163 -0.726268 0.646262 0 255 0
-0.154186 -0.713658 0.643741 0 255 0
-0.152603 -0.735676 0.643311 0 255 0
-0.168322 -0.722695 0.635316 0 255 0
-0.143649 -0.745978 0.650175 0 255 0
-0.132206 -0.718445 0.655517 0 255 0
-0.160625 -0.719117 0.624082 0 255 0
-0.171167 -0.728879 0.652355 0 255 0
-0.149991 -0.736277 0.642991 0 255 0
-0.121471 -0.721693 0.655191 0 255 0
-0.133988 -0.716583 0.605830 0 255 0
-0.171996 -0.724373 0.639135 0 255 0
-0.146202 -0.746885 0.650626 0 255 0
-0.158661 -0.724669 0.630678 0 255 0
-0.173786 -0.718911 0.645139 0 255 0
-0.138983 -0.724574 0.627903 0 255 0
-0.166703 -0.732153 0.643790 0 255 0
-0.159105 -0.725797 0.667076 0 255 0
-0.161146 -0.751906 0.648183 0 255 0
-0.169754 -0.725041 0.658781 0 255 0
-0.168389 -0.708060 0.661421 0 255 0
-0.161503 -0.720725 0.659030 0 255 0
-0.171687 -0.744545 0.648495 0 255 0
-0.165572 -0.738661 0.622814 0 255 0
-0.145789 -0.740504 0.637739 0 255 0
-0.177801 -0.738021 0.644886 0 255 0
-0.159528 -0.741654 0.642313 0 255 0
-0.175431 -0.740748 0.646125 0 255 0
-0.192321 -0.741667 0.657059 0 255 0
-0.164345 -0.724520 0.648307 0 255 0
-0.176441 -0.745851 0.649700 0 255 0
-0.163666 -0.749989 0.657180 0 255 0
-0.149595 -0.729963 0.646487 0 255 0
-0.174428 -0.728388 0.658448 0 255 0
-0.177462 -0.731059 0.646087 0 255 0
-0.177638 -0.751337 0.652505 0 255 0
-0.202530 -0.751171 0.652757 0 255 0
-0.189175 -0.745076 0.646341 0 255 0
-0.175067 -0.750999 0.652902 0 255 0
-0.180711 -0.741336 0.669732 0 255 0
-0.191275 -0.722412 0.664208 0 255 0
-0.163258 -0.728713 0.648158 0 255 0
-0.179947 -0.739799 0.651058 0 255 0
-0.180501 -0.721152 0.644576 0 255 0
-0.171740 -0.740450 0.638905 0 255 0
-0.176751 -0.743152 0.647805 0 255 0
-0.180003 -0.712480 0.651956 0 255 0
-0.194509 -0.742297 0.635721 0 255 0
-0.211622 -0.756187 0.644003 0 255 0
-0.174121 -0.727181 0.664539 0 255 0
-0.187855 -0.739105 0.649059 0 255 0
-0.191192 -0.731283 0.637095 0 255 0
-0.182396 -0.720005 0.647084 0 255 0
-0.173972 -0.744178 0.644204 0 255 0
-0.191327 -0.747757 0.654350 0 255 0
-0.195604 -0.734529 0.647515 0 255 0
-0.191436 -0.761014 0.640560 0 255 0
-0.184519 -0.733399 0.648807 0 255 0
-0.174067 -0.746368 0.655711 0 255 0
-0.178914 -0.726923 0.667949 0 255 0
-0.184727 -0.748556 0.643152 0 255 0
-0.185347 -0.730873 0.651830 0 255 0
-0.191145 -0.743401 0.646831 0 255 0
-0.157637 -0.732555 0.652672 0 255 0
-0.148841 -0.731681 0.648229 0 255 0
-0.186528 -0.749411 0.641363 0 255 0
-0.172951 -0.753005 0.639056 0 255 0
-0.170798 -0.731105 0.648274 0 255 0
-0.174276 -0.730474 0.633967 0 255 0
-0.182286 -0.736616 0.625171 0 255 0
-0.175593 -0.712698 0.638113 0 255 0
-0.182168 -0.756431 0.633542 0 255 0
-0.183189 -0.758021 0.656101 0 255 0
-0.173303 -0.745360 0.646163 0 255 0
-0.189344 -0.749969 0.640081 0 255 0
-0.200086 -0.743313 0.647468 0 255 0
-0.186160 -0.741780 0.658710 0 255 0
-0.172421 -0.752514 0.642974 0 255 0
-0.179045 -0.760170 0.638628 0 255 0
-0.131228 -0.704355 0.635949 0 255 0
-0.138497 -0.716290 0.624958 0 255 0
-0.137683 -0.730409 0.624533 0 255 0
-0.136513 -0.719340 0.607933 0 255 0
-0.145416 -0.718039 0.626804 0 255 0
-0.127327 -0.728370 0.625147 0 255 0
-0.136770 -0.724708 0.616498 0 255 0
-0.127723 -0.713762 0.640498 0 255 0
-0.138511 -0.731691 0.623396 0 255 0
-0.132961 -0.738688 0.616146 0 255 0
-0.129149 -0.731586 0.636038 0 255 0
-0.121367 -0.733178 0.623169 0 255 0
-0.122661 -0.714604 0.625370 0 255 0
-0.114994 -0.714500 0.635067 0 255 0
-0.130406 -0.724158 0.630552 0 255 0
-0.123273 -0.737604 0.610676 0 255 0
-0.119193 -0.721376 0.611318 0 255 0
-0.103506 -0.695581 0.618349 0 255 0
-0.103189 -0.719982 0.603711 0 255 0
-0.126854 -0.718110 0.626941 0 255 0
-0.146253 -0.747761 0.637693 0 255 0
-0.119382 -0.733507 0.605885 0 255 0
-0.119941 -0.724039 0.613873 0 255 0
-0.133226 -0.729372 0.605134 0 255 0
-0.132472 -0.723371 0.603812 0 255 0
-0.120636 -0.709731 0.614661 0 255 0
-0.118508 -0.723148 0.624200 0 255 0
-0.124595 -0.716274 0.614255 0 255 0
-0.114328 -0.694829 0.620285 0 255 0
-0.118897 -0.703503 0.621273 0 255 0
-0.124043 -0.732125 0.632475 0 255 0
-0.110061 -0.740699 0.624786 0 255 0
-0.097473 -0.723214 0.636989 0 255 0
-0.107209 -0.744889 0.616203 0 255 0
-0.134463 -0.717258 0.627951 0 255 0
-0.127207 -0.715101 0.609076 0 255 0
-0.112777 -0.725566 0.626973 0 255 0
-0.127276 -0.726613 0.624103 0 255 0
-0.125496 -0.732148 0.627250 0 255 0
-0.146128 -0.737042 0.616965 0 255 0
-0.107883 -0.721901 0.611402 0 255 0
-0.131669 -0.737712 0.609948 0 255 0
-0.126317 -0.726457 0.630635 0 255 0
-0.122291 -0.730394 0.621789 0 255 0
-0.115539 -0.734287 0.626441 0 255 0
-0.145970 -0.746367 0.620622 0 255 0
-0.141641 -0.727055 0.619701 0 255 0
-0.161872 -0.747044 0.620124 0 255 0
-0.102524 -0.708575 0.640397 0 255 0
-0.171790 -0.729638 0.644704 0 255 0
-0.125329 -0.745375 0.637100 0 255 0
-0.131890 -0.734905 0.613412 0 255 0
-0.139289 -0.733132 0.597812 0 255 0
-0.124068 -0.749875 0.613818 0 255 0
-0.127961 -0.757092 0.627189 0 255 0
-0.139643 -0.750031 0.628695 0 255 0
-0.146453 -0.750656 0.625175 0 255 0
-0.130518 -0.734371 0.605577 0 255 0
-0.140812 -0.718431 0.600838 0 255 0
-0.142491 -0.718930 0.626448 0 255 0
-0.136899 -0.736097 0.624435 0 255 0
-0.131024 -0.739952 0.605846 0 255 0
-0.143456 -0.751488 0.621773 0 255 0
-0.134466 -0.742255 0.603289 0 255 0
-0.142560 -0.728551 0.609691 0 255 0
-0.161814 -0.749602 0.625163 0 255 0
-0.156711 -0.731607 0.643486 0 255 0
-0.157888 -0.745438 0.634773 0 255 0
-0.138379 -0.756918 0.631951 0 255 0
-0.157635 -0.744849 0.625234 0 255 0
-0.132224 -0.743616 0.621479 0 255 0
-0.157669 -0.736469 0.606225 0 255 0
-0.132384 -0.767536 0.634051 0 255 0
-0.153876 -0.763945 0.633337 0 255 0
-0.162785 -0.758567 0.632420 0 255 0
-0.152094 -0.754511 0.619446 0 255 0
-0.139795 -0.742612 0.630389 0 255 0
-0.165638 -0.756685 0.626209 0 255 0
-0.168858 -0.759060 0.632180 0 255 0
-0.140622 -0.751941 0.627302 0 255 0
-0.154065 -0.746298 0.643237 0 255 0
-0.140883 -0.748641 0.639543 0 255 0
-0.160786 -0.754457 0.638281 0 255 0
-0.149220 -0.736761 0.639147 0 255 0
-0.154102 -0.742535 0.633083 0 255 0
-0.129350 -0.743986 0.620049 0 255 0
-0.156020 -0.742569 0.630472 0 255 0
-0.149574 -0.735160 0.627845 0 255 0
-0.134720 -0.744041 0.611735 0 255 0
-0.143668 -0.737646 0.623213 0 255 0
-0.141473 -0.741427 0.618502 0 255 0
-0.145029 -0.762672 0.625587 0 255 0
-0.146770 -0.764289 0.620205 0 255 0
-0.149848 -0.744272 0.621981 0 255 0
-0.153231 -0.765941 0.626389 0 255 0
-0.141696 -0.756877 0.619831 0 255 0
-0.153494 -0.759385 0.622954 0 255 0
-0.155416 -0.754145 0.617172 0 255 0
-0.141700 -0.765617 0.623997 0 255 0
-0.148448 -0.752767 0.624676 0 255 0
-0.141164 -0.753847 0.623617 0 255 0
-0.140496 -0.744239 0.605928 0 255 0
-0.132335 -0.734605 0.635702 0 255 0
-0.160049 -0.747695 0.622824 0 255 0
-0.135326 -0.734652 0.617199 0 255 0
-0.152067 -0.761266 0.628313 0 255 0
-0.125802 -0.735698 0.598169 0 255 0
-0.140995 -0.739968 0.622228 0 255 0
-0.127015 -0.756614 0.604764 0 255 0
-0.163851 -0.761162 0.615977 0 255 0
-0.128074 -0.756122 0.612434 0 255 0
-0.120099 -0.748069 0.615218 0 255 0
-0.163154 -0.753827 0.636489 0 255 0
-0.150943 -0.747059 0.635061 0 255 0
-0.154097 -0.744923 0.639954 0 255 0
-0.177798 -0.754349 0.619583 0 255 0
-0.137676 -0.755043 0.635916 0 255 0
-0.109057 -0.731026 0.622049 0 255 0
-0.120306 -0.616014 0.659401 0 255 0
-0.123768 -0.639643 0.653440 0 255 0
-0.138102 -0.629294 0.630903 0 255 0
-0.124976 -0.625349 0.653412 0 255 0
-0.115909 -0.601790 0.638178 0 255 0
-0.127818 -0.603283 0.641879 0 255 0
-0.122307 -0.629006 0.665192 0 255 0
-0.116504 -0.622723 0.642487 0 255 0
-0.118950 -0.618911 0.654249 0 255 0
-0.117244 -0.621271 0.648699 0 255 0
-0.119860 -0.632115 0.647621 0 255 0
-0.133717 -0.625261 0.665798 0 255 0
-0.124741 -0.611766 0.652575 0 255 0
-0.123898 -0.633506 0.644936 0 255 0
-0.131984 -0.607781 0.621374 0 255 0
-0.138327 -0.641392 0.652196 0 255 0
-0.135170 -0.627615 0.658433 0 255 0
-0.126164 -0.638889 0.645933 0 255 0
-0.140014 -0.632751 0.673117 0 255 0
-0.132774 -0.602272 0.673998 0 255 0
-0.155721 -0.600001 0.660791 0 255 0
-0.140072 -0.616390 0.660261 0 255 0
-0.144287 -0.617206 0.651950 0 255 0
-0.154409 -0.596177 0.654819 0 255 0
-0.154990 -0.621763 0.654909 0 255 0
-0.140276 -0.606041 0.651131 0 255 0
-0.134268 -0.604299 0.648927 0 255 0
-0.152539 -0.613969 0.661858 0 255 0
-0.147211 -0.609497 0.672185 0 255 0
-0.148676 -0.627839 0.654146 0 255 0
-0.145058 -0.613161 0.677902 0 255 0
-0.160455 -0.620807 0.657462 0 255 0
-0.144820 -0.600064 0.668877 0 255 0
-0.160324 -0.611394 0.663847 0 255 0
-0.127421 -0.617396 0.645873 0 255 0
-0.149225 -0.617617 0.644185 0 255 0
-0.134119 -0.599268 0.652559 0 255 0
-0.158555 -0.599976 0.654040 0 255 0
-0.145729 -0.609213 0.638458 0 255 0
-0.146524 -0.607009 0.661176 0 255 0
-0.145266 -0.633034 0.634248 0 255 0
-0.168029 -0.604945 0.642661 0 255 0
-0.152069 -0.603745 0.627912 0 255 0
-0.136792 -0.622094 0.647254 0 255 0
-0.139676 -0.611048 0.646783 0 255 0
-0.116751 -0.618760 0.640119 0 255 0
-0.151191 -0.621765 0.647939 0 255 0
-0.160108 -0.609496 0.663972 0 255 0
-0.151114 -0.584702 0.649789 0 255 0
-0.136616 -0.603452 0.656373 0 255 0
-0.165797 -0.614866 0.650260 0 255 0
-0.167041 -0.627053 0.656092 0 255 0
-0.154531 -0.625087 0.657765 0 255 0
-0.147149 -0.617753 0.668572 0 255 0
-0.173529 -0.605561 0.673945 0 255 0
-0.144512 -0.615561 0.670406 0 255 0
-0.122634 -0.629880 0.640075 0 255 0
-0.137157 -0.625399 0.639870 0 255 0
-0.125922 -0.631513 0.638481 0 255 0
-0.158526 -0.624923 0.641097 0 255 0
-0.128016 -0.626818 0.653513 0 255 0
-0.136056 -0.611817 0.665629 0 255 0
-0.160191 -0.613658 0.648657 0 255 0
-0.132508 -0.617959 0.642532 0 255 0
-0.151139 -0.624307 0.654177 0 255 0
-0.143080 -0.604982 0.639896 0 255 0
-0.169581 -0.608995 0.659216 0 255 0
-0.168025 -0.624141 0.648075 0 255 0
-0.162416 -0.620684 0.650946 0 255 0
-0.150980 -0.625705 0.648100 0 255 0
-0.154448 -0.617988 0.651967 0 255 0
-0.148316 -0.615470 0.650903 0 255 0
-0.097643 -0.712092 0.604183 0 255 0
-0.103893 -0.715387 0.621049 0 255 0
-0.100458 -0.700866 0.614577 0 255 0
-0.107538 -0.708954 0.615653 0 255 0
-0.085523 -0.701656 0.607851 0 255 0
-0.088604 -0.692647 0.615175 0 255 0
-0.099332 -0.702388 0.609934 0 255 0
-0.110480 -0.704725 0.609095 0 255 0
-0.092368 -0.685213 0.611164 0 255 0
0.025122 -0.484804 0.588470 0 255 0
0.018966 -0.495993 0.589719 0 255 0
0.027407 -0.490101 0.584146 0 255 0
0.027494 -0.478115 0.592786 0 255 0
0.011293 -0.485315 0.591264 0 255 0
-0.003981 -0.490010 0.587858 0 255 0
0.027220 -0.474307 0.585000 0 255 0
0.009912 -0.503295 0.577749 0 255 0
0.009369 -0.479809 0.590655 0 255 0
0.003203 -0.484979 0.593640 0 255 0
0.002117 -0.473523 0.611933 0 255 0
-0.000871 -0.472696 0.594548 0 255 0
0.005765 -0.477063 0.588855 0 255 0
0.015567 -0.474661 0.595166 0 255 0
0.020883 -0.464539 0.592904 0 255 0
0.025536 -0.483588 0.589938 0 255 0
0.006277 -0.480705 0.577654 0 255 0
0.049329 -0.476808 0.593906 0 255 0
0.015835 -0.474074 0.589091 0 255 0
0.014865 -0.481548 0.606610 0 255 0
0.015501 -0.477355 0.588068 0 255 0
0.013455 -0.480676 0.588101 0 255 0
0.004518 -0.499957 0.576044 0 255 0
0.018916 -0.479153 0.590843 0 255 0
0.008144 -0.466827 0.598446 0 255 0
0.011272 -0.493291 0.584188 0 255 0
0.036114 -0.475980 0.577121 0 255 0
0.006549 -0.445391 0.586769 0 255 0
0.030417 -0.472893 0.599848 0 255 0
0.008975 -0.467932 0.595794 0 255 0
0.001713 -0.490301 0.591750 0 255 0
0.027435 -0.479133 0.586195 0 255 0
0.016717 -0.471858 0.591747 0 255 0
0.076392 -0.269659 0.547128 0 255 0
0.067292 -0.245220 0.531709 0 255 0
0.019749 -0.467940 0.579213 0 255 0
0.025518 -0.478163 0.571514 0 255 0
0.053605 -0.490960 0.571878 0 255 0
0.008529 -0.484666 0.573339 0 255 0
0.008585 -0.479941 0.575618 0 255 0
0.172943 -0.414840 0.604074 0 255 0
0.165414 -0.435975 0.586547 0 255 0
0.189672 -0.438192 0.628702 0 255 0
0.207718 -0.430970 0.634781 0 255 0
0.123107 0.013955 0.477556 0 255 0
0.197759 -0.018516 0.649846 0 255 0
0.207423 -0.037201 0.637453 0 255 0
0.136588 -0.025624 0.669464 0 255 0
0.166616 0.004118 0.668514 0 255 0
0.203209 -0.030604 0.514323 0 255 0
0.216832 0.008326 0.536846 0 255 0
0.163095 -0.021179 0.482363 0 255 0
0.168382 0.007424 0.494565 0 255 0
0.203236 0.017765 0.519733 0 255 0
0.166450 0.014225 0.646179 0 255 0
0.154151 -0.018495 0.670736 0 255 0
0.178565 -0.007184 0.656054 0 255 0
0.172315 -0.004203 0.656282 0 255 0
0.128756 -0.022722 0.665881 0 255 0
0.099761 -0.020079 0.663430 0 255 0
0.220342 -0.061391 0.567885 0 255 0
0.237180 -0.045468 0.600143 0 255 0
0.207627 -0.055987 0.620923 0 255 0
0.192142 -0.065248 0.646635 0 255 0
0.164103 -0.068667 0.658808 0 255 0
0.197642 -0.059375 0.639607 0 255 0
0.150099 -0.049197 0.476368 0 255 0
0.130460 -0.083763 0.463113 0 255 0
0.216847 -0.055231 0.532232 0 255 0
0.101645 -0.039710 0.451411 0 255 0
0.113085 -0.074146 0.690944 0 255 0
0.158287 -0.090029 0.677541 0 255 0
0.219542 -0.052844 0.609836 0 255 0
0.093984 -0.216669 0.499453 0 255 0
0.091906 -0.201299 0.500758 0 255 0
0.107572 -0.200997 0.499339 0 255 0
0.118046 -0.209587 0.498124 0 255 0
0.133124 -0.197214 0.488355 0 255 0
0.132139 -0.207752 0.506279 0 255 0
0.151744 -0.206584 0.505517 0 255 0
0.182309 -0.236495 0.511273 0 255 0
0.152518 -0.238091 0.485994 0 255 0
0.191624 -0.230230 0.509123 0 255 0
0.187442 -0.227772 0.500088 0 255 0
0.197726 -0.205768 0.526421 0 255 0
0.202405 -0.209268 0.531700 0 255 0
0.233389 -0.180875 0.522605 0 255 0
0.225548 -0.188765 0.542532 0 255 0
0.211252 -0.179724 0.511389 0 255 0
0.180420 -0.183499 0.517716 0 255 0
0.181327 -0.200759 0.491813 0 255 0
0.066344 -0.144747 0.478444 0 255 0
0.084746 -0.124256 0.471682 0 255 0
0.083092 -0.263901 0.568928 0 255 0
0.117705 -0.636066 0.557723 0 255 0
-0.008457 -0.632684 0.645423 0 255 0
0.139309 -0.258251 0.718618 0 255 0
0.112814 -0.259382 0.700785 0 255 0
0.109075 -0.234976 0.698395 0 255 0
0.084838 -0.254284 0.711129 0 255 0
0.155686 -0.301043 0.697914 0 255 0
0.168915 -0.292719 0.684221 0 255 0
0.138890 -0.265188 0.703730 0 255 0
0.137706 -0.264262 0.706368 0 255 0
0.205604 -0.061008 0.508377 0 255 0
0.116590 -0.194674 0.718590 0 255 0
0.148796 -0.250703 0.703630 0 255 0
0.154768 -0.252566 0.715268 0 255 0
0.167434 -0.252301 0.691126 0 255 0
0.184126 -0.292838 0.699239 0 255 0
0.205273 -0.311705 0.660244 0 255 0
0.231523 -0.313226 0.660578 0 255 0
0.195939 -0.317685 0.659248 0 255 0
0.197517 -0.316085 0.654483 0 255 0
0.203990 -0.335368 0.660594 0 255 0
0.223135 -0.301550 0.664263 0 255 0
0.213140 -0.381767 0.642620 0 255 0
0.233397 -0.407587 0.625124 0 255 0
0.238223 -0.412763 0.611992 0 255 0
0.226326 -0.416682 0.606558 0 255 0
0.240045 -0.415585 0.572312 0 255 0
0.257137 -0.405146 0.574202 0 255 0
0.256622 -0.379921 0.594187 0 255 0
0.245015 -0.326185 0.575359 0 255 0
0.226570 -0.298578 0.608251 0 255 0
0.225496 -0.216044 0.606439 0 255 0
0.232975 -0.189663 0.614438 0 255 0
0.212329 -0.127866 0.653779 0 255 0
0.239537 -0.163370 0.642075 0 255 0
0.186453 -0.118090 0.637835 0 255 0
0.182019 0.114670 0.673250 0 255 0
0.158460 0.121428 0.666414 0 255 0
0.183799 0.103257 0.656348 0 255 0
0.204249 0.110787 0.664701 0 255 0
0.100860 0.074473 0.681082 0 255 0
0.124094 0.066759 0.660144 0 255 0
0.243051 0.108672 0.566055 0 255 0
0.217359 0.121186 0.616324 0 255 0
0.220642 0.091456 0.633551 0 255 0
0.212127 0.104571 0.641079 0 255 0
0.208540 0.103908 0.540852 0 255 0
0.121916 0.126598 0.451348 0 255 0
0.150901 0.126822 0.485070 0 255 0
0.065325 0.127207 0.445758 0 255 0
0.116418 0.144541 0.465956 0 255 0
0.212308 0.120770 0.520902 0 255 0
0.116250 0.134588 0.445964 0 255 0
0.172814 0.101441 0.485367 0 255 0
0.191207 0.116744 0.514571 0 255 0
0.169197 0.068245 0.662392 0 255 0
0.141793 0.064795 0.682818 0 255 0
0.141362 0.034569 0.665856 0 255 0
0.120059 -0.150040 0.707934 0 255 0
0.144525 -0.167870 0.688222 0 255 0
0.169553 -0.146841 0.692668 0 255 0
0.176029 -0.174466 0.671669 0 255 0
0.191780 -0.180011 0.674751 0 255 0
0.204237 -0.205889 0.684133 0 255 0
0.192233 -0.179366 0.677363 0 255 0
0.201248 -0.237678 0.644538 0 255 0
0.215301 -0.251388 0.620126 0 255 0
0.209119 -0.230651 0.630604 0 255 0
0.211609 -0.228794 0.634589 0 255 0
0.210648 -0.238262 0.637622 0 255 0
0.233455 -0.260015 0.622144 0 255 0
0.236682 -0.283508 0.600544 0 255 0
0.250148 -0.302695 0.607466 0 255 0
0.245490 -0.308470 0.624318 0 255 0
0.245180 -0.287524 0.617991 0 255 0
0.224487 -0.231566 0.659112 0 255 0
0.195179 -0.221045 0.676497 0 255 0
0.124958 -0.164902 0.692161 0 255 0
0.099715 -0.175544 0.678198 0 255 0
0.221475 -0.168365 0.545215 0 255 0
0.241059 -0.161065 0.551742 0 255 0
0.245550 -0.178666 0.580000 0 255 0
0.235815 -0.159507 0.598597 0 255 0
0.238716 -0.168136 0.615340 0 255 0
0.230578 -0.163960 0.615817 0 255 0
0.231652 -0.187293 0.620367 0 255 0
0.243252 -0.200089 0.621186 0 255 0
0.217925 -0.181639 0.639882 0 255 0
0.224895 -0.203338 0.628001 0 255 0
0.224001 -0.183614 0.648953 0 255 0
0.220034 -0.198558 0.643710 0 255 0
0.214216 -0.196435 0.660825 0 255 0
0.202214 -0.215289 0.659333 0 255 0
0.176802 -0.193881 0.674311 0 255 0
0.189943 -0.217945 0.657022 0 255 0
0.177072 -0.208007 0.694240 0 255 0
0.167428 -0.232326 0.707899 0 255 0
0.165271 -0.185305 0.682089 0 255 0
0.153269 -0.192183 0.699467 0 255 0
0.150607 -0.297913 0.695527 0 255 0
0.143403 -0.316233 0.695511 0 255 0
0.247673 -0.387142 0.595162 0 255 0
0.243621 -0.402380 0.583494 0 255 0
0.271685 -0.378646 0.588516 0 255 0
0.248545 -0.367739 0.573519 0 255 0
0.244671 -0.390011 0.593886 0 255 0
0.250153 -0.385187 0.609245 0 255 0
0.245839 -0.389736 0.592578 0 255 0
0.256593 -0.398690 0.591781 0 255 0
0.244294 -0.393989 0.619008 0 255 0
0.248574 -0.374465 0.600179 0 255 0
0.231315 -0.390491 0.633944 0 255 0
0.259852 -0.389610 0.636532 0 255 0
0.257738 -0.372151 0.615212 0 255 0
0.240104 -0.369563 0.633321 0 255 0
0.237496 -0.332528 0.633561 0 255 0
0.243521 -0.353102 0.630232 0 255 0
0.241856 -0.367249 0.638056 0 255 0
0.242932 -0.330282 0.610163 0 255 0
0.277490 -0.345786 0.598733 0 255 0
0.228731 -0.354074 0.588350 0 255 0
0.251580 -0.365237 0.602284 0 255 0
0.244485 -0.343002 0.617186 0 255 0
0.246399 -0.338808 0.619500 0 255 0
0.148778 -0.142028 0.696281 0 255 0
0.152017 -0.182874 0.709844 0 255 0
0.217203 -0.254879 0.631622 0 255 0
0.232795 -0.276434 0.635540 0 255 0
0.253343 -0.278808 0.642589 0 255 0
0.245620 -0.313316 0.613486 0 255 0
0.222228 -0.273825 0.642834 0 255 0
0.236385 -0.251647 0.633009 0 255 0
0.213480 -0.252644 0.640521 0 255 0
0.160299 -0.198215 0.688182 0 255 0
0.109177 -0.158910 0.699282 0 255 0
0.175453 -0.346138 0.590080 0 255 0
0.160458 -0.348278 0.618023 0 255 0
0.206432 -0.347490 0.631623 0 255 0
0.203054 -0.339703 0.652907 0 255 0
0.099494 -0.270708 0.710771 0 255 0
0.151383 -0.559083 0.540995 0 255 0
0.100273 -0.136262 0.688314 0 255 0
0.089559 -0.128211 0.701207 0 255 0
0.101186 -0.040250 0.666501 0 255 0
0.093580 -0.068256 0.676138 0 255 0
0.143178 0.044690 0.657386 0 255 0
0.112601 0.042182 0.666842 0 255 0
0.095137 0.014699 0.697962 0 255 0
0.091871 0.096042 0.682576 0 255 0
0.073460 0.052424 0.679349 0 255 0
0.102784 0.020774 0.665643 0 255 0
0.063646 0.001640 0.669556 0 255 0
0.118580 -0.086564 0.695674 0 255 0
0.102312 -0.137106 0.698535 0 255 0
0.101384 -0.136499 0.717670 0 255 0
0.088603 -0.169951 0.688120 0 255 0
0.108970 -0.192448 0.694261 0 255 0
0.154106 -0.187428 0.481334 0 255 0
0.187688 -0.205251 0.481995 0 255 0
0.150344 -0.198690 0.492525 0 255 0
0.125169 -0.185524 0.469936 0 255 0
0.169107 -0.192602 0.476764 0 255 0
0.189058 -0.210023 0.514551 0 255 0
0.159199 -0.224877 0.489231 0 255 0
0.170650 -0.187965 0.481853 0 255 0
0.193913 -0.196729 0.512844 0 255 0
0.181213 -0.187517 0.489091 0 255 0
0.158106 -0.181527 0.463420 0 255 0
0.159896 -0.176997 0.466883 0 255 0
0.167407 -0.171781 0.453649 0 255 0
0.199772 -0.208498 0.482553 0 255 0
0.176919 -0.174462 0.479415 0 255 0
0.004496 -0.374389 0.596505 0 255 0
0.016206 -0.360636 0.563372 0 255 0
-0.015275 -0.408847 0.590981 0 255 0
-0.016282 -0.403435 0.575034 0 255 0
0.011023 -0.347336 0.604895 0 255 0
0.032234 -0.342729 0.593965 0 255 0
-0.014501 -0.395130 0.590018 0 255 0
-0.005268 -0.367082 0.572600 0 255 0
-0.012076 -0.448006 0.578536 0 255 0
-0.024586 -0.431149 0.592358 0 255 0
-0.000688 -0.396917 0.596097 0 255 0
-0.015976 -0.408857 0.558407 0 255 0
0.052404 -0.321381 0.622534 0 255 0
0.016040 -0.358197 0.602225 0 255 0
0.047799 -0.289206 0.603013 0 255 0
0.066040 -0.308985 0.601830 0 255 0
0.072524 -0.281530 0.600347 0 255 0
0.067303 -0.276595 0.586902 0 255 0
0.091649 -0.170105 0.478068 0 255 0
0.070763 -0.211529 0.523317 0 255 0
0.073116 -0.197052 0.505048 0 255 0
0.076312 -0.212671 0.542409 0 255 0
0.084261 -0.269157 0.568337 0 255 0
0.048133 -0.312717 0.592703 0 255 0
-0.019210 -0.420724 0.580122 0 255 0
-0.007486 -0.393484 0.585174 0 255 0
-0.034921 -0.429953 0.593533 0 255 0
-0.039772 -0.430644 0.595609 0 255 0
0.070962 -0.250580 0.559163 0 255 0
0.078074 -0.243351 0.546115 0 255 0
0.079190 -0.182818 0.486802 0 255 0
0.070471 -0.138342 0.484993 0 255 0
0.060810 -0.121268 0.485470 0 255 0
0.065063 -0.271984 0.576110 0 255 0
0.073338 -0.098730 0.481751 0 255 0
0.226538 0.290578 0.649334 0 255 0
0.222570 0.300600 0.662318 0 255 0
0.214198 0.280275 0.663071 0 255 0
0.215671 0.277074 0.669489 0 255 0
0.229398 0.233566 0.632515 0 255 0
0.233385 0.230199 0.639125 0 255 0
0.240616 0.194263 0.633231 0 255 0
0.190737 0.301575 0.679583 0 255 0
0.164379 0.272071 0.697341 0 255 0
0.153896 0.298198 0.700176 0 255 0
0.212801 0.214967 0.679768 0 255 0
0.210419 0.197752 0.670214 0 255 0
0.220710 0.271711 0.682080 0 255 0
0.235086 0.260478 0.666558 0 255 0
0.236817 0.260633 0.654738 0 255 0
0.179042 0.274315 0.715103 0 255 0
0.206471 0.273043 0.697177 0 255 0
0.123190 0.134767 0.684754 0 255 0
0.149119 0.118360 0.706476 0 255 0
0.117317 0.132345 0.709871 0 255 0
0.229461 0.123937 0.645752 0 255 0
0.208609 0.132354 0.676506 0 255 0
0.097655 0.269507 0.691866 0 255 0
0.206843 0.250741 0.689608 0 255 0
0.162611 0.280477 0.710574 0 255 0
0.164267 0.260642 0.681089 0 255 0
0.190473 0.191254 0.694861 0 255 0
0.169497 0.176362 0.697804 0 255 0
0.203525 0.203119 0.691408 0 255 0
0.150212 0.201111 0.728228 0 255 0
0.217651 0.185944 0.672281 0 255 0
0.197311 0.177399 0.688547 0 255 0
0.164180 0.137158 0.714303 0 255 0
0.196018 0.158620 0.685259 0 255 0
0.201803 0.127422 0.679365 0 255 0
0.185486 0.210724 0.690186 0 255 0
0.170839 0.223559 0.714893 0 255 0
0.135001 0.236424 0.717873 0 255 0
0.113041 0.210594 0.712930 0 255 0
0.045752 0.236467 0.718749 0 255 0
0.095329 0.204848 0.705837 0 255 0
0.157102 0.133734 0.675808 0 255 0
0.162203 0.100676 0.674247 0 255 0
0.167788 0.128511 0.688922 0 255 0
0.138329 0.036575 0.670714 0 255 0
0.165606 0.478097 0.453425 0 255 0
0.067444 0.291440 0.560468 0 255 0
0.063977 0.333281 0.539818 0 255 0
0.236828 0.265425 0.523053 0 255 0
0.240633 0.280041 0.608848 0 255 0
0.242997 0.273134 0.627433 0 255 0
0.078590 0.312227 0.499316 0 255 0
0.073170 0.305410 0.475581 0 255 0
0.230087 0.235917 0.490665 0 255 0
0.162229 0.269090 0.461120 0 255 0
0.055805 0.316217 0.529613 0 255 0
0.220990 0.230680 0.678089 0 255 0
0.197328 0.224307 0.698701 0 255 0
0.185456 0.250816 0.693810 0 255 0
0.126750 0.256070 0.730184 0 255 0
0.106533 0.254309 0.731741 0 255 0
0.079589 0.256530 0.706157 0 255 0
0.078602 0.268851 0.453873 0 255 0
0.057144 0.242552 0.476572 0 255 0
0.061444 0.248650 0.481015 0 255 0
0.043565 0.239636 0.478276 0 255 0
0.051783 0.240342 0.487676 0 255 0
0.057475 0.255101 0.455945 0 255 0
0.073974 0.241765 0.471972 0 255 0
0.048880 0.254591 0.461906 0 255 0
0.126720 0.162246 0.471326 0 255 0
0.159045 0.147648 0.461853 0 255 0
0.088588 0.162951 0.445479 0 255 0
0.079203 0.159671 0.466956 0 255 0
0.226895 0.139169 0.523565 0 255 0
0.094242 0.152810 0.471087 0 255 0
0.194113 0.133307 0.502472 0 255 0
0.189208 0.108537 0.506174 0 255 0
0.093758 0.155568 0.714065 0 255 0
0.082461 0.135273 0.706630 0 255 0
0.055511 0.147355 0.461365 0 255 0
-0.006264 -0.371468 0.597239 0 255 0
-0.007210 -0.360643 0.598789 0 255 0
-0.021522 -0.544998 0.616628 0 255 0
0.077447 -0.354751 0.680292 0 255 0
-0.046819 -0.478156 0.597786 0 255 0
-0.001065 -0.397033 0.609011 0 255 0
-0.022737 -0.431638 0.581770 0 255 0
0.074978 -0.311851 0.589977 0 255 0
0.068256 -0.291534 0.582244 0 255 0
0.074281 0.298036 0.552321 0 255 0
0.061835 -0.282599 0.570059 0 255 0
0.076411 0.297408 0.565393 0 255 0
0.089163 -0.018709 0.665838 0 255 0
0.049348 0.861465 0.698068 0 255 0
0.052987 0.847354 0.702947 0 255 0
0.036799 0.875821 0.724242 0 255 0
0.049825 0.883404 0.695467 0 255 0
0.054713 0.837517 0.745263 0 255 0
0.056608 0.851776 0.744185 0 255 0
0.071325 0.849231 0.743479 0 255 0
0.074883 0.857974 0.751885 0 255 0
0.077018 0.863095 0.762869 0 255 0
0.073115 0.867870 0.771831 0 255 0
0.092899 0.857272 0.736727 0 255 0
0.094913 0.883466 0.721938 0 255 0
0.112131 0.857041 0.719989 0 255 0
0.102966 0.875538 0.712420 0 255 0
0.121698 0.881183 0.708127 0 255 0
0.094524 0.890279 0.697947 0 255 0
0.076488 0.916545 0.697831 0 255 0
0.091204 0.887980 0.702031 0 255 0
0.054440 0.861029 0.693538 0 255 0
0.064030 0.898420 0.680721 0 255 0
0.046123 0.852051 0.768999 0 255 0
0.064528 0.881643 0.745136 0 255 0
0.048547 0.883307 0.729725 0 255 0
0.053984 0.862578 0.711504 0 255 0
0.049115 0.907104 0.731823 0 255 0
0.034566 0.928353 0.722812 0 255 0
0.042357 0.901877 0.754233 0 255 0
0.043418 0.922024 0.760431 0 255 0
0.077613 0.898129 0.752915 0 255 0
0.063709 0.894194 0.769153 0 255 0
0.085368 0.915469 0.737259 0 255 0
0.097979 0.881657 0.758958 0 255 0
0.102000 0.868422 0.752776 0 255 0
0.093514 0.915416 0.714386 0 255 0
0.079330 0.906564 0.704377 0 255 0
0.047004 0.919659 0.694475 0 255 0
0.057936 0.914383 0.749495 0 255 0
0.109969 1.074936 0.615434 0 255 0
0.112406 1.043485 0.606160 0 255 0
0.101831 1.035827 0.606137 0 255 0
0.084188 1.057147 0.608156 0 255 0
0.078667 1.071834 0.590352 0 255 0
0.074348 1.047286 0.579391 0 255 0
0.064597 1.052535 0.581102 0 255 0
0.046401 1.043303 0.596046 0 255 0
0.072351 1.045227 0.582544 0 255 0
0.081835 1.034370 0.580185 0 255 0
0.097785 1.052695 0.596518 0 255 0
0.067004 1.052627 0.593443 0 255 0
0.120271 1.064958 0.637152 0 255 0
0.109634 1.053141 0.633813 0 255 0
0.131028 1.047254 0.636084 0 255 0
0.126310 1.033456 0.633703 0 255 0
0.126618 1.047057 0.619307 0 255 0
0.109627 1.038387 0.613261 0 255 0
0.124637 1.048701 0.616726 0 255 0
0.118024 1.060031 0.616461 0 255 0
0.067783 1.044857 0.606332 0 255 0
0.055762 1.031949 0.594600 0 255 0
0.068757 1.051197 0.593866 0 255 0
0.077927 1.030656 0.584478 0 255 0
0.054292 1.047670 0.586446 0 255 0
0.056034 1.024945 0.597340 0 255 0
0.065669 1.036982 0.605518 0 255 0
0.064656 1.050745 0.614497 0 255 0
0.064299 1.055484 0.609196 0 255 0
0.056632 1.062229 0.600868 0 255 0
0.071230 1.060340 0.598558 0 255 0
0.086060 1.043560 0.594587 0 255 0
0.085964 1.044057 0.606865 0 255 0
0.085065 1.035040 0.617506 0 255 0
0.093697 1.046406 0.582790 0 255 0
0.082340 1.042452 0.604531 0 255 0
0.069340 1.027273 0.598344 0 255 0
0.076432 1.033122 0.598008 0 255 0
0.049354 1.059381 0.597833 0 255 0
0.103846 1.036127 0.618424 0 255 0
0.086749 1.047358 0.606183 0 255 0
0.101219 1.047127 0.593428 0 255 0
0.075258 1.050758 0.625320 0 255 0
0.084165 1.061567 0.602459 0 255 0
0.105569 1.030133 0.611399 0 255 0
0.080485 1.043653 0.609888 0 255 0
0.095999 1.038021 0.599737 0 255 0
0.102689 1.056275 0.602148 0 255 0
0.079307 1.054353 0.593139 0 255 0
0.081403 1.044148 0.591490 0 255 0
0.099846 1.040136 0.623168 0 255 0
0.106188 1.051136 0.623201 0 255 0
0.092722 1.045725 0.613644 0 255 0
0.108268 1.064164 0.626334 0 255 0
0.100837 1.053007 0.601377 0 255 0
0.119981 1.045687 0.591939 0 255 0
0.106503 1.051834 0.626226 0 255 0
0.110855 1.028202 0.614499 0 255 0
0.101727 1.032258 0.624298 0 255 0
0.130124 1.037671 0.611331 0 255 0
0.108382 1.030775 0.616397 0 255 0
0.094169 1.034313 0.620649 0 255 0
0.105680 1.019974 0.615225 0 255 0
0.099175 1.032914 0.622348 0 255 0
0.104426 1.050785 0.638923 0 255 0
0.114658 1.051870 0.616964 0 255 0
0.093250 1.027272 0.621065 0 255 0
0.126512 1.057169 0.625914 0 255 0
0.134783 1.034906 0.667371 0 255 0
0.141444 1.035332 0.644496 0 255 0
0.137412 1.041870 0.646734 0 255 0
0.110227 1.034288 0.643711 0 255 0
0.104856 1.035765 0.644235 0 255 0
0.113964 1.040473 0.623914 0 255 0
0.092248 1.040323 0.639903 0 255 0
0.137126 1.032750 0.648447 0 255 0
0.122597 1.039410 0.647105 0 255 0
0.110404 1.052970 0.625364 0 255 0
0.134369 1.024365 0.643484 0 255 0
0.124771 1.037860 0.642810 0 255 0
0.073781 1.014518 0.606432 0 255 0
0.044685 1.031439 0.599977 0 255 0
0.065671 1.055887 0.589996 0 255 0
0.032989 1.017488 0.622449 0 255 0
0.074814 1.044796 0.599450 0 255 0
0.060614 1.049794 0.624485 0 255 0
0.017930 1.048346 0.614421 0 255 0
0.061076 1.036734 0.613038 0 255 0
0.074560 1.056178 0.587718 0 255 0
0.066635 1.029818 0.632684 0 255 0
0.082668 1.036600 0.619018 0 255 0
0.084166 1.051906 0.598370 0 255 0
0.078790 1.039914 0.639653 0 255 0
0.088671 1.037528 0.632639 0 255 0
0.096411 1.064936 0.612718 0 255 0
0.104744 1.059775 0.609864 0 255 0
0.121616 1.055666 0.625374 0 255 0
0.110950 1.049165 0.633082 0 255 0
0.131533 1.046274 0.619921 0 255 0
0.119884 1.041995 0.640454 0 255 0
0.114645 1.030182 0.632132 0 255 0
0.117225 1.046163 0.629113 0 255 0
0.106256 1.021011 0.632831 0 255 0
0.127113 1.048103 0.638911 0 255 0
0.098794 1.054565 0.655103 0 255 0
0.129929 1.035045 0.633683 0 255 0
0.104293 1.041576 0.643917 0 255 0
0.101532 1.037055 0.660769 0 255 0
0.065877 0.914929 0.679070 0 255 0
0.047858 0.895815 0.686192 0 255 0
0.075807 0.871589 0.678734 0 255 0
0.088230 0.909597 0.673709 0 255 0
0.083235 0.904006 0.686441 0 255 0
0.061806 0.927271 0.691475 0 255 0
0.057404 0.936748 0.687698 0 255 0
0.061388 0.930133 0.699152 0 255 0
0.082451 0.928157 0.731523 0 255 0
0.099989 0.926510 0.729791 0 255 0
0.071990 0.931267 0.769059 0 255 0
0.063155 0.920804 0.761888 0 255 0
0.049051 0.928412 0.788079 0 255 0
0.061018 0.941897 0.707228 0 255 0
0.067125 0.949314 0.678889 0 255 0
0.057793 0.961234 0.688176 0 255 0
0.078408 0.958312 0.701191 0 255 0
0.045416 1.013973 0.631582 0 255 0
0.050006 1.018823 0.616372 0 255 0
0.052603 1.004268 0.637085 0 255 0
0.040626 1.007180 0.652204 0 255 0
0.089852 1.011398 0.638348 0 255 0
0.080258 1.001136 0.649151 0 255 0
0.101256 1.014526 0.648323 0 255 0
0.085385 0.992778 0.653086 0 255 0
0.123808 1.017224 0.643125 0 255 0
0.109165 1.004620 0.653433 0 255 0
0.126436 1.013375 0.659419 0 255 0
0.098236 1.016201 0.655428 0 255 0
0.126139 1.019836 0.675313 0 255 0
0.118385 1.027063 0.692936 0 255 0
0.017654 1.040550 0.631309 0 255 0
0.060114 1.017568 0.649108 0 255 0
0.046501 1.028857 0.656084 0 255 0
0.049506 1.007537 0.655582 0 255 0
0.059949 1.015124 0.647756 0 255 0
0.082940 1.024594 0.666647 0 255 0
0.110812 1.025580 0.688527 0 255 0
0.112750 1.041830 0.661335 0 255 0
0.089458 1.038798 0.636165 0 255 0
0.080931 1.039442 0.657189 0 255 0
0.099003 1.035340 0.663397 0 255 0
0.110234 1.039839 0.666781 0 255 0
0.109773 1.034372 0.649811 0 255 0
0.104397 1.041086 0.677251 0 255 0
0.057715 0.968972 0.671008 0 255 0
0.074187 0.999296 0.650751 0 255 0
0.082744 0.979303 0.663259 0 255 0
0.107175 0.998016 0.678126 0 255 0
0.101575 0.998840 0.699802 0 255 0
0.118973 0.992309 0.718417 0 255 0
0.086138 0.979928 0.704036 0 255 0
0.093494 0.988937 0.723553 0 255 0
0.103686 0.999661 0.734603 0 255 0
0.100742 0.994453 0.747921 0 255 0
0.110052 0.980054 0.728216 0 255 0
0.086973 0.941899 0.775619 0 255 0
0.097500 0.969722 0.773260 0 255 0
0.092499 0.985136 0.766078 0 255 0
0.094987 0.967387 0.768852 0 255 0
0.098987 0.954060 0.731989 0 255 0
0.103056 0.933241 0.742319 0 255 0
0.100142 0.930566 0.763886 0 255 0
0.083396 0.950628 0.801678 0 255 0
0.077225 0.935512 0.804606 0 255 0
0.074729 0.959784 0.799145 0 255 0
0.080310 0.965837 0.784274 0 255 0
0.058569 0.958877 0.801533 0 255 0
0.059426 0.955102 0.797484 0 255 0
0.046008 0.916590 0.784892 0 255 0
0.048108 0.972624 0.789714 0 255 0
0.074387 0.924457 0.783529 0 255 0
0.092545 0.948699 0.765455 0 255 0
0.065848 0.918513 0.786093 0 255 0
0.057720 0.929453 0.767910 0 255 0
0.038475 0.960604 0.785134 0 255 0
0.054448 0.949076 0.757731 0 255 0
0.012896 0.978993 0.780306 0 255 0
0.031003 1.003631 0.660830 0 255 0
0.039386 1.007459 0.680205 0 255 0
0.084869 0.980029 0.683419 0 255 0
0.068007 0.958908 0.691422 0 255 0
0.030777 0.967986 0.684395 0 255 0
0.036854 0.973555 0.690177 0 255 0
0.053961 0.997165 0.699191 0 255 0
0.037631 0.981466 0.709097 0 255 0
0.028751 0.992058 0.717839 0 255 0
0.030704 1.021896 0.658378 0 255 0
0.071742 1.003468 0.713428 0 255 0
0.051341 1.000897 0.715057 0 255 0
0.043981 0.972499 0.726924 0 255 0
0.029034 0.972487 0.724386 0 255 0
0.035885 0.955670 0.734581 0 255 0
0.039729 0.985499 0.768117 0 255 0
0.049774 0.952025 0.771286 0 255 0
0.042106 0.967774 0.765871 0 255 0
0.030244 0.927849 0.741848 0 255 0
0.048826 0.953321 0.774056 0 255 0
0.038007 0.939790 0.725614 0 255 0
0.029085 0.959841 0.730510 0 255 0
0.102198 1.023120 0.725097 0 255 0
0.115389 1.009164 0.730942 0 255 0
0.108907 0.996562 0.751243 0 255 0
0.110426 0.982220 0.773891 0 255 0
0.084158 0.970108 0.770438 0 255 0
0.087785 0.978821 0.796174 0 255 0
0.077834 0.978424 0.810227 0 255 0
0.059409 0.961265 0.800809 0 255 0
0.068643 0.982184 0.810899 0 255 0
0.038414 0.990809 0.787987 0 255 0
0.039777 0.980292 0.765925 0 255 0
0.055321 0.961101 0.761583 0 255 0
0.034181 1.011470 0.766015 0 255 0
0.042256 0.926908 0.738652 0 255 0
0.034233 0.924015 0.735375 0 255 0
0.010330 0.931090 0.754495 0 255 0
0.036243 0.909604 0.771722 0 255 0
0.065157 0.899021 0.754000 0 255 0
0.075286 1.010359 0.690797 0 255 0
0.061135 1.040685 0.687036 0 255 0
0.080747 1.010383 0.694370 0 255 0
0.105113 1.023509 0.695148 0 255 0
0.113517 0.986439 0.726515 0 255 0
0.082997 1.017221 0.724830 0 255 0
0.077075 1.023193 0.719514 0 255 0
0.061739 1.026677 0.698413 0 255 0
0.090552 0.993875 0.742851 0 255 0
0.070792 1.020107 0.745840 0 255 0
0.089369 1.022365 0.748857 0 255 0
0.069172 0.987396 0.739990 0 255 0
0.031462 0.979132 0.738262 0 255 0
0.064857 0.992774 0.761028 0 255 0
0.081162 1.002025 0.768806 0 255 0
0.086668 1.011032 0.752230 0 255 0
0.082039 0.995573 0.775466 0 255 0
0.064127 0.996329 0.763450 0 255 0
0.088037 0.975962 0.756876 0 255 0
0.051744 0.991092 0.771076 0 255 0
0.071630 0.986637 0.780870 0 255 0
0.075964 0.990707 0.796610 0 255 0
0.078915 0.977529 0.795083 0 255 0
0.048296 0.973249 0.787827 0 255 0
0.060133 0.997798 0.789328 0 255 0
0.039210 0.983276 0.770671 0 255 0
0.068359 0.965581 0.781950 0 255 0
0.053281 0.985683 0.774503 0 255 0
0.051784 0.994156 0.792575 0 255 0
0.073162 0.977492 0.771041 0 255 0
0.059769 0.988739 0.783668 0 255 0
0.066320 0.980458 0.789371 0 255 0
0.088402 0.951994 0.712098 0 255 0
0.110864 -0.307719 0.696757 0 255 0
0.090318 -0.225189 0.698493 0 255 0
0.093122 0.663699 0.522551 0 255 0
0.108143 0.665320 0.493644 0 255 0
0.139835 0.670213 0.507131 0 255 0
0.208824 0.242024 0.475415 0 255 0
0.131971 0.025906 0.476617 0 255 0
0.160096 -0.007928 0.472212 0 255 0
0.139791 0.013124 0.463809 0 255 0
0.211256 0.287104 0.482620 0 255 0
0.206941 -0.035436 0.519282 0 255 0
0.086562 0.276759 0.701351 0 255 0
0.086133 -0.192201 0.711614 0 255 0
0.151191 -0.219293 0.496710 0 255 0
0.079989 0.187737 0.727802 0 255 0
0.107164 -0.466026 0.610539 0 255 0
0.109968 -0.466445 0.601647 0 255 0
0.095764 -0.463981 0.634838 0 255 0
0.095243 -0.446623 0.614041 0 255 0
0.119519 -0.455685 0.637170 0 255 0
0.092329 -0.441761 0.634605 0 255 0
0.098507 -0.475921 0.598743 0 255 0
0.111773 -0.472839 0.623983 0 255 0
0.125853 -0.455074 0.601402 0 255 0
0.091217 -0.487589 0.632112 0 255 0
0.057387 -0.229180 0.523933 0 255 0
0.066157 -0.216879 0.516604 0 255 0
0.077380 -0.213329 0.496869 0 255 0
0.065007 -0.190203 0.478427 0 255 0
-0.011027 -0.398997 0.574196 0 255 0
0.067313 0.072290 0.444174 0 255 0
0.074262 0.072495 0.464869 0 255 0
0.088341 0.033309 0.658421 0 255 0
0.061209 0.120636 0.448788 0 255 0
0.059763 0.063081 0.456380 0 255 0
0.098729 -0.091170 0.705309 0 255 0
0.073285 -0.165215 0.484315 0 255 0
0.062342 0.144213 0.464365 0 255 0
0.093128 -0.141973 0.731253 0 255 0
0.086124 0.023450 0.459428 0 255 0
0.070960 0.209858 0.476974 0 255 0
0.084416 -0.050721 0.470734 0 255 0
-0.028058 -0.515635 0.658656 0 255 0
-0.036053 -0.502523 0.683087 0 255 0
-0.040837 -0.487130 0.642600 0 255 0
-0.040668 -0.493378 0.631263 0 255 0
-0.058341 -0.488364 0.635043 0 255 0
-0.052327 -0.476520 0.647732 0 255 0
-0.040820 -0.482656 0.668901 0 255 0
-0.045575 -0.496839 0.662871 0 255 0
-0.042618 -0.442160 0.670592 0 255 0
-0.026799 -0.455649 0.661179 0 255 0
-0.036874 -0.443557 0.673667 0 255 0
-0.042457 -0.430835 0.664454 0 255 0
-0.033014 -0.427318 0.674261 0 255 0
-0.014310 -0.389041 0.680785 0 255 0
-0.017937 -0.408391 0.647937 0 255 0
-0.037139 -0.402741 0.636206 0 255 0
-0.029182 -0.420713 0.627845 0 255 0
-0.033002 -0.445670 0.621109 0 255 0
-0.004641 -0.442598 0.611798 0 255 0
-0.031754 -0.429677 0.606634 0 255 0
-0.033152 -0.435952 0.615067 0 255 0
-0.029264 -0.456524 0.596427 0 255 0
-0.016172 -0.470995 0.597692 0 255 0
-0.023019 -0.463181 0.611864 0 255 0
-0.029748 -0.438730 0.619106 0 255 0
-0.046706 -0.412346 0.606644 0 255 0
-0.034594 -0.436511 0.601969 0 255 0
-0.046618 -0.466045 0.619633 0 255 0
-0.034545 -0.437451 0.607154 0 255 0
-0.017310 -0.438744 0.585315 0 255 0
-0.035400 -0.448076 0.601695 0 255 0
-0.043687 -0.438301 0.592943 0 255 0
-0.026758 -0.440431 0.604743 0 255 0
-0.031567 -0.438797 0.599881 0 255 0
0.002657 -0.427904 0.573816 0 255 0
-0.012425 -0.421440 0.602813 0 255 0
-0.023683 -0.429168 0.601465 0 255 0
-0.029897 -0.463539 0.599823 0 255 0
-0.017769 -0.453709 0.589325 0 255 0
-0.031672 -0.450037 0.586529 0 255 0
-0.024514 -0.407101 0.622714 0 255 0
-0.030974 -0.408161 0.596079 0 255 0
-0.038358 -0.410268 0.612981 0 255 0
-0.020133 -0.424804 0.623271 0 255 0
-0.027500 -0.412698 0.608087 0 255 0
-0.031992 -0.399292 0.580795 0 255 0
-0.020162 -0.420708 0.609484 0 255 0
-0.034807 -0.428919 0.606584 0 255 0
-0.007903 -0.430772 0.605603 0 255 0
-0.027952 -0.409141 0.633854 0 255 0
-0.007128 -0.398905 0.618056 0 255 0
-0.032284 -0.382437 0.605770 0 255 0
-0.016585 -0.404679 0.612350 0 255 0
-0.024321 -0.395578 0.603936 0 255 0
-0.017700 -0.383343 0.619660 0 255 0
0.013858 -0.385886 0.618402 0 255 0
-0.035637 -0.362061 0.605462 0 255 0
-0.010567 -0.381661 0.617308 0 255 0
-0.014705 -0.365947 0.629279 0 255 0
-0.034031 -0.374766 0.594114 0 255 0
-0.003503 -0.366892 0.599427 0 255 0
-0.018931 -0.377084 0.579118 0 255 0
-0.007894 -0.387039 0.597142 0 255 0
-0.027575 -0.390571 0.598844 0 255 0
-0.037615 -0.383624 0.586490 0 255 0
-0.022210 -0.410808 0.596449 0 255 0
-0.028613 -0.398282 0.614715 0 255 0
-0.032438 -0.405409 0.601925 0 255 0
-0.035952 -0.402580 0.615959 0 255 0
-0.013208 -0.403990 0.582155 0 255 0
-0.012794 -0.407346 0.615422 0 255 0
-0.026490 -0.395394 0.606652 0 255 0
-0.019787 -0.400622 0.602759 0 255 0
-0.016770 -0.402810 0.599638 0 255 0
-0.020345 -0.402082 0.614433 0 255 0
-0.002860 -0.407737 0.568917 0 255 0
-0.024295 -0.411006 0.585549 0 255 0
-0.027126 -0.401624 0.581545 0 255 0
-0.025817 -0.400466 0.587422 0 255 0
-0.032722 -0.399918 0.607529 0 255 0
-0.022857 -0.404994 0.596332 0 255 0
-0.022672 -0.409407 0.610237 0 255 0
-0.037819 -0.419486 0.610518 0 255 0
-0.035590 -0.404276 0.607779 0 255 0
-0.018379 -0.395659 0.632972 0 255 0
-0.013672 -0.379133 0.612593 0 255 0
-0.019627 -0.405064 0.600915 0 255 0
-0.014580 -0.400669 0.614412 0 255 0
-0.017436 -0.386398 0.613129 0 255 0
-0.012411 -0.401515 0.616997 0 255 0
-0.005632 -0.393140 0.599226 0 255 0
-0.014096 -0.404248 0.590883 0 255 0
-0.001398 -0.385873 0.586498 0 255 0
-0.032087 -0.392033 0.584858 0 255 0
-0.018159 -0.402695 0.602149 0 255 0
-0.045172 -0.409880 0.614087 0 255 0
-0.021017 -0.416296 0.611612 0 255 0
-0.055096 -0.400876 0.612476 0 255 0
-0.019882 -0.383146 0.622407 0 255 0
-0.020977 -0.380758 0.594666 0 255 0
-0.031497 -0.385049 0.605379 0 255 0
-0.025638 -0.384703 0.616300 0 255 0
-0.010823 -0.343218 0.612360 0 255 0
0.007743 -0.364681 0.603953 0 255 0
-0.061714 -0.489039 0.653304 0 255 0
-0.041470 -0.488492 0.631127 0 255 0
-0.046327 -0.489569 0.653085 0 255 0
-0.045204 -0.463973 0.640061 0 255 0
-0.050524 -0.465870 0.641825 0 255 0
-0.045457 -0.478308 0.657830 0 255 0
-0.031678 -0.446722 0.661521 0 255 0
-0.026777 -0.455679 0.660177 0 255 0
-0.035446 -0.430818 0.647045 0 255 0
-0.041253 -0.459804 0.649249 0 255 0
-0.027647 -0.452084 0.626856 0 255 0
-0.031149 -0.460147 0.627600 0 255 0
-0.042294 -0.471777 0.635810 0 255 0
-0.025035 -0.444898 0.634657 0 255 0
-0.023335 -0.462758 0.626741 0 255 0
-0.038532 -0.457490 0.632892 0 255 0
-0.029898 -0.462026 0.631815 0 255 0
-0.011969 -0.462266 0.654226 0 255 0
-0.037729 -0.456157 0.635378 0 255 0
-0.034340 -0.483872 0.651347 0 255 0
-0.020507 -0.475270 0.641353 0 255 0
-0.047139 -0.470433 0.631499 0 255 0
-0.014367 -0.485242 0.617086 0 255 0
-0.023691 -0.488799 0.629036 0 255 0
-0.039848 -0.461358 0.638037 0 255 0
-0.021608 -0.467974 0.631037 0 255 0
-0.031402 -0.455511 0.615338 0 255 0
-0.020339 -0.446784 0.633752 0 255 0
-0.038491 -0.521233 0.673292 0 255 0
-0.040956 -0.534209 0.687107 0 255 0
-0.021720 -0.514080 0.636808 0 255 0
-0.038911 -0.474459 0.682732 0 255 0
-0.042094 -0.472379 0.680839 0 255 0
-0.010140 -0.394294 0.631038 0 255 0
-0.030689 -0.383798 0.643387 0 255 0
-0.020899 -0.393015 0.634455 0 255 0
-0.025297 -0.375190 0.652332 0 255 0
-0.041885 -0.392286 0.641019 0 255 0
-0.008261 -0.357376 0.622307 0 255 0
-0.029027 -0.358997 0.644704 0 255 0
-0.012679 -0.385135 0.676986 0 255 0
-0.029791 -0.386928 0.694585 0 255 0
-0.009161 -0.363516 0.640587 0 255 0
-0.013254 -0.386731 0.701913 0 255 0
0.007307 -0.373312 0.675160 0 255 0
0.008407 -0.354699 0.657386 0 255 0
0.041418 -0.347522 0.647745 0 255 0
0.036322 -0.336912 0.651062 0 255 0
0.038106 -0.323715 0.659435 0 255 0
0.024430 -0.324323 0.646229 0 255 0
-0.019293 -0.401123 0.667319 0 255 0
-0.027027 -0.470965 0.684350 0 255 0
-0.029442 -0.440882 0.707530 0 255 0
-0.023461 -0.448016 0.686411 0 255 0
-0.010323 -0.516483 0.732221 0 255 0
-0.030621 -0.501919 0.709324 0 255 0
-0.023855 -0.468760 0.718004 0 255 0
-0.021658 -0.516156 0.716481 0 255 0
-0.016299 -0.556069 0.707376 0 255 0
-0.009107 -0.533817 0.722790 0 255 0
-0.015476 -0.513909 0.684032 0 255 0
-0.029164 -0.539295 0.683716 0 255 0
0.002602 -0.483313 0.748004 0 255 0
-0.007933 -0.506077 0.743424 0 255 0
0.004106 -0.502416 0.769773 0 255 0
0.005902 -0.484013 0.733456 0 255 0
0.009943 -0.536830 0.738075 0 255 0
0.014841 -0.494746 0.743063 0 255 0
-0.001469 -0.395603 0.698931 0 255 0
0.020351 -0.376357 0.672237 0 255 0
0.013930 -0.334100 0.681949 0 255 0
0.010173 -0.356861 0.671744 0 255 0
0.030058 -0.555771 0.749374 0 255 0
0.022731 -0.536909 0.737657 0 255 0
0.049644 -0.464094 0.757001 0 255 0
0.038964 -0.443322 0.763217 0 255 0
0.004786 -0.466942 0.764096 0 255 0
0.028454 -0.489391 0.773979 0 255 0
0.063771 -0.472227 0.770341 0 255 0
0.074501 -0.488710 0.758103 0 255 0
0.059717 -0.418004 0.730565 0 255 0
0.076470 -0.415705 0.724861 0 255 0
0.071490 -0.400768 0.707334 0 255 0
0.051317 -0.412636 0.707201 0 255 0
-0.044776 -0.464138 0.674254 0 255 0
-0.038625 -0.472979 0.677843 0 255 0
-0.042366 -0.452353 0.663592 0 255 0
-0.045000 -0.460207 0.648426 0 255 0
-0.035912 -0.462266 0.689428 0 255 0
-0.018964 -0.449241 0.671199 0 255 0
-0.027956 -0.479848 0.704699 0 255 0
-0.022777 -0.475493 0.726809 0 255 0
-0.006486 -0.486196 0.753837 0 255 0
-0.005291 -0.478956 0.734592 0 255 0
0.007321 -0.442488 0.746023 0 255 0
0.020356 -0.448625 0.749605 0 255 0
0.021563 -0.400644 0.718880 0 255 0
0.064334 -0.400223 0.714550 0 255 0
0.049467 -0.380107 0.694120 0 255 0
0.036120 -0.394471 0.701120 0 255 0
0.074316 -0.375653 0.712249 0 255 0
0.063136 -0.376732 0.684904 0 255 0
0.048987 -0.344920 0.687212 0 255 0
0.058167 -0.341563 0.699197 0 255 0
0.067477 -0.324502 0.689253 0 255 0
0.033083 -0.323278 0.696018 0 255 0
0.073847 -0.326258 0.680680 0 255 0
0.067581 -0.352498 0.693239 0 255 0
0.070872 -0.354885 0.707279 0 255 0
0.097324 -0.333975 0.698081 0 255 0
0.021285 -0.340677 0.636680 0 255 0
0.025671 -0.339939 0.620611 0 255 0
0.024279 -0.308862 0.639525 0 255 0
0.061843 -0.317845 0.633116 0 255 0
0.037593 -0.312927 0.694153 0 255 0
0.059793 -0.319442 0.711491 0 255 0
0.033468 -0.417396 0.711090 0 255 0
0.028260 -0.407466 0.735644 0 255 0
0.069122 -0.318060 0.697757 0 255 0
0.072751 -0.363096 0.682157 0 255 0
0.064432 -0.371972 0.703546 0 255 0
0.087567 -0.392927 0.708047 0 255 0
0.069977 -0.384884 0.720880 0 255 0
-0.043641 -0.461042 0.614497 0 255 0
-0.016923 -0.469199 0.627201 0 255 0
-0.026935 -0.469553 0.632903 0 255 0
-0.039925 -0.461930 0.629230 0 255 0
-0.024672 -0.463472 0.640895 0 255 0
-0.041385 -0.492110 0.615698 0 255 0
-0.047876 -0.495015 0.639031 0 255 0
-0.050482 -0.480495 0.618929 0 255 0
-0.018638 -0.490348 0.628805 0 255 0
-0.053344 -0.408666 0.635396 0 255 0
-0.037933 -0.424872 0.651727 0 255 0
-0.021691 -0.418886 0.626864 0 255 0
-0.037224 -0.417972 0.629140 0 255 0
-0.038599 -0.470141 0.653444 0 255 0
-0.029634 -0.477203 0.667263 0 255 0
-0.028857 -0.475117 0.643108 0 255 0
-0.007222 -0.419008 0.632366 0 255 0
-0.047796 -0.393402 0.633788 0 255 0
-0.032798 -0.434953 0.658543 0 255 0
-0.045511 -0.444830 0.665862 0 255 0
0.004560 -0.569726 0.683859 0 255 0
-0.013991 -0.555737 0.671160 0 255 0
0.036715 -0.554896 0.724645 0 255 0
0.064423 -0.558757 0.717224 0 255 0
0.066755 -0.499953 0.741713 0 255 0
0.085513 -0.508974 0.775841 0 255 0
0.090161 -0.492812 0.742085 0 255 0
0.087708 -0.480156 0.743900 0 255 0
0.069650 -0.435255 0.746782 0 255 0
0.092123 -0.356114 0.710095 0 255 0
0.098299 -0.336092 0.703627 0 255 0
-0.011682 -0.551663 0.653147 0 255 0
-0.018453 -0.530327 0.637779 0 255 0
-0.025727 -0.471970 0.685574 0 255 0
-0.039918 -0.431993 0.668002 0 255 0
-0.045655 -0.435412 0.662874 0 255 0
-0.038622 -0.447598 0.645133 0 255 0
-0.043481 -0.437253 0.660008 0 255 0
-0.021314 -0.423377 0.658138 0 255 0
-0.017093 -0.411380 0.670587 0 255 0
-0.002118 -0.403628 0.673165 0 255 0
-0.013416 -0.381359 0.666628 0 255 0
0.032335 -0.511105 0.745386 0 255 0
0.010524 -0.478988 0.762942 0 255 0
0.041784 -0.513302 0.737972 0 255 0
0.049050 -0.501613 0.741606 0 255 0
0.020812 -0.468413 0.753416 0 255 0
0.068385 -0.524410 0.752745 0 255 0
-0.032679 -0.424203 0.601502 0 255 0
-0.025962 -0.425761 0.590547 0 255 0
-0.036296 -0.420922 0.610571 0 255 0
-0.022322 -0.371540 0.574428 0 255 0
-0.032066 -0.389301 0.588360 0 255 0
-0.002520 -0.411391 0.583982 0 255 0
-0.010236 -0.383250 0.576373 0 255 0
0.017983 -0.343594 0.620967 0 255 0
0.012500 -0.347581 0.632548 0 255 0
0.026059 -0.344470 0.640618 0 255 0
0.026260 -0.354041 0.628198 0 255 0
-0.030768 -0.415339 0.594767 0 255 0
-0.022322 -0.440865 0.597608 0 255 0
-0.014305 -0.430107 0.583592 0 255 0
-0.018348 -0.440039 0.598269 0 255 0
-0.016526 -0.418284 0.609954 0 255 0
-0.011820 -0.422062 0.590824 0 255 0
-0.040449 -0.432370 0.590249 0 255 0
-0.015255 -0.417172 0.572273 0 255 0
-0.006379 -0.418823 0.608808 0 255 0
0.004608 -0.351228 0.658289 0 255 0
0.012255 -0.349257 0.644456 0 255 0
0.049781 -0.341259 0.700112 0 255 0
0.025180 -0.338234 0.686790 0 255 0
0.037479 -0.345101 0.687605 0 255 0
0.085458 -0.363485 0.700197 0 255 0
0.072663 -0.383753 0.690604 0 255 0
0.096122 -0.382605 0.668106 0 255 0
0.086663 -0.397887 0.697603 0 255 0
0.000797 -0.377375 0.622740 0 255 0
0.028549 -0.354550 0.628243 0 255 0
0.011225 -0.343928 0.620339 0 255 0
0.006110 -0.362353 0.618796 0 255 0
-0.041725 -0.419828 0.606108 0 255 0
-0.026357 -0.418983 0.597901 0 255 0
-0.047221 -0.439950 0.609052 0 255 0
-0.036985 -0.453441 0.587917 0 255 0
-0.015566 -0.444572 0.589603 0 255 0
-0.022448 -0.408781 0.615912 0 255 0
-0.025293 -0.426296 0.603906 0 255 0
-0.047277 -0.420731 0.594382 0 255 0
-0.047929 -0.428310 0.598114 0 255 0
-0.041235 -0.432350 0.599223 0 255 0
-0.035158 -0.450109 0.599620 0 255 0
-0.039292 -0.421533 0.611783 0 255 0
-0.052785 -0.445270 0.593519 0 255 0
-0.024305 -0.435408 0.594784 0 255 0
-0.016524 -0.441165 0.586699 0 255 0
-0.029613 -0.458092 0.594536 0 255 0
-0.022441 -0.441047 0.592776 0 255 0
-0.033553 -0.426013 0.606284 0 255 0
-0.045496 -0.463369 0.591824 0 255 0
0.023676 -0.357421 0.606482 0 255 0
0.029786 -0.333987 0.605602 0 255 0
-0.034775 -0.414110 0.612846 0 255 0
-0.008229 -0.494937 0.625496 0 255 0
-0.060909 -0.445322 0.640738 0 255 0
-0.029161 -0.461332 0.621385 0 255 0
-0.021197 -0.459149 0.613039 0 255 0
-0.031294 -0.425043 0.631939 0 255 0
-0.026798 -0.420633 0.636253 0 255 0
-0.022483 -0.486370 0.629647 0 255 0
-0.021353 -0.472595 0.617383 0 255 0
-0.029631 -0.478655 0.607274 0 255 0
-0.023114 -0.459836 0.619474 0 255 0
0.009968 -0.454946 0.606028 0 255 0
-0.023332 -0.466422 0.616083 0 255 0
-0.022576 -0.488598 0.612412 0 255 0
-0.034162 -0.461243 0.672939 0 255 0
-0.032433 -0.467548 0.651156 0 255 0
-0.051391 -0.459747 0.632623 0 255 0
-0.010541 -0.440993 0.614541 0 255 0
-0.024802 -0.463796 0.624693 0 255 0
-0.025077 -0.435573 0.615336 0 255 0
-0.031540 -0.432889 0.641611 0 255 0
-0.048504 -0.449980 0.666096 0 255 0
-0.032297 -0.448939 0.642808 0 255 0
0.030324 -0.416658 0.698205 0 255 0
0.012733 -0.439396 0.729528 0 255 0
0.037289 -0.404552 0.690006 0 255 0
-0.002929 -0.393407 0.697148 0 255 0
0.007485 -0.396821 0.712027 0 255 0
0.020898 -0.405219 0.678207 0 255 0
-0.010021 -0.451271 0.736733 0 255 0
0.013907 -0.452269 0.745830 0 255 0
0.002901 -0.465937 0.730622 0 255 0
0.000653 -0.459235 0.730926 0 255 0
0.000001 -0.442556 0.721791 0 255 0
0.004313 -0.433694 0.724396 0 255 0
-0.010480 -0.427144 0.726327 0 255 0
0.006174 -0.460118 0.729041 0 255 0
0.002846 -0.458386 0.726799 0 255 0
-0.008979 -0.471201 0.707125 0 255 0
-0.004961 -0.462977 0.719561 0 255 0
-0.028384 -0.457996 0.695789 0 255 0
-0.007189 -0.460094 0.721405 0 255 0
-0.043175 -0.439529 0.713915 0 255 0
0.005336 -0.428368 0.705052 0 255 0
-0.008207 -0.408071 0.708916 0 255 0
0.012260 -0.406336 0.683578 0 255 0
0.023142 -0.395154 0.697434 0 255 0
0.070378 -0.460625 0.755397 0 255 0
0.033146 -0.458411 0.737326 0 255 0
0.032531 -0.448080 0.724148 0 255 0
0.039192 -0.418938 0.737453 0 255 0
0.075102 -0.454074 0.742612 0 255 0
0.086030 -0.468046 0.734347 0 255 0
-0.001386 -0.436122 0.682862 0 255 0
-0.008959 -0.436120 0.701201 0 255 0
0.034679 -0.426386 0.741471 0 255 0
0.075203 -0.422783 0.752472 0 255 0
0.035653 -0.411997 0.738064 0 255 0
0.040776 -0.406345 0.738971 0 255 0
0.077731 -0.444495 0.746705 0 255 0
0.122426 -0.430429 0.745821 0 255 0
0.111196 -0.411705 0.730334 0 255 0
0.006685 -0.405826 0.698749 0 255 0
0.007149 -0.406137 0.703812 0 255 0
-0.003947 -0.403340 0.702099 0 255 0
0.000906 -0.401660 0.718709 0 255 0
-0.007087 -0.410298 0.689026 0 255 0
-0.016110 -0.421673 0.694851 0 255 0
-0.015216 -0.461378 0.610419 0 255 0
-0.008726 -0.382793 0.582220 0 255 0
-0.001847 -0.406018 0.583549 0 255 0
-0.025467 -0.421107 0.589009 0 255 0
-0.031757 -0.434273 0.606868 0 255 0
-0.027041 -0.401320 0.571823 0 255 0
-0.050691 -0.414021 0.603003 0 255 0
-0.013928 -0.470896 0.625709 0 255 0
0.109058 -0.407769 0.709945 0 255 0
0.091779 -0.350584 0.689020 0 255 0
0.096549 -0.354115 0.678371 0 255 0
0.088735 -0.331038 0.690217 0 255 0
0.086959 -0.327709 0.711309 0 255 0
-0.018005 -0.432783 0.575945 0 255 0
-0.009054 -0.423756 0.604203 0 255 0
-0.023647 -0.435570 0.607707 0 255 0
-0.023699 -0.394263 0.592526 0 255 0
-0.034412 -0.424237 0.602092 0 255 0
-0.014007 -0.435048 0.583361 0 255 0
-0.019990 -0.426100 0.598372 0 255 0
-0.015086 -0.437142 0.599566 0 255 0
-0.039727 -0.444763 0.623639 0 255 0
-0.034133 -0.497474 0.635965 0 255 0
-0.015987 -0.419019 0.590074 0 255 0
-0.039412 -0.422267 0.583447 0 255 0
0.025770 -0.303276 0.650488 0 255 0
0.031251 -0.329212 0.650859 0 255 0
-0.011087 -0.401324 0.584019 0 255 0
-0.009664 -0.416615 0.572092 0 255 0
-0.017546 -0.431181 0.688942 0 255 0
-0.014014 -0.436049 0.706855 0 255 0
-0.014985 -0.450967 0.719505 0 255 0
0.016912 -0.439222 0.693628 0 255 0
0.055138 -0.330633 0.603100 0 255 0
0.047528 -0.319404 0.682976 0 255 0
0.116478 -0.341534 0.682152 0 255 0
-0.043588 -0.461441 0.639307 0 255 0
-0.037381 -0.457624 0.643730 0 255 0
-0.031775 -0.465825 0.620133 0 255 0
-0.018656 -0.380748 0.597296 0 255 0
-0.009284 -0.397045 0.604557 0 255 0
0.011760 -0.347756 0.615336 0 255 0
-0.031856 -0.429950 0.582467 0 255 0
0.011147 -0.448135 0.715776 0 255 0
0.002503 -0.437083 0.718057 0 255 0
-0.007800 -0.429183 0.720488 0 255 0
0.005057 -0.431639 0.707306 0 255 0
0.015830 -0.446014 0.714192 0 255 0
0.001072 -0.448028 0.720231 0 255 0
0.010701 -0.443115 0.730168 0 255 0
-0.015259 -0.438521 0.714496 0 255 0
0.013166 -0.430851 0.717778 0 255 0
0.002485 -0.436222 0.728100 0 255 0
-0.005499 -0.451532 0.724457 0 255 0
-0.010651 -0.456025 0.723981 0 255 0
-0.005397 -0.453729 0.716071 0 255 0
0.011176 -0.428525 0.716725 0 255 0
-0.001136 -0.454744 0.711769 0 255 0
0.001900 -0.430521 0.730027 0 255 0
-0.012225 -0.464949 0.732653 0 255 0
-0.016305 -0.442850 0.737841 0 255 0
0.029721 -0.443383 0.737319 0 255 0
0.000046 -0.444864 0.732486 0 255 0
0.006691 -0.411747 0.706416 0 255 0
0.010145 -0.405473 0.708393 0 255 0
0.010048 -0.443647 0.733386 0 255 0
0.006388 -0.432655 0.762951 0 255 0
0.019804 -0.436665 0.752509 0 255 0
0.006537 -0.420620 0.740529 0 255 0
0.014990 -0.412786 0.718642 0 255 0
0.015227 -0.443869 0.725999 0 255 0
0.008003 -0.405286 0.735290 0 255 0
0.002227 -0.423834 0.741084 0 255 0
0.001564 -0.411112 0.721803 0 255 0
0.025816 -0.409634 0.699404 0 255 0
0.009315 -0.439760 0.713618 0 255 0
0.013054 -0.428947 0.729815 0 255 0
0.001057 -0.441002 0.747642 0 255 0
0.005152 -0.438107 0.724313 0 255 0
0.003129 -0.443764 0.714940 0 255 0
0.018443 -0.416945 0.713270 0 255 0
0.013935 -0.437571 0.715162 0 255 0
0.010152 -0.437071 0.714067 0 255 0
0.006191 -0.403948 0.710150 0 255 0
0.015933 -0.433657 0.715886 0 255 0
0.007511 -0.426831 0.707838 0 255 0
0.000321 -0.429480 0.707727 0 255 0
-0.016155 -0.426921 0.713672 0 255 0
0.006451 -0.435696 0.711258 0 255 0
0.017145 -0.435250 0.721805 0 255 0
0.015796 -0.428403 0.723322 0 255 0
0.014375 -0.414259 0.712806 0 255 0
-0.004207 -0.430639 0.721979 0 255 0
0.003713 -0.423757 0.722795 0 255 0
0.012507 -0.424998 0.715615 0 255 0
0.016636 -0.424906 0.707904 0 255 0
-0.009467 -0.398615 0.705205 0 255 0
0.011329 -0.405160 0.712915 0 255 0
0.012946 -0.411902 0.724890 0 255 0
-0.006456 -0.405716 0.717596 0 255 0
0.006079 -0.403663 0.705580 0 255 0
-0.011300 -0.397051 0.706259 0 255 0
0.020370 -0.392143 0.714538 0 255 0
0.005237 -0.432449 0.730739 0 255 0
0.004657 -0.448016 0.742608 0 255 0
0.005843 -0.407298 0.721246 0 255 0
0.007516 -0.420364 0.734541 0 255 0
0.010859 -0.398054 0.712334 0 255 0
0.008820 -0.415380 0.727904 0 255 0
0.019618 -0.423250 0.732048 0 255 0
0.016745 -0.400349 0.708801 0 255 0
-0.000463 -0.412832 0.733249 0 255 0
0.010196 -0.410484 0.718707 0 255 0
0.005285 -0.395586 0.718999 0 255 0
-0.005273 -0.409889 0.712748 0 255 0
0.017146 -0.419151 0.716066 0 255 0
0.016583 -0.420862 0.703479 0 255 0
0.005159 -0.439767 0.737134 0 255 0
0.001821 -0.423055 0.715005 0 255 0
0.010716 -0.406413 0.708008 0 255 0
0.001967 -0.414345 0.713083 0 255 0
0.041266 -0.420853 0.717725 0 255 0
0.022037 -0.409437 0.714599 0 255 0
0.004582 -0.431488 0.705642 0 255 0
0.025336 -0.427689 0.728358 0 255 0
0.009681 -0.436170 0.718935 0 255 0
-0.004711 -0.428740 0.740233 0 255 0
0.005956 -0.423315 0.741231 0 255 0
0.005790 -0.435624 0.738399 0 255 0
0.005018 -0.403908 0.718408 0 255 0
0.011679 -0.421340 0.725987 0 255 0
0.016003 -0.414993 0.734837 0 255 0
0.009282 -0.441243 0.729132 0 255 0
0.007347 -0.425570 0.731653 0 255 0
-0.002288 -0.454089 0.734426 0 255 0
0.017043 -0.441818 0.728066 0 255 0
0.020803 -0.445510 0.733955 0 255 0
0.005478 -0.447896 0.701697 0 255 0
0.009644 -0.436972 0.725397 0 255 0
0.012991 -0.455634 0.731385 0 255 0
-0.000195 -0.449356 0.727056 0 255 0
-0.012979 -0.460507 0.720764 0 255 0
-0.017289 -0.455982 0.714114 0 255 0
0.008571 -0.442395 0.719111 0 255 0
-0.005827 -0.427093 0.732320 0 255 0
0.008904 -0.454289 0.713480 0 255 0
0.004833 -0.436962 0.709230 0 255 0
-0.005781 -0.429263 0.713185 0 255 0
0.012061 -0.432354 0.718888 0 255 0
0.031124 -0.288410 0.626655 0 255 0
0.071659 -0.301161 0.612591 0 255 0
0.039570 -0.303936 0.613774 0 255 0
0.028049 -0.308069 0.617752 0 255 0
0.006981 -0.435916 0.704817 0 255 0
0.004829 -0.454447 0.724312 0 255 0
0.015525 -0.446712 0.717482 0 255 0
0.010553 -0.434438 0.724258 0 255 0
0.012328 -0.430429 0.728272 0 255 0
-0.001413 -0.442114 0.711237 0 255 0
0.023206 -0.438469 0.720493 0 255 0
0.014992 -0.430162 0.736028 0 255 0
0.020008 -0.434905 0.698763 0 255 0
0.020442 -0.417855 0.741174 0 255 0
0.029792 -0.298367 0.615470 0 255 0
0.028191 -0.307286 0.624265 0 255 0
0.006693 -0.298798 0.645884 0 255 0
0.012050 -0.312781 0.638552 0 255 0
0.015330 -0.293930 0.601340 0 255 0
-0.003602 -0.287966 0.626967 0 255 0
-0.006625 -0.279125 0.587570 0 255 0
-0.005601 -0.280326 0.581775 0 255 0
0.007494 -0.272315 0.547273 0 255 0
0.006087 -0.248567 0.573132 0 255 0
-0.007085 -0.204870 0.538326 0 255 0
-0.001924 -0.198576 0.525832 0 255 0
0.021580 -0.227611 0.548239 0 255 0
0.000962 -0.221235 0.546271 0 255 0
-0.011705 -0.146327 0.497491 0 255 0
-0.000090 -0.119441 0.491158 0 255 0
-0.023980 -0.142766 0.492126 0 255 0
-0.013464 -0.146448 0.473369 0 255 0
-0.040530 -0.241557 0.582711 0 255 0
-0.053032 -0.273096 0.592433 0 255 0
-0.073920 -0.270604 0.612581 0 255 0
-0.056871 -0.255981 0.579138 0 255 0
0.006914 -0.312090 0.678234 0 255 0
0.003626 -0.312496 0.656027 0 255 0
-0.005298 -0.308453 0.666726 0 255 0
0.010121 -0.294406 0.677578 0 255 0
-0.047887 -0.148514 0.557144 0 255 0
-0.050928 -0.132856 0.521255 0 255 0
-0.062715 -0.126645 0.501569 0 255 0
-0.040065 -0.154374 0.521852 0 255 0
-0.013897 -0.064745 0.533018 0 255 0
-0.027104 -0.021935 0.538648 0 255 0
-0.013908 -0.044810 0.531526 0 255 0
0.007006 -0.050827 0.523094 0 255 0
-0.038318 -0.062236 0.583348 0 255 0
-0.060209 -0.076799 0.622205 0 255 0
-0.042345 -0.049605 0.598123 0 255 0
-0.049410 -0.043039 0.584898 0 255 0
-0.034809 -0.210873 0.545225 0 255 0
-0.014140 -0.206973 0.525120 0 255 0
-0.018157 -0.231780 0.562500 0 255 0
-0.024773 -0.237868 0.566888 0 255 0
-0.152470 -0.411774 0.651304 0 255 0
-0.149242 -0.410895 0.636167 0 255 0
-0.120740 -0.374156 0.646536 0 255 0
-0.130959 -0.409686 0.656512 0 255 0
-0.061490 0.031319 0.604332 0 255 0
-0.049387 0.044192 0.615841 0 255 0
-0.056439 0.043787 0.622599 0 255 0
-0.072455 0.049933 0.591197 0 255 0
-0.063568 -0.320207 0.658702 0 255 0
-0.062562 -0.332526 0.646750 0 255 0
-0.067303 -0.326407 0.686788 0 255 0
-0.073295 -0.305284 0.688352 0 255 0
-0.031885 -0.200847 0.554926 0 255 0
-0.057697 -0.216042 0.557401 0 255 0
-0.047681 -0.244027 0.567511 0 255 0
-0.057164 -0.228055 0.564391 0 255 0
-0.062078 -0.089924 0.619922 0 255 0
-0.060278 -0.119617 0.579916 0 255 0
-0.091495 -0.121247 0.602564 0 255 0
-0.079669 -0.115640 0.633723 0 255 0
-0.065160 -0.100201 0.581740 0 255 0
-0.052415 -0.085597 0.619920 0 255 0
-0.041733 -0.213519 0.554861 0 255 0
-0.039714 -0.216546 0.542615 0 255 0
-0.025317 -0.237689 0.566884 0 255 0
-0.026050 -0.251704 0.552259 0 255 0
-0.019360 -0.113173 0.496037 0 255 0
0.009025 -0.112369 0.485584 0 255 0
-0.053184 0.056869 0.553649 0 255 0
-0.060771 0.069504 0.549345 0 255 0
-0.045375 0.040265 0.558654 0 255 0
-0.056986 0.033668 0.556058 0 255 0
0.004843 -0.081524 0.505851 0 255 0
0.000814 -0.088490 0.494528 0 255 0
-0.028219 -0.096192 0.520445 0 255 0
-0.009656 -0.061822 0.514701 0 255 0
-0.033202 0.058460 0.525091 0 255 0
-0.028402 0.063585 0.515754 0 255 0
-0.011482 0.060841 0.500252 0 255 0
-0.035611 0.033524 0.518139 0 255 0
-0.028174 -0.256413 0.551825 0 255 0
0.032224 -0.253958 0.530731 0 255 0
-0.042060 -0.137300 0.499697 0 255 0
-0.028742 -0.105299 0.512761 0 255 0
-0.029807 -0.122577 0.489462 0 255 0
-0.016660 -0.134313 0.489025 0 255 0
-0.059166 -0.218068 0.597658 0 255 0
-0.069062 -0.239311 0.576018 0 255 0
-0.070699 -0.265408 0.613384 0 255 0
-0.076533 -0.220310 0.591466 0 255 0
-0.056396 0.058884 0.611592 0 255 0
-0.072700 0.074451 0.596025 0 255 0
-0.044581 0.076416 0.490464 0 255 0
-0.059561 0.070931 0.497432 0 255 0
-0.113355 -0.247284 0.627545 0 255 0
-0.075031 -0.221431 0.627486 0 255 0
-0.089901 -0.222404 0.620328 0 255 0
-0.119498 -0.233442 0.623120 0 255 0
0.005837 -0.154560 0.485203 0 255 0
0.016021 -0.159069 0.496338 0 255 0
-0.002050 -0.139638 0.494107 0 255 0
0.006397 -0.104697 0.448093 0 255 0
-0.012532 -0.093313 0.532867 0 255 0
-0.017276 -0.090134 0.510206 0 255 0
-0.018301 -0.119526 0.475546 0 255 0
0.037321 -0.151402 0.489479 0 255 0
0.033120 -0.094183 0.458113 0 255 0
0.030789 -0.227697 0.530726 0 255 0
0.034671 -0.221020 0.535193 0 255 0
0.013819 -0.253420 0.555260 0 255 0
0.036602 -0.244883 0.556073 0 255 0
0.055231 -0.259646 0.569371 0 255 0
0.032776 -0.258953 0.592671 0 255 0
0.041680 -0.279136 0.584203 0 255 0
0.027548 -0.282022 0.601019 0 255 0
0.048211 -0.277378 0.619400 0 255 0
0.041681 -0.278268 0.609510 0 255 0
-0.045339 -0.219411 0.566971 0 255 0
-0.038431 -0.197806 0.565468 0 255 0
-0.055811 0.071964 0.551575 0 255 0
-0.000230 -0.227584 0.732646 0 255 0
0.007818 -0.208630 0.730471 0 255 0
-0.002772 -0.201473 0.726626 0 255 0
-0.013896 -0.232498 0.721368 0 255 0
-0.008902 -0.295399 0.672296 0 255 0
-0.000048 -0.308449 0.662020 0 255 0
-0.071606 -0.209390 0.673737 0 255 0
-0.067222 -0.199744 0.685265 0 255 0
-0.062280 -0.182665 0.666425 0 255 0
-0.074789 -0.186007 0.666648 0 255 0
-0.093416 -0.219151 0.655382 0 255 0
-0.141646 -0.237659 0.657287 0 255 0
-0.112780 -0.248388 0.647697 0 255 0
-0.108043 -0.226554 0.656455 0 255 0
-0.061651 0.038951 0.634232 0 255 0
-0.061470 0.025665 0.657975 0 255 0
-0.036762 -0.080659 0.667154 0 255 0
-0.034655 -0.047309 0.648278 0 255 0
-0.045673 -0.083310 0.651226 0 255 0
-0.030934 -0.086077 0.669439 0 255 0
0.075485 -0.209324 0.704743 0 255 0
0.070119 -0.188192 0.701857 0 255 0
0.052971 -0.175801 0.717038 0 255 0
0.054681 -0.201661 0.721271 0 255 0
0.021127 -0.229925 0.723436 0 255 0
0.026246 -0.226102 0.718779 0 255 0
0.040256 -0.231782 0.716379 0 255 0
0.055993 -0.218645 0.710727 0 255 0
0.025994 -0.205409 0.731283 0 255 0
0.012807 -0.199831 0.731741 0 255 0
-0.070253 -0.126112 0.631059 0 255 0
-0.066380 -0.100825 0.629777 0 255 0
-0.089551 -0.142712 0.627941 0 255 0
-0.073497 -0.156836 0.613909 0 255 0
-0.083835 -0.173579 0.638285 0 255 0
-0.094496 -0.168933 0.640704 0 255 0
0.016406 -0.307219 0.692979 0 255 0
0.019683 -0.315121 0.698337 0 255 0
0.001087 -0.324324 0.702326 0 255 0
0.063122 -0.262489 0.709888 0 255 0
0.045321 -0.265747 0.717233 0 255 0
0.036604 -0.275667 0.704831 0 255 0
0.041620 -0.278179 0.712621 0 255 0
0.058425 -0.133975 0.705796 0 255 0
0.087904 -0.120995 0.719511 0 255 0
0.082767 -0.116400 0.693834 0 255 0
0.031378 -0.099069 0.690896 0 255 0
-0.081119 -0.183155 0.648243 0 255 0
-0.059213 -0.189694 0.649094 0 255 0
-0.096435 -0.198408 0.668505 0 255 0
-0.085953 -0.192940 0.662547 0 255 0
-0.073565 -0.175183 0.653269 0 255 0
-0.081750 -0.169858 0.672168 0 255 0
-0.070712 -0.160122 0.640166 0 255 0
-0.084056 -0.164722 0.664324 0 255 0
-0.038941 -0.107968 0.671720 0 255 0
-0.058161 -0.100141 0.659195 0 255 0
-0.047195 -0.115360 0.649045 0 255 0
-0.067017 -0.117976 0.689958 0 255 0
0.084944 -0.041691 0.686159 0 255 0
0.059878 -0.053516 0.679357 0 255 0
0.053721 -0.077520 0.703896 0 255 0
0.092462 -0.068168 0.703045 0 255 0
-0.099269 -0.268880 0.620788 0 255 0
-0.080089 -0.301374 0.609707 0 255 0
-0.085338 -0.305064 0.629720 0 255 0
-0.110113 -0.302830 0.636204 0 255 0
-0.154528 -0.279615 0.670156 0 255 0
-0.132574 -0.276947 0.666180 0 255 0
-0.130322 -0.290862 0.683672 0 255 0
-0.106372 -0.241980 0.680760 0 255 0
-0.136101 -0.303509 0.638363 0 255 0
-0.123762 -0.314909 0.636149 0 255 0
-0.138598 -0.319596 0.610231 0 255 0
-0.145363 -0.314318 0.637607 0 255 0
-0.002615 -0.299132 0.703162 0 255 0
-0.023037 -0.305820 0.678852 0 255 0
-0.018251 -0.306589 0.705238 0 255 0
-0.137710 -0.261740 0.640033 0 255 0
-0.151623 -0.276725 0.605791 0 255 0
-0.140882 -0.285188 0.635351 0 255 0
-0.145011 -0.260874 0.656122 0 255 0
-0.149840 -0.424277 0.686133 0 255 0
-0.127039 -0.400706 0.681886 0 255 0
-0.166394 -0.334627 0.625580 0 255 0
-0.176680 -0.321198 0.640273 0 255 0
-0.154105 -0.307411 0.646620 0 255 0
-0.163756 -0.313741 0.614748 0 255 0
-0.022624 -0.059410 0.680654 0 255 0
-0.017849 -0.059525 0.648218 0 255 0
-0.049298 0.035854 0.653935 0 255 0
-0.048697 0.032567 0.645450 0 255 0
-0.037932 0.017374 0.651018 0 255 0
-0.020050 0.018084 0.669263 0 255 0
-0.068293 0.068780 0.617778 0 255 0
-0.034598 0.048187 0.662697 0 255 0
-0.046784 0.043032 0.638962 0 255 0
0.021156 -0.304265 0.709560 0 255 0
0.054999 -0.310068 0.719730 0 255 0
0.030665 -0.302835 0.712055 0 255 0
0.034424 -0.290181 0.690068 0 255 0
-0.105898 0.186818 0.632812 0 255 0
-0.077981 0.225468 0.636797 0 255 0
-0.096754 0.205884 0.630730 0 255 0
-0.098507 0.159268 0.601672 0 255 0
0.069069 -0.274777 0.716496 0 255 0
0.050777 -0.291683 0.703824 0 255 0
0.069516 -0.309178 0.702547 0 255 0
0.069033 -0.308567 0.690865 0 255 0
-0.101749 0.139207 0.617788 0 255 0
-0.086369 0.149731 0.644253 0 255 0
0.037524 -0.303395 0.687861 0 255 0
0.017769 -0.296140 0.663646 0 255 0
0.016121 -0.307875 0.680417 0 255 0
0.020053 -0.291509 0.670263 0 255 0
0.016236 -0.302255 0.654515 0 255 0
-0.107608 0.207205 0.601280 0 255 0
-0.106205 0.193564 0.580441 0 255 0
0.070527 -0.325957 0.702080 0 255 0
0.079722 -0.304592 0.694183 0 255 0
0.099964 -0.313357 0.701220 0 255 0
0.094811 -0.301361 0.707134 0 255 0
-0.064313 0.063657 0.635387 0 255 0
-0.069154 0.087516 0.617846 0 255 0
-0.019199 0.339415 0.646005 0 255 0
0.007306 0.311332 0.673470 0 255 0
0.017754 0.342308 0.647761 0 255 0
-0.006583 0.343542 0.636210 0 255 0
0.078123 0.291694 0.673553 0 255 0
0.068652 0.337841 0.655125 0 255 0
0.035666 0.327517 0.664779 0 255 0
0.033624 0.340527 0.686056 0 255 0
0.043643 0.181247 0.730219 0 255 0
0.021874 0.168580 0.730831 0 255 0
0.010675 0.147115 0.717604 0 255 0
0.041175 0.158530 0.715391 0 255 0
-0.044188 0.061244 0.647875 0 255 0
-0.050958 0.078796 0.662272 0 255 0
-0.078497 0.086927 0.591371 0 255 0
-0.096682 0.352986 0.527107 0 255 0
-0.088686 0.343777 0.563118 0 255 0
-0.054347 0.388365 0.551971 0 255 0
-0.109103 0.378773 0.514658 0 255 0
-0.012356 0.399551 0.593809 0 255 0
-0.013609 0.353241 0.608669 0 255 0
0.017143 0.374219 0.621562 0 255 0
0.010136 0.382683 0.604615 0 255 0
-0.013939 0.097257 0.487244 0 255 0
-0.008504 0.109343 0.518042 0 255 0
-0.020525 0.104383 0.497292 0 255 0
0.032725 0.107910 0.446076 0 255 0
0.008372 0.094079 0.454415 0 255 0
0.008674 0.116690 0.475707 0 255 0
0.048887 0.129994 0.458359 0 255 0
0.036895 0.229552 0.468380 0 255 0
0.047259 0.206084 0.478510 0 255 0
0.031287 0.189761 0.479029 0 255 0
0.024103 0.189244 0.465163 0 255 0
-0.120465 0.175978 0.535179 0 255 0
-0.086380 0.182647 0.536741 0 255 0
-0.082565 0.173407 0.540699 0 255 0
-0.075504 0.152961 0.572806 0 255 0
0.069458 0.323138 0.611848 0 255 0
0.051213 0.324318 0.613505 0 255 0
-0.079788 0.357793 0.496590 0 255 0
-0.085378 0.332004 0.500635 0 255 0
-0.065677 0.342727 0.450827 0 255 0
-0.040683 0.326608 0.435023 0 255 0
-0.042279 0.306989 0.439939 0 255 0
-0.082972 0.299224 0.439481 0 255 0
0.052767 0.280638 0.489172 0 255 0
0.030070 0.290309 0.473841 0 255 0
0.017137 0.271690 0.466785 0 255 0
0.047690 0.271600 0.492202 0 255 0
0.070467 0.260744 0.691569 0 255 0
0.054381 0.283810 0.680413 0 255 0
0.024305 0.316096 0.709756 0 255 0
0.032878 0.285744 0.704555 0 255 0
-0.026680 0.063995 0.687168 0 255 0
-0.004713 0.076246 0.673470 0 255 0
-0.001794 0.054906 0.667732 0 255 0
-0.015843 0.032838 0.683491 0 255 0
0.012903 0.038914 0.666106 0 255 0
0.004598 -0.086334 0.686180 0 255 0
-0.008368 -0.070526 0.672853 0 255 0
-0.004865 -0.086023 0.690149 0 255 0
0.001633 -0.098424 0.702579 0 255 0
0.037374 -0.200572 0.718156 0 255 0
0.072584 -0.209326 0.709163 0 255 0
0.036558 0.354275 0.606766 0 255 0
0.066018 0.334911 0.598029 0 255 0
0.080371 0.368945 0.550906 0 255 0
0.073953 0.401749 0.573237 0 255 0
0.006418 0.408317 0.577775 0 255 0
-0.028866 0.404573 0.551167 0 255 0
-0.043270 0.379737 0.564130 0 255 0
-0.051854 0.410022 0.529696 0 255 0
-0.058217 0.401869 0.521315 0 255 0
-0.048798 0.369024 0.428792 0 255 0
-0.001317 0.346038 0.409998 0 255 0
0.050808 0.309998 0.444222 0 255 0
0.042472 0.310917 0.410766 0 255 0
0.040819 0.325054 0.411521 0 255 0
0.074483 0.319055 0.425990 0 255 0
-0.034596 0.205575 0.486343 0 255 0
-0.068074 0.197773 0.495475 0 255 0
-0.051131 0.227796 0.498652 0 255 0
-0.038785 0.236825 0.465984 0 255 0
0.009501 0.092060 0.465423 0 255 0
0.010925 0.077304 0.454724 0 255 0
0.000402 0.105273 0.477817 0 255 0
0.002745 0.059372 0.455163 0 255 0
-0.012280 0.071268 0.480053 0 255 0
0.025457 -0.032007 0.468987 0 255 0
0.006779 -0.008343 0.479929 0 255 0
0.012575 0.014876 0.482285 0 255 0
0.038328 -0.006960 0.478912 0 255 0
0.035342 -0.049454 0.471913 0 255 0
-0.002437 -0.047350 0.470297 0 255 0
0.031085 -0.082309 0.498760 0 255 0
0.019785 -0.113762 0.478838 0 255 0
0.009199 -0.073284 0.488551 0 255 0
0.041791 -0.224407 0.536244 0 255 0
0.042013 -0.212693 0.539321 0 255 0
-0.097628 0.207488 0.554808 0 255 0
0.090983 0.331362 0.559443 0 255 0
0.092192 0.323115 0.528032 0 255 0
0.086329 0.328009 0.510319 0 255 0
0.101893 0.359156 0.548788 0 255 0
-0.104367 0.138281 0.591200 0 255 0
-0.065818 0.071696 0.583682 0 255 0
-0.078328 0.077884 0.564343 0 255 0
-0.045549 -0.084450 0.587829 0 255 0
-0.045971 -0.057935 0.567335 0 255 0
0.004540 -0.161533 0.480724 0 255 0
-0.009752 -0.157285 0.490320 0 255 0
-0.072134 0.357018 0.600862 0 255 0
-0.040815 0.372612 0.402958 0 255 0
-0.035030 0.412756 0.396808 0 255 0
-0.005857 0.387918 0.383109 0 255 0
0.004446 0.367069 0.386866 0 255 0
0.086349 0.350907 0.450090 0 255 0
0.098324 0.335327 0.426992 0 255 0
0.102190 0.398899 0.420224 0 255 0
0.090932 0.379819 0.429371 0 255 0
0.109643 0.390701 0.433911 0 255 0
0.075289 0.411908 0.415685 0 255 0
0.098180 0.435034 0.413807 0 255 0
0.094473 0.428264 0.438074 0 255 0
-0.057160 0.393449 0.477177 0 255 0
-0.037811 0.455092 0.461275 0 255 0
-0.046898 0.428388 0.413939 0 255 0
-0.065001 0.411565 0.454135 0 255 0
-0.032813 0.424046 0.478684 0 255 0
0.037676 0.396162 0.570156 0 255 0
0.069070 0.341773 0.461086 0 255 0
0.071023 0.312427 0.473924 0 255 0
0.103003 0.389635 0.481108 0 255 0
0.100155 0.430257 0.507140 0 255 0
0.110925 0.376521 0.508028 0 255 0
0.118160 0.374105 0.501113 0 255 0
0.010229 0.448038 0.530919 0 255 0
-0.007668 0.452750 0.507686 0 255 0
-0.008376 0.444774 0.533674 0 255 0
0.002938 0.440776 0.559835 0 255 0
-0.020971 0.421393 0.487348 0 255 0
-0.023263 0.450825 0.484141 0 255 0
-0.016009 0.491340 0.409205 0 255 0
0.007598 0.477013 0.389550 0 255 0
-0.040311 0.452328 0.395481 0 255 0
-0.032638 0.459465 0.438527 0 255 0
0.008172 0.504568 0.470044 0 255 0
-0.028673 0.481833 0.485220 0 255 0
0.006278 0.480978 0.497445 0 255 0
-0.002400 0.490453 0.490660 0 255 0
0.029910 0.505960 0.483088 0 255 0
0.027104 0.462408 0.519465 0 255 0
0.053939 0.473948 0.512940 0 255 0
0.055552 0.494952 0.508414 0 255 0
0.052626 0.465372 0.518056 0 255 0
0.092573 0.451919 0.519952 0 255 0
0.103828 0.477080 0.487603 0 255 0
0.083664 0.504549 0.502131 0 255 0
0.111382 0.465724 0.466067 0 255 0
0.090137 0.450924 0.471952 0 255 0
0.112101 0.434299 0.485568 0 255 0
0.106050 0.428748 0.468243 0 255 0
0.129388 0.576672 0.421044 0 255 0
0.107480 0.559808 0.429220 0 255 0
0.123642 0.540221 0.452460 0 255 0
0.130528 0.534595 0.429527 0 255 0
0.092826 0.566824 0.442622 0 255 0
0.083018 0.587683 0.453816 0 255 0
0.076979 0.532236 0.463430 0 255 0
0.087518 0.532970 0.462699 0 255 0
0.067522 0.554812 0.453862 0 255 0
0.061515 0.549110 0.445207 0 255 0
0.078644 0.580190 0.441152 0 255 0
0.039352 0.582774 0.441778 0 255 0
0.046613 0.595749 0.420469 0 255 0
0.030676 0.559197 0.426846 0 255 0
0.030905 0.564788 0.398885 0 255 0
0.010525 0.570388 0.417147 0 255 0
0.018832 0.551550 0.388285 0 255 0
0.048095 0.568031 0.388912 0 255 0
0.137999 0.506432 0.380603 0 255 0
0.131352 0.519438 0.377939 0 255 0
0.132816 0.538149 0.396134 0 255 0
0.125429 0.492419 0.398465 0 255 0
0.081424 0.507324 0.341073 0 255 0
0.061738 0.498225 0.333172 0 255 0
0.066245 0.552936 0.339544 0 255 0
0.105693 0.540133 0.359127 0 255 0
-0.000892 0.540838 0.445026 0 255 0
-0.018323 0.528107 0.430374 0 255 0
0.030771 0.511890 0.476808 0 255 0
0.016652 0.518767 0.466027 0 255 0
0.116447 0.488192 0.454347 0 255 0
0.113960 0.496780 0.474359 0 255 0
0.106566 0.462204 0.379795 0 255 0
0.111799 0.470101 0.428007 0 255 0
0.029693 0.511310 0.359990 0 255 0
0.001565 0.483943 0.370605 0 255 0
0.007308 0.512892 0.370279 0 255 0
0.021266 0.532346 0.378131 0 255 0
0.009426 0.528452 0.428742 0 255 0
0.036462 0.536414 0.430544 0 255 0
0.033553 0.537818 0.466696 0 255 0
0.057358 0.543437 0.474849 0 255 0
0.090242 0.524022 0.476454 0 255 0
0.104503 0.534500 0.475488 0 255 0
0.133309 0.509889 0.457367 0 255 0
0.103878 0.517458 0.448533 0 255 0
0.134055 0.484728 0.411470 0 255 0
0.124202 0.483993 0.389045 0 255 0
0.035961 0.551127 0.320128 0 255 0
0.038306 0.521439 0.326495 0 255 0
0.022061 0.555698 0.358305 0 255 0
0.029008 0.576764 0.356562 0 255 0
0.075086 0.551152 0.329745 0 255 0
0.078632 0.586299 0.348197 0 255 0
0.094934 0.589132 0.441269 0 255 0
0.082529 0.604161 0.430362 0 255 0
0.076607 0.590361 0.442912 0 255 0
0.050592 0.609450 0.422757 0 255 0
0.032659 0.584591 0.396474 0 255 0
0.030043 0.607350 0.373604 0 255 0
0.062104 0.573488 0.353945 0 255 0
0.144431 0.582627 0.373966 0 255 0
0.155545 0.577437 0.377858 0 255 0
0.125449 0.557269 0.355940 0 255 0
0.140716 0.582589 0.379281 0 255 0
0.143010 0.599152 0.407347 0 255 0
0.133630 0.618096 0.411222 0 255 0
0.104784 0.576133 0.414560 0 255 0
0.134744 0.583054 0.404771 0 255 0
0.109393 0.616504 0.431454 0 255 0
0.093246 0.607118 0.425976 0 255 0
0.065632 0.622528 0.442345 0 255 0
0.051033 0.651461 0.418135 0 255 0
0.046040 0.604486 0.429100 0 255 0
0.042108 0.642936 0.416395 0 255 0
0.044398 0.630170 0.387036 0 255 0
0.057941 0.623524 0.339813 0 255 0
0.042652 0.608160 0.364568 0 255 0
0.044809 0.642053 0.358180 0 255 0
0.109703 0.725189 0.297731 0 255 0
0.084570 0.715833 0.302994 0 255 0
0.103164 0.761564 0.291666 0 255 0
0.108454 0.745428 0.277238 0 255 0
0.135549 0.596090 0.355717 0 255 0
0.147662 0.594336 0.353439 0 255 0
0.153234 0.605043 0.382820 0 255 0
0.134083 0.647255 0.441403 0 255 0
0.061649 0.700371 0.394319 0 255 0
0.039665 0.661161 0.394809 0 255 0
0.078496 0.668012 0.412997 0 255 0
0.071059 0.681846 0.411272 0 255 0
0.158145 0.694570 0.315585 0 255 0
0.180106 0.693878 0.318891 0 255 0
0.169988 0.662547 0.342618 0 255 0
0.163677 0.651222 0.327642 0 255 0
0.163066 0.674371 0.396567 0 255 0
0.153700 0.671447 0.394456 0 255 0
0.157053 0.690074 0.372691 0 255 0
0.143928 0.691409 0.375860 0 255 0
0.087870 0.732120 0.353198 0 255 0
0.066857 0.710740 0.385444 0 255 0
0.082000 0.726330 0.404121 0 255 0
0.086918 0.748865 0.376961 0 255 0
0.063538 0.662415 0.330674 0 255 0
0.050415 0.678691 0.342333 0 255 0
0.065978 0.702413 0.367585 0 255 0
0.067951 0.695775 0.308675 0 255 0
0.084653 0.646344 0.313777 0 255 0
0.096052 0.693196 0.307147 0 255 0
0.197022 0.755057 0.326392 0 255 0
0.183328 0.725981 0.316959 0 255 0
0.177938 0.720602 0.301541 0 255 0
0.165781 0.770683 0.282500 0 255 0
0.165154 0.719724 0.393613 0 255 0
0.186767 0.715165 0.364883 0 255 0
0.158313 0.740484 0.359142 0 255 0
0.186059 0.741460 0.357866 0 255 0
0.117069 0.798417 0.325014 0 255 0
0.090287 0.784985 0.340054 0 255 0
0.128021 0.781593 0.355513 0 255 0
0.134669 0.793447 0.324581 0 255 0
0.118616 0.773009 0.282622 0 255 0
0.071456 0.769147 0.318881 0 255 0
0.099445 0.805676 0.301814 0 255 0
0.125775 0.812732 0.286319 0 255 0
0.139326 0.800619 0.252307 0 255 0
0.135170 0.780511 0.255555 0 255 0
0.163403 0.810696 0.263440 0 255 0
0.174672 0.795438 0.299708 0 255 0
0.195315 0.804821 0.300583 0 255 0
0.191913 0.801217 0.323980 0 255 0
0.176922 0.783962 0.352159 0 255 0
0.199009 0.771933 0.331675 0 255 0
0.142569 0.787080 0.333098 0 255 0
0.159674 0.792269 0.357633 0 255 0
0.195655 0.795681 0.338406 0 255 0
0.164549 0.817115 0.342672 0 255 0
0.134935 0.830451 0.324251 0 255 0
0.131360 0.793255 0.345907 0 255 0
0.140888 0.819258 0.323201 0 255 0
0.120614 0.818095 0.324551 0 255 0
0.128647 0.827788 0.287189 0 255 0
0.085986 0.283184 0.544847 0 255 0
0.085416 0.287152 0.522864 0 255 0
0.083069 0.295862 0.538227 0 255 0
0.075250 0.314435 0.551293 0 255 0
0.051901 0.383236 0.396389 0 255 0
0.056768 0.362957 0.394521 0 255 0
0.088937 0.442235 0.394078 0 255 0
0.069212 0.404029 0.390560 0 255 0
0.106073 0.436885 0.396644 0 255 0
0.108019 0.487707 0.367608 0 255 0
0.112018 0.502820 0.357517 0 255 0
0.118213 0.536859 0.367818 0 255 0
0.134852 0.560385 0.350068 0 255 0
0.137423 0.604509 0.357631 0 255 0
0.133359 0.648470 0.320478 0 255 0
0.145144 0.641295 0.347080 0 255 0
0.104473 0.600760 0.342637 0 255 0
0.163107 0.692417 0.296175 0 255 0
0.137662 0.665891 0.310436 0 255 0
0.137328 0.722389 0.295240 0 255 0
0.173364 0.766601 0.277933 0 255 0
0.162493 0.808192 0.261328 0 255 0
-0.024178 0.274911 0.445385 0 255 0
0.025685 0.255379 0.449024 0 255 0
0.018569 0.252960 0.448520 0 255 0
-0.018871 0.258571 0.475268 0 255 0
0.039015 0.304232 0.518539 0 255 0
0.076884 0.274221 0.496563 0 255 0
0.066522 0.276026 0.503489 0 255 0
0.080303 0.277753 0.517406 0 255 0
0.007148 0.537826 0.393485 0 255 0
0.042186 0.510000 0.490379 0 255 0
0.070620 0.499871 0.491977 0 255 0
0.083267 0.498145 0.494602 0 255 0
0.088512 0.497421 0.340722 0 255 0
0.053832 0.463822 0.351934 0 255 0
0.048736 0.488985 0.357897 0 255 0
0.033658 0.505275 0.347505 0 255 0
0.094187 0.629479 0.348941 0 255 0
0.116140 0.635878 0.303856 0 255 0
0.101336 0.620269 0.340102 0 255 0
0.058341 0.607429 0.330253 0 255 0
0.099076 0.649683 0.423909 0 255 0
0.078929 0.644839 0.405049 0 255 0
0.129508 0.659054 0.410249 0 255 0
0.123414 0.656210 0.437831 0 255 0
0.153170 0.631351 0.421739 0 255 0
0.039308 0.416067 0.383235 0 255 0
0.007354 0.420727 0.367026 0 255 0
0.026118 0.444903 0.352280 0 255 0
0.064925 0.448410 0.368041 0 255 0
-0.014520 0.027252 0.647812 0 255 0
-0.014752 0.002286 0.681182 0 255 0
-0.047193 -0.135418 0.530392 0 255 0
-0.040813 -0.115460 0.545356 0 255 0
-0.017780 -0.097015 0.544240 0 255 0
-0.037275 -0.099564 0.513807 0 255 0
-0.046641 -0.104770 0.560631 0 255 0
-0.043709 -0.124766 0.536433 0 255 0
-0.067042 -0.147847 0.547908 0 255 0
-0.051974 -0.119007 0.553505 0 255 0
-0.066438 -0.211621 0.601538 0 255 0
-0.072358 -0.239782 0.622827 0 255 0
0.033191 -0.071883 0.469774 0 255 0
0.060371 -0.079939 0.465495 0 255 0
0.080240 -0.075733 0.460931 0 255 0
-0.000036 0.124843 0.482141 0 255 0
-0.009874 0.196851 0.464226 0 255 0
-0.006071 0.223850 0.473466 0 255 0
0.021982 0.190273 0.468178 0 255 0
0.046137 0.276129 0.479903 0 255 0
0.045896 -0.037445 0.699209 0 255 0
0.031718 -0.065372 0.695293 0 255 0
0.052344 -0.214543 0.714570 0 255 0
0.073606 -0.215469 0.708433 0 255 0
0.056409 -0.218215 0.728893 0 255 0
0.076455 -0.236926 0.728002 0 255 0
0.084745 -0.247770 0.694754 0 255 0
0.087543 -0.225737 0.696601 0 255 0
0.101060 -0.294822 0.695649 0 255 0
0.097719 -0.290948 0.695968 0 255 0
0.071217 0.294875 0.512133 0 255 0
0.087531 0.286149 0.502680 0 255 0
0.065456 0.302487 0.524802 0 255 0
0.044817 0.283789 0.425763 0 255 0
0.053307 0.276075 0.467234 0 255 0
0.068727 0.271980 0.489296 0 255 0
0.045758 0.281041 0.468320 0 255 0
-0.096454 0.315839 0.550432 0 255 0
-0.100051 0.339233 0.571864 0 255 0
0.024890 0.370817 0.626372 0 255 0
-0.225194 -0.364589 0.645576 0 255 0
-0.215529 -0.375692 0.636279 0 255 0
-0.197806 -0.356006 0.647740 0 255 0
-0.203079 -0.350117 0.638193 0 255 0
0.031944 -0.141504 0.699988 0 255 0
0.018951 -0.082316 0.711074 0 255 0
0.019051 -0.301159 0.679341 0 255 0
-0.010691 -0.307083 0.676143 0 255 0
-0.021856 -0.312481 0.668113 0 255 0
-0.009300 -0.311601 0.661594 0 255 0
-0.022280 -0.311354 0.664040 0 255 0
0.000731 -0.241843 0.715542 0 255 0
-0.015705 -0.248528 0.702486 0 255 0
-0.021744 -0.252682 0.725049 0 255 0
-0.015017 -0.264569 0.718109 0 255 0
0.047324 0.203201 0.720644 0 255 0
0.043237 0.201718 0.737443 0 255 0
0.055980 0.014021 0.661792 0 255 0
0.033389 0.004641 0.692625 0 255 0
0.035284 0.013309 0.706654 0 255 0
0.048136 0.001852 0.690987 0 255 0
-0.005986 -0.113263 0.695663 0 255 0
-0.018071 -0.083664 0.691032 0 255 0
0.039982 -0.149959 0.486879 0 255 0
0.053416 -0.182413 0.488445 0 255 0
0.044972 -0.196612 0.494286 0 255 0
0.027573 -0.178505 0.476519 0 255 0
-0.178094 -0.311776 0.675207 0 255 0
-0.180185 -0.297123 0.676906 0 255 0
-0.167274 -0.313714 0.661609 0 255 0
-0.179721 -0.341260 0.653022 0 255 0
-0.081950 0.321111 0.620143 0 255 0
-0.035603 0.346723 0.618359 0 255 0
-0.029804 -0.029573 0.647660 0 255 0
-0.030490 -0.041457 0.665423 0 255 0
-0.030319 0.001108 0.646776 0 255 0
-0.033829 -0.019069 0.626702 0 255 0
-0.067459 -0.062396 0.636545 0 255 0
-0.052423 -0.067295 0.637103 0 255 0
-0.053790 -0.086245 0.642435 0 255 0
-0.112080 -0.205293 0.654273 0 255 0
-0.100303 -0.200165 0.641970 0 255 0
-0.105661 -0.262334 0.642598 0 255 0
0.023081 0.273967 0.430133 0 255 0
0.010214 0.250833 0.465076 0 255 0
0.008215 0.219645 0.465932 0 255 0
0.062819 0.289540 0.515048 0 255 0
0.035459 -0.321006 0.674915 0 255 0
0.036576 -0.308357 0.657349 0 255 0
-0.127077 -0.267833 0.630218 0 255 0
-0.139726 -0.295007 0.634693 0 255 0
-0.068251 -0.160781 0.624823 0 255 0
-0.055019 -0.183560 0.620533 0 255 0
-0.092759 -0.212892 0.618493 0 255 0
-0.091089 -0.202763 0.626848 0 255 0
-0.087180 -0.194492 0.632941 0 255 0
-0.091877 -0.168217 0.638242 0 255 0
-0.056514 -0.255106 0.584590 0 255 0
-0.028189 -0.280355 0.574538 0 255 0
-0.048701 -0.272850 0.585791 0 255 0
-0.036428 -0.288000 0.581508 0 255 0
-0.033728 -0.258076 0.570323 0 255 0
-0.022402 -0.243857 0.566862 0 255 0
-0.020213 -0.279341 0.568151 0 255 0
-0.031630 -0.266125 0.562235 0 255 0
-0.000373 -0.303841 0.625185 0 255 0
0.011720 -0.299421 0.604943 0 255 0
0.043602 -0.295803 0.593128 0 255 0
0.044034 -0.280881 0.582505 0 255 0
0.074409 -0.275813 0.704972 0 255 0
0.073729 -0.255416 0.710035 0 255 0
0.064231 -0.266248 0.713598 0 255 0
0.071383 -0.277077 0.721170 0 255 0
0.033544 -0.293644 0.645142 0 255 0
0.042329 -0.306953 0.627088 0 255 0
0.043217 -0.305129 0.595234 0 255 0
-0.163832 -0.422663 0.707956 0 255 0
-0.138469 -0.390614 0.691880 0 255 0
0.050129 -0.321436 0.680737 0 255 0
0.055824 -0.314524 0.689373 0 255 0
-0.154123 -0.398814 0.709227 0 255 0
-0.138793 -0.409790 0.683762 0 255 0
-0.024195 -0.302434 0.630570 0 255 0
-0.015369 -0.300520 0.667319 0 255 0
-0.035067 -0.287014 0.626700 0 255 0
0.039757 -0.309110 0.649267 0 255 0
0.046261 -0.302095 0.612911 0 255 0
-0.107685 0.278619 0.577718 0 255 0
-0.100093 0.268252 0.533047 0 255 0
-0.066811 0.021679 0.571559 0 255 0
-0.051308 0.019339 0.589170 0 255 0
0.055638 -0.014837 0.459069 0 255 0
0.041989 -0.003530 0.472466 0 255 0
0.036635 -0.328535 0.605620 0 255 0
0.009981 0.043422 0.460691 0 255 0
0.044939 0.066201 0.444526 0 255 0
0.039966 0.027533 0.468017 0 255 0
0.014566 0.022836 0.456296 0 255 0
0.024687 0.075379 0.454195 0 255 0
0.047552 0.107920 0.455328 0 255 0
0.034983 0.233587 0.480759 0 255 0
0.037776 0.220145 0.484445 0 255 0
-0.090296 -0.361630 0.643501 0 255 0
-0.073491 -0.354076 0.647348 0 255 0
-0.075069 -0.357842 0.655725 0 255 0
-0.079012 -0.378109 0.661235 0 255 0
0.011697 0.039122 0.475791 0 255 0
-0.028026 0.045091 0.501319 0 255 0
-0.062365 -0.198990 0.581390 0 255 0
-0.039466 -0.187581 0.587445 0 255 0
0.065405 -0.104185 0.496224 0 255 0
0.011412 -0.187785 0.483003 0 255 0
0.017645 -0.196909 0.504059 0 255 0
-0.000722 -0.195971 0.495760 0 255 0
-0.001717 -0.156483 0.472777 0 255 0
0.084623 0.299297 0.527163 0 255 0
-0.130698 -0.278737 0.705944 0 255 0
-0.128189 -0.294776 0.707012 0 255 0
-0.117065 -0.266347 0.700135 0 255 0
-0.131103 -0.301260 0.689854 0 255 0
0.071742 0.296950 0.504628 0 255 0
0.085025 0.319510 0.513262 0 255 0
0.077800 0.286615 0.583808 0 255 0
0.081444 0.315447 0.563781 0 255 0
0.002848 0.339616 0.412053 0 255 0
0.003724 0.329584 0.410986 0 255 0
0.011668 0.367696 0.394150 0 255 0
0.018156 0.397265 0.384185 0 255 0
0.100986 0.556179 0.346585 0 255 0
0.101496 0.568716 0.341538 0 255 0
0.125193 0.658481 0.317792 0 255 0
0.147385 0.718021 0.293049 0 255 0
0.128514 0.750094 0.274012 0 255 0
0.154214 0.773443 0.262867 0 255 0
0.141497 0.794511 0.263189 0 255 0
-0.180975 -0.395789 0.720068 0 255 0
-0.162529 -0.386631 0.704870 0 255 0
-0.157383 -0.364062 0.723108 0 255 0
-0.215305 -0.407197 0.712752 0 255 0
-0.163457 -0.341879 0.618872 0 255 0
-0.158148 -0.350111 0.625668 0 255 0
-0.152058 -0.371335 0.634902 0 255 0
-0.169749 -0.371323 0.613278 0 255 0
-0.205103 -0.391739 0.635170 0 255 0
-0.218572 -0.379953 0.632239 0 255 0
-0.195351 -0.363007 0.643172 0 255 0
-0.220900 -0.367765 0.673776 0 255 0
-0.217814 -0.380402 0.678041 0 255 0
-0.188052 -0.342483 0.686944 0 255 0
-0.197901 -0.364824 0.692995 0 255 0
-0.199419 -0.385026 0.698704 0 255 0
-0.201513 -0.349555 0.713281 0 255 0
-0.224335 -0.354689 0.705081 0 255 0
-0.233014 -0.383218 0.712888 0 255 0
-0.174642 -0.403589 0.637839 0 255 0
-0.170067 -0.396081 0.632609 0 255 0
-0.155674 -0.393136 0.620704 0 255 0
-0.147508 -0.390218 0.632346 0 255 0
-0.073602 -0.341536 0.692869 0 255 0
-0.088855 -0.360566 0.703504 0 255 0
-0.069343 -0.272323 0.632248 0 255 0
-0.064831 -0.278622 0.600508 0 255 0
-0.056939 -0.301362 0.632665 0 255 0
-0.096719 -0.291335 0.627793 0 255 0
-0.108906 -0.375993 0.674968 0 255 0
-0.108356 -0.364095 0.671849 0 255 0
-0.101072 -0.352095 0.693741 0 255 0
-0.120101 -0.380927 0.696387 0 255 0
-0.124922 -0.360676 0.631043 0 255 0
-0.149874 -0.367234 0.629132 0 255 0
-0.128178 -0.331635 0.636622 0 255 0
-0.100106 -0.366261 0.618028 0 255 0
-0.194713 -0.349300 0.634546 0 255 0
-0.184944 -0.297862 0.657503 0 255 0
-0.080779 -0.333722 0.640327 0 255 0
-0.082720 -0.349129 0.625931 0 255 0
-0.050585 -0.180989 0.591782 0 255 0
-0.058960 -0.136842 0.619928 0 255 0
-0.091653 -0.164695 0.612261 0 255 0
-0.053571 -0.118773 0.537346 0 255 0
-0.046106 -0.140592 0.505682 0 255 0
-0.063408 -0.104596 0.584921 0 255 0
-0.043214 -0.126502 0.564887 0 255 0
-0.054705 -0.115718 0.525763 0 255 0
-0.054335 -0.128831 0.520072 0 255 0
-0.012877 -0.068836 0.506464 0 255 0
0.035001 -0.287546 0.594594 0 255 0
-0.118413 -0.389010 0.663724 0 255 0
-0.118772 -0.363546 0.633497 0 255 0
-0.148210 -0.288967 0.657339 0 255 0
-0.120769 -0.263392 0.651889 0 255 0
-0.139487 -0.273740 0.639877 0 255 0
-0.142529 -0.270139 0.646371 0 255 0
-0.029004 -0.148738 0.703390 0 255 0
-0.034773 -0.134828 0.721694 0 255 0
-0.025584 -0.130628 0.683786 0 255 0
-0.037780 -0.140963 0.680598 0 255 0
-0.087940 -0.304222 0.708297 0 255 0
-0.126866 -0.314078 0.724278 0 255 0
-0.085237 -0.313394 0.712285 0 255 0
-0.107922 -0.298696 0.712200 0 255 0
-0.084845 -0.318136 0.703968 0 255 0
-0.103505 -0.347615 0.724712 0 255 0
-0.097032 -0.347633 0.709479 0 255 0
-0.055290 -0.335655 0.724653 0 255 0
-0.113020 0.253598 0.660236 0 255 0
-0.117322 0.256273 0.619088 0 255 0
-0.055848 0.103814 0.541934 0 255 0
-0.056230 0.099045 0.517141 0 255 0
-0.038308 0.183220 0.499790 0 255 0
0.029321 0.257780 0.475987 0 255 0
0.071680 0.277254 0.481164 0 255 0
0.101191 0.329944 0.473857 0 255 0
-0.111557 0.248976 0.575643 0 255 0
0.098003 0.370984 0.484691 0 255 0
0.127734 0.399934 0.453030 0 255 0
0.092177 0.446771 0.525379 0 255 0
0.060064 0.448524 0.540757 0 255 0
0.049014 0.432950 0.563490 0 255 0
0.076772 0.389244 0.554431 0 255 0
0.035367 0.443255 0.540038 0 255 0
0.018561 0.421955 0.548378 0 255 0
0.004695 0.467043 0.367685 0 255 0
0.148631 0.712072 0.408423 0 255 0
0.141663 0.760104 0.386461 0 255 0
0.109399 0.685940 0.399783 0 255 0
0.153084 0.734098 0.393533 0 255 0
0.128917 0.725722 0.408318 0 255 0
0.095901 0.672850 0.432937 0 255 0
0.067659 0.739436 0.339751 0 255 0
0.143122 0.756261 0.354883 0 255 0
0.140097 0.790418 0.373249 0 255 0
0.105786 0.741168 0.393367 0 255 0
0.131046 0.774769 0.369890 0 255 0
0.082747 0.268502 0.505234 0 255 0
-0.094440 0.301836 0.495906 0 255 0
-0.091738 0.265308 0.522186 0 255 0
-0.048803 0.232849 0.477869 0 255 0
-0.036596 0.247599 0.473869 0 255 0
-0.013826 0.027008 0.507675 0 255 0
-0.046524 0.008474 0.528877 0 255 0
-0.023262 -0.013096 0.538673 0 255 0
-0.051435 -0.028829 0.542335 0 255 0
-0.042905 0.002667 0.558274 0 255 0
-0.051155 -0.012432 0.523055 0 255 0
-0.047877 -0.020956 0.585658 0 255 0
-0.044062 -0.013809 0.630518 0 255 0
-0.047975 -0.015738 0.613087 0 255 0
-0.060056 0.003973 0.591688 0 255 0
-0.050918 0.034548 0.617179 0 255 0
-0.040501 0.007876 0.639976 0 255 0
0.023518 -0.008398 0.676089 0 255 0
0.002827 -0.012585 0.688256 0 255 0
-0.021842 -0.037287 0.688612 0 255 0
0.018275 -0.038456 0.683511 0 255 0
0.007193 0.227255 0.456234 0 255 0
0.056680 0.291409 0.487334 0 255 0
-0.014147 0.281426 0.441649 0 255 0
-0.037566 0.270070 0.436619 0 255 0
-0.083512 0.270245 0.469959 0 255 0
-0.099477 -0.274478 0.626843 0 255 0
-0.068533 -0.192803 0.688477 0 255 0
-0.059971 -0.175844 0.675845 0 255 0
-0.120830 -0.335381 0.709295 0 255 0
-0.112203 -0.343879 0.715321 0 255 0
-0.092919 -0.351615 0.634389 0 255 0
-0.076028 -0.340094 0.671273 0 255 0
-0.071889 -0.341209 0.648264 0 255 0
-0.063680 -0.315709 0.665237 0 255 0
-0.081076 0.195939 0.511815 0 255 0
-0.090950 0.210597 0.542490 0 255 0
-0.061960 0.229320 0.512054 0 255 0
0.062326 0.297541 0.573029 0 255 0
0.005349 0.252619 0.447856 0 255 0
0.108522 0.424103 0.459441 0 255 0
0.129476 0.442820 0.433429 0 255 0
0.106076 0.466532 0.442118 0 255 0
0.132767 0.492898 0.427825 0 255 0
0.134723 0.513833 0.418548 0 255 0
0.137662 0.525265 0.410351 0 255 0
0.127616 0.557575 0.423185 0 255 0
0.144233 0.592573 0.390745 0 255 0
0.174023 0.648857 0.347848 0 255 0
0.169345 0.646662 0.371338 0 255 0
0.153502 0.610125 0.398730 0 255 0
0.174894 0.674342 0.359388 0 255 0
0.197322 0.717781 0.345530 0 255 0
0.194735 0.742575 0.331370 0 255 0
0.178465 0.760329 0.303490 0 255 0
0.182895 0.777897 0.291489 0 255 0
0.072756 0.296670 0.537214 0 255 0
0.081737 0.273755 0.558181 0 255 0
-0.029518 -0.289824 0.621436 0 255 0
-0.055514 -0.216321 0.624467 0 255 0
-0.067719 -0.231256 0.617987 0 255 0
-0.089062 -0.321824 0.617271 0 255 0
-0.169913 -0.352531 0.694779 0 255 0
-0.171747 -0.343899 0.684178 0 255 0
-0.121125 -0.324353 0.630575 0 255 0
-0.059553 -0.246154 0.607091 0 255 0
-0.103855 -0.259059 0.616767 0 255 0
-0.269034 -0.572480 0.723542 0 255 0
-0.276608 -0.567378 0.729081 0 255 0
-0.286916 -0.587244 0.734829 0 255 0
-0.275706 -0.593475 0.719092 0 255 0
-0.267677 -0.574202 0.736047 0 255 0
-0.263257 -0.592787 0.703195 0 255 0
-0.274847 -0.559695 0.654634 0 255 0
-0.297456 -0.573957 0.668202 0 255 0
-0.308174 -0.593675 0.667183 0 255 0
-0.292023 -0.580740 0.681470 0 255 0
-0.285150 -0.629598 0.699815 0 255 0
-0.311977 -0.608830 0.707639 0 255 0
-0.282638 -0.619791 0.684422 0 255 0
-0.279566 -0.609365 0.711841 0 255 0
-0.322417 -0.550519 0.680515 0 255 0
-0.324545 -0.567093 0.687654 0 255 0
-0.303502 -0.550141 0.682480 0 255 0
-0.314226 -0.547293 0.671865 0 255 0
-0.232142 -0.500817 0.659094 0 255 0
-0.248853 -0.508766 0.633390 0 255 0
-0.240329 -0.485804 0.651879 0 255 0
-0.244069 -0.492072 0.650176 0 255 0
-0.244955 -0.524010 0.734708 0 255 0
-0.252448 -0.551640 0.738592 0 255 0
-0.271322 -0.544112 0.734198 0 255 0
-0.258943 -0.566988 0.732202 0 255 0
-0.228722 -0.547756 0.683846 0 255 0
-0.246277 -0.535850 0.664524 0 255 0
-0.228469 -0.531769 0.680582 0 255 0
-0.216997 -0.533044 0.708383 0 255 0
-0.254014 -0.537193 0.745640 0 255 0
-0.247552 -0.513012 0.735887 0 255 0
-0.265816 -0.575196 0.691276 0 255 0
-0.258328 -0.559524 0.670332 0 255 0
-0.236625 -0.571795 0.663938 0 255 0
-0.249589 -0.574557 0.691270 0 255 0
-0.331799 -0.609223 0.688267 0 255 0
-0.345728 -0.586322 0.698435 0 255 0
-0.330173 -0.572022 0.685311 0 255 0
-0.330522 -0.568139 0.655703 0 255 0
-0.300752 -0.600001 0.681227 0 255 0
-0.302709 -0.611303 0.683627 0 255 0
-0.281552 -0.593760 0.680869 0 255 0
-0.329792 -0.606052 0.728168 0 255 0
-0.294142 -0.614361 0.725338 0 255 0
-0.293333 -0.584540 0.734501 0 255 0
-0.309949 -0.568251 0.752270 0 255 0
-0.264258 -0.531877 0.656720 0 255 0
-0.256524 -0.522953 0.678681 0 255 0
-0.263269 -0.557201 0.669490 0 255 0
-0.300327 -0.547297 0.669091 0 255 0
-0.230953 -0.533710 0.703767 0 255 0
-0.258706 -0.566043 0.711749 0 255 0
-0.294145 -0.552490 0.714337 0 255 0
-0.291834 -0.559177 0.746149 0 255 0
-0.280640 -0.549693 0.735640 0 255 0
-0.286627 -0.528635 0.722274 0 255 0
-0.301456 -0.519972 0.703273 0 255 0
-0.314026 -0.502399 0.685408 0 255 0
-0.310666 -0.517293 0.706336 0 255 0
-0.271361 -0.532994 0.716761 0 255 0
-0.255111 -0.527580 0.661705 0 255 0
-0.264691 -0.500344 0.644077 0 255 0
-0.299499 -0.516808 0.659928 0 255 0
-0.300123 -0.512596 0.673560 0 255 0
-0.291284 -0.498687 0.654312 0 255 0
-0.258877 -0.505743 0.672338 0 255 0
-0.216465 -0.495950 0.692469 0 255 0
-0.199198 -0.496728 0.726748 0 255 0
-0.217839 -0.515678 0.724897 0 255 0
-0.239610 -0.520532 0.705043 0 255 0
-0.238836 -0.502625 0.721688 0 255 0
-0.227881 -0.500708 0.749691 0 255 0
-0.216903 -0.447452 0.713745 0 255 0
-0.237142 -0.475640 0.719941 0 255 0
-0.229313 -0.456253 0.721608 0 255 0
-0.237395 -0.470844 0.718103 0 255 0
-0.274762 -0.488163 0.700728 0 255 0
-0.279706 -0.478059 0.684960 0 255 0
-0.283032 -0.511924 0.684884 0 255 0
-0.283393 -0.501993 0.691511 0 255 0
-0.244666 -0.467665 0.666455 0 255 0
-0.260048 -0.473710 0.649213 0 255 0
-0.290915 -0.492913 0.665688 0 255 0
-0.277164 -0.479921 0.672551 0 255 0
-0.225242 -0.435623 0.657520 0 255 0
-0.234954 -0.456208 0.632802 0 255 0
-0.221797 -0.444088 0.632224 0 255 0
-0.235416 -0.442197 0.631387 0 255 0
-0.209586 -0.464070 0.637380 0 255 0
-0.215780 -0.446105 0.638197 0 255 0
-0.181401 -0.418993 0.657930 0 255 0
-0.189303 -0.454999 0.648474 0 255 0
-0.188190 -0.454316 0.688622 0 255 0
-0.216060 -0.445121 0.715743 0 255 0
-0.188298 -0.439635 0.728153 0 255 0
-0.181716 -0.477607 0.692728 0 255 0
-0.267766 -0.454762 0.691994 0 255 0
-0.270396 -0.476066 0.671510 0 255 0
-0.184524 -0.479592 0.660213 0 255 0
-0.196514 -0.458395 0.657573 0 255 0
-0.199428 -0.494592 0.628231 0 255 0
-0.218878 -0.484999 0.644607 0 255 0
-0.182249 -0.461121 0.674569 0 255 0
-0.198528 -0.489935 0.690444 0 255 0
-0.182387 -0.476897 0.696213 0 255 0
-0.185651 -0.472553 0.680389 0 255 0
-0.184455 -0.466542 0.685312 0 255 0
-0.210179 -0.478192 0.714747 0 255 0
-0.204147 -0.482676 0.731256 0 255 0
-0.203730 -0.465486 0.715879 0 255 0
-0.268225 -0.443802 0.691661 0 255 0
-0.245580 -0.441933 0.701242 0 255 0
-0.255988 -0.451796 0.704247 0 255 0
-0.253893 -0.446743 0.685845 0 255 0
-0.262686 -0.456446 0.667487 0 255 0
-0.248815 -0.478917 0.637138 0 255 0
-0.221616 -0.501400 0.681416 0 255 0
-0.229284 -0.482547 0.669730 0 255 0
-0.220627 -0.485399 0.652321 0 255 0
-0.214358 -0.484551 0.707063 0 255 0
-0.254917 -0.425060 0.649696 0 255 0
-0.228346 -0.421623 0.668247 0 255 0
-0.221250 -0.403939 0.638677 0 255 0
-0.230546 -0.383680 0.655843 0 255 0
-0.224407 -0.403250 0.650661 0 255 0
-0.211645 -0.406690 0.629929 0 255 0
-0.188284 -0.427633 0.624883 0 255 0
-0.144035 -0.419234 0.635628 0 255 0
-0.149803 -0.444718 0.655267 0 255 0
-0.152868 -0.455743 0.669651 0 255 0
-0.169963 -0.457452 0.680130 0 255 0
-0.163630 -0.447083 0.652382 0 255 0
-0.173079 -0.443080 0.691449 0 255 0
-0.171228 -0.435480 0.695717 0 255 0
-0.199958 -0.432409 0.719217 0 255 0
-0.181900 -0.420427 0.715070 0 255 0
-0.223253 -0.456782 0.646727 0 255 0
-0.227323 -0.444875 0.635057 0 255 0
-0.296387 -0.556800 0.716670 0 255 0
-0.329047 -0.542358 0.711749 0 255 0
-0.319880 -0.558236 0.713472 0 255 0
-0.309739 -0.570118 0.734355 0 255 0
-0.325263 -0.594392 0.697385 0 255 0
-0.331484 -0.568946 0.711871 0 255 0
-0.278283 -0.577617 0.705760 0 255 0
-0.240463 -0.553877 0.705944 0 255 0
-0.277689 -0.618962 0.708082 0 255 0
-0.193263 -0.492070 0.679434 0 255 0
-0.220085 -0.521587 0.680363 0 255 0
-0.243749 -0.449453 0.700888 0 255 0
-0.217310 -0.447411 0.697809 0 255 0
-0.220025 -0.436626 0.687162 0 255 0
-0.275989 -0.451011 0.697871 0 255 0
-0.274215 -0.492713 0.710755 0 255 0
-0.253392 -0.476456 0.722803 0 255 0
-0.245291 -0.474122 0.722643 0 255 0
-0.258803 -0.457807 0.674596 0 255 0
-0.266175 -0.429034 0.695853 0 255 0
-0.260183 -0.413896 0.698096 0 255 0
-0.250803 -0.443291 0.686560 0 255 0
-0.188007 -0.438825 0.682902 0 255 0
-0.196839 -0.470980 0.693120 0 255 0
-0.206876 -0.415259 0.705814 0 255 0
-0.223151 -0.446585 0.714944 0 255 0
-0.189658 -0.432375 0.717969 0 255 0
-0.191107 -0.422933 0.716772 0 255 0
-0.204921 -0.434711 0.704851 0 255 0
-0.242037 -0.399416 0.690180 0 255 0
-0.223757 -0.388138 0.699106 0 255 0
-0.147839 -0.461107 0.695395 0 255 0
-0.247147 -0.411712 0.673887 0 255 0
-0.238578 -0.393795 0.693067 0 255 0
-0.241612 -0.418111 0.666585 0 255 0
-0.221430 -0.399531 0.684583 0 255 0
-0.313918 -0.533805 0.690068 0 255 0
-0.318234 -0.538940 0.683219 0 255 0
-0.256136 -0.506503 0.630361 0 255 0
-0.272548 -0.494970 0.651070 0 255 0
-0.244470 -0.481983 0.640963 0 255 0
-0.298835 -0.567760 0.666368 0 255 0
-0.301875 -0.571617 0.683619 0 255 0
-0.270570 -0.514195 0.665696 0 255 0
-0.295923 -0.552207 0.659580 0 255 0
-0.276682 -0.529456 0.713126 0 255 0
-0.251720 -0.460656 0.666907 0 255 0
-0.256194 -0.452918 0.644632 0 255 0
-0.266145 -0.444687 0.668582 0 255 0
-0.215510 -0.411691 0.634773 0 255 0
-0.209006 -0.418297 0.641987 0 255 0
-0.271119 -0.434826 0.671066 0 255 0
-0.173369 -0.400254 0.669675 0 255 0
-0.237477 -0.473321 0.726387 0 255 0
-0.211203 -0.476988 0.728017 0 255 0
-0.210697 -0.440209 0.720489 0 255 0
-0.310388 -0.594981 0.736184 0 255 0
-0.228698 -0.558854 0.706436 0 255 0
-0.231811 -0.517424 0.685262 0 255 0
-0.230477 -0.514055 0.667469 0 255 0
-0.263224 -0.448759 0.664155 0 255 0
-0.256153 -0.443482 0.677664 0 255 0
-0.243218 -0.432673 0.672309 0 255 0
-0.186507 -0.479251 0.694095 0 255 0
-0.176122 -0.452725 0.638442 0 255 0
-0.334588 -0.592374 0.679972 0 255 0
-0.189572 -0.486086 0.678517 0 255 0
-0.259360 -0.500490 0.739839 0 255 0
0.066130 -0.220111 0.699022 0 255 0
-0.052786 -0.090896 0.553093 0 255 0
-0.022413 -0.063248 0.526732 0 255 0
-0.040467 -0.067770 0.529741 0 255 0
-0.053626 -0.152922 0.597659 0 255 0
-0.054407 -0.174390 0.607833 0 255 0
-0.090449 -0.228522 0.595863 0 255 0
-0.113124 -0.263599 0.615965 0 255 0
-0.054832 -0.132700 0.578239 0 255 0
0.009704 -0.461791 0.756098 0 255 0
0.021008 -0.415785 0.742261 0 255 0
0.006467 -0.454910 0.750527 0 255 0
0.051224 0.043038 0.453731 0 255 0
-0.000192 -0.430627 0.723869 0 255 0
0.015725 -0.444277 0.717879 0 255 0
-0.008622 -0.411366 0.735868 0 255 0
-0.007753 -0.431409 0.727714 0 255 0
0.011992 -0.452435 0.722257 0 255 0
0.005867 -0.460100 0.718396 0 255 0
0.036344 -0.424803 0.716492 0 255 0
0.021465 -0.432691 0.722011 0 255 0
0.008191 -0.438901 0.736186 0 255 0
0.046046 0.076727 0.683577 0 255 0
0.053714 0.078005 0.684307 0 255 0
0.063996 0.094840 0.689448 0 255 0
0.019473 0.095625 0.704527 0 255 0
0.059894 0.123140 0.689764 0 255 0
-0.063392 0.148931 0.676685 0 255 0
-0.088892 0.138262 0.652804 0 255 0
-0.096064 0.126301 0.663346 0 255 0
-0.061809 0.112115 0.680235 0 255 0
-0.075533 0.106792 0.630478 0 255 0
-0.079832 0.119620 0.682239 0 255 0
-0.092212 0.117082 0.639443 0 255 0
-0.103542 0.136769 0.610540 0 255 0
-0.094529 0.103406 0.610164 0 255 0
-0.084489 0.126684 0.590853 0 255 0
-0.082983 0.117723 0.602213 0 255 0
-0.092854 0.126235 0.581883 0 255 0
-0.075713 0.155622 0.533314 0 255 0
-0.087565 0.170830 0.535081 0 255 0
-0.049940 0.156899 0.509333 0 255 0
-0.057400 0.162525 0.530099 0 255 0
-0.019797 0.178245 0.484799 0 255 0
-0.012500 0.160861 0.518129 0 255 0
0.044049 0.171981 0.448357 0 255 0
0.017895 0.160770 0.471422 0 255 0
-0.028854 -0.283507 0.597253 0 255 0
0.039427 -0.299319 0.704640 0 255 0
-0.000700 -0.277236 0.702089 0 255 0
-0.006534 -0.298475 0.694498 0 255 0
0.001603 -0.238872 0.723570 0 255 0
0.006600 -0.232569 0.733162 0 255 0
0.021226 -0.246787 0.714366 0 255 0
0.017976 -0.217070 0.721375 0 255 0
0.039935 -0.303325 0.702660 0 255 0
0.032232 -0.270314 0.712602 0 255 0
0.034733 -0.280894 0.729324 0 255 0
0.060203 -0.261309 0.695427 0 255 0
0.031119 -0.251467 0.717951 0 255 0
-0.020062 -0.294500 0.716656 0 255 0
-0.032518 -0.274634 0.710287 0 255 0
-0.026128 -0.265946 0.702526 0 255 0
-0.010725 -0.310710 0.701426 0 255 0
-0.024092 -0.228876 0.729561 0 255 0
-0.031466 -0.235259 0.704277 0 255 0
-0.027030 -0.236487 0.715162 0 255 0
-0.037149 -0.247735 0.704467 0 255 0
-0.058272 -0.302839 0.681466 0 255 0
-0.055770 -0.304192 0.694265 0 255 0
-0.073997 -0.317040 0.706277 0 255 0
-0.065781 -0.325714 0.698784 0 255 0
-0.025314 -0.239160 0.717713 0 255 0
0.003188 -0.132176 0.708088 0 255 0
-0.006922 -0.150055 0.718173 0 255 0
-0.034951 -0.154897 0.701525 0 255 0
-0.064781 -0.194565 0.680066 0 255 0
-0.060967 -0.175171 0.710387 0 255 0
-0.050242 -0.183833 0.689582 0 255 0
-0.073381 -0.207078 0.708758 0 255 0
-0.065036 -0.204336 0.666793 0 255 0
-0.092204 -0.312743 0.639761 0 255 0
-0.073379 -0.290956 0.623139 0 255 0
-0.052623 -0.333529 0.628163 0 255 0
-0.111103 -0.233644 0.660695 0 255 0
-0.083632 -0.210475 0.661917 0 255 0
-0.083903 -0.219269 0.660348 0 255 0
-0.113052 -0.221756 0.671077 0 255 0
0.007451 -0.292878 0.704864 0 255 0
-0.078526 -0.296800 0.708832 0 255 0
-0.049343 -0.273518 0.717989 0 255 0
-0.068109 -0.281715 0.723215 0 255 0
-0.068643 -0.263082 0.725211 0 255 0
-0.102477 -0.259035 0.713769 0 255 0
-0.078866 -0.235313 0.728273 0 255 0
-0.094697 -0.245013 0.706498 0 255 0
-0.103705 -0.245068 0.701647 0 255 0
-0.102920 -0.245095 0.680914 0 255 0
-0.105148 -0.230253 0.692247 0 255 0
-0.073731 -0.317332 0.686386 0 255 0
-0.041325 -0.324535 0.688113 0 255 0
-0.058451 -0.307966 0.666227 0 255 0
-0.035202 -0.341006 0.642916 0 255 0
-0.019135 -0.324112 0.678948 0 255 0
-0.131485 -0.265407 0.641757 0 255 0
-0.087453 -0.260398 0.635849 0 255 0
-0.118197 -0.267463 0.637027 0 255 0
-0.108609 -0.223406 0.649770 0 255 0
-0.120903 -0.240454 0.640635 0 255 0
-0.100585 -0.307341 0.616980 0 255 0
-0.070083 -0.316216 0.627664 0 255 0
-0.036618 -0.299648 0.647390 0 255 0
-0.040093 -0.308306 0.637626 0 255 0
-0.069072 -0.326367 0.714637 0 255 0
-0.073954 -0.319109 0.707961 0 255 0
-0.119979 -0.247029 0.686069 0 255 0
-0.144077 -0.254578 0.663366 0 255 0
-0.120174 -0.253219 0.677708 0 255 0
-0.091938 -0.199693 0.663235 0 255 0
-0.111737 -0.212244 0.653821 0 255 0
-0.035821 -0.305378 0.700900 0 255 0
-0.072110 -0.264258 0.726182 0 255 0
-0.087943 -0.279257 0.712236 0 255 0
-0.063347 -0.241337 0.708804 0 255 0
-0.045539 -0.262707 0.724739 0 255 0
-0.051106 -0.245702 0.724999 0 255 0
-0.058382 -0.247147 0.722948 0 255 0
-0.119590 -0.263493 0.721266 0 255 0
-0.101661 -0.258165 0.703267 0 255 0
-0.043551 -0.235877 0.707269 0 255 0
-0.037220 -0.249654 0.712428 0 255 0
-0.123107 -0.249219 0.684526 0 255 0
-0.011063 -0.303356 0.621888 0 255 0
-0.032282 -0.302688 0.606324 0 255 0
-0.033589 -0.295999 0.614311 0 255 0
-0.051301 -0.300121 0.605811 0 255 0
-0.047248 -0.306840 0.626501 0 255 0
-0.063945 -0.287833 0.605505 0 255 0
-0.024595 -0.303540 0.590449 0 255 0
-0.257301 -0.462929 0.681528 0 255 0
-0.141267 -0.271281 0.657492 0 255 0
-0.141183 -0.276040 0.677295 0 255 0
-0.146857 -0.278128 0.642705 0 255 0
-0.180208 -0.324476 0.694133 0 255 0
-0.019881 -0.385353 0.606424 0 255 0
-0.006670 -0.407403 0.582713 0 255 0
-0.023830 -0.426549 0.589637 0 255 0
-0.021916 -0.389503 0.588623 0 255 0
-0.226637 -0.478965 0.709776 0 255 0
-0.251131 -0.454925 0.703629 0 255 0
-0.271364 -0.493729 0.724140 0 255 0
-0.284794 -0.527302 0.740873 0 255 0
-0.261085 -0.514795 0.736129 0 255 0
-0.222784 -0.541303 0.720755 0 255 0
-0.205996 -0.524706 0.698469 0 255 0
-0.249185 -0.504059 0.671776 0 255 0
-0.279246 -0.504883 0.687640 0 255 0
-0.315639 -0.657267 0.738089 0 255 0
-0.295559 -0.647410 0.735393 0 255 0
-0.309830 -0.676417 0.723717 0 255 0
-0.311489 -0.676554 0.718262 0 255 0
-0.318995 -0.672439 0.710084 0 255 0
-0.319655 -0.692682 0.712497 0 255 0
-0.321719 -0.655659 0.717994 0 255 0
-0.321815 -0.695224 0.705874 0 255 0
-0.325244 -0.653469 0.702177 0 255 0
-0.336453 -0.664637 0.706159 0 255 0
-0.336265 -0.667812 0.683529 0 255 0
-0.339842 -0.646803 0.681031 0 255 0
-0.321080 -0.664063 0.662280 0 255 0
-0.320843 -0.637930 0.693910 0 255 0
-0.331267 -0.648081 0.681972 0 255 0
-0.342297 -0.630850 0.677968 0 255 0
-0.345402 -0.628183 0.687334 0 255 0
-0.366700 -0.660425 0.722588 0 255 0
-0.384117 -0.654267 0.706249 0 255 0
-0.362640 -0.647624 0.681924 0 255 0
-0.361113 -0.648031 0.700641 0 255 0
-0.346739 -0.627692 0.722430 0 255 0
-0.360847 -0.606024 0.720439 0 255 0
-0.359957 -0.628622 0.715852 0 255 0
-0.363136 -0.648317 0.742211 0 255 0
-0.348602 -0.665307 0.723702 0 255 0
-0.343822 -0.663738 0.749635 0 255 0
-0.372843 -0.660119 0.749647 0 255 0
-0.270172 -0.613870 0.701979 0 255 0
-0.294017 -0.633683 0.726491 0 255 0
-0.296545 -0.636109 0.729237 0 255 0
-0.308064 -0.656659 0.681727 0 255 0
-0.309548 -0.628720 0.695786 0 255 0
-0.285685 -0.637639 0.693854 0 255 0
-0.324579 -0.635991 0.708680 0 255 0
-0.323102 -0.605253 0.663796 0 255 0
-0.329201 -0.623992 0.679012 0 255 0
-0.321509 -0.633207 0.670881 0 255 0
-0.320057 -0.639071 0.685821 0 255 0
-0.315298 -0.630934 0.690699 0 255 0
-0.334734 -0.616291 0.693573 0 255 0
-0.359583 -0.654952 0.676515 0 255 0
-0.324632 -0.647304 0.738470 0 255 0
-0.336076 -0.630937 0.732058 0 255 0
-0.317694 -0.648718 0.738831 0 255 0
-0.348543 -0.634474 0.738721 0 255 0
-0.329828 -0.621946 0.691230 0 255 0
-0.327354 -0.612869 0.737486 0 255 0
-0.321004 -0.612256 0.751694 0 255 0
-0.327818 -0.625394 0.731752 0 255 0
-0.327718 -0.599463 0.706551 0 255 0
-0.346638 -0.680957 0.738736 0 255 0
-0.331614 -0.683029 0.738807 0 255 0
-0.315481 -0.613500 0.713660 0 255 0
-0.357924 -0.648785 0.687349 0 255 0
-0.350762 -0.608216 0.710764 0 255 0
-0.335040 -0.616581 0.705558 0 255 0
-0.323675 -0.589819 0.699417 0 255 0
-0.341955 -0.590541 0.714986 0 255 0
-0.356012 -0.617854 0.709416 0 255 0
-0.347020 -0.602380 0.729781 0 255 0
-0.375056 -0.640850 0.720521 0 255 0
-0.323148 -0.607095 0.740105 0 255 0
-0.368206 -0.765300 0.706664 0 255 0
-0.380074 -0.731177 0.683368 0 255 0
-0.360829 -0.734237 0.685532 0 255 0
-0.375814 -0.751290 0.696299 0 255 0
-0.354117 -0.741682 0.675118 0 255 0
-0.325176 -0.746870 0.704516 0 255 0
-0.303774 -0.754745 0.671960 0 255 0
-0.356303 -0.748561 0.682055 0 255 0
-0.359678 -0.758415 0.713420 0 255 0
-0.355630 -0.759006 0.690624 0 255 0
-0.347544 -0.763462 0.697677 0 255 0
-0.363885 -0.775104 0.717417 0 255 0
-0.374676 -0.752448 0.715087 0 255 0
-0.355928 -0.763282 0.700117 0 255 0
-0.354432 -0.754707 0.715263 0 255 0
-0.373447 -0.763849 0.726632 0 255 0
-0.373179 -0.730192 0.731273 0 255 0
-0.375017 -0.757731 0.715121 0 255 0
-0.392607 -0.747978 0.730672 0 255 0
-0.373866 -0.755931 0.741117 0 255 0
-0.410257 -0.729016 0.745160 0 255 0
-0.388474 -0.724920 0.739268 0 255 0
-0.372292 -0.715748 0.742556 0 255 0
-0.386277 -0.738801 0.736115 0 255 0
-0.386528 -0.730901 0.712591 0 255 0
-0.373549 -0.717635 0.700209 0 255 0
-0.382691 -0.744599 0.706797 0 255 0
-0.391077 -0.746496 0.680469 0 255 0
-0.336320 -0.766394 0.696116 0 255 0
-0.354840 -0.762684 0.723967 0 255 0
-0.336790 -0.773775 0.711609 0 255 0
-0.345873 -0.775875 0.707111 0 255 0
-0.381892 -0.707464 0.710021 0 255 0
-0.380223 -0.699697 0.707672 0 255 0
-0.371500 -0.698471 0.704348 0 255 0
-0.364421 -0.697033 0.699247 0 255 0
-0.349158 -0.701075 0.687761 0 255 0
-0.350028 -0.691559 0.702699 0 255 0
-0.325615 -0.702122 0.685333 0 255 0
-0.325198 -0.714891 0.705858 0 255 0
-0.335088 -0.723089 0.656669 0 255 0
-0.346150 -0.715719 0.697259 0 255 0
-0.322720 -0.731001 0.695696 0 255 0
-0.317557 -0.738522 0.699638 0 255 0
-0.396143 -0.689102 0.702767 0 255 0
-0.385615 -0.696998 0.706357 0 255 0
-0.388827 -0.821337 0.722547 0 255 0
-0.392079 -0.803225 0.713289 0 255 0
-0.399804 -0.792221 0.713191 0 255 0
-0.382607 -0.832939 0.720186 0 255 0
-0.366057 -0.696617 0.705445 0 255 0
-0.398066 -0.691516 0.750306 0 255 0
-0.372671 -0.673837 0.714075 0 255 0
-0.399420 -0.692588 0.690782 0 255 0
-0.395354 -0.690266 0.724933 0 255 0
-0.386724 -0.707492 0.711922 0 255 0
-0.392718 -0.823661 0.732176 0 255 0
-0.412418 -0.808205 0.705724 0 255 0
-0.366651 -0.803362 0.731278 0 255 0
-0.378689 -0.813424 0.720934 0 255 0
-0.367636 -0.758245 0.682367 0 255 0
-0.370944 -0.760309 0.703894 0 255 0
-0.375534 -0.766749 0.702912 0 255 0
-0.378659 -0.754771 0.719416 0 255 0
-0.357248 -0.767237 0.699201 0 255 0
-0.379862 -0.773137 0.705504 0 255 0
-0.393911 -0.740855 0.696670 0 255 0
-0.382993 -0.737966 0.693930 0 255 0
-0.378723 -0.753829 0.705699 0 255 0
-0.403959 -0.774588 0.720236 0 255 0
-0.391640 -0.730991 0.713915 0 255 0
-0.406677 -0.740249 0.702727 0 255 0
-0.402636 -0.758478 0.707216 0 255 0
-0.393418 -0.745133 0.715423 0 255 0
-0.398558 -0.762183 0.703130 0 255 0
-0.413899 -0.778964 0.704108 0 255 0
-0.403050 -0.753835 0.698269 0 255 0
-0.405435 -0.753834 0.722875 0 255 0
-0.403435 -0.668788 0.713285 0 255 0
-0.404819 -0.677895 0.704487 0 255 0
-0.417314 -0.721822 0.733260 0 255 0
-0.409841 -0.713238 0.712879 0 255 0
-0.426762 -0.727247 0.735150 0 255 0
-0.420914 -0.733807 0.735178 0 255 0
-0.407271 -0.690482 0.745154 0 255 0
-0.374798 -0.687886 0.749462 0 255 0
-0.390999 -0.818471 0.729080 0 255 0
-0.368812 -0.798362 0.725073 0 255 0
-0.320045 -0.746320 0.704548 0 255 0
-0.351228 -0.743744 0.687769 0 255 0
-0.336084 -0.713325 0.687188 0 255 0
-0.330786 -0.700812 0.705154 0 255 0
-0.318325 -0.702170 0.709323 0 255 0
-0.394663 -0.773501 0.715578 0 255 0
-0.386907 -0.753458 0.702857 0 255 0
-0.364380 -0.740028 0.703067 0 255 0
-0.418025 -0.705734 0.688366 0 255 0
-0.390771 -0.730595 0.694971 0 255 0
-0.392501 -0.733082 0.699210 0 255 0
-0.418017 -0.737528 0.689780 0 255 0
-0.417343 -0.725777 0.691505 0 255 0
-0.412800 -0.702438 0.706141 0 255 0
-0.421085 -0.730032 0.730472 0 255 0
-0.417220 -0.732005 0.688599 0 255 0
-0.342031 -0.767528 0.692240 0 255 0
-0.330660 -0.764895 0.717639 0 255 0
-0.407063 -0.688371 0.701652 0 255 0
-0.392394 -0.692065 0.690756 0 255 0
-0.379531 -0.685086 0.708835 0 255 0
-0.379764 -0.737522 0.689442 0 255 0
-0.361319 -0.716673 0.694005 0 255 0
-0.347692 -0.718956 0.702467 0 255 0
-0.370779 -0.703334 0.690847 0 255 0
-0.350066 -0.719072 0.701388 0 255 0
-0.373026 -0.719025 0.697574 0 255 0
-0.374699 -0.742375 0.694211 0 255 0
-0.347032 -0.698700 0.692478 0 255 0
-0.372075 -0.682466 0.702299 0 255 0
-0.333556 -0.689759 0.693900 0 255 0
-0.376545 -0.673083 0.715955 0 255 0
-0.384815 -0.675120 0.696517 0 255 0
-0.346231 -0.670523 0.695395 0 255 0
-0.354494 -0.689770 0.695798 0 255 0
-0.375749 -0.681366 0.695623 0 255 0
-0.372208 -0.665258 0.690699 0 255 0
-0.363158 -0.688056 0.740328 0 255 0
-0.370649 -0.676617 0.719596 0 255 0
-0.362599 -0.677421 0.723448 0 255 0
-0.329270 -0.687271 0.703890 0 255 0
-0.327923 -0.724149 0.692352 0 255 0
-0.329339 -0.701388 0.683546 0 255 0
-0.303548 -0.704530 0.696731 0 255 0
-0.335990 -0.743833 0.674357 0 255 0
-0.339118 -0.756508 0.679782 0 255 0
-0.341973 -0.733725 0.677479 0 255 0
-0.334900 -0.771493 0.672565 0 255 0
-0.364700 -0.794633 0.718995 0 255 0
-0.357913 -0.788267 0.703338 0 255 0
-0.385604 -0.768159 0.721886 0 255 0
-0.378578 -0.686358 0.700407 0 255 0
-0.378200 -0.688613 0.681032 0 255 0
-0.375393 -0.767586 0.693763 0 255 0
-0.372626 -0.798438 0.720791 0 255 0
-0.387148 -0.802941 0.708955 0 255 0
-0.383830 -0.809354 0.705274 0 255 0
-0.373037 -0.809456 0.713787 0 255 0
-0.396863 -0.770484 0.695077 0 255 0
-0.374284 -0.768729 0.694205 0 255 0
-0.397776 -0.784247 0.693974 0 255 0
-0.398062 -0.777781 0.707328 0 255 0
-0.413051 -0.753875 0.716921 0 255 0
-0.404528 -0.745958 0.716836 0 255 0
-0.380308 -0.755570 0.724957 0 255 0
-0.372625 -0.802500 0.732428 0 255 0
-0.342102 -0.760218 0.735740 0 255 0
-0.384327 -0.760861 0.712328 0 255 0
-0.403514 -0.771192 0.720916 0 255 0
-0.403227 -0.760251 0.713841 0 255 0
-0.384310 -0.755875 0.698598 0 255 0
-0.403694 -0.794230 0.719693 0 255 0
-0.386295 -0.772142 0.695213 0 255 0
-0.395683 -0.761275 0.707614 0 255 0
-0.425281 -0.710570 0.730252 0 255 0
-0.425621 -0.699036 0.716691 0 255 0
-0.379898 -0.825009 0.714731 0 255 0
-0.392575 -0.827162 0.727578 0 255 0
-0.381494 -0.665961 0.698841 0 255 0
-0.379240 -0.682582 0.719750 0 255 0
-0.387720 -0.726070 0.708739 0 255 0
-0.365477 -0.778657 0.709546 0 255 0
-0.381309 -0.717981 0.704788 0 255 0
-0.413398 -0.766328 0.711785 0 255 0
-0.413575 -0.743696 0.721161 0 255 0
-0.436317 -0.754004 0.720410 0 255 0
-0.413652 -0.757819 0.724510 0 255 0
-0.388768 -0.815261 0.709194 0 255 0
-0.393807 -0.805399 0.704279 0 255 0
-0.422939 -0.799565 0.696045 0 255 0
-0.401955 -0.820765 0.731145 0 255 0
-0.387857 -0.769243 0.699899 0 255 0
-0.380430 -0.799109 0.705069 0 255 0
-0.367676 -0.807738 0.702429 0 255 0
-0.370420 -0.797025 0.714440 0 255 0
-0.359232 -0.804828 0.720276 0 255 0
-0.377162 -0.803463 0.718036 0 255 0
-0.426642 -0.798203 0.730426 0 255 0
-0.385606 -0.798667 0.714317 0 255 0
-0.395515 -0.808228 0.733840 0 255 0
-0.397615 -0.790651 0.727851 0 255 0
-0.374355 -0.707487 0.721208 0 255 0
-0.409002 -0.706136 0.723085 0 255 0
-0.396691 -0.713490 0.716398 0 255 0
-0.400286 -0.757792 0.740116 0 255 0
-0.424167 -0.740176 0.715496 0 255 0
-0.396707 -0.756962 0.730768 0 255 0
-0.425405 -0.715051 0.733853 0 255 0
-0.392623 -0.799010 0.722414 0 255 0
-0.375472 -0.780799 0.723603 0 255 0
-0.385010 -0.772372 0.725487 0 255 0
-0.406515 -0.719545 0.699101 0 255 0
-0.382385 -0.802174 0.708989 0 255 0
-0.332210 -0.712560 0.712470 0 255 0
-0.343660 -0.712601 0.729608 0 255 0
-0.356031 -0.701853 0.726286 0 255 0
-0.342537 -0.741039 0.725794 0 255 0
-0.388679 -0.813297 0.715195 0 255 0
-0.397584 -0.814981 0.721207 0 255 0
-0.443436 -0.744909 0.711849 0 255 0
-0.438968 -0.762287 0.720009 0 255 0
-0.427588 -0.760560 0.716952 0 255 0
-0.429280 -0.756762 0.712773 0 255 0
-0.396135 -0.715810 0.717146 0 255 0
-0.434805 -0.730920 0.723537 0 255 0
-0.398892 -0.730807 0.722652 0 255 0
-0.409806 -0.714518 0.708252 0 255 0
-0.374633 -0.719984 0.735014 0 255 0
-0.373198 -0.700429 0.728490 0 255 0
-0.405471 -0.769897 0.714162 0 255 0
-0.385482 -0.752489 0.717167 0 255 0
-0.360252 -0.718831 0.725075 0 255 0
-0.368920 -0.717194 0.737522 0 255 0
-0.375387 -0.693226 0.754380 0 255 0
-0.354066 -0.703711 0.732152 0 255 0
-0.377355 -0.804374 0.723803 0 255 0
-0.404768 -0.816298 0.744346 0 255 0
-0.364647 -0.699397 0.731677 0 255 0
-0.355257 -0.688734 0.729966 0 255 0
-0.357853 -0.686250 0.725461 0 255 0
-0.347186 -0.699695 0.728092 0 255 0
-0.354827 -0.734867 0.733530 0 255 0
-0.360227 -0.728060 0.737462 0 255 0
-0.352408 -0.721319 0.730811 0 255 0
-0.362597 -0.733282 0.729244 0 255 0
-0.401139 -0.757564 0.728482 0 255 0
-0.385877 -0.833700 0.723957 0 255 0
-0.394841 -0.810889 0.737359 0 255 0
-0.378170 -0.826361 0.714029 0 255 0
-0.411960 -0.817295 0.738588 0 255 0
-0.393479 -0.813670 0.717638 0 255 0
-0.394944 -0.820128 0.722312 0 255 0
-0.345283 -0.735044 0.733743 0 255 0
-0.386680 -0.791679 0.714976 0 255 0
-0.344938 -0.718235 0.701005 0 255 0
-0.345148 -0.755498 0.717334 0 255 0
-0.344665 -0.732283 0.700123 0 255 0
-0.341076 -0.696514 0.728288 0 255 0
-0.328466 -0.728292 0.710779 0 255 0
-0.331555 -0.715908 0.703086 0 255 0
-0.340518 -0.700089 0.710349 0 255 0
-0.336438 -0.694592 0.708621 0 255 0
-0.322473 -0.736587 0.696801 0 255 0
-0.396681 -0.809170 0.717945 0 255 0
-0.391471 -0.821001 0.713618 0 255 0
-0.330625 -0.707656 0.720432 0 255 0
-0.325745 -0.707107 0.725123 0 255 0
-0.363631 -0.754253 0.685009 0 255 0
-0.400758 -0.733624 0.686250 0 255 0
-0.390156 -0.727886 0.693328 0 255 0
-0.398956 -0.723414 0.703191 0 255 0
-0.392456 -0.718214 0.696842 0 255 0
-0.344925 -0.695946 0.729147 0 255 0
-0.344463 -0.667051 0.688205 0 255 0
-0.353560 -0.682003 0.696797 0 255 0
-0.358412 -0.671619 0.719519 0 255 0
-0.406777 -0.822937 0.732648 0 255 0
-0.407262 -0.782517 0.717876 0 255 0
-0.413321 -0.746043 0.729015 0 255 0
-0.344780 -0.754513 0.700606 0 255 0
-0.332091 -0.758319 0.683913 0 255 0
-0.322485 -0.769609 0.708582 0 255 0
-0.331218 -0.760780 0.684436 0 255 0
-0.321034 -0.755706 0.689814 0 255 0
-0.330458 -0.770972 0.705309 0 255 0
-0.367961 -0.697368 0.700904 0 255 0
-0.374679 -0.706482 0.708231 0 255 0
-0.414611 -0.697315 0.708565 0 255 0
-0.424694 -0.704734 0.693727 0 255 0
-0.375207 -0.798711 0.706605 0 255 0
-0.366296 -0.788409 0.701798 0 255 0
-0.356848 -0.782556 0.721144 0 255 0
-0.398141 -0.798785 0.719637 0 255 0
-0.403746 -0.779387 0.691359 0 255 0
-0.380225 -0.778907 0.709848 0 255 0
-0.355695 -0.712766 0.682871 0 255 0
-0.369512 -0.734233 0.708049 0 255 0
-0.342440 -0.772310 0.703580 0 255 0
-0.351660 -0.762897 0.693844 0 255 0
-0.389445 -0.767367 0.700361 0 255 0
-0.400502 -0.789684 0.716282 0 255 0
-0.389910 -0.765781 0.722319 0 255 0
-0.404463 -0.761746 0.709892 0 255 0
-0.382416 -0.842726 0.738555 0 255 0
-0.402596 -0.818151 0.719073 0 255 0
-0.388175 -0.780392 0.725599 0 255 0
-0.394876 -0.751309 0.712063 0 255 0
-0.404432 -0.779680 0.726311 0 255 0
-0.409866 -0.773409 0.723728 0 255 0
-0.439787 -0.725979 0.691098 0 255 0
-0.339547 -0.681468 0.736764 0 255 0
-0.409705 -0.799695 0.713204 0 255 0
-0.424282 -0.814966 0.719458 0 255 0
-0.382874 -0.833207 0.723938 0 255 0
-0.402063 -0.829319 0.723966 0 255 0
-0.384537 -0.694517 0.714953 0 255 0
-0.373185 -0.730358 0.715012 0 255 0
-0.347013 -0.649487 0.712279 0 255 0
-0.337636 -0.747870 0.693611 0 255 0
-0.309409 -0.761325 0.706343 0 255 0
-0.400037 -0.790114 0.713592 0 255 0
-0.418653 -0.749575 0.713268 0 255 0
-0.416400 -0.744037 0.723438 0 255 0
-0.400746 -0.766232 0.716700 0 255 0
-0.415420 -0.766675 0.734272 0 255 0
-0.397735 -0.771567 0.704429 0 255 0
-0.393037 -0.830732 0.723845 0 255 0
-0.393642 -0.854195 0.729710 0 255 0
-0.395887 -0.833105 0.744143 0 255 0
-0.379567 -0.818165 0.721682 0 255 0
-0.386438 -0.838866 0.703255 0 255 0
-0.402328 -0.835863 0.725924 0 255 0
-0.404587 -0.818042 0.734962 0 255 0
-0.387164 -0.843417 0.727006 0 255 0
-0.423792 -0.845485 0.715039 0 255 0
-0.400056 -0.844078 0.735889 0 255 0
-0.386620 -0.838710 0.737693 0 255 0
-0.375344 -0.829211 0.724538 0 255 0
-0.413164 -0.848989 0.715606 0 255 0
-0.392469 -0.864497 0.718277 0 255 0
-0.396899 -0.838382 0.721841 0 255 0
-0.405794 -0.837219 0.710736 0 255 0
-0.387237 -0.836657 0.758034 0 255 0
-0.397184 -0.855296 0.720364 0 255 0
-0.394614 -0.852605 0.725734 0 255 0
-0.395221 -0.832534 0.711127 0 255 0
-0.425575 -0.862879 0.746362 0 255 0
-0.401729 -0.834712 0.720287 0 255 0
-0.402688 -0.834579 0.721569 0 255 0
-0.406271 -0.853412 0.716959 0 255 0
-0.391655 -0.845343 0.725411 0 255 0
-0.397696 -0.862300 0.731648 0 255 0
-0.409590 -0.847297 0.710773 0 255 0
-0.389636 -0.826429 0.736003 0 255 0
-0.402005 -0.849679 0.733586 0 255 0
-0.396597 -0.843236 0.703389 0 255 0
-0.395571 -0.850962 0.727966 0 255 0
-0.383324 -0.836189 0.733186 0 255 0
-0.406073 -0.846207 0.709178 0 255 0
-0.401990 -0.855759 0.721078 0 255 0
-0.397748 -0.845087 0.717500 0 255 0
-0.401484 -0.833381 0.716429 0 255 0
-0.406882 -0.821657 0.715626 0 255 0
-0.384174 -0.828338 0.721897 0 255 0
-0.402965 -0.859673 0.722141 0 255 0
-0.395997 -0.847979 0.724582 0 255 0
-0.402527 -0.826195 0.709248 0 255 0
-0.411050 -0.849690 0.734947 0 255 0
-0.398437 -0.830323 0.727229 0 255 0
-0.414748 -0.828398 0.714270 0 255 0
-0.398452 -0.853949 0.724160 0 255 0
-0.390098 -0.837527 0.742274 0 255 0
-0.404878 -0.837378 0.718199 0 255 0
-0.378643 -0.828620 0.723838 0 255 0
-0.406859 -0.824821 0.722521 0 255 0
-0.390459 -0.815041 0.715542 0 255 0
-0.401276 -0.833090 0.724235 0 255 0
-0.401541 -0.827211 0.735077 0 255 0
-0.417019 -0.847299 0.714056 0 255 0
-0.402476 -0.819753 0.694344 0 255 0
-0.422531 -0.843779 0.724087 0 255 0
-0.422116 -0.839309 0.721610 0 255 0
-0.418168 -0.835915 0.713773 0 255 0
-0.390215 -0.844256 0.730718 0 255 0
-0.409405 -0.828765 0.729654 0 255 0
-0.416230 -0.852897 0.718815 0 255 0
-0.401858 -0.843699 0.731693 0 255 0
-0.410180 -0.846353 0.717602 0 255 0
-0.408931 -0.825994 0.716091 0 255 0
-0.400131 -0.805488 0.734372 0 255 0
-0.433819 -0.793657 0.732182 0 255 0
-0.402499 -0.813757 0.696423 0 255 0
-0.411598 -0.804286 0.714342 0 255 0
-0.404428 -0.812026 0.723232 0 255 0
-0.408981 -0.783348 0.720145 0 255 0
-0.408605 -0.785635 0.731747 0 255 0
-0.416926 -0.809885 0.746210 0 255 0
-0.404338 -0.788684 0.730790 0 255 0
-0.410596 -0.796554 0.722249 0 255 0
-0.411627 -0.800785 0.716227 0 255 0
-0.401903 -0.779083 0.734357 0 255 0
-0.371979 -0.792966 0.708542 0 255 0
-0.409929 -0.799571 0.705097 0 255 0
-0.397833 -0.781731 0.721987 0 255 0
-0.421577 -0.814646 0.733094 0 255 0
-0.423919 -0.800345 0.709121 0 255 0
-0.420693 -0.795023 0.712508 0 255 0
-0.423035 -0.781152 0.723423 0 255 0
-0.427968 -0.820365 0.728322 0 255 0
-0.416140 -0.808322 0.735494 0 255 0
-0.404497 -0.765701 0.717840 0 255 0
-0.410528 -0.782891 0.703592 0 255 0
-0.408486 -0.777917 0.715718 0 255 0
-0.410029 -0.797209 0.731293 0 255 0
-0.423464 -0.804586 0.740469 0 255 0
-0.413555 -0.800761 0.730777 0 255 0
-0.430193 -0.772545 0.714926 0 255 0
-0.388557 -0.789872 0.694429 0 255 0
-0.408821 -0.780793 0.716024 0 255 0
-0.409377 -0.792168 0.729587 0 255 0
-0.407969 -0.787969 0.732333 0 255 0
-0.396080 -0.787389 0.732783 0 255 0
-0.424613 -0.821948 0.741937 0 255 0
-0.427608 -0.799443 0.742893 0 255 0
-0.429144 -0.802568 0.715190 0 255 0
-0.425597 -0.801013 0.717686 0 255 0
-0.423831 -0.805695 0.727975 0 255 0
-0.428885 -0.808147 0.740237 0 255 0
-0.431778 -0.822868 0.730797 0 255 0
-0.420410 -0.815660 0.730371 0 255 0
-0.432508 -0.810545 0.732385 0 255 0
-0.404471 -0.772557 0.724263 0 255 0
-0.406808 -0.827647 0.717057 0 255 0
-0.414839 -0.810396 0.735994 0 255 0
-0.430819 -0.795647 0.708738 0 255 0
-0.447366 -0.805748 0.735243 0 255 0
-0.418252 -0.818334 0.726070 0 255 0
-0.433082 -0.799314 0.741770 0 255 0
-0.430998 -0.826347 0.733575 0 255 0
-0.414993 -0.825193 0.727769 0 255 0
-0.425277 -0.818524 0.719913 0 255 0
-0.405172 -0.803383 0.735572 0 255 0
-0.411328 -0.827225 0.712043 0 255 0
-0.429990 -0.821248 0.732316 0 255 0
-0.433146 -0.819638 0.733909 0 255 0
-0.441701 -0.823993 0.730114 0 255 0
-0.439883 -0.814227 0.721764 0 255 0
-0.443481 -0.815760 0.748396 0 255 0
-0.432925 -0.841532 0.733696 0 255 0
-0.438999 -0.836206 0.740582 0 255 0
-0.443444 -0.850365 0.742523 0 255 0
-0.442271 -0.829456 0.743496 0 255 0
-0.431198 -0.821867 0.725216 0 255 0
-0.440359 -0.841849 0.730010 0 255 0
-0.445499 -0.832270 0.719394 0 255 0
-0.455187 -0.828066 0.743124 0 255 0
-0.439100 -0.829479 0.748320 0 255 0
-0.431081 -0.834286 0.752743 0 255 0
-0.446116 -0.837895 0.728500 0 255 0
-0.447577 -0.834844 0.737098 0 255 0
-0.414920 -0.853212 0.736034 0 255 0
-0.441529 -0.853184 0.746877 0 255 0
-0.428536 -0.841060 0.740208 0 255 0
-0.419517 -0.819634 0.723101 0 255 0
-0.424921 -0.836764 0.743803 0 255 0
-0.412358 -0.840504 0.712458 0 255 0
-0.446233 -0.842119 0.740454 0 255 0
-0.426054 -0.844969 0.738709 0 255 0
-0.452331 -0.820319 0.744559 0 255 0
-0.430348 -0.859449 0.737050 0 255 0
-0.429998 -0.837237 0.737929 0 255 0
-0.444939 -0.827725 0.719567 0 255 0
-0.418302 -0.845738 0.728313 0 255 0
-0.426915 -0.829810 0.730680 0 255 0
-0.451648 -0.844656 0.734264 0 255 0
-0.451653 -0.847886 0.730513 0 255 0
-0.442325 -0.849615 0.718621 0 255 0
-0.416076 -0.838186 0.738641 0 255 0
-0.443918 -0.828689 0.734830 0 255 0
-0.448031 -0.852134 0.738203 0 255 0
-0.432922 -0.821307 0.739929 0 255 0
-0.463832 -0.822669 0.723880 0 255 0
-0.446187 -0.842510 0.735480 0 255 0
-0.450853 -0.840946 0.751058 0 255 0
-0.424475 -0.807909 0.718262 0 255 0
-0.431418 -0.835326 0.720261 0 255 0
-0.422274 -0.825501 0.718208 0 255 0
-0.455274 -0.826686 0.716112 0 255 0
-0.428382 -0.823400 0.726883 0 255 0
-0.440548 -0.807785 0.709220 0 255 0
-0.435560 -0.839895 0.734448 0 255 0
-0.458637 -0.838027 0.724213 0 255 0
-0.447766 -0.836529 0.737708 0 255 0
-0.454078 -0.820754 0.735751 0 255 0
-0.430525 -0.829137 0.733645 0 255 0
-0.446080 -0.841016 0.719591 0 255 0
-0.434547 -0.823295 0.750023 0 255 0
-0.455208 -0.842503 0.726330 0 255 0
-0.455925 -0.842248 0.727643 0 255 0
-0.443689 -0.831936 0.738034 0 255 0
-0.437908 -0.805585 0.734997 0 255 0
-0.438220 -0.787843 0.716784 0 255 0
-0.433893 -0.779883 0.710968 0 255 0
-0.435451 -0.771693 0.725203 0 255 0
-0.436019 -0.791881 0.739734 0 255 0
-0.461213 -0.795375 0.731469 0 255 0
-0.425441 -0.788925 0.726721 0 255 0
-0.421113 -0.787146 0.740055 0 255 0
-0.444172 -0.782136 0.734983 0 255 0
-0.414555 -0.770592 0.748165 0 255 0
-0.413088 -0.776949 0.726163 0 255 0
-0.426456 -0.783697 0.744016 0 255 0
-0.426016 -0.780671 0.713163 0 255 0
-0.414136 -0.759957 0.742183 0 255 0
-0.427619 -0.786565 0.713618 0 255 0
-0.432104 -0.783782 0.734129 0 255 0
-0.451117 -0.773811 0.719861 0 255 0
-0.422495 -0.769345 0.734615 0 255 0
-0.436603 -0.791909 0.722285 0 255 0
-0.438443 -0.766962 0.719272 0 255 0
-0.407185 -0.786489 0.726971 0 255 0
-0.414318 -0.782253 0.708181 0 255 0
-0.417323 -0.794984 0.723312 0 255 0
-0.445322 -0.786478 0.720172 0 255 0
-0.422439 -0.766549 0.743306 0 255 0
-0.427297 -0.762056 0.723235 0 255 0
-0.424454 -0.766013 0.737536 0 255 0
-0.409719 -0.761306 0.734109 0 255 0
-0.420609 -0.785408 0.722871 0 255 0
-0.428353 -0.780998 0.713529 0 255 0
-0.427966 -0.784468 0.726602 0 255 0
-0.431058 -0.783472 0.728186 0 255 0
-0.436951 -0.825446 0.724428 0 255 0
-0.447701 -0.781310 0.736799 0 255 0
-0.437339 -0.784414 0.729475 0 255 0
-0.457946 -0.809595 0.725588 0 255 0
-0.436400 -0.780428 0.732195 0 255 0
-0.426091 -0.768909 0.744626 0 255 0
-0.430157 -0.803521 0.729040 0 255 0
-0.449877 -0.806392 0.726938 0 255 0
-0.417742 -0.829366 0.725254 0 255 0
-0.437717 -0.755678 0.746990 0 255 0
-0.432689 -0.774736 0.710654 0 255 0
-0.445051 -0.801256 0.739649 0 255 0
-0.446777 -0.804760 0.739789 0 255 0
-0.436892 -0.815544 0.701105 0 255 0
-0.445995 -0.802608 0.715696 0 255 0
-0.448524 -0.789828 0.721865 0 255 0
-0.448558 -0.803248 0.725926 0 255 0
-0.443589 -0.785783 0.747102 0 255 0
-0.444600 -0.793170 0.729983 0 255 0
-0.438312 -0.793762 0.753540 0 255 0
-0.454142 -0.786750 0.742182 0 255 0
-0.419902 -0.812799 0.724720 0 255 0
-0.448357 -0.772998 0.724533 0 255 0
-0.450681 -0.793811 0.734833 0 255 0
-0.441622 -0.812656 0.713986 0 255 0
-0.454489 -0.787258 0.726496 0 255 0
-0.450114 -0.804701 0.739021 0 255 0
-0.448342 -0.837887 0.744170 0 255 0
-0.456765 -0.827971 0.743278 0 255 0
-0.452895 -0.813656 0.722341 0 255 0
-0.454459 -0.809573 0.738751 0 255 0
-0.436117 -0.797329 0.729713 0 255 0
-0.449544 -0.814186 0.732450 0 255 0
-0.443184 -0.811426 0.730878 0 255 0
-0.453036 -0.786395 0.752866 0 255 0
-0.449165 -0.802060 0.733857 0 255 0
-0.469488 -0.830467 0.737325 0 255 0
-0.470741 -0.818816 0.756916 0 255 0
-0.459116 -0.799097 0.738078 0 255 0
-0.412908 -0.824285 0.746269 0 255 0
-0.451921 -0.815204 0.750790 0 255 0
-0.428463 -0.815252 0.726907 0 255 0
-0.440606 -0.816494 0.747589 0 255 0
-0.422097 -0.822114 0.731122 0 255 0
-0.466252 -0.802770 0.743532 0 255 0
-0.458153 -0.816066 0.732978 0 255 0
-0.442972 -0.815080 0.743442 0 255 0
-0.455493 -0.813402 0.731088 0 255 0
-0.456959 -0.806231 0.741900 0 255 0
-0.453539 -0.810430 0.723429 0 255 0
-0.448521 -0.811603 0.734352 0 255 0
-0.432536 -0.801818 0.728138 0 255 0
-0.438337 -0.807337 0.747086 0 255 0
-0.463545 -0.809567 0.732137 0 255 0
-0.459572 -0.825090 0.738553 0 255 0
-0.461790 -0.819292 0.713720 0 255 0
-0.470537 -0.818767 0.716859 0 255 0
-0.450250 -0.805972 0.744162 0 255 0
-0.465460 -0.820009 0.717084 0 255 0
-0.461289 -0.797341 0.727369 0 255 0
-0.459005 -0.817888 0.735403 0 255 0
-0.452812 -0.813973 0.733674 0 255 0
-0.465831 -0.813901 0.723872 0 255 0
-0.453499 -0.784948 0.713729 0 255 0
-0.459368 -0.787835 0.727492 0 255 0
-0.438899 -0.812003 0.725352 0 255 0
-0.462858 -0.795307 0.713770 0 255 0
-0.458922 -0.806273 0.727859 0 255 0
-0.446884 -0.800396 0.712693 0 255 0
-0.457416 -0.815097 0.733618 0 255 0
-0.433513 -0.799635 0.732161 0 255 0
-0.448265 -0.827765 0.726336 0 255 0
-0.446521 -0.807317 0.738768 0 255 0
-0.444299 -0.820380 0.732072 0 255 0
-0.462303 -0.829771 0.735748 0 255 0
-0.473095 -0.818081 0.726323 0 255 0
-0.463109 -0.818931 0.732709 0 255 0
-0.470037 -0.801657 0.738812 0 255 0
-0.453537 -0.813649 0.734431 0 255 0
-0.410547 -0.770658 0.700071 0 255 0
-0.435560 -0.754296 0.737554 0 255 0
-0.452806 -0.754007 0.715512 0 255 0
-0.439039 -0.741508 0.700032 0 255 0
-0.445068 -0.756782 0.729851 0 255 0
-0.454005 -0.751957 0.729366 0 255 0
-0.453679 -0.748430 0.725321 0 255 0
-0.433066 -0.747059 0.741195 0 255 0
-0.423478 -0.760676 0.733708 0 255 0
-0.444105 -0.759334 0.738103 0 255 0
-0.450459 -0.750832 0.719800 0 255 0
-0.411747 -0.772353 0.724115 0 255 0
-0.426138 -0.752420 0.710768 0 255 0
-0.432181 -0.752871 0.736366 0 255 0
-0.433695 -0.721769 0.727879 0 255 0
-0.422331 -0.727554 0.711053 0 255 0
-0.404167 -0.737226 0.704192 0 255 0
-0.435416 -0.746404 0.703736 0 255 0
-0.440858 -0.740786 0.695458 0 255 0
-0.456403 -0.766977 0.718667 0 255 0
-0.437889 -0.758615 0.726134 0 255 0
-0.442728 -0.741540 0.721445 0 255 0
-0.430512 -0.764897 0.717171 0 255 0
-0.454864 -0.735942 0.715919 0 255 0
-0.438226 -0.756051 0.710223 0 255 0
-0.417106 -0.737018 0.705466 0 255 0
-0.426055 -0.758004 0.703698 0 255 0
-0.429039 -0.764371 0.706460 0 255 0
-0.432470 -0.752042 0.726639 0 255 0
-0.428246 -0.763936 0.716408 0 255 0
-0.437530 -0.737416 0.724779 0 255 0
-0.434436 -0.737175 0.719363 0 255 0
-0.426794 -0.750359 0.720776 0 255 0
-0.435282 -0.749645 0.703193 0 255 0
-0.412515 -0.766059 0.710432 0 255 0
-0.441133 -0.758944 0.732974 0 255 0
-0.444476 -0.753086 0.708386 0 255 0
-0.428553 -0.731052 0.739444 0 255 0
-0.456118 -0.749409 0.728818 0 255 0
-0.454623 -0.740885 0.715450 0 255 0
-0.453195 -0.751316 0.714492 0 255 0
-0.454098 -0.746433 0.727597 0 255 0
-0.445729 -0.747905 0.710609 0 255 0
-0.446130 -0.758043 0.718323 0 255 0
-0.454370 -0.744378 0.726997 0 255 0
-0.461611 -0.750391 0.724770 0 255 0
-0.458335 -0.756875 0.725125 0 255 0
-0.456441 -0.751376 0.719512 0 255 0
-0.430016 -0.742409 0.709401 0 255 0
-0.449099 -0.757200 0.718984 0 255 0
-0.427920 -0.761758 0.715950 0 255 0
-0.456335 -0.756494 0.697441 0 255 0
-0.448408 -0.775185 0.718481 0 255 0
-0.457334 -0.746884 0.718246 0 255 0
-0.449525 -0.755884 0.730727 0 255 0
-0.455731 -0.770660 0.724091 0 255 0
-0.458918 -0.760169 0.738008 0 255 0
-0.454468 -0.766264 0.734524 0 255 0
-0.464786 -0.781675 0.711967 0 255 0
-0.459422 -0.744748 0.730969 0 255 0
-0.439810 -0.739937 0.715439 0 255 0
-0.444180 -0.765241 0.731846 0 255 0
-0.451480 -0.762129 0.716316 0 255 0
-0.459678 -0.756364 0.718024 0 255 0
-0.459086 -0.755183 0.735679 0 255 0
-0.459212 -0.772365 0.722538 0 255 0
-0.445908 -0.774481 0.742280 0 255 0
-0.464811 -0.765911 0.723633 0 255 0
-0.447608 -0.769344 0.719543 0 255 0
-0.441017 -0.778326 0.739217 0 255 0
-0.454443 -0.764667 0.742531 0 255 0
-0.456022 -0.773202 0.737240 0 255 0
-0.464692 -0.755508 0.733608 0 255 0
-0.478282 -0.781202 0.718654 0 255 0
-0.469563 -0.761473 0.724800 0 255 0
-0.490388 -0.775561 0.734880 0 255 0
-0.460762 -0.762873 0.720676 0 255 0
-0.473427 -0.791960 0.716838 0 255 0
-0.481631 -0.781448 0.731148 0 255 0
-0.476198 -0.761440 0.732458 0 255 0
-0.475726 -0.756901 0.743128 0 255 0
-0.470338 -0.762454 0.710093 0 255 0
-0.473658 -0.769656 0.737194 0 255 0
-0.465755 -0.772795 0.740599 0 255 0
-0.462777 -0.772085 0.706172 0 255 0
-0.454179 -0.769589 0.701213 0 255 0
-0.460944 -0.780673 0.726777 0 255 0
-0.462138 -0.770474 0.715841 0 255 0
-0.444945 -0.777989 0.719171 0 255 0
-0.470273 -0.768793 0.711203 0 255 0
-0.459040 -0.759689 0.726175 0 255 0
-0.453374 -0.768999 0.739784 0 255 0
-0.460356 -0.769880 0.729754 0 255 0
-0.485308 -0.775430 0.741551 0 255 0
-0.469585 -0.766062 0.741567 0 255 0
-0.454809 -0.770743 0.730533 0 255 0
-0.459359 -0.760281 0.717064 0 255 0
-0.454737 -0.774418 0.735184 0 255 0
-0.458510 -0.764678 0.715718 0 255 0
-0.471557 -0.768836 0.731680 0 255 0
-0.472394 -0.779178 0.717901 0 255 0
-0.463880 -0.758587 0.737982 0 255 0
-0.467761 -0.776960 0.728989 0 255 0
-0.458058 -0.753206 0.729016 0 255 0
-0.462565 -0.774546 0.732184 0 255 0
-0.452595 -0.752043 0.739344 0 255 0
-0.457510 -0.756770 0.707293 0 255 0
-0.458716 -0.757165 0.734663 0 255 0
-0.449256 -0.753985 0.722821 0 255 0
-0.463218 -0.775575 0.723332 0 255 0
-0.488387 -0.777937 0.712618 0 255 0
-0.471893 -0.780201 0.723781 0 255 0
-0.461839 -0.766235 0.737403 0 255 0
-0.452945 -0.772201 0.701375 0 255 0
-0.467455 -0.767371 0.701651 0 255 0
-0.465249 -0.784208 0.716656 0 255 0
-0.458371 -0.774168 0.730006 0 255 0
-0.444818 -0.740437 0.713121 0 255 0
-0.331076 -0.772580 0.704015 0 255 0
-0.358686 -0.791210 0.685440 0 255 0
-0.344958 -0.764612 0.687748 0 255 0
-0.345112 -0.781101 0.676372 0 255 0
-0.342640 -0.777832 0.675951 0 255 0
-0.338435 -0.759195 0.690074 0 255 0
-0.344938 -0.768739 0.683921 0 255 0
-0.343831 -0.776501 0.704122 0 255 0
-0.328173 -0.775422 0.714523 0 255 0
-0.334861 -0.772027 0.692915 0 255 0
-0.331456 -0.772379 0.694993 0 255 0
-0.324009 -0.780664 0.683620 0 255 0
-0.324313 -0.781075 0.688230 0 255 0
-0.333159 -0.796052 0.689142 0 255 0
-0.340766 -0.763590 0.658872 0 255 0
-0.342719 -0.769268 0.706903 0 255 0
-0.340273 -0.779087 0.692681 0 255 0
-0.362192 -0.793525 0.697652 0 255 0
-0.323551 -0.795749 0.684380 0 255 0
-0.320254 -0.798272 0.708293 0 255 0
-0.329438 -0.796191 0.674964 0 255 0
-0.341522 -0.812289 0.660749 0 255 0
-0.330972 -0.797035 0.682986 0 255 0
-0.325228 -0.806109 0.682968 0 255 0
-0.340508 -0.786169 0.675885 0 255 0
-0.328727 -0.787026 0.691959 0 255 0
-0.326630 -0.778620 0.699363 0 255 0
-0.313935 -0.804348 0.712293 0 255 0
-0.339087 -0.811232 0.698940 0 255 0
-0.316804 -0.799692 0.693000 0 255 0
-0.317818 -0.802882 0.681909 0 255 0
-0.334319 -0.821561 0.680237 0 255 0
-0.337415 -0.816371 0.690734 0 255 0
-0.326167 -0.805252 0.686770 0 255 0
-0.342037 -0.792309 0.693600 0 255 0
-0.349160 -0.782085 0.693363 0 255 0
-0.327599 -0.797197 0.680137 0 255 0
-0.315510 -0.807915 0.687810 0 255 0
-0.348155 -0.816165 0.690206 0 255 0
-0.327433 -0.789657 0.697343 0 255 0
-0.323168 -0.810680 0.659017 0 255 0
-0.330812 -0.802719 0.669291 0 255 0
-0.349212 -0.795683 0.687888 0 255 0
-0.333656 -0.802886 0.669360 0 255 0
-0.327930 -0.801661 0.676917 0 255 0
-0.328305 -0.783954 0.688326 0 255 0
-0.338353 -0.818118 0.700472 0 255 0
-0.315251 -0.807412 0.689536 0 255 0
-0.349298 -0.803766 0.698644 0 255 0
-0.350737 -0.805671 0.700395 0 255 0
-0.347984 -0.802306 0.694860 0 255 0
-0.332362 -0.804703 0.673676 0 255 0
-0.334095 -0.814506 0.688017 0 255 0
-0.338222 -0.782741 0.674375 0 255 0
-0.316921 -0.808090 0.683170 0 255 0
-0.323235 -0.797551 0.702345 0 255 0
-0.332471 -0.764651 0.668882 0 255 0
-0.332129 -0.766162 0.685211 0 255 0
-0.357082 -0.785645 0.677606 0 255 0
-0.344153 -0.811713 0.695417 0 255 0
-0.342480 -0.770912 0.691537 0 255 0
-0.337794 -0.776898 0.693489 0 255 0
-0.339582 -0.802487 0.703379 0 255 0
-0.356831 -0.792484 0.681245 0 255 0
-0.340427 -0.804518 0.680606 0 255 0
-0.345252 -0.806214 0.687426 0 255 0
-0.321791 -0.807454 0.696254 0 255 0
-0.338243 -0.802232 0.697220 0 255 0
-0.337217 -0.804639 0.701260 0 255 0
-0.338678 -0.825371 0.692910 0 255 0
-0.348219 -0.798810 0.679753 0 255 0
-0.335576 -0.804072 0.689963 0 255 0
-0.423478 -0.726726 0.714667 0 255 0
-0.412513 -0.742507 0.704440 0 255 0
-0.422272 -0.737452 0.702029 0 255 0
-0.421019 -0.715459 0.705953 0 255 0
-0.408037 -0.706501 0.696040 0 255 0
-0.413114 -0.734253 0.697567 0 255 0
-0.422169 -0.743245 0.681809 0 255 0
-0.406637 -0.747790 0.703570 0 255 0
-0.407256 -0.706858 0.704621 0 255 0
-0.032101 -0.471111 0.630020 0 255 0
-0.032486 -0.459859 0.642193 0 255 0
-0.049206 -0.464665 0.639755 0 255 0
-0.026353 -0.456286 0.655310 0 255 0
-0.021617 -0.457020 0.635451 0 255 0
-0.032820 -0.454565 0.621428 0 255 0
-0.033096 -0.469750 0.624857 0 255 0
-0.010646 -0.463841 0.650795 0 255 0
-0.006321 -0.446305 0.618633 0 255 0
-0.008863 -0.467614 0.614790 0 255 0
-0.008463 -0.450895 0.607568 0 255 0
-0.027280 -0.468415 0.611483 0 255 0
-0.026210 -0.470236 0.620680 0 255 0
-0.043900 -0.447148 0.640867 0 255 0
-0.025190 -0.463537 0.636229 0 255 0
-0.067304 -0.452419 0.628723 0 255 0
-0.028613 -0.482657 0.632053 0 255 0
-0.045240 -0.469086 0.640259 0 255 0
-0.024364 -0.472914 0.660631 0 255 0
-0.024916 -0.480504 0.628318 0 255 0
-0.029509 -0.462159 0.636349 0 255 0
-0.044553 -0.458923 0.632763 0 255 0
-0.040466 -0.463679 0.624263 0 255 0
-0.013461 -0.457720 0.624778 0 255 0
-0.019214 -0.457639 0.627691 0 255 0
-0.019844 -0.443117 0.620216 0 255 0
-0.046191 -0.466505 0.636050 0 255 0
-0.038563 -0.460716 0.610565 0 255 0
-0.031262 -0.479700 0.635732 0 255 0
-0.008923 -0.472958 0.626421 0 255 0
-0.035800 -0.481802 0.622900 0 255 0
-0.048769 -0.453524 0.646717 0 255 0
-0.039017 -0.459874 0.657670 0 255 0
0.054344 -0.254344 0.563130 0 255 0
0.041918 -0.243789 0.537520 0 255 0
-0.047174 -0.466126 0.646359 0 255 0
-0.020992 -0.462028 0.647768 0 255 0
-0.039737 -0.459070 0.635625 0 255 0
-0.062167 -0.462666 0.638473 0 255 0
-0.042838 -0.454429 0.654929 0 255 0
-0.123034 -0.363964 0.633870 0 255 0
-0.110996 -0.397517 0.663069 0 255 0
-0.094817 -0.372503 0.701214 0 255 0
-0.137098 -0.356340 0.698267 0 255 0
0.014308 0.027316 0.481122 0 255 0
-0.009404 -0.008407 0.668369 0 255 0
-0.013979 -0.037553 0.680693 0 255 0
0.053683 0.000688 0.684460 0 255 0
0.056935 -0.034381 0.680776 0 255 0
-0.060007 -0.016391 0.568197 0 255 0
-0.056572 -0.016166 0.570089 0 255 0
-0.036168 -0.010211 0.519776 0 255 0
-0.029873 -0.030235 0.504198 0 255 0
-0.051194 0.023311 0.546791 0 255 0
0.012141 0.028557 0.697629 0 255 0
-0.003538 0.028105 0.674046 0 255 0
0.021316 0.015078 0.693088 0 255 0
0.000538 0.001051 0.680333 0 255 0
0.076701 -0.045813 0.671843 0 255 0
0.082718 0.016041 0.680487 0 255 0
-0.052986 -0.037327 0.595560 0 255 0
-0.054668 -0.041744 0.631362 0 255 0
-0.025877 -0.039721 0.665531 0 255 0
-0.016774 -0.036147 0.674397 0 255 0
-0.004548 -0.059191 0.693387 0 255 0
0.019361 -0.063847 0.708078 0 255 0
-0.016738 -0.041598 0.482803 0 255 0
0.020335 -0.079486 0.484958 0 255 0
-0.062193 -0.054320 0.566636 0 255 0
0.039696 -0.033204 0.474757 0 255 0
0.033760 -0.077747 0.696730 0 255 0
0.061566 -0.080981 0.704637 0 255 0
-0.047719 -0.022184 0.633453 0 255 0
0.028034 -0.214376 0.501390 0 255 0
0.010932 -0.194092 0.503039 0 255 0
0.039269 -0.173745 0.500884 0 255 0
0.046327 -0.184388 0.508668 0 255 0
0.009627 -0.203873 0.502552 0 255 0
0.006431 -0.195717 0.502341 0 255 0
-0.012176 -0.204100 0.525950 0 255 0
-0.045880 -0.194507 0.538189 0 255 0
-0.034218 -0.216780 0.545170 0 255 0
-0.053093 -0.187158 0.540462 0 255 0
-0.052335 -0.189912 0.549610 0 255 0
-0.059279 -0.188649 0.555472 0 255 0
-0.060976 -0.167532 0.574021 0 255 0
-0.065474 -0.178817 0.608907 0 255 0
-0.037392 -0.140832 0.608311 0 255 0
-0.060754 -0.152553 0.552129 0 255 0
-0.074290 -0.167377 0.539630 0 255 0
-0.058346 -0.188740 0.543983 0 255 0
0.066471 -0.120612 0.467315 0 255 0
0.058708 -0.169158 0.488228 0 255 0
0.065553 -0.278164 0.572668 0 255 0
-0.302804 -0.502757 0.692612 0 255 0
-0.292670 -0.645826 0.711100 0 255 0
0.072775 -0.245745 0.699705 0 255 0
0.065923 -0.245854 0.714102 0 255 0
0.005971 -0.280192 0.711727 0 255 0
-0.001856 -0.265351 0.721097 0 255 0
0.032667 -0.257369 0.710410 0 255 0
0.040804 -0.243317 0.717426 0 255 0
-0.041648 -0.058926 0.544581 0 255 0
0.083060 -0.214170 0.711519 0 255 0
0.053014 -0.241929 0.694163 0 255 0
0.037107 -0.234746 0.722983 0 255 0
0.012214 -0.254875 0.724805 0 255 0
-0.006421 -0.272984 0.715354 0 255 0
-0.002501 -0.284328 0.703587 0 255 0
-0.031238 -0.274533 0.707478 0 255 0
-0.019055 -0.261837 0.732000 0 255 0
-0.068377 -0.263126 0.724189 0 255 0
-0.050961 -0.300585 0.708067 0 255 0
-0.019906 -0.275616 0.717853 0 255 0
-0.122131 -0.327690 0.719315 0 255 0
-0.141998 -0.333565 0.704708 0 255 0
-0.152439 -0.335463 0.698481 0 255 0
-0.174270 -0.325914 0.689803 0 255 0
-0.168116 -0.317791 0.691736 0 255 0
-0.176153 -0.311176 0.681862 0 255 0
-0.150375 -0.295165 0.679787 0 255 0
-0.126507 -0.277054 0.633656 0 255 0
-0.117054 -0.249205 0.661929 0 255 0
-0.088535 -0.179274 0.672861 0 255 0
-0.070579 -0.180831 0.658179 0 255 0
-0.068705 -0.143510 0.676205 0 255 0
-0.040843 -0.117765 0.674250 0 255 0
-0.036210 -0.099731 0.668238 0 255 0
-0.019751 0.116708 0.697718 0 255 0
-0.009615 0.111358 0.685273 0 255 0
-0.027060 0.097211 0.676539 0 255 0
-0.018088 0.085279 0.692219 0 255 0
0.045389 0.066839 0.686739 0 255 0
0.063426 0.065165 0.688159 0 255 0
-0.070349 0.083329 0.633382 0 255 0
-0.070352 0.085687 0.606893 0 255 0
-0.034969 0.100892 0.657038 0 255 0
-0.067950 0.087247 0.672140 0 255 0
-0.071597 0.103327 0.584816 0 255 0
-0.064770 0.144353 0.524710 0 255 0
-0.018954 0.134080 0.484551 0 255 0
0.021591 0.147952 0.461991 0 255 0
0.037604 0.140950 0.457391 0 255 0
-0.079783 0.089452 0.560814 0 255 0
-0.000820 0.144710 0.493328 0 255 0
-0.065881 0.109594 0.544127 0 255 0
-0.064111 0.125685 0.512248 0 255 0
0.037086 0.059920 0.691908 0 255 0
0.014901 0.076543 0.688621 0 255 0
0.007270 0.076169 0.680036 0 255 0
0.058579 -0.157928 0.699926 0 255 0
0.032867 -0.145436 0.734466 0 255 0
0.017504 -0.143048 0.720879 0 255 0
0.009096 -0.164347 0.708881 0 255 0
0.006601 -0.158246 0.711397 0 255 0
-0.031510 -0.172980 0.709986 0 255 0
-0.007114 -0.169400 0.707050 0 255 0
-0.030630 -0.182893 0.704355 0 255 0
-0.025796 -0.192626 0.695239 0 255 0
-0.049058 -0.208054 0.687230 0 255 0
-0.038085 -0.213480 0.708795 0 255 0
-0.055861 -0.200397 0.699082 0 255 0
-0.077180 -0.220046 0.688236 0 255 0
-0.085093 -0.215909 0.684290 0 255 0
-0.105568 -0.242205 0.682423 0 255 0
-0.080259 -0.245751 0.687813 0 255 0
-0.071139 -0.242488 0.718305 0 255 0
-0.015306 -0.202492 0.718859 0 255 0
-0.016799 -0.200745 0.711454 0 255 0
0.069927 -0.161969 0.701324 0 255 0
0.073695 -0.161107 0.697818 0 255 0
-0.058275 -0.131240 0.590715 0 255 0
-0.059702 -0.125944 0.576358 0 255 0
-0.071505 -0.120235 0.627287 0 255 0
-0.066851 -0.146566 0.638411 0 255 0
-0.076758 -0.128194 0.653751 0 255 0
-0.058015 -0.143530 0.678444 0 255 0
-0.055679 -0.155400 0.674581 0 255 0
-0.076127 -0.142058 0.659002 0 255 0
-0.063456 -0.163888 0.677301 0 255 0
-0.035528 -0.150511 0.672885 0 255 0
-0.062941 -0.162483 0.696286 0 255 0
-0.042250 -0.155940 0.692611 0 255 0
-0.036574 -0.184336 0.711387 0 255 0
-0.027907 -0.175892 0.692287 0 255 0
-0.007397 -0.193632 0.722896 0 255 0
0.010181 -0.181025 0.717034 0 255 0
0.024481 -0.194250 0.734624 0 255 0
0.046043 -0.216953 0.728308 0 255 0
0.022326 -0.173037 0.728803 0 255 0
0.025138 -0.153666 0.721546 0 255 0
0.019861 -0.285206 0.700240 0 255 0
0.037760 -0.288912 0.694010 0 255 0
-0.157780 -0.283928 0.675779 0 255 0
-0.156324 -0.278850 0.690352 0 255 0
-0.144470 -0.287101 0.688332 0 255 0
-0.164225 -0.301340 0.680883 0 255 0
-0.152736 -0.299951 0.682955 0 255 0
-0.131262 -0.298699 0.692136 0 255 0
-0.142023 -0.301689 0.701243 0 255 0
-0.160510 -0.304471 0.689481 0 255 0
-0.142823 -0.314274 0.694014 0 255 0
-0.140551 -0.278912 0.693318 0 255 0
-0.117221 -0.304318 0.707180 0 255 0
-0.130196 -0.288347 0.708812 0 255 0
-0.115402 -0.309906 0.711889 0 255 0
-0.115441 -0.294400 0.693883 0 255 0
-0.098889 -0.283423 0.700902 0 255 0
-0.101579 -0.275533 0.690848 0 255 0
-0.113706 -0.279443 0.717989 0 255 0
-0.118324 -0.250364 0.650210 0 255 0
-0.137938 -0.268123 0.681808 0 255 0
-0.134937 -0.293664 0.684141 0 255 0
-0.118738 -0.288268 0.690186 0 255 0
-0.113763 -0.273297 0.660127 0 255 0
-0.109903 -0.256033 0.692810 0 255 0
0.037279 -0.173085 0.715887 0 255 0
0.035786 -0.148805 0.722497 0 255 0
-0.038809 -0.222071 0.693326 0 255 0
-0.075905 -0.214230 0.691509 0 255 0
-0.094446 -0.235310 0.703368 0 255 0
-0.087446 -0.242542 0.700447 0 255 0
-0.067927 -0.226820 0.690254 0 255 0
-0.045418 -0.223771 0.733344 0 255 0
-0.046669 -0.217865 0.703781 0 255 0
0.043719 -0.160577 0.714619 0 255 0
0.085441 -0.139131 0.699571 0 255 0
-0.065294 -0.322314 0.621866 0 255 0
-0.042864 -0.317121 0.669883 0 255 0
-0.060476 -0.317738 0.679827 0 255 0
-0.050456 -0.298805 0.716591 0 255 0
-0.251449 -0.477684 0.650917 0 255 0
0.066114 0.003048 0.668157 0 255 0
0.084443 0.041285 0.682671 0 255 0
0.054324 0.041549 0.695690 0 255 0
0.080021 -0.079077 0.690792 0 255 0
0.061077 -0.119762 0.716876 0 255 0
-0.024054 -0.160725 0.484929 0 255 0
-0.017033 -0.197804 0.495650 0 255 0
-0.011004 -0.187857 0.499363 0 255 0
-0.019777 -0.184597 0.521785 0 255 0
-0.025502 -0.156527 0.521798 0 255 0
-0.026390 -0.185437 0.505569 0 255 0
-0.027536 -0.203778 0.499727 0 255 0
-0.042862 -0.180150 0.526952 0 255 0
-0.056583 -0.161868 0.538856 0 255 0
-0.075651 -0.196115 0.532423 0 255 0
-0.042872 -0.152860 0.513600 0 255 0
-0.033184 -0.171953 0.484476 0 255 0
-0.008222 -0.145824 0.469885 0 255 0
-0.056943 -0.121410 0.512403 0 255 0
-0.041766 -0.147415 0.506308 0 255 0
0.009594 -0.356616 0.603161 0 255 0
-0.018225 -0.371104 0.600977 0 255 0
-0.004732 -0.406974 0.578612 0 255 0
-0.027027 -0.406409 0.577865 0 255 0
0.061262 -0.281754 0.598808 0 255 0
0.038445 -0.293931 0.600586 0 255 0
0.067632 -0.174633 0.478362 0 255 0
0.059130 -0.202055 0.518086 0 255 0
0.050775 -0.212146 0.515773 0 255 0
0.057947 -0.224566 0.538603 0 255 0
0.056787 -0.286389 0.587589 0 255 0
0.071975 -0.188738 0.501017 0 255 0
-0.076695 0.291325 0.671804 0 255 0
-0.025061 0.308371 0.646385 0 255 0
-0.071139 0.282664 0.649411 0 255 0
-0.034969 0.301577 0.675162 0 255 0
-0.077706 0.187243 0.671050 0 255 0
-0.075057 0.238495 0.675123 0 255 0
-0.077842 0.171783 0.655888 0 255 0
-0.026344 0.289959 0.677147 0 255 0
-0.004694 0.306348 0.693476 0 255 0
-0.001508 0.263289 0.701076 0 255 0
-0.063557 0.187682 0.697453 0 255 0
-0.085015 0.207413 0.683871 0 255 0
-0.074845 0.283036 0.676347 0 255 0
-0.081221 0.259918 0.658096 0 255 0
-0.071750 0.267007 0.682448 0 255 0
-0.040665 0.289982 0.707274 0 255 0
-0.049194 0.278371 0.702192 0 255 0
0.025627 0.116181 0.700183 0 255 0
0.050713 0.146412 0.712488 0 255 0
0.011906 0.129498 0.705123 0 255 0
-0.050205 0.130405 0.675898 0 255 0
-0.033104 0.127125 0.675413 0 255 0
-0.058591 0.265398 0.697765 0 255 0
-0.051448 0.266592 0.712009 0 255 0
-0.006157 0.244186 0.732180 0 255 0
-0.015397 0.189410 0.708627 0 255 0
-0.008188 0.216543 0.727322 0 255 0
-0.023692 0.196671 0.714974 0 255 0
-0.024430 0.175625 0.723889 0 255 0
-0.045802 0.161313 0.685195 0 255 0
-0.046534 0.183028 0.685729 0 255 0
-0.009555 0.142807 0.711423 0 255 0
-0.035395 0.142185 0.700947 0 255 0
-0.012899 0.137438 0.706581 0 255 0
-0.043746 0.210392 0.705160 0 255 0
-0.007894 0.238674 0.759479 0 255 0
-0.005760 0.229876 0.732974 0 255 0
0.055246 0.235594 0.731687 0 255 0
-0.002792 0.128574 0.705051 0 255 0
0.003226 0.130309 0.712724 0 255 0
0.009746 0.101145 0.687950 0 255 0
0.035687 0.048920 0.678409 0 255 0
-0.005482 0.438808 0.403654 0 255 0
0.092701 0.276641 0.530007 0 255 0
0.087594 0.287902 0.542944 0 255 0
-0.132159 0.253944 0.550100 0 255 0
-0.084783 0.286002 0.613678 0 255 0
-0.067107 0.265389 0.648920 0 255 0
0.029113 0.276572 0.455653 0 255 0
0.040049 0.281295 0.472791 0 255 0
-0.100359 0.241770 0.523346 0 255 0
-0.028136 0.270880 0.456366 0 255 0
0.068690 0.276999 0.495985 0 255 0
-0.091953 0.235561 0.691648 0 255 0
-0.042924 0.223627 0.689797 0 255 0
-0.022962 0.255007 0.713090 0 255 0
0.029621 0.259847 0.733537 0 255 0
0.064359 0.252170 0.708697 0 255 0
0.036794 0.242452 0.474922 0 255 0
0.036573 0.230025 0.483034 0 255 0
0.047311 0.228307 0.449344 0 255 0
0.049265 0.232433 0.467589 0 255 0
-0.046621 0.145140 0.525869 0 255 0
-0.027914 0.154378 0.496184 0 255 0
0.025462 0.144623 0.475999 0 255 0
0.046422 0.165772 0.468079 0 255 0
-0.072354 0.123242 0.568025 0 255 0
-0.001692 0.162394 0.472844 0 255 0
-0.073418 0.157991 0.545869 0 255 0
-0.058986 0.144125 0.517559 0 255 0
0.188273 0.841397 0.257181 0 255 0
0.178890 0.863099 0.247694 0 255 0
0.188521 0.855251 0.247192 0 255 0
0.190437 0.829657 0.259123 0 255 0
0.194168 0.833881 0.325651 0 255 0
0.174308 0.820527 0.296153 0 255 0
0.187814 0.846215 0.305148 0 255 0
0.184447 0.869011 0.297066 0 255 0
0.172223 0.879153 0.277081 0 255 0
0.174093 0.849894 0.306732 0 255 0
0.178316 0.849869 0.302506 0 255 0
0.133558 0.867550 0.290111 0 255 0
0.142513 0.884439 0.264760 0 255 0
0.129314 0.836899 0.302556 0 255 0
0.139644 0.830263 0.300706 0 255 0
0.110371 0.857037 0.261246 0 255 0
0.148833 0.867291 0.235034 0 255 0
0.142200 0.824954 0.235705 0 255 0
0.168565 0.828375 0.237213 0 255 0
0.178971 0.844457 0.224982 0 255 0
0.181010 0.853443 0.290636 0 255 0
0.215777 0.842114 0.284162 0 255 0
0.192567 0.846688 0.288588 0 255 0
0.196762 0.870166 0.268128 0 255 0
0.183411 0.864038 0.239973 0 255 0
0.186443 0.864839 0.225621 0 255 0
0.217410 0.865576 0.255699 0 255 0
0.213468 0.872536 0.262651 0 255 0
0.179063 0.887814 0.257818 0 255 0
0.173932 0.887984 0.284257 0 255 0
0.143197 0.908133 0.262919 0 255 0
0.157630 0.860315 0.295712 0 255 0
0.169457 0.878133 0.258763 0 255 0
0.127817 0.880364 0.258275 0 255 0
0.126075 0.878783 0.230791 0 255 0
0.192487 0.867183 0.233100 0 255 0
0.208050 0.887918 0.268205 0 255 0
0.090629 0.941793 0.069882 0 255 0
0.109987 0.922541 0.055047 0 255 0
0.095684 0.917295 0.064759 0 255 0
0.113497 0.939837 0.080747 0 255 0
0.124064 0.935251 0.034125 0 255 0
0.105027 0.923234 0.040068 0 255 0
0.132794 0.904762 0.035207 0 255 0
0.114939 0.902962 0.041294 0 255 0
0.100488 0.941338 0.055473 0 255 0
0.111634 0.909454 0.056647 0 255 0
0.107393 0.935261 0.058933 0 255 0
0.126667 0.932340 0.042337 0 255 0
0.097693 0.950351 0.095402 0 255 0
0.070827 0.930137 0.103965 0 255 0
0.118200 0.926193 0.104440 0 255 0
0.092901 0.935886 0.100587 0 255 0
0.086100 0.935206 0.088770 0 255 0
0.091221 0.942899 0.089017 0 255 0
0.103117 0.940342 0.074664 0 255 0
0.107037 0.943781 0.076242 0 255 0
0.131933 0.910607 0.059066 0 255 0
0.109656 0.904788 0.061441 0 255 0
0.130709 0.904694 0.069003 0 255 0
0.138284 0.899256 0.071762 0 255 0
0.164446 0.897205 0.046846 0 255 0
0.125445 0.924533 0.035331 0 255 0
0.146258 0.918319 0.059385 0 255 0
0.147586 0.910869 0.066971 0 255 0
0.111652 0.905815 0.063895 0 255 0
0.138336 0.931579 0.066362 0 255 0
0.111363 0.920707 0.079272 0 255 0
0.119170 0.920036 0.066671 0 255 0
0.111340 0.932219 0.050111 0 255 0
0.116691 0.921874 0.090656 0 255 0
0.115764 0.931981 0.042474 0 255 0
0.109204 0.921387 0.059689 0 255 0
0.115887 0.922761 0.046922 0 255 0
0.116836 0.915640 0.059866 0 255 0
0.116520 0.927598 0.069063 0 255 0
0.109359 0.936811 0.050514 0 255 0
0.121313 0.923366 0.057871 0 255 0
0.127568 0.929104 0.075519 0 255 0
0.123098 0.931284 0.063655 0 255 0
0.114474 0.948139 0.087297 0 255 0
0.122146 0.925249 0.095848 0 255 0
0.098070 0.915318 0.087333 0 255 0
0.109323 0.937710 0.082841 0 255 0
0.115942 0.915492 0.089359 0 255 0
0.120543 0.930315 0.060264 0 255 0
0.135052 0.923195 0.053154 0 255 0
0.108429 0.937077 0.067002 0 255 0
0.106512 0.913867 0.064913 0 255 0
0.100325 0.936175 0.080622 0 255 0
0.103035 0.944161 0.066600 0 255 0
0.099451 0.926662 0.078146 0 255 0
0.095797 0.938112 0.084081 0 255 0
0.103152 0.943243 0.097280 0 255 0
0.090563 0.948893 0.081997 0 255 0
0.099983 0.930458 0.086394 0 255 0
0.093626 0.933295 0.107387 0 255 0
0.101975 0.922846 0.087628 0 255 0
0.093081 0.939600 0.091934 0 255 0
0.095181 0.934098 0.098554 0 255 0
0.109565 0.949358 0.071284 0 255 0
0.117037 0.951195 0.082772 0 255 0
0.107073 0.950342 0.108579 0 255 0
0.108034 0.945163 0.096672 0 255 0
0.093823 0.945513 0.099281 0 255 0
0.089025 0.952859 0.114063 0 255 0
0.092317 0.939474 0.127513 0 255 0
0.100909 0.938679 0.097666 0 255 0
0.101202 0.933647 0.116053 0 255 0
0.091446 0.912017 0.118040 0 255 0
0.099562 0.948111 0.129872 0 255 0
0.090761 0.942108 0.109573 0 255 0
0.108535 0.939988 0.103683 0 255 0
0.097394 0.934131 0.129039 0 255 0
0.105177 0.935740 0.094495 0 255 0
0.103547 0.949287 0.116777 0 255 0
0.076588 0.960554 0.105536 0 255 0
0.148804 0.903797 0.068873 0 255 0
0.130004 0.911249 0.089274 0 255 0
0.148292 0.906307 0.044775 0 255 0
0.171545 0.899174 0.071600 0 255 0
0.133890 0.927558 0.048488 0 255 0
0.154844 0.927297 0.077829 0 255 0
0.153194 0.946455 0.077847 0 255 0
0.134072 0.902411 0.086249 0 255 0
0.094992 0.917421 0.063197 0 255 0
0.110247 0.928338 0.081119 0 255 0
0.123287 0.914128 0.085677 0 255 0
0.116762 0.912127 0.059618 0 255 0
0.109308 0.905410 0.103873 0 255 0
0.079360 0.926256 0.078021 0 255 0
0.101457 0.931145 0.077421 0 255 0
0.105833 0.926386 0.064352 0 255 0
0.129441 0.928391 0.106144 0 255 0
0.089075 0.936208 0.086261 0 255 0
0.095220 0.940888 0.075217 0 255 0
0.104467 0.945397 0.104000 0 255 0
0.091117 0.951051 0.095545 0 255 0
0.091195 0.917619 0.096719 0 255 0
0.106436 0.939736 0.130175 0 255 0
0.086745 0.936143 0.103816 0 255 0
0.102345 0.930934 0.139543 0 255 0
0.093297 0.941686 0.116156 0 255 0
0.087911 0.933195 0.096984 0 255 0
0.112511 0.930737 0.123590 0 255 0
0.163443 0.811869 0.246749 0 255 0
0.188144 0.852667 0.227090 0 255 0
0.150336 0.827704 0.232427 0 255 0
0.136007 0.853199 0.226562 0 255 0
0.141288 0.865552 0.209708 0 255 0
0.155442 0.870823 0.184221 0 255 0
0.152033 0.866788 0.206929 0 255 0
0.169817 0.875521 0.228957 0 255 0
0.169839 0.903094 0.279053 0 255 0
0.156803 0.913756 0.252867 0 255 0
0.171455 0.907560 0.255135 0 255 0
0.189524 0.903041 0.289581 0 255 0
0.192382 0.907006 0.272906 0 255 0
0.164181 0.899199 0.185773 0 255 0
0.182704 0.890084 0.190965 0 255 0
0.161232 0.880157 0.191703 0 255 0
0.135484 0.905606 0.188409 0 255 0
0.160747 0.901379 0.088590 0 255 0
0.177580 0.895422 0.091527 0 255 0
0.146400 0.906019 0.117456 0 255 0
0.135246 0.900908 0.099255 0 255 0
0.124305 0.896307 0.115087 0 255 0
0.125300 0.923334 0.128165 0 255 0
0.109897 0.928641 0.157533 0 255 0
0.110039 0.920420 0.114900 0 255 0
0.110307 0.919903 0.159251 0 255 0
0.113686 0.920179 0.127810 0 255 0
0.098331 0.942908 0.151906 0 255 0
0.104607 0.936889 0.155198 0 255 0
0.119721 0.950571 0.157708 0 255 0
0.090366 0.945506 0.148677 0 255 0
0.194114 0.904017 0.082053 0 255 0
0.172153 0.915923 0.102547 0 255 0
0.165437 0.930307 0.070452 0 255 0
0.161729 0.916786 0.092338 0 255 0
0.133824 0.930272 0.099866 0 255 0
0.161909 0.937838 0.113203 0 255 0
0.102758 0.953062 0.152292 0 255 0
0.079471 0.946753 0.150453 0 255 0
0.134455 0.927255 0.091310 0 255 0
0.138676 0.932341 0.131943 0 255 0
0.131169 0.925077 0.143935 0 255 0
0.125773 0.938507 0.139480 0 255 0
0.114875 0.949347 0.130187 0 255 0
0.148342 0.953194 0.124254 0 255 0
0.159524 0.865735 0.138959 0 255 0
0.134750 0.896870 0.144238 0 255 0
0.145630 0.900151 0.167532 0 255 0
0.124893 0.923973 0.153866 0 255 0
0.126794 0.910028 0.163425 0 255 0
0.123825 0.930505 0.190328 0 255 0
0.132581 0.914841 0.189948 0 255 0
0.137300 0.931856 0.206580 0 255 0
0.131268 0.943380 0.202402 0 255 0
0.138744 0.933496 0.228758 0 255 0
0.141184 0.957136 0.215608 0 255 0
0.192707 0.949188 0.248513 0 255 0
0.147008 0.953040 0.251140 0 255 0
0.163135 0.966916 0.238941 0 255 0
0.160529 0.933382 0.245049 0 255 0
0.148421 0.925620 0.216799 0 255 0
0.150439 0.930403 0.247864 0 255 0
0.163889 0.923395 0.254006 0 255 0
0.199961 0.969212 0.273191 0 255 0
0.180471 0.972201 0.266800 0 255 0
0.183971 0.956488 0.255886 0 255 0
0.172998 0.968005 0.269201 0 255 0
0.203850 0.933830 0.270363 0 255 0
0.208248 0.964460 0.252144 0 255 0
0.216185 0.945262 0.258661 0 255 0
0.228750 0.955508 0.252037 0 255 0
0.201284 0.923075 0.275394 0 255 0
0.199132 0.941209 0.262711 0 255 0
0.208376 0.923556 0.247721 0 255 0
0.201966 0.927951 0.263442 0 255 0
0.202531 0.896898 0.233162 0 255 0
0.218239 0.934670 0.247363 0 255 0
0.226104 0.958514 0.262642 0 255 0
0.179794 0.896191 0.127333 0 255 0
0.164412 0.907149 0.147786 0 255 0
0.137298 0.880216 0.159511 0 255 0
0.151703 0.892424 0.154117 0 255 0
0.185181 0.891014 0.159371 0 255 0
0.194224 0.889592 0.156143 0 255 0
0.169669 0.928259 0.161952 0 255 0
0.177807 0.931333 0.168791 0 255 0
0.196563 0.908244 0.176954 0 255 0
0.178923 0.937376 0.137654 0 255 0
0.181523 0.928750 0.170095 0 255 0
0.199903 0.968331 0.185944 0 255 0
0.207367 0.937873 0.192695 0 255 0
0.200703 0.913973 0.190511 0 255 0
0.234342 0.940311 0.219450 0 255 0
0.205032 0.934152 0.226361 0 255 0
0.221623 0.918775 0.248254 0 255 0
0.218592 0.934240 0.216846 0 255 0
0.201196 0.914297 0.233926 0 255 0
0.192351 0.923239 0.234361 0 255 0
0.205323 0.902615 0.217562 0 255 0
0.203825 0.911686 0.181206 0 255 0
0.123016 0.958568 0.176447 0 255 0
0.134745 0.967614 0.186320 0 255 0
0.149893 0.970394 0.211557 0 255 0
0.177226 0.961144 0.232400 0 255 0
0.190034 0.963623 0.233529 0 255 0
0.198972 0.961727 0.254683 0 255 0
0.207877 0.970738 0.248099 0 255 0
0.202052 0.973437 0.264581 0 255 0
0.207286 0.946190 0.239365 0 255 0
0.223895 0.960792 0.235745 0 255 0
0.203987 0.965283 0.237628 0 255 0
0.211425 0.941081 0.207554 0 255 0
0.215953 0.949389 0.206379 0 255 0
0.176832 0.873070 0.206299 0 255 0
0.205966 0.895588 0.232353 0 255 0
0.195329 0.911659 0.230498 0 255 0
0.219083 0.903232 0.264894 0 255 0
0.202813 0.914353 0.252651 0 255 0
0.158506 0.924232 0.123102 0 255 0
0.168773 0.938638 0.134946 0 255 0
0.135699 0.961058 0.144379 0 255 0
0.132076 0.966973 0.157401 0 255 0
0.126524 0.966940 0.176564 0 255 0
0.144565 0.954631 0.186705 0 255 0
0.161781 0.945610 0.166470 0 255 0
0.169648 0.924030 0.165456 0 255 0
0.168226 0.953054 0.211930 0 255 0
0.175298 0.967301 0.197219 0 255 0
0.191469 0.939122 0.197434 0 255 0
0.180113 0.930229 0.180371 0 255 0
0.197523 0.952238 0.205387 0 255 0
0.202411 0.949176 0.205852 0 255 0
0.166048 0.949619 0.208363 0 255 0
0.174180 0.958744 0.221039 0 255 0
0.182332 0.965144 0.230174 0 255 0
0.207593 0.974200 0.237491 0 255 0
0.194935 0.948595 0.223378 0 255 0
0.199316 0.968626 0.215461 0 255 0
0.198327 0.955490 0.249618 0 255 0
0.207945 0.957359 0.229976 0 255 0
0.201271 0.966102 0.238032 0 255 0
0.213692 0.962778 0.242509 0 255 0
0.204524 0.947350 0.244563 0 255 0
0.210661 0.970730 0.233522 0 255 0
0.196506 0.959289 0.200378 0 255 0
0.201995 0.958363 0.238493 0 255 0
0.198340 0.973255 0.244197 0 255 0
0.201779 0.953602 0.231384 0 255 0
0.202744 0.964886 0.243275 0 255 0
0.206144 0.973860 0.232793 0 255 0
0.139665 0.897890 0.218812 0 255 0
0.066530 0.613262 0.336369 0 255 0
0.080339 0.584454 0.358203 0 255 0
0.061108 0.581240 0.344221 0 255 0
-0.087044 0.255381 0.499237 0 255 0
-0.001352 0.014638 0.497686 0 255 0
-0.017950 -0.011470 0.510808 0 255 0
-0.009437 0.004006 0.495073 0 255 0
-0.100810 0.265243 0.478243 0 255 0
-0.037415 -0.056440 0.556159 0 255 0
-0.025578 -0.178569 0.525979 0 255 0
0.004483 -0.438772 0.715474 0 255 0
0.013740 -0.433051 0.707533 0 255 0
-0.005124 -0.436428 0.717437 0 255 0
0.004109 -0.429863 0.717276 0 255 0
-0.005194 -0.422205 0.721361 0 255 0
0.024668 -0.424756 0.712358 0 255 0
0.012662 -0.438696 0.699725 0 255 0
0.026215 -0.429177 0.709454 0 255 0
0.007142 -0.423152 0.714425 0 255 0
-0.004740 -0.436569 0.721684 0 255 0
3 614 615 617
3 617 615 616
3 619 620 618
3 618 620 621
3 631 632 630
3 630 632 633
3 618 621 646
3 655 656 654
3 654 656 657
3 659 660 658
3 658 660 661
3 663 664 662
3 662 664 665
3 632 631 676
3 676 631 677
3 662 665 678
3 678 665 679
3 678 705 662
3 662 705 657
3 721 633 720
3 720 633 632
3 723 724 722
3 722 724 725
3 750 751 749
3 749 751 752
3 766 767 765
3 765 767 768
3 794 795 725
3 725 795 722
3 797 798 796
3 796 798 799
3 720 632 800
3 800 632 676
3 796 799 801
3 801 799 802
3 830 831 676
3 676 831 800
3 844 845 802
3 802 845 801
3 846 830 677
3 677 830 676
3 845 886 801
3 801 886 887
3 889 890 888
3 888 890 887
3 892 893 891
3 891 893 894
3 918 919 855
3 855 919 920
3 922 923 921
3 921 923 924
3 925 926 924
3 924 926 921
3 928 929 927
3 939 846 938
3 938 846 677
3 631 654 677
3 677 654 938
3 940 941 618
3 618 941 619
3 1188 1189 797
3 797 1189 798
3 927 1200 1202
3 1202 1200 1201
3 1211 768 1212
3 1212 768 767
3 1236 750 1235
3 1235 750 749
3 1249 1250 1248
3 1248 1250 1251
3 1253 892 1252
3 1252 892 1236
3 831 844 800
3 800 844 802
3 799 720 802
3 802 720 800
3 720 799 721
3 721 799 798
3 1265 1266 1264
3 1264 1266 1267
3 1269 794 1268
3 1268 794 725
3 724 1270 725
3 725 1270 1268
3 736 764 737
3 1323 1324 630
3 630 1324 655
3 1326 1327 1325
3 1325 1327 1328
3 1330 1201 1329
3 1329 1201 1200
3 1333 1334 1332
3 1332 1334 1335
3 1336 1337 917
3 917 1337 858
3 1344 1345 918
3 918 1345 919
3 1426 615 658
3 658 615 659
3 620 1269 621
3 621 1269 1268
3 1448 1449 678
3 678 1449 705
3 630 655 631
3 631 655 654
3 1481 1482 663
3 663 1482 664
3 1484 1485 1483
3 1483 1485 1486
3 1488 1489 1487
3 1487 1489 1490
3 1491 1492 721
3 721 1492 633
3 1494 1495 1493
3 1493 1495 1496
3 917 916 1335
3 1335 916 1332
3 646 1756 618
3 618 1756 940
3 1758 1192 1757
3 1757 1192 690
3 1336 917 1767
3 1767 917 1335
3 1780 1781 1779
3 1779 1781 1782
3 1784 1781 1783
3 1783 1781 1785
3 1791 1788 1790
3 1790 1788 1792
3 1790 1793 1791
3 1791 1793 1794
3 1793 1795 1794
3 1834 1252 1235
3 1235 1252 1236
3 1333 2823 922
3 922 2823 923
3 2825 1267 2824
3 2824 1267 1266
3 768 1211 2826
3 2826 1211 2827
3 1491 1189 1265
3 1265 1189 1266
3 1487 2828 1488
3 1488 2828 2829
3 921 1328 922
3 922 1328 1327
3 1483 2830 1484
3 1484 2830 2831
3 1481 2832 1484
3 1484 2832 1485
3 1323 1492 1488
3 1488 1492 1489
3 1264 1490 1265
3 1265 1490 1489
3 2834 2835 2833
3 2833 2835 2836
3 1249 2837 2826
3 2826 2837 2838
3 1487 1490 2839
3 2839 1490 2840
3 1267 2825 2841
3 2841 2825 2842
3 2843 2844 1494
3 1494 2844 1495
3 1426 2846 2845
3 2845 2846 925
3 2828 1487 2847
3 2847 1487 2839
3 1328 921 2848
3 2848 921 926
3 2849 2850 767
3 767 2850 1212
3 1264 1267 2851
3 2851 1267 2841
3 1490 1264 2840
3 2840 1264 2851
3 2839 2840 619
3 619 2840 620
3 2841 2842 794
3 794 2842 795
3 891 894 2843
3 2843 894 2844
3 2847 2839 941
3 941 2839 619
3 2848 926 1201
3 1201 926 1202
3 2851 2841 1269
3 1269 2841 794
3 2840 2851 620
3 620 2851 1269
3 940 1758 941
3 941 1758 2883
3 658 928 1426
3 1426 928 2846
3 1236 2850 750
3 750 2850 2849
3 723 722 2908
3 2908 722 893
3 795 894 722
3 722 894 893
3 2842 2844 795
3 795 2844 894
3 2825 1495 2842
3 2842 1495 2844
3 2824 1496 2825
3 2825 1496 1495
3 1188 2835 2824
3 2824 2835 1496
3 796 890 797
3 797 890 2836
3 801 887 796
3 796 887 890
3 2909 2910 2912
3 2912 2910 2911
3 1779 1782 2914
3 2914 1782 2913
3 2915 2916 830
3 830 2916 831
3 2917 2918 844
3 844 2918 845
3 2919 2915 846
3 846 2915 830
3 2918 2911 845
3 845 2911 886
3 2924 2919 939
3 939 2919 846
3 2916 2917 831
3 831 2917 844
3 2926 2927 1448
3 1448 2927 1449
3 2928 2929 888
3 888 2929 2930
3 1235 2933 1834
3 1270 724 736
3 736 724 764
3 724 723 764
3 764 723 761
3 761 723 2906
3 2906 723 2908
3 1253 1436 2908
3 2908 1436 2906
3 1835 1252 1834
3 3015 752 3014
3 3014 752 751
3 3017 766 3016
3 3016 766 765
3 3018 3019 1248
3 1248 3019 3020
3 2914 2913 3018
3 3018 2913 3019
3 3022 2913 3021
3 3021 2913 1782
3 2826 2838 768
3 768 2838 765
3 3024 2837 3023
3 3023 2837 3020
3 767 766 2849
3 2849 766 3025
3 2849 3025 750
3 750 3025 751
3 749 752 2931
3 2931 752 3026
3 3007 2997 3026
3 3026 2997 2931
3 1329 1200 3079
3 3098 3099 3097
3 3097 3099 1785
3 3100 1787 2912
3 2912 1787 3101
3 3112 3098 3121
3 1780 3122 3097
3 3097 3122 3123
3 2914 2930 1779
3 1779 2930 2929
3 3018 3124 2914
3 2914 3124 2930
3 889 3124 2833
3 2833 3124 1251
3 3124 3018 1251
3 1251 3018 1248
3 3097 1785 1780
3 1780 1785 1781
3 2929 2928 3122
3 3122 2928 2910
3 1793 1790 2915
3 2915 1790 2916
3 1792 3100 2917
3 2917 3100 2918
3 1795 1793 2919
3 2919 1793 2915
3 2918 3100 2911
3 2911 3100 2912
3 2924 1795 2919
3 1790 1792 2916
3 2916 1792 2917
3 2926 3157 2927
3 1779 2929 1780
3 1780 2929 3122
3 2824 1266 1188
3 1188 1266 1189
3 2826 2827 1249
3 1249 2827 1250
3 1488 2829 1323
3 1323 2829 1324
3 922 1327 1333
3 1333 1327 1334
3 1484 2831 1481
3 1481 2831 1482
3 1265 1489 1491
3 1491 1489 1492
3 1332 1345 1333
3 1333 1345 2823
3 721 798 1491
3 1491 798 1189
3 663 656 1481
3 1481 656 2832
3 630 633 1323
3 1323 633 1492
3 2827 1493 1250
3 1250 1493 2834
3 1248 3020 1249
3 1249 3020 2837
3 797 2836 1188
3 1188 2836 2835
3 3099 841 3159
3 3159 841 3158
3 1787 3100 1788
3 1788 3100 1792
3 2909 3114 3123
3 3123 3114 3121
3 3098 3097 3121
3 3121 3097 3123
3 2837 3024 2838
3 2838 3024 3173
3 918 665 1344
3 1344 665 664
3 855 679 918
3 918 679 665
3 678 679 1448
3 1344 664 3476
3 3476 664 1482
3 3478 2831 3477
3 3477 2831 2830
3 3476 1482 3478
3 3478 1482 2831
3 662 657 663
3 663 657 656
3 654 657 938
3 938 657 705
3 938 705 939
3 939 705 1449
3 2828 1486 2829
3 2829 1486 1485
3 2829 1485 1324
3 1324 1485 2832
3 939 1449 2924
3 2924 1449 2927
3 1324 2832 655
3 655 2832 656
3 2883 614 3480
3 3480 614 617
3 3477 2830 2845
3 2845 2830 616
3 2830 1483 616
3 616 1483 617
3 1483 1486 617
3 617 1486 3480
3 2847 3480 2828
3 2828 3480 1486
3 3124 889 2930
3 2930 889 888
3 1236 892 2850
3 2850 892 891
3 2908 893 1253
3 1253 893 892
3 1435 2906 1436
3 1211 1494 2827
3 2827 1494 1493
3 1250 2834 1251
3 1251 2834 2833
3 1212 2843 1211
3 1211 2843 1494
3 2850 891 1212
3 1212 891 2843
3 3122 2910 3123
3 3123 2910 2909
3 886 2928 887
3 887 2928 888
3 3112 3121 3113
3 3113 3121 3114
3 890 889 2836
3 2836 889 2833
3 2911 2910 886
3 886 2910 2928
3 2835 2834 1496
3 1496 2834 1493
3 2912 3101 2909
3 2909 3101 3114
3 916 920 919
3 3477 924 3478
3 3478 924 923
3 2845 925 3477
3 3477 925 924
3 658 661 928
3 928 661 929
3 916 919 1332
3 1332 919 1345
3 3478 923 3476
3 3476 923 2823
3 926 925 1202
3 1202 925 2846
3 928 927 2846
3 2846 927 1202
3 3476 2823 1344
3 1344 2823 1345
3 1757 690 659
3 659 690 660
3 689 661 660
3 1757 659 614
3 614 659 615
3 940 1193 1758
3 1758 1193 1192
3 614 2883 1757
3 1757 2883 1758
3 3480 2847 2883
3 2883 2847 941
3 2845 616 1426
3 1426 616 615
3 1336 1767 3500
3 3500 1767 3501
3 3019 3502 3020
3 3020 3502 3023
3 2913 3022 3019
3 3019 3022 3502
3 1335 3504 1767
3 1767 3504 3501
3 2838 3173 765
3 765 3173 3016
3 1336 3500 1337
3 1337 3500 1768
3 766 3017 3025
3 3025 3017 3505
3 3099 3159 1785
3 1785 3159 1783
3 3025 3505 751
3 751 3505 3014
3 752 3015 3026
3 3026 3015 3508
3 3026 3508 3007
3 3007 3508 3027
3 1781 1784 1782
3 1782 1784 3021
3 1334 1327 3509
3 3509 1327 1326
3 1335 1334 3504
3 3504 1334 3509
3 2848 3511 1328
3 1328 3511 1325
3 1201 1330 2848
3 2848 1330 3511
3 4102 4103 4105
3 4105 4103 4104
3 4107 4108 4106
3 4106 4108 4109
3 4119 4120 4118
3 4118 4120 4121
3 4131 4132 4130
3 4130 4132 4133
3 4135 4107 4134
3 4134 4107 4106
3 4143 4144 4142
3 4142 4144 4145
3 4147 4148 4146
3 4146 4148 4149
3 4151 4152 4150
3 4150 4152 4153
3 4165 4121 4164
3 4164 4121 4120
3 4167 4151 4166
3 4166 4151 4150
3 4177 4148 4176
3 4143 4193 4150
3 4150 4193 4166
3 4120 4119 4208
3 4208 4119 4209
3 4211 4212 4210
3 4210 4212 4213
3 4224 4225 4133
3 4133 4225 4130
3 4238 4239 4237
3 4237 4239 4240
3 4250 4251 4249
3 4249 4251 4252
3 4254 4255 4253
3 4253 4255 4256
3 4210 4282 4211
3 4211 4282 4283
3 4285 4286 4284
3 4284 4286 4287
3 4164 4120 4288
3 4288 4120 4208
3 4290 4285 4289
3 4289 4285 4284
3 4288 4316 4164
3 4164 4316 4317
3 4329 4327 4328
3 4289 4330 4290
3 4290 4330 4331
3 4164 4317 4165
3 4165 4317 4332
3 4167 4342 4341
3 4341 4342 4343
3 4330 4289 4373
3 4373 4289 4372
3 4372 4375 4374
3 4374 4375 4376
3 4378 4379 4377
3 4377 4379 4380
3 4345 4402 4403
3 4404 4405 4341
3 4341 4405 4406
3 4408 4409 4407
3 4407 4409 4410
3 4407 4411 4408
3 4408 4411 4412
3 4165 4332 4424
3 4424 4332 4425
3 4424 4142 4165
3 4165 4142 4121
3 4426 4106 4427
3 4427 4106 4109
3 4286 4674 4287
3 4287 4674 4675
3 4680 4677 4681
3 4413 4686 4688
3 4688 4686 4687
3 4694 4695 4254
3 4254 4695 4255
3 4237 4240 4718
3 4718 4240 4719
3 4732 4733 4731
3 4731 4733 4734
3 4719 4380 4735
3 4735 4380 4736
3 4290 4331 4288
3 4288 4331 4316
3 4288 4208 4290
3 4290 4208 4285
3 4286 4285 4209
3 4209 4285 4208
3 4748 4749 4747
3 4747 4749 4750
3 4211 4283 4751
3 4751 4283 4752
3 4751 4753 4211
3 4211 4753 4212
3 4251 4250 4224
3 4224 4250 4225
3 4145 4803 4118
3 4118 4803 4804
3 4805 4806 1325
3 1325 4806 1326
3 4688 4687 1329
3 1329 4687 1330
3 4809 4810 4808
3 4808 4810 4811
3 4405 4820 4406
3 4406 4820 4821
3 4180 4413 4824
3 4824 4413 4688
3 4895 4896 4131
3 4131 4896 4132
3 4149 4105 4146
3 4146 4105 4899
3 4176 4157 4679
3 4679 4157 4893
3 4107 4135 4751
3 4751 4135 4753
3 4751 4752 4107
3 4107 4752 4108
3 4908 4909 4907
3 4907 4909 4910
3 4193 4921 4166
3 4166 4921 4922
3 4142 4145 4121
3 4121 4145 4118
3 4152 4953 4153
3 4153 4953 4954
3 4956 4957 4955
3 4955 4957 4958
3 4960 4961 4959
3 4959 4961 4962
3 4119 4963 4209
3 4209 4963 4964
3 4966 4967 4965
3 4965 4967 4968
3 4808 4403 4809
3 4809 4403 4402
3 4426 5223 4106
3 4106 5223 4134
3 4177 4678 5224
3 5224 4678 5225
3 4683 5230 4895
3 4895 5230 4896
3 5223 4426 4680
3 4680 4426 4677
3 4809 4402 5234
3 5234 4402 4812
3 5245 5246 5244
3 5244 5246 5247
3 5248 5246 1783
3 1783 5246 1784
3 5249 5250 5252
3 5252 5250 5251
3 5254 5251 5253
3 5253 5251 5255
3 5253 5255 5257
3 5257 5255 5256
3 5257 5256 5259
3 5259 5256 5258
3 4719 4735 4718
3 4718 4735 5295
3 5296 4908 5297
3 5297 4908 4907
3 4409 6284 4410
3 4410 6284 4811
3 4749 4748 6285
3 6285 4748 6286
3 6288 4694 6287
3 6287 4694 4254
3 4749 4674 4750
3 4750 4674 4964
3 6289 6290 4962
3 4962 6290 4959
3 4806 4805 4410
3 4410 4805 4407
3 6291 6292 4958
3 4958 6292 4955
3 4957 6293 4958
3 4958 6293 4954
3 4961 4963 4962
3 4962 4963 4804
3 4961 4960 4750
3 4750 4960 4747
3 6295 6296 6294
3 6294 6296 6297
3 6298 6299 6287
3 6287 6299 4734
3 6301 4960 6300
3 6300 4960 4959
3 6303 6286 6302
3 6302 6286 4748
3 4967 6304 4968
3 4968 6304 6305
3 4412 6307 6306
3 6306 6307 4899
3 6300 4959 6308
3 6308 4959 6290
3 4411 4407 6309
3 6309 4407 4805
3 4695 6310 4255
3 4255 6310 6311
3 6302 4748 6312
3 6312 4748 4747
3 6312 4747 6301
3 6301 4747 4960
3 4108 6301 4109
3 4109 6301 6300
3 4282 6303 4283
3 4283 6303 6302
3 6304 4378 6305
3 6305 4378 4377
3 4109 6300 4427
3 4427 6300 6308
3 6309 4687 4411
3 4411 4687 4686
3 4283 6302 4752
3 4752 6302 6312
3 4752 6312 4108
3 4108 6312 6301
3 6342 5225 4427
3 4427 5225 4426
3 4146 4899 4415
3 4415 4899 6307
3 6311 6310 4240
3 4240 6310 4719
3 6365 6366 4252
3 4252 6366 4249
3 4213 6367 4210
3 4210 6367 4379
3 4379 4378 4210
3 4210 4378 4282
3 4378 6304 4282
3 4282 6304 6303
3 6304 4967 6303
3 6303 4967 6286
3 4967 4966 6286
3 6286 4966 6285
3 4966 6296 6285
3 6285 6296 4675
3 6295 4375 4287
3 4287 4375 4284
3 4375 4372 4284
3 4284 4372 4289
3 6368 6369 6371
3 6371 6369 6370
3 5244 6372 5245
3 5245 6372 6373
3 4316 6374 4317
3 4317 6374 6375
3 4330 6376 4331
3 4331 6376 6377
3 6378 4332 6375
3 6375 4332 4317
3 4373 6370 4330
3 4330 6370 6376
3 4332 6378 4425
3 4425 6378 6383
3 4331 6377 4316
3 4316 6377 6374
3 4921 6385 4922
3 6387 6388 4374
3 4374 6388 6389
3 6390 4237 6391
3 6391 4237 4718
3 6391 4718 6392
3 6392 4718 5295
3 4891 6413 6412
3 4226 6415 6414
3 6418 6417 6420
3 4895 5223 4683
3 4683 5223 4680
3 4131 4134 4895
3 4895 4134 5223
3 4130 4135 4131
3 4131 4135 4134
3 4225 4753 4130
3 4130 4753 4135
3 4250 4212 4225
3 4225 4212 4753
3 4249 4213 4250
3 4250 4213 4212
3 4249 6366 4213
3 4213 6366 6367
3 6366 4909 6367
3 6367 4909 4736
3 4908 5296 4735
3 4735 5296 5295
3 5296 6394 5295
3 5295 6394 6392
3 6457 6390 6391
3 6457 6391 6430
3 6430 6391 6392
3 6430 6465 6457
3 6465 6409 6457
3 6392 6394 6430
3 6430 6394 6393
3 4239 4238 3014
3 3014 4238 3015
3 4253 4256 3016
3 3016 4256 3017
3 6472 6473 4731
3 4731 6473 6474
3 6473 6373 6474
3 6474 6373 6372
3 5245 6373 3021
3 3021 6373 3022
3 4253 6298 4254
3 4254 6298 6287
3 6472 6299 3023
3 3023 6299 3024
3 6475 4256 6311
3 6311 4256 4255
3 4239 6475 4240
3 4240 6475 6311
3 6476 4238 6390
3 6390 4238 4237
3 4824 4688 3079
3 3079 4688 1329
3 5248 6522 6521
3 6521 6522 6523
3 6524 6369 5252
3 5252 6369 6525
3 4328 6535 6523
3 6523 6535 6542
3 6543 6544 6521
3 6521 6544 5247
3 6388 6387 5244
3 5244 6387 6372
3 6387 6545 6372
3 6372 6545 6474
3 4732 6545 6294
3 6294 6545 4376
3 4731 6474 4732
3 4732 6474 6545
3 5246 5248 5247
3 5247 5248 6521
3 6371 6389 6544
3 6544 6389 6388
3 6374 5253 6375
3 6375 5253 5257
3 6376 6524 6377
3 6377 6524 5254
3 5259 6378 5257
3 5257 6378 6375
3 6376 6370 6524
3 6524 6370 6369
3 6378 5259 6383
3 6383 5259 6570
3 6377 5254 6374
3 6374 5254 5253
3 6544 6388 5247
3 5247 6388 5244
3 4674 4749 4675
3 4675 4749 6285
3 4733 6288 4734
3 4734 6288 6287
3 4803 6289 4804
3 4804 6289 4962
3 4810 4806 4811
3 4811 4806 4410
3 4953 6291 4954
3 4954 6291 4958
3 4963 4961 4964
3 4964 4961 4750
3 6284 4820 4811
3 4811 4820 4808
3 4674 4286 4964
3 4964 4286 4209
3 6293 4144 4954
3 4954 4144 4153
3 4963 4119 4804
3 4804 4119 4118
3 6297 4965 4733
3 4733 4965 6288
3 6299 6472 4734
3 4734 6472 4731
3 6296 6295 4675
3 4675 6295 4287
3 6522 3159 4329
3 4329 3159 3158
3 5252 5251 6524
3 6524 5251 5254
3 5255 5251 4304
3 4304 5251 5250
3 4303 5256 4304
3 4304 5256 5255
3 4303 5258 5256
3 5260 6570 5258
3 5258 6570 5259
3 6523 6522 4328
3 4328 6522 4329
3 5252 6525 5249
3 6542 6537 6543
3 6543 6537 6368
3 6523 6542 6521
3 6521 6542 6543
3 3173 3024 6298
3 6298 3024 6299
3 4152 4151 4821
3 4821 4151 4406
3 4151 4167 4406
3 4406 4167 4341
3 4342 4167 4922
3 4922 4167 4166
3 4953 4152 6874
3 6874 4152 4821
3 6292 6291 6875
3 6875 6291 6876
3 6291 4953 6876
3 6876 4953 6874
3 4144 4143 4153
3 4153 4143 4150
3 4193 4143 4424
3 4424 4143 4142
3 4921 4193 4425
3 4425 4193 4424
3 4957 4956 6289
3 6289 4956 6290
3 6293 4957 4803
3 4803 4957 6289
3 6385 4921 6383
3 6383 4921 4425
3 6570 6385 6383
3 4144 6293 4145
3 4145 6293 4803
3 4103 4102 6878
3 6878 4102 6342
3 4104 6292 6306
3 6306 6292 6875
3 4103 4955 4104
3 4104 4955 6292
3 4955 4103 4956
3 4956 4103 6878
3 4956 6878 6290
3 6290 6878 6308
3 4374 4376 6387
3 6387 4376 6545
3 4377 4380 6310
3 6310 4380 4719
3 4380 4379 4736
3 4736 4379 6367
3 4909 6366 4910
3 4910 6366 6365
3 4965 4968 6288
3 6288 4968 4694
3 6294 6297 4732
3 4732 6297 4733
3 4968 6305 4694
3 4694 6305 4695
3 6305 4377 4695
3 4695 4377 6310
3 6368 6371 6543
3 6543 6371 6544
3 4374 6389 4372
3 4372 6389 4373
3 4909 4908 4736
3 4736 4908 4735
3 6537 6542 6536
3 6536 6542 6535
3 6294 4376 6295
3 6295 4376 4375
3 6389 6371 4373
3 4373 6371 6370
3 4965 6297 4966
3 4966 6297 6296
3 6537 6525 6368
3 6368 6525 6369
3 4405 4404 4403
3 4403 4404 4345
3 4409 4408 6876
3 6876 4408 6875
3 4408 4412 6875
3 6875 4412 6306
3 4415 4147 4146
3 4343 4404 4341
3 4820 4405 4808
3 4808 4405 4403
3 6284 4409 6874
3 6874 4409 6876
3 6307 4412 4686
3 4686 4412 4411
3 4415 6307 4413
3 4413 6307 4686
3 4820 6284 4821
3 4821 6284 6874
3 4148 4177 4149
3 4149 4177 5224
3 4678 4177 4679
3 4679 4177 4176
3 4105 4149 4102
3 4102 4149 5224
3 4678 4677 5225
3 5225 4677 4426
3 5225 6342 5224
3 5224 6342 4102
3 6411 4896 6327
3 6327 4896 5230
3 6412 4132 6411
3 6411 4132 4896
3 6413 4133 6412
3 6412 4133 4132
3 6414 4224 6413
3 6413 4224 4133
3 6415 4251 6414
3 6414 4251 4224
3 6416 4252 6415
3 6415 4252 4251
3 4252 6416 6365
3 6365 6416 6418
3 6365 6418 4910
3 4910 6418 6420
3 4907 6422 5297
3 6878 6342 6308
3 6308 6342 4427
3 4105 4104 4899
3 4899 4104 6306
3 3501 5234 3500
3 3500 5234 4812
3 3023 3502 6472
3 6472 3502 6473
3 3502 3022 6473
3 6473 3022 6373
3 3501 3504 5234
3 5234 3504 4809
3 6298 4253 3173
3 3173 4253 3016
3 3505 3017 6475
3 6475 3017 4256
3 1783 3159 5248
3 5248 3159 6522
3 3014 3505 4239
3 4239 3505 6475
3 3508 3015 6476
3 6476 3015 4238
3 3027 3508 6466
3 6466 3508 6476
3 3021 1784 5245
3 5245 1784 5246
3 1326 4806 3509
3 3509 4806 4810
3 3509 4810 3504
3 3504 4810 4809
3 1325 3511 4805
3 4805 3511 6309
3 3511 1330 6309
3 6309 1330 4687
