ply
format ascii 1.0
element vertex 4096
property float x
property float y
property float z
element face 7938
property list uchar int vertex_indices
end_header
-0.198078 -0.199204 0.002012
-0.194230 -0.200980 -0.000479
-0.188821 -0.199470 0.000727
-0.176964 -0.203603 0.001929
-0.172581 -0.199039 -0.000281
-0.166849 -0.200195 -0.000827
-0.162669 -0.200819 0.002521
-0.156917 -0.202813 0.000784
-0.150552 -0.196933 0.000700
-0.143738 -0.198939 -0.001284
-0.137411 -0.200664 -0.001861
-0.129623 -0.200815 0.000816
-0.122685 -0.202768 -0.000839
-0.115283 -0.203542 -0.000043
-0.109521 -0.197797 0.001360
-0.105800 -0.198938 -0.005400
-0.100076 -0.198549 -0.002375
-0.090948 -0.199483 -0.000633
-0.087301 -0.198932 0.000970
-0.077844 -0.198365 0.002726
-0.075081 -0.200532 0.003682
-0.068607 -0.197728 0.003001
-0.062433 -0.201907 -0.002327
-0.054523 -0.199000 -0.000986
-0.051474 -0.200960 -0.000465
-0.041537 -0.200346 0.000467
-0.033540 -0.200297 -0.000356
-0.030216 -0.198348 -0.001820
-0.023398 -0.198764 -0.001105
-0.014327 -0.203226 -0.002155
-0.008248 -0.203340 0.001472
0.001137 -0.199063 0.001262
-0.000081 -0.199033 -0.005304
0.005395 -0.202314 -0.002687
0.016997 -0.202799 -0.002193
0.022315 -0.198315 -0.000630
0.028174 -0.200920 -0.002084
0.033993 -0.201094 -0.002079
0.036741 -0.202515 -0.000088
0.048263 -0.198800 -0.000964
0.051801 -0.200070 0.001532
0.064165 -0.200820 0.001652
0.067459 -0.194898 -0.002084
0.075048 -0.196441 -0.000881
0.075390 -0.201168 -0.000977
0.087036 -0.200592 -0.001762
0.091081 -0.202633 -0.002491
0.098823 -0.200730 -0.002102
0.104777 -0.201633 -0.001341
0.110101 -0.197867 -0.001848
0.119231 -0.199853 -0.000041
0.124479 -0.200176 -0.000751
0.128803 -0.198856 0.001476
0.135635 -0.201849 -0.001788
0.141766 -0.197347 0.001415
0.146419 -0.198715 -0.001166
0.154680 -0.198008 -0.002989
0.160028 -0.200377 0.000227
0.170346 -0.200309 0.001613
0.174713 -0.198952 0.001419
0.182824 -0.200677 0.002581
0.185661 -0.199014 -0.001697
0.191178 -0.198636 0.001159
0.197163 -0.199580 -0.000786
-0.203145 -0.194811 0.000586
-0.195516 -0.195793 -0.000933
-0.188506 -0.196143 0.000964
-0.184236 -0.191094 -0.002198
-0.172803 -0.190105 -0.002537
-0.166402 -0.192936 -0.002371
-0.162360 -0.194016 -0.000797
-0.157114 -0.190687 0.001529
-0.149923 -0.194998 0.000290
-0.142450 -0.190948 0.002284
-0.136008 -0.193753 0.000755
-0.131141 -0.191259 0.002739
-0.126594 -0.195465 0.002649
-0.116232 -0.196462 0.001437
-0.110270 -0.192565 -0.001873
-0.105859 -0.194487 -0.004003
-0.095834 -0.192150 -0.000467
-0.089397 -0.192662 -0.001631
-0.087985 -0.190170 0.006437
-0.078758 -0.192985 0.002120
-0.070540 -0.197272 0.000355
-0.066892 -0.196998 0.000725
-0.062431 -0.195945 0.001860
-0.054326 -0.195942 -0.001194
-0.047941 -0.197547 0.000141
-0.037716 -0.194395 0.002582
-0.031900 -0.196020 0.000449
-0.028813 -0.191083 0.001504
-0.021687 -0.189649 -0.003667
-0.014967 -0.194032 -0.000636
-0.007683 -0.196799 0.001945
-0.001056 -0.192341 -0.005110
0.005533 -0.189980 -0.005564
0.008160 -0.194237 -0.001114
0.015726 -0.190987 -0.001917
0.019919 -0.194206 0.000499
0.026135 -0.193339 -0.000300
0.036748 -0.192732 -0.004433
0.040211 -0.193687 -0.000072
0.048154 -0.197034 0.000988
0.057514 -0.193267 -0.001964
0.060271 -0.195328 -0.000844
0.068765 -0.192669 0.003044
0.071576 -0.193310 -0.001339
0.078537 -0.193921 0.001159
0.086999 -0.196947 -0.002010
0.094447 -0.193144 -0.000817
0.101498 -0.196751 0.002923
0.104314 -0.194456 0.002768
0.111691 -0.193959 0.000679
0.114500 -0.193151 0.001763
0.121657 -0.193684 -0.001722
0.130900 -0.192677 -0.001184
0.135414 -0.194138 -0.001556
0.140139 -0.196192 0.002248
0.153368 -0.193699 0.004136
0.151612 -0.194025 0.001778
0.162896 -0.193194 -0.000294
0.165346 -0.190964 0.003681
0.174698 -0.194689 0.004112
0.179353 -0.194208 -0.000622
0.187981 -0.190530 0.000441
0.192382 -0.195254 0.001316
0.200132 -0.191564 0.003068
-0.200025 -0.183267 0.002203
-0.193071 -0.188472 0.000251
-0.185368 -0.183039 -0.001232
-0.176226 -0.187474 -0.001647
-0.176027 -0.187503 -0.001582
-0.172465 -0.187310 0.000638
-0.161141 -0.187932 0.002276
-0.157965 -0.188226 -0.000032
-0.146950 -0.193177 -0.001732
-0.144326 -0.185506 -0.002388
-0.132556 -0.187625 0.001616
-0.131300 -0.185114 -0.000601
-0.123699 -0.192634 -0.000014
-0.117637 -0.189841 -0.000496
-0.112339 -0.186568 -0.004734
-0.100268 -0.188777 -0.000042
-0.098662 -0.186395 0.002547
-0.089690 -0.185023 0.000172
-0.084234 -0.185914 0.003656
-0.080200 -0.189291 0.000261
-0.075705 -0.183309 -0.000212
-0.067244 -0.184863 -0.001902
-0.062261 -0.189035 0.000629
-0.053992 -0.185764 -0.002145
-0.047024 -0.186420 -0.000490
-0.039989 -0.184921 -0.001173
-0.033545 -0.185466 -0.005312
-0.027909 -0.187318 -0.000449
-0.022006 -0.184143 0.000011
-0.017510 -0.187881 0.002352
-0.008070 -0.185659 0.000654
-0.004987 -0.189564 -0.002000
0.004512 -0.189451 -0.003386
0.009146 -0.188651 0.000194
0.012480 -0.187572 -0.000584
0.022094 -0.188332 -0.000579
0.027334 -0.187603 -0.001535
0.038012 -0.187940 -0.002036
0.040829 -0.189837 -0.004653
0.048232 -0.187608 -0.001428
0.054619 -0.187675 0.000082
0.063804 -0.189934 -0.000333
0.068341 -0.187716 -0.000454
0.071054 -0.186961 -0.002519
0.079953 -0.186494 0.000855
0.088874 -0.185678 0.000920
0.093366 -0.184951 0.001103
0.097768 -0.190022 0.001594
0.104348 -0.189074 0.001710
0.110826 -0.185925 -0.003549
0.120908 -0.184954 -0.002856
0.125163 -0.185306 0.000194
0.130504 -0.188117 0.000132
0.135780 -0.188045 0.002556
0.144250 -0.189008 0.003134
0.149398 -0.186376 -0.000058
0.154919 -0.186731 0.002781
0.161807 -0.188871 -0.001289
0.168471 -0.186471 -0.000128
0.168852 -0.187841 0.000789
0.178930 -0.183320 0.001054
0.189774 -0.190493 0.001082
0.194572 -0.186847 -0.000588
0.198495 -0.185334 -0.001296
-0.198791 -0.178263 0.001645
-0.190185 -0.180927 -0.000667
-0.182849 -0.185301 -0.001981
-0.180757 -0.183060 -0.002463
-0.175316 -0.176000 -0.001443
-0.168271 -0.181005 0.000133
-0.161759 -0.181402 0.001237
-0.153774 -0.182129 -0.002321
-0.148689 -0.183099 -0.002436
-0.141794 -0.179419 0.001891
-0.136484 -0.181519 0.003334
-0.128806 -0.184747 -0.000944
-0.122420 -0.182991 -0.003497
-0.116261 -0.180515 0.001642
-0.113071 -0.179851 -0.000604
-0.105430 -0.177077 0.001384
-0.100397 -0.180897 0.002513
-0.091566 -0.184036 -0.000877
-0.089152 -0.181231 0.000579
-0.080054 -0.176746 0.000362
-0.075295 -0.184483 0.002486
-0.064090 -0.181616 0.004921
-0.061007 -0.179165 0.000074
-0.056041 -0.183672 -0.001210
-0.044003 -0.180004 -0.003169
-0.040927 -0.180003 0.001628
-0.037834 -0.179765 -0.001962
-0.026308 -0.180362 0.000700
-0.020420 -0.180194 -0.001644
-0.016063 -0.183522 0.001526
-0.004789 -0.181143 -0.001360
-0.003185 -0.181066 0.001108
-0.000024 -0.179643 -0.000127
0.007248 -0.180955 -0.001230
0.017699 -0.180496 0.001901
0.020994 -0.180484 0.002798
0.027250 -0.186622 -0.000586
0.034613 -0.182593 -0.001607
0.045949 -0.178753 0.000275
0.050288 -0.178950 -0.000174
0.055050 -0.180459 0.000720
0.058735 -0.178225 -0.001674
0.065107 -0.183046 -0.000377
0.072867 -0.181777 0.000705
0.082114 -0.183777 0.004719
0.089726 -0.181913 -0.000224
0.094376 -0.179338 -0.001297
0.097453 -0.180824 -0.001883
0.101749 -0.180744 0.000128
0.111877 -0.179960 -0.001458
0.116368 -0.181607 0.001998
0.127321 -0.181773 0.000721
0.127184 -0.177979 -0.000689
0.136395 -0.181870 -0.000905
0.144940 -0.183162 -0.002328
0.148901 -0.179223 -0.000842
0.156642 -0.182922 0.003897
0.160768 -0.181342 -0.001435
0.167542 -0.178587 0.001125
0.175164 -0.183041 0.002432
0.177255 -0.178833 -0.000778
0.187729 -0.182289 0.002857
0.191759 -0.186659 0.003299
0.199496 -0.180970 0.002897
-0.202472 -0.172931 0.002707
-0.193405 -0.172951 -0.001161
-0.187510 -0.173939 0.000363
-0.179332 -0.174212 0.000770
-0.176840 -0.173146 -0.001598
-0.165592 -0.174136 0.000197
-0.165079 -0.171064 -0.000589
-0.156414 -0.176095 -0.000958
-0.149221 -0.175310 0.000980
-0.142212 -0.176429 -0.002257
-0.134931 -0.173626 0.002085
-0.131650 -0.175241 -0.000896
-0.120997 -0.176740 -0.001504
-0.119411 -0.175488 -0.001376
-0.112199 -0.176043 0.002789
-0.107371 -0.175803 0.001470
-0.095853 -0.180488 0.002817
-0.088899 -0.174517 -0.000436
-0.084271 -0.175577 0.001773
-0.081330 -0.176107 -0.001523
-0.075903 -0.178292 0.002235
-0.064632 -0.174063 -0.001755
-0.059085 -0.173585 -0.000821
-0.051791 -0.175627 -0.002778
-0.047918 -0.176339 0.000950
-0.040091 -0.178903 -0.001837
-0.035071 -0.174178 -0.003475
-0.028806 -0.176874 0.003380
-0.020131 -0.170179 0.000424
-0.013867 -0.175918 -0.002989
-0.009255 -0.175384 -0.003278
-0.005500 -0.175624 0.001841
0.004928 -0.173755 0.001716
0.007432 -0.176995 0.000835
0.016720 -0.172878 0.001291
0.021383 -0.174736 -0.003014
0.025120 -0.177245 -0.000644
0.034675 -0.174017 -0.001650
0.036221 -0.176214 0.005829
0.047730 -0.176207 0.002089
0.052005 -0.174265 0.002461
0.057704 -0.177178 -0.002961
0.066536 -0.176502 -0.002115
0.073588 -0.177868 -0.000926
0.079659 -0.175991 -0.001788
0.085186 -0.176337 0.001837
0.093180 -0.173188 -0.000305
0.098910 -0.176510 0.000167
0.102932 -0.174858 -0.001445
0.112240 -0.177475 0.002724
0.119091 -0.177076 0.002092
0.123246 -0.177088 -0.004372
0.126522 -0.175869 -0.003479
0.138522 -0.174832 -0.001877
0.143750 -0.173768 -0.001663
0.150351 -0.170927 -0.001853
0.152843 -0.177157 0.001047
0.161577 -0.171093 -0.003599
0.168350 -0.172081 0.000615
0.172230 -0.173376 -0.002397
0.183496 -0.175218 0.000971
0.187624 -0.172763 -0.002643
0.197529 -0.175682 -0.001145
0.199183 -0.175798 0.005006
-0.198112 -0.167968 0.000414
-0.191391 -0.168555 -0.004617
-0.185799 -0.168389 -0.000676
-0.180805 -0.166411 -0.000886
-0.178618 -0.170750 0.001320
-0.171158 -0.168970 0.000962
-0.162069 -0.168300 0.001203
-0.153640 -0.167310 -0.004277
-0.150315 -0.169840 -0.002482
-0.140473 -0.168086 0.002311
-0.138573 -0.163921 -0.002881
-0.129756 -0.169285 0.000903
-0.120475 -0.171509 -0.000773
-0.116379 -0.171339 0.003285
-0.110330 -0.169076 0.002428
-0.104840 -0.167803 0.003334
-0.097279 -0.167656 0.002541
-0.090132 -0.169888 0.002207
-0.088638 -0.168699 -0.001504
-0.078273 -0.167269 -0.002042
-0.070995 -0.169514 -0.003330
-0.064157 -0.166130 0.004229
-0.055090 -0.173123 0.001338
-0.053832 -0.169112 0.004027
-0.044560 -0.169288 0.001122
-0.041205 -0.170998 -0.001354
-0.033517 -0.165534 -0.003932
-0.029251 -0.168865 0.005451
-0.025959 -0.166454 0.000286
-0.019526 -0.170145 0.000823
-0.008131 -0.167834 -0.001928
-0.001316 -0.170551 -0.000975
0.006493 -0.168114 -0.001299
0.010746 -0.169855 0.005625
0.012108 -0.170429 0.005026
0.021779 -0.171137 -0.000879
0.026527 -0.169116 -0.002526
0.036487 -0.170304 0.000495
0.042152 -0.163306 0.001285
0.048945 -0.167319 -0.003975
0.052541 -0.167050 0.004258
0.059585 -0.165692 0.001795
0.067862 -0.168626 -0.002895
0.073560 -0.166768 0.000191
0.079272 -0.168858 -0.002217
0.085736 -0.168340 0.002883
0.092142 -0.166214 -0.001835
0.102898 -0.167682 0.000645
0.102190 -0.167491 -0.005833
0.111269 -0.168679 -0.000763
0.113955 -0.165443 -0.000085
0.124722 -0.168642 -0.000585
0.127730 -0.169106 0.002152
0.139590 -0.168991 -0.000600
0.142445 -0.167734 -0.000673
0.147613 -0.170880 -0.003548
0.158748 -0.168821 -0.000477
0.159184 -0.168414 -0.001233
0.168831 -0.169518 0.000067
0.175423 -0.171023 -0.000763
0.182915 -0.169795 0.000930
0.187190 -0.166900 -0.003221
0.191916 -0.170215 -0.001312
0.201984 -0.166863 0.001352
-0.200599 -0.161409 0.003518
-0.197533 -0.157948 -0.002284
-0.185964 -0.158048 -0.000223
-0.178253 -0.161515 0.001114
-0.173593 -0.161416 0.001452
-0.165950 -0.161727 -0.000560
-0.162897 -0.163577 -0.003820
-0.162180 -0.160497 0.001408
-0.146727 -0.160902 0.002080
-0.144993 -0.161709 0.000926
-0.140269 -0.157259 -0.003684
-0.130016 -0.162824 0.000716
-0.122853 -0.160323 0.000614
-0.118749 -0.161721 0.002784
-0.109455 -0.157489 0.001509
-0.100058 -0.158802 -0.000186
-0.096695 -0.164077 0.001494
-0.086620 -0.162040 -0.001022
-0.085655 -0.161747 0.000852
-0.080153 -0.158363 -0.000714
-0.075121 -0.161024 0.001772
-0.064200 -0.159867 -0.000761
-0.060138 -0.162457 0.001764
-0.055453 -0.162483 -0.002650
-0.045614 -0.165750 -0.001016
-0.044554 -0.162741 0.002489
-0.034368 -0.162142 0.000054
-0.028548 -0.163966 -0.000240
-0.019618 -0.161081 0.002305
-0.018138 -0.160016 0.001561
-0.007984 -0.163234 0.000079
-0.006184 -0.160141 -0.000441
0.001463 -0.162666 -0.001578
0.005978 -0.159418 0.001348
0.012098 -0.164459 0.000699
0.024085 -0.162348 -0.000694
0.028763 -0.160869 -0.001494
0.032683 -0.164430 0.001698
0.043585 -0.158969 -0.003225
0.046356 -0.160807 0.000173
0.052892 -0.161528 0.005738
0.058761 -0.162414 0.001165
0.068903 -0.163909 -0.000395
0.071709 -0.160480 -0.002124
0.081322 -0.164655 -0.003753
0.082866 -0.161174 -0.000330
0.091197 -0.163973 0.001351
0.100307 -0.160557 -0.001670
0.102916 -0.157592 0.005832
0.113824 -0.162350 0.000629
0.114820 -0.159576 0.000970
0.122267 -0.163954 -0.000654
0.131907 -0.164962 0.001368
0.136547 -0.164532 0.000698
0.144256 -0.161479 -0.000238
0.148066 -0.161359 -0.000598
0.153302 -0.164720 0.000038
0.161100 -0.159730 0.000857
0.169150 -0.160821 -0.000344
0.174905 -0.160945 0.000556
0.178911 -0.161732 -0.000056
0.187618 -0.163040 0.002025
0.191490 -0.162116 0.002345
0.201378 -0.159765 -0.001124
-0.198194 -0.158261 0.003795
-0.195461 -0.157045 -0.000814
-0.183476 -0.155122 -0.000038
-0.181890 -0.153047 0.000216
-0.174436 -0.156370 0.001394
-0.168067 -0.159100 0.001385
-0.163246 -0.155319 0.002110
-0.154109 -0.154375 0.001941
-0.149089 -0.153522 0.000537
-0.140710 -0.159823 -0.000796
-0.136258 -0.153580 0.001122
-0.130779 -0.154016 0.000191
-0.123926 -0.155683 -0.000028
-0.116934 -0.155446 0.001389
-0.111155 -0.156262 0.001359
-0.108035 -0.152459 0.004055
-0.098636 -0.157232 -0.000263
-0.091360 -0.155974 -0.000431
-0.084589 -0.155694 -0.000963
-0.076967 -0.155368 -0.003124
-0.077194 -0.156512 0.000214
-0.062400 -0.155496 0.003074
-0.060302 -0.155734 -0.000944
-0.055311 -0.155292 -0.002910
-0.046323 -0.155551 -0.000383
-0.039247 -0.153434 0.001718
-0.032906 -0.154070 0.000109
-0.030187 -0.152609 -0.002505
-0.021445 -0.151479 0.002491
-0.018246 -0.155318 -0.002188
-0.008864 -0.152908 0.002958
-0.000297 -0.154898 -0.001804
0.004090 -0.155197 -0.000934
0.007681 -0.156547 0.001399
0.019868 -0.156006 -0.000865
0.022931 -0.154158 -0.002520
0.029138 -0.152424 -0.000618
0.035494 -0.152552 -0.003220
0.040720 -0.156486 0.002094
0.046637 -0.156764 0.001375
0.052933 -0.156218 -0.002661
0.057042 -0.155559 -0.002808
0.067264 -0.153251 -0.000202
0.074468 -0.153976 -0.002378
0.081264 -0.155310 -0.000238
0.083610 -0.158275 0.001661
0.088621 -0.158024 0.000076
0.099166 -0.153705 0.000051
0.102061 -0.155904 -0.000478
0.113598 -0.155322 0.002630
0.120415 -0.155314 -0.002529
0.124903 -0.155297 -0.002788
0.127924 -0.156382 0.001365
0.137334 -0.154761 -0.002090
0.147100 -0.156289 0.000907
0.147493 -0.156453 0.002494
0.155994 -0.155419 -0.000724
0.161847 -0.153435 -0.000932
0.166455 -0.156076 -0.003937
0.170105 -0.158227 -0.000895
0.181860 -0.158044 -0.000244
0.192384 -0.152049 -0.000582
0.194099 -0.158150 -0.000373
0.199471 -0.154992 -0.000757
-0.200466 -0.148032 -0.000641
-0.194418 -0.150246 0.004618
-0.191582 -0.148156 -0.003862
-0.177612 -0.147085 -0.001484
-0.174002 -0.145621 -0.002447
-0.167423 -0.150105 0.002934
-0.163372 -0.146235 0.002427
-0.155635 -0.150634 -0.006814
-0.152313 -0.150510 -0.005918
-0.143467 -0.151351 0.003461
-0.135588 -0.151376 0.004323
-0.126902 -0.147221 0.002953
-0.122196 -0.148460 0.000635
-0.115933 -0.152712 0.000511
-0.108588 -0.147668 0.003076
-0.106700 -0.149856 0.002274
-0.099771 -0.150557 0.001326
-0.093477 -0.146490 -0.003078
-0.087852 -0.150433 0.002329
-0.079119 -0.147582 0.002719
-0.074296 -0.148070 -0.001299
-0.067448 -0.148607 0.001374
-0.062651 -0.146883 -0.002717
-0.053231 -0.148524 -0.000932
-0.047945 -0.148461 0.001984
-0.044564 -0.146206 -0.000470
-0.034741 -0.149657 -0.000262
-0.030204 -0.147535 -0.001707
-0.023439 -0.147969 0.001037
-0.017093 -0.149640 0.001136
-0.010282 -0.148266 -0.000506
-0.004181 -0.152560 -0.001375
0.000740 -0.146387 0.006547
0.010111 -0.148549 0.000358
0.018992 -0.147857 0.002563
0.020073 -0.148662 0.002050
0.027915 -0.147376 -0.004873
0.034650 -0.150344 -0.000509
0.039932 -0.146829 0.000664
0.046310 -0.149035 0.002438
0.054154 -0.146876 -0.000671
0.058340 -0.151499 0.001657
0.067044 -0.148146 0.000219
0.074395 -0.144389 0.001795
0.078482 -0.149264 -0.002470
0.087461 -0.150278 0.001167
0.092638 -0.149721 0.001573
0.095152 -0.150320 0.000812
0.106428 -0.145846 0.002887
0.110307 -0.150027 0.000246
0.118391 -0.149072 -0.004749
0.125104 -0.151441 -0.000424
0.129591 -0.148942 -0.001276
0.134365 -0.150777 -0.002191
0.140061 -0.152194 0.001921
0.152484 -0.153409 -0.000209
0.156717 -0.147016 -0.001438
0.159539 -0.150122 -0.002942
0.167002 -0.148723 0.001620
0.174105 -0.152052 0.000003
0.180253 -0.148206 0.000818
0.187271 -0.149894 0.002556
0.191355 -0.146746 0.000734
0.201349 -0.149406 -0.002203
-0.197952 -0.144996 0.001528
-0.192571 -0.143836 -0.001327
-0.187205 -0.146117 0.001308
-0.179144 -0.146825 0.002667
-0.175044 -0.143728 -0.003122
-0.170489 -0.143842 0.000462
-0.162206 -0.139930 -0.001067
-0.154882 -0.142773 -0.002706
-0.147248 -0.143390 0.000025
-0.144438 -0.140938 -0.001191
-0.134126 -0.141981 0.000370
-0.131376 -0.141229 0.001817
-0.126672 -0.141229 0.005171
-0.115282 -0.142069 0.002854
-0.111876 -0.144941 0.000238
-0.105083 -0.143619 0.000874
-0.096626 -0.144810 0.001324
-0.090992 -0.142610 -0.000440
-0.086895 -0.139244 0.000509
-0.077362 -0.143593 0.000271
-0.072246 -0.141966 -0.001321
-0.064609 -0.145359 0.000350
-0.059909 -0.139494 0.001383
-0.052675 -0.141204 -0.000816
-0.046606 -0.144501 0.001077
-0.037487 -0.143171 0.000226
-0.035440 -0.140535 -0.001259
-0.029140 -0.138697 0.001817
-0.018310 -0.140934 -0.000454
-0.017168 -0.141561 0.002772
-0.008500 -0.141722 0.000148
-0.000156 -0.146945 0.001883
0.002936 -0.143307 0.000438
0.011131 -0.141424 0.006541
0.018173 -0.144341 0.000211
0.022290 -0.144366 -0.001483
0.025196 -0.144698 -0.000067
0.036778 -0.144972 0.000591
0.039708 -0.142344 0.001600
0.049915 -0.142920 0.001930
0.056498 -0.146597 -0.001143
0.060292 -0.139321 -0.002198
0.066738 -0.144090 -0.002096
0.074509 -0.143995 -0.001319
0.081653 -0.141644 0.000894
0.084935 -0.141736 -0.001362
0.092409 -0.146547 -0.002469
0.097747 -0.143850 -0.000222
0.103440 -0.142028 0.000081
0.111705 -0.144626 0.000726
0.118388 -0.145078 0.001238
0.124659 -0.144005 -0.000430
0.127867 -0.144542 0.001109
0.133586 -0.143367 -0.001225
0.144227 -0.145662 -0.003534
0.147876 -0.144000 0.000511
0.155493 -0.143126 0.001553
0.160678 -0.141480 0.000303
0.169351 -0.142258 -0.000393
0.174297 -0.142351 -0.000383
0.182016 -0.141134 -0.004112
0.184173 -0.146883 0.001869
0.191394 -0.141126 -0.000756
0.197499 -0.139756 0.001371
-0.200779 -0.133515 0.001337
-0.196731 -0.137668 -0.001806
-0.189981 -0.134056 0.000918
-0.179792 -0.137898 -0.002788
-0.173212 -0.134923 0.004295
-0.168786 -0.140432 0.000218
-0.162866 -0.139610 -0.004399
-0.156610 -0.137206 -0.000283
-0.145932 -0.136379 0.001939
-0.140115 -0.133081 0.003009
-0.136721 -0.136329 0.001121
-0.134139 -0.138186 0.002638
-0.126310 -0.139175 0.004558
-0.121555 -0.138768 -0.000708
-0.111318 -0.135603 -0.003367
-0.105676 -0.133494 -0.001519
-0.099308 -0.141978 -0.002053
-0.092669 -0.135504 -0.002521
-0.084414 -0.135767 0.000778
-0.081663 -0.133166 -0.000037
-0.070334 -0.136807 0.001267
-0.071685 -0.136625 -0.001498
-0.060258 -0.135194 -0.000546
-0.052513 -0.135570 -0.000517
-0.048885 -0.137933 0.003443
-0.044466 -0.133850 0.004435
-0.032771 -0.133293 -0.002170
-0.028075 -0.136596 -0.003891
-0.021722 -0.137380 0.000079
-0.018712 -0.135448 0.000821
-0.012652 -0.135566 -0.001725
-0.004974 -0.137616 -0.000538
0.004594 -0.136567 -0.003684
0.011849 -0.136157 0.001727
0.020444 -0.136004 -0.003252
0.028066 -0.136645 -0.002049
0.023400 -0.132790 -0.001705
0.034523 -0.134718 -0.001945
0.039900 -0.134554 -0.001341
0.048133 -0.136820 0.000168
0.055719 -0.135677 0.001287
0.063221 -0.134007 0.002674
0.064499 -0.136131 0.001117
0.071701 -0.136550 0.000322
0.077952 -0.133745 -0.003290
0.083787 -0.134917 0.000863
0.091351 -0.134448 -0.002253
0.097405 -0.136135 -0.003622
0.103769 -0.139633 -0.001982
0.110759 -0.137433 -0.000478
0.117195 -0.133949 0.001413
0.124031 -0.133292 -0.001326
0.131215 -0.138345 -0.000186
0.132084 -0.135416 -0.001732
0.143829 -0.135469 -0.001954
0.149920 -0.134503 -0.000819
0.160346 -0.137288 0.000861
0.162229 -0.136717 0.001345
0.169036 -0.137796 -0.001642
0.175337 -0.135953 0.000076
0.177777 -0.134239 0.000588
0.185748 -0.136375 0.002566
0.192701 -0.134598 -0.001705
0.201720 -0.138610 0.003535
-0.199650 -0.132825 0.000068
-0.191294 -0.135478 -0.000454
-0.186955 -0.131533 -0.003088
-0.180824 -0.129130 -0.001382
-0.173599 -0.126166 -0.002746
-0.169280 -0.129797 0.001250
-0.160084 -0.133695 -0.000522
-0.153396 -0.127528 0.005451
-0.149632 -0.128802 -0.002992
-0.142752 -0.130422 -0.002204
-0.138699 -0.129616 0.001259
-0.130713 -0.130928 0.000765
-0.127277 -0.126732 0.002830
-0.121790 -0.129468 0.001766
-0.113395 -0.128150 -0.002008
-0.105739 -0.131317 -0.002837
-0.099029 -0.126373 0.000541
-0.093061 -0.129729 0.000953
-0.086746 -0.128750 0.000833
-0.078630 -0.131891 0.001579
-0.071626 -0.131506 -0.001238
-0.068540 -0.129000 -0.002722
-0.059562 -0.132291 0.001561
-0.053496 -0.131081 0.003312
-0.047079 -0.128046 0.000260
-0.038757 -0.129353 -0.000887
-0.037004 -0.129040 -0.001992
-0.026924 -0.129761 0.004941
-0.019042 -0.130621 -0.000493
-0.014795 -0.132995 0.000351
-0.008709 -0.131137 -0.000298
-0.006031 -0.132183 -0.002057
0.003048 -0.128939 0.001925
0.008726 -0.133217 0.003025
0.014396 -0.130343 -0.001507
0.023815 -0.130541 0.002358
0.028569 -0.127676 -0.001374
0.035145 -0.129504 0.001314
0.042221 -0.134255 0.000936
0.048059 -0.130072 -0.000065
0.053503 -0.130653 0.000122
0.059112 -0.133726 -0.002963
0.065328 -0.130675 0.000428
0.075235 -0.131571 -0.001270
0.081682 -0.131561 -0.003581
0.082804 -0.128606 -0.000313
0.089988 -0.128956 -0.002338
0.095798 -0.129870 0.000515
0.106556 -0.128632 -0.000656
0.112834 -0.128356 0.000015
0.112903 -0.130460 -0.000736
0.124770 -0.130861 0.002474
0.128056 -0.129003 -0.002459
0.133465 -0.129897 -0.003275
0.142436 -0.129694 -0.001928
0.148699 -0.130817 -0.001128
0.153894 -0.128472 0.002258
0.160378 -0.126812 -0.002524
0.169799 -0.130644 -0.002074
0.173895 -0.129662 0.002653
0.178459 -0.132583 -0.002283
0.187446 -0.134439 0.001339
0.193588 -0.129342 0.001770
0.199716 -0.126613 0.004532
-0.201153 -0.122898 -0.001556
-0.192412 -0.125351 0.000962
-0.186937 -0.118825 0.003697
-0.181927 -0.123770 -0.006475
-0.172086 -0.127407 -0.001261
-0.171938 -0.127149 -0.001745
-0.159614 -0.123514 0.000114
-0.155859 -0.125318 -0.000419
-0.151224 -0.122598 -0.000743
-0.139815 -0.121975 -0.001024
-0.138815 -0.125921 0.001325
-0.129904 -0.123562 -0.002529
-0.124873 -0.123195 0.002441
-0.117584 -0.127497 -0.001064
-0.110273 -0.127815 -0.003022
-0.108983 -0.122529 -0.001805
-0.092579 -0.122780 0.000858
-0.090285 -0.123103 -0.002517
-0.086917 -0.121313 0.002770
-0.082351 -0.128097 -0.003694
-0.073898 -0.122001 0.002003
-0.065828 -0.119617 0.002098
-0.063139 -0.122051 0.000418
-0.054490 -0.125242 -0.000280
-0.045926 -0.123227 0.003357
-0.039922 -0.122670 -0.000269
-0.036681 -0.126013 -0.002684
-0.029217 -0.122614 0.000208
-0.026588 -0.124583 0.000312
-0.015141 -0.119927 0.001537
-0.007797 -0.123388 0.000509
-0.002133 -0.126590 -0.000022
0.002609 -0.123500 -0.000591
0.013580 -0.125509 0.002557
0.013003 -0.122744 -0.001687
0.024780 -0.123047 0.000829
0.030461 -0.125158 0.001138
0.032489 -0.125255 0.002011
0.039355 -0.122147 -0.001736
0.046285 -0.123829 0.002076
0.055007 -0.125865 0.002216
0.059980 -0.125092 -0.002868
0.064965 -0.123417 -0.003291
0.071933 -0.124299 -0.000632
0.080775 -0.127894 0.000047
0.085384 -0.126425 -0.000292
0.094127 -0.126779 -0.002280
0.094822 -0.124667 -0.000735
0.102451 -0.122623 0.002553
0.109297 -0.121767 -0.002492
0.116100 -0.125461 -0.002601
0.124996 -0.123595 0.000240
0.127578 -0.120705 0.002791
0.138502 -0.124454 0.000609
0.143205 -0.124691 0.002049
0.150524 -0.122820 -0.000496
0.156889 -0.121765 0.000921
0.163288 -0.124162 0.003057
0.170856 -0.121950 -0.001830
0.171952 -0.125204 -0.002859
0.184505 -0.121852 -0.002305
0.187668 -0.122920 0.002949
0.193393 -0.125627 0.000909
0.199818 -0.122897 0.004565
-0.201563 -0.117580 -0.001089
-0.195877 -0.119374 0.000748
-0.185092 -0.116618 -0.000356
-0.182954 -0.115313 -0.004687
-0.177059 -0.116312 -0.001494
-0.167999 -0.116705 -0.002952
-0.163152 -0.115754 0.003609
-0.155549 -0.114207 0.002657
-0.146669 -0.116588 0.004039
-0.140064 -0.120553 -0.003922
-0.137614 -0.116947 0.000609
-0.129273 -0.113910 0.000018
-0.122759 -0.114940 -0.002345
-0.113186 -0.116299 -0.001856
-0.113509 -0.119567 -0.001144
-0.103032 -0.114913 0.002699
-0.097339 -0.116805 0.001259
-0.091084 -0.116270 -0.000757
-0.088101 -0.118668 0.000443
-0.079472 -0.119070 0.000712
-0.073004 -0.117089 -0.004056
-0.062180 -0.122058 0.002543
-0.059557 -0.117756 -0.000805
-0.053413 -0.117059 0.000534
-0.042930 -0.117220 0.000932
-0.040832 -0.117988 0.001055
-0.037198 -0.117409 0.002463
-0.026211 -0.116402 0.002290
-0.024755 -0.119562 -0.000729
-0.017148 -0.116832 -0.000525
-0.009052 -0.115149 0.001567
-0.004209 -0.116196 -0.000290
0.003981 -0.118746 -0.002565
0.011992 -0.118167 0.000447
0.017839 -0.115838 0.000865
0.020463 -0.118413 -0.000452
0.027480 -0.120043 -0.000394
0.032420 -0.115437 -0.003037
0.040115 -0.118216 -0.000242
0.048935 -0.117875 -0.001964
0.051715 -0.120564 -0.000617
0.060498 -0.117148 -0.000678
0.065891 -0.116791 -0.000550
0.073418 -0.117100 -0.000249
0.079361 -0.114619 0.000464
0.086178 -0.117522 0.000171
0.090208 -0.119128 -0.002711
0.100841 -0.112559 0.005261
0.104967 -0.114391 0.001596
0.109724 -0.119288 -0.002192
0.120474 -0.116389 0.000757
0.123665 -0.116859 -0.002032
0.131586 -0.117420 -0.001324
0.136285 -0.117742 0.000256
0.141359 -0.119034 -0.001836
0.147671 -0.121020 0.001353
0.151951 -0.117949 0.001464
0.162233 -0.120522 0.001114
0.169819 -0.117488 -0.004674
0.174728 -0.117433 -0.001480
0.182170 -0.116861 -0.001046
0.186035 -0.117875 0.000363
0.195021 -0.116985 0.001222
0.199480 -0.117892 0.006367
-0.198114 -0.109578 0.003007
-0.192863 -0.110655 -0.001394
-0.186589 -0.112931 -0.004514
-0.182342 -0.109440 -0.001508
-0.173671 -0.110076 -0.001665
-0.168002 -0.111775 0.002316
-0.158751 -0.109871 0.001202
-0.154646 -0.111341 -0.001314
-0.151246 -0.114414 -0.002143
-0.140768 -0.109129 0.000813
-0.135396 -0.114302 -0.001745
-0.128846 -0.111487 -0.002178
-0.118298 -0.111801 0.001595
-0.116963 -0.109991 -0.000059
-0.111530 -0.109964 -0.001406
-0.103376 -0.115319 0.002498
-0.098373 -0.108367 -0.000354
-0.093778 -0.111504 -0.000184
-0.084400 -0.106782 0.004036
-0.080814 -0.112267 -0.000835
-0.072904 -0.110272 0.002046
-0.065203 -0.108372 0.000236
-0.060351 -0.110979 0.001129
-0.055614 -0.111639 -0.002661
-0.044656 -0.111103 0.001182
-0.041186 -0.112992 0.002422
-0.035005 -0.112230 0.002161
-0.029027 -0.110087 -0.002234
-0.021031 -0.110037 -0.000387
-0.016890 -0.111990 0.002895
-0.011218 -0.113765 -0.000561
-0.003688 -0.114824 0.000799
0.005204 -0.106893 -0.000402
0.004714 -0.110814 0.001495
0.018820 -0.108628 -0.001064
0.022724 -0.114820 0.000239
0.028343 -0.108569 -0.000482
0.033765 -0.109889 0.000062
0.039199 -0.109969 -0.001710
0.048635 -0.113143 -0.001526
0.056412 -0.110628 -0.004824
0.060526 -0.112539 0.002125
0.065074 -0.109735 0.001302
0.071220 -0.110754 -0.002996
0.079075 -0.112126 0.000011
0.090067 -0.109555 -0.003441
0.092568 -0.107689 0.004126
0.100925 -0.112142 -0.000712
0.103621 -0.109671 0.000373
0.107660 -0.105204 0.000439
0.116881 -0.111058 -0.000979
0.125370 -0.109500 0.000714
0.130865 -0.111188 0.000285
0.136653 -0.111344 -0.000006
0.145035 -0.109801 -0.001082
0.146612 -0.111149 0.003397
0.156425 -0.112881 0.003044
0.161035 -0.110860 0.000894
0.169539 -0.108966 -0.004638
0.172441 -0.112823 -0.000088
0.178587 -0.112515 -0.002719
0.191131 -0.112053 0.002163
0.196841 -0.108932 0.001843
0.199089 -0.114418 0.000545
-0.197484 -0.102012 -0.006192
-0.194527 -0.105379 -0.002280
-0.186918 -0.106510 0.003814
-0.180088 -0.104754 0.001643
-0.173676 -0.106159 0.002281
-0.171395 -0.106571 0.001971
-0.164127 -0.105496 -0.002484
-0.156791 -0.103252 0.001247
-0.149979 -0.103044 0.003167
-0.140833 -0.106253 -0.001041
-0.133221 -0.105594 -0.003314
-0.124234 -0.107546 0.000533
-0.120585 -0.104058 -0.002124
-0.117533 -0.105407 -0.002754
-0.108936 -0.103824 -0.000222
-0.105902 -0.103539 -0.001449
-0.099114 -0.108402 0.003908
-0.092362 -0.105691 0.002658
-0.080295 -0.103971 0.001655
-0.080726 -0.102036 -0.001647
-0.074834 -0.110271 0.000561
-0.066349 -0.102454 0.001235
-0.058857 -0.104362 0.000568
-0.052481 -0.099538 -0.001420
-0.047879 -0.105134 0.002762
-0.038269 -0.107023 0.000438
-0.033707 -0.108806 -0.001434
-0.031668 -0.103782 -0.001965
-0.020935 -0.102930 -0.000165
-0.016828 -0.103478 0.000589
-0.008323 -0.104251 -0.000718
-0.002877 -0.106440 0.001043
-0.001116 -0.102395 0.002024
0.009479 -0.102168 -0.001854
0.018836 -0.103815 -0.003286
0.023053 -0.103141 0.001601
0.031093 -0.105459 0.004008
0.032571 -0.105357 0.002118
0.041293 -0.104355 0.002943
0.046977 -0.104535 -0.000503
0.051233 -0.106250 0.000409
0.060531 -0.106922 0.001586
0.065586 -0.107062 -0.000169
0.071160 -0.104286 0.002175
0.079929 -0.107466 0.001579
0.084854 -0.103642 -0.000649
0.096219 -0.104561 0.001641
0.102068 -0.105004 -0.000366
0.104208 -0.105508 0.000025
0.111569 -0.104872 0.003214
0.115054 -0.105159 0.000142
0.122633 -0.103809 -0.002771
0.129238 -0.101260 -0.001736
0.137301 -0.105824 0.000823
0.144690 -0.099838 0.004978
0.148044 -0.101986 -0.002327
0.156454 -0.107835 0.001715
0.159286 -0.103035 0.001307
0.167305 -0.105354 0.001202
0.174049 -0.103795 -0.001802
0.180564 -0.105320 -0.000949
0.186774 -0.103728 0.002385
0.191589 -0.104498 0.004437
0.195847 -0.103384 0.002340
-0.199950 -0.101073 0.000488
-0.191157 -0.095494 -0.001386
-0.183363 -0.099179 0.002564
-0.183454 -0.094470 0.001678
-0.173001 -0.099044 0.002105
-0.168502 -0.102675 0.000994
-0.163314 -0.092684 -0.001529
-0.154048 -0.099463 0.000084
-0.150107 -0.098781 -0.002513
-0.139961 -0.101107 -0.002982
-0.135839 -0.100513 0.001318
-0.129831 -0.098926 -0.001369
-0.123182 -0.098450 0.002834
-0.115183 -0.097941 -0.000881
-0.110062 -0.097269 0.000797
-0.108155 -0.096905 0.000549
-0.098170 -0.099377 0.001337
-0.089732 -0.096922 -0.000873
-0.089555 -0.097387 -0.000108
-0.080899 -0.096491 -0.001155
-0.073751 -0.099558 0.001137
-0.067505 -0.102210 -0.003188
-0.060026 -0.100436 0.001114
-0.053923 -0.096971 -0.001979
-0.049075 -0.095626 0.002720
-0.039851 -0.097892 0.000413
-0.034467 -0.094604 0.000718
-0.026923 -0.097419 -0.001018
-0.024541 -0.101016 -0.000144
-0.018248 -0.097417 0.001422
-0.008255 -0.099328 -0.000895
-0.004442 -0.097662 -0.002142
0.000368 -0.096760 0.000414
0.010048 -0.099731 0.002102
0.018846 -0.098326 0.002725
0.021534 -0.099601 -0.000453
0.027869 -0.099816 0.000422
0.034818 -0.094504 -0.002737
0.038066 -0.095729 0.000517
0.044020 -0.100660 -0.000869
0.053606 -0.102633 0.001638
0.064199 -0.095541 -0.000089
0.066842 -0.098544 0.001752
0.070600 -0.104561 0.000850
0.080870 -0.102364 0.001469
0.085576 -0.098505 0.001333
0.094903 -0.099933 -0.000116
0.095785 -0.099495 -0.000101
0.104912 -0.097405 0.000303
0.110745 -0.101450 0.001157
0.119652 -0.100028 -0.002435
0.121727 -0.097907 0.005709
0.131849 -0.097393 -0.000163
0.140352 -0.099141 0.002267
0.138990 -0.098286 -0.004051
0.149022 -0.098544 0.004187
0.154494 -0.099870 0.003850
0.161981 -0.099064 -0.002214
0.168471 -0.092811 -0.002788
0.175886 -0.093399 -0.000960
0.180357 -0.098002 -0.000375
0.187032 -0.098075 0.001869
0.196093 -0.099321 0.000008
0.199247 -0.097226 -0.001433
-0.199419 -0.088401 0.001888
-0.195820 -0.091311 0.001499
-0.189845 -0.091937 0.000451
-0.179952 -0.093841 0.004424
-0.171003 -0.092629 0.003016
-0.164168 -0.086134 0.000575
-0.164733 -0.092005 -0.000493
-0.154660 -0.092367 -0.000753
-0.151539 -0.091398 -0.000091
-0.144033 -0.095512 0.002325
-0.135868 -0.093021 -0.000686
-0.130550 -0.092174 -0.001857
-0.122682 -0.089331 0.001222
-0.118812 -0.091994 0.001582
-0.113544 -0.096619 0.000709
-0.104555 -0.094683 -0.001453
-0.099591 -0.094965 0.002060
-0.092960 -0.094032 -0.000402
-0.086666 -0.092580 0.000506
-0.083969 -0.092943 -0.004191
-0.073956 -0.090979 0.000360
-0.068446 -0.096584 0.005646
-0.059291 -0.092460 0.000198
-0.054321 -0.096048 0.001019
-0.047806 -0.095579 0.000295
-0.041711 -0.093085 -0.003162
-0.030267 -0.095088 -0.001368
-0.027685 -0.090998 -0.000978
-0.025608 -0.096501 0.001527
-0.018754 -0.090649 -0.000369
-0.011383 -0.093984 0.002278
-0.001791 -0.091930 0.000732
0.001827 -0.091404 -0.000111
0.005728 -0.091874 -0.000268
0.015751 -0.089338 0.000955
0.019015 -0.093530 0.000267
0.027914 -0.091269 0.001365
0.034888 -0.093113 -0.003342
0.037696 -0.085567 -0.000082
0.047510 -0.094189 0.003489
0.050287 -0.092214 0.000476
0.057371 -0.092506 -0.003299
0.063757 -0.090174 0.000078
0.077238 -0.093469 0.000249
0.077284 -0.089542 -0.001103
0.082475 -0.093176 -0.003867
0.092055 -0.095841 0.003071
0.098297 -0.090112 -0.000478
0.103216 -0.093187 -0.003303
0.110389 -0.089422 0.000330
0.114091 -0.094338 -0.003557
0.122942 -0.090124 -0.000188
0.132080 -0.094108 -0.001486
0.135587 -0.091985 -0.002495
0.145006 -0.091905 0.001993
0.150381 -0.091893 0.004929
0.160092 -0.091536 -0.002568
0.163945 -0.094541 -0.000081
0.166554 -0.091917 -0.001093
0.177358 -0.092110 0.000584
0.181766 -0.089217 -0.001325
0.188237 -0.090342 0.000992
0.193692 -0.089440 -0.001130
0.201474 -0.092977 -0.003386
-0.200882 -0.088178 0.003272
-0.193375 -0.085374 0.001374
-0.188247 -0.084708 0.001844
-0.180852 -0.089915 -0.000494
-0.175356 -0.087309 0.002116
-0.168972 -0.089585 -0.000658
-0.163515 -0.086392 0.001504
-0.156138 -0.084352 -0.001260
-0.150535 -0.086641 -0.000551
-0.144429 -0.085564 0.001133
-0.134945 -0.084802 0.003081
-0.126196 -0.083382 0.001916
-0.121632 -0.084834 -0.003627
-0.118744 -0.086394 0.002048
-0.108866 -0.090509 0.001313
-0.102893 -0.084939 0.001466
-0.103937 -0.086644 -0.000416
-0.090749 -0.082499 -0.001176
-0.088062 -0.084099 -0.000960
-0.075362 -0.082715 -0.001868
-0.074053 -0.083183 0.002384
-0.065319 -0.086929 -0.001049
-0.060034 -0.086110 -0.002493
-0.055092 -0.086022 -0.002832
-0.051304 -0.088532 0.000585
-0.041137 -0.088880 0.003512
-0.038155 -0.086968 0.002230
-0.030194 -0.090904 0.003961
-0.020628 -0.084407 0.002333
-0.015310 -0.086428 0.001852
-0.011991 -0.085652 -0.004267
-0.002732 -0.082172 0.003574
0.002951 -0.084862 0.002910
0.006067 -0.082417 0.002226
0.016022 -0.086109 -0.001224
0.023441 -0.086656 -0.001302
0.027350 -0.083351 0.000975
0.036156 -0.088070 0.002327
0.044184 -0.086576 -0.001166
0.048019 -0.084009 0.003504
0.054783 -0.084015 -0.003742
0.056612 -0.090358 -0.000916
0.066692 -0.086057 0.001489
0.074331 -0.085574 0.001892
0.079843 -0.085096 -0.001895
0.078404 -0.085538 -0.000388
0.093673 -0.084156 0.001180
0.097907 -0.084852 0.003663
0.105900 -0.083106 -0.000227
0.112632 -0.087587 -0.000678
0.117657 -0.084040 0.002039
0.120957 -0.085452 -0.000175
0.134010 -0.089254 -0.000142
0.136846 -0.086639 0.000115
0.139328 -0.087684 -0.002791
0.152192 -0.086386 0.001847
0.157807 -0.087323 0.004149
0.164803 -0.087791 -0.001883
0.167583 -0.089402 0.002881
0.172282 -0.085225 0.001286
0.181793 -0.089829 -0.003519
0.187354 -0.083293 0.002106
0.193128 -0.085993 0.001373
0.199455 -0.086936 0.002946
-0.198295 -0.076440 0.003375
-0.193355 -0.078927 0.000899
-0.184814 -0.075848 0.001524
-0.181302 -0.081553 0.001348
-0.173615 -0.080347 -0.000704
-0.172428 -0.079694 -0.000385
-0.163944 -0.082823 -0.002789
-0.157340 -0.082577 0.001222
-0.150368 -0.077614 0.003972
-0.138594 -0.079167 0.002303
-0.140919 -0.077904 0.000591
-0.134631 -0.079984 0.002632
-0.124450 -0.079074 0.001925
-0.117603 -0.080985 -0.002265
-0.110070 -0.078865 -0.000520
-0.104417 -0.079232 -0.000588
-0.097111 -0.078347 -0.002612
-0.087161 -0.078379 -0.000942
-0.085473 -0.077681 -0.001020
-0.078016 -0.079566 0.001469
-0.072025 -0.081878 -0.000856
-0.063920 -0.082474 0.001783
-0.059202 -0.078696 0.001507
-0.056637 -0.078496 0.001075
-0.050880 -0.078576 -0.003481
-0.043551 -0.076973 -0.001727
-0.031789 -0.078562 0.001666
-0.028881 -0.076879 0.000497
-0.024901 -0.080213 -0.000114
-0.018293 -0.078042 0.002843
-0.012097 -0.076118 0.000256
-0.000942 -0.083648 -0.002086
0.002898 -0.075234 0.001661
0.011507 -0.078308 0.001531
0.016282 -0.080036 -0.000291
0.020687 -0.081767 -0.001236
0.031654 -0.077830 -0.004489
0.034882 -0.078353 -0.000939
0.038649 -0.075777 0.003859
0.048794 -0.078588 -0.001712
0.050320 -0.079036 0.001454
0.062114 -0.077368 0.000152
0.065789 -0.078967 -0.000567
0.073688 -0.079461 0.004868
0.076420 -0.078743 0.000129
0.086638 -0.081247 0.002152
0.090513 -0.079300 -0.001171
0.101100 -0.075588 0.001847
0.105549 -0.078551 -0.000332
0.109741 -0.077617 -0.000540
0.119673 -0.080477 -0.001929
0.122132 -0.077810 -0.003805
0.128177 -0.081538 0.004240
0.138561 -0.075641 -0.001233
0.145991 -0.078739 -0.001106
0.151635 -0.077311 0.001363
0.157377 -0.081143 0.004536
0.163294 -0.081665 0.000471
0.164884 -0.081476 0.006376
0.175118 -0.077715 0.005581
0.181416 -0.080812 0.001141
0.188184 -0.079514 -0.003890
0.193241 -0.082193 -0.004174
0.197588 -0.081350 -0.002489
-0.201931 -0.072606 0.001147
-0.191014 -0.068872 0.003174
-0.187500 -0.074276 0.001982
-0.178783 -0.072259 0.001948
-0.172548 -0.070772 0.000418
-0.169073 -0.072299 0.000987
-0.161393 -0.072035 0.000063
-0.154363 -0.075253 0.000063
-0.150135 -0.077944 0.000873
-0.145030 -0.072499 0.002576
-0.133838 -0.072092 -0.001806
-0.127867 -0.070810 -0.000644
-0.128196 -0.070460 -0.002004
-0.118953 -0.071550 -0.000130
-0.106658 -0.070001 -0.001440
-0.107185 -0.074950 0.000159
-0.098439 -0.072174 -0.001265
-0.088553 -0.075890 -0.000445
-0.084739 -0.069828 0.000375
-0.083635 -0.072627 -0.001595
-0.073443 -0.074177 -0.001023
-0.068673 -0.070946 0.001289
-0.062538 -0.071503 0.003101
-0.053794 -0.074205 -0.001939
-0.048741 -0.074224 -0.000618
-0.039590 -0.072798 0.004774
-0.033967 -0.076060 0.000601
-0.029378 -0.074918 0.002140
-0.024893 -0.074304 0.003944
-0.015602 -0.074107 -0.000143
-0.008120 -0.072470 0.001977
-0.004726 -0.072582 0.001956
0.004313 -0.075995 -0.000738
0.010367 -0.072363 -0.002135
0.011905 -0.076644 0.003213
0.019774 -0.073078 -0.002472
0.027634 -0.068013 0.002347
0.032510 -0.074184 -0.000797
0.036906 -0.070090 0.002959
0.049866 -0.077637 0.003458
0.052985 -0.070429 0.001631
0.061861 -0.074458 0.001108
0.066063 -0.072667 0.000864
0.073585 -0.074192 -0.000492
0.074793 -0.072972 -0.000398
0.085198 -0.075670 -0.001158
0.090836 -0.072289 -0.001867
0.099124 -0.076537 -0.002988
0.101578 -0.074015 0.000119
0.111056 -0.073439 -0.000064
0.117526 -0.070898 0.002026
0.123243 -0.074924 -0.001961
0.130792 -0.072439 -0.003457
0.137666 -0.076137 0.000110
0.143631 -0.072490 -0.001948
0.153015 -0.072343 0.000523
0.154920 -0.073791 -0.003252
0.160508 -0.071594 0.004817
0.168769 -0.072637 0.003668
0.173318 -0.072632 0.002599
0.178241 -0.069259 -0.002993
0.187223 -0.071995 -0.000235
0.191161 -0.071191 -0.002549
0.198167 -0.071181 -0.000445
-0.198182 -0.062328 0.002178
-0.194009 -0.068308 0.002236
-0.188379 -0.064902 -0.002363
-0.178649 -0.065025 -0.002244
-0.173639 -0.063561 -0.001010
-0.169816 -0.067567 0.000258
-0.160996 -0.063456 0.000987
-0.156896 -0.068203 0.000163
-0.146316 -0.068500 -0.000553
-0.142785 -0.067385 -0.003730
-0.136100 -0.067441 -0.000391
-0.128340 -0.066658 0.001076
-0.124156 -0.068237 0.003063
-0.115014 -0.068279 -0.000193
-0.109904 -0.067309 -0.002001
-0.104574 -0.070503 -0.000785
-0.095805 -0.067635 0.003790
-0.093227 -0.061323 0.000715
-0.086016 -0.068546 -0.001197
-0.082568 -0.067152 0.000775
-0.073353 -0.065961 -0.002733
-0.067675 -0.069814 0.000676
-0.056494 -0.069255 -0.001991
-0.053040 -0.063055 0.000112
-0.045705 -0.067741 0.002561
-0.039965 -0.066955 0.002527
-0.036457 -0.065882 -0.002491
-0.027373 -0.068682 -0.000218
-0.023147 -0.066635 -0.002290
-0.015589 -0.067970 -0.001865
-0.010172 -0.068918 0.002597
-0.001957 -0.067852 0.001984
0.000368 -0.069400 -0.000283
0.007678 -0.066781 -0.002825
0.015566 -0.068046 -0.000086
0.020883 -0.064635 -0.000105
0.026483 -0.066276 0.000370
0.033871 -0.067860 -0.000935
0.042677 -0.070331 -0.000732
0.049436 -0.065825 -0.003296
0.056213 -0.065938 0.002208
0.055087 -0.066195 -0.001622
0.066389 -0.068686 -0.000324
0.074791 -0.066240 -0.002838
0.076774 -0.067044 -0.003017
0.083341 -0.067907 -0.001636
0.090727 -0.066341 0.001598
0.096104 -0.069447 0.003592
0.107947 -0.067327 -0.000757
0.110475 -0.069160 -0.000026
0.115880 -0.067940 0.000107
0.122928 -0.065482 0.001300
0.129580 -0.066281 0.000476
0.134910 -0.065866 -0.000326
0.143445 -0.066896 0.002800
0.147142 -0.065418 0.001362
0.153516 -0.065516 -0.000772
0.160771 -0.068170 -0.002566
0.168787 -0.068492 0.000027
0.176177 -0.067359 0.001346
0.179831 -0.068256 0.003310
0.185269 -0.065048 0.001554
0.194195 -0.067777 0.001150
0.198909 -0.066982 -0.005635
-0.198421 -0.060362 -0.000162
-0.196991 -0.057125 0.000020
-0.187323 -0.058199 0.000724
-0.183206 -0.060613 -0.000630
-0.173644 -0.059644 -0.002685
-0.168084 -0.057681 0.001151
-0.160618 -0.060848 0.003886
-0.157614 -0.058887 -0.000882
-0.149642 -0.060164 0.000939
-0.143624 -0.058481 -0.003328
-0.137240 -0.058222 -0.000470
-0.133353 -0.056504 -0.001278
-0.122269 -0.059214 0.001535
-0.112056 -0.061047 0.002163
-0.113306 -0.056931 -0.000010
-0.105889 -0.062264 -0.001027
-0.097627 -0.061896 -0.001109
-0.093652 -0.060919 -0.000392
-0.081831 -0.059498 0.000511
-0.077058 -0.059864 0.000722
-0.072525 -0.060249 0.000619
-0.067923 -0.064365 0.000644
-0.063066 -0.058069 0.002360
-0.055457 -0.061277 0.000801
-0.050532 -0.061230 0.000897
-0.040179 -0.058550 -0.002796
-0.036461 -0.059653 0.000764
-0.025132 -0.060604 0.003103
-0.022845 -0.061050 0.002071
-0.015380 -0.061999 -0.000991
-0.013365 -0.060417 -0.003906
-0.003289 -0.060378 -0.002849
0.003853 -0.059792 -0.001040
0.010318 -0.062351 0.000817
0.011599 -0.062248 0.002932
0.023902 -0.058474 0.001881
0.026443 -0.060746 0.000949
0.032328 -0.063742 0.001826
0.037403 -0.062156 -0.000273
0.045093 -0.058750 0.000993
0.052643 -0.060078 -0.001269
0.060358 -0.062365 -0.002175
0.065983 -0.060344 -0.002539
0.076321 -0.060442 0.000453
0.074958 -0.062278 0.000446
0.086751 -0.057898 -0.003864
0.088699 -0.062425 0.001372
0.099599 -0.057596 0.006073
0.109413 -0.059698 0.001571
0.112872 -0.060185 0.002579
0.118285 -0.061604 0.003494
0.123777 -0.063162 0.002172
0.130872 -0.064152 0.002902
0.135878 -0.062733 0.002083
0.145111 -0.063949 0.001973
0.149817 -0.058291 0.001413
0.153578 -0.063379 -0.000167
0.165125 -0.061086 0.002889
0.170491 -0.062206 -0.001556
0.176037 -0.056357 0.000590
0.178845 -0.061573 -0.001673
0.184631 -0.061031 0.001531
0.194358 -0.061872 -0.000281
0.197687 -0.060861 -0.003124
-0.199226 -0.055830 -0.002913
-0.194991 -0.053988 0.002994
-0.185073 -0.051468 -0.000422
-0.181128 -0.053045 -0.000356
-0.174368 -0.054859 0.001340
-0.168401 -0.051662 0.001351
-0.161452 -0.054104 0.002341
-0.156769 -0.054876 -0.001258
-0.150465 -0.057208 -0.002582
-0.141248 -0.056068 -0.000981
-0.135264 -0.056595 0.002697
-0.130094 -0.056601 -0.000657
-0.125925 -0.052086 0.000038
-0.119051 -0.054675 -0.001161
-0.111505 -0.054703 0.001510
-0.101912 -0.051907 -0.001814
-0.096405 -0.053971 -0.000846
-0.093908 -0.051796 -0.000250
-0.086666 -0.055294 -0.004123
-0.080765 -0.053007 -0.000284
-0.072115 -0.051472 -0.002611
-0.065868 -0.053569 -0.000600
-0.061346 -0.051503 -0.001554
-0.053455 -0.054310 -0.000831
-0.051840 -0.053968 0.000614
-0.044874 -0.050525 0.000712
-0.036739 -0.051883 -0.000810
-0.024249 -0.053820 -0.001370
-0.021672 -0.054795 -0.000621
-0.017267 -0.053457 0.003699
-0.008100 -0.055141 0.003820
-0.005582 -0.050196 -0.000726
0.001571 -0.056764 0.000002
0.008728 -0.054796 -0.000718
0.015055 -0.054858 -0.002019
0.024086 -0.055812 -0.001878
0.030538 -0.054813 0.000010
0.031136 -0.054689 0.000794
0.042499 -0.054082 0.004888
0.048016 -0.056869 -0.000951
0.056197 -0.052600 0.001284
0.058916 -0.054754 0.002527
0.063130 -0.054161 0.001901
0.072086 -0.055390 0.000427
0.079582 -0.053615 0.003833
0.085462 -0.055443 0.000174
0.089753 -0.054351 0.000964
0.099033 -0.053911 -0.001937
0.105838 -0.053082 0.000871
0.111977 -0.051481 -0.000351
0.117801 -0.055859 0.003041
0.123040 -0.056391 -0.002742
0.131149 -0.055035 0.003431
0.134963 -0.055419 0.000988
0.141758 -0.055221 0.002533
0.148149 -0.053934 0.000657
0.159159 -0.052617 0.000400
0.164982 -0.055844 -0.000020
0.169688 -0.055829 0.002101
0.172036 -0.053318 -0.000662
0.179252 -0.053088 0.002942
0.187244 -0.054086 -0.002198
0.194171 -0.056111 -0.006237
0.197616 -0.055577 0.000559
-0.200476 -0.048270 0.002090
-0.193290 -0.046859 -0.001948
-0.184101 -0.047422 -0.000870
-0.182812 -0.051014 -0.000950
-0.174733 -0.048750 0.000851
-0.170169 -0.045620 -0.000775
-0.163629 -0.050557 -0.000428
-0.158455 -0.047870 -0.000820
-0.143614 -0.047515 0.000503
-0.144551 -0.047217 -0.000885
-0.133738 -0.047323 0.001324
-0.128278 -0.049497 -0.001943
-0.123241 -0.048355 -0.002920
-0.116598 -0.049236 -0.002301
-0.109878 -0.048367 0.001694
-0.105900 -0.048852 -0.001054
-0.096949 -0.046761 0.004613
-0.088528 -0.046667 -0.002807
-0.081920 -0.046729 -0.003429
-0.079468 -0.048170 -0.001550
-0.070519 -0.049608 0.000131
-0.069039 -0.048832 -0.000201
-0.057218 -0.048336 -0.000308
-0.055060 -0.046848 0.000147
-0.050866 -0.047495 -0.000992
-0.045467 -0.045941 0.003616
-0.034067 -0.049195 -0.001912
-0.025530 -0.048336 0.001950
-0.021281 -0.046936 0.000175
-0.013883 -0.045776 -0.002537
-0.010222 -0.047117 -0.000564
-0.003580 -0.048893 0.004251
0.006099 -0.047540 0.001693
0.009712 -0.045247 0.001633
0.016836 -0.045781 0.001762
0.020590 -0.049601 0.000700
0.027040 -0.044849 -0.001007
0.034511 -0.048786 -0.002726
0.042348 -0.046140 -0.003388
0.048316 -0.050393 0.001133
0.053890 -0.049370 -0.002321
0.060044 -0.047880 -0.001009
0.067498 -0.048392 -0.000445
0.074062 -0.047225 0.000422
0.079429 -0.049661 -0.002838
0.086119 -0.046302 0.000149
0.094011 -0.048363 0.002361
0.099070 -0.049969 -0.001252
0.102381 -0.050438 0.002069
0.113325 -0.047199 -0.002617
0.115459 -0.043200 0.000919
0.123831 -0.048542 -0.002599
0.132193 -0.050946 -0.006097
0.136540 -0.051150 0.000904
0.142338 -0.048930 0.000022
0.149988 -0.048982 0.001308
0.161549 -0.047177 -0.003985
0.162703 -0.045214 0.002324
0.165876 -0.044156 0.003382
0.176128 -0.048790 0.000305
0.184760 -0.048544 0.004195
0.183724 -0.046373 0.000963
0.192364 -0.048530 0.000234
0.201009 -0.046065 0.000381
-0.198351 -0.040460 -0.001021
-0.193108 -0.041900 -0.002503
-0.188725 -0.042359 0.000143
-0.180920 -0.041693 -0.003557
-0.171758 -0.044997 -0.003001
-0.169439 -0.038862 0.001523
-0.162538 -0.041024 0.000062
-0.155885 -0.042748 -0.000245
-0.150051 -0.042080 -0.001450
-0.140821 -0.038333 0.004286
-0.135273 -0.041623 -0.000491
-0.129773 -0.043045 -0.002176
-0.124337 -0.040105 0.001877
-0.116474 -0.042283 0.000736
-0.113878 -0.039107 0.002635
-0.103170 -0.042252 -0.000522
-0.097942 -0.041211 -0.001214
-0.092395 -0.038377 0.002946
-0.084286 -0.040967 0.004059
-0.080586 -0.043761 0.004130
-0.072679 -0.040415 0.000633
-0.066329 -0.041805 -0.001738
-0.060774 -0.040355 0.003892
-0.050724 -0.041922 0.003646
-0.045965 -0.039903 -0.001863
-0.042625 -0.042569 -0.002632
-0.034820 -0.046050 -0.001921
-0.026122 -0.037869 -0.004057
-0.020207 -0.039732 -0.001942
-0.016043 -0.043808 0.000046
-0.011333 -0.041729 0.000185
-0.002814 -0.040837 -0.002781
0.001645 -0.038760 -0.000466
0.007713 -0.042188 0.001413
0.010709 -0.042295 -0.002392
0.021095 -0.039286 0.001137
0.030562 -0.039076 -0.005413
0.034966 -0.043164 -0.002116
0.043410 -0.043135 -0.002522
0.050646 -0.041010 -0.002821
0.053801 -0.039175 0.000410
0.060423 -0.038948 -0.000803
0.067614 -0.041771 0.001195
0.073837 -0.038330 0.001624
0.077173 -0.042392 -0.000168
0.088537 -0.040301 0.002559
0.089579 -0.041039 -0.001417
0.101162 -0.042269 0.000364
0.103011 -0.037761 -0.001309
0.112036 -0.042672 0.003455
0.119047 -0.041725 -0.000165
0.122593 -0.042959 -0.000085
0.129942 -0.043676 0.000422
0.137781 -0.043539 0.000722
0.144618 -0.042007 -0.000670
0.151053 -0.040990 -0.001300
0.153449 -0.038951 0.001653
0.163508 -0.041622 -0.001593
0.168800 -0.039686 0.002084
0.175509 -0.042950 0.004266
0.179774 -0.042362 -0.002833
0.187909 -0.043142 0.001907
0.190631 -0.043435 -0.001355
0.201580 -0.040288 -0.001550
-0.195956 -0.038016 0.002208
-0.193194 -0.038513 -0.000947
-0.184830 -0.037735 0.001493
-0.182265 -0.035582 -0.000462
-0.172083 -0.033214 -0.000102
-0.169551 -0.036327 0.002671
-0.163266 -0.033305 0.002414
-0.156916 -0.035972 -0.000890
-0.149486 -0.031011 0.002433
-0.143474 -0.034172 0.000389
-0.137486 -0.037672 -0.000635
-0.128102 -0.034804 -0.000074
-0.119495 -0.032965 0.001425
-0.116521 -0.033227 0.005882
-0.112007 -0.034966 -0.000180
-0.106109 -0.036927 0.001949
-0.095115 -0.033042 -0.000696
-0.089580 -0.036820 0.000722
-0.086635 -0.036796 -0.000365
-0.075980 -0.034770 0.001464
-0.075800 -0.036631 0.001110
-0.066300 -0.031975 -0.001738
-0.059636 -0.034356 -0.000240
-0.056015 -0.033666 0.001936
-0.048809 -0.035092 -0.000631
-0.040559 -0.035584 0.001294
-0.037269 -0.035439 0.001417
-0.026900 -0.033469 0.001130
-0.019474 -0.037563 -0.001236
-0.016872 -0.034716 -0.001873
-0.005377 -0.032345 -0.000723
-0.000558 -0.035352 -0.003417
0.005863 -0.034539 0.000525
0.008450 -0.036399 -0.000874
0.017817 -0.031885 0.003731
0.025248 -0.032816 -0.001243
0.027734 -0.033832 -0.004518
0.037988 -0.036081 -0.000453
0.042740 -0.033137 0.002054
0.046814 -0.031198 0.001336
0.054165 -0.031664 0.000298
0.063549 -0.036080 0.000592
0.066046 -0.035650 0.000383
0.074818 -0.031941 0.001630
0.079628 -0.034805 -0.000515
0.085244 -0.033646 -0.000674
0.092117 -0.036272 -0.001069
0.097590 -0.036343 0.001724
0.106996 -0.031806 -0.001715
0.106452 -0.037426 0.002132
0.118997 -0.038465 0.001641
0.122888 -0.036428 -0.002197
0.130729 -0.034574 -0.003775
0.140036 -0.035654 0.001224
0.143431 -0.036100 -0.000710
0.149144 -0.036092 -0.000761
0.155524 -0.036530 -0.001559
0.159477 -0.032134 0.006031
0.169029 -0.034005 -0.001067
0.176677 -0.034364 0.001291
0.182269 -0.033743 0.001914
0.183570 -0.036686 -0.003233
0.195465 -0.035686 -0.004560
0.198923 -0.032478 -0.001221
-0.196741 -0.026322 0.002876
-0.193966 -0.028608 0.000714
-0.187797 -0.028200 -0.002057
-0.182972 -0.026088 -0.003616
-0.176374 -0.029545 -0.000423
-0.168010 -0.027733 0.002151
-0.160230 -0.027016 0.001055
-0.155540 -0.024193 0.002248
-0.152826 -0.029416 -0.000104
-0.137988 -0.025276 0.002282
-0.135261 -0.028585 -0.003573
-0.126302 -0.028461 -0.001931
-0.125422 -0.032359 0.001398
-0.116526 -0.026774 0.000073
-0.109653 -0.027887 -0.000917
-0.108805 -0.029050 -0.001391
-0.099864 -0.027900 -0.003006
-0.092428 -0.027814 0.001032
-0.085967 -0.028283 -0.001662
-0.082058 -0.024752 -0.000395
-0.079054 -0.030146 -0.003380
-0.065596 -0.031856 0.001185
-0.061717 -0.030485 0.000422
-0.052749 -0.026935 0.000739
-0.047960 -0.030726 -0.001474
-0.037547 -0.030153 -0.002828
-0.034350 -0.030670 0.000665
-0.026459 -0.029114 -0.000039
-0.018506 -0.026789 -0.000460
-0.015522 -0.031769 -0.001414
-0.007097 -0.027277 0.000260
-0.005512 -0.030643 0.000864
0.000601 -0.028452 -0.001182
0.012221 -0.027058 0.001047
0.017169 -0.028749 -0.000943
0.027347 -0.027169 0.000266
0.026657 -0.029651 -0.001723
0.033652 -0.025055 -0.002005
0.034627 -0.030167 0.000448
0.049038 -0.028572 -0.001001
0.051784 -0.031626 -0.001937
0.059819 -0.027934 0.001021
0.064068 -0.030470 0.000359
0.071840 -0.031870 0.000096
0.078599 -0.032096 0.001841
0.083979 -0.030429 -0.001279
0.091413 -0.026116 0.000452
0.100332 -0.028282 0.000071
0.105217 -0.030712 -0.001538
0.111580 -0.028691 -0.000167
0.114375 -0.028930 -0.002676
0.126869 -0.027252 -0.001744
0.131039 -0.027456 -0.000183
0.137210 -0.028613 0.001142
0.141450 -0.029458 -0.001439
0.147721 -0.028249 -0.000921
0.154159 -0.029702 0.000194
0.161728 -0.030240 0.001150
0.166324 -0.028593 -0.000125
0.175372 -0.029195 0.003506
0.181510 -0.026318 0.000635
0.189132 -0.027463 -0.002844
0.194452 -0.028744 0.001474
0.201728 -0.027035 -0.003868
-0.197683 -0.022748 -0.001762
-0.194726 -0.021712 -0.001021
-0.184124 -0.025440 -0.001043
-0.179520 -0.024771 -0.001739
-0.176659 -0.017743 -0.003168
-0.167919 -0.020425 0.003911
-0.165078 -0.022285 0.003116
-0.156805 -0.019943 0.002155
-0.148362 -0.022127 0.000843
-0.146844 -0.021652 0.000428
-0.140051 -0.018963 0.000431
-0.131406 -0.021802 0.001123
-0.122026 -0.021660 0.001832
-0.121531 -0.022789 0.001792
-0.110990 -0.021891 -0.002492
-0.103697 -0.023334 -0.001928
-0.097647 -0.023174 -0.001026
-0.093095 -0.025531 -0.001948
-0.088941 -0.021351 -0.000011
-0.082763 -0.017439 -0.000166
-0.072850 -0.024492 -0.000336
-0.064030 -0.022674 -0.001104
-0.060782 -0.026935 -0.000158
-0.055075 -0.023739 -0.004147
-0.045715 -0.019739 -0.003645
-0.042318 -0.025074 -0.000018
-0.034743 -0.022597 0.003501
-0.028956 -0.022097 0.000650
-0.023559 -0.017500 0.000817
-0.018632 -0.022000 0.000788
-0.006782 -0.024453 0.002160
-0.003464 -0.019493 0.001923
0.000835 -0.026908 -0.001029
0.010212 -0.024186 0.000801
0.017989 -0.019163 0.001209
0.020478 -0.020841 0.000756
0.027640 -0.027417 -0.002409
0.033435 -0.021608 0.003208
0.042575 -0.019387 0.003096
0.048889 -0.023522 0.001897
0.054827 -0.023868 0.000488
0.059040 -0.022508 0.000989
0.066625 -0.020972 -0.002735
0.072354 -0.023702 -0.001431
0.079036 -0.017464 0.002524
0.085306 -0.022093 0.000814
0.093171 -0.023051 -0.001431
0.094643 -0.021105 -0.001368
0.106242 -0.024163 -0.001169
0.107457 -0.021859 0.000940
0.117658 -0.022566 -0.000949
0.121816 -0.020823 -0.001545
0.128736 -0.020857 0.002410
0.135464 -0.023226 -0.000391
0.140438 -0.022824 -0.002571
0.148540 -0.021725 0.004702
0.158600 -0.019558 0.001376
0.163329 -0.025798 -0.000234
0.165032 -0.023203 0.000083
0.173843 -0.022411 0.000163
0.180113 -0.024050 0.001267
0.186574 -0.025896 -0.000770
0.194578 -0.019211 -0.001271
0.203019 -0.020375 0.000160
-0.198215 -0.011508 -0.003335
-0.192572 -0.014382 0.000142
-0.188027 -0.014295 0.003287
-0.178741 -0.014006 0.000640
-0.171786 -0.014814 -0.002839
-0.166034 -0.016866 -0.001287
-0.159380 -0.012116 -0.000066
-0.158262 -0.013813 0.000403
-0.148459 -0.017625 -0.000442
-0.145511 -0.016871 -0.002290
-0.137345 -0.014397 -0.002643
-0.129139 -0.018576 -0.002523
-0.125554 -0.013450 -0.000961
-0.119848 -0.011039 -0.001045
-0.112024 -0.014214 0.000578
-0.105354 -0.011038 0.002407
-0.099525 -0.012696 0.001480
-0.088015 -0.017563 0.000232
-0.085369 -0.018307 0.000686
-0.078201 -0.015641 -0.003035
-0.075004 -0.016190 -0.000218
-0.063152 -0.016398 0.002318
-0.063328 -0.015658 -0.000975
-0.051691 -0.018383 -0.000972
-0.047159 -0.014032 0.001176
-0.040480 -0.015654 -0.000940
-0.034285 -0.014143 -0.000709
-0.029060 -0.016127 0.001195
-0.018941 -0.015088 -0.001865
-0.013455 -0.016544 -0.000697
-0.013214 -0.013152 -0.000835
-0.001865 -0.016857 -0.001485
0.005506 -0.017495 0.000193
0.012593 -0.014613 -0.001778
0.016324 -0.014104 0.000069
0.021914 -0.015292 0.002008
0.027386 -0.018901 -0.002846
0.035122 -0.019503 -0.001427
0.040952 -0.015924 -0.002591
0.049287 -0.019708 0.002386
0.057844 -0.013218 0.003649
0.062357 -0.015493 0.001219
0.065456 -0.016453 0.000035
0.076258 -0.019695 0.001658
0.079272 -0.019716 -0.001077
0.086136 -0.013612 0.001167
0.090728 -0.017393 -0.003208
0.098881 -0.015358 -0.001330
0.105754 -0.018684 -0.003942
0.111611 -0.015382 0.000789
0.114851 -0.018922 0.002557
0.124021 -0.014474 0.001115
0.129132 -0.015021 0.000334
0.136255 -0.015936 0.000622
0.142625 -0.015906 0.000869
0.148388 -0.016934 -0.001326
0.156391 -0.013412 -0.000485
0.159844 -0.016976 0.002734
0.173733 -0.013120 -0.000800
0.172692 -0.017731 0.000286
0.182103 -0.015044 -0.002397
0.189630 -0.016723 -0.000513
0.193248 -0.015137 -0.004746
0.198385 -0.015819 -0.002787
-0.196532 -0.010769 -0.001922
-0.191672 -0.008098 0.002071
-0.184685 -0.010188 -0.001988
-0.178471 -0.010901 -0.001101
-0.175491 -0.011837 -0.001004
-0.166567 -0.013854 0.002697
-0.159553 -0.010710 0.001563
-0.156853 -0.008734 -0.002389
-0.155212 -0.006672 0.000065
-0.143193 -0.012001 -0.001724
-0.139434 -0.006970 0.003584
-0.132077 -0.008083 0.000515
-0.123742 -0.007233 -0.001213
-0.116229 -0.010397 0.000715
-0.111373 -0.013260 -0.002033
-0.104709 -0.006487 0.001442
-0.101302 -0.009537 -0.002063
-0.088420 -0.013507 -0.001096
-0.082794 -0.008842 -0.001898
-0.080007 -0.007753 0.001295
-0.074602 -0.008955 0.001908
-0.065190 -0.006652 -0.000666
-0.063976 -0.012926 0.000014
-0.057644 -0.009721 -0.000148
-0.049265 -0.007409 -0.001202
-0.044214 -0.010820 -0.000919
-0.032965 -0.008864 -0.001403
-0.030193 -0.011704 0.001076
-0.024014 -0.010954 -0.001999
-0.013573 -0.005619 -0.000517
-0.008509 -0.007024 0.002038
-0.009295 -0.007830 0.004038
-0.001742 -0.012183 0.001756
0.006187 -0.012160 0.002892
0.018931 -0.014292 0.001443
0.024445 -0.010094 0.004137
0.028849 -0.008973 0.000719
0.034850 -0.009730 0.004386
0.040169 -0.009721 -0.003295
0.045798 -0.013378 0.001236
0.053997 -0.006854 0.000518
0.061486 -0.013492 0.000333
0.066797 -0.009766 -0.000971
0.068919 -0.008638 -0.003013
0.081671 -0.011533 -0.001118
0.084431 -0.009222 -0.002944
0.092403 -0.011770 -0.001651
0.097674 -0.011586 0.000779
0.106492 -0.004675 -0.001780
0.113784 -0.007806 -0.000727
0.119098 -0.006444 0.000358
0.122843 -0.006990 0.001663
0.129096 -0.009895 -0.001949
0.136305 -0.009642 -0.001964
0.146703 -0.007729 0.003310
0.149356 -0.009120 0.004715
0.160817 -0.007237 -0.000572
0.159586 -0.010244 -0.000001
0.168093 -0.012507 0.000706
0.174135 -0.012680 -0.000129
0.179703 -0.009757 -0.000364
0.185682 -0.011621 0.000797
0.195524 -0.011758 0.000257
0.205074 -0.009527 -0.001569
-0.198083 -0.005695 0.000697
-0.197494 -0.003074 0.001122
-0.185426 -0.005698 0.000330
-0.177067 -0.005801 -0.004189
-0.172961 -0.002351 -0.000907
-0.169128 -0.003891 0.002850
-0.159953 -0.003268 0.001050
-0.156305 -0.007650 -0.000395
-0.148409 -0.001913 -0.002015
-0.142440 -0.001698 -0.000120
-0.138334 -0.002555 -0.003645
-0.128918 -0.000936 -0.002721
-0.124681 -0.005007 0.001743
-0.111797 -0.001543 -0.002585
-0.109041 -0.006253 0.000527
-0.100092 -0.001163 -0.000710
-0.094284 -0.002900 -0.004426
-0.095758 -0.001696 -0.000910
-0.084155 -0.004182 -0.001799
-0.082041 -0.002439 0.000174
-0.072087 -0.004082 -0.000956
-0.069227 0.000820 -0.001424
-0.059201 -0.003620 -0.000991
-0.052871 -0.002447 -0.001233
-0.047231 -0.006421 -0.001515
-0.038868 -0.005883 0.002034
-0.033774 -0.006930 0.000937
-0.025744 -0.003227 0.001960
-0.022121 -0.005084 0.000763
-0.015345 -0.007058 0.000731
-0.008772 -0.003107 -0.000019
-0.002680 -0.006523 -0.000632
0.004376 -0.000532 -0.002470
0.009251 -0.004385 -0.001285
0.014051 -0.006963 -0.002215
0.021023 -0.000000 -0.001932
0.027118 -0.005479 0.000744
0.034727 -0.006743 -0.001346
0.039590 -0.001364 0.002515
0.045825 -0.001869 0.002152
0.050668 -0.003194 -0.001886
0.061352 -0.001795 -0.000329
0.065055 0.001484 0.000907
0.071562 -0.004455 -0.001568
0.081244 0.002560 -0.002415
0.084948 -0.002550 0.001266
0.092419 -0.002872 0.003152
0.095580 0.003047 -0.000869
0.106842 -0.005335 0.001704
0.112091 -0.002833 0.002121
0.116832 -0.006978 -0.002180
0.124367 -0.002979 0.000236
0.133889 -0.002919 -0.002599
0.137598 -0.001803 -0.004323
0.147073 -0.000135 0.002405
0.150017 -0.003039 -0.000490
0.154824 -0.005153 -0.001829
0.164210 -0.002008 -0.000587
0.169945 -0.005337 -0.000728
0.174144 -0.003057 -0.001273
0.183565 -0.000921 0.000801
0.188645 -0.002833 -0.000590
0.193596 -0.006597 -0.001438
0.199566 -0.000514 0.000751
-0.200262 0.004183 0.000101
-0.193125 -0.000723 0.000437
-0.188777 0.003026 0.000328
-0.180519 0.005175 -0.001362
-0.173850 0.004989 -0.000048
-0.168344 0.004094 -0.000515
-0.160161 0.005501 0.002147
-0.155048 0.000330 0.001014
-0.145457 0.003016 -0.000017
-0.143294 0.001563 0.004594
-0.137542 0.001401 0.002270
-0.131530 0.003405 -0.002761
-0.126385 0.004205 -0.002651
-0.121433 0.002790 0.003969
-0.113793 0.001412 -0.001746
-0.102244 -0.000995 -0.002677
-0.099361 0.002202 0.000811
-0.094548 0.001871 -0.000835
-0.082184 0.005816 -0.001055
-0.080744 0.003129 0.000644
-0.070680 0.001842 0.000108
-0.068566 0.005355 0.001691
-0.056756 0.001237 -0.003307
-0.051924 0.005096 -0.002517
-0.046624 0.003309 -0.001979
-0.044731 0.004807 0.001664
-0.035929 0.001636 -0.001852
-0.031411 0.004089 -0.001366
-0.023779 0.004740 -0.001408
-0.017055 0.000294 0.001835
-0.007042 0.003048 -0.001459
-0.003398 0.002215 0.000674
0.001188 0.000453 -0.004439
0.013434 0.002585 0.001048
0.013483 0.005997 -0.000103
0.021985 0.001897 0.000526
0.026719 0.006690 0.002595
0.038435 0.003729 -0.000215
0.040426 0.001668 -0.003722
0.048212 0.004570 -0.000145
0.051571 0.004505 -0.001882
0.061161 0.005329 0.002782
0.065462 0.005438 -0.002562
0.074541 -0.000296 0.000847
0.081488 0.003302 -0.001447
0.086249 0.002249 0.001321
0.090494 0.003380 0.000451
0.095695 0.002865 -0.001487
0.105258 0.002822 -0.002474
0.112933 -0.000143 -0.000415
0.118241 -0.000676 -0.001236
0.123736 0.002461 -0.000394
0.131138 -0.000754 -0.003603
0.137517 0.002520 0.003540
0.144061 0.004206 -0.000820
0.150078 0.002627 0.001116
0.151284 0.002444 -0.002501
0.164078 0.002320 0.000398
0.168643 0.000665 0.002796
0.177514 0.004016 0.001195
0.183733 0.001842 0.000513
0.185031 0.004724 -0.000311
0.194722 0.000524 -0.000053
0.199343 0.004533 0.003015
-0.196931 0.006995 -0.004146
-0.195863 0.007652 0.000184
-0.186429 0.009544 -0.003893
-0.178681 0.008600 0.000163
-0.176552 0.007879 -0.000300
-0.170155 0.011454 -0.002491
-0.160405 0.009284 -0.003098
-0.154097 0.005497 -0.000861
-0.148874 0.008455 0.001057
-0.140581 0.004595 0.002822
-0.137662 0.005484 -0.002960
-0.132151 0.009368 -0.000873
-0.122667 0.013115 0.000432
-0.118539 0.009387 0.000238
-0.111809 0.007452 -0.002706
-0.105643 0.008160 0.002234
-0.099351 0.011108 0.003433
-0.091195 0.008623 -0.002983
-0.088017 0.011008 0.001417
-0.084161 0.011255 -0.000323
-0.071979 0.007670 0.001873
-0.063230 0.013694 0.000600
-0.058518 0.008109 0.003020
-0.055919 0.010244 -0.000393
-0.045424 0.007459 0.001603
-0.043612 0.011841 -0.000862
-0.032511 0.007322 0.004783
-0.030727 0.011619 -0.006406
-0.022956 0.010638 0.001763
-0.013079 0.007877 0.002466
-0.007025 0.014014 -0.001062
-0.004545 0.012669 -0.003899
0.003260 0.007818 0.003719
0.008375 0.011152 -0.001494
0.018145 0.005980 0.002246
0.021286 0.008599 -0.001050
0.031015 0.010665 -0.003533
0.034388 0.006696 0.001347
0.045315 0.015460 -0.001045
0.045152 0.007689 0.005150
0.053206 0.009071 0.002108
0.056214 0.013535 -0.001807
0.067256 0.007409 0.000781
0.072893 0.010068 -0.004878
0.079359 0.010038 0.003273
0.084110 0.007304 -0.000608
0.093071 0.007536 0.000347
0.098998 0.008849 -0.002442
0.106221 0.009228 0.002047
0.108478 0.007256 -0.002677
0.117406 0.010819 -0.001308
0.123617 0.008901 -0.002824
0.132177 0.009880 -0.005104
0.136130 0.007916 0.004277
0.142204 0.010556 0.000349
0.148953 0.009544 -0.002791
0.151458 0.012523 -0.002943
0.162090 0.008717 0.000147
0.165690 0.009845 0.000125
0.177046 0.006127 -0.002123
0.179105 0.011797 -0.002707
0.185996 0.010157 0.000861
0.192144 0.010555 0.004196
0.199278 0.007421 -0.000539
-0.197912 0.016797 -0.002351
-0.194449 0.015747 -0.003372
-0.186030 0.012984 -0.001238
-0.181591 0.013056 -0.004573
-0.174559 0.016330 0.001050
-0.168480 0.017158 0.001729
-0.160488 0.015222 0.000886
-0.157389 0.014663 0.002548
-0.150628 0.015807 0.000296
-0.144051 0.020244 -0.002694
-0.136298 0.016879 0.003550
-0.126560 0.015023 0.000665
-0.125106 0.015530 0.003253
-0.116661 0.015910 -0.000673
-0.112098 0.020414 0.001051
-0.107992 0.016725 -0.001138
-0.099684 0.015557 0.002089
-0.091295 0.017030 0.003493
-0.083535 0.016703 0.001385
-0.077050 0.019218 -0.000912
-0.065765 0.014833 0.002018
-0.067192 0.016794 0.000502
-0.059614 0.013732 -0.001417
-0.051926 0.016225 0.000314
-0.046100 0.017360 0.001727
-0.040679 0.017118 0.000805
-0.035171 0.014513 0.000268
-0.030337 0.015867 0.001158
-0.021362 0.015653 -0.001525
-0.014666 0.017878 0.001914
-0.010467 0.015141 0.001136
-0.000956 0.014455 -0.001678
0.000821 0.016856 -0.002025
0.006285 0.017163 0.001453
0.015602 0.017777 -0.000465
0.024176 0.017073 0.002729
0.028616 0.016916 0.002975
0.039436 0.016502 0.000610
0.044845 0.014460 -0.001663
0.049900 0.016408 0.003750
0.055570 0.017431 0.000808
0.058528 0.013185 -0.002365
0.064824 0.017918 -0.000067
0.073283 0.015694 -0.000681
0.080148 0.019635 0.000537
0.089524 0.017946 0.003201
0.091604 0.016199 0.001128
0.099917 0.016828 -0.000341
0.103614 0.015178 -0.001198
0.114641 0.015292 -0.002768
0.119327 0.017730 0.000059
0.123984 0.016421 0.000619
0.130311 0.016953 0.002178
0.139558 0.012318 -0.001228
0.139668 0.015279 -0.001313
0.146754 0.016577 -0.001291
0.154596 0.012424 0.000508
0.162788 0.016584 0.002758
0.170019 0.015645 0.003256
0.170105 0.016001 -0.000954
0.178887 0.016356 -0.001117
0.188560 0.014503 0.002086
0.192746 0.015906 -0.001149
0.199035 0.016258 0.001110
-0.200183 0.023662 -0.000196
-0.191030 0.023276 -0.001757
-0.187532 0.023093 -0.000382
-0.179110 0.025530 0.000329
-0.178426 0.024523 0.000886
-0.166637 0.021140 -0.003486
-0.161068 0.020879 -0.002676
-0.154117 0.022577 0.002064
-0.151970 0.020967 0.001396
-0.143730 0.021472 -0.002269
-0.136864 0.022736 0.001964
-0.131783 0.028145 -0.001098
-0.123957 0.022762 0.005090
-0.119783 0.027001 -0.000019
-0.107971 0.025229 0.005248
-0.102584 0.023229 0.000402
-0.099339 0.021150 -0.000907
-0.091939 0.026373 -0.000969
-0.084180 0.022946 -0.000085
-0.080127 0.024602 -0.005955
-0.074268 0.024106 -0.000937
-0.068403 0.023804 -0.001311
-0.058815 0.020946 0.003221
-0.056091 0.022829 -0.000641
-0.044484 0.021568 -0.004819
-0.040449 0.022694 -0.000708
-0.036923 0.019650 -0.001966
-0.029733 0.020268 0.003331
-0.024446 0.022842 0.000323
-0.017141 0.022819 -0.002487
-0.010909 0.022957 0.002234
-0.004018 0.023583 0.000782
0.000961 0.020243 -0.001271
0.008674 0.026750 0.000620
0.013986 0.019451 0.001923
0.020032 0.022548 -0.004232
0.030300 0.019570 -0.000307
0.033373 0.020558 0.001261
0.044008 0.021242 -0.002430
0.046564 0.020459 -0.000387
0.054013 0.023978 0.000032
0.061341 0.021482 -0.001073
0.064707 0.018852 0.001181
0.073338 0.021481 -0.000243
0.080186 0.023637 0.001534
0.086345 0.021963 -0.001080
0.092444 0.021765 0.003835
0.097119 0.025119 0.002049
0.101160 0.023167 0.000455
0.113528 0.021146 0.000326
0.118786 0.022455 0.001608
0.124663 0.019635 0.003144
0.129033 0.020753 0.000915
0.134103 0.025100 -0.002344
0.145762 0.023129 -0.001701
0.149064 0.024544 0.000941
0.154462 0.020016 0.000925
0.162603 0.019810 0.005186
0.169823 0.023578 0.000476
0.175677 0.017804 -0.001132
0.178145 0.020937 0.001197
0.188926 0.021288 -0.001028
0.192445 0.020308 0.001279
0.198622 0.022325 0.003487
-0.200493 0.025141 -0.001520
-0.191722 0.029822 0.000766
-0.186447 0.030918 -0.000305
-0.184437 0.028532 -0.003186
-0.174195 0.032611 -0.004689
-0.166460 0.027461 0.001119
-0.161088 0.028896 0.000736
-0.154155 0.029243 -0.003612
-0.153203 0.029131 0.003215
-0.141996 0.031943 0.000379
-0.134528 0.028701 -0.000412
-0.133215 0.024382 0.000600
-0.122797 0.029255 -0.000008
-0.119525 0.027346 0.001104
-0.113666 0.026038 -0.002220
-0.102318 0.026771 0.000658
-0.099160 0.030554 0.000859
-0.094597 0.029190 0.000513
-0.086765 0.030355 -0.003618
-0.082036 0.029620 0.001649
-0.074256 0.027627 -0.001355
-0.068597 0.031236 -0.000722
-0.059452 0.026936 0.000526
-0.057735 0.025820 0.002969
-0.046726 0.029831 0.000100
-0.040720 0.030068 0.000807
-0.031943 0.025846 0.002586
-0.029641 0.027065 0.001417
-0.018260 0.032754 -0.000881
-0.018048 0.028756 0.005578
-0.011057 0.030002 0.003520
-0.004192 0.028777 -0.000825
0.004691 0.025501 -0.002686
0.006722 0.026979 0.002233
0.015279 0.030608 -0.006178
0.024478 0.027516 0.001863
0.028230 0.034407 0.001717
0.035322 0.030353 -0.003510
0.042596 0.030675 0.000841
0.050617 0.026260 -0.001082
0.054291 0.027516 -0.002261
0.059618 0.028197 0.001601
0.068156 0.027671 -0.001744
0.072196 0.027109 0.002412
0.078005 0.027410 0.000175
0.086420 0.028815 0.000139
0.091482 0.026921 0.001775
0.098487 0.028723 -0.001486
0.105794 0.029399 0.000151
0.109484 0.026052 -0.000624
0.115969 0.028101 0.002031
0.123567 0.030044 0.002221
0.130420 0.026858 0.000266
0.137354 0.028638 0.003014
0.145036 0.028864 0.000543
0.150389 0.029070 0.003126
0.154858 0.031266 0.001092
0.160645 0.032848 -0.000132
0.167796 0.032402 0.000220
0.170727 0.028561 0.004770
0.184006 0.029567 0.000154
0.185944 0.028914 0.000909
0.193168 0.027417 -0.002008
0.196595 0.030402 -0.002099
-0.198441 0.034006 0.002528
-0.188403 0.034022 -0.004267
-0.186029 0.034206 -0.002067
-0.181290 0.032711 0.000460
-0.175717 0.032964 -0.003436
-0.167904 0.033715 0.003516
-0.161293 0.034154 0.003615
-0.157476 0.033484 -0.001162
-0.149495 0.034151 0.000554
-0.144365 0.036243 0.002031
-0.133352 0.035523 0.001966
-0.130375 0.037211 0.002436
-0.121353 0.031795 0.002144
-0.115687 0.035531 -0.000199
-0.111787 0.037524 0.000105
-0.100241 0.036507 0.000446
-0.094667 0.035169 0.000322
-0.095527 0.034410 -0.001172
-0.086318 0.035726 -0.001119
-0.079320 0.037054 0.001376
-0.071411 0.033447 -0.000530
-0.064395 0.036314 -0.000188
-0.063477 0.035282 -0.000455
-0.051392 0.034447 0.001180
-0.046879 0.032718 0.000148
-0.043279 0.031680 -0.001813
-0.033987 0.037141 -0.000912
-0.030517 0.036030 -0.001341
-0.020397 0.034349 0.001393
-0.013938 0.037284 0.000787
-0.006313 0.037691 0.002922
-0.001828 0.037049 0.000071
0.005480 0.036736 0.001867
0.014399 0.031502 -0.001163
0.015268 0.035636 0.003336
0.024538 0.031834 0.003380
0.030109 0.034789 -0.003778
0.034978 0.033034 0.000751
0.041992 0.039198 -0.001850
0.051113 0.035909 0.002425
0.054253 0.033897 0.003700
0.061622 0.034727 0.003009
0.065935 0.034605 -0.000735
0.068244 0.032193 -0.001751
0.077755 0.036357 0.000452
0.085328 0.033189 0.001250
0.089568 0.031102 0.002134
0.099539 0.035053 -0.000653
0.109193 0.034947 0.001796
0.114923 0.031879 0.000545
0.118852 0.034674 -0.000962
0.124852 0.033681 -0.003995
0.128301 0.035265 -0.000230
0.135949 0.036471 0.004518
0.146462 0.039493 0.000451
0.147162 0.036185 -0.002955
0.154005 0.037330 -0.001028
0.159932 0.034230 0.003033
0.165376 0.036256 0.000130
0.176571 0.034448 -0.002167
0.183988 0.031424 0.004204
0.188092 0.034676 0.000095
0.194899 0.035796 -0.000676
0.200825 0.032978 -0.000371
-0.201681 0.039772 -0.002376
-0.192936 0.041165 -0.002742
-0.185115 0.040127 -0.001937
-0.180499 0.042477 -0.000328
-0.175657 0.043861 0.003943
-0.168202 0.038614 0.000974
-0.159664 0.041369 -0.004162
-0.156153 0.045973 0.000133
-0.148379 0.038029 -0.001127
-0.141345 0.042977 0.000061
-0.133651 0.041023 0.001987
-0.131644 0.039021 0.000523
-0.125121 0.040094 0.002044
-0.117476 0.042994 -0.001156
-0.110276 0.041702 -0.002883
-0.104556 0.039378 -0.001388
-0.095849 0.041683 0.000304
-0.090104 0.041919 -0.000097
-0.088358 0.042009 -0.002185
-0.082668 0.044012 -0.000836
-0.069672 0.042785 0.002181
-0.064238 0.040687 0.000079
-0.060819 0.040063 0.001020
-0.054947 0.038476 -0.002224
-0.050373 0.043529 0.002860
-0.043717 0.045862 0.004847
-0.036694 0.041403 0.000062
-0.027456 0.043550 0.002118
-0.020303 0.041088 0.000824
-0.013074 0.046348 -0.000245
-0.008283 0.038052 -0.000548
-0.004424 0.046535 0.001608
0.002644 0.039929 -0.003963
0.010597 0.043406 0.000924
0.015880 0.042456 0.000765
0.018663 0.043950 0.001802
0.029722 0.045222 -0.000408
0.031845 0.042083 0.001794
0.040679 0.043283 0.001229
0.051720 0.041709 -0.003888
0.055555 0.040584 -0.000473
0.058399 0.040535 -0.001087
0.065839 0.041494 -0.000679
0.071841 0.042217 0.003267
0.080781 0.040609 -0.000246
0.084223 0.042763 0.002622
0.093170 0.043560 -0.000610
0.096693 0.036848 -0.003515
0.105775 0.042570 -0.001123
0.110262 0.041025 0.000117
0.116829 0.040453 -0.002883
0.123663 0.041660 -0.001527
0.131391 0.039328 -0.000742
0.139268 0.040655 -0.002389
0.140928 0.042277 -0.002580
0.150050 0.042408 0.000650
0.153680 0.045413 -0.001924
0.163078 0.041236 0.000909
0.171958 0.042144 0.000129
0.173250 0.039543 -0.003037
0.178230 0.041909 -0.000171
0.192447 0.042633 -0.001138
0.193157 0.043379 -0.003622
0.202308 0.042497 -0.000380
-0.200156 0.046415 -0.003514
-0.193574 0.046754 0.000259
-0.186181 0.048413 -0.003208
-0.182261 0.051517 -0.000167
-0.174958 0.050037 0.001598
-0.169684 0.047855 -0.000969
-0.166098 0.046810 -0.002088
-0.154475 0.047690 0.000667
-0.149419 0.046700 -0.002460
-0.143683 0.047798 0.000177
-0.136770 0.048722 -0.000791
-0.130189 0.046651 -0.000016
-0.120709 0.045689 0.001398
-0.116892 0.043829 0.001043
-0.109987 0.042638 0.000212
-0.106580 0.048558 0.001355
-0.099710 0.047678 -0.000526
-0.094037 0.047057 0.001723
-0.082603 0.047792 -0.001213
-0.077857 0.047311 0.002699
-0.074923 0.048279 -0.002335
-0.064797 0.052053 -0.001566
-0.060066 0.050443 0.000702
-0.057382 0.050362 0.002741
-0.048676 0.048543 0.001957
-0.041468 0.050106 0.000381
-0.032533 0.052350 -0.000946
-0.028061 0.046404 -0.002789
-0.020335 0.047338 0.000100
-0.016457 0.048838 -0.002647
-0.009483 0.051443 -0.000008
-0.003153 0.049766 -0.000184
0.003848 0.045982 -0.001067
0.008347 0.048986 0.001328
0.018629 0.047471 -0.001847
0.021940 0.048925 -0.001017
0.029099 0.047574 -0.000014
0.035948 0.050003 -0.002126
0.042530 0.046248 -0.003221
0.046041 0.045512 0.004564
0.053204 0.047363 0.002671
0.057440 0.045738 0.002015
0.066609 0.048611 0.001509
0.072661 0.049410 0.003154
0.078423 0.045622 0.000093
0.089493 0.046881 0.000446
0.093571 0.046000 -0.002525
0.098506 0.045198 -0.000394
0.102706 0.043920 -0.000385
0.110197 0.047409 -0.004385
0.118741 0.048832 0.003429
0.123486 0.044670 0.001754
0.130971 0.048424 -0.000347
0.136075 0.046217 0.001122
0.142582 0.049514 0.002253
0.150501 0.048603 0.001029
0.159237 0.046896 -0.000561
0.159364 0.046533 0.001518
0.169173 0.048768 0.000768
0.180245 0.047413 -0.003014
0.182025 0.045669 -0.000749
0.182450 0.044654 0.000246
0.190938 0.045169 -0.001336
0.196807 0.047021 -0.002262
-0.202605 0.053748 0.004783
-0.192985 0.053465 0.001822
-0.184689 0.051987 0.001318
-0.184493 0.053786 0.000039
-0.174972 0.053287 0.001781
-0.164093 0.054499 -0.002515
-0.159972 0.051722 0.000464
-0.154056 0.058056 -0.003254
-0.145703 0.053112 0.001095
-0.140065 0.055739 -0.001642
-0.137569 0.057118 -0.000851
-0.133376 0.050976 -0.000619
-0.124911 0.054520 -0.001411
-0.119039 0.053771 0.001561
-0.114061 0.055647 0.002561
-0.102653 0.055438 0.000170
-0.096027 0.049027 -0.002149
-0.090993 0.050631 0.001390
-0.083342 0.054497 -0.000203
-0.078930 0.058646 0.002793
-0.070935 0.052994 0.000860
-0.065507 0.054974 -0.000565
-0.061297 0.051836 0.000229
-0.056669 0.057104 -0.002585
-0.046788 0.051303 -0.004351
-0.041339 0.050292 -0.000011
-0.034535 0.054452 -0.000082
-0.029133 0.053203 0.000417
-0.020420 0.056893 0.001829
-0.011981 0.050272 0.001511
-0.009116 0.052986 0.004001
-0.001909 0.050802 0.000724
0.001437 0.054796 -0.003214
0.009651 0.053394 -0.000023
0.016517 0.055365 0.004209
0.020505 0.054143 -0.002384
0.029916 0.054264 -0.000598
0.035362 0.054993 0.000443
0.044113 0.053345 -0.000548
0.050180 0.057067 0.000737
0.051365 0.050350 0.000042
0.060063 0.053919 -0.000309
0.067352 0.057025 -0.001140
0.070799 0.054151 0.001515
0.079339 0.049280 -0.001524
0.085907 0.052254 -0.000254
0.091436 0.053261 -0.000778
0.098790 0.050529 0.002998
0.103591 0.054297 0.000921
0.109554 0.056983 -0.001328
0.117419 0.053677 -0.003808
0.124391 0.053415 0.003385
0.132611 0.053093 -0.001362
0.137748 0.058516 0.000082
0.143042 0.055227 -0.000562
0.150089 0.055271 -0.001092
0.158358 0.053577 0.001609
0.159977 0.052153 0.000074
0.169686 0.058805 -0.002408
0.177064 0.055016 0.000115
0.183177 0.054469 0.002368
0.185100 0.056216 -0.001826
0.198299 0.052235 0.004479
0.199671 0.057099 0.003139
-0.199754 0.058854 0.004331
-0.195086 0.062560 -0.002482
-0.192796 0.059555 0.003148
-0.179647 0.060878 -0.000620
-0.174131 0.059957 -0.002862
-0.170170 0.062202 -0.000448
-0.163400 0.058832 0.003945
-0.155544 0.060331 0.000135
-0.149435 0.061704 -0.003131
-0.141687 0.063076 -0.002787
-0.137470 0.062245 -0.000528
-0.135653 0.059440 -0.001015
-0.118063 0.057755 -0.002625
-0.117796 0.060675 -0.001220
-0.113224 0.062058 -0.000795
-0.104688 0.059592 -0.000610
-0.095533 0.061674 -0.000866
-0.093864 0.061018 0.001065
-0.086930 0.063024 -0.002209
-0.080546 0.063645 0.000528
-0.073033 0.059696 -0.001087
-0.067051 0.060574 -0.001829
-0.061156 0.059418 -0.000624
-0.051924 0.061913 0.001346
-0.048473 0.061839 -0.000507
-0.039426 0.060418 0.002348
-0.035406 0.061347 -0.002775
-0.028884 0.063573 -0.000985
-0.022467 0.059489 0.002292
-0.015278 0.060689 -0.000240
-0.011180 0.061085 0.001960
-0.007354 0.058868 0.001394
0.002868 0.061224 0.001357
0.011503 0.057615 -0.003847
0.014456 0.061213 -0.001510
0.020092 0.059846 0.002019
0.026028 0.062169 -0.002652
0.036090 0.061806 -0.000431
0.040338 0.061176 -0.001933
0.046955 0.060467 -0.001822
0.054299 0.057400 0.000968
0.057718 0.061141 0.000750
0.067552 0.059057 0.000977
0.069865 0.056870 0.000811
0.079123 0.061412 -0.003815
0.086204 0.060293 -0.002895
0.092308 0.061055 0.000790
0.097049 0.062343 0.001989
0.105458 0.057631 0.003652
0.110634 0.057413 0.000151
0.115705 0.058515 -0.003320
0.124393 0.061299 0.001079
0.132378 0.054983 0.000501
0.135280 0.061768 -0.000971
0.143892 0.061243 -0.000201
0.149341 0.062183 -0.000697
0.156083 0.062192 -0.000768
0.160256 0.060900 -0.001806
0.168034 0.065451 0.002406
0.174310 0.059021 -0.000369
0.180344 0.057934 0.000901
0.186295 0.063412 0.001944
0.196563 0.058206 0.000632
0.199511 0.061299 0.004325
-0.200079 0.063011 0.000334
-0.189986 0.064316 0.001424
-0.185551 0.066575 0.002327
-0.184899 0.070494 0.000123
-0.173506 0.062309 -0.001004
-0.169297 0.066015 0.000677
-0.163406 0.064849 0.002568
-0.154321 0.068256 0.002055
-0.143843 0.063252 0.002029
-0.141465 0.067415 -0.000051
-0.132863 0.065146 -0.001676
-0.130622 0.067051 0.002202
-0.122482 0.065464 -0.001005
-0.112040 0.067103 -0.001869
-0.111525 0.069377 -0.000002
-0.104506 0.064446 0.000026
-0.098505 0.068801 0.004059
-0.093542 0.068389 0.001806
-0.084387 0.067533 0.002655
-0.077659 0.063018 0.002630
-0.074744 0.066242 -0.002242
-0.066279 0.068986 0.002885
-0.061639 0.067465 0.000419
-0.052362 0.066654 0.000223
-0.049432 0.067372 -0.000462
-0.039213 0.065001 0.002541
-0.034246 0.066828 0.006701
-0.031961 0.068096 0.001353
-0.021768 0.068207 -0.005169
-0.013977 0.069817 0.000633
-0.011896 0.066387 -0.003649
-0.002042 0.066271 0.002866
0.005335 0.069471 -0.002570
0.005286 0.064802 -0.000215
0.015610 0.068632 -0.000632
0.023748 0.064137 0.000480
0.025789 0.065173 0.001052
0.037429 0.069179 -0.001440
0.039203 0.066609 -0.001666
0.049078 0.065579 -0.003142
0.053830 0.064450 0.001824
0.058726 0.070259 0.002188
0.064796 0.066418 0.002649
0.073233 0.070420 0.000886
0.081066 0.067164 -0.002800
0.086270 0.065740 0.005369
0.093086 0.069313 0.003628
0.099572 0.069875 -0.000256
0.107316 0.065819 0.001016
0.112588 0.065744 0.000696
0.119045 0.062498 0.000826
0.125532 0.065113 0.002504
0.128660 0.068449 -0.000671
0.136346 0.064706 0.002017
0.141125 0.066888 0.001063
0.148531 0.067354 -0.001207
0.157726 0.064865 -0.001604
0.160404 0.068527 -0.000639
0.170037 0.064792 -0.000527
0.172957 0.069026 -0.002827
0.179358 0.065005 0.002632
0.185912 0.067819 -0.001015
0.193206 0.067032 0.004065
0.199287 0.063070 0.004196
-0.202190 0.074095 -0.001784
-0.196495 0.069306 0.003509
-0.189255 0.074819 0.000176
-0.182532 0.072356 -0.000982
-0.170831 0.072263 -0.002058
-0.166467 0.071940 0.001710
-0.159064 0.074762 -0.000170
-0.154236 0.072777 -0.000466
-0.151667 0.070481 0.003442
-0.143982 0.073016 -0.004047
-0.138259 0.071382 -0.000532
-0.129899 0.074032 0.003266
-0.127386 0.072615 -0.002665
-0.119058 0.073545 -0.002088
-0.108729 0.071539 -0.003257
-0.106168 0.071708 0.000420
-0.096087 0.073047 -0.000488
-0.092602 0.070979 0.001847
-0.085035 0.075747 0.000665
-0.080651 0.075784 0.000852
-0.072202 0.079615 -0.001477
-0.065891 0.075696 0.001314
-0.059483 0.076543 -0.000403
-0.055092 0.069731 0.000198
-0.045989 0.071781 0.000169
-0.039121 0.075413 -0.004365
-0.033227 0.073690 -0.000037
-0.028196 0.070457 -0.002181
-0.020637 0.074422 0.001401
-0.013696 0.073271 0.002590
-0.008881 0.073576 0.000978
0.001137 0.072683 -0.001567
0.003537 0.072168 0.000758
0.010747 0.075745 -0.000551
0.016450 0.073026 -0.001192
0.021227 0.075975 -0.001285
0.028658 0.071789 -0.001480
0.035501 0.073351 -0.002183
0.040227 0.073502 -0.001750
0.049478 0.073658 -0.001292
0.055415 0.069256 -0.001473
0.058774 0.075087 0.000565
0.071451 0.070606 0.002290
0.073818 0.070692 -0.000501
0.078464 0.072527 0.003008
0.085867 0.073234 -0.001232
0.092660 0.072156 0.001046
0.100379 0.072570 0.001577
0.104019 0.074932 -0.000026
0.111356 0.067031 -0.000482
0.118371 0.077228 -0.001832
0.123567 0.075461 0.003373
0.127784 0.071894 -0.001005
0.139362 0.074829 0.000149
0.146483 0.072653 -0.000564
0.145238 0.073371 -0.001534
0.157107 0.075536 -0.000993
0.160370 0.072003 -0.002826
0.168873 0.073781 -0.002354
0.173800 0.071117 0.003543
0.179398 0.073967 0.004945
0.188930 0.074649 -0.002049
0.193308 0.073013 0.004646
0.201808 0.074986 0.003062
-0.200886 0.077444 -0.002300
-0.193425 0.076485 0.005709
-0.188581 0.078409 -0.000401
-0.178719 0.074624 0.000860
-0.173079 0.078493 -0.002616
-0.169877 0.079561 0.006151
-0.161299 0.080157 0.003788
-0.152980 0.074825 0.000649
-0.148902 0.080797 -0.002568
-0.144567 0.078738 0.000740
-0.133796 0.077440 0.001182
-0.128392 0.079852 0.000328
-0.123391 0.078101 0.001430
-0.118394 0.078504 -0.000826
-0.110734 0.081357 -0.002198
-0.104883 0.078473 0.002387
-0.099993 0.079811 -0.002128
-0.092317 0.078722 0.000975
-0.086436 0.077186 0.000514
-0.078918 0.079929 0.002109
-0.070150 0.074905 0.004493
-0.069095 0.079712 0.003337
-0.060532 0.081378 0.000232
-0.054301 0.081144 0.002247
-0.050305 0.080030 0.001311
-0.039978 0.080918 -0.001260
-0.037730 0.079716 0.000642
-0.026659 0.079725 -0.001345
-0.024345 0.076802 0.000092
-0.017901 0.076185 0.000843
-0.010399 0.076647 0.001451
-0.005504 0.076756 -0.003151
0.002791 0.079400 -0.001185
0.010547 0.080263 0.000341
0.014064 0.078052 -0.002514
0.022614 0.076535 0.000221
0.027998 0.082323 0.003943
0.035794 0.080546 0.001034
0.038168 0.080260 0.002281
0.051962 0.080786 0.001153
0.050843 0.079691 -0.000666
0.062188 0.076773 0.002789
0.067623 0.079590 0.000834
0.077972 0.079190 -0.000077
0.077520 0.076894 -0.000333
0.084201 0.079095 0.001112
0.095555 0.078760 0.000150
0.100821 0.079544 0.000227
0.102551 0.078905 -0.001549
0.109330 0.081371 -0.004815
0.114800 0.082931 0.000392
0.123324 0.078216 0.002503
0.129621 0.079140 0.002267
0.136804 0.081471 0.001435
0.141809 0.079385 -0.002390
0.153716 0.077426 -0.002599
0.151331 0.077695 0.001113
0.162615 0.080819 -0.001529
0.169940 0.079041 -0.000100
0.174280 0.079831 0.001925
0.181099 0.079567 0.002316
0.189137 0.079268 -0.000431
0.194238 0.079302 -0.000375
0.202080 0.079816 -0.001849
-0.200354 0.091901 0.002368
-0.195217 0.086199 0.000633
-0.186107 0.091121 -0.001278
-0.180997 0.084963 -0.002999
-0.176623 0.086488 -0.000943
-0.168192 0.083360 0.001962
-0.163456 0.085649 0.001038
-0.155780 0.087309 -0.002574
-0.150413 0.084790 -0.000229
-0.140337 0.084899 -0.000961
-0.135334 0.084285 0.000582
-0.132425 0.084600 0.004098
-0.124552 0.078874 0.001524
-0.116832 0.086025 0.000473
-0.113253 0.088979 0.002856
-0.107374 0.085406 -0.000325
-0.097129 0.084141 -0.000312
-0.091836 0.087149 0.000845
-0.083248 0.083386 0.002980
-0.081320 0.086893 -0.000783
-0.071509 0.086060 0.000406
-0.066422 0.087594 -0.003235
-0.060538 0.088838 -0.001756
-0.053909 0.084276 -0.001126
-0.047929 0.087116 0.001962
-0.037646 0.083927 0.003103
-0.034032 0.082678 0.000474
-0.028645 0.084149 -0.000312
-0.020409 0.086106 0.000544
-0.017340 0.089016 0.000259
-0.012871 0.087202 0.000149
-0.008082 0.086635 0.000134
0.003117 0.086252 -0.000258
0.007188 0.084416 -0.001194
0.014602 0.087119 0.001717
0.022235 0.087138 -0.002780
0.023950 0.085541 0.002416
0.033695 0.083221 0.002703
0.040495 0.082750 -0.001357
0.048077 0.087501 0.001701
0.055675 0.085993 -0.001388
0.060823 0.086297 -0.000461
0.068515 0.082988 -0.000005
0.072845 0.082368 -0.005816
0.079128 0.082395 0.000152
0.085631 0.085928 0.002149
0.093697 0.087466 -0.000190
0.096642 0.086185 0.000827
0.100111 0.085325 -0.002726
0.112326 0.088096 0.001191
0.119078 0.089016 -0.002029
0.121512 0.085770 -0.001089
0.128621 0.086150 -0.000238
0.136991 0.083189 -0.000141
0.140402 0.087694 -0.003060
0.144813 0.085698 -0.001488
0.156828 0.086010 -0.001888
0.163950 0.085152 0.002481
0.166380 0.082100 0.003887
0.172604 0.084544 -0.001609
0.180558 0.084940 -0.001774
0.187617 0.087162 0.002676
0.198069 0.089152 -0.001465
0.201885 0.087874 -0.004359
-0.203741 0.095631 0.001591
-0.188490 0.089932 0.001333
-0.186949 0.090122 -0.001182
-0.179951 0.091410 0.000825
-0.174233 0.092101 0.001693
-0.167819 0.093034 -0.001040
-0.163477 0.091428 0.000451
-0.154385 0.093797 -0.000651
-0.150091 0.091539 -0.000712
-0.143306 0.095411 0.000189
-0.139608 0.093088 0.001970
-0.131097 0.095521 -0.003016
-0.122644 0.095387 -0.001410
-0.115494 0.094443 0.001182
-0.112389 0.090279 0.000063
-0.108285 0.095712 0.004997
-0.101705 0.091569 -0.002015
-0.088959 0.092797 -0.000285
-0.085390 0.094165 -0.001170
-0.080302 0.096771 0.001155
-0.074876 0.092997 -0.000231
-0.065666 0.091583 0.000422
-0.057609 0.090557 0.003589
-0.056001 0.091428 0.002056
-0.047616 0.094284 0.000334
-0.040333 0.089509 -0.003431
-0.036614 0.094378 0.001274
-0.029543 0.091181 0.002060
-0.020611 0.091079 -0.002266
-0.016031 0.092178 0.000201
-0.012644 0.091065 0.002868
-0.004730 0.090210 -0.002273
0.001804 0.091575 -0.000717
0.008976 0.094525 -0.000956
0.017068 0.089887 0.002649
0.025941 0.093783 -0.000790
0.028128 0.091024 0.001784
0.034789 0.089273 -0.000329
0.040376 0.093246 -0.002738
0.044894 0.090955 -0.002843
0.055374 0.092066 0.000629
0.060025 0.092099 -0.001057
0.068000 0.094719 -0.002753
0.072310 0.093596 -0.001829
0.080686 0.093618 -0.003376
0.087801 0.092841 -0.002118
0.087729 0.089690 0.003523
0.098142 0.092972 0.002914
0.107363 0.092666 0.000292
0.109311 0.092017 -0.003639
0.119008 0.092282 -0.000998
0.121719 0.091799 -0.001534
0.130740 0.089335 -0.000427
0.135454 0.089943 -0.001334
0.145421 0.089725 0.001784
0.147452 0.097057 0.000374
0.154517 0.093096 -0.004188
0.160796 0.090522 0.000824
0.166767 0.089586 -0.000658
0.178295 0.094399 0.001390
0.182568 0.094416 0.001394
0.188377 0.092551 0.002294
0.194390 0.094594 -0.000053
0.203396 0.088519 -0.000460
-0.200451 0.097866 -0.004962
-0.191057 0.100938 0.001174
-0.190857 0.101161 0.000326
-0.183379 0.102259 0.001093
-0.177385 0.100350 0.002958
-0.171608 0.097757 0.001465
-0.163412 0.093420 0.000561
-0.151862 0.097038 0.000761
-0.149858 0.097654 -0.004254
-0.143476 0.100741 -0.001371
-0.137339 0.095760 -0.001223
-0.126885 0.099691 0.001035
-0.125270 0.100004 -0.000185
-0.119370 0.099845 -0.003852
-0.111834 0.097245 -0.003540
-0.103905 0.098630 0.000603
-0.099009 0.098551 0.000103
-0.092011 0.096354 -0.000035
-0.086991 0.097527 0.002919
-0.078927 0.100294 -0.000026
-0.070427 0.101228 -0.002892
-0.068536 0.098069 -0.000688
-0.059907 0.100069 0.002925
-0.055482 0.096640 0.001502
-0.049982 0.097274 -0.001460
-0.042458 0.102038 -0.002807
-0.032924 0.099066 0.000221
-0.029556 0.099996 0.001386
-0.022168 0.099204 -0.001137
-0.017966 0.103209 0.002981
-0.009157 0.099027 0.001335
-0.007430 0.096838 -0.000156
0.000791 0.098566 0.001155
0.008906 0.097718 0.003011
0.016861 0.100753 -0.003323
0.024249 0.096575 0.001875
0.031434 0.099203 -0.003137
0.033895 0.100312 -0.000175
0.042573 0.096943 -0.000624
0.047183 0.098511 -0.001200
0.055100 0.099389 0.000774
0.058288 0.101628 0.005241
0.065844 0.098415 -0.002838
0.074901 0.096991 0.000905
0.075888 0.102900 -0.000272
0.085965 0.101085 0.000047
0.096237 0.099956 0.001117
0.100664 0.102726 0.002293
0.106867 0.098413 -0.000390
0.113474 0.100403 0.001763
0.116935 0.097407 -0.002316
0.121603 0.098637 -0.001452
0.131190 0.099865 -0.001970
0.135165 0.100458 0.000731
0.142649 0.099721 0.000255
0.147211 0.098688 0.000876
0.153827 0.098021 0.000661
0.160339 0.100045 -0.003022
0.168720 0.102406 -0.000736
0.173255 0.098594 -0.000274
0.182848 0.102078 0.001167
0.187300 0.097316 -0.002491
0.192391 0.096330 -0.002361
0.203082 0.096694 -0.000385
-0.203772 0.102299 -0.000077
-0.191363 0.100752 0.003938
-0.185909 0.108631 -0.003613
-0.182098 0.104295 0.002268
-0.175034 0.103043 0.003042
-0.169029 0.103947 -0.000394
-0.159992 0.103621 -0.001529
-0.155563 0.107073 -0.000891
-0.152671 0.105164 -0.002430
-0.145481 0.106456 0.001925
-0.139414 0.105369 -0.001994
-0.124114 0.103999 -0.001937
-0.124510 0.103836 -0.000055
-0.119636 0.103714 -0.002623
-0.111226 0.106056 -0.002387
-0.106077 0.103105 -0.000492
-0.095218 0.104898 -0.001172
-0.094514 0.106382 -0.000275
-0.080935 0.102730 0.001092
-0.080240 0.104488 -0.001583
-0.072034 0.103071 0.002748
-0.068147 0.104282 -0.000340
-0.061735 0.106618 -0.001331
-0.056931 0.105970 0.000156
-0.045712 0.103984 -0.002098
-0.039132 0.107885 -0.000854
-0.036063 0.105518 0.002020
-0.027150 0.105142 0.001359
-0.026172 0.106565 0.001536
-0.018794 0.099669 0.000130
-0.010244 0.103972 0.002083
-0.002101 0.104858 0.000973
0.005721 0.102730 0.001975
0.009858 0.104036 -0.000926
0.015688 0.103888 -0.001217
0.022949 0.105766 0.002827
0.029778 0.107798 0.000767
0.030966 0.106478 0.000604
0.039958 0.104774 0.003468
0.048602 0.104060 0.000853
0.051482 0.103287 0.001111
0.060023 0.105677 -0.000426
0.064735 0.106020 0.001419
0.075032 0.104533 0.001034
0.079172 0.100701 -0.000024
0.086168 0.107530 0.002765
0.092274 0.105658 0.000149
0.097578 0.108439 -0.001785
0.106884 0.104062 0.000070
0.110851 0.105281 0.000120
0.116850 0.102978 -0.003916
0.122681 0.102174 0.001680
0.129770 0.105466 -0.000140
0.135741 0.105346 -0.002283
0.147365 0.105795 -0.000361
0.149267 0.102912 -0.000255
0.155489 0.107190 0.002479
0.162735 0.104646 -0.001799
0.170479 0.103594 0.002196
0.174655 0.108299 -0.001494
0.181576 0.104038 0.001277
0.188147 0.110038 -0.003215
0.191626 0.100841 -0.002811
0.200210 0.101700 0.000802
-0.199964 0.112964 0.000743
-0.195703 0.111023 -0.003469
-0.187921 0.109746 0.001387
-0.183751 0.116415 -0.001353
-0.173784 0.111554 0.001680
-0.167526 0.111000 -0.000501
-0.162577 0.110053 0.004190
-0.154671 0.108463 0.000016
-0.148973 0.110877 -0.001649
-0.141427 0.113102 -0.002431
-0.137493 0.113031 -0.002047
-0.124886 0.112188 -0.001641
-0.123284 0.109965 0.001512
-0.118561 0.109363 -0.002142
-0.113904 0.110256 -0.003418
-0.103633 0.112756 -0.001153
-0.096091 0.109396 0.000600
-0.092372 0.109814 -0.001734
-0.082148 0.114212 -0.001115
-0.076264 0.108943 -0.002820
-0.076954 0.110589 -0.000624
-0.066269 0.111613 -0.002589
-0.059656 0.110221 -0.004437
-0.052792 0.113589 -0.000229
-0.044658 0.113069 0.000447
-0.036319 0.111401 -0.001964
-0.033221 0.111004 0.000644
-0.025465 0.111107 -0.000542
-0.024682 0.111779 -0.003095
-0.016747 0.111701 0.000737
-0.009454 0.110723 0.001578
-0.003641 0.110925 0.000071
-0.000240 0.110232 -0.001406
0.010801 0.113297 -0.000987
0.017800 0.112639 0.001354
0.024085 0.109580 0.003095
0.030121 0.106452 -0.002110
0.037819 0.109598 0.000494
0.041819 0.115140 0.001933
0.046735 0.108699 -0.001906
0.057178 0.112601 0.000464
0.059330 0.111522 -0.002627
0.068668 0.110251 -0.001821
0.075036 0.108655 0.001558
0.077686 0.105078 -0.000676
0.083239 0.114547 0.005111
0.092013 0.111619 -0.000985
0.098252 0.111875 0.000253
0.106541 0.108157 0.003160
0.115837 0.111971 0.001427
0.116138 0.111659 0.001565
0.125529 0.111144 -0.001231
0.130627 0.108473 -0.001071
0.136678 0.108653 -0.000527
0.147075 0.112426 0.000597
0.151074 0.112302 0.002887
0.153972 0.109548 0.000079
0.160842 0.112347 0.001116
0.167384 0.107829 0.002547
0.174625 0.112921 -0.000074
0.181341 0.110961 -0.002203
0.184791 0.111212 0.000536
0.191716 0.105808 -0.001411
0.198315 0.111115 0.000798
-0.199518 0.116547 -0.003354
-0.195736 0.118017 -0.001676
-0.185646 0.116908 0.000275
-0.182985 0.117494 0.001611
-0.171962 0.118951 0.002690
-0.167777 0.120194 0.001253
-0.159701 0.116696 0.000329
-0.157371 0.116129 0.001616
-0.146220 0.115785 0.002328
-0.143111 0.115650 0.004489
-0.138445 0.117881 -0.001543
-0.130913 0.118282 0.001575
-0.120933 0.118939 0.000693
-0.115927 0.119073 0.000148
-0.110516 0.115923 -0.004781
-0.106962 0.120665 -0.006667
-0.099712 0.116744 -0.000548
-0.090590 0.113632 -0.002223
-0.085027 0.119970 0.000643
-0.081609 0.119904 0.002779
-0.075171 0.115996 0.001252
-0.070003 0.116173 -0.000807
-0.062614 0.117133 0.002863
-0.050458 0.119123 0.001102
-0.050263 0.112449 -0.001707
-0.041098 0.117433 -0.003104
-0.033299 0.117238 0.002000
-0.028875 0.115879 -0.001490
-0.024357 0.117316 -0.000184
-0.018469 0.113659 -0.000067
-0.008148 0.118135 -0.000776
-0.005396 0.116206 0.002969
0.000860 0.115722 0.002468
0.007848 0.115752 0.003719
0.013152 0.119105 -0.000105
0.023240 0.116478 -0.002756
0.027621 0.114849 0.000025
0.038576 0.118090 0.000549
0.039654 0.116701 0.000333
0.048714 0.117252 -0.000469
0.055927 0.117374 -0.001441
0.057945 0.115861 0.000820
0.064368 0.118024 0.000927
0.071390 0.119545 -0.001578
0.079377 0.116389 -0.000074
0.081641 0.119972 0.002260
0.092365 0.117646 0.001848
0.098599 0.115678 0.000545
0.103835 0.119827 -0.003585
0.110550 0.122472 -0.000520
0.116722 0.116422 -0.000755
0.122978 0.118538 0.000834
0.130026 0.117412 0.000091
0.137912 0.113206 0.004985
0.141284 0.114735 0.000878
0.147009 0.118782 0.002868
0.152287 0.117353 0.000353
0.161388 0.116149 -0.003132
0.170396 0.115690 -0.003568
0.174636 0.118776 -0.004248
0.180173 0.116617 0.000769
0.188026 0.113879 -0.001278
0.195840 0.120973 -0.000005
0.200160 0.120580 0.002250
-0.201116 0.124114 -0.004935
-0.195366 0.124821 -0.002393
-0.186769 0.124405 -0.002874
-0.178849 0.124687 0.000945
-0.174274 0.126729 -0.002971
-0.168291 0.120128 0.004520
-0.160304 0.123091 0.000999
-0.154303 0.120830 0.000333
-0.148757 0.124308 -0.002059
-0.143777 0.129292 -0.001374
-0.139032 0.125391 -0.005213
-0.128481 0.123296 0.001625
-0.125446 0.122430 -0.002093
-0.114616 0.124172 -0.001337
-0.111519 0.122968 0.004972
-0.104452 0.120725 -0.000247
-0.095803 0.120360 0.001165
-0.090180 0.121925 0.003601
-0.086120 0.121401 -0.002055
-0.079288 0.121273 -0.000672
-0.072251 0.126149 0.002006
-0.065685 0.123619 0.001716
-0.058476 0.126403 0.001688
-0.052033 0.127223 0.003286
-0.044912 0.121973 -0.000351
-0.044399 0.126225 0.003970
-0.036276 0.122553 -0.000088
-0.032775 0.124228 -0.000269
-0.023298 0.121651 -0.002331
-0.012768 0.120553 -0.001168
-0.009293 0.122771 0.000764
-0.002063 0.122229 0.001840
-0.000127 0.120731 -0.000295
0.012536 0.125886 0.000750
0.016980 0.122157 0.002021
0.021451 0.122887 0.000867
0.029725 0.125584 0.000579
0.034087 0.124896 -0.003308
0.043529 0.120014 -0.000016
0.045943 0.124294 0.000296
0.051298 0.122567 -0.000648
0.057086 0.125676 0.001803
0.066760 0.123133 -0.001112
0.071589 0.123084 -0.001235
0.081307 0.123822 0.000456
0.082456 0.125103 -0.001900
0.086984 0.126378 -0.001142
0.098473 0.123087 -0.002333
0.105051 0.126431 -0.001253
0.111422 0.127895 0.001646
0.116343 0.125523 0.000949
0.125912 0.121961 0.000110
0.130499 0.124678 -0.000993
0.138014 0.120766 0.003429
0.144705 0.122327 0.003263
0.147662 0.123568 0.000618
0.154308 0.124449 0.000476
0.164362 0.124570 -0.002272
0.167422 0.121813 -0.003806
0.174334 0.123224 0.000905
0.180796 0.124689 -0.001919
0.189482 0.126482 0.000520
0.194885 0.129239 0.002315
0.199328 0.125443 -0.002169
-0.201815 0.130406 -0.003670
-0.189903 0.130656 0.000729
-0.188177 0.129891 -0.000853
-0.181569 0.132354 -0.001790
-0.177154 0.131355 0.002759
-0.167954 0.129294 0.002829
-0.161526 0.131676 -0.001366
-0.156214 0.130290 0.003025
-0.150613 0.129841 0.000439
-0.141141 0.130746 -0.000531
-0.135008 0.129326 -0.000053
-0.129806 0.131870 0.000164
-0.124692 0.129121 -0.000486
-0.113355 0.134651 0.001693
-0.113243 0.126067 -0.002967
-0.105734 0.129728 -0.000890
-0.100094 0.124406 0.000985
-0.093650 0.132258 0.001303
-0.087278 0.128776 0.000455
-0.078464 0.131731 0.000124
-0.074208 0.129081 0.003174
-0.067023 0.133139 -0.001908
-0.062340 0.131860 0.000822
-0.056009 0.128583 -0.002000
-0.048279 0.129880 0.000756
-0.043148 0.130012 -0.000149
-0.035999 0.131245 0.001954
-0.030921 0.127206 0.000736
-0.021244 0.130331 -0.002039
-0.018207 0.135303 0.000156
-0.009246 0.127923 -0.004957
-0.001062 0.131054 0.000326
0.001982 0.131830 -0.002082
0.008061 0.131497 -0.001574
0.012323 0.128929 0.000068
0.020967 0.127816 0.000801
0.027941 0.129120 -0.000111
0.035887 0.127868 0.000222
0.041944 0.132779 0.001454
0.051142 0.130372 0.000501
0.056358 0.128826 0.000649
0.060129 0.126964 -0.000924
0.066946 0.131058 -0.000293
0.072870 0.128764 -0.002609
0.080188 0.131244 0.001189
0.090175 0.131466 0.001419
0.091948 0.129177 0.000429
0.099450 0.131908 -0.000835
0.104579 0.129680 0.002437
0.108246 0.129941 0.002259
0.117933 0.132399 0.000216
0.126176 0.132444 -0.001824
0.131583 0.128671 0.002491
0.135611 0.131405 0.003910
0.143498 0.131342 0.002190
0.148506 0.130737 -0.000403
0.155445 0.129341 -0.000914
0.163963 0.132717 -0.003073
0.168751 0.129110 0.000072
0.173069 0.128751 -0.001521
0.183012 0.128289 -0.003584
0.186743 0.128280 -0.002874
0.192866 0.130237 0.000410
0.201677 0.133752 -0.000156
-0.199368 0.134886 -0.002005
-0.194110 0.133946 -0.002226
-0.184059 0.139812 -0.000299
-0.178805 0.138183 0.000744
-0.173223 0.133699 0.002406
-0.166416 0.134968 0.000736
-0.162008 0.136379 0.002024
-0.157109 0.132960 0.000961
-0.146373 0.139673 -0.002227
-0.143497 0.134467 -0.000898
-0.139537 0.135688 0.000536
-0.128207 0.135306 -0.001626
-0.125211 0.134952 -0.002879
-0.117292 0.136164 -0.000639
-0.112448 0.135340 -0.001362
-0.104622 0.135387 -0.000371
-0.097836 0.141488 0.001841
-0.093576 0.135712 -0.002463
-0.084831 0.136988 -0.000283
-0.081747 0.136855 0.000746
-0.073908 0.138730 -0.002179
-0.069123 0.134213 -0.002831
-0.062338 0.135451 -0.003847
-0.054278 0.138157 0.002577
-0.048492 0.135538 0.002541
-0.038352 0.134591 -0.002011
-0.034481 0.135968 -0.001182
-0.030725 0.137893 0.002248
-0.024337 0.138141 0.001183
-0.018637 0.137916 -0.001018
-0.011001 0.136027 0.002247
-0.004481 0.139124 -0.004273
0.001754 0.139158 -0.001644
0.011999 0.135418 0.002913
0.013109 0.136024 -0.002417
0.021466 0.132415 0.000197
0.027580 0.134714 0.004187
0.035944 0.135734 0.006103
0.042446 0.138020 -0.005334
0.046845 0.135277 -0.001503
0.050505 0.136752 0.002707
0.054814 0.137799 -0.000459
0.065853 0.133689 0.001671
0.074413 0.137011 0.002036
0.082590 0.136702 -0.002374
0.085114 0.137775 -0.000596
0.090804 0.133108 0.002154
0.097975 0.136947 -0.002360
0.100491 0.137542 -0.000972
0.108263 0.136142 0.001382
0.119300 0.138719 -0.002061
0.122837 0.135883 0.000959
0.131757 0.131518 0.001129
0.137938 0.133775 -0.000797
0.142599 0.136973 0.001857
0.147421 0.138684 -0.000314
0.153887 0.130741 -0.003919
0.160906 0.137872 -0.001301
0.168000 0.140168 -0.001411
0.173354 0.139137 0.000554
0.178097 0.140170 -0.000434
0.189152 0.136600 -0.000257
0.194945 0.138655 0.000224
0.198013 0.136274 0.000139
-0.198596 0.142085 0.000970
-0.193132 0.142843 -0.000423
-0.185461 0.142913 0.001877
-0.182443 0.141788 -0.002047
-0.176643 0.142027 0.000280
-0.168831 0.139311 0.001969
-0.162183 0.141199 0.000692
-0.153268 0.143932 -0.000306
-0.146070 0.144005 -0.002474
-0.143463 0.142975 -0.001093
-0.132809 0.143286 -0.003407
-0.128665 0.141355 0.004061
-0.123769 0.141546 0.004317
-0.116024 0.140812 0.000708
-0.112274 0.141011 0.001410
-0.105601 0.137613 0.003677
-0.097785 0.140266 0.000718
-0.090598 0.143040 0.000487
-0.084852 0.143166 0.000091
-0.080056 0.143124 0.001410
-0.073719 0.141843 0.000996
-0.061795 0.142366 -0.000507
-0.060931 0.142305 0.002090
-0.052805 0.142291 0.000965
-0.048799 0.143035 0.001704
-0.043300 0.144228 -0.001969
-0.038301 0.144722 -0.000168
-0.029129 0.145471 0.002836
-0.022719 0.138079 0.001191
-0.014457 0.142581 0.004246
-0.007499 0.144105 0.002309
-0.005663 0.142276 0.000826
0.002281 0.140266 0.001325
0.008023 0.142601 0.004997
0.014820 0.144938 0.000774
0.022373 0.141817 0.002887
0.027363 0.138450 0.000893
0.036426 0.144370 0.001597
0.038555 0.141984 0.004210
0.044946 0.145167 -0.000746
0.053605 0.143116 0.000531
0.060275 0.140163 -0.000116
0.066056 0.140621 -0.003425
0.070807 0.142927 0.000023
0.082159 0.142908 -0.000637
0.087964 0.147847 -0.000984
0.091320 0.142058 0.000887
0.100644 0.142250 -0.001386
0.104343 0.143156 0.001949
0.107870 0.140877 0.001069
0.117316 0.141829 0.000620
0.123381 0.143010 0.000416
0.131148 0.144609 0.001374
0.138887 0.144299 -0.000625
0.143958 0.141033 -0.003963
0.149596 0.143565 -0.004851
0.153039 0.141719 -0.001256
0.160627 0.142413 -0.001099
0.163789 0.143946 -0.000784
0.177966 0.145434 -0.000682
0.180675 0.140920 -0.000516
0.189836 0.141200 -0.002504
0.194652 0.141052 -0.000854
0.204501 0.142467 -0.001544
-0.196754 0.152465 0.000469
-0.195375 0.147009 -0.001456
-0.189104 0.150269 0.001657
-0.181818 0.154066 -0.002166
-0.170869 0.147832 -0.003215
-0.167337 0.147356 0.000289
-0.159945 0.145538 -0.004451
-0.151477 0.148845 0.001150
-0.149781 0.147514 0.001161
-0.142466 0.149064 0.000754
-0.136797 0.147231 0.000624
-0.127771 0.147377 0.000066
-0.124566 0.146561 -0.002653
-0.117842 0.149153 0.001128
-0.111401 0.151295 -0.003786
-0.104282 0.147129 0.001091
-0.099073 0.152111 0.000711
-0.093012 0.148143 0.000455
-0.085232 0.148543 0.003273
-0.080416 0.151501 -0.000807
-0.074593 0.148704 0.000867
-0.067691 0.149658 0.002306
-0.064914 0.148493 -0.002310
-0.055698 0.150464 -0.000455
-0.046332 0.149374 0.001653
-0.040904 0.149609 0.001363
-0.033719 0.145539 -0.002601
-0.027428 0.151299 0.000054
-0.022956 0.148664 0.001849
-0.014243 0.148024 -0.001129
-0.011812 0.152007 0.000344
-0.000186 0.152070 -0.003117
0.002952 0.152360 -0.002542
0.012022 0.148058 -0.000576
0.013133 0.153776 0.004039
0.022027 0.150260 0.002941
0.030902 0.148305 0.001477
0.035034 0.151940 0.001854
0.042359 0.151551 -0.004605
0.048558 0.148557 0.004007
0.051711 0.147857 -0.000914
0.058090 0.151382 -0.002430
0.068123 0.149777 -0.001249
0.074297 0.147399 -0.003326
0.078152 0.147631 -0.001100
0.086450 0.147613 -0.000060
0.091256 0.148220 -0.002562
0.099452 0.150409 0.000726
0.105203 0.146428 0.000829
0.106317 0.148436 -0.002201
0.118609 0.149088 0.001648
0.123740 0.146674 -0.000884
0.130526 0.150360 -0.002170
0.132393 0.148335 -0.000887
0.142348 0.144750 -0.002269
0.149089 0.145810 0.000007
0.155487 0.149103 0.002213
0.164410 0.147658 -0.001305
0.168634 0.146975 0.001825
0.175252 0.151449 -0.001445
0.181623 0.146814 -0.000411
0.188891 0.147645 -0.001957
0.191940 0.153046 0.000866
0.198996 0.144108 0.000456
-0.202390 0.153538 0.000974
-0.199214 0.158918 0.001995
-0.186540 0.156828 -0.000662
-0.179164 0.153779 -0.002031
-0.172085 0.151893 0.000223
-0.167139 0.156367 0.001411
-0.160554 0.152718 -0.001202
-0.155785 0.154449 0.002276
-0.149663 0.153314 -0.004797
-0.142574 0.157762 -0.000900
-0.134961 0.156941 0.000832
-0.130631 0.156487 -0.001518
-0.124694 0.153337 -0.001070
-0.117785 0.158483 -0.000205
-0.111973 0.156217 -0.001383
-0.103070 0.154995 0.001323
-0.100387 0.153841 0.000451
-0.092056 0.155995 -0.001280
-0.085958 0.155972 -0.001294
-0.083741 0.155173 0.002140
-0.074429 0.154314 -0.001640
-0.067341 0.159070 0.001244
-0.060553 0.154757 0.001058
-0.055532 0.153362 0.003369
-0.046822 0.157168 -0.002048
-0.040479 0.159710 -0.001631
-0.033646 0.153881 -0.001778
-0.031423 0.155758 -0.000703
-0.021426 0.160458 0.000159
-0.017408 0.156511 -0.001531
-0.012691 0.159379 -0.000868
-0.002304 0.155308 -0.000821
0.004910 0.151674 -0.000461
0.010247 0.155869 -0.000653
0.012752 0.154311 -0.000248
0.022648 0.156790 -0.001518
0.033143 0.156547 0.000251
0.035169 0.157247 0.001076
0.041358 0.158614 0.000352
0.045772 0.156678 -0.000066
0.055894 0.153051 -0.000141
0.060242 0.151819 -0.000667
0.066905 0.151617 -0.001899
0.073881 0.155830 -0.002284
0.079820 0.151951 -0.001866
0.089153 0.154510 0.001181
0.089251 0.154625 0.001002
0.095801 0.151124 -0.000102
0.105312 0.156973 0.001496
0.108638 0.157109 0.003371
0.117855 0.155179 0.001714
0.125475 0.155707 0.001822
0.128610 0.157139 -0.004218
0.135091 0.156978 -0.002084
0.143416 0.159855 0.001872
0.147946 0.154444 -0.000416
0.155398 0.155673 -0.002829
0.162411 0.159703 0.001099
0.168994 0.156038 -0.003525
0.175754 0.155172 0.001360
0.180063 0.152923 -0.000167
0.184719 0.156791 0.002232
0.192838 0.158504 0.000165
0.199233 0.155389 -0.003068
-0.201555 0.162484 -0.000834
-0.195475 0.163206 -0.000433
-0.185401 0.162373 -0.001501
-0.180233 0.163364 -0.000160
-0.170415 0.162264 0.000634
-0.164951 0.163173 -0.000928
-0.160778 0.164492 -0.002024
-0.152610 0.160409 -0.001616
-0.149646 0.163613 0.002208
-0.144336 0.162281 0.000368
-0.136810 0.162433 -0.000423
-0.126559 0.161153 0.004355
-0.122562 0.163652 0.002718
-0.116228 0.164168 0.000999
-0.110683 0.159428 0.001974
-0.106304 0.159903 -0.002334
-0.097372 0.163795 -0.000363
-0.094031 0.160492 -0.002831
-0.083512 0.160722 -0.002133
-0.079004 0.162517 -0.005916
-0.072386 0.161250 -0.000822
-0.066953 0.159275 0.001465
-0.058598 0.160050 0.001468
-0.052398 0.160595 -0.000018
-0.048567 0.163222 0.001107
-0.042206 0.161270 0.001993
-0.031479 0.160916 -0.001019
-0.030535 0.163909 0.004861
-0.021040 0.160993 0.000205
-0.015616 0.160049 0.001028
-0.010168 0.164544 0.000245
0.002066 0.161436 0.001858
0.004859 0.163268 0.001523
0.009769 0.160811 0.002494
0.014249 0.158814 -0.001322
0.022849 0.162584 -0.002823
0.029301 0.165169 0.002414
0.034772 0.164870 0.000548
0.041382 0.163982 -0.001034
0.042485 0.161186 0.002321
0.049049 0.163493 -0.000105
0.061793 0.160217 0.000078
0.069419 0.159654 -0.001391
0.074212 0.162583 0.003450
0.077619 0.161142 0.000535
0.083298 0.159891 0.002011
0.092119 0.163377 0.001880
0.102530 0.163409 0.003254
0.104948 0.166887 0.000988
0.110533 0.161815 -0.001562
0.120290 0.161855 -0.001036
0.121615 0.160916 -0.002624
0.128365 0.164656 -0.001243
0.132619 0.161071 0.001718
0.141184 0.163595 -0.000196
0.150750 0.162274 -0.000182
0.154847 0.160782 -0.001551
0.162350 0.165808 -0.000026
0.166689 0.162477 0.000972
0.175395 0.162662 -0.004236
0.182778 0.163808 0.003105
0.187238 0.159900 -0.000071
0.193769 0.162058 0.002008
0.203759 0.162625 -0.000089
-0.197610 0.168150 -0.000685
-0.196943 0.165862 -0.003117
-0.186120 0.166494 -0.000865
-0.182259 0.166828 -0.003758
-0.177104 0.168423 -0.001627
-0.171435 0.166259 -0.000836
-0.162256 0.168819 0.001092
-0.153897 0.167456 0.000666
-0.146178 0.170861 0.000675
-0.142058 0.170539 0.005389
-0.136632 0.173379 0.003154
-0.131742 0.167505 0.001626
-0.123237 0.172472 0.001739
-0.116768 0.168304 0.004155
-0.109888 0.166760 0.001557
-0.102178 0.169650 0.001416
-0.097081 0.167167 -0.000205
-0.088663 0.165645 -0.000192
-0.086027 0.167857 -0.001875
-0.081611 0.170129 -0.002035
-0.073524 0.166321 -0.000502
-0.067044 0.164325 -0.003284
-0.061089 0.169851 0.000770
-0.053760 0.167197 0.000082
-0.049080 0.166915 -0.001701
-0.042700 0.164851 0.000530
-0.032210 0.170129 0.005128
-0.024996 0.170862 0.003407
-0.022971 0.168782 -0.000370
-0.013734 0.169429 0.000701
-0.008859 0.169837 -0.000105
-0.004120 0.170427 0.001949
0.004506 0.165628 0.001704
0.005637 0.165151 -0.001129
0.016852 0.169861 -0.000993
0.025932 0.165113 0.000232
0.022303 0.170410 0.005780
0.034837 0.169130 0.001580
0.044260 0.164012 -0.000728
0.048675 0.169213 0.003862
0.056919 0.166183 -0.003548
0.060674 0.166278 -0.002502
0.069819 0.170030 -0.001539
0.071822 0.168112 -0.002417
0.080491 0.161421 0.000079
0.081753 0.164407 0.002405
0.092099 0.167551 0.001775
0.097236 0.173287 -0.000728
0.104799 0.169593 0.003396
0.110685 0.168465 -0.002416
0.120051 0.165801 0.000146
0.126323 0.169441 -0.001178
0.131289 0.168195 0.001975
0.135084 0.169640 0.001621
0.145376 0.168909 -0.001834
0.146903 0.169833 0.000796
0.162032 0.167914 0.000582
0.163288 0.169268 0.003516
0.168103 0.168935 0.002990
0.173746 0.166546 -0.003148
0.182482 0.170400 -0.000970
0.183771 0.168707 0.000666
0.192778 0.166291 0.002671
0.198238 0.168603 0.001445
-0.199082 0.175518 -0.000491
-0.193252 0.177128 -0.000716
-0.185009 0.176044 0.001039
-0.178506 0.174517 0.003119
-0.175795 0.171758 0.000317
-0.166898 0.174913 0.000518
-0.162337 0.173934 -0.001546
-0.157748 0.174457 0.000066
-0.148354 0.176858 -0.001923
-0.142058 0.174144 0.000137
-0.137496 0.177622 0.000424
-0.127106 0.172983 -0.001299
-0.119324 0.176923 -0.000975
-0.120069 0.178026 0.003257
-0.109502 0.173214 0.005712
-0.109941 0.178331 0.001130
-0.098989 0.171696 0.001868
-0.093154 0.176168 -0.001426
-0.086307 0.173484 -0.000106
-0.077870 0.174996 0.002209
-0.077209 0.172726 -0.001664
-0.068128 0.172816 -0.001862
-0.057490 0.172393 0.000440
-0.054724 0.173516 0.000261
-0.048172 0.173361 -0.001024
-0.042590 0.168544 -0.000378
-0.033985 0.176506 0.001897
-0.030040 0.172859 0.000304
-0.020704 0.172125 0.003178
-0.015329 0.174523 0.001289
-0.007209 0.171707 0.000732
-0.005703 0.175012 0.000970
0.001933 0.175070 0.001384
0.009770 0.173886 -0.001482
0.014258 0.176849 0.001361
0.019526 0.172866 0.000855
0.029095 0.172487 -0.000025
0.034497 0.176550 -0.000603
0.042259 0.174639 -0.001267
0.046590 0.173364 0.002181
0.050854 0.177147 0.004228
0.057389 0.175031 -0.000226
0.063887 0.171182 0.002969
0.075282 0.176465 -0.001043
0.079698 0.171910 -0.001327
0.085984 0.176474 0.000703
0.093556 0.173604 0.003086
0.098134 0.178425 0.001410
0.106375 0.172980 0.000019
0.110731 0.177788 -0.003882
0.116646 0.173477 -0.002956
0.123741 0.174101 -0.000284
0.131681 0.175819 0.001880
0.135013 0.172519 0.004780
0.141048 0.174793 0.003925
0.147657 0.175186 -0.002182
0.153489 0.174526 0.000918
0.163376 0.175625 0.002134
0.168201 0.173994 -0.000656
0.175233 0.173435 0.001665
0.178048 0.175608 -0.001138
0.190688 0.175388 0.000061
0.196025 0.176154 -0.000109
0.199414 0.172730 -0.000113
-0.197925 0.183295 0.000071
-0.193919 0.181997 0.000783
-0.186465 0.178778 -0.002673
-0.180111 0.179344 -0.000334
-0.175934 0.183152 0.001408
-0.169394 0.181578 -0.002021
-0.161418 0.182036 -0.002924
-0.154442 0.177587 -0.000921
-0.151009 0.179214 0.001694
-0.147777 0.181503 -0.001154
-0.134986 0.184225 -0.003026
-0.129827 0.179943 -0.001683
-0.123011 0.182958 -0.001558
-0.118844 0.180361 -0.001406
-0.112552 0.184498 0.000221
-0.105446 0.179524 0.001553
-0.097951 0.180835 0.000631
-0.093353 0.181362 0.000607
-0.086229 0.179137 0.000851
-0.078782 0.184830 0.000155
-0.069949 0.182163 0.000800
-0.067274 0.179119 -0.000041
-0.057890 0.177832 0.004295
-0.054541 0.178945 0.000552
-0.050701 0.179814 -0.000793
-0.041774 0.180465 0.002375
-0.037731 0.178550 0.000817
-0.027512 0.181454 0.000772
-0.021303 0.183751 0.003494
-0.018595 0.180731 0.000285
-0.007669 0.180083 0.002230
-0.004734 0.180720 -0.002490
0.004615 0.182655 -0.003136
0.010528 0.179710 0.003689
0.013424 0.180541 0.000491
0.022308 0.179983 -0.001974
0.025681 0.181458 0.000670
0.033599 0.182413 -0.002416
0.038432 0.182454 0.002655
0.045397 0.182595 -0.001767
0.054392 0.180341 -0.001594
0.060030 0.185810 -0.000603
0.065531 0.177915 0.002801
0.074737 0.182342 0.001529
0.081609 0.179482 0.002983
0.086649 0.178355 -0.000188
0.090817 0.180539 0.001183
0.100495 0.180530 -0.003303
0.107061 0.185566 -0.002275
0.111852 0.181656 -0.003996
0.115651 0.183135 -0.003817
0.124058 0.183765 0.001828
0.131272 0.186668 -0.000878
0.139394 0.180582 -0.000290
0.145067 0.179749 0.000173
0.149686 0.176273 0.001527
0.155104 0.182386 -0.002622
0.161913 0.178784 0.002604
0.167365 0.179840 -0.003922
0.175393 0.181725 -0.002055
0.177157 0.180261 0.001080
0.187915 0.183879 0.002995
0.191599 0.180161 -0.000367
0.203776 0.181741 0.001220
-0.200207 0.190776 0.000756
-0.193566 0.185362 -0.002276
-0.188166 0.189351 0.000023
-0.180041 0.186643 -0.000568
-0.173804 0.185217 -0.002223
-0.171947 0.187058 -0.003097
-0.163617 0.185486 -0.002057
-0.155638 0.190520 0.001775
-0.147397 0.187059 -0.002127
-0.143286 0.186754 -0.000524
-0.135803 0.188074 0.001350
-0.133363 0.186081 0.000269
-0.122772 0.189889 -0.000870
-0.118007 0.186799 0.001449
-0.115228 0.184833 0.000712
-0.107180 0.187958 -0.000673
-0.097618 0.188402 -0.001157
-0.092743 0.188202 0.001619
-0.087075 0.186505 0.005187
-0.076555 0.186466 -0.002649
-0.070399 0.182704 0.001512
-0.068571 0.189866 0.001108
-0.062842 0.187944 0.000157
-0.051798 0.186704 -0.000263
-0.044175 0.185250 0.000723
-0.040086 0.187889 0.001624
-0.035078 0.187187 0.000932
-0.029234 0.190338 -0.000497
-0.021238 0.185846 -0.001850
-0.015039 0.189522 -0.002590
-0.011808 0.187543 -0.002370
0.000853 0.185239 0.001881
0.006458 0.186857 -0.000577
0.007963 0.188193 0.000841
0.015550 0.187941 -0.001702
0.020148 0.186891 0.002588
0.027286 0.190394 -0.000469
0.034438 0.184234 -0.000870
0.041841 0.186808 0.000227
0.048193 0.184708 -0.001627
0.056291 0.189235 -0.000231
0.061680 0.189895 0.002608
0.067190 0.187550 0.001786
0.072016 0.185977 0.004245
0.077760 0.186679 0.004484
0.086074 0.190217 -0.000661
0.090314 0.185232 -0.001373
0.099726 0.186216 -0.005268
0.103011 0.189525 -0.003431
0.108680 0.186461 0.002311
0.115642 0.187142 -0.003230
0.125907 0.188473 -0.000598
0.127396 0.190718 -0.002114
0.133717 0.184844 0.001317
0.143802 0.191111 0.002984
0.149517 0.188447 -0.000294
0.153920 0.187308 0.002057
0.164457 0.187550 -0.001193
0.167814 0.190817 -0.001066
0.174486 0.185696 -0.001651
0.184614 0.182453 0.000389
0.186638 0.185992 -0.003172
0.194982 0.191650 -0.001649
0.200352 0.189783 0.000759
-0.199561 0.194226 -0.002025
-0.191372 0.191080 -0.002220
-0.185943 0.194496 -0.003261
-0.182232 0.193166 -0.001780
-0.173571 0.191982 0.000778
-0.166463 0.196974 -0.004182
-0.164234 0.193858 -0.004064
-0.156106 0.191587 0.002340
-0.149947 0.192634 -0.000816
-0.141751 0.195424 -0.002510
-0.134070 0.195172 -0.002543
-0.130435 0.194128 -0.001535
-0.126759 0.195795 -0.001498
-0.118642 0.192457 0.001014
-0.111717 0.195161 -0.003900
-0.105037 0.192359 -0.002384
-0.091955 0.196936 0.001782
-0.090162 0.193462 -0.000110
-0.087323 0.192614 0.005358
-0.078377 0.193934 0.000040
-0.071387 0.192424 0.001442
-0.066049 0.192312 0.003400
-0.062669 0.196336 -0.001549
-0.053323 0.194236 -0.002915
-0.049502 0.196712 -0.000944
-0.038830 0.196551 0.001120
-0.036873 0.192774 -0.004633
-0.027372 0.196309 0.001331
-0.024461 0.194399 -0.002713
-0.013861 0.191693 -0.002933
-0.004870 0.196252 0.000673
-0.002926 0.191979 0.000273
0.005343 0.192874 0.000515
0.010829 0.197529 -0.002426
0.014974 0.192839 0.001201
0.023680 0.189231 0.001163
0.029460 0.192654 -0.000630
0.032150 0.195567 -0.001443
0.039838 0.196280 -0.000860
0.045190 0.193300 0.001484
0.056129 0.192404 0.002799
0.060883 0.192247 -0.000062
0.065824 0.194633 -0.000069
0.077773 0.196357 0.003666
0.077453 0.197046 0.001951
0.083431 0.195453 -0.001783
0.090629 0.189164 0.000025
0.098812 0.194818 -0.001983
0.105526 0.194864 0.001042
0.108881 0.189718 0.001909
0.117362 0.191042 0.000552
0.120145 0.190781 0.000708
0.129185 0.191244 -0.000980
0.136637 0.193703 -0.002044
0.141302 0.195311 0.002105
0.149130 0.193551 -0.003545
0.155393 0.195504 -0.000805
0.161109 0.194310 0.000198
0.168308 0.195469 -0.002532
0.172562 0.191609 -0.000774
0.178195 0.192787 -0.004282
0.186375 0.191215 0.000854
0.195542 0.195715 0.000143
0.196048 0.194463 -0.003667
-0.202533 0.202304 -0.000383
-0.193590 0.202653 -0.001917
-0.187405 0.202525 0.000517
-0.182389 0.200664 0.003321
-0.174620 0.201107 -0.000947
-0.170472 0.200614 -0.000097
-0.160947 0.200714 0.002529
-0.158223 0.201031 -0.006645
-0.152681 0.204416 -0.001376
-0.137504 0.196487 0.000819
-0.137398 0.199913 -0.007384
-0.127177 0.203641 0.000006
-0.126551 0.204587 -0.003906
-0.115617 0.197399 0.000756
-0.109507 0.200268 -0.004217
-0.109097 0.201034 0.000703
-0.100251 0.197100 -0.000531
-0.092877 0.197625 0.002282
-0.086547 0.198371 0.001142
-0.079519 0.199050 -0.000265
-0.070640 0.197753 0.003147
-0.065254 0.199048 -0.002274
-0.058991 0.196746 -0.003601
-0.055121 0.199426 0.001124
-0.047302 0.199527 -0.003329
-0.042322 0.200010 -0.003340
-0.032421 0.200269 -0.000953
-0.031870 0.202343 0.002450
-0.022411 0.198418 -0.003867
-0.016770 0.201940 -0.003080
-0.012625 0.200051 -0.002746
-0.002498 0.200320 0.001874
0.004579 0.198536 0.000090
0.006568 0.199914 0.001563
0.014594 0.198974 -0.003874
0.021571 0.198076 0.000732
0.027711 0.202048 0.002626
0.033687 0.199617 -0.000858
0.043016 0.201901 0.002118
0.044456 0.201003 0.001767
0.054875 0.201019 -0.001776
0.059922 0.198185 0.003665
0.065016 0.202605 0.003292
0.074783 0.202091 0.001448
0.083397 0.202328 -0.003042
0.087393 0.201674 -0.004114
0.089909 0.199920 -0.003099
0.096509 0.199697 0.000334
0.105093 0.201139 0.000242
0.113971 0.201621 -0.000902
0.116246 0.200614 0.000270
0.121353 0.196890 -0.000369
0.128687 0.199148 0.002102
0.135046 0.198565 -0.000099
0.141682 0.201877 0.001698
0.148165 0.204846 0.001422
0.158326 0.203943 0.000247
0.160161 0.200066 -0.001895
0.172255 0.199830 -0.001981
0.176836 0.200641 0.000806
0.178817 0.199679 0.003380
0.186057 0.198790 0.002935
0.191663 0.197142 0.001758
0.198424 0.198941 -0.003915
3 0 64 1
3 1 64 65
3 1 65 2
3 2 65 66
3 2 66 3
3 3 66 67
3 3 67 4
3 4 67 68
3 4 68 5
3 5 68 69
3 5 69 6
3 6 69 70
3 6 70 7
3 7 70 71
3 7 71 8
3 8 71 72
3 8 72 9
3 9 72 73
3 9 73 10
3 10 73 74
3 10 74 11
3 11 74 75
3 11 75 12
3 12 75 76
3 12 76 13
3 13 76 77
3 13 77 14
3 14 77 78
3 14 78 15
3 15 78 79
3 15 79 16
3 16 79 80
3 16 80 17
3 17 80 81
3 17 81 18
3 18 81 82
3 18 82 19
3 19 82 83
3 19 83 20
3 20 83 84
3 20 84 21
3 21 84 85
3 21 85 22
3 22 85 86
3 22 86 23
3 23 86 87
3 23 87 24
3 24 87 88
3 24 88 25
3 25 88 89
3 25 89 26
3 26 89 90
3 26 90 27
3 27 90 91
3 27 91 28
3 28 91 92
3 28 92 29
3 29 92 93
3 29 93 30
3 30 93 94
3 30 94 31
3 31 94 95
3 31 95 32
3 32 95 96
3 32 96 33
3 33 96 97
3 33 97 34
3 34 97 98
3 34 98 35
3 35 98 99
3 35 99 36
3 36 99 100
3 36 100 37
3 37 100 101
3 37 101 38
3 38 101 102
3 38 102 39
3 39 102 103
3 39 103 40
3 40 103 104
3 40 104 41
3 41 104 105
3 41 105 42
3 42 105 106
3 42 106 43
3 43 106 107
3 43 107 44
3 44 107 108
3 44 108 45
3 45 108 109
3 45 109 46
3 46 109 110
3 46 110 47
3 47 110 111
3 47 111 48
3 48 111 112
3 48 112 49
3 49 112 113
3 49 113 50
3 50 113 114
3 50 114 51
3 51 114 115
3 51 115 52
3 52 115 116
3 52 116 53
3 53 116 117
3 53 117 54
3 54 117 118
3 54 118 55
3 55 118 119
3 55 119 56
3 56 119 120
3 56 120 57
3 57 120 121
3 57 121 58
3 58 121 122
3 58 122 59
3 59 122 123
3 59 123 60
3 60 123 124
3 60 124 61
3 61 124 125
3 61 125 62
3 62 125 126
3 62 126 63
3 63 126 127
3 64 128 65
3 65 128 129
3 65 129 66
3 66 129 130
3 66 130 67
3 67 130 131
3 67 131 68
3 68 131 132
3 68 132 69
3 69 132 133
3 69 133 70
3 70 133 134
3 70 134 71
3 71 134 135
3 71 135 72
3 72 135 136
3 72 136 73
3 73 136 137
3 73 137 74
3 74 137 138
3 74 138 75
3 75 138 139
3 75 139 76
3 76 139 140
3 76 140 77
3 77 140 141
3 77 141 78
3 78 141 142
3 78 142 79
3 79 142 143
3 79 143 80
3 80 143 144
3 80 144 81
3 81 144 145
3 81 145 82
3 82 145 146
3 82 146 83
3 83 146 147
3 83 147 84
3 84 147 148
3 84 148 85
3 85 148 149
3 85 149 86
3 86 149 150
3 86 150 87
3 87 150 151
3 87 151 88
3 88 151 152
3 88 152 89
3 89 152 153
3 89 153 90
3 90 153 154
3 90 154 91
3 91 154 155
3 91 155 92
3 92 155 156
3 92 156 93
3 93 156 157
3 93 157 94
3 94 157 158
3 94 158 95
3 95 158 159
3 95 159 96
3 96 159 160
3 96 160 97
3 97 160 161
3 97 161 98
3 98 161 162
3 98 162 99
3 99 162 163
3 99 163 100
3 100 163 164
3 100 164 101
3 101 164 165
3 101 165 102
3 102 165 166
3 102 166 103
3 103 166 167
3 103 167 104
3 104 167 168
3 104 168 105
3 105 168 169
3 105 169 106
3 106 169 170
3 106 170 107
3 107 170 171
3 107 171 108
3 108 171 172
3 108 172 109
3 109 172 173
3 109 173 110
3 110 173 174
3 110 174 111
3 111 174 175
3 111 175 112
3 112 175 176
3 112 176 113
3 113 176 177
3 113 177 114
3 114 177 178
3 114 178 115
3 115 178 179
3 115 179 116
3 116 179 180
3 116 180 117
3 117 180 181
3 117 181 118
3 118 181 182
3 118 182 119
3 119 182 183
3 119 183 120
3 120 183 184
3 120 184 121
3 121 184 185
3 121 185 122
3 122 185 186
3 122 186 123
3 123 186 187
3 123 187 124
3 124 187 188
3 124 188 125
3 125 188 189
3 125 189 126
3 126 189 190
3 126 190 127
3 127 190 191
3 128 192 129
3 129 192 193
3 129 193 130
3 130 193 194
3 130 194 131
3 131 194 195
3 131 195 132
3 132 195 196
3 132 196 133
3 133 196 197
3 133 197 134
3 134 197 198
3 134 198 135
3 135 198 199
3 135 199 136
3 136 199 200
3 136 200 137
3 137 200 201
3 137 201 138
3 138 201 202
3 138 202 139
3 139 202 203
3 139 203 140
3 140 203 204
3 140 204 141
3 141 204 205
3 141 205 142
3 142 205 206
3 142 206 143
3 143 206 207
3 143 207 144
3 144 207 208
3 144 208 145
3 145 208 209
3 145 209 146
3 146 209 210
3 146 210 147
3 147 210 211
3 147 211 148
3 148 211 212
3 148 212 149
3 149 212 213
3 149 213 150
3 150 213 214
3 150 214 151
3 151 214 215
3 151 215 152
3 152 215 216
3 152 216 153
3 153 216 217
3 153 217 154
3 154 217 218
3 154 218 155
3 155 218 219
3 155 219 156
3 156 219 220
3 156 220 157
3 157 220 221
3 157 221 158
3 158 221 222
3 158 222 159
3 159 222 223
3 159 223 160
3 160 223 224
3 160 224 161
3 161 224 225
3 161 225 162
3 162 225 226
3 162 226 163
3 163 226 227
3 163 227 164
3 164 227 228
3 164 228 165
3 165 228 229
3 165 229 166
3 166 229 230
3 166 230 167
3 167 230 231
3 167 231 168
3 168 231 232
3 168 232 169
3 169 232 233
3 169 233 170
3 170 233 234
3 170 234 171
3 171 234 235
3 171 235 172
3 172 235 236
3 172 236 173
3 173 236 237
3 173 237 174
3 174 237 238
3 174 238 175
3 175 238 239
3 175 239 176
3 176 239 240
3 176 240 177
3 177 240 241
3 177 241 178
3 178 241 242
3 178 242 179
3 179 242 243
3 179 243 180
3 180 243 244
3 180 244 181
3 181 244 245
3 181 245 182
3 182 245 246
3 182 246 183
3 183 246 247
3 183 247 184
3 184 247 248
3 184 248 185
3 185 248 249
3 185 249 186
3 186 249 250
3 186 250 187
3 187 250 251
3 187 251 188
3 188 251 252
3 188 252 189
3 189 252 253
3 189 253 190
3 190 253 254
3 190 254 191
3 191 254 255
3 192 256 193
3 193 256 257
3 193 257 194
3 194 257 258
3 194 258 195
3 195 258 259
3 195 259 196
3 196 259 260
3 196 260 197
3 197 260 261
3 197 261 198
3 198 261 262
3 198 262 199
3 199 262 263
3 199 263 200
3 200 263 264
3 200 264 201
3 201 264 265
3 201 265 202
3 202 265 266
3 202 266 203
3 203 266 267
3 203 267 204
3 204 267 268
3 204 268 205
3 205 268 269
3 205 269 206
3 206 269 270
3 206 270 207
3 207 270 271
3 207 271 208
3 208 271 272
3 208 272 209
3 209 272 273
3 209 273 210
3 210 273 274
3 210 274 211
3 211 274 275
3 211 275 212
3 212 275 276
3 212 276 213
3 213 276 277
3 213 277 214
3 214 277 278
3 214 278 215
3 215 278 279
3 215 279 216
3 216 279 280
3 216 280 217
3 217 280 281
3 217 281 218
3 218 281 282
3 218 282 219
3 219 282 283
3 219 283 220
3 220 283 284
3 220 284 221
3 221 284 285
3 221 285 222
3 222 285 286
3 222 286 223
3 223 286 287
3 223 287 224
3 224 287 288
3 224 288 225
3 225 288 289
3 225 289 226
3 226 289 290
3 226 290 227
3 227 290 291
3 227 291 228
3 228 291 292
3 228 292 229
3 229 292 293
3 229 293 230
3 230 293 294
3 230 294 231
3 231 294 295
3 231 295 232
3 232 295 296
3 232 296 233
3 233 296 297
3 233 297 234
3 234 297 298
3 234 298 235
3 235 298 299
3 235 299 236
3 236 299 300
3 236 300 237
3 237 300 301
3 237 301 238
3 238 301 302
3 238 302 239
3 239 302 303
3 239 303 240
3 240 303 304
3 240 304 241
3 241 304 305
3 241 305 242
3 242 305 306
3 242 306 243
3 243 306 307
3 243 307 244
3 244 307 308
3 244 308 245
3 245 308 309
3 245 309 246
3 246 309 310
3 246 310 247
3 247 310 311
3 247 311 248
3 248 311 312
3 248 312 249
3 249 312 313
3 249 313 250
3 250 313 314
3 250 314 251
3 251 314 315
3 251 315 252
3 252 315 316
3 252 316 253
3 253 316 317
3 253 317 254
3 254 317 318
3 254 318 255
3 255 318 319
3 256 320 257
3 257 320 321
3 257 321 258
3 258 321 322
3 258 322 259
3 259 322 323
3 259 323 260
3 260 323 324
3 260 324 261
3 261 324 325
3 261 325 262
3 262 325 326
3 262 326 263
3 263 326 327
3 263 327 264
3 264 327 328
3 264 328 265
3 265 328 329
3 265 329 266
3 266 329 330
3 266 330 267
3 267 330 331
3 267 331 268
3 268 331 332
3 268 332 269
3 269 332 333
3 269 333 270
3 270 333 334
3 270 334 271
3 271 334 335
3 271 335 272
3 272 335 336
3 272 336 273
3 273 336 337
3 273 337 274
3 274 337 338
3 274 338 275
3 275 338 339
3 275 339 276
3 276 339 340
3 276 340 277
3 277 340 341
3 277 341 278
3 278 341 342
3 278 342 279
3 279 342 343
3 279 343 280
3 280 343 344
3 280 344 281
3 281 344 345
3 281 345 282
3 282 345 346
3 282 346 283
3 283 346 347
3 283 347 284
3 284 347 348
3 284 348 285
3 285 348 349
3 285 349 286
3 286 349 350
3 286 350 287
3 287 350 351
3 287 351 288
3 288 351 352
3 288 352 289
3 289 352 353
3 289 353 290
3 290 353 354
3 290 354 291
3 291 354 355
3 291 355 292
3 292 355 356
3 292 356 293
3 293 356 357
3 293 357 294
3 294 357 358
3 294 358 295
3 295 358 359
3 295 359 296
3 296 359 360
3 296 360 297
3 297 360 361
3 297 361 298
3 298 361 362
3 298 362 299
3 299 362 363
3 299 363 300
3 300 363 364
3 300 364 301
3 301 364 365
3 301 365 302
3 302 365 366
3 302 366 303
3 303 366 367
3 303 367 304
3 304 367 368
3 304 368 305
3 305 368 369
3 305 369 306
3 306 369 370
3 306 370 307
3 307 370 371
3 307 371 308
3 308 371 372
3 308 372 309
3 309 372 373
3 309 373 310
3 310 373 374
3 310 374 311
3 311 374 375
3 311 375 312
3 312 375 376
3 312 376 313
3 313 376 377
3 313 377 314
3 314 377 378
3 314 378 315
3 315 378 379
3 315 379 316
3 316 379 380
3 316 380 317
3 317 380 381
3 317 381 318
3 318 381 382
3 318 382 319
3 319 382 383
3 320 384 321
3 321 384 385
3 321 385 322
3 322 385 386
3 322 386 323
3 323 386 387
3 323 387 324
3 324 387 388
3 324 388 325
3 325 388 389
3 325 389 326
3 326 389 390
3 326 390 327
3 327 390 391
3 327 391 328
3 328 391 392
3 328 392 329
3 329 392 393
3 329 393 330
3 330 393 394
3 330 394 331
3 331 394 395
3 331 395 332
3 332 395 396
3 332 396 333
3 333 396 397
3 333 397 334
3 334 397 398
3 334 398 335
3 335 398 399
3 335 399 336
3 336 399 400
3 336 400 337
3 337 400 401
3 337 401 338
3 338 401 402
3 338 402 339
3 339 402 403
3 339 403 340
3 340 403 404
3 340 404 341
3 341 404 405
3 341 405 342
3 342 405 406
3 342 406 343
3 343 406 407
3 343 407 344
3 344 407 408
3 344 408 345
3 345 408 409
3 345 409 346
3 346 409 410
3 346 410 347
3 347 410 411
3 347 411 348
3 348 411 412
3 348 412 349
3 349 412 413
3 349 413 350
3 350 413 414
3 350 414 351
3 351 414 415
3 351 415 352
3 352 415 416
3 352 416 353
3 353 416 417
3 353 417 354
3 354 417 418
3 354 418 355
3 355 418 419
3 355 419 356
3 356 419 420
3 356 420 357
3 357 420 421
3 357 421 358
3 358 421 422
3 358 422 359
3 359 422 423
3 359 423 360
3 360 423 424
3 360 424 361
3 361 424 425
3 361 425 362
3 362 425 426
3 362 426 363
3 363 426 427
3 363 427 364
3 364 427 428
3 364 428 365
3 365 428 429
3 365 429 366
3 366 429 430
3 366 430 367
3 367 430 431
3 367 431 368
3 368 431 432
3 368 432 369
3 369 432 433
3 369 433 370
3 370 433 434
3 370 434 371
3 371 434 435
3 371 435 372
3 372 435 436
3 372 436 373
3 373 436 437
3 373 437 374
3 374 437 438
3 374 438 375
3 375 438 439
3 375 439 376
3 376 439 440
3 376 440 377
3 377 440 441
3 377 441 378
3 378 441 442
3 378 442 379
3 379 442 443
3 379 443 380
3 380 443 444
3 380 444 381
3 381 444 445
3 381 445 382
3 382 445 446
3 382 446 383
3 383 446 447
3 384 448 385
3 385 448 449
3 385 449 386
3 386 449 450
3 386 450 387
3 387 450 451
3 387 451 388
3 388 451 452
3 388 452 389
3 389 452 453
3 389 453 390
3 390 453 454
3 390 454 391
3 391 454 455
3 391 455 392
3 392 455 456
3 392 456 393
3 393 456 457
3 393 457 394
3 394 457 458
3 394 458 395
3 395 458 459
3 395 459 396
3 396 459 460
3 396 460 397
3 397 460 461
3 397 461 398
3 398 461 462
3 398 462 399
3 399 462 463
3 399 463 400
3 400 463 464
3 400 464 401
3 401 464 465
3 401 465 402
3 402 465 466
3 402 466 403
3 403 466 467
3 403 467 404
3 404 467 468
3 404 468 405
3 405 468 469
3 405 469 406
3 406 469 470
3 406 470 407
3 407 470 471
3 407 471 408
3 408 471 472
3 408 472 409
3 409 472 473
3 409 473 410
3 410 473 474
3 410 474 411
3 411 474 475
3 411 475 412
3 412 475 476
3 412 476 413
3 413 476 477
3 413 477 414
3 414 477 478
3 414 478 415
3 415 478 479
3 415 479 416
3 416 479 480
3 416 480 417
3 417 480 481
3 417 481 418
3 418 481 482
3 418 482 419
3 419 482 483
3 419 483 420
3 420 483 484
3 420 484 421
3 421 484 485
3 421 485 422
3 422 485 486
3 422 486 423
3 423 486 487
3 423 487 424
3 424 487 488
3 424 488 425
3 425 488 489
3 425 489 426
3 426 489 490
3 426 490 427
3 427 490 491
3 427 491 428
3 428 491 492
3 428 492 429
3 429 492 493
3 429 493 430
3 430 493 494
3 430 494 431
3 431 494 495
3 431 495 432
3 432 495 496
3 432 496 433
3 433 496 497
3 433 497 434
3 434 497 498
3 434 498 435
3 435 498 499
3 435 499 436
3 436 499 500
3 436 500 437
3 437 500 501
3 437 501 438
3 438 501 502
3 438 502 439
3 439 502 503
3 439 503 440
3 440 503 504
3 440 504 441
3 441 504 505
3 441 505 442
3 442 505 506
3 442 506 443
3 443 506 507
3 443 507 444
3 444 507 508
3 444 508 445
3 445 508 509
3 445 509 446
3 446 509 510
3 446 510 447
3 447 510 511
3 448 512 449
3 449 512 513
3 449 513 450
3 450 513 514
3 450 514 451
3 451 514 515
3 451 515 452
3 452 515 516
3 452 516 453
3 453 516 517
3 453 517 454
3 454 517 518
3 454 518 455
3 455 518 519
3 455 519 456
3 456 519 520
3 456 520 457
3 457 520 521
3 457 521 458
3 458 521 522
3 458 522 459
3 459 522 523
3 459 523 460
3 460 523 524
3 460 524 461
3 461 524 525
3 461 525 462
3 462 525 526
3 462 526 463
3 463 526 527
3 463 527 464
3 464 527 528
3 464 528 465
3 465 528 529
3 465 529 466
3 466 529 530
3 466 530 467
3 467 530 531
3 467 531 468
3 468 531 532
3 468 532 469
3 469 532 533
3 469 533 470
3 470 533 534
3 470 534 471
3 471 534 535
3 471 535 472
3 472 535 536
3 472 536 473
3 473 536 537
3 473 537 474
3 474 537 538
3 474 538 475
3 475 538 539
3 475 539 476
3 476 539 540
3 476 540 477
3 477 540 541
3 477 541 478
3 478 541 542
3 478 542 479
3 479 542 543
3 479 543 480
3 480 543 544
3 480 544 481
3 481 544 545
3 481 545 482
3 482 545 546
3 482 546 483
3 483 546 547
3 483 547 484
3 484 547 548
3 484 548 485
3 485 548 549
3 485 549 486
3 486 549 550
3 486 550 487
3 487 550 551
3 487 551 488
3 488 551 552
3 488 552 489
3 489 552 553
3 489 553 490
3 490 553 554
3 490 554 491
3 491 554 555
3 491 555 492
3 492 555 556
3 492 556 493
3 493 556 557
3 493 557 494
3 494 557 558
3 494 558 495
3 495 558 559
3 495 559 496
3 496 559 560
3 496 560 497
3 497 560 561
3 497 561 498
3 498 561 562
3 498 562 499
3 499 562 563
3 499 563 500
3 500 563 564
3 500 564 501
3 501 564 565
3 501 565 502
3 502 565 566
3 502 566 503
3 503 566 567
3 503 567 504
3 504 567 568
3 504 568 505
3 505 568 569
3 505 569 506
3 506 569 570
3 506 570 507
3 507 570 571
3 507 571 508
3 508 571 572
3 508 572 509
3 509 572 573
3 509 573 510
3 510 573 574
3 510 574 511
3 511 574 575
3 512 576 513
3 513 576 577
3 513 577 514
3 514 577 578
3 514 578 515
3 515 578 579
3 515 579 516
3 516 579 580
3 516 580 517
3 517 580 581
3 517 581 518
3 518 581 582
3 518 582 519
3 519 582 583
3 519 583 520
3 520 583 584
3 520 584 521
3 521 584 585
3 521 585 522
3 522 585 586
3 522 586 523
3 523 586 587
3 523 587 524
3 524 587 588
3 524 588 525
3 525 588 589
3 525 589 526
3 526 589 590
3 526 590 527
3 527 590 591
3 527 591 528
3 528 591 592
3 528 592 529
3 529 592 593
3 529 593 530
3 530 593 594
3 530 594 531
3 531 594 595
3 531 595 532
3 532 595 596
3 532 596 533
3 533 596 597
3 533 597 534
3 534 597 598
3 534 598 535
3 535 598 599
3 535 599 536
3 536 599 600
3 536 600 537
3 537 600 601
3 537 601 538
3 538 601 602
3 538 602 539
3 539 602 603
3 539 603 540
3 540 603 604
3 540 604 541
3 541 604 605
3 541 605 542
3 542 605 606
3 542 606 543
3 543 606 607
3 543 607 544
3 544 607 608
3 544 608 545
3 545 608 609
3 545 609 546
3 546 609 610
3 546 610 547
3 547 610 611
3 547 611 548
3 548 611 612
3 548 612 549
3 549 612 613
3 549 613 550
3 550 613 614
3 550 614 551
3 551 614 615
3 551 615 552
3 552 615 616
3 552 616 553
3 553 616 617
3 553 617 554
3 554 617 618
3 554 618 555
3 555 618 619
3 555 619 556
3 556 619 620
3 556 620 557
3 557 620 621
3 557 621 558
3 558 621 622
3 558 622 559
3 559 622 623
3 559 623 560
3 560 623 624
3 560 624 561
3 561 624 625
3 561 625 562
3 562 625 626
3 562 626 563
3 563 626 627
3 563 627 564
3 564 627 628
3 564 628 565
3 565 628 629
3 565 629 566
3 566 629 630
3 566 630 567
3 567 630 631
3 567 631 568
3 568 631 632
3 568 632 569
3 569 632 633
3 569 633 570
3 570 633 634
3 570 634 571
3 571 634 635
3 571 635 572
3 572 635 636
3 572 636 573
3 573 636 637
3 573 637 574
3 574 637 638
3 574 638 575
3 575 638 639
3 576 640 577
3 577 640 641
3 577 641 578
3 578 641 642
3 578 642 579
3 579 642 643
3 579 643 580
3 580 643 644
3 580 644 581
3 581 644 645
3 581 645 582
3 582 645 646
3 582 646 583
3 583 646 647
3 583 647 584
3 584 647 648
3 584 648 585
3 585 648 649
3 585 649 586
3 586 649 650
3 586 650 587
3 587 650 651
3 587 651 588
3 588 651 652
3 588 652 589
3 589 652 653
3 589 653 590
3 590 653 654
3 590 654 591
3 591 654 655
3 591 655 592
3 592 655 656
3 592 656 593
3 593 656 657
3 593 657 594
3 594 657 658
3 594 658 595
3 595 658 659
3 595 659 596
3 596 659 660
3 596 660 597
3 597 660 661
3 597 661 598
3 598 661 662
3 598 662 599
3 599 662 663
3 599 663 600
3 600 663 664
3 600 664 601
3 601 664 665
3 601 665 602
3 602 665 666
3 602 666 603
3 603 666 667
3 603 667 604
3 604 667 668
3 604 668 605
3 605 668 669
3 605 669 606
3 606 669 670
3 606 670 607
3 607 670 671
3 607 671 608
3 608 671 672
3 608 672 609
3 609 672 673
3 609 673 610
3 610 673 674
3 610 674 611
3 611 674 675
3 611 675 612
3 612 675 676
3 612 676 613
3 613 676 677
3 613 677 614
3 614 677 678
3 614 678 615
3 615 678 679
3 615 679 616
3 616 679 680
3 616 680 617
3 617 680 681
3 617 681 618
3 618 681 682
3 618 682 619
3 619 682 683
3 619 683 620
3 620 683 684
3 620 684 621
3 621 684 685
3 621 685 622
3 622 685 686
3 622 686 623
3 623 686 687
3 623 687 624
3 624 687 688
3 624 688 625
3 625 688 689
3 625 689 626
3 626 689 690
3 626 690 627
3 627 690 691
3 627 691 628
3 628 691 692
3 628 692 629
3 629 692 693
3 629 693 630
3 630 693 694
3 630 694 631
3 631 694 695
3 631 695 632
3 632 695 696
3 632 696 633
3 633 696 697
3 633 697 634
3 634 697 698
3 634 698 635
3 635 698 699
3 635 699 636
3 636 699 700
3 636 700 637
3 637 700 701
3 637 701 638
3 638 701 702
3 638 702 639
3 639 702 703
3 640 704 641
3 641 704 705
3 641 705 642
3 642 705 706
3 642 706 643
3 643 706 707
3 643 707 644
3 644 707 708
3 644 708 645
3 645 708 709
3 645 709 646
3 646 709 710
3 646 710 647
3 647 710 711
3 647 711 648
3 648 711 712
3 648 712 649
3 649 712 713
3 649 713 650
3 650 713 714
3 650 714 651
3 651 714 715
3 651 715 652
3 652 715 716
3 652 716 653
3 653 716 717
3 653 717 654
3 654 717 718
3 654 718 655
3 655 718 719
3 655 719 656
3 656 719 720
3 656 720 657
3 657 720 721
3 657 721 658
3 658 721 722
3 658 722 659
3 659 722 723
3 659 723 660
3 660 723 724
3 660 724 661
3 661 724 725
3 661 725 662
3 662 725 726
3 662 726 663
3 663 726 727
3 663 727 664
3 664 727 728
3 664 728 665
3 665 728 729
3 665 729 666
3 666 729 730
3 666 730 667
3 667 730 731
3 667 731 668
3 668 731 732
3 668 732 669
3 669 732 733
3 669 733 670
3 670 733 734
3 670 734 671
3 671 734 735
3 671 735 672
3 672 735 736
3 672 736 673
3 673 736 737
3 673 737 674
3 674 737 738
3 674 738 675
3 675 738 739
3 675 739 676
3 676 739 740
3 676 740 677
3 677 740 741
3 677 741 678
3 678 741 742
3 678 742 679
3 679 742 743
3 679 743 680
3 680 743 744
3 680 744 681
3 681 744 745
3 681 745 682
3 682 745 746
3 682 746 683
3 683 746 747
3 683 747 684
3 684 747 748
3 684 748 685
3 685 748 749
3 685 749 686
3 686 749 750
3 686 750 687
3 687 750 751
3 687 751 688
3 688 751 752
3 688 752 689
3 689 752 753
3 689 753 690
3 690 753 754
3 690 754 691
3 691 754 755
3 691 755 692
3 692 755 756
3 692 756 693
3 693 756 757
3 693 757 694
3 694 757 758
3 694 758 695
3 695 758 759
3 695 759 696
3 696 759 760
3 696 760 697
3 697 760 761
3 697 761 698
3 698 761 762
3 698 762 699
3 699 762 763
3 699 763 700
3 700 763 764
3 700 764 701
3 701 764 765
3 701 765 702
3 702 765 766
3 702 766 703
3 703 766 767
3 704 768 705
3 705 768 769
3 705 769 706
3 706 769 770
3 706 770 707
3 707 770 771
3 707 771 708
3 708 771 772
3 708 772 709
3 709 772 773
3 709 773 710
3 710 773 774
3 710 774 711
3 711 774 775
3 711 775 712
3 712 775 776
3 712 776 713
3 713 776 777
3 713 777 714
3 714 777 778
3 714 778 715
3 715 778 779
3 715 779 716
3 716 779 780
3 716 780 717
3 717 780 781
3 717 781 718
3 718 781 782
3 718 782 719
3 719 782 783
3 719 783 720
3 720 783 784
3 720 784 721
3 721 784 785
3 721 785 722
3 722 785 786
3 722 786 723
3 723 786 787
3 723 787 724
3 724 787 788
3 724 788 725
3 725 788 789
3 725 789 726
3 726 789 790
3 726 790 727
3 727 790 791
3 727 791 728
3 728 791 792
3 728 792 729
3 729 792 793
3 729 793 730
3 730 793 794
3 730 794 731
3 731 794 795
3 731 795 732
3 732 795 796
3 732 796 733
3 733 796 797
3 733 797 734
3 734 797 798
3 734 798 735
3 735 798 799
3 735 799 736
3 736 799 800
3 736 800 737
3 737 800 801
3 737 801 738
3 738 801 802
3 738 802 739
3 739 802 803
3 739 803 740
3 740 803 804
3 740 804 741
3 741 804 805
3 741 805 742
3 742 805 806
3 742 806 743
3 743 806 807
3 743 807 744
3 744 807 808
3 744 808 745
3 745 808 809
3 745 809 746
3 746 809 810
3 746 810 747
3 747 810 811
3 747 811 748
3 748 811 812
3 748 812 749
3 749 812 813
3 749 813 750
3 750 813 814
3 750 814 751
3 751 814 815
3 751 815 752
3 752 815 816
3 752 816 753
3 753 816 817
3 753 817 754
3 754 817 818
3 754 818 755
3 755 818 819
3 755 819 756
3 756 819 820
3 756 820 757
3 757 820 821
3 757 821 758
3 758 821 822
3 758 822 759
3 759 822 823
3 759 823 760
3 760 823 824
3 760 824 761
3 761 824 825
3 761 825 762
3 762 825 826
3 762 826 763
3 763 826 827
3 763 827 764
3 764 827 828
3 764 828 765
3 765 828 829
3 765 829 766
3 766 829 830
3 766 830 767
3 767 830 831
3 768 832 769
3 769 832 833
3 769 833 770
3 770 833 834
3 770 834 771
3 771 834 835
3 771 835 772
3 772 835 836
3 772 836 773
3 773 836 837
3 773 837 774
3 774 837 838
3 774 838 775
3 775 838 839
3 775 839 776
3 776 839 840
3 776 840 777
3 777 840 841
3 777 841 778
3 778 841 842
3 778 842 779
3 779 842 843
3 779 843 780
3 780 843 844
3 780 844 781
3 781 844 845
3 781 845 782
3 782 845 846
3 782 846 783
3 783 846 847
3 783 847 784
3 784 847 848
3 784 848 785
3 785 848 849
3 785 849 786
3 786 849 850
3 786 850 787
3 787 850 851
3 787 851 788
3 788 851 852
3 788 852 789
3 789 852 853
3 789 853 790
3 790 853 854
3 790 854 791
3 791 854 855
3 791 855 792
3 792 855 856
3 792 856 793
3 793 856 857
3 793 857 794
3 794 857 858
3 794 858 795
3 795 858 859
3 795 859 796
3 796 859 860
3 796 860 797
3 797 860 861
3 797 861 798
3 798 861 862
3 798 862 799
3 799 862 863
3 799 863 800
3 800 863 864
3 800 864 801
3 801 864 865
3 801 865 802
3 802 865 866
3 802 866 803
3 803 866 867
3 803 867 804
3 804 867 868
3 804 868 805
3 805 868 869
3 805 869 806
3 806 869 870
3 806 870 807
3 807 870 871
3 807 871 808
3 808 871 872
3 808 872 809
3 809 872 873
3 809 873 810
3 810 873 874
3 810 874 811
3 811 874 875
3 811 875 812
3 812 875 876
3 812 876 813
3 813 876 877
3 813 877 814
3 814 877 878
3 814 878 815
3 815 878 879
3 815 879 816
3 816 879 880
3 816 880 817
3 817 880 881
3 817 881 818
3 818 881 882
3 818 882 819
3 819 882 883
3 819 883 820
3 820 883 884
3 820 884 821
3 821 884 885
3 821 885 822
3 822 885 886
3 822 886 823
3 823 886 887
3 823 887 824
3 824 887 888
3 824 888 825
3 825 888 889
3 825 889 826
3 826 889 890
3 826 890 827
3 827 890 891
3 827 891 828
3 828 891 892
3 828 892 829
3 829 892 893
3 829 893 830
3 830 893 894
3 830 894 831
3 831 894 895
3 832 896 833
3 833 896 897
3 833 897 834
3 834 897 898
3 834 898 835
3 835 898 899
3 835 899 836
3 836 899 900
3 836 900 837
3 837 900 901
3 837 901 838
3 838 901 902
3 838 902 839
3 839 902 903
3 839 903 840
3 840 903 904
3 840 904 841
3 841 904 905
3 841 905 842
3 842 905 906
3 842 906 843
3 843 906 907
3 843 907 844
3 844 907 908
3 844 908 845
3 845 908 909
3 845 909 846
3 846 909 910
3 846 910 847
3 847 910 911
3 847 911 848
3 848 911 912
3 848 912 849
3 849 912 913
3 849 913 850
3 850 913 914
3 850 914 851
3 851 914 915
3 851 915 852
3 852 915 916
3 852 916 853
3 853 916 917
3 853 917 854
3 854 917 918
3 854 918 855
3 855 918 919
3 855 919 856
3 856 919 920
3 856 920 857
3 857 920 921
3 857 921 858
3 858 921 922
3 858 922 859
3 859 922 923
3 859 923 860
3 860 923 924
3 860 924 861
3 861 924 925
3 861 925 862
3 862 925 926
3 862 926 863
3 863 926 927
3 863 927 864
3 864 927 928
3 864 928 865
3 865 928 929
3 865 929 866
3 866 929 930
3 866 930 867
3 867 930 931
3 867 931 868
3 868 931 932
3 868 932 869
3 869 932 933
3 869 933 870
3 870 933 934
3 870 934 871
3 871 934 935
3 871 935 872
3 872 935 936
3 872 936 873
3 873 936 937
3 873 937 874
3 874 937 938
3 874 938 875
3 875 938 939
3 875 939 876
3 876 939 940
3 876 940 877
3 877 940 941
3 877 941 878
3 878 941 942
3 878 942 879
3 879 942 943
3 879 943 880
3 880 943 944
3 880 944 881
3 881 944 945
3 881 945 882
3 882 945 946
3 882 946 883
3 883 946 947
3 883 947 884
3 884 947 948
3 884 948 885
3 885 948 949
3 885 949 886
3 886 949 950
3 886 950 887
3 887 950 951
3 887 951 888
3 888 951 952
3 888 952 889
3 889 952 953
3 889 953 890
3 890 953 954
3 890 954 891
3 891 954 955
3 891 955 892
3 892 955 956
3 892 956 893
3 893 956 957
3 893 957 894
3 894 957 958
3 894 958 895
3 895 958 959
3 896 960 897
3 897 960 961
3 897 961 898
3 898 961 962
3 898 962 899
3 899 962 963
3 899 963 900
3 900 963 964
3 900 964 901
3 901 964 965
3 901 965 902
3 902 965 966
3 902 966 903
3 903 966 967
3 903 967 904
3 904 967 968
3 904 968 905
3 905 968 969
3 905 969 906
3 906 969 970
3 906 970 907
3 907 970 971
3 907 971 908
3 908 971 972
3 908 972 909
3 909 972 973
3 909 973 910
3 910 973 974
3 910 974 911
3 911 974 975
3 911 975 912
3 912 975 976
3 912 976 913
3 913 976 977
3 913 977 914
3 914 977 978
3 914 978 915
3 915 978 979
3 915 979 916
3 916 979 980
3 916 980 917
3 917 980 981
3 917 981 918
3 918 981 982
3 918 982 919
3 919 982 983
3 919 983 920
3 920 983 984
3 920 984 921
3 921 984 985
3 921 985 922
3 922 985 986
3 922 986 923
3 923 986 987
3 923 987 924
3 924 987 988
3 924 988 925
3 925 988 989
3 925 989 926
3 926 989 990
3 926 990 927
3 927 990 991
3 927 991 928
3 928 991 992
3 928 992 929
3 929 992 993
3 929 993 930
3 930 993 994
3 930 994 931
3 931 994 995
3 931 995 932
3 932 995 996
3 932 996 933
3 933 996 997
3 933 997 934
3 934 997 998
3 934 998 935
3 935 998 999
3 935 999 936
3 936 999 1000
3 936 1000 937
3 937 1000 1001
3 937 1001 938
3 938 1001 1002
3 938 1002 939
3 939 1002 1003
3 939 1003 940
3 940 1003 1004
3 940 1004 941
3 941 1004 1005
3 941 1005 942
3 942 1005 1006
3 942 1006 943
3 943 1006 1007
3 943 1007 944
3 944 1007 1008
3 944 1008 945
3 945 1008 1009
3 945 1009 946
3 946 1009 1010
3 946 1010 947
3 947 1010 1011
3 947 1011 948
3 948 1011 1012
3 948 1012 949
3 949 1012 1013
3 949 1013 950
3 950 1013 1014
3 950 1014 951
3 951 1014 1015
3 951 1015 952
3 952 1015 1016
3 952 1016 953
3 953 1016 1017
3 953 1017 954
3 954 1017 1018
3 954 1018 955
3 955 1018 1019
3 955 1019 956
3 956 1019 1020
3 956 1020 957
3 957 1020 1021
3 957 1021 958
3 958 1021 1022
3 958 1022 959
3 959 1022 1023
3 960 1024 961
3 961 1024 1025
3 961 1025 962
3 962 1025 1026
3 962 1026 963
3 963 1026 1027
3 963 1027 964
3 964 1027 1028
3 964 1028 965
3 965 1028 1029
3 965 1029 966
3 966 1029 1030
3 966 1030 967
3 967 1030 1031
3 967 1031 968
3 968 1031 1032
3 968 1032 969
3 969 1032 1033
3 969 1033 970
3 970 1033 1034
3 970 1034 971
3 971 1034 1035
3 971 1035 972
3 972 1035 1036
3 972 1036 973
3 973 1036 1037
3 973 1037 974
3 974 1037 1038
3 974 1038 975
3 975 1038 1039
3 975 1039 976
3 976 1039 1040
3 976 1040 977
3 977 1040 1041
3 977 1041 978
3 978 1041 1042
3 978 1042 979
3 979 1042 1043
3 979 1043 980
3 980 1043 1044
3 980 1044 981
3 981 1044 1045
3 981 1045 982
3 982 1045 1046
3 982 1046 983
3 983 1046 1047
3 983 1047 984
3 984 1047 1048
3 984 1048 985
3 985 1048 1049
3 985 1049 986
3 986 1049 1050
3 986 1050 987
3 987 1050 1051
3 987 1051 988
3 988 1051 1052
3 988 1052 989
3 989 1052 1053
3 989 1053 990
3 990 1053 1054
3 990 1054 991
3 991 1054 1055
3 991 1055 992
3 992 1055 1056
3 992 1056 993
3 993 1056 1057
3 993 1057 994
3 994 1057 1058
3 994 1058 995
3 995 1058 1059
3 995 1059 996
3 996 1059 1060
3 996 1060 997
3 997 1060 1061
3 997 1061 998
3 998 1061 1062
3 998 1062 999
3 999 1062 1063
3 999 1063 1000
3 1000 1063 1064
3 1000 1064 1001
3 1001 1064 1065
3 1001 1065 1002
3 1002 1065 1066
3 1002 1066 1003
3 1003 1066 1067
3 1003 1067 1004
3 1004 1067 1068
3 1004 1068 1005
3 1005 1068 1069
3 1005 1069 1006
3 1006 1069 1070
3 1006 1070 1007
3 1007 1070 1071
3 1007 1071 1008
3 1008 1071 1072
3 1008 1072 1009
3 1009 1072 1073
3 1009 1073 1010
3 1010 1073 1074
3 1010 1074 1011
3 1011 1074 1075
3 1011 1075 1012
3 1012 1075 1076
3 1012 1076 1013
3 1013 1076 1077
3 1013 1077 1014
3 1014 1077 1078
3 1014 1078 1015
3 1015 1078 1079
3 1015 1079 1016
3 1016 1079 1080
3 1016 1080 1017
3 1017 1080 1081
3 1017 1081 1018
3 1018 1081 1082
3 1018 1082 1019
3 1019 1082 1083
3 1019 1083 1020
3 1020 1083 1084
3 1020 1084 1021
3 1021 1084 1085
3 1021 1085 1022
3 1022 1085 1086
3 1022 1086 1023
3 1023 1086 1087
3 1024 1088 1025
3 1025 1088 1089
3 1025 1089 1026
3 1026 1089 1090
3 1026 1090 1027
3 1027 1090 1091
3 1027 1091 1028
3 1028 1091 1092
3 1028 1092 1029
3 1029 1092 1093
3 1029 1093 1030
3 1030 1093 1094
3 1030 1094 1031
3 1031 1094 1095
3 1031 1095 1032
3 1032 1095 1096
3 1032 1096 1033
3 1033 1096 1097
3 1033 1097 1034
3 1034 1097 1098
3 1034 1098 1035
3 1035 1098 1099
3 1035 1099 1036
3 1036 1099 1100
3 1036 1100 1037
3 1037 1100 1101
3 1037 1101 1038
3 1038 1101 1102
3 1038 1102 1039
3 1039 1102 1103
3 1039 1103 1040
3 1040 1103 1104
3 1040 1104 1041
3 1041 1104 1105
3 1041 1105 1042
3 1042 1105 1106
3 1042 1106 1043
3 1043 1106 1107
3 1043 1107 1044
3 1044 1107 1108
3 1044 1108 1045
3 1045 1108 1109
3 1045 1109 1046
3 1046 1109 1110
3 1046 1110 1047
3 1047 1110 1111
3 1047 1111 1048
3 1048 1111 1112
3 1048 1112 1049
3 1049 1112 1113
3 1049 1113 1050
3 1050 1113 1114
3 1050 1114 1051
3 1051 1114 1115
3 1051 1115 1052
3 1052 1115 1116
3 1052 1116 1053
3 1053 1116 1117
3 1053 1117 1054
3 1054 1117 1118
3 1054 1118 1055
3 1055 1118 1119
3 1055 1119 1056
3 1056 1119 1120
3 1056 1120 1057
3 1057 1120 1121
3 1057 1121 1058
3 1058 1121 1122
3 1058 1122 1059
3 1059 1122 1123
3 1059 1123 1060
3 1060 1123 1124
3 1060 1124 1061
3 1061 1124 1125
3 1061 1125 1062
3 1062 1125 1126
3 1062 1126 1063
3 1063 1126 1127
3 1063 1127 1064
3 1064 1127 1128
3 1064 1128 1065
3 1065 1128 1129
3 1065 1129 1066
3 1066 1129 1130
3 1066 1130 1067
3 1067 1130 1131
3 1067 1131 1068
3 1068 1131 1132
3 1068 1132 1069
3 1069 1132 1133
3 1069 1133 1070
3 1070 1133 1134
3 1070 1134 1071
3 1071 1134 1135
3 1071 1135 1072
3 1072 1135 1136
3 1072 1136 1073
3 1073 1136 1137
3 1073 1137 1074
3 1074 1137 1138
3 1074 1138 1075
3 1075 1138 1139
3 1075 1139 1076
3 1076 1139 1140
3 1076 1140 1077
3 1077 1140 1141
3 1077 1141 1078
3 1078 1141 1142
3 1078 1142 1079
3 1079 1142 1143
3 1079 1143 1080
3 1080 1143 1144
3 1080 1144 1081
3 1081 1144 1145
3 1081 1145 1082
3 1082 1145 1146
3 1082 1146 1083
3 1083 1146 1147
3 1083 1147 1084
3 1084 1147 1148
3 1084 1148 1085
3 1085 1148 1149
3 1085 1149 1086
3 1086 1149 1150
3 1086 1150 1087
3 1087 1150 1151
3 1088 1152 1089
3 1089 1152 1153
3 1089 1153 1090
3 1090 1153 1154
3 1090 1154 1091
3 1091 1154 1155
3 1091 1155 1092
3 1092 1155 1156
3 1092 1156 1093
3 1093 1156 1157
3 1093 1157 1094
3 1094 1157 1158
3 1094 1158 1095
3 1095 1158 1159
3 1095 1159 1096
3 1096 1159 1160
3 1096 1160 1097
3 1097 1160 1161
3 1097 1161 1098
3 1098 1161 1162
3 1098 1162 1099
3 1099 1162 1163
3 1099 1163 1100
3 1100 1163 1164
3 1100 1164 1101
3 1101 1164 1165
3 1101 1165 1102
3 1102 1165 1166
3 1102 1166 1103
3 1103 1166 1167
3 1103 1167 1104
3 1104 1167 1168
3 1104 1168 1105
3 1105 1168 1169
3 1105 1169 1106
3 1106 1169 1170
3 1106 1170 1107
3 1107 1170 1171
3 1107 1171 1108
3 1108 1171 1172
3 1108 1172 1109
3 1109 1172 1173
3 1109 1173 1110
3 1110 1173 1174
3 1110 1174 1111
3 1111 1174 1175
3 1111 1175 1112
3 1112 1175 1176
3 1112 1176 1113
3 1113 1176 1177
3 1113 1177 1114
3 1114 1177 1178
3 1114 1178 1115
3 1115 1178 1179
3 1115 1179 1116
3 1116 1179 1180
3 1116 1180 1117
3 1117 1180 1181
3 1117 1181 1118
3 1118 1181 1182
3 1118 1182 1119
3 1119 1182 1183
3 1119 1183 1120
3 1120 1183 1184
3 1120 1184 1121
3 1121 1184 1185
3 1121 1185 1122
3 1122 1185 1186
3 1122 1186 1123
3 1123 1186 1187
3 1123 1187 1124
3 1124 1187 1188
3 1124 1188 1125
3 1125 1188 1189
3 1125 1189 1126
3 1126 1189 1190
3 1126 1190 1127
3 1127 1190 1191
3 1127 1191 1128
3 1128 1191 1192
3 1128 1192 1129
3 1129 1192 1193
3 1129 1193 1130
3 1130 1193 1194
3 1130 1194 1131
3 1131 1194 1195
3 1131 1195 1132
3 1132 1195 1196
3 1132 1196 1133
3 1133 1196 1197
3 1133 1197 1134
3 1134 1197 1198
3 1134 1198 1135
3 1135 1198 1199
3 1135 1199 1136
3 1136 1199 1200
3 1136 1200 1137
3 1137 1200 1201
3 1137 1201 1138
3 1138 1201 1202
3 1138 1202 1139
3 1139 1202 1203
3 1139 1203 1140
3 1140 1203 1204
3 1140 1204 1141
3 1141 1204 1205
3 1141 1205 1142
3 1142 1205 1206
3 1142 1206 1143
3 1143 1206 1207
3 1143 1207 1144
3 1144 1207 1208
3 1144 1208 1145
3 1145 1208 1209
3 1145 1209 1146
3 1146 1209 1210
3 1146 1210 1147
3 1147 1210 1211
3 1147 1211 1148
3 1148 1211 1212
3 1148 1212 1149
3 1149 1212 1213
3 1149 1213 1150
3 1150 1213 1214
3 1150 1214 1151
3 1151 1214 1215
3 1152 1216 1153
3 1153 1216 1217
3 1153 1217 1154
3 1154 1217 1218
3 1154 1218 1155
3 1155 1218 1219
3 1155 1219 1156
3 1156 1219 1220
3 1156 1220 1157
3 1157 1220 1221
3 1157 1221 1158
3 1158 1221 1222
3 1158 1222 1159
3 1159 1222 1223
3 1159 1223 1160
3 1160 1223 1224
3 1160 1224 1161
3 1161 1224 1225
3 1161 1225 1162
3 1162 1225 1226
3 1162 1226 1163
3 1163 1226 1227
3 1163 1227 1164
3 1164 1227 1228
3 1164 1228 1165
3 1165 1228 1229
3 1165 1229 1166
3 1166 1229 1230
3 1166 1230 1167
3 1167 1230 1231
3 1167 1231 1168
3 1168 1231 1232
3 1168 1232 1169
3 1169 1232 1233
3 1169 1233 1170
3 1170 1233 1234
3 1170 1234 1171
3 1171 1234 1235
3 1171 1235 1172
3 1172 1235 1236
3 1172 1236 1173
3 1173 1236 1237
3 1173 1237 1174
3 1174 1237 1238
3 1174 1238 1175
3 1175 1238 1239
3 1175 1239 1176
3 1176 1239 1240
3 1176 1240 1177
3 1177 1240 1241
3 1177 1241 1178
3 1178 1241 1242
3 1178 1242 1179
3 1179 1242 1243
3 1179 1243 1180
3 1180 1243 1244
3 1180 1244 1181
3 1181 1244 1245
3 1181 1245 1182
3 1182 1245 1246
3 1182 1246 1183
3 1183 1246 1247
3 1183 1247 1184
3 1184 1247 1248
3 1184 1248 1185
3 1185 1248 1249
3 1185 1249 1186
3 1186 1249 1250
3 1186 1250 1187
3 1187 1250 1251
3 1187 1251 1188
3 1188 1251 1252
3 1188 1252 1189
3 1189 1252 1253
3 1189 1253 1190
3 1190 1253 1254
3 1190 1254 1191
3 1191 1254 1255
3 1191 1255 1192
3 1192 1255 1256
3 1192 1256 1193
3 1193 1256 1257
3 1193 1257 1194
3 1194 1257 1258
3 1194 1258 1195
3 1195 1258 1259
3 1195 1259 1196
3 1196 1259 1260
3 1196 1260 1197
3 1197 1260 1261
3 1197 1261 1198
3 1198 1261 1262
3 1198 1262 1199
3 1199 1262 1263
3 1199 1263 1200
3 1200 1263 1264
3 1200 1264 1201
3 1201 1264 1265
3 1201 1265 1202
3 1202 1265 1266
3 1202 1266 1203
3 1203 1266 1267
3 1203 1267 1204
3 1204 1267 1268
3 1204 1268 1205
3 1205 1268 1269
3 1205 1269 1206
3 1206 1269 1270
3 1206 1270 1207
3 1207 1270 1271
3 1207 1271 1208
3 1208 1271 1272
3 1208 1272 1209
3 1209 1272 1273
3 1209 1273 1210
3 1210 1273 1274
3 1210 1274 1211
3 1211 1274 1275
3 1211 1275 1212
3 1212 1275 1276
3 1212 1276 1213
3 1213 1276 1277
3 1213 1277 1214
3 1214 1277 1278
3 1214 1278 1215
3 1215 1278 1279
3 1216 1280 1217
3 1217 1280 1281
3 1217 1281 1218
3 1218 1281 1282
3 1218 1282 1219
3 1219 1282 1283
3 1219 1283 1220
3 1220 1283 1284
3 1220 1284 1221
3 1221 1284 1285
3 1221 1285 1222
3 1222 1285 1286
3 1222 1286 1223
3 1223 1286 1287
3 1223 1287 1224
3 1224 1287 1288
3 1224 1288 1225
3 1225 1288 1289
3 1225 1289 1226
3 1226 1289 1290
3 1226 1290 1227
3 1227 1290 1291
3 1227 1291 1228
3 1228 1291 1292
3 1228 1292 1229
3 1229 1292 1293
3 1229 1293 1230
3 1230 1293 1294
3 1230 1294 1231
3 1231 1294 1295
3 1231 1295 1232
3 1232 1295 1296
3 1232 1296 1233
3 1233 1296 1297
3 1233 1297 1234
3 1234 1297 1298
3 1234 1298 1235
3 1235 1298 1299
3 1235 1299 1236
3 1236 1299 1300
3 1236 1300 1237
3 1237 1300 1301
3 1237 1301 1238
3 1238 1301 1302
3 1238 1302 1239
3 1239 1302 1303
3 1239 1303 1240
3 1240 1303 1304
3 1240 1304 1241
3 1241 1304 1305
3 1241 1305 1242
3 1242 1305 1306
3 1242 1306 1243
3 1243 1306 1307
3 1243 1307 1244
3 1244 1307 1308
3 1244 1308 1245
3 1245 1308 1309
3 1245 1309 1246
3 1246 1309 1310
3 1246 1310 1247
3 1247 1310 1311
3 1247 1311 1248
3 1248 1311 1312
3 1248 1312 1249
3 1249 1312 1313
3 1249 1313 1250
3 1250 1313 1314
3 1250 1314 1251
3 1251 1314 1315
3 1251 1315 1252
3 1252 1315 1316
3 1252 1316 1253
3 1253 1316 1317
3 1253 1317 1254
3 1254 1317 1318
3 1254 1318 1255
3 1255 1318 1319
3 1255 1319 1256
3 1256 1319 1320
3 1256 1320 1257
3 1257 1320 1321
3 1257 1321 1258
3 1258 1321 1322
3 1258 1322 1259
3 1259 1322 1323
3 1259 1323 1260
3 1260 1323 1324
3 1260 1324 1261
3 1261 1324 1325
3 1261 1325 1262
3 1262 1325 1326
3 1262 1326 1263
3 1263 1326 1327
3 1263 1327 1264
3 1264 1327 1328
3 1264 1328 1265
3 1265 1328 1329
3 1265 1329 1266
3 1266 1329 1330
3 1266 1330 1267
3 1267 1330 1331
3 1267 1331 1268
3 1268 1331 1332
3 1268 1332 1269
3 1269 1332 1333
3 1269 1333 1270
3 1270 1333 1334
3 1270 1334 1271
3 1271 1334 1335
3 1271 1335 1272
3 1272 1335 1336
3 1272 1336 1273
3 1273 1336 1337
3 1273 1337 1274
3 1274 1337 1338
3 1274 1338 1275
3 1275 1338 1339
3 1275 1339 1276
3 1276 1339 1340
3 1276 1340 1277
3 1277 1340 1341
3 1277 1341 1278
3 1278 1341 1342
3 1278 1342 1279
3 1279 1342 1343
3 1280 1344 1281
3 1281 1344 1345
3 1281 1345 1282
3 1282 1345 1346
3 1282 1346 1283
3 1283 1346 1347
3 1283 1347 1284
3 1284 1347 1348
3 1284 1348 1285
3 1285 1348 1349
3 1285 1349 1286
3 1286 1349 1350
3 1286 1350 1287
3 1287 1350 1351
3 1287 1351 1288
3 1288 1351 1352
3 1288 1352 1289
3 1289 1352 1353
3 1289 1353 1290
3 1290 1353 1354
3 1290 1354 1291
3 1291 1354 1355
3 1291 1355 1292
3 1292 1355 1356
3 1292 1356 1293
3 1293 1356 1357
3 1293 1357 1294
3 1294 1357 1358
3 1294 1358 1295
3 1295 1358 1359
3 1295 1359 1296
3 1296 1359 1360
3 1296 1360 1297
3 1297 1360 1361
3 1297 1361 1298
3 1298 1361 1362
3 1298 1362 1299
3 1299 1362 1363
3 1299 1363 1300
3 1300 1363 1364
3 1300 1364 1301
3 1301 1364 1365
3 1301 1365 1302
3 1302 1365 1366
3 1302 1366 1303
3 1303 1366 1367
3 1303 1367 1304
3 1304 1367 1368
3 1304 1368 1305
3 1305 1368 1369
3 1305 1369 1306
3 1306 1369 1370
3 1306 1370 1307
3 1307 1370 1371
3 1307 1371 1308
3 1308 1371 1372
3 1308 1372 1309
3 1309 1372 1373
3 1309 1373 1310
3 1310 1373 1374
3 1310 1374 1311
3 1311 1374 1375
3 1311 1375 1312
3 1312 1375 1376
3 1312 1376 1313
3 1313 1376 1377
3 1313 1377 1314
3 1314 1377 1378
3 1314 1378 1315
3 1315 1378 1379
3 1315 1379 1316
3 1316 1379 1380
3 1316 1380 1317
3 1317 1380 1381
3 1317 1381 1318
3 1318 1381 1382
3 1318 1382 1319
3 1319 1382 1383
3 1319 1383 1320
3 1320 1383 1384
3 1320 1384 1321
3 1321 1384 1385
3 1321 1385 1322
3 1322 1385 1386
3 1322 1386 1323
3 1323 1386 1387
3 1323 1387 1324
3 1324 1387 1388
3 1324 1388 1325
3 1325 1388 1389
3 1325 1389 1326
3 1326 1389 1390
3 1326 1390 1327
3 1327 1390 1391
3 1327 1391 1328
3 1328 1391 1392
3 1328 1392 1329
3 1329 1392 1393
3 1329 1393 1330
3 1330 1393 1394
3 1330 1394 1331
3 1331 1394 1395
3 1331 1395 1332
3 1332 1395 1396
3 1332 1396 1333
3 1333 1396 1397
3 1333 1397 1334
3 1334 1397 1398
3 1334 1398 1335
3 1335 1398 1399
3 1335 1399 1336
3 1336 1399 1400
3 1336 1400 1337
3 1337 1400 1401
3 1337 1401 1338
3 1338 1401 1402
3 1338 1402 1339
3 1339 1402 1403
3 1339 1403 1340
3 1340 1403 1404
3 1340 1404 1341
3 1341 1404 1405
3 1341 1405 1342
3 1342 1405 1406
3 1342 1406 1343
3 1343 1406 1407
3 1344 1408 1345
3 1345 1408 1409
3 1345 1409 1346
3 1346 1409 1410
3 1346 1410 1347
3 1347 1410 1411
3 1347 1411 1348
3 1348 1411 1412
3 1348 1412 1349
3 1349 1412 1413
3 1349 1413 1350
3 1350 1413 1414
3 1350 1414 1351
3 1351 1414 1415
3 1351 1415 1352
3 1352 1415 1416
3 1352 1416 1353
3 1353 1416 1417
3 1353 1417 1354
3 1354 1417 1418
3 1354 1418 1355
3 1355 1418 1419
3 1355 1419 1356
3 1356 1419 1420
3 1356 1420 1357
3 1357 1420 1421
3 1357 1421 1358
3 1358 1421 1422
3 1358 1422 1359
3 1359 1422 1423
3 1359 1423 1360
3 1360 1423 1424
3 1360 1424 1361
3 1361 1424 1425
3 1361 1425 1362
3 1362 1425 1426
3 1362 1426 1363
3 1363 1426 1427
3 1363 1427 1364
3 1364 1427 1428
3 1364 1428 1365
3 1365 1428 1429
3 1365 1429 1366
3 1366 1429 1430
3 1366 1430 1367
3 1367 1430 1431
3 1367 1431 1368
3 1368 1431 1432
3 1368 1432 1369
3 1369 1432 1433
3 1369 1433 1370
3 1370 1433 1434
3 1370 1434 1371
3 1371 1434 1435
3 1371 1435 1372
3 1372 1435 1436
3 1372 1436 1373
3 1373 1436 1437
3 1373 1437 1374
3 1374 1437 1438
3 1374 1438 1375
3 1375 1438 1439
3 1375 1439 1376
3 1376 1439 1440
3 1376 1440 1377
3 1377 1440 1441
3 1377 1441 1378
3 1378 1441 1442
3 1378 1442 1379
3 1379 1442 1443
3 1379 1443 1380
3 1380 1443 1444
3 1380 1444 1381
3 1381 1444 1445
3 1381 1445 1382
3 1382 1445 1446
3 1382 1446 1383
3 1383 1446 1447
3 1383 1447 1384
3 1384 1447 1448
3 1384 1448 1385
3 1385 1448 1449
3 1385 1449 1386
3 1386 1449 1450
3 1386 1450 1387
3 1387 1450 1451
3 1387 1451 1388
3 1388 1451 1452
3 1388 1452 1389
3 1389 1452 1453
3 1389 1453 1390
3 1390 1453 1454
3 1390 1454 1391
3 1391 1454 1455
3 1391 1455 1392
3 1392 1455 1456
3 1392 1456 1393
3 1393 1456 1457
3 1393 1457 1394
3 1394 1457 1458
3 1394 1458 1395
3 1395 1458 1459
3 1395 1459 1396
3 1396 1459 1460
3 1396 1460 1397
3 1397 1460 1461
3 1397 1461 1398
3 1398 1461 1462
3 1398 1462 1399
3 1399 1462 1463
3 1399 1463 1400
3 1400 1463 1464
3 1400 1464 1401
3 1401 1464 1465
3 1401 1465 1402
3 1402 1465 1466
3 1402 1466 1403
3 1403 1466 1467
3 1403 1467 1404
3 1404 1467 1468
3 1404 1468 1405
3 1405 1468 1469
3 1405 1469 1406
3 1406 1469 1470
3 1406 1470 1407
3 1407 1470 1471
3 1408 1472 1409
3 1409 1472 1473
3 1409 1473 1410
3 1410 1473 1474
3 1410 1474 1411
3 1411 1474 1475
3 1411 1475 1412
3 1412 1475 1476
3 1412 1476 1413
3 1413 1476 1477
3 1413 1477 1414
3 1414 1477 1478
3 1414 1478 1415
3 1415 1478 1479
3 1415 1479 1416
3 1416 1479 1480
3 1416 1480 1417
3 1417 1480 1481
3 1417 1481 1418
3 1418 1481 1482
3 1418 1482 1419
3 1419 1482 1483
3 1419 1483 1420
3 1420 1483 1484
3 1420 1484 1421
3 1421 1484 1485
3 1421 1485 1422
3 1422 1485 1486
3 1422 1486 1423
3 1423 1486 1487
3 1423 1487 1424
3 1424 1487 1488
3 1424 1488 1425
3 1425 1488 1489
3 1425 1489 1426
3 1426 1489 1490
3 1426 1490 1427
3 1427 1490 1491
3 1427 1491 1428
3 1428 1491 1492
3 1428 1492 1429
3 1429 1492 1493
3 1429 1493 1430
3 1430 1493 1494
3 1430 1494 1431
3 1431 1494 1495
3 1431 1495 1432
3 1432 1495 1496
3 1432 1496 1433
3 1433 1496 1497
3 1433 1497 1434
3 1434 1497 1498
3 1434 1498 1435
3 1435 1498 1499
3 1435 1499 1436
3 1436 1499 1500
3 1436 1500 1437
3 1437 1500 1501
3 1437 1501 1438
3 1438 1501 1502
3 1438 1502 1439
3 1439 1502 1503
3 1439 1503 1440
3 1440 1503 1504
3 1440 1504 1441
3 1441 1504 1505
3 1441 1505 1442
3 1442 1505 1506
3 1442 1506 1443
3 1443 1506 1507
3 1443 1507 1444
3 1444 1507 1508
3 1444 1508 1445
3 1445 1508 1509
3 1445 1509 1446
3 1446 1509 1510
3 1446 1510 1447
3 1447 1510 1511
3 1447 1511 1448
3 1448 1511 1512
3 1448 1512 1449
3 1449 1512 1513
3 1449 1513 1450
3 1450 1513 1514
3 1450 1514 1451
3 1451 1514 1515
3 1451 1515 1452
3 1452 1515 1516
3 1452 1516 1453
3 1453 1516 1517
3 1453 1517 1454
3 1454 1517 1518
3 1454 1518 1455
3 1455 1518 1519
3 1455 1519 1456
3 1456 1519 1520
3 1456 1520 1457
3 1457 1520 1521
3 1457 1521 1458
3 1458 1521 1522
3 1458 1522 1459
3 1459 1522 1523
3 1459 1523 1460
3 1460 1523 1524
3 1460 1524 1461
3 1461 1524 1525
3 1461 1525 1462
3 1462 1525 1526
3 1462 1526 1463
3 1463 1526 1527
3 1463 1527 1464
3 1464 1527 1528
3 1464 1528 1465
3 1465 1528 1529
3 1465 1529 1466
3 1466 1529 1530
3 1466 1530 1467
3 1467 1530 1531
3 1467 1531 1468
3 1468 1531 1532
3 1468 1532 1469
3 1469 1532 1533
3 1469 1533 1470
3 1470 1533 1534
3 1470 1534 1471
3 1471 1534 1535
3 1472 1536 1473
3 1473 1536 1537
3 1473 1537 1474
3 1474 1537 1538
3 1474 1538 1475
3 1475 1538 1539
3 1475 1539 1476
3 1476 1539 1540
3 1476 1540 1477
3 1477 1540 1541
3 1477 1541 1478
3 1478 1541 1542
3 1478 1542 1479
3 1479 1542 1543
3 1479 1543 1480
3 1480 1543 1544
3 1480 1544 1481
3 1481 1544 1545
3 1481 1545 1482
3 1482 1545 1546
3 1482 1546 1483
3 1483 1546 1547
3 1483 1547 1484
3 1484 1547 1548
3 1484 1548 1485
3 1485 1548 1549
3 1485 1549 1486
3 1486 1549 1550
3 1486 1550 1487
3 1487 1550 1551
3 1487 1551 1488
3 1488 1551 1552
3 1488 1552 1489
3 1489 1552 1553
3 1489 1553 1490
3 1490 1553 1554
3 1490 1554 1491
3 1491 1554 1555
3 1491 1555 1492
3 1492 1555 1556
3 1492 1556 1493
3 1493 1556 1557
3 1493 1557 1494
3 1494 1557 1558
3 1494 1558 1495
3 1495 1558 1559
3 1495 1559 1496
3 1496 1559 1560
3 1496 1560 1497
3 1497 1560 1561
3 1497 1561 1498
3 1498 1561 1562
3 1498 1562 1499
3 1499 1562 1563
3 1499 1563 1500
3 1500 1563 1564
3 1500 1564 1501
3 1501 1564 1565
3 1501 1565 1502
3 1502 1565 1566
3 1502 1566 1503
3 1503 1566 1567
3 1503 1567 1504
3 1504 1567 1568
3 1504 1568 1505
3 1505 1568 1569
3 1505 1569 1506
3 1506 1569 1570
3 1506 1570 1507
3 1507 1570 1571
3 1507 1571 1508
3 1508 1571 1572
3 1508 1572 1509
3 1509 1572 1573
3 1509 1573 1510
3 1510 1573 1574
3 1510 1574 1511
3 1511 1574 1575
3 1511 1575 1512
3 1512 1575 1576
3 1512 1576 1513
3 1513 1576 1577
3 1513 1577 1514
3 1514 1577 1578
3 1514 1578 1515
3 1515 1578 1579
3 1515 1579 1516
3 1516 1579 1580
3 1516 1580 1517
3 1517 1580 1581
3 1517 1581 1518
3 1518 1581 1582
3 1518 1582 1519
3 1519 1582 1583
3 1519 1583 1520
3 1520 1583 1584
3 1520 1584 1521
3 1521 1584 1585
3 1521 1585 1522
3 1522 1585 1586
3 1522 1586 1523
3 1523 1586 1587
3 1523 1587 1524
3 1524 1587 1588
3 1524 1588 1525
3 1525 1588 1589
3 1525 1589 1526
3 1526 1589 1590
3 1526 1590 1527
3 1527 1590 1591
3 1527 1591 1528
3 1528 1591 1592
3 1528 1592 1529
3 1529 1592 1593
3 1529 1593 1530
3 1530 1593 1594
3 1530 1594 1531
3 1531 1594 1595
3 1531 1595 1532
3 1532 1595 1596
3 1532 1596 1533
3 1533 1596 1597
3 1533 1597 1534
3 1534 1597 1598
3 1534 1598 1535
3 1535 1598 1599
3 1536 1600 1537
3 1537 1600 1601
3 1537 1601 1538
3 1538 1601 1602
3 1538 1602 1539
3 1539 1602 1603
3 1539 1603 1540
3 1540 1603 1604
3 1540 1604 1541
3 1541 1604 1605
3 1541 1605 1542
3 1542 1605 1606
3 1542 1606 1543
3 1543 1606 1607
3 1543 1607 1544
3 1544 1607 1608
3 1544 1608 1545
3 1545 1608 1609
3 1545 1609 1546
3 1546 1609 1610
3 1546 1610 1547
3 1547 1610 1611
3 1547 1611 1548
3 1548 1611 1612
3 1548 1612 1549
3 1549 1612 1613
3 1549 1613 1550
3 1550 1613 1614
3 1550 1614 1551
3 1551 1614 1615
3 1551 1615 1552
3 1552 1615 1616
3 1552 1616 1553
3 1553 1616 1617
3 1553 1617 1554
3 1554 1617 1618
3 1554 1618 1555
3 1555 1618 1619
3 1555 1619 1556
3 1556 1619 1620
3 1556 1620 1557
3 1557 1620 1621
3 1557 1621 1558
3 1558 1621 1622
3 1558 1622 1559
3 1559 1622 1623
3 1559 1623 1560
3 1560 1623 1624
3 1560 1624 1561
3 1561 1624 1625
3 1561 1625 1562
3 1562 1625 1626
3 1562 1626 1563
3 1563 1626 1627
3 1563 1627 1564
3 1564 1627 1628
3 1564 1628 1565
3 1565 1628 1629
3 1565 1629 1566
3 1566 1629 1630
3 1566 1630 1567
3 1567 1630 1631
3 1567 1631 1568
3 1568 1631 1632
3 1568 1632 1569
3 1569 1632 1633
3 1569 1633 1570
3 1570 1633 1634
3 1570 1634 1571
3 1571 1634 1635
3 1571 1635 1572
3 1572 1635 1636
3 1572 1636 1573
3 1573 1636 1637
3 1573 1637 1574
3 1574 1637 1638
3 1574 1638 1575
3 1575 1638 1639
3 1575 1639 1576
3 1576 1639 1640
3 1576 1640 1577
3 1577 1640 1641
3 1577 1641 1578
3 1578 1641 1642
3 1578 1642 1579
3 1579 1642 1643
3 1579 1643 1580
3 1580 1643 1644
3 1580 1644 1581
3 1581 1644 1645
3 1581 1645 1582
3 1582 1645 1646
3 1582 1646 1583
3 1583 1646 1647
3 1583 1647 1584
3 1584 1647 1648
3 1584 1648 1585
3 1585 1648 1649
3 1585 1649 1586
3 1586 1649 1650
3 1586 1650 1587
3 1587 1650 1651
3 1587 1651 1588
3 1588 1651 1652
3 1588 1652 1589
3 1589 1652 1653
3 1589 1653 1590
3 1590 1653 1654
3 1590 1654 1591
3 1591 1654 1655
3 1591 1655 1592
3 1592 1655 1656
3 1592 1656 1593
3 1593 1656 1657
3 1593 1657 1594
3 1594 1657 1658
3 1594 1658 1595
3 1595 1658 1659
3 1595 1659 1596
3 1596 1659 1660
3 1596 1660 1597
3 1597 1660 1661
3 1597 1661 1598
3 1598 1661 1662
3 1598 1662 1599
3 1599 1662 1663
3 1600 1664 1601
3 1601 1664 1665
3 1601 1665 1602
3 1602 1665 1666
3 1602 1666 1603
3 1603 1666 1667
3 1603 1667 1604
3 1604 1667 1668
3 1604 1668 1605
3 1605 1668 1669
3 1605 1669 1606
3 1606 1669 1670
3 1606 1670 1607
3 1607 1670 1671
3 1607 1671 1608
3 1608 1671 1672
3 1608 1672 1609
3 1609 1672 1673
3 1609 1673 1610
3 1610 1673 1674
3 1610 1674 1611
3 1611 1674 1675
3 1611 1675 1612
3 1612 1675 1676
3 1612 1676 1613
3 1613 1676 1677
3 1613 1677 1614
3 1614 1677 1678
3 1614 1678 1615
3 1615 1678 1679
3 1615 1679 1616
3 1616 1679 1680
3 1616 1680 1617
3 1617 1680 1681
3 1617 1681 1618
3 1618 1681 1682
3 1618 1682 1619
3 1619 1682 1683
3 1619 1683 1620
3 1620 1683 1684
3 1620 1684 1621
3 1621 1684 1685
3 1621 1685 1622
3 1622 1685 1686
3 1622 1686 1623
3 1623 1686 1687
3 1623 1687 1624
3 1624 1687 1688
3 1624 1688 1625
3 1625 1688 1689
3 1625 1689 1626
3 1626 1689 1690
3 1626 1690 1627
3 1627 1690 1691
3 1627 1691 1628
3 1628 1691 1692
3 1628 1692 1629
3 1629 1692 1693
3 1629 1693 1630
3 1630 1693 1694
3 1630 1694 1631
3 1631 1694 1695
3 1631 1695 1632
3 1632 1695 1696
3 1632 1696 1633
3 1633 1696 1697
3 1633 1697 1634
3 1634 1697 1698
3 1634 1698 1635
3 1635 1698 1699
3 1635 1699 1636
3 1636 1699 1700
3 1636 1700 1637
3 1637 1700 1701
3 1637 1701 1638
3 1638 1701 1702
3 1638 1702 1639
3 1639 1702 1703
3 1639 1703 1640
3 1640 1703 1704
3 1640 1704 1641
3 1641 1704 1705
3 1641 1705 1642
3 1642 1705 1706
3 1642 1706 1643
3 1643 1706 1707
3 1643 1707 1644
3 1644 1707 1708
3 1644 1708 1645
3 1645 1708 1709
3 1645 1709 1646
3 1646 1709 1710
3 1646 1710 1647
3 1647 1710 1711
3 1647 1711 1648
3 1648 1711 1712
3 1648 1712 1649
3 1649 1712 1713
3 1649 1713 1650
3 1650 1713 1714
3 1650 1714 1651
3 1651 1714 1715
3 1651 1715 1652
3 1652 1715 1716
3 1652 1716 1653
3 1653 1716 1717
3 1653 1717 1654
3 1654 1717 1718
3 1654 1718 1655
3 1655 1718 1719
3 1655 1719 1656
3 1656 1719 1720
3 1656 1720 1657
3 1657 1720 1721
3 1657 1721 1658
3 1658 1721 1722
3 1658 1722 1659
3 1659 1722 1723
3 1659 1723 1660
3 1660 1723 1724
3 1660 1724 1661
3 1661 1724 1725
3 1661 1725 1662
3 1662 1725 1726
3 1662 1726 1663
3 1663 1726 1727
3 1664 1728 1665
3 1665 1728 1729
3 1665 1729 1666
3 1666 1729 1730
3 1666 1730 1667
3 1667 1730 1731
3 1667 1731 1668
3 1668 1731 1732
3 1668 1732 1669
3 1669 1732 1733
3 1669 1733 1670
3 1670 1733 1734
3 1670 1734 1671
3 1671 1734 1735
3 1671 1735 1672
3 1672 1735 1736
3 1672 1736 1673
3 1673 1736 1737
3 1673 1737 1674
3 1674 1737 1738
3 1674 1738 1675
3 1675 1738 1739
3 1675 1739 1676
3 1676 1739 1740
3 1676 1740 1677
3 1677 1740 1741
3 1677 1741 1678
3 1678 1741 1742
3 1678 1742 1679
3 1679 1742 1743
3 1679 1743 1680
3 1680 1743 1744
3 1680 1744 1681
3 1681 1744 1745
3 1681 1745 1682
3 1682 1745 1746
3 1682 1746 1683
3 1683 1746 1747
3 1683 1747 1684
3 1684 1747 1748
3 1684 1748 1685
3 1685 1748 1749
3 1685 1749 1686
3 1686 1749 1750
3 1686 1750 1687
3 1687 1750 1751
3 1687 1751 1688
3 1688 1751 1752
3 1688 1752 1689
3 1689 1752 1753
3 1689 1753 1690
3 1690 1753 1754
3 1690 1754 1691
3 1691 1754 1755
3 1691 1755 1692
3 1692 1755 1756
3 1692 1756 1693
3 1693 1756 1757
3 1693 1757 1694
3 1694 1757 1758
3 1694 1758 1695
3 1695 1758 1759
3 1695 1759 1696
3 1696 1759 1760
3 1696 1760 1697
3 1697 1760 1761
3 1697 1761 1698
3 1698 1761 1762
3 1698 1762 1699
3 1699 1762 1763
3 1699 1763 1700
3 1700 1763 1764
3 1700 1764 1701
3 1701 1764 1765
3 1701 1765 1702
3 1702 1765 1766
3 1702 1766 1703
3 1703 1766 1767
3 1703 1767 1704
3 1704 1767 1768
3 1704 1768 1705
3 1705 1768 1769
3 1705 1769 1706
3 1706 1769 1770
3 1706 1770 1707
3 1707 1770 1771
3 1707 1771 1708
3 1708 1771 1772
3 1708 1772 1709
3 1709 1772 1773
3 1709 1773 1710
3 1710 1773 1774
3 1710 1774 1711
3 1711 1774 1775
3 1711 1775 1712
3 1712 1775 1776
3 1712 1776 1713
3 1713 1776 1777
3 1713 1777 1714
3 1714 1777 1778
3 1714 1778 1715
3 1715 1778 1779
3 1715 1779 1716
3 1716 1779 1780
3 1716 1780 1717
3 1717 1780 1781
3 1717 1781 1718
3 1718 1781 1782
3 1718 1782 1719
3 1719 1782 1783
3 1719 1783 1720
3 1720 1783 1784
3 1720 1784 1721
3 1721 1784 1785
3 1721 1785 1722
3 1722 1785 1786
3 1722 1786 1723
3 1723 1786 1787
3 1723 1787 1724
3 1724 1787 1788
3 1724 1788 1725
3 1725 1788 1789
3 1725 1789 1726
3 1726 1789 1790
3 1726 1790 1727
3 1727 1790 1791
3 1728 1792 1729
3 1729 1792 1793
3 1729 1793 1730
3 1730 1793 1794
3 1730 1794 1731
3 1731 1794 1795
3 1731 1795 1732
3 1732 1795 1796
3 1732 1796 1733
3 1733 1796 1797
3 1733 1797 1734
3 1734 1797 1798
3 1734 1798 1735
3 1735 1798 1799
3 1735 1799 1736
3 1736 1799 1800
3 1736 1800 1737
3 1737 1800 1801
3 1737 1801 1738
3 1738 1801 1802
3 1738 1802 1739
3 1739 1802 1803
3 1739 1803 1740
3 1740 1803 1804
3 1740 1804 1741
3 1741 1804 1805
3 1741 1805 1742
3 1742 1805 1806
3 1742 1806 1743
3 1743 1806 1807
3 1743 1807 1744
3 1744 1807 1808
3 1744 1808 1745
3 1745 1808 1809
3 1745 1809 1746
3 1746 1809 1810
3 1746 1810 1747
3 1747 1810 1811
3 1747 1811 1748
3 1748 1811 1812
3 1748 1812 1749
3 1749 1812 1813
3 1749 1813 1750
3 1750 1813 1814
3 1750 1814 1751
3 1751 1814 1815
3 1751 1815 1752
3 1752 1815 1816
3 1752 1816 1753
3 1753 1816 1817
3 1753 1817 1754
3 1754 1817 1818
3 1754 1818 1755
3 1755 1818 1819
3 1755 1819 1756
3 1756 1819 1820
3 1756 1820 1757
3 1757 1820 1821
3 1757 1821 1758
3 1758 1821 1822
3 1758 1822 1759
3 1759 1822 1823
3 1759 1823 1760
3 1760 1823 1824
3 1760 1824 1761
3 1761 1824 1825
3 1761 1825 1762
3 1762 1825 1826
3 1762 1826 1763
3 1763 1826 1827
3 1763 1827 1764
3 1764 1827 1828
3 1764 1828 1765
3 1765 1828 1829
3 1765 1829 1766
3 1766 1829 1830
3 1766 1830 1767
3 1767 1830 1831
3 1767 1831 1768
3 1768 1831 1832
3 1768 1832 1769
3 1769 1832 1833
3 1769 1833 1770
3 1770 1833 1834
3 1770 1834 1771
3 1771 1834 1835
3 1771 1835 1772
3 1772 1835 1836
3 1772 1836 1773
3 1773 1836 1837
3 1773 1837 1774
3 1774 1837 1838
3 1774 1838 1775
3 1775 1838 1839
3 1775 1839 1776
3 1776 1839 1840
3 1776 1840 1777
3 1777 1840 1841
3 1777 1841 1778
3 1778 1841 1842
3 1778 1842 1779
3 1779 1842 1843
3 1779 1843 1780
3 1780 1843 1844
3 1780 1844 1781
3 1781 1844 1845
3 1781 1845 1782
3 1782 1845 1846
3 1782 1846 1783
3 1783 1846 1847
3 1783 1847 1784
3 1784 1847 1848
3 1784 1848 1785
3 1785 1848 1849
3 1785 1849 1786
3 1786 1849 1850
3 1786 1850 1787
3 1787 1850 1851
3 1787 1851 1788
3 1788 1851 1852
3 1788 1852 1789
3 1789 1852 1853
3 1789 1853 1790
3 1790 1853 1854
3 1790 1854 1791
3 1791 1854 1855
3 1792 1856 1793
3 1793 1856 1857
3 1793 1857 1794
3 1794 1857 1858
3 1794 1858 1795
3 1795 1858 1859
3 1795 1859 1796
3 1796 1859 1860
3 1796 1860 1797
3 1797 1860 1861
3 1797 1861 1798
3 1798 1861 1862
3 1798 1862 1799
3 1799 1862 1863
3 1799 1863 1800
3 1800 1863 1864
3 1800 1864 1801
3 1801 1864 1865
3 1801 1865 1802
3 1802 1865 1866
3 1802 1866 1803
3 1803 1866 1867
3 1803 1867 1804
3 1804 1867 1868
3 1804 1868 1805
3 1805 1868 1869
3 1805 1869 1806
3 1806 1869 1870
3 1806 1870 1807
3 1807 1870 1871
3 1807 1871 1808
3 1808 1871 1872
3 1808 1872 1809
3 1809 1872 1873
3 1809 1873 1810
3 1810 1873 1874
3 1810 1874 1811
3 1811 1874 1875
3 1811 1875 1812
3 1812 1875 1876
3 1812 1876 1813
3 1813 1876 1877
3 1813 1877 1814
3 1814 1877 1878
3 1814 1878 1815
3 1815 1878 1879
3 1815 1879 1816
3 1816 1879 1880
3 1816 1880 1817
3 1817 1880 1881
3 1817 1881 1818
3 1818 1881 1882
3 1818 1882 1819
3 1819 1882 1883
3 1819 1883 1820
3 1820 1883 1884
3 1820 1884 1821
3 1821 1884 1885
3 1821 1885 1822
3 1822 1885 1886
3 1822 1886 1823
3 1823 1886 1887
3 1823 1887 1824
3 1824 1887 1888
3 1824 1888 1825
3 1825 1888 1889
3 1825 1889 1826
3 1826 1889 1890
3 1826 1890 1827
3 1827 1890 1891
3 1827 1891 1828
3 1828 1891 1892
3 1828 1892 1829
3 1829 1892 1893
3 1829 1893 1830
3 1830 1893 1894
3 1830 1894 1831
3 1831 1894 1895
3 1831 1895 1832
3 1832 1895 1896
3 1832 1896 1833
3 1833 1896 1897
3 1833 1897 1834
3 1834 1897 1898
3 1834 1898 1835
3 1835 1898 1899
3 1835 1899 1836
3 1836 1899 1900
3 1836 1900 1837
3 1837 1900 1901
3 1837 1901 1838
3 1838 1901 1902
3 1838 1902 1839
3 1839 1902 1903
3 1839 1903 1840
3 1840 1903 1904
3 1840 1904 1841
3 1841 1904 1905
3 1841 1905 1842
3 1842 1905 1906
3 1842 1906 1843
3 1843 1906 1907
3 1843 1907 1844
3 1844 1907 1908
3 1844 1908 1845
3 1845 1908 1909
3 1845 1909 1846
3 1846 1909 1910
3 1846 1910 1847
3 1847 1910 1911
3 1847 1911 1848
3 1848 1911 1912
3 1848 1912 1849
3 1849 1912 1913
3 1849 1913 1850
3 1850 1913 1914
3 1850 1914 1851
3 1851 1914 1915
3 1851 1915 1852
3 1852 1915 1916
3 1852 1916 1853
3 1853 1916 1917
3 1853 1917 1854
3 1854 1917 1918
3 1854 1918 1855
3 1855 1918 1919
3 1856 1920 1857
3 1857 1920 1921
3 1857 1921 1858
3 1858 1921 1922
3 1858 1922 1859
3 1859 1922 1923
3 1859 1923 1860
3 1860 1923 1924
3 1860 1924 1861
3 1861 1924 1925
3 1861 1925 1862
3 1862 1925 1926
3 1862 1926 1863
3 1863 1926 1927
3 1863 1927 1864
3 1864 1927 1928
3 1864 1928 1865
3 1865 1928 1929
3 1865 1929 1866
3 1866 1929 1930
3 1866 1930 1867
3 1867 1930 1931
3 1867 1931 1868
3 1868 1931 1932
3 1868 1932 1869
3 1869 1932 1933
3 1869 1933 1870
3 1870 1933 1934
3 1870 1934 1871
3 1871 1934 1935
3 1871 1935 1872
3 1872 1935 1936
3 1872 1936 1873
3 1873 1936 1937
3 1873 1937 1874
3 1874 1937 1938
3 1874 1938 1875
3 1875 1938 1939
3 1875 1939 1876
3 1876 1939 1940
3 1876 1940 1877
3 1877 1940 1941
3 1877 1941 1878
3 1878 1941 1942
3 1878 1942 1879
3 1879 1942 1943
3 1879 1943 1880
3 1880 1943 1944
3 1880 1944 1881
3 1881 1944 1945
3 1881 1945 1882
3 1882 1945 1946
3 1882 1946 1883
3 1883 1946 1947
3 1883 1947 1884
3 1884 1947 1948
3 1884 1948 1885
3 1885 1948 1949
3 1885 1949 1886
3 1886 1949 1950
3 1886 1950 1887
3 1887 1950 1951
3 1887 1951 1888
3 1888 1951 1952
3 1888 1952 1889
3 1889 1952 1953
3 1889 1953 1890
3 1890 1953 1954
3 1890 1954 1891
3 1891 1954 1955
3 1891 1955 1892
3 1892 1955 1956
3 1892 1956 1893
3 1893 1956 1957
3 1893 1957 1894
3 1894 1957 1958
3 1894 1958 1895
3 1895 1958 1959
3 1895 1959 1896
3 1896 1959 1960
3 1896 1960 1897
3 1897 1960 1961
3 1897 1961 1898
3 1898 1961 1962
3 1898 1962 1899
3 1899 1962 1963
3 1899 1963 1900
3 1900 1963 1964
3 1900 1964 1901
3 1901 1964 1965
3 1901 1965 1902
3 1902 1965 1966
3 1902 1966 1903
3 1903 1966 1967
3 1903 1967 1904
3 1904 1967 1968
3 1904 1968 1905
3 1905 1968 1969
3 1905 1969 1906
3 1906 1969 1970
3 1906 1970 1907
3 1907 1970 1971
3 1907 1971 1908
3 1908 1971 1972
3 1908 1972 1909
3 1909 1972 1973
3 1909 1973 1910
3 1910 1973 1974
3 1910 1974 1911
3 1911 1974 1975
3 1911 1975 1912
3 1912 1975 1976
3 1912 1976 1913
3 1913 1976 1977
3 1913 1977 1914
3 1914 1977 1978
3 1914 1978 1915
3 1915 1978 1979
3 1915 1979 1916
3 1916 1979 1980
3 1916 1980 1917
3 1917 1980 1981
3 1917 1981 1918
3 1918 1981 1982
3 1918 1982 1919
3 1919 1982 1983
3 1920 1984 1921
3 1921 1984 1985
3 1921 1985 1922
3 1922 1985 1986
3 1922 1986 1923
3 1923 1986 1987
3 1923 1987 1924
3 1924 1987 1988
3 1924 1988 1925
3 1925 1988 1989
3 1925 1989 1926
3 1926 1989 1990
3 1926 1990 1927
3 1927 1990 1991
3 1927 1991 1928
3 1928 1991 1992
3 1928 1992 1929
3 1929 1992 1993
3 1929 1993 1930
3 1930 1993 1994
3 1930 1994 1931
3 1931 1994 1995
3 1931 1995 1932
3 1932 1995 1996
3 1932 1996 1933
3 1933 1996 1997
3 1933 1997 1934
3 1934 1997 1998
3 1934 1998 1935
3 1935 1998 1999
3 1935 1999 1936
3 1936 1999 2000
3 1936 2000 1937
3 1937 2000 2001
3 1937 2001 1938
3 1938 2001 2002
3 1938 2002 1939
3 1939 2002 2003
3 1939 2003 1940
3 1940 2003 2004
3 1940 2004 1941
3 1941 2004 2005
3 1941 2005 1942
3 1942 2005 2006
3 1942 2006 1943
3 1943 2006 2007
3 1943 2007 1944
3 1944 2007 2008
3 1944 2008 1945
3 1945 2008 2009
3 1945 2009 1946
3 1946 2009 2010
3 1946 2010 1947
3 1947 2010 2011
3 1947 2011 1948
3 1948 2011 2012
3 1948 2012 1949
3 1949 2012 2013
3 1949 2013 1950
3 1950 2013 2014
3 1950 2014 1951
3 1951 2014 2015
3 1951 2015 1952
3 1952 2015 2016
3 1952 2016 1953
3 1953 2016 2017
3 1953 2017 1954
3 1954 2017 2018
3 1954 2018 1955
3 1955 2018 2019
3 1955 2019 1956
3 1956 2019 2020
3 1956 2020 1957
3 1957 2020 2021
3 1957 2021 1958
3 1958 2021 2022
3 1958 2022 1959
3 1959 2022 2023
3 1959 2023 1960
3 1960 2023 2024
3 1960 2024 1961
3 1961 2024 2025
3 1961 2025 1962
3 1962 2025 2026
3 1962 2026 1963
3 1963 2026 2027
3 1963 2027 1964
3 1964 2027 2028
3 1964 2028 1965
3 1965 2028 2029
3 1965 2029 1966
3 1966 2029 2030
3 1966 2030 1967
3 1967 2030 2031
3 1967 2031 1968
3 1968 2031 2032
3 1968 2032 1969
3 1969 2032 2033
3 1969 2033 1970
3 1970 2033 2034
3 1970 2034 1971
3 1971 2034 2035
3 1971 2035 1972
3 1972 2035 2036
3 1972 2036 1973
3 1973 2036 2037
3 1973 2037 1974
3 1974 2037 2038
3 1974 2038 1975
3 1975 2038 2039
3 1975 2039 1976
3 1976 2039 2040
3 1976 2040 1977
3 1977 2040 2041
3 1977 2041 1978
3 1978 2041 2042
3 1978 2042 1979
3 1979 2042 2043
3 1979 2043 1980
3 1980 2043 2044
3 1980 2044 1981
3 1981 2044 2045
3 1981 2045 1982
3 1982 2045 2046
3 1982 2046 1983
3 1983 2046 2047
3 1984 2048 1985
3 1985 2048 2049
3 1985 2049 1986
3 1986 2049 2050
3 1986 2050 1987
3 1987 2050 2051
3 1987 2051 1988
3 1988 2051 2052
3 1988 2052 1989
3 1989 2052 2053
3 1989 2053 1990
3 1990 2053 2054
3 1990 2054 1991
3 1991 2054 2055
3 1991 2055 1992
3 1992 2055 2056
3 1992 2056 1993
3 1993 2056 2057
3 1993 2057 1994
3 1994 2057 2058
3 1994 2058 1995
3 1995 2058 2059
3 1995 2059 1996
3 1996 2059 2060
3 1996 2060 1997
3 1997 2060 2061
3 1997 2061 1998
3 1998 2061 2062
3 1998 2062 1999
3 1999 2062 2063
3 1999 2063 2000
3 2000 2063 2064
3 2000 2064 2001
3 2001 2064 2065
3 2001 2065 2002
3 2002 2065 2066
3 2002 2066 2003
3 2003 2066 2067
3 2003 2067 2004
3 2004 2067 2068
3 2004 2068 2005
3 2005 2068 2069
3 2005 2069 2006
3 2006 2069 2070
3 2006 2070 2007
3 2007 2070 2071
3 2007 2071 2008
3 2008 2071 2072
3 2008 2072 2009
3 2009 2072 2073
3 2009 2073 2010
3 2010 2073 2074
3 2010 2074 2011
3 2011 2074 2075
3 2011 2075 2012
3 2012 2075 2076
3 2012 2076 2013
3 2013 2076 2077
3 2013 2077 2014
3 2014 2077 2078
3 2014 2078 2015
3 2015 2078 2079
3 2015 2079 2016
3 2016 2079 2080
3 2016 2080 2017
3 2017 2080 2081
3 2017 2081 2018
3 2018 2081 2082
3 2018 2082 2019
3 2019 2082 2083
3 2019 2083 2020
3 2020 2083 2084
3 2020 2084 2021
3 2021 2084 2085
3 2021 2085 2022
3 2022 2085 2086
3 2022 2086 2023
3 2023 2086 2087
3 2023 2087 2024
3 2024 2087 2088
3 2024 2088 2025
3 2025 2088 2089
3 2025 2089 2026
3 2026 2089 2090
3 2026 2090 2027
3 2027 2090 2091
3 2027 2091 2028
3 2028 2091 2092
3 2028 2092 2029
3 2029 2092 2093
3 2029 2093 2030
3 2030 2093 2094
3 2030 2094 2031
3 2031 2094 2095
3 2031 2095 2032
3 2032 2095 2096
3 2032 2096 2033
3 2033 2096 2097
3 2033 2097 2034
3 2034 2097 2098
3 2034 2098 2035
3 2035 2098 2099
3 2035 2099 2036
3 2036 2099 2100
3 2036 2100 2037
3 2037 2100 2101
3 2037 2101 2038
3 2038 2101 2102
3 2038 2102 2039
3 2039 2102 2103
3 2039 2103 2040
3 2040 2103 2104
3 2040 2104 2041
3 2041 2104 2105
3 2041 2105 2042
3 2042 2105 2106
3 2042 2106 2043
3 2043 2106 2107
3 2043 2107 2044
3 2044 2107 2108
3 2044 2108 2045
3 2045 2108 2109
3 2045 2109 2046
3 2046 2109 2110
3 2046 2110 2047
3 2047 2110 2111
3 2048 2112 2049
3 2049 2112 2113
3 2049 2113 2050
3 2050 2113 2114
3 2050 2114 2051
3 2051 2114 2115
3 2051 2115 2052
3 2052 2115 2116
3 2052 2116 2053
3 2053 2116 2117
3 2053 2117 2054
3 2054 2117 2118
3 2054 2118 2055
3 2055 2118 2119
3 2055 2119 2056
3 2056 2119 2120
3 2056 2120 2057
3 2057 2120 2121
3 2057 2121 2058
3 2058 2121 2122
3 2058 2122 2059
3 2059 2122 2123
3 2059 2123 2060
3 2060 2123 2124
3 2060 2124 2061
3 2061 2124 2125
3 2061 2125 2062
3 2062 2125 2126
3 2062 2126 2063
3 2063 2126 2127
3 2063 2127 2064
3 2064 2127 2128
3 2064 2128 2065
3 2065 2128 2129
3 2065 2129 2066
3 2066 2129 2130
3 2066 2130 2067
3 2067 2130 2131
3 2067 2131 2068
3 2068 2131 2132
3 2068 2132 2069
3 2069 2132 2133
3 2069 2133 2070
3 2070 2133 2134
3 2070 2134 2071
3 2071 2134 2135
3 2071 2135 2072
3 2072 2135 2136
3 2072 2136 2073
3 2073 2136 2137
3 2073 2137 2074
3 2074 2137 2138
3 2074 2138 2075
3 2075 2138 2139
3 2075 2139 2076
3 2076 2139 2140
3 2076 2140 2077
3 2077 2140 2141
3 2077 2141 2078
3 2078 2141 2142
3 2078 2142 2079
3 2079 2142 2143
3 2079 2143 2080
3 2080 2143 2144
3 2080 2144 2081
3 2081 2144 2145
3 2081 2145 2082
3 2082 2145 2146
3 2082 2146 2083
3 2083 2146 2147
3 2083 2147 2084
3 2084 2147 2148
3 2084 2148 2085
3 2085 2148 2149
3 2085 2149 2086
3 2086 2149 2150
3 2086 2150 2087
3 2087 2150 2151
3 2087 2151 2088
3 2088 2151 2152
3 2088 2152 2089
3 2089 2152 2153
3 2089 2153 2090
3 2090 2153 2154
3 2090 2154 2091
3 2091 2154 2155
3 2091 2155 2092
3 2092 2155 2156
3 2092 2156 2093
3 2093 2156 2157
3 2093 2157 2094
3 2094 2157 2158
3 2094 2158 2095
3 2095 2158 2159
3 2095 2159 2096
3 2096 2159 2160
3 2096 2160 2097
3 2097 2160 2161
3 2097 2161 2098
3 2098 2161 2162
3 2098 2162 2099
3 2099 2162 2163
3 2099 2163 2100
3 2100 2163 2164
3 2100 2164 2101
3 2101 2164 2165
3 2101 2165 2102
3 2102 2165 2166
3 2102 2166 2103
3 2103 2166 2167
3 2103 2167 2104
3 2104 2167 2168
3 2104 2168 2105
3 2105 2168 2169
3 2105 2169 2106
3 2106 2169 2170
3 2106 2170 2107
3 2107 2170 2171
3 2107 2171 2108
3 2108 2171 2172
3 2108 2172 2109
3 2109 2172 2173
3 2109 2173 2110
3 2110 2173 2174
3 2110 2174 2111
3 2111 2174 2175
3 2112 2176 2113
3 2113 2176 2177
3 2113 2177 2114
3 2114 2177 2178
3 2114 2178 2115
3 2115 2178 2179
3 2115 2179 2116
3 2116 2179 2180
3 2116 2180 2117
3 2117 2180 2181
3 2117 2181 2118
3 2118 2181 2182
3 2118 2182 2119
3 2119 2182 2183
3 2119 2183 2120
3 2120 2183 2184
3 2120 2184 2121
3 2121 2184 2185
3 2121 2185 2122
3 2122 2185 2186
3 2122 2186 2123
3 2123 2186 2187
3 2123 2187 2124
3 2124 2187 2188
3 2124 2188 2125
3 2125 2188 2189
3 2125 2189 2126
3 2126 2189 2190
3 2126 2190 2127
3 2127 2190 2191
3 2127 2191 2128
3 2128 2191 2192
3 2128 2192 2129
3 2129 2192 2193
3 2129 2193 2130
3 2130 2193 2194
3 2130 2194 2131
3 2131 2194 2195
3 2131 2195 2132
3 2132 2195 2196
3 2132 2196 2133
3 2133 2196 2197
3 2133 2197 2134
3 2134 2197 2198
3 2134 2198 2135
3 2135 2198 2199
3 2135 2199 2136
3 2136 2199 2200
3 2136 2200 2137
3 2137 2200 2201
3 2137 2201 2138
3 2138 2201 2202
3 2138 2202 2139
3 2139 2202 2203
3 2139 2203 2140
3 2140 2203 2204
3 2140 2204 2141
3 2141 2204 2205
3 2141 2205 2142
3 2142 2205 2206
3 2142 2206 2143
3 2143 2206 2207
3 2143 2207 2144
3 2144 2207 2208
3 2144 2208 2145
3 2145 2208 2209
3 2145 2209 2146
3 2146 2209 2210
3 2146 2210 2147
3 2147 2210 2211
3 2147 2211 2148
3 2148 2211 2212
3 2148 2212 2149
3 2149 2212 2213
3 2149 2213 2150
3 2150 2213 2214
3 2150 2214 2151
3 2151 2214 2215
3 2151 2215 2152
3 2152 2215 2216
3 2152 2216 2153
3 2153 2216 2217
3 2153 2217 2154
3 2154 2217 2218
3 2154 2218 2155
3 2155 2218 2219
3 2155 2219 2156
3 2156 2219 2220
3 2156 2220 2157
3 2157 2220 2221
3 2157 2221 2158
3 2158 2221 2222
3 2158 2222 2159
3 2159 2222 2223
3 2159 2223 2160
3 2160 2223 2224
3 2160 2224 2161
3 2161 2224 2225
3 2161 2225 2162
3 2162 2225 2226
3 2162 2226 2163
3 2163 2226 2227
3 2163 2227 2164
3 2164 2227 2228
3 2164 2228 2165
3 2165 2228 2229
3 2165 2229 2166
3 2166 2229 2230
3 2166 2230 2167
3 2167 2230 2231
3 2167 2231 2168
3 2168 2231 2232
3 2168 2232 2169
3 2169 2232 2233
3 2169 2233 2170
3 2170 2233 2234
3 2170 2234 2171
3 2171 2234 2235
3 2171 2235 2172
3 2172 2235 2236
3 2172 2236 2173
3 2173 2236 2237
3 2173 2237 2174
3 2174 2237 2238
3 2174 2238 2175
3 2175 2238 2239
3 2176 2240 2177
3 2177 2240 2241
3 2177 2241 2178
3 2178 2241 2242
3 2178 2242 2179
3 2179 2242 2243
3 2179 2243 2180
3 2180 2243 2244
3 2180 2244 2181
3 2181 2244 2245
3 2181 2245 2182
3 2182 2245 2246
3 2182 2246 2183
3 2183 2246 2247
3 2183 2247 2184
3 2184 2247 2248
3 2184 2248 2185
3 2185 2248 2249
3 2185 2249 2186
3 2186 2249 2250
3 2186 2250 2187
3 2187 2250 2251
3 2187 2251 2188
3 2188 2251 2252
3 2188 2252 2189
3 2189 2252 2253
3 2189 2253 2190
3 2190 2253 2254
3 2190 2254 2191
3 2191 2254 2255
3 2191 2255 2192
3 2192 2255 2256
3 2192 2256 2193
3 2193 2256 2257
3 2193 2257 2194
3 2194 2257 2258
3 2194 2258 2195
3 2195 2258 2259
3 2195 2259 2196
3 2196 2259 2260
3 2196 2260 2197
3 2197 2260 2261
3 2197 2261 2198
3 2198 2261 2262
3 2198 2262 2199
3 2199 2262 2263
3 2199 2263 2200
3 2200 2263 2264
3 2200 2264 2201
3 2201 2264 2265
3 2201 2265 2202
3 2202 2265 2266
3 2202 2266 2203
3 2203 2266 2267
3 2203 2267 2204
3 2204 2267 2268
3 2204 2268 2205
3 2205 2268 2269
3 2205 2269 2206
3 2206 2269 2270
3 2206 2270 2207
3 2207 2270 2271
3 2207 2271 2208
3 2208 2271 2272
3 2208 2272 2209
3 2209 2272 2273
3 2209 2273 2210
3 2210 2273 2274
3 2210 2274 2211
3 2211 2274 2275
3 2211 2275 2212
3 2212 2275 2276
3 2212 2276 2213
3 2213 2276 2277
3 2213 2277 2214
3 2214 2277 2278
3 2214 2278 2215
3 2215 2278 2279
3 2215 2279 2216
3 2216 2279 2280
3 2216 2280 2217
3 2217 2280 2281
3 2217 2281 2218
3 2218 2281 2282
3 2218 2282 2219
3 2219 2282 2283
3 2219 2283 2220
3 2220 2283 2284
3 2220 2284 2221
3 2221 2284 2285
3 2221 2285 2222
3 2222 2285 2286
3 2222 2286 2223
3 2223 2286 2287
3 2223 2287 2224
3 2224 2287 2288
3 2224 2288 2225
3 2225 2288 2289
3 2225 2289 2226
3 2226 2289 2290
3 2226 2290 2227
3 2227 2290 2291
3 2227 2291 2228
3 2228 2291 2292
3 2228 2292 2229
3 2229 2292 2293
3 2229 2293 2230
3 2230 2293 2294
3 2230 2294 2231
3 2231 2294 2295
3 2231 2295 2232
3 2232 2295 2296
3 2232 2296 2233
3 2233 2296 2297
3 2233 2297 2234
3 2234 2297 2298
3 2234 2298 2235
3 2235 2298 2299
3 2235 2299 2236
3 2236 2299 2300
3 2236 2300 2237
3 2237 2300 2301
3 2237 2301 2238
3 2238 2301 2302
3 2238 2302 2239
3 2239 2302 2303
3 2240 2304 2241
3 2241 2304 2305
3 2241 2305 2242
3 2242 2305 2306
3 2242 2306 2243
3 2243 2306 2307
3 2243 2307 2244
3 2244 2307 2308
3 2244 2308 2245
3 2245 2308 2309
3 2245 2309 2246
3 2246 2309 2310
3 2246 2310 2247
3 2247 2310 2311
3 2247 2311 2248
3 2248 2311 2312
3 2248 2312 2249
3 2249 2312 2313
3 2249 2313 2250
3 2250 2313 2314
3 2250 2314 2251
3 2251 2314 2315
3 2251 2315 2252
3 2252 2315 2316
3 2252 2316 2253
3 2253 2316 2317
3 2253 2317 2254
3 2254 2317 2318
3 2254 2318 2255
3 2255 2318 2319
3 2255 2319 2256
3 2256 2319 2320
3 2256 2320 2257
3 2257 2320 2321
3 2257 2321 2258
3 2258 2321 2322
3 2258 2322 2259
3 2259 2322 2323
3 2259 2323 2260
3 2260 2323 2324
3 2260 2324 2261
3 2261 2324 2325
3 2261 2325 2262
3 2262 2325 2326
3 2262 2326 2263
3 2263 2326 2327
3 2263 2327 2264
3 2264 2327 2328
3 2264 2328 2265
3 2265 2328 2329
3 2265 2329 2266
3 2266 2329 2330
3 2266 2330 2267
3 2267 2330 2331
3 2267 2331 2268
3 2268 2331 2332
3 2268 2332 2269
3 2269 2332 2333
3 2269 2333 2270
3 2270 2333 2334
3 2270 2334 2271
3 2271 2334 2335
3 2271 2335 2272
3 2272 2335 2336
3 2272 2336 2273
3 2273 2336 2337
3 2273 2337 2274
3 2274 2337 2338
3 2274 2338 2275
3 2275 2338 2339
3 2275 2339 2276
3 2276 2339 2340
3 2276 2340 2277
3 2277 2340 2341
3 2277 2341 2278
3 2278 2341 2342
3 2278 2342 2279
3 2279 2342 2343
3 2279 2343 2280
3 2280 2343 2344
3 2280 2344 2281
3 2281 2344 2345
3 2281 2345 2282
3 2282 2345 2346
3 2282 2346 2283
3 2283 2346 2347
3 2283 2347 2284
3 2284 2347 2348
3 2284 2348 2285
3 2285 2348 2349
3 2285 2349 2286
3 2286 2349 2350
3 2286 2350 2287
3 2287 2350 2351
3 2287 2351 2288
3 2288 2351 2352
3 2288 2352 2289
3 2289 2352 2353
3 2289 2353 2290
3 2290 2353 2354
3 2290 2354 2291
3 2291 2354 2355
3 2291 2355 2292
3 2292 2355 2356
3 2292 2356 2293
3 2293 2356 2357
3 2293 2357 2294
3 2294 2357 2358
3 2294 2358 2295
3 2295 2358 2359
3 2295 2359 2296
3 2296 2359 2360
3 2296 2360 2297
3 2297 2360 2361
3 2297 2361 2298
3 2298 2361 2362
3 2298 2362 2299
3 2299 2362 2363
3 2299 2363 2300
3 2300 2363 2364
3 2300 2364 2301
3 2301 2364 2365
3 2301 2365 2302
3 2302 2365 2366
3 2302 2366 2303
3 2303 2366 2367
3 2304 2368 2305
3 2305 2368 2369
3 2305 2369 2306
3 2306 2369 2370
3 2306 2370 2307
3 2307 2370 2371
3 2307 2371 2308
3 2308 2371 2372
3 2308 2372 2309
3 2309 2372 2373
3 2309 2373 2310
3 2310 2373 2374
3 2310 2374 2311
3 2311 2374 2375
3 2311 2375 2312
3 2312 2375 2376
3 2312 2376 2313
3 2313 2376 2377
3 2313 2377 2314
3 2314 2377 2378
3 2314 2378 2315
3 2315 2378 2379
3 2315 2379 2316
3 2316 2379 2380
3 2316 2380 2317
3 2317 2380 2381
3 2317 2381 2318
3 2318 2381 2382
3 2318 2382 2319
3 2319 2382 2383
3 2319 2383 2320
3 2320 2383 2384
3 2320 2384 2321
3 2321 2384 2385
3 2321 2385 2322
3 2322 2385 2386
3 2322 2386 2323
3 2323 2386 2387
3 2323 2387 2324
3 2324 2387 2388
3 2324 2388 2325
3 2325 2388 2389
3 2325 2389 2326
3 2326 2389 2390
3 2326 2390 2327
3 2327 2390 2391
3 2327 2391 2328
3 2328 2391 2392
3 2328 2392 2329
3 2329 2392 2393
3 2329 2393 2330
3 2330 2393 2394
3 2330 2394 2331
3 2331 2394 2395
3 2331 2395 2332
3 2332 2395 2396
3 2332 2396 2333
3 2333 2396 2397
3 2333 2397 2334
3 2334 2397 2398
3 2334 2398 2335
3 2335 2398 2399
3 2335 2399 2336
3 2336 2399 2400
3 2336 2400 2337
3 2337 2400 2401
3 2337 2401 2338
3 2338 2401 2402
3 2338 2402 2339
3 2339 2402 2403
3 2339 2403 2340
3 2340 2403 2404
3 2340 2404 2341
3 2341 2404 2405
3 2341 2405 2342
3 2342 2405 2406
3 2342 2406 2343
3 2343 2406 2407
3 2343 2407 2344
3 2344 2407 2408
3 2344 2408 2345
3 2345 2408 2409
3 2345 2409 2346
3 2346 2409 2410
3 2346 2410 2347
3 2347 2410 2411
3 2347 2411 2348
3 2348 2411 2412
3 2348 2412 2349
3 2349 2412 2413
3 2349 2413 2350
3 2350 2413 2414
3 2350 2414 2351
3 2351 2414 2415
3 2351 2415 2352
3 2352 2415 2416
3 2352 2416 2353
3 2353 2416 2417
3 2353 2417 2354
3 2354 2417 2418
3 2354 2418 2355
3 2355 2418 2419
3 2355 2419 2356
3 2356 2419 2420
3 2356 2420 2357
3 2357 2420 2421
3 2357 2421 2358
3 2358 2421 2422
3 2358 2422 2359
3 2359 2422 2423
3 2359 2423 2360
3 2360 2423 2424
3 2360 2424 2361
3 2361 2424 2425
3 2361 2425 2362
3 2362 2425 2426
3 2362 2426 2363
3 2363 2426 2427
3 2363 2427 2364
3 2364 2427 2428
3 2364 2428 2365
3 2365 2428 2429
3 2365 2429 2366
3 2366 2429 2430
3 2366 2430 2367
3 2367 2430 2431
3 2368 2432 2369
3 2369 2432 2433
3 2369 2433 2370
3 2370 2433 2434
3 2370 2434 2371
3 2371 2434 2435
3 2371 2435 2372
3 2372 2435 2436
3 2372 2436 2373
3 2373 2436 2437
3 2373 2437 2374
3 2374 2437 2438
3 2374 2438 2375
3 2375 2438 2439
3 2375 2439 2376
3 2376 2439 2440
3 2376 2440 2377
3 2377 2440 2441
3 2377 2441 2378
3 2378 2441 2442
3 2378 2442 2379
3 2379 2442 2443
3 2379 2443 2380
3 2380 2443 2444
3 2380 2444 2381
3 2381 2444 2445
3 2381 2445 2382
3 2382 2445 2446
3 2382 2446 2383
3 2383 2446 2447
3 2383 2447 2384
3 2384 2447 2448
3 2384 2448 2385
3 2385 2448 2449
3 2385 2449 2386
3 2386 2449 2450
3 2386 2450 2387
3 2387 2450 2451
3 2387 2451 2388
3 2388 2451 2452
3 2388 2452 2389
3 2389 2452 2453
3 2389 2453 2390
3 2390 2453 2454
3 2390 2454 2391
3 2391 2454 2455
3 2391 2455 2392
3 2392 2455 2456
3 2392 2456 2393
3 2393 2456 2457
3 2393 2457 2394
3 2394 2457 2458
3 2394 2458 2395
3 2395 2458 2459
3 2395 2459 2396
3 2396 2459 2460
3 2396 2460 2397
3 2397 2460 2461
3 2397 2461 2398
3 2398 2461 2462
3 2398 2462 2399
3 2399 2462 2463
3 2399 2463 2400
3 2400 2463 2464
3 2400 2464 2401
3 2401 2464 2465
3 2401 2465 2402
3 2402 2465 2466
3 2402 2466 2403
3 2403 2466 2467
3 2403 2467 2404
3 2404 2467 2468
3 2404 2468 2405
3 2405 2468 2469
3 2405 2469 2406
3 2406 2469 2470
3 2406 2470 2407
3 2407 2470 2471
3 2407 2471 2408
3 2408 2471 2472
3 2408 2472 2409
3 2409 2472 2473
3 2409 2473 2410
3 2410 2473 2474
3 2410 2474 2411
3 2411 2474 2475
3 2411 2475 2412
3 2412 2475 2476
3 2412 2476 2413
3 2413 2476 2477
3 2413 2477 2414
3 2414 2477 2478
3 2414 2478 2415
3 2415 2478 2479
3 2415 2479 2416
3 2416 2479 2480
3 2416 2480 2417
3 2417 2480 2481
3 2417 2481 2418
3 2418 2481 2482
3 2418 2482 2419
3 2419 2482 2483
3 2419 2483 2420
3 2420 2483 2484
3 2420 2484 2421
3 2421 2484 2485
3 2421 2485 2422
3 2422 2485 2486
3 2422 2486 2423
3 2423 2486 2487
3 2423 2487 2424
3 2424 2487 2488
3 2424 2488 2425
3 2425 2488 2489
3 2425 2489 2426
3 2426 2489 2490
3 2426 2490 2427
3 2427 2490 2491
3 2427 2491 2428
3 2428 2491 2492
3 2428 2492 2429
3 2429 2492 2493
3 2429 2493 2430
3 2430 2493 2494
3 2430 2494 2431
3 2431 2494 2495
3 2432 2496 2433
3 2433 2496 2497
3 2433 2497 2434
3 2434 2497 2498
3 2434 2498 2435
3 2435 2498 2499
3 2435 2499 2436
3 2436 2499 2500
3 2436 2500 2437
3 2437 2500 2501
3 2437 2501 2438
3 2438 2501 2502
3 2438 2502 2439
3 2439 2502 2503
3 2439 2503 2440
3 2440 2503 2504
3 2440 2504 2441
3 2441 2504 2505
3 2441 2505 2442
3 2442 2505 2506
3 2442 2506 2443
3 2443 2506 2507
3 2443 2507 2444
3 2444 2507 2508
3 2444 2508 2445
3 2445 2508 2509
3 2445 2509 2446
3 2446 2509 2510
3 2446 2510 2447
3 2447 2510 2511
3 2447 2511 2448
3 2448 2511 2512
3 2448 2512 2449
3 2449 2512 2513
3 2449 2513 2450
3 2450 2513 2514
3 2450 2514 2451
3 2451 2514 2515
3 2451 2515 2452
3 2452 2515 2516
3 2452 2516 2453
3 2453 2516 2517
3 2453 2517 2454
3 2454 2517 2518
3 2454 2518 2455
3 2455 2518 2519
3 2455 2519 2456
3 2456 2519 2520
3 2456 2520 2457
3 2457 2520 2521
3 2457 2521 2458
3 2458 2521 2522
3 2458 2522 2459
3 2459 2522 2523
3 2459 2523 2460
3 2460 2523 2524
3 2460 2524 2461
3 2461 2524 2525
3 2461 2525 2462
3 2462 2525 2526
3 2462 2526 2463
3 2463 2526 2527
3 2463 2527 2464
3 2464 2527 2528
3 2464 2528 2465
3 2465 2528 2529
3 2465 2529 2466
3 2466 2529 2530
3 2466 2530 2467
3 2467 2530 2531
3 2467 2531 2468
3 2468 2531 2532
3 2468 2532 2469
3 2469 2532 2533
3 2469 2533 2470
3 2470 2533 2534
3 2470 2534 2471
3 2471 2534 2535
3 2471 2535 2472
3 2472 2535 2536
3 2472 2536 2473
3 2473 2536 2537
3 2473 2537 2474
3 2474 2537 2538
3 2474 2538 2475
3 2475 2538 2539
3 2475 2539 2476
3 2476 2539 2540
3 2476 2540 2477
3 2477 2540 2541
3 2477 2541 2478
3 2478 2541 2542
3 2478 2542 2479
3 2479 2542 2543
3 2479 2543 2480
3 2480 2543 2544
3 2480 2544 2481
3 2481 2544 2545
3 2481 2545 2482
3 2482 2545 2546
3 2482 2546 2483
3 2483 2546 2547
3 2483 2547 2484
3 2484 2547 2548
3 2484 2548 2485
3 2485 2548 2549
3 2485 2549 2486
3 2486 2549 2550
3 2486 2550 2487
3 2487 2550 2551
3 2487 2551 2488
3 2488 2551 2552
3 2488 2552 2489
3 2489 2552 2553
3 2489 2553 2490
3 2490 2553 2554
3 2490 2554 2491
3 2491 2554 2555
3 2491 2555 2492
3 2492 2555 2556
3 2492 2556 2493
3 2493 2556 2557
3 2493 2557 2494
3 2494 2557 2558
3 2494 2558 2495
3 2495 2558 2559
3 2496 2560 2497
3 2497 2560 2561
3 2497 2561 2498
3 2498 2561 2562
3 2498 2562 2499
3 2499 2562 2563
3 2499 2563 2500
3 2500 2563 2564
3 2500 2564 2501
3 2501 2564 2565
3 2501 2565 2502
3 2502 2565 2566
3 2502 2566 2503
3 2503 2566 2567
3 2503 2567 2504
3 2504 2567 2568
3 2504 2568 2505
3 2505 2568 2569
3 2505 2569 2506
3 2506 2569 2570
3 2506 2570 2507
3 2507 2570 2571
3 2507 2571 2508
3 2508 2571 2572
3 2508 2572 2509
3 2509 2572 2573
3 2509 2573 2510
3 2510 2573 2574
3 2510 2574 2511
3 2511 2574 2575
3 2511 2575 2512
3 2512 2575 2576
3 2512 2576 2513
3 2513 2576 2577
3 2513 2577 2514
3 2514 2577 2578
3 2514 2578 2515
3 2515 2578 2579
3 2515 2579 2516
3 2516 2579 2580
3 2516 2580 2517
3 2517 2580 2581
3 2517 2581 2518
3 2518 2581 2582
3 2518 2582 2519
3 2519 2582 2583
3 2519 2583 2520
3 2520 2583 2584
3 2520 2584 2521
3 2521 2584 2585
3 2521 2585 2522
3 2522 2585 2586
3 2522 2586 2523
3 2523 2586 2587
3 2523 2587 2524
3 2524 2587 2588
3 2524 2588 2525
3 2525 2588 2589
3 2525 2589 2526
3 2526 2589 2590
3 2526 2590 2527
3 2527 2590 2591
3 2527 2591 2528
3 2528 2591 2592
3 2528 2592 2529
3 2529 2592 2593
3 2529 2593 2530
3 2530 2593 2594
3 2530 2594 2531
3 2531 2594 2595
3 2531 2595 2532
3 2532 2595 2596
3 2532 2596 2533
3 2533 2596 2597
3 2533 2597 2534
3 2534 2597 2598
3 2534 2598 2535
3 2535 2598 2599
3 2535 2599 2536
3 2536 2599 2600
3 2536 2600 2537
3 2537 2600 2601
3 2537 2601 2538
3 2538 2601 2602
3 2538 2602 2539
3 2539 2602 2603
3 2539 2603 2540
3 2540 2603 2604
3 2540 2604 2541
3 2541 2604 2605
3 2541 2605 2542
3 2542 2605 2606
3 2542 2606 2543
3 2543 2606 2607
3 2543 2607 2544
3 2544 2607 2608
3 2544 2608 2545
3 2545 2608 2609
3 2545 2609 2546
3 2546 2609 2610
3 2546 2610 2547
3 2547 2610 2611
3 2547 2611 2548
3 2548 2611 2612
3 2548 2612 2549
3 2549 2612 2613
3 2549 2613 2550
3 2550 2613 2614
3 2550 2614 2551
3 2551 2614 2615
3 2551 2615 2552
3 2552 2615 2616
3 2552 2616 2553
3 2553 2616 2617
3 2553 2617 2554
3 2554 2617 2618
3 2554 2618 2555
3 2555 2618 2619
3 2555 2619 2556
3 2556 2619 2620
3 2556 2620 2557
3 2557 2620 2621
3 2557 2621 2558
3 2558 2621 2622
3 2558 2622 2559
3 2559 2622 2623
3 2560 2624 2561
3 2561 2624 2625
3 2561 2625 2562
3 2562 2625 2626
3 2562 2626 2563
3 2563 2626 2627
3 2563 2627 2564
3 2564 2627 2628
3 2564 2628 2565
3 2565 2628 2629
3 2565 2629 2566
3 2566 2629 2630
3 2566 2630 2567
3 2567 2630 2631
3 2567 2631 2568
3 2568 2631 2632
3 2568 2632 2569
3 2569 2632 2633
3 2569 2633 2570
3 2570 2633 2634
3 2570 2634 2571
3 2571 2634 2635
3 2571 2635 2572
3 2572 2635 2636
3 2572 2636 2573
3 2573 2636 2637
3 2573 2637 2574
3 2574 2637 2638
3 2574 2638 2575
3 2575 2638 2639
3 2575 2639 2576
3 2576 2639 2640
3 2576 2640 2577
3 2577 2640 2641
3 2577 2641 2578
3 2578 2641 2642
3 2578 2642 2579
3 2579 2642 2643
3 2579 2643 2580
3 2580 2643 2644
3 2580 2644 2581
3 2581 2644 2645
3 2581 2645 2582
3 2582 2645 2646
3 2582 2646 2583
3 2583 2646 2647
3 2583 2647 2584
3 2584 2647 2648
3 2584 2648 2585
3 2585 2648 2649
3 2585 2649 2586
3 2586 2649 2650
3 2586 2650 2587
3 2587 2650 2651
3 2587 2651 2588
3 2588 2651 2652
3 2588 2652 2589
3 2589 2652 2653
3 2589 2653 2590
3 2590 2653 2654
3 2590 2654 2591
3 2591 2654 2655
3 2591 2655 2592
3 2592 2655 2656
3 2592 2656 2593
3 2593 2656 2657
3 2593 2657 2594
3 2594 2657 2658
3 2594 2658 2595
3 2595 2658 2659
3 2595 2659 2596
3 2596 2659 2660
3 2596 2660 2597
3 2597 2660 2661
3 2597 2661 2598
3 2598 2661 2662
3 2598 2662 2599
3 2599 2662 2663
3 2599 2663 2600
3 2600 2663 2664
3 2600 2664 2601
3 2601 2664 2665
3 2601 2665 2602
3 2602 2665 2666
3 2602 2666 2603
3 2603 2666 2667
3 2603 2667 2604
3 2604 2667 2668
3 2604 2668 2605
3 2605 2668 2669
3 2605 2669 2606
3 2606 2669 2670
3 2606 2670 2607
3 2607 2670 2671
3 2607 2671 2608
3 2608 2671 2672
3 2608 2672 2609
3 2609 2672 2673
3 2609 2673 2610
3 2610 2673 2674
3 2610 2674 2611
3 2611 2674 2675
3 2611 2675 2612
3 2612 2675 2676
3 2612 2676 2613
3 2613 2676 2677
3 2613 2677 2614
3 2614 2677 2678
3 2614 2678 2615
3 2615 2678 2679
3 2615 2679 2616
3 2616 2679 2680
3 2616 2680 2617
3 2617 2680 2681
3 2617 2681 2618
3 2618 2681 2682
3 2618 2682 2619
3 2619 2682 2683
3 2619 2683 2620
3 2620 2683 2684
3 2620 2684 2621
3 2621 2684 2685
3 2621 2685 2622
3 2622 2685 2686
3 2622 2686 2623
3 2623 2686 2687
3 2624 2688 2625
3 2625 2688 2689
3 2625 2689 2626
3 2626 2689 2690
3 2626 2690 2627
3 2627 2690 2691
3 2627 2691 2628
3 2628 2691 2692
3 2628 2692 2629
3 2629 2692 2693
3 2629 2693 2630
3 2630 2693 2694
3 2630 2694 2631
3 2631 2694 2695
3 2631 2695 2632
3 2632 2695 2696
3 2632 2696 2633
3 2633 2696 2697
3 2633 2697 2634
3 2634 2697 2698
3 2634 2698 2635
3 2635 2698 2699
3 2635 2699 2636
3 2636 2699 2700
3 2636 2700 2637
3 2637 2700 2701
3 2637 2701 2638
3 2638 2701 2702
3 2638 2702 2639
3 2639 2702 2703
3 2639 2703 2640
3 2640 2703 2704
3 2640 2704 2641
3 2641 2704 2705
3 2641 2705 2642
3 2642 2705 2706
3 2642 2706 2643
3 2643 2706 2707
3 2643 2707 2644
3 2644 2707 2708
3 2644 2708 2645
3 2645 2708 2709
3 2645 2709 2646
3 2646 2709 2710
3 2646 2710 2647
3 2647 2710 2711
3 2647 2711 2648
3 2648 2711 2712
3 2648 2712 2649
3 2649 2712 2713
3 2649 2713 2650
3 2650 2713 2714
3 2650 2714 2651
3 2651 2714 2715
3 2651 2715 2652
3 2652 2715 2716
3 2652 2716 2653
3 2653 2716 2717
3 2653 2717 2654
3 2654 2717 2718
3 2654 2718 2655
3 2655 2718 2719
3 2655 2719 2656
3 2656 2719 2720
3 2656 2720 2657
3 2657 2720 2721
3 2657 2721 2658
3 2658 2721 2722
3 2658 2722 2659
3 2659 2722 2723
3 2659 2723 2660
3 2660 2723 2724
3 2660 2724 2661
3 2661 2724 2725
3 2661 2725 2662
3 2662 2725 2726
3 2662 2726 2663
3 2663 2726 2727
3 2663 2727 2664
3 2664 2727 2728
3 2664 2728 2665
3 2665 2728 2729
3 2665 2729 2666
3 2666 2729 2730
3 2666 2730 2667
3 2667 2730 2731
3 2667 2731 2668
3 2668 2731 2732
3 2668 2732 2669
3 2669 2732 2733
3 2669 2733 2670
3 2670 2733 2734
3 2670 2734 2671
3 2671 2734 2735
3 2671 2735 2672
3 2672 2735 2736
3 2672 2736 2673
3 2673 2736 2737
3 2673 2737 2674
3 2674 2737 2738
3 2674 2738 2675
3 2675 2738 2739
3 2675 2739 2676
3 2676 2739 2740
3 2676 2740 2677
3 2677 2740 2741
3 2677 2741 2678
3 2678 2741 2742
3 2678 2742 2679
3 2679 2742 2743
3 2679 2743 2680
3 2680 2743 2744
3 2680 2744 2681
3 2681 2744 2745
3 2681 2745 2682
3 2682 2745 2746
3 2682 2746 2683
3 2683 2746 2747
3 2683 2747 2684
3 2684 2747 2748
3 2684 2748 2685
3 2685 2748 2749
3 2685 2749 2686
3 2686 2749 2750
3 2686 2750 2687
3 2687 2750 2751
3 2688 2752 2689
3 2689 2752 2753
3 2689 2753 2690
3 2690 2753 2754
3 2690 2754 2691
3 2691 2754 2755
3 2691 2755 2692
3 2692 2755 2756
3 2692 2756 2693
3 2693 2756 2757
3 2693 2757 2694
3 2694 2757 2758
3 2694 2758 2695
3 2695 2758 2759
3 2695 2759 2696
3 2696 2759 2760
3 2696 2760 2697
3 2697 2760 2761
3 2697 2761 2698
3 2698 2761 2762
3 2698 2762 2699
3 2699 2762 2763
3 2699 2763 2700
3 2700 2763 2764
3 2700 2764 2701
3 2701 2764 2765
3 2701 2765 2702
3 2702 2765 2766
3 2702 2766 2703
3 2703 2766 2767
3 2703 2767 2704
3 2704 2767 2768
3 2704 2768 2705
3 2705 2768 2769
3 2705 2769 2706
3 2706 2769 2770
3 2706 2770 2707
3 2707 2770 2771
3 2707 2771 2708
3 2708 2771 2772
3 2708 2772 2709
3 2709 2772 2773
3 2709 2773 2710
3 2710 2773 2774
3 2710 2774 2711
3 2711 2774 2775
3 2711 2775 2712
3 2712 2775 2776
3 2712 2776 2713
3 2713 2776 2777
3 2713 2777 2714
3 2714 2777 2778
3 2714 2778 2715
3 2715 2778 2779
3 2715 2779 2716
3 2716 2779 2780
3 2716 2780 2717
3 2717 2780 2781
3 2717 2781 2718
3 2718 2781 2782
3 2718 2782 2719
3 2719 2782 2783
3 2719 2783 2720
3 2720 2783 2784
3 2720 2784 2721
3 2721 2784 2785
3 2721 2785 2722
3 2722 2785 2786
3 2722 2786 2723
3 2723 2786 2787
3 2723 2787 2724
3 2724 2787 2788
3 2724 2788 2725
3 2725 2788 2789
3 2725 2789 2726
3 2726 2789 2790
3 2726 2790 2727
3 2727 2790 2791
3 2727 2791 2728
3 2728 2791 2792
3 2728 2792 2729
3 2729 2792 2793
3 2729 2793 2730
3 2730 2793 2794
3 2730 2794 2731
3 2731 2794 2795
3 2731 2795 2732
3 2732 2795 2796
3 2732 2796 2733
3 2733 2796 2797
3 2733 2797 2734
3 2734 2797 2798
3 2734 2798 2735
3 2735 2798 2799
3 2735 2799 2736
3 2736 2799 2800
3 2736 2800 2737
3 2737 2800 2801
3 2737 2801 2738
3 2738 2801 2802
3 2738 2802 2739
3 2739 2802 2803
3 2739 2803 2740
3 2740 2803 2804
3 2740 2804 2741
3 2741 2804 2805
3 2741 2805 2742
3 2742 2805 2806
3 2742 2806 2743
3 2743 2806 2807
3 2743 2807 2744
3 2744 2807 2808
3 2744 2808 2745
3 2745 2808 2809
3 2745 2809 2746
3 2746 2809 2810
3 2746 2810 2747
3 2747 2810 2811
3 2747 2811 2748
3 2748 2811 2812
3 2748 2812 2749
3 2749 2812 2813
3 2749 2813 2750
3 2750 2813 2814
3 2750 2814 2751
3 2751 2814 2815
3 2752 2816 2753
3 2753 2816 2817
3 2753 2817 2754
3 2754 2817 2818
3 2754 2818 2755
3 2755 2818 2819
3 2755 2819 2756
3 2756 2819 2820
3 2756 2820 2757
3 2757 2820 2821
3 2757 2821 2758
3 2758 2821 2822
3 2758 2822 2759
3 2759 2822 2823
3 2759 2823 2760
3 2760 2823 2824
3 2760 2824 2761
3 2761 2824 2825
3 2761 2825 2762
3 2762 2825 2826
3 2762 2826 2763
3 2763 2826 2827
3 2763 2827 2764
3 2764 2827 2828
3 2764 2828 2765
3 2765 2828 2829
3 2765 2829 2766
3 2766 2829 2830
3 2766 2830 2767
3 2767 2830 2831
3 2767 2831 2768
3 2768 2831 2832
3 2768 2832 2769
3 2769 2832 2833
3 2769 2833 2770
3 2770 2833 2834
3 2770 2834 2771
3 2771 2834 2835
3 2771 2835 2772
3 2772 2835 2836
3 2772 2836 2773
3 2773 2836 2837
3 2773 2837 2774
3 2774 2837 2838
3 2774 2838 2775
3 2775 2838 2839
3 2775 2839 2776
3 2776 2839 2840
3 2776 2840 2777
3 2777 2840 2841
3 2777 2841 2778
3 2778 2841 2842
3 2778 2842 2779
3 2779 2842 2843
3 2779 2843 2780
3 2780 2843 2844
3 2780 2844 2781
3 2781 2844 2845
3 2781 2845 2782
3 2782 2845 2846
3 2782 2846 2783
3 2783 2846 2847
3 2783 2847 2784
3 2784 2847 2848
3 2784 2848 2785
3 2785 2848 2849
3 2785 2849 2786
3 2786 2849 2850
3 2786 2850 2787
3 2787 2850 2851
3 2787 2851 2788
3 2788 2851 2852
3 2788 2852 2789
3 2789 2852 2853
3 2789 2853 2790
3 2790 2853 2854
3 2790 2854 2791
3 2791 2854 2855
3 2791 2855 2792
3 2792 2855 2856
3 2792 2856 2793
3 2793 2856 2857
3 2793 2857 2794
3 2794 2857 2858
3 2794 2858 2795
3 2795 2858 2859
3 2795 2859 2796
3 2796 2859 2860
3 2796 2860 2797
3 2797 2860 2861
3 2797 2861 2798
3 2798 2861 2862
3 2798 2862 2799
3 2799 2862 2863
3 2799 2863 2800
3 2800 2863 2864
3 2800 2864 2801
3 2801 2864 2865
3 2801 2865 2802
3 2802 2865 2866
3 2802 2866 2803
3 2803 2866 2867
3 2803 2867 2804
3 2804 2867 2868
3 2804 2868 2805
3 2805 2868 2869
3 2805 2869 2806
3 2806 2869 2870
3 2806 2870 2807
3 2807 2870 2871
3 2807 2871 2808
3 2808 2871 2872
3 2808 2872 2809
3 2809 2872 2873
3 2809 2873 2810
3 2810 2873 2874
3 2810 2874 2811
3 2811 2874 2875
3 2811 2875 2812
3 2812 2875 2876
3 2812 2876 2813
3 2813 2876 2877
3 2813 2877 2814
3 2814 2877 2878
3 2814 2878 2815
3 2815 2878 2879
3 2816 2880 2817
3 2817 2880 2881
3 2817 2881 2818
3 2818 2881 2882
3 2818 2882 2819
3 2819 2882 2883
3 2819 2883 2820
3 2820 2883 2884
3 2820 2884 2821
3 2821 2884 2885
3 2821 2885 2822
3 2822 2885 2886
3 2822 2886 2823
3 2823 2886 2887
3 2823 2887 2824
3 2824 2887 2888
3 2824 2888 2825
3 2825 2888 2889
3 2825 2889 2826
3 2826 2889 2890
3 2826 2890 2827
3 2827 2890 2891
3 2827 2891 2828
3 2828 2891 2892
3 2828 2892 2829
3 2829 2892 2893
3 2829 2893 2830
3 2830 2893 2894
3 2830 2894 2831
3 2831 2894 2895
3 2831 2895 2832
3 2832 2895 2896
3 2832 2896 2833
3 2833 2896 2897
3 2833 2897 2834
3 2834 2897 2898
3 2834 2898 2835
3 2835 2898 2899
3 2835 2899 2836
3 2836 2899 2900
3 2836 2900 2837
3 2837 2900 2901
3 2837 2901 2838
3 2838 2901 2902
3 2838 2902 2839
3 2839 2902 2903
3 2839 2903 2840
3 2840 2903 2904
3 2840 2904 2841
3 2841 2904 2905
3 2841 2905 2842
3 2842 2905 2906
3 2842 2906 2843
3 2843 2906 2907
3 2843 2907 2844
3 2844 2907 2908
3 2844 2908 2845
3 2845 2908 2909
3 2845 2909 2846
3 2846 2909 2910
3 2846 2910 2847
3 2847 2910 2911
3 2847 2911 2848
3 2848 2911 2912
3 2848 2912 2849
3 2849 2912 2913
3 2849 2913 2850
3 2850 2913 2914
3 2850 2914 2851
3 2851 2914 2915
3 2851 2915 2852
3 2852 2915 2916
3 2852 2916 2853
3 2853 2916 2917
3 2853 2917 2854
3 2854 2917 2918
3 2854 2918 2855
3 2855 2918 2919
3 2855 2919 2856
3 2856 2919 2920
3 2856 2920 2857
3 2857 2920 2921
3 2857 2921 2858
3 2858 2921 2922
3 2858 2922 2859
3 2859 2922 2923
3 2859 2923 2860
3 2860 2923 2924
3 2860 2924 2861
3 2861 2924 2925
3 2861 2925 2862
3 2862 2925 2926
3 2862 2926 2863
3 2863 2926 2927
3 2863 2927 2864
3 2864 2927 2928
3 2864 2928 2865
3 2865 2928 2929
3 2865 2929 2866
3 2866 2929 2930
3 2866 2930 2867
3 2867 2930 2931
3 2867 2931 2868
3 2868 2931 2932
3 2868 2932 2869
3 2869 2932 2933
3 2869 2933 2870
3 2870 2933 2934
3 2870 2934 2871
3 2871 2934 2935
3 2871 2935 2872
3 2872 2935 2936
3 2872 2936 2873
3 2873 2936 2937
3 2873 2937 2874
3 2874 2937 2938
3 2874 2938 2875
3 2875 2938 2939
3 2875 2939 2876
3 2876 2939 2940
3 2876 2940 2877
3 2877 2940 2941
3 2877 2941 2878
3 2878 2941 2942
3 2878 2942 2879
3 2879 2942 2943
3 2880 2944 2881
3 2881 2944 2945
3 2881 2945 2882
3 2882 2945 2946
3 2882 2946 2883
3 2883 2946 2947
3 2883 2947 2884
3 2884 2947 2948
3 2884 2948 2885
3 2885 2948 2949
3 2885 2949 2886
3 2886 2949 2950
3 2886 2950 2887
3 2887 2950 2951
3 2887 2951 2888
3 2888 2951 2952
3 2888 2952 2889
3 2889 2952 2953
3 2889 2953 2890
3 2890 2953 2954
3 2890 2954 2891
3 2891 2954 2955
3 2891 2955 2892
3 2892 2955 2956
3 2892 2956 2893
3 2893 2956 2957
3 2893 2957 2894
3 2894 2957 2958
3 2894 2958 2895
3 2895 2958 2959
3 2895 2959 2896
3 2896 2959 2960
3 2896 2960 2897
3 2897 2960 2961
3 2897 2961 2898
3 2898 2961 2962
3 2898 2962 2899
3 2899 2962 2963
3 2899 2963 2900
3 2900 2963 2964
3 2900 2964 2901
3 2901 2964 2965
3 2901 2965 2902
3 2902 2965 2966
3 2902 2966 2903
3 2903 2966 2967
3 2903 2967 2904
3 2904 2967 2968
3 2904 2968 2905
3 2905 2968 2969
3 2905 2969 2906
3 2906 2969 2970
3 2906 2970 2907
3 2907 2970 2971
3 2907 2971 2908
3 2908 2971 2972
3 2908 2972 2909
3 2909 2972 2973
3 2909 2973 2910
3 2910 2973 2974
3 2910 2974 2911
3 2911 2974 2975
3 2911 2975 2912
3 2912 2975 2976
3 2912 2976 2913
3 2913 2976 2977
3 2913 2977 2914
3 2914 2977 2978
3 2914 2978 2915
3 2915 2978 2979
3 2915 2979 2916
3 2916 2979 2980
3 2916 2980 2917
3 2917 2980 2981
3 2917 2981 2918
3 2918 2981 2982
3 2918 2982 2919
3 2919 2982 2983
3 2919 2983 2920
3 2920 2983 2984
3 2920 2984 2921
3 2921 2984 2985
3 2921 2985 2922
3 2922 2985 2986
3 2922 2986 2923
3 2923 2986 2987
3 2923 2987 2924
3 2924 2987 2988
3 2924 2988 2925
3 2925 2988 2989
3 2925 2989 2926
3 2926 2989 2990
3 2926 2990 2927
3 2927 2990 2991
3 2927 2991 2928
3 2928 2991 2992
3 2928 2992 2929
3 2929 2992 2993
3 2929 2993 2930
3 2930 2993 2994
3 2930 2994 2931
3 2931 2994 2995
3 2931 2995 2932
3 2932 2995 2996
3 2932 2996 2933
3 2933 2996 2997
3 2933 2997 2934
3 2934 2997 2998
3 2934 2998 2935
3 2935 2998 2999
3 2935 2999 2936
3 2936 2999 3000
3 2936 3000 2937
3 2937 3000 3001
3 2937 3001 2938
3 2938 3001 3002
3 2938 3002 2939
3 2939 3002 3003
3 2939 3003 2940
3 2940 3003 3004
3 2940 3004 2941
3 2941 3004 3005
3 2941 3005 2942
3 2942 3005 3006
3 2942 3006 2943
3 2943 3006 3007
3 2944 3008 2945
3 2945 3008 3009
3 2945 3009 2946
3 2946 3009 3010
3 2946 3010 2947
3 2947 3010 3011
3 2947 3011 2948
3 2948 3011 3012
3 2948 3012 2949
3 2949 3012 3013
3 2949 3013 2950
3 2950 3013 3014
3 2950 3014 2951
3 2951 3014 3015
3 2951 3015 2952
3 2952 3015 3016
3 2952 3016 2953
3 2953 3016 3017
3 2953 3017 2954
3 2954 3017 3018
3 2954 3018 2955
3 2955 3018 3019
3 2955 3019 2956
3 2956 3019 3020
3 2956 3020 2957
3 2957 3020 3021
3 2957 3021 2958
3 2958 3021 3022
3 2958 3022 2959
3 2959 3022 3023
3 2959 3023 2960
3 2960 3023 3024
3 2960 3024 2961
3 2961 3024 3025
3 2961 3025 2962
3 2962 3025 3026
3 2962 3026 2963
3 2963 3026 3027
3 2963 3027 2964
3 2964 3027 3028
3 2964 3028 2965
3 2965 3028 3029
3 2965 3029 2966
3 2966 3029 3030
3 2966 3030 2967
3 2967 3030 3031
3 2967 3031 2968
3 2968 3031 3032
3 2968 3032 2969
3 2969 3032 3033
3 2969 3033 2970
3 2970 3033 3034
3 2970 3034 2971
3 2971 3034 3035
3 2971 3035 2972
3 2972 3035 3036
3 2972 3036 2973
3 2973 3036 3037
3 2973 3037 2974
3 2974 3037 3038
3 2974 3038 2975
3 2975 3038 3039
3 2975 3039 2976
3 2976 3039 3040
3 2976 3040 2977
3 2977 3040 3041
3 2977 3041 2978
3 2978 3041 3042
3 2978 3042 2979
3 2979 3042 3043
3 2979 3043 2980
3 2980 3043 3044
3 2980 3044 2981
3 2981 3044 3045
3 2981 3045 2982
3 2982 3045 3046
3 2982 3046 2983
3 2983 3046 3047
3 2983 3047 2984
3 2984 3047 3048
3 2984 3048 2985
3 2985 3048 3049
3 2985 3049 2986
3 2986 3049 3050
3 2986 3050 2987
3 2987 3050 3051
3 2987 3051 2988
3 2988 3051 3052
3 2988 3052 2989
3 2989 3052 3053
3 2989 3053 2990
3 2990 3053 3054
3 2990 3054 2991
3 2991 3054 3055
3 2991 3055 2992
3 2992 3055 3056
3 2992 3056 2993
3 2993 3056 3057
3 2993 3057 2994
3 2994 3057 3058
3 2994 3058 2995
3 2995 3058 3059
3 2995 3059 2996
3 2996 3059 3060
3 2996 3060 2997
3 2997 3060 3061
3 2997 3061 2998
3 2998 3061 3062
3 2998 3062 2999
3 2999 3062 3063
3 2999 3063 3000
3 3000 3063 3064
3 3000 3064 3001
3 3001 3064 3065
3 3001 3065 3002
3 3002 3065 3066
3 3002 3066 3003
3 3003 3066 3067
3 3003 3067 3004
3 3004 3067 3068
3 3004 3068 3005
3 3005 3068 3069
3 3005 3069 3006
3 3006 3069 3070
3 3006 3070 3007
3 3007 3070 3071
3 3008 3072 3009
3 3009 3072 3073
3 3009 3073 3010
3 3010 3073 3074
3 3010 3074 3011
3 3011 3074 3075
3 3011 3075 3012
3 3012 3075 3076
3 3012 3076 3013
3 3013 3076 3077
3 3013 3077 3014
3 3014 3077 3078
3 3014 3078 3015
3 3015 3078 3079
3 3015 3079 3016
3 3016 3079 3080
3 3016 3080 3017
3 3017 3080 3081
3 3017 3081 3018
3 3018 3081 3082
3 3018 3082 3019
3 3019 3082 3083
3 3019 3083 3020
3 3020 3083 3084
3 3020 3084 3021
3 3021 3084 3085
3 3021 3085 3022
3 3022 3085 3086
3 3022 3086 3023
3 3023 3086 3087
3 3023 3087 3024
3 3024 3087 3088
3 3024 3088 3025
3 3025 3088 3089
3 3025 3089 3026
3 3026 3089 3090
3 3026 3090 3027
3 3027 3090 3091
3 3027 3091 3028
3 3028 3091 3092
3 3028 3092 3029
3 3029 3092 3093
3 3029 3093 3030
3 3030 3093 3094
3 3030 3094 3031
3 3031 3094 3095
3 3031 3095 3032
3 3032 3095 3096
3 3032 3096 3033
3 3033 3096 3097
3 3033 3097 3034
3 3034 3097 3098
3 3034 3098 3035
3 3035 3098 3099
3 3035 3099 3036
3 3036 3099 3100
3 3036 3100 3037
3 3037 3100 3101
3 3037 3101 3038
3 3038 3101 3102
3 3038 3102 3039
3 3039 3102 3103
3 3039 3103 3040
3 3040 3103 3104
3 3040 3104 3041
3 3041 3104 3105
3 3041 3105 3042
3 3042 3105 3106
3 3042 3106 3043
3 3043 3106 3107
3 3043 3107 3044
3 3044 3107 3108
3 3044 3108 3045
3 3045 3108 3109
3 3045 3109 3046
3 3046 3109 3110
3 3046 3110 3047
3 3047 3110 3111
3 3047 3111 3048
3 3048 3111 3112
3 3048 3112 3049
3 3049 3112 3113
3 3049 3113 3050
3 3050 3113 3114
3 3050 3114 3051
3 3051 3114 3115
3 3051 3115 3052
3 3052 3115 3116
3 3052 3116 3053
3 3053 3116 3117
3 3053 3117 3054
3 3054 3117 3118
3 3054 3118 3055
3 3055 3118 3119
3 3055 3119 3056
3 3056 3119 3120
3 3056 3120 3057
3 3057 3120 3121
3 3057 3121 3058
3 3058 3121 3122
3 3058 3122 3059
3 3059 3122 3123
3 3059 3123 3060
3 3060 3123 3124
3 3060 3124 3061
3 3061 3124 3125
3 3061 3125 3062
3 3062 3125 3126
3 3062 3126 3063
3 3063 3126 3127
3 3063 3127 3064
3 3064 3127 3128
3 3064 3128 3065
3 3065 3128 3129
3 3065 3129 3066
3 3066 3129 3130
3 3066 3130 3067
3 3067 3130 3131
3 3067 3131 3068
3 3068 3131 3132
3 3068 3132 3069
3 3069 3132 3133
3 3069 3133 3070
3 3070 3133 3134
3 3070 3134 3071
3 3071 3134 3135
3 3072 3136 3073
3 3073 3136 3137
3 3073 3137 3074
3 3074 3137 3138
3 3074 3138 3075
3 3075 3138 3139
3 3075 3139 3076
3 3076 3139 3140
3 3076 3140 3077
3 3077 3140 3141
3 3077 3141 3078
3 3078 3141 3142
3 3078 3142 3079
3 3079 3142 3143
3 3079 3143 3080
3 3080 3143 3144
3 3080 3144 3081
3 3081 3144 3145
3 3081 3145 3082
3 3082 3145 3146
3 3082 3146 3083
3 3083 3146 3147
3 3083 3147 3084
3 3084 3147 3148
3 3084 3148 3085
3 3085 3148 3149
3 3085 3149 3086
3 3086 3149 3150
3 3086 3150 3087
3 3087 3150 3151
3 3087 3151 3088
3 3088 3151 3152
3 3088 3152 3089
3 3089 3152 3153
3 3089 3153 3090
3 3090 3153 3154
3 3090 3154 3091
3 3091 3154 3155
3 3091 3155 3092
3 3092 3155 3156
3 3092 3156 3093
3 3093 3156 3157
3 3093 3157 3094
3 3094 3157 3158
3 3094 3158 3095
3 3095 3158 3159
3 3095 3159 3096
3 3096 3159 3160
3 3096 3160 3097
3 3097 3160 3161
3 3097 3161 3098
3 3098 3161 3162
3 3098 3162 3099
3 3099 3162 3163
3 3099 3163 3100
3 3100 3163 3164
3 3100 3164 3101
3 3101 3164 3165
3 3101 3165 3102
3 3102 3165 3166
3 3102 3166 3103
3 3103 3166 3167
3 3103 3167 3104
3 3104 3167 3168
3 3104 3168 3105
3 3105 3168 3169
3 3105 3169 3106
3 3106 3169 3170
3 3106 3170 3107
3 3107 3170 3171
3 3107 3171 3108
3 3108 3171 3172
3 3108 3172 3109
3 3109 3172 3173
3 3109 3173 3110
3 3110 3173 3174
3 3110 3174 3111
3 3111 3174 3175
3 3111 3175 3112
3 3112 3175 3176
3 3112 3176 3113
3 3113 3176 3177
3 3113 3177 3114
3 3114 3177 3178
3 3114 3178 3115
3 3115 3178 3179
3 3115 3179 3116
3 3116 3179 3180
3 3116 3180 3117
3 3117 3180 3181
3 3117 3181 3118
3 3118 3181 3182
3 3118 3182 3119
3 3119 3182 3183
3 3119 3183 3120
3 3120 3183 3184
3 3120 3184 3121
3 3121 3184 3185
3 3121 3185 3122
3 3122 3185 3186
3 3122 3186 3123
3 3123 3186 3187
3 3123 3187 3124
3 3124 3187 3188
3 3124 3188 3125
3 3125 3188 3189
3 3125 3189 3126
3 3126 3189 3190
3 3126 3190 3127
3 3127 3190 3191
3 3127 3191 3128
3 3128 3191 3192
3 3128 3192 3129
3 3129 3192 3193
3 3129 3193 3130
3 3130 3193 3194
3 3130 3194 3131
3 3131 3194 3195
3 3131 3195 3132
3 3132 3195 3196
3 3132 3196 3133
3 3133 3196 3197
3 3133 3197 3134
3 3134 3197 3198
3 3134 3198 3135
3 3135 3198 3199
3 3136 3200 3137
3 3137 3200 3201
3 3137 3201 3138
3 3138 3201 3202
3 3138 3202 3139
3 3139 3202 3203
3 3139 3203 3140
3 3140 3203 3204
3 3140 3204 3141
3 3141 3204 3205
3 3141 3205 3142
3 3142 3205 3206
3 3142 3206 3143
3 3143 3206 3207
3 3143 3207 3144
3 3144 3207 3208
3 3144 3208 3145
3 3145 3208 3209
3 3145 3209 3146
3 3146 3209 3210
3 3146 3210 3147
3 3147 3210 3211
3 3147 3211 3148
3 3148 3211 3212
3 3148 3212 3149
3 3149 3212 3213
3 3149 3213 3150
3 3150 3213 3214
3 3150 3214 3151
3 3151 3214 3215
3 3151 3215 3152
3 3152 3215 3216
3 3152 3216 3153
3 3153 3216 3217
3 3153 3217 3154
3 3154 3217 3218
3 3154 3218 3155
3 3155 3218 3219
3 3155 3219 3156
3 3156 3219 3220
3 3156 3220 3157
3 3157 3220 3221
3 3157 3221 3158
3 3158 3221 3222
3 3158 3222 3159
3 3159 3222 3223
3 3159 3223 3160
3 3160 3223 3224
3 3160 3224 3161
3 3161 3224 3225
3 3161 3225 3162
3 3162 3225 3226
3 3162 3226 3163
3 3163 3226 3227
3 3163 3227 3164
3 3164 3227 3228
3 3164 3228 3165
3 3165 3228 3229
3 3165 3229 3166
3 3166 3229 3230
3 3166 3230 3167
3 3167 3230 3231
3 3167 3231 3168
3 3168 3231 3232
3 3168 3232 3169
3 3169 3232 3233
3 3169 3233 3170
3 3170 3233 3234
3 3170 3234 3171
3 3171 3234 3235
3 3171 3235 3172
3 3172 3235 3236
3 3172 3236 3173
3 3173 3236 3237
3 3173 3237 3174
3 3174 3237 3238
3 3174 3238 3175
3 3175 3238 3239
3 3175 3239 3176
3 3176 3239 3240
3 3176 3240 3177
3 3177 3240 3241
3 3177 3241 3178
3 3178 3241 3242
3 3178 3242 3179
3 3179 3242 3243
3 3179 3243 3180
3 3180 3243 3244
3 3180 3244 3181
3 3181 3244 3245
3 3181 3245 3182
3 3182 3245 3246
3 3182 3246 3183
3 3183 3246 3247
3 3183 3247 3184
3 3184 3247 3248
3 3184 3248 3185
3 3185 3248 3249
3 3185 3249 3186
3 3186 3249 3250
3 3186 3250 3187
3 3187 3250 3251
3 3187 3251 3188
3 3188 3251 3252
3 3188 3252 3189
3 3189 3252 3253
3 3189 3253 3190
3 3190 3253 3254
3 3190 3254 3191
3 3191 3254 3255
3 3191 3255 3192
3 3192 3255 3256
3 3192 3256 3193
3 3193 3256 3257
3 3193 3257 3194
3 3194 3257 3258
3 3194 3258 3195
3 3195 3258 3259
3 3195 3259 3196
3 3196 3259 3260
3 3196 3260 3197
3 3197 3260 3261
3 3197 3261 3198
3 3198 3261 3262
3 3198 3262 3199
3 3199 3262 3263
3 3200 3264 3201
3 3201 3264 3265
3 3201 3265 3202
3 3202 3265 3266
3 3202 3266 3203
3 3203 3266 3267
3 3203 3267 3204
3 3204 3267 3268
3 3204 3268 3205
3 3205 3268 3269
3 3205 3269 3206
3 3206 3269 3270
3 3206 3270 3207
3 3207 3270 3271
3 3207 3271 3208
3 3208 3271 3272
3 3208 3272 3209
3 3209 3272 3273
3 3209 3273 3210
3 3210 3273 3274
3 3210 3274 3211
3 3211 3274 3275
3 3211 3275 3212
3 3212 3275 3276
3 3212 3276 3213
3 3213 3276 3277
3 3213 3277 3214
3 3214 3277 3278
3 3214 3278 3215
3 3215 3278 3279
3 3215 3279 3216
3 3216 3279 3280
3 3216 3280 3217
3 3217 3280 3281
3 3217 3281 3218
3 3218 3281 3282
3 3218 3282 3219
3 3219 3282 3283
3 3219 3283 3220
3 3220 3283 3284
3 3220 3284 3221
3 3221 3284 3285
3 3221 3285 3222
3 3222 3285 3286
3 3222 3286 3223
3 3223 3286 3287
3 3223 3287 3224
3 3224 3287 3288
3 3224 3288 3225
3 3225 3288 3289
3 3225 3289 3226
3 3226 3289 3290
3 3226 3290 3227
3 3227 3290 3291
3 3227 3291 3228
3 3228 3291 3292
3 3228 3292 3229
3 3229 3292 3293
3 3229 3293 3230
3 3230 3293 3294
3 3230 3294 3231
3 3231 3294 3295
3 3231 3295 3232
3 3232 3295 3296
3 3232 3296 3233
3 3233 3296 3297
3 3233 3297 3234
3 3234 3297 3298
3 3234 3298 3235
3 3235 3298 3299
3 3235 3299 3236
3 3236 3299 3300
3 3236 3300 3237
3 3237 3300 3301
3 3237 3301 3238
3 3238 3301 3302
3 3238 3302 3239
3 3239 3302 3303
3 3239 3303 3240
3 3240 3303 3304
3 3240 3304 3241
3 3241 3304 3305
3 3241 3305 3242
3 3242 3305 3306
3 3242 3306 3243
3 3243 3306 3307
3 3243 3307 3244
3 3244 3307 3308
3 3244 3308 3245
3 3245 3308 3309
3 3245 3309 3246
3 3246 3309 3310
3 3246 3310 3247
3 3247 3310 3311
3 3247 3311 3248
3 3248 3311 3312
3 3248 3312 3249
3 3249 3312 3313
3 3249 3313 3250
3 3250 3313 3314
3 3250 3314 3251
3 3251 3314 3315
3 3251 3315 3252
3 3252 3315 3316
3 3252 3316 3253
3 3253 3316 3317
3 3253 3317 3254
3 3254 3317 3318
3 3254 3318 3255
3 3255 3318 3319
3 3255 3319 3256
3 3256 3319 3320
3 3256 3320 3257
3 3257 3320 3321
3 3257 3321 3258
3 3258 3321 3322
3 3258 3322 3259
3 3259 3322 3323
3 3259 3323 3260
3 3260 3323 3324
3 3260 3324 3261
3 3261 3324 3325
3 3261 3325 3262
3 3262 3325 3326
3 3262 3326 3263
3 3263 3326 3327
3 3264 3328 3265
3 3265 3328 3329
3 3265 3329 3266
3 3266 3329 3330
3 3266 3330 3267
3 3267 3330 3331
3 3267 3331 3268
3 3268 3331 3332
3 3268 3332 3269
3 3269 3332 3333
3 3269 3333 3270
3 3270 3333 3334
3 3270 3334 3271
3 3271 3334 3335
3 3271 3335 3272
3 3272 3335 3336
3 3272 3336 3273
3 3273 3336 3337
3 3273 3337 3274
3 3274 3337 3338
3 3274 3338 3275
3 3275 3338 3339
3 3275 3339 3276
3 3276 3339 3340
3 3276 3340 3277
3 3277 3340 3341
3 3277 3341 3278
3 3278 3341 3342
3 3278 3342 3279
3 3279 3342 3343
3 3279 3343 3280
3 3280 3343 3344
3 3280 3344 3281
3 3281 3344 3345
3 3281 3345 3282
3 3282 3345 3346
3 3282 3346 3283
3 3283 3346 3347
3 3283 3347 3284
3 3284 3347 3348
3 3284 3348 3285
3 3285 3348 3349
3 3285 3349 3286
3 3286 3349 3350
3 3286 3350 3287
3 3287 3350 3351
3 3287 3351 3288
3 3288 3351 3352
3 3288 3352 3289
3 3289 3352 3353
3 3289 3353 3290
3 3290 3353 3354
3 3290 3354 3291
3 3291 3354 3355
3 3291 3355 3292
3 3292 3355 3356
3 3292 3356 3293
3 3293 3356 3357
3 3293 3357 3294
3 3294 3357 3358
3 3294 3358 3295
3 3295 3358 3359
3 3295 3359 3296
3 3296 3359 3360
3 3296 3360 3297
3 3297 3360 3361
3 3297 3361 3298
3 3298 3361 3362
3 3298 3362 3299
3 3299 3362 3363
3 3299 3363 3300
3 3300 3363 3364
3 3300 3364 3301
3 3301 3364 3365
3 3301 3365 3302
3 3302 3365 3366
3 3302 3366 3303
3 3303 3366 3367
3 3303 3367 3304
3 3304 3367 3368
3 3304 3368 3305
3 3305 3368 3369
3 3305 3369 3306
3 3306 3369 3370
3 3306 3370 3307
3 3307 3370 3371
3 3307 3371 3308
3 3308 3371 3372
3 3308 3372 3309
3 3309 3372 3373
3 3309 3373 3310
3 3310 3373 3374
3 3310 3374 3311
3 3311 3374 3375
3 3311 3375 3312
3 3312 3375 3376
3 3312 3376 3313
3 3313 3376 3377
3 3313 3377 3314
3 3314 3377 3378
3 3314 3378 3315
3 3315 3378 3379
3 3315 3379 3316
3 3316 3379 3380
3 3316 3380 3317
3 3317 3380 3381
3 3317 3381 3318
3 3318 3381 3382
3 3318 3382 3319
3 3319 3382 3383
3 3319 3383 3320
3 3320 3383 3384
3 3320 3384 3321
3 3321 3384 3385
3 3321 3385 3322
3 3322 3385 3386
3 3322 3386 3323
3 3323 3386 3387
3 3323 3387 3324
3 3324 3387 3388
3 3324 3388 3325
3 3325 3388 3389
3 3325 3389 3326
3 3326 3389 3390
3 3326 3390 3327
3 3327 3390 3391
3 3328 3392 3329
3 3329 3392 3393
3 3329 3393 3330
3 3330 3393 3394
3 3330 3394 3331
3 3331 3394 3395
3 3331 3395 3332
3 3332 3395 3396
3 3332 3396 3333
3 3333 3396 3397
3 3333 3397 3334
3 3334 3397 3398
3 3334 3398 3335
3 3335 3398 3399
3 3335 3399 3336
3 3336 3399 3400
3 3336 3400 3337
3 3337 3400 3401
3 3337 3401 3338
3 3338 3401 3402
3 3338 3402 3339
3 3339 3402 3403
3 3339 3403 3340
3 3340 3403 3404
3 3340 3404 3341
3 3341 3404 3405
3 3341 3405 3342
3 3342 3405 3406
3 3342 3406 3343
3 3343 3406 3407
3 3343 3407 3344
3 3344 3407 3408
3 3344 3408 3345
3 3345 3408 3409
3 3345 3409 3346
3 3346 3409 3410
3 3346 3410 3347
3 3347 3410 3411
3 3347 3411 3348
3 3348 3411 3412
3 3348 3412 3349
3 3349 3412 3413
3 3349 3413 3350
3 3350 3413 3414
3 3350 3414 3351
3 3351 3414 3415
3 3351 3415 3352
3 3352 3415 3416
3 3352 3416 3353
3 3353 3416 3417
3 3353 3417 3354
3 3354 3417 3418
3 3354 3418 3355
3 3355 3418 3419
3 3355 3419 3356
3 3356 3419 3420
3 3356 3420 3357
3 3357 3420 3421
3 3357 3421 3358
3 3358 3421 3422
3 3358 3422 3359
3 3359 3422 3423
3 3359 3423 3360
3 3360 3423 3424
3 3360 3424 3361
3 3361 3424 3425
3 3361 3425 3362
3 3362 3425 3426
3 3362 3426 3363
3 3363 3426 3427
3 3363 3427 3364
3 3364 3427 3428
3 3364 3428 3365
3 3365 3428 3429
3 3365 3429 3366
3 3366 3429 3430
3 3366 3430 3367
3 3367 3430 3431
3 3367 3431 3368
3 3368 3431 3432
3 3368 3432 3369
3 3369 3432 3433
3 3369 3433 3370
3 3370 3433 3434
3 3370 3434 3371
3 3371 3434 3435
3 3371 3435 3372
3 3372 3435 3436
3 3372 3436 3373
3 3373 3436 3437
3 3373 3437 3374
3 3374 3437 3438
3 3374 3438 3375
3 3375 3438 3439
3 3375 3439 3376
3 3376 3439 3440
3 3376 3440 3377
3 3377 3440 3441
3 3377 3441 3378
3 3378 3441 3442
3 3378 3442 3379
3 3379 3442 3443
3 3379 3443 3380
3 3380 3443 3444
3 3380 3444 3381
3 3381 3444 3445
3 3381 3445 3382
3 3382 3445 3446
3 3382 3446 3383
3 3383 3446 3447
3 3383 3447 3384
3 3384 3447 3448
3 3384 3448 3385
3 3385 3448 3449
3 3385 3449 3386
3 3386 3449 3450
3 3386 3450 3387
3 3387 3450 3451
3 3387 3451 3388
3 3388 3451 3452
3 3388 3452 3389
3 3389 3452 3453
3 3389 3453 3390
3 3390 3453 3454
3 3390 3454 3391
3 3391 3454 3455
3 3392 3456 3393
3 3393 3456 3457
3 3393 3457 3394
3 3394 3457 3458
3 3394 3458 3395
3 3395 3458 3459
3 3395 3459 3396
3 3396 3459 3460
3 3396 3460 3397
3 3397 3460 3461
3 3397 3461 3398
3 3398 3461 3462
3 3398 3462 3399
3 3399 3462 3463
3 3399 3463 3400
3 3400 3463 3464
3 3400 3464 3401
3 3401 3464 3465
3 3401 3465 3402
3 3402 3465 3466
3 3402 3466 3403
3 3403 3466 3467
3 3403 3467 3404
3 3404 3467 3468
3 3404 3468 3405
3 3405 3468 3469
3 3405 3469 3406
3 3406 3469 3470
3 3406 3470 3407
3 3407 3470 3471
3 3407 3471 3408
3 3408 3471 3472
3 3408 3472 3409
3 3409 3472 3473
3 3409 3473 3410
3 3410 3473 3474
3 3410 3474 3411
3 3411 3474 3475
3 3411 3475 3412
3 3412 3475 3476
3 3412 3476 3413
3 3413 3476 3477
3 3413 3477 3414
3 3414 3477 3478
3 3414 3478 3415
3 3415 3478 3479
3 3415 3479 3416
3 3416 3479 3480
3 3416 3480 3417
3 3417 3480 3481
3 3417 3481 3418
3 3418 3481 3482
3 3418 3482 3419
3 3419 3482 3483
3 3419 3483 3420
3 3420 3483 3484
3 3420 3484 3421
3 3421 3484 3485
3 3421 3485 3422
3 3422 3485 3486
3 3422 3486 3423
3 3423 3486 3487
3 3423 3487 3424
3 3424 3487 3488
3 3424 3488 3425
3 3425 3488 3489
3 3425 3489 3426
3 3426 3489 3490
3 3426 3490 3427
3 3427 3490 3491
3 3427 3491 3428
3 3428 3491 3492
3 3428 3492 3429
3 3429 3492 3493
3 3429 3493 3430
3 3430 3493 3494
3 3430 3494 3431
3 3431 3494 3495
3 3431 3495 3432
3 3432 3495 3496
3 3432 3496 3433
3 3433 3496 3497
3 3433 3497 3434
3 3434 3497 3498
3 3434 3498 3435
3 3435 3498 3499
3 3435 3499 3436
3 3436 3499 3500
3 3436 3500 3437
3 3437 3500 3501
3 3437 3501 3438
3 3438 3501 3502
3 3438 3502 3439
3 3439 3502 3503
3 3439 3503 3440
3 3440 3503 3504
3 3440 3504 3441
3 3441 3504 3505
3 3441 3505 3442
3 3442 3505 3506
3 3442 3506 3443
3 3443 3506 3507
3 3443 3507 3444
3 3444 3507 3508
3 3444 3508 3445
3 3445 3508 3509
3 3445 3509 3446
3 3446 3509 3510
3 3446 3510 3447
3 3447 3510 3511
3 3447 3511 3448
3 3448 3511 3512
3 3448 3512 3449
3 3449 3512 3513
3 3449 3513 3450
3 3450 3513 3514
3 3450 3514 3451
3 3451 3514 3515
3 3451 3515 3452
3 3452 3515 3516
3 3452 3516 3453
3 3453 3516 3517
3 3453 3517 3454
3 3454 3517 3518
3 3454 3518 3455
3 3455 3518 3519
3 3456 3520 3457
3 3457 3520 3521
3 3457 3521 3458
3 3458 3521 3522
3 3458 3522 3459
3 3459 3522 3523
3 3459 3523 3460
3 3460 3523 3524
3 3460 3524 3461
3 3461 3524 3525
3 3461 3525 3462
3 3462 3525 3526
3 3462 3526 3463
3 3463 3526 3527
3 3463 3527 3464
3 3464 3527 3528
3 3464 3528 3465
3 3465 3528 3529
3 3465 3529 3466
3 3466 3529 3530
3 3466 3530 3467
3 3467 3530 3531
3 3467 3531 3468
3 3468 3531 3532
3 3468 3532 3469
3 3469 3532 3533
3 3469 3533 3470
3 3470 3533 3534
3 3470 3534 3471
3 3471 3534 3535
3 3471 3535 3472
3 3472 3535 3536
3 3472 3536 3473
3 3473 3536 3537
3 3473 3537 3474
3 3474 3537 3538
3 3474 3538 3475
3 3475 3538 3539
3 3475 3539 3476
3 3476 3539 3540
3 3476 3540 3477
3 3477 3540 3541
3 3477 3541 3478
3 3478 3541 3542
3 3478 3542 3479
3 3479 3542 3543
3 3479 3543 3480
3 3480 3543 3544
3 3480 3544 3481
3 3481 3544 3545
3 3481 3545 3482
3 3482 3545 3546
3 3482 3546 3483
3 3483 3546 3547
3 3483 3547 3484
3 3484 3547 3548
3 3484 3548 3485
3 3485 3548 3549
3 3485 3549 3486
3 3486 3549 3550
3 3486 3550 3487
3 3487 3550 3551
3 3487 3551 3488
3 3488 3551 3552
3 3488 3552 3489
3 3489 3552 3553
3 3489 3553 3490
3 3490 3553 3554
3 3490 3554 3491
3 3491 3554 3555
3 3491 3555 3492
3 3492 3555 3556
3 3492 3556 3493
3 3493 3556 3557
3 3493 3557 3494
3 3494 3557 3558
3 3494 3558 3495
3 3495 3558 3559
3 3495 3559 3496
3 3496 3559 3560
3 3496 3560 3497
3 3497 3560 3561
3 3497 3561 3498
3 3498 3561 3562
3 3498 3562 3499
3 3499 3562 3563
3 3499 3563 3500
3 3500 3563 3564
3 3500 3564 3501
3 3501 3564 3565
3 3501 3565 3502
3 3502 3565 3566
3 3502 3566 3503
3 3503 3566 3567
3 3503 3567 3504
3 3504 3567 3568
3 3504 3568 3505
3 3505 3568 3569
3 3505 3569 3506
3 3506 3569 3570
3 3506 3570 3507
3 3507 3570 3571
3 3507 3571 3508
3 3508 3571 3572
3 3508 3572 3509
3 3509 3572 3573
3 3509 3573 3510
3 3510 3573 3574
3 3510 3574 3511
3 3511 3574 3575
3 3511 3575 3512
3 3512 3575 3576
3 3512 3576 3513
3 3513 3576 3577
3 3513 3577 3514
3 3514 3577 3578
3 3514 3578 3515
3 3515 3578 3579
3 3515 3579 3516
3 3516 3579 3580
3 3516 3580 3517
3 3517 3580 3581
3 3517 3581 3518
3 3518 3581 3582
3 3518 3582 3519
3 3519 3582 3583
3 3520 3584 3521
3 3521 3584 3585
3 3521 3585 3522
3 3522 3585 3586
3 3522 3586 3523
3 3523 3586 3587
3 3523 3587 3524
3 3524 3587 3588
3 3524 3588 3525
3 3525 3588 3589
3 3525 3589 3526
3 3526 3589 3590
3 3526 3590 3527
3 3527 3590 3591
3 3527 3591 3528
3 3528 3591 3592
3 3528 3592 3529
3 3529 3592 3593
3 3529 3593 3530
3 3530 3593 3594
3 3530 3594 3531
3 3531 3594 3595
3 3531 3595 3532
3 3532 3595 3596
3 3532 3596 3533
3 3533 3596 3597
3 3533 3597 3534
3 3534 3597 3598
3 3534 3598 3535
3 3535 3598 3599
3 3535 3599 3536
3 3536 3599 3600
3 3536 3600 3537
3 3537 3600 3601
3 3537 3601 3538
3 3538 3601 3602
3 3538 3602 3539
3 3539 3602 3603
3 3539 3603 3540
3 3540 3603 3604
3 3540 3604 3541
3 3541 3604 3605
3 3541 3605 3542
3 3542 3605 3606
3 3542 3606 3543
3 3543 3606 3607
3 3543 3607 3544
3 3544 3607 3608
3 3544 3608 3545
3 3545 3608 3609
3 3545 3609 3546
3 3546 3609 3610
3 3546 3610 3547
3 3547 3610 3611
3 3547 3611 3548
3 3548 3611 3612
3 3548 3612 3549
3 3549 3612 3613
3 3549 3613 3550
3 3550 3613 3614
3 3550 3614 3551
3 3551 3614 3615
3 3551 3615 3552
3 3552 3615 3616
3 3552 3616 3553
3 3553 3616 3617
3 3553 3617 3554
3 3554 3617 3618
3 3554 3618 3555
3 3555 3618 3619
3 3555 3619 3556
3 3556 3619 3620
3 3556 3620 3557
3 3557 3620 3621
3 3557 3621 3558
3 3558 3621 3622
3 3558 3622 3559
3 3559 3622 3623
3 3559 3623 3560
3 3560 3623 3624
3 3560 3624 3561
3 3561 3624 3625
3 3561 3625 3562
3 3562 3625 3626
3 3562 3626 3563
3 3563 3626 3627
3 3563 3627 3564
3 3564 3627 3628
3 3564 3628 3565
3 3565 3628 3629
3 3565 3629 3566
3 3566 3629 3630
3 3566 3630 3567
3 3567 3630 3631
3 3567 3631 3568
3 3568 3631 3632
3 3568 3632 3569
3 3569 3632 3633
3 3569 3633 3570
3 3570 3633 3634
3 3570 3634 3571
3 3571 3634 3635
3 3571 3635 3572
3 3572 3635 3636
3 3572 3636 3573
3 3573 3636 3637
3 3573 3637 3574
3 3574 3637 3638
3 3574 3638 3575
3 3575 3638 3639
3 3575 3639 3576
3 3576 3639 3640
3 3576 3640 3577
3 3577 3640 3641
3 3577 3641 3578
3 3578 3641 3642
3 3578 3642 3579
3 3579 3642 3643
3 3579 3643 3580
3 3580 3643 3644
3 3580 3644 3581
3 3581 3644 3645
3 3581 3645 3582
3 3582 3645 3646
3 3582 3646 3583
3 3583 3646 3647
3 3584 3648 3585
3 3585 3648 3649
3 3585 3649 3586
3 3586 3649 3650
3 3586 3650 3587
3 3587 3650 3651
3 3587 3651 3588
3 3588 3651 3652
3 3588 3652 3589
3 3589 3652 3653
3 3589 3653 3590
3 3590 3653 3654
3 3590 3654 3591
3 3591 3654 3655
3 3591 3655 3592
3 3592 3655 3656
3 3592 3656 3593
3 3593 3656 3657
3 3593 3657 3594
3 3594 3657 3658
3 3594 3658 3595
3 3595 3658 3659
3 3595 3659 3596
3 3596 3659 3660
3 3596 3660 3597
3 3597 3660 3661
3 3597 3661 3598
3 3598 3661 3662
3 3598 3662 3599
3 3599 3662 3663
3 3599 3663 3600
3 3600 3663 3664
3 3600 3664 3601
3 3601 3664 3665
3 3601 3665 3602
3 3602 3665 3666
3 3602 3666 3603
3 3603 3666 3667
3 3603 3667 3604
3 3604 3667 3668
3 3604 3668 3605
3 3605 3668 3669
3 3605 3669 3606
3 3606 3669 3670
3 3606 3670 3607
3 3607 3670 3671
3 3607 3671 3608
3 3608 3671 3672
3 3608 3672 3609
3 3609 3672 3673
3 3609 3673 3610
3 3610 3673 3674
3 3610 3674 3611
3 3611 3674 3675
3 3611 3675 3612
3 3612 3675 3676
3 3612 3676 3613
3 3613 3676 3677
3 3613 3677 3614
3 3614 3677 3678
3 3614 3678 3615
3 3615 3678 3679
3 3615 3679 3616
3 3616 3679 3680
3 3616 3680 3617
3 3617 3680 3681
3 3617 3681 3618
3 3618 3681 3682
3 3618 3682 3619
3 3619 3682 3683
3 3619 3683 3620
3 3620 3683 3684
3 3620 3684 3621
3 3621 3684 3685
3 3621 3685 3622
3 3622 3685 3686
3 3622 3686 3623
3 3623 3686 3687
3 3623 3687 3624
3 3624 3687 3688
3 3624 3688 3625
3 3625 3688 3689
3 3625 3689 3626
3 3626 3689 3690
3 3626 3690 3627
3 3627 3690 3691
3 3627 3691 3628
3 3628 3691 3692
3 3628 3692 3629
3 3629 3692 3693
3 3629 3693 3630
3 3630 3693 3694
3 3630 3694 3631
3 3631 3694 3695
3 3631 3695 3632
3 3632 3695 3696
3 3632 3696 3633
3 3633 3696 3697
3 3633 3697 3634
3 3634 3697 3698
3 3634 3698 3635
3 3635 3698 3699
3 3635 3699 3636
3 3636 3699 3700
3 3636 3700 3637
3 3637 3700 3701
3 3637 3701 3638
3 3638 3701 3702
3 3638 3702 3639
3 3639 3702 3703
3 3639 3703 3640
3 3640 3703 3704
3 3640 3704 3641
3 3641 3704 3705
3 3641 3705 3642
3 3642 3705 3706
3 3642 3706 3643
3 3643 3706 3707
3 3643 3707 3644
3 3644 3707 3708
3 3644 3708 3645
3 3645 3708 3709
3 3645 3709 3646
3 3646 3709 3710
3 3646 3710 3647
3 3647 3710 3711
3 3648 3712 3649
3 3649 3712 3713
3 3649 3713 3650
3 3650 3713 3714
3 3650 3714 3651
3 3651 3714 3715
3 3651 3715 3652
3 3652 3715 3716
3 3652 3716 3653
3 3653 3716 3717
3 3653 3717 3654
3 3654 3717 3718
3 3654 3718 3655
3 3655 3718 3719
3 3655 3719 3656
3 3656 3719 3720
3 3656 3720 3657
3 3657 3720 3721
3 3657 3721 3658
3 3658 3721 3722
3 3658 3722 3659
3 3659 3722 3723
3 3659 3723 3660
3 3660 3723 3724
3 3660 3724 3661
3 3661 3724 3725
3 3661 3725 3662
3 3662 3725 3726
3 3662 3726 3663
3 3663 3726 3727
3 3663 3727 3664
3 3664 3727 3728
3 3664 3728 3665
3 3665 3728 3729
3 3665 3729 3666
3 3666 3729 3730
3 3666 3730 3667
3 3667 3730 3731
3 3667 3731 3668
3 3668 3731 3732
3 3668 3732 3669
3 3669 3732 3733
3 3669 3733 3670
3 3670 3733 3734
3 3670 3734 3671
3 3671 3734 3735
3 3671 3735 3672
3 3672 3735 3736
3 3672 3736 3673
3 3673 3736 3737
3 3673 3737 3674
3 3674 3737 3738
3 3674 3738 3675
3 3675 3738 3739
3 3675 3739 3676
3 3676 3739 3740
3 3676 3740 3677
3 3677 3740 3741
3 3677 3741 3678
3 3678 3741 3742
3 3678 3742 3679
3 3679 3742 3743
3 3679 3743 3680
3 3680 3743 3744
3 3680 3744 3681
3 3681 3744 3745
3 3681 3745 3682
3 3682 3745 3746
3 3682 3746 3683
3 3683 3746 3747
3 3683 3747 3684
3 3684 3747 3748
3 3684 3748 3685
3 3685 3748 3749
3 3685 3749 3686
3 3686 3749 3750
3 3686 3750 3687
3 3687 3750 3751
3 3687 3751 3688
3 3688 3751 3752
3 3688 3752 3689
3 3689 3752 3753
3 3689 3753 3690
3 3690 3753 3754
3 3690 3754 3691
3 3691 3754 3755
3 3691 3755 3692
3 3692 3755 3756
3 3692 3756 3693
3 3693 3756 3757
3 3693 3757 3694
3 3694 3757 3758
3 3694 3758 3695
3 3695 3758 3759
3 3695 3759 3696
3 3696 3759 3760
3 3696 3760 3697
3 3697 3760 3761
3 3697 3761 3698
3 3698 3761 3762
3 3698 3762 3699
3 3699 3762 3763
3 3699 3763 3700
3 3700 3763 3764
3 3700 3764 3701
3 3701 3764 3765
3 3701 3765 3702
3 3702 3765 3766
3 3702 3766 3703
3 3703 3766 3767
3 3703 3767 3704
3 3704 3767 3768
3 3704 3768 3705
3 3705 3768 3769
3 3705 3769 3706
3 3706 3769 3770
3 3706 3770 3707
3 3707 3770 3771
3 3707 3771 3708
3 3708 3771 3772
3 3708 3772 3709
3 3709 3772 3773
3 3709 3773 3710
3 3710 3773 3774
3 3710 3774 3711
3 3711 3774 3775
3 3712 3776 3713
3 3713 3776 3777
3 3713 3777 3714
3 3714 3777 3778
3 3714 3778 3715
3 3715 3778 3779
3 3715 3779 3716
3 3716 3779 3780
3 3716 3780 3717
3 3717 3780 3781
3 3717 3781 3718
3 3718 3781 3782
3 3718 3782 3719
3 3719 3782 3783
3 3719 3783 3720
3 3720 3783 3784
3 3720 3784 3721
3 3721 3784 3785
3 3721 3785 3722
3 3722 3785 3786
3 3722 3786 3723
3 3723 3786 3787
3 3723 3787 3724
3 3724 3787 3788
3 3724 3788 3725
3 3725 3788 3789
3 3725 3789 3726
3 3726 3789 3790
3 3726 3790 3727
3 3727 3790 3791
3 3727 3791 3728
3 3728 3791 3792
3 3728 3792 3729
3 3729 3792 3793
3 3729 3793 3730
3 3730 3793 3794
3 3730 3794 3731
3 3731 3794 3795
3 3731 3795 3732
3 3732 3795 3796
3 3732 3796 3733
3 3733 3796 3797
3 3733 3797 3734
3 3734 3797 3798
3 3734 3798 3735
3 3735 3798 3799
3 3735 3799 3736
3 3736 3799 3800
3 3736 3800 3737
3 3737 3800 3801
3 3737 3801 3738
3 3738 3801 3802
3 3738 3802 3739
3 3739 3802 3803
3 3739 3803 3740
3 3740 3803 3804
3 3740 3804 3741
3 3741 3804 3805
3 3741 3805 3742
3 3742 3805 3806
3 3742 3806 3743
3 3743 3806 3807
3 3743 3807 3744
3 3744 3807 3808
3 3744 3808 3745
3 3745 3808 3809
3 3745 3809 3746
3 3746 3809 3810
3 3746 3810 3747
3 3747 3810 3811
3 3747 3811 3748
3 3748 3811 3812
3 3748 3812 3749
3 3749 3812 3813
3 3749 3813 3750
3 3750 3813 3814
3 3750 3814 3751
3 3751 3814 3815
3 3751 3815 3752
3 3752 3815 3816
3 3752 3816 3753
3 3753 3816 3817
3 3753 3817 3754
3 3754 3817 3818
3 3754 3818 3755
3 3755 3818 3819
3 3755 3819 3756
3 3756 3819 3820
3 3756 3820 3757
3 3757 3820 3821
3 3757 3821 3758
3 3758 3821 3822
3 3758 3822 3759
3 3759 3822 3823
3 3759 3823 3760
3 3760 3823 3824
3 3760 3824 3761
3 3761 3824 3825
3 3761 3825 3762
3 3762 3825 3826
3 3762 3826 3763
3 3763 3826 3827
3 3763 3827 3764
3 3764 3827 3828
3 3764 3828 3765
3 3765 3828 3829
3 3765 3829 3766
3 3766 3829 3830
3 3766 3830 3767
3 3767 3830 3831
3 3767 3831 3768
3 3768 3831 3832
3 3768 3832 3769
3 3769 3832 3833
3 3769 3833 3770
3 3770 3833 3834
3 3770 3834 3771
3 3771 3834 3835
3 3771 3835 3772
3 3772 3835 3836
3 3772 3836 3773
3 3773 3836 3837
3 3773 3837 3774
3 3774 3837 3838
3 3774 3838 3775
3 3775 3838 3839
3 3776 3840 3777
3 3777 3840 3841
3 3777 3841 3778
3 3778 3841 3842
3 3778 3842 3779
3 3779 3842 3843
3 3779 3843 3780
3 3780 3843 3844
3 3780 3844 3781
3 3781 3844 3845
3 3781 3845 3782
3 3782 3845 3846
3 3782 3846 3783
3 3783 3846 3847
3 3783 3847 3784
3 3784 3847 3848
3 3784 3848 3785
3 3785 3848 3849
3 3785 3849 3786
3 3786 3849 3850
3 3786 3850 3787
3 3787 3850 3851
3 3787 3851 3788
3 3788 3851 3852
3 3788 3852 3789
3 3789 3852 3853
3 3789 3853 3790
3 3790 3853 3854
3 3790 3854 3791
3 3791 3854 3855
3 3791 3855 3792
3 3792 3855 3856
3 3792 3856 3793
3 3793 3856 3857
3 3793 3857 3794
3 3794 3857 3858
3 3794 3858 3795
3 3795 3858 3859
3 3795 3859 3796
3 3796 3859 3860
3 3796 3860 3797
3 3797 3860 3861
3 3797 3861 3798
3 3798 3861 3862
3 3798 3862 3799
3 3799 3862 3863
3 3799 3863 3800
3 3800 3863 3864
3 3800 3864 3801
3 3801 3864 3865
3 3801 3865 3802
3 3802 3865 3866
3 3802 3866 3803
3 3803 3866 3867
3 3803 3867 3804
3 3804 3867 3868
3 3804 3868 3805
3 3805 3868 3869
3 3805 3869 3806
3 3806 3869 3870
3 3806 3870 3807
3 3807 3870 3871
3 3807 3871 3808
3 3808 3871 3872
3 3808 3872 3809
3 3809 3872 3873
3 3809 3873 3810
3 3810 3873 3874
3 3810 3874 3811
3 3811 3874 3875
3 3811 3875 3812
3 3812 3875 3876
3 3812 3876 3813
3 3813 3876 3877
3 3813 3877 3814
3 3814 3877 3878
3 3814 3878 3815
3 3815 3878 3879
3 3815 3879 3816
3 3816 3879 3880
3 3816 3880 3817
3 3817 3880 3881
3 3817 3881 3818
3 3818 3881 3882
3 3818 3882 3819
3 3819 3882 3883
3 3819 3883 3820
3 3820 3883 3884
3 3820 3884 3821
3 3821 3884 3885
3 3821 3885 3822
3 3822 3885 3886
3 3822 3886 3823
3 3823 3886 3887
3 3823 3887 3824
3 3824 3887 3888
3 3824 3888 3825
3 3825 3888 3889
3 3825 3889 3826
3 3826 3889 3890
3 3826 3890 3827
3 3827 3890 3891
3 3827 3891 3828
3 3828 3891 3892
3 3828 3892 3829
3 3829 3892 3893
3 3829 3893 3830
3 3830 3893 3894
3 3830 3894 3831
3 3831 3894 3895
3 3831 3895 3832
3 3832 3895 3896
3 3832 3896 3833
3 3833 3896 3897
3 3833 3897 3834
3 3834 3897 3898
3 3834 3898 3835
3 3835 3898 3899
3 3835 3899 3836
3 3836 3899 3900
3 3836 3900 3837
3 3837 3900 3901
3 3837 3901 3838
3 3838 3901 3902
3 3838 3902 3839
3 3839 3902 3903
3 3840 3904 3841
3 3841 3904 3905
3 3841 3905 3842
3 3842 3905 3906
3 3842 3906 3843
3 3843 3906 3907
3 3843 3907 3844
3 3844 3907 3908
3 3844 3908 3845
3 3845 3908 3909
3 3845 3909 3846
3 3846 3909 3910
3 3846 3910 3847
3 3847 3910 3911
3 3847 3911 3848
3 3848 3911 3912
3 3848 3912 3849
3 3849 3912 3913
3 3849 3913 3850
3 3850 3913 3914
3 3850 3914 3851
3 3851 3914 3915
3 3851 3915 3852
3 3852 3915 3916
3 3852 3916 3853
3 3853 3916 3917
3 3853 3917 3854
3 3854 3917 3918
3 3854 3918 3855
3 3855 3918 3919
3 3855 3919 3856
3 3856 3919 3920
3 3856 3920 3857
3 3857 3920 3921
3 3857 3921 3858
3 3858 3921 3922
3 3858 3922 3859
3 3859 3922 3923
3 3859 3923 3860
3 3860 3923 3924
3 3860 3924 3861
3 3861 3924 3925
3 3861 3925 3862
3 3862 3925 3926
3 3862 3926 3863
3 3863 3926 3927
3 3863 3927 3864
3 3864 3927 3928
3 3864 3928 3865
3 3865 3928 3929
3 3865 3929 3866
3 3866 3929 3930
3 3866 3930 3867
3 3867 3930 3931
3 3867 3931 3868
3 3868 3931 3932
3 3868 3932 3869
3 3869 3932 3933
3 3869 3933 3870
3 3870 3933 3934
3 3870 3934 3871
3 3871 3934 3935
3 3871 3935 3872
3 3872 3935 3936
3 3872 3936 3873
3 3873 3936 3937
3 3873 3937 3874
3 3874 3937 3938
3 3874 3938 3875
3 3875 3938 3939
3 3875 3939 3876
3 3876 3939 3940
3 3876 3940 3877
3 3877 3940 3941
3 3877 3941 3878
3 3878 3941 3942
3 3878 3942 3879
3 3879 3942 3943
3 3879 3943 3880
3 3880 3943 3944
3 3880 3944 3881
3 3881 3944 3945
3 3881 3945 3882
3 3882 3945 3946
3 3882 3946 3883
3 3883 3946 3947
3 3883 3947 3884
3 3884 3947 3948
3 3884 3948 3885
3 3885 3948 3949
3 3885 3949 3886
3 3886 3949 3950
3 3886 3950 3887
3 3887 3950 3951
3 3887 3951 3888
3 3888 3951 3952
3 3888 3952 3889
3 3889 3952 3953
3 3889 3953 3890
3 3890 3953 3954
3 3890 3954 3891
3 3891 3954 3955
3 3891 3955 3892
3 3892 3955 3956
3 3892 3956 3893
3 3893 3956 3957
3 3893 3957 3894
3 3894 3957 3958
3 3894 3958 3895
3 3895 3958 3959
3 3895 3959 3896
3 3896 3959 3960
3 3896 3960 3897
3 3897 3960 3961
3 3897 3961 3898
3 3898 3961 3962
3 3898 3962 3899
3 3899 3962 3963
3 3899 3963 3900
3 3900 3963 3964
3 3900 3964 3901
3 3901 3964 3965
3 3901 3965 3902
3 3902 3965 3966
3 3902 3966 3903
3 3903 3966 3967
3 3904 3968 3905
3 3905 3968 3969
3 3905 3969 3906
3 3906 3969 3970
3 3906 3970 3907
3 3907 3970 3971
3 3907 3971 3908
3 3908 3971 3972
3 3908 3972 3909
3 3909 3972 3973
3 3909 3973 3910
3 3910 3973 3974
3 3910 3974 3911
3 3911 3974 3975
3 3911 3975 3912
3 3912 3975 3976
3 3912 3976 3913
3 3913 3976 3977
3 3913 3977 3914
3 3914 3977 3978
3 3914 3978 3915
3 3915 3978 3979
3 3915 3979 3916
3 3916 3979 3980
3 3916 3980 3917
3 3917 3980 3981
3 3917 3981 3918
3 3918 3981 3982
3 3918 3982 3919
3 3919 3982 3983
3 3919 3983 3920
3 3920 3983 3984
3 3920 3984 3921
3 3921 3984 3985
3 3921 3985 3922
3 3922 3985 3986
3 3922 3986 3923
3 3923 3986 3987
3 3923 3987 3924
3 3924 3987 3988
3 3924 3988 3925
3 3925 3988 3989
3 3925 3989 3926
3 3926 3989 3990
3 3926 3990 3927
3 3927 3990 3991
3 3927 3991 3928
3 3928 3991 3992
3 3928 3992 3929
3 3929 3992 3993
3 3929 3993 3930
3 3930 3993 3994
3 3930 3994 3931
3 3931 3994 3995
3 3931 3995 3932
3 3932 3995 3996
3 3932 3996 3933
3 3933 3996 3997
3 3933 3997 3934
3 3934 3997 3998
3 3934 3998 3935
3 3935 3998 3999
3 3935 3999 3936
3 3936 3999 4000
3 3936 4000 3937
3 3937 4000 4001
3 3937 4001 3938
3 3938 4001 4002
3 3938 4002 3939
3 3939 4002 4003
3 3939 4003 3940
3 3940 4003 4004
3 3940 4004 3941
3 3941 4004 4005
3 3941 4005 3942
3 3942 4005 4006
3 3942 4006 3943
3 3943 4006 4007
3 3943 4007 3944
3 3944 4007 4008
3 3944 4008 3945
3 3945 4008 4009
3 3945 4009 3946
3 3946 4009 4010
3 3946 4010 3947
3 3947 4010 4011
3 3947 4011 3948
3 3948 4011 4012
3 3948 4012 3949
3 3949 4012 4013
3 3949 4013 3950
3 3950 4013 4014
3 3950 4014 3951
3 3951 4014 4015
3 3951 4015 3952
3 3952 4015 4016
3 3952 4016 3953
3 3953 4016 4017
3 3953 4017 3954
3 3954 4017 4018
3 3954 4018 3955
3 3955 4018 4019
3 3955 4019 3956
3 3956 4019 4020
3 3956 4020 3957
3 3957 4020 4021
3 3957 4021 3958
3 3958 4021 4022
3 3958 4022 3959
3 3959 4022 4023
3 3959 4023 3960
3 3960 4023 4024
3 3960 4024 3961
3 3961 4024 4025
3 3961 4025 3962
3 3962 4025 4026
3 3962 4026 3963
3 3963 4026 4027
3 3963 4027 3964
3 3964 4027 4028
3 3964 4028 3965
3 3965 4028 4029
3 3965 4029 3966
3 3966 4029 4030
3 3966 4030 3967
3 3967 4030 4031
3 3968 4032 3969
3 3969 4032 4033
3 3969 4033 3970
3 3970 4033 4034
3 3970 4034 3971
3 3971 4034 4035
3 3971 4035 3972
3 3972 4035 4036
3 3972 4036 3973
3 3973 4036 4037
3 3973 4037 3974
3 3974 4037 4038
3 3974 4038 3975
3 3975 4038 4039
3 3975 4039 3976
3 3976 4039 4040
3 3976 4040 3977
3 3977 4040 4041
3 3977 4041 3978
3 3978 4041 4042
3 3978 4042 3979
3 3979 4042 4043
3 3979 4043 3980
3 3980 4043 4044
3 3980 4044 3981
3 3981 4044 4045
3 3981 4045 3982
3 3982 4045 4046
3 3982 4046 3983
3 3983 4046 4047
3 3983 4047 3984
3 3984 4047 4048
3 3984 4048 3985
3 3985 4048 4049
3 3985 4049 3986
3 3986 4049 4050
3 3986 4050 3987
3 3987 4050 4051
3 3987 4051 3988
3 3988 4051 4052
3 3988 4052 3989
3 3989 4052 4053
3 3989 4053 3990
3 3990 4053 4054
3 3990 4054 3991
3 3991 4054 4055
3 3991 4055 3992
3 3992 4055 4056
3 3992 4056 3993
3 3993 4056 4057
3 3993 4057 3994
3 3994 4057 4058
3 3994 4058 3995
3 3995 4058 4059
3 3995 4059 3996
3 3996 4059 4060
3 3996 4060 3997
3 3997 4060 4061
3 3997 4061 3998
3 3998 4061 4062
3 3998 4062 3999
3 3999 4062 4063
3 3999 4063 4000
3 4000 4063 4064
3 4000 4064 4001
3 4001 4064 4065
3 4001 4065 4002
3 4002 4065 4066
3 4002 4066 4003
3 4003 4066 4067
3 4003 4067 4004
3 4004 4067 4068
3 4004 4068 4005
3 4005 4068 4069
3 4005 4069 4006
3 4006 4069 4070
3 4006 4070 4007
3 4007 4070 4071
3 4007 4071 4008
3 4008 4071 4072
3 4008 4072 4009
3 4009 4072 4073
3 4009 4073 4010
3 4010 4073 4074
3 4010 4074 4011
3 4011 4074 4075
3 4011 4075 4012
3 4012 4075 4076
3 4012 4076 4013
3 4013 4076 4077
3 4013 4077 4014
3 4014 4077 4078
3 4014 4078 4015
3 4015 4078 4079
3 4015 4079 4016
3 4016 4079 4080
3 4016 4080 4017
3 4017 4080 4081
3 4017 4081 4018
3 4018 4081 4082
3 4018 4082 4019
3 4019 4082 4083
3 4019 4083 4020
3 4020 4083 4084
3 4020 4084 4021
3 4021 4084 4085
3 4021 4085 4022
3 4022 4085 4086
3 4022 4086 4023
3 4023 4086 4087
3 4023 4087 4024
3 4024 4087 4088
3 4024 4088 4025
3 4025 4088 4089
3 4025 4089 4026
3 4026 4089 4090
3 4026 4090 4027
3 4027 4090 4091
3 4027 4091 4028
3 4028 4091 4092
3 4028 4092 4029
3 4029 4092 4093
3 4029 4093 4030
3 4030 4093 4094
3 4030 4094 4031
3 4031 4094 4095
