ply
format ascii 1.0
element vertex 6890
property float x
property float y
property float z
property uchar red
property uchar green
property uchar blue
element face 621
property list uchar int vertex_indices
end_header
-0.033851 -0.530729 0.586386 0 255 0
0.020509 -0.469026 0.542163 0 255 0
-0.052163 -0.550508 0.502974 0 255 0
-0.074100 -0.502432 0.499153 0 255 0
-0.040799 -0.509419 0.482150 0 255 0
-0.011849 -0.481139 0.424572 0 255 0
-0.053468 -0.507461 0.529859 0 255 0
-0.122150 -0.568000 0.516629 0 255 0
-0.041560 -0.426630 0.450116 0 255 0
-0.098025 -0.442561 0.453431 0 255 0
-0.065762 -0.467819 0.465313 0 255 0
-0.025176 -0.465928 0.519283 0 255 0
-0.010902 -0.497654 0.526086 0 255 0
-0.042156 -0.413230 0.561962 0 255 0
-0.078421 -0.374977 0.510527 0 255 0
-0.055357 -0.494556 0.574314 0 255 0
0.017385 -0.440908 0.523127 0 255 0
0.057211 -0.439204 0.485655 0 255 0
0.060637 -0.455882 0.560991 0 255 0
-0.049781 -0.348457 0.546621 0 255 0
-0.021994 -0.468019 0.522779 0 255 0
-0.084951 -0.492235 0.488009 0 255 0
-0.058567 -0.530580 0.505873 0 255 0
-0.022668 -0.443783 0.519678 0 255 0
0.015923 -0.430692 0.526302 0 255 0
0.031714 -0.446510 0.428674 0 255 0
0.075028 -0.446795 0.404609 0 255 0
-0.007612 -0.402383 0.563737 0 255 0
-0.045464 -0.412389 0.535096 0 255 0
-0.059648 -0.441215 0.466625 0 255 0
-0.001115 -0.514487 0.562287 0 255 0
0.058542 -0.452407 0.498884 0 255 0
0.014141 -0.461630 0.490020 0 255 0
0.063338 -0.440826 0.546824 0 255 0
0.019390 -0.504632 0.467677 0 255 0
0.041202 -0.397181 0.504946 0 255 0
0.051968 -0.474883 0.520399 0 255 0
0.039450 -0.473553 0.530648 0 255 0
0.039834 -0.480031 0.625689 0 255 0
0.024437 -0.414529 0.539781 0 255 0
-0.037638 -0.436206 0.556087 0 255 0
-0.020797 -0.409394 0.583366 0 255 0
-0.004770 -0.391867 0.518188 0 255 0
0.043741 -0.403192 0.522072 0 255 0
0.025310 -0.490269 0.571892 0 255 0
-0.000754 -0.503609 0.615196 0 255 0
-0.020848 -0.431914 0.516321 0 255 0
0.068494 -0.386565 0.533419 0 255 0
0.029389 -0.376605 0.567283 0 255 0
0.014387 -0.340295 0.559601 0 255 0
-0.024427 -0.426677 0.535090 0 255 0
-0.008278 -0.343398 0.564633 0 255 0
-0.092626 -0.422747 0.577377 0 255 0
0.013615 -0.338171 0.490509 0 255 0
-0.069017 -0.384761 0.537769 0 255 0
0.031234 -0.446469 0.573133 0 255 0
-0.046952 -0.485184 0.614792 0 255 0
-0.044023 -0.445148 0.511675 0 255 0
0.007887 -0.383466 0.504034 0 255 0
0.009755 -0.374796 0.575118 0 255 0
-0.042355 -0.320869 0.538773 0 255 0
0.009639 -0.435419 0.530533 0 255 0
0.063145 -0.383894 0.549862 0 255 0
-0.000722 -0.470748 0.492895 0 255 0
-0.049018 -0.447248 0.518271 0 255 0
0.008309 -0.439970 0.527971 0 255 0
-0.023904 -0.444008 0.484219 0 255 0
0.045972 -0.460326 0.498569 0 255 0
0.011821 -0.420265 0.491159 0 255 0
-0.008779 -0.366969 0.480124 0 255 0
0.015302 -0.451697 0.497456 0 255 0
-0.035944 -0.375307 0.590884 0 255 0
0.027199 -0.363721 0.472418 0 255 0
-0.024477 -0.349773 0.491249 0 255 0
-0.078137 -0.358822 0.559161 0 255 0
0.054422 -0.463671 0.434536 0 255 0
0.045021 -0.381753 0.525208 0 255 0
-0.043797 -0.406154 0.551181 0 255 0
0.044286 -0.397829 0.544330 0 255 0
0.018159 -0.411109 0.531744 0 255 0
-0.024706 -0.416960 0.502255 0 255 0
0.028933 -0.444898 0.496664 0 255 0
-0.009726 -0.432472 0.440604 0 255 0
-0.054444 -0.436206 0.546389 0 255 0
-0.016928 -0.440817 0.511997 0 255 0
0.031704 -0.428829 0.538044 0 255 0
-0.064180 -0.489047 0.501582 0 255 0
-0.015757 -0.449762 0.487566 0 255 0
-0.045852 -0.392978 0.531862 0 255 0
-0.047029 -0.375984 0.545645 0 255 0
-0.047584 -0.352135 0.527066 0 255 0
-0.027804 -0.415639 0.494066 0 255 0
-0.037804 -0.380213 0.550998 0 255 0
-0.066201 -0.481132 0.512070 0 255 0
-0.033084 -0.426380 0.566010 0 255 0
0.043161 -0.383901 0.560129 0 255 0
0.063073 -0.466206 0.449371 0 255 0
-0.108538 -0.447593 0.554705 0 255 0
-0.044930 -0.406107 0.488930 0 255 0
-0.066929 -0.388062 0.535333 0 255 0
-0.035728 -0.337149 0.475266 0 255 0
-0.023568 -0.352669 0.576845 0 255 0
-0.034259 -0.367910 0.447377 0 255 0
-0.043677 -0.306907 0.518416 0 255 0
0.020056 -0.440625 0.502203 0 255 0
-0.095774 -0.505599 0.509385 0 255 0
-0.095707 -0.482632 0.491819 0 255 0
-0.017114 -0.449519 0.481622 0 255 0
0.043512 -0.457022 0.523719 0 255 0
-0.051062 -0.485653 0.530445 0 255 0
0.054130 -0.553782 0.519996 0 255 0
-0.070370 -0.522280 0.552219 0 255 0
-0.066111 -0.479551 0.595025 0 255 0
-0.096590 -0.500305 0.504755 0 255 0
-0.028074 -0.496705 0.473230 0 255 0
-0.084882 -0.537091 0.511629 0 255 0
0.030484 -0.505093 0.492347 0 255 0
0.000351 -0.511309 0.562741 0 255 0
-0.005219 -0.446714 0.559037 0 255 0
-0.034639 -0.500518 0.555148 0 255 0
-0.062629 -0.511470 0.488883 0 255 0
-0.005923 -0.511229 0.479457 0 255 0
-0.037822 -0.388706 0.555205 0 255 0
-0.035495 -0.480455 0.467569 0 255 0
-0.011990 -0.511980 0.522255 0 255 0
-0.082277 -0.502201 0.487661 0 255 0
0.074570 -0.464271 0.509224 0 255 0
0.024414 -0.535033 0.486494 0 255 0
-0.055161 -0.502332 0.481166 0 255 0
0.067486 -0.417775 0.522696 0 255 0
0.065582 -0.461361 0.492074 0 255 0
-0.021700 -0.440122 0.488396 0 255 0
-0.034572 -0.588087 0.519154 0 255 0
0.034004 -0.528244 0.506165 0 255 0
-0.009668 -0.587867 0.495137 0 255 0
-0.058301 -0.494173 0.514030 0 255 0
0.031906 -0.469927 0.516990 0 255 0
-0.004423 -0.343252 0.574344 0 255 0
0.016433 -0.422426 0.583985 0 255 0
-0.062569 -0.441041 0.557031 0 255 0
-0.160050 -0.457761 0.532466 0 255 0
-0.061114 -0.409325 0.543946 0 255 0
-0.053104 -0.408720 0.532769 0 255 0
-0.064974 -0.371963 0.464927 0 255 0
-0.030452 -0.306147 0.502112 0 255 0
-0.020543 -0.280682 0.533704 0 255 0
-0.107331 -0.404028 0.425748 0 255 0
0.026054 -0.422925 0.566580 0 255 0
-0.095664 -0.470430 0.525857 0 255 0
-0.075211 -0.410760 0.421398 0 255 0
-0.082847 -0.346675 0.520931 0 255 0
-0.119314 -0.350491 0.549706 0 255 0
-0.043095 -0.385273 0.464310 0 255 0
0.001111 -0.363455 0.450736 0 255 0
-0.073453 -0.358467 0.498102 0 255 0
-0.054611 -0.535613 0.502098 0 255 0
-0.018884 -0.443170 0.525918 0 255 0
-0.058837 -0.522483 0.557829 0 255 0
-0.027656 -0.532080 0.432691 0 255 0
-0.017726 -0.516861 0.524317 0 255 0
-0.077406 -0.496633 0.496067 0 255 0
-0.104284 -0.500119 0.430899 0 255 0
-0.032401 -0.563469 0.440865 0 255 0
0.004784 -0.590948 0.463523 0 255 0
-0.045840 -0.571403 0.507496 0 255 0
-0.064108 -0.529857 0.429616 0 255 0
-0.084081 -0.505162 0.496645 0 255 0
-0.066843 -0.551960 0.494422 0 255 0
-0.132494 -0.565785 0.453683 0 255 0
-0.127952 -0.583686 0.463035 0 255 0
-0.085137 -0.513104 0.465332 0 255 0
-0.132190 -0.526246 0.368682 0 255 0
-0.080738 -0.367144 0.531250 0 255 0
-0.154023 -0.437893 0.436424 0 255 0
-0.092495 -0.366843 0.464318 0 255 0
-0.150002 -0.358684 0.532389 0 255 0
-0.095305 -0.550109 0.422509 0 255 0
-0.137635 -0.545433 0.477046 0 255 0
-0.126409 -0.474024 0.410495 0 255 0
-0.090659 -0.502283 0.449728 0 255 0
-0.182379 -0.464075 0.461886 0 255 0
-0.085774 -0.448719 0.463268 0 255 0
-0.158724 -0.548260 0.444401 0 255 0
-0.165775 -0.548731 0.404791 0 255 0
-0.129067 -0.378628 0.482605 0 255 0
-0.182344 -0.459984 0.494893 0 255 0
-0.165412 -0.453575 0.416496 0 255 0
-0.162946 -0.432605 0.388976 0 255 0
-0.016216 -0.477666 0.483430 0 255 0
0.002184 -0.559310 0.513851 0 255 0
-0.047609 -0.480396 0.541943 0 255 0
0.043476 -0.539957 0.512072 0 255 0
-0.071424 -0.466611 0.527975 0 255 0
-0.076807 -0.464375 0.451612 0 255 0
-0.081242 -0.534836 0.480019 0 255 0
-0.153450 -0.525557 0.526526 0 255 0
-0.058473 -0.489039 0.477088 0 255 0
-0.148636 -0.449471 0.525344 0 255 0
-0.086247 -0.481984 0.492023 0 255 0
-0.203483 -0.436241 0.396789 0 255 0
-0.096144 -0.497748 0.501941 0 255 0
-0.099424 -0.343874 0.474803 0 255 0
-0.087093 -0.338665 0.490280 0 255 0
-0.101175 -0.380635 0.446735 0 255 0
-0.169598 -0.439425 0.484843 0 255 0
-0.115102 -0.456882 0.509024 0 255 0
-0.086512 -0.393417 0.512213 0 255 0
-0.086626 -0.318038 0.460501 0 255 0
-0.155511 -0.349276 0.490701 0 255 0
-0.127535 -0.387123 0.519703 0 255 0
-0.134789 -0.340614 0.470226 0 255 0
-0.077062 -0.379948 0.416886 0 255 0
-0.131404 -0.330864 0.378107 0 255 0
-0.145361 -0.418861 0.417327 0 255 0
-0.158935 -0.291346 0.482491 0 255 0
-0.072027 -0.359608 0.479217 0 255 0
-0.059304 -0.426882 0.518245 0 255 0
0.022733 -0.347892 0.542658 0 255 0
-0.102702 -0.362112 0.450918 0 255 0
-0.107675 -0.241918 0.459215 0 255 0
-0.099578 -0.446999 0.402847 0 255 0
-0.140392 -0.447187 0.458238 0 255 0
-0.189727 -0.386999 0.499514 0 255 0
-0.102630 -0.428142 0.524736 0 255 0
-0.154485 -0.391041 0.480855 0 255 0
-0.127245 -0.378127 0.472097 0 255 0
-0.224157 -0.414195 0.432389 0 255 0
0.004372 -0.383960 0.512725 0 255 0
-0.048852 -0.483611 0.497039 0 255 0
0.011804 -0.491542 0.595824 0 255 0
0.037810 -0.453344 0.465483 0 255 0
0.016085 -0.445953 0.506156 0 255 0
-0.012699 -0.415448 0.541034 0 255 0
-0.008552 -0.457719 0.557612 0 255 0
0.035853 -0.439968 0.549581 0 255 0
-0.001895 -0.443850 0.500737 0 255 0
-0.109648 -0.479331 0.516296 0 255 0
0.030254 -0.423345 0.559596 0 255 0
0.002595 -0.449832 0.499410 0 255 0
-0.025475 -0.466541 0.505711 0 255 0
-0.048947 -0.527134 0.546839 0 255 0
0.049650 -0.459048 0.540022 0 255 0
-0.001562 -0.499516 0.517588 0 255 0
0.026579 -0.441943 0.534206 0 255 0
-0.095940 -0.389274 0.492703 0 255 0
-0.044079 -0.463198 0.502411 0 255 0
-0.098120 -0.473603 0.479905 0 255 0
0.005957 -0.499289 0.401235 0 255 0
-0.041277 -0.564063 0.483826 0 255 0
-0.078078 -0.536016 0.364417 0 255 0
-0.050050 -0.545215 0.421726 0 255 0
-0.120885 -0.503208 0.426159 0 255 0
-0.169180 -0.489684 0.425086 0 255 0
-0.145925 -0.490414 0.370907 0 255 0
-0.140752 -0.531918 0.435087 0 255 0
-0.093177 -0.379086 0.384653 0 255 0
-0.064088 -0.294459 0.488418 0 255 0
-0.127007 -0.320753 0.384834 0 255 0
-0.047625 -0.546698 0.483266 0 255 0
0.048570 -0.531239 0.397320 0 255 0
-0.113554 -0.498697 0.479092 0 255 0
-0.060093 -0.419424 0.449788 0 255 0
-0.010035 -0.559919 0.558488 0 255 0
-0.021565 -0.461460 0.522041 0 255 0
-0.059223 -0.447756 0.506579 0 255 0
-0.007802 -0.479337 0.582770 0 255 0
-0.097648 -0.507522 0.594852 0 255 0
-0.050494 -0.458280 0.486423 0 255 0
-0.033680 -0.430132 0.540136 0 255 0
-0.123083 -0.573754 0.421302 0 255 0
-0.160105 -0.500084 0.444325 0 255 0
-0.073530 -0.530517 0.390600 0 255 0
-0.085427 -0.590709 0.389797 0 255 0
-0.096969 -0.529265 0.462960 0 255 0
-0.119408 -0.470999 0.436008 0 255 0
-0.013326 -0.460059 0.528789 0 255 0
0.045463 -0.457779 0.518621 0 255 0
-0.012563 -0.451288 0.543563 0 255 0
0.023621 -0.382747 0.567300 0 255 0
-0.055832 -0.421445 0.593810 0 255 0
-0.025552 -0.332903 0.465572 0 255 0
0.044494 -0.420542 0.510607 0 255 0
0.036469 -0.452193 0.512067 0 255 0
-0.022509 -0.337552 0.452534 0 255 0
-0.037563 -0.375150 0.545123 0 255 0
-0.036025 -0.446039 0.439608 0 255 0
0.065625 -0.424228 0.488194 0 255 0
0.071818 -0.424794 0.513039 0 255 0
0.086394 -0.414037 0.517854 0 255 0
0.037439 -0.487385 0.478735 0 255 0
-0.076618 -0.413047 0.543195 0 255 0
0.064377 -0.469572 0.518476 0 255 0
0.097654 -0.444368 0.491345 0 255 0
0.027310 -0.372952 0.601547 0 255 0
0.045890 -0.446712 0.485888 0 255 0
-0.029738 -0.390985 0.456519 0 255 0
-0.045555 -0.358854 0.490082 0 255 0
-0.046171 -0.422186 0.516667 0 255 0
-0.064166 -0.297742 0.466416 0 255 0
-0.109659 -0.339210 0.438951 0 255 0
-0.005408 -0.358518 0.444201 0 255 0
-0.018664 -0.316734 0.535098 0 255 0
-0.120543 -0.352160 0.374748 0 255 0
-0.049497 -0.415671 0.310877 0 255 0
-0.105464 -0.416103 0.409356 0 255 0
-0.086215 -0.384099 0.474784 0 255 0
0.040576 -0.323848 0.527662 0 255 0
-0.050682 -0.264303 0.525323 0 255 0
-0.000207 -0.326937 0.569467 0 255 0
-0.047709 -0.403428 0.576863 0 255 0
0.027495 -0.430505 0.545352 0 255 0
0.017201 -0.402796 0.560081 0 255 0
-0.047593 -0.393725 0.478685 0 255 0
0.012547 -0.401187 0.541555 0 255 0
0.066820 -0.421269 0.466168 0 255 0
0.042535 -0.440044 0.442402 0 255 0
-0.050957 -0.458583 0.463040 0 255 0
-0.089010 -0.479754 0.497880 0 255 0
0.025754 -0.451280 0.535931 0 255 0
-0.025378 -0.360014 0.627624 0 255 0
0.020183 -0.445239 0.510040 0 255 0
-0.015963 -0.439447 0.539608 0 255 0
0.067771 -0.435715 0.538330 0 255 0
0.023463 -0.351631 0.502630 0 255 0
0.005340 -0.452327 0.524837 0 255 0
0.061570 -0.449087 0.521769 0 255 0
-0.004192 -0.367067 0.537434 0 255 0
0.025374 -0.419925 0.504444 0 255 0
0.021085 -0.408548 0.587320 0 255 0
0.058190 -0.448822 0.515503 0 255 0
0.006314 -0.462585 0.542013 0 255 0
0.075139 -0.428400 0.546820 0 255 0
0.051804 -0.461262 0.543501 0 255 0
-0.067248 -0.360983 0.461915 0 255 0
-0.051744 -0.290691 0.480900 0 255 0
0.063324 -0.524009 0.460973 0 255 0
0.067364 -0.504151 0.478149 0 255 0
0.039562 -0.447175 0.530819 0 255 0
0.032102 -0.487224 0.507283 0 255 0
-0.053146 -0.415818 0.493973 0 255 0
0.015018 -0.430678 0.551153 0 255 0
0.004695 -0.493863 0.515061 0 255 0
0.030102 -0.518288 0.441842 0 255 0
0.007102 -0.473658 0.480661 0 255 0
0.001809 -0.527274 0.508207 0 255 0
0.034785 -0.509273 0.506068 0 255 0
-0.022593 -0.498515 0.484716 0 255 0
0.016372 -0.364677 0.490807 0 255 0
0.070320 -0.419444 0.495088 0 255 0
-0.046723 -0.435443 0.443077 0 255 0
-0.058784 -0.423405 0.434646 0 255 0
-0.043753 -0.384309 0.532528 0 255 0
-0.043373 -0.479594 0.453561 0 255 0
0.001215 -0.479006 0.498635 0 255 0
-0.065367 -0.452670 0.537297 0 255 0
0.054544 -0.433901 0.480224 0 255 0
0.011344 -0.365982 0.490619 0 255 0
-0.005435 -0.455854 0.492591 0 255 0
-0.067546 -0.473759 0.498736 0 255 0
-0.097759 -0.504940 0.527877 0 255 0
-0.124327 -0.453431 0.439435 0 255 0
-0.103189 -0.411728 0.417602 0 255 0
-0.084474 -0.435181 0.502484 0 255 0
-0.054576 -0.442543 0.560550 0 255 0
-0.077774 -0.370641 0.508226 0 255 0
-0.141543 -0.398967 0.461785 0 255 0
-0.112261 -0.405185 0.506107 0 255 0
-0.121030 -0.461955 0.426317 0 255 0
-0.151001 -0.432979 0.505756 0 255 0
-0.083619 -0.409979 0.570297 0 255 0
-0.105142 -0.469782 0.496842 0 255 0
-0.108696 -0.459218 0.520703 0 255 0
-0.084994 -0.459616 0.446841 0 255 0
-0.142801 -0.475570 0.428438 0 255 0
-0.128070 -0.522750 0.510666 0 255 0
-0.093556 -0.505202 0.496286 0 255 0
-0.129567 -0.409569 0.470929 0 255 0
-0.054864 -0.466801 0.457990 0 255 0
-0.047152 -0.463899 0.434983 0 255 0
-0.011362 -0.519753 0.475131 0 255 0
-0.036719 -0.514361 0.510032 0 255 0
-0.096178 -0.466440 0.455164 0 255 0
-0.106231 -0.445047 0.513040 0 255 0
-0.064797 -0.457096 0.475860 0 255 0
-0.109056 -0.519278 0.348341 0 255 0
-0.170813 -0.496048 0.298724 0 255 0
-0.054454 -0.510533 0.479454 0 255 0
-0.154886 -0.445402 0.405297 0 255 0
-0.081137 -0.488192 0.379423 0 255 0
-0.115572 -0.461146 0.378788 0 255 0
-0.163247 -0.434734 0.426958 0 255 0
-0.153418 -0.492367 0.391281 0 255 0
-0.088645 -0.408110 0.465452 0 255 0
-0.084651 -0.395240 0.506551 0 255 0
-0.139326 -0.462710 0.506880 0 255 0
-0.154512 -0.458503 0.405924 0 255 0
-0.040726 -0.469079 0.452974 0 255 0
-0.088634 -0.408691 0.520867 0 255 0
-0.170649 -0.474284 0.474195 0 255 0
-0.089567 -0.487648 0.369647 0 255 0
-0.080324 -0.368947 0.392350 0 255 0
-0.151923 -0.424353 0.473340 0 255 0
-0.042787 -0.433911 0.444498 0 255 0
-0.097218 -0.482444 0.493960 0 255 0
-0.056987 -0.446497 0.471812 0 255 0
-0.092190 -0.410893 0.454618 0 255 0
-0.072860 -0.525883 0.522938 0 255 0
-0.017994 -0.484969 0.538080 0 255 0
0.027749 -0.486061 0.465729 0 255 0
0.064639 -0.506974 0.496186 0 255 0
-0.002305 -0.479677 0.547465 0 255 0
-0.092395 -0.554709 0.428274 0 255 0
-0.062211 -0.579708 0.411550 0 255 0
-0.091787 -0.493391 0.356008 0 255 0
-0.085085 -0.641128 0.321025 0 255 0
0.015707 -0.379925 0.585317 0 255 0
-0.052233 -0.370331 0.503174 0 255 0
-0.010607 -0.437772 0.540445 0 255 0
0.071493 -0.454029 0.514375 0 255 0
-0.015996 -0.379487 0.560613 0 255 0
0.030101 -0.410396 0.531625 0 255 0
-0.034179 -0.532328 0.528540 0 255 0
-0.045201 -0.419275 0.326505 0 255 0
-0.167237 -0.272882 0.471526 0 255 0
-0.038683 -0.404253 0.413515 0 255 0
-0.115842 -0.352215 0.456270 0 255 0
-0.087017 -0.328011 0.506114 0 255 0
-0.006289 -0.455605 0.527788 0 255 0
0.007709 -0.413056 0.560756 0 255 0
-0.024027 -0.379253 0.505714 0 255 0
0.038263 -0.437867 0.542056 0 255 0
-0.001259 -0.382132 0.506844 0 255 0
0.027217 -0.512543 0.523904 0 255 0
0.012028 -0.402008 0.448081 0 255 0
0.039309 -0.362632 0.523648 0 255 0
-0.007076 -0.537441 0.523340 0 255 0
-0.046681 -0.477080 0.519288 0 255 0
0.074339 -0.472713 0.531776 0 255 0
0.020252 -0.468790 0.537383 0 255 0
0.073273 -0.461294 0.456405 0 255 0
-0.077763 -0.394434 0.521571 0 255 0
-0.085728 -0.310544 0.527657 0 255 0
0.054490 -0.448670 0.476231 0 255 0
0.053436 -0.381570 0.526230 0 255 0
-0.033181 -0.587656 0.468457 0 255 0
-0.137820 -0.426777 0.419539 0 255 0
-0.118918 -0.415909 0.325491 0 255 0
-0.071379 -0.517825 0.491068 0 255 0
-0.051416 -0.443980 0.526800 0 255 0
-0.056844 -0.515677 0.522370 0 255 0
-0.057272 -0.469826 0.450264 0 255 0
-0.008603 -0.421383 0.453476 0 255 0
-0.102115 -0.312000 0.556613 0 255 0
-0.051786 -0.354114 0.424302 0 255 0
-0.066630 -0.484128 0.489030 0 255 0
-0.015443 -0.390573 0.573162 0 255 0
-0.022976 -0.513490 0.493465 0 255 0
-0.150908 -0.470447 0.336788 0 255 0
0.047377 -0.412191 0.619815 0 255 0
0.056510 -0.417055 0.474491 0 255 0
-0.131969 -0.359216 0.359827 0 255 0
0.001852 -0.369699 0.470969 0 255 0
0.062388 -0.429053 0.499069 0 255 0
-0.093947 -0.456216 0.399879 0 255 0
-0.119835 -0.452634 0.506242 0 255 0
-0.117178 -0.453587 0.494749 0 255 0
-0.129462 -0.367230 0.476108 0 255 0
-0.044157 -0.419841 0.471321 0 255 0
-0.039768 -0.450198 0.501143 0 255 0
-0.116740 -0.548885 0.454662 0 255 0
-0.097594 -0.511802 0.495175 0 255 0
-0.135742 -0.534571 0.497101 0 255 0
-0.171587 -0.446474 0.541569 0 255 0
-0.069414 -0.468086 0.515225 0 255 0
-0.058956 -0.488306 0.490031 0 255 0
-0.040158 -0.433615 0.433444 0 255 0
-0.133748 -0.499366 0.473126 0 255 0
-0.111614 -0.449128 0.497290 0 255 0
-0.089345 -0.554321 0.505889 0 255 0
-0.102413 -0.470827 0.406910 0 255 0
-0.085190 -0.411474 0.467942 0 255 0
-0.138018 -0.474707 0.486862 0 255 0
-0.178276 -0.493225 0.483302 0 255 0
-0.162065 -0.477846 0.544603 0 255 0
-0.085398 -0.425706 0.478751 0 255 0
-0.126056 -0.403857 0.436986 0 255 0
-0.119121 -0.456294 0.434245 0 255 0
-0.091275 -0.492276 0.449851 0 255 0
-0.195684 -0.404379 0.449866 0 255 0
-0.098408 -0.447508 0.510474 0 255 0
-0.097717 -0.501855 0.380984 0 255 0
-0.180413 -0.426101 0.532378 0 255 0
-0.131184 -0.428055 0.474085 0 255 0
-0.074900 -0.448017 0.528275 0 255 0
-0.090645 -0.523432 0.519420 0 255 0
-0.082261 -0.462082 0.414284 0 255 0
0.023826 -0.503093 0.454894 0 255 0
-0.116663 -0.455953 0.411630 0 255 0
-0.067276 -0.517100 0.496683 0 255 0
-0.077174 -0.433808 0.486667 0 255 0
-0.082683 -0.542608 0.470965 0 255 0
-0.142376 -0.375913 0.542938 0 255 0
-0.110836 -0.460669 0.465606 0 255 0
-0.113282 -0.442949 0.565794 0 255 0
-0.141971 -0.477305 0.498607 0 255 0
-0.067978 -0.429159 0.416015 0 255 0
-0.061927 -0.452201 0.501368 0 255 0
-0.110264 -0.382386 0.498392 0 255 0
-0.102837 -0.502157 0.521747 0 255 0
-0.042661 -0.509307 0.525859 0 255 0
-0.068319 -0.466228 0.443883 0 255 0
-0.023471 -0.377601 0.474561 0 255 0
-0.119807 -0.447929 0.476949 0 255 0
-0.045689 -0.484734 0.473701 0 255 0
-0.114645 -0.402288 0.382268 0 255 0
-0.045424 -0.490150 0.415387 0 255 0
-0.046806 -0.435345 0.524981 0 255 0
-0.116261 -0.390456 0.477714 0 255 0
-0.043184 -0.428988 0.500486 0 255 0
-0.094576 -0.392553 0.507448 0 255 0
-0.227944 -0.447087 0.484367 0 255 0
-0.094754 -0.496570 0.521894 0 255 0
-0.173042 -0.433767 0.486676 0 255 0
-0.103669 -0.359969 0.512039 0 255 0
-0.156325 -0.494749 0.465441 0 255 0
-0.047516 -0.474272 0.460399 0 255 0
-0.117806 -0.492141 0.479495 0 255 0
-0.133150 -0.494074 0.502297 0 255 0
-0.093247 -0.430722 0.449745 0 255 0
-0.116507 -0.451241 0.516928 0 255 0
-0.075526 -0.463070 0.484746 0 255 0
-0.106302 -0.431748 0.398485 0 255 0
-0.099878 -0.521825 0.547737 0 255 0
-0.114212 -0.383542 0.512887 0 255 0
-0.053073 -0.448433 0.508270 0 255 0
-0.059075 -0.391513 0.460296 0 255 0
-0.134682 -0.353190 0.530175 0 255 0
-0.138489 -0.542108 0.510012 0 255 0
-0.136336 -0.506683 0.527819 0 255 0
-0.105057 -0.439681 0.485740 0 255 0
-0.120465 -0.459596 0.451042 0 255 0
-0.136149 -0.490548 0.493661 0 255 0
-0.126415 -0.423299 0.495575 0 255 0
-0.120509 -0.424738 0.502445 0 255 0
-0.121593 -0.425250 0.441551 0 255 0
-0.105861 -0.486495 0.476571 0 255 0
-0.094558 -0.476449 0.464487 0 255 0
-0.083071 -0.441231 0.450247 0 255 0
-0.133675 -0.442894 0.458188 0 255 0
-0.143608 -0.471900 0.435239 0 255 0
-0.132630 -0.461666 0.466628 0 255 0
-0.127932 -0.415936 0.536815 0 255 0
-0.135430 -0.540533 0.418528 0 255 0
-0.161234 -0.490639 0.489528 0 255 0
-0.137572 -0.538350 0.538065 0 255 0
-0.115537 -0.477058 0.486293 0 255 0
-0.146922 -0.433111 0.521968 0 255 0
-0.091683 -0.516207 0.432804 0 255 0
-0.138709 -0.459659 0.548688 0 255 0
-0.167368 -0.498370 0.461156 0 255 0
-0.088385 -0.472165 0.475693 0 255 0
-0.131634 -0.466716 0.514788 0 255 0
-0.132259 -0.493971 0.445644 0 255 0
-0.075312 -0.533914 0.431646 0 255 0
-0.088448 -0.485720 0.537981 0 255 0
-0.097363 -0.516128 0.428345 0 255 0
-0.067914 -0.509046 0.544988 0 255 0
-0.131032 -0.458805 0.463289 0 255 0
-0.133767 -0.459730 0.471492 0 255 0
-0.146973 -0.506910 0.558488 0 255 0
-0.050908 -0.257514 0.558209 0 255 0
-0.061447 -0.287808 0.519861 0 255 0
-0.068658 -0.317149 0.467327 0 255 0
-0.085800 -0.332875 0.494389 0 255 0
-0.111605 -0.563060 0.491540 0 255 0
-0.129261 -0.446767 0.444227 0 255 0
-0.082240 -0.461242 0.428310 0 255 0
-0.145646 -0.484918 0.450647 0 255 0
-0.072127 -0.505459 0.487101 0 255 0
-0.161421 -0.421672 0.500614 0 255 0
-0.133648 -0.450878 0.435531 0 255 0
-0.101094 -0.437680 0.460591 0 255 0
-0.136307 -0.446856 0.457586 0 255 0
-0.066779 -0.506131 0.466309 0 255 0
-0.060935 -0.308975 0.419406 0 255 0
-0.212591 -0.307082 0.459143 0 255 0
-0.174675 -0.279326 0.526122 0 255 0
-0.114091 -0.284963 0.572317 0 255 0
-0.122803 -0.299436 0.490621 0 255 0
-0.125278 -0.278487 0.534126 0 255 0
-0.148354 -0.324858 0.586629 0 255 0
-0.080239 -0.255066 0.466506 0 255 0
-0.096978 -0.295075 0.570287 0 255 0
-0.194124 -0.217889 0.531936 0 255 0
-0.075611 -0.189242 0.594615 0 255 0
-0.130028 -0.324839 0.622856 0 255 0
-0.066364 -0.260256 0.577909 0 255 0
-0.094289 -0.254707 0.565188 0 255 0
-0.171733 -0.231917 0.661378 0 255 0
-0.267688 -0.208340 0.589412 0 255 0
-0.180589 -0.172131 0.654441 0 255 0
-0.169337 -0.130404 0.604152 0 255 0
-0.189621 -0.294507 0.575904 0 255 0
-0.184946 -0.312926 0.535114 0 255 0
-0.146747 -0.263043 0.568688 0 255 0
-0.145553 -0.350310 0.496109 0 255 0
-0.138979 -0.287007 0.393252 0 255 0
-0.184497 -0.277583 0.365488 0 255 0
-0.129800 -0.346382 0.554301 0 255 0
-0.166474 -0.352264 0.375125 0 255 0
-0.148305 -0.122907 0.591500 0 255 0
-0.211308 -0.177639 0.583054 0 255 0
-0.115307 -0.183160 0.570460 0 255 0
-0.176139 -0.132388 0.710638 0 255 0
-0.227404 -0.075088 0.588276 0 255 0
-0.160217 0.015630 0.674865 0 255 0
-0.167812 -0.086121 0.585206 0 255 0
-0.167602 -0.033263 0.610639 0 255 0
-0.244773 -0.138462 0.562649 0 255 0
-0.153564 -0.102098 0.525707 0 255 0
-0.211093 -0.067111 0.439619 0 255 0
-0.265598 -0.022214 0.611978 0 255 0
-0.130359 -0.218444 0.565027 0 255 0
-0.081238 -0.254860 0.511715 0 255 0
-0.134453 -0.318059 0.617107 0 255 0
-0.135759 -0.237223 0.562701 0 255 0
-0.182905 -0.394444 0.469724 0 255 0
-0.152235 -0.429399 0.578206 0 255 0
-0.152571 -0.448022 0.423453 0 255 0
-0.185634 -0.496705 0.499188 0 255 0
-0.177712 0.040740 0.613996 0 255 0
-0.179285 0.063035 0.514771 0 255 0
-0.320534 0.060790 0.499766 0 255 0
-0.257745 0.018840 0.555969 0 255 0
-0.153568 -0.426644 0.350015 0 255 0
-0.175999 -0.319778 0.476056 0 255 0
-0.156443 -0.368872 0.412158 0 255 0
-0.215126 -0.392498 0.411542 0 255 0
-0.138063 -0.168399 0.595012 0 255 0
-0.195283 -0.244612 0.550033 0 255 0
-0.197810 -0.250920 0.565369 0 255 0
-0.183255 -0.241904 0.623223 0 255 0
-0.234221 -0.177073 0.580920 0 255 0
-0.225129 -0.206782 0.546825 0 255 0
-0.129636 -0.139246 0.489294 0 255 0
-0.165445 -0.127056 0.527602 0 255 0
-0.242202 -0.132328 0.459809 0 255 0
-0.200920 -0.100509 0.486245 0 255 0
-0.162958 -0.221369 0.544363 0 255 0
-0.119353 -0.298929 0.577369 0 255 0
-0.154546 -0.234970 0.654782 0 255 0
-0.141750 -0.217392 0.588694 0 255 0
-0.172880 -0.133532 0.657040 0 255 0
-0.159134 -0.090934 0.668294 0 255 0
-0.177684 0.120746 0.603707 0 255 0
-0.153403 -0.020815 0.553649 0 255 0
-0.199171 0.014222 0.545891 0 255 0
-0.149925 0.048913 0.590431 0 255 0
-0.195673 -0.118016 0.627614 0 255 0
-0.192324 -0.103621 0.554192 0 255 0
-0.143069 -0.093532 0.539873 0 255 0
-0.128576 -0.040052 0.602051 0 255 0
-0.174262 0.012440 0.581942 0 255 0
-0.250831 0.034476 0.557467 0 255 0
-0.097438 0.044122 0.572811 0 255 0
-0.148024 0.126090 0.543726 0 255 0
-0.213863 -0.295287 0.557383 0 255 0
-0.063863 -0.212553 0.539932 0 255 0
-0.234985 -0.179834 0.559306 0 255 0
-0.120840 -0.237256 0.607295 0 255 0
-0.152680 -0.117366 0.629216 0 255 0
-0.258654 -0.159943 0.521295 0 255 0
-0.172108 -0.236187 0.533399 0 255 0
-0.196645 -0.202390 0.517671 0 255 0
-0.165151 -0.293560 0.531120 0 255 0
-0.175798 -0.307440 0.506501 0 255 0
-0.205931 0.014820 0.503915 0 255 0
-0.171736 0.059987 0.538035 0 255 0
-0.170913 0.086890 0.615102 0 255 0
-0.101745 0.057435 0.679266 0 255 0
-0.203411 -0.284581 0.490981 0 255 0
-0.179014 -0.260358 0.533850 0 255 0
-0.165885 -0.230961 0.451678 0 255 0
-0.198103 -0.242762 0.542636 0 255 0
-0.027706 -0.137017 0.629178 0 255 0
-0.095462 -0.101591 0.713385 0 255 0
-0.132554 -0.233330 0.698389 0 255 0
-0.106114 -0.163844 0.626777 0 255 0
-0.176138 -0.102857 0.634341 0 255 0
-0.139238 -0.160847 0.605645 0 255 0
-0.236168 -0.090897 0.601955 0 255 0
-0.110813 -0.120318 0.656109 0 255 0
-0.113886 -0.154331 0.641743 0 255 0
-0.121004 -0.312579 0.607416 0 255 0
-0.172611 -0.200234 0.557229 0 255 0
-0.148964 -0.250091 0.592490 0 255 0
-0.116853 -0.266644 0.523659 0 255 0
-0.092098 -0.285994 0.524628 0 255 0
-0.074754 -0.230417 0.502721 0 255 0
-0.092424 -0.260108 0.549617 0 255 0
-0.090151 -0.320454 0.589782 0 255 0
-0.166100 -0.304444 0.445044 0 255 0
-0.092211 -0.249943 0.490502 0 255 0
-0.173029 -0.195071 0.610100 0 255 0
-0.231463 -0.161251 0.567348 0 255 0
-0.157244 0.033693 0.539947 0 255 0
-0.135086 -0.285249 0.391862 0 255 0
-0.242524 -0.275197 0.433240 0 255 0
-0.198705 -0.204396 0.275314 0 255 0
-0.150548 -0.183931 0.431654 0 255 0
-0.135635 -0.306761 0.505218 0 255 0
-0.158024 -0.272176 0.428189 0 255 0
-0.253860 -0.280049 0.505602 0 255 0
-0.189456 -0.228749 0.515794 0 255 0
-0.212516 -0.269455 0.464870 0 255 0
-0.213670 -0.239227 0.540614 0 255 0
-0.287629 -0.288326 0.474381 0 255 0
-0.211514 -0.266368 0.489626 0 255 0
-0.261118 -0.384123 0.576024 0 255 0
-0.293148 -0.333090 0.522390 0 255 0
-0.278702 0.029528 0.548197 0 255 0
-0.183318 0.056980 0.525289 0 255 0
-0.241276 -0.113071 0.501270 0 255 0
-0.269899 -0.174606 0.455543 0 255 0
-0.114332 -0.102953 0.506081 0 255 0
-0.171137 -0.066458 0.496770 0 255 0
-0.138754 -0.211724 0.436971 0 255 0
-0.126281 -0.168035 0.415150 0 255 0
-0.119981 -0.133300 0.433514 0 255 0
-0.053450 -0.155485 0.420080 0 255 0
-0.158349 -0.173041 0.362001 0 255 0
-0.112249 -0.238309 0.350396 0 255 0
-0.070390 -0.172176 0.443612 0 255 0
-0.075329 -0.243407 0.391416 0 255 0
-0.220601 -0.254005 0.407990 0 255 0
-0.212894 -0.166660 0.357691 0 255 0
-0.196589 -0.102346 0.523924 0 255 0
-0.167325 -0.136799 0.497229 0 255 0
-0.243536 -0.189550 0.518476 0 255 0
-0.286905 -0.220293 0.482028 0 255 0
-0.206672 -0.195788 0.522988 0 255 0
-0.194384 -0.112035 0.539482 0 255 0
-0.132979 -0.352598 0.437881 0 255 0
-0.189300 -0.266723 0.431982 0 255 0
-0.118157 -0.310703 0.381065 0 255 0
-0.105458 -0.266147 0.413234 0 255 0
-0.154278 -0.278661 0.403148 0 255 0
-0.150689 -0.251236 0.380091 0 255 0
-0.157159 -0.284623 0.398777 0 255 0
-0.121837 -0.123939 0.440098 0 255 0
-0.090164 -0.134385 0.469845 0 255 0
-0.019637 -0.081182 0.428164 0 255 0
-0.103665 -0.072397 0.399522 0 255 0
-0.217750 -0.227470 0.527246 0 255 0
-0.187315 -0.149382 0.495035 0 255 0
-0.246263 -0.276313 0.447921 0 255 0
-0.169297 -0.302093 0.544297 0 255 0
-0.267048 -0.173429 0.498336 0 255 0
-0.252035 -0.218657 0.506501 0 255 0
-0.314394 -0.163360 0.523142 0 255 0
-0.227945 -0.095498 0.383700 0 255 0
-0.295982 -0.130010 0.472007 0 255 0
-0.230226 -0.179060 0.445335 0 255 0
-0.142953 -0.187477 0.458655 0 255 0
-0.248481 -0.101107 0.521434 0 255 0
-0.061831 -0.093804 0.396605 0 255 0
-0.088236 -0.113560 0.386114 0 255 0
-0.101614 -0.078130 0.393068 0 255 0
-0.172383 -0.058319 0.482115 0 255 0
-0.169457 -0.326878 0.498486 0 255 0
-0.182021 -0.295823 0.500856 0 255 0
-0.162685 -0.330942 0.532589 0 255 0
-0.191501 -0.253181 0.539230 0 255 0
-0.217384 -0.352901 0.611885 0 255 0
-0.266583 -0.380490 0.473635 0 255 0
-0.314410 -0.388092 0.513979 0 255 0
-0.248155 -0.337961 0.478252 0 255 0
-0.171496 -0.320468 0.512683 0 255 0
-0.277913 -0.393733 0.609484 0 255 0
-0.236932 -0.352553 0.560415 0 255 0
-0.177733 -0.311253 0.544011 0 255 0
-0.180304 -0.375367 0.441750 0 255 0
-0.166604 -0.343457 0.420476 0 255 0
-0.227815 -0.280489 0.390454 0 255 0
-0.168975 -0.295044 0.523057 0 255 0
-0.256714 -0.314007 0.546787 0 255 0
-0.298292 -0.328534 0.566710 0 255 0
-0.235740 -0.363660 0.585927 0 255 0
-0.099502 -0.425720 0.482835 0 255 0
-0.129571 -0.505547 0.548846 0 255 0
-0.223909 -0.469918 0.645578 0 255 0
-0.213523 -0.351268 0.554424 0 255 0
-0.161208 -0.360890 0.599643 0 255 0
-0.158142 -0.496883 0.547091 0 255 0
-0.212853 -0.006942 0.422687 0 255 0
-0.173161 -0.089027 0.463348 0 255 0
-0.151163 0.060461 0.525612 0 255 0
-0.185300 -0.007194 0.479847 0 255 0
-0.177010 0.055769 0.520090 0 255 0
-0.170952 0.044037 0.449710 0 255 0
-0.274035 0.120387 0.481647 0 255 0
-0.221964 0.146502 0.476834 0 255 0
-0.215017 0.034099 0.530340 0 255 0
-0.100693 -0.333820 0.372249 0 255 0
-0.130002 -0.270905 0.386323 0 255 0
-0.165061 -0.320639 0.389044 0 255 0
-0.091415 -0.376056 0.449006 0 255 0
-0.227803 0.141138 0.419965 0 255 0
-0.217946 0.188825 0.614056 0 255 0
-0.221439 0.199150 0.530806 0 255 0
-0.262297 0.215849 0.484547 0 255 0
-0.128767 -0.266536 0.407836 0 255 0
-0.141612 -0.214016 0.473541 0 255 0
-0.150666 -0.367007 0.448218 0 255 0
-0.091512 -0.306920 0.381095 0 255 0
-0.226166 0.143449 0.472839 0 255 0
-0.194871 0.147728 0.572361 0 255 0
-0.178635 -0.324348 0.464914 0 255 0
-0.102266 -0.383070 0.435243 0 255 0
-0.049828 -0.319743 0.436728 0 255 0
-0.123837 -0.250533 0.437495 0 255 0
-0.086236 -0.339789 0.527251 0 255 0
-0.235093 0.226943 0.543675 0 255 0
-0.230411 0.247710 0.538051 0 255 0
-0.102859 -0.346238 0.466320 0 255 0
-0.155524 -0.362474 0.399369 0 255 0
-0.102169 -0.294244 0.404509 0 255 0
-0.115720 -0.317763 0.443268 0 255 0
-0.137791 -0.305789 0.365882 0 255 0
-0.139889 -0.293518 0.488910 0 255 0
-0.223828 0.109525 0.509400 0 255 0
-0.173986 0.035228 0.474852 0 255 0
-0.231167 0.353968 0.483685 0 255 0
-0.146710 0.322776 0.391882 0 255 0
-0.100929 0.350758 0.530677 0 255 0
-0.176279 0.340623 0.412468 0 255 0
-0.103809 0.338192 0.437717 0 255 0
-0.109970 0.397159 0.430940 0 255 0
-0.135150 0.314410 0.411727 0 255 0
-0.038244 0.278987 0.521782 0 255 0
-0.059768 0.209768 0.405333 0 255 0
-0.100925 0.131830 0.388929 0 255 0
-0.158040 0.174100 0.440366 0 255 0
-0.121114 0.187889 0.437966 0 255 0
-0.278416 0.101113 0.522177 0 255 0
-0.179289 0.126712 0.374253 0 255 0
-0.251422 0.153248 0.520612 0 255 0
-0.248831 0.417712 0.542099 0 255 0
-0.270554 0.340517 0.607326 0 255 0
-0.222384 0.389114 0.545294 0 255 0
-0.253305 0.323993 0.532770 0 255 0
-0.172971 0.313375 0.490764 0 255 0
-0.118115 0.387989 0.410466 0 255 0
-0.183606 0.413546 0.428680 0 255 0
-0.207177 0.369132 0.425913 0 255 0
-0.168344 0.050995 0.591353 0 255 0
-0.154429 0.103425 0.607390 0 255 0
-0.162183 0.079322 0.583986 0 255 0
-0.116488 0.079360 0.659944 0 255 0
-0.049870 0.058971 0.606798 0 255 0
-0.068713 0.101642 0.653775 0 255 0
-0.162596 0.120526 0.688658 0 255 0
-0.087100 0.247770 0.628610 0 255 0
-0.050021 0.194226 0.653594 0 255 0
-0.059114 0.135391 0.661723 0 255 0
-0.058441 0.278140 0.633782 0 255 0
-0.192306 0.182010 0.530424 0 255 0
-0.179452 0.149540 0.576317 0 255 0
-0.190992 0.177323 0.669562 0 255 0
-0.218040 0.144795 0.536098 0 255 0
-0.092879 0.279130 0.535632 0 255 0
-0.021066 0.369478 0.485967 0 255 0
-0.167703 0.356916 0.492227 0 255 0
-0.205548 0.300361 0.548193 0 255 0
-0.164315 0.422514 0.659950 0 255 0
-0.186537 0.378986 0.610836 0 255 0
-0.159109 0.274358 0.655938 0 255 0
-0.186600 0.343164 0.713321 0 255 0
-0.139132 0.235644 0.605285 0 255 0
0.031502 0.282293 0.543003 0 255 0
-0.100499 0.288330 0.633006 0 255 0
-0.064733 0.254724 0.664006 0 255 0
-0.120392 0.266516 0.383071 0 255 0
-0.090660 0.336768 0.378911 0 255 0
-0.168288 0.284040 0.388322 0 255 0
-0.078234 0.250181 0.447133 0 255 0
-0.183035 0.097133 0.357153 0 255 0
-0.168006 0.120545 0.434352 0 255 0
-0.137772 0.102899 0.435435 0 255 0
-0.141758 0.080791 0.497046 0 255 0
-0.170155 0.038933 0.463339 0 255 0
-0.173354 -0.103900 0.423011 0 255 0
-0.206986 -0.078476 0.378272 0 255 0
-0.203404 -0.194336 0.475506 0 255 0
-0.185787 -0.026490 0.471289 0 255 0
-0.143376 -0.200197 0.432099 0 255 0
-0.159897 -0.211975 0.334419 0 255 0
-0.113718 0.341294 0.456186 0 255 0
-0.103007 0.368182 0.432214 0 255 0
-0.120406 0.384029 0.485258 0 255 0
-0.132252 0.364233 0.533382 0 255 0
-0.142264 0.367438 0.471461 0 255 0
-0.214207 0.354659 0.570392 0 255 0
-0.246251 0.411067 0.483252 0 255 0
-0.259797 0.481645 0.604125 0 255 0
-0.242855 0.393847 0.573280 0 255 0
-0.279189 0.374020 0.611921 0 255 0
-0.187244 0.391301 0.684444 0 255 0
-0.044363 0.341453 0.585120 0 255 0
-0.089084 0.328747 0.581175 0 255 0
-0.082892 0.431179 0.647316 0 255 0
-0.115028 0.373311 0.607551 0 255 0
-0.127202 0.205361 0.620083 0 255 0
-0.127429 0.244832 0.649936 0 255 0
-0.125923 0.225192 0.639744 0 255 0
-0.212127 0.262455 0.644039 0 255 0
-0.122949 0.079337 0.691957 0 255 0
-0.083565 0.113064 0.651901 0 255 0
-0.100892 0.018888 0.652063 0 255 0
-0.130528 0.019445 0.675074 0 255 0
-0.102449 0.071453 0.623885 0 255 0
-0.090583 -0.024708 0.620161 0 255 0
-0.097377 -0.020274 0.704923 0 255 0
-0.181319 0.004501 0.698233 0 255 0
-0.158249 -0.028049 0.616598 0 255 0
-0.171574 -0.018306 0.666466 0 255 0
-0.126472 -0.039380 0.678905 0 255 0
-0.089642 -0.120225 0.623996 0 255 0
-0.196471 -0.082023 0.646423 0 255 0
-0.153887 -0.075166 0.583491 0 255 0
-0.119218 -0.218943 0.508651 0 255 0
-0.076236 -0.201481 0.627482 0 255 0
-0.238212 0.197298 0.516825 0 255 0
-0.022598 0.287596 0.585344 0 255 0
-0.040048 0.346530 0.540680 0 255 0
-0.021507 0.364019 0.564354 0 255 0
-0.073304 0.352320 0.528798 0 255 0
-0.326018 0.214883 0.536430 0 255 0
-0.231535 0.048724 0.609646 0 255 0
-0.234609 0.096078 0.595311 0 255 0
-0.238880 -0.125267 0.612047 0 255 0
-0.254572 -0.106559 0.524744 0 255 0
-0.152930 -0.178980 0.676728 0 255 0
-0.134882 -0.216959 0.642407 0 255 0
-0.208463 0.328399 0.540475 0 255 0
-0.229537 0.386029 0.609658 0 255 0
-0.130721 0.357402 0.602105 0 255 0
-0.161433 0.491307 0.612046 0 255 0
-0.162070 0.418516 0.614207 0 255 0
-0.093721 0.398351 0.528870 0 255 0
-0.075145 0.390542 0.638926 0 255 0
-0.074949 0.472431 0.555838 0 255 0
-0.082139 0.373867 0.462052 0 255 0
-0.025894 0.487063 0.570644 0 255 0
-0.137307 0.471351 0.505214 0 255 0
-0.138304 0.492874 0.608242 0 255 0
-0.060127 0.452406 0.626296 0 255 0
-0.261985 0.357878 0.613603 0 255 0
-0.182706 0.471717 0.572975 0 255 0
-0.198385 0.448395 0.599419 0 255 0
-0.241503 0.461455 0.646588 0 255 0
-0.199995 0.427134 0.583641 0 255 0
-0.134022 0.444239 0.426253 0 255 0
-0.018484 0.318397 0.642749 0 255 0
-0.063768 0.441160 0.582932 0 255 0
-0.076751 0.428944 0.498255 0 255 0
-0.144803 0.378204 0.571771 0 255 0
-0.088152 0.433586 0.469824 0 255 0
-0.023204 0.477637 0.470189 0 255 0
-0.129489 0.547758 0.487830 0 255 0
-0.191652 0.400402 0.503535 0 255 0
-0.218676 0.508435 0.509933 0 255 0
-0.254393 0.450623 0.505407 0 255 0
-0.331880 0.477408 0.500634 0 255 0
-0.206544 0.449578 0.560796 0 255 0
-0.253124 0.581198 0.568178 0 255 0
-0.253589 0.500856 0.574136 0 255 0
-0.209912 0.487570 0.580366 0 255 0
-0.190456 0.476984 0.627728 0 255 0
-0.266816 0.553094 0.579253 0 255 0
-0.156795 0.454613 0.536667 0 255 0
-0.199460 0.541969 0.506191 0 255 0
-0.183315 0.465535 0.530329 0 255 0
-0.192131 0.553432 0.548106 0 255 0
-0.198247 0.497179 0.493654 0 255 0
-0.168809 0.426141 0.567872 0 255 0
-0.178488 0.459201 0.503385 0 255 0
-0.139887 0.415662 0.486322 0 255 0
-0.126326 0.433426 0.502458 0 255 0
-0.148217 0.494984 0.502606 0 255 0
-0.070301 0.371729 0.565724 0 255 0
-0.100546 0.546408 0.560250 0 255 0
-0.047474 0.414650 0.548779 0 255 0
-0.109576 0.387105 0.498346 0 255 0
-0.085810 0.505655 0.489762 0 255 0
-0.104453 0.574471 0.536637 0 255 0
-0.082135 0.539433 0.606818 0 255 0
-0.110688 0.489399 0.528636 0 255 0
-0.083423 0.646676 0.553102 0 255 0
-0.107854 0.717465 0.482016 0 255 0
-0.143703 0.641956 0.635848 0 255 0
-0.178981 0.486761 0.541161 0 255 0
-0.106526 0.640370 0.531603 0 255 0
-0.212960 0.609376 0.552429 0 255 0
-0.105389 0.603807 0.495432 0 255 0
-0.140478 0.614718 0.558538 0 255 0
-0.099395 0.551787 0.556517 0 255 0
-0.207902 0.516497 0.447827 0 255 0
-0.096381 0.624342 0.534077 0 255 0
-0.168348 0.604602 0.547576 0 255 0
-0.166117 0.665435 0.589033 0 255 0
-0.186919 0.628471 0.634683 0 255 0
-0.219677 0.623572 0.637460 0 255 0
-0.024130 0.602829 0.590548 0 255 0
-0.084662 0.557158 0.515471 0 255 0
-0.021795 0.612083 0.566497 0 255 0
-0.060855 0.626932 0.601856 0 255 0
-0.056315 0.565018 0.624528 0 255 0
-0.048263 0.581279 0.592376 0 255 0
-0.102839 0.588953 0.670013 0 255 0
0.009351 0.679066 0.605614 0 255 0
-0.127410 0.555160 0.604171 0 255 0
-0.120247 0.543264 0.628671 0 255 0
-0.129145 0.537819 0.569382 0 255 0
-0.173065 0.574558 0.536367 0 255 0
-0.115714 0.514384 0.560404 0 255 0
-0.109257 0.508906 0.496677 0 255 0
-0.060431 0.535184 0.627051 0 255 0
-0.102688 0.527511 0.511540 0 255 0
-0.134663 0.549220 0.651494 0 255 0
-0.229913 0.574003 0.638882 0 255 0
-0.161847 0.612744 0.587680 0 255 0
-0.190071 0.503648 0.700304 0 255 0
-0.200634 0.551841 0.625660 0 255 0
-0.183633 0.537238 0.543062 0 255 0
-0.188812 0.488349 0.590119 0 255 0
-0.068635 0.546697 0.519109 0 255 0
-0.151907 0.542243 0.540058 0 255 0
-0.147174 0.545890 0.515739 0 255 0
-0.086549 0.598745 0.548662 0 255 0
-0.094282 0.629005 0.472887 0 255 0
-0.079571 0.603725 0.493865 0 255 0
-0.048769 0.544716 0.554563 0 255 0
-0.127247 0.645832 0.655580 0 255 0
-0.159556 0.623657 0.595650 0 255 0
-0.141590 0.644563 0.580479 0 255 0
-0.130490 0.602436 0.608411 0 255 0
-0.112417 0.666154 0.559459 0 255 0
-0.067821 0.686855 0.684219 0 255 0
-0.088656 0.539668 0.532082 0 255 0
-0.122302 0.605041 0.502051 0 255 0
-0.150754 0.630328 0.590261 0 255 0
-0.229344 0.578892 0.600255 0 255 0
-0.128545 0.573938 0.487003 0 255 0
-0.180122 0.700356 0.513719 0 255 0
-0.090491 0.684440 0.609658 0 255 0
-0.137099 0.675183 0.555990 0 255 0
-0.123192 0.690788 0.506252 0 255 0
-0.013331 0.646230 0.551093 0 255 0
-0.100431 0.652056 0.522107 0 255 0
-0.084453 0.669332 0.543208 0 255 0
-0.106210 0.596197 0.465077 0 255 0
-0.056192 0.554722 0.506806 0 255 0
-0.114415 0.626146 0.531269 0 255 0
-0.076900 0.648788 0.454238 0 255 0
-0.043621 0.605848 0.461935 0 255 0
-0.092045 0.649059 0.454784 0 255 0
-0.172359 0.639275 0.483917 0 255 0
-0.149262 0.627358 0.518413 0 255 0
-0.234168 0.540129 0.464855 0 255 0
-0.134451 0.623442 0.544446 0 255 0
-0.163866 0.712269 0.478715 0 255 0
-0.165978 0.692605 0.577037 0 255 0
-0.155545 0.654131 0.572999 0 255 0
-0.085345 0.783738 0.483158 0 255 0
-0.094383 0.799131 0.490391 0 255 0
-0.156947 0.783806 0.389949 0 255 0
-0.099524 0.754588 0.483940 0 255 0
-0.081481 0.658596 0.573981 0 255 0
-0.089251 0.634912 0.473237 0 255 0
-0.038461 0.664235 0.397971 0 255 0
-0.028921 0.654783 0.515872 0 255 0
-0.160377 0.745140 0.406976 0 255 0
-0.174202 0.715891 0.501502 0 255 0
-0.190611 0.685647 0.446518 0 255 0
-0.201888 0.607668 0.553831 0 255 0
-0.074144 0.735018 0.492384 0 255 0
-0.024701 0.674445 0.500901 0 255 0
-0.072296 0.747353 0.477996 0 255 0
-0.014768 0.698021 0.410720 0 255 0
-0.144093 0.655232 0.471078 0 255 0
-0.058952 0.673101 0.521908 0 255 0
-0.102183 0.667276 0.389220 0 255 0
-0.046273 0.663249 0.439824 0 255 0
-0.165058 0.762967 0.443468 0 255 0
-0.095218 0.709561 0.397342 0 255 0
-0.165204 0.776855 0.481384 0 255 0
-0.175483 0.745969 0.490795 0 255 0
-0.198936 0.739628 0.512126 0 255 0
-0.198444 0.791818 0.543578 0 255 0
-0.206021 0.698964 0.500596 0 255 0
-0.126708 0.796895 0.535098 0 255 0
-0.102265 0.724182 0.537575 0 255 0
-0.161039 0.746397 0.528957 0 255 0
-0.024240 0.839374 0.438143 0 255 0
-0.027892 0.768708 0.534143 0 255 0
-0.069857 0.729313 0.472256 0 255 0
-0.120392 0.837612 0.375622 0 255 0
-0.093747 0.718630 0.429204 0 255 0
-0.126324 0.823254 0.372227 0 255 0
-0.060010 0.684133 0.398652 0 255 0
-0.055603 0.823969 0.446927 0 255 0
-0.172547 0.884330 0.453332 0 255 0
-0.108958 0.808936 0.388093 0 255 0
-0.202994 0.769183 0.496446 0 255 0
-0.121796 0.814437 0.394964 0 255 0
-0.159116 0.819589 0.438818 0 255 0
-0.124863 0.889921 0.538110 0 255 0
-0.172934 0.820966 0.448672 0 255 0
-0.137579 0.879463 0.454233 0 255 0
-0.022957 0.837748 0.424359 0 255 0
-0.178825 0.896525 0.450205 0 255 0
0.046368 0.806965 0.387092 0 255 0
-0.016534 0.808006 0.472163 0 255 0
-0.073171 0.868494 0.380423 0 255 0
0.008513 0.798944 0.390669 0 255 0
-0.048733 0.774402 0.331251 0 255 0
-0.058140 0.862507 0.338598 0 255 0
-0.123928 0.771625 0.351116 0 255 0
-0.075224 0.797505 0.333958 0 255 0
-0.089039 0.825877 0.343316 0 255 0
-0.053754 0.855025 0.380557 0 255 0
-0.116334 0.852580 0.361906 0 255 0
-0.007385 0.876211 0.402331 0 255 0
-0.205651 0.817981 0.396343 0 255 0
-0.142452 0.784658 0.330681 0 255 0
-0.071882 0.856060 0.386287 0 255 0
-0.001045 0.378762 0.473550 0 255 0
-0.083685 0.324440 0.460031 0 255 0
-0.026505 0.348022 0.505699 0 255 0
-0.124032 0.337396 0.636953 0 255 0
-0.084863 0.405901 0.555712 0 255 0
-0.082772 0.443084 0.654562 0 255 0
-0.137665 0.460668 0.581458 0 255 0
-0.131807 0.436846 0.622907 0 255 0
-0.087070 0.508118 0.599919 0 255 0
-0.038991 0.632135 0.612120 0 255 0
-0.070335 0.545006 0.579348 0 255 0
-0.091629 0.618857 0.630449 0 255 0
-0.042647 0.661175 0.577421 0 255 0
-0.112073 0.676671 0.501307 0 255 0
-0.045607 0.595267 0.580742 0 255 0
-0.107124 0.610895 0.553270 0 255 0
0.017018 0.698581 0.527568 0 255 0
-0.074530 0.773847 0.490742 0 255 0
-0.126577 0.754800 0.563449 0 255 0
-0.073573 0.850681 0.558962 0 255 0
-0.070984 0.710716 0.429228 0 255 0
-0.026931 0.867813 0.410818 0 255 0
-0.112291 0.315790 0.695967 0 255 0
-0.166965 0.291003 0.538097 0 255 0
-0.117202 0.310726 0.634152 0 255 0
-0.066291 0.250715 0.612793 0 255 0
-0.050806 0.313682 0.594546 0 255 0
-0.113012 0.321842 0.611924 0 255 0
-0.032801 0.324366 0.598513 0 255 0
-0.128874 0.235740 0.580167 0 255 0
-0.135724 0.581807 0.609612 0 255 0
-0.185622 0.525065 0.555157 0 255 0
-0.111889 0.495777 0.483590 0 255 0
-0.145737 0.539117 0.482510 0 255 0
-0.088968 0.544219 0.629333 0 255 0
-0.076362 0.634377 0.579827 0 255 0
-0.196403 0.550081 0.652713 0 255 0
-0.165910 0.596656 0.643234 0 255 0
-0.068594 0.665836 0.682516 0 255 0
-0.042247 0.604179 0.571702 0 255 0
-0.143860 0.680941 0.542670 0 255 0
-0.053811 0.696231 0.525608 0 255 0
-0.133699 0.640287 0.446210 0 255 0
-0.136177 0.579714 0.446348 0 255 0
-0.125840 0.702597 0.461644 0 255 0
-0.079902 0.626343 0.544601 0 255 0
-0.071286 0.671864 0.422752 0 255 0
-0.104669 0.474404 0.569677 0 255 0
-0.073886 0.537160 0.612447 0 255 0
-0.160663 0.540821 0.628254 0 255 0
-0.122069 0.538493 0.659993 0 255 0
-0.177957 -0.041723 0.432011 0 255 0
-0.249006 0.030749 0.460065 0 255 0
-0.197268 -0.145730 0.600818 0 255 0
-0.123343 -0.099524 0.544313 0 255 0
-0.189185 -0.136323 0.637028 0 255 0
-0.234250 -0.083148 0.615396 0 255 0
-0.276879 -0.209968 0.610945 0 255 0
-0.186661 -0.064800 0.559485 0 255 0
-0.159114 -0.115990 0.578639 0 255 0
-0.239485 -0.174751 0.592046 0 255 0
-0.164366 -0.290610 0.476329 0 255 0
-0.262904 -0.271673 0.521940 0 255 0
-0.138140 -0.072216 0.643709 0 255 0
-0.094025 -0.079030 0.700302 0 255 0
-0.122940 -0.091546 0.637378 0 255 0
-0.048775 0.123390 0.665572 0 255 0
-0.136464 0.190859 0.606302 0 255 0
-0.172717 0.188833 0.597432 0 255 0
-0.170782 0.256151 0.659524 0 255 0
-0.081970 0.291222 0.584671 0 255 0
-0.013163 0.262447 0.694956 0 255 0
-0.142266 0.189064 0.572161 0 255 0
-0.021877 0.282624 0.626333 0 255 0
-0.183535 -0.020992 0.456900 0 255 0
-0.091927 -0.035224 0.417390 0 255 0
-0.169325 -0.254448 0.376518 0 255 0
-0.161130 -0.273235 0.350152 0 255 0
-0.127483 -0.168823 0.393534 0 255 0
-0.059037 -0.277131 0.453914 0 255 0
-0.110117 -0.197182 0.414652 0 255 0
-0.103095 -0.284625 0.394666 0 255 0
-0.145458 -0.326410 0.405967 0 255 0
-0.164254 -0.307756 0.416133 0 255 0
-0.092404 0.319095 0.596520 0 255 0
-0.017256 0.357573 0.550546 0 255 0
-0.061718 0.251952 0.552099 0 255 0
-0.058392 0.375888 0.575808 0 255 0
-0.162191 0.288419 0.514960 0 255 0
-0.036857 0.295210 0.616864 0 255 0
-0.054424 0.297604 0.610360 0 255 0
-0.188127 0.426415 0.559573 0 255 0
-0.282056 0.304602 0.605441 0 255 0
-0.128568 0.339367 0.410039 0 255 0
-0.219517 -0.477662 0.597957 0 255 0
-0.209697 -0.485983 0.583080 0 255 0
-0.247189 -0.446601 0.490106 0 255 0
-0.212879 -0.435843 0.496362 0 255 0
-0.138144 -0.171009 0.486241 0 255 0
-0.138337 -0.147394 0.391294 0 255 0
-0.082368 -0.310601 0.524819 0 255 0
-0.226703 -0.377235 0.419275 0 255 0
-0.152883 -0.306532 0.521626 0 255 0
-0.141195 -0.324793 0.372560 0 255 0
-0.141352 -0.332260 0.443342 0 255 0
-0.303195 -0.310251 0.398013 0 255 0
-0.222895 -0.330816 0.466737 0 255 0
-0.108037 -0.319016 0.487962 0 255 0
-0.250157 -0.306212 0.461815 0 255 0
-0.060541 0.273031 0.368261 0 255 0
-0.091392 0.195948 0.426360 0 255 0
-0.117152 0.080728 0.443484 0 255 0
-0.186131 -0.037609 0.421207 0 255 0
-0.091073 0.059458 0.432351 0 255 0
-0.129815 0.012430 0.377316 0 255 0
-0.191896 -0.101535 0.404504 0 255 0
-0.197550 -0.090809 0.476394 0 255 0
-0.095179 -0.239159 0.534460 0 255 0
-0.083373 -0.203195 0.625147 0 255 0
-0.109907 -0.225097 0.639514 0 255 0
-0.094732 -0.229885 0.667726 0 255 0
-0.210298 -0.433889 0.495229 0 255 0
-0.200386 -0.404539 0.516777 0 255 0
-0.283006 -0.470796 0.496813 0 255 0
-0.211712 -0.377394 0.485347 0 255 0
-0.245393 0.327051 0.446883 0 255 0
-0.209651 0.237175 0.501308 0 255 0
-0.208694 -0.069786 0.477813 0 255 0
-0.289884 -0.054222 0.456149 0 255 0
-0.212359 0.007329 0.489006 0 255 0
-0.154870 0.020736 0.494151 0 255 0
-0.306207 -0.094264 0.479550 0 255 0
-0.154202 -0.085747 0.471378 0 255 0
-0.283505 -0.125590 0.480402 0 255 0
-0.222122 -0.346385 0.510124 0 255 0
-0.213115 -0.278709 0.526293 0 255 0
-0.250368 -0.291420 0.506329 0 255 0
-0.132416 0.292818 0.675007 0 255 0
-0.152100 0.283160 0.615838 0 255 0
-0.085279 0.276319 0.612265 0 255 0
-0.034372 0.399346 0.588769 0 255 0
-0.068623 0.313153 0.571948 0 255 0
-0.119172 -0.311619 0.469706 0 255 0
-0.107793 -0.350791 0.491307 0 255 0
-0.192581 -0.347893 0.611365 0 255 0
-0.229785 -0.323935 0.525149 0 255 0
-0.203680 -0.199659 0.575601 0 255 0
-0.256593 -0.240756 0.493778 0 255 0
-0.227314 -0.225948 0.565831 0 255 0
-0.238982 -0.227597 0.522058 0 255 0
-0.212638 -0.190944 0.576114 0 255 0
-0.213710 -0.244364 0.504244 0 255 0
-0.172243 -0.287404 0.538793 0 255 0
-0.105654 -0.283744 0.518140 0 255 0
-0.122656 -0.225283 0.551643 0 255 0
-0.184394 -0.367281 0.562483 0 255 0
-0.139552 -0.203454 0.549237 0 255 0
-0.120854 -0.277247 0.608747 0 255 0
-0.142508 -0.312031 0.548548 0 255 0
-0.069258 -0.249288 0.554683 0 255 0
-0.121737 -0.265783 0.493780 0 255 0
-0.095296 -0.337356 0.568411 0 255 0
-0.110032 -0.264907 0.500259 0 255 0
-0.196586 -0.266776 0.570974 0 255 0
-0.137031 -0.301642 0.393772 0 255 0
-0.115069 -0.338411 0.317807 0 255 0
-0.129673 -0.251760 0.399844 0 255 0
-0.066320 -0.268247 0.441505 0 255 0
-0.127599 -0.240980 0.365441 0 255 0
-0.136864 -0.286744 0.351116 0 255 0
-0.075278 -0.306952 0.489355 0 255 0
-0.159537 -0.313168 0.529137 0 255 0
-0.039122 -0.310170 0.568259 0 255 0
-0.134494 -0.560458 0.464093 0 255 0
-0.154978 -0.501480 0.443329 0 255 0
-0.131211 -0.398690 0.413508 0 255 0
-0.098554 -0.317063 0.416727 0 255 0
-0.142242 -0.484969 0.452813 0 255 0
-0.187551 -0.388775 0.432118 0 255 0
-0.213174 -0.320633 0.512568 0 255 0
-0.143738 -0.370474 0.509583 0 255 0
-0.110858 -0.336849 0.507325 0 255 0
-0.167964 -0.320814 0.503467 0 255 0
-0.117606 -0.322750 0.503885 0 255 0
-0.282780 0.276113 0.525452 0 255 0
-0.195098 0.252727 0.602736 0 255 0
-0.170307 0.035416 0.588242 0 255 0
-0.228858 0.088756 0.566676 0 255 0
-0.074642 -0.026360 0.644756 0 255 0
-0.079731 -0.022836 0.695646 0 255 0
-0.091825 -0.020632 0.674856 0 255 0
-0.072623 -0.013390 0.604378 0 255 0
-0.087828 -0.138258 0.592314 0 255 0
-0.029973 -0.069332 0.568422 0 255 0
-0.100383 -0.375661 0.510255 0 255 0
-0.091033 -0.001536 0.593863 0 255 0
-0.086802 0.048096 0.626927 0 255 0
-0.113559 0.106851 0.689752 0 255 0
-0.114867 0.122545 0.642618 0 255 0
0.033614 0.118912 0.642644 0 255 0
-0.072504 0.065443 0.577392 0 255 0
-0.082658 0.253592 0.690297 0 255 0
-0.070873 0.275343 0.580269 0 255 0
-0.129766 -0.411826 0.552250 0 255 0
-0.151244 -0.370167 0.489629 0 255 0
-0.124137 -0.334238 0.454337 0 255 0
-0.149603 -0.409897 0.492873 0 255 0
-0.118544 0.019825 0.658136 0 255 0
-0.079346 0.034596 0.614137 0 255 0
-0.267525 -0.229611 0.585531 0 255 0
-0.205970 -0.255014 0.553357 0 255 0
-0.095206 -0.112272 0.540902 0 255 0
-0.085552 -0.184266 0.544164 0 255 0
-0.159507 -0.257269 0.610556 0 255 0
-0.227969 -0.201956 0.700873 0 255 0
-0.154075 -0.137209 0.649411 0 255 0
-0.079284 0.231944 0.552919 0 255 0
-0.020477 0.295746 0.608095 0 255 0
-0.255127 -0.359710 0.493011 0 255 0
-0.243490 -0.328048 0.496806 0 255 0
-0.180649 -0.399201 0.436341 0 255 0
-0.240381 -0.369393 0.453783 0 255 0
-0.090524 0.345224 0.576282 0 255 0
-0.124760 0.338763 0.502421 0 255 0
-0.145914 0.355136 0.438635 0 255 0
-0.007601 0.322591 0.493515 0 255 0
-0.038428 0.385338 0.571258 0 255 0
-0.119983 0.253610 0.493844 0 255 0
-0.119801 0.354963 0.649287 0 255 0
-0.120440 0.425132 0.661897 0 255 0
-0.163661 0.465425 0.637862 0 255 0
-0.101504 0.424800 0.633497 0 255 0
-0.173271 0.662960 0.597283 0 255 0
-0.105562 0.653710 0.562073 0 255 0
-0.118191 0.763013 0.509260 0 255 0
-0.112709 0.789615 0.514468 0 255 0
-0.023966 0.791073 0.506462 0 255 0
-0.031052 0.830630 0.482432 0 255 0
-0.093642 0.888134 0.497042 0 255 0
-0.169905 -0.506857 0.478121 0 255 0
-0.216601 -0.504470 0.433433 0 255 0
-0.228933 -0.444281 0.573224 0 255 0
-0.159995 -0.521083 0.473920 0 255 0
-0.184427 -0.387366 0.511734 0 255 0
-0.194418 -0.500057 0.455984 0 255 0
-0.200491 -0.354416 0.505674 0 255 0
-0.213556 -0.439864 0.619302 0 255 0
-0.125596 -0.554798 0.542596 0 255 0
-0.247687 -0.396471 0.542378 0 255 0
-0.151038 -0.537870 0.546128 0 255 0
-0.177701 -0.487679 0.556470 0 255 0
-0.214144 -0.430769 0.545627 0 255 0
-0.225060 -0.406845 0.505104 0 255 0
-0.217674 -0.469801 0.578950 0 255 0
-0.224221 -0.519116 0.500959 0 255 0
-0.201841 -0.493116 0.487518 0 255 0
-0.271102 -0.478292 0.469786 0 255 0
-0.210217 -0.447127 0.463235 0 255 0
-0.112614 -0.454323 0.612010 0 255 0
-0.103256 -0.465171 0.488314 0 255 0
-0.140190 -0.480583 0.528117 0 255 0
-0.168562 -0.428430 0.576548 0 255 0
-0.190233 -0.401809 0.416487 0 255 0
-0.229228 -0.400670 0.404868 0 255 0
-0.095082 -0.287019 0.546798 0 255 0
-0.228026 -0.309116 0.570638 0 255 0
-0.167400 -0.266932 0.485814 0 255 0
-0.228174 -0.321897 0.559309 0 255 0
-0.143777 -0.358923 0.499987 0 255 0
-0.138339 -0.472061 0.477010 0 255 0
-0.138639 -0.411797 0.447487 0 255 0
-0.197199 -0.379546 0.447544 0 255 0
-0.129014 -0.395650 0.515623 0 255 0
-0.164910 -0.419052 0.552368 0 255 0
-0.246987 -0.341947 0.536370 0 255 0
-0.113432 -0.351247 0.575530 0 255 0
-0.274860 -0.449601 0.651379 0 255 0
-0.256902 -0.472651 0.501681 0 255 0
-0.187776 -0.388118 0.506232 0 255 0
-0.119710 -0.402220 0.477775 0 255 0
-0.177405 -0.271584 0.516376 0 255 0
-0.225719 -0.215795 0.527849 0 255 0
-0.307382 -0.210107 0.508891 0 255 0
-0.154515 -0.173449 0.603745 0 255 0
-0.220926 -0.186235 0.668587 0 255 0
-0.165022 -0.193404 0.594363 0 255 0
-0.254211 -0.107881 0.590829 0 255 0
-0.226431 -0.120791 0.621463 0 255 0
-0.213611 -0.175108 0.579963 0 255 0
-0.067994 -0.136706 0.609896 0 255 0
-0.075683 -0.335768 0.545706 0 255 0
-0.177275 -0.369867 0.540069 0 255 0
-0.145791 -0.393384 0.520397 0 255 0
-0.239561 -0.397411 0.551588 0 255 0
-0.217889 -0.446490 0.577762 0 255 0
-0.218215 -0.403608 0.533078 0 255 0
-0.291425 -0.317981 0.514118 0 255 0
-0.245428 -0.164562 0.469552 0 255 0
-0.249774 -0.178253 0.516113 0 255 0
-0.294479 -0.141279 0.406062 0 255 0
-0.220309 -0.160898 0.407998 0 255 0
-0.235318 -0.377641 0.518445 0 255 0
-0.278411 -0.382850 0.392751 0 255 0
-0.244310 -0.364553 0.394554 0 255 0
-0.197907 -0.371265 0.411732 0 255 0
-0.211238 -0.376897 0.446987 0 255 0
-0.262863 -0.338548 0.397354 0 255 0
-0.208968 -0.436479 0.397541 0 255 0
-0.200651 -0.337155 0.446781 0 255 0
-0.265044 0.235572 0.472493 0 255 0
-0.201512 0.277031 0.430182 0 255 0
-0.230121 0.069044 0.598722 0 255 0
-0.212216 0.139996 0.606503 0 255 0
-0.188201 0.185344 0.643900 0 255 0
-0.149748 0.292001 0.574136 0 255 0
-0.035527 0.242578 0.607220 0 255 0
-0.081456 0.365117 0.576124 0 255 0
-0.189487 0.211134 0.554912 0 255 0
-0.094243 0.369905 0.567077 0 255 0
-0.081658 0.324576 0.571891 0 255 0
-0.128868 0.481051 0.497399 0 255 0
-0.136884 0.413364 0.516989 0 255 0
-0.143193 0.432050 0.461494 0 255 0
-0.112603 0.445342 0.457919 0 255 0
-0.165882 0.443596 0.434748 0 255 0
-0.148170 0.440195 0.502630 0 255 0
-0.180821 0.549415 0.656506 0 255 0
-0.120013 0.598661 0.395846 0 255 0
-0.025193 0.711242 0.469496 0 255 0
-0.088822 0.706918 0.438124 0 255 0
-0.056988 0.688364 0.401215 0 255 0
-0.104144 0.661009 0.499121 0 255 0
-0.125991 0.619070 0.413323 0 255 0
-0.042464 0.826747 0.445536 0 255 0
-0.054121 0.739733 0.379380 0 255 0
-0.143482 0.760504 0.428537 0 255 0
-0.151157 0.763172 0.389984 0 255 0
-0.025795 0.800233 0.391983 0 255 0
-0.108665 0.289105 0.527539 0 255 0
-0.054010 0.304330 0.525742 0 255 0
-0.225449 0.286172 0.624288 0 255 0
-0.227189 0.304052 0.609716 0 255 0
-0.150358 0.365796 0.628813 0 255 0
-0.169393 0.287494 0.617818 0 255 0
-0.123684 0.018804 0.682328 0 255 0
-0.153622 0.008653 0.613948 0 255 0
-0.190164 -0.048142 0.604637 0 255 0
-0.182522 -0.046935 0.593995 0 255 0
-0.159138 -0.004998 0.559670 0 255 0
-0.215237 -0.030116 0.552770 0 255 0
-0.295437 -0.031347 0.528167 0 255 0
-0.166629 -0.032549 0.553822 0 255 0
-0.259667 0.089442 0.556906 0 255 0
-0.170688 -0.018601 0.552748 0 255 0
-0.246902 -0.003323 0.465671 0 255 0
-0.237699 0.046363 0.493853 0 255 0
-0.151567 -0.014690 0.453174 0 255 0
-0.141850 -0.062848 0.476744 0 255 0
-0.143799 -0.031244 0.407539 0 255 0
-0.173039 -0.065476 0.538903 0 255 0
-0.089023 0.211528 0.613776 0 255 0
-0.075041 0.297592 0.524625 0 255 0
-0.073071 0.375409 0.599082 0 255 0
-0.110418 0.247691 0.594050 0 255 0
-0.121224 0.329436 0.658633 0 255 0
-0.224319 -0.377276 0.567963 0 255 0
-0.224124 -0.220087 0.477755 0 255 0
-0.248131 -0.290771 0.548793 0 255 0
-0.244547 -0.391740 0.422262 0 255 0
-0.250745 -0.371975 0.457019 0 255 0
-0.123875 -0.376618 0.567975 0 255 0
-0.180139 -0.365972 0.488705 0 255 0
-0.214702 -0.312724 0.504895 0 255 0
-0.110128 -0.395660 0.491647 0 255 0
-0.139737 0.134512 0.572504 0 255 0
-0.254752 0.204267 0.613687 0 255 0
-0.190719 0.195972 0.562313 0 255 0
-0.036834 0.300321 0.561391 0 255 0
-0.085609 0.229202 0.569522 0 255 0
-0.105420 0.355013 0.643241 0 255 0
-0.216699 0.522258 0.528114 0 255 0
-0.086397 0.487884 0.532885 0 255 0
-0.059048 0.477257 0.554187 0 255 0
-0.021737 0.513632 0.595144 0 255 0
-0.087136 0.592450 0.499747 0 255 0
-0.102304 0.617914 0.435977 0 255 0
-0.135160 0.623542 0.531016 0 255 0
-0.042388 0.587331 0.565264 0 255 0
-0.046324 0.620027 0.585440 0 255 0
-0.061689 0.701273 0.469944 0 255 0
-0.114434 0.714376 0.447739 0 255 0
-0.054748 0.731880 0.542526 0 255 0
-0.038744 0.766469 0.425183 0 255 0
0.021582 0.763566 0.475454 0 255 0
-0.056133 0.833199 0.442572 0 255 0
-0.064297 0.881211 0.324334 0 255 0
-0.093013 0.361330 0.507917 0 255 0
-0.146373 0.197602 0.508358 0 255 0
-0.142131 -0.348232 0.537916 0 255 0
-0.211751 -0.197079 0.532448 0 255 0
-0.227047 -0.260900 0.475464 0 255 0
-0.177954 -0.429651 0.552777 0 255 0
-0.058466 0.298303 0.483571 0 255 0
-0.037983 0.285303 0.463001 0 255 0
-0.214054 -0.431226 0.576989 0 255 0
-0.295391 -0.488400 0.480977 0 255 0
-0.197417 -0.392604 0.484993 0 255 0
-0.225680 -0.237074 0.471026 0 255 0
-0.267793 -0.265709 0.557116 0 255 0
-0.023241 -0.632582 0.493763 0 255 0
-0.038528 -0.583747 0.452388 0 255 0
-0.122311 -0.572269 0.486817 0 255 0
-0.101870 -0.635516 0.465640 0 255 0
-0.067733 -0.534406 0.458985 0 255 0
-0.008652 -0.555369 0.504514 0 255 0
-0.172785 -0.616958 0.535787 0 255 0
-0.006679 -0.624358 0.453703 0 255 0
-0.048195 -0.721972 0.455714 0 255 0
-0.078755 -0.615693 0.555360 0 255 0
-0.062529 -0.638424 0.455496 0 255 0
-0.114153 -0.591181 0.496800 0 255 0
-0.100150 -0.659434 0.456487 0 255 0
-0.052846 -0.654847 0.459005 0 255 0
-0.105632 -0.639238 0.549251 0 255 0
0.004083 -0.634748 0.546940 0 255 0
-0.098574 -0.645226 0.486469 0 255 0
-0.030929 -0.662919 0.504946 0 255 0
-0.192467 -0.625692 0.576760 0 255 0
-0.139882 -0.522848 0.541112 0 255 0
-0.126659 -0.567652 0.532207 0 255 0
-0.095183 -0.525509 0.592683 0 255 0
-0.162045 -0.610898 0.396350 0 255 0
-0.077213 -0.618853 0.472061 0 255 0
-0.107104 -0.581735 0.384923 0 255 0
-0.097836 -0.590585 0.414155 0 255 0
-0.055304 -0.552874 0.529140 0 255 0
-0.121609 -0.543069 0.494261 0 255 0
-0.083718 -0.534305 0.534371 0 255 0
-0.085731 -0.540219 0.526488 0 255 0
-0.123109 -0.594546 0.422361 0 255 0
-0.147503 -0.609912 0.502202 0 255 0
-0.014599 -0.628477 0.437846 0 255 0
-0.079779 -0.613396 0.493264 0 255 0
-0.114022 -0.534100 0.447679 0 255 0
-0.066756 -0.577775 0.486137 0 255 0
0.000773 -0.653197 0.495094 0 255 0
-0.093063 -0.585758 0.493864 0 255 0
-0.092537 -0.587878 0.470090 0 255 0
-0.093133 -0.574517 0.516517 0 255 0
-0.102762 -0.620407 0.427979 0 255 0
-0.077974 -0.618575 0.442393 0 255 0
0.012823 -0.519637 0.504189 0 255 0
-0.021592 -0.588106 0.434933 0 255 0
-0.105100 -0.613292 0.493507 0 255 0
-0.030502 -0.633723 0.513342 0 255 0
0.067431 -0.621972 0.433315 0 255 0
-0.134412 -0.583084 0.574884 0 255 0
-0.066001 -0.575244 0.574739 0 255 0
-0.054181 -0.616979 0.554399 0 255 0
-0.092679 -0.532695 0.550538 0 255 0
-0.085950 -0.602451 0.475562 0 255 0
-0.163969 -0.656527 0.450786 0 255 0
-0.162644 -0.657476 0.463505 0 255 0
-0.137199 -0.678625 0.428683 0 255 0
-0.071079 -0.656300 0.495432 0 255 0
-0.135196 -0.586456 0.494492 0 255 0
-0.192222 -0.588750 0.554529 0 255 0
-0.121171 -0.560929 0.468940 0 255 0
-0.086725 -0.643943 0.518883 0 255 0
-0.117878 -0.667018 0.550560 0 255 0
-0.086596 -0.584310 0.451456 0 255 0
-0.116368 -0.529607 0.517735 0 255 0
-0.106725 -0.651875 0.573808 0 255 0
-0.058354 -0.577075 0.515124 0 255 0
-0.141233 -0.593113 0.535041 0 255 0
-0.139829 -0.540543 0.522463 0 255 0
-0.156471 -0.626795 0.526117 0 255 0
-0.150474 -0.484123 0.524951 0 255 0
-0.198763 -0.590801 0.468615 0 255 0
-0.182922 -0.592057 0.483635 0 255 0
-0.145693 -0.591076 0.460929 0 255 0
-0.197639 -0.555614 0.504609 0 255 0
-0.199179 -0.661092 0.468826 0 255 0
-0.201282 -0.552754 0.567951 0 255 0
-0.178057 -0.559865 0.507226 0 255 0
-0.210082 -0.535237 0.461117 0 255 0
-0.153914 -0.580173 0.410995 0 255 0
-0.164789 -0.573195 0.474996 0 255 0
-0.145385 -0.582956 0.474080 0 255 0
-0.212610 -0.580921 0.537888 0 255 0
-0.156331 -0.611444 0.552603 0 255 0
-0.205902 -0.580543 0.550946 0 255 0
-0.107817 -0.552848 0.563646 0 255 0
-0.138256 -0.529904 0.550620 0 255 0
-0.120547 -0.569916 0.471875 0 255 0
-0.203713 -0.570972 0.501604 0 255 0
-0.217921 -0.549769 0.566946 0 255 0
-0.217043 -0.522487 0.567889 0 255 0
-0.245936 -0.506686 0.547763 0 255 0
-0.190442 -0.542732 0.534009 0 255 0
-0.176380 -0.502984 0.593535 0 255 0
-0.225916 -0.525198 0.493998 0 255 0
-0.129637 -0.500913 0.476370 0 255 0
-0.203705 -0.563609 0.520181 0 255 0
-0.206099 -0.578654 0.489598 0 255 0
-0.258572 -0.486734 0.515966 0 255 0
-0.167035 -0.605503 0.519220 0 255 0
-0.218661 -0.608735 0.528867 0 255 0
-0.126788 -0.530957 0.527351 0 255 0
-0.144628 -0.568939 0.573812 0 255 0
-0.193643 -0.514774 0.498627 0 255 0
-0.112546 -0.591828 0.562414 0 255 0
-0.163001 -0.521070 0.511559 0 255 0
-0.180479 -0.517924 0.536678 0 255 0
-0.121299 -0.483497 0.474316 0 255 0
-0.159564 -0.574712 0.498246 0 255 0
-0.133222 -0.532182 0.515188 0 255 0
-0.217446 -0.521041 0.520346 0 255 0
-0.150911 -0.469995 0.466990 0 255 0
-0.127291 -0.591197 0.473527 0 255 0
-0.121157 -0.556351 0.589411 0 255 0
-0.192520 -0.618615 0.519197 0 255 0
-0.189138 -0.639956 0.559480 0 255 0
-0.254123 -0.590328 0.496488 0 255 0
-0.143586 -0.544080 0.593411 0 255 0
-0.193472 -0.580819 0.543600 0 255 0
-0.129032 -0.512185 0.452793 0 255 0
-0.165157 -0.539945 0.489672 0 255 0
-0.168826 -0.536118 0.543002 0 255 0
-0.202717 -0.598496 0.452600 0 255 0
-0.163380 -0.548034 0.563322 0 255 0
-0.227530 -0.548518 0.539136 0 255 0
-0.150320 -0.533322 0.481714 0 255 0
-0.202210 -0.542262 0.558066 0 255 0
-0.199421 -0.553335 0.523646 0 255 0
-0.141771 -0.529039 0.592202 0 255 0
-0.165158 -0.541133 0.513901 0 255 0
-0.123399 -0.423419 0.589424 0 255 0
-0.097875 -0.454069 0.500251 0 255 0
-0.150813 -0.515853 0.522227 0 255 0
-0.109971 -0.574951 0.537644 0 255 0
-0.198148 -0.518569 0.553266 0 255 0
-0.121938 -0.514358 0.518146 0 255 0
-0.203553 -0.505985 0.466820 0 255 0
-0.205533 -0.535895 0.424742 0 255 0
-0.254837 -0.506804 0.490405 0 255 0
-0.198099 -0.539063 0.535547 0 255 0
-0.158143 -0.496634 0.511980 0 255 0
-0.077215 -0.654749 0.441224 0 255 0
-0.117074 -0.594188 0.492285 0 255 0
-0.085945 -0.649236 0.492078 0 255 0
-0.117314 -0.677153 0.381044 0 255 0
-0.074950 -0.694847 0.487714 0 255 0
-0.047603 -0.620040 0.465422 0 255 0
-0.070580 -0.575289 0.503553 0 255 0
-0.069779 -0.660105 0.521377 0 255 0
-0.031733 -0.670285 0.435892 0 255 0
-0.200140 -0.538173 0.483810 0 255 0
-0.105255 -0.546937 0.506500 0 255 0
-0.202408 -0.569396 0.514167 0 255 0
-0.213689 -0.573016 0.555376 0 255 0
-0.141258 -0.619717 0.506690 0 255 0
-0.059934 -0.541675 0.476397 0 255 0
-0.130347 -0.611518 0.520757 0 255 0
-0.120060 -0.569627 0.547086 0 255 0
-0.136848 -0.550004 0.520164 0 255 0
-0.235841 -0.552397 0.523793 0 255 0
-0.226804 -0.445485 0.502303 0 255 0
-0.172509 -0.564679 0.508409 0 255 0
-0.162740 -0.638785 0.599936 0 255 0
-0.146905 -0.481817 0.437617 0 255 0
-0.173242 -0.537948 0.492798 0 255 0
-0.176645 -0.554452 0.521455 0 255 0
-0.230520 -0.505296 0.492515 0 255 0
-0.196826 -0.566592 0.478548 0 255 0
-0.184718 -0.510424 0.527688 0 255 0
-0.150223 -0.580677 0.537045 0 255 0
-0.157419 -0.532854 0.493801 0 255 0
-0.154828 -0.584016 0.533008 0 255 0
-0.191167 -0.518780 0.493611 0 255 0
-0.180672 -0.555258 0.539967 0 255 0
-0.260929 -0.463580 0.528340 0 255 0
-0.218770 -0.524767 0.471822 0 255 0
-0.249736 -0.575054 0.522604 0 255 0
-0.059821 -0.602828 0.501210 0 255 0
-0.115108 -0.610083 0.555407 0 255 0
-0.101820 -0.583258 0.542583 0 255 0
-0.142411 -0.530183 0.488586 0 255 0
-0.191126 -0.486195 0.487185 0 255 0
-0.130160 -0.655570 0.478722 0 255 0
-0.060224 -0.561862 0.458989 0 255 0
-0.187232 -0.596429 0.529418 0 255 0
-0.032503 -0.619525 0.567015 0 255 0
-0.108237 -0.571672 0.476417 0 255 0
-0.113924 -0.630140 0.566222 0 255 0
-0.097157 -0.642097 0.468795 0 255 0
-0.182514 -0.616670 0.572479 0 255 0
-0.131165 -0.537980 0.533811 0 255 0
-0.169910 -0.567582 0.597967 0 255 0
-0.173249 -0.680093 0.607327 0 255 0
-0.170256 -0.449014 0.489018 0 255 0
-0.226355 -0.603222 0.500443 0 255 0
-0.184196 -0.617783 0.444062 0 255 0
-0.181211 -0.533819 0.502303 0 255 0
-0.051854 -0.592512 0.503733 0 255 0
-0.084798 -0.555551 0.447335 0 255 0
-0.134376 -0.476673 0.515817 0 255 0
-0.090936 -0.542097 0.500523 0 255 0
-0.212195 -0.573045 0.508420 0 255 0
-0.185957 -0.547145 0.569403 0 255 0
-0.185195 -0.597516 0.513438 0 255 0
-0.151575 -0.425544 0.530082 0 255 0
-0.107236 -0.533778 0.477123 0 255 0
-0.045276 -0.575192 0.543638 0 255 0
-0.154533 -0.525184 0.491173 0 255 0
-0.148241 -0.633870 0.426032 0 255 0
-0.064463 -0.226758 0.347375 0 255 0
-0.116047 -0.225016 0.423396 0 255 0
-0.177800 -0.186241 0.391633 0 255 0
-0.270727 -0.190140 0.653793 0 255 0
-0.132313 -0.111624 0.546333 0 255 0
-0.215641 -0.066949 0.627793 0 255 0
-0.261162 -0.201416 0.518980 0 255 0
-0.281149 -0.152089 0.467706 0 255 0
-0.222765 -0.270066 0.498131 0 255 0
-0.122510 -0.259060 0.553168 0 255 0
-0.242006 -0.148652 0.645432 0 255 0
-0.120576 -0.497882 0.492622 0 255 0
-0.084524 -0.451110 0.418019 0 255 0
-0.069940 -0.562322 0.546229 0 255 0
-0.034553 0.089361 0.568732 0 255 0
-0.066968 0.081459 0.634325 0 255 0
-0.076909 0.079294 0.661677 0 255 0
-0.108051 -0.446815 0.474416 0 255 0
-0.105291 -0.504332 0.518876 0 255 0
-0.046556 -0.479526 0.486762 0 255 0
-0.145252 -0.487338 0.498137 0 255 0
-0.122497 -0.579181 0.463423 0 255 0
-0.141184 -0.469360 0.477597 0 255 0
-0.117627 -0.431327 0.415641 0 255 0
-0.136044 -0.486967 0.469082 0 255 0
-0.035132 -0.475322 0.509695 0 255 0
-0.129159 0.086286 0.404228 0 255 0
-0.058423 0.108854 0.382427 0 255 0
-0.105718 0.135766 0.435143 0 255 0
-0.108031 0.081738 0.495132 0 255 0
-0.089201 0.119775 0.421370 0 255 0
-0.093875 0.029839 0.452158 0 255 0
-0.096038 0.098841 0.421034 0 255 0
-0.250388 0.196080 0.400863 0 255 0
-0.238926 0.130036 0.521315 0 255 0
-0.238775 0.156991 0.426822 0 255 0
-0.198433 0.172967 0.421217 0 255 0
-0.269651 0.056977 0.408238 0 255 0
-0.270378 0.143594 0.578592 0 255 0
-0.268892 0.142911 0.478321 0 255 0
-0.256744 0.149655 0.538421 0 255 0
-0.294307 0.105917 0.527005 0 255 0
-0.257773 0.159444 0.576106 0 255 0
-0.339620 0.211366 0.547938 0 255 0
-0.240221 0.146033 0.620198 0 255 0
-0.238209 0.205501 0.611412 0 255 0
-0.166973 0.081789 0.678945 0 255 0
-0.210718 0.142904 0.592294 0 255 0
-0.158963 0.174243 0.630064 0 255 0
-0.125091 0.138701 0.710180 0 255 0
-0.132398 0.180322 0.592899 0 255 0
-0.053884 0.231662 0.649612 0 255 0
-0.083058 0.206539 0.606120 0 255 0
-0.081105 0.172063 0.624013 0 255 0
-0.053711 0.227585 0.626368 0 255 0
-0.167001 -0.349933 0.460209 0 255 0
-0.163312 -0.253361 0.451613 0 255 0
-0.232476 -0.309726 0.421553 0 255 0
-0.189776 -0.256000 0.411026 0 255 0
-0.167196 -0.327157 0.380721 0 255 0
-0.136947 -0.303009 0.367350 0 255 0
-0.190445 -0.296088 0.407024 0 255 0
-0.243891 -0.287825 0.392316 0 255 0
-0.144925 -0.227390 0.403543 0 255 0
-0.196742 -0.278162 0.411604 0 255 0
-0.174200 -0.342312 0.401661 0 255 0
-0.195814 -0.242737 0.390964 0 255 0
-0.062722 -0.228563 0.309969 0 255 0
-0.197990 -0.319481 0.383018 0 255 0
-0.219624 -0.341110 0.403326 0 255 0
-0.195145 -0.343086 0.492005 0 255 0
-0.067923 -0.297409 0.385590 0 255 0
-0.233050 -0.240157 0.427704 0 255 0
-0.221829 -0.267786 0.425840 0 255 0
-0.233003 -0.279532 0.468251 0 255 0
-0.170550 -0.293275 0.473291 0 255 0
-0.213866 -0.293687 0.446924 0 255 0
-0.204319 -0.331335 0.500658 0 255 0
-0.235510 -0.340816 0.412422 0 255 0
-0.236410 -0.341882 0.407495 0 255 0
-0.201815 -0.301753 0.383885 0 255 0
-0.152820 -0.147489 0.387136 0 255 0
-0.217020 -0.168075 0.436454 0 255 0
-0.189287 -0.178717 0.412187 0 255 0
-0.215292 -0.225417 0.544110 0 255 0
-0.273061 -0.157884 0.411988 0 255 0
-0.240207 -0.227431 0.466525 0 255 0
-0.222219 -0.296758 0.475184 0 255 0
-0.216792 -0.253017 0.474347 0 255 0
-0.127609 -0.367072 0.472872 0 255 0
-0.210178 -0.295837 0.572597 0 255 0
-0.204210 -0.291885 0.495892 0 255 0
-0.241272 -0.338912 0.435491 0 255 0
-0.256090 -0.248714 0.525554 0 255 0
-0.308454 -0.260139 0.427618 0 255 0
-0.244106 -0.260290 0.487415 0 255 0
-0.180976 -0.315024 0.464063 0 255 0
-0.229479 -0.336018 0.433481 0 255 0
-0.181404 -0.368515 0.482955 0 255 0
-0.259304 -0.342788 0.452543 0 255 0
-0.351033 -0.353049 0.450784 0 255 0
-0.220045 -0.372211 0.498772 0 255 0
-0.175459 -0.303321 0.463456 0 255 0
-0.223003 -0.228964 0.474715 0 255 0
-0.330669 -0.314220 0.446164 0 255 0
-0.194557 -0.404175 0.501845 0 255 0
-0.254302 -0.333860 0.444510 0 255 0
-0.193024 -0.407161 0.432540 0 255 0
-0.166562 -0.322785 0.482796 0 255 0
-0.271094 -0.323981 0.460280 0 255 0
-0.161997 -0.362245 0.425579 0 255 0
-0.165168 -0.307626 0.489904 0 255 0
-0.130044 -0.277885 0.506936 0 255 0
-0.237569 -0.406926 0.538766 0 255 0
-0.244033 -0.273173 0.509723 0 255 0
-0.280818 -0.274177 0.531156 0 255 0
-0.218389 -0.364893 0.504635 0 255 0
-0.117335 -0.287559 0.530226 0 255 0
-0.212812 -0.379446 0.497251 0 255 0
-0.179959 -0.302314 0.563457 0 255 0
-0.176640 -0.363190 0.508818 0 255 0
-0.223184 -0.312188 0.455994 0 255 0
-0.228071 -0.350617 0.477792 0 255 0
-0.224040 -0.356454 0.523349 0 255 0
-0.282701 -0.333120 0.579596 0 255 0
-0.203635 -0.362539 0.479187 0 255 0
-0.174279 -0.205657 0.457992 0 255 0
-0.195247 -0.337711 0.483911 0 255 0
-0.188846 -0.302521 0.451379 0 255 0
-0.177654 -0.320392 0.452213 0 255 0
-0.263171 -0.357496 0.403654 0 255 0
-0.232023 -0.264246 0.472703 0 255 0
-0.151906 -0.268122 0.442213 0 255 0
-0.205158 -0.325954 0.406346 0 255 0
-0.244736 -0.321484 0.464791 0 255 0
-0.250580 -0.342227 0.501374 0 255 0
-0.245139 -0.345768 0.513222 0 255 0
-0.226483 -0.322562 0.434845 0 255 0
-0.272394 -0.287342 0.413438 0 255 0
-0.243473 -0.341012 0.497970 0 255 0
-0.169323 -0.359039 0.497683 0 255 0
-0.140659 -0.324531 0.578244 0 255 0
-0.184257 -0.283397 0.498648 0 255 0
-0.141994 -0.314702 0.490518 0 255 0
-0.212651 -0.286922 0.517251 0 255 0
-0.202750 -0.298084 0.636508 0 255 0
-0.088066 -0.306401 0.482280 0 255 0
-0.202158 -0.547908 0.547222 0 255 0
-0.237444 -0.295795 0.514569 0 255 0
-0.225796 -0.346580 0.501047 0 255 0
-0.165070 -0.358155 0.500476 0 255 0
-0.311587 -0.389447 0.502250 0 255 0
0.043540 -0.360627 0.503618 0 255 0
-0.012141 -0.339323 0.494350 0 255 0
0.032821 -0.442081 0.513500 0 255 0
0.047229 -0.326131 0.535194 0 255 0
-0.265614 -0.530792 0.530622 0 255 0
-0.208368 -0.630134 0.468080 0 255 0
-0.203506 -0.555862 0.474037 0 255 0
-0.129945 -0.613050 0.460740 0 255 0
-0.071463 -0.607677 0.416427 0 255 0
-0.054461 -0.551036 0.456293 0 255 0
-0.138880 -0.530888 0.531069 0 255 0
-0.080862 -0.556239 0.501671 0 255 0
-0.166808 -0.604030 0.529548 0 255 0
0.053201 -0.607962 0.436611 0 255 0
0.026963 -0.606879 0.395231 0 255 0
0.027079 -0.622131 0.506728 0 255 0
0.043667 -0.628761 0.461531 0 255 0
0.037452 -0.634377 0.421062 0 255 0
-0.049802 -0.587939 0.486569 0 255 0
0.000626 -0.634822 0.477348 0 255 0
0.005388 -0.607601 0.477717 0 255 0
0.029898 -0.703905 0.503855 0 255 0
0.015821 -0.634633 0.468867 0 255 0
-0.002087 -0.666860 0.477565 0 255 0
-0.003165 -0.633097 0.570348 0 255 0
0.003587 -0.630266 0.464984 0 255 0
0.045960 -0.631550 0.544201 0 255 0
0.006014 -0.639990 0.460715 0 255 0
0.009086 -0.672387 0.543810 0 255 0
0.057780 -0.750613 0.468246 0 255 0
-0.020937 -0.690523 0.410476 0 255 0
0.098873 -0.675127 0.540847 0 255 0
0.027308 -0.705734 0.438137 0 255 0
0.022676 -0.708588 0.575749 0 255 0
-0.042070 -0.708607 0.452557 0 255 0
0.034196 -0.707794 0.461401 0 255 0
0.000742 -0.635551 0.468645 0 255 0
-0.013640 -0.667097 0.428483 0 255 0
-0.040224 -0.707466 0.431773 0 255 0
0.052044 -0.648787 0.498420 0 255 0
0.063999 -0.613574 0.457366 0 255 0
-0.058399 -0.638584 0.431965 0 255 0
-0.005848 -0.674030 0.479397 0 255 0
0.046133 -0.603268 0.464085 0 255 0
-0.003063 -0.672873 0.464083 0 255 0
0.039002 -0.578285 0.492952 0 255 0
0.009255 -0.594003 0.506675 0 255 0
-0.065575 -0.564588 0.539466 0 255 0
-0.010877 -0.622015 0.466294 0 255 0
-0.000736 -0.699971 0.539768 0 255 0
0.033177 -0.717905 0.522645 0 255 0
0.079055 -0.627942 0.493319 0 255 0
0.007968 -0.573161 0.464468 0 255 0
0.015077 -0.713902 0.473671 0 255 0
-0.027019 -0.597848 0.528739 0 255 0
-0.001204 -0.694651 0.497631 0 255 0
-0.005113 -0.699378 0.461306 0 255 0
0.013968 -0.620220 0.466386 0 255 0
0.025377 -0.588657 0.455558 0 255 0
0.023472 -0.650275 0.530314 0 255 0
-0.001404 -0.632999 0.429236 0 255 0
-0.035251 -0.695191 0.447765 0 255 0
0.018286 -0.689000 0.482564 0 255 0
-0.037341 -0.585460 0.479893 0 255 0
0.031338 -0.599906 0.514901 0 255 0
0.024875 -0.678041 0.474575 0 255 0
0.029280 -0.654608 0.508461 0 255 0
-0.027067 -0.556860 0.520682 0 255 0
-0.016082 -0.629514 0.522249 0 255 0
-0.064176 -0.687948 0.521984 0 255 0
-0.011457 -0.706984 0.492590 0 255 0
-0.098920 -0.703777 0.504942 0 255 0
0.018071 -0.751237 0.545938 0 255 0
0.007332 -0.636794 0.462287 0 255 0
-0.016786 -0.721038 0.505177 0 255 0
-0.089046 -0.628535 0.458550 0 255 0
0.153776 -0.625761 0.436533 0 255 0
0.123189 -0.651773 0.485672 0 255 0
0.154405 -0.728362 0.439495 0 255 0
0.070546 -0.656486 0.486532 0 255 0
0.069183 -0.595019 0.514447 0 255 0
0.093221 -0.594345 0.492308 0 255 0
0.064632 -0.568930 0.502303 0 255 0
0.083480 -0.635577 0.443709 0 255 0
0.226112 -0.658939 0.414749 0 255 0
0.230309 -0.684183 0.465272 0 255 0
0.096655 -0.662298 0.416870 0 255 0
0.136313 -0.605782 0.409894 0 255 0
0.140676 -0.663857 0.459473 0 255 0
0.209156 -0.606490 0.458419 0 255 0
0.094760 -0.709475 0.458876 0 255 0
0.208117 -0.689590 0.457483 0 255 0
0.085001 -0.677323 0.470153 0 255 0
0.085523 -0.658420 0.440238 0 255 0
0.135442 -0.668143 0.492499 0 255 0
0.107274 -0.668214 0.480947 0 255 0
0.057046 -0.673948 0.515204 0 255 0
0.115292 -0.695216 0.517771 0 255 0
0.096098 -0.617475 0.485726 0 255 0
0.146007 -0.673874 0.508597 0 255 0
0.100127 -0.683880 0.493727 0 255 0
0.106069 -0.649699 0.430662 0 255 0
0.134118 -0.708071 0.418324 0 255 0
0.118775 -0.635933 0.480323 0 255 0
0.059046 -0.683453 0.459739 0 255 0
0.077647 -0.663831 0.478794 0 255 0
0.124155 -0.682727 0.376696 0 255 0
0.111608 -0.623911 0.431330 0 255 0
0.070332 -0.715376 0.485432 0 255 0
0.091679 -0.723843 0.386144 0 255 0
0.006592 -0.639933 0.497508 0 255 0
0.052509 -0.765919 0.452069 0 255 0
0.048810 -0.657216 0.439651 0 255 0
0.073444 -0.580124 0.467149 0 255 0
0.074057 -0.661508 0.461954 0 255 0
0.099941 -0.685681 0.543485 0 255 0
0.082451 -0.677277 0.467315 0 255 0
0.044423 -0.663637 0.531835 0 255 0
0.162904 -0.595960 0.544286 0 255 0
0.065187 -0.697808 0.411112 0 255 0
0.054644 -0.658351 0.491602 0 255 0
0.061223 -0.693388 0.455139 0 255 0
0.150412 -0.640700 0.468472 0 255 0
0.201877 -0.692883 0.477602 0 255 0
0.127470 -0.672284 0.488817 0 255 0
0.171448 -0.678231 0.480647 0 255 0
-0.057944 -0.701066 0.515914 0 255 0
0.084911 -0.652012 0.482525 0 255 0
-0.020491 -0.639465 0.573836 0 255 0
-0.000466 -0.682654 0.478868 0 255 0
0.062080 -0.756108 0.407780 0 255 0
0.091560 -0.645608 0.453316 0 255 0
0.151616 -0.681263 0.439741 0 255 0
0.212192 -0.657973 0.407686 0 255 0
0.228337 -0.635526 0.453551 0 255 0
0.230304 -0.675897 0.470422 0 255 0
0.090304 -0.652839 0.440235 0 255 0
0.166073 -0.684959 0.492292 0 255 0
0.166624 -0.539032 0.467829 0 255 0
0.152431 -0.613233 0.413656 0 255 0
0.145142 -0.606891 0.432699 0 255 0
0.129585 -0.671681 0.428870 0 255 0
0.125390 -0.667857 0.489804 0 255 0
0.083801 -0.642120 0.479061 0 255 0
0.111596 -0.648554 0.484079 0 255 0
0.062591 -0.728082 0.352438 0 255 0
0.019111 -0.675095 0.522353 0 255 0
0.138940 -0.699144 0.453073 0 255 0
0.136914 -0.723456 0.458995 0 255 0
0.075730 -0.694240 0.466278 0 255 0
0.195486 -0.698329 0.485583 0 255 0
0.200679 -0.668340 0.424184 0 255 0
0.127619 -0.662018 0.502185 0 255 0
0.053196 -0.669906 0.390766 0 255 0
0.088862 -0.653967 0.517121 0 255 0
0.026669 -0.641214 0.439339 0 255 0
0.053201 -0.700405 0.402229 0 255 0
0.124726 -0.747124 0.449922 0 255 0
0.027903 -0.708652 0.487769 0 255 0
0.059660 -0.690650 0.487455 0 255 0
0.065926 -0.648927 0.475857 0 255 0
0.085700 -0.683892 0.512146 0 255 0
0.115019 -0.663529 0.384296 0 255 0
0.149279 -0.681128 0.411402 0 255 0
0.042733 -0.627084 0.436333 0 255 0
0.054459 -0.640513 0.443971 0 255 0
-0.005930 -0.661358 0.434767 0 255 0
0.056460 -0.671082 0.470011 0 255 0
0.045310 -0.630558 0.418022 0 255 0
0.193037 -0.718962 0.494552 0 255 0
0.104309 -0.638145 0.443577 0 255 0
0.029760 -0.514026 0.519793 0 255 0
0.096379 -0.669259 0.481843 0 255 0
0.101626 -0.626956 0.474615 0 255 0
0.057268 -0.606979 0.505265 0 255 0
0.125045 -0.679642 0.537883 0 255 0
0.193954 -0.739780 0.520204 0 255 0
0.098474 -0.774249 0.429159 0 255 0
0.070603 -0.715987 0.446611 0 255 0
0.064130 -0.681205 0.454670 0 255 0
0.138896 -0.574816 0.429104 0 255 0
0.050092 -0.562445 0.538370 0 255 0
0.117999 -0.660002 0.437321 0 255 0
0.055161 -0.687388 0.501757 0 255 0
0.053479 -0.681088 0.432120 0 255 0
0.099757 -0.696306 0.475217 0 255 0
0.088762 -0.677715 0.444811 0 255 0
0.135500 -0.683174 0.503343 0 255 0
0.073720 -0.698177 0.466204 0 255 0
0.120864 -0.603808 0.503349 0 255 0
0.119004 -0.680036 0.365118 0 255 0
0.060010 -0.684538 0.413491 0 255 0
0.045003 -0.682790 0.455214 0 255 0
0.132612 -0.573517 0.537878 0 255 0
0.081546 -0.671062 0.512298 0 255 0
0.054064 -0.630394 0.520633 0 255 0
0.046049 -0.683587 0.521414 0 255 0
0.050468 -0.680707 0.515554 0 255 0
0.089116 -0.695370 0.435281 0 255 0
0.098112 -0.645463 0.483623 0 255 0
0.019110 -0.681738 0.557686 0 255 0
0.009437 -0.660983 0.468689 0 255 0
0.053015 -0.711236 0.406004 0 255 0
0.022006 -0.787154 0.496521 0 255 0
0.036675 -0.667235 0.492775 0 255 0
-0.006223 -0.620378 0.486805 0 255 0
0.086230 -0.596710 0.465085 0 255 0
0.043554 -0.695635 0.489744 0 255 0
0.044027 -0.540879 0.481202 0 255 0
0.146519 -0.624254 0.496701 0 255 0
0.102077 -0.573496 0.570852 0 255 0
0.202389 -0.613526 0.525417 0 255 0
0.065611 -0.667936 0.436385 0 255 0
0.122897 -0.723865 0.459142 0 255 0
0.138350 -0.658502 0.427587 0 255 0
0.046578 -0.750944 0.431784 0 255 0
0.109189 -0.721680 0.502988 0 255 0
0.186614 -0.656181 0.413911 0 255 0
0.166511 -0.670042 0.392764 0 255 0
0.153446 -0.691287 0.435704 0 255 0
0.132009 -0.696376 0.492808 0 255 0
0.154153 -0.716787 0.426575 0 255 0
0.175315 -0.691858 0.330543 0 255 0
0.291256 -0.676347 0.444954 0 255 0
0.217979 -0.627852 0.443087 0 255 0
0.168298 -0.689861 0.395372 0 255 0
0.208191 -0.656247 0.416118 0 255 0
0.089206 -0.661177 0.415567 0 255 0
0.152882 -0.718272 0.500703 0 255 0
0.083334 -0.670327 0.441128 0 255 0
0.052997 -0.651608 0.485628 0 255 0
0.138367 -0.695443 0.428073 0 255 0
0.073309 -0.655960 0.409594 0 255 0
0.063275 -0.631954 0.422090 0 255 0
0.050163 -0.689110 0.483136 0 255 0
0.099400 -0.698487 0.452855 0 255 0
0.120264 -0.698295 0.412234 0 255 0
0.189985 -0.667171 0.428651 0 255 0
0.123085 -0.728377 0.488829 0 255 0
0.049537 -0.643112 0.414518 0 255 0
0.135702 -0.679921 0.402603 0 255 0
0.266516 -0.695462 0.383101 0 255 0
0.104200 -0.649265 0.472622 0 255 0
0.060486 -0.678010 0.472679 0 255 0
0.151878 -0.651226 0.441049 0 255 0
0.027320 -0.722781 0.495608 0 255 0
0.058154 -0.740147 0.437291 0 255 0
0.156818 -0.696504 0.435894 0 255 0
0.184469 -0.756925 0.488264 0 255 0
0.111051 -0.708592 0.407581 0 255 0
0.131170 -0.695901 0.505189 0 255 0
0.135154 -0.709894 0.380696 0 255 0
0.121620 -0.752525 0.410348 0 255 0
0.197274 -0.633120 0.473066 0 255 0
0.204475 -0.689564 0.455930 0 255 0
0.085146 -0.621609 0.542827 0 255 0
0.217572 -0.626021 0.420221 0 255 0
0.123647 -0.653925 0.487596 0 255 0
0.121063 -0.661204 0.494082 0 255 0
0.143480 -0.652946 0.437658 0 255 0
0.165021 -0.757200 0.469394 0 255 0
0.130400 -0.736554 0.477518 0 255 0
0.203372 -0.691041 0.405167 0 255 0
0.145124 -0.658924 0.467521 0 255 0
0.130884 -0.627821 0.401113 0 255 0
0.045961 -0.688212 0.392784 0 255 0
0.116202 -0.689337 0.473376 0 255 0
0.065685 -0.730579 0.449100 0 255 0
0.119341 -0.704477 0.345773 0 255 0
0.132244 -0.800844 0.474402 0 255 0
0.123646 -0.729396 0.459554 0 255 0
0.089273 -0.721009 0.440987 0 255 0
0.201338 -0.690694 0.478653 0 255 0
0.154816 -0.694595 0.454616 0 255 0
0.181189 -0.677411 0.412703 0 255 0
0.108972 -0.633814 0.463110 0 255 0
0.150095 -0.749124 0.515052 0 255 0
0.108889 -0.623549 0.453332 0 255 0
0.094738 -0.633314 0.411296 0 255 0
0.036223 -0.625660 0.383869 0 255 0
0.088616 -0.669421 0.530917 0 255 0
0.066202 -0.689822 0.415475 0 255 0
0.211553 -0.563670 0.415735 0 255 0
0.122305 -0.679705 0.418051 0 255 0
0.120409 -0.691604 0.498680 0 255 0
0.210191 -0.681008 0.469656 0 255 0
0.088560 -0.717274 0.475567 0 255 0
0.070912 -0.723612 0.493626 0 255 0
0.155587 -0.777334 0.473731 0 255 0
0.100530 -0.711889 0.428267 0 255 0
0.056082 -0.736667 0.455178 0 255 0
0.121773 -0.690616 0.471726 0 255 0
0.051715 -0.669543 0.442869 0 255 0
0.139031 -0.653871 0.403624 0 255 0
0.092525 -0.735032 0.409330 0 255 0
0.121567 -0.655712 0.461337 0 255 0
0.128471 -0.590721 0.498211 0 255 0
0.022080 -0.581366 0.422712 0 255 0
0.060969 -0.669151 0.416556 0 255 0
0.135949 -0.646005 0.404864 0 255 0
0.126907 -0.668349 0.357033 0 255 0
0.035157 -0.684947 0.435895 0 255 0
0.034673 -0.748365 0.456706 0 255 0
0.014799 -0.665453 0.449032 0 255 0
0.075360 -0.602567 0.430935 0 255 0
0.090885 -0.629704 0.375049 0 255 0
0.134856 -0.566279 0.428368 0 255 0
0.060409 -0.638640 0.459359 0 255 0
0.152092 -0.649160 0.438851 0 255 0
0.117816 -0.747756 0.451592 0 255 0
0.154324 -0.722119 0.401681 0 255 0
0.181879 -0.662384 0.474936 0 255 0
0.206620 -0.709641 0.408307 0 255 0
0.191980 -0.652087 0.449177 0 255 0
0.148337 -0.757324 0.456859 0 255 0
0.260086 -0.698471 0.413960 0 255 0
0.102474 -0.582608 0.540566 0 255 0
0.160528 -0.704288 0.501005 0 255 0
0.064821 -0.588995 0.510265 0 255 0
0.085076 -0.602743 0.381308 0 255 0
0.046016 -0.623356 0.447898 0 255 0
0.107528 -0.680523 0.473176 0 255 0
0.095232 -0.662076 0.463624 0 255 0
0.035077 -0.641123 0.523227 0 255 0
0.113309 -0.628455 0.454985 0 255 0
0.060394 -0.629237 0.437566 0 255 0
0.038515 -0.656389 0.422273 0 255 0
0.186320 -0.730571 0.460185 0 255 0
0.168525 -0.654302 0.463965 0 255 0
0.016436 -0.696154 0.554253 0 255 0
0.063270 -0.683128 0.488595 0 255 0
0.127116 -0.651385 0.401021 0 255 0
0.128197 -0.662634 0.461050 0 255 0
0.156518 -0.676288 0.421020 0 255 0
0.157785 -0.741147 0.499533 0 255 0
0.124518 -0.647202 0.531534 0 255 0
0.074701 -0.652171 0.437061 0 255 0
0.113491 -0.673060 0.539224 0 255 0
-0.076247 -0.641610 0.425946 0 255 0
0.039676 -0.657601 0.459513 0 255 0
0.173293 -0.620370 0.386565 0 255 0
0.103857 -0.717977 0.437941 0 255 0
0.075109 -0.711701 0.485561 0 255 0
0.122532 -0.627252 0.497717 0 255 0
0.107967 -0.666775 0.505323 0 255 0
0.152977 -0.547964 0.413749 0 255 0
0.080959 -0.602514 0.397771 0 255 0
0.065551 -0.617503 0.398068 0 255 0
0.130071 -0.583385 0.514086 0 255 0
0.078761 -0.649798 0.444695 0 255 0
0.109312 -0.617463 0.484885 0 255 0
0.054978 -0.762467 0.442265 0 255 0
0.135372 -0.747834 0.490492 0 255 0
0.111065 -0.666278 0.477676 0 255 0
0.191351 -0.595474 0.475247 0 255 0
0.154524 -0.694336 0.421468 0 255 0
0.089762 -0.671031 0.415797 0 255 0
0.158841 -0.670405 0.416393 0 255 0
0.076907 -0.616825 0.441984 0 255 0
0.035405 -0.643105 0.473165 0 255 0
0.105654 -0.635173 0.489345 0 255 0
0.106605 -0.653118 0.431841 0 255 0
0.145849 -0.652072 0.495640 0 255 0
0.073972 -0.692152 0.493091 0 255 0
0.075057 -0.718033 0.456332 0 255 0
0.071139 -0.693211 0.427980 0 255 0
0.183176 -0.663789 0.370551 0 255 0
0.104098 -0.715364 0.413954 0 255 0
0.265064 -0.673113 0.471683 0 255 0
0.151819 -0.662394 0.455829 0 255 0
0.111770 -0.715033 0.448071 0 255 0
0.109866 -0.770525 0.368370 0 255 0
0.182356 -0.730965 0.535003 0 255 0
0.153395 -0.677372 0.466671 0 255 0
0.133065 -0.660564 0.471066 0 255 0
0.181996 -0.686721 0.371821 0 255 0
0.165780 -0.669851 0.477017 0 255 0
0.187083 -0.716671 0.400666 0 255 0
0.061613 -0.738726 0.444421 0 255 0
-0.014381 -0.629595 0.571495 0 255 0
0.104147 -0.664126 0.458088 0 255 0
-0.004625 -0.574417 0.480175 0 255 0
0.088029 -0.587263 0.393766 0 255 0
0.107131 -0.606299 0.415312 0 255 0
0.148549 -0.776942 0.466067 0 255 0
0.186864 -0.712848 0.482037 0 255 0
0.051715 -0.725175 0.423360 0 255 0
0.102520 -0.669544 0.447871 0 255 0
0.111411 -0.667266 0.424250 0 255 0
0.160863 -0.733835 0.422571 0 255 0
0.230408 -0.710957 0.442174 0 255 0
0.215538 -0.707269 0.424763 0 255 0
0.179739 -0.644325 0.388300 0 255 0
0.174912 -0.709878 0.340489 0 255 0
0.139229 -0.649019 0.433186 0 255 0
0.215889 -0.652174 0.433749 0 255 0
0.157209 -0.718229 0.429637 0 255 0
0.206689 -0.705580 0.383503 0 255 0
0.216282 -0.671093 0.429110 0 255 0
0.215132 -0.731664 0.379862 0 255 0
0.192386 -0.639430 0.480232 0 255 0
0.172610 -0.660843 0.435078 0 255 0
0.235219 -0.731472 0.442794 0 255 0
0.236231 -0.657252 0.449001 0 255 0
0.235423 -0.716546 0.348006 0 255 0
0.190381 -0.650649 0.371394 0 255 0
0.267492 -0.800412 0.349628 0 255 0
0.167556 -0.687723 0.466037 0 255 0
0.220267 -0.693587 0.398754 0 255 0
0.233887 -0.659526 0.424990 0 255 0
0.190731 -0.731705 0.384956 0 255 0
0.232683 -0.740829 0.438133 0 255 0
0.221905 -0.676910 0.360979 0 255 0
0.183537 -0.735253 0.517798 0 255 0
0.104360 -0.656045 0.365484 0 255 0
0.177116 -0.732507 0.394868 0 255 0
0.234770 -0.708675 0.426120 0 255 0
0.185940 -0.639984 0.457658 0 255 0
0.161459 -0.641103 0.470751 0 255 0
0.161164 -0.698851 0.509808 0 255 0
0.125388 -0.748560 0.381299 0 255 0
0.188951 -0.744005 0.391829 0 255 0
0.274495 -0.676405 0.374508 0 255 0
0.161687 -0.681937 0.325148 0 255 0
0.123158 -0.706252 0.377582 0 255 0
0.209138 -0.701314 0.421019 0 255 0
0.182540 -0.652518 0.498737 0 255 0
0.159823 -0.726423 0.402181 0 255 0
0.144145 -0.638644 0.466301 0 255 0
0.228630 -0.603836 0.405412 0 255 0
0.147622 -0.628740 0.389208 0 255 0
0.178134 -0.635024 0.420895 0 255 0
0.236995 -0.719146 0.484149 0 255 0
0.197099 -0.665296 0.482882 0 255 0
0.225420 -0.712247 0.374223 0 255 0
0.213374 -0.744343 0.461952 0 255 0
0.270004 -0.685053 0.437722 0 255 0
0.144827 -0.661578 0.417189 0 255 0
0.184198 -0.672631 0.390798 0 255 0
0.177338 -0.703733 0.370892 0 255 0
0.176824 -0.697521 0.403062 0 255 0
0.225016 -0.679978 0.421462 0 255 0
0.234931 -0.759509 0.425956 0 255 0
0.119254 -0.709225 0.377523 0 255 0
0.136718 -0.678483 0.471834 0 255 0
0.243421 -0.674747 0.437361 0 255 0
0.230900 -0.695059 0.404364 0 255 0
0.179863 -0.674365 0.439649 0 255 0
0.178555 -0.738534 0.378120 0 255 0
0.183204 -0.691542 0.453997 0 255 0
0.206029 -0.676853 0.422843 0 255 0
0.247663 -0.686243 0.456390 0 255 0
0.240320 -0.668477 0.344848 0 255 0
0.168431 -0.558793 0.418354 0 255 0
0.173838 -0.685632 0.423468 0 255 0
0.207645 -0.686669 0.492422 0 255 0
0.216269 -0.646448 0.374948 0 255 0
0.222991 -0.724955 0.489994 0 255 0
0.131958 -0.690515 0.530057 0 255 0
0.148722 -0.650088 0.530480 0 255 0
0.154203 -0.754624 0.415801 0 255 0
0.170549 -0.784503 0.389515 0 255 0
0.133576 -0.717894 0.405483 0 255 0
0.147283 -0.617666 0.429406 0 255 0
0.156254 -0.661105 0.440830 0 255 0
0.145149 -0.697239 0.425961 0 255 0
0.196787 -0.699687 0.358174 0 255 0
0.198920 -0.673659 0.393338 0 255 0
0.192345 -0.715639 0.480159 0 255 0
0.174411 -0.688883 0.386610 0 255 0
0.221098 -0.710699 0.430618 0 255 0
0.151190 -0.730972 0.468200 0 255 0
0.240040 -0.713205 0.431407 0 255 0
0.094621 -0.712156 0.436988 0 255 0
0.190326 -0.684855 0.535930 0 255 0
0.155647 -0.681544 0.461325 0 255 0
0.219441 -0.698331 0.444038 0 255 0
0.211418 -0.668988 0.418932 0 255 0
0.070814 -0.762529 0.419389 0 255 0
0.156720 -0.703348 0.439715 0 255 0
0.106945 -0.758382 0.459758 0 255 0
0.183133 -0.748081 0.420989 0 255 0
0.195420 -0.666103 0.439903 0 255 0
0.153441 -0.678464 0.496629 0 255 0
0.170907 -0.660957 0.422296 0 255 0
0.182346 -0.770866 0.447569 0 255 0
0.181508 -0.699758 0.394133 0 255 0
0.163308 -0.759729 0.361174 0 255 0
0.173685 -0.683354 0.477771 0 255 0
0.216031 -0.763213 0.500223 0 255 0
0.214437 -0.701500 0.456563 0 255 0
0.149317 -0.682415 0.394245 0 255 0
0.136229 -0.742593 0.365032 0 255 0
0.159978 -0.778931 0.465012 0 255 0
0.223106 -0.682625 0.421812 0 255 0
0.164318 -0.678706 0.390633 0 255 0
0.205012 -0.668935 0.420804 0 255 0
0.223794 -0.742564 0.411754 0 255 0
0.154411 -0.736259 0.421826 0 255 0
0.172435 -0.714415 0.460052 0 255 0
0.207084 -0.663451 0.390954 0 255 0
0.164618 -0.726637 0.449257 0 255 0
0.160947 -0.643053 0.456388 0 255 0
0.163715 -0.777575 0.364397 0 255 0
0.165301 -0.682405 0.402319 0 255 0
0.149757 -0.678600 0.373423 0 255 0
0.235978 -0.710299 0.380508 0 255 0
0.162360 -0.714782 0.418709 0 255 0
0.155159 -0.676170 0.450615 0 255 0
0.188331 -0.716998 0.470466 0 255 0
0.158735 -0.668470 0.377734 0 255 0
0.161056 -0.803547 0.372833 0 255 0
0.220544 -0.727092 0.422246 0 255 0
0.187870 -0.773058 0.415383 0 255 0
0.163186 -0.737384 0.360982 0 255 0
0.221423 -0.687868 0.451097 0 255 0
0.155140 -0.702883 0.477194 0 255 0
0.183014 -0.695112 0.388190 0 255 0
0.198607 -0.768781 0.412780 0 255 0
0.202133 -0.785836 0.446185 0 255 0
0.234736 -0.646035 0.474623 0 255 0
0.180642 -0.791969 0.430181 0 255 0
0.158197 -0.702883 0.469374 0 255 0
0.204797 -0.704438 0.428534 0 255 0
0.179563 -0.679718 0.349680 0 255 0
0.169401 -0.734422 0.447010 0 255 0
0.188762 -0.672143 0.429664 0 255 0
0.183981 -0.703236 0.422964 0 255 0
0.170709 -0.733204 0.462264 0 255 0
0.155156 -0.654415 0.365830 0 255 0
0.220944 -0.696123 0.427993 0 255 0
0.255341 -0.751059 0.374693 0 255 0
0.168742 -0.712703 0.522145 0 255 0
0.244106 -0.709126 0.402690 0 255 0
0.123971 -0.689706 0.421746 0 255 0
0.230169 -0.708035 0.422357 0 255 0
0.179206 -0.706731 0.440517 0 255 0
0.248318 -0.658668 0.408935 0 255 0
0.127348 -0.721956 0.472768 0 255 0
0.164999 -0.720212 0.453552 0 255 0
0.170059 -0.738045 0.435131 0 255 0
0.295731 -0.755203 0.348431 0 255 0
0.277544 -0.731044 0.441625 0 255 0
0.239578 -0.775638 0.416713 0 255 0
0.252389 -0.704635 0.426892 0 255 0
0.263113 -0.760148 0.428306 0 255 0
0.175594 -0.705203 0.383900 0 255 0
0.215485 -0.702923 0.463634 0 255 0
0.263545 -0.678994 0.379856 0 255 0
0.179669 -0.739740 0.398821 0 255 0
0.158306 -0.705124 0.501763 0 255 0
0.206857 -0.714814 0.460458 0 255 0
0.237990 -0.743941 0.407362 0 255 0
0.146696 -0.734932 0.415373 0 255 0
0.159186 -0.710744 0.405019 0 255 0
0.264143 -0.758790 0.466948 0 255 0
0.226567 -0.690550 0.471163 0 255 0
0.274478 -0.717194 0.480220 0 255 0
0.210119 -0.690829 0.449674 0 255 0
0.199279 -0.777047 0.392808 0 255 0
0.218540 -0.727338 0.430679 0 255 0
0.146835 -0.722318 0.395472 0 255 0
0.169811 -0.770204 0.437742 0 255 0
0.199438 -0.730948 0.473907 0 255 0
0.182961 -0.643896 0.467636 0 255 0
0.103553 -0.711074 0.441470 0 255 0
0.112270 -0.682876 0.486090 0 255 0
0.218426 -0.748456 0.496382 0 255 0
0.140382 -0.755705 0.471481 0 255 0
0.140358 -0.749155 0.420062 0 255 0
0.202164 -0.738541 0.459792 0 255 0
0.195543 -0.741330 0.506227 0 255 0
0.133355 -0.666465 0.464555 0 255 0
0.132059 -0.805246 0.469170 0 255 0
0.144225 -0.688381 0.446689 0 255 0
0.168269 -0.762264 0.508617 0 255 0
0.151327 -0.658646 0.526323 0 255 0
0.257934 -0.787160 0.462615 0 255 0
0.161890 -0.636192 0.505373 0 255 0
0.139875 -0.756228 0.482785 0 255 0
0.145929 -0.672663 0.423210 0 255 0
0.126005 -0.713777 0.494880 0 255 0
0.147402 -0.753430 0.505907 0 255 0
0.083448 -0.715824 0.422874 0 255 0
0.144370 -0.698784 0.446663 0 255 0
0.116553 -0.709099 0.478825 0 255 0
0.179506 -0.664072 0.479927 0 255 0
0.100685 -0.715452 0.463020 0 255 0
0.173923 -0.671677 0.439600 0 255 0
0.125013 -0.732389 0.496217 0 255 0
0.032936 -0.703111 0.493573 0 255 0
0.124319 -0.672575 0.454206 0 255 0
0.140188 -0.716261 0.396856 0 255 0
0.234042 -0.723523 0.425567 0 255 0
0.170563 -0.741127 0.425850 0 255 0
0.138940 -0.794225 0.458032 0 255 0
0.151519 -0.689722 0.417061 0 255 0
0.217771 -0.762786 0.454825 0 255 0
0.201029 -0.692273 0.435511 0 255 0
0.131405 -0.773802 0.412077 0 255 0
0.234933 -0.730425 0.444332 0 255 0
0.198101 -0.701827 0.390662 0 255 0
0.176837 -0.698105 0.462211 0 255 0
0.203040 -0.689073 0.490771 0 255 0
0.177696 -0.705128 0.437951 0 255 0
0.089217 -0.723338 0.437239 0 255 0
0.167778 -0.688788 0.457854 0 255 0
0.220952 -0.783481 0.432570 0 255 0
0.198984 -0.789359 0.439882 0 255 0
0.151639 -0.694533 0.414929 0 255 0
-0.000686 -0.666673 0.474692 0 255 0
0.188526 -0.736647 0.438278 0 255 0
0.185499 -0.709198 0.470484 0 255 0
0.156620 -0.754601 0.489415 0 255 0
0.233028 -0.686473 0.449908 0 255 0
0.166844 -0.778098 0.452521 0 255 0
0.149386 -0.699541 0.419277 0 255 0
0.222773 -0.616767 0.427657 0 255 0
0.115426 -0.666547 0.482072 0 255 0
0.180568 -0.711767 0.495818 0 255 0
0.170423 -0.729458 0.428079 0 255 0
0.189237 -0.791101 0.460056 0 255 0
0.186471 -0.707209 0.405565 0 255 0
0.170237 -0.702850 0.435302 0 255 0
0.226776 -0.716893 0.507307 0 255 0
0.191560 -0.837837 0.444607 0 255 0
0.187413 -0.719145 0.466352 0 255 0
0.225831 -0.750693 0.459721 0 255 0
0.218006 -0.677068 0.436737 0 255 0
0.143104 -0.767372 0.463848 0 255 0
0.189701 -0.717051 0.468938 0 255 0
0.169867 -0.728555 0.507514 0 255 0
0.206580 -0.759658 0.422475 0 255 0
0.215186 -0.761971 0.522537 0 255 0
0.219389 -0.753603 0.495856 0 255 0
0.169996 -0.709226 0.475792 0 255 0
0.238314 -0.749848 0.433236 0 255 0
0.202050 -0.747913 0.442700 0 255 0
0.140523 -0.723648 0.437746 0 255 0
0.198206 -0.704951 0.452426 0 255 0
0.261856 -0.714506 0.478496 0 255 0
0.200393 -0.826896 0.569310 0 255 0
0.190976 -0.681870 0.426126 0 255 0
0.176572 -0.658901 0.450650 0 255 0
0.185761 -0.765721 0.505557 0 255 0
0.167084 -0.707414 0.470672 0 255 0
0.207626 -0.748413 0.447438 0 255 0
0.140739 -0.642806 0.417159 0 255 0
0.151943 -0.830160 0.440475 0 255 0
0.174804 -0.750735 0.394099 0 255 0
0.175407 -0.722248 0.467773 0 255 0
0.213817 -0.764866 0.455492 0 255 0
0.209235 -0.745869 0.500249 0 255 0
0.219503 -0.768853 0.487240 0 255 0
0.165279 -0.767660 0.436493 0 255 0
0.179476 -0.745231 0.501172 0 255 0
0.156981 -0.673593 0.483004 0 255 0
0.163166 -0.778049 0.430442 0 255 0
0.162210 -0.804322 0.446801 0 255 0
0.095790 -0.688989 0.545752 0 255 0
0.209858 -0.773589 0.436736 0 255 0
0.104426 -0.701116 0.427632 0 255 0
0.164489 -0.764285 0.504192 0 255 0
0.154719 -0.757360 0.443120 0 255 0
0.209885 -0.791271 0.519737 0 255 0
0.199962 -0.708025 0.458234 0 255 0
0.135597 -0.671129 0.459726 0 255 0
0.135640 -0.769631 0.433282 0 255 0
0.230477 -0.789484 0.548127 0 255 0
0.179240 -0.740695 0.425984 0 255 0
0.121621 -0.755391 0.461596 0 255 0
0.242623 -0.785850 0.420844 0 255 0
0.211868 -0.760168 0.452560 0 255 0
0.198918 -0.768353 0.432732 0 255 0
0.214679 -0.678744 0.421911 0 255 0
0.147159 -0.780199 0.440861 0 255 0
0.201639 -0.777839 0.490381 0 255 0
0.110618 -0.714379 0.509211 0 255 0
0.168405 -0.737374 0.484625 0 255 0
0.089467 -0.669130 0.410158 0 255 0
0.075847 -0.752573 0.424026 0 255 0
0.117361 -0.746800 0.492938 0 255 0
0.084221 -0.732906 0.341281 0 255 0
0.208325 -0.774988 0.445438 0 255 0
0.136097 -0.691885 0.473632 0 255 0
0.126494 -0.822926 0.418187 0 255 0
0.092530 -0.753464 0.558443 0 255 0
0.167782 -0.757369 0.532306 0 255 0
0.093174 -0.773932 0.488627 0 255 0
0.140512 -0.744697 0.473922 0 255 0
0.079783 -0.710845 0.461036 0 255 0
0.138337 -0.738414 0.492920 0 255 0
0.088427 -0.776967 0.492979 0 255 0
0.108792 -0.787816 0.551641 0 255 0
0.152056 -0.701638 0.411816 0 255 0
0.106348 -0.801904 0.513916 0 255 0
0.174752 -0.777959 0.459671 0 255 0
0.123095 -0.688085 0.503861 0 255 0
0.055969 -0.774012 0.470485 0 255 0
0.149991 -0.726591 0.468967 0 255 0
0.176348 -0.768946 0.489717 0 255 0
0.123273 -0.704289 0.561410 0 255 0
0.134939 -0.725448 0.510848 0 255 0
0.166999 -0.717822 0.484714 0 255 0
0.075790 -0.754299 0.464550 0 255 0
0.138213 -0.664652 0.456982 0 255 0
0.094036 -0.761806 0.449787 0 255 0
0.079590 -0.734062 0.437881 0 255 0
0.114284 -0.762525 0.431343 0 255 0
0.097585 -0.756240 0.508340 0 255 0
0.140541 -0.714969 0.461733 0 255 0
0.160625 -0.741324 0.388854 0 255 0
0.113871 -0.818753 0.435166 0 255 0
0.083339 -0.667405 0.436592 0 255 0
0.150044 -0.771415 0.494814 0 255 0
0.104929 -0.710901 0.386947 0 255 0
0.145085 -0.736940 0.425174 0 255 0
0.113585 -0.751765 0.525103 0 255 0
0.132768 -0.674608 0.489409 0 255 0
0.122132 -0.675314 0.434300 0 255 0
0.166001 -0.771324 0.511046 0 255 0
0.143495 -0.668245 0.474346 0 255 0
0.137346 -0.686578 0.388833 0 255 0
0.057296 -0.769957 0.499211 0 255 0
0.213150 -0.740192 0.452995 0 255 0
0.189455 -0.699555 0.436762 0 255 0
0.077637 -0.761630 0.490525 0 255 0
0.069912 -0.697437 0.462089 0 255 0
0.122871 -0.795469 0.493428 0 255 0
0.122375 -0.777998 0.456435 0 255 0
0.198014 -0.824563 0.471483 0 255 0
0.153962 -0.789510 0.469022 0 255 0
0.117413 -0.736448 0.388499 0 255 0
0.152625 -0.769701 0.434096 0 255 0
0.147440 -0.703206 0.490612 0 255 0
0.126825 -0.710854 0.513833 0 255 0
0.123794 -0.745285 0.511205 0 255 0
0.192266 -0.697920 0.530988 0 255 0
0.146661 -0.712601 0.487704 0 255 0
0.162930 -0.793736 0.446153 0 255 0
0.172903 -0.770916 0.495009 0 255 0
0.241711 -0.801204 0.445308 0 255 0
0.160506 -0.739284 0.454997 0 255 0
0.095345 -0.738005 0.453894 0 255 0
0.142907 -0.800586 0.441223 0 255 0
0.180435 -0.772069 0.408412 0 255 0
0.219382 -0.818759 0.520440 0 255 0
0.063860 -0.771225 0.459862 0 255 0
0.136431 -0.721869 0.519928 0 255 0
0.126413 -0.764916 0.421053 0 255 0
0.188610 -0.765134 0.499694 0 255 0
0.152349 -0.717175 0.416463 0 255 0
0.105425 -0.737059 0.452344 0 255 0
0.102619 -0.716147 0.416152 0 255 0
0.187143 -0.726768 0.510200 0 255 0
0.199534 -0.692081 0.425476 0 255 0
0.230480 -0.708761 0.425375 0 255 0
0.155359 -0.722923 0.476482 0 255 0
0.217394 -0.758282 0.458603 0 255 0
0.113200 -0.726736 0.529231 0 255 0
0.158753 -0.755583 0.434733 0 255 0
0.135394 -0.745049 0.443871 0 255 0
0.150322 -0.774391 0.407944 0 255 0
0.145964 -0.668187 0.461547 0 255 0
0.129588 -0.852035 0.467497 0 255 0
0.164526 -0.793987 0.487324 0 255 0
0.135255 -0.787635 0.493828 0 255 0
0.096646 -0.734303 0.506388 0 255 0
0.141379 -0.805145 0.431412 0 255 0
0.267274 -0.754788 0.450631 0 255 0
0.169088 -0.727513 0.481290 0 255 0
0.086624 -0.760215 0.474057 0 255 0
0.091321 -0.816224 0.473975 0 255 0
0.096698 -0.720501 0.477891 0 255 0
0.163605 -0.792839 0.554408 0 255 0
0.140838 -0.814656 0.429146 0 255 0
0.124335 -0.761226 0.413045 0 255 0
0.092315 -0.703449 0.452093 0 255 0
0.177864 -0.837421 0.403377 0 255 0
0.181966 -0.731310 0.449357 0 255 0
0.189367 -0.764804 0.451252 0 255 0
0.159108 -0.765488 0.500897 0 255 0
0.035700 -0.788949 0.488557 0 255 0
0.113702 -0.737968 0.467307 0 255 0
0.234374 -0.779965 0.440055 0 255 0
0.142414 -0.706627 0.581993 0 255 0
0.132580 -0.820406 0.403493 0 255 0
0.185710 -0.757401 0.530217 0 255 0
0.115117 -0.753870 0.462344 0 255 0
0.201208 -0.809829 0.502037 0 255 0
0.103169 -0.762216 0.448176 0 255 0
0.161976 -0.737774 0.449477 0 255 0
0.188190 -0.717466 0.454937 0 255 0
0.135694 -0.600444 0.435639 0 255 0
0.123792 -0.596083 0.410746 0 255 0
0.191932 -0.640312 0.412636 0 255 0
0.120300 -0.598554 0.472850 0 255 0
0.115919 -0.646339 0.474314 0 255 0
0.145899 -0.647357 0.452878 0 255 0
0.127950 -0.597386 0.466426 0 255 0
0.175740 -0.612935 0.470089 0 255 0
0.055293 -0.553889 0.453710 0 255 0
0.124287 -0.596116 0.404200 0 255 0
0.127990 -0.614565 0.441962 0 255 0
0.140327 -0.629417 0.448798 0 255 0
0.117413 -0.621702 0.487665 0 255 0
0.102837 -0.590081 0.530879 0 255 0
0.092996 -0.552032 0.465372 0 255 0
0.135073 -0.587465 0.464684 0 255 0
0.143765 -0.627553 0.444185 0 255 0
0.094670 -0.681746 0.380150 0 255 0
0.224778 -0.652990 0.418457 0 255 0
0.134249 -0.648381 0.419251 0 255 0
0.136391 -0.628845 0.380097 0 255 0
0.193541 -0.551396 0.398198 0 255 0
0.154812 -0.580169 0.499872 0 255 0
0.158321 -0.636367 0.465410 0 255 0
0.123729 -0.678305 0.463823 0 255 0
0.161317 -0.557797 0.463530 0 255 0
0.106379 -0.583608 0.401691 0 255 0
0.103192 -0.626783 0.468122 0 255 0
0.138629 -0.622899 0.398141 0 255 0
0.166522 -0.658989 0.442396 0 255 0
0.073005 -0.675312 0.415988 0 255 0
0.137005 -0.549908 0.400727 0 255 0
0.120450 -0.608847 0.432712 0 255 0
0.137714 -0.649420 0.415568 0 255 0
0.130307 -0.708241 0.475930 0 255 0
0.131488 -0.639798 0.377293 0 255 0
0.114217 -0.583012 0.418103 0 255 0
0.208896 -0.601259 0.472388 0 255 0
0.117121 -0.666778 0.408751 0 255 0
0.095871 -0.657068 0.473559 0 255 0
0.096304 -0.624617 0.450357 0 255 0
0.100966 -0.651746 0.422299 0 255 0
0.191500 -0.589335 0.513242 0 255 0
0.175959 -0.643185 0.468638 0 255 0
0.174187 -0.633899 0.481528 0 255 0
0.129398 -0.663756 0.463665 0 255 0
0.174724 -0.656325 0.410731 0 255 0
0.131865 -0.607940 0.501528 0 255 0
0.156231 -0.635756 0.451119 0 255 0
0.204197 -0.658299 0.410214 0 255 0
0.142828 -0.527631 0.414261 0 255 0
0.219128 -0.600835 0.466473 0 255 0
0.168913 -0.622882 0.443475 0 255 0
0.120173 -0.637424 0.461538 0 255 0
0.136393 -0.560981 0.404281 0 255 0
0.185101 -0.591358 0.448138 0 255 0
0.076334 -0.669243 0.452752 0 255 0
0.157787 -0.556296 0.509276 0 255 0
0.168195 -0.686297 0.458007 0 255 0
0.098886 -0.693944 0.442303 0 255 0
0.107254 -0.625784 0.442842 0 255 0
0.120951 -0.661212 0.441461 0 255 0
0.192108 -0.620791 0.439368 0 255 0
0.162898 -0.634905 0.422609 0 255 0
0.179584 -0.574999 0.410546 0 255 0
0.160100 -0.638497 0.517924 0 255 0
0.226738 -0.677967 0.376596 0 255 0
0.181795 -0.619339 0.474116 0 255 0
0.155518 -0.543271 0.454050 0 255 0
0.148062 -0.628745 0.466883 0 255 0
0.182872 -0.606876 0.458824 0 255 0
0.124737 -0.636575 0.454165 0 255 0
0.031957 -0.741871 0.539236 0 255 0
0.114155 -0.687837 0.448792 0 255 0
0.045879 -0.686896 0.526483 0 255 0
0.040364 -0.747093 0.506139 0 255 0
0.084253 -0.721084 0.553182 0 255 0
0.171920 -0.719293 0.421579 0 255 0
0.096210 -0.733626 0.509324 0 255 0
0.042658 -0.645147 0.492751 0 255 0
0.105099 -0.679346 0.503461 0 255 0
-0.024349 -0.532990 0.543658 0 255 0
-0.024845 -0.473833 0.501919 0 255 0
-0.052643 -0.553990 0.495917 0 255 0
0.004333 -0.505958 0.524061 0 255 0
-0.000699 -0.428832 0.506978 0 255 0
0.041371 -0.527305 0.504912 0 255 0
0.029518 -0.441319 0.473057 0 255 0
0.004711 -0.453695 0.531307 0 255 0
-0.044709 -0.470758 0.504548 0 255 0
-0.020581 -0.485535 0.437405 0 255 0
-0.013532 -0.475998 0.457870 0 255 0
-0.037222 -0.457051 0.569987 0 255 0
0.039145 -0.511501 0.533045 0 255 0
0.009419 -0.463553 0.535496 0 255 0
0.003683 -0.437484 0.498711 0 255 0
-0.031073 -0.467567 0.512829 0 255 0
0.043567 -0.506177 0.549799 0 255 0
-0.010966 -0.465331 0.494689 0 255 0
0.059239 -0.514504 0.517589 0 255 0
-0.050242 -0.509145 0.503950 0 255 0
-0.066016 -0.495201 0.532649 0 255 0
0.008220 -0.450224 0.496549 0 255 0
0.042677 -0.519825 0.502560 0 255 0
0.044007 -0.464626 0.548286 0 255 0
0.026854 -0.523880 0.502352 0 255 0
0.088291 -0.575922 0.459444 0 255 0
-0.049136 -0.450687 0.500356 0 255 0
-0.008236 -0.499433 0.483226 0 255 0
-0.069473 -0.480954 0.572193 0 255 0
0.052616 -0.437171 0.477304 0 255 0
-0.051126 -0.540102 0.482669 0 255 0
-0.050173 -0.513105 0.572599 0 255 0
-0.047229 -0.475054 0.550958 0 255 0
-0.025526 -0.225323 0.479752 0 255 0
-0.059354 -0.206425 0.549078 0 255 0
-0.014094 -0.522454 0.514509 0 255 0
-0.095960 -0.452469 0.480770 0 255 0
0.052597 -0.483028 0.558027 0 255 0
-0.008505 -0.465811 0.542045 0 255 0
-0.038056 -0.451861 0.482907 0 255 0
-0.187685 -0.424556 0.468884 0 255 0
-0.123315 -0.437731 0.502243 0 255 0
-0.213445 -0.487872 0.469564 0 255 0
-0.199436 -0.373077 0.497497 0 255 0
-0.058893 0.017070 0.567864 0 255 0
-0.177649 -0.024095 0.415119 0 255 0
-0.134587 -0.040135 0.496689 0 255 0
-0.075389 -0.044900 0.410302 0 255 0
-0.162813 -0.064111 0.434825 0 255 0
-0.207688 -0.020158 0.552733 0 255 0
-0.215926 -0.090913 0.525957 0 255 0
-0.201063 -0.076733 0.574983 0 255 0
-0.172711 0.018604 0.632824 0 255 0
-0.192845 0.062492 0.534064 0 255 0
-0.165503 0.030500 0.455453 0 255 0
-0.130163 0.071371 0.455902 0 255 0
-0.196510 -0.001492 0.457929 0 255 0
-0.164657 -0.000768 0.362119 0 255 0
-0.056834 -0.002673 0.453349 0 255 0
-0.075571 -0.065043 0.434030 0 255 0
-0.163440 -0.036450 0.569884 0 255 0
-0.142877 -0.054897 0.549314 0 255 0
-0.227133 -0.044105 0.504547 0 255 0
-0.178589 -0.056120 0.468519 0 255 0
-0.166686 -0.008131 0.458919 0 255 0
-0.183911 -0.074308 0.462179 0 255 0
-0.221106 0.034421 0.729746 0 255 0
-0.121477 -0.086638 0.640493 0 255 0
-0.168167 -0.004144 0.558174 0 255 0
-0.129132 -0.047305 0.633152 0 255 0
-0.095587 -0.105455 0.394945 0 255 0
-0.073227 -0.123005 0.479705 0 255 0
-0.252134 -0.035839 0.518046 0 255 0
-0.128772 -0.266513 0.640279 0 255 0
-0.133276 -0.289429 0.622835 0 255 0
-0.165639 -0.153760 0.567486 0 255 0
-0.149757 -0.226758 0.578943 0 255 0
-0.096665 -0.249487 0.621419 0 255 0
-0.113512 -0.215231 0.599812 0 255 0
-0.196300 -0.233285 0.627076 0 255 0
-0.160860 -0.249038 0.605170 0 255 0
-0.141734 -0.222471 0.477446 0 255 0
-0.188495 -0.200169 0.605517 0 255 0
-0.147715 -0.190384 0.587554 0 255 0
-0.265630 -0.242523 0.553910 0 255 0
-0.250561 -0.186448 0.553950 0 255 0
-0.234130 -0.120236 0.555137 0 255 0
-0.157075 -0.175896 0.517268 0 255 0
-0.126721 -0.203842 0.579407 0 255 0
-0.187116 -0.163720 0.635387 0 255 0
-0.143635 -0.248744 0.546917 0 255 0
-0.083842 -0.235748 0.589456 0 255 0
-0.054781 -0.130171 0.624368 0 255 0
-0.144961 -0.238664 0.530858 0 255 0
-0.142994 -0.594917 0.484525 0 255 0
-0.024900 -0.591959 0.526169 0 255 0
-0.063980 -0.257509 0.420302 0 255 0
-0.161421 -0.293707 0.354536 0 255 0
-0.102759 -0.195170 0.470470 0 255 0
-0.091137 -0.263318 0.457741 0 255 0
-0.149137 -0.295752 0.472048 0 255 0
-0.223210 -0.361152 0.284743 0 255 0
-0.138667 -0.290932 0.426988 0 255 0
-0.173681 -0.234105 0.341958 0 255 0
-0.184321 -0.093668 0.538154 0 255 0
-0.117062 -0.246347 0.389865 0 255 0
-0.072382 -0.256754 0.404156 0 255 0
-0.194536 -0.313123 0.437771 0 255 0
-0.170671 -0.210322 0.342023 0 255 0
-0.164376 -0.317945 0.337225 0 255 0
-0.253234 -0.228198 0.387837 0 255 0
-0.205377 -0.331382 0.440381 0 255 0
-0.219343 -0.323367 0.486937 0 255 0
-0.239706 -0.413236 0.412669 0 255 0
-0.202700 -0.343667 0.490396 0 255 0
-0.202475 -0.273106 0.460572 0 255 0
-0.185636 -0.392066 0.490143 0 255 0
-0.270129 -0.402009 0.468295 0 255 0
-0.209150 -0.362221 0.476379 0 255 0
-0.238594 -0.415700 0.479220 0 255 0
-0.266186 -0.422567 0.494638 0 255 0
-0.196880 -0.362332 0.474628 0 255 0
-0.234812 -0.374681 0.529486 0 255 0
-0.231082 -0.286204 0.470168 0 255 0
-0.324862 -0.301242 0.477600 0 255 0
-0.216850 -0.245211 0.505023 0 255 0
-0.201929 -0.197237 0.496177 0 255 0
-0.197031 -0.109377 0.389833 0 255 0
-0.168940 -0.067673 0.410273 0 255 0
-0.260908 -0.163381 0.418150 0 255 0
-0.212054 0.210169 0.386491 0 255 0
-0.172890 0.069080 0.451782 0 255 0
-0.254556 0.079252 0.400085 0 255 0
-0.178689 0.065421 0.437439 0 255 0
-0.126557 0.063154 0.393170 0 255 0
-0.154679 0.024927 0.457248 0 255 0
-0.244411 0.099187 0.503751 0 255 0
-0.204574 0.169173 0.542008 0 255 0
-0.187612 0.046020 0.461218 0 255 0
-0.193192 0.074711 0.474051 0 255 0
-0.238178 0.192864 0.606911 0 255 0
-0.139301 0.141635 0.643367 0 255 0
-0.171608 0.032438 0.603634 0 255 0
-0.084605 0.121870 0.709055 0 255 0
-0.056820 0.194982 0.653767 0 255 0
-0.246214 0.039765 0.545252 0 255 0
-0.081624 0.104461 0.686022 0 255 0
-0.217324 0.100170 0.560782 0 255 0
-0.211815 0.192322 0.527804 0 255 0
-0.229159 0.037455 0.365856 0 255 0
-0.137373 0.075705 0.469216 0 255 0
-0.212045 0.091170 0.473048 0 255 0
-0.156872 -0.150107 0.430239 0 255 0
-0.121274 -0.129506 0.485721 0 255 0
-0.162368 -0.194032 0.419788 0 255 0
-0.231211 -0.125381 0.330877 0 255 0
-0.205783 -0.208070 0.411973 0 255 0
-0.243198 -0.171104 0.406756 0 255 0
-0.183013 -0.116636 0.336479 0 255 0
-0.189074 -0.240587 0.521704 0 255 0
-0.321009 -0.201093 0.469210 0 255 0
-0.235883 -0.181879 0.446550 0 255 0
-0.215440 -0.220344 0.374162 0 255 0
-0.253047 -0.264153 0.517519 0 255 0
-0.268276 -0.227409 0.484959 0 255 0
-0.202427 -0.256902 0.430385 0 255 0
-0.264372 -0.340063 0.492356 0 255 0
-0.327427 -0.351998 0.519453 0 255 0
-0.229230 -0.304176 0.452506 0 255 0
-0.203690 -0.265922 0.423461 0 255 0
-0.207983 -0.159855 0.415116 0 255 0
-0.167581 -0.165948 0.370343 0 255 0
-0.100700 -0.207079 0.414430 0 255 0
-0.214532 -0.169158 0.505463 0 255 0
-0.235235 -0.224164 0.572230 0 255 0
-0.220326 -0.144031 0.556010 0 255 0
-0.219574 -0.240213 0.466018 0 255 0
-0.272954 -0.188501 0.463268 0 255 0
-0.236973 -0.218876 0.503261 0 255 0
-0.219783 -0.173727 0.427043 0 255 0
-0.238872 -0.200740 0.458237 0 255 0
-0.200150 -0.218664 0.468344 0 255 0
-0.235620 -0.253549 0.573375 0 255 0
-0.164624 -0.151693 0.391288 0 255 0
-0.251969 -0.140915 0.416350 0 255 0
-0.195209 -0.171243 0.444800 0 255 0
-0.138330 -0.308047 0.411279 0 255 0
-0.192135 -0.200058 0.418308 0 255 0
-0.189188 -0.157398 0.435994 0 255 0
-0.130043 -0.148149 0.439659 0 255 0
-0.092656 -0.206071 0.395897 0 255 0
-0.249668 -0.164660 0.423974 0 255 0
-0.128020 -0.172305 0.331241 0 255 0
-0.136328 -0.321247 0.465060 0 255 0
-0.155687 -0.273399 0.346404 0 255 0
-0.263907 -0.398719 0.587906 0 255 0
-0.243017 -0.381892 0.596925 0 255 0
-0.211328 -0.364202 0.480638 0 255 0
-0.220483 -0.381938 0.532683 0 255 0
-0.251168 -0.391669 0.457507 0 255 0
-0.243142 -0.374643 0.530250 0 255 0
-0.252487 -0.432067 0.527852 0 255 0
-0.269457 -0.340989 0.486697 0 255 0
-0.238715 -0.370784 0.510663 0 255 0
-0.209850 -0.404363 0.548194 0 255 0
-0.281033 -0.387683 0.490968 0 255 0
-0.226803 -0.348575 0.467040 0 255 0
-0.268985 -0.413661 0.490209 0 255 0
-0.212233 -0.301970 0.473823 0 255 0
-0.234349 -0.343295 0.465237 0 255 0
-0.216446 -0.364732 0.409550 0 255 0
-0.222454 -0.353122 0.524831 0 255 0
-0.241435 -0.360528 0.475029 0 255 0
-0.322085 -0.342637 0.492159 0 255 0
-0.184564 -0.359974 0.504639 0 255 0
-0.173145 -0.377384 0.413279 0 255 0
-0.221565 -0.405846 0.529702 0 255 0
-0.241531 -0.344044 0.527311 0 255 0
-0.173470 -0.214904 0.396174 0 255 0
-0.170530 -0.132153 0.434464 0 255 0
-0.214591 -0.270886 0.504922 0 255 0
-0.178517 -0.280481 0.487178 0 255 0
-0.202733 -0.305167 0.550540 0 255 0
-0.259433 -0.309806 0.467256 0 255 0
-0.240482 -0.240380 0.502841 0 255 0
-0.224311 -0.299161 0.471444 0 255 0
-0.185832 -0.286704 0.421583 0 255 0
-0.090921 -0.174138 0.363955 0 255 0
-0.041354 -0.161774 0.389323 0 255 0
-0.125929 -0.335144 0.459609 0 255 0
-0.139671 -0.294133 0.416056 0 255 0
-0.213254 -0.325016 0.405663 0 255 0
-0.225793 -0.378729 0.419929 0 255 0
-0.033699 -0.262323 0.433808 0 255 0
-0.217624 -0.535578 0.543805 0 255 0
-0.032490 -0.147327 0.429170 0 255 0
-0.067814 -0.123195 0.368017 0 255 0
-0.035107 -0.015014 0.438638 0 255 0
-0.096159 -0.148926 0.394989 0 255 0
-0.172892 0.048051 0.394565 0 255 0
-0.065171 0.046582 0.414146 0 255 0
-0.137456 -0.015464 0.435491 0 255 0
-0.101413 0.051758 0.466023 0 255 0
-0.115505 0.128822 0.441276 0 255 0
-0.048228 0.005873 0.450861 0 255 0
-0.065019 0.020795 0.468128 0 255 0
-0.101411 -0.064288 0.409954 0 255 0
-0.184372 -0.169867 0.442307 0 255 0
-0.149583 -0.139236 0.351652 0 255 0
-0.168068 -0.145222 0.397200 0 255 0
-0.031576 -0.096037 0.388703 0 255 0
-0.236629 -0.155228 0.613712 0 255 0
-0.150552 -0.195288 0.562010 0 255 0
-0.130745 -0.226418 0.607965 0 255 0
-0.190771 -0.152627 0.632102 0 255 0
-0.202964 -0.187573 0.653640 0 255 0
-0.155427 -0.206286 0.610410 0 255 0
-0.177971 -0.237215 0.588511 0 255 0
-0.212131 -0.158558 0.549495 0 255 0
-0.232592 -0.160328 0.606745 0 255 0
-0.191165 -0.207730 0.624283 0 255 0
-0.173522 -0.131498 0.631591 0 255 0
-0.191087 -0.188545 0.682722 0 255 0
-0.226354 -0.188505 0.741036 0 255 0
-0.181742 -0.195376 0.640646 0 255 0
-0.236517 -0.147488 0.628669 0 255 0
-0.002359 -0.383528 0.478601 0 255 0
-0.016163 -0.385446 0.487016 0 255 0
0.015293 -0.409800 0.620457 0 255 0
0.059482 -0.346188 0.540303 0 255 0
-0.051353 -0.320604 0.475461 0 255 0
0.007999 -0.337651 0.506221 0 255 0
0.034953 -0.409661 0.426100 0 255 0
-0.053686 -0.355642 0.492536 0 255 0
0.041014 -0.383900 0.532547 0 255 0
0.039576 -0.399140 0.477436 0 255 0
0.034005 -0.321595 0.468458 0 255 0
-0.000327 -0.474434 0.520188 0 255 0
-0.046897 -0.381733 0.488394 0 255 0
-0.021901 -0.297979 0.452362 0 255 0
-0.063541 -0.345766 0.395257 0 255 0
0.015130 -0.342679 0.455275 0 255 0
-0.031105 -0.261849 0.479561 0 255 0
-0.114844 -0.278267 0.532097 0 255 0
-0.046383 -0.150141 0.566630 0 255 0
-0.145384 -0.246290 0.525195 0 255 0
-0.070600 -0.192243 0.577877 0 255 0
-0.120989 -0.236738 0.503855 0 255 0
-0.057750 -0.230803 0.562297 0 255 0
-0.037613 -0.326244 0.421636 0 255 0
0.070945 -0.365069 0.552519 0 255 0
-0.018499 -0.507065 0.585994 0 255 0
-0.021468 -0.388976 0.490096 0 255 0
0.004794 -0.430401 0.530688 0 255 0
-0.096368 -0.253864 0.607950 0 255 0
-0.058098 -0.207848 0.577947 0 255 0
-0.124040 -0.213883 0.570817 0 255 0
-0.118308 -0.148157 0.667371 0 255 0
-0.093622 -0.163997 0.609356 0 255 0
-0.045161 -0.282772 0.484312 0 255 0
-0.031018 -0.125321 0.649085 0 255 0
-0.149430 0.302292 0.499430 0 255 0
-0.270624 0.315291 0.483685 0 255 0
-0.310021 0.358246 0.457040 0 255 0
-0.237143 0.301275 0.406448 0 255 0
-0.256677 0.255704 0.445912 0 255 0
-0.272998 0.271572 0.471772 0 255 0
-0.244054 0.179811 0.493120 0 255 0
-0.169516 0.319268 0.376756 0 255 0
-0.175027 0.284636 0.402652 0 255 0
-0.152333 0.318224 0.364995 0 255 0
-0.175418 0.200869 0.478216 0 255 0
-0.165251 0.140822 0.469996 0 255 0
-0.229057 0.294592 0.372375 0 255 0
-0.247232 0.219525 0.471954 0 255 0
-0.260624 0.276294 0.463794 0 255 0
-0.221668 0.312668 0.404638 0 255 0
-0.162488 0.326649 0.473799 0 255 0
-0.161317 0.106752 0.398997 0 255 0
-0.126805 0.144785 0.422326 0 255 0
-0.115402 0.104810 0.382520 0 255 0
-0.139667 0.078509 0.426677 0 255 0
-0.212525 0.125687 0.446772 0 255 0
-0.056378 0.267071 0.409907 0 255 0
-0.213641 0.238167 0.388143 0 255 0
-0.125742 0.275938 0.325344 0 255 0
-0.183418 0.332874 0.403133 0 255 0
-0.191107 0.153695 0.410160 0 255 0
-0.162833 0.231417 0.288879 0 255 0
-0.147738 0.161151 0.497718 0 255 0
-0.175220 0.197030 0.370364 0 255 0
-0.135409 0.159125 0.497706 0 255 0
-0.270635 0.176006 0.372052 0 255 0
-0.221526 0.116113 0.366031 0 255 0
-0.221575 0.195200 0.417111 0 255 0
-0.228886 0.098332 0.512174 0 255 0
-0.183331 0.181660 0.390379 0 255 0
-0.130770 0.248701 0.319349 0 255 0
-0.164048 0.207312 0.435328 0 255 0
-0.127470 0.289848 0.388422 0 255 0
-0.097608 0.294590 0.353269 0 255 0
-0.038732 0.168635 0.466712 0 255 0
-0.173123 0.159334 0.376296 0 255 0
-0.123838 0.076361 0.420076 0 255 0
-0.195913 0.154054 0.467526 0 255 0
-0.130387 0.084659 0.494536 0 255 0
-0.194196 0.485857 0.699230 0 255 0
0.019412 0.315641 0.526937 0 255 0
-0.065701 0.279162 0.586515 0 255 0
-0.286067 0.226016 0.643633 0 255 0
-0.216780 0.307321 0.539381 0 255 0
-0.265680 0.322704 0.479365 0 255 0
-0.052356 0.362958 0.593589 0 255 0
-0.171916 0.285581 0.604377 0 255 0
-0.279005 0.282880 0.558517 0 255 0
-0.216396 0.290759 0.667921 0 255 0
-0.010472 0.276035 0.547461 0 255 0
-0.195012 0.268851 0.462529 0 255 0
-0.210569 0.204568 0.403142 0 255 0
-0.131209 0.283385 0.461457 0 255 0
-0.037255 0.295086 0.404674 0 255 0
-0.116273 0.256828 0.331892 0 255 0
-0.062303 0.211616 0.426785 0 255 0
-0.106195 0.243353 0.718672 0 255 0
-0.097563 0.230540 0.598776 0 255 0
-0.088779 0.202192 0.625462 0 255 0
-0.060184 0.201702 0.659552 0 255 0
-0.126098 0.229386 0.627582 0 255 0
-0.048986 0.296614 0.642941 0 255 0
-0.063114 0.215556 0.610111 0 255 0
-0.140454 0.244441 0.580258 0 255 0
-0.201624 0.177867 0.631225 0 255 0
-0.175009 0.155225 0.614693 0 255 0
0.024097 0.109293 0.739206 0 255 0
-0.058373 0.203570 0.652314 0 255 0
-0.198404 0.171985 0.566595 0 255 0
-0.158739 0.154429 0.603153 0 255 0
-0.157640 0.121989 0.586224 0 255 0
-0.172727 0.121755 0.591198 0 255 0
-0.113304 0.214618 0.336539 0 255 0
-0.075283 0.108278 0.482009 0 255 0
-0.091067 0.150033 0.608935 0 255 0
-0.025659 -0.363033 0.476600 0 255 0
-0.035116 -0.341190 0.479340 0 255 0
-0.010188 -0.537775 0.535525 0 255 0
-0.064009 -0.278973 0.490151 0 255 0
0.018112 -0.500422 0.486083 0 255 0
0.046964 -0.365961 0.492004 0 255 0
0.033626 -0.459260 0.449427 0 255 0
-0.001863 -0.272192 0.547720 0 255 0
-0.073774 -0.272421 0.459333 0 255 0
-0.052984 0.321133 0.507309 0 255 0
-0.063089 -0.319841 0.508973 0 255 0
-0.089197 0.280150 0.461106 0 255 0
-0.050544 -0.029901 0.438778 0 255 0
-0.055323 0.862848 0.410090 0 255 0
-0.032805 0.873857 0.304219 0 255 0
0.008481 0.885842 0.392254 0 255 0
-0.050366 0.861963 0.334682 0 255 0
-0.114625 0.796724 0.321235 0 255 0
-0.019442 0.847266 0.374197 0 255 0
-0.095611 0.834408 0.402004 0 255 0
-0.038084 0.867895 0.394066 0 255 0
-0.080588 0.943606 0.332289 0 255 0
-0.009251 0.869340 0.350510 0 255 0
-0.126771 0.825979 0.418488 0 255 0
-0.091723 0.990257 0.389390 0 255 0
-0.046128 0.813561 0.409244 0 255 0
-0.101224 0.950415 0.413822 0 255 0
-0.105812 0.958874 0.333773 0 255 0
-0.143236 0.850407 0.414689 0 255 0
-0.125830 0.923545 0.416855 0 255 0
-0.036370 0.866580 0.433689 0 255 0
-0.024376 0.777887 0.289388 0 255 0
-0.047229 0.944284 0.441942 0 255 0
-0.044193 0.872328 0.360771 0 255 0
-0.039058 0.848429 0.294676 0 255 0
-0.035472 0.952970 0.414456 0 255 0
-0.096661 0.853706 0.392915 0 255 0
-0.090803 0.938178 0.374331 0 255 0
-0.026839 0.900404 0.424533 0 255 0
-0.072028 0.881779 0.404792 0 255 0
-0.111856 0.912035 0.298070 0 255 0
-0.024255 0.913335 0.373376 0 255 0
-0.042826 0.827021 0.446021 0 255 0
-0.075103 0.924060 0.380810 0 255 0
-0.074761 0.909078 0.344106 0 255 0
-0.091763 0.871440 0.396425 0 255 0
-0.095116 0.986080 0.338627 0 255 0
-0.191596 0.898546 0.380207 0 255 0
-0.024971 0.949013 0.325495 0 255 0
-0.025281 0.893751 0.304151 0 255 0
-0.056639 1.079157 0.427151 0 255 0
-0.075461 1.052490 0.513479 0 255 0
-0.107011 0.912545 0.564211 0 255 0
-0.086416 1.090789 0.472367 0 255 0
-0.063940 1.107951 0.453496 0 255 0
-0.072808 1.026177 0.542908 0 255 0
-0.051742 1.037070 0.450274 0 255 0
-0.016883 1.066155 0.552399 0 255 0
-0.129081 1.047017 0.546945 0 255 0
-0.026262 1.077612 0.472514 0 255 0
-0.013204 0.994058 0.495026 0 255 0
-0.101058 1.040112 0.518469 0 255 0
-0.155708 1.038518 0.495196 0 255 0
-0.121471 0.986061 0.479560 0 255 0
-0.182164 1.065082 0.519204 0 255 0
-0.085397 1.072054 0.464604 0 255 0
-0.128550 0.949667 0.451808 0 255 0
-0.067856 1.018685 0.430286 0 255 0
-0.121609 1.050627 0.462383 0 255 0
-0.162896 1.011171 0.438784 0 255 0
-0.071151 0.958590 0.507232 0 255 0
0.024229 1.026642 0.594813 0 255 0
-0.018526 1.049349 0.526071 0 255 0
-0.068126 1.023426 0.486062 0 255 0
-0.110131 1.047777 0.544171 0 255 0
0.011303 1.063975 0.457057 0 255 0
-0.044188 1.083720 0.617919 0 255 0
-0.008341 1.067143 0.443035 0 255 0
-0.010181 1.039192 0.489462 0 255 0
-0.053410 1.090368 0.484674 0 255 0
0.002100 1.051519 0.524300 0 255 0
-0.104713 0.994218 0.527683 0 255 0
-0.085294 1.086846 0.402243 0 255 0
-0.059453 1.034024 0.525750 0 255 0
-0.033259 1.061775 0.555892 0 255 0
-0.004539 1.094127 0.493450 0 255 0
-0.044852 1.040353 0.444651 0 255 0
-0.193917 1.028919 0.547460 0 255 0
-0.173432 0.997921 0.492400 0 255 0
-0.109419 1.103568 0.473449 0 255 0
-0.158580 1.021643 0.560672 0 255 0
-0.046464 1.067737 0.498402 0 255 0
-0.197025 1.106587 0.439702 0 255 0
-0.032429 0.991589 0.445742 0 255 0
-0.159249 1.031602 0.455913 0 255 0
-0.094975 1.033206 0.517016 0 255 0
-0.065415 1.011052 0.473060 0 255 0
-0.063067 1.063669 0.494577 0 255 0
-0.097383 1.075971 0.522439 0 255 0
-0.020134 1.066427 0.476925 0 255 0
-0.128453 1.079603 0.454012 0 255 0
-0.132001 1.125518 0.505489 0 255 0
-0.084051 1.064618 0.462654 0 255 0
-0.108785 1.046386 0.462425 0 255 0
-0.137150 1.059799 0.461459 0 255 0
-0.079251 1.033159 0.500604 0 255 0
-0.098202 1.080195 0.494243 0 255 0
-0.125189 1.083954 0.502267 0 255 0
-0.110795 1.073623 0.489316 0 255 0
-0.152770 1.033835 0.517806 0 255 0
-0.131816 0.979190 0.491055 0 255 0
-0.072312 0.978206 0.421615 0 255 0
-0.100649 1.018926 0.498732 0 255 0
-0.101516 1.005680 0.508608 0 255 0
-0.130356 1.133895 0.489518 0 255 0
-0.083815 0.968296 0.509849 0 255 0
-0.160627 1.011726 0.433136 0 255 0
-0.101541 1.129633 0.470145 0 255 0
-0.099879 0.951691 0.542766 0 255 0
-0.183664 1.076747 0.456655 0 255 0
-0.117795 0.953561 0.448763 0 255 0
-0.145891 1.065801 0.418195 0 255 0
-0.150360 0.977224 0.422239 0 255 0
-0.085349 1.076552 0.470671 0 255 0
-0.042388 1.041338 0.437650 0 255 0
-0.109229 1.087714 0.425897 0 255 0
-0.110640 1.065468 0.496733 0 255 0
-0.112153 0.995705 0.444168 0 255 0
-0.089836 1.100883 0.499997 0 255 0
-0.140109 0.985589 0.463694 0 255 0
-0.039885 0.954448 0.488746 0 255 0
-0.093973 1.015149 0.543133 0 255 0
-0.080434 1.086964 0.485003 0 255 0
-0.018931 1.002942 0.530809 0 255 0
-0.092440 1.134971 0.574642 0 255 0
-0.073309 1.115333 0.525542 0 255 0
-0.110402 1.028179 0.501978 0 255 0
-0.053193 1.026637 0.499207 0 255 0
-0.159420 1.004416 0.478805 0 255 0
-0.022491 1.036432 0.487054 0 255 0
-0.103195 1.132935 0.475865 0 255 0
-0.072162 1.037693 0.503995 0 255 0
-0.109757 0.992533 0.505033 0 255 0
-0.099672 1.034199 0.423552 0 255 0
-0.052704 1.029281 0.561088 0 255 0
-0.037818 1.061020 0.518110 0 255 0
-0.128771 1.016447 0.434980 0 255 0
-0.117724 1.042591 0.456547 0 255 0
-0.120231 1.076004 0.442738 0 255 0
-0.081934 1.103056 0.449067 0 255 0
-0.134333 1.055278 0.434454 0 255 0
-0.151517 1.037559 0.523462 0 255 0
-0.100251 0.955808 0.433683 0 255 0
-0.154760 1.058278 0.493838 0 255 0
-0.117416 1.049826 0.459463 0 255 0
-0.094054 1.001192 0.470321 0 255 0
-0.120344 0.978114 0.439673 0 255 0
-0.106033 1.112807 0.492169 0 255 0
-0.073110 0.941431 0.337927 0 255 0
-0.050781 0.890557 0.387016 0 255 0
-0.101371 0.806295 0.417216 0 255 0
-0.088579 0.861630 0.439032 0 255 0
-0.116490 0.933749 0.466899 0 255 0
-0.042238 1.036457 0.389591 0 255 0
-0.107459 0.883190 0.420758 0 255 0
-0.080128 0.924050 0.409428 0 255 0
-0.093425 0.984625 0.363571 0 255 0
-0.078120 0.949769 0.332614 0 255 0
-0.100957 0.919140 0.303860 0 255 0
-0.125105 0.914612 0.323375 0 255 0
-0.012306 0.891967 0.289819 0 255 0
-0.061663 0.953548 0.355907 0 255 0
-0.016396 0.944432 0.321594 0 255 0
-0.050878 0.912023 0.420234 0 255 0
-0.160307 0.977623 0.345025 0 255 0
-0.033671 1.015885 0.502351 0 255 0
-0.073814 1.029602 0.397619 0 255 0
-0.054561 1.009496 0.500162 0 255 0
-0.029735 0.976288 0.512423 0 255 0
-0.096571 0.998001 0.494392 0 255 0
-0.063547 1.010365 0.420141 0 255 0
-0.049221 0.970916 0.438886 0 255 0
-0.116163 0.999812 0.487396 0 255 0
-0.120426 1.031523 0.405204 0 255 0
-0.075146 0.964874 0.407966 0 255 0
-0.144058 1.000873 0.446725 0 255 0
-0.152260 1.014689 0.383039 0 255 0
-0.117234 0.969320 0.440146 0 255 0
-0.107722 1.016107 0.493856 0 255 0
-0.048307 1.044196 0.487899 0 255 0
-0.018124 1.007323 0.441658 0 255 0
-0.042631 1.066545 0.556124 0 255 0
-0.056928 1.096420 0.395653 0 255 0
-0.109101 1.036176 0.363002 0 255 0
-0.065227 1.049520 0.349374 0 255 0
-0.093551 0.996226 0.341568 0 255 0
-0.124070 1.013187 0.404371 0 255 0
-0.019928 1.030459 0.459733 0 255 0
-0.110383 1.011842 0.451834 0 255 0
-0.107358 1.038554 0.354212 0 255 0
-0.124004 0.995207 0.424768 0 255 0
-0.136864 1.057719 0.469080 0 255 0
-0.112652 0.990584 0.417338 0 255 0
-0.079048 0.920710 0.441352 0 255 0
-0.150577 1.005518 0.448116 0 255 0
-0.078674 0.996698 0.455363 0 255 0
-0.088034 0.964270 0.450401 0 255 0
-0.120032 0.982238 0.369952 0 255 0
-0.096052 1.000827 0.400585 0 255 0
-0.054896 0.923616 0.474854 0 255 0
-0.097604 1.028236 0.410248 0 255 0
-0.067625 1.002508 0.399523 0 255 0
0.001764 0.964915 0.386077 0 255 0
-0.130007 1.011492 0.372525 0 255 0
-0.154112 0.937767 0.347012 0 255 0
-0.079179 0.955426 0.396991 0 255 0
-0.171872 0.925694 0.340348 0 255 0
-0.091177 1.028879 0.267134 0 255 0
-0.108462 0.951901 0.376828 0 255 0
-0.141260 0.929258 0.308306 0 255 0
-0.149589 0.966889 0.325685 0 255 0
0.001085 0.965254 0.266745 0 255 0
-0.111928 0.895210 0.284932 0 255 0
-0.103910 0.908681 0.327664 0 255 0
-0.140957 0.986607 0.276741 0 255 0
-0.063956 0.871781 0.335073 0 255 0
0.000136 0.956596 0.349260 0 255 0
-0.085003 0.980015 0.307015 0 255 0
0.036817 0.994353 0.270496 0 255 0
-0.065033 0.926058 0.290899 0 255 0
-0.063497 0.882100 0.368503 0 255 0
-0.093210 0.947838 0.248628 0 255 0
-0.066582 0.923765 0.324417 0 255 0
-0.036597 1.052091 0.352398 0 255 0
-0.030249 1.041389 0.352567 0 255 0
0.023656 0.964860 0.290896 0 255 0
-0.039016 1.059782 0.517341 0 255 0
-0.086500 1.010455 0.525747 0 255 0
-0.094014 0.969000 0.356453 0 255 0
-0.078971 0.958687 0.441230 0 255 0
-0.059337 0.998564 0.399590 0 255 0
-0.024390 1.074062 0.362387 0 255 0
-0.040553 1.026472 0.371948 0 255 0
-0.051789 0.986818 0.416726 0 255 0
-0.073506 0.951084 0.365817 0 255 0
-0.077887 0.967766 0.397792 0 255 0
-0.137136 1.048066 0.353836 0 255 0
-0.053319 1.059332 0.355203 0 255 0
-0.008374 0.955932 0.258125 0 255 0
-0.023406 1.011806 0.395044 0 255 0
-0.075462 0.893699 0.352415 0 255 0
-0.028119 0.985997 0.332599 0 255 0
-0.064656 0.944378 0.381546 0 255 0
-0.027815 1.040960 0.378662 0 255 0
-0.059693 0.884259 0.365654 0 255 0
-0.084948 0.992052 0.373325 0 255 0
0.040051 0.873296 0.348760 0 255 0
-0.063034 0.957819 0.415241 0 255 0
-0.120074 0.996945 0.454511 0 255 0
-0.002105 0.965466 0.390250 0 255 0
-0.063094 1.001613 0.341020 0 255 0
-0.081010 0.992497 0.301695 0 255 0
-0.049641 0.943262 0.291272 0 255 0
-0.063137 1.067382 0.305347 0 255 0
-0.097068 0.984511 0.314925 0 255 0
-0.110382 0.961841 0.297642 0 255 0
-0.045542 1.053249 0.333473 0 255 0
-0.041719 0.979707 0.281701 0 255 0
-0.049846 0.926449 0.349513 0 255 0
-0.042188 1.023788 0.346409 0 255 0
-0.000423 1.029859 0.385250 0 255 0
0.010979 0.926782 0.393542 0 255 0
0.030168 0.929657 0.364255 0 255 0
-0.014216 0.965566 0.332316 0 255 0
-0.084152 0.924735 0.336481 0 255 0
-0.038671 0.955299 0.353391 0 255 0
-0.059829 0.943232 0.416288 0 255 0
-0.093970 1.024502 0.466751 0 255 0
-0.062405 0.949227 0.445127 0 255 0
-0.087725 1.040177 0.401913 0 255 0
-0.125493 1.073763 0.313457 0 255 0
-0.055183 0.988339 0.376029 0 255 0
-0.063716 0.960905 0.354819 0 255 0
-0.055173 1.001074 0.361859 0 255 0
-0.092189 1.058497 0.367886 0 255 0
-0.036224 1.053723 0.355478 0 255 0
-0.062408 1.072973 0.304091 0 255 0
-0.085508 0.951619 0.321581 0 255 0
-0.082495 0.963087 0.357245 0 255 0
-0.081941 1.018458 0.345712 0 255 0
-0.010938 0.973445 0.293248 0 255 0
-0.071836 0.907935 0.321790 0 255 0
-0.060197 1.002831 0.330670 0 255 0
-0.101115 0.887632 0.316735 0 255 0
-0.050691 0.987802 0.272557 0 255 0
-0.052963 1.031890 0.343572 0 255 0
-0.057307 1.036187 0.244708 0 255 0
-0.065843 0.975544 0.285670 0 255 0
0.005740 1.008997 0.277296 0 255 0
-0.061859 0.935471 0.320740 0 255 0
-0.032341 0.958229 0.320897 0 255 0
0.001039 0.988893 0.345731 0 255 0
-0.021451 0.993731 0.353039 0 255 0
-0.083799 0.953821 0.299830 0 255 0
-0.050229 0.995927 0.352142 0 255 0
-0.061152 0.967955 0.330567 0 255 0
-0.117209 0.957349 0.301476 0 255 0
-0.044583 0.991341 0.288190 0 255 0
-0.037528 0.987487 0.372582 0 255 0
-0.167061 -0.316283 0.408285 0 255 0
-0.152018 -0.191363 0.388157 0 255 0
-0.144974 0.701117 0.613522 0 255 0
-0.147419 0.583791 0.646031 0 255 0
-0.049027 0.698532 0.517460 0 255 0
-0.219876 0.219775 0.641488 0 255 0
-0.121846 0.008360 0.609760 0 255 0
-0.099289 0.002851 0.617911 0 255 0
-0.185360 -0.041972 0.639800 0 255 0
-0.205152 0.300620 0.672117 0 255 0
-0.197421 -0.096240 0.567134 0 255 0
-0.089066 0.282238 0.352102 0 255 0
-0.052293 -0.194890 0.368356 0 255 0
-0.219070 -0.156425 0.632827 0 255 0
-0.094477 0.124368 0.359375 0 255 0
-0.145559 -0.451274 0.561685 0 255 0
-0.119905 -0.398152 0.452953 0 255 0
-0.101011 -0.422116 0.423573 0 255 0
-0.142126 -0.415232 0.530665 0 255 0
-0.105085 -0.426270 0.494994 0 255 0
-0.109057 -0.453073 0.403353 0 255 0
-0.085471 -0.559136 0.516971 0 255 0
-0.075283 -0.406610 0.533486 0 255 0
-0.187614 -0.510054 0.434164 0 255 0
-0.118117 -0.517888 0.518039 0 255 0
-0.041333 -0.176791 0.536136 0 255 0
-0.021839 -0.206495 0.636029 0 255 0
-0.079251 -0.268994 0.588461 0 255 0
-0.066924 -0.092175 0.625919 0 255 0
0.026156 -0.456259 0.576457 0 255 0
-0.014883 0.080032 0.641241 0 255 0
-0.005697 0.083480 0.649545 0 255 0
-0.067124 -0.060211 0.414268 0 255 0
-0.053421 0.085297 0.684382 0 255 0
-0.056019 0.011220 0.677203 0 255 0
-0.127294 -0.047222 0.417706 0 255 0
-0.029711 -0.171531 0.628442 0 255 0
-0.022050 0.030921 0.634057 0 255 0
-0.105545 -0.180325 0.445078 0 255 0
-0.132581 0.003593 0.607719 0 255 0
-0.061930 0.178279 0.670664 0 255 0
-0.098596 -0.034168 0.663898 0 255 0
0.060722 -0.450410 0.445894 0 255 0
-0.011957 -0.533233 0.488049 0 255 0
0.000217 -0.498840 0.445345 0 255 0
-0.011107 -0.490848 0.478892 0 255 0
0.026952 -0.551867 0.388632 0 255 0
0.039896 -0.525415 0.353623 0 255 0
0.132023 -0.517469 0.347584 0 255 0
0.040215 -0.494614 0.456185 0 255 0
0.039937 -0.438408 0.368662 0 255 0
-0.003823 -0.497941 0.470871 0 255 0
0.048031 -0.380901 0.367373 0 255 0
0.003656 -0.371395 0.369072 0 255 0
-0.044280 -0.481285 0.352888 0 255 0
0.069778 -0.380053 0.506110 0 255 0
0.038139 -0.355916 0.443555 0 255 0
0.073589 -0.346639 0.461308 0 255 0
-0.024172 -0.353540 0.501441 0 255 0
-0.005796 -0.403781 0.471755 0 255 0
0.102288 -0.399959 0.456042 0 255 0
0.005209 -0.439499 0.527163 0 255 0
0.058865 -0.454414 0.443207 0 255 0
0.078671 -0.517244 0.452549 0 255 0
0.043002 -0.477542 0.452258 0 255 0
0.049197 -0.474919 0.512294 0 255 0
-0.041734 -0.490612 0.499794 0 255 0
0.014165 -0.437749 0.520474 0 255 0
0.002907 -0.380873 0.454219 0 255 0
-0.023895 -0.413215 0.488025 0 255 0
0.068538 -0.443146 0.509367 0 255 0
0.067195 -0.401429 0.509206 0 255 0
-0.025233 -0.455845 0.462426 0 255 0
0.021201 -0.406503 0.478175 0 255 0
0.011913 -0.426399 0.490794 0 255 0
0.029148 -0.388661 0.458368 0 255 0
0.054946 -0.406878 0.502919 0 255 0
0.078962 -0.508228 0.447800 0 255 0
0.006475 -0.360887 0.466868 0 255 0
0.114461 -0.441844 0.438734 0 255 0
0.093911 -0.510984 0.513786 0 255 0
0.025017 -0.432294 0.510219 0 255 0
0.013631 -0.474789 0.467448 0 255 0
-0.035021 -0.418548 0.462215 0 255 0
0.031843 -0.445747 0.517491 0 255 0
-0.003834 -0.358468 0.451652 0 255 0
0.011737 -0.396860 0.528884 0 255 0
0.070749 -0.424167 0.515328 0 255 0
0.059988 -0.377584 0.563135 0 255 0
0.026485 -0.407454 0.532588 0 255 0
0.052271 -0.375950 0.448969 0 255 0
0.030018 -0.286690 0.422443 0 255 0
0.009490 -0.408186 0.489793 0 255 0
0.050886 -0.384239 0.510972 0 255 0
0.023581 -0.366572 0.506527 0 255 0
0.000641 -0.414341 0.485811 0 255 0
0.040217 -0.386300 0.489662 0 255 0
0.016408 -0.335866 0.526017 0 255 0
-0.002109 -0.424659 0.426091 0 255 0
0.037428 -0.394870 0.593559 0 255 0
0.030043 -0.353627 0.488250 0 255 0
0.072858 -0.399195 0.507151 0 255 0
0.091829 -0.314651 0.535742 0 255 0
0.067002 -0.363395 0.504884 0 255 0
0.020560 -0.372934 0.411985 0 255 0
0.113084 -0.408207 0.515699 0 255 0
0.004367 -0.394451 0.488753 0 255 0
0.029398 -0.392615 0.500081 0 255 0
0.040376 -0.465893 0.513413 0 255 0
0.092692 -0.437785 0.466291 0 255 0
0.025654 -0.334742 0.467558 0 255 0
-0.003867 -0.478026 0.514732 0 255 0
0.093772 -0.385126 0.495357 0 255 0
-0.043134 -0.344123 0.494184 0 255 0
0.018178 -0.370761 0.519981 0 255 0
0.077038 -0.420331 0.510231 0 255 0
-0.011568 -0.408697 0.538419 0 255 0
0.068345 -0.419821 0.567144 0 255 0
-0.037015 -0.410889 0.512595 0 255 0
0.036539 -0.372874 0.500820 0 255 0
-0.051468 -0.466926 0.498691 0 255 0
0.035977 -0.401702 0.524815 0 255 0
-0.053161 -0.438772 0.535364 0 255 0
-0.042339 -0.383717 0.500329 0 255 0
0.068641 -0.389222 0.455074 0 255 0
0.043040 -0.371758 0.492702 0 255 0
0.009572 -0.319571 0.510994 0 255 0
0.025983 -0.368323 0.559936 0 255 0
0.014357 -0.356124 0.541813 0 255 0
-0.029768 -0.353737 0.513771 0 255 0
-0.013900 -0.357884 0.436973 0 255 0
0.009658 -0.409698 0.539727 0 255 0
0.086484 -0.390835 0.527587 0 255 0
0.003328 -0.383310 0.514484 0 255 0
0.023315 -0.395011 0.476183 0 255 0
0.006463 -0.412976 0.488430 0 255 0
0.033285 -0.364685 0.498780 0 255 0
0.005174 -0.411130 0.481133 0 255 0
0.117258 -0.386181 0.486894 0 255 0
0.012869 -0.428698 0.456333 0 255 0
0.002928 -0.360813 0.573904 0 255 0
0.004069 -0.403989 0.505831 0 255 0
0.066071 -0.408561 0.488886 0 255 0
-0.003196 -0.384405 0.429403 0 255 0
0.039478 -0.400299 0.498942 0 255 0
0.067166 -0.274049 0.561760 0 255 0
0.069373 -0.438819 0.474391 0 255 0
0.004464 -0.406838 0.518993 0 255 0
0.032371 -0.379692 0.494433 0 255 0
-0.000029 -0.416982 0.514377 0 255 0
0.061752 -0.523441 0.423557 0 255 0
0.017921 -0.552834 0.475430 0 255 0
0.021269 -0.451520 0.408229 0 255 0
0.003018 -0.393116 0.357473 0 255 0
0.032314 -0.466405 0.421554 0 255 0
-0.020517 -0.414443 0.493064 0 255 0
0.090417 -0.463601 0.464093 0 255 0
0.090203 -0.423860 0.481737 0 255 0
0.050148 -0.442079 0.497277 0 255 0
-0.039696 -0.337197 0.466757 0 255 0
0.000369 -0.412235 0.451991 0 255 0
0.118621 -0.444069 0.382033 0 255 0
-0.010323 -0.472371 0.462557 0 255 0
0.124552 -0.429977 0.534485 0 255 0
-0.000521 -0.501170 0.455998 0 255 0
0.033216 -0.559444 0.462032 0 255 0
0.087180 -0.545599 0.507347 0 255 0
0.090185 -0.479185 0.429327 0 255 0
0.028915 -0.445551 0.509778 0 255 0
0.024836 -0.502393 0.393558 0 255 0
-0.018458 -0.556908 0.498561 0 255 0
-0.039326 -0.523039 0.481539 0 255 0
0.025278 -0.534906 0.489770 0 255 0
0.002414 -0.398649 0.455806 0 255 0
-0.030493 -0.496202 0.432379 0 255 0
0.061463 -0.505983 0.360687 0 255 0
0.050642 -0.520333 0.488270 0 255 0
0.033369 -0.468077 0.438382 0 255 0
-0.010821 -0.426025 0.330010 0 255 0
0.044229 -0.365026 0.420806 0 255 0
0.033545 -0.426739 0.508200 0 255 0
0.063294 -0.437242 0.493656 0 255 0
0.011463 -0.374201 0.448716 0 255 0
-0.018893 -0.444698 0.466237 0 255 0
0.045817 -0.348778 0.435709 0 255 0
0.027337 -0.376731 0.504133 0 255 0
0.053258 -0.419031 0.443428 0 255 0
0.058446 -0.320536 0.388005 0 255 0
0.036685 -0.329567 0.522532 0 255 0
-0.041913 -0.423402 0.410097 0 255 0
-0.030812 -0.398011 0.373635 0 255 0
0.013964 -0.317211 0.419139 0 255 0
-0.072364 -0.362520 0.392522 0 255 0
-0.046085 -0.371172 0.462511 0 255 0
-0.097461 -0.339897 0.412473 0 255 0
0.014662 -0.267700 0.463179 0 255 0
0.066446 -0.366265 0.393793 0 255 0
0.033822 -0.505241 0.378395 0 255 0
-0.005795 -0.413344 0.389320 0 255 0
0.031353 -0.437141 0.364715 0 255 0
0.028407 -0.554216 0.428851 0 255 0
-0.021870 -0.551092 0.440921 0 255 0
-0.062895 -0.527321 0.320114 0 255 0
0.069179 -0.522820 0.327697 0 255 0
-0.077592 -0.545802 0.420201 0 255 0
0.000904 -0.565125 0.405018 0 255 0
0.043720 -0.530542 0.388307 0 255 0
0.010508 -0.523768 0.351514 0 255 0
0.073230 -0.475864 0.367872 0 255 0
0.022646 -0.542413 0.273902 0 255 0
0.036733 -0.536269 0.310639 0 255 0
0.029757 -0.457262 0.458839 0 255 0
0.041553 -0.512845 0.424198 0 255 0
0.045858 -0.482923 0.366951 0 255 0
-0.122637 -0.393746 0.421738 0 255 0
-0.048514 -0.360293 0.417787 0 255 0
0.038387 -0.364518 0.376002 0 255 0
-0.017210 -0.396706 0.477918 0 255 0
-0.088707 -0.442094 0.339114 0 255 0
-0.089454 -0.499511 0.382520 0 255 0
-0.049482 -0.429409 0.333049 0 255 0
-0.055332 -0.492147 0.350902 0 255 0
-0.041197 -0.427854 0.332492 0 255 0
-0.037642 -0.546416 0.423166 0 255 0
-0.029378 -0.466772 0.309336 0 255 0
-0.044645 -0.481687 0.281162 0 255 0
-0.026436 -0.347692 0.357176 0 255 0
-0.021654 -0.424317 0.321789 0 255 0
-0.062352 -0.435578 0.419449 0 255 0
-0.056010 -0.436749 0.311500 0 255 0
0.123949 -0.468844 0.434497 0 255 0
0.035058 -0.492741 0.444983 0 255 0
0.091448 -0.448142 0.407708 0 255 0
0.020592 -0.497449 0.456561 0 255 0
0.041013 -0.437928 0.373947 0 255 0
-0.014063 -0.489220 0.433402 0 255 0
0.076730 -0.485554 0.376298 0 255 0
0.049067 -0.485623 0.471380 0 255 0
0.080128 -0.420341 0.330930 0 255 0
-0.024511 -0.469868 0.383784 0 255 0
-0.004471 -0.484257 0.409978 0 255 0
-0.009677 -0.468409 0.339897 0 255 0
-0.021581 -0.400100 0.368304 0 255 0
-0.006946 -0.365390 0.427496 0 255 0
-0.053937 -0.354580 0.428876 0 255 0
-0.045561 -0.392052 0.400859 0 255 0
-0.109880 -0.372556 0.344653 0 255 0
-0.043688 -0.405691 0.406315 0 255 0
-0.082206 -0.351058 0.484726 0 255 0
-0.072170 -0.336807 0.390315 0 255 0
-0.016187 -0.440979 0.404528 0 255 0
-0.005578 -0.324762 0.413477 0 255 0
-0.010447 -0.314764 0.356285 0 255 0
-0.035143 -0.369251 0.472856 0 255 0
-0.130365 -0.352513 0.389325 0 255 0
-0.079781 -0.309245 0.342784 0 255 0
-0.080080 -0.361894 0.460806 0 255 0
-0.034918 -0.378883 0.443438 0 255 0
-0.100612 -0.322806 0.427783 0 255 0
-0.064031 -0.310945 0.455221 0 255 0
-0.083763 -0.355187 0.340479 0 255 0
-0.012151 -0.334458 0.427252 0 255 0
-0.024986 -0.376377 0.366868 0 255 0
-0.005660 -0.453719 0.335315 0 255 0
-0.057997 -0.397838 0.391156 0 255 0
-0.062133 -0.290932 0.393780 0 255 0
-0.016900 -0.401289 0.454499 0 255 0
-0.029151 -0.299298 0.377559 0 255 0
-0.104141 -0.416522 0.398022 0 255 0
0.046387 -0.482727 0.457410 0 255 0
0.109200 -0.475697 0.462497 0 255 0
0.036264 -0.469599 0.520397 0 255 0
0.026572 -0.539356 0.488518 0 255 0
-0.049636 -0.448922 0.458047 0 255 0
0.000696 -0.496142 0.479508 0 255 0
0.086357 -0.531559 0.452964 0 255 0
0.064886 -0.522648 0.487868 0 255 0
0.016078 -0.504063 0.424749 0 255 0
0.086238 -0.431835 0.526759 0 255 0
-0.005387 -0.438337 0.461304 0 255 0
-0.007604 -0.455495 0.435609 0 255 0
0.065443 -0.455093 0.464196 0 255 0
-0.056251 -0.535292 0.400361 0 255 0
-0.035515 -0.529990 0.433416 0 255 0
0.067284 -0.533872 0.412177 0 255 0
0.022089 -0.441178 0.462635 0 255 0
-0.001380 -0.447380 0.492554 0 255 0
0.016937 -0.406467 0.375557 0 255 0
0.008130 -0.458264 0.425081 0 255 0
-0.008339 -0.559104 0.375282 0 255 0
0.056908 -0.541546 0.350179 0 255 0
-0.061819 -0.602327 0.454486 0 255 0
-0.075439 -0.587411 0.366634 0 255 0
-0.044605 -0.544467 0.366844 0 255 0
-0.096030 -0.488748 0.367147 0 255 0
-0.157193 -0.507617 0.353522 0 255 0
-0.032456 -0.536732 0.375956 0 255 0
-0.056265 -0.423407 0.377500 0 255 0
-0.042436 -0.311157 0.412548 0 255 0
-0.102534 -0.317250 0.401693 0 255 0
0.039765 -0.466245 0.398733 0 255 0
-0.017732 -0.517658 0.452854 0 255 0
0.050267 -0.500132 0.383446 0 255 0
-0.018541 -0.457560 0.419049 0 255 0
0.019099 -0.420374 0.413009 0 255 0
0.057926 -0.460507 0.530068 0 255 0
0.050591 -0.426090 0.394401 0 255 0
0.046788 -0.427982 0.434806 0 255 0
0.026513 -0.414195 0.477868 0 255 0
0.026258 -0.462031 0.406731 0 255 0
0.048142 -0.364972 0.420321 0 255 0
-0.006011 -0.502168 0.396042 0 255 0
0.005242 -0.478941 0.326507 0 255 0
-0.097631 -0.467734 0.353852 0 255 0
-0.034016 -0.541403 0.314377 0 255 0
-0.072757 -0.479949 0.364757 0 255 0
-0.129057 -0.552835 0.308898 0 255 0
0.052733 -0.483406 0.518894 0 255 0
0.050786 -0.392382 0.544984 0 255 0
0.054883 -0.419085 0.454189 0 255 0
-0.059400 -0.340368 0.544634 0 255 0
0.009381 -0.410405 0.555022 0 255 0
-0.018340 -0.494159 0.507602 0 255 0
-0.014215 -0.405103 0.522246 0 255 0
-0.012514 -0.358601 0.485228 0 255 0
0.004202 -0.398824 0.435670 0 255 0
-0.067286 -0.380756 0.452144 0 255 0
-0.032810 -0.300471 0.505709 0 255 0
0.061742 -0.425696 0.448533 0 255 0
0.064411 -0.449384 0.545290 0 255 0
0.069016 -0.377272 0.605379 0 255 0
-0.008210 -0.360586 0.424800 0 255 0
0.038765 -0.352720 0.547945 0 255 0
-0.075015 -0.379879 0.484805 0 255 0
0.002794 -0.347664 0.507682 0 255 0
0.052574 -0.442384 0.493897 0 255 0
-0.010509 -0.461114 0.482968 0 255 0
0.029188 -0.362792 0.408222 0 255 0
-0.055839 -0.389512 0.461226 0 255 0
-0.034133 -0.312877 0.427275 0 255 0
-0.046026 -0.412731 0.408743 0 255 0
-0.032031 -0.389725 0.354789 0 255 0
-0.142880 -0.404732 0.413040 0 255 0
-0.106317 -0.356629 0.404535 0 255 0
-0.108464 -0.343723 0.378329 0 255 0
-0.091377 -0.371348 0.398674 0 255 0
-0.013223 -0.370916 0.409052 0 255 0
-0.011932 -0.350893 0.493444 0 255 0
-0.019926 -0.389199 0.431467 0 255 0
0.002386 -0.420684 0.483790 0 255 0
0.019590 -0.398249 0.514101 0 255 0
0.007951 -0.394751 0.484044 0 255 0
-0.021782 -0.431280 0.465777 0 255 0
0.055240 -0.442225 0.513091 0 255 0
-0.002097 -0.432648 0.574048 0 255 0
0.027726 -0.399605 0.495551 0 255 0
0.066236 -0.392811 0.508729 0 255 0
0.031338 -0.353063 0.568591 0 255 0
0.128841 -0.382901 0.520216 0 255 0
0.072387 -0.432507 0.547811 0 255 0
0.030441 -0.436076 0.542150 0 255 0
0.013688 -0.406897 0.533687 0 255 0
-0.018627 -0.390768 0.460096 0 255 0
0.050793 -0.501041 0.506762 0 255 0
-0.011308 -0.471765 0.452888 0 255 0
0.042314 -0.413497 0.543496 0 255 0
-0.061151 -0.472642 0.530562 0 255 0
0.006655 -0.389912 0.548261 0 255 0
0.080705 -0.434139 0.487967 0 255 0
0.027810 -0.296080 0.484332 0 255 0
0.050385 -0.369920 0.492590 0 255 0
0.030928 -0.297227 0.427183 0 255 0
0.047539 -0.512794 0.498538 0 255 0
0.070153 -0.437783 0.405106 0 255 0
0.042432 -0.475779 0.541996 0 255 0
-0.003564 -0.419787 0.470395 0 255 0
0.030294 -0.441721 0.412094 0 255 0
0.071586 -0.447934 0.439770 0 255 0
0.063094 -0.515485 0.471200 0 255 0
-0.028240 -0.468828 0.565133 0 255 0
-0.006020 -0.476167 0.496798 0 255 0
0.005517 -0.454953 0.545628 0 255 0
0.027339 -0.458566 0.462434 0 255 0
-0.031316 -0.355074 0.496803 0 255 0
-0.036852 -0.467049 0.540710 0 255 0
0.092571 -0.434276 0.396440 0 255 0
0.029285 -0.481374 0.412273 0 255 0
0.032053 -0.473261 0.484476 0 255 0
0.085751 -0.456660 0.407942 0 255 0
0.062378 -0.484683 0.471550 0 255 0
0.022953 -0.442258 0.457886 0 255 0
0.082617 -0.495735 0.446131 0 255 0
0.001527 -0.416606 0.463453 0 255 0
0.035025 -0.452216 0.454031 0 255 0
0.026852 -0.374546 0.299904 0 255 0
0.002506 -0.438463 0.403066 0 255 0
0.012292 -0.425764 0.374428 0 255 0
0.005822 -0.386622 0.368487 0 255 0
-0.003282 -0.424572 0.352528 0 255 0
0.041597 -0.326313 0.438666 0 255 0
-0.018919 -0.436216 0.344413 0 255 0
-0.064183 -0.419304 0.370205 0 255 0
-0.032461 -0.489167 0.327913 0 255 0
0.004822 -0.427117 0.382654 0 255 0
-0.014274 -0.474988 0.358715 0 255 0
-0.024566 -0.452086 0.355130 0 255 0
-0.021420 -0.411257 0.420440 0 255 0
0.013502 -0.462215 0.416774 0 255 0
0.011746 -0.385944 0.365781 0 255 0
-0.004577 -0.493705 0.356837 0 255 0
-0.008643 -0.439537 0.406447 0 255 0
-0.013345 -0.387362 0.437672 0 255 0
0.028523 -0.448671 0.339006 0 255 0
0.012990 -0.417747 0.385775 0 255 0
-0.056015 -0.406413 0.375956 0 255 0
-0.046562 -0.415496 0.423556 0 255 0
0.039269 -0.435577 0.384657 0 255 0
-0.023646 -0.353874 0.394841 0 255 0
-0.120778 -0.484242 0.373737 0 255 0
0.015934 -0.465482 0.441705 0 255 0
-0.055100 -0.396216 0.360942 0 255 0
-0.010757 -0.470259 0.351666 0 255 0
-0.098126 -0.456209 0.284611 0 255 0
-0.132004 -0.474791 0.258832 0 255 0
0.021772 -0.458580 0.428634 0 255 0
0.054123 -0.454518 0.408292 0 255 0
-0.020007 -0.437441 0.324195 0 255 0
-0.032890 -0.494640 0.375808 0 255 0
-0.071286 -0.437817 0.313265 0 255 0
-0.056025 -0.446252 0.383030 0 255 0
-0.059368 -0.423317 0.354978 0 255 0
-0.090459 -0.460256 0.370817 0 255 0
-0.106283 -0.400205 0.367697 0 255 0
0.000356 -0.468726 0.435681 0 255 0
-0.003812 -0.403042 0.404259 0 255 0
-0.008721 -0.445429 0.405595 0 255 0
-0.007442 -0.360921 0.402097 0 255 0
0.058020 -0.401788 0.347866 0 255 0
0.018412 -0.505280 0.472210 0 255 0
-0.003780 -0.494239 0.479747 0 255 0
-0.056666 -0.393821 0.537043 0 255 0
0.040058 -0.401647 0.544639 0 255 0
0.059954 -0.398961 0.386070 0 255 0
-0.010736 -0.382751 0.528043 0 255 0
0.059686 -0.483386 0.491511 0 255 0
0.006724 -0.423706 0.516973 0 255 0
0.020111 -0.489002 0.438882 0 255 0
-0.042962 -0.356997 0.392002 0 255 0
-0.207358 -0.327260 0.444306 0 255 0
-0.087366 -0.358242 0.384170 0 255 0
-0.118338 -0.319664 0.384474 0 255 0
-0.156975 -0.312295 0.369967 0 255 0
0.008997 -0.461045 0.480759 0 255 0
0.012877 -0.467513 0.456014 0 255 0
0.077792 -0.413347 0.527643 0 255 0
0.047418 -0.399592 0.522164 0 255 0
-0.034275 -0.353987 0.568375 0 255 0
0.055517 -0.472809 0.550413 0 255 0
0.092118 -0.464283 0.551605 0 255 0
0.014748 -0.394748 0.450292 0 255 0
0.079845 -0.465669 0.515315 0 255 0
0.037279 -0.465932 0.517075 0 255 0
0.021828 -0.444593 0.502155 0 255 0
0.120211 -0.430839 0.452902 0 255 0
-0.109049 -0.338749 0.395969 0 255 0
0.067689 -0.305961 0.417125 0 255 0
0.029232 -0.410070 0.475292 0 255 0
-0.010005 -0.421838 0.460984 0 255 0
0.007109 -0.378084 0.375073 0 255 0
0.054223 -0.457340 0.375439 0 255 0
0.003128 -0.471135 0.368289 0 255 0
0.038579 -0.477137 0.366494 0 255 0
-0.007875 -0.353313 0.484370 0 255 0
-0.043095 -0.343491 0.444402 0 255 0
-0.075644 -0.265025 0.442803 0 255 0
0.072193 -0.503905 0.401412 0 255 0
0.062787 -0.573617 0.446541 0 255 0
-0.009706 -0.511688 0.427598 0 255 0
-0.022919 -0.443194 0.428391 0 255 0
0.039343 -0.368604 0.535363 0 255 0
0.056263 -0.401590 0.533213 0 255 0
0.015684 -0.402626 0.510802 0 255 0
-0.021378 -0.464412 0.350127 0 255 0
-0.010660 -0.421952 0.338458 0 255 0
-0.030943 -0.446355 0.334099 0 255 0
-0.014474 -0.455684 0.334505 0 255 0
-0.007611 -0.415065 0.308142 0 255 0
0.013014 -0.496482 0.418545 0 255 0
0.000667 -0.481874 0.373527 0 255 0
-0.032883 -0.404623 0.355394 0 255 0
0.044366 -0.421933 0.334306 0 255 0
-0.042823 -0.489867 0.298150 0 255 0
0.059254 -0.447788 0.339839 0 255 0
0.021937 -0.445337 0.363304 0 255 0
-0.036639 -0.418955 0.451358 0 255 0
0.055520 -0.475925 0.394031 0 255 0
-0.018902 -0.448835 0.332957 0 255 0
0.015436 -0.362124 0.383680 0 255 0
0.005719 -0.463402 0.383819 0 255 0
0.045430 -0.442728 0.305100 0 255 0
-0.005588 -0.480164 0.433079 0 255 0
-0.022565 -0.443506 0.250652 0 255 0
-0.017866 -0.407349 0.399225 0 255 0
-0.003252 -0.422014 0.345349 0 255 0
0.042135 -0.452743 0.326564 0 255 0
-0.040533 -0.467917 0.375653 0 255 0
-0.007337 -0.423349 0.356422 0 255 0
-0.066167 -0.507261 0.390656 0 255 0
0.083092 -0.369758 0.415920 0 255 0
0.035875 -0.424634 0.334071 0 255 0
-0.003472 -0.472303 0.420266 0 255 0
0.016604 -0.467097 0.391035 0 255 0
0.014929 -0.398665 0.378230 0 255 0
-0.057209 -0.448770 0.322979 0 255 0
-0.014440 -0.483226 0.316090 0 255 0
0.044879 -0.514823 0.345158 0 255 0
0.007722 -0.418693 0.388843 0 255 0
-0.053086 -0.377570 0.345313 0 255 0
-0.030633 -0.444218 0.372056 0 255 0
-0.037540 -0.372173 0.372333 0 255 0
0.060960 -0.380354 0.423274 0 255 0
0.001609 -0.445048 0.418759 0 255 0
-0.068409 -0.461233 0.331862 0 255 0
-0.001193 -0.342311 0.451134 0 255 0
0.060691 -0.371817 0.398296 0 255 0
-0.003958 -0.440128 0.363352 0 255 0
0.075919 -0.425472 0.404829 0 255 0
0.008500 -0.423498 0.426228 0 255 0
0.040856 -0.470500 0.423347 0 255 0
0.034322 -0.395888 0.393128 0 255 0
-0.003222 -0.424551 0.431243 0 255 0
-0.003337 -0.350982 0.410231 0 255 0
-0.039920 -0.346693 0.449211 0 255 0
-0.083743 -0.421924 0.365877 0 255 0
-0.027186 -0.468713 0.273065 0 255 0
-0.003888 -0.410960 0.395972 0 255 0
0.044148 -0.349577 0.337868 0 255 0
0.040969 -0.484564 0.357234 0 255 0
-0.007472 -0.447253 0.396999 0 255 0
-0.007871 -0.466163 0.418125 0 255 0
0.028654 -0.399177 0.386699 0 255 0
-0.098931 -0.407963 0.418274 0 255 0
0.003392 -0.413502 0.324776 0 255 0
-0.002480 -0.395659 0.334642 0 255 0
0.057227 -0.375032 0.409886 0 255 0
-0.013422 -0.391150 0.378241 0 255 0
-0.018537 -0.417069 0.387087 0 255 0
-0.069008 -0.351018 0.348175 0 255 0
-0.010724 -0.397367 0.358780 0 255 0
-0.009050 -0.460255 0.465304 0 255 0
0.009177 -0.340338 0.301294 0 255 0
-0.024533 -0.425964 0.399132 0 255 0
-0.033688 -0.427157 0.403989 0 255 0
0.066414 -0.393079 0.403066 0 255 0
0.014013 -0.453594 0.405035 0 255 0
0.064826 -0.426114 0.372353 0 255 0
-0.025804 -0.414716 0.305904 0 255 0
0.011964 -0.432945 0.404620 0 255 0
0.001265 -0.384202 0.417885 0 255 0
-0.030251 -0.429047 0.383575 0 255 0
-0.024734 -0.436281 0.396868 0 255 0
0.038838 -0.487162 0.407338 0 255 0
0.020181 -0.468449 0.418038 0 255 0
0.014068 -0.415718 0.365662 0 255 0
0.002958 -0.453749 0.337050 0 255 0
0.025847 -0.475064 0.379104 0 255 0
-0.039201 -0.377372 0.379661 0 255 0
-0.020593 -0.463919 0.388311 0 255 0
0.020564 -0.390936 0.337644 0 255 0
0.018411 -0.415218 0.396943 0 255 0
-0.019897 -0.468735 0.331147 0 255 0
-0.003842 -0.496347 0.313349 0 255 0
-0.106992 -0.362773 0.427260 0 255 0
0.030198 -0.467879 0.428119 0 255 0
0.046437 -0.392724 0.342584 0 255 0
-0.037993 -0.464364 0.316749 0 255 0
-0.038553 -0.514069 0.368307 0 255 0
0.025331 -0.468602 0.381366 0 255 0
-0.019566 -0.462251 0.395377 0 255 0
-0.021220 -0.440584 0.444236 0 255 0
-0.043886 -0.345914 0.313815 0 255 0
0.031847 -0.368854 0.342300 0 255 0
-0.021635 -0.425927 0.327518 0 255 0
0.049629 -0.386018 0.340593 0 255 0
0.055046 -0.385688 0.403816 0 255 0
0.001408 -0.478531 0.338146 0 255 0
-0.017419 -0.458362 0.395131 0 255 0
-0.023122 -0.467956 0.326002 0 255 0
-0.003218 -0.329359 0.480355 0 255 0
-0.055789 -0.388118 0.513510 0 255 0
-0.038491 -0.273248 0.547185 0 255 0
-0.065704 -0.371272 0.459591 0 255 0
-0.018024 -0.437719 0.330882 0 255 0
-0.000928 -0.473298 0.381004 0 255 0
0.002406 -0.468269 0.376696 0 255 0
0.029750 -0.418281 0.423784 0 255 0
0.046602 -0.420561 0.355602 0 255 0
-0.040798 -0.500169 0.359018 0 255 0
0.059569 -0.432972 0.322508 0 255 0
-0.001147 -0.400334 0.335479 0 255 0
0.009607 -0.401886 0.389198 0 255 0
0.014094 -0.411097 0.374653 0 255 0
-0.053720 -0.272950 0.479804 0 255 0
0.019854 -0.370069 0.444752 0 255 0
0.067835 -0.287642 0.506116 0 255 0
0.001836 -0.292277 0.474219 0 255 0
-0.005193 -0.243180 0.469304 0 255 0
-0.046405 -0.297477 0.487672 0 255 0
0.031971 -0.224591 0.534929 0 255 0
0.011258 -0.319172 0.465501 0 255 0
-0.010559 -0.308802 0.503428 0 255 0
-0.034878 -0.290499 0.558918 0 255 0
-0.041358 -0.173561 0.602157 0 255 0
-0.007425 -0.250735 0.512443 0 255 0
-0.083663 -0.222806 0.522344 0 255 0
0.039097 -0.223773 0.571607 0 255 0
-0.028253 -0.221619 0.653816 0 255 0
-0.062762 -0.152949 0.693466 0 255 0
0.056042 -0.111279 0.566687 0 255 0
0.009229 -0.099244 0.590805 0 255 0
0.131816 -0.261174 0.538589 0 255 0
-0.056631 -0.291390 0.503341 0 255 0
0.109527 -0.214225 0.484807 0 255 0
0.097901 -0.195989 0.553728 0 255 0
-0.044442 -0.279759 0.453499 0 255 0
0.036022 -0.207660 0.375757 0 255 0
-0.049703 -0.272693 0.497501 0 255 0
-0.003020 -0.278840 0.442310 0 255 0
0.036136 -0.153527 0.579705 0 255 0
0.047555 -0.057122 0.575787 0 255 0
0.108786 -0.143062 0.558308 0 255 0
0.070130 -0.139320 0.545571 0 255 0
0.016971 -0.051883 0.566334 0 255 0
0.063150 -0.013805 0.598159 0 255 0
-0.054392 0.013781 0.535259 0 255 0
-0.031254 -0.016306 0.609275 0 255 0
0.100797 -0.110552 0.517572 0 255 0
0.013346 -0.057221 0.463469 0 255 0
0.004026 -0.001021 0.410285 0 255 0
0.065903 -0.141304 0.494800 0 255 0
0.025124 -0.258326 0.551818 0 255 0
0.041405 -0.206104 0.658045 0 255 0
0.036314 -0.249698 0.564587 0 255 0
0.017995 -0.283401 0.585847 0 255 0
0.163311 -0.419085 0.444367 0 255 0
0.134628 -0.431290 0.450210 0 255 0
0.045125 -0.436233 0.450204 0 255 0
0.133031 -0.379819 0.529991 0 255 0
0.085439 0.086463 0.500049 0 255 0
0.090170 0.049941 0.520087 0 255 0
0.039149 0.028403 0.482862 0 255 0
0.026929 0.002374 0.528772 0 255 0
0.131740 -0.308205 0.462508 0 255 0
0.099455 -0.305932 0.437096 0 255 0
0.052533 -0.330954 0.447217 0 255 0
0.067770 -0.354489 0.524233 0 255 0
0.026863 -0.169652 0.497996 0 255 0
-0.007597 -0.158520 0.530693 0 255 0
0.078684 -0.188204 0.545460 0 255 0
-0.008779 -0.245157 0.505933 0 255 0
0.080662 -0.127775 0.523506 0 255 0
0.048950 -0.182348 0.526563 0 255 0
0.041274 -0.111325 0.509572 0 255 0
-0.007170 -0.099152 0.493170 0 255 0
0.078572 -0.074408 0.405885 0 255 0
0.056062 -0.087495 0.550648 0 255 0
0.059360 -0.210075 0.458567 0 255 0
0.045144 -0.209529 0.548480 0 255 0
0.013734 -0.234766 0.587012 0 255 0
0.037628 -0.235089 0.564247 0 255 0
0.046011 -0.082087 0.617838 0 255 0
-0.062729 -0.064704 0.654724 0 255 0
0.108300 0.036313 0.514131 0 255 0
0.068284 -0.016991 0.523649 0 255 0
0.043060 0.105370 0.518402 0 255 0
0.063221 0.040695 0.466982 0 255 0
-0.038974 -0.084935 0.607755 0 255 0
0.023156 -0.128613 0.560101 0 255 0
0.041193 -0.092314 0.652381 0 255 0
0.006305 -0.056137 0.608792 0 255 0
0.112178 0.075209 0.549556 0 255 0
0.027841 0.103970 0.549863 0 255 0
0.026145 0.096901 0.514101 0 255 0
0.005083 0.034342 0.579899 0 255 0
0.022943 -0.225517 0.560097 0 255 0
-0.049638 -0.215651 0.519914 0 255 0
0.036531 -0.123494 0.633905 0 255 0
0.020312 -0.096604 0.615811 0 255 0
0.016843 -0.093039 0.536266 0 255 0
-0.009600 -0.145454 0.607080 0 255 0
0.036290 -0.213600 0.500746 0 255 0
0.039100 -0.197735 0.479519 0 255 0
0.133053 -0.267582 0.502588 0 255 0
0.107439 -0.262275 0.556100 0 255 0
0.083030 0.066365 0.492851 0 255 0
0.065475 0.080845 0.584761 0 255 0
0.042443 0.016851 0.541773 0 255 0
0.024055 0.130193 0.561301 0 255 0
0.098674 -0.256598 0.552749 0 255 0
0.118581 -0.190154 0.448519 0 255 0
0.072302 -0.244265 0.470665 0 255 0
0.109803 -0.229209 0.489944 0 255 0
-0.077892 -0.127327 0.621657 0 255 0
0.088282 -0.161247 0.582848 0 255 0
0.001874 -0.124265 0.627440 0 255 0
-0.011161 -0.181112 0.636202 0 255 0
0.044724 -0.113297 0.574073 0 255 0
0.054074 -0.028384 0.535174 0 255 0
-0.010973 -0.149198 0.593888 0 255 0
0.010814 -0.098545 0.661208 0 255 0
-0.058174 -0.134173 0.616938 0 255 0
0.027088 -0.172594 0.552906 0 255 0
-0.127584 -0.229262 0.556050 0 255 0
-0.007166 -0.256101 0.526640 0 255 0
0.017429 -0.157654 0.529311 0 255 0
-0.084001 -0.314316 0.585032 0 255 0
-0.036948 -0.261140 0.484937 0 255 0
0.001669 -0.307071 0.511656 0 255 0
-0.063185 -0.315574 0.539501 0 255 0
-0.007698 -0.282365 0.489578 0 255 0
-0.121852 -0.264450 0.511814 0 255 0
0.120495 -0.211697 0.533410 0 255 0
0.061850 -0.234207 0.539521 0 255 0
0.103115 0.085672 0.599402 0 255 0
-0.017294 -0.229771 0.391560 0 255 0
0.058390 -0.183817 0.344041 0 255 0
-0.010755 -0.230989 0.467564 0 255 0
-0.013090 -0.205234 0.410090 0 255 0
-0.023468 -0.293625 0.504062 0 255 0
-0.035445 -0.352486 0.445516 0 255 0
0.079989 -0.141399 0.404728 0 255 0
0.043217 -0.223137 0.414151 0 255 0
0.028021 -0.212858 0.371581 0 255 0
0.167799 -0.145425 0.419720 0 255 0
0.106895 -0.156887 0.488018 0 255 0
0.091415 -0.279496 0.449019 0 255 0
0.121431 -0.256248 0.438802 0 255 0
0.127567 -0.319390 0.453959 0 255 0
0.065185 0.009374 0.493604 0 255 0
0.009802 0.026431 0.528083 0 255 0
0.068215 -0.161128 0.380593 0 255 0
0.061880 -0.084309 0.422644 0 255 0
0.067774 -0.050426 0.460393 0 255 0
0.028624 -0.060105 0.403274 0 255 0
-0.056367 -0.264556 0.373385 0 255 0
-0.091270 -0.148450 0.345207 0 255 0
-0.116525 -0.220647 0.361531 0 255 0
-0.081542 -0.169638 0.415354 0 255 0
-0.003480 -0.256992 0.317889 0 255 0
0.000991 -0.210706 0.400595 0 255 0
-0.082145 -0.245288 0.322157 0 255 0
-0.082838 -0.152093 0.408545 0 255 0
-0.055551 -0.159604 0.383358 0 255 0
-0.076500 -0.152706 0.371201 0 255 0
0.003846 -0.079525 0.428996 0 255 0
0.070939 -0.120463 0.446922 0 255 0
0.107325 -0.074828 0.504025 0 255 0
0.109886 -0.189911 0.478733 0 255 0
0.072608 -0.159854 0.441777 0 255 0
0.109534 -0.196054 0.418642 0 255 0
0.014941 -0.261432 0.376813 0 255 0
-0.021097 -0.319411 0.375348 0 255 0
-0.014788 -0.263959 0.374266 0 255 0
-0.080038 -0.303063 0.447526 0 255 0
-0.120469 -0.286277 0.412877 0 255 0
-0.061751 -0.289029 0.341799 0 255 0
-0.078515 -0.294055 0.378709 0 255 0
-0.073762 -0.084866 0.342187 0 255 0
-0.166271 -0.145804 0.411758 0 255 0
-0.152068 -0.149239 0.458293 0 255 0
-0.024054 -0.102995 0.446758 0 255 0
0.116348 -0.257922 0.486429 0 255 0
0.114233 -0.296869 0.436773 0 255 0
0.046526 -0.259700 0.452677 0 255 0
0.069866 -0.152307 0.455691 0 255 0
0.024737 -0.194665 0.502618 0 255 0
0.079094 -0.182228 0.321375 0 255 0
0.036222 -0.200457 0.503822 0 255 0
0.052302 -0.208273 0.436084 0 255 0
0.117113 -0.026426 0.441573 0 255 0
0.077598 -0.076212 0.499036 0 255 0
0.038992 -0.119133 0.472533 0 255 0
0.071785 -0.155620 0.415123 0 255 0
-0.098660 -0.135650 0.396385 0 255 0
-0.078353 -0.000084 0.422936 0 255 0
-0.086408 -0.005235 0.410801 0 255 0
-0.135987 -0.097449 0.418283 0 255 0
0.127765 -0.218846 0.417940 0 255 0
0.096915 -0.339373 0.490559 0 255 0
0.059271 -0.315998 0.452100 0 255 0
0.055440 -0.307747 0.443792 0 255 0
0.150822 -0.295367 0.370081 0 255 0
0.179201 -0.351814 0.457609 0 255 0
0.196818 -0.231584 0.392783 0 255 0
0.069102 -0.308755 0.396115 0 255 0
0.083258 -0.378503 0.469951 0 255 0
0.116250 -0.270970 0.417341 0 255 0
0.152055 -0.326462 0.557528 0 255 0
0.138943 -0.396484 0.401381 0 255 0
-0.045551 -0.320426 0.397832 0 255 0
-0.040677 -0.258770 0.476610 0 255 0
0.072559 -0.331732 0.438906 0 255 0
0.156430 -0.255385 0.483878 0 255 0
0.192042 -0.277465 0.467924 0 255 0
0.174948 -0.239284 0.454584 0 255 0
0.082967 -0.208659 0.461225 0 255 0
0.145661 -0.378282 0.404042 0 255 0
0.057125 -0.419261 0.510999 0 255 0
0.176501 -0.314946 0.448936 0 255 0
0.150499 -0.357484 0.455536 0 255 0
0.147030 -0.259239 0.435584 0 255 0
0.172749 -0.308036 0.467457 0 255 0
0.042406 -0.052206 0.386665 0 255 0
0.045151 -0.017591 0.493820 0 255 0
0.043359 -0.003540 0.483400 0 255 0
0.066555 0.073483 0.480453 0 255 0
0.091008 0.079373 0.423762 0 255 0
-0.018338 0.078058 0.393299 0 255 0
0.066633 0.028156 0.478712 0 255 0
0.019709 0.076849 0.365069 0 255 0
-0.011371 0.014880 0.478369 0 255 0
-0.032097 -0.350789 0.479862 0 255 0
-0.054791 -0.325961 0.359318 0 255 0
-0.047066 -0.342283 0.389776 0 255 0
-0.005083 -0.307164 0.425469 0 255 0
0.067216 0.187880 0.448263 0 255 0
0.172469 0.246690 0.457236 0 255 0
0.149030 0.187724 0.456598 0 255 0
0.048437 0.176194 0.517255 0 255 0
-0.100533 -0.273592 0.424607 0 255 0
-0.043069 -0.302925 0.388604 0 255 0
-0.018914 -0.258056 0.394525 0 255 0
-0.129197 -0.279138 0.349342 0 255 0
0.125681 0.128524 0.506817 0 255 0
0.056854 0.215062 0.425682 0 255 0
-0.093497 -0.263089 0.454946 0 255 0
0.025168 -0.380055 0.449738 0 255 0
-0.001123 -0.257422 0.450910 0 255 0
-0.010314 -0.308604 0.412987 0 255 0
-0.081730 -0.208407 0.419598 0 255 0
0.108677 0.173449 0.526376 0 255 0
0.145778 0.209156 0.525925 0 255 0
-0.053359 -0.297608 0.371917 0 255 0
-0.068942 -0.324237 0.384579 0 255 0
-0.042489 -0.284065 0.422105 0 255 0
-0.121786 -0.351667 0.374978 0 255 0
0.059031 -0.000698 0.467491 0 255 0
0.005484 0.050126 0.471878 0 255 0
0.029704 0.308486 0.422906 0 255 0
-0.034353 0.237495 0.437062 0 255 0
-0.051796 0.362308 0.381657 0 255 0
-0.016561 0.391569 0.420096 0 255 0
-0.053667 0.333567 0.380546 0 255 0
-0.007146 0.241668 0.470019 0 255 0
-0.027975 0.305126 0.422720 0 255 0
-0.078593 0.314594 0.459918 0 255 0
-0.070159 0.132948 0.434365 0 255 0
-0.019688 0.239685 0.370834 0 255 0
0.043235 0.160838 0.413524 0 255 0
-0.019124 0.174008 0.431251 0 255 0
0.100392 0.079002 0.516512 0 255 0
-0.031052 0.110810 0.457999 0 255 0
-0.035399 0.121865 0.490216 0 255 0
0.029836 0.332449 0.538630 0 255 0
0.156566 0.417149 0.537195 0 255 0
0.033578 0.349153 0.566391 0 255 0
0.012213 0.356735 0.581461 0 255 0
0.004668 0.401389 0.550885 0 255 0
0.040019 0.287918 0.474672 0 255 0
0.040852 0.346094 0.447947 0 255 0
-0.046546 0.348360 0.529044 0 255 0
0.041943 0.095366 0.592587 0 255 0
0.001268 0.150438 0.585012 0 255 0
0.047072 0.156475 0.558565 0 255 0
-0.077551 0.122619 0.674474 0 255 0
-0.036617 0.125023 0.682494 0 255 0
-0.000423 0.080216 0.645223 0 255 0
-0.069023 0.169671 0.654953 0 255 0
0.001885 0.204808 0.718625 0 255 0
-0.035615 0.209313 0.636917 0 255 0
-0.014827 0.187369 0.672373 0 255 0
-0.057203 0.177928 0.663233 0 255 0
0.078996 0.251961 0.499212 0 255 0
0.083534 0.208878 0.524734 0 255 0
0.074149 0.220966 0.602041 0 255 0
0.023127 0.165511 0.512056 0 255 0
-0.083286 0.304310 0.444599 0 255 0
-0.079602 0.289471 0.507020 0 255 0
0.103906 0.448714 0.613579 0 255 0
0.092023 0.272178 0.597180 0 255 0
0.128215 0.421558 0.611208 0 255 0
0.130582 0.299966 0.639410 0 255 0
-0.034831 0.283794 0.688944 0 255 0
-0.023890 0.346392 0.640003 0 255 0
-0.045176 0.257233 0.553834 0 255 0
0.029453 0.205042 0.575852 0 255 0
-0.024989 0.325505 0.621510 0 255 0
-0.044296 0.224852 0.602321 0 255 0
-0.103085 0.178054 0.343221 0 255 0
-0.038073 0.214515 0.401325 0 255 0
-0.021023 0.326925 0.510321 0 255 0
-0.065649 0.255445 0.385008 0 255 0
-0.015955 0.107651 0.431299 0 255 0
0.057522 0.129399 0.448387 0 255 0
0.048346 0.049951 0.440808 0 255 0
0.072482 -0.011121 0.441321 0 255 0
-0.092760 0.062087 0.415784 0 255 0
0.032716 -0.046610 0.434558 0 255 0
-0.015786 -0.048641 0.462813 0 255 0
0.020126 -0.108839 0.362199 0 255 0
-0.050014 -0.098281 0.414138 0 255 0
-0.064176 -0.115668 0.386684 0 255 0
-0.012196 -0.229796 0.392094 0 255 0
-0.026841 0.368151 0.511062 0 255 0
-0.085963 0.273891 0.528294 0 255 0
0.007804 0.360871 0.525706 0 255 0
-0.093142 0.414318 0.549489 0 255 0
-0.053020 0.474826 0.536519 0 255 0
0.047699 0.419051 0.655890 0 255 0
0.039742 0.389176 0.523292 0 255 0
0.076168 0.387733 0.606738 0 255 0
0.048634 0.386337 0.649899 0 255 0
0.107898 0.386631 0.754622 0 255 0
-0.011064 0.330935 0.614640 0 255 0
0.017909 0.290692 0.742758 0 255 0
-0.049770 0.283078 0.638109 0 255 0
-0.055189 0.337091 0.646838 0 255 0
-0.092140 0.378104 0.650122 0 255 0
0.026274 0.221115 0.688853 0 255 0
0.101939 0.259835 0.588342 0 255 0
0.087638 0.245528 0.640223 0 255 0
0.000721 0.201366 0.638848 0 255 0
-0.013644 0.043267 0.658858 0 255 0
0.056684 0.045503 0.666403 0 255 0
-0.051818 0.133828 0.666819 0 255 0
0.029183 0.121191 0.609717 0 255 0
0.023499 0.098164 0.629942 0 255 0
0.000523 0.012192 0.602983 0 255 0
-0.009526 -0.049988 0.594837 0 255 0
0.039510 -0.014031 0.581162 0 255 0
0.015879 -0.041056 0.645673 0 255 0
-0.012987 -0.065885 0.676232 0 255 0
0.025189 0.013425 0.643106 0 255 0
-0.028164 -0.092170 0.622980 0 255 0
-0.010874 -0.090027 0.574243 0 255 0
0.014544 -0.080288 0.575956 0 255 0
-0.052197 -0.179500 0.522773 0 255 0
-0.067191 -0.178789 0.552683 0 255 0
0.102630 0.285641 0.461534 0 255 0
-0.116953 0.355897 0.553537 0 255 0
-0.080036 0.300204 0.587974 0 255 0
-0.063044 0.315913 0.544717 0 255 0
-0.086804 0.334064 0.535380 0 255 0
0.071529 0.197357 0.490771 0 255 0
0.074848 0.094411 0.510935 0 255 0
0.143517 0.093432 0.558403 0 255 0
-0.000691 -0.047226 0.513272 0 255 0
0.090174 -0.052226 0.549741 0 255 0
0.037652 -0.108525 0.635066 0 255 0
0.034487 -0.103473 0.630297 0 255 0
0.098876 0.355087 0.561678 0 255 0
-0.001557 0.477405 0.728289 0 255 0
0.028570 0.403595 0.682051 0 255 0
-0.070763 0.405170 0.731408 0 255 0
0.008756 0.360087 0.701436 0 255 0
-0.055822 0.332631 0.593556 0 255 0
-0.073333 0.383943 0.645838 0 255 0
-0.099497 0.360007 0.678197 0 255 0
-0.101224 0.412771 0.681155 0 255 0
-0.169821 0.497768 0.664426 0 255 0
-0.062738 0.411455 0.735865 0 255 0
-0.046092 0.461599 0.709071 0 255 0
-0.168531 0.370077 0.715670 0 255 0
0.128812 0.394359 0.732724 0 255 0
0.033608 0.445491 0.688778 0 255 0
0.020392 0.418389 0.647270 0 255 0
0.063764 0.365611 0.598609 0 255 0
0.006498 0.407200 0.610969 0 255 0
-0.009186 0.446846 0.469736 0 255 0
-0.024955 0.289539 0.624832 0 255 0
-0.147110 0.293527 0.594969 0 255 0
-0.094939 0.379894 0.645943 0 255 0
-0.086651 0.419417 0.654214 0 255 0
-0.122364 0.427281 0.605613 0 255 0
-0.154837 0.416791 0.578554 0 255 0
0.053207 0.529468 0.559645 0 255 0
0.064549 0.526162 0.617301 0 255 0
-0.032269 0.399462 0.604647 0 255 0
-0.002864 0.467460 0.577395 0 255 0
0.097120 0.449999 0.595707 0 255 0
0.081738 0.438385 0.634052 0 255 0
0.027221 0.496035 0.631217 0 255 0
-0.009895 0.455027 0.763543 0 255 0
0.011138 0.464610 0.673529 0 255 0
-0.027585 0.449874 0.654850 0 255 0
0.019018 0.419677 0.647733 0 255 0
0.021198 0.476035 0.609263 0 255 0
0.011029 0.429107 0.636733 0 255 0
-0.026109 0.461789 0.661928 0 255 0
0.020210 0.468082 0.554475 0 255 0
-0.025589 0.467395 0.617654 0 255 0
-0.035009 0.471614 0.581871 0 255 0
-0.029262 0.461442 0.603082 0 255 0
-0.068539 0.499240 0.524639 0 255 0
-0.133049 0.370946 0.633252 0 255 0
-0.063976 0.499869 0.562494 0 255 0
-0.075394 0.520224 0.638043 0 255 0
-0.079029 0.469584 0.621882 0 255 0
-0.164013 0.429323 0.627926 0 255 0
-0.113814 0.490651 0.566546 0 255 0
-0.030557 0.459116 0.609090 0 255 0
-0.188923 0.589763 0.668465 0 255 0
-0.063067 0.558307 0.673714 0 255 0
-0.140937 0.509871 0.670076 0 255 0
-0.170630 0.538838 0.660252 0 255 0
-0.078398 0.598197 0.647087 0 255 0
-0.066651 0.559265 0.620996 0 255 0
-0.151422 0.559803 0.586207 0 255 0
-0.152660 0.520085 0.707389 0 255 0
-0.146248 0.541158 0.620024 0 255 0
-0.087619 0.608090 0.750043 0 255 0
-0.038236 0.579148 0.638526 0 255 0
-0.084818 0.575009 0.672787 0 255 0
-0.025856 0.532129 0.754747 0 255 0
-0.045023 0.514838 0.658867 0 255 0
-0.044199 0.570744 0.679316 0 255 0
-0.047983 0.559051 0.697934 0 255 0
-0.038336 0.552208 0.788377 0 255 0
0.026853 0.541735 0.719070 0 255 0
-0.166704 0.529665 0.741698 0 255 0
-0.115400 0.527172 0.782923 0 255 0
-0.146060 0.537086 0.658841 0 255 0
-0.033605 0.484926 0.708303 0 255 0
-0.033424 0.545150 0.695426 0 255 0
-0.058404 0.517721 0.742186 0 255 0
-0.047938 0.535411 0.739385 0 255 0
-0.148494 0.524441 0.771185 0 255 0
-0.017419 0.508126 0.578213 0 255 0
-0.028962 0.520688 0.701217 0 255 0
0.054216 0.546561 0.527429 0 255 0
-0.024994 0.532075 0.670026 0 255 0
-0.154879 0.503474 0.634391 0 255 0
-0.097661 0.460957 0.710040 0 255 0
-0.062065 0.484006 0.734474 0 255 0
-0.117355 0.384236 0.698506 0 255 0
-0.005213 0.506633 0.706050 0 255 0
-0.072648 0.481033 0.783809 0 255 0
-0.024223 0.563326 0.698788 0 255 0
0.004002 0.487618 0.726599 0 255 0
-0.062021 0.555670 0.675299 0 255 0
-0.028629 0.640045 0.600107 0 255 0
-0.048823 0.584180 0.592446 0 255 0
-0.062378 0.506463 0.666983 0 255 0
-0.108031 0.615245 0.629259 0 255 0
-0.137981 0.507859 0.593492 0 255 0
-0.010278 0.495934 0.695409 0 255 0
-0.088068 0.535595 0.715213 0 255 0
-0.086729 0.525305 0.707096 0 255 0
-0.217607 0.564780 0.725057 0 255 0
-0.047071 0.556479 0.739338 0 255 0
-0.098725 0.508015 0.774807 0 255 0
-0.038717 0.545679 0.803409 0 255 0
0.022774 0.545470 0.774048 0 255 0
-0.135608 0.563364 0.853843 0 255 0
-0.072925 0.555095 0.762370 0 255 0
-0.060969 0.539819 0.643888 0 255 0
-0.083908 0.574875 0.571675 0 255 0
-0.036962 0.652682 0.651264 0 255 0
-0.041753 0.682407 0.671161 0 255 0
-0.028370 0.650945 0.678620 0 255 0
-0.014645 0.547233 0.689847 0 255 0
-0.046365 0.585161 0.735749 0 255 0
-0.132941 0.526342 0.615526 0 255 0
-0.154798 0.535735 0.720182 0 255 0
-0.108215 0.489589 0.685752 0 255 0
-0.120137 0.605621 0.796497 0 255 0
-0.075941 0.661275 0.636618 0 255 0
-0.122898 0.611830 0.631289 0 255 0
-0.154869 0.624632 0.695042 0 255 0
-0.116682 0.545375 0.668798 0 255 0
-0.123475 0.590643 0.702359 0 255 0
-0.072636 0.675958 0.722051 0 255 0
-0.044055 0.639156 0.717809 0 255 0
-0.108307 0.598549 0.654964 0 255 0
-0.114747 0.673321 0.620572 0 255 0
-0.087707 0.625723 0.621425 0 255 0
-0.079725 0.638168 0.707533 0 255 0
0.001536 0.574735 0.747618 0 255 0
-0.019401 0.668341 0.733310 0 255 0
-0.050746 0.679098 0.700809 0 255 0
-0.131411 0.756898 0.838392 0 255 0
0.005768 0.726581 0.872719 0 255 0
-0.140850 0.749082 0.865318 0 255 0
-0.112181 0.690806 0.788683 0 255 0
-0.138002 0.701604 0.676803 0 255 0
-0.211279 0.582816 0.719531 0 255 0
-0.230790 0.645476 0.706550 0 255 0
-0.093086 0.669844 0.654760 0 255 0
-0.068662 0.633405 0.701710 0 255 0
-0.083510 0.684624 0.701855 0 255 0
-0.061236 0.640368 0.637093 0 255 0
-0.039530 0.702479 0.729680 0 255 0
-0.164701 0.655760 0.761047 0 255 0
-0.175116 0.748419 0.783532 0 255 0
-0.224118 0.708597 0.745743 0 255 0
-0.172401 0.626984 0.783690 0 255 0
-0.212180 0.633173 0.629817 0 255 0
-0.180128 0.637954 0.690659 0 255 0
-0.202569 0.680533 0.699848 0 255 0
-0.170978 0.700726 0.698598 0 255 0
-0.066495 0.702341 0.747335 0 255 0
-0.077802 0.723050 0.742692 0 255 0
-0.126282 0.765073 0.716098 0 255 0
-0.081164 0.755492 0.683613 0 255 0
-0.093397 0.664124 0.745764 0 255 0
-0.015675 0.679846 0.759214 0 255 0
-0.037301 0.671936 0.706410 0 255 0
-0.078485 0.777238 0.774522 0 255 0
-0.068085 0.643599 0.773149 0 255 0
-0.147424 0.620976 0.819466 0 255 0
-0.242977 0.692345 0.834735 0 255 0
-0.166692 0.744434 0.776469 0 255 0
-0.177544 0.834800 0.799064 0 255 0
-0.168039 0.715008 0.775468 0 255 0
-0.180627 0.684844 0.706734 0 255 0
-0.250111 0.667424 0.645697 0 255 0
-0.174258 0.737242 0.747877 0 255 0
-0.141655 0.741933 0.742115 0 255 0
-0.096694 0.772131 0.768577 0 255 0
-0.046759 0.765867 0.765629 0 255 0
-0.131325 0.804975 0.739799 0 255 0
-0.069962 0.747706 0.748297 0 255 0
-0.124408 0.804884 0.839707 0 255 0
-0.110519 0.762362 0.800223 0 255 0
-0.095127 0.784292 0.788031 0 255 0
-0.067889 0.829618 0.918172 0 255 0
-0.158736 0.822592 0.907238 0 255 0
-0.122517 0.782921 0.900895 0 255 0
-0.137035 0.758116 0.740652 0 255 0
-0.134088 0.780248 0.822753 0 255 0
-0.145038 0.770394 0.825111 0 255 0
-0.256838 0.815031 0.809328 0 255 0
-0.128914 0.853021 0.827371 0 255 0
-0.196270 0.809148 0.696276 0 255 0
-0.132861 0.797842 0.794315 0 255 0
-0.213250 0.690251 0.653793 0 255 0
-0.181428 0.759210 0.786364 0 255 0
-0.141522 0.816682 0.769169 0 255 0
-0.188583 0.804953 0.764298 0 255 0
-0.130925 0.840425 0.836372 0 255 0
-0.121084 0.860371 0.759147 0 255 0
-0.192460 0.845478 0.773227 0 255 0
-0.154714 0.828888 0.708278 0 255 0
-0.056063 0.289932 0.545756 0 255 0
-0.121383 0.318807 0.576542 0 255 0
-0.053924 0.361269 0.632855 0 255 0
-0.160964 0.278723 0.523004 0 255 0
-0.044392 0.384301 0.657764 0 255 0
-0.065777 0.346538 0.715367 0 255 0
-0.070369 0.450270 0.694966 0 255 0
-0.010612 0.313566 0.722481 0 255 0
-0.101431 0.420561 0.714218 0 255 0
-0.146740 0.435236 0.650791 0 255 0
-0.160107 0.500122 0.784763 0 255 0
-0.157878 0.555426 0.710787 0 255 0
-0.085827 0.546848 0.739136 0 255 0
-0.145862 0.667079 0.777142 0 255 0
-0.163081 0.655597 0.784529 0 255 0
-0.135393 0.621161 0.792370 0 255 0
-0.196649 0.648177 0.745858 0 255 0
-0.097329 0.712790 0.787437 0 255 0
-0.183119 0.701614 0.727757 0 255 0
-0.136030 0.680148 0.873700 0 255 0
-0.146364 0.735122 0.862458 0 255 0
-0.176908 0.827134 0.767556 0 255 0
0.015744 0.381527 0.663427 0 255 0
-0.076804 0.277155 0.620664 0 255 0
0.018700 0.236185 0.657512 0 255 0
0.068547 0.265689 0.661282 0 255 0
-0.061987 0.366110 0.571920 0 255 0
-0.088617 0.234028 0.595956 0 255 0
0.056348 0.294012 0.620827 0 255 0
-0.069869 0.240966 0.596978 0 255 0
0.035704 0.535212 0.683862 0 255 0
-0.051134 0.482639 0.602134 0 255 0
-0.102563 0.572187 0.686644 0 255 0
-0.083776 0.493276 0.600751 0 255 0
-0.049412 0.372317 0.679728 0 255 0
-0.099892 0.455446 0.728836 0 255 0
0.005339 0.494879 0.758240 0 255 0
-0.056468 0.428540 0.789980 0 255 0
-0.143680 0.648187 0.660530 0 255 0
-0.094407 0.563220 0.836179 0 255 0
0.003987 0.617245 0.747818 0 255 0
-0.151121 0.664691 0.774596 0 255 0
-0.110667 0.687322 0.657826 0 255 0
-0.094563 0.654653 0.642598 0 255 0
-0.112223 0.730682 0.649805 0 255 0
-0.005830 0.584443 0.640328 0 255 0
-0.129399 0.643109 0.657177 0 255 0
-0.081149 0.418464 0.699637 0 255 0
-0.014939 0.440909 0.750744 0 255 0
-0.064756 0.380166 0.690809 0 255 0
-0.046145 0.421157 0.735417 0 255 0
0.034971 0.056113 0.466650 0 255 0
-0.064095 0.059875 0.428698 0 255 0
0.010635 -0.123358 0.595352 0 255 0
0.028841 -0.097549 0.591636 0 255 0
0.001406 -0.068304 0.483668 0 255 0
0.027834 -0.029569 0.605389 0 255 0
0.054268 -0.080343 0.606635 0 255 0
0.082048 -0.112645 0.557456 0 255 0
0.050627 -0.121502 0.544301 0 255 0
0.050091 -0.065575 0.513890 0 255 0
0.065273 -0.220036 0.457950 0 255 0
0.056445 -0.226899 0.560830 0 255 0
-0.054912 -0.046501 0.599327 0 255 0
-0.047775 -0.114869 0.598660 0 255 0
-0.050585 -0.060077 0.589370 0 255 0
-0.057267 0.017852 0.632927 0 255 0
0.044660 0.234754 0.634175 0 255 0
-0.030339 0.166284 0.642475 0 255 0
-0.035931 0.080721 0.536814 0 255 0
-0.064227 0.309588 0.582999 0 255 0
-0.041411 -0.025781 0.449958 0 255 0
-0.024672 -0.121743 0.405802 0 255 0
-0.038609 -0.203856 0.453526 0 255 0
-0.073124 -0.196848 0.387047 0 255 0
-0.073732 -0.236054 0.406717 0 255 0
-0.104342 -0.201988 0.412687 0 255 0
-0.065863 -0.342926 0.446944 0 255 0
-0.096508 -0.190041 0.374013 0 255 0
-0.074734 -0.328353 0.514347 0 255 0
-0.124915 -0.315269 0.422632 0 255 0
-0.147928 0.258645 0.597505 0 255 0
-0.128724 0.321911 0.565169 0 255 0
-0.068469 0.345395 0.552156 0 255 0
-0.015905 0.256446 0.549004 0 255 0
-0.002479 0.342380 0.632314 0 255 0
-0.122410 0.268536 0.619587 0 255 0
-0.031385 0.314203 0.661088 0 255 0
0.115694 0.312864 0.536036 0 255 0
0.080264 0.375116 0.556301 0 255 0
-0.046973 0.304207 0.505403 0 255 0
0.188635 -0.450255 0.434953 0 255 0
0.290655 -0.407461 0.456811 0 255 0
0.236514 -0.348226 0.426713 0 255 0
0.175309 -0.375295 0.418657 0 255 0
-0.064521 -0.129948 0.438675 0 255 0
-0.010780 -0.135155 0.376496 0 255 0
0.000542 -0.287721 0.409333 0 255 0
0.005322 -0.321523 0.411886 0 255 0
-0.036192 -0.298968 0.449287 0 255 0
0.035273 -0.195622 0.408005 0 255 0
-0.014741 -0.400711 0.439839 0 255 0
-0.008057 -0.269251 0.429311 0 255 0
0.107345 -0.248492 0.351256 0 255 0
0.018876 -0.282364 0.384965 0 255 0
0.044726 -0.280817 0.385228 0 255 0
-0.035835 0.183950 0.463018 0 255 0
0.028682 0.202063 0.356711 0 255 0
-0.115412 -0.025217 0.454815 0 255 0
-0.053469 0.055887 0.368409 0 255 0
-0.039916 -0.012299 0.428619 0 255 0
-0.094818 0.018142 0.395110 0 255 0
0.049754 -0.106743 0.386192 0 255 0
-0.020908 -0.067294 0.428688 0 255 0
-0.139465 -0.117023 0.629576 0 255 0
0.019601 -0.182007 0.595046 0 255 0
0.054457 -0.133031 0.640835 0 255 0
-0.067381 -0.201511 0.589304 0 255 0
0.087107 -0.264384 0.420240 0 255 0
0.255188 -0.304561 0.433497 0 255 0
0.164463 -0.310900 0.428206 0 255 0
0.188727 -0.397887 0.411060 0 255 0
0.046605 0.311882 0.515314 0 255 0
0.102773 0.342328 0.414892 0 255 0
0.048316 -0.014237 0.478527 0 255 0
0.035351 0.017373 0.460374 0 255 0
-0.026369 0.083681 0.461813 0 255 0
0.078250 -0.022079 0.434673 0 255 0
0.012968 -0.027244 0.462174 0 255 0
0.060163 0.035360 0.407090 0 255 0
0.017157 -0.057052 0.496440 0 255 0
0.205437 -0.177252 0.457460 0 255 0
0.047832 -0.220753 0.483596 0 255 0
0.105199 -0.144374 0.456759 0 255 0
0.014950 0.250684 0.654179 0 255 0
0.031011 0.300994 0.615175 0 255 0
0.075093 0.240250 0.617025 0 255 0
-0.063640 0.291112 0.630712 0 255 0
-0.101343 -0.319551 0.452124 0 255 0
-0.048778 -0.229665 0.450624 0 255 0
0.147867 -0.252693 0.452507 0 255 0
0.161326 -0.315709 0.437839 0 255 0
0.103145 -0.226892 0.376327 0 255 0
0.056046 -0.187876 0.474724 0 255 0
0.039216 -0.185046 0.471505 0 255 0
0.155030 -0.193381 0.439897 0 255 0
0.094816 -0.182595 0.452164 0 255 0
0.031024 -0.155694 0.428403 0 255 0
0.003415 -0.244703 0.514953 0 255 0
0.144496 -0.199956 0.482901 0 255 0
0.011061 -0.246183 0.522992 0 255 0
0.044332 -0.345785 0.557527 0 255 0
-0.000024 -0.306840 0.497102 0 255 0
0.054874 -0.228889 0.585856 0 255 0
0.037660 -0.229994 0.499128 0 255 0
-0.051301 -0.262245 0.470624 0 255 0
-0.030511 -0.267459 0.429864 0 255 0
-0.093136 -0.281340 0.450559 0 255 0
0.007975 -0.254440 0.458107 0 255 0
-0.065590 -0.281369 0.547996 0 255 0
-0.024622 -0.246194 0.362518 0 255 0
-0.111856 -0.213115 0.378844 0 255 0
-0.072945 -0.213989 0.396131 0 255 0
-0.032847 -0.265323 0.347720 0 255 0
-0.063474 -0.291293 0.493122 0 255 0
0.004808 -0.217504 0.480372 0 255 0
0.034272 -0.342878 0.482944 0 255 0
0.239105 -0.360767 0.371963 0 255 0
0.131687 -0.373095 0.436007 0 255 0
-0.099339 -0.378248 0.436545 0 255 0
-0.042063 -0.405657 0.387472 0 255 0
0.159646 -0.404802 0.397819 0 255 0
0.240406 -0.489553 0.345546 0 255 0
-0.000075 -0.269572 0.393858 0 255 0
0.008789 -0.368458 0.433711 0 255 0
-0.010612 -0.291522 0.464728 0 255 0
-0.028787 -0.293142 0.457861 0 255 0
-0.101327 -0.342916 0.431732 0 255 0
0.044428 0.330224 0.547756 0 255 0
0.119204 0.309332 0.647636 0 255 0
0.061938 0.006101 0.539145 0 255 0
0.046361 0.014954 0.543603 0 255 0
-0.080902 -0.052421 0.541149 0 255 0
-0.045575 0.003838 0.635155 0 255 0
-0.022008 -0.283354 0.477418 0 255 0
-0.052010 0.022552 0.675638 0 255 0
-0.079169 0.068024 0.595140 0 255 0
-0.038970 0.071512 0.675011 0 255 0
-0.016299 0.052509 0.640148 0 255 0
-0.129608 0.109045 0.631726 0 255 0
-0.079122 0.106942 0.713276 0 255 0
-0.086341 0.248069 0.672945 0 255 0
-0.055043 0.253536 0.672901 0 255 0
0.142527 -0.340744 0.467933 0 255 0
0.118792 -0.327107 0.458038 0 255 0
0.089546 -0.382804 0.394915 0 255 0
0.021966 -0.334672 0.360602 0 255 0
0.028581 0.080369 0.591066 0 255 0
-0.043625 0.000163 0.514060 0 255 0
0.107380 -0.239732 0.466500 0 255 0
0.111977 -0.269267 0.482504 0 255 0
-0.093127 -0.103295 0.504683 0 255 0
0.000552 -0.161577 0.584195 0 255 0
-0.024408 -0.147791 0.670500 0 255 0
-0.010793 -0.174504 0.625545 0 255 0
-0.003163 -0.196462 0.545604 0 255 0
0.005858 0.297336 0.501930 0 255 0
0.187400 -0.346827 0.528251 0 255 0
0.070392 -0.239112 0.450982 0 255 0
0.166126 -0.266660 0.441391 0 255 0
0.032371 -0.332981 0.390901 0 255 0
-0.093789 0.314798 0.600743 0 255 0
-0.088991 0.323540 0.648698 0 255 0
-0.080674 0.308920 0.484841 0 255 0
-0.159804 0.347625 0.512260 0 255 0
-0.036232 0.401935 0.680552 0 255 0
0.023989 0.375821 0.735184 0 255 0
-0.067822 0.390586 0.721800 0 255 0
-0.032483 0.409527 0.732937 0 255 0
-0.191051 0.569399 0.759132 0 255 0
-0.109809 0.583093 0.763059 0 255 0
-0.176778 0.676361 0.781214 0 255 0
-0.190647 0.695802 0.808582 0 255 0
-0.102606 0.763443 0.800141 0 255 0
-0.165868 0.752030 0.852067 0 255 0
-0.207392 0.789201 0.831047 0 255 0
0.179944 -0.312462 0.339579 0 255 0
0.171351 -0.367187 0.435994 0 255 0
0.168152 -0.371421 0.399249 0 255 0
0.284770 -0.424063 0.387116 0 255 0
0.145767 -0.382571 0.470598 0 255 0
0.155520 -0.308753 0.472367 0 255 0
0.114619 -0.302196 0.515689 0 255 0
0.143457 -0.305410 0.430824 0 255 0
0.098051 -0.390728 0.442812 0 255 0
0.237582 -0.378710 0.427055 0 255 0
0.114863 -0.343469 0.422010 0 255 0
0.252730 -0.340023 0.452864 0 255 0
0.264940 -0.380676 0.518358 0 255 0
0.266567 -0.413226 0.395227 0 255 0
0.218860 -0.323916 0.385361 0 255 0
0.187398 -0.436514 0.366748 0 255 0
0.175807 -0.428193 0.404875 0 255 0
0.178067 -0.414473 0.430117 0 255 0
0.220380 -0.454486 0.404992 0 255 0
0.172411 -0.425503 0.531498 0 255 0
0.207092 -0.371514 0.485643 0 255 0
0.156979 -0.393020 0.468213 0 255 0
0.164529 -0.430603 0.509480 0 255 0
0.043912 -0.386429 0.440589 0 255 0
0.018213 -0.401294 0.354496 0 255 0
0.039982 -0.194558 0.529316 0 255 0
0.102462 -0.316368 0.439480 0 255 0
0.016440 -0.296627 0.517294 0 255 0
0.063735 -0.220882 0.502333 0 255 0
0.071122 -0.403948 0.493108 0 255 0
0.109000 -0.362766 0.474880 0 255 0
0.086663 -0.333760 0.440725 0 255 0
0.148383 -0.413994 0.373091 0 255 0
0.086318 -0.334502 0.488277 0 255 0
0.106786 -0.374777 0.439261 0 255 0
0.037633 -0.301899 0.485632 0 255 0
0.132842 -0.351395 0.429509 0 255 0
0.224594 -0.352643 0.420548 0 255 0
0.167059 -0.279655 0.436664 0 255 0
0.017137 -0.338610 0.479333 0 255 0
0.218159 -0.411014 0.497625 0 255 0
0.049945 -0.177195 0.480493 0 255 0
0.008763 -0.201645 0.476679 0 255 0
0.115777 -0.180636 0.487331 0 255 0
0.044218 -0.112444 0.535018 0 255 0
0.119275 -0.115540 0.596220 0 255 0
0.080547 -0.045261 0.427155 0 255 0
0.018851 0.003615 0.475995 0 255 0
0.072889 -0.032466 0.668653 0 255 0
0.009150 -0.146205 0.564302 0 255 0
-0.033108 -0.081853 0.535682 0 255 0
0.002239 -0.271332 0.457472 0 255 0
0.062048 -0.333508 0.440113 0 255 0
0.067418 -0.378064 0.429367 0 255 0
0.083219 -0.233423 0.442999 0 255 0
0.118320 -0.272918 0.393996 0 255 0
0.118444 -0.252614 0.419497 0 255 0
0.148916 -0.215038 0.469283 0 255 0
0.055007 -0.180342 0.365700 0 255 0
0.034632 -0.102614 0.390248 0 255 0
-0.031385 -0.184491 0.425423 0 255 0
0.072864 -0.058648 0.413366 0 255 0
0.122421 -0.333527 0.361476 0 255 0
0.113556 -0.317836 0.460601 0 255 0
0.077671 -0.366568 0.363672 0 255 0
0.048206 -0.220381 0.375191 0 255 0
0.069432 -0.300851 0.428616 0 255 0
0.068515 -0.373168 0.441121 0 255 0
0.118962 -0.349683 0.381695 0 255 0
0.158018 -0.298840 0.352883 0 255 0
0.151167 0.209619 0.457614 0 255 0
0.107654 0.163206 0.462493 0 255 0
0.025574 0.072395 0.621699 0 255 0
0.032358 0.165606 0.599182 0 255 0
0.023674 0.138702 0.611460 0 255 0
-0.090526 0.248266 0.602364 0 255 0
-0.013766 0.305539 0.607016 0 255 0
-0.057080 0.358808 0.540452 0 255 0
0.076905 0.180060 0.498422 0 255 0
-0.190636 0.353556 0.699103 0 255 0
-0.127130 0.401613 0.586518 0 255 0
-0.083966 0.438681 0.537410 0 255 0
-0.065968 0.465517 0.492323 0 255 0
0.017374 0.375727 0.554125 0 255 0
-0.144122 0.416276 0.617481 0 255 0
-0.053634 0.454194 0.560279 0 255 0
-0.105374 0.433612 0.542007 0 255 0
-0.072937 0.455593 0.739676 0 255 0
-0.118090 0.799769 0.771064 0 255 0
-0.174849 0.763082 0.665432 0 255 0
-0.107139 0.731213 0.642987 0 255 0
-0.152326 0.735611 0.728320 0 255 0
-0.042135 0.652960 0.679614 0 255 0
-0.060674 0.706049 0.713292 0 255 0
-0.018093 0.695992 0.767532 0 255 0
-0.193099 0.752622 0.756647 0 255 0
-0.134562 0.785981 0.723833 0 255 0
-0.162543 0.822665 0.699625 0 255 0
-0.112946 0.776047 0.749351 0 255 0
-0.134815 0.269093 0.629892 0 255 0
0.094514 0.343379 0.552041 0 255 0
0.081067 0.281840 0.573059 0 255 0
0.019046 0.287226 0.659111 0 255 0
-0.005060 0.258811 0.676473 0 255 0
-0.019882 0.057478 0.597795 0 255 0
-0.001469 -0.014157 0.603551 0 255 0
-0.038787 0.021252 0.520573 0 255 0
0.051463 -0.032443 0.545125 0 255 0
0.047803 -0.039551 0.546983 0 255 0
-0.028547 0.077835 0.538440 0 255 0
0.104874 -0.015341 0.559278 0 255 0
0.107924 -0.102721 0.502202 0 255 0
0.068577 0.106408 0.506810 0 255 0
-0.006016 0.021264 0.458090 0 255 0
0.058349 0.025601 0.486019 0 255 0
-0.033913 0.033418 0.454293 0 255 0
-0.009324 0.019726 0.446748 0 255 0
-0.045551 -0.012389 0.421898 0 255 0
0.012809 -0.082444 0.392356 0 255 0
-0.032646 -0.063079 0.342572 0 255 0
0.031290 0.274405 0.627490 0 255 0
-0.091510 0.301827 0.591828 0 255 0
-0.059120 0.254024 0.696849 0 255 0
-0.010055 0.299844 0.656465 0 255 0
0.082843 0.309015 0.657700 0 255 0
0.172297 -0.227793 0.511759 0 255 0
0.096452 -0.111135 0.373416 0 255 0
0.082420 -0.221268 0.431080 0 255 0
0.145092 -0.366815 0.420585 0 255 0
0.125600 -0.373567 0.396335 0 255 0
0.097583 -0.424148 0.452555 0 255 0
0.129022 -0.344448 0.395000 0 255 0
0.115604 -0.382922 0.391965 0 255 0
0.087573 -0.313984 0.461889 0 255 0
0.046342 0.142456 0.567032 0 255 0
0.157888 0.234171 0.537867 0 255 0
0.074295 0.238492 0.588504 0 255 0
-0.064165 0.311264 0.546325 0 255 0
0.034779 0.218165 0.677954 0 255 0
-0.163818 0.446948 0.686055 0 255 0
-0.113200 0.436056 0.612970 0 255 0
-0.108014 0.357130 0.686642 0 255 0
-0.119112 0.504167 0.636093 0 255 0
-0.120094 0.496995 0.650999 0 255 0
-0.215615 0.609408 0.656846 0 255 0
-0.113505 0.559259 0.760334 0 255 0
-0.272265 0.575073 0.682912 0 255 0
-0.156164 0.588091 0.787447 0 255 0
-0.154390 0.680032 0.770051 0 255 0
-0.109947 0.724857 0.700947 0 255 0
-0.243322 0.711774 0.672930 0 255 0
-0.180189 0.734675 0.812981 0 255 0
-0.219015 0.691685 0.805796 0 255 0
-0.246227 0.763080 0.806407 0 255 0
-0.184158 0.817798 0.770275 0 255 0
-0.136449 0.311105 0.501835 0 255 0
-0.145405 0.282551 0.534658 0 255 0
0.101784 -0.347239 0.458922 0 255 0
0.053315 -0.253519 0.459050 0 255 0
0.142331 -0.225823 0.506783 0 255 0
0.119822 -0.372690 0.491228 0 255 0
0.134298 -0.354021 0.334739 0 255 0
0.105508 -0.374755 0.310306 0 255 0
0.089643 -0.333361 0.478653 0 255 0
0.117054 -0.240834 0.500072 0 255 0
0.090680 -0.277962 0.404355 0 255 0
0.226329 -0.602203 0.357013 0 255 0
0.253886 -0.584154 0.385181 0 255 0
0.327288 -0.572890 0.373066 0 255 0
0.253473 -0.586198 0.389849 0 255 0
0.263627 -0.578190 0.362371 0 255 0
0.260324 -0.560575 0.334866 0 255 0
0.308365 -0.570935 0.486618 0 255 0
0.238290 -0.572299 0.453377 0 255 0
0.256670 -0.615923 0.492841 0 255 0
0.301190 -0.568238 0.402602 0 255 0
0.276268 -0.625152 0.387128 0 255 0
0.332142 -0.557277 0.432104 0 255 0
0.271216 -0.603102 0.424525 0 255 0
0.268113 -0.539203 0.411132 0 255 0
0.240664 -0.523942 0.476690 0 255 0
0.408882 -0.548843 0.409606 0 255 0
0.341019 -0.555416 0.491039 0 255 0
0.357213 -0.481444 0.391251 0 255 0
0.194736 -0.477958 0.461381 0 255 0
0.207137 -0.485288 0.471094 0 255 0
0.281118 -0.502990 0.526182 0 255 0
0.152110 -0.485600 0.418916 0 255 0
0.246998 -0.576355 0.389886 0 255 0
0.274489 -0.560062 0.370403 0 255 0
0.340215 -0.544330 0.331249 0 255 0
0.354199 -0.587055 0.318793 0 255 0
0.277579 -0.507587 0.468597 0 255 0
0.180137 -0.580088 0.402223 0 255 0
0.257751 -0.532601 0.386726 0 255 0
0.221841 -0.584958 0.400943 0 255 0
0.186422 -0.589007 0.373133 0 255 0
0.263181 -0.447339 0.458783 0 255 0
0.274048 -0.631502 0.421660 0 255 0
0.223999 -0.521800 0.427021 0 255 0
0.231691 -0.506863 0.303057 0 255 0
0.223823 -0.584862 0.356713 0 255 0
0.320967 -0.619697 0.391080 0 255 0
0.342817 -0.556656 0.440118 0 255 0
0.338720 -0.549456 0.402255 0 255 0
0.329763 -0.528206 0.449120 0 255 0
0.337361 -0.590203 0.466027 0 255 0
0.322590 -0.642877 0.450165 0 255 0
0.316871 -0.590224 0.422129 0 255 0
0.273413 -0.586740 0.380137 0 255 0
0.339768 -0.595138 0.403198 0 255 0
0.328300 -0.507085 0.356597 0 255 0
0.292376 -0.658002 0.381524 0 255 0
0.324347 -0.520080 0.401519 0 255 0
0.221538 -0.497947 0.435646 0 255 0
0.183962 -0.579253 0.455881 0 255 0
0.247281 -0.586312 0.381370 0 255 0
0.321865 -0.594787 0.412746 0 255 0
0.239895 -0.560460 0.417947 0 255 0
0.279420 -0.575386 0.331836 0 255 0
0.208030 -0.489630 0.335472 0 255 0
0.277218 -0.567305 0.421388 0 255 0
0.337182 -0.607154 0.401399 0 255 0
0.258882 -0.504714 0.375803 0 255 0
0.332488 -0.543451 0.474103 0 255 0
0.296931 -0.552240 0.391900 0 255 0
0.344000 -0.456859 0.431764 0 255 0
0.229947 -0.513167 0.433082 0 255 0
0.276184 -0.491221 0.465175 0 255 0
0.292096 -0.509561 0.370277 0 255 0
0.302004 -0.501131 0.455475 0 255 0
0.265079 -0.562250 0.450207 0 255 0
0.340790 -0.529374 0.451622 0 255 0
0.261759 -0.519932 0.434623 0 255 0
0.133944 -0.445096 0.361203 0 255 0
0.241488 -0.462476 0.374823 0 255 0
0.244251 -0.448538 0.415610 0 255 0
0.192709 -0.510437 0.385170 0 255 0
0.192899 -0.435792 0.303846 0 255 0
0.220498 -0.446966 0.382409 0 255 0
0.150933 -0.394093 0.393680 0 255 0
0.201815 -0.469414 0.396382 0 255 0
0.201161 -0.460945 0.395129 0 255 0
0.267975 -0.461284 0.381158 0 255 0
0.253497 -0.447509 0.414908 0 255 0
0.258236 -0.505345 0.430231 0 255 0
0.280214 -0.495233 0.346404 0 255 0
0.274079 -0.473457 0.417373 0 255 0
0.304335 -0.505613 0.460708 0 255 0
0.262461 -0.447612 0.400208 0 255 0
0.286446 -0.438346 0.318810 0 255 0
0.204238 -0.449205 0.480688 0 255 0
0.155553 -0.404183 0.415946 0 255 0
0.249752 -0.407967 0.412106 0 255 0
0.241543 -0.475586 0.451836 0 255 0
0.256515 -0.373543 0.520077 0 255 0
0.150291 -0.436943 0.452622 0 255 0
0.213150 -0.428884 0.416807 0 255 0
0.256879 -0.339524 0.459098 0 255 0
0.181637 -0.497159 0.367075 0 255 0
0.157562 -0.520706 0.309289 0 255 0
0.298741 -0.422941 0.422319 0 255 0
0.142806 -0.534605 0.341377 0 255 0
0.288051 -0.428744 0.388612 0 255 0
0.250063 -0.446293 0.464526 0 255 0
0.299138 -0.471727 0.474308 0 255 0
0.181116 -0.456343 0.463380 0 255 0
0.222333 -0.480701 0.526299 0 255 0
0.183328 -0.491269 0.413197 0 255 0
0.115800 -0.471071 0.371437 0 255 0
0.181608 -0.420199 0.399566 0 255 0
0.250515 -0.542629 0.390731 0 255 0
0.184794 -0.535310 0.411633 0 255 0
0.149006 -0.419836 0.379212 0 255 0
0.152538 -0.534828 0.405851 0 255 0
0.173440 -0.482537 0.352644 0 255 0
0.170834 -0.489902 0.386061 0 255 0
0.266491 -0.480494 0.432602 0 255 0
0.282577 -0.466151 0.413655 0 255 0
0.247168 -0.380493 0.491578 0 255 0
0.327114 -0.374750 0.361891 0 255 0
0.269609 -0.498149 0.415826 0 255 0
0.288364 -0.513629 0.413053 0 255 0
0.185906 -0.566463 0.451147 0 255 0
0.184827 -0.522151 0.490698 0 255 0
0.208474 -0.491107 0.488786 0 255 0
0.278033 -0.421096 0.342184 0 255 0
0.221503 -0.423981 0.392020 0 255 0
0.243374 -0.342786 0.474381 0 255 0
0.215678 -0.440163 0.469040 0 255 0
0.153109 -0.471956 0.444612 0 255 0
0.223846 -0.404580 0.399959 0 255 0
0.207478 -0.433699 0.417263 0 255 0
0.249456 -0.407598 0.441160 0 255 0
0.208325 -0.470670 0.488657 0 255 0
0.122060 -0.435850 0.415472 0 255 0
0.103674 -0.388827 0.401406 0 255 0
0.161991 -0.432475 0.492827 0 255 0
0.211070 -0.463671 0.387447 0 255 0
0.241862 -0.400882 0.370540 0 255 0
0.135374 -0.345579 0.330492 0 255 0
0.185674 -0.412437 0.433758 0 255 0
0.209216 -0.388700 0.354876 0 255 0
0.206308 -0.458944 0.510578 0 255 0
0.189102 -0.444121 0.402258 0 255 0
0.251946 -0.533707 0.384262 0 255 0
0.329710 -0.517642 0.390048 0 255 0
0.245000 -0.531788 0.427508 0 255 0
0.312077 -0.508730 0.410600 0 255 0
0.399908 -0.599811 0.428024 0 255 0
0.273833 -0.550949 0.511147 0 255 0
0.303574 -0.558438 0.468271 0 255 0
0.250546 -0.583633 0.385409 0 255 0
0.361026 -0.611546 0.430001 0 255 0
0.185256 -0.495039 0.403265 0 255 0
0.179013 -0.598260 0.347339 0 255 0
0.276118 -0.398918 0.389781 0 255 0
0.337238 -0.461823 0.359879 0 255 0
0.327447 -0.401771 0.323314 0 255 0
0.250507 -0.430052 0.315715 0 255 0
0.259229 -0.522882 0.374381 0 255 0
0.276711 -0.560279 0.365183 0 255 0
0.256175 -0.438616 0.449897 0 255 0
0.282710 -0.414948 0.438656 0 255 0
0.280619 -0.380406 0.346265 0 255 0
0.233771 -0.429122 0.420175 0 255 0
0.264334 -0.428362 0.435225 0 255 0
0.120951 -0.478498 0.396252 0 255 0
0.203105 -0.460043 0.392550 0 255 0
0.215394 -0.441397 0.362964 0 255 0
0.261315 -0.339132 0.326309 0 255 0
0.201496 -0.362864 0.356069 0 255 0
0.180736 -0.428436 0.363904 0 255 0
0.186924 -0.421141 0.353367 0 255 0
0.217340 -0.438091 0.388808 0 255 0
0.185443 -0.394123 0.389823 0 255 0
0.091338 -0.428526 0.424451 0 255 0
0.161697 -0.459346 0.444087 0 255 0
0.280828 -0.385529 0.425517 0 255 0
0.230742 -0.354571 0.405897 0 255 0
0.222365 -0.406173 0.392553 0 255 0
0.351217 -0.491772 0.523879 0 255 0
0.269966 -0.545680 0.329229 0 255 0
0.299762 -0.449913 0.441316 0 255 0
0.292341 -0.513792 0.435516 0 255 0
0.253239 -0.525659 0.454289 0 255 0
0.314680 -0.571744 0.396786 0 255 0
0.337462 -0.598820 0.475933 0 255 0
0.150109 -0.543933 0.441672 0 255 0
0.310598 -0.544186 0.418331 0 255 0
0.293386 -0.510736 0.343351 0 255 0
0.278255 -0.376838 0.412708 0 255 0
0.201257 -0.434689 0.381849 0 255 0
0.274834 -0.473508 0.478255 0 255 0
0.149152 -0.466832 0.470022 0 255 0
0.168222 -0.427223 0.438077 0 255 0
0.171514 -0.469738 0.356885 0 255 0
0.181637 -0.401182 0.539346 0 255 0
0.219419 -0.486420 0.319348 0 255 0
0.178068 -0.426848 0.388124 0 255 0
0.189458 -0.446632 0.386475 0 255 0
0.283784 -0.679462 0.372750 0 255 0
0.299998 -0.592150 0.375946 0 255 0
0.144371 -0.547189 0.385237 0 255 0
0.239382 -0.476980 0.417475 0 255 0
0.191037 -0.457567 0.390376 0 255 0
0.200139 -0.370807 0.426621 0 255 0
0.204062 -0.371088 0.431134 0 255 0
0.190831 -0.490173 0.436383 0 255 0
0.231322 -0.442469 0.475290 0 255 0
0.303244 -0.618062 0.428299 0 255 0
0.195216 -0.528283 0.402783 0 255 0
0.283850 -0.495438 0.354524 0 255 0
-0.020273 -0.161424 0.360938 0 255 0
0.143081 -0.122461 0.501333 0 255 0
0.000524 -0.096827 0.557110 0 255 0
-0.007964 -0.086372 0.517508 0 255 0
0.075043 -0.227634 0.549602 0 255 0
0.080192 -0.199296 0.482562 0 255 0
0.036279 -0.302940 0.489773 0 255 0
0.076107 -0.250791 0.508109 0 255 0
0.076841 -0.119806 0.419233 0 255 0
0.015528 -0.438667 0.360126 0 255 0
0.077092 -0.469022 0.343252 0 255 0
0.023953 -0.585938 0.293083 0 255 0
-0.033400 0.080286 0.668350 0 255 0
-0.067669 -0.478671 0.388106 0 255 0
-0.034347 -0.393711 0.416131 0 255 0
-0.044526 -0.428330 0.355612 0 255 0
-0.059607 -0.471045 0.367533 0 255 0
-0.030018 -0.470281 0.451251 0 255 0
0.042993 -0.449043 0.393000 0 255 0
-0.054916 -0.379382 0.336198 0 255 0
-0.040011 -0.389167 0.358874 0 255 0
-0.013841 -0.472466 0.358732 0 255 0
-0.098809 0.121514 0.383355 0 255 0
-0.125677 0.081411 0.423237 0 255 0
-0.105274 0.135538 0.417517 0 255 0
-0.089539 0.049206 0.392637 0 255 0
-0.002165 0.079981 0.354468 0 255 0
0.048233 0.172170 0.432191 0 255 0
0.118198 0.120368 0.448492 0 255 0
0.062329 0.118280 0.445763 0 255 0
0.128943 0.090556 0.353799 0 255 0
0.056858 0.145675 0.415040 0 255 0
0.111107 0.192827 0.443942 0 255 0
0.096912 0.034111 0.440295 0 255 0
0.122882 0.200999 0.465130 0 255 0
0.147586 0.057103 0.519066 0 255 0
0.135884 0.160097 0.579833 0 255 0
0.081113 0.148968 0.512142 0 255 0
0.078177 0.130013 0.512208 0 255 0
0.057560 0.161015 0.542695 0 255 0
0.092188 0.201448 0.628085 0 255 0
0.046319 0.170224 0.573870 0 255 0
0.056121 0.101107 0.591868 0 255 0
-0.014228 0.122152 0.701191 0 255 0
0.032547 0.211446 0.653694 0 255 0
-0.082598 0.210744 0.659029 0 255 0
-0.014890 0.108802 0.683945 0 255 0
0.004886 -0.313639 0.463873 0 255 0
-0.049417 -0.236447 0.361605 0 255 0
-0.079969 -0.342082 0.361392 0 255 0
0.044108 -0.289523 0.358853 0 255 0
0.038983 -0.201078 0.387343 0 255 0
0.002515 -0.249144 0.463718 0 255 0
-0.059444 -0.221906 0.415331 0 255 0
0.004525 -0.174193 0.353986 0 255 0
-0.082185 -0.260212 0.381826 0 255 0
-0.011464 -0.289430 0.460317 0 255 0
-0.001054 -0.257021 0.378138 0 255 0
-0.022663 -0.333873 0.423574 0 255 0
-0.016229 -0.243013 0.444427 0 255 0
0.027893 -0.217140 0.461498 0 255 0
0.024202 -0.310887 0.416747 0 255 0
0.067616 -0.317650 0.378105 0 255 0
-0.025285 -0.368754 0.460682 0 255 0
-0.039798 -0.266755 0.366735 0 255 0
-0.025858 -0.227784 0.395599 0 255 0
0.061023 -0.235847 0.390009 0 255 0
-0.004487 -0.266807 0.386561 0 255 0
0.084100 -0.329218 0.386589 0 255 0
0.070645 -0.314507 0.430152 0 255 0
0.001540 -0.192132 0.454840 0 255 0
0.060050 -0.320954 0.369659 0 255 0
0.083026 -0.281850 0.361660 0 255 0
0.048342 -0.123284 0.467229 0 255 0
0.087724 -0.122070 0.397222 0 255 0
0.037113 -0.081654 0.366400 0 255 0
0.053519 -0.192861 0.445863 0 255 0
0.001466 -0.164830 0.323158 0 255 0
0.113751 -0.182788 0.415568 0 255 0
0.060210 -0.226139 0.358322 0 255 0
0.120002 -0.226554 0.444191 0 255 0
0.036146 -0.351049 0.473903 0 255 0
0.112045 -0.307526 0.415523 0 255 0
0.086268 -0.327104 0.479078 0 255 0
0.090277 -0.242154 0.410891 0 255 0
0.157904 -0.211045 0.379533 0 255 0
0.071633 -0.226476 0.377000 0 255 0
0.059746 -0.327644 0.393951 0 255 0
0.019835 -0.293990 0.369495 0 255 0
0.086983 -0.239377 0.330502 0 255 0
-0.005382 -0.323197 0.371475 0 255 0
0.020074 -0.245751 0.373353 0 255 0
0.147388 -0.336366 0.424314 0 255 0
0.038293 -0.299522 0.302778 0 255 0
0.032384 -0.292935 0.399210 0 255 0
0.107666 -0.320055 0.416519 0 255 0
0.116028 -0.120574 0.293192 0 255 0
0.126595 -0.264515 0.405683 0 255 0
0.034979 -0.196787 0.356773 0 255 0
0.045593 -0.315319 0.330133 0 255 0
0.081365 -0.378744 0.397101 0 255 0
0.038176 -0.331771 0.483841 0 255 0
0.068508 -0.295537 0.394220 0 255 0
0.019385 -0.313716 0.397670 0 255 0
0.137362 -0.267551 0.459936 0 255 0
0.127615 -0.268945 0.391032 0 255 0
0.187803 -0.212835 0.429634 0 255 0
0.162766 -0.217152 0.481414 0 255 0
0.149068 -0.248838 0.483399 0 255 0
0.028964 -0.285372 0.421187 0 255 0
0.047476 -0.349257 0.541279 0 255 0
0.021981 -0.252957 0.488901 0 255 0
0.050096 -0.307019 0.488915 0 255 0
0.067805 -0.309899 0.399852 0 255 0
0.045646 -0.298416 0.490449 0 255 0
0.147890 -0.236249 0.539768 0 255 0
0.114809 -0.243039 0.436967 0 255 0
0.186843 -0.331502 0.426711 0 255 0
0.037956 -0.224311 0.477682 0 255 0
-0.001179 -0.225885 0.422340 0 255 0
0.008580 -0.260769 0.438139 0 255 0
0.039596 -0.327618 0.409190 0 255 0
0.085268 -0.272894 0.383885 0 255 0
0.047654 -0.291692 0.337274 0 255 0
0.070976 -0.221480 0.354750 0 255 0
0.023919 -0.232336 0.403802 0 255 0
0.023231 -0.232484 0.392825 0 255 0
0.058101 -0.200412 0.484307 0 255 0
0.162080 -0.258095 0.380812 0 255 0
0.094242 -0.260593 0.407717 0 255 0
0.049425 -0.203526 0.405674 0 255 0
0.128899 -0.311871 0.441739 0 255 0
-0.008353 -0.294650 0.454332 0 255 0
0.039083 -0.204502 0.496151 0 255 0
0.023216 -0.265410 0.498321 0 255 0
0.048204 -0.291843 0.511189 0 255 0
-0.048889 -0.248104 0.458712 0 255 0
0.025594 -0.263238 0.479271 0 255 0
-0.026809 -0.343226 0.512250 0 255 0
0.238965 -0.365697 0.484912 0 255 0
0.079931 -0.230434 0.426544 0 255 0
0.121697 -0.333952 0.410552 0 255 0
0.137089 -0.268991 0.420034 0 255 0
0.143945 -0.269594 0.361017 0 255 0
0.083369 -0.460651 0.545878 0 255 0
0.034927 -0.399494 0.552791 0 255 0
0.024222 -0.422637 0.515832 0 255 0
0.076604 -0.468216 0.552584 0 255 0
0.252796 -0.381869 0.401963 0 255 0
0.273033 -0.516056 0.386455 0 255 0
0.340764 -0.476635 0.408002 0 255 0
0.286684 -0.522572 0.416966 0 255 0
0.292497 -0.528028 0.414404 0 255 0
0.260636 -0.461352 0.369970 0 255 0
0.276281 -0.548223 0.327344 0 255 0
0.239334 -0.592782 0.508949 0 255 0
0.289348 -0.478866 0.427448 0 255 0
0.296437 -0.565164 0.366901 0 255 0
0.357034 -0.608146 0.388321 0 255 0
0.272156 -0.717190 0.418424 0 255 0
0.268781 -0.694820 0.374292 0 255 0
0.359496 -0.639609 0.333833 0 255 0
0.331894 -0.678761 0.372645 0 255 0
0.277796 -0.728035 0.317475 0 255 0
0.384693 -0.685679 0.359848 0 255 0
0.359217 -0.722533 0.475612 0 255 0
0.392171 -0.656341 0.431093 0 255 0
0.365629 -0.669894 0.434585 0 255 0
0.307272 -0.635584 0.395231 0 255 0
0.350100 -0.671331 0.440925 0 255 0
0.290313 -0.700212 0.411301 0 255 0
0.355760 -0.621358 0.432972 0 255 0
0.362085 -0.603093 0.395787 0 255 0
0.371123 -0.667735 0.450696 0 255 0
0.444413 -0.637912 0.357667 0 255 0
0.399106 -0.676195 0.371445 0 255 0
0.286856 -0.624414 0.452364 0 255 0
0.410973 -0.669353 0.387904 0 255 0
0.426859 -0.643592 0.363917 0 255 0
0.325592 -0.576066 0.390783 0 255 0
0.362331 -0.705470 0.322070 0 255 0
0.310195 -0.593997 0.351140 0 255 0
0.372425 -0.668332 0.423532 0 255 0
0.315400 -0.609407 0.332897 0 255 0
0.258443 -0.580421 0.344217 0 255 0
0.282376 -0.617232 0.363231 0 255 0
0.217693 -0.657374 0.327322 0 255 0
0.367440 -0.586643 0.469440 0 255 0
0.309438 -0.668700 0.467151 0 255 0
0.321953 -0.599518 0.400437 0 255 0
0.275441 -0.619574 0.425072 0 255 0
0.289854 -0.662964 0.372060 0 255 0
0.398903 -0.591101 0.457666 0 255 0
0.335063 -0.511183 0.420231 0 255 0
0.299890 -0.516314 0.456245 0 255 0
0.335585 -0.635027 0.451509 0 255 0
0.238009 -0.581547 0.346259 0 255 0
0.375821 -0.697573 0.397902 0 255 0
0.392190 -0.681010 0.405702 0 255 0
0.308287 -0.662339 0.356556 0 255 0
0.357222 -0.600689 0.422661 0 255 0
0.344069 -0.589281 0.410533 0 255 0
0.386748 -0.673412 0.265995 0 255 0
0.309291 -0.648924 0.394201 0 255 0
0.301609 -0.568710 0.485837 0 255 0
0.192977 -0.597544 0.352317 0 255 0
0.427723 -0.614953 0.332795 0 255 0
0.357520 -0.681442 0.410589 0 255 0
0.372053 -0.632355 0.276841 0 255 0
0.315842 -0.656861 0.355651 0 255 0
0.346503 -0.591598 0.431959 0 255 0
0.368663 -0.609016 0.347351 0 255 0
0.341589 -0.666982 0.401586 0 255 0
0.323968 -0.583305 0.428912 0 255 0
0.326648 -0.519958 0.353287 0 255 0
0.294858 -0.559913 0.376036 0 255 0
0.315367 -0.629856 0.376985 0 255 0
0.316304 -0.560846 0.394815 0 255 0
0.384908 -0.632927 0.381316 0 255 0
0.341892 -0.572379 0.337904 0 255 0
0.318380 -0.807259 0.412174 0 255 0
0.353731 -0.748254 0.427316 0 255 0
0.323724 -0.775013 0.403747 0 255 0
0.449263 -0.752128 0.503183 0 255 0
0.301815 -0.686647 0.406526 0 255 0
0.340702 -0.756310 0.477860 0 255 0
0.366952 -0.748078 0.463344 0 255 0
0.303703 -0.745397 0.446354 0 255 0
0.400028 -0.839855 0.421221 0 255 0
0.378139 -0.794442 0.389200 0 255 0
0.387760 -0.744316 0.414894 0 255 0
0.323123 -0.778504 0.360887 0 255 0
0.380021 -0.802654 0.457382 0 255 0
0.336291 -0.765664 0.364133 0 255 0
0.394518 -0.751348 0.408041 0 255 0
0.391110 -0.770105 0.435083 0 255 0
0.407523 -0.716554 0.349049 0 255 0
0.457123 -0.748855 0.404007 0 255 0
0.365216 -0.754678 0.413540 0 255 0
0.446709 -0.768870 0.444610 0 255 0
0.381911 -0.677722 0.416129 0 255 0
0.386676 -0.712822 0.385640 0 255 0
0.381805 -0.733306 0.303125 0 255 0
0.375952 -0.766772 0.446933 0 255 0
0.400120 -0.757279 0.347134 0 255 0
0.292316 -0.791293 0.405509 0 255 0
0.361932 -0.682557 0.444494 0 255 0
0.393075 -0.807085 0.388840 0 255 0
0.394368 -0.737355 0.354195 0 255 0
0.424738 -0.732931 0.386024 0 255 0
0.363504 -0.766113 0.447462 0 255 0
0.289546 -0.802100 0.422331 0 255 0
0.342683 -0.692819 0.416747 0 255 0
0.417127 -0.688093 0.346744 0 255 0
0.328233 -0.680969 0.419809 0 255 0
0.377445 -0.679795 0.467986 0 255 0
0.314817 -0.710327 0.425367 0 255 0
0.335186 -0.735365 0.409365 0 255 0
0.453969 -0.701228 0.419940 0 255 0
0.311392 -0.696499 0.362399 0 255 0
0.344538 -0.741150 0.329407 0 255 0
0.283387 -0.767848 0.407268 0 255 0
0.317526 -0.763164 0.404010 0 255 0
0.356021 -0.776996 0.385889 0 255 0
0.399744 -0.633731 0.356539 0 255 0
0.464841 -0.724515 0.353259 0 255 0
0.354634 -0.813208 0.340035 0 255 0
0.440992 -0.861200 0.312610 0 255 0
0.345007 -0.798090 0.359634 0 255 0
0.390442 -0.807677 0.418931 0 255 0
0.325507 -0.649316 0.425558 0 255 0
0.368357 -0.678454 0.376720 0 255 0
0.414588 -0.674838 0.333137 0 255 0
0.348643 -0.720614 0.347413 0 255 0
0.457443 -0.711442 0.368521 0 255 0
0.338321 -0.721413 0.319565 0 255 0
0.375753 -0.831431 0.320980 0 255 0
0.358348 -0.821984 0.392428 0 255 0
0.409135 -0.837455 0.404347 0 255 0
0.392336 -0.808914 0.386743 0 255 0
0.349465 -0.783774 0.326467 0 255 0
0.417978 -0.723927 0.424423 0 255 0
0.356224 -0.799771 0.434099 0 255 0
0.346357 -0.739158 0.448125 0 255 0
0.339334 -0.747528 0.384900 0 255 0
0.445199 -0.730317 0.376807 0 255 0
0.389435 -0.810348 0.348968 0 255 0
0.327649 -0.702496 0.389246 0 255 0
0.380094 -0.767744 0.335909 0 255 0
0.336684 -0.799687 0.441520 0 255 0
0.382135 -0.751345 0.309652 0 255 0
0.377753 -0.855615 0.363340 0 255 0
0.348603 -0.724415 0.425344 0 255 0
0.446112 -0.756488 0.396871 0 255 0
0.455814 -0.801017 0.341034 0 255 0
0.440226 -0.818476 0.368562 0 255 0
0.450156 -0.738351 0.430767 0 255 0
0.417423 -0.802591 0.396899 0 255 0
0.392677 -0.658459 0.354878 0 255 0
0.424107 -0.667407 0.341431 0 255 0
0.442204 -0.741412 0.396206 0 255 0
0.438017 -0.735062 0.342868 0 255 0
0.442899 -0.739784 0.396032 0 255 0
0.434514 -0.780980 0.357669 0 255 0
0.483372 -0.679327 0.361443 0 255 0
0.392610 -0.668745 0.444256 0 255 0
0.336019 -0.841073 0.422558 0 255 0
0.378501 -0.829480 0.382489 0 255 0
0.403527 -0.660839 0.408810 0 255 0
0.321839 -0.726251 0.425204 0 255 0
0.372198 -0.757098 0.453439 0 255 0
0.287605 -0.652026 0.425211 0 255 0
0.423190 -0.662558 0.373590 0 255 0
0.365560 -0.785673 0.368764 0 255 0
0.424720 -0.743488 0.404562 0 255 0
0.433836 -0.712923 0.385299 0 255 0
0.479147 -0.676070 0.480509 0 255 0
0.432841 -0.697358 0.358475 0 255 0
0.408828 -0.602692 0.466728 0 255 0
0.403327 -0.742237 0.405112 0 255 0
0.444226 -0.732713 0.345192 0 255 0
0.379251 -0.737992 0.445688 0 255 0
0.441096 -0.692964 0.348897 0 255 0
0.435080 -0.699132 0.485967 0 255 0
0.404765 -0.714583 0.383628 0 255 0
0.383572 -0.775473 0.385170 0 255 0
0.415117 -0.713684 0.463126 0 255 0
0.383042 -0.719431 0.433622 0 255 0
0.359083 -0.679641 0.379485 0 255 0
0.421640 -0.737399 0.470547 0 255 0
0.378974 -0.794311 0.459413 0 255 0
0.381470 -0.693939 0.399742 0 255 0
0.387099 -0.638973 0.423465 0 255 0
0.399517 -0.728468 0.421706 0 255 0
0.281563 -0.761369 0.471913 0 255 0
0.278440 -0.749146 0.450381 0 255 0
0.354425 -0.678840 0.413730 0 255 0
0.374890 -0.714040 0.422107 0 255 0
0.311019 -0.746101 0.402934 0 255 0
0.388540 -0.771135 0.370438 0 255 0
0.363030 -0.677162 0.409352 0 255 0
0.363960 -0.696963 0.420373 0 255 0
0.384140 -0.739100 0.385651 0 255 0
0.378648 -0.708732 0.497676 0 255 0
0.430092 -0.689478 0.395353 0 255 0
0.383528 -0.644813 0.335180 0 255 0
0.478745 -0.667193 0.416976 0 255 0
0.368400 -0.695030 0.394716 0 255 0
0.350039 -0.724890 0.392270 0 255 0
0.320773 -0.681480 0.391292 0 255 0
0.403973 -0.663287 0.465932 0 255 0
0.346536 -0.726287 0.364965 0 255 0
0.309344 -0.732412 0.440377 0 255 0
0.357451 -0.714753 0.484246 0 255 0
0.291928 -0.782988 0.402331 0 255 0
0.255560 -0.719605 0.482698 0 255 0
0.393013 -0.732322 0.394549 0 255 0
0.345618 -0.777124 0.348541 0 255 0
0.398449 -0.759295 0.399629 0 255 0
0.355409 -0.684510 0.447472 0 255 0
0.452366 -0.616312 0.394079 0 255 0
0.385126 -0.722950 0.475754 0 255 0
0.412339 -0.782322 0.316775 0 255 0
0.366165 -0.785811 0.396655 0 255 0
0.318954 -0.847899 0.308889 0 255 0
0.421762 -0.759434 0.353795 0 255 0
0.388769 -0.839987 0.284086 0 255 0
0.437167 -0.813498 0.416704 0 255 0
0.342626 -0.743423 0.351568 0 255 0
0.385547 -0.763229 0.403311 0 255 0
0.367455 -0.858424 0.429634 0 255 0
0.471990 -0.740192 0.399166 0 255 0
0.372760 -0.780815 0.365497 0 255 0
0.394176 -0.808949 0.438455 0 255 0
0.370950 -0.705528 0.347563 0 255 0
0.362280 -0.768444 0.444205 0 255 0
0.434131 -0.725196 0.361947 0 255 0
0.393234 -0.763215 0.376456 0 255 0
0.358800 -0.818896 0.333517 0 255 0
0.388421 -0.765621 0.414248 0 255 0
0.375967 -0.816721 0.406038 0 255 0
0.395886 -0.727959 0.361289 0 255 0
0.442970 -0.649328 0.381647 0 255 0
0.514072 -0.731856 0.410613 0 255 0
0.363314 -0.834985 0.377581 0 255 0
0.420384 -0.839945 0.423034 0 255 0
0.387134 -0.671396 0.380043 0 255 0
0.328621 -0.685342 0.440847 0 255 0
0.387581 -0.686227 0.450264 0 255 0
0.341354 -0.845681 0.344027 0 255 0
0.413497 -0.717828 0.395539 0 255 0
0.424507 -0.712451 0.357983 0 255 0
0.466604 -0.798413 0.397532 0 255 0
0.423373 -0.727219 0.450799 0 255 0
0.348608 -0.780320 0.332458 0 255 0
0.368543 -0.763825 0.360333 0 255 0
0.337051 -0.755861 0.374556 0 255 0
0.425981 -0.791080 0.397041 0 255 0
0.457234 -0.825745 0.407122 0 255 0
0.373878 -0.811234 0.385311 0 255 0
0.341492 -0.778233 0.423897 0 255 0
0.440734 -0.832430 0.360608 0 255 0
0.378600 -0.824047 0.366244 0 255 0
0.321465 -0.793658 0.374142 0 255 0
0.322019 -0.770267 0.400569 0 255 0
0.422032 -0.807284 0.353218 0 255 0
0.389334 -0.804476 0.364014 0 255 0
0.320333 -0.798411 0.376581 0 255 0
0.350240 -0.797060 0.396628 0 255 0
0.366113 -0.769421 0.325812 0 255 0
0.380206 -0.736550 0.333516 0 255 0
0.419288 -0.776512 0.376053 0 255 0
0.356401 -0.736872 0.394213 0 255 0
0.463704 -0.742486 0.361916 0 255 0
0.320095 -0.817472 0.339818 0 255 0
0.408880 -0.693256 0.419955 0 255 0
0.392412 -0.830944 0.377811 0 255 0
0.382332 -0.785512 0.319751 0 255 0
0.404807 -0.816640 0.379199 0 255 0
0.414572 -0.777902 0.396290 0 255 0
0.384124 -0.765377 0.467403 0 255 0
0.430487 -0.689482 0.363913 0 255 0
0.293053 -0.688127 0.358116 0 255 0
0.373515 -0.692893 0.326723 0 255 0
0.405659 -0.732600 0.420048 0 255 0
0.357187 -0.836208 0.409531 0 255 0
0.377770 -0.799236 0.364650 0 255 0
0.412239 -0.805859 0.422741 0 255 0
0.387971 -0.760247 0.432975 0 255 0
0.488489 -0.758512 0.437565 0 255 0
0.406301 -0.799197 0.474108 0 255 0
0.452832 -0.799482 0.414289 0 255 0
0.537340 -0.675851 0.376606 0 255 0
0.425815 -0.821640 0.364004 0 255 0
0.377482 -0.651558 0.338929 0 255 0
0.350804 -0.702508 0.441114 0 255 0
0.341103 -0.732284 0.376694 0 255 0
0.377838 -0.814660 0.340510 0 255 0
0.403519 -0.648833 0.348037 0 255 0
0.440004 -0.681373 0.320246 0 255 0
0.383504 -0.667439 0.389771 0 255 0
0.341561 -0.676880 0.376197 0 255 0
0.410941 -0.726838 0.326194 0 255 0
0.329610 -0.896659 0.413350 0 255 0
0.412896 -0.777932 0.402189 0 255 0
0.402519 -0.690616 0.277566 0 255 0
0.259909 -0.670403 0.421478 0 255 0
0.356160 -0.697324 0.323671 0 255 0
0.344399 -0.665517 0.317486 0 255 0
0.366969 -0.749134 0.365478 0 255 0
0.389389 -0.698256 0.377651 0 255 0
0.410593 -0.680571 0.354832 0 255 0
0.351076 -0.752243 0.397878 0 255 0
0.371469 -0.761688 0.359238 0 255 0
0.387790 -0.770222 0.330261 0 255 0
0.388927 -0.835061 0.409026 0 255 0
0.356489 -0.842054 0.308499 0 255 0
0.405880 -0.802212 0.431897 0 255 0
0.346430 -0.776583 0.386333 0 255 0
0.355568 -0.819059 0.447574 0 255 0
0.325860 -0.729110 0.357179 0 255 0
0.423230 -0.764054 0.381161 0 255 0
0.391304 -0.764454 0.390026 0 255 0
0.302468 -0.720243 0.486534 0 255 0
0.368458 -0.674736 0.373199 0 255 0
0.360974 -0.686927 0.414976 0 255 0
0.399974 -0.666257 0.409046 0 255 0
0.388293 -0.766287 0.430048 0 255 0
0.337679 -0.708540 0.345952 0 255 0
0.349687 -0.646145 0.369603 0 255 0
0.319114 -0.729838 0.376040 0 255 0
0.378391 -0.844785 0.391342 0 255 0
0.346529 -0.830839 0.382806 0 255 0
0.314998 -0.732266 0.362297 0 255 0
0.392588 -0.785400 0.429221 0 255 0
0.365623 -0.704260 0.384760 0 255 0
0.348695 -0.649286 0.375078 0 255 0
0.415585 -0.739499 0.393081 0 255 0
0.362155 -0.695489 0.374497 0 255 0
0.372640 -0.665075 0.419746 0 255 0
0.352699 -0.691821 0.301933 0 255 0
0.358203 -0.694526 0.358965 0 255 0
0.372537 -0.655887 0.461474 0 255 0
0.368384 -0.680301 0.320341 0 255 0
0.402776 -0.834006 0.368137 0 255 0
0.490487 -0.824443 0.380820 0 255 0
0.450711 -0.745494 0.399381 0 255 0
0.257643 -0.720823 0.445998 0 255 0
0.338675 -0.766160 0.409499 0 255 0
0.334371 -0.743710 0.407536 0 255 0
0.294602 -0.825074 0.478416 0 255 0
0.284534 -0.748361 0.465179 0 255 0
0.394964 -0.737256 0.298796 0 255 0
0.428094 -0.796340 0.383222 0 255 0
0.456681 -0.652737 0.392195 0 255 0
0.371379 -0.684587 0.389551 0 255 0
0.438166 -0.749166 0.388012 0 255 0
0.363678 -0.787128 0.500488 0 255 0
0.385318 -0.818516 0.388819 0 255 0
0.310595 -0.791006 0.393294 0 255 0
0.399797 -0.824706 0.399633 0 255 0
0.475404 -0.785582 0.406017 0 255 0
0.365243 -0.763796 0.414993 0 255 0
0.349433 -0.788187 0.451276 0 255 0
0.412280 -0.662625 0.466006 0 255 0
0.355308 -0.747828 0.404233 0 255 0
0.384727 -0.797769 0.436392 0 255 0
0.364022 -0.700281 0.348201 0 255 0
0.399673 -0.791901 0.362546 0 255 0
0.406916 -0.802366 0.411832 0 255 0
0.342611 -0.791220 0.385951 0 255 0
0.417962 -0.881342 0.361273 0 255 0
0.413505 -0.781260 0.422604 0 255 0
0.361459 -0.768889 0.342755 0 255 0
0.425490 -0.745007 0.375315 0 255 0
0.360320 -0.668182 0.379521 0 255 0
0.352229 -0.796932 0.381252 0 255 0
0.425424 -0.691228 0.380534 0 255 0
0.304883 -0.677788 0.358997 0 255 0
0.340167 -0.861496 0.364753 0 255 0
0.419750 -0.754744 0.376216 0 255 0
0.426123 -0.844558 0.353292 0 255 0
0.352981 -0.832647 0.380406 0 255 0
0.352158 -0.691580 0.445155 0 255 0
0.438271 -0.756616 0.443435 0 255 0
0.356532 -0.620202 0.376621 0 255 0
0.292096 -0.770922 0.389705 0 255 0
0.313144 -0.814978 0.395914 0 255 0
0.365826 -0.835341 0.396297 0 255 0
0.452875 -0.736655 0.360192 0 255 0
0.430158 -0.758694 0.351944 0 255 0
0.394915 -0.740077 0.343340 0 255 0
0.370511 -0.831012 0.451885 0 255 0
0.346480 -0.785823 0.503060 0 255 0
0.363168 -0.854443 0.373721 0 255 0
0.420532 -0.855469 0.441308 0 255 0
0.379927 -0.763541 0.369479 0 255 0
0.398793 -0.877995 0.369765 0 255 0
0.383874 -0.805109 0.428761 0 255 0
0.369624 -0.870050 0.358441 0 255 0
0.363551 -0.860149 0.395529 0 255 0
0.424794 -0.801199 0.390174 0 255 0
0.467089 -0.800416 0.345444 0 255 0
0.443950 -0.843720 0.357231 0 255 0
0.400741 -0.829284 0.455794 0 255 0
0.374754 -0.859188 0.392194 0 255 0
0.350706 -0.874608 0.344559 0 255 0
0.375125 -0.799778 0.382794 0 255 0
0.355809 -0.896824 0.377202 0 255 0
0.305546 -0.768615 0.395761 0 255 0
0.388132 -0.798658 0.373181 0 255 0
0.354922 -0.852781 0.462872 0 255 0
0.381422 -0.794404 0.357461 0 255 0
0.375582 -0.942409 0.419029 0 255 0
0.451822 -0.847852 0.394191 0 255 0
0.382696 -0.804513 0.410130 0 255 0
0.304414 -0.798153 0.430492 0 255 0
0.439649 -0.897824 0.253399 0 255 0
0.328609 -0.866016 0.336148 0 255 0
0.397612 -0.862400 0.327146 0 255 0
0.440812 -0.880756 0.385495 0 255 0
0.340643 -0.798362 0.405169 0 255 0
0.337884 -0.768983 0.415410 0 255 0
0.475385 -0.821112 0.392349 0 255 0
0.399670 -0.793449 0.415619 0 255 0
0.366427 -0.870989 0.389690 0 255 0
0.399987 -0.790484 0.293945 0 255 0
0.413668 -0.817496 0.334292 0 255 0
0.464268 -0.837401 0.369177 0 255 0
0.399614 -0.845661 0.403931 0 255 0
0.361951 -0.842103 0.325357 0 255 0
0.408324 -0.830525 0.304279 0 255 0
0.417381 -0.869167 0.350225 0 255 0
0.396193 -0.851272 0.384399 0 255 0
0.424605 -0.817174 0.400594 0 255 0
0.446085 -0.853011 0.391790 0 255 0
0.302910 -0.879020 0.386211 0 255 0
0.435924 -0.818079 0.387103 0 255 0
0.420259 -0.862291 0.360741 0 255 0
0.440595 -0.790501 0.359998 0 255 0
0.352185 -0.766608 0.397463 0 255 0
0.465806 -0.855068 0.418352 0 255 0
0.401491 -0.766285 0.368522 0 255 0
0.432499 -0.838200 0.401011 0 255 0
0.394611 -0.812511 0.341022 0 255 0
0.457586 -0.840202 0.344660 0 255 0
0.482531 -0.915223 0.409007 0 255 0
0.397388 -0.800053 0.403430 0 255 0
0.367198 -0.845139 0.395981 0 255 0
0.412002 -0.905696 0.366290 0 255 0
0.363298 -0.874747 0.344820 0 255 0
0.369165 -0.895298 0.464368 0 255 0
0.398995 -0.879263 0.391584 0 255 0
0.395357 -0.935641 0.383107 0 255 0
0.349186 -0.817827 0.391727 0 255 0
0.423246 -0.829698 0.369524 0 255 0
0.433538 -0.868513 0.360512 0 255 0
0.360657 -0.827143 0.405872 0 255 0
0.390681 -0.730164 0.378099 0 255 0
0.458572 -0.799194 0.338442 0 255 0
0.430061 -0.827902 0.375238 0 255 0
0.393430 -0.750672 0.396273 0 255 0
0.370519 -0.847187 0.372032 0 255 0
0.352990 -0.782920 0.425326 0 255 0
0.395640 -0.886377 0.364367 0 255 0
0.362893 -0.825825 0.412856 0 255 0
0.404112 -0.835518 0.381328 0 255 0
0.394361 -0.830104 0.331242 0 255 0
0.322989 -0.848038 0.431597 0 255 0
0.389766 -0.763886 0.326930 0 255 0
0.460852 -0.772899 0.321933 0 255 0
0.359967 -0.817614 0.359619 0 255 0
0.303870 -0.822761 0.403742 0 255 0
0.490332 -0.796252 0.405187 0 255 0
0.363860 -0.899342 0.296260 0 255 0
0.390783 -0.812379 0.384422 0 255 0
0.404263 -0.788851 0.404561 0 255 0
0.422742 -0.811284 0.293264 0 255 0
0.451227 -0.820144 0.441610 0 255 0
0.508305 -0.749720 0.367994 0 255 0
0.406524 -0.726892 0.365258 0 255 0
0.415797 -0.805724 0.355575 0 255 0
0.450671 -0.704228 0.343557 0 255 0
0.336633 -0.776039 0.342820 0 255 0
0.395776 -0.776620 0.322352 0 255 0
0.351534 -0.745510 0.295624 0 255 0
0.408435 -0.791984 0.299531 0 255 0
0.347551 -0.795867 0.392837 0 255 0
0.466395 -0.850531 0.386034 0 255 0
0.422205 -0.872953 0.390663 0 255 0
0.424535 -0.763501 0.360487 0 255 0
0.303516 -0.819774 0.341655 0 255 0
0.444087 -0.856390 0.370056 0 255 0
0.463331 -0.797614 0.313304 0 255 0
0.443184 -0.797693 0.384902 0 255 0
0.397585 -0.815325 0.323508 0 255 0
0.400316 -0.778919 0.320039 0 255 0
0.468629 -0.834788 0.304764 0 255 0
0.452412 -0.846203 0.370574 0 255 0
0.410582 -0.720665 0.375824 0 255 0
0.357004 -0.754826 0.331335 0 255 0
0.491602 -0.810416 0.387275 0 255 0
0.372025 -0.776702 0.377534 0 255 0
0.406543 -0.827503 0.364919 0 255 0
0.410893 -0.738465 0.337782 0 255 0
0.475341 -0.823757 0.336462 0 255 0
0.434846 -0.797113 0.393558 0 255 0
0.412213 -0.865653 0.350939 0 255 0
0.403468 -0.855592 0.385992 0 255 0
0.416448 -0.835182 0.418418 0 255 0
0.441633 -0.800855 0.396773 0 255 0
0.418250 -0.780963 0.368078 0 255 0
0.411906 -0.827681 0.339811 0 255 0
0.443108 -0.797269 0.383635 0 255 0
0.401860 -0.845077 0.376488 0 255 0
0.489256 -0.805226 0.416734 0 255 0
0.401276 -0.841548 0.347863 0 255 0
0.442113 -0.747931 0.374452 0 255 0
0.462153 -0.876659 0.410707 0 255 0
0.566772 -0.764321 0.390352 0 255 0
0.480100 -0.911277 0.301020 0 255 0
0.360762 -0.868026 0.319203 0 255 0
0.425425 -0.904225 0.387615 0 255 0
0.442155 -0.813558 0.336105 0 255 0
0.487332 -0.819505 0.333886 0 255 0
0.420010 -0.789210 0.427678 0 255 0
0.408888 -0.867210 0.289632 0 255 0
0.435388 -0.791756 0.421364 0 255 0
0.468417 -0.866698 0.356866 0 255 0
0.418994 -0.804316 0.404855 0 255 0
0.441347 -0.803127 0.363261 0 255 0
0.388987 -0.848693 0.381289 0 255 0
0.445530 -0.851682 0.403895 0 255 0
0.449943 -0.780580 0.383276 0 255 0
0.429796 -0.818383 0.402727 0 255 0
0.372762 -0.852778 0.349906 0 255 0
0.429896 -0.833442 0.341873 0 255 0
0.378587 -0.825483 0.385324 0 255 0
0.396315 -0.889691 0.369323 0 255 0
0.307052 -0.778570 0.433453 0 255 0
0.444284 -0.815065 0.358667 0 255 0
0.454558 -0.825380 0.392527 0 255 0
0.390956 -0.857082 0.337160 0 255 0
0.470861 -0.792290 0.286509 0 255 0
0.489752 -0.845837 0.379161 0 255 0
0.513238 -0.925191 0.276393 0 255 0
0.493628 -0.829143 0.416264 0 255 0
0.488307 -0.817386 0.363303 0 255 0
0.423372 -0.815101 0.411472 0 255 0
0.450450 -0.777053 0.297463 0 255 0
0.387562 -0.865665 0.381296 0 255 0
0.433421 -0.910760 0.368466 0 255 0
0.419914 -0.709401 0.352541 0 255 0
0.462649 -0.790911 0.380630 0 255 0
0.425366 -0.781923 0.389176 0 255 0
0.368748 -0.808227 0.397350 0 255 0
0.443044 -0.877102 0.421645 0 255 0
0.385591 -0.780728 0.404805 0 255 0
0.427325 -0.829877 0.340783 0 255 0
0.414199 -0.818707 0.406516 0 255 0
0.426498 -0.718080 0.362097 0 255 0
0.444096 -0.841082 0.415612 0 255 0
0.418098 -0.838902 0.379211 0 255 0
0.420150 -0.809940 0.360954 0 255 0
0.498179 -0.759903 0.383769 0 255 0
0.474390 -0.789847 0.372776 0 255 0
0.400601 -0.818857 0.325514 0 255 0
0.512452 -0.886864 0.374938 0 255 0
0.414410 -0.753121 0.372457 0 255 0
0.471282 -0.796505 0.411201 0 255 0
0.447928 -0.795961 0.368022 0 255 0
0.365177 -0.802099 0.358535 0 255 0
0.431789 -0.720916 0.376918 0 255 0
0.447309 -0.808452 0.410536 0 255 0
0.382708 -0.819149 0.355895 0 255 0
0.439546 -0.760509 0.359886 0 255 0
0.508501 -0.818112 0.350967 0 255 0
0.447763 -0.805696 0.409950 0 255 0
0.383473 -0.782718 0.411906 0 255 0
0.454720 -0.755762 0.406548 0 255 0
0.375501 -0.733517 0.288371 0 255 0
0.427251 -0.787191 0.392998 0 255 0
0.409391 -0.838172 0.366390 0 255 0
0.418466 -0.793365 0.417469 0 255 0
0.416767 -0.761145 0.374936 0 255 0
0.437540 -0.824643 0.320327 0 255 0
0.470591 -0.776924 0.419596 0 255 0
0.335607 -0.739725 0.394942 0 255 0
0.349529 -0.789683 0.457620 0 255 0
0.405340 -0.793783 0.368425 0 255 0
0.426587 -0.805812 0.384091 0 255 0
0.368069 -0.814729 0.391616 0 255 0
0.406789 -0.817893 0.422102 0 255 0
0.465928 -0.736269 0.437361 0 255 0
0.411881 -0.761709 0.367765 0 255 0
0.404154 -0.804451 0.345624 0 255 0
0.434532 -0.857302 0.338851 0 255 0
0.433981 -0.792988 0.405630 0 255 0
0.369831 -0.723234 0.447749 0 255 0
0.552265 -0.788559 0.391834 0 255 0
0.404131 -0.733132 0.290392 0 255 0
0.374832 -0.784423 0.400297 0 255 0
0.388167 -0.805720 0.379539 0 255 0
0.521508 -0.826663 0.355195 0 255 0
0.357452 -0.815576 0.384558 0 255 0
0.438307 -0.749470 0.357566 0 255 0
0.503583 -0.848837 0.346256 0 255 0
0.409791 -0.777074 0.336502 0 255 0
0.395696 -0.783280 0.377220 0 255 0
0.467681 -0.743788 0.314185 0 255 0
0.413839 -0.686771 0.355098 0 255 0
0.441373 -0.809586 0.318141 0 255 0
0.413408 -0.767630 0.368922 0 255 0
0.446589 -0.765594 0.301034 0 255 0
0.405326 -0.781246 0.424070 0 255 0
0.508896 -0.795545 0.460529 0 255 0
0.440877 -0.779601 0.358127 0 255 0
0.445406 -0.787369 0.354093 0 255 0
0.497334 -0.782411 0.433197 0 255 0
0.411150 -0.779511 0.356618 0 255 0
0.464841 -0.732573 0.354869 0 255 0
0.476594 -0.838362 0.356602 0 255 0
0.434495 -0.833843 0.402142 0 255 0
0.469017 -0.797272 0.316363 0 255 0
0.452617 -0.720780 0.359032 0 255 0
0.484756 -0.831397 0.364807 0 255 0
0.551016 -0.735345 0.290948 0 255 0
0.464872 -0.785447 0.386791 0 255 0
0.349991 -0.844610 0.381978 0 255 0
0.431813 -0.869004 0.319873 0 255 0
0.479697 -0.833912 0.369308 0 255 0
0.495526 -0.805569 0.380752 0 255 0
0.514291 -0.823634 0.388596 0 255 0
0.468270 -0.869300 0.327494 0 255 0
0.429452 -0.794992 0.413396 0 255 0
0.416308 -0.782046 0.387422 0 255 0
0.517164 -0.771693 0.325054 0 255 0
0.495338 -0.873682 0.373600 0 255 0
0.398299 -0.767987 0.378401 0 255 0
0.489441 -0.805253 0.364725 0 255 0
0.435442 -0.793929 0.368710 0 255 0
0.439832 -0.786499 0.416485 0 255 0
0.455419 -0.776301 0.382158 0 255 0
0.380981 -0.816780 0.325696 0 255 0
0.492743 -0.862502 0.381027 0 255 0
0.501819 -0.884309 0.406862 0 255 0
0.416049 -0.764513 0.325197 0 255 0
0.461023 -0.797385 0.279218 0 255 0
0.376363 -0.834122 0.383092 0 255 0
0.478523 -0.785523 0.323987 0 255 0
0.475932 -0.890205 0.326846 0 255 0
0.431990 -0.812968 0.328450 0 255 0
0.428574 -0.778609 0.354853 0 255 0
0.479323 -0.895051 0.323317 0 255 0
0.490986 -0.845003 0.366867 0 255 0
0.437818 -0.729434 0.363637 0 255 0
0.507027 -0.805979 0.341943 0 255 0
0.419400 -0.846334 0.420128 0 255 0
0.458021 -0.803663 0.264731 0 255 0
0.528821 -0.814176 0.391726 0 255 0
0.402894 -0.782171 0.402441 0 255 0
0.518035 -0.811717 0.442822 0 255 0
0.466631 -0.844557 0.325641 0 255 0
0.424231 -0.836123 0.295636 0 255 0
0.486655 -0.789151 0.392667 0 255 0
0.455256 -0.814945 0.370147 0 255 0
0.393382 -0.753257 0.449644 0 255 0
0.485753 -0.842586 0.382764 0 255 0
0.505670 -0.785042 0.459573 0 255 0
0.437492 -0.731978 0.415306 0 255 0
0.420518 -0.794953 0.399278 0 255 0
0.499328 -0.808455 0.339962 0 255 0
0.467785 -0.827309 0.390266 0 255 0
0.482726 -0.812212 0.355899 0 255 0
0.475806 -0.837440 0.433910 0 255 0
0.498384 -0.830955 0.416844 0 255 0
0.406712 -0.920861 0.378887 0 255 0
0.466637 -0.775667 0.363105 0 255 0
0.456477 -0.782553 0.416483 0 255 0
0.421124 -0.731841 0.453779 0 255 0
0.421827 -0.807671 0.399974 0 255 0
0.461320 -0.749236 0.341525 0 255 0
0.449847 -0.768047 0.406356 0 255 0
0.397712 -0.760338 0.428967 0 255 0
0.488823 -0.670156 0.319851 0 255 0
0.446020 -0.707503 0.328846 0 255 0
0.378687 -0.709095 0.439429 0 255 0
0.448149 -0.778937 0.324818 0 255 0
0.432981 -0.775123 0.384390 0 255 0
0.476338 -0.795713 0.380385 0 255 0
0.476032 -0.735186 0.376925 0 255 0
0.440352 -0.694867 0.456075 0 255 0
0.377504 -0.770763 0.415419 0 255 0
0.390559 -0.803350 0.327258 0 255 0
0.460517 -0.723394 0.340041 0 255 0
0.452500 -0.709693 0.267377 0 255 0
0.433837 -0.675326 0.351986 0 255 0
0.441682 -0.742461 0.427981 0 255 0
0.466258 -0.727144 0.428765 0 255 0
0.417195 -0.798506 0.328555 0 255 0
0.510341 -0.795999 0.420734 0 255 0
0.428772 -0.772263 0.303440 0 255 0
0.470583 -0.756725 0.405643 0 255 0
0.462979 -0.746620 0.363888 0 255 0
0.458395 -0.738612 0.347085 0 255 0
0.415298 -0.737839 0.413976 0 255 0
0.396830 -0.733401 0.490834 0 255 0
0.434583 -0.710139 0.393710 0 255 0
0.444922 -0.709543 0.484168 0 255 0
0.449640 -0.734345 0.390000 0 255 0
0.367415 -0.680028 0.427522 0 255 0
0.446676 -0.713089 0.382664 0 255 0
0.457114 -0.751615 0.351932 0 255 0
0.477188 -0.822682 0.382281 0 255 0
0.433706 -0.761452 0.337750 0 255 0
0.430555 -0.802368 0.426868 0 255 0
0.452041 -0.697933 0.356523 0 255 0
0.435971 -0.698522 0.379058 0 255 0
0.501469 -0.733330 0.370863 0 255 0
0.478510 -0.766172 0.363777 0 255 0
0.423935 -0.722727 0.425197 0 255 0
0.424651 -0.827082 0.391549 0 255 0
0.429475 -0.744992 0.372657 0 255 0
0.527987 -0.743677 0.340567 0 255 0
0.436832 -0.786365 0.306520 0 255 0
0.433761 -0.725656 0.320163 0 255 0
0.388680 -0.776959 0.432735 0 255 0
0.402998 -0.786839 0.387512 0 255 0
0.417939 -0.804201 0.393368 0 255 0
0.404131 -0.780764 0.367293 0 255 0
0.509451 -0.755017 0.328973 0 255 0
0.500023 -0.754596 0.312658 0 255 0
0.504960 -0.707504 0.364377 0 255 0
0.404615 -0.798684 0.377438 0 255 0
0.470007 -0.732213 0.453689 0 255 0
0.491553 -0.791998 0.332944 0 255 0
0.511741 -0.753759 0.368091 0 255 0
0.461337 -0.685166 0.396850 0 255 0
0.423168 -0.746408 0.369583 0 255 0
0.480730 -0.754131 0.353793 0 255 0
0.474874 -0.767005 0.337574 0 255 0
0.480375 -0.780096 0.390280 0 255 0
0.468280 -0.756534 0.372096 0 255 0
0.451400 -0.818016 0.358495 0 255 0
0.420144 -0.786943 0.394297 0 255 0
0.490252 -0.816825 0.395508 0 255 0
0.520356 -0.745239 0.300034 0 255 0
0.453875 -0.768185 0.349771 0 255 0
0.399203 -0.738224 0.340925 0 255 0
0.455856 -0.795585 0.315434 0 255 0
0.484565 -0.722881 0.344399 0 255 0
0.512986 -0.712010 0.348070 0 255 0
0.474976 -0.773760 0.351421 0 255 0
0.439269 -0.786777 0.410574 0 255 0
0.426934 -0.800265 0.372807 0 255 0
0.428735 -0.819356 0.410835 0 255 0
0.489716 -0.765388 0.396157 0 255 0
0.499912 -0.822608 0.451795 0 255 0
0.515807 -0.793711 0.447095 0 255 0
0.443340 -0.710443 0.389414 0 255 0
0.503646 -0.776059 0.384157 0 255 0
0.457851 -0.791148 0.341243 0 255 0
0.443639 -0.749511 0.290959 0 255 0
0.469331 -0.813483 0.362281 0 255 0
0.447514 -0.791764 0.320374 0 255 0
0.501513 -0.707483 0.425311 0 255 0
0.477879 -0.712095 0.391106 0 255 0
0.462897 -0.759730 0.414141 0 255 0
0.424316 -0.857504 0.312947 0 255 0
0.416938 -0.754415 0.347382 0 255 0
0.456960 -0.783681 0.416405 0 255 0
0.439188 -0.716254 0.372439 0 255 0
0.522722 -0.757840 0.314353 0 255 0
0.426824 -0.799292 0.337023 0 255 0
0.559285 -0.789138 0.381554 0 255 0
0.476572 -0.759489 0.339396 0 255 0
0.461370 -0.792296 0.349070 0 255 0
0.477675 -0.703790 0.337844 0 255 0
0.467211 -0.836487 0.373201 0 255 0
0.456966 -0.751311 0.397884 0 255 0
0.441533 -0.772595 0.302266 0 255 0
0.510367 -0.763071 0.315966 0 255 0
0.466151 -0.770430 0.345764 0 255 0
0.452244 -0.812169 0.397981 0 255 0
0.394999 -0.768054 0.375635 0 255 0
0.473130 -0.745161 0.387737 0 255 0
0.540322 -0.761424 0.351171 0 255 0
0.406471 -0.825336 0.363225 0 255 0
0.500682 -0.762859 0.364395 0 255 0
0.499813 -0.776757 0.374536 0 255 0
0.483181 -0.761680 0.406388 0 255 0
0.424796 -0.749243 0.459748 0 255 0
0.447715 -0.764923 0.438831 0 255 0
0.477046 -0.833687 0.397953 0 255 0
0.506785 -0.722835 0.419850 0 255 0
0.434244 -0.826540 0.362251 0 255 0
0.438130 -0.693780 0.412745 0 255 0
0.363764 -0.773032 0.385522 0 255 0
0.305480 -0.718555 0.389632 0 255 0
0.308702 -0.790412 0.366937 0 255 0
0.292394 -0.734686 0.326955 0 255 0
0.343925 -0.751795 0.492874 0 255 0
0.345723 -0.777701 0.423305 0 255 0
0.379829 -0.699214 0.414527 0 255 0
0.304994 -0.786100 0.410820 0 255 0
0.315691 -0.811683 0.342662 0 255 0
0.369663 -0.771520 0.507437 0 255 0
0.297967 -0.781974 0.408769 0 255 0
0.323630 -0.753462 0.386209 0 255 0
0.368622 -0.818860 0.405112 0 255 0
0.340160 -0.716438 0.468838 0 255 0
0.324320 -0.757486 0.412593 0 255 0
0.401806 -0.752120 0.331422 0 255 0
0.304178 -0.810521 0.442656 0 255 0
0.334486 -0.804347 0.416454 0 255 0
0.385703 -0.819818 0.426189 0 255 0
0.260417 -0.799998 0.384280 0 255 0
0.317339 -0.798820 0.498330 0 255 0
0.311721 -0.720894 0.388355 0 255 0
0.291197 -0.700922 0.519139 0 255 0
0.310625 -0.892887 0.451633 0 255 0
0.355113 -0.873519 0.405938 0 255 0
0.309956 -0.813364 0.460383 0 255 0
0.377335 -0.777076 0.405323 0 255 0
0.262867 -0.748860 0.414845 0 255 0
0.321272 -0.854176 0.368783 0 255 0
0.345071 -0.805167 0.415061 0 255 0
0.336162 -0.815552 0.382867 0 255 0
0.329327 -0.850464 0.420266 0 255 0
0.370925 -0.851822 0.372728 0 255 0
0.286936 -0.795539 0.397917 0 255 0
0.342800 -0.816118 0.504302 0 255 0
0.317917 -0.859434 0.450615 0 255 0
0.336702 -0.822176 0.403907 0 255 0
0.377822 -0.839817 0.409097 0 255 0
0.325167 -0.853619 0.358406 0 255 0
0.313199 -0.827405 0.384895 0 255 0
0.400558 -0.804702 0.407657 0 255 0
0.311347 -0.767237 0.467942 0 255 0
0.357483 -0.762018 0.395670 0 255 0
0.342882 -0.796773 0.401486 0 255 0
0.318765 -0.751137 0.431386 0 255 0
0.356652 -0.762392 0.429526 0 255 0
0.303237 -0.799491 0.411118 0 255 0
0.332031 -0.877122 0.367630 0 255 0
0.291698 -0.821598 0.416727 0 255 0
0.397415 -0.786560 0.395194 0 255 0
0.277469 -0.825684 0.525929 0 255 0
0.332620 -0.792917 0.446204 0 255 0
0.405495 -0.811553 0.429063 0 255 0
0.384602 -0.812540 0.425861 0 255 0
0.319825 -0.777629 0.412773 0 255 0
0.330423 -0.789173 0.433883 0 255 0
0.380961 -0.778126 0.412703 0 255 0
0.364730 -0.798882 0.341389 0 255 0
0.258543 -0.750027 0.427197 0 255 0
0.359507 -0.871082 0.446424 0 255 0
0.349258 -0.835253 0.423307 0 255 0
0.275671 -0.808554 0.421948 0 255 0
0.387662 -0.874761 0.460293 0 255 0
0.430243 -0.741320 0.427338 0 255 0
0.403470 -0.820542 0.473159 0 255 0
0.340064 -0.733545 0.439500 0 255 0
0.392839 -0.732974 0.406767 0 255 0
0.295371 -0.804733 0.449961 0 255 0
0.311650 -0.774042 0.386959 0 255 0
0.358837 -0.824090 0.426947 0 255 0
0.327579 -0.751680 0.328040 0 255 0
0.315417 -0.840255 0.464970 0 255 0
0.452364 -0.698191 0.398913 0 255 0
0.484225 -0.723827 0.427253 0 255 0
0.434406 -0.764480 0.359917 0 255 0
0.383974 -0.655481 0.435800 0 255 0
0.332170 -0.746955 0.417605 0 255 0
0.434677 -0.784612 0.463284 0 255 0
0.378811 -0.749013 0.424989 0 255 0
0.423267 -0.755939 0.416476 0 255 0
0.467893 -0.663499 0.405577 0 255 0
0.047628 -0.484293 0.409491 0 255 0
0.012491 -0.461457 0.421473 0 255 0
0.035347 -0.435270 0.552045 0 255 0
-0.002409 -0.441488 0.417253 0 255 0
-0.006419 -0.397061 0.452609 0 255 0
0.044528 -0.422674 0.471606 0 255 0
0.002050 -0.483494 0.469007 0 255 0
0.034408 -0.484527 0.384376 0 255 0
-0.004533 -0.397709 0.436089 0 255 0
0.019079 -0.434312 0.487048 0 255 0
0.021873 -0.469655 0.464530 0 255 0
0.057850 -0.399255 0.508680 0 255 0
0.063954 -0.496231 0.440533 0 255 0
0.073881 -0.535768 0.440355 0 255 0
0.081842 -0.484114 0.515963 0 255 0
-0.016472 -0.491167 0.474445 0 255 0
0.041318 -0.472466 0.526633 0 255 0
-0.009816 -0.462066 0.419239 0 255 0
0.105117 -0.475668 0.469238 0 255 0
0.028472 -0.498960 0.443318 0 255 0
0.005573 -0.419815 0.511681 0 255 0
0.042640 -0.468370 0.433619 0 255 0
-0.068996 -0.357804 0.463853 0 255 0
0.032818 -0.440973 0.470421 0 255 0
0.016751 -0.497802 0.486152 0 255 0
0.050118 -0.428887 0.513427 0 255 0
0.059157 -0.470170 0.480083 0 255 0
0.000953 -0.518990 0.483401 0 255 0
0.046251 -0.430952 0.478982 0 255 0
0.061684 -0.501106 0.508427 0 255 0
0.086051 -0.442409 0.447201 0 255 0
0.026226 -0.450536 0.455086 0 255 0
0.019612 -0.504720 0.456126 0 255 0
-0.073061 -0.231879 0.552051 0 255 0
-0.058920 -0.264792 0.595136 0 255 0
0.104882 -0.451102 0.451491 0 255 0
0.038893 -0.482811 0.431064 0 255 0
-0.039482 -0.461854 0.448650 0 255 0
-0.001008 -0.465351 0.452925 0 255 0
0.103612 -0.447530 0.457381 0 255 0
0.096117 -0.389958 0.528201 0 255 0
0.108431 -0.312431 0.415779 0 255 0
0.166690 -0.358199 0.412443 0 255 0
0.050079 -0.309236 0.359960 0 255 0
-0.036808 0.028469 0.639794 0 255 0
0.009151 -0.042609 0.432050 0 255 0
0.039129 0.021018 0.428425 0 255 0
-0.103918 -0.035222 0.392474 0 255 0
-0.053987 0.040785 0.392291 0 255 0
0.069298 -0.023022 0.534806 0 255 0
0.040784 -0.028522 0.546632 0 255 0
-0.024863 -0.020308 0.629162 0 255 0
0.051220 -0.013843 0.567432 0 255 0
0.055406 0.030276 0.525966 0 255 0
-0.084948 0.003501 0.381356 0 255 0
0.028038 0.010473 0.348786 0 255 0
0.020274 -0.027501 0.382800 0 255 0
-0.021301 -0.003878 0.438064 0 255 0
-0.058978 -0.029689 0.440422 0 255 0
-0.015643 0.033177 0.392648 0 255 0
0.014446 0.027432 0.542734 0 255 0
0.089247 0.035735 0.405831 0 255 0
0.033447 -0.008473 0.448820 0 255 0
0.026636 -0.024724 0.446148 0 255 0
-0.030690 -0.068906 0.402121 0 255 0
-0.076939 -0.003108 0.376197 0 255 0
-0.000748 0.005370 0.638319 0 255 0
-0.020361 -0.064903 0.599101 0 255 0
0.043666 -0.035950 0.598694 0 255 0
-0.027940 0.022367 0.652853 0 255 0
-0.022847 -0.108614 0.405748 0 255 0
-0.042730 -0.084851 0.303739 0 255 0
0.045486 -0.022506 0.415767 0 255 0
-0.011704 -0.314819 0.586287 0 255 0
-0.031316 -0.195848 0.597458 0 255 0
-0.020311 -0.229291 0.565739 0 255 0
-0.059311 -0.160833 0.550926 0 255 0
-0.077599 -0.169164 0.664937 0 255 0
-0.000899 -0.205713 0.576461 0 255 0
0.003039 -0.236505 0.571562 0 255 0
-0.015124 -0.211696 0.568356 0 255 0
0.031630 -0.188389 0.512371 0 255 0
0.047563 -0.140987 0.584023 0 255 0
0.061382 -0.225358 0.579170 0 255 0
0.032552 -0.280020 0.570029 0 255 0
0.094601 -0.097166 0.486707 0 255 0
0.102459 -0.216662 0.542376 0 255 0
0.083431 -0.152367 0.434824 0 255 0
0.130595 -0.209296 0.560165 0 255 0
0.058556 -0.125300 0.560245 0 255 0
0.050566 -0.181348 0.548976 0 255 0
-0.067682 -0.108441 0.627928 0 255 0
-0.073893 -0.202980 0.626466 0 255 0
-0.028178 -0.297044 0.483179 0 255 0
0.293929 -0.573309 0.510694 0 255 0
0.345409 -0.632164 0.423358 0 255 0
-0.052422 -0.266253 0.320742 0 255 0
-0.117900 -0.302723 0.368731 0 255 0
0.007610 -0.207804 0.458709 0 255 0
-0.007695 -0.307422 0.375971 0 255 0
0.039461 -0.263909 0.406731 0 255 0
-0.073952 -0.285304 0.390191 0 255 0
0.052441 0.016891 0.548529 0 255 0
-0.084794 -0.234883 0.370150 0 255 0
-0.012840 -0.252632 0.380409 0 255 0
-0.018376 -0.260914 0.445382 0 255 0
-0.010359 -0.235282 0.382507 0 255 0
-0.023418 -0.299806 0.381796 0 255 0
0.028792 -0.228721 0.462615 0 255 0
0.119255 -0.289148 0.361737 0 255 0
-0.000470 -0.279750 0.390496 0 255 0
0.077972 -0.332951 0.374094 0 255 0
0.086423 -0.284407 0.365545 0 255 0
0.052178 -0.254369 0.340035 0 255 0
0.107532 -0.363355 0.416567 0 255 0
0.208985 -0.300534 0.368736 0 255 0
0.153257 -0.295932 0.420536 0 255 0
0.149129 -0.229721 0.377575 0 255 0
0.196297 -0.253388 0.438469 0 255 0
0.205361 -0.318636 0.467201 0 255 0
0.129249 -0.273295 0.395476 0 255 0
0.125138 -0.266165 0.458070 0 255 0
0.210514 -0.180823 0.487812 0 255 0
0.138138 -0.259416 0.410101 0 255 0
-0.020804 -0.194460 0.495347 0 255 0
0.150840 -0.128725 0.439194 0 255 0
-0.049688 -0.108681 0.444787 0 255 0
0.069088 -0.082790 0.448675 0 255 0
-0.003772 0.161846 0.414221 0 255 0
0.036743 0.120168 0.424688 0 255 0
0.109854 0.109517 0.467930 0 255 0
0.001446 0.082178 0.370171 0 255 0
-0.033948 0.074881 0.400559 0 255 0
-0.091016 0.059704 0.408404 0 255 0
0.092034 0.045794 0.514052 0 255 0
0.048000 0.151966 0.523652 0 255 0
0.101446 0.086937 0.434720 0 255 0
0.053861 0.039592 0.509908 0 255 0
0.152124 0.036409 0.428485 0 255 0
0.065122 0.200164 0.533230 0 255 0
0.010535 0.091046 0.611235 0 255 0
-0.002395 0.140870 0.670841 0 255 0
-0.075200 0.100322 0.637347 0 255 0
0.103218 0.134358 0.532900 0 255 0
0.028126 0.121696 0.575761 0 255 0
0.096828 0.161819 0.607656 0 255 0
0.069013 0.115303 0.518389 0 255 0
-0.070023 0.082402 0.448254 0 255 0
0.037525 0.038517 0.366452 0 255 0
0.023336 0.087299 0.393965 0 255 0
-0.049146 -0.044515 0.371447 0 255 0
-0.002107 -0.153676 0.372950 0 255 0
-0.044556 -0.139855 0.386361 0 255 0
0.056962 -0.120928 0.429183 0 255 0
-0.014948 -0.163152 0.376876 0 255 0
-0.055875 -0.188961 0.366429 0 255 0
-0.029904 -0.117232 0.415825 0 255 0
0.059794 -0.162273 0.375503 0 255 0
0.042557 -0.173142 0.423731 0 255 0
0.117422 -0.212140 0.381315 0 255 0
0.087301 -0.240327 0.324462 0 255 0
0.055382 -0.209202 0.442500 0 255 0
0.076470 -0.193540 0.467783 0 255 0
0.099157 -0.237844 0.379712 0 255 0
0.088060 -0.223479 0.406604 0 255 0
0.110099 -0.259240 0.465468 0 255 0
0.130794 -0.267393 0.419306 0 255 0
-0.035619 -0.213220 0.394903 0 255 0
-0.056790 -0.156206 0.339181 0 255 0
-0.076856 -0.174579 0.395080 0 255 0
-0.152706 -0.208078 0.374023 0 255 0
0.089077 -0.189169 0.472051 0 255 0
0.060115 -0.152697 0.420444 0 255 0
0.047564 -0.144515 0.455950 0 255 0
-0.025108 -0.099909 0.434176 0 255 0
0.054693 -0.099233 0.494613 0 255 0
0.065361 -0.097095 0.413141 0 255 0
0.108094 -0.108978 0.425658 0 255 0
0.106566 -0.118912 0.459947 0 255 0
0.012278 -0.195372 0.402981 0 255 0
-0.013603 -0.053988 0.429555 0 255 0
0.072400 -0.143453 0.429551 0 255 0
-0.007734 -0.177452 0.421551 0 255 0
0.025307 -0.199119 0.432702 0 255 0
0.043107 -0.099396 0.421325 0 255 0
0.017224 -0.211624 0.322362 0 255 0
-0.035303 -0.197334 0.385303 0 255 0
0.008667 -0.231252 0.391080 0 255 0
0.014338 -0.240420 0.352853 0 255 0
0.030925 -0.241606 0.418751 0 255 0
0.010832 -0.172931 0.380999 0 255 0
-0.085237 -0.303246 0.358719 0 255 0
-0.021851 -0.227380 0.320799 0 255 0
0.119736 -0.295777 0.505402 0 255 0
0.178120 -0.259474 0.427370 0 255 0
0.133521 -0.313935 0.406954 0 255 0
0.154896 -0.314040 0.440425 0 255 0
0.186513 -0.374734 0.419841 0 255 0
0.113491 -0.278350 0.346243 0 255 0
0.175485 -0.229893 0.410557 0 255 0
0.188273 -0.293518 0.409025 0 255 0
0.143934 -0.384466 0.447428 0 255 0
0.090129 -0.319532 0.426602 0 255 0
0.147677 -0.265370 0.439826 0 255 0
0.079162 -0.232860 0.337015 0 255 0
0.143985 -0.344876 0.371960 0 255 0
0.103315 -0.357907 0.425460 0 255 0
0.067046 -0.284984 0.391867 0 255 0
0.141445 -0.347062 0.423197 0 255 0
0.061967 -0.305298 0.415651 0 255 0
0.089823 -0.270993 0.408374 0 255 0
0.127727 -0.242501 0.410888 0 255 0
0.143220 -0.240957 0.471027 0 255 0
0.151037 -0.258522 0.418883 0 255 0
0.124213 -0.198530 0.358319 0 255 0
0.158423 -0.306908 0.392757 0 255 0
-0.103121 -0.186914 0.387240 0 255 0
-0.032717 -0.137309 0.268820 0 255 0
0.075515 -0.214422 0.389729 0 255 0
0.099251 -0.248125 0.442149 0 255 0
0.099768 -0.272831 0.371804 0 255 0
0.102426 -0.189818 0.379687 0 255 0
0.141964 -0.202253 0.440620 0 255 0
0.110947 -0.287028 0.425900 0 255 0
0.076516 -0.140412 0.321034 0 255 0
-0.059442 -0.144078 0.357806 0 255 0
-0.117083 -0.125758 0.425043 0 255 0
0.011259 -0.296908 0.467214 0 255 0
0.100052 -0.296254 0.437092 0 255 0
0.022752 -0.331355 0.433030 0 255 0
0.052346 -0.306704 0.452107 0 255 0
0.310417 -0.458073 0.430676 0 255 0
-0.100400 -0.032296 0.476626 0 255 0
-0.035983 0.088837 0.416022 0 255 0
0.017334 0.155980 0.384294 0 255 0
-0.074004 -0.053761 0.394969 0 255 0
-0.058147 -0.191666 0.425781 0 255 0
0.005601 -0.197996 0.578021 0 255 0
0.049409 -0.145443 0.608673 0 255 0
-0.018371 -0.247598 0.605818 0 255 0
0.065529 -0.219854 0.616040 0 255 0
0.023394 -0.163029 0.569766 0 255 0
-0.002660 -0.189562 0.599446 0 255 0
0.043252 -0.192741 0.616040 0 255 0
0.053344 -0.169482 0.578769 0 255 0
0.025333 -0.137803 0.532500 0 255 0
0.133900 -0.160125 0.655803 0 255 0
0.084412 -0.170786 0.587438 0 255 0
-0.023967 -0.126631 0.635039 0 255 0
0.025401 -0.168899 0.678623 0 255 0
0.029041 -0.092558 0.618029 0 255 0
0.039959 -0.254179 0.585982 0 255 0
-0.027480 -0.354866 0.504555 0 255 0
-0.072649 -0.403844 0.522543 0 255 0
0.139031 -0.303733 0.501368 0 255 0
0.051999 -0.362720 0.472259 0 255 0
0.027021 -0.294311 0.573226 0 255 0
-0.069191 -0.333412 0.495976 0 255 0
-0.083424 -0.140948 0.620615 0 255 0
-0.062212 -0.153526 0.609532 0 255 0
-0.082326 -0.124064 0.525972 0 255 0
-0.043886 -0.188461 0.579593 0 255 0
-0.093892 -0.250988 0.571749 0 255 0
-0.047506 -0.231471 0.512968 0 255 0
-0.000620 0.316783 0.414875 0 255 0
0.002409 0.362955 0.477696 0 255 0
0.096097 0.314996 0.416901 0 255 0
0.071590 0.285261 0.338067 0 255 0
0.147628 0.147628 0.446752 0 255 0
0.099940 0.245631 0.364553 0 255 0
0.092843 0.196655 0.473048 0 255 0
0.020949 0.252256 0.449037 0 255 0
0.013258 0.344437 0.369799 0 255 0
0.006823 0.324998 0.364432 0 255 0
0.128219 0.141483 0.410756 0 255 0
0.048369 0.197331 0.471283 0 255 0
0.075362 0.254854 0.455061 0 255 0
0.123840 0.285933 0.440637 0 255 0
0.040180 0.200247 0.381193 0 255 0
0.021963 0.305037 0.409273 0 255 0
-0.027893 0.327861 0.427787 0 255 0
-0.076287 0.106681 0.399943 0 255 0
-0.073337 0.121614 0.290625 0 255 0
0.018779 0.158620 0.404270 0 255 0
0.064744 0.124364 0.345267 0 255 0
0.028144 0.158004 0.409361 0 255 0
0.052775 0.268019 0.399427 0 255 0
0.080617 0.315894 0.379785 0 255 0
-0.021567 0.236198 0.347372 0 255 0
-0.039828 0.186085 0.419890 0 255 0
0.026475 0.219530 0.447780 0 255 0
0.037598 0.157787 0.490034 0 255 0
0.031316 0.192101 0.476447 0 255 0
0.023790 0.158622 0.501580 0 255 0
0.070549 0.142986 0.424088 0 255 0
0.076155 0.185723 0.394610 0 255 0
0.028822 0.166244 0.381272 0 255 0
0.045422 0.154634 0.401047 0 255 0
0.054752 0.195348 0.425240 0 255 0
0.011106 0.201426 0.365222 0 255 0
-0.043240 0.238861 0.405001 0 255 0
-0.074426 0.226484 0.381887 0 255 0
0.012266 0.133124 0.365730 0 255 0
0.100097 0.049616 0.425653 0 255 0
-0.020702 0.065077 0.418784 0 255 0
-0.046900 0.010436 0.374668 0 255 0
-0.017302 0.473060 0.734287 0 255 0
0.001979 0.290540 0.599290 0 255 0
-0.060043 0.309769 0.632386 0 255 0
0.121792 0.231484 0.530388 0 255 0
0.100549 0.311863 0.514746 0 255 0
0.094179 0.230469 0.456510 0 255 0
-0.013050 0.314463 0.631953 0 255 0
-0.062391 0.260382 0.655166 0 255 0
0.076754 0.244011 0.596176 0 255 0
0.055028 0.221057 0.686765 0 255 0
-0.063797 0.238453 0.540449 0 255 0
0.065681 0.147862 0.359591 0 255 0
0.024070 0.277172 0.414511 0 255 0
-0.026488 0.218031 0.437833 0 255 0
-0.003812 0.339749 0.368683 0 255 0
0.053099 0.272998 0.439860 0 255 0
0.017760 0.283719 0.617374 0 255 0
-0.079497 0.241386 0.578180 0 255 0
-0.161492 0.217980 0.626023 0 255 0
-0.052351 0.262462 0.698100 0 255 0
0.040334 0.077216 0.577033 0 255 0
-0.023558 0.109751 0.646166 0 255 0
0.003727 0.211015 0.569815 0 255 0
0.075818 0.097300 0.600868 0 255 0
0.129916 0.137351 0.506403 0 255 0
0.016598 0.136576 0.548066 0 255 0
0.071795 0.114982 0.588991 0 255 0
0.091969 0.123893 0.604431 0 255 0
-0.237692 0.773522 0.834885 0 255 0
-0.183794 0.800800 0.820389 0 255 0
-0.182727 0.837714 0.847286 0 255 0
-0.176079 0.782847 0.791316 0 255 0
-0.142416 0.858828 0.862069 0 255 0
-0.251017 0.847905 0.877995 0 255 0
-0.163633 0.838955 0.800095 0 255 0
-0.247574 0.740869 0.829001 0 255 0
-0.086606 0.955628 0.805569 0 255 0
-0.198801 0.868279 0.849309 0 255 0
-0.126303 0.885471 0.747264 0 255 0
-0.139041 0.914014 0.782084 0 255 0
-0.125062 0.883658 0.815446 0 255 0
-0.133006 0.896403 0.856394 0 255 0
-0.132879 0.925105 0.815350 0 255 0
-0.146244 0.804499 0.881192 0 255 0
-0.102734 0.820330 0.807650 0 255 0
-0.175024 0.838881 0.865736 0 255 0
-0.175145 0.804266 0.895019 0 255 0
-0.151287 0.930541 0.919685 0 255 0
-0.189331 0.822635 0.816197 0 255 0
-0.227294 0.954925 0.806028 0 255 0
-0.202833 0.876446 0.889528 0 255 0
-0.162477 0.822273 0.830926 0 255 0
-0.178037 0.805697 0.943934 0 255 0
-0.160176 0.829145 0.839738 0 255 0
-0.228422 0.930335 0.824361 0 255 0
-0.241898 0.887860 0.799388 0 255 0
-0.187336 0.899873 0.843688 0 255 0
-0.191716 0.849836 0.838772 0 255 0
-0.079737 0.849406 0.831753 0 255 0
-0.166746 0.873678 0.877195 0 255 0
-0.121991 0.942779 0.916727 0 255 0
-0.116408 0.890767 0.842860 0 255 0
-0.178122 0.896535 0.892208 0 255 0
-0.171007 0.850651 0.930781 0 255 0
-0.177132 0.869918 0.837770 0 255 0
-0.164153 0.879189 1.009768 0 255 0
-0.066383 0.933551 1.024008 0 255 0
-0.069974 0.918769 1.088797 0 255 0
-0.050842 0.919081 0.966508 0 255 0
-0.135426 0.886278 1.106342 0 255 0
-0.162626 0.998644 1.056600 0 255 0
-0.046684 0.862643 1.106477 0 255 0
-0.085480 0.967630 1.018538 0 255 0
-0.076518 0.818998 1.091462 0 255 0
-0.144181 0.948869 1.022828 0 255 0
-0.175831 0.987988 1.030080 0 255 0
-0.084397 0.946966 0.916664 0 255 0
-0.052988 0.978217 0.973324 0 255 0
-0.044159 0.984939 1.004535 0 255 0
-0.078054 0.931005 1.084370 0 255 0
-0.121006 0.880618 0.946243 0 255 0
-0.132907 0.979425 1.082034 0 255 0
-0.099663 0.916729 1.055350 0 255 0
-0.053906 0.940300 0.987741 0 255 0
-0.075980 0.907775 1.025015 0 255 0
-0.125890 0.911791 1.087034 0 255 0
-0.161989 0.918793 1.014306 0 255 0
-0.139181 0.879947 1.063447 0 255 0
-0.070623 0.895750 1.099349 0 255 0
-0.143522 0.898182 1.015879 0 255 0
-0.146877 0.856585 1.062686 0 255 0
-0.133229 0.924813 1.014840 0 255 0
-0.178344 0.922675 1.040814 0 255 0
-0.120507 0.954449 1.048217 0 255 0
-0.125396 0.950611 0.988661 0 255 0
-0.097547 0.872490 1.001313 0 255 0
-0.106804 0.915394 0.994265 0 255 0
-0.085621 0.961577 1.074655 0 255 0
-0.097647 0.881212 1.004344 0 255 0
-0.102524 0.908887 1.037815 0 255 0
-0.111725 0.918885 0.964116 0 255 0
-0.076666 0.903386 1.018156 0 255 0
-0.134513 0.944835 0.966144 0 255 0
-0.129282 0.939468 0.968010 0 255 0
-0.130127 0.937460 1.056927 0 255 0
-0.087840 0.897953 1.006324 0 255 0
-0.083777 0.937348 1.113370 0 255 0
-0.119243 0.883822 1.021975 0 255 0
-0.052004 0.908104 0.992223 0 255 0
-0.100767 0.981305 1.054881 0 255 0
-0.072294 0.920780 1.020754 0 255 0
-0.186449 0.927785 1.045333 0 255 0
-0.135899 0.872961 1.059351 0 255 0
-0.115965 0.920172 1.066282 0 255 0
-0.129540 0.890211 1.013168 0 255 0
-0.121765 0.979907 1.015703 0 255 0
-0.061450 0.956070 1.046073 0 255 0
-0.125295 0.934723 0.972320 0 255 0
-0.123304 0.892645 1.038211 0 255 0
-0.113841 0.915522 1.050888 0 255 0
-0.120330 0.989402 0.963596 0 255 0
-0.060679 0.883098 1.015151 0 255 0
-0.130653 0.954100 1.009608 0 255 0
-0.033864 0.851693 1.078331 0 255 0
-0.093791 0.939531 1.050190 0 255 0
-0.130770 0.926722 0.996496 0 255 0
-0.097173 0.946516 1.024141 0 255 0
-0.125545 0.985416 0.972805 0 255 0
-0.060085 0.962848 0.922727 0 255 0
-0.098942 0.915330 0.883187 0 255 0
-0.154208 0.905907 0.990754 0 255 0
-0.116831 0.951201 1.011199 0 255 0
-0.110724 0.845993 0.959764 0 255 0
-0.124897 0.966366 0.989401 0 255 0
-0.019425 1.012082 1.000073 0 255 0
-0.054563 0.913547 1.030022 0 255 0
-0.088714 0.900456 0.950332 0 255 0
-0.040902 0.932999 1.023446 0 255 0
-0.060927 0.864731 1.052110 0 255 0
-0.106002 0.958047 0.948509 0 255 0
-0.164945 0.935143 0.983277 0 255 0
-0.111307 0.900330 0.965215 0 255 0
-0.103602 0.868823 0.979467 0 255 0
-0.075300 0.966407 0.993318 0 255 0
-0.096716 0.951890 1.014113 0 255 0
-0.148388 0.856577 1.036528 0 255 0
-0.173716 0.895443 1.026541 0 255 0
-0.170254 0.943512 1.061957 0 255 0
-0.177541 0.918386 0.891195 0 255 0
-0.187460 0.928714 0.994474 0 255 0
-0.110238 0.921716 1.076443 0 255 0
-0.074510 0.965189 1.051349 0 255 0
-0.133912 0.879625 1.026960 0 255 0
-0.087603 1.004663 1.001407 0 255 0
-0.134952 0.903684 1.080089 0 255 0
-0.171079 0.848784 0.982239 0 255 0
-0.045266 0.874047 1.061313 0 255 0
-0.040188 0.923160 1.039191 0 255 0
-0.134071 0.907181 1.009740 0 255 0
-0.172189 0.851795 1.006021 0 255 0
-0.029687 0.935474 1.030275 0 255 0
-0.109736 0.914848 1.000644 0 255 0
-0.080251 0.935714 1.029739 0 255 0
-0.136717 0.909703 1.027978 0 255 0
-0.098026 0.898226 0.999834 0 255 0
-0.033956 0.919353 0.944346 0 255 0
-0.050149 0.922465 1.050746 0 255 0
-0.019308 0.932589 0.947404 0 255 0
-0.124978 0.950181 0.992434 0 255 0
-0.108143 0.968108 0.979437 0 255 0
-0.109168 0.929445 1.000089 0 255 0
-0.124023 0.931358 1.039367 0 255 0
-0.117420 1.008572 1.005003 0 255 0
-0.220499 0.874859 0.825436 0 255 0
-0.171691 0.864774 0.822721 0 255 0
-0.115288 0.842081 0.847772 0 255 0
-0.096835 0.865494 0.902369 0 255 0
-0.210190 0.869909 0.816780 0 255 0
-0.152766 0.856785 0.940500 0 255 0
-0.169965 0.918713 0.861246 0 255 0
-0.148682 0.836066 0.891181 0 255 0
-0.183942 0.894097 0.803828 0 255 0
-0.173288 0.905847 0.909093 0 255 0
-0.194635 0.905416 0.804656 0 255 0
-0.210389 0.879502 0.905380 0 255 0
-0.231645 0.905582 0.784094 0 255 0
-0.153438 0.838915 0.894684 0 255 0
-0.176383 0.870889 0.962797 0 255 0
-0.143635 0.879872 0.901014 0 255 0
-0.036856 0.863032 0.858335 0 255 0
-0.156636 0.902571 0.989848 0 255 0
-0.108274 0.837192 0.986302 0 255 0
-0.173947 0.875803 0.963658 0 255 0
-0.151852 0.971713 0.962729 0 255 0
-0.197756 0.933432 1.010299 0 255 0
-0.122629 0.868039 0.957365 0 255 0
-0.128190 0.947230 0.979415 0 255 0
-0.073613 0.888139 0.911413 0 255 0
-0.112781 0.957539 0.953770 0 255 0
-0.142696 0.896625 1.038821 0 255 0
-0.077119 0.985884 0.936862 0 255 0
-0.100015 0.975749 0.901552 0 255 0
-0.094650 0.947889 0.915499 0 255 0
-0.071520 0.862186 0.908278 0 255 0
-0.097882 0.899666 1.038726 0 255 0
-0.230758 0.856432 0.979705 0 255 0
-0.170248 0.957568 1.046857 0 255 0
-0.194887 0.915209 0.981833 0 255 0
-0.207928 0.933268 0.943940 0 255 0
-0.127403 0.907418 1.043197 0 255 0
-0.040931 0.996505 0.988231 0 255 0
-0.064898 0.976785 0.928743 0 255 0
-0.034846 0.988355 0.979046 0 255 0
-0.119407 0.943495 1.000535 0 255 0
-0.104946 0.908163 0.976690 0 255 0
-0.086592 0.949245 0.931942 0 255 0
-0.167763 0.973034 1.004067 0 255 0
-0.096004 0.912126 0.889729 0 255 0
-0.162144 1.001432 0.947495 0 255 0
-0.122835 0.894392 0.921486 0 255 0
-0.093419 0.919963 0.944879 0 255 0
-0.063251 0.887622 0.937924 0 255 0
-0.126178 0.952559 0.871360 0 255 0
-0.127032 0.940778 0.983622 0 255 0
-0.150694 0.900928 0.931475 0 255 0
-0.169975 0.921237 0.943835 0 255 0
-0.136025 0.982457 0.904026 0 255 0
-0.156415 1.002880 0.893793 0 255 0
-0.139937 0.962674 0.874188 0 255 0
-0.176342 0.945166 0.820025 0 255 0
-0.209483 0.985957 0.781360 0 255 0
-0.193982 0.932003 0.844305 0 255 0
-0.202310 1.019091 0.911116 0 255 0
-0.119702 0.928896 0.896180 0 255 0
-0.155221 0.946857 0.806500 0 255 0
-0.180008 0.985396 0.837649 0 255 0
-0.230653 0.938253 0.826841 0 255 0
-0.216415 0.973703 0.829609 0 255 0
-0.189898 0.953247 0.852218 0 255 0
-0.122946 0.876138 0.796132 0 255 0
-0.193041 0.907727 0.912764 0 255 0
-0.095026 0.992881 0.843941 0 255 0
-0.165858 0.964056 0.866967 0 255 0
-0.231849 0.969823 0.872977 0 255 0
-0.243239 0.918664 0.837292 0 255 0
-0.220768 0.922126 0.819225 0 255 0
-0.160939 0.917628 0.810170 0 255 0
-0.278864 0.880323 0.735428 0 255 0
-0.216421 0.854792 0.868828 0 255 0
-0.214056 0.848715 0.854268 0 255 0
-0.217688 0.944404 0.914847 0 255 0
-0.193863 0.916952 0.970896 0 255 0
-0.193331 0.833677 1.028368 0 255 0
-0.155454 0.966030 0.863642 0 255 0
-0.135962 0.789571 0.939992 0 255 0
-0.220180 0.815833 0.904630 0 255 0
-0.184143 0.898178 0.974206 0 255 0
-0.200216 0.898707 0.921297 0 255 0
-0.203613 0.950582 0.920707 0 255 0
-0.248940 0.866056 0.819761 0 255 0
-0.197364 0.872224 0.909689 0 255 0
-0.222856 0.929766 0.956784 0 255 0
-0.197302 0.902474 0.926234 0 255 0
-0.174993 0.944225 0.929239 0 255 0
-0.246526 0.941766 0.903253 0 255 0
-0.238119 0.948420 0.809792 0 255 0
-0.184615 0.999437 0.932574 0 255 0
-0.229243 0.908488 0.912400 0 255 0
-0.246038 0.944757 0.876382 0 255 0
-0.220447 0.868858 0.863457 0 255 0
-0.178118 0.886094 0.884400 0 255 0
-0.202636 0.911143 0.887334 0 255 0
-0.194202 0.880841 0.844640 0 255 0
-0.087611 0.966265 0.897715 0 255 0
-0.154382 1.014522 0.836855 0 255 0
-0.203706 0.966973 0.874010 0 255 0
-0.183234 0.973679 0.940456 0 255 0
-0.177154 1.002763 0.902418 0 255 0
-0.131854 1.017649 0.901772 0 255 0
-0.193695 0.977292 0.870500 0 255 0
-0.290386 0.951251 0.882569 0 255 0
-0.224524 0.969254 0.900130 0 255 0
-0.294909 0.928917 0.821665 0 255 0
-0.207373 0.943811 0.882460 0 255 0
-0.225602 0.895066 0.875664 0 255 0
-0.215073 0.964315 0.891304 0 255 0
-0.186129 0.822552 0.958389 0 255 0
-0.168223 0.959156 0.827067 0 255 0
-0.269005 0.927106 0.838512 0 255 0
-0.246445 0.902762 0.771560 0 255 0
-0.232696 0.870818 0.887053 0 255 0
0.009941 0.955190 0.895686 0 255 0
-0.167872 0.873724 1.028134 0 255 0
-0.087785 0.903371 0.909223 0 255 0
-0.163393 0.989835 0.939774 0 255 0
-0.155102 0.937437 0.848295 0 255 0
-0.140153 1.004537 0.904703 0 255 0
-0.147458 0.924667 1.010105 0 255 0
-0.166987 0.900528 0.933494 0 255 0
-0.191387 1.047603 0.972454 0 255 0
-0.136760 0.983155 0.997674 0 255 0
-0.180779 1.000965 0.877658 0 255 0
-0.296192 0.877776 0.847459 0 255 0
-0.193480 0.898187 0.883280 0 255 0
-0.236103 1.031187 0.848481 0 255 0
-0.170684 1.017524 0.872713 0 255 0
-0.258891 0.996340 0.890801 0 255 0
-0.131363 0.954869 0.865653 0 255 0
-0.193018 1.033436 0.882831 0 255 0
-0.207487 0.960338 0.795442 0 255 0
-0.193778 0.925873 0.860055 0 255 0
-0.196784 1.032797 0.917588 0 255 0
-0.165983 0.964959 0.868635 0 255 0
-0.224564 0.988415 0.884650 0 255 0
-0.194440 0.937853 0.820332 0 255 0
-0.258009 0.893672 0.792695 0 255 0
-0.305092 0.952488 0.814775 0 255 0
-0.157741 0.903308 0.877613 0 255 0
-0.284464 1.013128 0.815331 0 255 0
-0.206283 0.970376 0.902377 0 255 0
-0.267205 0.870967 0.923663 0 255 0
-0.246970 0.929795 0.883160 0 255 0
-0.120086 0.855383 0.857146 0 255 0
-0.116126 0.890939 0.848432 0 255 0
-0.107454 0.550626 0.719790 0 255 0
-0.063445 0.558730 0.737513 0 255 0
-0.082418 0.521416 0.792121 0 255 0
0.019461 0.186005 0.643362 0 255 0
-0.044708 0.015538 0.594626 0 255 0
-0.034666 0.029041 0.618581 0 255 0
0.055491 0.016377 0.620077 0 255 0
0.134532 0.253250 0.641328 0 255 0
0.043178 -0.132538 0.487034 0 255 0
0.016551 -0.211661 0.575424 0 255 0
0.051460 -0.400394 0.387836 0 255 0
0.033601 -0.471209 0.334437 0 255 0
0.085269 -0.432122 0.424617 0 255 0
-0.038325 -0.450478 0.404064 0 255 0
0.034595 -0.411614 0.413935 0 255 0
0.010177 -0.444200 0.352963 0 255 0
0.031405 -0.432942 0.363126 0 255 0
0.002427 -0.470026 0.357716 0 255 0
0.022423 -0.425904 0.329872 0 255 0
0.002043 -0.417663 0.401906 0 255 0
3 614 615 617
3 617 615 616
3 601 652 653
3 655 656 654
3 654 656 657
3 659 660 658
3 658 660 661
3 663 664 662
3 662 664 665
3 676 631 677
3 662 665 678
3 678 665 679
3 688 660 690
3 691 685 684
3 678 705 662
3 662 705 657
3 721 633 720
3 722 724 725
3 794 795 725
3 725 795 722
3 797 798 796
3 796 798 799
3 830 831 676
3 677 830 676
3 856 857 855
3 855 857 679
3 859 860 858
3 858 860 861
3 916 917 861
3 861 917 858
3 918 919 855
3 855 919 920
3 922 923 921
3 921 923 924
3 925 926 924
3 924 926 921
3 928 929 927
3 631 654 677
3 677 654 938
3 927 1200 1202
3 1202 1200 1201
3 860 1203 861
3 861 1203 920
3 1211 768 1212
3 1212 768 767
3 1249 1250 1248
3 1248 1250 1251
3 799 720 802
3 720 799 721
3 721 799 798
3 1264 1266 1267
3 1323 1324 630
3 630 1324 655
3 1326 1327 1325
3 1325 1327 1328
3 1333 1334 1332
3 1332 1334 1335
3 1336 1337 917
3 917 1337 858
3 1344 1345 918
3 918 1345 919
3 927 1348 1200
3 652 929 653
3 653 929 661
3 1426 615 658
3 658 615 659
3 620 1269 621
3 1448 1449 678
3 678 1449 705
3 630 655 631
3 631 655 654
3 1481 1482 663
3 663 1482 664
3 1484 1485 1483
3 1483 1485 1486
3 1491 1492 721
3 721 1492 633
3 1494 1495 1493
3 1493 1495 1496
3 917 916 1335
3 1335 916 1332
3 1758 1192 1757
3 1757 1192 690
3 1196 1423 1763
3 1336 917 1767
3 1767 917 1335
3 1768 1769 1337
3 1337 1769 858
3 1333 2823 922
3 922 2823 923
3 2825 1267 2824
3 2824 1267 1266
3 768 1211 2826
3 2826 1211 2827
3 1488 2828 2829
3 921 1328 922
3 922 1328 1327
3 1483 2830 1484
3 1484 2830 2831
3 1481 2832 1484
3 1484 2832 1485
3 1323 1492 1488
3 1488 1492 1489
3 2834 2835 2833
3 2833 2835 2836
3 1249 2837 2826
3 2826 2837 2838
3 2839 1490 2840
3 1267 2825 2841
3 2841 2825 2842
3 2843 2844 1494
3 1494 2844 1495
3 1426 2846 2845
3 2845 2846 925
3 1328 921 2848
3 2848 921 926
3 1264 1267 2851
3 2851 1267 2841
3 1490 1264 2840
3 2840 1264 2851
3 2871 1348 691
3 2839 2840 619
3 619 2840 620
3 2841 2842 794
3 794 2842 795
3 2843 894 2844
3 2847 2839 941
3 941 2839 619
3 2848 926 1201
3 1201 926 1202
3 2851 2841 1269
3 1269 2841 794
3 2840 2851 620
3 620 2851 1269
3 940 1758 941
3 941 1758 2883
3 658 928 1426
3 1426 928 2846
3 795 894 722
3 2842 2844 795
3 795 2844 894
3 2825 1495 2842
3 2842 1495 2844
3 2824 1496 2825
3 2825 1496 1495
3 1188 2835 2824
3 2824 2835 1496
3 796 890 797
3 797 890 2836
3 1779 1782 2914
3 2914 1782 2913
3 2917 2918 844
3 2920 2921 856
3 856 2921 857
3 860 2925 1203
3 831 2917 844
3 736 724 764
3 3018 3019 1248
3 1248 3019 3020
3 2914 2913 3018
3 3018 2913 3019
3 3021 2913 1782
3 2826 2838 768
3 3024 2837 3023
3 3023 2837 3020
3 3079 1200 1348
3 2914 2930 1779
3 1779 2930 2929
3 3018 3124 2914
3 2914 3124 2930
3 889 3124 2833
3 2833 3124 1251
3 3124 3018 1251
3 1251 3018 1248
3 2917 3100 2918
3 3156 3157 2926
3 2824 1266 1188
3 2826 2827 1249
3 1249 2827 1250
3 1488 2829 1323
3 1323 2829 1324
3 922 1327 1333
3 1333 1327 1334
3 1484 2831 1481
3 1481 2831 1482
3 1491 1489 1492
3 1332 1345 1333
3 1333 1345 2823
3 721 798 1491
3 663 656 1481
3 1481 656 2832
3 630 633 1323
3 1323 633 1492
3 2827 1493 1250
3 1250 1493 2834
3 1248 3020 1249
3 1249 3020 2837
3 797 2836 1188
3 1188 2836 2835
3 2837 3024 2838
3 2838 3024 3173
3 918 665 1344
3 1344 665 664
3 855 679 918
3 918 679 665
3 678 679 1448
3 1448 679 857
3 1344 664 3476
3 3476 664 1482
3 3478 2831 3477
3 3477 2831 2830
3 1448 857 2926
3 2926 857 2921
3 2926 2921 3156
3 3476 1482 3478
3 3478 1482 2831
3 662 657 663
3 663 657 656
3 654 657 938
3 938 657 705
3 938 705 939
3 939 705 1449
3 2828 1486 2829
3 2829 1486 1485
3 2829 1485 1324
3 1324 1485 2832
3 939 1449 2924
3 1324 2832 655
3 655 2832 656
3 2883 614 3480
3 3480 614 617
3 3477 2830 2845
3 2845 2830 616
3 2830 1483 616
3 616 1483 617
3 1483 1486 617
3 617 1486 3480
3 2847 3480 2828
3 2828 3480 1486
3 3124 889 2930
3 1211 1494 2827
3 2827 1494 1493
3 1250 2834 1251
3 1251 2834 2833
3 1212 2843 1211
3 1211 2843 1494
3 890 889 2836
3 2836 889 2833
3 2835 2834 1496
3 1496 2834 1493
3 861 920 916
3 916 920 919
3 3477 924 3478
3 3478 924 923
3 2845 925 3477
3 3477 925 924
3 658 661 928
3 928 661 929
3 855 920 856
3 856 920 1203
3 916 919 1332
3 1332 919 1345
3 3478 923 3476
3 3476 923 2823
3 926 925 1202
3 1202 925 2846
3 928 927 2846
3 2846 927 1202
3 856 1203 2920
3 2920 1203 2925
3 3476 2823 1344
3 1344 2823 1345
3 1757 690 659
3 659 690 660
3 601 653 670
3 688 690 1191
3 1191 690 1192
3 1757 659 614
3 614 659 615
3 940 1193 1758
3 1758 1193 1192
3 614 2883 1757
3 1757 2883 1758
3 3480 2847 2883
3 2883 2847 941
3 2845 616 1426
3 1426 616 615
3 1336 1767 3500
3 3500 1767 3501
3 3019 3502 3020
3 3020 3502 3023
3 858 1769 859
3 859 1769 3503
3 1335 3504 1767
3 1767 3504 3501
3 1336 3500 1337
3 1337 3500 1768
3 3025 3505 751
3 859 3503 2922
3 2922 3503 3507
3 1782 1784 3021
3 2922 3507 3152
3 1334 1327 3509
3 3509 1327 1326
3 1335 1334 3504
3 3504 1334 3509
3 2848 3511 1328
3 1328 3511 1325
3 1201 1330 2848
3 2848 1330 3511
3 4089 4087 4088
3 4102 4103 4105
3 4105 4103 4104
3 4107 4108 4106
3 4119 4120 4118
3 4118 4120 4121
3 4135 4107 4134
3 4134 4107 4106
3 4140 4141 4087
3 4087 4141 4088
3 4147 4148 4146
3 4146 4148 4149
3 4165 4121 4164
3 4164 4121 4120
3 4167 4151 4166
3 4177 4148 4176
3 4120 4119 4208
3 4208 4119 4209
3 4211 4282 4283
3 4164 4120 4288
3 4288 4120 4208
3 4290 4285 4289
3 4289 4285 4284
3 4288 4316 4164
3 4164 4316 4317
3 4289 4330 4290
3 4164 4317 4165
3 4345 4346 4344
3 4374 4375 4376
3 4344 4402 4345
3 4345 4402 4403
3 4404 4405 4341
3 4341 4405 4406
3 4408 4409 4407
3 4407 4409 4410
3 4407 4411 4408
3 4408 4411 4412
3 4180 4414 4413
3 4413 4414 4415
3 4426 4106 4427
3 4287 4674 4675
3 4677 4678 4676
3 4676 4678 4679
3 4680 4677 4681
3 4681 4677 4676
3 4681 4682 4680
3 4680 4682 4683
3 4413 4686 4688
3 4688 4686 4687
3 4404 4689 4345
3 4345 4689 4346
3 4732 4733 4731
3 4731 4733 4734
3 4288 4208 4290
3 4290 4208 4285
3 4209 4285 4208
3 4748 4749 4747
3 4747 4749 4750
3 4211 4283 4751
3 4751 4283 4752
3 4751 4753 4211
3 4211 4753 4212
3 4145 4803 4118
3 4118 4803 4804
3 4805 4806 1325
3 1325 4806 1326
3 4809 4810 4808
3 4808 4810 4811
3 4812 4402 4813
3 4813 4402 4344
3 4405 4820 4406
3 4406 4820 4821
3 4180 4413 4824
3 4824 4413 4688
3 4141 4140 4414
3 4414 4140 4147
3 4157 4156 4893
3 4099 4682 4681
3 4149 4105 4146
3 4146 4105 4899
3 4099 4681 4897
3 4897 4681 4676
3 4176 4157 4679
3 4679 4157 4893
3 4107 4135 4751
3 4751 4135 4753
3 4751 4752 4107
3 4107 4752 4108
3 4193 4921 4166
3 4121 4145 4118
3 4152 4953 4153
3 4153 4953 4954
3 4956 4957 4955
3 4955 4957 4958
3 4959 4961 4962
3 4119 4963 4209
3 4209 4963 4964
3 4966 4967 4965
3 4965 4967 4968
3 4808 4403 4809
3 4809 4403 4402
3 4177 4678 5224
3 5224 4678 5225
3 4680 4426 4677
3 4809 4402 5234
3 5234 4402 4812
3 4344 1769 4813
3 4813 1769 1768
3 4409 6284 4410
3 4410 6284 4811
3 4749 4748 6285
3 6285 4748 6286
3 6288 4694 6287
3 6287 4694 4254
3 4749 4674 4750
3 4750 4674 4964
3 6289 6290 4962
3 4962 6290 4959
3 4806 4805 4410
3 4410 4805 4407
3 6291 6292 4958
3 4958 6292 4955
3 4957 6293 4958
3 4958 6293 4954
3 4961 4963 4962
3 4962 4963 4804
3 6295 6296 6294
3 6294 6296 6297
3 6298 6299 6287
3 6287 6299 4734
3 6303 6286 6302
3 6302 6286 4748
3 4967 6304 4968
3 4968 6304 6305
3 4412 6307 6306
3 6306 6307 4899
3 6300 4959 6308
3 6308 4959 6290
3 4411 4407 6309
3 6309 4407 4805
3 6302 4748 6312
3 6312 4748 4747
3 4179 4737 4172
3 4180 4824 4179
3 4179 4824 6331
3 4282 6303 4283
3 4283 6303 6302
3 6304 4378 6305
3 6305 4378 4377
3 4427 6300 6308
3 6309 4687 4411
3 4411 4687 4686
3 4283 6302 4752
3 4752 6302 6312
3 4752 6312 4108
3 6342 5225 4427
3 4427 5225 4426
3 4146 4899 4415
3 4415 4899 6307
3 4378 6304 4282
3 4282 6304 6303
3 6304 4967 6303
3 6303 4967 6286
3 4967 4966 6286
3 6286 4966 6285
3 4966 6296 6285
3 6285 6296 4675
3 6295 4375 4287
3 4287 4375 4284
3 5245 6372 6373
3 4316 6374 4317
3 4689 6384 4346
3 4346 6384 6381
3 4316 6377 6374
3 6387 6388 4374
3 4374 6388 6389
3 4250 4213 4212
3 6472 6473 4731
3 5245 6373 3021
3 4254 6298 6287
3 6472 6299 3023
3 3023 6299 3024
3 4824 4688 3079
3 6387 6545 6372
3 4732 6545 6294
3 6294 6545 4376
3 6371 6389 6544
3 6544 6389 6388
3 6380 6566 6567
3 6386 6572 6573
3 6544 6388 5247
3 4674 4749 4675
3 4675 4749 6285
3 4733 6288 4734
3 4734 6288 6287
3 4803 6289 4804
3 4804 6289 4962
3 4810 4806 4811
3 4811 4806 4410
3 4953 6291 4954
3 4954 6291 4958
3 4963 4961 4964
3 4964 4961 4750
3 6284 4820 4811
3 4811 4820 4808
3 6293 4144 4954
3 4954 4144 4153
3 4963 4119 4804
3 4804 4119 4118
3 6297 4965 4733
3 4733 4965 6288
3 6299 6472 4734
3 4734 6472 4731
3 6296 6295 4675
3 4675 6295 4287
3 5264 6566 6573
3 3173 3024 6298
3 6298 3024 6299
3 4152 4151 4821
3 4821 4151 4406
3 4151 4167 4406
3 4406 4167 4341
3 4953 4152 6874
3 6874 4152 4821
3 6292 6291 6875
3 6875 6291 6876
3 6291 4953 6876
3 6876 4953 6874
3 4144 4143 4153
3 4193 4143 4424
3 4957 4956 6289
3 6289 4956 6290
3 6293 4957 4803
3 4803 4957 6289
3 4144 6293 4145
3 4145 6293 4803
3 4104 6292 6306
3 6306 6292 6875
3 4103 4955 4104
3 4104 4955 6292
3 4955 4103 4956
3 4374 4376 6387
3 6387 4376 6545
3 4965 4968 6288
3 6288 4968 4694
3 6294 6297 4732
3 4732 6297 4733
3 4968 6305 4694
3 6294 4376 6295
3 6295 4376 4375
3 4965 6297 4966
3 4966 6297 6296
3 4429 4089 4174
3 4174 4089 4088
3 4405 4404 4403
3 4403 4404 4345
3 4409 4408 6876
3 6876 4408 6875
3 4408 4412 6875
3 6875 4412 6306
3 4414 4147 4415
3 4415 4147 4146
3 4820 4405 4808
3 4808 4405 4403
3 4180 4141 4414
3 5265 4692 5268
3 6284 4409 6874
3 6874 4409 6876
3 6307 4412 4686
3 4686 4412 4411
3 4415 6307 4413
3 4413 6307 4686
3 6384 4689 6380
3 6567 6384 6380
3 4820 6284 4821
3 4821 6284 6874
3 4148 4177 4149
3 4149 4177 5224
3 4158 4140 4087
3 4678 4177 4679
3 4679 4177 4176
3 4105 4149 4102
3 4102 4149 5224
3 4679 4893 4676
3 4676 4893 4897
3 4678 4677 5225
3 5225 4677 4426
3 5225 6342 5224
3 5224 6342 4102
3 6308 6342 4427
3 4105 4104 4899
3 4899 4104 6306
3 3501 5234 3500
3 3500 5234 4812
3 3023 3502 6472
3 6472 3502 6473
3 3501 3504 5234
3 5234 3504 4809
3 1768 3500 4813
3 4813 3500 4812
3 3507 3503 6382
3 3021 1784 5245
3 6569 3507 6382
3 1326 4806 3509
3 3509 4806 4810
3 3509 4810 3504
3 3504 4810 4809
3 1325 3511 4805
3 4805 3511 6309
3 3511 1330 6309
3 6309 1330 4687
